family_name,raw_label,canonical_label,material,indice_refracao,base_price,cost_price,compatible_treatments,source_page_reference,confidence_level,section_name,subsection_name,availability_text,cost_hint,page_group,label_disambiguation_basis,is_atomic_offer
Quantum A.I.,1.53 Incolor,Quantum A.I. 1.53 Incolor,Resina,1.53,4960.0,1240.0,"Sigma Blue=5832.0|cost=1458.0, Sigma Supreme=6200.0|cost=1550.0, Sigma Premium=5680.0|cost=1420.0, Sigma Light=5368.0|cost=1342.0",Pagina 7,0.72,,1.53,,,,,False
Quantum A.I.,1.53 Incolor Antirreﬂexo Externo,Quantum A.I. 1.53 Incolor Antirreﬂexo Externo,Resina,1.53,5000.0,1250.0,,Pagina 7,0.72,,1.53,,,,,False
Quantum A.I.,1.53 Blue UV,Quantum A.I. 1.53 Blue UV,Resina,1.53,4980.0,1245.0,"Sigma Blue=5852.0|cost=1463.0, Sigma Supreme=6220.0|cost=1555.0, Sigma Premium=5700.0|cost=1425.0, Sigma Light=5388.0|cost=1347.0",Pagina 7,0.72,,1.53,,,,,False
Quantum A.I.,1.56 Blue UV Antirreﬂexo Externo,Quantum A.I. 1.56 Blue UV Antirreﬂexo Externo,Resina,1.56,5200.0,1300.0,,Pagina 7,0.72,,1.56,,,,,False
Quantum A.I.,1.56 Fotossensível,Quantum A.I. 1.56 Fotossensível,Resina,1.56,4840.0,1210.0,"Sigma Blue=5712.0|cost=1428.0, Sigma Supreme=6080.0|cost=1520.0, Sigma Premium=5560.0|cost=1390.0, Sigma Light=5248.0|cost=1312.0",Pagina 7,0.72,,1.56,,,,,False
Quantum A.I.,1.56 Fotossensível Blue UV,Quantum A.I. 1.56 Fotossensível Blue UV,Resina,1.56,5360.0,1340.0,"Sigma Blue=6232.0|cost=1558.0, Sigma Supreme=6600.0|cost=1650.0, Sigma Premium=6080.0|cost=1520.0, Sigma Light=5768.0|cost=1442.0",Pagina 7,0.72,,1.56,,,,,False
Quantum A.I.,1.56 Fotossensível Antirreﬂexo Externo,Quantum A.I. 1.56 Fotossensível Antirreﬂexo Externo,Resina,1.56,4920.0,1230.0,,Pagina 7,0.72,,1.56,,,,,False
Quantum A.I.,1.56 Fotossensível Blue Antirreﬂexo Externo,Quantum A.I. 1.56 Fotossensível Blue Antirreﬂexo Externo,Resina,1.56,4980.0,1245.0,,Pagina 7,0.72,,1.56,,,,,False
Quantum A.I.,1.59 Incolor,Quantum A.I. 1.59 Incolor,Policarbonato,1.59,5200.0,1300.0,"Sigma Blue=6072.0|cost=1518.0, Sigma Supreme=6440.0|cost=1610.0, Sigma Premium=5920.0|cost=1480.0, Sigma Light=5608.0|cost=1402.0",Pagina 7,0.72,,1.59,,,,,False
Quantum A.I.,1.59 Blue UV,Quantum A.I. 1.59 Blue UV,Policarbonato,1.59,5320.0,1330.0,"Sigma Blue=6192.0|cost=1548.0, Sigma Supreme=6560.0|cost=1640.0, Sigma Premium=6040.0|cost=1510.0, Sigma Light=5728.0|cost=1432.0",Pagina 7,0.72,,1.59,,,,,False
Quantum A.I.,1.60 Blue UV Antirreﬂexo Externo,Quantum A.I. 1.60 Blue UV Antirreﬂexo Externo,Resina,1.6,5560.0,1390.0,,Pagina 7,0.72,,1.60,,,,,False
Quantum A.I.,1.60 Fotossensível,Quantum A.I. 1.60 Fotossensível,Resina,1.6,5660.0,1415.0,"Sigma Blue=6532.0|cost=1633.0, Sigma Supreme=6900.0|cost=1725.0, Sigma Premium=6380.0|cost=1595.0, Sigma Light=6068.0|cost=1517.0",Pagina 7,0.72,,1.60,,,,,False
Quantum A.I.,1.67 Fotossensível Antirreﬂexo Externo,Quantum A.I. 1.67 Fotossensível Antirreﬂexo Externo,Resina,1.67,6880.0,1720.0,,Pagina 7,0.72,,1.67,,,,,False
Quantum A.I.,1.60 Fotossensível Blue UV,Quantum A.I. 1.60 Fotossensível Blue UV,Resina,1.6,6180.0,1545.0,"Sigma Blue=7052.0|cost=1763.0, Sigma Supreme=7420.0|cost=1855.0, Sigma Premium=6900.0|cost=1725.0, Sigma Light=6588.0|cost=1647.0",Pagina 7,0.72,,1.60,,,,,False
Quantum A.I.,1.60 Incolor,Quantum A.I. 1.60 Incolor,Resina,1.6,5760.0,1440.0,"Sigma Blue=6632.0|cost=1658.0, Sigma Supreme=7000.0|cost=1750.0, Sigma Premium=6480.0|cost=1620.0, Sigma Light=6168.0|cost=1542.0",Pagina 7,0.72,,1.60,,,,,False
Quantum A.I.,1.60 Incolor Antirreﬂexo Externo,Quantum A.I. 1.60 Incolor Antirreﬂexo Externo,Resina,1.6,5980.0,1495.0,,Pagina 7,0.72,,1.60,,,,,False
Quantum A.I.,1.60 Blue UV,Quantum A.I. 1.60 Blue UV,Resina,1.6,5760.0,1440.0,"Sigma Blue=6632.0|cost=1658.0, Sigma Supreme=7000.0|cost=1750.0, Sigma Premium=6480.0|cost=1620.0, Sigma Light=6168.0|cost=1542.0",Pagina 7,0.72,,1.60,,,,,False
Quantum A.I.,1.67 Blue UV Antirreﬂexo Externo,Quantum A.I. 1.67 Blue UV Antirreﬂexo Externo,Resina,1.67,5980.0,1495.0,,Pagina 7,0.72,,1.67,,,,,False
Quantum A.I.,1.67 Fotossensível,Quantum A.I. 1.67 Fotossensível,Resina,1.67,6540.0,1635.0,"Sigma Blue=7412.0|cost=1853.0, Sigma Supreme=7780.0|cost=1945.0, Sigma Premium=7260.0|cost=1815.0, Sigma Light=6948.0|cost=1737.0",Pagina 7,0.72,,1.67,,,,,False
Quantum A.I.,1.67 Fotossensível Blue UV,Quantum A.I. 1.67 Fotossensível Blue UV,Resina,1.67,7080.0,1770.0,"Sigma Blue=7952.0|cost=1988.0, Sigma Supreme=8320.0|cost=2080.0, Sigma Premium=7800.0|cost=1950.0, Sigma Light=7488.0|cost=1872.0",Pagina 7,0.72,,1.67,,,,,False
Quantum A.I.,1.67 Photofusion,Quantum A.I. 1.67 Photofusion,Resina,1.67,8460.0,2115.0,"Sigma Blue=9332.0|cost=2333.0, Sigma Supreme=9700.0|cost=2425.0, Sigma Premium=9180.0|cost=2295.0, Sigma Light=8868.0|cost=2217.0",Pagina 7,0.72,,1.67,,,,,False
Quantum A.I.,1.67 Transitions Cinza,Quantum A.I. 1.67 Transitions Cinza,Resina,1.67,8480.0,2120.0,"Sigma Blue=9352.0|cost=2338.0, Sigma Supreme=9720.0|cost=2430.0, Sigma Premium=9200.0|cost=2300.0, Sigma Light=8888.0|cost=2222.0",Pagina 7,0.72,,1.67,,,,,False
Quantum A.I.,1.67 Incolor,Quantum A.I. 1.67 Incolor,Resina,1.67,6500.0,1625.0,"Sigma Blue=7372.0|cost=1843.0, Sigma Supreme=7740.0|cost=1935.0, Sigma Premium=7220.0|cost=1805.0, Sigma Light=6908.0|cost=1727.0",Pagina 7,0.72,,1.67,,,,,False
Quantum A.I.,1.74 Blue UV,Quantum A.I. 1.74 Blue UV,Resina,1.74,6880.0,1720.0,"Sigma Blue=7752.0|cost=1938.0, Sigma Supreme=8120.0|cost=2030.0, Sigma Premium=7600.0|cost=1900.0, Sigma Light=7288.0|cost=1822.0",Pagina 7,0.72,,1.74,,,,,False
Quantum A.I.,1.74 Fotossensível,Quantum A.I. 1.74 Fotossensível,Resina,1.74,8240.0,2060.0,"Sigma Blue=9112.0|cost=2278.0, Sigma Supreme=9480.0|cost=2370.0, Sigma Premium=8960.0|cost=2240.0, Sigma Light=8648.0|cost=2162.0",Pagina 7,0.72,,1.74,,,,,False
Quantum A.I.,1.74 Transitions Cinza,Quantum A.I. 1.74 Transitions Cinza,Resina,1.74,10840.0,2710.0,"Sigma Blue=11712.0|cost=2928.0, Sigma Supreme=12080.0|cost=3020.0, Sigma Premium=11560.0|cost=2890.0, Sigma Light=11248.0|cost=2812.0",Pagina 7,0.72,,1.74,,,,,False
Gamavision 4K,1.53 Incolor,Gamavision 4K 1.53 Incolor,Resina,1.53,3040.0,760.0,"Sigma Blue=3912.0|cost=978.0, Sigma Supreme=4280.0|cost=1070.0, Sigma Premium=3760.0|cost=940.0, Sigma Light=3448.0|cost=862.0",Pagina 8,0.72,,1.53,,,,,False
Gamavision 4K,1.53 Incolor Antirreﬂexo Externo,Gamavision 4K 1.53 Incolor Antirreﬂexo Externo,Resina,1.53,2980.0,745.0,"Sigma Blue=3852.0|cost=963.0, Sigma Supreme=4220.0|cost=1055.0, Sigma Premium=3700.0|cost=925.0, Sigma Light=3388.0|cost=847.0",Pagina 8,0.72,,1.53,,,,,False
Gamavision 4K,1.53 Blue UV,Gamavision 4K 1.53 Blue UV,Resina,1.53,3040.0,760.0,"Sigma Blue=3912.0|cost=978.0, Sigma Supreme=4280.0|cost=1070.0, Sigma Premium=3760.0|cost=940.0, Sigma Light=3448.0|cost=862.0",Pagina 8,0.72,,1.53,,,,,False
Gamavision 4K,1.56 Blue UV Antirreﬂexo Externo,Gamavision 4K 1.56 Blue UV Antirreﬂexo Externo,Resina,1.56,3200.0,800.0,"Sigma Blue=4072.0|cost=1018.0, Sigma Supreme=4440.0|cost=1110.0, Sigma Premium=3920.0|cost=980.0, Sigma Light=3608.0|cost=902.0",Pagina 8,0.72,,1.56,,,,,False
Gamavision 4K,1.56 Fotossensível,Gamavision 4K 1.56 Fotossensível,Resina,1.56,2920.0,730.0,"Sigma Blue=3792.0|cost=948.0, Sigma Supreme=4160.0|cost=1040.0, Sigma Premium=3640.0|cost=910.0, Sigma Light=3328.0|cost=832.0",Pagina 8,0.72,,1.56,,,,,False
Gamavision 4K,1.56 Fotossensível Blue UV,Gamavision 4K 1.56 Fotossensível Blue UV,Resina,1.56,3320.0,830.0,"Sigma Blue=4192.0|cost=1048.0, Sigma Supreme=4560.0|cost=1140.0, Sigma Premium=4040.0|cost=1010.0, Sigma Light=3728.0|cost=932.0",Pagina 8,0.72,,1.56,,,,,False
Gamavision 4K,1.56 Fotossensível Antirreﬂexo Externo,Gamavision 4K 1.56 Fotossensível Antirreﬂexo Externo,Resina,1.56,3000.0,750.0,"Sigma Blue=3872.0|cost=968.0, Sigma Supreme=4240.0|cost=1060.0, Sigma Premium=3720.0|cost=930.0, Sigma Light=3408.0|cost=852.0",Pagina 8,0.72,,1.56,,,,,False
Gamavision 4K,1.56 Fotossensível Blue Antirreﬂexo Externo,Gamavision 4K 1.56 Fotossensível Blue Antirreﬂexo Externo,Resina,1.56,3040.0,760.0,"Sigma Blue=3912.0|cost=978.0, Sigma Supreme=4280.0|cost=1070.0, Sigma Premium=3760.0|cost=940.0, Sigma Light=3448.0|cost=862.0",Pagina 8,0.72,,1.56,,,,,False
Gamavision 4K,1.59 Incolor,Gamavision 4K 1.59 Incolor,Policarbonato,1.59,3220.0,805.0,"Sigma Blue=4092.0|cost=1023.0, Sigma Supreme=4460.0|cost=1115.0, Sigma Premium=3940.0|cost=985.0, Sigma Light=3628.0|cost=907.0",Pagina 8,0.72,,1.59,,,,,False
Gamavision 4K,1.59 Blue UV,Gamavision 4K 1.59 Blue UV,Policarbonato,1.59,3300.0,825.0,"Sigma Blue=4172.0|cost=1043.0, Sigma Supreme=4540.0|cost=1135.0, Sigma Premium=4020.0|cost=1005.0, Sigma Light=3708.0|cost=927.0",Pagina 8,0.72,,1.59,,,,,False
Gamavision 4K,1.60 Blue UV Antirreﬂexo Externo,Gamavision 4K 1.60 Blue UV Antirreﬂexo Externo,Resina,1.6,3480.0,870.0,"Sigma Blue=4352.0|cost=1088.0, Sigma Supreme=4720.0|cost=1180.0, Sigma Premium=4200.0|cost=1050.0, Sigma Light=3888.0|cost=972.0",Pagina 8,0.72,,1.60,,,,,False
Gamavision 4K,1.60 Fotossensível,Gamavision 4K 1.60 Fotossensível,Resina,1.6,3560.0,890.0,"Sigma Blue=4432.0|cost=1108.0, Sigma Supreme=4800.0|cost=1200.0, Sigma Premium=4280.0|cost=1070.0, Sigma Light=3968.0|cost=992.0",Pagina 8,0.72,,1.60,,,,,False
Gamavision 4K,1.60 Fotossensível Blue UV,Gamavision 4K 1.60 Fotossensível Blue UV,Resina,1.6,3960.0,990.0,"Sigma Blue=4832.0|cost=1208.0, Sigma Supreme=5200.0|cost=1300.0, Sigma Premium=4680.0|cost=1170.0, Sigma Light=4368.0|cost=1092.0",Pagina 8,0.72,,1.60,,,,,False
Gamavision 4K,1.60 Incolor,Gamavision 4K 1.60 Incolor,Resina,1.6,3640.0,910.0,"Sigma Blue=4512.0|cost=1128.0, Sigma Supreme=4880.0|cost=1220.0, Sigma Premium=4360.0|cost=1090.0, Sigma Light=4048.0|cost=1012.0",Pagina 8,0.72,,1.60,,,,,False
Gamavision 4K,1.60 Incolor Antirreﬂexo Externo,Gamavision 4K 1.60 Incolor Antirreﬂexo Externo,Resina,1.6,3800.0,950.0,"Sigma Blue=4672.0|cost=1168.0, Sigma Supreme=5040.0|cost=1260.0, Sigma Premium=4520.0|cost=1130.0, Sigma Light=4208.0|cost=1052.0",Pagina 8,0.72,,1.60,,,,,False
Gamavision 4K,1.60 Blue UV,Gamavision 4K 1.60 Blue UV,Resina,1.6,3640.0,910.0,"Sigma Blue=4512.0|cost=1128.0, Sigma Supreme=4880.0|cost=1220.0, Sigma Premium=4360.0|cost=1090.0, Sigma Light=4048.0|cost=1012.0",Pagina 8,0.72,,1.60,,,,,False
Gamavision 4K,1.67 Blue UV Antirreﬂexo Externo,Gamavision 4K 1.67 Blue UV Antirreﬂexo Externo,Resina,1.67,3800.0,950.0,"Sigma Blue=4672.0|cost=1168.0, Sigma Supreme=5040.0|cost=1260.0, Sigma Premium=4520.0|cost=1130.0, Sigma Light=4208.0|cost=1052.0",Pagina 8,0.72,,1.67,,,,,False
Gamavision 4K,1.67 Fotossensível,Gamavision 4K 1.67 Fotossensível,Resina,1.67,4232.0,1058.0,"Sigma Blue=5104.0|cost=1276.0, Sigma Supreme=5472.0|cost=1368.0, Sigma Premium=4952.0|cost=1238.0, Sigma Light=4640.0|cost=1160.0",Pagina 8,0.72,,1.67,,,,,False
Gamavision 4K,1.67 Fotossensível Antirreﬂexo Externo,Gamavision 4K 1.67 Fotossensível Antirreﬂexo Externo,Resina,1.67,4480.0,1120.0,"Sigma Blue=5352.0|cost=1338.0, Sigma Supreme=5720.0|cost=1430.0, Sigma Premium=5200.0|cost=1300.0, Sigma Light=4888.0|cost=1222.0",Pagina 8,0.72,,1.67,,,,,False
Gamavision 4K,1.67 Fotossensível Blue UV,Gamavision 4K 1.67 Fotossensível Blue UV,Resina,1.67,4632.0,1158.0,"Sigma Blue=5504.0|cost=1376.0, Sigma Supreme=5872.0|cost=1468.0, Sigma Premium=5352.0|cost=1338.0, Sigma Light=5040.0|cost=1260.0",Pagina 8,0.72,,1.67,,,,,False
Gamavision 4K,1.67 Photofusion,Gamavision 4K 1.67 Photofusion,Resina,1.67,5684.0,1421.0,"Sigma Blue=6556.0|cost=1639.0, Sigma Supreme=6924.0|cost=1731.0, Sigma Premium=6404.0|cost=1601.0, Sigma Light=6092.0|cost=1523.0",Pagina 8,0.72,,1.67,,,,,False
Gamavision 4K,1.67 Transitions Cinza,Gamavision 4K 1.67 Transitions Cinza,Resina,1.67,5684.0,1421.0,"Sigma Blue=6556.0|cost=1639.0, Sigma Supreme=6924.0|cost=1731.0, Sigma Premium=6404.0|cost=1601.0, Sigma Light=6092.0|cost=1523.0",Pagina 8,0.72,,1.67,,,,,False
Gamavision 4K,1.67 Incolor,Gamavision 4K 1.67 Incolor,Resina,1.67,4200.0,1050.0,"Sigma Blue=5072.0|cost=1268.0, Sigma Supreme=5440.0|cost=1360.0, Sigma Premium=4920.0|cost=1230.0, Sigma Light=4608.0|cost=1152.0",Pagina 8,0.72,,1.67,,,,,False
Gamavision 4K,1.74 Blue UV,Gamavision 4K 1.74 Blue UV,Resina,1.74,4480.0,1120.0,"Sigma Blue=5352.0|cost=1338.0, Sigma Supreme=5720.0|cost=1430.0, Sigma Premium=5200.0|cost=1300.0, Sigma Light=4888.0|cost=1222.0",Pagina 8,0.72,,1.74,,,,,False
Gamavision 4K,1.74 Fotossensível,Gamavision 4K 1.74 Fotossensível,Resina,1.74,5520.0,1380.0,"Sigma Blue=6392.0|cost=1598.0, Sigma Supreme=6760.0|cost=1690.0, Sigma Premium=6240.0|cost=1560.0, Sigma Light=5928.0|cost=1482.0",Pagina 8,0.72,,1.74,,,,,False
Gamavision 4K,1.74 Transitions Cinza,Gamavision 4K 1.74 Transitions Cinza,Resina,1.74,7484.0,1871.0,"Sigma Blue=8356.0|cost=2089.0, Sigma Supreme=8724.0|cost=2181.0, Sigma Premium=8204.0|cost=2051.0, Sigma Light=7892.0|cost=1973.0",Pagina 8,0.72,,1.74,,,,,False
Gamavision Pro Individual,1.53 Incolor,Gamavision Pro Individual 1.53 Incolor,Resina,1.53,2425.0,485.0,"Sigma Blue=3515.0|cost=703.0, Sigma Supreme=3975.0|cost=795.0, Sigma Premium=3325.0|cost=665.0, Sigma Light=2935.0|cost=587.0",Pagina 9,0.72,,1.53,,,,,False
Gamavision Pro Individual,1.53 Incolor Antirreﬂexo Externo,Gamavision Pro Individual 1.53 Incolor Antirreﬂexo Externo,Resina,1.53,2300.0,460.0,"Sigma Blue=3390.0|cost=678.0, Sigma Supreme=3850.0|cost=770.0, Sigma Premium=3200.0|cost=640.0, Sigma Light=2810.0|cost=562.0",Pagina 9,0.72,,1.53,,,,,False
Gamavision Pro Individual,1.53 Blue UV,Gamavision Pro Individual 1.53 Blue UV,Resina,1.53,2300.0,460.0,"Sigma Blue=3390.0|cost=678.0, Sigma Supreme=3850.0|cost=770.0, Sigma Premium=3200.0|cost=640.0, Sigma Light=2810.0|cost=562.0",Pagina 9,0.72,,1.53,,,,,False
Gamavision Pro Individual,1.56 Blue UV Antirreﬂexo Externo,Gamavision Pro Individual 1.56 Blue UV Antirreﬂexo Externo,Resina,1.56,2500.0,500.0,"Sigma Blue=3590.0|cost=718.0, Sigma Supreme=4050.0|cost=810.0, Sigma Premium=3400.0|cost=680.0, Sigma Light=3010.0|cost=602.0",Pagina 9,0.72,,1.56,,,,,False
Gamavision Pro Individual,1.56 Fotossensível,Gamavision Pro Individual 1.56 Fotossensível,Resina,1.56,2625.0,525.0,"Sigma Blue=3715.0|cost=743.0, Sigma Supreme=4175.0|cost=835.0, Sigma Premium=3525.0|cost=705.0, Sigma Light=3135.0|cost=627.0",Pagina 9,0.72,,1.56,,,,,False
Gamavision Pro Individual,1.56 Fotossensível Blue UV,Gamavision Pro Individual 1.56 Fotossensível Blue UV,Resina,1.56,3050.0,610.0,"Sigma Blue=4140.0|cost=828.0, Sigma Supreme=4600.0|cost=920.0, Sigma Premium=3950.0|cost=790.0, Sigma Light=3560.0|cost=712.0",Pagina 9,0.72,,1.56,,,,,False
Gamavision Pro Individual,1.56 Fotossensível Antirreﬂexo Externo,Gamavision Pro Individual 1.56 Fotossensível Antirreﬂexo Externo,Resina,1.56,2725.0,545.0,"Sigma Blue=3815.0|cost=763.0, Sigma Supreme=4275.0|cost=855.0, Sigma Premium=3625.0|cost=725.0, Sigma Light=3235.0|cost=647.0",Pagina 9,0.72,,1.56,,,,,False
Gamavision Pro Individual,1.56 Fotossensível Blue Antirreﬂexo Externo,Gamavision Pro Individual 1.56 Fotossensível Blue Antirreﬂexo Externo,Resina,1.56,3250.0,650.0,"Sigma Blue=4340.0|cost=868.0, Sigma Supreme=4800.0|cost=960.0, Sigma Premium=4150.0|cost=830.0, Sigma Light=3760.0|cost=752.0",Pagina 9,0.72,,1.56,,,,,False
Gamavision Pro Individual,1.59 Incolor,Gamavision Pro Individual 1.59 Incolor,Policarbonato,1.59,2575.0,515.0,"Sigma Blue=3665.0|cost=733.0, Sigma Supreme=4125.0|cost=825.0, Sigma Premium=3475.0|cost=695.0, Sigma Light=3085.0|cost=617.0",Pagina 9,0.72,,1.59,,,,,False
Gamavision Pro Individual,1.59 Blue UV,Gamavision Pro Individual 1.59 Blue UV,Policarbonato,1.59,2700.0,540.0,"Sigma Blue=3790.0|cost=758.0, Sigma Supreme=4250.0|cost=850.0, Sigma Premium=3600.0|cost=720.0, Sigma Light=3210.0|cost=642.0",Pagina 9,0.72,,1.59,,,,,False
Gamavision Pro Individual,1.60 Blue UV Antirreﬂexo Externo,Gamavision Pro Individual 1.60 Blue UV Antirreﬂexo Externo,Resina,1.6,2925.0,585.0,"Sigma Blue=4015.0|cost=803.0, Sigma Supreme=4475.0|cost=895.0, Sigma Premium=3825.0|cost=765.0, Sigma Light=3435.0|cost=687.0",Pagina 9,0.72,,1.60,,,,,False
Gamavision Pro Individual,1.60 Fotossensível,Gamavision Pro Individual 1.60 Fotossensível,Resina,1.6,3500.0,700.0,"Sigma Blue=4590.0|cost=918.0, Sigma Supreme=5050.0|cost=1010.0, Sigma Premium=4400.0|cost=880.0, Sigma Light=4010.0|cost=802.0",Pagina 9,0.72,,1.60,,,,,False
Gamavision Pro Individual,1.60 Fotossensível Blue UV,Gamavision Pro Individual 1.60 Fotossensível Blue UV,Resina,1.6,3825.0,765.0,"Sigma Blue=4915.0|cost=983.0, Sigma Supreme=5375.0|cost=1075.0, Sigma Premium=4725.0|cost=945.0, Sigma Light=4335.0|cost=867.0",Pagina 9,0.72,,1.60,,,,,False
Gamavision Pro Individual,1.60 Incolor,Gamavision Pro Individual 1.60 Incolor,Resina,1.6,3250.0,650.0,"Sigma Blue=4340.0|cost=868.0, Sigma Supreme=4800.0|cost=960.0, Sigma Premium=4150.0|cost=830.0, Sigma Light=3760.0|cost=752.0",Pagina 9,0.72,,1.60,,,,,False
Gamavision Pro Individual,1.60 Incolor Antirreﬂexo Externo,Gamavision Pro Individual 1.60 Incolor Antirreﬂexo Externo,Resina,1.6,3475.0,695.0,"Sigma Blue=4565.0|cost=913.0, Sigma Supreme=5025.0|cost=1005.0, Sigma Premium=4375.0|cost=875.0, Sigma Light=3985.0|cost=797.0",Pagina 9,0.72,,1.60,,,,,False
Gamavision Pro Individual,1.60 Blue UV,Gamavision Pro Individual 1.60 Blue UV,Resina,1.6,5500.0,1100.0,"Sigma Blue=6590.0|cost=1318.0, Sigma Supreme=7050.0|cost=1410.0, Sigma Premium=6400.0|cost=1280.0, Sigma Light=6010.0|cost=1202.0",Pagina 9,0.72,,1.60,,,,,False
Gamavision Pro Individual,1.67 Blue UV Antirreﬂexo Externo,Gamavision Pro Individual 1.67 Blue UV Antirreﬂexo Externo,Resina,1.67,3475.0,695.0,"Sigma Blue=4565.0|cost=913.0, Sigma Supreme=5025.0|cost=1005.0, Sigma Premium=4375.0|cost=875.0, Sigma Light=3985.0|cost=797.0",Pagina 9,0.72,,1.67,,,,,False
Gamavision Pro Individual,1.67 Fotossensível,Gamavision Pro Individual 1.67 Fotossensível,Resina,1.67,4425.0,885.0,"Sigma Blue=5515.0|cost=1103.0, Sigma Supreme=5975.0|cost=1195.0, Sigma Premium=5325.0|cost=1065.0, Sigma Light=4935.0|cost=987.0",Pagina 9,0.72,,1.67,,,,,False
Gamavision Pro Individual,1.67 Fotossensível Antirreﬂexo Externo,Gamavision Pro Individual 1.67 Fotossensível Antirreﬂexo Externo,Resina,1.67,5000.0,1000.0,"Sigma Blue=6090.0|cost=1218.0, Sigma Supreme=6550.0|cost=1310.0, Sigma Premium=5900.0|cost=1180.0, Sigma Light=5510.0|cost=1102.0",Pagina 9,0.72,,1.67,,,,,False
Gamavision Pro Individual,1.67 Fotossensível Blue UV,Gamavision Pro Individual 1.67 Fotossensível Blue UV,Resina,1.67,4525.0,905.0,"Sigma Blue=5615.0|cost=1123.0, Sigma Supreme=6075.0|cost=1215.0, Sigma Premium=5425.0|cost=1085.0, Sigma Light=5035.0|cost=1007.0",Pagina 9,0.72,,1.67,,,,,False
Gamavision Pro Individual,1.67 Photofusion,Gamavision Pro Individual 1.67 Photofusion,Resina,1.67,6250.0,1250.0,"Sigma Blue=7340.0|cost=1468.0, Sigma Supreme=7800.0|cost=1560.0, Sigma Premium=7150.0|cost=1430.0, Sigma Light=6760.0|cost=1352.0",Pagina 9,0.72,,1.67,,,,,False
Gamavision Pro Individual,1.67 Transitions Cinza,Gamavision Pro Individual 1.67 Transitions Cinza,Resina,1.67,6250.0,1250.0,"Sigma Blue=7340.0|cost=1468.0, Sigma Supreme=7800.0|cost=1560.0, Sigma Premium=7150.0|cost=1430.0, Sigma Light=6760.0|cost=1352.0",Pagina 9,0.72,,1.67,,,,,False
Gamavision Pro Individual,1.67 Incolor,Gamavision Pro Individual 1.67 Incolor,Resina,1.67,5075.0,1015.0,"Sigma Blue=6165.0|cost=1233.0, Sigma Supreme=6625.0|cost=1325.0, Sigma Premium=5975.0|cost=1195.0, Sigma Light=5585.0|cost=1117.0",Pagina 9,0.82,,1.67,,,,,False
Gamavision Pro Individual,1.74 Blue UV,Gamavision Pro Individual 1.74 Blue UV,Resina,1.74,5500.0,1100.0,"Sigma Blue=6590.0|cost=1318.0, Sigma Supreme=7050.0|cost=1410.0, Sigma Premium=6400.0|cost=1280.0, Sigma Light=6010.0|cost=1202.0",Pagina 9,0.82,,1.74,,,,,False
Gamavision Pro Individual,1.74 Fotossensível,Gamavision Pro Individual 1.74 Fotossensível,Resina,1.74,6550.0,1310.0,"Sigma Blue=7640.0|cost=1528.0, Sigma Supreme=8100.0|cost=1620.0, Sigma Premium=7450.0|cost=1490.0, Sigma Light=7060.0|cost=1412.0",Pagina 9,0.82,,1.74,,,,,False
Gamavision Pro Individual,1.74 Transitions Cinza,Gamavision Pro Individual 1.74 Transitions Cinza,Resina,1.74,8425.0,1685.0,"Sigma Blue=9515.0|cost=1903.0, Sigma Supreme=9975.0|cost=1995.0, Sigma Premium=9325.0|cost=1865.0, Sigma Light=8935.0|cost=1787.0",Pagina 9,0.82,,1.74,,,,,False
Dynamic Premium,1.53 Incolor,Dynamic Premium 1.53 Incolor,Resina,1.53,1800.0,360.0,"Sigma Blue=2890.0|cost=578.0, Sigma Supreme=3350.0|cost=670.0, Sigma Premium=2700.0|cost=540.0, Sigma Light=2310.0|cost=462.0",Pagina 10,0.72,,1.53,,,,,False
Dynamic Premium,1.53 Incolor Antirreﬂexo Externo,Dynamic Premium 1.53 Incolor Antirreﬂexo Externo,Resina,1.53,1700.0,340.0,"Sigma Blue=2790.0|cost=558.0, Sigma Supreme=3250.0|cost=650.0, Sigma Premium=2600.0|cost=520.0, Sigma Light=2210.0|cost=442.0",Pagina 10,0.72,,1.53,,,,,False
Dynamic Premium,1.53 Blue UV,Dynamic Premium 1.53 Blue UV,Resina,1.53,2025.0,405.0,"Sigma Blue=3115.0|cost=623.0, Sigma Supreme=3575.0|cost=715.0, Sigma Premium=2925.0|cost=585.0, Sigma Light=2535.0|cost=507.0",Pagina 10,0.72,,1.53,,,,,False
Dynamic Premium,1.56 Blue UV Antirreﬂexo Externo,Dynamic Premium 1.56 Blue UV Antirreﬂexo Externo,Resina,1.56,2250.0,450.0,"Sigma Blue=3340.0|cost=668.0, Sigma Supreme=3800.0|cost=760.0, Sigma Premium=3150.0|cost=630.0, Sigma Light=2760.0|cost=552.0",Pagina 10,0.72,,1.56,,,,,False
Dynamic Premium,1.56 Fotossensível,Dynamic Premium 1.56 Fotossensível,Resina,1.56,2075.0,415.0,"Sigma Blue=3165.0|cost=633.0, Sigma Supreme=3625.0|cost=725.0, Sigma Premium=2975.0|cost=595.0, Sigma Light=2585.0|cost=517.0",Pagina 10,0.72,,1.56,,,,,False
Dynamic Premium,1.56 Fotossensível Antirreﬂexo Externo,Dynamic Premium 1.56 Fotossensível Antirreﬂexo Externo,Resina,1.56,2300.0,460.0,"Sigma Blue=3390.0|cost=678.0, Sigma Supreme=3850.0|cost=770.0, Sigma Premium=3200.0|cost=640.0, Sigma Light=2810.0|cost=562.0",Pagina 10,0.72,,1.56,,,,,False
Dynamic Premium,1.56 Fotossensível Blue UV,Dynamic Premium 1.56 Fotossensível Blue UV,Resina,1.56,2450.0,490.0,"Sigma Blue=3540.0|cost=708.0, Sigma Supreme=4000.0|cost=800.0, Sigma Premium=3350.0|cost=670.0, Sigma Light=2960.0|cost=592.0",Pagina 10,0.72,,1.56,,,,,False
Dynamic Premium,1.56 Fotossensível Blue UV Antirreﬂexo Externo,Dynamic Premium 1.56 Fotossensível Blue UV Antirreﬂexo Externo,Resina,1.56,2675.0,535.0,"Sigma Blue=3765.0|cost=753.0, Sigma Supreme=4225.0|cost=845.0, Sigma Premium=3575.0|cost=715.0, Sigma Light=3185.0|cost=637.0",Pagina 10,0.72,,1.56,,,,,False
Dynamic Premium,1.59 Incolor,Dynamic Premium 1.59 Incolor,Policarbonato,1.59,2300.0,460.0,"Sigma Blue=3390.0|cost=678.0, Sigma Supreme=3850.0|cost=770.0, Sigma Premium=3200.0|cost=640.0, Sigma Light=2810.0|cost=562.0",Pagina 10,0.72,,1.59,,,,,False
Dynamic Premium,1.59 Blue UV,Dynamic Premium 1.59 Blue UV,Policarbonato,1.59,2575.0,515.0,"Sigma Blue=3665.0|cost=733.0, Sigma Supreme=4125.0|cost=825.0, Sigma Premium=3475.0|cost=695.0, Sigma Light=3085.0|cost=617.0",Pagina 10,0.72,,1.59,,,,,False
Dynamic Premium,1.60 Blue UV Antirreﬂexo Externo,Dynamic Premium 1.60 Blue UV Antirreﬂexo Externo,Resina,1.6,2875.0,575.0,"Sigma Blue=3965.0|cost=793.0, Sigma Supreme=4425.0|cost=885.0, Sigma Premium=3775.0|cost=755.0, Sigma Light=3385.0|cost=677.0",Pagina 10,0.72,,1.60,,,,,False
Dynamic Premium,1.60 Fotossensível,Dynamic Premium 1.60 Fotossensível,Resina,1.6,2945.0,589.0,"Sigma Blue=4035.0|cost=807.0, Sigma Supreme=4495.0|cost=499.0, Sigma Premium=3845.0|cost=769.0, Sigma Light=3455.0|cost=691.0",Pagina 10,0.72,,1.60,,,,,False
Dynamic Premium,1.60 Fotossensível Blue UV,Dynamic Premium 1.60 Fotossensível Blue UV,Resina,1.6,3225.0,645.0,"Sigma Blue=4315.0|cost=863.0, Sigma Supreme=4775.0|cost=955.0, Sigma Premium=4125.0|cost=825.0, Sigma Light=3735.0|cost=747.0",Pagina 10,0.72,,1.60,,,,,False
Dynamic Premium,1.60 Incolor,Dynamic Premium 1.60 Incolor,Resina,1.6,2750.0,550.0,"Sigma Blue=3840.0|cost=768.0, Sigma Supreme=4300.0|cost=860.0, Sigma Premium=3650.0|cost=730.0, Sigma Light=3260.0|cost=652.0",Pagina 10,0.72,,1.60,,,,,False
Dynamic Premium,1.60 Incolor Antirreﬂexo Externo,Dynamic Premium 1.60 Incolor Antirreﬂexo Externo,Resina,1.6,2875.0,575.0,"Sigma Blue=3965.0|cost=793.0, Sigma Supreme=4425.0|cost=885.0, Sigma Premium=3775.0|cost=755.0, Sigma Light=3385.0|cost=677.0",Pagina 10,0.72,,1.60,,,,,False
Dynamic Premium,1.60 Blue UV,Dynamic Premium 1.60 Blue UV,Resina,1.6,2900.0,580.0,"Sigma Blue=3990.0|cost=798.0, Sigma Supreme=4450.0|cost=890.0, Sigma Premium=3800.0|cost=760.0, Sigma Light=3410.0|cost=682.0",Pagina 10,0.72,,1.60,,,,,False
Dynamic Premium,1.67 Blue UV Antirreﬂexo Externo,Dynamic Premium 1.67 Blue UV Antirreﬂexo Externo,Resina,1.67,3000.0,600.0,"Sigma Blue=4090.0|cost=818.0, Sigma Supreme=4550.0|cost=910.0, Sigma Premium=3900.0|cost=780.0, Sigma Light=3510.0|cost=702.0",Pagina 10,0.72,,1.67,,,,,False
Dynamic Premium,1.67 Fotossensível,Dynamic Premium 1.67 Fotossensível,Resina,1.67,3600.0,720.0,"Sigma Blue=4690.0|cost=938.0, Sigma Supreme=5150.0|cost=1030.0, Sigma Premium=4500.0|cost=900.0, Sigma Light=4110.0|cost=822.0",Pagina 10,0.72,,1.67,,,,,False
Dynamic Premium,1.67 Fotossensível Blue UV,Dynamic Premium 1.67 Fotossensível Blue UV,Resina,1.67,3925.0,785.0,"Sigma Blue=5015.0|cost=1003.0, Sigma Supreme=5475.0|cost=1095.0, Sigma Premium=4825.0|cost=965.0, Sigma Light=4435.0|cost=887.0",Pagina 10,0.72,,1.67,,,,,False
Dynamic Premium,1.67 Photofusion,Dynamic Premium 1.67 Photofusion,Resina,1.67,5425.0,1085.0,"Sigma Blue=6515.0|cost=1303.0, Sigma Supreme=6975.0|cost=1395.0, Sigma Premium=6325.0|cost=1265.0, Sigma Light=5935.0|cost=1187.0",Pagina 10,0.72,,1.67,,,,,False
Dynamic Premium,1.67 Transitions Cinza,Dynamic Premium 1.67 Transitions Cinza,Resina,1.67,5425.0,1085.0,"Sigma Blue=6515.0|cost=1303.0, Sigma Supreme=6975.0|cost=1395.0, Sigma Premium=6325.0|cost=1265.0, Sigma Light=5935.0|cost=1187.0",Pagina 10,0.72,,1.67,,,,,False
Dynamic Premium,1.67 Incolor,Dynamic Premium 1.67 Incolor,Resina,1.67,4525.0,905.0,"Sigma Blue=5615.0|cost=1123.0, Sigma Supreme=6075.0|cost=1215.0, Sigma Premium=5425.0|cost=1085.0, Sigma Light=5035.0|cost=1007.0",Pagina 10,0.72,,1.67,,,,,False
Dynamic Premium,1.74 Blue UV,Dynamic Premium 1.74 Blue UV,Resina,1.74,5400.0,1080.0,"Sigma Blue=6490.0|cost=1298.0, Sigma Supreme=6950.0|cost=1390.0, Sigma Premium=6300.0|cost=1260.0, Sigma Light=5910.0|cost=1182.0",Pagina 10,0.72,,1.74,,,,,False
Dynamic Premium,1.74 Fotossensível,Dynamic Premium 1.74 Fotossensível,Resina,1.74,5500.0,1100.0,"Sigma Blue=6590.0|cost=1318.0, Sigma Supreme=7050.0|cost=1410.0, Sigma Premium=6400.0|cost=1280.0, Sigma Light=6010.0|cost=1202.0",Pagina 10,0.72,,1.74,,,,,False
Dynamic Premium,1.74 Transitions,Dynamic Premium 1.74 Transitions,Resina,1.74,7600.0,1520.0,"Sigma Blue=8690.0|cost=1738.0, Sigma Supreme=9150.0|cost=1830.0, Sigma Premium=8500.0|cost=1700.0, Sigma Light=8110.0|cost=1622.0",Pagina 10,0.72,,1.74,,,,,False
Gamavision Freeform,1.53 Incolor,Gamavision Freeform 1.53 Incolor,Resina,1.53,1375.0,275.0,"Sigma Blue=2465.0|cost=493.0, Sigma Supreme=2925.0|cost=585.0, Sigma Premium=2275.0|cost=455.0, Sigma Light=1885.0|cost=377.0",Pagina 11,0.72,,1.53,,,,,False
Gamavision Freeform,1.53 Incolor Antirreﬂexo Externo,Gamavision Freeform 1.53 Incolor Antirreﬂexo Externo,Resina,1.53,1600.0,320.0,"Sigma Blue=2690.0|cost=538.0, Sigma Supreme=3150.0|cost=630.0, Sigma Premium=2500.0|cost=500.0, Sigma Light=2110.0|cost=422.0",Pagina 11,0.72,,1.53,,,,,False
Gamavision Freeform,1.53 Blue UV,Gamavision Freeform 1.53 Blue UV,Resina,1.53,1675.0,335.0,"Sigma Blue=2765.0|cost=553.0, Sigma Supreme=3225.0|cost=645.0, Sigma Premium=2575.0|cost=515.0, Sigma Light=2185.0|cost=437.0",Pagina 11,0.72,,1.53,,,,,False
Gamavision Freeform,1.56 Blue UV Antirreﬂexo Externo,Gamavision Freeform 1.56 Blue UV Antirreﬂexo Externo,Resina,1.56,1900.0,380.0,"Sigma Blue=2990.0|cost=598.0, Sigma Supreme=3450.0|cost=690.0, Sigma Premium=2800.0|cost=560.0, Sigma Light=2410.0|cost=482.0",Pagina 11,0.72,,1.56,,,,,False
Gamavision Freeform,1.56 Fotossensível,Gamavision Freeform 1.56 Fotossensível,Resina,1.56,1530.0,306.0,"Sigma Blue=2620.0|cost=524.0, Sigma Supreme=3080.0|cost=616.0, Sigma Premium=2430.0|cost=486.0, Sigma Light=2040.0|cost=408.0",Pagina 11,0.72,,1.56,,,,,False
Gamavision Freeform,1.56 Fotossensível Blue UV,Gamavision Freeform 1.56 Fotossensível Blue UV,Resina,1.56,1905.0,381.0,"Sigma Blue=2995.0|cost=599.0, Sigma Supreme=3455.0|cost=691.0, Sigma Premium=2805.0|cost=561.0, Sigma Light=2415.0|cost=483.0",Pagina 11,0.72,,1.56,,,,,False
Gamavision Freeform,1.56 Fotossensível Antirreﬂexo Externo,Gamavision Freeform 1.56 Fotossensível Antirreﬂexo Externo,Resina,1.56,1750.0,350.0,"Sigma Blue=2840.0|cost=568.0, Sigma Supreme=3300.0|cost=660.0, Sigma Premium=2650.0|cost=530.0, Sigma Light=2260.0|cost=452.0",Pagina 11,0.72,,1.56,,,,,False
Gamavision Freeform,1.56 Fotossensível Blue UV Antirreﬂexo Externo,Gamavision Freeform 1.56 Fotossensível Blue UV Antirreﬂexo Externo,Resina,1.56,2150.0,430.0,"Sigma Blue=3240.0|cost=648.0, Sigma Supreme=3700.0|cost=740.0, Sigma Premium=3050.0|cost=610.0, Sigma Light=2660.0|cost=532.0",Pagina 11,0.72,,1.56,,,,,False
Gamavision Freeform,1.59 Incolor,Gamavision Freeform 1.59 Incolor,Policarbonato,1.59,2175.0,435.0,"Sigma Blue=3265.0|cost=653.0, Sigma Supreme=3725.0|cost=745.0, Sigma Premium=3075.0|cost=615.0, Sigma Light=2685.0|cost=537.0",Pagina 11,0.72,,1.59,,,,,False
Gamavision Freeform,1.59 Blue UV,Gamavision Freeform 1.59 Blue UV,Policarbonato,1.59,1975.0,395.0,"Sigma Blue=3065.0|cost=613.0, Sigma Supreme=3525.0|cost=705.0, Sigma Premium=2875.0|cost=575.0, Sigma Light=2485.0|cost=497.0",Pagina 11,0.72,,1.59,,,,,False
Gamavision Freeform,1.60 Blue UV Antirreﬂexo Externo,Gamavision Freeform 1.60 Blue UV Antirreﬂexo Externo,Resina,1.6,2200.0,440.0,"Sigma Blue=3290.0|cost=658.0, Sigma Supreme=3750.0|cost=750.0, Sigma Premium=3100.0|cost=620.0, Sigma Light=2710.0|cost=542.0",Pagina 11,0.72,,1.60,,,,,False
Gamavision Freeform,1.60 Fotossensível,Gamavision Freeform 1.60 Fotossensível,Resina,1.6,2340.0,468.0,"Sigma Blue=3430.0|cost=686.0, Sigma Supreme=3890.0|cost=778.0, Sigma Premium=3240.0|cost=648.0, Sigma Light=2850.0|cost=570.0",Pagina 11,0.72,,1.60,,,,,False
Gamavision Freeform,1.60 Fotossensível Blue UV,Gamavision Freeform 1.60 Fotossensível Blue UV,Resina,1.6,2575.0,515.0,"Sigma Blue=3665.0|cost=733.0, Sigma Supreme=4125.0|cost=825.0, Sigma Premium=3475.0|cost=695.0, Sigma Light=3085.0|cost=617.0",Pagina 11,0.72,,1.60,,,,,False
Gamavision Freeform,1.60 Incolor,Gamavision Freeform 1.60 Incolor,Resina,1.6,2175.0,435.0,"Sigma Blue=3265.0|cost=653.0, Sigma Supreme=3725.0|cost=745.0, Sigma Premium=3075.0|cost=615.0, Sigma Light=2685.0|cost=537.0",Pagina 11,0.72,,1.60,,,,,False
Gamavision Freeform,1.60 Incolor Antirreﬂexo Externo,Gamavision Freeform 1.60 Incolor Antirreﬂexo Externo,Resina,1.6,2400.0,480.0,"Sigma Blue=3490.0|cost=698.0, Sigma Supreme=3950.0|cost=790.0, Sigma Premium=3300.0|cost=660.0, Sigma Light=2910.0|cost=582.0",Pagina 11,0.72,,1.60,,,,,False
Gamavision Freeform,1.60 Blue UV,Gamavision Freeform 1.60 Blue UV,Resina,1.6,2575.0,515.0,"Sigma Blue=3665.0|cost=733.0, Sigma Supreme=4125.0|cost=825.0, Sigma Premium=3475.0|cost=695.0, Sigma Light=3085.0|cost=617.0",Pagina 11,0.72,,1.60,,,,,False
Gamavision Freeform,1.67 Blue UV Antirreﬂexo Externo,Gamavision Freeform 1.67 Blue UV Antirreﬂexo Externo,Resina,1.67,2850.0,570.0,"Sigma Blue=3940.0|cost=788.0, Sigma Supreme=4400.0|cost=880.0, Sigma Premium=3750.0|cost=750.0, Sigma Light=3360.0|cost=672.0",Pagina 11,0.72,,1.67,,,,,False
Gamavision Freeform,1.67 Fotossensível,Gamavision Freeform 1.67 Fotossensível,Resina,1.67,3215.0,643.0,"Sigma Blue=4305.0|cost=861.0, Sigma Supreme=4765.0|cost=953.0, Sigma Premium=4115.0|cost=823.0, Sigma Light=3725.0|cost=745.0",Pagina 11,0.72,,1.67,,,,,False
Gamavision Freeform,1.67 Fotossensível Blue UV,Gamavision Freeform 1.67 Fotossensível Blue UV,Resina,1.67,3425.0,685.0,"Sigma Blue=4515.0|cost=903.0, Sigma Supreme=4975.0|cost=995.0, Sigma Premium=4325.0|cost=865.0, Sigma Light=3935.0|cost=787.0",Pagina 11,0.72,,1.67,,,,,False
Gamavision Freeform,1.67 Photofusion,Gamavision Freeform 1.67 Photofusion,Resina,1.67,5250.0,1050.0,"Sigma Blue=6340.0|cost=1268.0, Sigma Supreme=6800.0|cost=1360.0, Sigma Premium=6150.0|cost=1230.0, Sigma Light=5760.0|cost=1152.0",Pagina 11,0.72,,1.67,,,,,False
Gamavision Freeform,1.67 Transitions Cinza,Gamavision Freeform 1.67 Transitions Cinza,Resina,1.67,5250.0,1050.0,"Sigma Blue=6340.0|cost=1268.0, Sigma Supreme=6800.0|cost=1360.0, Sigma Premium=6150.0|cost=1230.0, Sigma Light=5760.0|cost=1152.0",Pagina 11,0.72,,1.67,,,,,False
Gamavision Freeform,1.67 Incolor,Gamavision Freeform 1.67 Incolor,Resina,1.67,4300.0,860.0,"Sigma Blue=5390.0|cost=1078.0, Sigma Supreme=5850.0|cost=1170.0, Sigma Premium=5200.0|cost=1040.0, Sigma Light=4810.0|cost=962.0",Pagina 11,0.72,,1.67,,,,,False
Gamavision Freeform,1.74 Blue UV,Gamavision Freeform 1.74 Blue UV,Resina,1.74,4900.0,980.0,"Sigma Blue=5990.0|cost=1198.0, Sigma Supreme=6450.0|cost=1290.0, Sigma Premium=5800.0|cost=1160.0, Sigma Light=5410.0|cost=1082.0",Pagina 11,0.72,,1.74,,,,,False
Gamavision Freeform,1.74 Fotossensível,Gamavision Freeform 1.74 Fotossensível,Resina,1.74,4960.0,992.0,"Sigma Blue=6050.0|cost=1210.0, Sigma Supreme=6510.0|cost=1302.0, Sigma Premium=5830.0|cost=1172.0, Sigma Light=5470.0|cost=1094.0",Pagina 11,0.72,,1.74,,,,,False
Gamavision Freeform,1.74 Transitions Cinza,Gamavision Freeform 1.74 Transitions Cinza,Resina,1.74,7000.0,1400.0,"Sigma Blue=8090.0|cost=1618.0, Sigma Supreme=8550.0|cost=1710.0, Sigma Premium=7900.0|cost=1580.0, Sigma Light=7510.0|cost=1502.0",Pagina 11,0.72,,1.74,,,,,False
Dynamic Pro,1.50 Incolor,Dynamic Pro 1.50 Incolor,Resina,1.5,750.0,150.0,"Sigma Blue=1840.0|cost=368.0, Sigma Supreme=2300.0|cost=460.0, Sigma Premium=1650.0|cost=330.0, Sigma Light=1260.0|cost=252.0",Pagina 12,0.72,,1.50,,,,,False
Dynamic Pro,1.50 Sensity,Dynamic Pro 1.50 Sensity,Resina,1.5,1950.0,390.0,"Sigma Blue=3040.0|cost=608.0, Sigma Supreme=3500.0|cost=700.0, Sigma Premium=2850.0|cost=570.0, Sigma Light=2460.0|cost=492.0",Pagina 12,0.72,,1.50,,,,,False
Dynamic Pro,1.50 Photofusion,Dynamic Pro 1.50 Photofusion,Resina,1.5,1950.0,390.0,"Sigma Blue=3040.0|cost=608.0, Sigma Supreme=3500.0|cost=700.0, Sigma Premium=2850.0|cost=570.0, Sigma Light=2460.0|cost=492.0",Pagina 12,0.72,,1.50,,,,,False
Dynamic Pro,1.50 Acclimates,Dynamic Pro 1.50 Acclimates,Resina,1.5,1200.0,240.0,"Sigma Blue=2290.0|cost=458.0, Sigma Supreme=2750.0|cost=550.0, Sigma Premium=2100.0|cost=420.0, Sigma Light=1710.0|cost=342.0",Pagina 12,0.72,,1.50,,,,,False
Dynamic Pro,1.50 Transitions Cinza,Dynamic Pro 1.50 Transitions Cinza,Resina,1.5,1950.0,390.0,"Sigma Blue=3040.0|cost=608.0, Sigma Supreme=3500.0|cost=700.0, Sigma Premium=2850.0|cost=570.0, Sigma Light=2460.0|cost=492.0",Pagina 12,0.72,,1.50,,,,,False
Dynamic Pro,1.50 Transitions Extractive,Dynamic Pro 1.50 Transitions Extractive,Resina,1.5,2475.0,495.0,"Sigma Blue=3565.0|cost=713.0, Sigma Supreme=4025.0|cost=805.0, Sigma Premium=3375.0|cost=675.0, Sigma Light=2985.0|cost=597.0",Pagina 12,0.72,,1.50,,,,,False
Dynamic Pro,1.53 Incolor,Dynamic Pro 1.53 Incolor,Resina,1.53,925.0,185.0,"Sigma Blue=2015.0|cost=403.0, Sigma Supreme=2475.0|cost=495.0, Sigma Premium=1825.0|cost=365.0, Sigma Light=1435.0|cost=287.0",Pagina 12,0.72,,1.53,,,,,False
Dynamic Pro,1.53 Incolor Antirreﬂexo Externo,Dynamic Pro 1.53 Incolor Antirreﬂexo Externo,Resina,1.53,1000.0,200.0,"Sigma Blue=2090.0|cost=418.0, Sigma Supreme=2550.0|cost=510.0, Sigma Premium=1900.0|cost=380.0, Sigma Light=1510.0|cost=302.0",Pagina 12,0.72,,1.53,,,,,False
Dynamic Pro,1.53 Blue UV,Dynamic Pro 1.53 Blue UV,Resina,1.53,925.0,185.0,"Sigma Blue=2015.0|cost=403.0, Sigma Supreme=2475.0|cost=495.0, Sigma Premium=1825.0|cost=365.0, Sigma Light=1435.0|cost=287.0",Pagina 12,0.72,,1.53,,,,,False
Dynamic Pro,1.56 Blue UV Antirreﬂexo Externo,Dynamic Pro 1.56 Blue UV Antirreﬂexo Externo,Resina,1.56,1150.0,230.0,"Sigma Blue=2240.0|cost=448.0, Sigma Supreme=2700.0|cost=540.0, Sigma Premium=2050.0|cost=410.0, Sigma Light=1660.0|cost=332.0",Pagina 12,0.72,,1.56,,,,,False
Dynamic Pro,1.56 Fotossensível,Dynamic Pro 1.56 Fotossensível,Resina,1.56,1050.0,210.0,"Sigma Blue=2140.0|cost=428.0, Sigma Supreme=2600.0|cost=520.0, Sigma Premium=1950.0|cost=390.0, Sigma Light=1560.0|cost=312.0",Pagina 12,0.72,,1.56,,,,,False
Dynamic Pro,1.56 Fotossensível Antirreﬂexo Externo,Dynamic Pro 1.56 Fotossensível Antirreﬂexo Externo,Resina,1.56,1200.0,240.0,"Sigma Blue=2290.0|cost=458.0, Sigma Supreme=2750.0|cost=550.0, Sigma Premium=2100.0|cost=420.0, Sigma Light=1710.0|cost=342.0",Pagina 12,0.72,,1.56,,,,,False
Dynamic Pro,1.56 Fotossensível Blue UV,Dynamic Pro 1.56 Fotossensível Blue UV,Resina,1.56,1375.0,275.0,"Sigma Blue=2465.0|cost=493.0, Sigma Supreme=2925.0|cost=585.0, Sigma Premium=2275.0|cost=455.0, Sigma Light=1885.0|cost=377.0",Pagina 12,0.72,,1.56,,,,,False
Dynamic Pro,1.56 Fotossensível Blue UV Antirreﬂexo Externo,Dynamic Pro 1.56 Fotossensível Blue UV Antirreﬂexo Externo,Resina,1.56,1575.0,315.0,"Sigma Blue=2665.0|cost=533.0, Sigma Supreme=3125.0|cost=625.0, Sigma Premium=2475.0|cost=495.0, Sigma Light=2085.0|cost=417.0",Pagina 12,0.72,,1.56,,,,,False
Dynamic Pro,1.59 Incolor,Dynamic Pro 1.59 Incolor,Policarbonato,1.59,1200.0,240.0,"Sigma Blue=2290.0|cost=458.0, Sigma Supreme=2750.0|cost=550.0, Sigma Premium=2100.0|cost=420.0, Sigma Light=1710.0|cost=342.0",Pagina 12,0.72,,1.59,,,,,False
Dynamic Pro,1.59 Blue UV,Dynamic Pro 1.59 Blue UV,Policarbonato,1.59,1450.0,290.0,"Sigma Blue=2540.0|cost=508.0, Sigma Supreme=3000.0|cost=600.0, Sigma Premium=2350.0|cost=470.0, Sigma Light=1960.0|cost=392.0",Pagina 12,0.72,,1.59,,,,,False
Dynamic Pro,1.60 Blue UV Antirreﬂexo Externo,Dynamic Pro 1.60 Blue UV Antirreﬂexo Externo,Resina,1.6,1675.0,335.0,"Sigma Blue=2765.0|cost=553.0, Sigma Supreme=3225.0|cost=645.0, Sigma Premium=2575.0|cost=515.0, Sigma Light=2185.0|cost=437.0",Pagina 12,0.72,,1.60,,,,,False
Dynamic Pro,1.60 Fotossensível,Dynamic Pro 1.60 Fotossensível,Resina,1.6,2125.0,425.0,"Sigma Blue=3215.0|cost=643.0, Sigma Supreme=3675.0|cost=735.0, Sigma Premium=3025.0|cost=605.0, Sigma Light=2635.0|cost=527.0",Pagina 12,0.72,,1.60,,,,,False
Dynamic Pro,1.60 Fotossensível Blue UV,Dynamic Pro 1.60 Fotossensível Blue UV,Resina,1.6,1900.0,380.0,"Sigma Blue=2990.0|cost=598.0, Sigma Supreme=3450.0|cost=690.0, Sigma Premium=2800.0|cost=560.0, Sigma Light=2410.0|cost=482.0",Pagina 12,0.72,,1.60,,,,,False
Dynamic Pro,1.60 Incolor,Dynamic Pro 1.60 Incolor,Resina,1.6,1675.0,335.0,"Sigma Blue=2765.0|cost=553.0, Sigma Supreme=3225.0|cost=645.0, Sigma Premium=2575.0|cost=515.0, Sigma Light=2185.0|cost=437.0",Pagina 12,0.72,,1.60,,,,,False
Dynamic Pro,1.60 Incolor Antirreﬂexo Externo,Dynamic Pro 1.60 Incolor Antirreﬂexo Externo,Resina,1.6,1825.0,365.0,"Sigma Blue=2915.0|cost=583.0, Sigma Supreme=3375.0|cost=675.0, Sigma Premium=2725.0|cost=545.0, Sigma Light=2335.0|cost=467.0",Pagina 12,0.72,,1.60,,,,,False
Dynamic Pro,1.60 Blue UV,Dynamic Pro 1.60 Blue UV,Resina,1.6,2175.0,435.0,"Sigma Blue=3265.0|cost=653.0, Sigma Supreme=3725.0|cost=745.0, Sigma Premium=3075.0|cost=615.0, Sigma Light=2685.0|cost=537.0",Pagina 12,0.72,,1.60,,,,,False
Dynamic Pro,1.67 Blue UV Antirreﬂexo Externo,Dynamic Pro 1.67 Blue UV Antirreﬂexo Externo,Resina,1.67,2400.0,480.0,"Sigma Blue=3490.0|cost=698.0, Sigma Supreme=3950.0|cost=790.0, Sigma Premium=3300.0|cost=660.0, Sigma Light=2910.0|cost=582.0",Pagina 12,0.72,,1.67,,,,,False
Dynamic Pro,1.67 Fotossensível,Dynamic Pro 1.67 Fotossensível,Resina,1.67,2950.0,590.0,"Sigma Blue=4040.0|cost=808.0, Sigma Supreme=4500.0|cost=900.0, Sigma Premium=3850.0|cost=770.0, Sigma Light=3460.0|cost=692.0",Pagina 12,0.72,,1.67,,,,,False
Dynamic Pro,1.67 Fotossensível Antirreﬂexo Externo,Dynamic Pro 1.67 Fotossensível Antirreﬂexo Externo,Resina,1.67,3175.0,635.0,"Sigma Blue=4265.0|cost=853.0, Sigma Supreme=4725.0|cost=945.0, Sigma Premium=4075.0|cost=815.0, Sigma Light=3685.0|cost=737.0",Pagina 12,0.72,,1.67,,,,,False
Dynamic Pro,1.67 Fotossensível Blue UV,Dynamic Pro 1.67 Fotossensível Blue UV,Resina,1.67,3225.0,645.0,"Sigma Blue=4315.0|cost=863.0, Sigma Supreme=4775.0|cost=955.0, Sigma Premium=4125.0|cost=825.0, Sigma Light=3735.0|cost=747.0",Pagina 12,0.72,,1.67,,,,,False
Dynamic Pro,1.67 Photofusion,Dynamic Pro 1.67 Photofusion,Resina,1.67,3175.0,635.0,"Sigma Blue=4265.0|cost=853.0, Sigma Supreme=4725.0|cost=945.0, Sigma Premium=4075.0|cost=815.0, Sigma Light=3685.0|cost=737.0",Pagina 12,0.72,,1.67,,,,,False
Dynamic Pro,1.67 Transitions Cinza,Dynamic Pro 1.67 Transitions Cinza,Resina,1.67,4650.0,930.0,"Sigma Blue=5740.0|cost=1148.0, Sigma Supreme=6200.0|cost=1240.0, Sigma Premium=5550.0|cost=1110.0, Sigma Light=5160.0|cost=1032.0",Pagina 12,0.72,,1.67,,,,,False
Dynamic Pro,1.67 Incolor,Dynamic Pro 1.67 Incolor,Resina,1.67,3775.0,755.0,"Sigma Blue=4865.0|cost=973.0, Sigma Supreme=5325.0|cost=1065.0, Sigma Premium=4675.0|cost=935.0, Sigma Light=4285.0|cost=857.0",Pagina 12,0.72,,1.67,,,,,False
Dynamic Pro,1.74 Blue UV,Dynamic Pro 1.74 Blue UV,Resina,1.74,2900.0,580.0,"Sigma Blue=3990.0|cost=798.0, Sigma Supreme=4450.0|cost=890.0, Sigma Premium=3800.0|cost=760.0, Sigma Light=3410.0|cost=682.0",Pagina 12,0.72,,1.74,,,,,False
Dynamic Pro,1.74 Fotossensível,Dynamic Pro 1.74 Fotossensível,Resina,1.74,4425.0,885.0,"Sigma Blue=5515.0|cost=1103.0, Sigma Supreme=5975.0|cost=1195.0, Sigma Premium=5325.0|cost=1065.0, Sigma Light=4935.0|cost=987.0",Pagina 12,0.72,,1.74,,,,,False
Dynamic Pro,1.74 Transitions Cinza,Dynamic Pro 1.74 Transitions Cinza,Resina,1.74,6400.0,1280.0,"Sigma Blue=7490.0|cost=1498.0, Sigma Supreme=7950.0|cost=1590.0, Sigma Premium=7300.0|cost=1460.0, Sigma Light=6910.0|cost=1382.0",Pagina 12,0.72,,1.74,,,,,False
Life,1.50 Incolor,Life 1.50 Incolor,Resina,1.5,550.0,110.0,"Sigma Blue=1640.0|cost=328.0, Sigma Supreme=2100.0|cost=420.0, Sigma Premium=1450.0|cost=290.0, Sigma Light=1060.0|cost=212.0",Pagina 13,0.72,,1.50,,,,,False
Life,1.50 Acclimates,Life 1.50 Acclimates,Resina,1.5,1150.0,230.0,"Sigma Blue=2240.0|cost=448.0, Sigma Supreme=2700.0|cost=540.0, Sigma Premium=2050.0|cost=410.0, Sigma Light=1660.0|cost=332.0",Pagina 13,0.72,,1.50,,,,,False
Life,1.50 Transitions,Life 1.50 Transitions,Resina,1.5,1850.0,370.0,"Sigma Blue=2940.0|cost=588.0, Sigma Supreme=3400.0|cost=680.0, Sigma Premium=2750.0|cost=550.0, Sigma Light=2360.0|cost=472.0",Pagina 13,0.72,,1.50,,,,,False
Life,1.53 Incolor,Life 1.53 Incolor,Resina,1.53,710.0,142.0,"Sigma Blue=1800.0|cost=360.0, Sigma Supreme=2260.0|cost=452.0, Sigma Premium=1610.0|cost=322.0, Sigma Light=1220.0|cost=244.0",Pagina 13,0.72,,1.53,,,,,False
Life,1.53 Incolor Antirreﬂexo Externo,Life 1.53 Incolor Antirreﬂexo Externo,Resina,1.53,750.0,150.0,"Sigma Blue=1840.0|cost=368.0, Sigma Supreme=2300.0|cost=460.0, Sigma Premium=1650.0|cost=330.0, Sigma Light=1260.0|cost=252.0",Pagina 13,0.72,,1.53,,,,,False
Life,1.53 Blue UV,Life 1.53 Blue UV,Resina,1.53,825.0,165.0,"Sigma Blue=1915.0|cost=383.0, Sigma Supreme=2375.0|cost=475.0, Sigma Premium=1725.0|cost=345.0, Sigma Light=1335.0|cost=267.0",Pagina 13,0.72,,1.53,,,,,False
Life,1.53 Blue UV Antirreﬂexo Externo,Life 1.53 Blue UV Antirreﬂexo Externo,Resina,1.53,1050.0,210.0,"Sigma Blue=2140.0|cost=428.0, Sigma Supreme=2600.0|cost=520.0, Sigma Premium=1950.0|cost=390.0, Sigma Light=1560.0|cost=312.0",Pagina 13,0.72,,1.53,,,,,False
Life,1.56 Fotossensível,Life 1.56 Fotossensível,Resina,1.56,925.0,185.0,"Sigma Blue=2015.0|cost=403.0, Sigma Supreme=2475.0|cost=495.0, Sigma Premium=1825.0|cost=365.0, Sigma Light=1435.0|cost=287.0",Pagina 13,0.72,,1.56,,,,,False
Life,1.56 Fotossensível Antirreﬂexo Externo,Life 1.56 Fotossensível Antirreﬂexo Externo,Resina,1.56,1075.0,215.0,"Sigma Blue=2165.0|cost=433.0, Sigma Supreme=2625.0|cost=525.0, Sigma Premium=1975.0|cost=395.0, Sigma Light=1585.0|cost=317.0",Pagina 13,0.72,,1.56,,,,,False
Life,1.56 Fotossensível Blue UV,Life 1.56 Fotossensível Blue UV,Resina,1.56,1150.0,230.0,"Sigma Blue=2240.0|cost=448.0, Sigma Supreme=2700.0|cost=540.0, Sigma Premium=2050.0|cost=410.0, Sigma Light=1660.0|cost=332.0",Pagina 13,0.72,,1.56,,,,,False
Life,1.56 Fotossensível Blue UV Antirreﬂexo Externo,Life 1.56 Fotossensível Blue UV Antirreﬂexo Externo,Resina,1.56,1300.0,260.0,"Sigma Blue=2390.0|cost=478.0, Sigma Supreme=2850.0|cost=570.0, Sigma Premium=2200.0|cost=440.0, Sigma Light=1810.0|cost=362.0",Pagina 13,0.72,,1.56,,,,,False
Life,1.56 Incolor,Life 1.56 Incolor,Resina,1.56,825.0,165.0,"Sigma Blue=1915.0|cost=383.0, Sigma Supreme=2375.0|cost=475.0, Sigma Premium=1725.0|cost=345.0, Sigma Light=1335.0|cost=267.0",Pagina 13,0.72,,1.56,,,,,False
Life,1.56 Incolor Antirreﬂexo Externo,Life 1.56 Incolor Antirreﬂexo Externo,Resina,1.56,1075.0,215.0,"Sigma Blue=2165.0|cost=433.0, Sigma Supreme=2625.0|cost=525.0, Sigma Premium=1975.0|cost=395.0, Sigma Light=1585.0|cost=317.0",Pagina 13,0.72,,1.56,,,,,False
Life,1.59 Blue UV,Life 1.59 Blue UV,Policarbonato,1.59,1050.0,210.0,"Sigma Blue=2140.0|cost=428.0, Sigma Supreme=2600.0|cost=520.0, Sigma Premium=1950.0|cost=390.0, Sigma Light=1560.0|cost=312.0",Pagina 13,0.72,,1.59,,,,,False
Life,1.59 Fotossensível,Life 1.59 Fotossensível,Policarbonato,1.59,1475.0,295.0,"Sigma Blue=2565.0|cost=513.0, Sigma Supreme=3025.0|cost=605.0, Sigma Premium=2375.0|cost=475.0, Sigma Light=1985.0|cost=397.0",Pagina 13,0.72,,1.59,,,,,False
Life,1.59 Fotossensível Blue UV,Life 1.59 Fotossensível Blue UV,Policarbonato,1.59,1650.0,330.0,"Sigma Blue=2740.0|cost=548.0, Sigma Supreme=3200.0|cost=640.0, Sigma Premium=2550.0|cost=510.0, Sigma Light=2160.0|cost=432.0",Pagina 13,0.72,,1.59,,,,,False
Life,1.59 Incolor,Life 1.59 Incolor,Policarbonato,1.59,1000.0,200.0,"Sigma Blue=2090.0|cost=418.0, Sigma Supreme=2550.0|cost=510.0, Sigma Premium=1900.0|cost=380.0, Sigma Light=1510.0|cost=302.0",Pagina 13,0.72,,1.59,,,,,False
Life,1.60 Blue UV,Life 1.60 Blue UV,Resina,1.6,1150.0,230.0,"Sigma Blue=2240.0|cost=448.0, Sigma Supreme=2700.0|cost=540.0, Sigma Premium=2050.0|cost=410.0, Sigma Light=1660.0|cost=332.0",Pagina 13,0.72,,1.60,,,,,False
Life,1.60 Blue UV Antirreﬂexo Externo,Life 1.60 Blue UV Antirreﬂexo Externo,Resina,1.6,1375.0,275.0,"Sigma Blue=2465.0|cost=493.0, Sigma Supreme=2925.0|cost=585.0, Sigma Premium=2275.0|cost=455.0, Sigma Light=1885.0|cost=377.0",Pagina 13,0.72,,1.60,,,,,False
Life,1.60 Incolor,Life 1.60 Incolor,Resina,1.6,1525.0,305.0,"Sigma Blue=2615.0|cost=523.0, Sigma Supreme=3075.0|cost=615.0, Sigma Premium=2425.0|cost=485.0, Sigma Light=2035.0|cost=407.0",Pagina 13,0.72,,1.60,,,,,False
Life,1.67 Incolor Antirreﬂexo Externo,Life 1.67 Incolor Antirreﬂexo Externo,Resina,1.67,1850.0,370.0,"Sigma Blue=2940.0|cost=588.0, Sigma Supreme=3400.0|cost=680.0, Sigma Premium=2750.0|cost=550.0, Sigma Light=2360.0|cost=472.0",Pagina 13,0.72,,1.67,,,,,False
Life,1.67 Blue UV,Life 1.67 Blue UV,Resina,1.67,1700.0,340.0,"Sigma Blue=2790.0|cost=558.0, Sigma Supreme=3250.0|cost=650.0, Sigma Premium=2600.0|cost=520.0, Sigma Light=2210.0|cost=442.0",Pagina 13,0.72,,1.67,,,,,False
Gama HD,1.50 Incolor,Gama HD 1.50 Incolor,Resina,1.5,400.0,80.0,"Sigma Blue=1490.0|cost=298.0, Sigma Supreme=1950.0|cost=390.0, Sigma Premium=1300.0|cost=260.0, Sigma Light=910.0|cost=182.0",Pagina 14,0.72,,1.50,,,,,False
Gama HD,1.50 Acclimates,Gama HD 1.50 Acclimates,Resina,1.5,1150.0,230.0,"Sigma Blue=2240.0|cost=448.0, Sigma Supreme=2700.0|cost=540.0, Sigma Premium=2050.0|cost=410.0, Sigma Light=1660.0|cost=332.0",Pagina 14,0.72,,1.50,,,,,False
Gama HD,1.50 Transitions Cinza,Gama HD 1.50 Transitions Cinza,Resina,1.5,1850.0,370.0,"Sigma Blue=2940.0|cost=588.0, Sigma Supreme=3400.0|cost=680.0, Sigma Premium=2750.0|cost=550.0, Sigma Light=2360.0|cost=472.0",Pagina 14,0.72,,1.50,,,,,False
Gama HD,1.53 Incolor,Gama HD 1.53 Incolor,Resina,1.53,700.0,140.0,"Sigma Blue=1790.0|cost=358.0, Sigma Supreme=2250.0|cost=450.0, Sigma Premium=1600.0|cost=320.0, Sigma Light=1210.0|cost=242.0",Pagina 14,0.72,,1.53,,,,,False
Gama HD,1.53 Incolor Antirreﬂexo Externo,Gama HD 1.53 Incolor Antirreﬂexo Externo,Resina,1.53,700.0,140.0,"Sigma Blue=1790.0|cost=358.0, Sigma Supreme=2250.0|cost=450.0, Sigma Premium=1600.0|cost=320.0, Sigma Light=1210.0|cost=242.0",Pagina 14,0.72,,1.53,,,,,False
Gama HD,1.53 Blue UV,Gama HD 1.53 Blue UV,Resina,1.53,750.0,150.0,"Sigma Blue=1840.0|cost=368.0, Sigma Supreme=2300.0|cost=460.0, Sigma Premium=1650.0|cost=330.0, Sigma Light=1260.0|cost=252.0",Pagina 14,0.72,,1.53,,,,,False
Gama HD,1.53 Blue UV Antirreﬂexo Externo,Gama HD 1.53 Blue UV Antirreﬂexo Externo,Resina,1.53,900.0,180.0,"Sigma Blue=1990.0|cost=398.0, Sigma Supreme=2450.0|cost=490.0, Sigma Premium=1800.0|cost=360.0, Sigma Light=1410.0|cost=282.0",Pagina 14,0.72,,1.53,,,,,False
Gama HD,1.56 Fotossensível,Gama HD 1.56 Fotossensível,Resina,1.56,1000.0,200.0,"Sigma Blue=2090.0|cost=418.0, Sigma Supreme=2550.0|cost=510.0, Sigma Premium=1900.0|cost=380.0, Sigma Light=1510.0|cost=302.0",Pagina 14,0.72,,1.56,,,,,False
Gama HD,1.56 Fotossensível Antirreﬂexo Externo,Gama HD 1.56 Fotossensível Antirreﬂexo Externo,Resina,1.56,1075.0,215.0,"Sigma Blue=2165.0|cost=433.0, Sigma Supreme=2625.0|cost=525.0, Sigma Premium=1975.0|cost=395.0, Sigma Light=1585.0|cost=317.0",Pagina 14,0.72,,1.56,,,,,False
Gama HD,1.56 Fotossensível Blue UV,Gama HD 1.56 Fotossensível Blue UV,Resina,1.56,1150.0,230.0,"Sigma Blue=2240.0|cost=448.0, Sigma Supreme=2700.0|cost=540.0, Sigma Premium=2050.0|cost=410.0, Sigma Light=1660.0|cost=332.0",Pagina 14,0.72,,1.56,,,,,False
Gama HD,1.56 Fotossensível Blue UV Antirreﬂexo Externo,Gama HD 1.56 Fotossensível Blue UV Antirreﬂexo Externo,Resina,1.56,1300.0,260.0,"Sigma Blue=2390.0|cost=478.0, Sigma Supreme=2850.0|cost=570.0, Sigma Premium=2200.0|cost=440.0, Sigma Light=1810.0|cost=362.0",Pagina 14,0.72,,1.56,,,,,False
Gama HD,1.56 Incolor,Gama HD 1.56 Incolor,Resina,1.56,750.0,150.0,"Sigma Blue=1840.0|cost=368.0, Sigma Supreme=2300.0|cost=460.0, Sigma Premium=1650.0|cost=330.0, Sigma Light=1260.0|cost=252.0",Pagina 14,0.72,,1.56,,,,,False
Gama HD,1.56 Incolor Antirreﬂexo Externo,Gama HD 1.56 Incolor Antirreﬂexo Externo,Resina,1.56,925.0,185.0,"Sigma Blue=2015.0|cost=403.0, Sigma Supreme=2475.0|cost=495.0, Sigma Premium=1825.0|cost=365.0, Sigma Light=1435.0|cost=287.0",Pagina 14,0.72,,1.56,,,,,False
Gama HD,1.59 Blue UV,Gama HD 1.59 Blue UV,Policarbonato,1.59,1000.0,200.0,"Sigma Blue=2090.0|cost=418.0, Sigma Supreme=2550.0|cost=510.0, Sigma Premium=1900.0|cost=380.0, Sigma Light=1510.0|cost=302.0",Pagina 14,0.72,,1.59,,,,,False
Gama HD,1.59 Fotossensível,Gama HD 1.59 Fotossensível,Policarbonato,1.59,1475.0,295.0,"Sigma Blue=2565.0|cost=513.0, Sigma Supreme=3025.0|cost=605.0, Sigma Premium=2375.0|cost=475.0, Sigma Light=1985.0|cost=397.0",Pagina 14,0.72,,1.59,,,,,False
Gama HD,1.59 Fotossensível Blue UV,Gama HD 1.59 Fotossensível Blue UV,Policarbonato,1.59,1650.0,330.0,"Sigma Blue=2740.0|cost=548.0, Sigma Supreme=3200.0|cost=640.0, Sigma Premium=2550.0|cost=510.0, Sigma Light=2160.0|cost=432.0",Pagina 14,0.72,,1.59,,,,,False
Gama HD,1.59 Incolor,Gama HD 1.59 Incolor,Policarbonato,1.59,950.0,190.0,"Sigma Blue=2040.0|cost=408.0, Sigma Supreme=2500.0|cost=500.0, Sigma Premium=1850.0|cost=370.0, Sigma Light=1460.0|cost=292.0",Pagina 14,0.72,,1.59,,,,,False
Gama HD,1.60 Blue UV,Gama HD 1.60 Blue UV,Resina,1.6,1150.0,230.0,"Sigma Blue=2240.0|cost=448.0, Sigma Supreme=2700.0|cost=540.0, Sigma Premium=2050.0|cost=410.0, Sigma Light=1660.0|cost=332.0",Pagina 14,0.72,,1.60,,,,,False
Gama HD,1.60 Blue UV Antirreﬂexo Externo,Gama HD 1.60 Blue UV Antirreﬂexo Externo,Resina,1.6,1375.0,275.0,"Sigma Blue=2465.0|cost=493.0, Sigma Supreme=2925.0|cost=585.0, Sigma Premium=2275.0|cost=455.0, Sigma Light=1885.0|cost=377.0",Pagina 14,0.72,,1.60,,,,,False
Gama HD,1.60 Incolor,Gama HD 1.60 Incolor,Resina,1.6,1525.0,305.0,"Sigma Blue=2615.0|cost=523.0, Sigma Supreme=3075.0|cost=615.0, Sigma Premium=2425.0|cost=485.0, Sigma Light=2035.0|cost=407.0",Pagina 14,0.72,,1.60,,,,,False
Gama HD,1.67 Incolor Antirreﬂexo Externo,Gama HD 1.67 Incolor Antirreﬂexo Externo,Resina,1.67,1850.0,370.0,"Sigma Blue=2940.0|cost=588.0, Sigma Supreme=3400.0|cost=680.0, Sigma Premium=2750.0|cost=550.0, Sigma Light=2360.0|cost=472.0",Pagina 14,0.72,,1.67,,,,,False
Gama HD,1.67 Blue UV,Gama HD 1.67 Blue UV,Resina,1.67,1700.0,340.0,"Sigma Blue=2790.0|cost=558.0, Sigma Supreme=3250.0|cost=650.0, Sigma Premium=2600.0|cost=520.0, Sigma Light=2210.0|cost=442.0",Pagina 14,0.72,,1.67,,,,,False
Dynamic Work,1.50 Incolor,Dynamic Work 1.50 Incolor,Resina,1.5,750.0,150.0,"Sigma Blue=1840.0|cost=368.0, Sigma Supreme=2300.0|cost=460.0, Sigma Premium=1650.0|cost=330.0, Sigma Light=1260.0|cost=252.0",Pagina 15,0.82,,1.50,,,,,False
Dynamic Work,1.50 Acclimates,Dynamic Work 1.50 Acclimates,Resina,1.5,1200.0,240.0,"Sigma Blue=2290.0|cost=458.0, Sigma Supreme=2750.0|cost=550.0, Sigma Premium=2100.0|cost=420.0, Sigma Light=1710.0|cost=342.0",Pagina 15,0.82,,1.50,,,,,False
Dynamic Work,1.50 Sensity,Dynamic Work 1.50 Sensity,Resina,1.5,1950.0,390.0,"Sigma Blue=3040.0|cost=608.0, Sigma Supreme=3500.0|cost=700.0, Sigma Premium=2850.0|cost=570.0, Sigma Light=2460.0|cost=492.0",Pagina 15,0.82,,1.50,,,,,False
Dynamic Work,1.50 Photofusion,Dynamic Work 1.50 Photofusion,Resina,1.5,2075.0,415.0,"Sigma Blue=3165.0|cost=633.0, Sigma Supreme=3625.0|cost=725.0, Sigma Premium=2975.0|cost=595.0, Sigma Light=2585.0|cost=517.0",Pagina 15,0.82,,1.50,,,,,False
Dynamic Work,1.50 Transitions Cinza,Dynamic Work 1.50 Transitions Cinza,Resina,1.5,2075.0,415.0,"Sigma Blue=3165.0|cost=633.0, Sigma Supreme=3625.0|cost=725.0, Sigma Premium=2975.0|cost=595.0, Sigma Light=2585.0|cost=517.0",Pagina 15,0.82,,1.50,,,,,False
Dynamic Work,1.50 Transitions Extractive,Dynamic Work 1.50 Transitions Extractive,Resina,1.5,2150.0,430.0,"Sigma Blue=3240.0|cost=648.0, Sigma Supreme=3700.0|cost=740.0, Sigma Premium=3050.0|cost=610.0, Sigma Light=2660.0|cost=532.0",Pagina 15,0.82,,1.50,,,,,False
Dynamic Work,1.53 Incolor,Dynamic Work 1.53 Incolor,Resina,1.53,900.0,180.0,"Sigma Blue=1990.0|cost=398.0, Sigma Supreme=2450.0|cost=490.0, Sigma Premium=1800.0|cost=360.0, Sigma Light=1410.0|cost=282.0",Pagina 15,0.82,,1.53,,,,,False
Dynamic Work,1.53 Incolor Antirreﬂexo Externo,Dynamic Work 1.53 Incolor Antirreﬂexo Externo,Resina,1.53,1075.0,215.0,"Sigma Blue=2165.0|cost=433.0, Sigma Supreme=2625.0|cost=525.0, Sigma Premium=1975.0|cost=395.0, Sigma Light=1585.0|cost=317.0",Pagina 15,0.82,,1.53,,,,,False
Dynamic Work,1.53 Blue UV,Dynamic Work 1.53 Blue UV,Resina,1.53,1150.0,230.0,"Sigma Blue=2240.0|cost=448.0, Sigma Supreme=2700.0|cost=540.0, Sigma Premium=2050.0|cost=410.0, Sigma Light=1660.0|cost=332.0",Pagina 15,0.82,,1.53,,,,,False
Dynamic Work,1.59 Blue UV Antirreﬂexo Externo,Dynamic Work 1.59 Blue UV Antirreﬂexo Externo,Policarbonato,1.59,1300.0,260.0,"Sigma Blue=2390.0|cost=478.0, Sigma Supreme=2850.0|cost=570.0, Sigma Premium=2200.0|cost=440.0, Sigma Light=1810.0|cost=362.0",Pagina 15,0.82,,1.59,,,,,False
Dynamic Work,1.56 Fotossensível,Dynamic Work 1.56 Fotossensível,Resina,1.56,1050.0,210.0,"Sigma Blue=2140.0|cost=428.0, Sigma Supreme=2600.0|cost=520.0, Sigma Premium=1950.0|cost=390.0, Sigma Light=1560.0|cost=312.0",Pagina 15,0.82,,1.56,,,,,False
Dynamic Work,1.56 Fotossensível Antirreﬂexo Externo,Dynamic Work 1.56 Fotossensível Antirreﬂexo Externo,Resina,1.56,1200.0,240.0,"Sigma Blue=2290.0|cost=458.0, Sigma Supreme=2750.0|cost=550.0, Sigma Premium=2100.0|cost=420.0, Sigma Light=1710.0|cost=342.0",Pagina 15,0.82,,1.56,,,,,False
Dynamic Work,1.56 Fotossensível Blue UV,Dynamic Work 1.56 Fotossensível Blue UV,Resina,1.56,1375.0,275.0,"Sigma Blue=2465.0|cost=493.0, Sigma Supreme=2925.0|cost=585.0, Sigma Premium=2275.0|cost=455.0, Sigma Light=1885.0|cost=377.0",Pagina 15,0.82,,1.56,,,,,False
Dynamic Work,1.56 Fotossensível Blue UV AntirreﬂexoExterno,Dynamic Work 1.56 Fotossensível Blue UV AntirreﬂexoExterno,Resina,1.56,1375.0,275.0,"Sigma Blue=2465.0|cost=493.0, Sigma Supreme=2925.0|cost=585.0, Sigma Premium=2275.0|cost=455.0, Sigma Light=1885.0|cost=377.0",Pagina 15,0.82,,1.56,,,,,False
Dynamic Work,1.56 Incolor,Dynamic Work 1.56 Incolor,Resina,1.56,875.0,175.0,"Sigma Blue=1965.0|cost=393.0, Sigma Supreme=2425.0|cost=485.0, Sigma Premium=1775.0|cost=355.0, Sigma Light=1385.0|cost=277.0",Pagina 15,0.82,,1.56,,,,,False
Dynamic Work,1.56 Incolor Antirreﬂexo Externo,Dynamic Work 1.56 Incolor Antirreﬂexo Externo,Resina,1.56,1000.0,200.0,"Sigma Blue=2090.0|cost=418.0, Sigma Supreme=2550.0|cost=510.0, Sigma Premium=1900.0|cost=380.0, Sigma Light=1510.0|cost=302.0",Pagina 15,0.82,,1.56,,,,,False
Dynamic Work,1.56 Blue UV,Dynamic Work 1.56 Blue UV,Resina,1.56,1075.0,215.0,"Sigma Blue=2165.0|cost=433.0, Sigma Supreme=2625.0|cost=525.0, Sigma Premium=1975.0|cost=395.0, Sigma Light=1585.0|cost=317.0",Pagina 15,0.82,,1.56,,,,,False
Dynamic Work,1.56 Blue UV Antirreﬂexo Externo,Dynamic Work 1.56 Blue UV Antirreﬂexo Externo,Resina,1.56,1000.0,200.0,"Sigma Blue=2090.0|cost=418.0, Sigma Supreme=2550.0|cost=510.0, Sigma Premium=1900.0|cost=380.0, Sigma Light=1510.0|cost=302.0",Pagina 15,0.82,,1.56,,,,,False
Dynamic Work,1.59 Fotossensível,Dynamic Work 1.59 Fotossensível,Policarbonato,1.59,1600.0,320.0,"Sigma Blue=2690.0|cost=538.0, Sigma Supreme=3150.0|cost=630.0, Sigma Premium=2500.0|cost=500.0, Sigma Light=2110.0|cost=422.0",Pagina 15,0.82,,1.59,,,,,False
Dynamic Work,1.59 Fotossensível Blue UV,Dynamic Work 1.59 Fotossensível Blue UV,Policarbonato,1.59,1800.0,360.0,"Sigma Blue=2890.0|cost=578.0, Sigma Supreme=3350.0|cost=670.0, Sigma Premium=2700.0|cost=540.0, Sigma Light=2310.0|cost=462.0",Pagina 15,0.82,,1.59,,,,,False
Dynamic Work,1.56 Photofusion,Dynamic Work 1.56 Photofusion,Resina,1.56,2925.0,585.0,"Sigma Blue=4015.0|cost=803.0, Sigma Supreme=4475.0|cost=895.0, Sigma Premium=3825.0|cost=765.0, Sigma Light=3435.0|cost=687.0",Pagina 15,0.82,,1.56,,,,,False
Dynamic Work,1.56 Transitions Cinza,Dynamic Work 1.56 Transitions Cinza,Resina,1.56,2925.0,585.0,"Sigma Blue=4015.0|cost=803.0, Sigma Supreme=4475.0|cost=895.0, Sigma Premium=3825.0|cost=765.0, Sigma Light=3435.0|cost=687.0",Pagina 15,0.82,,1.56,,,,,False
Dynamic Work,1.59 Incolor,Dynamic Work 1.59 Incolor,Policarbonato,1.59,1075.0,215.0,"Sigma Blue=2165.0|cost=433.0, Sigma Supreme=2625.0|cost=525.0, Sigma Premium=1975.0|cost=395.0, Sigma Light=1585.0|cost=317.0",Pagina 15,0.82,,1.59,,,,,False
Dynamic Work,1.59 Blue UV,Dynamic Work 1.59 Blue UV,Policarbonato,1.59,1375.0,275.0,"Sigma Blue=2465.0|cost=493.0, Sigma Supreme=2925.0|cost=585.0, Sigma Premium=2275.0|cost=455.0, Sigma Light=1885.0|cost=377.0",Pagina 15,0.82,,1.59,,,,,False
Dynamic Work,1.60 Blue UV Antirreﬂexo Externo,Dynamic Work 1.60 Blue UV Antirreﬂexo Externo,Resina,1.6,1550.0,310.0,"Sigma Blue=2640.0|cost=528.0, Sigma Supreme=3100.0|cost=620.0, Sigma Premium=2450.0|cost=490.0, Sigma Light=2060.0|cost=412.0",Pagina 15,0.82,,1.60,,,,,False
Dynamic Work,1.60 Fotossensível,Dynamic Work 1.60 Fotossensível,Resina,1.6,1800.0,360.0,"Sigma Blue=2890.0|cost=578.0, Sigma Supreme=3350.0|cost=670.0, Sigma Premium=2700.0|cost=540.0, Sigma Light=2310.0|cost=462.0",Pagina 15,0.82,,1.60,,,,,False
Dynamic Work,1.60 Fotossensível Blue UV,Dynamic Work 1.60 Fotossensível Blue UV,Resina,1.6,1975.0,395.0,"Sigma Blue=3065.0|cost=613.0, Sigma Supreme=3525.0|cost=705.0, Sigma Premium=2875.0|cost=575.0, Sigma Light=2485.0|cost=497.0",Pagina 15,0.82,,1.60,,,,,False
Dynamic Work,1.60 Incolor,Dynamic Work 1.60 Incolor,Resina,1.6,1525.0,305.0,"Sigma Blue=2615.0|cost=523.0, Sigma Supreme=3075.0|cost=615.0, Sigma Premium=2425.0|cost=485.0, Sigma Light=2035.0|cost=407.0",Pagina 15,0.82,,1.60,,,,,False
Dynamic Work,1.60 Incolor Antirreﬂexo Externo,Dynamic Work 1.60 Incolor Antirreﬂexo Externo,Resina,1.6,1750.0,350.0,"Sigma Blue=2840.0|cost=568.0, Sigma Supreme=3300.0|cost=660.0, Sigma Premium=2650.0|cost=530.0, Sigma Light=2260.0|cost=452.0",Pagina 15,0.82,,1.60,,,,,False
Dynamic Work,1.60 Blue UV,Dynamic Work 1.60 Blue UV,Resina,1.6,1900.0,380.0,"Sigma Blue=2990.0|cost=598.0, Sigma Supreme=3450.0|cost=690.0, Sigma Premium=2800.0|cost=560.0, Sigma Light=2410.0|cost=482.0",Pagina 15,0.82,,1.60,,,,,False
Dynamic Work,1.67 Blue UV Antirreﬂexo Externo,Dynamic Work 1.67 Blue UV Antirreﬂexo Externo,Resina,1.67,2125.0,425.0,"Sigma Blue=3215.0|cost=643.0, Sigma Supreme=3675.0|cost=735.0, Sigma Premium=3025.0|cost=605.0, Sigma Light=2635.0|cost=527.0",Pagina 15,0.82,,1.67,,,,,False
Dynamic Work,1.67 Fotossensível,Dynamic Work 1.67 Fotossensível,Resina,1.67,2950.0,590.0,"Sigma Blue=4040.0|cost=808.0, Sigma Supreme=4500.0|cost=900.0, Sigma Premium=3850.0|cost=770.0, Sigma Light=3460.0|cost=692.0",Pagina 15,0.82,,1.67,,,,,False
Dynamic Work,1.67 Fotossensível Blue UV,Dynamic Work 1.67 Fotossensível Blue UV,Resina,1.67,3100.0,620.0,"Sigma Blue=4190.0|cost=838.0, Sigma Supreme=4650.0|cost=930.0, Sigma Premium=4000.0|cost=800.0, Sigma Light=3610.0|cost=722.0",Pagina 15,0.82,,1.67,,,,,False
Dynamic Work,1.67 Photofusion,Dynamic Work 1.67 Photofusion,Resina,1.67,4700.0,940.0,"Sigma Blue=5790.0|cost=1158.0, Sigma Supreme=6250.0|cost=1250.0, Sigma Premium=5600.0|cost=1120.0, Sigma Light=5210.0|cost=1042.0",Pagina 15,0.82,,1.67,,,,,False
Dynamic Work,1.67 Transitions Cinza,Dynamic Work 1.67 Transitions Cinza,Resina,1.67,4700.0,940.0,"Sigma Blue=5790.0|cost=1158.0, Sigma Supreme=6250.0|cost=1250.0, Sigma Premium=5600.0|cost=1120.0, Sigma Light=5210.0|cost=1042.0",Pagina 15,0.82,,1.67,,,,,False
Dynamic Work,1.67 Incolor,Dynamic Work 1.67 Incolor,Resina,1.67,3550.0,710.0,"Sigma Blue=4640.0|cost=928.0, Sigma Supreme=5100.0|cost=1020.0, Sigma Premium=4450.0|cost=890.0, Sigma Light=4060.0|cost=812.0",Pagina 15,0.82,,1.67,,,,,False
Dynamic Work,1.74 Blue UV,Dynamic Work 1.74 Blue UV,Resina,1.74,4150.0,830.0,"Sigma Blue=5240.0|cost=1048.0, Sigma Supreme=5700.0|cost=1140.0, Sigma Premium=5050.0|cost=1010.0, Sigma Light=4660.0|cost=932.0",Pagina 15,0.82,,1.74,,,,,False
Dynamic Work,1.74 Fotossensível,Dynamic Work 1.74 Fotossensível,Resina,1.74,4150.0,830.0,"Sigma Blue=5240.0|cost=1048.0, Sigma Supreme=5700.0|cost=1140.0, Sigma Premium=5050.0|cost=1010.0, Sigma Light=4660.0|cost=932.0",Pagina 15,0.82,,1.74,,,,,False
Dynamic Work,1.74 Transitions Cinza,Dynamic Work 1.74 Transitions Cinza,Resina,1.74,6100.0,1220.0,"Sigma Blue=7190.0|cost=1438.0, Sigma Supreme=7650.0|cost=1530.0, Sigma Premium=7000.0|cost=1400.0, Sigma Light=6610.0|cost=1322.0",Pagina 15,0.82,,1.74,,,,,False
Dynamic Relax,1.59 Incolor,Dynamic Relax 1.59 Incolor,Policarbonato,1.59,1250.0,250.0,"Sigma Blue=2340.0|cost=468.0, Sigma Supreme=2800.0|cost=560.0, Sigma Premium=2150.0|cost=430.0, Sigma Light=1760.0|cost=352.0",Pagina 16,0.72,,1.59,,,,,False
Dynamic Relax,1.59 Blue UV,Dynamic Relax 1.59 Blue UV,Policarbonato,1.59,1425.0,285.0,"Sigma Blue=2515.0|cost=503.0, Sigma Supreme=2975.0|cost=595.0, Sigma Premium=2325.0|cost=465.0, Sigma Light=1935.0|cost=387.0",Pagina 16,0.72,,1.59,,,,,False
Dynamic Relax,1.60 Fotossensível,Dynamic Relax 1.60 Fotossensível,Resina,1.6,1525.0,305.0,"Sigma Blue=2615.0|cost=523.0, Sigma Supreme=3075.0|cost=615.0, Sigma Premium=2425.0|cost=485.0, Sigma Light=2035.0|cost=407.0",Pagina 16,0.72,,1.60,,,,,False
Dynamic Relax,1.60 Fotossensível Blue UV,Dynamic Relax 1.60 Fotossensível Blue UV,Resina,1.6,1700.0,340.0,"Sigma Blue=2790.0|cost=558.0, Sigma Supreme=3250.0|cost=650.0, Sigma Premium=2600.0|cost=520.0, Sigma Light=2210.0|cost=442.0",Pagina 16,0.72,,1.60,,,,,False
Dynamic Relax,1.60 Incolor,Dynamic Relax 1.60 Incolor,Resina,1.6,1525.0,305.0,"Sigma Blue=2615.0|cost=523.0, Sigma Supreme=3075.0|cost=615.0, Sigma Premium=2425.0|cost=485.0, Sigma Light=2035.0|cost=407.0",Pagina 16,0.72,,1.60,,,,,False
Dynamic Relax,1.60 Incolor Antirreﬂexo Externo,Dynamic Relax 1.60 Incolor Antirreﬂexo Externo,Resina,1.6,1750.0,350.0,"Sigma Blue=2840.0|cost=568.0, Sigma Supreme=3300.0|cost=660.0, Sigma Premium=2650.0|cost=530.0, Sigma Light=2260.0|cost=452.0",Pagina 16,0.72,,1.60,,,,,False
Dynamic Relax,1.60 Blue UV,Dynamic Relax 1.60 Blue UV,Resina,1.6,1750.0,350.0,"Sigma Blue=2840.0|cost=568.0, Sigma Supreme=3300.0|cost=660.0, Sigma Premium=2650.0|cost=530.0, Sigma Light=2260.0|cost=452.0",Pagina 16,0.72,,1.60,,,,,False
Dynamic Relax,1.60 Blue UV Antirreﬂexo Externo,Dynamic Relax 1.60 Blue UV Antirreﬂexo Externo,Resina,1.6,1975.0,395.0,"Sigma Blue=3065.0|cost=613.0, Sigma Supreme=3525.0|cost=705.0, Sigma Premium=2875.0|cost=575.0, Sigma Light=2485.0|cost=497.0",Pagina 16,0.72,,1.60,,,,,False
Dynamic Relax,1.67 Fotossensível,Dynamic Relax 1.67 Fotossensível,Resina,1.67,2250.0,450.0,"Sigma Blue=3340.0|cost=668.0, Sigma Supreme=3800.0|cost=760.0, Sigma Premium=3150.0|cost=630.0, Sigma Light=2760.0|cost=552.0",Pagina 16,0.72,,1.67,,,,,False
Dynamic Relax,1.67 Fotossensível Blue UV,Dynamic Relax 1.67 Fotossensível Blue UV,Resina,1.67,2775.0,555.0,"Sigma Blue=3865.0|cost=773.0, Sigma Supreme=4325.0|cost=865.0, Sigma Premium=3675.0|cost=735.0, Sigma Light=3285.0|cost=657.0",Pagina 16,0.72,,1.67,,,,,False
Dynamic Relax,1.67 Photofusion,Dynamic Relax 1.67 Photofusion,Resina,1.67,4650.0,930.0,"Sigma Blue=5740.0|cost=1148.0, Sigma Supreme=6200.0|cost=1240.0, Sigma Premium=5550.0|cost=1110.0, Sigma Light=5160.0|cost=1032.0",Pagina 16,0.72,,1.67,,,,,False
Dynamic Relax,1.67 Transitions Cinza,Dynamic Relax 1.67 Transitions Cinza,Resina,1.67,4650.0,930.0,"Sigma Blue=5740.0|cost=1148.0, Sigma Supreme=6200.0|cost=1240.0, Sigma Premium=5550.0|cost=1110.0, Sigma Light=5160.0|cost=1032.0",Pagina 16,0.72,,1.67,,,,,False
Dynamic Relax,1.67 Incolor,Dynamic Relax 1.67 Incolor,Resina,1.67,3700.0,740.0,"Sigma Blue=4790.0|cost=958.0, Sigma Supreme=5250.0|cost=1050.0, Sigma Premium=4600.0|cost=920.0, Sigma Light=4210.0|cost=842.0",Pagina 16,0.82,,1.67,,,,,False
Dynamic Relax,1.67 Blue UV,Dynamic Relax 1.67 Blue UV,Resina,1.67,4250.0,850.0,"Sigma Blue=5340.0|cost=1068.0, Sigma Supreme=5800.0|cost=1160.0, Sigma Premium=5150.0|cost=1030.0, Sigma Light=4760.0|cost=952.0",Pagina 16,0.82,,1.67,,,,,False
Dynamic Relax,1.74 Fotossensível,Dynamic Relax 1.74 Fotossensível,Resina,1.74,4375.0,875.0,"Sigma Blue=5465.0|cost=1093.0, Sigma Supreme=5925.0|cost=1185.0, Sigma Premium=5275.0|cost=1055.0, Sigma Light=4885.0|cost=977.0",Pagina 16,0.82,,1.74,,,,,False
Dynamic Relax,1.74 Fotossensível Blue UV,Dynamic Relax 1.74 Fotossensível Blue UV,Resina,1.74,4525.0,905.0,"Sigma Blue=5615.0|cost=1123.0, Sigma Supreme=6075.0|cost=1215.0, Sigma Premium=5425.0|cost=1085.0, Sigma Light=5035.0|cost=1007.0",Pagina 16,0.82,,1.74,,,,,False
Dynamic Relax,1.74 Transitions,Dynamic Relax 1.74 Transitions,Resina,1.74,6550.0,1310.0,"Sigma Blue=7640.0|cost=1528.0, Sigma Supreme=8100.0|cost=1620.0, Sigma Premium=7450.0|cost=1490.0, Sigma Light=7060.0|cost=1412.0",Pagina 16,0.82,,1.74,,,,,False
Dynamic Single,1.53 Incolor,Dynamic Single 1.53 Incolor,Resina,1.53,600.0,120.0,"Sigma Blue=1690.0|cost=338.0, Sigma Supreme=2150.0|cost=430.0, Sigma Premium=1500.0|cost=300.0, Sigma Light=1110.0|cost=222.0",Pagina 17,0.72,,1.53,,,,,False
Dynamic Single,1.53 Incolor Antirreﬂexo Externo,Dynamic Single 1.53 Incolor Antirreﬂexo Externo,Resina,1.53,700.0,140.0,"Sigma Blue=1790.0|cost=358.0, Sigma Supreme=2250.0|cost=450.0, Sigma Premium=1600.0|cost=320.0, Sigma Light=1210.0|cost=242.0",Pagina 17,0.72,,1.53,,,,,False
Dynamic Single,1.53 Blue UV,Dynamic Single 1.53 Blue UV,Resina,1.53,650.0,130.0,"Sigma Blue=1740.0|cost=348.0, Sigma Supreme=2200.0|cost=440.0, Sigma Premium=1550.0|cost=310.0, Sigma Light=1160.0|cost=232.0",Pagina 17,0.72,,1.53,,,,,False
Dynamic Single,1.56 Blue UV Antirreﬂexo Externo,Dynamic Single 1.56 Blue UV Antirreﬂexo Externo,Resina,1.56,775.0,155.0,"Sigma Blue=1865.0|cost=373.0, Sigma Supreme=2325.0|cost=465.0, Sigma Premium=1675.0|cost=335.0, Sigma Light=1285.0|cost=257.0",Pagina 17,0.72,,1.56,,,,,False
Dynamic Single,1.56 Fotossensível,Dynamic Single 1.56 Fotossensível,Resina,1.56,650.0,130.0,"Sigma Blue=1740.0|cost=348.0, Sigma Supreme=2200.0|cost=440.0, Sigma Premium=1550.0|cost=310.0, Sigma Light=1160.0|cost=232.0",Pagina 17,0.72,,1.56,,,,,False
Dynamic Single,1.56 Fotossensível Blue UV,Dynamic Single 1.56 Fotossensível Blue UV,Resina,1.56,1310.0,262.0,"Sigma Blue=2400.0|cost=480.0, Sigma Supreme=2860.0|cost=572.0, Sigma Premium=2210.0|cost=442.0, Sigma Light=1820.0|cost=364.0",Pagina 17,0.72,,1.56,,,,,False
Dynamic Single,1.56 Fotossensível Antirreﬂexo Externo,Dynamic Single 1.56 Fotossensível Antirreﬂexo Externo,Resina,1.56,775.0,155.0,"Sigma Blue=1865.0|cost=373.0, Sigma Supreme=2325.0|cost=465.0, Sigma Premium=1675.0|cost=335.0, Sigma Light=1285.0|cost=257.0",Pagina 17,0.72,,1.56,,,,,False
Dynamic Single,1.59 Incolor,Dynamic Single 1.59 Incolor,Policarbonato,1.59,1050.0,210.0,"Sigma Blue=2140.0|cost=428.0, Sigma Supreme=2600.0|cost=520.0, Sigma Premium=1950.0|cost=390.0, Sigma Light=1560.0|cost=312.0",Pagina 17,0.72,,1.59,,,,,False
Dynamic Single,1.59 Blue UV,Dynamic Single 1.59 Blue UV,Policarbonato,1.59,1075.0,215.0,"Sigma Blue=2165.0|cost=433.0, Sigma Supreme=2625.0|cost=525.0, Sigma Premium=1975.0|cost=395.0, Sigma Light=1585.0|cost=317.0",Pagina 17,0.72,,1.59,,,,,False
Dynamic Single,1.60 Blue UV Antirreﬂexo Externo,Dynamic Single 1.60 Blue UV Antirreﬂexo Externo,Resina,1.6,1150.0,230.0,"Sigma Blue=2240.0|cost=448.0, Sigma Supreme=2700.0|cost=540.0, Sigma Premium=2050.0|cost=410.0, Sigma Light=1660.0|cost=332.0",Pagina 17,0.72,,1.60,,,,,False
Dynamic Single,1.60 Fotossensível,Dynamic Single 1.60 Fotossensível,Resina,1.6,1415.0,283.0,"Sigma Blue=2505.0|cost=501.0, Sigma Supreme=2965.0|cost=593.0, Sigma Premium=2315.0|cost=463.0, Sigma Light=1925.0|cost=385.0",Pagina 17,0.72,,1.60,,,,,False
Dynamic Single,1.60 Fotossensível Blue UV,Dynamic Single 1.60 Fotossensível Blue UV,Resina,1.6,1525.0,305.0,"Sigma Blue=2615.0|cost=523.0, Sigma Supreme=3075.0|cost=615.0, Sigma Premium=2425.0|cost=485.0, Sigma Light=2035.0|cost=407.0",Pagina 17,0.72,,1.60,,,,,False
Dynamic Single,1.60 Incolor,Dynamic Single 1.60 Incolor,Resina,1.6,1900.0,380.0,"Sigma Blue=2990.0|cost=598.0, Sigma Supreme=3450.0|cost=690.0, Sigma Premium=2800.0|cost=560.0, Sigma Light=2410.0|cost=482.0",Pagina 17,0.72,,1.60,,,,,False
Dynamic Single,1.60 Incolor Antirreﬂexo Externo,Dynamic Single 1.60 Incolor Antirreﬂexo Externo,Resina,1.6,2125.0,425.0,"Sigma Blue=3215.0|cost=643.0, Sigma Supreme=3675.0|cost=735.0, Sigma Premium=3025.0|cost=605.0, Sigma Light=2635.0|cost=527.0",Pagina 17,0.72,,1.60,,,,,False
Dynamic Single,1.60 Blue UV,Dynamic Single 1.60 Blue UV,Resina,1.6,2075.0,415.0,"Sigma Blue=3165.0|cost=633.0, Sigma Supreme=3625.0|cost=725.0, Sigma Premium=2975.0|cost=595.0, Sigma Light=2585.0|cost=517.0",Pagina 17,0.72,,1.60,,,,,False
Dynamic Single,1.67 Blue UV Antirreﬂexo Externo,Dynamic Single 1.67 Blue UV Antirreﬂexo Externo,Resina,1.67,2250.0,450.0,"Sigma Blue=3340.0|cost=668.0, Sigma Supreme=3800.0|cost=760.0, Sigma Premium=3150.0|cost=630.0, Sigma Light=2760.0|cost=552.0",Pagina 17,0.72,,1.67,,,,,False
Dynamic Single,1.67 Fotossensível,Dynamic Single 1.67 Fotossensível,Resina,1.67,2940.0,588.0,"Sigma Blue=4030.0|cost=806.0, Sigma Supreme=4490.0|cost=898.0, Sigma Premium=3840.0|cost=768.0, Sigma Light=3450.0|cost=690.0",Pagina 17,0.72,,1.67,,,,,False
Dynamic Single,1.67 Photofusion,Dynamic Single 1.67 Photofusion,Resina,1.67,5250.0,1050.0,"Sigma Blue=6340.0|cost=1268.0, Sigma Supreme=6800.0|cost=1360.0, Sigma Premium=6150.0|cost=1230.0, Sigma Light=5760.0|cost=1152.0",Pagina 17,0.72,,1.67,,,,,False
Dynamic Single,1.67 Transitions Cinza,Dynamic Single 1.67 Transitions Cinza,Resina,1.67,5250.0,1050.0,"Sigma Blue=6340.0|cost=1268.0, Sigma Supreme=6800.0|cost=1360.0, Sigma Premium=6150.0|cost=1230.0, Sigma Light=5760.0|cost=1152.0",Pagina 17,0.72,,1.67,,,,,False
Dynamic Single,1.67 Fotossensível Blue UV,Dynamic Single 1.67 Fotossensível Blue UV,Resina,1.67,2725.0,545.0,"Sigma Blue=3815.0|cost=763.0, Sigma Supreme=4275.0|cost=855.0, Sigma Premium=3625.0|cost=725.0, Sigma Light=3235.0|cost=647.0",Pagina 17,0.72,,1.67,,,,,False
Dynamic Single,1.67 Fotossensível Antirreﬂexo Externo,Dynamic Single 1.67 Fotossensível Antirreﬂexo Externo,Resina,1.67,3150.0,630.0,"Sigma Blue=4240.0|cost=848.0, Sigma Supreme=4700.0|cost=940.0, Sigma Premium=4050.0|cost=810.0, Sigma Light=3660.0|cost=732.0",Pagina 17,0.72,,1.67,,,,,False
Dynamic Single,1.67 Incolor,Dynamic Single 1.67 Incolor,Resina,1.67,3550.0,710.0,"Sigma Blue=4640.0|cost=928.0, Sigma Supreme=5100.0|cost=1020.0, Sigma Premium=4450.0|cost=890.0, Sigma Light=4060.0|cost=812.0",Pagina 17,0.72,,1.67,,,,,False
Dynamic Single,1.67 Blue UV,Dynamic Single 1.67 Blue UV,Resina,1.67,3700.0,740.0,"Sigma Blue=4790.0|cost=958.0, Sigma Supreme=5250.0|cost=1050.0, Sigma Premium=4600.0|cost=920.0, Sigma Light=4210.0|cost=842.0",Pagina 17,0.72,,1.67,,,,,False
Dynamic Single,1.74 Fotossensível,Dynamic Single 1.74 Fotossensível,Resina,1.74,4360.0,872.0,"Sigma Blue=5450.0|cost=1090.0, Sigma Supreme=5910.0|cost=1182.0, Sigma Premium=5260.0|cost=1052.0, Sigma Light=4870.0|cost=974.0",Pagina 17,0.72,,1.74,,,,,False
Dynamic Single,1.74 Fotossensível Blue UV,Dynamic Single 1.74 Fotossensível Blue UV,Resina,1.74,5075.0,1015.0,"Sigma Blue=6165.0|cost=1233.0, Sigma Supreme=6625.0|cost=1325.0, Sigma Premium=5975.0|cost=1195.0, Sigma Light=5585.0|cost=1117.0",Pagina 17,0.72,,1.74,,,,,False
Dynamic Single,1.74 Transitions,Dynamic Single 1.74 Transitions,Resina,1.74,7650.0,1530.0,"Sigma Blue=8740.0|cost=1748.0, Sigma Supreme=9200.0|cost=1840.0, Sigma Premium=8550.0|cost=1710.0, Sigma Light=8160.0|cost=1632.0",Pagina 17,0.72,,1.74,,,,,False
MioKids,1.59 Incolor,MioKids 1.59 Incolor,Policarbonato,1.59,1599.0,,"Sigma Blue=1817.0|cost=1018.0, Sigma Supreme=1909.0|cost=1110.0, Sigma Premium=1779.0|cost=980.0, Sigma Light=1701.0|cost=902.0",Pagina 18,0.68,,MioKids,,,,,False
Visão Simples Surfaçadas Digital,1.53 Incolor,Visão Simples Surfaçadas Digital 1.53 Incolor,Resina,1.53,550.0,110.0,"Sigma Blue=1640.0|cost=328.0, Sigma Supreme=2100.0|cost=420.0, Sigma Premium=1450.0|cost=290.0, Sigma Light=1060.0|cost=212.0",Pagina 19,0.82,,1.53,,,,,False
Visão Simples Surfaçadas Digital,1.53 Incolor Antirreﬂexo Externo,Visão Simples Surfaçadas Digital 1.53 Incolor Antirreﬂexo Externo,Resina,1.53,450.0,90.0,"Sigma Blue=1540.0|cost=308.0, Sigma Supreme=2000.0|cost=400.0, Sigma Premium=1350.0|cost=270.0, Sigma Light=960.0|cost=192.0",Pagina 19,0.82,,1.53,,,,,False
Visão Simples Surfaçadas Digital,1.53 Blue UV,Visão Simples Surfaçadas Digital 1.53 Blue UV,Resina,1.53,600.0,120.0,"Sigma Blue=1690.0|cost=338.0, Sigma Supreme=2150.0|cost=430.0, Sigma Premium=1500.0|cost=300.0, Sigma Light=1110.0|cost=222.0",Pagina 19,0.82,,1.53,,,,,False
Visão Simples Surfaçadas Digital,1.56 Blue UV Antirreﬂexo Externo,Visão Simples Surfaçadas Digital 1.56 Blue UV Antirreﬂexo Externo,Resina,1.56,700.0,140.0,"Sigma Blue=1790.0|cost=358.0, Sigma Supreme=2250.0|cost=450.0, Sigma Premium=1600.0|cost=320.0, Sigma Light=1210.0|cost=242.0",Pagina 19,0.82,,1.56,,,,,False
Visão Simples Surfaçadas Digital,1.56 Fotossensível,Visão Simples Surfaçadas Digital 1.56 Fotossensível,Resina,1.56,625.0,125.0,"Sigma Blue=1715.0|cost=343.0, Sigma Supreme=2175.0|cost=435.0, Sigma Premium=1525.0|cost=305.0, Sigma Light=1135.0|cost=227.0",Pagina 19,0.82,,1.56,,,,,False
Visão Simples Surfaçadas Digital,1.56 Fotossensível Blue UV,Visão Simples Surfaçadas Digital 1.56 Fotossensível Blue UV,Resina,1.56,1250.0,250.0,"Sigma Blue=2340.0|cost=468.0, Sigma Supreme=2800.0|cost=560.0, Sigma Premium=2150.0|cost=430.0, Sigma Light=1760.0|cost=352.0",Pagina 19,0.82,,1.56,,,,,False
Visão Simples Surfaçadas Digital,1.56 Fotossensível Antirreﬂexo Externo,Visão Simples Surfaçadas Digital 1.56 Fotossensível Antirreﬂexo Externo,Resina,1.56,700.0,140.0,"Sigma Blue=1790.0|cost=358.0, Sigma Supreme=2250.0|cost=450.0, Sigma Premium=1600.0|cost=320.0, Sigma Light=1210.0|cost=242.0",Pagina 19,0.82,,1.56,,,,,False
Visão Simples Surfaçadas Digital,1.59 Incolor,Visão Simples Surfaçadas Digital 1.59 Incolor,Policarbonato,1.59,1000.0,200.0,"Sigma Blue=2090.0|cost=418.0, Sigma Supreme=2550.0|cost=510.0, Sigma Premium=1900.0|cost=380.0, Sigma Light=1510.0|cost=302.0",Pagina 19,0.82,,1.59,,,,,False
Visão Simples Surfaçadas Digital,1.59 Blue UV,Visão Simples Surfaçadas Digital 1.59 Blue UV,Policarbonato,1.59,1075.0,215.0,"Sigma Blue=2165.0|cost=433.0, Sigma Supreme=2625.0|cost=525.0, Sigma Premium=1975.0|cost=395.0, Sigma Light=1585.0|cost=317.0",Pagina 19,0.82,,1.59,,,,,False
Visão Simples Surfaçadas Digital,1.60 Blue UV Antirreﬂexo Externo,Visão Simples Surfaçadas Digital 1.60 Blue UV Antirreﬂexo Externo,Resina,1.6,1100.0,220.0,"Sigma Blue=2190.0|cost=438.0, Sigma Supreme=2650.0|cost=530.0, Sigma Premium=2000.0|cost=400.0, Sigma Light=1610.0|cost=322.0",Pagina 19,0.82,,1.60,,,,,False
Visão Simples Surfaçadas Digital,1.60 Fotossensível,Visão Simples Surfaçadas Digital 1.60 Fotossensível,Resina,1.6,1375.0,275.0,"Sigma Blue=2465.0|cost=493.0, Sigma Supreme=2925.0|cost=585.0, Sigma Premium=2275.0|cost=455.0, Sigma Light=1885.0|cost=377.0",Pagina 19,0.82,,1.60,,,,,False
Visão Simples Surfaçadas Digital,1.60 Fotossensível Blue UV,Visão Simples Surfaçadas Digital 1.60 Fotossensível Blue UV,Resina,1.6,1475.0,295.0,"Sigma Blue=2565.0|cost=513.0, Sigma Supreme=3025.0|cost=605.0, Sigma Premium=2375.0|cost=475.0, Sigma Light=1985.0|cost=397.0",Pagina 19,0.82,,1.60,,,,,False
Visão Simples Surfaçadas Digital,1.60 Incolor,Visão Simples Surfaçadas Digital 1.60 Incolor,Resina,1.6,750.0,150.0,"Sigma Blue=1840.0|cost=368.0, Sigma Supreme=2300.0|cost=460.0, Sigma Premium=1650.0|cost=330.0, Sigma Light=1260.0|cost=252.0",Pagina 19,0.82,,1.60,,,,,False
Visão Simples Surfaçadas Digital,1.60 Incolor Antirreﬂexo Externo,Visão Simples Surfaçadas Digital 1.60 Incolor Antirreﬂexo Externo,Resina,1.6,1900.0,380.0,"Sigma Blue=2990.0|cost=598.0, Sigma Supreme=3450.0|cost=690.0, Sigma Premium=2800.0|cost=560.0, Sigma Light=2410.0|cost=482.0",Pagina 19,0.82,,1.60,,,,,False
Visão Simples Surfaçadas Digital,1.60 Blue UV,Visão Simples Surfaçadas Digital 1.60 Blue UV,Resina,1.6,2025.0,405.0,"Sigma Blue=3115.0|cost=623.0, Sigma Supreme=3575.0|cost=715.0, Sigma Premium=2925.0|cost=585.0, Sigma Light=2535.0|cost=507.0",Pagina 19,0.82,,1.60,,,,,False
Visão Simples Surfaçadas Digital,1.60 Blue UVDigital Antirreﬂexo Externo,Visão Simples Surfaçadas Digital 1.60 Blue UVDigital Antirreﬂexo Externo,Resina,1.6,2200.0,440.0,"Sigma Blue=3290.0|cost=658.0, Sigma Supreme=3750.0|cost=750.0, Sigma Premium=3100.0|cost=620.0, Sigma Light=2710.0|cost=542.0",Pagina 19,0.82,,1.60,,,,,False
Visão Simples Surfaçadas Digital,1.67 Fotossensível,Visão Simples Surfaçadas Digital 1.67 Fotossensível,Resina,1.67,2850.0,570.0,"Sigma Blue=3940.0|cost=788.0, Sigma Supreme=4400.0|cost=880.0, Sigma Premium=3750.0|cost=750.0, Sigma Light=3360.0|cost=672.0",Pagina 19,0.82,,1.67,,,,,False
Visão Simples Surfaçadas Digital,1.67 Fotossensível Antirreﬂexo Externo,Visão Simples Surfaçadas Digital 1.67 Fotossensível Antirreﬂexo Externo,Resina,1.67,3100.0,620.0,"Sigma Blue=4190.0|cost=838.0, Sigma Supreme=4650.0|cost=930.0, Sigma Premium=4000.0|cost=800.0, Sigma Light=3610.0|cost=722.0",Pagina 19,0.82,,1.67,,,,,False
Visão Simples Surfaçadas Digital,1.67 Fotossensível Blue UV,Visão Simples Surfaçadas Digital 1.67 Fotossensível Blue UV,Resina,1.67,2600.0,520.0,"Sigma Blue=3690.0|cost=738.0, Sigma Supreme=4150.0|cost=830.0, Sigma Premium=3500.0|cost=700.0, Sigma Light=3110.0|cost=622.0",Pagina 19,0.82,,1.67,,,,,False
Visão Simples Surfaçadas Digital,1.67 Photofusion,Visão Simples Surfaçadas Digital 1.67 Photofusion,Resina,1.67,5125.0,1025.0,"Sigma Blue=6215.0|cost=1243.0, Sigma Supreme=6675.0|cost=1335.0, Sigma Premium=6025.0|cost=1205.0, Sigma Light=5635.0|cost=1127.0",Pagina 19,0.82,,1.67,,,,,False
Visão Simples Surfaçadas Digital,1.67 Transitions,Visão Simples Surfaçadas Digital 1.67 Transitions,Resina,1.67,5125.0,1025.0,"Sigma Blue=6215.0|cost=1243.0, Sigma Supreme=6675.0|cost=1335.0, Sigma Premium=6025.0|cost=1205.0, Sigma Light=5635.0|cost=1127.0",Pagina 19,0.82,,1.67,,,,,False
Visão Simples Surfaçadas Digital,1.67 Incolor,Visão Simples Surfaçadas Digital 1.67 Incolor,Resina,1.67,3270.0,654.0,"Sigma Blue=4360.0|cost=872.0, Sigma Supreme=4820.0|cost=964.0, Sigma Premium=4170.0|cost=834.0, Sigma Light=3780.0|cost=756.0",Pagina 19,0.82,,1.67,,,,,False
Visão Simples Surfaçadas Digital,1.67 Blue UV,Visão Simples Surfaçadas Digital 1.67 Blue UV,Resina,1.67,3650.0,730.0,"Sigma Blue=4740.0|cost=948.0, Sigma Supreme=5200.0|cost=1040.0, Sigma Premium=4550.0|cost=910.0, Sigma Light=4160.0|cost=832.0",Pagina 19,0.82,,1.67,,,,,False
Visão Simples Surfaçadas Digital,1.74 Fotossensível,Visão Simples Surfaçadas Digital 1.74 Fotossensível,Resina,1.74,4375.0,875.0,"Sigma Blue=5465.0|cost=1093.0, Sigma Supreme=5925.0|cost=1185.0, Sigma Premium=5275.0|cost=1055.0, Sigma Light=4885.0|cost=977.0",Pagina 19,0.82,,1.74,,,,,False
Visão Simples Surfaçadas Digital,1.74 Fotossensível Blue UV,Visão Simples Surfaçadas Digital 1.74 Fotossensível Blue UV,Resina,1.74,5025.0,1005.0,"Sigma Blue=6115.0|cost=1223.0, Sigma Supreme=6575.0|cost=1315.0, Sigma Premium=5925.0|cost=1185.0, Sigma Light=5535.0|cost=1107.0",Pagina 19,0.82,,1.74,,,,,False
Visão Simples Surfaçadas Digital,1.74 Transitions,Visão Simples Surfaçadas Digital 1.74 Transitions,Resina,1.74,7550.0,1510.0,"Sigma Blue=8640.0|cost=1728.0, Sigma Supreme=9100.0|cost=1820.0, Sigma Premium=8450.0|cost=1690.0, Sigma Light=8060.0|cost=1612.0",Pagina 19,0.82,,1.74,,,,,False
Hoyalux Argos,1.50 Incolor Argos 18,Hoyalux Argos 1.50 Incolor Argos 18,Resina,1.5,1248.0,416.0,"Sigma Blue=1902.0|cost=634.0, Sigma Supreme=2178.0|cost=726.0, Sigma Premium=1788.0|cost=596.0, Sigma Light=1554.0|cost=518.0",Pagina 20,0.9,Hoyalux Argos,,,,20_multimarcas,,False
Hoyalux Argos,1.50 Incolor Argos 14,Hoyalux Argos 1.50 Incolor Argos 14,Resina,1.5,1248.0,416.0,"Sigma Blue=1902.0|cost=634.0, Sigma Supreme=2178.0|cost=726.0, Sigma Premium=1788.0|cost=596.0, Sigma Light=1554.0|cost=518.0",Pagina 20,0.9,Hoyalux Argos,,,,20_multimarcas,,False
Hoyalux Amplus,1.50 Incolor,Hoyalux Amplus 1.50 Incolor,Resina,1.5,828.0,276.0,"Sigma Blue=1482.0|cost=494.0, Sigma Supreme=1758.0|cost=586.0, Sigma Premium=1368.0|cost=456.0, Sigma Light=1134.0|cost=378.0",Pagina 20,0.9,Hoyalux Amplus,,,,20_multimarcas,,False
Varilux Comfort,1.50 Incolor,Varilux Comfort 1.50 Incolor,Resina,1.5,2376.0,792.0,"Sigma Blue=3030.0|cost=1010.0, Sigma Supreme=3306.0|cost=1102.0, Sigma Premium=2916.0|cost=972.0, Sigma Light=2682.0|cost=894.0",Pagina 20,0.9,Varilux Comfort,,,,20_multimarcas,,False
Varilux Comfort,1.59 Incolor,Varilux Comfort 1.59 Incolor,Policarbonato,1.59,2847.0,949.0,"Sigma Blue=3501.0|cost=1167.0, Sigma Supreme=3777.0|cost=1259.0, Sigma Premium=3387.0|cost=1129.0, Sigma Light=3153.0|cost=1051.0",Pagina 20,0.9,Varilux Comfort,,,,20_multimarcas,,False
Varilux Liberty,1.50 Incolor,Varilux Liberty 1.50 Incolor,Resina,1.5,1227.0,409.0,"Sigma Blue=1881.0|cost=627.0, Sigma Supreme=2157.0|cost=719.0, Sigma Premium=1767.0|cost=589.0, Sigma Light=1533.0|cost=511.0",Pagina 20,0.9,Varilux Liberty,,,,20_multimarcas,,False
Varilux Liberty,1.50 Transitions,Varilux Liberty 1.50 Transitions,Resina,1.5,3117.0,1039.0,"Sigma Blue=3771.0|cost=1257.0, Sigma Supreme=4047.0|cost=1349.0, Sigma Premium=3657.0|cost=1219.0, Sigma Light=3423.0|cost=1141.0",Pagina 20,0.9,Varilux Liberty,,,,20_multimarcas,,False
Varilux Liberty,1.59 Incolor,Varilux Liberty 1.59 Incolor,Policarbonato,1.59,1806.0,602.0,"Sigma Blue=2460.0|cost=820.0, Sigma Supreme=2736.0|cost=912.0, Sigma Premium=2346.0|cost=782.0, Sigma Light=2112.0|cost=704.0",Pagina 20,0.9,Varilux Liberty,,,,20_multimarcas,,False
Varilux Liberty,1.59 Transitions,Varilux Liberty 1.59 Transitions,Policarbonato,1.59,3660.0,1220.0,"Sigma Blue=4314.0|cost=1438.0, Sigma Supreme=4590.0|cost=1530.0, Sigma Premium=4200.0|cost=1400.0, Sigma Light=3966.0|cost=1322.0",Pagina 20,0.9,Varilux Liberty,,,,20_multimarcas,,False
Espace Plus,1.50 Incolor,Espace Plus 1.50 Incolor,Resina,1.5,738.0,246.0,"Sigma Blue=1392.0|cost=464.0, Sigma Supreme=1668.0|cost=556.0, Sigma Premium=1278.0|cost=426.0, Sigma Light=1044.0|cost=348.0",Pagina 20,0.9,Espace Plus,,,,20_multimarcas,,False
Espace Plus,1.50 Fotossensível Transitions,Espace Plus 1.50 Fotossensível Transitions,Resina,1.5,1614.0,538.0,"Sigma Blue=2268.0|cost=756.0, Sigma Supreme=2544.0|cost=848.0, Sigma Premium=2154.0|cost=718.0, Sigma Light=1920.0|cost=640.0",Pagina 20,0.9,Espace Plus,,,,20_multimarcas,,False
Espace Plus,1.59 Incolor,Espace Plus 1.59 Incolor,Policarbonato,1.59,1089.0,363.0,"Sigma Blue=1743.0|cost=581.0, Sigma Supreme=2019.0|cost=673.0, Sigma Premium=1629.0|cost=543.0, Sigma Light=1395.0|cost=465.0",Pagina 20,0.9,Espace Plus,,,,20_multimarcas,,False
Espace Plus,1.59 Fotossensível Transitions,Espace Plus 1.59 Fotossensível Transitions,Policarbonato,1.59,2340.0,780.0,"Sigma Blue=2994.0|cost=998.0, Sigma Supreme=3270.0|cost=1090.0, Sigma Premium=2880.0|cost=960.0, Sigma Light=2646.0|cost=882.0",Pagina 20,0.9,Espace Plus,,,,20_multimarcas,,False
Espace Short,1.50 Incolor,Espace Short 1.50 Incolor,Resina,1.5,738.0,246.0,"Sigma Blue=1392.0|cost=464.0, Sigma Supreme=1668.0|cost=556.0, Sigma Premium=1278.0|cost=426.0, Sigma Light=1044.0|cost=348.0",Pagina 20,0.9,Espace Short,,,,20_multimarcas,,False
Espace Short,1.50 Fotossensível Transitions,Espace Short 1.50 Fotossensível Transitions,Resina,1.5,1614.0,538.0,"Sigma Blue=2268.0|cost=756.0, Sigma Supreme=2544.0|cost=848.0, Sigma Premium=2154.0|cost=718.0, Sigma Light=1920.0|cost=640.0",Pagina 20,0.9,Espace Short,,,,20_multimarcas,,False
Espace Short,1.50 Fotossensível Acclimates,Espace Short 1.50 Fotossensível Acclimates,Resina,1.5,960.0,320.0,"Sigma Blue=1614.0|cost=538.0, Sigma Supreme=1890.0|cost=630.0, Sigma Premium=1500.0|cost=500.0, Sigma Light=1266.0|cost=422.0",Pagina 20,0.9,Espace Short,,,,20_multimarcas,,False
Espace,1.50 Incolor,Espace 1.50 Incolor,Resina,1.5,408.0,136.0,"Sigma Blue=1062.0|cost=354.0, Sigma Supreme=1338.0|cost=446.0, Sigma Premium=948.0|cost=316.0, Sigma Light=714.0|cost=238.0",Pagina 20,0.9,Espace,,,,20_multimarcas,,False
Espace,1.50 Fotossensível Acclimates,Espace 1.50 Fotossensível Acclimates,Resina,1.5,867.0,289.0,"Sigma Blue=1521.0|cost=507.0, Sigma Supreme=1797.0|cost=599.0, Sigma Premium=1407.0|cost=469.0, Sigma Light=1173.0|cost=391.0",Pagina 20,0.9,Espace,,,,20_multimarcas,,False
Kodak Precise,1.50 Incolor,Kodak Precise 1.50 Incolor,Resina,1.5,813.0,271.0,"Sigma Blue=1467.0|cost=489.0, Sigma Supreme=1743.0|cost=581.0, Sigma Premium=1353.0|cost=451.0, Sigma Light=1119.0|cost=373.0",Pagina 20,0.9,Kodak Precise,,,,20_multimarcas,,False
Kodak Precise,1.50 Fotossensível Transitions,Kodak Precise 1.50 Fotossensível Transitions,Resina,1.5,2313.0,771.0,"Sigma Blue=2967.0|cost=989.0, Sigma Supreme=3243.0|cost=1081.0, Sigma Premium=2853.0|cost=951.0, Sigma Light=2619.0|cost=873.0",Pagina 20,0.9,Kodak Precise,,,,20_multimarcas,,False
Kodak Precise,1.59 Incolor,Kodak Precise 1.59 Incolor,Policarbonato,1.59,1161.0,387.0,"Sigma Blue=1815.0|cost=605.0, Sigma Supreme=2091.0|cost=697.0, Sigma Premium=1701.0|cost=567.0, Sigma Light=1467.0|cost=489.0",Pagina 20,0.9,Kodak Precise,,,,20_multimarcas,,False
Kodak Precise,1.59 Fotossensível Transitions,Kodak Precise 1.59 Fotossensível Transitions,Policarbonato,1.59,2661.0,887.0,"Sigma Blue=3315.0|cost=1105.0, Sigma Supreme=3591.0|cost=1197.0, Sigma Premium=3201.0|cost=1067.0, Sigma Light=2967.0|cost=989.0",Pagina 20,0.9,Kodak Precise,,,,20_multimarcas,,False
Interview,1.50 Incolor,Interview 1.50 Incolor,Resina,1.5,645.0,215.0,"Sigma Blue=1299.0|cost=433.0, Sigma Supreme=1575.0|cost=525.0, Sigma Premium=1185.0|cost=395.0, Sigma Light=951.0|cost=317.0",Pagina 20,0.9,Interview,,,,20_multimarcas,,False
Solamax Digital,1.50 Incolor,Solamax Digital 1.50 Incolor,Resina,1.5,441.0,147.0,"Sigma Blue=1095.0|cost=365.0, Sigma Supreme=1371.0|cost=457.0, Sigma Premium=981.0|cost=327.0, Sigma Light=747.0|cost=249.0",Pagina 20,0.9,Solamax Digital,,,,20_multimarcas,,False
Solamax Digital,1.50 Fotossensível Photofusion,Solamax Digital 1.50 Fotossensível Photofusion,Resina,1.5,1290.0,430.0,"Sigma Blue=1944.0|cost=648.0, Sigma Supreme=2220.0|cost=740.0, Sigma Premium=1830.0|cost=610.0, Sigma Light=1596.0|cost=532.0",Pagina 20,0.9,Solamax Digital,,,,20_multimarcas,,False
Solamax Digital,1.50 Fotossensível Transitions,Solamax Digital 1.50 Fotossensível Transitions,Resina,1.5,1374.0,458.0,"Sigma Blue=2028.0|cost=676.0, Sigma Supreme=2304.0|cost=768.0, Sigma Premium=1914.0|cost=638.0, Sigma Light=1680.0|cost=560.0",Pagina 20,0.9,Solamax Digital,,,,20_multimarcas,,False
Solamax Digital,1.59 Incolor,Solamax Digital 1.59 Incolor,Policarbonato,1.59,1014.0,338.0,"Sigma Blue=1668.0|cost=556.0, Sigma Supreme=1944.0|cost=648.0, Sigma Premium=1554.0|cost=518.0, Sigma Light=1320.0|cost=440.0",Pagina 20,0.9,Solamax Digital,,,,20_multimarcas,,False
Solamax Digital,1.59 Fotossensível Photofusion,Solamax Digital 1.59 Fotossensível Photofusion,Policarbonato,1.59,2256.0,752.0,"Sigma Blue=2910.0|cost=970.0, Sigma Supreme=3186.0|cost=1062.0, Sigma Premium=2796.0|cost=932.0, Sigma Light=2562.0|cost=854.0",Pagina 20,0.9,Solamax Digital,,,,20_multimarcas,,False
Easy M,1.50 Incolor,Easy M 1.50 Incolor,Resina,1.5,246.0,82.0,"Sigma Blue=900.0|cost=300.0, Sigma Supreme=1176.0|cost=392.0, Sigma Premium=786.0|cost=262.0, Sigma Light=552.0|cost=184.0",Pagina 20,0.9,Easy M,,,,20_multimarcas,,False
Easy M,1.50 Fotossensível Photofusion,Easy M 1.50 Fotossensível Photofusion,Resina,1.5,1110.0,370.0,"Sigma Blue=1764.0|cost=588.0, Sigma Supreme=2040.0|cost=680.0, Sigma Premium=1650.0|cost=550.0, Sigma Light=1416.0|cost=472.0",Pagina 20,0.9,Easy M,,,,20_multimarcas,,False
Easy M,1.59 Incolor,Easy M 1.59 Incolor,Policarbonato,1.59,768.0,256.0,"Sigma Blue=1422.0|cost=474.0, Sigma Supreme=1698.0|cost=566.0, Sigma Premium=1308.0|cost=436.0, Sigma Light=1074.0|cost=358.0",Pagina 20,0.9,Easy M,,,,20_multimarcas,,False
Easy M,1.59 FotossensívelPhotofusion,Easy M 1.59 FotossensívelPhotofusion,Policarbonato,1.59,1878.0,626.0,"Sigma Blue=2532.0|cost=844.0, Sigma Supreme=2808.0|cost=936.0, Sigma Premium=2418.0|cost=806.0, Sigma Light=2184.0|cost=728.0",Pagina 20,0.9,Easy M,,,,20_multimarcas,,False
Bifocais Tradicionais,Ultex,Bifocais Tradicionais Ultex,,,276.0,92.0,"Sigma Blue=930.0|cost=310.0, Sigma Supreme=1206.0|cost=402.0, Sigma Premium=816.0|cost=272.0, Sigma Light=582.0|cost=194.0",Pagina 21,0.9,Bifocais Tradicionais,,,,21_bifocais,,False
Bifocais Tradicionais,Ultex Fotossensível,Bifocais Tradicionais Ultex Fotossensível,,,474.0,158.0,"Sigma Blue=1128.0|cost=376.0, Sigma Supreme=1404.0|cost=468.0, Sigma Premium=1014.0|cost=338.0, Sigma Light=780.0|cost=260.0",Pagina 21,0.9,Bifocais Tradicionais,,,,21_bifocais,,False
Bifocais Tradicionais,Panop,Bifocais Tradicionais Panop,,,276.0,92.0,"Sigma Blue=930.0|cost=310.0, Sigma Supreme=1206.0|cost=402.0, Sigma Premium=816.0|cost=272.0, Sigma Light=582.0|cost=194.0",Pagina 21,0.9,Bifocais Tradicionais,,,,21_bifocais,,False
Bifocais Tradicionais,Panop Fotossensível,Bifocais Tradicionais Panop Fotossensível,,,720.0,240.0,"Sigma Blue=1374.0|cost=458.0, Sigma Supreme=1650.0|cost=550.0, Sigma Premium=1260.0|cost=420.0, Sigma Light=1026.0|cost=342.0",Pagina 21,0.9,Bifocais Tradicionais,,,,21_bifocais,,False
Bifocais Tradicionais,Panop Fotossensível Transitions,Bifocais Tradicionais Panop Fotossensível Transitions,,,1860.0,620.0,"Sigma Blue=2514.0|cost=838.0, Sigma Supreme=2790.0|cost=930.0, Sigma Premium=2400.0|cost=800.0, Sigma Light=2166.0|cost=722.0",Pagina 21,0.9,Bifocais Tradicionais,,,,21_bifocais,,False
Bifocais Tradicionais,1.59 Panop,Bifocais Tradicionais 1.59 Panop,Policarbonato,1.59,1044.0,348.0,"Sigma Blue=1698.0|cost=566.0, Sigma Supreme=1974.0|cost=658.0, Sigma Premium=1584.0|cost=528.0, Sigma Light=1350.0|cost=450.0",Pagina 21,0.9,Bifocais Tradicionais,,,,21_bifocais,,False
Bifocais Tradicionais,Kriptok,Bifocais Tradicionais Kriptok,,,276.0,92.0,"Sigma Blue=930.0|cost=310.0, Sigma Supreme=1206.0|cost=402.0, Sigma Premium=816.0|cost=272.0, Sigma Light=582.0|cost=194.0",Pagina 21,0.9,Bifocais Tradicionais,,,,21_bifocais,,False
Bifocais Tradicionais,Kriptok Fotossensível,Bifocais Tradicionais Kriptok Fotossensível,,,783.0,261.0,"Sigma Blue=1437.0|cost=479.0, Sigma Supreme=1713.0|cost=571.0, Sigma Premium=1323.0|cost=441.0, Sigma Light=1089.0|cost=363.0",Pagina 21,0.9,Bifocais Tradicionais,,,,21_bifocais,,False
Bifocais Tradicionais,Executivo 1.50 (Alta dioptrias),Bifocais Tradicionais Executivo 1.50 (Alta dioptrias),Resina,1.5,1440.0,480.0,"Sigma Blue=2094.0|cost=698.0, Sigma Supreme=2370.0|cost=790.0, Sigma Premium=1980.0|cost=660.0, Sigma Light=1746.0|cost=582.0",Pagina 21,0.9,Bifocais Tradicionais,,,,21_bifocais,,False
Bifocais Tradicionais,Executivo 1.60 (Alta dioptrias),Bifocais Tradicionais Executivo 1.60 (Alta dioptrias),Resina,1.6,1830.0,610.0,"Sigma Blue=2445.0|cost=815.0, Sigma Supreme=2763.0|cost=921.0, Sigma Premium=2370.0|cost=790.0, Sigma Light=2136.0|cost=712.0",Pagina 21,0.9,Bifocais Tradicionais,,,,21_bifocais,,False
Bifocais Tradicionais,Executivo 1.67 (Alta dioptrias),Bifocais Tradicionais Executivo 1.67 (Alta dioptrias),Resina,1.67,2322.0,774.0,"Sigma Blue=2976.0|cost=992.0, Sigma Supreme=3252.0|cost=1084.0, Sigma Premium=2862.0|cost=954.0, Sigma Light=2628.0|cost=876.0",Pagina 21,0.9,Bifocais Tradicionais,,,,21_bifocais,,False
Bifocais Digital Freeform,Ultex,Bifocais Digital Freeform Ultex,,,522.0,174.0,"Sigma Blue=1176.0|cost=392.0, Sigma Supreme=1452.0|cost=484.0, Sigma Premium=1062.0|cost=354.0, Sigma Light=828.0|cost=276.0",Pagina 21,0.9,Bifocais Digital Freeform,,,,21_bifocais,,False
Bifocais Digital Freeform,Ultex Fotossensível,Bifocais Digital Freeform Ultex Fotossensível,,,849.0,283.0,"Sigma Blue=1503.0|cost=501.0, Sigma Supreme=1779.0|cost=593.0, Sigma Premium=1389.0|cost=463.0, Sigma Light=1155.0|cost=385.0",Pagina 21,0.9,Bifocais Digital Freeform,,,,21_bifocais,,False
Bifocais Digital Freeform,1.67 Fotossensível Ultex,Bifocais Digital Freeform 1.67 Fotossensível Ultex,Resina,1.67,1764.0,588.0,"Sigma Blue=2418.0|cost=806.0, Sigma Supreme=2694.0|cost=898.0, Sigma Premium=2304.0|cost=768.0, Sigma Light=2070.0|cost=690.0",Pagina 21,0.9,Bifocais Digital Freeform,,,,21_bifocais,,False
Bifocais Digital Freeform,Ultex Fotossensível Transitions,Bifocais Digital Freeform Ultex Fotossensível Transitions,,,2091.0,697.0,"Sigma Blue=2745.0|cost=915.0, Sigma Supreme=3021.0|cost=1007.0, Sigma Premium=2631.0|cost=877.0, Sigma Light=2397.0|cost=799.0",Pagina 21,0.9,Bifocais Digital Freeform,,,,21_bifocais,,False
Bifocais Digital Freeform,1.59 Ultex Fotossensível Transitions,Bifocais Digital Freeform 1.59 Ultex Fotossensível Transitions,Policarbonato,1.59,2484.0,828.0,"Sigma Blue=3138.0|cost=1046.0, Sigma Supreme=3414.0|cost=1138.0, Sigma Premium=3024.0|cost=1008.0, Sigma Light=2790.0|cost=930.0",Pagina 21,0.9,Bifocais Digital Freeform,,,,21_bifocais,,False
Bifocais Digital Freeform,1.67 Ultex Fotossensível Transitions,Bifocais Digital Freeform 1.67 Ultex Fotossensível Transitions,Resina,1.67,3141.0,1047.0,"Sigma Blue=3795.0|cost=1265.0, Sigma Supreme=4071.0|cost=1357.0, Sigma Premium=3681.0|cost=1227.0, Sigma Light=3447.0|cost=1149.0",Pagina 21,0.9,Bifocais Digital Freeform,,,,21_bifocais,,False
Bifocais Digital Freeform,1.59 Ultex,Bifocais Digital Freeform 1.59 Ultex,Policarbonato,1.59,783.0,261.0,"Sigma Blue=1437.0|cost=479.0, Sigma Supreme=1713.0|cost=571.0, Sigma Premium=1323.0|cost=441.0, Sigma Light=1089.0|cost=363.0",Pagina 21,0.9,Bifocais Digital Freeform,,,,21_bifocais,,False
Bifocais Digital Freeform,1.59 Ultex Fotossensível,Bifocais Digital Freeform 1.59 Ultex Fotossensível,Policarbonato,1.59,948.0,316.0,"Sigma Blue=1602.0|cost=534.0, Sigma Supreme=1878.0|cost=626.0, Sigma Premium=1488.0|cost=496.0, Sigma Light=1254.0|cost=418.0",Pagina 21,0.9,Bifocais Digital Freeform,,,,21_bifocais,,False
Bifocais Digital Freeform,Ultex Blue UV,Bifocais Digital Freeform Ultex Blue UV,,,1095.0,365.0,"Sigma Blue=1749.0|cost=583.0, Sigma Supreme=2025.0|cost=675.0, Sigma Premium=1635.0|cost=545.0, Sigma Light=1401.0|cost=467.0",Pagina 21,0.9,Bifocais Digital Freeform,,,,21_bifocais,,False
Bifocais Digital Freeform,1.56 Ultex,Bifocais Digital Freeform 1.56 Ultex,Resina,1.56,555.0,185.0,"Sigma Blue=1209.0|cost=403.0, Sigma Supreme=1485.0|cost=495.0, Sigma Premium=1095.0|cost=365.0, Sigma Light=861.0|cost=287.0",Pagina 21,0.9,Bifocais Digital Freeform,,,,21_bifocais,,False
Bifocais Digital Freeform,1.60 Ultex,Bifocais Digital Freeform 1.60 Ultex,Resina,1.6,720.0,240.0,"Sigma Blue=1374.0|cost=458.0, Sigma Supreme=1650.0|cost=550.0, Sigma Premium=1260.0|cost=420.0, Sigma Light=1026.0|cost=342.0",Pagina 21,0.9,Bifocais Digital Freeform,,,,21_bifocais,,False
Bifocais Digital Freeform,1.67 Ultex,Bifocais Digital Freeform 1.67 Ultex,Resina,1.67,1443.0,481.0,"Sigma Blue=2097.0|cost=699.0, Sigma Supreme=2373.0|cost=791.0, Sigma Premium=1983.0|cost=661.0, Sigma Light=1749.0|cost=583.0",Pagina 21,0.9,Bifocais Digital Freeform,,,,21_bifocais,,False
Bifocais Digital Freeform,1.74 Ultex,Bifocais Digital Freeform 1.74 Ultex,Resina,1.74,2610.0,870.0,"Sigma Blue=3264.0|cost=1088.0, Sigma Supreme=3540.0|cost=1180.0, Sigma Premium=3150.0|cost=1050.0, Sigma Light=2916.0|cost=972.0",Pagina 21,0.9,Bifocais Digital Freeform,,,,21_bifocais,,False
Bifocais Digital Freeform,Ultex Antirreﬂexo Externo,Bifocais Digital Freeform Ultex Antirreﬂexo Externo,,,669.0,223.0,"Sigma Blue=1323.0|cost=441.0, Sigma Supreme=1599.0|cost=533.0, Sigma Premium=1209.0|cost=403.0, Sigma Light=975.0|cost=325.0",Pagina 21,0.9,Bifocais Digital Freeform,,,,21_bifocais,,False
Bifocais Digital Freeform,Kriptok,Bifocais Digital Freeform Kriptok,,,522.0,174.0,"Sigma Blue=1176.0|cost=392.0, Sigma Supreme=1452.0|cost=484.0, Sigma Premium=1062.0|cost=354.0, Sigma Light=828.0|cost=276.0",Pagina 21,0.9,Bifocais Digital Freeform,,,,21_bifocais,,False
Bifocais Digital Freeform,1.67 Kriptok,Bifocais Digital Freeform 1.67 Kriptok,Resina,1.67,1338.0,446.0,"Sigma Blue=1992.0|cost=664.0, Sigma Supreme=2268.0|cost=756.0, Sigma Premium=1878.0|cost=626.0, Sigma Light=1644.0|cost=548.0",Pagina 21,0.9,Bifocais Digital Freeform,,,,21_bifocais,,False
Bifocais Digital Freeform,Kripotok Fotossensível,Bifocais Digital Freeform Kripotok Fotossensível,,,915.0,305.0,"Sigma Blue=1569.0|cost=523.0, Sigma Supreme=1845.0|cost=615.0, Sigma Premium=1455.0|cost=485.0, Sigma Light=1221.0|cost=407.0",Pagina 21,0.9,Bifocais Digital Freeform,,,,21_bifocais,,False
Bifocais Digital Freeform,1.67 Kripotok Fotossensível,Bifocais Digital Freeform 1.67 Kripotok Fotossensível,Resina,1.67,2418.0,806.0,"Sigma Blue=3072.0|cost=1024.0, Sigma Supreme=3348.0|cost=1116.0, Sigma Premium=2958.0|cost=986.0, Sigma Light=2724.0|cost=908.0",Pagina 21,0.9,Bifocais Digital Freeform,,,,21_bifocais,,False
Bifocais Digital Freeform,Kriptok Fotossensível Transitions,Bifocais Digital Freeform Kriptok Fotossensível Transitions,,,1929.0,643.0,"Sigma Blue=2583.0|cost=861.0, Sigma Supreme=2859.0|cost=953.0, Sigma Premium=2469.0|cost=823.0, Sigma Light=2235.0|cost=745.0",Pagina 21,0.9,Bifocais Digital Freeform,,,,21_bifocais,,False
Lentes Prontas Lumina,1.60,Lentes Prontas Lumina 1.60,Resina,1.6,660.0,110.0,,Pagina 22,0.84,Lentes Prontas Lumina,,0.00 a -6.00 cil -4.00,110,22_estoque,,True
Lentes Prontas Lumina,1.60 Cilíndrico Estendido,Lentes Prontas Lumina 1.60 Cilíndrico Estendido,Resina,1.6,1025.0,205.0,,Pagina 22,0.84,Lentes Prontas Lumina,,CILÍNDRICO ESTENDIDO 0.25 a +6.00 cil -2.00,205,22_estoque,,True
Lentes Prontas Lumina,1.67,Lentes Prontas Lumina 1.67,Resina,1.67,1025.0,205.0,,Pagina 22,0.84,Lentes Prontas Lumina,,0.00 a -10.00 cil -4.00,205,22_estoque,,True
Lentes Prontas Lumina,1.67 Cilíndrico Estendido,Lentes Prontas Lumina 1.67 Cilíndrico Estendido,Resina,1.67,2180.0,545.0,,Pagina 22,0.84,Lentes Prontas Lumina,,CILÍNDRICO ESTENDIDO +0.25 a +6.00 cil -2.00,545,22_estoque,,True
Lentes Prontas Lumina,1.70 Em Breve,Lentes Prontas Lumina 1.70 Em Breve,Resina,1.7,2180.0,545.0,,Pagina 22,0.84,Lentes Prontas Lumina,,0.00 a -12.00 cil -4.00,545,22_estoque,,True
Lentes Prontas Lumina,1.70 Cilíndrico Estendido Em Breve,Lentes Prontas Lumina 1.70 Cilíndrico Estendido Em Breve,Resina,1.7,2180.0,545.0,,Pagina 22,0.84,Lentes Prontas Lumina,,CILÍNDRICO ESTENDIDO EM BREVE -12.50 a -20.00 cil -2.00,545,22_estoque,,True
Lentes Prontas Lumina,1.50 Transitions Cinza,Lentes Prontas Lumina 1.50 Transitions Cinza,Resina,1.5,1280.0,320.0,,Pagina 22,0.84,Lentes Prontas Lumina,,-4.00 a +4.00 cil -2.00(Soma do Esférico e Cilíndrico até -4.00),320,22_estoque,,True
Gama Acabadas,1.56 Sigma [grade -8.00 a +6.00 Cil -2.00],Gama Acabadas 1.56 Sigma [grade -8.00 a +6.00 Cil -2.00],Resina,1.56,88.0,22.0,,Pagina 23,0.84,Gama,,-8.00 a +6.00 Cil -2.00,22,23_estoque,availability_text,True
Gama Acabadas,1.56 Sigma [grade -6.00 a +6.00 Cil -4.00],Gama Acabadas 1.56 Sigma [grade -6.00 a +6.00 Cil -4.00],Resina,1.56,112.0,28.0,,Pagina 23,0.84,Gama,,-6.00 a +6.00 Cil -4.00,28,23_estoque,availability_text,True
Gama Acabadas,1.56 Sigma [grade -5.00 a +4.00 Cil -4.25 até -5.00],Gama Acabadas 1.56 Sigma [grade -5.00 a +4.00 Cil -4.25 até -5.00],Resina,1.56,340.0,85.0,,Pagina 23,0.84,Gama,,-5.00 a +4.00 Cil -4.25 até -5.00,85,23_estoque,availability_text,True
Gama Acabadas,1.56 Sigma Super Hidrofobico,Gama Acabadas 1.56 Sigma Super Hidrofobico,Resina,1.56,192.0,48.0,,Pagina 23,0.84,Gama,,-6.00 a +4.00 Cil -2.00,48,23_estoque,,True
Gama Acabadas,1.59 Sigma AR [grade -6.00 a +6.00 Cil -2.00],Gama Acabadas 1.59 Sigma AR [grade -6.00 a +6.00 Cil -2.00],Policarbonato,1.59,168.0,42.0,,Pagina 23,0.84,Gama,,-6.00 a +6.00 Cil -2.00,42,23_estoque,availability_text,True
Gama Acabadas,1.59 Sigma AR [grade -6.00 a +6.00 Cil -4.00],Gama Acabadas 1.59 Sigma AR [grade -6.00 a +6.00 Cil -4.00],Policarbonato,1.59,348.0,87.0,,Pagina 23,0.84,Gama,,-6.00 a +6.00 Cil -4.00,87,23_estoque,availability_text,True
Gama Acabadas,1.59 Sigma Incolor [grade -6.00 a +6.00 Cil -2.00],Gama Acabadas 1.59 Sigma Incolor [grade -6.00 a +6.00 Cil -2.00],Policarbonato,1.59,152.0,38.0,,Pagina 23,0.84,Gama,,-6.00 a +6.00 Cil -2.00,38,23_estoque,availability_text,True
Gama Acabadas,1.59 Sigma Incolor [grade -6.00 a +6.00 Cil -4.00],Gama Acabadas 1.59 Sigma Incolor [grade -6.00 a +6.00 Cil -4.00],Policarbonato,1.59,304.0,76.0,,Pagina 23,0.84,Gama,,-6.00 a +6.00 Cil -4.00,76,23_estoque,availability_text,True
Gama Acabadas,1.60 Sigma Super Hidrofobico [grade 0.00 a -6.00 Cil -4.00],Gama Acabadas 1.60 Sigma Super Hidrofobico [grade 0.00 a -6.00 Cil -4.00],Resina,1.6,388.0,97.0,,Pagina 23,0.84,Gama,,0.00 a -6.00 Cil -4.00,97,23_estoque,availability_text,True
Gama Acabadas,1.60 Sigma Super Hidrofobico [grade -10.00 a +6.00 Cil -2.00],Gama Acabadas 1.60 Sigma Super Hidrofobico [grade -10.00 a +6.00 Cil -2.00],Resina,1.6,720.0,180.0,,Pagina 23,0.84,Gama,,-10.00 a +6.00 Cil -2.00,180,23_estoque,availability_text,True
Gama Acabadas,1.67 Sigma Super Hidrofobico,Gama Acabadas 1.67 Sigma Super Hidrofobico,Resina,1.67,720.0,180.0,,Pagina 23,0.84,Gama,,-10.25 a -12.00 Cil -2.00,180,23_estoque,,True
Gama Acabadas,1.74 Sigma Super Hidrofóbico,Gama Acabadas 1.74 Sigma Super Hidrofóbico,Resina,1.74,2092.0,523.0,,Pagina 23,0.84,Gama,,-10.00 a -2.25 Cil -3.00,523,23_estoque,,True
Gama Acabadas,1.56 Sigma Blue UV Verde [grade -6.00 a +6.00 Cil -2.00],Gama Acabadas 1.56 Sigma Blue UV Verde [grade -6.00 a +6.00 Cil -2.00],Resina,1.56,220.0,55.0,,Pagina 23,0.84,Gama,,-6.00 a +6.00 Cil -2.00,55,23_estoque,availability_text,True
Gama Acabadas,1.56 Sigma Blue UV Verde [grade -6.00 a +6.00 Cil -4.00],Gama Acabadas 1.56 Sigma Blue UV Verde [grade -6.00 a +6.00 Cil -4.00],Resina,1.56,264.0,66.0,,Pagina 23,0.84,Gama,,-6.00 a +6.00 Cil -4.00,66,23_estoque,availability_text,True
Gama Acabadas,1.56 Sigma Blue UV Verde [grade -6.00 a +4.00 Cil -6.00],Gama Acabadas 1.56 Sigma Blue UV Verde [grade -6.00 a +4.00 Cil -6.00],Resina,1.56,652.0,163.0,,Pagina 23,0.84,Gama,,-6.00 a +4.00 Cil -6.00,163,23_estoque,availability_text,True
Gama Acabadas,1.56 Sigma Blue UV Verde Super Hidrofobico,Gama Acabadas 1.56 Sigma Blue UV Verde Super Hidrofobico,Resina,1.56,296.0,74.0,,Pagina 23,0.84,Gama,,-6.00 a +6.00 Cil -2.00,74,23_estoque,,True
Gama Acabadas,1.56 Sigma Blue UV Azul [grade -6.00 a +6.00 Cil -2.00],Gama Acabadas 1.56 Sigma Blue UV Azul [grade -6.00 a +6.00 Cil -2.00],Resina,1.56,252.0,63.0,,Pagina 23,0.84,Gama,,-6.00 a +6.00 Cil -2.00,63,23_estoque,availability_text,True
Gama Acabadas,1.56 Sigma Blue UV Azul [grade -6.00 a +6.00 Cil -4.00],Gama Acabadas 1.56 Sigma Blue UV Azul [grade -6.00 a +6.00 Cil -4.00],Resina,1.56,296.0,74.0,,Pagina 23,0.84,Gama,,-6.00 a +6.00 Cil -4.00,74,23_estoque,availability_text,True
Gama Acabadas,1.56 Sigma Blue UV Azul [grade -6.00 a +4.00 Cil -6.00],Gama Acabadas 1.56 Sigma Blue UV Azul [grade -6.00 a +4.00 Cil -6.00],Resina,1.56,652.0,163.0,,Pagina 23,0.84,Gama,,-6.00 a +4.00 Cil -6.00,163,23_estoque,availability_text,True
Gama Acabadas,1.59 Sigma Blue UV Verde [grade -6.00 a +6.00 Cil -2.00],Gama Acabadas 1.59 Sigma Blue UV Verde [grade -6.00 a +6.00 Cil -2.00],Policarbonato,1.59,336.0,84.0,,Pagina 23,0.84,Gama,,-6.00 a +6.00 Cil -2.00,84,23_estoque,availability_text,True
Gama Acabadas,1.59 Sigma Blue UV Verde [grade -4.00 a +4.00 Cil -4.00],Gama Acabadas 1.59 Sigma Blue UV Verde [grade -4.00 a +4.00 Cil -4.00],Policarbonato,1.59,500.0,125.0,,Pagina 23,0.84,Gama,,-4.00 a +4.00 Cil -4.00,125,23_estoque,availability_text,True
Gama Acabadas,1.59 Sigma Blue UV Azul [grade -6.00 a +6.00 Cil -2.00],Gama Acabadas 1.59 Sigma Blue UV Azul [grade -6.00 a +6.00 Cil -2.00],Policarbonato,1.59,336.0,84.0,,Pagina 23,0.84,Gama,,-6.00 a +6.00 Cil -2.00,84,23_estoque,availability_text,True
Gama Acabadas,1.59 Sigma Blue UV Azul [grade -6.00 a +6.00 Cil -4.00],Gama Acabadas 1.59 Sigma Blue UV Azul [grade -6.00 a +6.00 Cil -4.00],Policarbonato,1.59,544.0,136.0,,Pagina 23,0.84,Gama,,-6.00 a +6.00 Cil -4.00,136,23_estoque,availability_text,True
Gama Acabadas,1.60 Sigma Blue UV [grade -10.00 a +6.00 Cil -2.00],Gama Acabadas 1.60 Sigma Blue UV [grade -10.00 a +6.00 Cil -2.00],Resina,1.6,424.0,106.0,,Pagina 23,0.84,Gama,,-10.00 a +6.00 Cil -2.00,106,23_estoque,availability_text,True
Gama Acabadas,1.60 Sigma Blue UV [grade -8.00 a +0.00 Cil -4.00],Gama Acabadas 1.60 Sigma Blue UV [grade -8.00 a +0.00 Cil -4.00],Resina,1.6,492.0,123.0,,Pagina 23,0.84,Gama,,-8.00 a +0.00 Cil -4.00,123,23_estoque,availability_text,True
Gama Acabadas,1.67 Sigma Blue UV Verde,Gama Acabadas 1.67 Sigma Blue UV Verde,Resina,1.67,860.0,215.0,,Pagina 23,0.84,Gama,,-12.00 a +6.00 Cil -2.00,215,23_estoque,,True
Gama Acabadas,1.67 Sigma Blue UV Azul [grade -12.00 a +6.00 Cil -2.00],Gama Acabadas 1.67 Sigma Blue UV Azul [grade -12.00 a +6.00 Cil -2.00],Resina,1.67,876.0,219.0,,Pagina 23,0.84,Gama,,-12.00 a +6.00 Cil -2.00,219,23_estoque,availability_text,True
Gama Acabadas,1.67 Sigma Blue UV Azul [grade 0.00 a -6.00 Cil -4.25 -6.00],Gama Acabadas 1.67 Sigma Blue UV Azul [grade 0.00 a -6.00 Cil -4.25 -6.00],Resina,1.67,1352.0,338.0,,Pagina 23,0.84,Gama,,0.00 a -6.00 Cil -4.25 -6.00,338,23_estoque,availability_text,True
Gama Acabadas,1.74 Sigma BLUE UV,Gama Acabadas 1.74 Sigma BLUE UV,Resina,1.74,2592.0,648.0,,Pagina 23,0.84,Gama,,-10.00 a -1.00 Cil -3.00,648,23_estoque,,True
Gama Acabadas,1.74 Sigma BLUE UV Super Hidrofóbico,Gama Acabadas 1.74 Sigma BLUE UV Super Hidrofóbico,Resina,1.74,2592.0,648.0,,Pagina 23,0.84,Gama,,-10.25 a -13.00 Cil -2.00,648,23_estoque,,True
Gama Acabadas,1.56 Sigma Blue UV Fotossensível [grade -4.00 a +4.00 Cil -2.00],Gama Acabadas 1.56 Sigma Blue UV Fotossensível [grade -4.00 a +4.00 Cil -2.00],Resina,1.56,480.0,120.0,,Pagina 23,0.84,Gama,,-4.00 a +4.00 Cil -2.00,120,23_estoque,availability_text,True
Gama Acabadas,1.56 Sigma Blue UV Fotossensível [grade -4.00 a +4.00 Cil -4.00],Gama Acabadas 1.56 Sigma Blue UV Fotossensível [grade -4.00 a +4.00 Cil -4.00],Resina,1.56,544.0,136.0,,Pagina 23,0.84,Gama,,-4.00 a +4.00 Cil -4.00,136,23_estoque,availability_text,True
Gama Acabadas,1.59 Sigma Blue UV Fotossensível [grade -6.00 a +6.00 Cil -2.00],Gama Acabadas 1.59 Sigma Blue UV Fotossensível [grade -6.00 a +6.00 Cil -2.00],Policarbonato,1.59,640.0,160.0,,Pagina 23,0.84,Gama,,-6.00 a +6.00 Cil -2.00,160,23_estoque,availability_text,True
Gama Acabadas,1.59 Sigma Blue UV Fotossensível [grade -6.00 a +0.00 Cil -4.00],Gama Acabadas 1.59 Sigma Blue UV Fotossensível [grade -6.00 a +0.00 Cil -4.00],Policarbonato,1.59,840.0,210.0,,Pagina 23,0.84,Gama,,-6.00 a +0.00 Cil -4.00,210,23_estoque,availability_text,True
Gama Acabadas,1.56 Sigma Fotossensível [grade -4.00 a +4.00 Cil -2.00],Gama Acabadas 1.56 Sigma Fotossensível [grade -4.00 a +4.00 Cil -2.00],Resina,1.56,348.0,87.0,,Pagina 23,0.84,Gama,,-4.00 a +4.00 Cil -2.00,87,23_estoque,availability_text,True
Gama Acabadas,1.56 Sigma Fotossensível [grade -6.00 a +4.00 Cil -4.00],Gama Acabadas 1.56 Sigma Fotossensível [grade -6.00 a +4.00 Cil -4.00],Resina,1.56,392.0,98.0,,Pagina 23,0.84,Gama,,-6.00 a +4.00 Cil -4.00,98,23_estoque,availability_text,True
Gama Acabadas,1.59 Sigma Fotossensível [grade -4.00 a +4.00 Cil -2.00],Gama Acabadas 1.59 Sigma Fotossensível [grade -4.00 a +4.00 Cil -2.00],Policarbonato,1.59,720.0,180.0,,Pagina 23,0.84,Gama,,-4.00 a +4.00 Cil -2.00,180,23_estoque,availability_text,True
Gama Acabadas,1.59 Sigma Fotossensível [grade -4.00 a +4.00 Cil -4.00],Gama Acabadas 1.59 Sigma Fotossensível [grade -4.00 a +4.00 Cil -4.00],Policarbonato,1.59,1148.0,287.0,,Pagina 23,0.84,Gama,,-4.00 a +4.00 Cil -4.00,287,23_estoque,availability_text,True
Gama Acabadas,1.67 Sigma Fotossensível,Gama Acabadas 1.67 Sigma Fotossensível,Resina,1.67,1120.0,280.0,,Pagina 23,0.84,Gama,,-6.00 a +4.00 Cil -4.00,280,23_estoque,,True
Gama Acabadas,Sigma Incolor Sem Antirreﬂexo,Gama Acabadas Sigma Incolor Sem Antirreﬂexo,,,100.0,25.0,,Pagina 23,0.84,Gama,,-6.00 a +6.00 Cil -2.00,25,23_estoque,,True
Gama HD Acabadas,1.56 Incolor,Gama HD Acabadas 1.56 Incolor,Resina,1.56,222.0,74.0,,Pagina 24,0.84,Gama HD,,,74,24_estoque,,True
Gama HD Acabadas,1.56 Fotossensível Antirreﬂexo,Gama HD Acabadas 1.56 Fotossensível Antirreﬂexo,Resina,1.56,318.0,106.0,,Pagina 24,0.84,Gama HD,,,106,24_estoque,,True
Gama HD Acabadas,1.56 Blue Antirreﬂexo,Gama HD Acabadas 1.56 Blue Antirreﬂexo,Resina,1.56,507.0,169.0,,Pagina 24,0.84,Gama HD,,,169,24_estoque,,True
Kodak Acabadas,1.56 Kodak City,Kodak Acabadas 1.56 Kodak City,Resina,1.56,624.0,156.0,,Pagina 24,0.84,Kodak,,-6.00 a +6.00 Cil -2.00,156,24_estoque,,True
Kodak Acabadas,1.59 Kodak City,Kodak Acabadas 1.59 Kodak City,Policarbonato,1.59,912.0,228.0,,Pagina 24,0.84,Kodak,,-8.00 a +4.00 Cil -2.00,228,24_estoque,,True
Kodak Acabadas,1.67 Kodak City,Kodak Acabadas 1.67 Kodak City,Resina,1.67,1612.0,403.0,,Pagina 24,0.84,Kodak,,-12.00 a 0.00 Cil -2.00,403,24_estoque,,True
Kodak Acabadas,1.56 Kodak Blue,Kodak Acabadas 1.56 Kodak Blue,Resina,1.56,360.0,90.0,,Pagina 24,0.84,Kodak,,-6.00 a +4.00 Cil -2.00,90,24_estoque,,True
Kodak Acabadas,1.59 Kodak Blue,Kodak Acabadas 1.59 Kodak Blue,Policarbonato,1.59,552.0,138.0,,Pagina 24,0.84,Kodak,,-8.00 a +4.00 Cil -2.00,138,24_estoque,,True
Kodak Acabadas,1.67 Kodak Blue,Kodak Acabadas 1.67 Kodak Blue,Resina,1.67,1208.0,302.0,,Pagina 24,0.84,Kodak,,-6.00 a +6.00 Cil -2.00,302,24_estoque,,True
Kodak Acabadas,1.56 Kodak Intro,Kodak Acabadas 1.56 Kodak Intro,Resina,1.56,188.0,47.0,,Pagina 24,0.84,Kodak,,-8.00 a +4.00 Cil -2.00,47,24_estoque,,True
Kodak Acabadas,1.59 Kodak Intro,Kodak Acabadas 1.59 Kodak Intro,Policarbonato,1.59,456.0,114.0,,Pagina 24,0.84,Kodak,,-4.00 a +4.00 Cil -2.00,114,24_estoque,,True
Kodak Acabadas,Kodak City Transitions,Kodak Acabadas Kodak City Transitions,,,1368.0,342.0,,Pagina 24,0.84,Kodak,,-4.00 a +4.00 Cil -2.00*,342,24_estoque,,True
Crizal Acabadas,Crizal Sapphire HR Blue UV,Crizal Acabadas Crizal Sapphire HR Blue UV,,,1572.0,393.0,,Pagina 24,0.84,Crizal,,-4.00 a +4.00 Cil -2.00,393,24_estoque,,True
Crizal Acabadas,Crizal Sapphire Aiwear HR Blue UV,Crizal Acabadas Crizal Sapphire Aiwear HR Blue UV,,,1896.0,474.0,,Pagina 24,0.84,Crizal,,-5.00 a +4.00 Cil -2.00,474,24_estoque,,True
Crizal Acabadas,1.67 Crizal Sapphire Stylis HR Blue UV,Crizal Acabadas 1.67 Crizal Sapphire Stylis HR Blue UV,Resina,1.67,2524.0,631.0,,Pagina 24,0.84,Crizal,,-9.00 a +5.00 Cil -2.00,631,24_estoque,,True
Crizal Acabadas,1.74 Crizal Sapphire Stylis,Crizal Acabadas 1.74 Crizal Sapphire Stylis,Resina,1.74,3400.0,850.0,,Pagina 24,0.84,Crizal,,-10.00 a -4.00 Cil -2.00,850,24_estoque,,True
Crizal Acabadas,Crizal Sapphire Transitions Blue UV,Crizal Acabadas Crizal Sapphire Transitions Blue UV,,,2240.0,560.0,,Pagina 24,0.84,Crizal,,-4.00 a +4.00 Cil -2.00,560,24_estoque,,True
Crizal Acabadas,Crizal Prevencia Blue UV,Crizal Acabadas Crizal Prevencia Blue UV,,,1604.0,401.0,,Pagina 24,0.84,Crizal,,-2.00 a +2.00 Cil -1.00,401,24_estoque,,True
Crizal Acabadas,Crizal Rock Blue UV,Crizal Acabadas Crizal Rock Blue UV,,,1184.0,296.0,,Pagina 24,0.84,Crizal,,-4.00 a +4.00 Cil -2.00,296,24_estoque,,True
Crizal Acabadas,Crizal Rock Aiwear Blue UV,Crizal Acabadas Crizal Rock Aiwear Blue UV,,,1544.0,386.0,,Pagina 24,0.84,Crizal,,-5.00 a +4.00 Cil -2.00,386,24_estoque,,True
Crizal Acabadas,Crizal Easy Pro Blue UV,Crizal Acabadas Crizal Easy Pro Blue UV,,,844.0,211.0,,Pagina 24,0.84,Crizal,,-4.00 a +4.00 Cil -2.00,211,24_estoque,,True
Crizal Acabadas,Crizal Easy Pro Airwear Blue UV,Crizal Acabadas Crizal Easy Pro Airwear Blue UV,Policarbonato,,1184.0,296.0,,Pagina 24,0.84,Crizal,,-8.00 a +4.00 Cil -2.00,296,24_estoque,,True
Crizal Acabadas,Crizal Easy Transitions Pro Blue UV,Crizal Acabadas Crizal Easy Transitions Pro Blue UV,,,1760.0,440.0,,Pagina 24,0.84,Crizal,,-4.00 a +4.00 Cil -2.00,440,24_estoque,,True
Crizal Acabadas,Fotossensível Transitions Cinza Acabada,Crizal Acabadas Fotossensível Transitions Cinza Acabada,,,1008.0,252.0,,Pagina 24,0.84,Crizal,,-4.00 a +4.00 Cil -2.00,252,24_estoque,,True
Hoya Acabadas,BlueControl,Hoya Acabadas BlueControl,,,1280.0,320.0,,Pagina 24,0.84,Hoya,,-4.00 a +4.00 Cil -2.00,320,24_estoque,,True
Solares Curva 6,1.50 G-15,Solares Curva 6 1.50 G-15,Resina,1.5,120.0,30.0,,Pagina 25,0.86,Solares Curva 6,,,30,25_solares,,True
Solares Curva 6,1.50 Cinza Oftalmico,Solares Curva 6 1.50 Cinza Oftalmico,Resina,1.5,120.0,30.0,,Pagina 25,0.86,Solares Curva 6,,,30,25_solares,,True
Solares Curva 6,1.50 Cinza Black,Solares Curva 6 1.50 Cinza Black,Resina,1.5,120.0,30.0,,Pagina 25,0.86,Solares Curva 6,,,30,25_solares,,True
Solares Curva 6,1.50 Cinza Degrade,Solares Curva 6 1.50 Cinza Degrade,Resina,1.5,120.0,30.0,,Pagina 25,0.86,Solares Curva 6,,,30,25_solares,,True
Solares Curva 6,1.50 Marrom Oftalmico,Solares Curva 6 1.50 Marrom Oftalmico,Resina,1.5,120.0,30.0,,Pagina 25,0.86,Solares Curva 6,,,30,25_solares,,True
Solares Curva 6,1.50 Marrom Dark,Solares Curva 6 1.50 Marrom Dark,Resina,1.5,120.0,30.0,,Pagina 25,0.86,Solares Curva 6,,,30,25_solares,,True
Solares Curva 6,1.50 Marrom Degrade,Solares Curva 6 1.50 Marrom Degrade,Resina,1.5,120.0,30.0,,Pagina 25,0.86,Solares Curva 6,,,30,25_solares,,True
Solares Curva 6,1.50 Night Drive,Solares Curva 6 1.50 Night Drive,Resina,1.5,120.0,30.0,,Pagina 25,0.86,Solares Curva 6,,,30,25_solares,,True
Solares Curva 6,1.50 Video Filter,Solares Curva 6 1.50 Video Filter,Resina,1.5,120.0,30.0,,Pagina 25,0.86,Solares Curva 6,,,30,25_solares,,True
Solares CR39 Curva 8,Cinza Oftalmico,Solares CR39 Curva 8 Cinza Oftalmico,,,120.0,30.0,,Pagina 25,0.86,Solares CR39 Curva 8,,,30,25_solares,,True
Solares CR39 Curva 8,Cinza Black,Solares CR39 Curva 8 Cinza Black,,,120.0,30.0,,Pagina 25,0.86,Solares CR39 Curva 8,,,30,25_solares,,True
Solares CR39 Curva 8,Marrom Oftalmico,Solares CR39 Curva 8 Marrom Oftalmico,,,120.0,30.0,,Pagina 25,0.86,Solares CR39 Curva 8,,,30,25_solares,,True
Solares CR39 Curva 8,Marrom Dark,Solares CR39 Curva 8 Marrom Dark,,,120.0,30.0,,Pagina 25,0.86,Solares CR39 Curva 8,,,30,25_solares,,True
Solares CR39 Curva 8,Marrom Degrade,Solares CR39 Curva 8 Marrom Degrade,,,120.0,30.0,,Pagina 25,0.86,Solares CR39 Curva 8,,,30,25_solares,,True
Solares 1.59 Curva 6,1.59 G-15,Solares 1.59 Curva 6 1.59 G-15,Policarbonato,1.59,248.0,62.0,,Pagina 25,0.86,Solares 1.59 Curva 6,,,62,25_solares,,True
Solares 1.59 Curva 6,1.59 Cinza,Solares 1.59 Curva 6 1.59 Cinza,Policarbonato,1.59,248.0,62.0,,Pagina 25,0.86,Solares 1.59 Curva 6,,,62,25_solares,,True
Solares 1.59 Curva 6,1.59 Marrom,Solares 1.59 Curva 6 1.59 Marrom,Policarbonato,1.59,248.0,62.0,,Pagina 25,0.86,Solares 1.59 Curva 6,,,62,25_solares,,True
Solares 1.59 Curva 6,1.59 Marrom Degrade,Solares 1.59 Curva 6 1.59 Marrom Degrade,Policarbonato,1.59,248.0,62.0,,Pagina 25,0.86,Solares 1.59 Curva 6,,,62,25_solares,,True
Solares 1.59 Curva 8,1.59 G-15,Solares 1.59 Curva 8 1.59 G-15,Policarbonato,1.59,248.0,62.0,,Pagina 25,0.86,Solares 1.59 Curva 8,,,62,25_solares,,True
Solares 1.59 Curva 8,1.59 Cinza,Solares 1.59 Curva 8 1.59 Cinza,Policarbonato,1.59,248.0,62.0,,Pagina 25,0.86,Solares 1.59 Curva 8,,,62,25_solares,,True
Solares 1.59 Curva 8,1.59 Cinza Degrade,Solares 1.59 Curva 8 1.59 Cinza Degrade,Policarbonato,1.59,248.0,62.0,,Pagina 25,0.86,Solares 1.59 Curva 8,,,62,25_solares,,True
Solares 1.59 Curva 8,1.59 Rose,Solares 1.59 Curva 8 1.59 Rose,Policarbonato,1.59,412.0,103.0,,Pagina 25,0.86,Solares 1.59 Curva 8,,,103,25_solares,,True
Solares 1.59 Curva 8,1.59 Dourado,Solares 1.59 Curva 8 1.59 Dourado,Policarbonato,1.59,412.0,103.0,,Pagina 25,0.86,Solares 1.59 Curva 8,,,103,25_solares,,True
Solares 1.59 Curva 8,1.59 vermelho,Solares 1.59 Curva 8 1.59 vermelho,Policarbonato,1.59,412.0,103.0,,Pagina 25,0.86,Solares 1.59 Curva 8,,,103,25_solares,,True
Solares Polarizado Curva 6,G-15,Solares Polarizado Curva 6 G-15,,,248.0,62.0,,Pagina 25,0.86,Solares Polarizado Curva 6,,,62,25_solares,,True
Solares Polarizado Curva 6,Cinza,Solares Polarizado Curva 6 Cinza,,,248.0,62.0,,Pagina 25,0.86,Solares Polarizado Curva 6,,,62,25_solares,,True
Solares Polarizado Curva 6,Marrom,Solares Polarizado Curva 6 Marrom,,,248.0,62.0,,Pagina 25,0.86,Solares Polarizado Curva 6,,,62,25_solares,,True
Solares Polarizado Curva 6,Cinza Degrade,Solares Polarizado Curva 6 Cinza Degrade,,,248.0,62.0,,Pagina 25,0.86,Solares Polarizado Curva 6,,,62,25_solares,,True
Solares Polarizado Curva 6,Marrom Degrade,Solares Polarizado Curva 6 Marrom Degrade,,,248.0,62.0,,Pagina 25,0.86,Solares Polarizado Curva 6,,,62,25_solares,,True
Solar Espelhado Polarizado Curva 6,Prata,Solar Espelhado Polarizado Curva 6 Prata,,,520.0,130.0,,Pagina 25,0.86,Solar Espelhado Polarizado Curva 6,,,130,25_solares,,True
Solar Espelhado Polarizado Curva 6,Azul,Solar Espelhado Polarizado Curva 6 Azul,,,520.0,130.0,,Pagina 25,0.86,Solar Espelhado Polarizado Curva 6,,,130,25_solares,,True
Solar Espelhado Polarizado Curva 6,Rose,Solar Espelhado Polarizado Curva 6 Rose,,,520.0,130.0,,Pagina 25,0.86,Solar Espelhado Polarizado Curva 6,,,130,25_solares,,True
Solar Espelhado Polarizado Curva 6,verde,Solar Espelhado Polarizado Curva 6 verde,,,520.0,130.0,,Pagina 25,0.86,Solar Espelhado Polarizado Curva 6,,,130,25_solares,,True
Solar Espelhado Polarizado Curva 6,Azul Céu,Solar Espelhado Polarizado Curva 6 Azul Céu,,,520.0,130.0,,Pagina 25,0.86,Solar Espelhado Polarizado Curva 6,,,130,25_solares,,True
Solar Espelhado Polarizado Curva 6,Violeta,Solar Espelhado Polarizado Curva 6 Violeta,,,520.0,130.0,,Pagina 25,0.86,Solar Espelhado Polarizado Curva 6,,,130,25_solares,,True
