Código;Lk_venda;Lk_produto;Qtd;Valor vendido;Custo;Valor normal
51;46;6116;1;240,00;0,00;
52;46;1534;1;110,00;0,00;
53;47;1542;1;200,00;0,00;
54;48;5221;0,5;110,00;0,00;
55;48;1534;0,5;55,00;0,00;
56;50;1533;1;70,00;0,00;
57;50;6949;1;290,00;0,00;
58;51;1770;1;150,00;0,00;
59;52;1534;1;110,00;0,00;
60;52;6846;1;290,00;0,00;
61;54;1534;1;80,00;0,00;
62;54;6949;1;100,00;0,00;
64;55;6977;1;290,00;0,00;
69;56;1534;1;100,00;0,00;
70;56;1533;2;120,00;0,00;
71;56;4576;1;380,00;0,00;
72;57;1534;0,5;55,00;0,00;
73;57;4253;0,5;195,00;0,00;
74;58;1552;1;150,00;0,00;
75;59;1673;1;60,00;0,00;
76;60;4815;1;450,00;0,00;
77;61;6820;1;150,00;0,00;
78;62;1533;1;70,00;0,00;
79;62;5827;1;180,00;0,00;
80;63;5836;1;100,00;0,00;
81;63;1534;1;80,00;0,00;
82;64;1760;1;350,00;0,00;
83;64;6929;1;350,00;0,00;
84;65;1555;1;540,00;0,00;
85;65;6949;1;240,00;0,00;
87;67;1534;1;90,00;0,00;
88;67;1533;1;90,00;0,00;
89;67;5836;1;100,00;0,00;
90;67;6960;1;100,00;0,00;
92;68;6025;1;190,00;0,00;
93;69;1533;1;90,00;0,00;
94;70;1542;1;210,00;0,00;
95;70;6887;1;170,00;0,00;
96;71;1542;2;0,00;0,00;
98;71;6144;1;0,00;0,00;
99;72;5221;1;345,00;0,00;
101;73;1534;1;110,00;0,00;
102;74;1760;1;360,00;0,00;
103;75;1542;1;180,00;0,00;
104;75;6994;1;280,00;0,00;
106;78;1533;1;70,00;0,00;
111;80;1542;2;300,00;0,00;
112;80;6425;1;450,00;0,00;
113;80;6932;1;190,00;0,00;
114;86;1533;1;30,00;0,00;
115;88;1533;1;70,00;0,00;
116;77;1542;1;190,00;0,00;
117;90;1721;1;315,00;0,00;
119;90;6612;1;423,00;0,00;
120;91;1542;1;210,00;0,00;
121;91;6949;1;180,00;0,00;
122;94;1533;1;60,00;0,00;
123;94;5882;1;240,00;0,00;
124;95;1533;1;60,00;0,00;
125;95;1534;1;90,00;0,00;
127;95;6752;1;240,00;0,00;
128;96;6659;1;390,00;0,00;
129;97;6360;1;350,00;0,00;
130;97;1534;1;90,00;0,00;
133;99;1542;1;190,00;0,00;
134;100;1534;1;110,00;0,00;
135;101;4939;0,5;200,00;0,00;
136;102;4151;1;240,00;0,00;
138;104;6174;1;405,00;0,00;
139;105;5095;1;280,00;0,00;
140;107;1533;1;60,00;0,00;
141;108;1533;1;70,00;0,00;
142;109;3531;1;620,00;0,00;
143;109;6699;1;450,00;0,00;
149;111;1562;1;0,00;0,00;
150;112;6065;1;225,00;0,00;
152;109;5311;1;390,00;0,00;
153;109;1533;1;0,00;0,00;
154;111;7013;1;1.000,00;0,00;
155;114;1534;1;110,00;0,00;
156;114;6486;1;290,00;0,00;
157;95;1534;1;100,00;0,00;
159;98;5734;1;300,00;0,00;
160;98;4193;1;250,00;0,00;
161;115;6763;1;220,00;0,00;
162;116;1534;1;110,00;0,00;
163;116;6812;1;550,00;0,00;
164;117;1534;1;110,00;0,00;
165;95;1533;1;70,00;0,00;
166;95;2539;1;260,00;0,00;
167;95;6663;1;310,00;0,00;
170;118;5831;1;120,00;0,00;
171;119;1542;1;190,00;0,00;
172;119;6272;1;250,00;0,00;
173;120;6177;1;400,00;0,00;
174;121;6354;1;348,00;0,00;
175;122;1534;1;110,00;0,00;
176;123;1542;1;210,00;0,00;
177;72;6797;1;485,00;0,00;
178;124;6838;1;555,00;0,00;
179;124;5929;1;380,00;0,00;
180;125;6964;1;210,00;0,00;
181;125;1534;1;110,00;0,00;
182;126;6558;1;390,00;0,00;
183;127;6086;1;100,00;0,00;
184;128;1542;1;210,00;0,00;
185;128;4105;1;210,00;0,00;
186;129;1760;1;350,00;0,00;
187;129;6376;1;250,00;0,00;
188;130;1534;1;100,00;0,00;
189;131;1534;1;110,00;0,00;
190;132;1534;1;100,00;0,00;
191;133;4681;1;200,00;0,00;
192;133;6546;1;550,00;0,00;
193;134;6530;1;470,00;0,00;
194;134;1534;1;110,00;0,00;
195;135;1534;2;195,00;0,00;
196;136;6814;1;350,00;0,00;
197;136;1721;1;350,00;0,00;
198;137;1552;1;150,00;0,00;
201;141;1534;1;110,00;0,00;
202;141;6404;1;290,00;0,00;
203;142;1533;1;40,00;0,00;
204;143;1534;1;110,00;0,00;
205;143;7005;1;280,00;0,00;
206;144;1534;1;100,00;0,00;
207;68;1994;1;650,00;0,00;
208;145;5819;1;280,00;0,00;
210;145;1534;1;100,00;0,00;
211;147;6838;0,5;200,00;0,00;
212;148;1721;1;350,00;0,00;
213;148;6147;1;100,00;0,00;
214;149;1542;1;290,00;0,00;
215;149;6605;1;349,00;0,00;
216;150;1534;1;110,00;0,00;
217;150;6998;1;280,00;0,00;
218;150;1534;1;110,00;0,00;
219;151;1721;1;315,00;0,00;
220;151;6986;1;430,00;0,00;
222;154;5909;1;200,00;0,00;
223;155;7006;1;270,00;0,00;
224;155;1534;1;100,00;0,00;
226;156;5827;1;120,00;0,00;
227;157;3514;1;170,00;0,00;
228;158;6056;1;90,00;0,00;
229;158;5627;1;200,00;0,00;
230;159;1534;1;80,00;0,00;
231;159;6957;1;240,00;0,00;
232;154;1534;1;100,00;0,00;
233;160;1533;1;80,00;0,00;
234;161;4504;1;550,00;0,00;
235;161;6926;1;250,00;0,00;
236;163;1552;1;150,00;0,00;
237;163;2256;1;190,00;0,00;
238;164;1533;1;70,00;0,00;
239;165;6644;1;200,00;0,00;
240;166;1673;1;60,00;0,00;
241;167;1533;1;70,00;0,00;
242;167;6852;1;220,00;0,00;
243;167;1534;1;90,00;0,00;
244;167;6994;1;220,00;0,00;
246;169;1752;1;250,00;0,00;
247;169;6014;1;160,00;0,00;
248;170;6671;1;390,00;0,00;
249;171;1760;1;390,00;0,00;
250;172;1542;1;210,00;0,00;
251;172;5451;1;20,00;0,00;
252;173;1552;1;150,00;0,00;
253;173;6147;1;100,00;0,00;
254;174;1562;1;350,00;0,00;
255;175;1534;1;110,00;0,00;
256;175;5451;1;20,00;0,00;
257;176;5627;1;522,00;0,00;
258;176;6259;1;252,00;0,00;
259;177;4681;1;197,00;0,00;
260;177;6945;1;290,00;0,00;
261;178;6977;1;200,00;0,00;
262;179;4571;1;100,00;0,00;
263;180;1534;1;110,00;0,00;
264;181;1533;1;50,00;0,00;
265;181;6970;1;200,00;0,00;
266;183;1534;1;110,00;0,00;
267;184;1554;1;140,00;0,00;
268;139;1552;1;504,00;0,00;
269;139;6920;1;234,00;0,00;
270;185;1542;1;210,00;0,00;
271;185;3254;1;270,00;0,00;
274;186;6908;1;210,00;0,00;
275;186;1534;1;90,00;0,00;
277;187;6843;1;245,00;0,00;
278;188;1533;0,5;35,00;0,00;
279;189;2403;1;198,00;0,00;
281;190;2403;2;560,00;0,00;
282;191;2403;1;170,00;0,00;
283;192;1542;1;210,00;0,00;
284;168;6573;1;100,00;0,00;
285;168;1533;1;95,00;0,00;
287;193;1542;1;200,00;0,00;
288;168;1533;1;105,00;0,00;
289;194;1533;1;85,00;0,00;
291;196;1560;0,5;130,00;0,00;
292;196;1560;0,5;186,00;0,00;
293;196;6604;1;350,00;0,00;
294;198;1562;1;360,00;0,00;
295;199;1562;1;450,00;0,00;
296;199;1562;1;450,00;0,00;
297;200;1760;1;350,00;0,00;
298;200;5875;1;250,00;0,00;
300;201;6751;1;290,00;0,00;
301;202;1534;1;110,00;0,00;
302;203;1534;1;100,00;0,00;
303;195;1534;1;100,00;0,00;
304;204;3155;1;100,00;0,00;
305;205;3826;1;380,00;0,00;
306;206;1542;1;210,00;0,00;
307;206;6147;1;160,00;0,00;
308;207;5609;1;330,00;0,00;
310;207;5268;1;230,00;0,00;
311;208;6414;1;370,00;0,00;
312;208;1534;1;80,00;0,00;
313;209;1534;1;110,00;0,00;
314;209;6469;1;200,00;0,00;
315;210;5472;1;200,00;0,00;
316;211;4193;1;230,00;0,00;
317;212;1534;1;100,00;0,00;
318;212;6412;1;390,00;0,00;
319;214;6825;1;100,00;0,00;
320;215;1542;1;190,00;0,00;
321;215;6261;1;250,00;0,00;
325;217;7022;1;250,00;0,00;
326;217;1534;1;110,00;0,00;
330;220;6493;1;200,00;0,00;
331;220;1760;1;400,00;0,00;
333;223;1552;1;150,00;0,00;
334;223;7000;1;250,00;0,00;
335;225;1534;1;100,00;0,00;
336;227;6168;1;567,00;0,00;
338;230;3963;1;150,00;0,00;
339;234;1542;1;260,00;0,00;
340;236;1542;1;190,00;0,00;
341;237;1534;1;100,00;0,00;
342;237;5937;1;370,00;0,00;
343;238;1534;1;100,00;0,00;
344;238;7003;1;290,00;0,00;
345;239;6951;1;290,00;0,00;
346;239;5627;1;620,00;0,00;
347;241;1554;1;118,00;0,00;
348;241;6953;1;260,00;0,00;
349;242;1534;1;110,00;0,00;
350;242;6970;1;290,00;0,00;
352;243;7023;1;200,00;0,00;
353;244;7023;1;290,00;0,00;
354;245;6682;1;470,00;0,00;
355;246;1534;1;110,00;0,00;
356;248;1760;1;350,00;0,00;
357;249;1542;1;200,00;0,00;
358;250;1534;1;70,00;0,00;
359;251;6822;1;100,00;0,00;
360;252;6217;1;550,00;0,00;
361;254;5734;1;350,00;0,00;
362;256;1534;1;100,00;0,00;
363;257;5734;1;315,00;0,00;
364;258;6959;1;290,00;0,00;
365;258;1534;1;110,00;0,00;
366;260;1542;1;210,00;0,00;
367;260;4779;1;250,00;0,00;
368;261;3495;1;100,00;0,00;
369;261;4200;1;230,00;0,00;
370;254;1533;2;140,00;0,00;
371;262;6903;1;290,00;0,00;
372;262;1534;1;110,00;0,00;
373;266;1542;1;200,00;0,00;
374;266;6850;1;250,00;0,00;
375;267;5921;1;480,00;0,00;
376;268;1533;1;70,00;0,00;
377;270;6310;1;100,00;0,00;
378;271;1534;1;153,00;0,00;
379;273;1533;1;70,00;0,00;
381;273;6823;2;240,00;0,00;
382;273;1534;1;240,00;0,00;
384;274;5926;1;300,00;0,00;
385;274;1760;1;300,00;0,00;
386;275;6807;1;290,00;0,00;
387;276;1533;1;70,00;0,00;
388;276;3958;1;210,00;0,00;
389;277;1533;1;270,00;0,00;
390;277;5819;1;300,00;0,00;
391;278;1560;1;270,00;0,00;
392;280;6483;1;270,00;0,00;
393;280;1560;1;250,00;0,00;
394;281;1542;1;210,00;0,00;
395;281;4407;1;100,00;0,00;
397;282;2550;1;290,00;0,00;
399;284;1760;1;350,00;0,00;
400;284;5533;1;350,00;0,00;
401;285;1542;1;210,00;0,00;
403;287;1533;1;74,00;0,00;
404;287;3254;1;270,00;0,00;
406;288;4514;1;260,00;0,00;
407;290;6791;1;250,00;0,00;
408;291;5861;1;290,00;0,00;
409;291;1542;1;210,00;0,00;
410;292;7004;1;290,00;0,00;
411;292;1672;1;250,00;0,00;
412;293;5310;1;570,00;0,00;
413;294;1534;2;220,00;0,00;
414;295;1534;1;100,00;0,00;
415;296;1760;1;320,00;0,00;
416;296;7025;1;320,00;0,00;
417;297;1534;1;110,00;0,00;
418;298;1542;1;210,00;0,00;
419;298;5809;1;100,00;0,00;
420;286;7019;1;100,00;0,00;
421;286;1554;1;125,00;0,00;
422;299;1534;1;110,00;0,00;
423;299;5578;1;350,00;0,00;
424;299;5451;1;20,00;0,00;
425;300;2403;1;180,00;0,00;
426;301;1533;1;65,00;0,00;
427;301;6904;1;150,00;0,00;
428;302;1552;1;150,00;0,00;
429;302;6052;1;250,00;0,00;
430;303;6838;1;555,00;0,00;
431;303;7029;1;380,00;0,00;
432;304;1554;1;140,00;0,00;
433;304;4407;1;100,00;0,00;
434;305;5627;1;580,00;0,00;
435;306;3112;1;100,00;0,00;
436;306;1534;1;110,00;0,00;
437;307;1534;1;110,00;0,00;
438;307;3994;1;100,00;0,00;
440;308;4621;1;100,00;0,00;
441;308;1542;1;210,00;0,00;
442;310;1533;1;70,00;0,00;
445;311;1542;1;190,00;0,00;
446;312;1542;1;208,00;0,00;
447;313;1534;1;110,00;0,00;
448;313;6880;1;270,00;0,00;
449;314;6625;1;295,00;0,00;
450;314;1721;1;350,00;0,00;
451;315;1542;1;210,00;0,00;
452;316;1668;1;180,00;0,00;
454;318;6709;1;955,00;0,00;
456;318;4388;2;1.962,00;0,00;
457;319;1534;1;100,00;0,00;
458;319;2179;1;100,00;0,00;
459;321;1554;1;130,00;0,00;
461;322;1752;1;200,00;0,00;
462;323;5217;0,5;125,00;0,00;
463;323;1534;0,5;55,00;0,00;
464;323;3994;1;100,00;0,00;
466;324;6897;1;240,00;0,00;
467;325;1554;1;150,00;0,00;
468;327;1533;1;70,00;0,00;
469;328;1534;1;110,00;0,00;
470;330;1534;1;90,00;0,00;
471;330;6453;1;310,00;0,00;
472;331;1542;1;190,00;0,00;
473;332;3172;1;600,00;0,00;
474;332;6928;1;290,00;0,00;
475;333;6057;1;230,00;0,00;
476;333;1533;1;70,00;0,00;
477;334;4504;0,5;250,00;0,00;
478;324;1760;1;350,00;0,00;
480;336;3131;1;100,00;0,00;
481;337;4681;1;200,00;0,00;
482;337;6948;1;280,00;0,00;
484;338;6302;1;100,00;0,00;
485;338;1534;1;100,00;0,00;
486;339;6492;1;200,00;0,00;
487;339;1534;1;100,00;0,00;
488;340;1534;1;110,00;0,00;
489;340;7060;1;250,00;0,00;
490;341;1673;1;60,00;0,00;
491;342;6735;1;650,00;0,00;
492;343;6961;1;230,00;0,00;
493;344;1533;1;60,00;0,00;
494;345;6838;1;555,00;0,00;
495;345;6066;1;100,00;0,00;
496;335;1534;1;109,00;0,00;
497;346;4253;1;350,00;0,00;
498;347;6422;1;450,00;0,00;
500;347;1533;1;0,00;0,00;
501;348;5809;1;100,00;0,00;
502;349;1552;1;150,00;0,00;
503;349;4615;1;100,00;0,00;
504;352;6823;1;100,00;0,00;
505;353;2058;1;555,00;0,00;
506;353;6991;1;290,00;0,00;
507;354;6884;1;290,00;0,00;
508;354;1533;1;70,00;0,00;
509;355;4621;1;100,00;0,00;
510;355;1542;1;210,00;0,00;
512;55;2539;1;100,00;0,00;
513;356;1560;1;250,00;0,00;
514;357;4514;1;200,00;0,00;
515;357;6925;1;220,00;0,00;
517;359;1534;2;220,00;0,00;
518;359;7031;1;270,00;0,00;
519;360;4370;1;550,00;0,00;
520;360;6676;1;400,00;0,00;
521;361;1554;1;120,00;0,00;
522;362;5627;1;522,00;0,00;
523;362;7024;1;338,00;0,00;
524;363;5100;1;268,00;0,00;
525;363;4514;1;260,00;0,00;
526;364;1552;1;150,00;0,00;
527;364;7038;1;380,00;0,00;
528;365;4575;1;470,00;0,00;
529;365;6969;1;240,00;0,00;
530;365;1533;1;60,00;0,00;
531;365;6056;1;200,00;0,00;
532;366;5078;1;480,00;0,00;
533;367;1533;1;70,00;0,00;
534;368;1534;1;110,00;0,00;
535;369;1542;1;190,00;0,00;
536;370;5142;1;90,00;0,00;
537;371;6018;1;480,00;0,00;
538;371;4575;1;350,00;0,00;
540;373;1672;1;197,00;0,00;
541;373;1534;1;197,00;0,00;
542;373;5814;2;200,00;0,00;
543;374;1554;1;130,00;0,00;
546;377;1542;1;210,00;0,00;
547;377;3397;1;100,00;0,00;
548;378;3514;1;100,00;0,00;
550;381;6621;1;470,00;0,00;
551;381;1533;1;70,00;0,00;
552;380;1554;1;150,00;0,00;
553;380;6921;1;100,00;0,00;
555;382;1542;3;630,00;0,00;
556;382;6955;1;290,00;0,00;
557;382;6962;1;280,00;0,00;
558;376;1534;1;110,00;0,00;
559;383;1533;1;70,00;0,00;
560;384;1673;1;60,00;0,00;
561;385;4191;1;100,00;0,00;
562;385;1534;1;100,00;0,00;
563;386;4514;1;300,00;0,00;
564;386;5936;1;350,00;0,00;
565;387;1534;1;110,00;0,00;
566;388;6854;1;270,00;0,00;
568;388;1534;1;110,00;0,00;
569;389;1534;1;110,00;0,00;
571;389;7028;1;380,00;0,00;
572;390;2403;1;60,00;0,00;
573;391;1552;1;150,00;0,00;
574;392;1534;1;100,00;0,00;
575;392;2533;1;100,00;0,00;
577;394;1534;1;55,00;0,00;
578;395;6864;1;320,00;0,00;
579;396;6350;1;340,00;0,00;
580;397;1534;1;110,00;0,00;
581;397;4205;1;240,00;0,00;
582;398;1542;1;210,00;0,00;
583;398;2179;1;100,00;0,00;
584;399;1534;2;220,00;0,00;
585;400;1911;2;580,00;0,00;
586;379;1554;1;160,00;0,00;
587;401;4623;1;100,00;0,00;
588;402;1534;1;110,00;0,00;
589;402;6966;1;225,00;0,00;
590;403;4388;1;996,00;0,00;
591;403;7015;1;430,00;0,00;
592;404;1760;1;350,00;0,00;
593;404;7040;1;320,00;0,00;
594;405;1552;1;150,00;0,00;
595;405;6831;1;100,00;0,00;
596;406;1533;1;70,00;0,00;
598;407;1534;1;110,00;0,00;
599;408;1542;1;210,00;0,00;
600;408;7073;1;100,00;0,00;
601;409;2287;1;20,00;0,00;
602;410;1760;1;300,00;0,00;
603;410;2179;1;100,00;0,00;
605;411;1533;0,5;35,00;0,00;
607;414;1534;2;220,00;0,00;
608;414;2645;1;270,00;0,00;
609;414;7022;1;270,00;0,00;
610;416;3447;1;100,00;0,00;
611;416;6165;1;300,00;0,00;
612;418;1534;1;100,00;0,00;
613;419;6545;1;435,00;0,00;
614;419;1534;1;80,00;0,00;
615;420;1534;1;110,00;0,00;
616;420;7076;1;120,00;0,00;
617;421;1534;2;220,00;0,00;
618;422;7089;1;100,00;0,00;
619;423;1542;1;210,00;0,00;
620;423;7067;1;100,00;0,00;
621;425;5966;1;150,00;0,00;
622;426;1534;2;200,00;0,00;
623;426;6029;1;240,00;0,00;
624;427;1542;1;200,00;0,00;
625;428;5578;0,5;187,00;0,00;
626;428;1534;0,5;70,00;0,00;
627;428;5978;1;390,00;0,00;
628;429;7035;1;380,00;0,00;
629;429;1534;1;110,00;0,00;
630;430;5578;1;700,00;0,00;
631;430;6945;1;290,00;0,00;
632;431;1552;1;150,00;0,00;
634;433;5627;1;580,00;0,00;
638;435;1554;1;135,00;0,00;
639;436;1534;1;110,00;0,00;
640;436;6986;1;480,00;0,00;
641;437;1554;1;150,00;0,00;
642;437;6831;1;100,00;0,00;
643;438;1533;1;70,00;0,00;
645;438;2543;1;100,00;0,00;
646;439;1534;1;110,00;0,00;
647;439;6862;1;380,00;0,00;
648;440;2536;1;320,00;0,00;
650;440;7009;1;220,00;0,00;
651;441;6858;1;200,00;0,00;
652;442;1320;1;100,00;0,00;
653;443;4885;1;300,00;0,00;
657;444;1542;1;180,00;0,00;
658;444;1533;1;70,00;0,00;
659;445;7048;1;345,00;0,00;
660;445;1721;1;350,00;0,00;
661;446;1320;1;100,00;0,00;
662;447;1758;1;680,00;0,00;
663;448;4514;1;210,00;0,00;
665;449;1534;1;120,00;0,00;
666;432;1533;1;60,00;0,00;
667;450;1554;1;140,00;0,00;
668;451;1760;1;390,00;0,00;
669;451;6265;1;380,00;0,00;
670;451;1534;1;110,00;0,00;
671;451;5589;1;280,00;0,00;
672;452;1320;1;100,00;0,00;
673;452;1533;1;70,00;0,00;
674;452;5759;1;100,00;0,00;
675;453;1534;1;110,00;0,00;
676;453;5665;1;380,00;0,00;
677;454;4504;1;580,00;0,00;
678;455;1542;1;200,00;0,00;
679;456;2403;1;60,00;0,00;
681;458;6821;1;50,00;0,00;
682;459;4680;1;150,00;0,00;
683;460;1533;1;70,00;0,00;
684;448;6999;1;215,00;0,00;
685;461;5212;1;200,00;0,00;
687;461;6428;1;400,00;0,00;
689;462;5532;1;349,00;0,00;
690;463;1534;1;110,00;0,00;
691;464;1534;1;120,00;0,00;
692;465;1760;1;360,00;0,00;
693;465;6469;1;290,00;0,00;
694;466;1769;1;697,00;0,00;
695;466;4566;1;180,00;0,00;
696;467;1760;1;350,00;0,00;
697;468;1533;1;66,00;0,00;
700;471;1533;1;70,00;0,00;
701;472;7065;1;80,00;0,00;
702;472;1542;1;140,00;0,00;
703;473;6172;1;520,00;0,00;
704;474;7098;1;100,00;0,00;
705;475;1534;1;110,00;0,00;
707;477;1542;1;190,00;0,00;
708;479;1542;1;210,00;0,00;
709;480;7083;1;100,00;0,00;
710;481;6347;1;197,00;0,00;
711;481;1534;1;110,00;0,00;
712;482;1526;1;90,00;0,00;
713;483;5308;1;400,00;0,00;
714;484;6054;1;200,00;0,00;
715;470;1562;1;400,00;0,00;
716;470;6930;1;200,00;0,00;
717;485;1534;1;110,00;0,00;
719;485;6960;1;190,00;0,00;
720;487;6174;1;450,00;0,00;
721;488;1721;1;350,00;0,00;
722;489;3447;1;100,00;0,00;
723;490;1533;1;70,00;0,00;
724;490;6887;1;70,00;0,00;
725;491;1562;1;500,00;0,00;
726;492;1534;1;110,00;0,00;
727;492;7111;1;280,00;0,00;
728;493;1534;1;180,00;0,00;
729;494;5627;1;770,00;0,00;
730;495;1320;1;90,00;0,00;
731;496;6719;1;350,00;0,00;
732;457;5578;0,5;330,00;0,00;
733;497;1533;1;70,00;0,00;
734;497;2496;1;100,00;0,00;
735;498;7059;1;230,00;0,00;
736;498;1534;1;110,00;0,00;
737;499;5058;1;470,00;0,00;
738;500;6049;1;190,00;0,00;
739;500;1534;1;110,00;0,00;
740;462;4504;1;511,00;0,00;
742;501;6819;1;50,00;0,00;
743;502;1534;1;110,00;0,00;
745;502;7038;1;340,00;0,00;
746;503;3785;1;140,00;0,00;
747;504;1534;1;110,00;0,00;
748;504;3292;1;240,00;0,00;
749;505;1534;1;110,00;0,00;
750;506;4296;1;150,00;0,00;
751;433;6983;1;380,00;0,00;
752;507;7080;1;100,00;0,00;
753;508;1533;1;50,00;0,00;
754;508;7077;1;80,00;0,00;
755;509;1533;1;70,00;0,00;
756;509;6505;1;190,00;0,00;
757;510;1534;1;110,00;0,00;
759;511;1534;0,5;45,00;0,00;
760;512;1534;1;85,00;0,00;
761;512;6962;1;190,00;0,00;
762;513;5939;1;320,00;0,00;
763;514;6494;1;150,00;0,00;
764;514;1754;1;850,00;0,00;
765;515;6901;1;395,00;0,00;
766;516;6845;1;160,00;0,00;
767;517;1534;1;110,00;0,00;
769;519;5614;1;120,00;0,00;
771;520;1534;1;110,00;0,00;
772;520;5451;1;20,00;0,00;
773;521;5995;1;100,00;0,00;
776;523;1533;1;70,00;0,00;
777;523;7076;1;100,00;0,00;
778;524;1554;1;160,00;0,00;
779;524;6852;1;190,00;0,00;
780;525;1534;1;120,00;0,00;
781;526;3075;1;100,00;0,00;
782;527;7099;1;100,00;0,00;
783;527;1533;1;70,00;0,00;
784;528;4514;1;250,00;0,00;
785;522;1534;1;100,00;0,00;
786;529;1673;1;60,00;0,00;
787;531;1534;1;110,00;0,00;
789;532;7077;1;130,00;0,00;
790;532;1533;1;70,00;0,00;
791;533;1534;1;110,00;0,00;
792;534;7181;1;460,00;0,00;
793;535;5900;1;400,00;0,00;
795;536;4142;1;370,00;0,00;
796;537;1534;1;110,00;0,00;
798;537;5451;1;10,00;0,00;
799;538;4411;1;180,00;0,00;
801;539;5734;1;350,00;0,00;
802;531;7126;1;340,00;0,00;
803;534;4001;1;1.238,00;0,00;
804;540;1534;2;220,00;0,00;
805;541;1533;1;70,00;0,00;
806;541;7095;1;100,00;0,00;
807;543;1533;1;90,00;0,00;
808;543;4162;1;100,00;0,00;
809;544;1533;1;80,00;0,00;
810;545;7174;1;380,00;0,00;
811;545;4504;1;770,00;0,00;
812;547;4170;1;450,00;0,00;
813;547;4507;1;320,00;0,00;
814;548;6347;1;175,00;0,00;
815;548;7095;1;100,00;0,00;
816;549;1542;1;180,00;0,00;
817;549;7095;1;100,00;0,00;
818;550;6347;1;490,00;0,00;
826;552;1320;1;100,00;0,00;
827;553;1534;1;130,00;0,00;
828;553;1534;1;130,00;0,00;
830;551;4504;1;630,00;0,00;
831;551;7024;1;220,00;0,00;
832;554;6684;1;620,00;0,00;
833;555;1320;1;100,00;0,00;
834;556;5729;1;100,00;0,00;
835;557;1542;1;210,00;0,00;
836;557;1533;1;100,00;0,00;
837;558;7068;1;100,00;0,00;
838;558;6937;1;200,00;0,00;
842;560;1542;1;190,00;0,00;
843;561;2287;1;100,00;0,00;
846;563;1533;1;70,00;0,00;
847;563;5451;1;20,00;0,00;
848;564;1533;1;70,00;0,00;
849;564;7180;1;280,00;0,00;
850;565;6506;1;270,00;0,00;
851;566;1542;1;210,00;0,00;
852;566;6473;1;260,00;0,00;
853;567;6162;1;690,00;0,00;
855;568;7117;1;100,00;0,00;
856;568;4514;1;210,00;0,00;
857;569;1533;1;80,00;0,00;
859;570;6883;1;190,00;0,00;
860;570;1542;1;210,00;0,00;
861;571;1534;1;110,00;0,00;
862;571;7111;1;350,00;0,00;
863;572;1534;1;110,00;0,00;
864;574;1534;1;110,00;0,00;
868;576;1563;0,5;100,00;0,00;
869;577;1320;1;200,00;0,00;
870;578;1320;1;100,00;0,00;
872;580;1534;1;110,00;0,00;
873;580;6538;1;340,00;0,00;
874;581;3390;1;100,00;0,00;
875;559;1542;0,5;95,00;0,00;
877;583;4514;1;250,00;0,00;
882;585;1534;1;110,00;0,00;
883;584;5627;1;693,00;0,00;
884;584;7137;1;342,00;0,00;
885;584;1533;1;70,00;0,00;
886;586;1534;1;110,00;0,00;
888;587;5265;1;175,00;0,00;
893;582;6028;1;-250,00;0,00;
894;582;5437;1;300,00;0,00;
895;588;1760;1;390,00;0,00;
896;588;1534;1;110,00;0,00;
897;589;7076;1;120,00;0,00;
898;590;3447;1;100,00;0,00;
899;591;4243;1;100,00;0,00;
900;592;4514;1;250,00;0,00;
901;593;7114;1;100,00;0,00;
902;595;1533;1;70,00;0,00;
903;596;1533;1;90,00;0,00;
905;597;1533;1;70,00;0,00;
906;597;7100;1;250,00;0,00;
907;598;1554;1;150,00;0,00;
908;599;2287;1;90,00;0,00;
909;600;1534;1;110,00;0,00;
910;600;6933;1;190,00;0,00;
911;601;1673;1;60,00;0,00;
912;602;1554;1;140,00;0,00;
913;602;1320;1;100,00;0,00;
914;603;1533;1;70,00;0,00;
915;603;1320;1;100,00;0,00;
917;604;1721;0,5;250,00;0,00;
918;606;5547;1;440,00;0,00;
919;607;1320;1;100,00;0,00;
920;608;1562;1;130,00;0,00;
921;608;5928;1;315,00;0,00;
922;609;6524;1;340,00;0,00;
923;609;1534;1;110,00;0,00;
924;610;5180;1;180,00;0,00;
925;611;1562;1;540,00;0,00;
926;611;6204;1;380,00;0,00;
927;612;5924;1;380,00;0,00;
929;612;4504;1;620,00;0,00;
930;613;6791;1;285,00;0,00;
931;614;3514;1;100,00;0,00;
932;615;1320;1;100,00;0,00;
933;615;4253;1;350,00;0,00;
934;617;1533;1;70,00;0,00;
935;618;1320;1;100,00;0,00;
936;619;5734;1;450,00;0,00;
937;620;1542;1;210,00;0,00;
938;621;5627;1;480,00;0,00;
939;623;1533;1;70,00;0,00;
940;624;1533;1;70,00;0,00;
941;624;1320;1;100,00;0,00;
942;625;6670;1;340,00;0,00;
943;627;1534;1;110,00;0,00;
944;627;5934;1;380,00;0,00;
945;628;1534;1;110,00;0,00;
947;628;6995;1;290,00;0,00;
949;629;4514;1;230,00;0,00;
950;629;7293;1;380,00;0,00;
951;630;1562;1;120,00;0,00;
952;630;4643;1;130,00;0,00;
953;630;7250;1;100,00;0,00;
954;630;5180;1;30,00;0,00;
955;630;4893;1;264,00;0,00;
956;631;1554;1;150,00;0,00;
957;632;7060;1;230,00;0,00;
958;632;1533;1;70,00;0,00;
959;634;1534;1;110,00;0,00;
960;636;6598;1;350,00;0,00;
961;636;1534;1;110,00;0,00;
962;636;1533;1;100,00;0,00;
963;636;6015;1;390,00;0,00;
969;637;1560;1;235,00;0,00;
970;637;6529;1;350,00;0,00;
973;638;7241;1;380,00;0,00;
974;638;1534;1;110,00;0,00;
975;639;1534;1;110,00;0,00;
976;640;1554;1;170,00;0,00;
977;641;1534;1;110,00;0,00;
978;642;1533;1;70,00;0,00;
979;642;1320;1;100,00;0,00;
980;643;5627;1;770,00;0,00;
981;643;4615;1;100,00;0,00;
982;644;1554;1;160,00;0,00;
983;644;5924;1;350,00;0,00;
984;645;1533;1;70,00;0,00;
985;645;6755;1;190,00;0,00;
986;645;7317;1;350,00;0,00;
987;645;1760;1;340,00;0,00;
988;646;1533;0,5;35,00;0,00;
990;646;7068;1;100,00;0,00;
991;646;1542;0,5;85,00;0,00;
992;648;7268;1;380,00;0,00;
994;649;1562;1;540,00;0,00;
996;650;6483;1;260,00;0,00;
997;650;5221;1;180,00;0,00;
999;651;1534;1;110,00;0,00;
1000;651;6540;1;290,00;0,00;
1001;652;4504;1;770,00;0,00;
1002;653;1533;1;70,00;0,00;
1003;653;1660;1;160,00;0,00;
1004;653;2287;1;35,00;0,00;
1007;654;6049;1;180,00;0,00;
1008;655;1534;1;110,00;0,00;
1009;655;7219;1;380,00;0,00;
1010;656;6179;1;500,00;0,00;
1011;657;3447;1;100,00;0,00;
1012;658;1552;1;160,00;0,00;
1013;658;2287;1;40,00;0,00;
1014;659;1552;1;180,00;0,00;
1015;659;7068;1;100,00;0,00;
1016;660;1804;1;700,00;0,00;
1017;660;6966;1;190,00;0,00;
1018;661;1533;1;30,00;0,00;
1020;662;4514;1;270,00;0,00;
1021;663;1542;1;230,00;0,00;
1022;663;7068;1;100,00;0,00;
1024;663;6954;1;200,00;0,00;
1025;668;6769;1;380,00;0,00;
1026;668;7114;1;100,00;0,00;
1027;669;1534;1;140,00;0,00;
1029;672;5627;1;550,00;0,00;
1030;672;7241;1;380,00;0,00;
1031;672;1371;1;100,00;0,00;
1032;673;1542;1;280,00;0,00;
1033;673;7320;1;380,00;0,00;
1034;674;1542;1;280,00;0,00;
1035;674;7314;1;380,00;0,00;
1036;675;6817;1;570,00;0,00;
1038;676;1320;1;100,00;0,00;
1039;677;1320;1;100,00;0,00;
1040;678;1321;1;100,00;0,00;
1041;678;5939;1;340,00;0,00;
1045;679;1911;2;560,00;0,00;
1046;680;7160;1;380,00;0,00;
1050;681;1533;1;70,00;0,00;
1051;682;1534;1;140,00;0,00;
1052;683;1526;2;800,00;0,00;
1053;684;1534;1;120,00;0,00;
1054;684;7298;1;380,00;0,00;
1055;685;1534;1;144,00;0,00;
1056;685;7250;1;341,00;0,00;
1057;686;4581;1;189,00;0,00;
1058;687;1534;1;350,00;0,00;
1059;688;6989;1;440,00;0,00;
1060;688;1542;1;260,00;0,00;
1061;689;1542;1;260,00;0,00;
1062;689;7363;1;260,00;0,00;
1063;690;1533;1;60,00;0,00;
1066;692;1721;1;510,00;0,00;
1068;694;1320;1;100,00;0,00;
1070;695;1534;1;130,00;0,00;
1071;696;1533;1;90,00;0,00;
1072;696;6884;1;160,00;0,00;
1073;697;6472;1;200,00;0,00;
1075;699;1533;1;90,00;0,00;
1076;699;6716;1;620,00;0,00;
1077;700;1554;1;140,00;0,00;
1078;700;7095;1;100,00;0,00;
1079;701;1371;1;180,00;0,00;
1080;702;5521;1;345,00;0,00;
1081;703;6384;1;530,00;0,00;
1082;705;1534;1;130,00;0,00;
1083;705;6470;1;230,00;0,00;
1084;706;6831;1;320,00;0,00;
1085;706;1542;1;270,00;0,00;
1086;707;1560;1;260,00;0,00;
1087;707;6882;1;240,00;0,00;
1088;709;1533;1;80,00;0,00;
1089;710;1542;2;340,00;0,00;
1090;710;7068;1;100,00;0,00;
1091;698;1542;1;250,00;0,00;
1092;711;1554;1;190,00;0,00;
1093;712;1554;1;190,00;0,00;
1095;713;7178;1;280,00;0,00;
1096;714;5941;1;250,00;0,00;
1098;715;1721;1;550,00;0,00;
1099;692;7347;1;340,00;0,00;
1101;716;7332;1;310,00;0,00;
1102;716;6645;1;290,00;0,00;
1103;717;1534;1;150,00;0,00;
1104;717;7326;1;380,00;0,00;
1105;718;1542;1;210,00;0,00;
1106;719;1320;1;100,00;0,00;
1107;719;1533;1;90,00;0,00;
1108;720;1554;1;170,00;0,00;
1109;720;5944;1;100,00;0,00;
1110;722;1534;1;130,00;0,00;
1111;722;6015;1;270,00;0,00;
1112;722;5924;1;400,00;0,00;
1113;722;1533;1;80,00;0,00;
1115;724;2287;1;60,00;0,00;
1117;727;1533;1;90,00;0,00;
1118;728;1533;1;120,00;0,00;
1119;729;1320;1;100,00;0,00;
1121;730;1533;1;200,00;0,00;
1122;712;7329;1;340,00;0,00;
1123;731;6412;1;390,00;0,00;
1124;731;1534;1;110,00;0,00;
1126;732;7234;1;380,00;0,00;
1128;732;5734;1;540,00;0,00;
1129;733;1533;1;90,00;0,00;
1130;734;1534;1;160,00;0,00;
1133;735;1533;1;70,00;0,00;
1134;735;6925;1;240,00;0,00;
1135;735;1554;1;160,00;0,00;
1137;736;7365;1;475,00;0,00;
1138;737;1533;1;70,00;0,00;
1139;736;6670;1;-340,00;0,00;
1140;738;1320;1;100,00;0,00;
1141;738;1542;1;280,00;0,00;
1142;739;5734;1;430,00;0,00;
1143;739;4985;1;450,00;0,00;
1145;740;7366;1;320,00;0,00;
1146;741;7076;1;100,00;0,00;
1147;741;1533;1;90,00;0,00;
1148;741;2287;1;40,00;0,00;
1149;742;2287;1;20,00;0,00;
1150;743;6168;1;540,00;0,00;
1152;744;6734;1;590,00;0,00;
1153;745;1562;1;475,00;0,00;
1154;748;1533;1;90,00;0,00;
1156;749;1533;1;80,00;0,00;
1157;750;4514;1;260,00;0,00;
1158;751;3514;1;100,00;0,00;
1159;752;6193;1;100,00;0,00;
1160;753;1911;1;600,00;0,00;
1161;754;1533;1;70,00;0,00;
1162;754;6347;1;170,00;0,00;
1163;754;7285;1;330,00;0,00;
1165;754;5533;1;320,00;0,00;
1166;755;1533;1;110,00;0,00;
1167;755;5180;1;180,00;0,00;
1168;756;4758;1;495,00;0,00;
1172;575;7041;1;315,00;0,00;
1173;575;1760;1;355,00;0,00;
1174;748;7337;1;310,00;0,00;
1175;757;1554;1;160,00;0,00;
1176;757;7327;1;340,00;0,00;
1177;758;1534;1;160,00;0,00;
1178;758;4621;1;100,00;0,00;
1179;759;1542;2;520,00;0,00;
1180;759;6278;1;180,00;0,00;
1181;759;7097;1;100,00;0,00;
1182;760;1320;1;100,00;0,00;
1183;761;1533;1;90,00;0,00;
1184;761;7114;1;100,00;0,00;
1185;762;1533;1;90,00;0,00;
1187;762;7367;1;290,00;0,00;
1189;764;2287;1;60,00;0,00;
1190;765;5916;1;100,00;0,00;
1191;767;1534;1;150,00;0,00;
1192;767;7076;1;100,00;0,00;
1195;768;6971;1;100,00;0,00;
1196;768;1761;1;390,00;0,00;
1197;769;1552;1;180,00;0,00;
1199;770;1721;1;550,00;0,00;
1200;770;6066;1;100,00;0,00;
1201;771;6874;1;390,00;0,00;
1202;772;1534;1;140,00;0,00;
1203;772;4902;1;310,00;0,00;
1204;773;1533;1;90,00;0,00;
1205;773;5843;1;300,00;0,00;
1206;774;4514;1;250,00;0,00;
1207;774;7323;1;250,00;0,00;
1209;775;1320;1;100,00;0,00;
1210;776;1534;1;160,00;0,00;
1211;777;1560;1;270,00;0,00;
1212;777;7033;1;380,00;0,00;
1213;778;1534;1;160,00;0,00;
1214;778;6861;1;420,00;0,00;
1215;780;1542;1;190,00;0,00;
1216;781;6975;1;490,00;0,00;
1217;782;1534;1;150,00;0,00;
1218;782;6975;1;450,00;0,00;
1219;783;1542;1;260,00;0,00;
1220;783;7270;1;290,00;0,00;
1221;785;1533;1;90,00;0,00;
1222;785;7290;1;290,00;0,00;
1223;786;1542;1;225,00;0,00;
1224;786;2287;1;40,00;0,00;
1225;787;1534;1;160,00;0,00;
1226;787;7294;1;380,00;0,00;
1227;788;6810;1;290,00;0,00;
1229;789;5711;1;100,00;0,00;
1230;790;6754;1;270,00;0,00;
1231;792;3514;1;100,00;0,00;
1232;793;4467;1;500,00;0,00;
1233;794;1534;1;160,00;0,00;
1234;794;3292;1;200,00;0,00;
1235;795;1542;1;260,00;0,00;
1236;795;6832;1;200,00;0,00;
1237;796;1542;1;260,00;0,00;
1238;796;1320;1;100,00;0,00;
1239;740;7329;1;280,00;0,00;
1240;797;1752;1;280,00;0,00;
1242;802;1534;1;160,00;0,00;
1243;803;1534;1;145,00;0,00;
1244;804;1533;1;90,00;0,00;
1245;805;1534;1;140,00;0,00;
1247;805;7274;1;320,00;0,00;
1249;804;1320;1;125,00;0,00;
1250;806;1673;1;66,00;0,00;
1252;807;1560;0,5;100,00;0,00;
1253;808;1533;1;80,00;0,00;
1255;808;6178;1;420,00;0,00;
1256;809;4989;1;240,00;0,00;
1257;809;1760;1;420,00;0,00;
1258;810;2287;1;80,00;0,00;
1259;811;6849;1;280,00;0,00;
1260;812;1533;1;170,00;0,00;
1261;813;1542;1;260,00;0,00;
1262;815;1533;1;80,00;0,00;
1263;815;7095;1;100,00;0,00;
1264;816;3514;1;80,00;0,00;
1265;817;6341;1;100,00;0,00;
1266;819;1534;1;160,00;0,00;
1268;821;3447;1;100,00;0,00;
1269;821;6810;1;260,00;0,00;
1271;823;7252;1;300,00;0,00;
1273;822;1533;0,5;35,00;0,00;
1274;823;1760;1;380,00;0,00;
1275;824;6258;1;250,00;0,00;
1277;824;7379;1;500,00;0,00;
1279;825;7356;1;380,00;0,00;
1280;825;1554;1;190,00;0,00;
1281;826;1534;1;160,00;0,00;
1282;826;6596;1;350,00;0,00;
1283;827;2287;1;60,00;0,00;
1284;828;1534;1;160,00;0,00;
1285;829;5504;1;480,00;0,00;
1286;828;6951;1;290,00;0,00;
1287;829;1534;3;240,00;0,00;
1289;830;1760;1;430,00;0,00;
1290;831;1534;1;150,00;0,00;
1291;831;4412;1;250,00;0,00;
1292;832;6347;1;270,00;0,00;
1293;832;6827;1;230,00;0,00;
1294;833;5990;1;300,00;0,00;
1295;834;1542;1;230,00;0,00;
1296;834;7083;1;100,00;0,00;
1297;835;2287;1;60,00;0,00;
1298;836;4029;1;420,00;0,00;
1299;837;4514;1;260,00;0,00;
1300;837;7037;1;380,00;0,00;
1301;838;5858;1;160,00;0,00;
1302;838;1533;1;90,00;0,00;
1304;839;1752;1;250,00;0,00;
1306;840;6280;1;260,00;0,00;
1307;841;1533;1;240,00;0,00;
1308;842;1560;1;270,00;0,00;
1309;845;1542;2;400,00;0,00;
1310;846;2287;1;50,00;0,00;
1314;847;6634;1;220,00;0,00;
1315;847;1752;1;260,00;0,00;
1316;848;1721;1;500,00;0,00;
1317;848;6999;1;290,00;0,00;
1318;850;1534;1;160,00;0,00;
1319;852;1560;1;270,00;0,00;
1321;853;1542;1;250,00;0,00;
1322;854;1752;1;260,00;0,00;
1323;855;932;1;520,00;0,00;
1326;857;1533;1;90,00;0,00;
1327;858;7097;1;100,00;0,00;
1329;859;6771;1;390,00;0,00;
1330;852;6935;1;270,00;0,00;
1331;862;2403;1;198,00;0,00;
1332;863;7198;1;340,00;0,00;
1333;856;7265;1;340,00;0,00;
1334;856;1534;1;145,00;0,00;
1335;864;5627;1;550,00;0,00;
1336;865;1533;1;70,00;0,00;
1337;865;1320;1;90,00;0,00;
1338;866;1533;1;80,00;0,00;
1339;867;1542;1;260,00;0,00;
1340;868;1752;1;280,00;0,00;
1341;869;5521;1;350,00;0,00;
1342;870;7372;1;690,00;0,00;
1343;871;1533;1;90,00;0,00;
1344;871;1320;1;100,00;0,00;
1345;872;1552;1;190,00;0,00;
1346;873;1534;1;130,00;0,00;
1348;875;2287;1;60,00;0,00;
1349;874;1542;1;200,00;0,00;
1350;874;5966;1;120,00;0,00;
1352;877;1542;1;210,00;0,00;
1353;878;6823;1;100,00;0,00;
1356;879;5142;1;35,00;0,00;
1358;881;3514;1;100,00;0,00;
1359;882;3514;1;100,00;0,00;
1360;876;1534;1;145,00;0,00;
1361;883;1534;2;320,00;0,00;
1362;884;1542;1;260,00;0,00;
1363;885;4581;1;66,00;0,00;
1364;886;1542;1;200,00;0,00;
1365;887;1534;1;160,00;0,00;
1366;887;3425;1;305,00;0,00;
1367;888;1552;1;180,00;0,00;
1368;888;1320;1;80,00;0,00;
1369;889;1534;1;160,00;0,00;
1370;880;1752;1;240,00;0,00;
1371;890;6188;1;80,00;0,00;
1372;889;6181;1;280,00;0,00;
1374;891;7280;1;300,00;0,00;
1376;893;7385;3;30,00;0,00;
1377;894;1534;1;160,00;0,00;
1378;894;2287;1;10,00;0,00;
1379;895;1552;1;180,00;0,00;
1380;895;1370;1;100,00;0,00;
1381;896;3514;1;100,00;0,00;
1382;897;4681;1;150,00;0,00;
1383;898;1534;3;420,00;0,00;
1384;899;3447;1;100,00;0,00;
1385;900;1752;1;235,00;0,00;
1386;900;7244;1;335,00;0,00;
1387;901;6729;1;760,00;0,00;
1388;902;1721;1;460,00;0,00;
1389;902;6036;1;200,00;0,00;
1390;902;1322;1;100,00;0,00;
1391;904;7140;1;490,00;0,00;
1392;904;1534;1;160,00;0,00;
1393;905;1542;1;210,00;0,00;
1394;906;1534;1;160,00;0,00;
1395;906;6066;1;240,00;0,00;
1397;907;1542;2;520,00;0,00;
1399;908;6931;1;200,00;0,00;
1400;908;1554;1;190,00;0,00;
1401;909;1534;1;160,00;0,00;
1402;910;1534;1;160,00;0,00;
1403;911;6908;1;270,00;0,00;
1404;911;1761;1;770,00;0,00;
1406;912;1534;0,5;80,00;0,00;
1408;912;4710;0,5;240,00;0,00;
1409;912;6702;1;700,00;0,00;
1410;913;1533;1;80,00;0,00;
1411;914;1554;1;150,00;0,00;
1412;914;7246;1;300,00;0,00;
1413;915;7100;1;100,00;0,00;
1414;916;7379;1;550,00;0,00;
1415;916;7068;1;100,00;0,00;
1416;917;7077;1;100,00;0,00;
1417;919;1562;1;450,00;0,00;
1418;919;6433;1;460,00;0,00;
1419;919;1533;1;90,00;0,00;
1420;920;1533;1;80,00;0,00;
1421;920;1370;1;100,00;0,00;
1425;923;7068;1;70,00;0,00;
1426;924;1534;1;160,00;0,00;
1427;924;6993;1;260,00;0,00;
1428;925;1533;1;90,00;0,00;
1429;925;7076;1;100,00;0,00;
1430;926;1534;1;160,00;0,00;
1431;926;6489;1;240,00;0,00;
1432;927;1542;1;210,00;0,00;
1433;928;1542;1;210,00;0,00;
1434;928;5953;1;100,00;0,00;
1435;931;1911;1;292,00;0,00;
1436;931;2403;1;198,00;0,00;
1437;932;1554;1;190,00;0,00;
1438;932;7319;1;260,00;0,00;
1439;933;1554;0,5;95,00;0,00;
1440;934;1534;1;150,00;0,00;
1441;934;5381;1;450,00;0,00;
1442;936;1321;1;100,00;0,00;
1443;937;1534;1;160,00;0,00;
1444;937;7068;1;100,00;0,00;
1445;939;1533;1;90,00;0,00;
1446;940;4515;1;510,00;0,00;
1447;942;2437;1;300,00;0,00;
1448;943;1721;1;760,00;0,00;
1450;943;1321;1;100,00;0,00;
1451;944;4514;1;290,00;0,00;
1453;945;6604;1;350,00;0,00;
1454;945;1542;1;260,00;0,00;
1455;946;1533;1;90,00;0,00;
1456;947;1552;1;180,00;0,00;
1457;947;5814;1;100,00;0,00;
1458;949;1533;1;90,00;0,00;
1459;949;2287;1;20,00;0,00;
1460;950;1534;1;145,00;0,00;
1461;950;1370;1;100,00;0,00;
1462;951;1552;1;190,00;0,00;
1463;951;6066;1;100,00;0,00;
1464;952;1533;1;90,00;0,00;
1465;952;7114;1;100,00;0,00;
1466;953;6585;1;370,00;0,00;
1468;954;4514;1;240,00;0,00;
1469;956;7369;1;480,00;0,00;
1470;957;1542;1;260,00;0,00;
1471;953;1555;1;900,00;0,00;
1472;958;1533;1;90,00;0,00;
1473;958;6482;1;260,00;0,00;
1474;959;3447;1;90,00;0,00;
1475;960;1533;1;80,00;0,00;
1476;960;3784;1;200,00;0,00;
1477;961;1542;0,5;130,00;0,00;
1478;962;6838;1;585,00;0,00;
1479;963;1760;1;430,00;0,00;
1480;963;6751;1;340,00;0,00;
1481;964;1348;1;50,00;0,00;
1482;965;5940;1;360,00;0,00;
1484;967;3447;2;180,00;0,00;
1485;968;2403;2;600,00;0,00;
1486;969;1552;1;170,00;0,00;
1487;969;5995;1;100,00;0,00;
1488;970;1321;2;200,00;0,00;
1491;972;7232;1;330,00;0,00;
1492;972;1554;1;170,00;0,00;
1495;973;6444;1;550,00;0,00;
1496;973;7389;1;450,00;0,00;
1497;974;1534;2;280,00;0,00;
1498;974;5820;1;270,00;0,00;
1499;976;1321;1;100,00;0,00;
1502;978;1533;0,5;40,00;0,00;
1503;978;4514;0,5;130,00;0,00;
1504;978;6490;1;280,00;0,00;
1505;979;1542;1;260,00;0,00;
1506;980;5916;1;100,00;0,00;
1507;981;7068;1;100,00;0,00;
1508;983;7376;1;425,00;0,00;
1509;984;1321;1;200,00;0,00;
1511;987;1542;1;340,00;0,00;
1512;987;1370;1;100,00;0,00;
1513;988;1542;1;260,00;0,00;
1514;988;1534;1;160,00;0,00;
1516;988;7146;1;380,00;0,00;
1517;988;7165;1;290,00;0,00;
1519;977;1534;1;75,00;0,00;
1520;977;5086;1;90,00;0,00;
1521;989;7408;1;480,00;0,00;
1522;990;7385;2;20,00;0,00;
1523;991;7408;1;490,00;0,00;
1525;992;6814;1;350,00;0,00;
1526;992;1721;1;530,00;0,00;
1527;993;1533;0,5;40,00;0,00;
1528;994;7274;1;290,00;0,00;
1529;994;1534;1;110,00;0,00;
1530;995;1542;1;230,00;0,00;
1531;995;1370;1;100,00;0,00;
1532;996;1534;1;160,00;0,00;
1533;996;3254;1;270,00;0,00;
1534;996;7397;1;300,00;0,00;
1535;997;1533;1;200,00;0,00;
1536;997;6778;1;270,00;0,00;
1537;998;1554;1;180,00;0,00;
1538;998;1321;1;100,00;0,00;
1539;999;5142;1;105,00;0,00;
1540;985;1533;0,5;40,00;0,00;
1541;1000;1534;0,5;80,00;0,00;
1543;1001;7405;1;250,00;0,00;
1544;1002;1534;1;110,00;0,00;
1545;1003;5974;1;420,00;0,00;
1548;1006;5627;1;600,00;0,00;
1549;1005;1760;1;340,00;0,00;
1550;1005;5880;1;260,00;0,00;
1551;1008;1552;1;160,00;0,00;
1552;1009;3447;1;100,00;0,00;
1553;1010;6177;1;530,00;0,00;
1555;1011;1370;1;200,00;0,00;
1556;1012;1370;1;240,00;0,00;
1557;1014;1534;1;138,00;0,00;
1558;1014;5846;1;280,00;0,00;
1559;1015;3514;1;100,00;0,00;
1560;1016;6679;1;530,00;0,00;
1561;1019;5940;1;350,00;0,00;
1562;1020;1542;1;260,00;0,00;
1563;1021;1534;1;160,00;0,00;
1564;1021;5814;1;100,00;0,00;
1565;1022;7418;1;470,00;0,00;
1566;1023;6732;1;580,00;0,00;
1567;1024;5504;1;480,00;0,00;
1568;1025;7400;1;300,00;0,00;
1569;1026;7406;1;250,00;0,00;
1570;1026;6015;1;480,00;0,00;
1571;1027;7114;1;100,00;0,00;
1572;1028;6872;1;100,00;0,00;
1573;1028;1552;1;190,00;0,00;
1574;1028;2287;1;110,00;0,00;
1575;1029;1534;1;160,00;0,00;
1576;1030;7007;1;120,00;0,00;
1578;1031;6810;1;230,00;0,00;
1579;1030;5627;1;300,00;0,00;
1580;1030;2403;2;160,00;0,00;
1581;1032;1673;1;66,00;0,00;
1583;1034;1534;1;220,00;0,00;
1584;1034;3725;1;260,00;0,00;
1585;1035;3514;1;90,00;0,00;
1586;1036;7394;1;290,00;0,00;
1587;1037;7370;1;530,00;0,00;
1588;1038;7406;1;290,00;0,00;
1589;1039;7194;1;430,00;0,00;
1590;1040;1542;1;260,00;0,00;
1591;1040;1370;1;100,00;0,00;
1592;1041;1534;1;130,00;0,00;
1593;1042;7097;1;100,00;0,00;
1594;1043;1542;1;260,00;0,00;
1596;1043;3514;1;80,00;0,00;
1597;1043;6483;1;220,00;0,00;
1598;1044;7078;1;100,00;0,00;
1599;1046;1554;1;150,00;0,00;
1600;1047;1533;1;90,00;0,00;
1601;1048;7340;1;300,00;0,00;
1602;1049;7078;1;100,00;0,00;
1603;1050;5861;1;220,00;0,00;
1604;1051;4198;1;280,00;0,00;
1605;1052;1554;1;180,00;0,00;
1606;1052;6005;1;100,00;0,00;
1607;1053;6849;1;200,00;0,00;
1609;1053;6298;1;90,00;0,00;
1611;1053;6759;1;90,00;0,00;
1613;1054;5861;1;180,00;0,00;
1615;1055;7385;1;15,00;0,00;
1616;1056;1542;1;250,00;0,00;
1617;1056;6936;1;250,00;0,00;
1618;1057;930;1;530,00;0,00;
1620;1054;1534;2;250,00;0,00;
1621;1058;1542;1;270,00;0,00;
1622;1059;1758;1;850,00;0,00;
1623;1060;1721;1;580,00;0,00;
1624;1060;4515;1;480,00;0,00;
1625;1061;1533;3;230,00;0,00;
1626;1061;5825;1;150,00;0,00;
1627;1061;4402;1;190,00;0,00;
1628;1061;4991;1;100,00;0,00;
1629;1062;1370;1;200,00;0,00;
1630;1063;3514;1;80,00;0,00;
1631;1064;1542;1;260,00;0,00;
1632;1064;1370;1;100,00;0,00;
1634;1066;1542;1;240,00;0,00;
1635;1067;6178;1;480,00;0,00;
1636;1068;1533;1;150,00;0,00;
1637;1068;5501;1;490,00;0,00;
1638;1068;1534;1;100,00;0,00;
1639;1069;1542;1;260,00;0,00;
1640;1069;1542;1;230,00;0,00;
1641;1069;1321;1;120,00;0,00;
1642;1069;7086;1;290,00;0,00;
1644;1070;7194;1;380,00;0,00;
1646;1073;1760;1;300,00;0,00;
1647;1073;7037;1;250,00;0,00;
1648;1075;4939;1;410,00;0,00;
1649;1074;1542;1;260,00;0,00;
1650;1075;7275;1;380,00;0,00;
1651;1076;1542;1;225,00;0,00;
1652;1076;1370;1;100,00;0,00;
1653;1077;1552;1;190,00;0,00;
1654;1077;7387;1;100,00;0,00;
1655;1078;1534;1;140,00;0,00;
1657;1078;7006;1;210,00;0,00;
1659;1079;7317;1;150,00;0,00;
1660;1079;1534;2;290,00;0,00;
1661;1080;7115;1;100,00;0,00;
1662;1084;1534;1;160,00;0,00;
1663;1085;1542;1;220,00;0,00;
1665;1086;1533;1;90,00;0,00;
1666;1087;3514;1;80,00;0,00;
1667;1088;1760;1;460,00;0,00;
1668;1088;7462;1;470,00;0,00;
1670;1088;1540;1;60,00;0,00;
1671;1089;5059;1;530,00;0,00;
1672;1090;1533;1;90,00;0,00;
1673;1091;1554;1;190,00;0,00;
1674;1091;5916;1;100,00;0,00;
1675;1093;1721;1;520,00;0,00;
1676;1093;6368;1;290,00;0,00;
1677;1094;1534;1;160,00;0,00;
1678;1095;1542;1;250,00;0,00;
1679;1096;7378;1;400,00;0,00;
1680;1096;6425;1;530,00;0,00;
1681;1097;1534;1;220,00;0,00;
1682;1097;6828;1;280,00;0,00;
1683;1069;4497;1;330,00;0,00;
1684;1099;5734;1;370,00;0,00;
1685;1100;7097;1;100,00;0,00;
1686;1101;1542;1;250,00;0,00;
1687;1103;1554;1;180,00;0,00;
1688;1103;6066;1;100,00;0,00;
1689;1104;4514;1;260,00;0,00;
1690;1104;7058;1;100,00;0,00;
1692;1105;1542;1;260,00;0,00;
1693;1106;6581;1;100,00;0,00;
1694;1106;6690;1;450,00;0,00;
1695;1107;1534;1;140,00;0,00;
1696;1107;5466;1;100,00;0,00;
1697;1108;6768;1;340,00;0,00;
1698;1109;3315;1;250,00;0,00;
1699;1110;1760;1;410,00;0,00;
1700;1112;1533;1;80,00;0,00;
1701;1112;6590;1;235,00;0,00;
1702;1113;7464;1;320,00;0,00;
1703;1113;1534;0,5;80,00;0,00;
1704;1113;4939;1;205,00;0,00;
1705;1114;1534;1;160,00;0,00;
1707;1115;1554;1;190,00;0,00;
1708;1115;7055;1;190,00;0,00;
1709;1116;2403;1;198,00;0,00;
1710;1117;5995;1;200,00;0,00;
1711;1118;1542;2;500,00;0,00;
1712;1118;6055;1;100,00;0,00;
1713;1119;1533;1;90,00;0,00;
1714;1120;5627;1;470,00;0,00;
1715;1120;6598;1;280,00;0,00;
1716;1121;3062;1;270,00;0,00;
1717;1122;1533;1;90,00;0,00;
1718;1122;7261;1;310,00;0,00;
1719;1123;1534;0,5;70,00;0,00;
1720;1124;2403;1;60,00;0,00;
1721;1125;1760;1;460,00;0,00;
1723;1126;6482;1;240,00;0,00;
1724;1127;1534;1;90,00;0,00;
1725;1129;1533;1;90,00;0,00;
1726;1130;1554;1;150,00;0,00;
1727;1130;7083;1;100,00;0,00;
1728;1131;1533;1;90,00;0,00;
1729;1132;1542;1;260,00;0,00;
1730;1133;1562;1;540,00;0,00;
1731;1133;7228;1;380,00;0,00;
1732;1135;1911;2;600,00;0,00;
1733;1136;4927;1;1.150,00;0,00;
1734;1136;5082;1;350,00;0,00;
1735;1137;1370;1;100,00;0,00;
1736;1139;1534;1;130,00;0,00;
1737;1139;6638;1;210,00;0,00;
1738;1140;1534;1;160,00;0,00;
1739;1140;7458;1;320,00;0,00;
1740;1141;1542;1;230,00;0,00;
1741;1142;1534;1;160,00;0,00;
1742;1142;5935;1;340,00;0,00;
1743;1143;1533;1;70,00;0,00;
1744;1144;1752;1;260,00;0,00;
1745;1145;1562;1;430,00;0,00;
1746;1145;6701;1;670,00;0,00;
1747;1147;1534;1;160,00;0,00;
1748;1147;5869;1;100,00;0,00;
1749;1148;1673;1;66,00;0,00;
1750;1127;6572;1;200,00;0,00;
1751;1149;1533;1;90,00;0,00;
1753;1150;5814;1;100,00;0,00;
1754;1151;4581;1;198,00;0,00;
1755;1150;1752;1;260,00;0,00;
1756;1153;1534;1;160,00;0,00;
1757;1153;3328;1;220,00;0,00;
1760;1154;6832;1;130,00;0,00;
1761;1154;5627;1;470,00;0,00;
1762;1156;6596;1;350,00;0,00;
1763;1156;1760;1;450,00;0,00;
1764;1157;1533;1;90,00;0,00;
1765;1157;7245;1;380,00;0,00;
1766;1158;1721;1;500,00;0,00;
1767;1158;6890;1;100,00;0,00;
1768;1159;1533;1;100,00;0,00;
1771;1162;1752;1;260,00;0,00;
1772;1162;7220;1;270,00;0,00;
1773;1160;1721;1;450,00;0,00;
1774;1160;7140;1;405,00;0,00;
1775;1163;2403;2;580,00;0,00;
1776;1164;1533;1;90,00;0,00;
1777;1165;1534;1;160,00;0,00;
1778;1165;7153;1;380,00;0,00;
1779;1166;3888;1;180,00;0,00;
1780;1149;6057;1;220,00;0,00;
1781;1168;1534;1;145,00;0,00;
1782;1169;1533;1;130,00;0,00;
1784;1170;6038;1;100,00;0,00;
1785;1170;1533;1;90,00;0,00;
1786;1171;3706;1;470,00;0,00;
1787;1171;6751;1;290,00;0,00;
1788;1172;5940;1;330,00;0,00;
1789;1173;1534;1;160,00;0,00;
1790;1173;5837;1;270,00;0,00;
1791;1174;1542;1;260,00;0,00;
1792;1174;5909;1;150,00;0,00;
1794;1175;7451;1;380,00;0,00;
1797;1175;5627;1;600,00;0,00;
1798;1176;1673;1;66,00;0,00;
1799;1178;1534;1;220,00;0,00;
1800;1179;1534;1;160,00;0,00;
1801;1180;1534;1;160,00;0,00;
1802;1180;1414;1;100,00;0,00;
1803;1181;1534;1;130,00;0,00;
1804;1182;1560;1;280,00;0,00;
1805;1182;7275;1;380,00;0,00;
1806;1183;1533;1;220,00;0,00;
1807;1183;6694;1;380,00;0,00;
1808;1184;1542;1;270,00;0,00;
1809;1186;1660;1;190,00;0,00;
1810;1186;3187;1;480,00;0,00;
1811;1187;5221;1;150,00;0,00;
1812;1187;7268;1;380,00;0,00;
1813;1189;1552;1;190,00;0,00;
1814;1190;1552;1;180,00;0,00;
1815;1190;6472;1;100,00;0,00;
1816;1191;1534;1;140,00;0,00;
1817;1191;7440;1;430,00;0,00;
1818;1191;6718;1;400,00;0,00;
1819;1191;1534;0,5;316,00;0,00;
1820;1191;5578;1;514,00;0,00;
1822;1192;1371;1;240,00;0,00;
1823;1193;1534;1;160,00;0,00;
1824;1193;6608;1;430,00;0,00;
1825;1194;4991;1;90,00;0,00;
1826;1195;1552;1;190,00;0,00;
1827;1195;2539;1;150,00;0,00;
1828;1196;7378;1;440,00;0,00;
1829;1197;1370;1;100,00;0,00;
1830;1198;1534;1;140,00;0,00;
1831;1199;1542;1;260,00;0,00;
1832;1199;1370;1;120,00;0,00;
1833;1200;2536;1;450,00;0,00;
1834;1200;5978;1;390,00;0,00;
1835;1202;1552;1;190,00;0,00;
1836;1202;6048;1;260,00;0,00;
1837;1203;1534;1;160,00;0,00;
1838;1203;4411;1;260,00;0,00;
1839;1204;6247;1;100,00;0,00;
1840;1204;4293;1;100,00;0,00;
1841;1205;1533;1;80,00;0,00;
1843;1207;1533;1;70,00;0,00;
1844;1208;1554;1;190,00;0,00;
1845;1208;5869;1;100,00;0,00;
1846;1209;1760;1;460,00;0,00;
1847;1209;6369;1;240,00;0,00;
1848;1210;1760;1;460,00;0,00;
1849;1210;7107;1;100,00;0,00;
1850;1211;5851;1;150,00;0,00;
1851;1206;5501;1;477,00;0,00;
1852;1212;1533;0,5;45,00;0,00;
1855;1215;5142;1;100,00;0,00;
1856;1213;4680;1;150,00;0,00;
1858;1217;1534;1;140,00;0,00;
1859;1218;1534;1;170,00;0,00;
1860;1219;1534;1;160,00;0,00;
1862;1219;6567;1;100,00;0,00;
1863;1222;1542;1;260,00;0,00;
1864;1223;4680;1;300,00;0,00;
1865;1223;5926;1;240,00;0,00;
1866;1225;1542;1;200,00;0,00;
1867;1226;6696;1;460,00;0,00;
1868;1226;5459;1;-115,00;0,00;
1869;1227;5133;1;98,00;0,00;
1871;1228;3425;1;110,00;0,00;
1872;1228;1542;1;220,00;0,00;
1874;1229;1760;1;430,00;0,00;
1875;1229;6442;1;415,00;0,00;
1876;1230;1534;1;140,00;0,00;
1877;1230;6056;1;100,00;0,00;
1878;1230;5627;1;440,00;0,00;
1879;1231;1533;1;280,00;0,00;
1881;1231;2287;1;140,00;0,00;
1882;1232;1370;1;160,00;0,00;
1883;1233;1533;1;90,00;0,00;
1884;1234;5521;1;360,00;0,00;
1886;1235;1542;1;260,00;0,00;
1888;1236;5966;1;100,00;0,00;
1889;1237;6113;1;200,00;0,00;
1891;1237;4969;1;105,00;0,00;
1892;1238;4514;1;280,00;0,00;
1895;1241;1540;1;60,00;0,00;
1896;1242;3397;1;90,00;0,00;
1897;1244;1542;1;230,00;0,00;
1898;1245;1552;1;180,00;0,00;
1899;1245;5614;1;220,00;0,00;
1900;1247;6347;1;440,00;0,00;
1901;1247;4763;1;380,00;0,00;
1902;1200;6693;1;500,00;0,00;
1903;1200;1556;1;240,00;0,00;
1904;1248;1542;1;245,00;0,00;
1906;1249;1534;1;320,00;0,00;
1907;1248;6942;1;250,00;0,00;
1908;1250;1533;1;90,00;0,00;
1909;1250;6486;1;210,00;0,00;
1910;1235;6983;1;390,00;0,00;
1912;1253;6825;1;100,00;0,00;
1913;1254;1562;1;520,00;0,00;
1914;1255;1542;1;245,00;0,00;
1915;1255;7114;1;100,00;0,00;
1916;1256;1534;1;145,00;0,00;
1917;1256;6948;1;190,00;0,00;
1918;1258;6476;1;240,00;0,00;
1919;1260;1534;1;90,00;0,00;
1920;1261;1560;1;260,00;0,00;
1921;1261;5175;1;520,00;0,00;
1923;1262;930;2;1.060,00;0,00;
1924;1263;1533;1;90,00;0,00;
1925;1263;7004;1;210,00;0,00;
1926;1265;7402;1;200,00;0,00;
1927;1266;1534;1;160,00;0,00;
1928;1267;6478;1;190,00;0,00;
1929;1268;1534;1;160,00;0,00;
1930;1268;7125;1;380,00;0,00;
1931;1269;1752;1;250,00;0,00;
1932;1269;6855;1;180,00;0,00;
1933;1270;4654;1;70,00;0,00;
1934;1272;1533;1;90,00;0,00;
1935;1272;7224;1;200,00;0,00;
1936;1273;5708;1;100,00;0,00;
1937;1274;1533;1;90,00;0,00;
1938;1274;7058;1;100,00;0,00;
1939;1275;6964;1;240,00;0,00;
1940;1275;1533;1;90,00;0,00;
1941;1276;1804;1;600,00;0,00;
1942;1277;1805;1;600,00;0,00;
1943;1278;1533;1;90,00;0,00;
1944;1278;7227;1;260,00;0,00;
1945;1279;4581;1;205,00;0,00;
1946;1280;6771;1;300,00;0,00;
1948;1282;1533;1;90,00;0,00;
1949;1282;6835;1;240,00;0,00;
1950;1283;7366;1;265,00;0,00;
1951;1283;7465;1;435,00;0,00;
1952;1284;1533;1;90,00;0,00;
1953;1284;6883;1;220,00;0,00;
1954;1285;1534;1;160,00;0,00;
1955;1285;6738;1;490,00;0,00;
1956;1286;5046;1;200,00;0,00;
1957;1287;1542;1;260,00;0,00;
1958;1287;6258;1;210,00;0,00;
1959;1288;7114;1;100,00;0,00;
1960;1289;1533;1;90,00;0,00;
1961;1291;2403;1;198,00;0,00;
1962;1292;1542;1;260,00;0,00;
1963;1293;1533;1;90,00;0,00;
1964;1293;6472;1;100,00;0,00;
1965;1294;1533;1;90,00;0,00;
1966;1294;7218;1;210,00;0,00;
1967;1295;1552;1;190,00;0,00;
1968;1295;7108;1;350,00;0,00;
1969;1296;4200;1;260,00;0,00;
1970;1297;1533;1;70,00;0,00;
1971;1297;1534;1;125,00;0,00;
1972;1297;4681;1;160,00;0,00;
1973;1297;1534;1;100,00;0,00;
1974;1297;7273;1;290,00;0,00;
1975;1297;6512;1;370,00;0,00;
1976;1298;2403;1;298,00;0,00;
1977;1300;1542;1;260,00;0,00;
1978;1301;1370;1;160,00;0,00;
1979;1302;1534;1;150,00;0,00;
1980;1303;1542;1;260,00;0,00;
1981;1303;7312;1;380,00;0,00;
1982;1304;7395;1;150,00;0,00;
1983;1305;1552;1;180,00;0,00;
1985;1306;1321;1;100,00;0,00;
1986;1307;6856;1;200,00;0,00;
1987;1308;1533;1;70,00;0,00;
1988;1308;1370;1;100,00;0,00;
1989;1309;1534;1;160,00;0,00;
1990;1309;6518;1;420,00;0,00;
1991;1310;1562;1;580,00;0,00;
1992;1310;1534;1;160,00;0,00;
1993;1310;7442;1;470,00;0,00;
1994;1311;1533;1;90,00;0,00;
1995;1313;5530;1;280,00;0,00;
1996;1315;1534;1;140,00;0,00;
1997;1315;1370;1;100,00;0,00;
1998;1316;1552;1;190,00;0,00;
1999;1316;7316;1;340,00;0,00;
2000;1317;1534;1;160,00;0,00;
2001;1317;7438;1;430,00;0,00;
2002;1318;1533;1;90,00;0,00;
2003;1319;4056;1;100,00;0,00;
2004;1321;7392;1;220,00;0,00;
2007;1322;2403;2;596,00;0,00;
2008;1323;1534;1;160,00;0,00;
2009;1324;1542;1;130,00;0,00;
2010;1324;1534;1;90,00;0,00;
2011;1325;1542;1;180,00;0,00;
2012;1325;1542;1;180,00;0,00;
2013;1326;4680;1;220,00;0,00;
2014;1326;7463;1;400,00;0,00;
2015;1327;1370;1;165,00;0,00;
2016;1328;7385;2;20,00;0,00;
2017;1329;1370;1;80,00;0,00;
2018;1330;1552;1;170,00;0,00;
2019;1330;7011;1;200,00;0,00;
2020;1331;1542;1;220,00;0,00;
2022;1332;6479;1;160,00;0,00;
2023;1332;1752;1;250,00;0,00;
2024;1333;1534;1;160,00;0,00;
2025;1333;3498;1;100,00;0,00;
2027;1334;5804;1;100,00;0,00;
2028;1334;1752;1;230,00;0,00;
2029;1335;1721;1;480,00;0,00;
2031;1335;4327;1;180,00;0,00;
2032;1336;1534;1;145,00;0,00;
2034;1337;7292;1;300,00;0,00;
2035;1337;1721;1;880,00;0,00;
2036;1338;5837;1;100,00;0,00;
2037;1338;1533;1;90,00;0,00;
2038;1339;6525;1;450,00;0,00;
2039;1339;1542;1;0,00;0,00;
2040;1341;4055;1;100,00;0,00;
2041;1343;1754;1;1.000,00;0,00;
2042;1343;7432;1;500,00;0,00;
2043;1344;6016;1;440,00;0,00;
2044;1345;1673;1;66,00;0,00;
2046;1346;7227;1;220,00;0,00;
2047;1346;1752;1;220,00;0,00;
2048;1347;1534;1;160,00;0,00;
2049;1347;5838;1;140,00;0,00;
2050;1348;5835;1;100,00;0,00;
2051;1348;1533;1;80,00;0,00;
2052;1349;1533;1;90,00;0,00;
2053;1349;7504;1;390,00;0,00;
2054;1350;7466;1;470,00;0,00;
2055;1350;1534;1;160,00;0,00;
2056;1351;1533;1;90,00;0,00;
2057;1353;1552;1;145,00;0,00;
2058;1354;1562;1;480,00;0,00;
2060;1354;7514;1;300,00;0,00;
2061;1355;5784;1;530,00;0,00;
2062;1355;1534;1;110,00;0,00;
2063;1355;7369;1;550,00;0,00;
2064;1354;7521;1;300,00;0,00;
2065;1354;1562;1;480,00;0,00;
2066;1356;1533;1;90,00;0,00;
2067;1356;6286;1;100,00;0,00;
2068;1358;4118;1;120,00;0,00;
2069;1359;3514;1;100,00;0,00;
2070;1360;7348;1;350,00;0,00;
2071;1361;1534;1;160,00;0,00;
2073;1362;7527;1;250,00;0,00;
2074;1364;1534;1;140,00;0,00;
2075;1365;1533;1;90,00;0,00;
2076;1365;6155;1;250,00;0,00;
2077;1366;1542;1;260,00;0,00;
2078;1366;4330;1;220,00;0,00;
2079;1367;1721;1;500,00;0,00;
2080;1367;7323;1;250,00;0,00;
2081;1368;7366;1;280,00;0,00;
2082;1368;6518;1;390,00;0,00;
2083;1369;6825;1;100,00;0,00;
2084;1370;1542;1;225,00;0,00;
2085;1370;7421;1;405,00;0,00;
2087;1371;1721;1;450,00;0,00;
2088;1372;5501;1;530,00;0,00;
2089;1373;2287;1;60,00;0,00;
2090;1374;1534;1;128,00;0,00;
2091;1376;2403;2;360,00;0,00;
2093;1377;6347;0,5;160,00;0,00;
2094;1377;4680;0,5;120,00;0,00;
2095;1378;2403;2;700,00;0,00;
2096;1379;1533;1;150,00;0,00;
2097;1380;1533;1;90,00;0,00;
2098;1381;1534;1;70,00;0,00;
2100;1382;5691;1;100,00;0,00;
2101;1382;1552;1;190,00;0,00;
2102;1383;1533;1;80,00;0,00;
2103;1383;7114;1;100,00;0,00;
2104;1384;1542;1;260,00;0,00;
2105;1384;6197;1;220,00;0,00;
2106;1385;1534;1;145,00;0,00;
2107;1386;6261;1;150,00;0,00;
2108;1388;1533;1;90,00;0,00;
2109;1389;1542;1;280,00;0,00;
2110;1390;930;1;500,00;0,00;
2113;1391;1542;1;245,00;0,00;
2114;1391;6856;1;190,00;0,00;
2116;1392;1554;0,5;80,00;0,00;
2117;1393;1542;1;260,00;0,00;
2119;1396;5051;1;160,00;0,00;
2120;1397;1542;1;225,00;0,00;
2121;1398;1534;1;160,00;0,00;
2122;1398;5915;1;100,00;0,00;
2124;1399;1534;2;320,00;0,00;
2125;1399;7460;1;460,00;0,00;
2126;1399;7443;1;320,00;0,00;
2127;1400;7550;1;550,00;0,00;
2128;1401;1534;1;320,00;0,00;
2129;1401;7491;1;480,00;0,00;
2130;1401;7492;1;480,00;0,00;
2132;1402;6361;1;340,00;0,00;
2133;1402;0;1;340,00;0,00;
2134;1402;1752;1;260,00;0,00;
2135;1403;1533;1;90,00;0,00;
2136;1403;6903;1;150,00;0,00;
2137;1405;1562;1;430,00;0,00;
2138;1406;1554;1;160,00;0,00;
2139;1407;1370;1;100,00;0,00;
2140;1408;1534;1;160,00;0,00;
2141;1408;7543;1;220,00;0,00;
2142;1409;1554;1;180,00;0,00;
2143;1409;6155;1;100,00;0,00;
2144;1410;1534;1;140,00;0,00;
2145;1411;1554;0,5;90,00;0,00;
2146;1412;1534;1;155,00;0,00;
2147;1412;6626;1;250,00;0,00;
2148;1413;4710;1;1.200,00;0,00;
2149;1413;7270;1;200,00;0,00;
2150;1414;1534;1;160,00;0,00;
2152;1415;1760;1;350,00;0,00;
2153;1415;7471;1;320,00;0,00;
2154;1414;7145;1;380,00;0,00;
2156;1416;7170;1;380,00;0,00;
2157;1416;5578;1;900,00;0,00;
2158;1417;6853;1;190,00;0,00;
2159;1418;3447;1;150,00;0,00;
2160;1419;1533;1;80,00;0,00;
2161;1419;1370;1;90,00;0,00;
2162;1420;1534;1;160,00;0,00;
2163;1420;4221;1;300,00;0,00;
2164;1421;1542;1;180,00;0,00;
2165;1422;1552;1;190,00;0,00;
2166;1423;5133;1;95,00;0,00;
2167;1424;1760;1;460,00;0,00;
2169;1425;4587;0,5;260,00;0,00;
2170;1426;1542;1;260,00;0,00;
2171;1427;6347;1;240,00;0,00;
2172;1427;6510;1;460,00;0,00;
2173;1428;1533;1;170,00;0,00;
2174;1428;6018;1;490,00;0,00;
2175;1429;1533;1;90,00;0,00;
2177;1430;1542;1;260,00;0,00;
2178;1430;3512;1;220,00;0,00;
2179;1429;7045;1;250,00;0,00;
2180;1429;1533;1;90,00;0,00;
2181;1429;7233;1;250,00;0,00;
2182;1431;1542;1;260,00;0,00;
2183;1431;3254;1;180,00;0,00;
2184;1432;1721;0,5;230,00;0,00;
2185;1433;1533;1;90,00;0,00;
2186;1433;7265;1;380,00;0,00;
2187;1435;2403;1;198,00;0,00;
2188;1436;1542;1;260,00;0,00;
2189;1437;1552;1;180,00;0,00;
2190;1438;1533;1;90,00;0,00;
2191;1438;5600;1;180,00;0,00;
2192;1439;1560;1;290,00;0,00;
2193;1439;7490;1;346,00;0,00;
2194;1440;1540;1;60,00;0,00;
2195;1441;1534;1;130,00;0,00;
2196;1442;1542;1;260,00;0,00;
2197;1442;6025;1;280,00;0,00;
2198;1443;1534;1;160,00;0,00;
2199;1444;1534;1;160,00;0,00;
2200;1444;5928;1;420,00;0,00;
2201;1445;6863;1;250,00;0,00;
2202;1446;1760;1;480,00;0,00;
2203;1446;6355;1;390,00;0,00;
2204;1447;2403;1;65,00;0,00;
2205;1449;1542;1;210,00;0,00;
2206;1449;6953;1;190,00;0,00;
2207;1451;1534;1;160,00;0,00;
2208;1451;7537;1;220,00;0,00;
2209;1452;1533;1;90,00;0,00;
2210;1453;1562;1;300,00;0,00;
2211;1453;6668;1;350,00;0,00;
2212;1454;1534;1;160,00;0,00;
2213;1454;5927;1;390,00;0,00;
2214;1456;1533;1;80,00;0,00;
2215;1456;1370;1;100,00;0,00;
2216;1457;1534;1;160,00;0,00;
2217;1457;6356;1;390,00;0,00;
2218;1458;1526;1;98,00;0,00;
2219;1459;1533;1;90,00;0,00;
2220;1460;1534;1;160,00;0,00;
2221;1460;7430;1;470,00;0,00;
2222;1460;1533;1;100,00;0,00;
2223;1461;1542;1;260,00;0,00;
2224;1461;2287;1;110,00;0,00;
2225;1460;1534;1;320,00;0,00;
2226;1462;1534;1;145,00;0,00;
2227;1464;5609;1;390,00;0,00;
2228;1465;1533;1;90,00;0,00;
2229;1465;1370;1;100,00;0,00;
2230;1466;1542;1;250,00;0,00;
2231;1466;7443;1;300,00;0,00;
2233;1468;7529;1;190,00;0,00;
2234;1468;1721;1;550,00;0,00;
2235;1469;1534;1;160,00;0,00;
2236;1470;1760;1;415,00;0,00;
2237;1470;7549;1;190,00;0,00;
2238;1472;2287;1;60,00;0,00;
2239;1473;1533;1;90,00;0,00;
2240;1473;5451;1;20,00;0,00;
2241;1474;3447;1;150,00;0,00;
2242;1475;7086;1;100,00;0,00;
2243;1476;4089;1;100,00;0,00;
2244;1477;1534;1;160,00;0,00;
2245;1477;7541;1;190,00;0,00;
2248;1478;1320;1;90,00;0,00;
2249;1479;1533;1;110,00;0,00;
2250;1480;1534;1;160,00;0,00;
2251;1480;7491;1;390,00;0,00;
2253;1481;1534;0,5;80,00;0,00;
2254;1481;6702;1;700,00;0,00;
2255;1482;1534;1;160,00;0,00;
2256;1482;6798;1;620,00;0,00;
2257;1483;6347;1;155,00;0,00;
2258;1484;5734;1;420,00;0,00;
2259;1484;7554;1;540,00;0,00;
2261;1486;4680;1;190,00;0,00;
2262;1486;7377;1;480,00;0,00;
2263;1488;1542;1;260,00;0,00;
2264;1488;7535;1;220,00;0,00;
2265;1489;1560;0,5;250,00;0,00;
2266;1489;1672;0,5;170,00;0,00;
2267;1490;4062;1;100,00;0,00;
2268;1492;1534;1;160,00;0,00;
2269;1492;7541;1;210,00;0,00;
2270;1493;1534;1;160,00;0,00;
2271;1493;7512;1;390,00;0,00;
2273;1496;1534;1;190,00;0,00;
2274;1497;1542;0,5;115,00;0,00;
2275;1494;4953;1;470,00;0,00;
2276;1498;1533;1;90,00;0,00;
2280;1501;4680;1;200,00;0,00;
2281;1501;7530;1;170,00;0,00;
2282;1502;1534;1;160,00;0,00;
2283;1502;7422;1;410,00;0,00;
2284;1503;1533;1;90,00;0,00;
2285;1503;1370;1;100,00;0,00;
2286;1506;1533;1;90,00;0,00;
2287;1507;7558;1;590,00;0,00;
2288;1509;1562;1;500,00;0,00;
2289;1510;6398;1;250,00;0,00;
2290;1489;1370;1;130,00;0,00;
2291;1512;1534;1;160,00;0,00;
2292;1512;1542;1;260,00;0,00;
2293;1512;1545;1;320,00;0,00;
2294;1513;1673;1;66,00;0,00;
2296;1506;5268;1;110,00;0,00;
2297;1513;1231;1;160,00;0,00;
2298;1514;1534;1;140,00;0,00;
2299;1515;7448;1;340,00;0,00;
2300;1515;1534;1;140,00;0,00;
2301;1516;1533;1;70,00;0,00;
2303;1516;1370;1;100,00;0,00;
2304;1517;3663;1;150,00;0,00;
2305;1518;6145;1;80,00;0,00;
2306;1519;1534;1;120,00;0,00;
2307;1519;7367;1;200,00;0,00;
2308;1520;5221;0,5;197,00;0,00;
2309;1521;1552;1;190,00;0,00;
2310;1522;1721;1;550,00;0,00;
2311;1522;5095;1;190,00;0,00;
2312;1523;1534;1;160,00;0,00;
2313;1523;7527;1;220,00;0,00;
2314;1524;1542;1;260,00;0,00;
2315;1524;1370;1;100,00;0,00;
2316;1525;1542;1;240,00;0,00;
2317;1526;6763;1;250,00;0,00;
2320;1527;333;1;200,00;0,00;
2322;1529;5906;1;280,00;0,00;
2323;1529;4514;1;260,00;0,00;
2324;1530;1552;1;190,00;0,00;
2325;1530;7011;1;230,00;0,00;
2326;1531;1533;1;90,00;0,00;
2327;1531;5760;1;100,00;0,00;
2328;1533;1534;1;160,00;0,00;
2329;1534;1533;1;110,00;0,00;
2330;1535;1533;1;90,00;0,00;
2332;1536;5133;1;98,00;0,00;
2333;1537;1542;1;250,00;0,00;
2334;1538;1721;1;490,00;0,00;
2335;1539;1534;1;140,00;0,00;
2336;1540;6822;1;220,00;0,00;
2337;1542;1542;1;260,00;0,00;
2338;1542;5840;1;260,00;0,00;
2339;1543;1672;1;175,00;0,00;
2340;1544;5451;1;20,00;0,00;
2341;1534;1370;1;90,00;0,00;
2342;1546;1542;1;210,00;0,00;
2343;1546;6059;1;190,00;0,00;
2344;1550;4587;1;480,00;0,00;
2345;1550;1370;1;190,00;0,00;
2346;1551;1533;1;80,00;0,00;
2347;1551;7498;1;320,00;0,00;
2348;1552;3992;1;100,00;0,00;
2349;1553;1534;1;160,00;0,00;
2350;1553;7526;1;190,00;0,00;
2351;1554;1533;1;90,00;0,00;
2352;1554;7532;1;190,00;0,00;
2353;1555;1721;1;505,00;0,00;
2354;1555;7328;1;370,00;0,00;
2355;1556;1533;1;90,00;0,00;
2356;1557;5995;1;200,00;0,00;
2357;1558;1720;1;150,00;0,00;
2358;1558;3440;1;150,00;0,00;
2359;1559;1534;1;160,00;0,00;
2360;1559;7527;1;210,00;0,00;
2361;1561;5231;1;350,00;0,00;
2362;1560;7523;1;620,00;0,00;
2363;1560;7409;1;480,00;0,00;
2364;1562;1534;1;160,00;0,00;
2365;1563;1534;1;160,00;0,00;
2366;1563;7541;1;230,00;0,00;
2367;1564;1534;1;160,00;0,00;
2368;1564;7080;1;250,00;0,00;
2369;1565;1542;1;260,00;0,00;
2370;1568;1533;1;90,00;0,00;
2372;1569;1370;1;80,00;0,00;
2373;1570;1534;0,5;120,00;0,00;
2374;1570;1672;0,5;185,00;0,00;
2375;1570;6438;1;525,00;0,00;
2376;1571;1542;1;260,00;0,00;
2377;1571;7538;1;190,00;0,00;
2378;1572;5504;1;670,00;0,00;
2379;1573;1542;1;230,00;0,00;
2380;1575;2403;2;400,00;0,00;
2381;1576;4953;1;258,00;0,00;
2382;1577;1534;1;140,00;0,00;
2383;1579;1534;1;160,00;0,00;
2384;1573;3829;1;210,00;0,00;
2386;1580;5451;1;20,00;0,00;
2387;1580;1534;1;160,00;0,00;
2390;1582;5578;1;350,00;0,00;
2391;1583;1552;1;150,00;0,00;
2392;1584;1554;1;150,00;0,00;
2394;1585;1370;2;200,00;0,00;
2395;1586;1562;0,5;220,00;0,00;
2396;1586;7060;1;180,00;0,00;
2397;1587;1672;1;190,00;0,00;
2398;1587;7472;1;420,00;0,00;
2399;1590;1533;1;80,00;0,00;
2400;1590;1320;1;70,00;0,00;
2401;1591;2287;1;10,00;0,00;
2402;1592;1533;2;130,00;0,00;
2403;1592;1370;1;140,00;0,00;
2404;1592;7042;1;180,00;0,00;
2405;1593;1542;1;260,00;0,00;
2406;1593;7116;1;120,00;0,00;
2407;1594;1370;1;100,00;0,00;
2408;1595;1534;1;160,00;0,00;
2409;1595;6148;1;190,00;0,00;
2410;1597;1533;1;50,00;0,00;
2411;1598;1534;1;160,00;0,00;
2413;1581;4514;1;230,00;0,00;
2414;1581;1542;1;230,00;0,00;
2415;1599;1534;1;160,00;0,00;
2416;1599;7537;1;190,00;0,00;
2417;1600;3011;1;220,00;0,00;
2418;1601;1370;1;100,00;0,00;
2419;1602;1533;1;50,00;0,00;
2420;1604;1534;1;130,00;0,00;
2421;1604;1542;1;260,00;0,00;
2422;1605;1672;1;205,00;0,00;
2423;1606;1554;1;180,00;0,00;
2425;1606;1321;1;100,00;0,00;
2426;1607;1370;1;100,00;0,00;
2427;1611;2411;1;290,00;0,00;
2428;1611;5759;1;340,00;0,00;
2429;1614;1534;1;160,00;0,00;
2430;1614;7431;1;430,00;0,00;
2431;1616;1542;1;260,00;0,00;
2432;1619;1554;1;130,00;0,00;
2433;1620;1534;1;160,00;0,00;
2434;1621;7377;1;288,00;0,00;
2437;1623;1370;1;250,00;0,00;
2442;1625;1673;1;66,00;0,00;
2443;1626;4514;1;230,00;0,00;
2444;1626;5966;1;0,00;0,00;
2446;1626;7572;1;1.250,00;0,00;
2447;1626;7235;1;240,00;0,00;
2448;1627;1542;1;260,00;0,00;
2449;1627;4357;1;220,00;0,00;
2450;1628;1534;1;160,00;0,00;
2451;1629;5734;1;460,00;0,00;
2452;1629;2690;1;220,00;0,00;
2453;1630;1534;1;160,00;0,00;
2454;1631;1533;0,5;50,00;0,00;
2455;1633;6768;1;350,00;0,00;
2456;1634;1554;1;180,00;0,00;
2458;1636;7411;1;440,00;0,00;
2459;1636;7574;1;490,00;0,00;
2460;1637;1760;1;414,00;0,00;
2461;1638;1560;2;460,00;0,00;
2462;1638;7332;1;300,00;0,00;
2463;1639;1534;1;160,00;0,00;
2464;1639;5535;1;350,00;0,00;
2465;1641;1534;1;160,00;0,00;
2466;1642;1534;1;160,00;0,00;
2467;1643;6015;1;315,00;0,00;
2468;1644;1533;1;90,00;0,00;
2469;1644;2287;1;70,00;0,00;
2470;1645;1533;1;80,00;0,00;
2471;1645;6011;1;250,00;0,00;
2472;1581;1370;1;240,00;0,00;
2473;1646;5727;1;200,00;0,00;
2474;1647;1533;1;90,00;0,00;
2475;1647;7492;1;350,00;0,00;
2476;1648;1542;1;260,00;0,00;
2477;1648;1370;1;180,00;0,00;
2479;1649;1542;1;260,00;0,00;
2480;1650;4575;1;480,00;0,00;
2481;1650;7502;1;320,00;0,00;
2482;1651;4514;1;280,00;0,00;
2483;1651;6951;1;190,00;0,00;
2484;1653;1534;1;160,00;0,00;
2485;1654;1542;1;250,00;0,00;
2486;1654;7232;1;250,00;0,00;
2488;1656;5578;0,5;240,00;0,00;
2489;1656;1534;0,5;70,00;0,00;
2490;1656;7527;1;190,00;0,00;
2491;1657;1533;2;90,00;0,00;
2492;1657;7531;1;220,00;0,00;
2493;1658;1552;1;190,00;0,00;
2494;1658;2287;1;60,00;0,00;
2495;1659;1534;1;160,00;0,00;
2496;1659;7526;1;230,00;0,00;
2498;1660;7575;1;920,00;0,00;
2499;1660;6234;1;160,00;0,00;
2500;1662;1534;1;140,00;0,00;
2501;1663;1534;1;175,00;0,00;
2502;1663;1370;1;100,00;0,00;
2503;1664;1721;1;460,00;0,00;
2504;1664;7536;1;180,00;0,00;
2505;1665;1533;1;90,00;0,00;
2506;1665;7362;1;210,00;0,00;
2507;1666;1760;1;440,00;0,00;
2508;1667;4514;1;290,00;0,00;
2510;1669;7527;1;220,00;0,00;
2511;1669;1778;1;310,00;0,00;
2513;1670;7080;1;100,00;0,00;
2514;1671;4253;1;230,00;0,00;
2515;1671;1752;1;110,00;0,00;
2516;1673;6280;1;200,00;0,00;
2517;1675;1542;1;260,00;0,00;
2518;1676;1533;1;65,00;0,00;
2519;1677;6425;1;440,00;0,00;
2520;1677;4680;0,5;90,00;0,00;
2523;1677;7576;0,5;640,00;0,00;
2524;1678;1673;1;66,00;0,00;
2525;1679;1562;1;570,00;0,00;
2526;1680;6627;1;530,00;0,00;
2527;1682;1534;1;160,00;0,00;
2528;1683;1542;1;200,00;0,00;
2529;1684;1542;1;260,00;0,00;
2530;1685;1760;1;480,00;0,00;
2531;1685;5588;1;200,00;0,00;
2532;1687;1534;1;160,00;0,00;
2533;1687;6461;1;470,00;0,00;
2534;1688;1534;2;240,00;0,00;
2535;1689;1534;1;160,00;0,00;
2537;1689;7055;1;220,00;0,00;
2538;1689;6785;1;250,00;0,00;
2539;1690;1760;1;400,00;0,00;
2540;1690;7548;1;200,00;0,00;
2541;1692;1542;1;260,00;0,00;
2542;1692;3566;1;260,00;0,00;
2543;1693;1533;1;80,00;0,00;
2544;1693;2693;1;100,00;0,00;
2547;1624;1542;1;260,00;0,00;
2548;1696;1542;1;260,00;0,00;
2549;1696;7547;1;180,00;0,00;
2550;1697;1533;1;90,00;0,00;
2551;1697;7543;1;220,00;0,00;
2552;1698;1534;1;140,00;0,00;
2553;1698;7480;1;350,00;0,00;
2554;1699;5133;1;98,00;0,00;
2555;1700;1533;1;90,00;0,00;
2556;1033;5133;1;98,00;0,00;
2557;1701;1721;1;460,00;0,00;
2558;1701;7045;1;380,00;0,00;
2559;1702;1534;1;160,00;0,00;
2560;1702;1533;1;160,00;0,00;
2561;1704;1533;1;90,00;0,00;
2562;1705;1533;1;90,00;0,00;
2563;1705;4130;1;60,00;0,00;
2564;1706;1542;1;169,00;0,00;
2565;1707;1542;1;245,00;0,00;
2566;1708;1542;1;280,00;0,00;
2567;1709;1534;1;160,00;0,00;
2568;1709;6487;1;180,00;0,00;
2569;1710;1542;1;280,00;0,00;
2570;1712;2403;2;396,00;0,00;
2571;1713;1760;1;390,00;0,00;
2572;1714;6454;1;380,00;0,00;
2574;1715;2287;1;20,00;0,00;
2575;1715;7553;1;600,00;0,00;
2578;1716;6805;1;260,00;0,00;
2581;1716;1534;0,5;80,00;0,00;
2582;1716;7578;0,5;155,00;0,00;
2583;1717;5627;1;680,00;0,00;
2584;1718;1542;1;260,00;0,00;
2585;1718;1540;1;60,00;0,00;
2586;1720;1534;1;160,00;0,00;
2587;1720;7429;1;400,00;0,00;
2588;1721;1534;1;160,00;0,00;
2589;1721;7306;1;272,00;0,00;
2590;1722;1533;2;180,00;0,00;
2591;1723;1534;1;160,00;0,00;
2592;1724;7114;1;120,00;0,00;
2593;1726;1534;1;180,00;0,00;
2594;1727;5582;1;450,00;0,00;
2595;1728;6144;1;70,00;0,00;
2596;1729;1533;1;100,00;0,00;
2597;1729;4791;1;100,00;0,00;
2598;1728;1533;1;45,00;0,00;
2599;1730;5515;1;500,00;0,00;
2602;1730;7400;-1;-300,00;0,00;
2603;1731;1534;1;160,00;0,00;
2604;1731;7033;1;380,00;0,00;
2605;1732;4105;1;180,00;0,00;
2606;1733;5212;2;550,00;0,00;
2607;1735;6733;1;550,00;0,00;
2608;1736;1534;1;140,00;0,00;
2609;1736;4357;1;164,00;0,00;
2610;1737;1534;1;140,00;0,00;
2611;1738;1552;1;190,00;0,00;
2612;1739;1534;1;140,00;0,00;
2613;1740;1534;1;150,00;0,00;
2615;1741;4998;1;350,00;0,00;
2616;1741;1752;1;260,00;0,00;
2617;1742;7262;1;290,00;0,00;
2618;1742;1533;1;90,00;0,00;
2619;1743;7068;1;100,00;0,00;
2620;1744;1534;1;160,00;0,00;
2621;1744;7540;1;184,00;0,00;
2622;1745;1542;1;260,00;0,00;
2623;1748;1668;1;140,00;0,00;
2624;1748;7454;1;220,00;0,00;
2625;1749;2287;1;60,00;0,00;
2626;1750;1534;1;160,00;0,00;
2627;1750;7286;1;350,00;0,00;
2628;1751;4680;1;190,00;0,00;
2629;1751;7518;1;320,00;0,00;
2630;1752;1760;1;470,00;0,00;
2631;1752;7425;1;440,00;0,00;
2632;1753;4575;1;500,00;0,00;
2633;1755;1534;1;90,00;0,00;
2634;1756;4514;0,5;115,00;0,00;
2636;1757;7141;1;490,00;0,00;
2638;1757;7579;1;550,00;0,00;
2639;1758;7027;1;320,00;0,00;
2640;1759;1534;1;160,00;0,00;
2641;1760;5066;1;560,00;0,00;
2642;1761;5627;1;580,00;0,00;
2644;1762;1752;1;260,00;0,00;
2645;1763;1554;1;170,00;0,00;
2646;1764;2403;1;198,00;0,00;
2647;1766;7346;1;290,00;0,00;
2648;1767;1534;1;140,00;0,00;
2649;1768;1760;1;420,00;0,00;
2650;1768;7515;1;340,00;0,00;
2651;1769;7191;1;440,00;0,00;
2652;1770;1542;2;0,00;0,00;
2653;1770;6418;1;480,00;0,00;
2654;1771;1534;1;160,00;0,00;
2655;1771;7527;1;220,00;0,00;
2656;1772;1534;1;145,00;0,00;
2657;1773;1533;1;90,00;0,00;
2658;1773;2287;1;140,00;0,00;
2659;1774;1542;0,5;120,00;0,00;
2660;1775;1542;1;260,00;0,00;
2661;1775;6641;1;220,00;0,00;
2662;1776;5578;1;498,00;0,00;
2663;1777;1534;1;160,00;0,00;
2664;1777;7418;1;430,00;0,00;
2665;1779;1533;1;90,00;0,00;
2666;1779;6766;1;290,00;0,00;
2668;1780;7580;0,5;750,00;0,00;
2669;1780;1562;0,5;210,00;0,00;
2671;1782;1542;1;260,00;0,00;
2672;1781;1533;0,5;45,00;0,00;
2673;1781;1672;0,5;125,00;0,00;
2674;1781;2287;1;100,00;0,00;
2675;1783;1752;1;270,00;0,00;
2676;1784;1534;1;160,00;0,00;
2677;1785;1533;1;90,00;0,00;
2678;1785;7233;1;220,00;0,00;
2679;1786;1534;1;145,00;0,00;
2680;1786;2287;1;20,00;0,00;
2681;1788;1534;1;160,00;0,00;
2682;1788;4448;1;99,00;0,00;
2683;1789;5816;1;150,00;0,00;
2684;1790;1534;1;160,00;0,00;
2685;1790;7473;1;470,00;0,00;
2686;1791;1534;1;160,00;0,00;
2687;1791;7494;1;198,00;0,00;
2688;1792;1721;1;550,00;0,00;
2689;1793;1542;1;230,00;0,00;
2690;1794;1533;1;90,00;0,00;
2691;1794;4448;1;100,00;0,00;
2692;1795;1370;1;90,00;0,00;
2693;1797;1554;1;170,00;0,00;
2694;1797;6879;1;210,00;0,00;
2696;1798;7327;1;380,00;0,00;
2697;1798;4514;1;260,00;0,00;
2698;1800;6816;1;340,00;0,00;
2699;1800;1533;1;210,00;0,00;
2700;1801;1533;1;80,00;0,00;
2701;1801;7043;1;170,00;0,00;
2702;1802;1760;1;420,00;0,00;
2703;1802;7515;1;198,00;0,00;
2705;1803;1752;1;290,00;0,00;
2706;1804;6077;1;240,00;0,00;
2707;1805;1554;1;170,00;0,00;
2708;1805;7545;1;99,00;0,00;
2709;1806;1554;1;190,00;0,00;
2710;1806;6487;1;99,00;0,00;
2711;1807;1533;1;110,00;0,00;
2712;1808;7564;1;430,00;0,00;
2713;1808;7380;1;560,00;0,00;
2714;1808;6814;1;300,00;0,00;
2715;1810;1760;1;440,00;0,00;
2716;1810;7494;1;190,00;0,00;
2717;1810;1562;1;480,00;0,00;
2718;1810;7484;1;190,00;0,00;
2719;1811;1533;1;90,00;0,00;
2720;1811;7541;1;99,00;0,00;
2721;1812;4680;1;180,00;0,00;
2722;1812;7530;1;120,00;0,00;
2723;1814;1533;1;90,00;0,00;
2724;1814;6505;1;99,00;0,00;
2725;1815;6489;1;99,00;0,00;
2726;1816;1533;1;90,00;0,00;
2727;1816;7055;1;99,00;0,00;
2728;1817;1534;1;141,00;0,00;
2729;1817;5966;1;99,00;0,00;
2730;1818;1554;0,5;80,00;0,00;
2731;1819;1760;1;390,00;0,00;
2732;1820;1542;1;135,00;0,00;
2733;1820;7539;1;99,00;0,00;
2734;1822;1533;1;110,00;0,00;
2735;1823;1534;1;160,00;0,00;
2736;1823;6839;1;100,00;0,00;
2737;1825;1534;1;160,00;0,00;
2738;1826;1542;1;245,00;0,00;
2739;1827;1542;1;220,00;0,00;
2740;1827;1533;1;130,00;0,00;
2741;1827;7541;1;100,00;0,00;
2742;1828;7578;1;290,00;0,00;
2743;1828;6706;1;410,00;0,00;
2744;1829;7511;1;290,00;0,00;
2745;1830;1760;1;490,00;0,00;
2746;1830;7482;1;220,00;0,00;
2747;1831;1533;1;45,00;0,00;
2748;1831;7545;1;99,00;0,00;
2749;1832;1552;1;190,00;0,00;
2750;1832;7530;1;100,00;0,00;
2751;1833;4039;1;100,00;0,00;
2752;1834;1534;1;160,00;0,00;
2754;1836;1533;1;90,00;0,00;
2755;1836;7224;1;190,00;0,00;
2756;1837;1554;1;190,00;0,00;
2757;1837;3836;1;100,00;0,00;
2758;1837;1554;1;190,00;0,00;
2759;1837;7498;1;190,00;0,00;
2760;1839;1562;1;280,00;0,00;
2761;1839;7328;1;260,00;0,00;
2762;1840;1760;1;490,00;0,00;
2763;1840;7527;1;100,00;0,00;
2764;1816;5203;1;380,00;0,00;
2765;1841;4680;1;240,00;0,00;
2766;1841;6489;1;140,00;0,00;
2767;1841;4680;1;240,00;0,00;
2768;1841;7503;1;220,00;0,00;
2775;1843;1554;1;180,00;0,00;
2776;1843;1370;1;100,00;0,00;
2778;1845;7586;1;390,00;0,00;
2779;1845;7516;1;198,00;0,00;
2780;1846;1534;1;160,00;0,00;
2781;1846;7254;1;380,00;0,00;
2782;1847;7487;1;150,00;0,00;
2783;1847;1542;1;250,00;0,00;
2784;1848;1554;1;190,00;0,00;
2785;1848;6966;1;120,00;0,00;
2786;1849;1321;1;220,00;0,00;
2788;1850;3514;1;80,00;0,00;
2789;1851;1370;1;90,00;0,00;
2790;1852;7476;1;300,00;0,00;
2791;1853;3514;1;80,00;0,00;
2792;1854;1533;1;90,00;0,00;
2793;1854;1370;1;120,00;0,00;
2794;1854;4497;1;540,00;0,00;
2795;1854;5940;1;490,00;0,00;
2796;1856;1534;1;160,00;0,00;
2797;1856;7411;1;470,00;0,00;
2798;1857;1533;1;165,00;0,00;
2799;1857;6603;1;320,00;0,00;
2800;1859;2403;1;240,00;0,00;
2801;1860;5578;1;330,00;0,00;
2802;1861;1542;1;250,00;0,00;
2803;1862;1542;1;290,00;0,00;
2805;1862;1370;1;100,00;0,00;
2808;1863;1560;1;320,00;0,00;
2809;1863;7493;1;190,00;0,00;
2810;1864;5578;1;1.500,00;0,00;
2811;1864;7498;1;200,00;0,00;
2813;1866;7490;1;198,00;0,00;
2814;1866;1534;1;160,00;0,00;
2815;1867;4515;1;550,00;0,00;
2816;1865;7587;1;930,00;0,00;
2817;1868;7013;0,5;460,00;0,00;
2820;1870;1752;1;270,00;0,00;
2821;1870;7507;1;190,00;0,00;
2822;1870;1533;1;90,00;0,00;
2823;1870;1552;1;190,00;0,00;
2824;1870;7520;1;220,00;0,00;
2825;1872;5132;1;640,00;0,00;
2826;1873;7527;1;99,00;0,00;
2827;1874;6847;1;99,00;0,00;
2828;1874;7531;1;99,00;0,00;
2829;1875;1534;1;160,00;0,00;
2830;1875;7506;1;220,00;0,00;
2831;1866;1534;0,5;80,00;0,00;
2832;1876;1533;1;90,00;0,00;
2833;1876;7539;1;120,00;0,00;
2834;1877;1533;1;90,00;0,00;
2835;1877;7332;1;190,00;0,00;
2836;1878;5268;1;100,00;0,00;
2837;1879;1533;1;110,00;0,00;
2838;1879;7055;1;100,00;0,00;
2840;1880;6696;1;470,00;0,00;
2841;1880;7586;1;1.165,00;0,00;
2842;1881;1760;1;490,00;0,00;
2843;1881;7474;1;470,00;0,00;
2844;1882;5578;1;450,00;0,00;
2845;1882;7486;1;190,00;0,00;
2846;1883;7570;1;580,00;0,00;
2847;1885;1552;1;180,00;0,00;
2848;1887;3514;1;100,00;0,00;
2849;1888;1560;1;320,00;0,00;
2850;1889;6624;1;260,00;0,00;
2851;1890;1542;1;260,00;0,00;
2852;1890;6572;1;100,00;0,00;
2853;1891;6770;1;470,00;0,00;
2854;1892;4206;1;90,00;0,00;
2855;1893;1552;1;190,00;0,00;
2856;1894;1533;1;120,00;0,00;
2857;1863;7076;-1;-260,00;0,00;
2859;1895;5609;1;580,00;0,00;
2860;1896;1534;1;160,00;0,00;
2861;1896;2693;1;100,00;0,00;
2862;1898;6956;1;130,00;0,00;
2863;1898;6657;1;440,00;0,00;
2864;1898;6285;1;230,00;0,00;
2865;1899;5006;1;250,00;0,00;
2866;1900;1533;1;90,00;0,00;
2867;1900;5432;1;220,00;0,00;
2868;1901;1542;1;260,00;0,00;
2869;1901;1320;1;100,00;0,00;
2870;1903;3447;1;100,00;0,00;
2871;1904;6732;1;580,00;0,00;
2872;1905;7525;1;99,00;0,00;
2873;1906;3514;1;90,00;0,00;
2874;1908;1533;1;210,00;0,00;
2875;1908;6816;1;340,00;0,00;
2878;1910;1534;1;146,00;0,00;
2879;1910;7547;1;99,00;0,00;
2880;1911;1761;1;780,00;0,00;
2881;1912;4983;1;150,00;0,00;
2882;1913;1552;1;190,00;0,00;
2883;1913;7549;1;100,00;0,00;
2884;1914;1552;1;190,00;0,00;
2885;1909;1534;0,5;80,00;0,00;
2886;1915;1534;1;160,00;0,00;
2887;1915;7446;1;410,00;0,00;
2888;1916;7090;1;250,00;0,00;
2890;1917;3397;1;340,00;0,00;
2891;1918;1542;1;225,00;0,00;
2892;1918;7513;1;225,00;0,00;
2894;1920;7456;1;320,00;0,00;
2895;1920;0;1;0,00;0,00;
2898;1920;7594;1;390,00;0,00;
2899;1921;3183;1;160,00;0,00;
2900;1922;5814;1;100,00;0,00;
2902;1922;4514;1;280,00;0,00;
2903;1923;5627;1;650,00;0,00;
2904;1923;6544;1;400,00;0,00;
2905;1924;1542;1;220,00;0,00;
2906;1924;6756;1;180,00;0,00;
2908;1926;2122;1;520,00;0,00;
2909;1927;1542;1;250,00;0,00;
2910;1927;7144;1;450,00;0,00;
2912;1930;6010;1;100,00;0,00;
2914;1932;7415;1;380,00;0,00;
2917;1931;7565;1;530,00;0,00;
2919;1925;7597;1;675,00;0,00;
2920;1933;5578;0,5;210,00;0,00;
2921;1933;1534;0,5;90,00;0,00;
2922;1933;6966;1;100,00;0,00;
2924;1934;1370;1;90,00;0,00;
2925;1935;1534;1;180,00;0,00;
2926;1936;1534;0,5;68,00;0,00;
2927;1937;1534;1;160,00;0,00;
2929;1938;7599;1;600,00;0,00;
2932;1939;1560;0,5;160,00;0,00;
2934;1939;7600;0,5;475,00;0,00;
2935;1939;7356;1;320,00;0,00;
2936;1940;1542;1;260,00;0,00;
2937;1940;2705;1;100,00;0,00;
2938;1941;1534;1;160,00;0,00;
2939;1941;7520;1;190,00;0,00;
2940;1942;1534;1;140,00;0,00;
2942;1942;7607;1;510,00;0,00;
2943;1943;1542;1;260,00;0,00;
2944;1943;7542;1;100,00;0,00;
2945;1944;1534;1;190,00;0,00;
2946;1944;7532;1;100,00;0,00;
2947;1945;1542;1;200,00;0,00;
2948;1945;7114;1;100,00;0,00;
2949;1946;5627;1;790,00;0,00;
2950;1946;6144;1;100,00;0,00;
2951;1947;1721;1;630,00;0,00;
2952;1948;3180;1;450,00;0,00;
2953;1948;7327;1;290,00;0,00;
2955;1948;1560;1;260,00;0,00;
2956;1949;5060;1;180,00;0,00;
2957;1950;1554;1;180,00;0,00;
2958;1952;1542;1;230,00;0,00;
2959;1953;1542;1;220,00;0,00;
2960;1953;7505;1;150,00;0,00;
2961;1954;1554;1;180,00;0,00;
2962;1954;5451;1;20,00;0,00;
2963;1955;1721;1;630,00;0,00;
2964;1956;4616;1;100,00;0,00;
2965;1957;1534;1;140,00;0,00;
2966;1958;1770;1;120,00;0,00;
2967;1959;5504;1;590,00;0,00;
2969;1962;1534;1;220,00;0,00;
2970;1962;7055;1;130,00;0,00;
2972;1965;1542;1;220,00;0,00;
2973;1965;6819;1;100,00;0,00;
2974;1966;1534;1;140,00;0,00;
2975;1966;2705;1;100,00;0,00;
2976;1967;1562;1;450,00;0,00;
2977;1967;7489;1;180,00;0,00;
2979;1968;6656;1;530,00;0,00;
2980;1968;4514;1;260,00;0,00;
2981;1969;1542;1;260,00;0,00;
2982;1969;7493;1;190,00;0,00;
2983;1971;1542;1;260,00;0,00;
2984;1971;6944;1;190,00;0,00;
2985;1972;4460;1;320,00;0,00;
2986;1972;6237;1;100,00;0,00;
2987;1973;5578;1;380,00;0,00;
2988;1950;7542;1;100,00;0,00;
2989;1932;7389;1;490,00;0,00;
2990;1974;7370;1;550,00;0,00;
2991;1975;7541;1;100,00;0,00;
2992;1976;1542;1;260,00;0,00;
2993;1976;7536;1;100,00;0,00;
2994;1977;3447;1;100,00;0,00;
2995;1978;5964;1;100,00;0,00;
2996;1979;2725;1;100,00;0,00;
2997;1980;7578;1;260,00;0,00;
2998;1981;1542;1;260,00;0,00;
2999;1981;7528;1;100,00;0,00;
3000;1982;5142;1;150,00;0,00;
3001;1986;1534;1;160,00;0,00;
3002;1987;1534;1;120,00;0,00;
3003;1987;6905;1;90,00;0,00;
3004;1989;1534;1;160,00;0,00;
3005;1989;4357;1;100,00;0,00;
3007;1991;1534;1;190,00;0,00;
3008;1991;7631;1;380,00;0,00;
3009;1991;1533;1;90,00;0,00;
3010;1991;5868;1;120,00;0,00;
3011;1992;7627;1;270,00;0,00;
3012;1993;1533;1;90,00;0,00;
3013;1994;1552;1;210,00;0,00;
3014;1995;1534;1;160,00;0,00;
3015;1997;1534;1;145,00;0,00;
3016;1998;4203;1;100,00;0,00;
3017;1999;7568;1;630,00;0,00;
3018;2000;1534;1;0,00;0,00;
3019;2000;1542;1;208,00;0,00;
3020;2000;7294;1;380,00;0,00;
3021;2002;1534;1;160,00;0,00;
3022;2002;7507;1;190,00;0,00;
3023;2003;1533;1;210,00;0,00;
3024;2003;1534;1;160,00;0,00;
3025;2003;5451;1;30,00;0,00;
3026;2004;1534;1;163,00;0,00;
3028;2004;1760;1;432,00;0,00;
3029;2005;1552;1;170,00;0,00;
3030;2007;7586;1;420,00;0,00;
3031;2007;7500;1;140,00;0,00;
3032;2005;1534;1;145,00;0,00;
3033;2009;1534;1;0,00;0,00;
3035;2009;7632;1;380,00;0,00;
3036;2010;1534;1;120,00;0,00;
3037;2010;4206;1;100,00;0,00;
3039;2004;7634;1;1.125,00;0,00;
3040;2011;3514;1;90,00;0,00;
3041;2013;1534;1;160,00;0,00;
3042;2013;5916;1;100,00;0,00;
3043;2014;1321;1;285,00;0,00;
3044;2015;3314;1;210,00;0,00;
3046;2016;3706;1;540,00;0,00;
3047;2017;1533;1;120,00;0,00;
3048;2018;5540;1;370,00;0,00;
3050;2018;7379;1;530,00;0,00;
3052;2019;6037;1;120,00;0,00;
3053;2019;7579;1;790,00;0,00;
3054;2020;7501;1;150,00;0,00;
3055;2021;1533;1;90,00;0,00;
3056;2022;1542;1;260,00;0,00;
3057;2022;7505;1;180,00;0,00;
3058;2023;1533;1;120,00;0,00;
3059;2024;1534;1;130,00;0,00;
3060;2024;7613;1;200,00;0,00;
3061;2025;6056;1;100,00;0,00;
3062;2026;1760;1;490,00;0,00;
3063;2026;2742;1;290,00;0,00;
3064;2027;7498;1;150,00;0,00;
3065;2028;6673;1;390,00;0,00;
3066;2029;1534;1;140,00;0,00;
3067;2029;6743;1;560,00;0,00;
3070;2030;7455;1;290,00;0,00;
3071;2030;4680;1;190,00;0,00;
3072;2031;1534;1;140,00;0,00;
3074;2031;7635;1;370,00;0,00;
3075;2032;1534;1;160,00;0,00;
3076;2033;1534;1;140,00;0,00;
3077;2034;3963;1;290,00;0,00;
3078;2035;6760;1;120,00;0,00;
3080;2037;1562;1;350,00;0,00;
3081;2037;6964;1;150,00;0,00;
3082;2038;1542;1;245,00;0,00;
3083;2038;7542;1;100,00;0,00;
3085;2039;7542;1;100,00;0,00;
3086;2039;1534;1;145,00;0,00;
3087;2040;7097;1;100,00;0,00;
3088;2041;7544;1;100,00;0,00;
3089;2043;1321;1;100,00;0,00;
3090;2044;7260;1;320,00;0,00;
3091;2045;3095;1;100,00;0,00;
3092;2045;1534;1;140,00;0,00;
3094;2046;6681;1;520,00;0,00;
3095;2047;1542;1;240,00;0,00;
3096;2047;4205;1;100,00;0,00;
3097;2048;1534;1;160,00;0,00;
3098;2049;5504;1;550,00;0,00;
3099;2051;1534;1;145,00;0,00;
3100;2052;1562;1;360,00;0,00;
3101;2053;1533;1;90,00;0,00;
3102;2053;7488;1;190,00;0,00;
3103;2053;1552;1;190,00;0,00;
3104;2053;7620;1;220,00;0,00;
3105;2054;1542;1;260,00;0,00;
3106;2054;3328;1;100,00;0,00;
3107;2056;7402;1;150,00;0,00;
3108;2057;1552;1;40,00;0,00;
3109;2058;1552;1;190,00;0,00;
3110;2058;1533;1;90,00;0,00;
3112;2059;1534;1;145,00;0,00;
3113;2033;4357;1;100,00;0,00;
3114;2033;1534;1;140,00;0,00;
3115;2060;1533;1;110,00;0,00;
3116;2060;6724;1;530,00;0,00;
3117;2061;6984;1;380,00;0,00;
3118;2061;1552;1;190,00;0,00;
3119;2062;1534;1;140,00;0,00;
3120;2062;4798;1;100,00;0,00;
3121;2063;1533;1;80,00;0,00;
3122;2063;379;1;300,00;0,00;
3123;2064;6591;1;290,00;0,00;
3124;2065;2181;1;460,00;0,00;
3125;2066;1542;1;260,00;0,00;
3126;2067;4680;1;210,00;0,00;
3127;2067;7505;1;190,00;0,00;
3129;2068;4514;1;235,00;0,00;
3130;2069;1552;1;190,00;0,00;
3132;2069;6820;1;110,00;0,00;
3133;2071;1542;1;260,00;0,00;
3134;2071;7055;1;105,00;0,00;
3135;2073;1534;1;160,00;0,00;
3137;2073;7547;1;120,00;0,00;
3138;2074;1534;1;150,00;0,00;
3139;2074;7504;1;200,00;0,00;
3140;2074;1534;1;150,00;0,00;
3141;2074;7497;1;200,00;0,00;
3142;2075;4514;1;260,00;0,00;
3143;2075;7318;1;280,00;0,00;
3144;2076;1542;1;240,00;0,00;
3145;2076;7505;1;200,00;0,00;
3146;2077;1542;0,5;80,00;0,00;
3147;2079;1533;1;90,00;0,00;
3148;2080;1542;1;250,00;0,00;
3149;2080;7614;1;190,00;0,00;
3150;2080;1542;1;250,00;0,00;
3151;2080;7621;1;190,00;0,00;
3152;2081;1554;1;180,00;0,00;
3153;2081;5861;1;100,00;0,00;
3154;2083;3583;1;630,00;0,00;
3155;2083;7525;1;100,00;0,00;
3156;2084;1721;1;475,00;0,00;
3157;2084;2086;1;100,00;0,00;
3158;2085;1534;1;160,00;0,00;
3159;2085;7534;1;100,00;0,00;
3160;2086;1542;1;260,00;0,00;
3161;2086;7525;1;100,00;0,00;
3162;2087;7013;1;1.100,00;0,00;
3163;2089;7114;1;100,00;0,00;
3164;2090;1534;1;160,00;0,00;
3165;2090;7542;1;100,00;0,00;
3166;2091;5939;1;320,00;0,00;
3167;2091;5982;1;320,00;0,00;
3168;2092;5180;1;280,00;0,00;
3169;2092;5167;1;460,00;0,00;
3170;2093;7462;1;425,00;0,00;
3171;2094;5940;1;375,00;0,00;
3172;2095;1554;1;150,00;0,00;
3174;2096;1533;1;50,00;0,00;
3175;2097;1534;1;160,00;0,00;
3176;2097;6885;1;120,00;0,00;
3177;2098;1542;1;260,00;0,00;
3178;2099;5977;1;340,00;0,00;
3179;2100;1534;1;160,00;0,00;
3180;2101;1542;0,5;130,00;0,00;
3181;2103;5939;1;340,00;0,00;
3182;2104;1533;1;90,00;0,00;
3183;2104;1534;1;160,00;0,00;
3185;2105;7576;1;1.800,00;0,00;
3186;2105;1370;1;550,00;0,00;
3187;2106;1542;2;490,00;0,00;
3188;2106;7526;1;100,00;0,00;
3189;2107;1534;1;160,00;0,00;
3190;2107;2626;1;100,00;0,00;
3191;2108;7114;1;100,00;0,00;
3192;2108;1534;1;160,00;0,00;
3193;2109;1534;1;160,00;0,00;
3194;2109;3978;1;100,00;0,00;
3195;2110;4448;1;200,00;0,00;
3196;2111;1542;1;220,00;0,00;
3197;2114;1533;1;90,00;0,00;
3198;2114;2287;1;100,00;0,00;
3199;2115;1534;1;140,00;0,00;
3200;2115;4701;1;100,00;0,00;
3201;2116;4203;1;190,00;0,00;
3202;2117;3583;1;510,00;0,00;
3203;2117;7251;1;340,00;0,00;
3205;2118;6665;1;315,00;0,00;
3206;2118;7579;1;785,00;0,00;
3207;2119;1542;1;235,00;0,00;
3208;2119;5716;1;190,00;0,00;
3209;2120;1552;0,5;90,00;0,00;
3210;2121;1721;1;520,00;0,00;
3211;2121;7270;1;260,00;0,00;
3212;2123;1542;1;260,00;0,00;
3213;2123;6638;1;190,00;0,00;
3214;2124;6688;1;690,00;0,00;
3215;2125;7578;1;270,00;0,00;
3216;2125;7529;1;100,00;0,00;
3217;2126;7427;1;420,00;0,00;
3219;2126;5627;1;700,00;0,00;
3220;2127;1534;1;140,00;0,00;
3221;2127;7525;1;100,00;0,00;
3222;2127;2287;1;5,00;0,00;
3223;2128;1534;0,5;80,00;0,00;
3224;2130;1760;1;490,00;0,00;
3225;2130;7538;1;100,00;0,00;
3226;2131;7533;1;100,00;0,00;
3229;2134;4798;1;100,00;0,00;
3230;2120;2287;1;20,00;0,00;
3231;2135;1534;1;160,00;0,00;
3232;2135;7490;1;190,00;0,00;
3233;2136;6160;1;680,00;0,00;
3234;2137;7389;1;936,00;0,00;
3235;2137;7480;1;198,00;0,00;
3236;2138;6230;1;100,00;0,00;
3237;2139;1552;1;190,00;0,00;
3238;2139;6190;1;100,00;0,00;
3239;2140;1534;1;160,00;0,00;
3240;2140;1534;1;250,00;0,00;
3241;2142;1721;1;480,00;0,00;
3242;2142;7528;1;100,00;0,00;
3243;2143;4706;1;100,00;0,00;
3245;2144;7369;1;500,00;0,00;
3246;2145;1534;1;140,00;0,00;
3247;2126;4680;1;160,00;0,00;
3248;2146;1554;1;190,00;0,00;
3249;2146;7531;1;100,00;0,00;
3250;2147;1542;1;260,00;0,00;
3251;2147;7647;1;230,00;0,00;
3253;2148;2403;2;780,00;0,00;
3254;2149;4514;1;280,00;0,00;
3255;2149;7437;1;380,00;0,00;
3256;2150;7562;1;480,00;0,00;
3257;2151;4514;1;280,00;0,00;
3258;2151;7290;1;260,00;0,00;
3261;2155;1542;1;260,00;0,00;
3262;2155;7512;1;180,00;0,00;
3263;2156;1542;1;260,00;0,00;
3264;2156;7618;1;160,00;0,00;
3265;2157;816;1;245,00;0,00;
3266;2158;1534;1;130,00;0,00;
3267;2158;5754;1;100,00;0,00;
3268;2159;1533;1;90,00;0,00;
3269;2159;7548;1;100,00;0,00;
3270;2160;1560;1;300,00;0,00;
3271;2160;7720;1;240,00;0,00;
3272;2161;7729;1;210,00;0,00;
3273;2162;1533;1;90,00;0,00;
3274;2162;1534;1;160,00;0,00;
3275;2164;7693;1;250,00;0,00;
3276;2165;1533;1;80,00;0,00;
3277;2166;4514;1;260,00;0,00;
3278;2166;5877;1;100,00;0,00;
3281;2169;1534;1;145,00;0,00;
3282;2170;2411;1;369,00;0,00;
3283;2170;7740;1;216,00;0,00;
3284;2171;5133;1;110,00;0,00;
3285;2126;6462;1;300,00;0,00;
3286;2174;1542;1;260,00;0,00;
3287;2174;7699;1;230,00;0,00;
3288;2175;1533;1;95,00;0,00;
3289;2176;1405;1;80,00;0,00;
3290;2177;5627;1;670,00;0,00;
3291;2179;1534;1;160,00;0,00;
3292;2179;7612;1;210,00;0,00;
3293;2180;1534;1;160,00;0,00;
3294;2181;4680;1;170,00;0,00;
3295;2181;7329;1;180,00;0,00;
3296;2182;7747;1;290,00;0,00;
3297;2183;2122;1;580,00;0,00;
3298;2184;1540;1;60,00;0,00;
3299;2185;2398;1;500,00;0,00;
3300;2186;1534;0,5;80,00;0,00;
3301;2187;2403;1;110,00;0,00;
3302;2188;7662;1;290,00;0,00;
3303;2189;4514;1;230,00;0,00;
3304;2189;3660;1;170,00;0,00;
3305;2190;1552;1;190,00;0,00;
3306;2190;7540;1;100,00;0,00;
3307;2191;1534;1;145,00;0,00;
3308;2191;6305;1;100,00;0,00;
3309;2192;6678;1;600,00;0,00;
3310;2193;7748;1;270,00;0,00;
3311;2194;418;1;120,00;0,00;
3312;2195;1542;1;260,00;0,00;
3313;2196;1542;1;260,00;0,00;
3314;2197;1370;1;80,00;0,00;
3315;2198;5479;1;680,00;0,00;
3316;2201;1531;1;110,00;0,00;
3317;2202;7712;1;100,00;0,00;
3318;2195;7263;1;150,00;0,00;
3319;2195;1542;1;260,00;0,00;
3320;2203;1552;1;190,00;0,00;
3321;2205;7604;1;250,00;0,00;
3322;2206;7469;1;470,00;0,00;
3323;2206;4680;1;220,00;0,00;
3325;2208;1534;1,5;240,00;0,00;
3326;2208;7616;1;100,00;0,00;
3327;2209;1911;2;680,00;0,00;
3328;2210;1760;1;420,00;0,00;
3329;2210;7740;1;220,00;0,00;
3330;2211;7710;1;220,00;0,00;
3331;2212;1534;1;140,00;0,00;
3332;2212;6988;1;360,00;0,00;
3334;2213;1760;0,5;170,00;0,00;
3335;2215;7741;1;170,00;0,00;
3336;2218;1370;1;80,00;0,00;
3337;2219;7389;1;490,00;0,00;
3338;2219;6607;1;380,00;0,00;
3339;2220;4514;1;260,00;0,00;
3340;2220;7025;1;290,00;0,00;
3342;2221;1554;1;170,00;0,00;
3343;2222;1534;1;110,00;0,00;
3344;2222;4529;1;190,00;0,00;
3345;2223;1542;1;260,00;0,00;
3346;2223;7642;1;190,00;0,00;
3347;2224;5734;1;420,00;0,00;
3348;2225;1534;1;150,00;0,00;
3349;2225;7723;1;190,00;0,00;
3350;2226;7561;1;470,00;0,00;
3351;2228;1534;1;130,00;0,00;
3352;2228;1370;1;100,00;0,00;
3353;2229;7710;1;199,00;0,00;
3354;2230;1534;1;130,00;0,00;
3356;2231;1534;1;144,00;0,00;
3357;2231;7546;1;100,00;0,00;
3358;2232;7758;1;199,00;0,00;
3359;2233;5079;1;450,00;0,00;
3360;2233;1533;1;180,00;0,00;
3361;2234;7687;1;230,00;0,00;
3362;2235;1554;1;170,00;0,00;
3363;2237;4148;1;79,00;0,00;
3364;2168;1542;1;240,00;0,00;
3365;2238;7759;1;220,00;0,00;
3366;2239;1534;1;160,00;0,00;
3367;2240;2287;1;60,00;0,00;
3368;2241;2403;1;220,00;0,00;
3369;2242;7697;1;200,00;0,00;
3370;2242;7664;1;200,00;0,00;
3371;2244;4581;1;240,00;0,00;
3372;2245;1534;2;290,00;0,00;
3373;2246;1542;1;260,00;0,00;
3374;2246;7103;1;100,00;0,00;
3375;2248;1370;1;125,00;0,00;
3376;2249;1533;1;90,00;0,00;
3377;2250;6202;1;79,00;0,00;
3378;2250;6759;1;79,00;0,00;
3379;2251;1542;1;260,00;0,00;
3380;2251;7548;1;100,00;0,00;
3381;2251;7683;1;190,00;0,00;
3382;2252;7564;1;580,00;0,00;
3383;2253;1542;1;260,00;0,00;
3385;2254;7738;1;240,00;0,00;
3386;2256;6397;1;220,00;0,00;
3387;2258;5579;1;480,00;0,00;
3388;2258;7680;1180;180,00;0,00;
3389;2259;1534;1;160,00;0,00;
3390;2259;7643;1;220,00;0,00;
3391;2254;3802;1;375,00;0,00;
3392;2249;7542;1;100,00;0,00;
3393;2260;7573;1;720,00;0,00;
3394;2261;5759;1;79,00;0,00;
3395;2262;7715;1;240,00;0,00;
3396;2263;1534;1;145,00;0,00;
3397;2264;1534;0,5;72,00;0,00;
3398;2265;7696;1;190,00;0,00;
3399;2266;1542;1;240,00;0,00;
3400;2266;7669;1;190,00;0,00;
3402;2267;7763;1;670,00;0,00;
3403;2268;1533;1;90,00;0,00;
3404;2268;1370;1;100,00;0,00;
3405;2269;1721;1;550,00;0,00;
3406;2270;4796;1;79,00;0,00;
3407;0;7673;1;240,00;0,00;
3408;2271;7673;1;240,00;0,00;
3409;2272;7385;2;20,00;0,00;
3410;2273;1542;1;235,00;0,00;
3411;2253;6412;1;430,00;0,00;
3412;2276;1552;0,5;70,00;0,00;
3413;2277;1533;1;90,00;0,00;
3414;2278;1534;1;90,00;0,00;
3415;2278;7663;1;200,00;0,00;
3416;2279;7581;1;450,00;0,00;
3417;2281;1534;1;160,00;0,00;
3418;2281;5916;1;100,00;0,00;
3419;2282;4163;1;79,00;0,00;
3420;2282;1335;1;79,00;0,00;
3421;2283;4149;1;79,00;0,00;
3422;2284;1554;1;170,00;0,00;
3423;2284;7241;1;230,00;0,00;
3424;2285;1534;1;180,00;0,00;
3425;2286;4514;1;280,00;0,00;
3426;2286;7506;1;220,00;0,00;
3427;2287;4587;1;510,00;0,00;
3428;2287;5934;1;270,00;0,00;
3429;2288;1533;2;0,00;0,00;
3430;2288;3328;1;190,00;0,00;
3431;2288;6001;1;0,00;0,00;
3432;2288;4278;1;79,00;0,00;
3433;2290;7724;1;170,00;0,00;
3434;2291;1760;1;460,00;0,00;
3435;2291;7508;1;230,00;0,00;
3436;2292;7730;1;220,00;0,00;
3437;2293;7746;1;200,00;0,00;
3439;2033;6879;1;270,00;0,00;
3440;2294;1760;1;470,00;0,00;
3441;2294;7679;1;230,00;0,00;
3442;2295;3514;1;79,00;0,00;
3443;2295;6247;1;79,00;0,00;
3444;2297;5973;1;650,00;0,00;
3445;2298;1542;1;260,00;0,00;
3446;2298;7534;1;100,00;0,00;
3447;2299;1542;1;230,00;0,00;
3448;2299;7519;1;170,00;0,00;
3449;2300;7389;1;525,00;0,00;
3450;2300;5530;1;335,00;0,00;
3451;2301;7762;1;520,00;0,00;
3454;2301;7746;-1;-200,00;0,00;
3455;2302;7638;1;570,00;0,00;
3456;2302;1668;1;180,00;0,00;
3457;2303;1534;1;160,00;0,00;
3458;2303;7497;1;160,00;0,00;
3459;946;1370;1;100,00;0,00;
3460;2304;4514;1;250,00;0,00;
3461;2306;4107;1;79,00;0,00;
3462;2307;1534;1;160,00;0,00;
3463;2307;7725;1;160,00;0,00;
3464;2308;1542;1;260,00;0,00;
3465;2309;1534;1;140,00;0,00;
3466;2309;7244;1;360,00;0,00;
3467;2310;1533;1;100,00;0,00;
3468;2310;7389;1;530,00;0,00;
3470;2310;7645;1;170,00;0,00;
3471;2311;1672;1;180,00;0,00;
3472;2311;7736;1;200,00;0,00;
3473;2312;5627;1;500,00;0,00;
3474;2313;4680;0,5;110,00;0,00;
3475;2314;1533;1;90,00;0,00;
3478;2316;1542;1;260,00;0,00;
3479;2316;7712;1;220,00;0,00;
3480;2318;1542;1;260,00;0,00;
3481;2319;1533;1;100,00;0,00;
3482;2320;7479;1;220,00;0,00;
3483;2320;1534;1;160,00;0,00;
3484;2321;1534;1;160,00;0,00;
3485;2322;1534;1;160,00;0,00;
3486;2323;1533;1;90,00;0,00;
3489;2324;1769;1;720,00;0,00;
3490;2324;7638;1;570,00;0,00;
3491;2325;1533;1;90,00;0,00;
3492;2325;7730;1;200,00;0,00;
3493;2327;1370;1;100,00;0,00;
3494;2328;1994;1;900,00;0,00;
3496;2329;7586;1;260,00;0,00;
3499;2329;7737;1;120,00;0,00;
3500;2332;7678;1;200,00;0,00;
3501;2333;1534;1;130,00;0,00;
3502;2333;7103;1;90,00;0,00;
3503;2335;1542;1;230,00;0,00;
3504;2335;7646;1;170,00;0,00;
3505;2336;7586;1;410,00;0,00;
3506;2337;5018;1;60,00;0,00;
3507;2338;1542;1;230,00;0,00;
3508;2339;1542;1;260,00;0,00;
3509;2339;2287;1;100,00;0,00;
3510;2339;7760;1;190,00;0,00;
3512;2341;1752;1;230,00;0,00;
3513;2340;7389;0,5;220,00;0,00;
3514;2341;2705;1;100,00;0,00;
3515;2342;5578;1;480,00;0,00;
3516;2342;7276;1;350,00;0,00;
3517;2343;1542;1;260,00;0,00;
3518;2343;7736;1;220,00;0,00;
3519;2344;4680;1;230,00;0,00;
3521;2345;7767;1;1.200,00;0,00;
3522;2346;7751;1;200,00;0,00;
3523;2346;1891;-1;-100,00;0,00;
3524;2347;7667;1;200,00;0,00;
3525;2348;5913;1;130,00;0,00;
3526;2349;6796;1;530,00;0,00;
3527;2351;1533;1;80,00;0,00;
3528;2351;1370;1;100,00;0,00;
3529;2352;6736;1;550,00;0,00;
3532;2354;4205;1;200,00;0,00;
3533;2338;7713;1;190,00;0,00;
3534;2355;1526;1;120,00;0,00;
3535;2356;7114;1;100,00;0,00;
3536;2357;7728;1;100,00;0,00;
3537;2359;1542;1;260,00;0,00;
3538;2360;7687;1;220,00;0,00;
3539;2361;6215;1;79,00;0,00;
3540;2361;1335;1;79,00;0,00;
3541;2362;1760;1;480,00;0,00;
3542;2362;1542;1;-280,00;0,00;
3543;2363;5908;1;100,00;0,00;
3545;2366;1534;1;140,00;0,00;
3546;2367;4587;1;310,00;0,00;
3547;2367;6605;1;340,00;0,00;
3548;2368;4983;1;90,00;0,00;
3549;2370;1534;1;180,00;0,00;
3550;2369;7323;1;100,00;0,00;
3551;2371;2519;1;230,00;0,00;
3552;2371;1533;1;90,00;0,00;
3553;2372;1533;1;110,00;0,00;
3554;2373;7684;1;200,00;0,00;
3555;2374;1370;1;100,00;0,00;
3556;2374;1321;1;79,90;0,00;
3557;2375;1533;1;90,00;0,00;
3559;2375;7494;1;160,00;0,00;
3560;2376;1552;1;190,00;0,00;
3561;2376;7232;1;320,00;0,00;
3562;2344;7499;1;220,00;0,00;
3563;2378;1533;1;80,00;0,00;
3564;2378;1370;1;125,00;0,00;
3565;2379;6457;1;410,00;0,00;
3566;2380;1542;1;260,00;0,00;
3567;2380;7665;1;230,00;0,00;
3568;2381;1554;0,5;95,00;0,00;
3569;2382;1534;1;180,00;0,00;
3571;2384;7501;1;200,00;0,00;
3572;2385;1809;1;79,00;0,00;
3574;2386;4206;1;100,00;0,00;
3575;2387;5467;1;100,00;0,00;
3576;2388;1721;1;590,00;0,00;
3577;2388;7506;1;230,00;0,00;
3578;2388;1721;1;650,00;0,00;
3579;2388;7727;1;250,00;0,00;
3580;2389;1533;1;90,00;0,00;
3581;2390;5060;1;150,00;0,00;
3582;2390;3902;1;100,00;0,00;
3583;2391;1534;1;160,00;0,00;
3584;2391;7116;1;120,00;0,00;
3585;2392;1534;1;160,00;0,00;
3586;2392;6419;1;290,00;0,00;
3587;2393;5627;1;580,00;0,00;
3588;2394;7714;1;190,00;0,00;
3589;2394;1721;1;540,00;0,00;
3590;2395;1534;1;130,00;0,00;
3591;2395;7694;1;180,00;0,00;
3592;2395;7391;1;190,00;0,00;
3593;2396;7389;1;490,00;0,00;
3594;2396;7699;1;220,00;0,00;
3595;2397;6505;1;120,00;0,00;
3596;2364;1542;1;270,00;0,00;
3599;2398;7769;1;440,00;0,00;
3600;2399;1533;1;90,00;0,00;
3601;2399;3387;1;100,00;0,00;
3602;2400;5916;1;120,00;0,00;
3603;2402;1804;1;750,00;0,00;
3604;2402;7737;1;200,00;0,00;
3605;2403;3318;1;79,00;0,00;
3606;2404;1752;1;230,00;0,00;
3607;2404;1370;1;100,00;0,00;
3608;2405;1540;1;60,00;0,00;
3609;2408;7586;1;450,00;0,00;
3610;2408;7438;1;340,00;0,00;
3611;2410;1534;1;160,00;0,00;
3613;2411;6792;1;220,00;0,00;
3614;2412;1534;1;160,00;0,00;
3615;2412;1370;1;100,00;0,00;
3617;2413;5734;1;360,00;0,00;
3618;2413;6717;1;527,00;0,00;
3619;2414;1370;1;100,00;0,00;
3620;2415;1527;1;120,00;0,00;
3621;2416;2403;2;640,00;0,00;
3622;2417;1542;1;130,00;0,00;
3623;2418;7188;1;480,00;0,00;
3624;2419;1534;1;160,00;0,00;
3625;2419;5908;1;100,00;0,00;
3626;2420;1534;1;140,00;0,00;
3627;2420;2588;1;280,00;0,00;
3628;2421;1534;1;160,00;0,00;
3629;2421;7497;1;190,00;0,00;
3630;2422;1542;1;260,00;0,00;
3631;2423;5515;1;440,00;0,00;
3632;2424;7745;1;190,00;0,00;
3634;2425;7761;1;250,00;0,00;
3635;2426;6605;1;340,00;0,00;
3637;2426;1752;0,5;130,00;0,00;
3638;2425;4497;1;480,00;0,00;
3639;2423;5078;1;630,00;0,00;
3640;2427;1752;1;260,00;0,00;
3641;2427;6562;1;480,00;0,00;
3642;2428;7608;1;190,00;0,00;
3643;2429;1533;1;85,00;0,00;
3644;2429;7103;1;100,00;0,00;
3645;2430;1542;1;260,00;0,00;
3646;2430;5118;1;200,00;0,00;
3647;2431;7450;1;390,00;0,00;
3648;2431;1562;1;550,00;0,00;
3649;2432;3180;1;480,00;0,00;
3650;2433;1533;1;100,00;0,00;
3651;2433;1533;1;100,00;0,00;
3652;2434;1542;1;250,00;0,00;
3653;2435;1534;1;160,00;0,00;
3654;2436;1540;1;80,00;0,00;
3655;2437;7653;1;220,00;0,00;
3656;2437;7626;1;220,00;0,00;
3657;2438;1533;1;90,00;0,00;
3658;2438;1534;1;160,00;0,00;
3659;2438;6827;1;120,00;0,00;
3660;2439;1534;1;120,00;0,00;
3661;2440;1554;1;190,00;0,00;
3662;2440;7776;1;140,00;0,00;
3663;2442;1534;1;160,00;0,00;
3664;2442;7641;1;220,00;0,00;
3665;2384;7769;1;400,00;0,00;
3666;2443;7323;1;290,00;0,00;
3667;2444;1721;1;650,00;0,00;
3668;2446;7750;1;200,00;0,00;
3669;2447;1533;1;90,00;0,00;
3670;2447;6948;1;100,00;0,00;
3672;2448;1370;1;100,00;0,00;
3673;2449;1534;1;150,00;0,00;
3674;2449;1534;1;150,00;0,00;
3675;2449;7741;1;190,00;0,00;
3676;2449;7669;1;190,00;0,00;
3677;2449;7733;1;190,00;0,00;
3678;2450;1542;1;260,00;0,00;
3680;2452;1554;1;190,00;0,00;
3682;2455;1534;1;120,00;0,00;
3683;2455;7683;1;250,00;0,00;
3684;2456;1534;1;160,00;0,00;
3685;2456;7532;1;110,00;0,00;
3686;2457;1534;1;160,00;0,00;
3687;2458;1534;1;130,00;0,00;
3688;2459;4514;1;280,00;0,00;
3692;2462;1542;1;260,00;0,00;
3693;2462;6534;1;100,00;0,00;
3694;2464;1534;1;145,00;0,00;
3695;2465;1534;1;160,00;0,00;
3696;2465;6608;1;430,00;0,00;
3698;2466;6178;1;520,00;0,00;
3699;2467;1534;1;160,00;0,00;
3700;2468;5734;1;430,00;0,00;
3701;2468;3075;1;100,00;0,00;
3702;2469;4147;1;80,00;0,00;
3703;2470;5521;1;480,00;0,00;
3704;2472;1534;1;160,00;0,00;
3705;2472;5488;1;290,00;0,00;
3706;2473;6700;1;570,00;0,00;
3707;2473;1534;1;160,00;0,00;
3708;2474;1533;1;80,00;0,00;
3709;2475;7651;1;320,00;0,00;
3710;2475;1542;1;260,00;0,00;
3711;2476;1562;1;500,00;0,00;
3712;2477;4581;1;240,00;0,00;
3713;2478;1672;1;215,00;0,00;
3714;2479;1534;1;160,00;0,00;
3715;2479;5872;1;100,00;0,00;
3716;2480;1816;1;79,00;0,00;
3717;2481;7790;1;100,00;0,00;
3718;2482;1534;1;90,00;0,00;
3719;2481;1534;1;130,00;0,00;
3720;2483;1540;1;60,00;0,00;
3721;2485;2403;2;680,00;0,00;
3722;2486;1542;1;260,00;0,00;
3723;2486;7677;1;190,00;0,00;
3725;2488;7453;1;420,00;0,00;
3726;2488;1554;1;180,00;0,00;
3727;2489;1542;0,5;140,00;0,00;
3729;2490;6679;1;660,00;0,00;
3730;2491;7330;1;240,00;0,00;
3731;2492;5360;1;200,00;0,00;
3732;2493;3907;1;78,00;0,00;
3733;2494;1554;1;190,00;0,00;
3734;2494;7770;1;100,00;0,00;
3735;2495;7044;1;100,00;0,00;
3736;2496;2122;1;660,00;0,00;
3737;2496;4339;1;250,00;0,00;
3738;2497;7419;1;395,00;0,00;
3739;2498;1534;1;160,00;0,00;
3740;2498;7336;1;340,00;0,00;
3741;2499;4514;1;240,00;0,00;
3742;2499;6058;1;100,00;0,00;
3744;2500;1533;1;100,00;0,00;
3745;2500;1534;1;160,00;0,00;
3746;2503;2287;1;200,00;0,00;
3747;2504;1542;1;280,00;0,00;
3749;2504;7771;1;100,00;0,00;
3750;2505;1542;1;280,00;0,00;
3751;2506;1534;1;160,00;0,00;
3752;2506;7671;1;190,00;0,00;
3753;2507;1534;1;130,00;0,00;
3757;2509;7795;1;100,00;0,00;
3758;2510;1752;1;260,00;0,00;
3759;2510;5716;1;190,00;0,00;
3760;2511;1542;1;270,00;0,00;
3761;2511;6964;1;130,00;0,00;
3762;2512;6539;1;370,00;0,00;
3763;2512;2897;1;80,00;0,00;
3765;2514;1552;1;190,00;0,00;
3766;2514;3960;1;100,00;0,00;
3767;2514;7797;1;100,00;0,00;
3769;2514;3706;1;470,00;0,00;
3771;2513;7807;1;410,00;0,00;
3772;2513;7635;1;390,00;0,00;
3774;2515;1534;2;360,00;0,00;
3775;2517;1542;1;260,00;0,00;
3776;2517;7034;1;340,00;0,00;
3777;2519;1542;1;260,00;0,00;
3778;2519;7788;1;130,00;0,00;
3779;2520;1534;1;160,00;0,00;
3780;2520;7468;1;470,00;0,00;
3781;2521;1533;1;80,00;0,00;
3782;2522;7302;1;50,00;0,00;
3784;2523;1534;1;160,00;0,00;
3785;2523;6627;1;530,00;0,00;
3786;2524;1534;1;160,00;0,00;
3787;2524;7775;1;120,00;0,00;
3788;2525;1542;1;260,00;0,00;
3789;2525;7145;1;340,00;0,00;
3790;2526;1534;1;160,00;0,00;
3791;2526;7718;1;140,00;0,00;
3792;2527;1534;1;70,00;0,00;
3793;2528;1542;1;230,00;0,00;
3794;2529;4765;1;90,00;0,00;
3796;2530;7808;1;650,00;0,00;
3797;2531;1533;0,5;60,00;0,00;
3798;2532;7598;1;490,00;0,00;
3799;2532;7773;1;170,00;0,00;
3800;2533;1542;1;250,00;0,00;
3801;2533;4238;1;100,00;0,00;
3802;2534;7756;1;240,00;0,00;
3803;2534;7627;1;220,00;0,00;
3804;2535;7649;1;180,00;0,00;
3805;2538;1721;1;540,00;0,00;
3806;2539;7342;1;290,00;0,00;
3807;2539;1534;1;160,00;0,00;
3809;2513;7809;1;1.620,00;0,00;
3811;2540;7810;1;90,00;0,00;
3812;2541;7237;1;290,00;0,00;
3813;2542;7343;1;290,00;0,00;
3814;2543;1542;1;260,00;0,00;
3815;2545;1542;1;200,00;0,00;
3816;2546;1672;1;220,00;0,00;
3818;2546;7820;1;480,00;0,00;
3819;2546;1544;1;350,00;0,00;
3820;2547;6450;1;310,00;0,00;
3821;2547;7693;1;200,00;0,00;
3822;2548;7776;1;100,00;0,00;
3823;2548;1534;2;260,00;0,00;
3824;2548;7261;1;190,00;0,00;
3825;2549;1542;1;260,00;0,00;
3826;2549;7789;1;130,00;0,00;
3827;2550;7340;1;250,00;0,00;
3828;2551;1761;1;800,00;0,00;
3829;2552;7821;1;190,00;0,00;
3830;2553;1534;1;160,00;0,00;
3831;2554;4680;1;190,00;0,00;
3832;2555;1534;0,5;80,00;0,00;
3834;2555;1760;0,5;270,00;0,00;
3835;2556;1668;1;140,00;0,00;
3836;2556;7821;1;120,00;0,00;
3839;2557;7810;1;165,00;0,00;
3840;2557;7823;1;570,00;0,00;
3841;2558;1552;1;180,00;0,00;
3842;2560;1533;1;90,00;0,00;
3843;2561;1534;1;170,00;0,00;
3844;2561;7821;1;220,00;0,00;
3845;2560;6358;1;310,00;0,00;
3846;2560;1559;1;-150,00;0,00;
3847;2562;7821;1;120,00;0,00;
3848;2563;1554;1;190,00;0,00;
3851;2564;7147;1;320,00;0,00;
3852;2564;7824;1;1.180,00;0,00;
3853;2565;7821;1;220,00;0,00;
3854;2566;6259;1;320,00;0,00;
3855;2567;1533;1;90,00;0,00;
3856;2568;1562;1;540,00;0,00;
3857;2568;7821;1;190,00;0,00;
3858;2569;1534;1;160,00;0,00;
3859;2571;1534;1;40,00;0,00;
3862;2572;1542;1;235,00;0,00;
3863;2555;1534;1;160,00;0,00;
3864;2573;1542;0,5;130,00;0,00;
3865;2543;6292;1;100,00;0,00;
3866;2574;1552;1;170,00;0,00;
3867;2575;1542;1;235,00;0,00;
3868;2575;7821;1;190,00;0,00;
3869;2576;7580;0,5;750,00;0,00;
3870;2577;1534;1;180,00;0,00;
3871;2571;6311;1;50,00;0,00;
3873;2578;7742;1;160,00;0,00;
3874;2578;1534;1;90,00;0,00;
3875;2579;1554;1;180,00;0,00;
3876;2580;1534;1;160,00;0,00;
3877;2580;7821;1;180,00;0,00;
3878;2581;3583;1;600,00;0,00;
3879;2581;6536;1;300,00;0,00;
3880;2582;3259;1;960,00;0,00;
3881;2582;7821;1;180,00;0,00;
3882;2583;5760;1;120,00;0,00;
3883;2584;1411;1;130,00;0,00;
3884;2585;7821;2;360,00;0,00;
3885;2585;1552;0,5;180,00;0,00;
3886;2586;1534;1;160,00;0,00;
3887;2587;1554;1;180,00;0,00;
3888;2587;1450;1;100,00;0,00;
3889;2588;1534;1;160,00;0,00;
3890;2590;1533;1;90,00;0,00;
3891;2590;7821;1;120,00;0,00;
3892;2591;5734;1;380,00;0,00;
3893;2591;1405;1;100,00;0,00;
3894;2592;1542;1;250,00;0,00;
3895;2592;7821;1;150,00;0,00;
3896;2593;1542;0,5;130,00;0,00;
3898;2594;1752;1;260,00;0,00;
3899;2595;1542;1;260,00;0,00;
3900;2595;1405;1;120,00;0,00;
3901;2596;1554;1;140,00;0,00;
3902;2598;1760;1;368,00;0,00;
3903;2598;1534;1;120,00;0,00;
3904;2598;7821;1;100,00;0,00;
3905;2598;7821;1;100,00;0,00;
3906;2599;7821;1;190,00;0,00;
3907;2599;1721;1;505,00;0,00;
3908;2600;1552;0,5;90,00;0,00;
3909;2603;1542;1;220,00;0,00;
3910;2604;4581;1;240,00;0,00;
3911;2605;7444;1;400,00;0,00;
3912;2605;1542;1;220,00;0,00;
3913;2607;1534;1;160,00;0,00;
3914;2607;7821;1;190,00;0,00;
3915;2609;1554;1;140,00;0,00;
3916;2610;1372;1;79,00;0,00;
3918;2612;7821;1;200,00;0,00;
3919;2612;1542;1;210,00;0,00;
3920;2613;1534;1;130,00;0,00;
3921;2613;7821;1;220,00;0,00;
3922;2614;7470;1;470,00;0,00;
3923;2615;4108;1;79,00;0,00;
3925;2616;1534;1;160,00;0,00;
3927;2617;1721;1;500,00;0,00;
3928;2618;1533;1;140,00;0,00;
3929;2603;1370;1;80,00;0,00;
3930;2619;5457;1;500,00;0,00;
3931;2620;1533;1;90,00;0,00;
3932;2621;7821;1;200,00;0,00;
3933;2621;5734;1;400,00;0,00;
3934;2622;2086;1;100,00;0,00;
3935;2624;1321;1;140,00;0,00;
3936;2625;5622;1;250,00;0,00;
3937;2625;1542;1;280,00;0,00;
3938;2626;7505;1;150,00;0,00;
3939;2626;1542;1;230,00;0,00;
3940;2630;1542;1;260,00;0,00;
3941;2630;7821;1;180,00;0,00;
3942;2631;1321;1;150,00;0,00;
3943;2631;1534;1;150,00;0,00;
3944;2632;4514;1;250,00;0,00;
3945;2633;1534;1;160,00;0,00;
3946;2633;7821;1;110,00;0,00;
3947;2634;1336;1;79,00;0,00;
3948;2635;1542;0,5;130,00;0,00;
3949;2635;1533;1;130,00;0,00;
3950;2636;4935;1;467,00;0,00;
3953;2636;0;2;160,00;0,00;
3954;2636;1534;1;160,00;0,00;
3955;2637;1534;1;160,00;0,00;
3956;2638;6347;1;200,00;0,00;
3957;2639;7717;1;280,00;0,00;
3958;2641;1554;1;160,00;0,00;
3959;2641;1405;1;90,00;0,00;
3960;2642;1534;1;100,00;0,00;
3961;2643;1542;1;260,00;0,00;
3962;2644;2588;1;290,00;0,00;
3963;2644;1534;1;110,00;0,00;
3964;2645;1534;1;160,00;0,00;
3965;2646;7566;1;530,00;0,00;
3966;2646;7577;1;580,00;0,00;
3968;2647;1534;1;140,00;0,00;
3969;2647;7409;1;300,00;0,00;
3970;2648;1534;1;170,00;0,00;
3971;2648;7821;1;130,00;0,00;
3972;2649;6698;1;460,00;0,00;
3973;2649;1534;1;160,00;0,00;
3974;2650;1534;1;140,00;0,00;
3975;2650;7821;1;247,00;0,00;
3976;2651;5627;1;700,00;0,00;
3977;2651;1411;1;280,00;0,00;
3978;2652;1405;1;80,00;0,00;
3979;2653;1534;1;160,00;0,00;
3981;2654;4581;1;240,00;0,00;
3982;2655;6347;1;480,00;0,00;
3983;2656;1405;1;100,00;0,00;
3984;2659;7554;1;585,00;0,00;
3985;2660;1534;1;160,00;0,00;
3986;2661;1542;1;260,00;0,00;
3988;2662;7672;1;230,00;0,00;
3990;2663;1533;2;150,00;0,00;
3991;2664;7505;1;180,00;0,00;
3992;2664;1760;1;410,00;0,00;
3993;2665;4581;1;240,00;0,00;
3995;2666;7821;1;230,00;0,00;
3996;2666;1721;1;505,00;0,00;
3997;2667;1534;1;230,00;0,00;
3998;2668;1534;1;150,00;0,00;
4000;2673;1534;1;160,00;0,00;
4001;2673;7821;1;120,00;0,00;
4002;2674;1542;1;260,00;0,00;
4004;2672;1554;1;180,00;0,00;
4005;2675;1533;1;80,00;0,00;
4006;2676;1534;0,5;80,00;0,00;
4007;2678;7821;1;180,00;0,00;
4008;2679;4396;1;600,00;0,00;
4010;2680;7726;1;230,00;0,00;
4011;2680;4680;1;250,00;0,00;
4012;2681;7814;1;140,00;0,00;
4014;2682;7586;2;530,00;0,00;
4015;2682;7508;1;190,00;0,00;
4016;2683;1552;1;180,00;0,00;
4017;2683;7679;1;120,00;0,00;
4018;2685;7769;1;470,00;0,00;
4019;2686;6143;1;100,00;0,00;
4020;2687;1542;1;230,00;0,00;
4021;2687;7821;1;220,00;0,00;
4022;2689;1534;2;300,00;0,00;
4023;2689;7821;1;120,00;0,00;
4024;2690;7821;1;120,00;0,00;
4025;2691;7821;1;100,00;0,00;
4026;2692;1721;1;620,00;0,00;
4027;2692;7821;1;120,00;0,00;
4028;2693;7656;1;180,00;0,00;
4029;2694;1761;1;800,00;0,00;
4030;2695;1534;1;145,00;0,00;
4031;2695;7821;1;120,00;0,00;
4033;2696;4149;1;79,00;0,00;
4034;2697;1534;1;160,00;0,00;
4035;2697;7777;1;220,00;0,00;
4036;2698;1542;1;230,00;0,00;
4037;2698;7679;1;120,00;0,00;
4038;2698;4153;1;80,00;0,00;
4039;2699;7810;1;160,00;0,00;
4040;2700;1554;1;190,00;0,00;
4041;2700;7821;1;220,00;0,00;
4042;2701;1533;1;0,00;0,00;
4043;2701;7773;1;100,00;0,00;
4044;2702;7821;1;150,00;0,00;
4045;2702;1534;1;150,00;0,00;
4047;2703;6389;1;380,00;0,00;
4048;2703;1760;1;460,00;0,00;
4049;2704;7810;1;130,00;0,00;
4050;2705;1752;1;290,00;0,00;
4051;2706;1554;1;190,00;0,00;
4052;2706;7329;1;290,00;0,00;
4053;2707;1533;1;80,00;0,00;
4054;2709;1552;1;170,00;0,00;
4055;2709;7821;1;190,00;0,00;
4056;2710;1554;1;190,00;0,00;
4058;2710;6823;1;100,00;0,00;
4059;2711;6404;1;290,00;0,00;
4060;2712;5627;1;780,00;0,00;
4061;2713;7701;1;200,00;0,00;
4062;2714;7117;1;100,00;0,00;
4063;2715;1542;1;200,00;0,00;
4064;2716;7821;1;180,00;0,00;
4065;2717;5627;1;820,00;0,00;
4066;2717;7821;1;150,00;0,00;
4067;2718;7821;1;100,00;0,00;
4068;2719;1534;1;145,00;0,00;
4069;2513;7809;1;0,00;0,00;
4070;2720;1534;1;160,00;0,00;
4071;2720;7821;1;120,00;0,00;
4072;2721;3447;1;79,00;0,00;
4073;2722;1540;1;70,00;0,00;
4074;2723;1534;1;145,00;0,00;
4077;2725;1533;1;90,00;0,00;
4078;2725;4412;1;230,00;0,00;
4079;2726;4680;0,5;120,00;0,00;
4081;2726;1534;0,5;80,00;0,00;
4082;2726;7230;1;290,00;0,00;
4083;2727;1533;1;90,00;0,00;
4084;2727;2693;1;190,00;0,00;
4085;2728;1542;1;260,00;0,00;
4086;2728;7821;1;130,00;0,00;
4087;2729;1534;1;145,00;0,00;
4088;2730;1534;1;120,00;0,00;
4089;2730;6398;1;250,00;0,00;
4090;2731;1542;1;260,00;0,00;
4091;2731;7821;1;180,00;0,00;
4092;2732;6627;1;495,00;0,00;
4093;2732;1542;1;285,00;0,00;
4094;2734;1542;1;260,00;0,00;
4095;2734;7821;1;190,00;0,00;
4096;2735;5986;1;280,00;0,00;
4097;2736;1534;0,5;80,00;0,00;
4098;2737;1760;1;390,00;0,00;
4100;2738;1534;1;145,00;0,00;
4101;2738;3566;1;290,00;0,00;
4102;2738;1534;1;145,00;0,00;
4103;2738;6823;1;100,00;0,00;
4104;2740;1542;1;250,00;0,00;
4105;2741;1554;1;190,00;0,00;
4106;2742;7697;1;260,00;0,00;
4107;2743;1534;0,5;80,00;0,00;
4108;2744;1534;1;145,00;0,00;
4109;2744;7045;1;255,00;0,00;
4110;2745;1534;1;160,00;0,00;
4111;2745;7287;1;270,00;0,00;
4112;2746;1533;0,5;80,00;0,00;
4113;2747;1533;1;90,00;0,00;
4114;2748;3514;1;80,00;0,00;
4115;2749;1534;1;160,00;0,00;
4116;2750;1542;0,5;130,00;0,00;
4118;2750;7821;1;120,00;0,00;
4119;2750;1533;0,5;45,00;0,00;
4120;2751;1533;0,5;60,00;0,00;
4121;2752;4078;1;400,00;0,00;
4122;2753;1721;1;560,00;0,00;
4123;2753;7821;1;100,00;0,00;
4124;2754;1552;1;160,00;0,00;
4125;2513;2058;1;1.200,00;0,00;
4126;2755;1542;1;260,00;0,00;
4127;2755;7815;1;100,00;0,00;
4128;2757;7821;1;120,00;0,00;
4129;2759;7821;1;220,00;0,00;
4130;2759;1534;1;140,00;0,00;
4131;2761;1542;1;220,00;0,00;
4133;2763;1542;1;260,00;0,00;
4134;2764;1534;1;160,00;0,00;
4135;2766;7821;1;120,00;0,00;
4136;2769;5627;1;500,00;0,00;
4137;2769;7821;1;100,00;0,00;
4138;2770;1752;1;270,00;0,00;
4139;2770;6445;1;350,00;0,00;
4140;2771;1534;1;160,00;0,00;
4141;2771;7461;1;470,00;0,00;
4142;2772;1721;1;550,00;0,00;
4143;2772;6621;1;430,00;0,00;
4144;2773;7514;1;220,00;0,00;
4145;2774;1542;1;260,00;0,00;
4146;2774;7821;1;180,00;0,00;
4147;2775;6067;1;220,00;0,00;
4148;2777;1542;1;490,00;0,00;
4150;2777;7288;1;210,00;0,00;
4151;2778;1540;1;60,00;0,00;
4153;2779;3447;1;79,00;0,00;
4154;2780;1534;1;160,00;0,00;
4155;2780;7257;1;220,00;0,00;
4156;2781;7821;1;120,00;0,00;
4157;2782;7369;1;495,00;0,00;
4158;2784;1534;1;140,00;0,00;
4159;2786;1760;1;420,00;0,00;
4160;2786;7825;1;320,00;0,00;
4161;2787;1534;1;120,00;0,00;
4162;2787;7821;1;120,00;0,00;
4163;2513;6724;1;400,00;0,00;
4164;2788;1534;1;160,00;0,00;
4165;2788;7334;1;280,00;0,00;
4166;2789;1534;1;160,00;0,00;
4167;2789;6862;1;390,00;0,00;
4168;2790;1534;1;160,00;0,00;
4169;2791;1534;1;160,00;0,00;
4170;2791;7821;1;220,00;0,00;
4171;2793;2673;1;160,00;0,00;
4172;2793;1542;1;240,00;0,00;
4173;2794;7698;1;220,00;0,00;
4174;2794;1542;1;380,00;0,00;
4175;2795;1554;1;190,00;0,00;
4176;2795;7821;1;120,00;0,00;
4177;2796;1534;1;145,00;0,00;
4178;2796;7821;1;100,00;0,00;
4179;2797;1534;1;145,00;0,00;
4180;2797;7787;1;120,00;0,00;
4181;2798;5925;1;342,00;0,00;
4182;2799;1542;1;260,00;0,00;
4183;2799;7821;1;140,00;0,00;
4185;2801;1534;1;145,00;0,00;
4187;2800;0;1;0,00;0,00;
4188;2800;7827;1;300,00;0,00;
4189;2802;1534;1;160,00;0,00;
4190;2802;7821;1;180,00;0,00;
4191;2803;1534;1;160,00;0,00;
4192;2803;6417;1;470,00;0,00;
4193;2804;7821;1;120,00;0,00;
4194;2804;7628;1;120,00;0,00;
4196;2805;7777;1;190,00;0,00;
4197;2805;1761;1;700,00;0,00;
4198;2806;1534;1;220,00;0,00;
4199;2806;7774;1;100,00;0,00;
4200;2807;1542;1;380,00;0,00;
4201;2808;1554;1;190,00;0,00;
4202;2808;7325;1;280,00;0,00;
4203;2810;1534;1;130,00;0,00;
4204;2810;1349;1;120,00;0,00;
4205;2811;4497;1;160,00;0,00;
4206;2812;1533;1;90,00;0,00;
4207;2812;4798;1;100,00;0,00;
4208;2813;1542;0,5;130,00;0,00;
4209;2737;7126;1;300,00;0,00;
4210;2814;1721;1;500,00;0,00;
4211;2816;1533;1;90,00;0,00;
4212;2819;5734;1;450,00;0,00;
4214;2820;1752;1;210,00;0,00;
4215;2821;1542;1;260,00;0,00;
4216;2821;7821;1;120,00;0,00;
4217;2823;1554;1;190,00;0,00;
4218;2824;1672;1;240,00;0,00;
4219;2824;7821;1;120,00;0,00;
4220;2825;5135;1;120,00;0,00;
4221;2826;1752;1;290,00;0,00;
4222;2828;1542;1;260,00;0,00;
4223;2828;7610;1;120,00;0,00;
4224;2829;1534;1;160,00;0,00;
4225;2829;6238;1;120,00;0,00;
4226;2829;7821;1;120,00;0,00;
4227;2829;1533;1;90,00;0,00;
4228;2830;1534;1;160,00;0,00;
4229;2830;7644;1;220,00;0,00;
4230;2830;3520;1;158,00;0,00;
4231;2832;1760;1;350,00;0,00;
4232;2832;7830;1;500,00;0,00;
4233;2833;1533;1;80,00;0,00;
4234;2833;7821;1;120,00;0,00;
4235;2834;1529;1;120,00;0,00;
4236;2836;1533;1;90,00;0,00;
4237;2836;7821;1;120,00;0,00;
4238;2837;7378;1;396,00;0,00;
4239;2838;1534;1;160,00;0,00;
4241;2839;1542;1;260,00;0,00;
4242;2840;1542;1;235,00;0,00;
4243;2840;1534;1;145,00;0,00;
4244;2840;7821;1;120,00;0,00;
4245;2840;7468;1;400,00;0,00;
4246;2840;1960;1;690,00;0,00;
4247;2841;5135;1;120,00;0,00;
4248;2842;1534;1;160,00;0,00;
4249;2842;7821;1;120,00;0,00;
4250;2843;1542;1;240,00;0,00;
4251;2844;1542;1;235,00;0,00;
4252;2845;1533;1;90,00;0,00;
4253;2846;1534;1;160,00;0,00;
4254;2846;7821;1;120,00;0,00;
4255;2847;1534;1;160,00;0,00;
4256;2847;7821;1;120,00;0,00;
4257;2848;1534;1;145,00;0,00;
4258;2849;5627;1;620,00;0,00;
4259;2849;7821;1;120,00;0,00;
4260;2850;1534;1;90,00;0,00;
4261;2851;7821;1;120,00;0,00;
4262;2852;1534;1;160,00;0,00;
4263;2852;6948;1;120,00;0,00;
4264;2852;1534;1;160,00;0,00;
4266;2852;7831;1;280,00;0,00;
4267;2853;7821;1;120,00;0,00;
4268;2854;1752;1;280,00;0,00;
4269;2854;7821;1;90,00;0,00;
4270;2855;2588;1;260,00;0,00;
4271;2855;1552;1;165,00;0,00;
4272;2856;1542;1;260,00;0,00;
4273;2856;7821;1;180,00;0,00;
4274;2857;1721;1;450,00;0,00;
4275;2857;7821;1;100,00;0,00;
4277;2858;1542;1;300,00;0,00;
4278;2859;1534;0,5;70,00;0,00;
4279;2860;1534;1;110,00;0,00;
4280;2860;7821;1;120,00;0,00;
4281;2861;4581;1;240,00;0,00;
4282;2862;1534;1;120,00;0,00;
4283;2863;1534;1;120,00;0,00;
4284;2864;1534;1;90,00;0,00;
4285;2864;1534;1;90,00;0,00;
4287;2864;7832;1;280,00;0,00;
4288;2864;7821;1;120,00;0,00;
4289;2865;1542;1;260,00;0,00;
4290;2865;7821;1;120,00;0,00;
4291;2866;1534;1;120,00;0,00;
4292;2867;1534;1;130,00;0,00;
4294;2867;7614;1;150,00;0,00;
4296;2868;7230;1;200,00;0,00;
4297;2868;1534;0,5;45,00;0,00;
4298;2868;6347;0,5;95,00;0,00;
4299;2869;1542;0,5;120,00;0,00;
4301;2870;1534;1;130,00;0,00;
4302;2870;1534;1;130,00;0,00;
4303;2870;1542;1;240,00;0,00;
4304;2871;1534;1;120,00;0,00;
4305;2871;7821;1;120,00;0,00;
4306;2872;1721;1;430,00;0,00;
4307;2872;7821;1;90,00;0,00;
4308;2873;1534;1;160,00;0,00;
4309;2873;7821;1;220,00;0,00;
4312;2874;2403;2;680,00;0,00;
4313;2875;1542;1;260,00;0,00;
4314;2875;7821;1;140,00;0,00;
4315;2876;7610;1;220,00;0,00;
4316;2876;1534;1;110,00;0,00;
4317;2877;7794;1;100,00;0,00;
4318;2878;5578;0,5;249,00;0,00;
4319;2878;1534;0,5;80,00;0,00;
4320;2878;6439;1;430,00;0,00;
4321;2879;1534;1;120,00;0,00;
4322;2879;7821;1;120,00;0,00;
4323;2880;1534;1;120,00;0,00;
4325;2881;7864;1;1.150,00;0,00;
4326;2882;1534;1;160,00;0,00;
4327;2883;1534;1;160,00;0,00;
4328;2884;7821;1;100,00;0,00;
4329;2884;1534;1;160,00;0,00;
4330;2885;5627;1;730,00;0,00;
4331;2886;4307;1;79,00;0,00;
4332;2887;2371;1;320,00;0,00;
4334;2888;7821;1;130,00;0,00;
4335;2889;1534;1;160,00;0,00;
4336;2889;7775;1;100,00;0,00;
4337;2890;1542;1;200,00;0,00;
4338;2891;1554;1;190,00;0,00;
4339;2891;3157;1;100,00;0,00;
4340;2892;1562;1;500,00;0,00;
4341;2892;7863;1;300,00;0,00;
4342;2893;430;1;80,00;0,00;
4343;2894;1542;1;260,00;0,00;
4344;2896;1534;1;140,00;0,00;
4345;2896;5937;1;310,00;0,00;
4346;2897;1534;1;160,00;0,00;
4347;2898;1534;2;280,00;0,00;
4348;2898;7719;1;200,00;0,00;
4349;2898;7436;1;430,00;0,00;
4350;2899;1534;0,5;70,00;0,00;
4351;2900;1534;1;160,00;0,00;
4352;2900;7845;1;340,00;0,00;
4353;2902;1534;1;140,00;0,00;
4354;2903;2403;1;240,00;0,00;
4355;2904;7140;1;440,00;0,00;
4356;2905;1534;0,5;40,00;0,00;
4357;2906;4657;1;550,00;0,00;
4358;2906;6807;1;100,00;0,00;
4359;2907;4581;2;480,00;0,00;
4360;2908;6247;1;79,00;0,00;
4361;2909;1534;1;100,00;0,00;
4362;2909;5932;1;225,00;0,00;
4363;2910;1562;1;520,00;0,00;
4364;2910;7821;1;120,00;0,00;
4365;2911;1534;1;160,00;0,00;
4366;2913;1534;1;140,00;0,00;
4367;2913;7821;1;100,00;0,00;
4369;2914;7821;1;130,00;0,00;
4370;2914;7946;1;1.100,00;0,00;
4371;2915;1542;1;210,00;0,00;
4372;2916;7821;1;160,00;0,00;
4373;2917;1760;1;450,00;0,00;
4374;2918;1534;1;120,00;0,00;
4375;2919;1534;1;140,00;0,00;
4376;2919;6577;1;160,00;0,00;
4377;2920;1542;1;250,00;0,00;
4378;2920;7821;1;120,00;0,00;
4379;2921;5578;1;380,00;0,00;
4380;2921;7821;1;120,00;0,00;
4381;2922;1760;1;490,00;0,00;
4382;2922;7821;1;180,00;0,00;
4383;2923;1534;1;120,00;0,00;
4384;2923;7836;1;340,00;0,00;
4385;2924;3706;1;540,00;0,00;
4386;2925;1534;1;150,00;0,00;
4387;2925;7821;1;180,00;0,00;
4388;2926;7821;1;140,00;0,00;
4389;2927;4147;1;79,00;0,00;
4390;2928;1760;1;490,00;0,00;
4391;2928;7821;1;220,00;0,00;
4392;2929;7380;1;680,00;0,00;
4393;2930;1533;1;90,00;0,00;
4394;2931;1760;1;490,00;0,00;
4395;2931;7238;1;290,00;0,00;
4396;2932;1542;1;260,00;0,00;
4397;2932;7821;1;200,00;0,00;
4399;2934;7821;1;220,00;0,00;
4400;2933;4497;1;90,00;0,00;
4401;2936;1534;1;140,00;0,00;
4402;2936;7821;1;140,00;0,00;
4403;2937;1534;1;180,00;0,00;
4404;2937;6144;1;100,00;0,00;
4405;2940;1534;1;150,00;0,00;
4406;2942;1534;1;160,00;0,00;
4407;2942;6950;1;180,00;0,00;
4408;2943;5734;1;350,00;0,00;
4409;2943;7821;1;120,00;0,00;
4411;2944;1534;1;160,00;0,00;
4412;2945;7836;1;340,00;0,00;
4413;2946;1554;1;190,00;0,00;
4414;2947;1721;1;460,00;0,00;
4415;2947;6257;1;120,00;0,00;
4416;2948;6820;1;90,00;0,00;
4417;2949;7578;1;320,00;0,00;
4418;2950;7485;1;200,00;0,00;
4419;2951;1533;1;90,00;0,00;
4420;2952;1534;0,5;60,00;0,00;
4421;2952;7024;1;290,00;0,00;
4422;2953;1810;1;79,00;0,00;
4423;2953;6788;1;220,00;0,00;
4424;2954;3978;1;120,00;0,00;
4425;2956;1542;1;260,00;0,00;
4426;2957;7013;1;1.075,00;0,00;
4427;2957;6985;1;305,00;0,00;
4428;2959;7810;1;160,00;0,00;
4429;2960;1534;1;160,00;0,00;
4430;2960;7821;1;120,00;0,00;
4431;2961;2403;1;240,00;0,00;
4432;2962;1534;1;160,00;0,00;
4433;2962;7839;1;340,00;0,00;
4434;2962;7821;1;220,00;0,00;
4435;2963;1534;1;140,00;0,00;
4436;2963;7821;1;90,00;0,00;
4437;2964;5734;1;430,00;0,00;
4438;2964;7927;1;340,00;0,00;
4439;2965;1534;1;160,00;0,00;
4440;2965;7821;1;120,00;0,00;
4441;2966;7821;1;120,00;0,00;
4442;2967;7854;1;340,00;0,00;
4443;2968;1554;1;190,00;0,00;
4444;2968;7821;1;180,00;0,00;
4445;2969;7658;1;220,00;0,00;
4446;2970;5627;1;540,00;0,00;
4447;2970;7940;1;340,00;0,00;
4448;2971;1562;1;540,00;0,00;
4450;2972;7821;1;140,00;0,00;
4451;2972;1533;1;90,00;0,00;
4452;2973;1542;1;260,00;0,00;
4453;2973;7821;1;140,00;0,00;
4454;2975;7821;1;110,00;0,00;
4455;2975;5627;1;690,00;0,00;
4456;2977;6690;1;605,00;0,00;
4457;2977;7821;1;-280,00;0,00;
4460;2978;7578;0,5;160,00;0,00;
4461;2978;1534;0,5;80,00;0,00;
4462;2978;7821;1;120,00;0,00;
4463;2979;5627;1;680,00;0,00;
4464;2979;5930;1;320,00;0,00;
4465;2980;7698;1;220,00;0,00;
4467;2981;7302;1;280,00;0,00;
4468;2982;1534;1;160,00;0,00;
4469;2982;7821;1;120,00;0,00;
4470;2983;1554;1;190,00;0,00;
4471;2983;7821;1;120,00;0,00;
4472;2984;1534;1;160,00;0,00;
4473;2984;7821;1;120,00;0,00;
4474;2983;1534;1;130,00;0,00;
4475;2985;1534;1;145,00;0,00;
4476;2985;7821;1;120,00;0,00;
4477;2986;1760;1;450,00;0,00;
4478;2986;7821;1;120,00;0,00;
4479;2987;1534;1;130,00;0,00;
4480;2987;7821;1;100,00;0,00;
4481;2988;1534;0,5;60,00;0,00;
4482;2989;1534;1;150,00;0,00;
4483;2990;7698;1;220,00;0,00;
4485;2991;7821;1;120,00;0,00;
4486;2991;1752;1;260,00;0,00;
4487;2992;1534;1;145,00;0,00;
4488;2992;7873;1;100,00;0,00;
4489;2993;1534;1;120,00;0,00;
4490;2994;5966;1;120,00;0,00;
4491;2995;1534;0,5;80,00;0,00;
4492;2996;1534;1;125,00;0,00;
4493;2997;1542;1;235,00;0,00;
4494;2998;1542;1;240,00;0,00;
4495;2998;7821;1;120,00;0,00;
4498;2999;5504;1;520,00;0,00;
4500;3002;1534;1;120,00;0,00;
4501;3002;6807;1;100,00;0,00;
4502;3003;1752;1;280,00;0,00;
4503;3003;7867;1;100,00;0,00;
4504;3000;1752;1;260,00;0,00;
4506;3004;7432;1;490,00;0,00;
4507;3004;7953;1;300,00;0,00;
4508;3005;7821;1;180,00;0,00;
4509;3006;1668;1;145,00;0,00;
4510;3006;7821;1;120,00;0,00;
4511;3008;1721;1;480,00;0,00;
4512;3008;7821;1;120,00;0,00;
4513;3009;7810;1;110,00;0,00;
4514;3009;6809;1;190,00;0,00;
4515;3010;1542;1;260,00;0,00;
4517;3010;7821;1;120,00;0,00;
4518;3011;7732;1;190,00;0,00;
4519;3012;6899;1;570,00;0,00;
4520;3013;1760;1;450,00;0,00;
4521;3013;7155;1;340,00;0,00;
4522;3014;2411;1;376,00;0,00;
4523;3014;7951;1;304,00;0,00;
4524;3014;7563;1;420,00;0,00;
4525;3015;1534;2;220,00;0,00;
4526;3015;7821;2;220,00;0,00;
4527;3016;1760;1;400,00;0,00;
4528;3016;7882;1;300,00;0,00;
4529;3017;7953;1;300,00;0,00;
4530;3017;7821;1;120,00;0,00;
4531;3018;1534;1;130,00;0,00;
4532;3019;1540;1;50,00;0,00;
4533;3020;1542;1;260,00;0,00;
4534;3020;7821;1;120,00;0,00;
4535;3022;1760;1;380,00;0,00;
4536;3024;5066;1;520,00;0,00;
4537;3025;7835;1;340,00;0,00;
4538;3026;1554;1;170,00;0,00;
4539;3026;7892;1;310,00;0,00;
4540;3027;1534;1;160,00;0,00;
4541;3029;7953;1;320,00;0,00;
4542;3029;7821;1;99,00;0,00;
4543;3030;1542;1;230,00;0,00;
4544;3030;7821;1;120,00;0,00;
4545;3031;7746;1;190,00;0,00;
4546;3033;1534;1;130,00;0,00;
4547;3034;1542;1;225,00;0,00;
4549;3034;7865;1;100,00;0,00;
4550;3035;7868;1;100,00;0,00;
4552;3036;4680;1;280,00;0,00;
4554;3036;7954;1;445,00;0,00;
4555;3037;1533;0,5;45,00;0,00;
4556;3037;1542;0,5;130,00;0,00;
4557;3038;1534;1;160,00;0,00;
4559;3040;7348;1;240,00;0,00;
4560;3041;1542;0,5;130,00;0,00;
4561;3042;1554;1;175,00;0,00;
4562;3042;6192;1;100,00;0,00;
4563;3043;7744;1;215,00;0,00;
4564;3044;1534;1;130,00;0,00;
4565;3045;7477;1;430,00;0,00;
4566;3045;1534;1;120,00;0,00;
4567;3046;1533;1;90,00;0,00;
4568;3047;7821;1;180,00;0,00;
4569;3048;1542;1;230,00;0,00;
4570;3050;1760;1;350,00;0,00;
4571;3050;7952;1;300,00;0,00;
4572;3050;7953;1;250,00;0,00;
4573;3051;5454;1;612,00;0,00;
4574;3050;7945;1;300,00;0,00;
4575;3053;1542;1;260,00;0,00;
4576;3053;6600;1;380,00;0,00;
4577;3054;1804;1;800,00;0,00;
4578;3054;7246;1;280,00;0,00;
4579;3055;1534;1;120,00;0,00;
4580;3055;7821;1;120,00;0,00;
4581;3055;5627;1;690,00;0,00;
4582;3055;7898;1;340,00;0,00;
4583;3056;4497;1;180,00;0,00;
4584;3057;7821;1;120,00;0,00;
4585;3058;1542;1;200,00;0,00;
4586;3058;5627;1;550,00;0,00;
4587;3058;7821;1;100,00;0,00;
4588;3058;7799;1;150,00;0,00;
4589;3059;1760;1;400,00;0,00;
4590;3059;7872;1;100,00;0,00;
4591;3060;1540;1;60,00;0,00;
4592;3061;7953;1;290,00;0,00;
4593;3061;1562;1;380,00;0,00;
4594;3062;1552;1;190,00;0,00;
4595;3063;1721;1;560,00;0,00;
4596;3063;7821;1;120,00;0,00;
4597;3064;1534;1;130,00;0,00;
4599;3066;7866;1;100,00;0,00;
4600;3065;7955;1;2.865,00;0,00;
4601;3065;7156;1;379,00;0,00;
4602;3065;7953;1;320,00;0,00;
4605;3069;6178;1;490,00;0,00;
4606;3068;7953;1;320,00;0,00;
4607;3070;1534;1;160,00;0,00;
4608;3071;1534;1;140,00;0,00;
4609;3073;1721;1;500,00;0,00;
4610;3075;1760;1;400,00;0,00;
4611;3075;7821;1;120,00;0,00;
4612;3075;7810;1;100,00;0,00;
4613;3076;1534;1;160,00;0,00;
4614;3076;7821;1;140,00;0,00;
4616;3077;7821;1;180,00;0,00;
4617;3077;7956;1;360,00;0,00;
4618;3078;1752;1;260,00;0,00;
4619;3078;7821;1;120,00;0,00;
4620;3079;2403;2;680,00;0,00;
4621;3080;1534;1;140,00;0,00;
4623;3081;7821;1;120,00;0,00;
4624;3081;1752;1;260,00;0,00;
4625;3082;1534;1;160,00;0,00;
4626;3082;7821;1;120,00;0,00;
4627;3083;1554;1;190,00;0,00;
4628;3084;7953;1;320,00;0,00;
4629;3084;7886;1;330,00;0,00;
4633;3085;3520;1;79,00;0,00;
4634;3085;3587;1;79,00;0,00;
4635;3085;7291;1;280,00;0,00;
4637;3086;7870;1;100,00;0,00;
4638;3086;7379;1;570,00;0,00;
4640;3085;7957;1;1.230,00;0,00;
4641;3087;4939;1;460,00;0,00;
4642;3087;7821;1;120,00;0,00;
4643;3088;1534;1;130,00;0,00;
4644;3088;7821;1;120,00;0,00;
4645;3089;1884;1;70,00;0,00;
4646;3090;7953;1;270,00;0,00;
4647;3090;7821;1;100,00;0,00;
4648;3092;1534;1;160,00;0,00;
4649;3093;1534;1;130,00;0,00;
4650;3095;7260;1;250,00;0,00;
4651;3096;6208;1;70,00;0,00;
4652;3097;1542;0,5;130,00;0,00;
4653;3098;7555;1;495,00;0,00;
4654;3098;3316;1;190,00;0,00;
4655;3099;7198;1;340,00;0,00;
4656;3099;1542;1;260,00;0,00;
4657;3101;1534;1;110,00;0,00;
4658;3102;7895;1;300,00;0,00;
4659;3103;1534;1;160,00;0,00;
4660;3103;7821;1;120,00;0,00;
4661;3104;1760;1;450,00;0,00;
4663;3104;7937;1;320,00;0,00;
4664;3105;1534;1;130,00;0,00;
4665;3105;7948;1;300,00;0,00;
4666;3106;1534;1;130,00;0,00;
4667;3107;7821;1;180,00;0,00;
4668;3108;7821;1;100,00;0,00;
4669;3109;5609;1;380,00;0,00;
4670;3110;1321;1;180,00;0,00;
4671;3110;1542;1;260,00;0,00;
4672;3111;1534;1;145,00;0,00;
4673;3111;7821;1;105,00;0,00;
4674;3112;7821;1;100,00;0,00;
4675;3113;7405;1;190,00;0,00;
4676;3113;6247;1;90,00;0,00;
4677;3114;7754;1;190,00;0,00;
4678;3115;1552;1;150,00;0,00;
4679;3115;7821;1;100,00;0,00;
4680;3116;1721;1;490,00;0,00;
4681;3116;7880;1;100,00;0,00;
4682;3117;4939;1;611,00;0,00;
4683;3118;1760;1;300,00;0,00;
4684;3118;7880;1;100,00;0,00;
4685;3119;7821;1;120,00;0,00;
4686;3120;1540;1;60,00;0,00;
4687;3121;1542;1;230,00;0,00;
4688;3121;7821;1;120,00;0,00;
4689;3122;7935;1;350,00;0,00;
4690;3122;1542;1;250,00;0,00;
4691;3123;5627;1;720,00;0,00;
4692;3123;7821;1;120,00;0,00;
4693;3124;7909;1;380,00;0,00;
4694;3125;1534;1;160,00;0,00;
4695;3125;7387;1;100,00;0,00;
4697;3126;1752;1;190,00;0,00;
4698;3127;7821;1;120,00;0,00;
4699;3128;1542;1;235,00;0,00;
4700;3128;6191;1;120,00;0,00;
4701;3130;1542;1;260,00;0,00;
4702;3130;5794;1;120,00;0,00;
4703;3131;2403;1;70,00;0,00;
4704;3132;1562;1;550,00;0,00;
4705;3132;7855;1;340,00;0,00;
4706;3133;1534;1;130,00;0,00;
4707;3133;7869;1;100,00;0,00;
4708;3134;1542;2;520,00;0,00;
4709;3134;7866;1;120,00;0,00;
4711;3135;1554;1;160,00;0,00;
4712;3136;1534;1;120,00;0,00;
4713;3136;7821;1;120,00;0,00;
4714;3138;1554;1;210,00;0,00;
4715;3138;2656;1;120,00;0,00;
4716;3139;5627;1;610,00;0,00;
4717;3139;7821;1;120,00;0,00;
4718;3117;7821;1;180,00;0,00;
4719;3140;1560;1;320,00;0,00;
4720;3141;1554;1;190,00;0,00;
4721;3142;7821;1;180,00;0,00;
4722;3142;1542;1;260,00;0,00;
4723;3143;5940;1;380,00;0,00;
4724;3144;1534;1;160,00;0,00;
4725;3144;7821;1;180,00;0,00;
4726;3145;1534;1;160,00;0,00;
4727;3146;1534;1;150,00;0,00;
4728;3148;1552;1;190,00;0,00;
4729;3149;1542;1;230,00;0,00;
4730;3150;1542;1;260,00;0,00;
4731;3150;7775;1;120,00;0,00;
4732;3151;7639;1;440,00;0,00;
4733;3151;7821;1;120,00;0,00;
4734;3152;7810;1;210,00;0,00;
4735;3153;7966;1;580,00;0,00;
4736;3154;7958;1;570,00;0,00;
4737;3156;7762;1;530,00;0,00;
4738;3157;1534;1;110,00;0,00;
4739;3158;1534;1;160,00;0,00;
4740;3159;1542;1;210,00;0,00;
4741;3160;1752;1;270,00;0,00;
4742;3161;1534;1;120,00;0,00;
4743;3161;6576;1;100,00;0,00;
4744;3162;1534;1;130,00;0,00;
4745;3163;7821;1;120,00;0,00;
4746;3164;7972;1;280,00;0,00;
4747;3165;1534;1;160,00;0,00;
4748;3166;7606;1;260,00;0,00;
4749;3167;1542;1;200,00;0,00;
4750;3168;1760;1;420,00;0,00;
4751;3168;7821;1;120,00;0,00;
4752;3169;1540;1;60,00;0,00;
4753;3170;1542;1;260,00;0,00;
4754;3171;6298;1;120,00;0,00;
4755;3172;6645;1;225,00;0,00;
4756;3173;1721;1;470,00;0,00;
4757;3173;1721;1;470,00;0,00;
4758;3173;7821;1;120,00;0,00;
4759;3173;7821;1;120,00;0,00;
4760;3173;7972;1;240,00;0,00;
4761;3173;7972;1;240,00;0,00;
4762;3174;1533;1;90,00;0,00;
4763;3174;7821;1;180,00;0,00;
4764;3175;1542;1;235,00;0,00;
4765;3175;7821;1;140,00;0,00;
4766;3176;6420;1;350,00;0,00;
4767;3178;7972;1;260,00;0,00;
4768;3179;7972;1;250,00;0,00;
4769;3180;3034;1;80,00;0,00;
4770;3181;6215;1;79,00;0,00;
4771;3182;7871;1;100,00;0,00;
4772;3182;1542;1;260,00;0,00;
4773;3183;7114;1;100,00;0,00;
4774;3184;5627;1;780,00;0,00;
4775;3185;1534;1;160,00;0,00;
4776;3185;7929;1;380,00;0,00;
4777;3186;1542;1;210,00;0,00;
4778;3187;1534;1;140,00;0,00;
4779;3188;6901;1;440,00;0,00;
4780;3189;1526;1;120,00;0,00;
4781;3190;1534;1;160,00;0,00;
4782;3190;7821;1;120,00;0,00;
4783;3191;1540;1;30,00;0,00;
4784;3192;1534;1;130,00;0,00;
4785;3192;7234;1;210,00;0,00;
4786;3193;1552;1;170,00;0,00;
4787;3194;7810;1;120,00;0,00;
4788;3195;1534;1;160,00;0,00;
4789;3195;7821;1;180,00;0,00;
4790;3196;1534;1;145,00;0,00;
4791;3196;6703;1;485,00;0,00;
4792;3197;7821;1;120,00;0,00;
4793;3198;7836;1;320,00;0,00;
4794;3198;1534;1;0,00;0,00;
4795;3199;5535;1;380,00;0,00;
4796;3200;3447;1;70,00;0,00;
4797;3201;7897;1;300,00;0,00;
4798;3202;1534;1;145,00;0,00;
4799;3202;7942;1;345,00;0,00;
4800;3203;1542;1;260,00;0,00;
4801;3203;7869;1;120,00;0,00;
4802;3204;1542;1;260,00;0,00;
4803;3204;7821;1;180,00;0,00;
4804;3205;1534;1;145,00;0,00;
4805;3205;1542;1;235,00;0,00;
4806;3205;7821;1;120,00;0,00;
4807;3205;7776;1;120,00;0,00;
4808;3206;1534;1;120,00;0,00;
4809;3206;7821;1;100,00;0,00;
4810;3207;1534;1;120,00;0,00;
4811;3207;7821;1;100,00;0,00;
4812;3208;1542;1;260,00;0,00;
4813;3152;1534;1;160,00;0,00;
4814;3209;1542;1;230,00;0,00;
4815;3209;7821;1;120,00;0,00;
4816;3210;7953;2;520,00;0,00;
4817;3210;7821;1;100,00;0,00;
4818;3211;1542;1;230,00;0,00;
4819;3212;1760;1;450,00;0,00;
4820;3212;7821;1;120,00;0,00;
4821;3213;7893;1;380,00;0,00;
4822;3214;2411;1;480,00;0,00;
4823;3215;1405;1;50,00;0,00;
4824;3216;1542;1;260,00;0,00;
4825;3216;7853;1;320,00;0,00;
4826;3217;1534;1;100,00;0,00;
4827;3218;7821;1;140,00;0,00;
4828;3217;7821;1;100,00;0,00;
4829;3219;5759;1;100,00;0,00;
4830;3220;7972;1;220,00;0,00;
4831;3221;1534;1;100,00;0,00;
4832;3222;7969;1;570,00;0,00;
4833;3221;5538;1;100,00;0,00;
4834;3223;1405;1;280,00;0,00;
4835;3224;7769;1;490,00;0,00;
4836;3225;1534;1;145,00;0,00;
4837;3226;1760;1;400,00;0,00;
4839;3227;7821;1;140,00;0,00;
4840;3227;1752;1;260,00;0,00;
4841;3229;1534;1;160,00;0,00;
4842;3229;3736;1;120,00;0,00;
4844;3232;1542;1;230,00;0,00;
4845;3233;1542;1;260,00;0,00;
4846;3233;7821;1;100,00;0,00;
4847;3234;6065;1;180,00;0,00;
4848;3235;1542;1;100,00;0,00;
4849;3237;1554;1;190,00;0,00;
4850;3237;7624;1;120,00;0,00;
4852;3238;7972;1;240,00;0,00;
4854;3238;1752;1;240,00;0,00;
4855;3239;1542;1;240,00;0,00;
4856;3240;1721;1;590,00;0,00;
4857;3241;1542;1;100,00;0,00;
4858;3241;7972;1;100,00;0,00;
4859;3242;7972;1;120,00;0,00;
4860;3243;1542;1;200,00;0,00;
4861;3247;1534;1;160,00;0,00;
4862;3247;7986;1;480,00;0,00;
4863;3248;1721;1;500,00;0,00;
4864;3249;1534;1;160,00;0,00;
4865;3235;7821;1;100,00;0,00;
4866;3249;1349;1;100,00;0,00;
4867;3250;1542;1;240,00;0,00;
4868;3250;7944;1;340,00;0,00;
4869;3251;1562;1;420,00;0,00;
4870;3251;7854;1;320,00;0,00;
4871;3252;1534;1;160,00;0,00;
4872;3252;7821;1;140,00;0,00;
4873;3253;7490;1;220,00;0,00;
4874;3253;1534;1;160,00;0,00;
4875;3254;1534;1;160,00;0,00;
4876;3254;7533;1;220,00;0,00;
4878;3255;7987;1;450,00;0,00;
4879;3256;7044;1;240,00;0,00;
4880;3257;7972;1;220,00;0,00;
4881;3258;7972;1;190,00;0,00;
4883;3259;7939;1;340,00;0,00;
4884;3259;1752;1;260,00;0,00;
4885;3259;1534;1;140,00;0,00;
4886;3259;7821;1;120,00;0,00;
4887;3218;1542;1;260,00;0,00;
4888;3218;1534;1;140,00;0,00;
4889;3218;7821;1;140,00;0,00;
4890;3260;3991;1;100,00;0,00;
4891;3261;6181;1;180,00;0,00;
4892;3261;1542;1;260,00;0,00;
4893;3262;1534;1;160,00;0,00;
4894;3262;7821;1;120,00;0,00;
4895;3263;1534;2;250,00;0,00;
4896;3263;7872;1;100,00;0,00;
4897;3263;7821;1;100,00;0,00;
4898;3264;1542;1;200,00;0,00;
4899;3265;1534;1;145,00;0,00;
4900;3266;7987;1;450,00;0,00;
4901;3269;1542;1;260,00;0,00;
4902;3269;4203;1;100,00;0,00;
4903;3270;1321;1;80,00;0,00;
4904;3271;1534;1;160,00;0,00;
4905;3271;7887;1;380,00;0,00;
4906;3272;1534;1;160,00;0,00;
4907;3273;1760;1;560,00;0,00;
4908;3274;7610;1;150,00;0,00;
4909;3275;2403;2;640,00;0,00;
4910;3276;6178;1;490,00;0,00;
4911;3277;7821;1;100,00;0,00;
4912;3278;7823;1;690,00;0,00;
4914;3278;7988;1;780,00;0,00;
4915;3279;7872;1;100,00;0,00;
4916;3279;1534;1;140,00;0,00;
4917;3280;1534;1;160,00;0,00;
4918;3280;7821;1;180,00;0,00;
4919;3281;7953;1;340,00;0,00;
4920;3281;7046;1;220,00;0,00;
4921;3272;2287;1;25,00;0,00;
4923;3284;7972;1;240,00;0,00;
4924;3283;1534;1;145,00;0,00;
4925;3285;7344;1;240,00;0,00;
4926;3286;7972;1;240,00;0,00;
4927;3287;7972;1;190,00;0,00;
4928;0;1279;1;715,00;0,00;
4933;3289;7821;1;158,00;0,00;
4934;3289;7993;1;2.842,00;0,00;
4935;3290;1534;1;100,00;0,00;
4936;3290;6145;1;100,00;0,00;
4937;3291;7970;1;520,00;0,00;
4938;3292;1540;1;50,00;0,00;
4939;3293;7961;1;620,00;0,00;
4940;3294;7769;1;536,00;0,00;
4941;3295;1534;1;160,00;0,00;
4942;3295;1405;1;390,00;0,00;
4943;3296;3514;1;80,00;0,00;
4944;3297;1552;1;190,00;0,00;
4945;3297;4622;1;150,00;0,00;
4946;3298;7861;1;204,00;0,00;
4947;3298;1534;1;90,00;0,00;
4948;3300;7972;1;220,00;0,00;
4950;3301;7821;1;0,00;0,00;
4951;3301;7379;1;590,00;0,00;
4952;3302;1554;1;150,00;0,00;
4953;3304;930;1;580,00;0,00;
4954;3305;1542;1;220,00;0,00;
4955;3305;7134;1;300,00;0,00;
4956;3307;3419;1;350,00;0,00;
4957;3308;1721;1;275,00;0,00;
4958;3309;1349;1;90,00;0,00;
4959;3310;1349;1;100,00;0,00;
4961;3311;8013;1;432,00;0,00;
4962;3311;1534;1;144,00;0,00;
4963;3312;5627;1;700,00;0,00;
4967;3315;4939;1;280,00;0,00;
4970;3313;8016;1;1.200,00;0,00;
4971;3316;1534;1;160,00;0,00;
4972;3316;7815;1;220,00;0,00;
4973;3317;1552;1;190,00;0,00;
4974;3317;3157;1;100,00;0,00;
4975;3318;3500;1;140,00;0,00;
4976;3319;4253;1;530,00;0,00;
4977;3320;1542;1;240,00;0,00;
4978;3320;7821;1;120,00;0,00;
4979;3321;7990;1;480,00;0,00;
4980;3322;1955;1;540,00;0,00;
4981;3323;7987;1;480,00;0,00;
4982;3323;7825;1;380,00;0,00;
4983;3324;7977;1;440,00;0,00;
4984;3324;7822;1;160,00;0,00;
4985;3325;1534;1;160,00;0,00;
4986;3325;6018;1;480,00;0,00;
4987;3326;7834;1;310,00;0,00;
4989;3327;8017;1;530,00;0,00;
4990;3328;1533;1;90,00;0,00;
4991;3329;7821;1;120,00;0,00;
4992;3330;1760;1;490,00;0,00;
4993;3331;7987;1;220,00;0,00;
4994;3331;6601;1;260,00;0,00;
4995;3332;7810;1;90,00;0,00;
4996;3333;1554;1;165,00;0,00;
4998;3335;7821;1;120,00;0,00;
5000;3336;6347;1;240,00;0,00;
5001;3337;1534;1;160,00;0,00;
5002;3337;7901;1;380,00;0,00;
5003;3338;7972;1;240,00;0,00;
5004;3339;5627;1;820,00;0,00;
5005;3339;5072;1;120,00;0,00;
5006;3340;7821;1;160,00;0,00;
5007;3335;1542;1;260,00;0,00;
5009;3341;7943;1;380,00;0,00;
5010;3341;4939;1;550,00;0,00;
5011;3342;5135;1;110,00;0,00;
5012;3343;2287;1;80,00;0,00;
5013;3344;7810;1;160,00;0,00;
5014;3345;1542;1;260,00;0,00;
5015;3345;7772;1;120,00;0,00;
5017;3346;7080;1;180,00;0,00;
5018;3346;7271;1;280,00;0,00;
5019;3347;5627;1;790,00;0,00;
5020;3348;7777;1;220,00;0,00;
5021;3348;1534;1;160,00;0,00;
5022;3349;1760;1;540,00;0,00;
5023;3313;7983;1;480,00;0,00;
5024;3350;7972;1;240,00;0,00;
5025;3350;7810;1;160,00;0,00;
5026;3352;5521;1;360,00;0,00;
5027;3328;6910;1;330,00;0,00;
5028;3353;1542;1;245,00;0,00;
5030;3354;7821;1;110,00;0,00;
5031;3354;1533;1;90,00;0,00;
5032;3355;7972;1;190,00;0,00;
5033;3356;1534;1;150,00;0,00;
5034;3356;6292;1;100,00;0,00;
5035;3357;7821;1;100,00;0,00;
5036;3357;1534;1;160,00;0,00;
5037;3358;1534;1;145,00;0,00;
5038;3360;7972;2;480,00;0,00;
5039;3315;1533;1;40,00;0,00;
5040;3361;7972;1;220,00;0,00;
5041;3362;1534;1;160,00;0,00;
5042;3362;7926;1;380,00;0,00;
5043;3363;7821;1;100,00;0,00;
5044;3364;7832;1;390,00;0,00;
5045;3365;7851;1;340,00;0,00;
5046;3366;1533;1;90,00;0,00;
5048;3367;7950;1;380,00;0,00;
5049;3368;1534;1;130,00;0,00;
5050;3368;7934;1;350,00;0,00;
5051;3369;7972;1;200,00;0,00;
5054;3370;1542;1;260,00;0,00;
5055;3370;7874;1;100,00;0,00;
5056;3371;4514;1;235,00;0,00;
5057;3371;7821;1;165,00;0,00;
5058;3371;3514;1;79,00;0,00;
5059;3372;7977;1;480,00;0,00;
5060;3373;1534;1;100,00;0,00;
5061;3373;3736;1;100,00;0,00;
5062;3374;5627;1;820,00;0,00;
5063;3374;4198;1;180,00;0,00;
5064;3375;1721;1;620,00;0,00;
5065;3375;7821;1;180,00;0,00;
5066;3376;7834;1;340,00;0,00;
5067;3376;1534;1;160,00;0,00;
5068;3378;1534;1;145,00;0,00;
5069;3378;7821;1;120,00;0,00;
5070;3379;3397;1;160,00;0,00;
5071;3380;1534;1;100,00;0,00;
5072;3380;5930;1;100,00;0,00;
5073;3381;5930;1;240,00;0,00;
5074;3382;1534;1;130,00;0,00;
5075;3382;4198;1;120,00;0,00;
5076;3383;1542;0,5;130,00;0,00;
5077;3383;7611;1;220,00;0,00;
5078;3383;1533;0,5;45,00;0,00;
5079;3384;1542;0,5;100,00;0,00;
5080;3384;7821;1;100,00;0,00;
5081;3384;1533;0,5;0,00;0,00;
5082;3385;7821;1;100,00;0,00;
5083;3386;7972;1;215,00;0,00;
5084;3387;7877;1;100,00;0,00;
5085;3387;1552;1;190,00;0,00;
5086;3388;1534;1;100,00;0,00;
5087;3388;2693;1;100,00;0,00;
5088;3389;1534;1;100,00;0,00;
5089;3389;8082;1;100,00;0,00;
5092;3392;7972;1;200,00;0,00;
5093;3393;8082;1;240,00;0,00;
5094;3394;7821;1;100,00;0,00;
5095;3394;1534;1;100,00;0,00;
5096;3395;1534;1;100,00;0,00;
5097;3395;7821;1;100,00;0,00;
5098;3396;4205;1;100,00;0,00;
5099;3397;1542;1;260,00;0,00;
5100;3398;1542;1;245,00;0,00;
5101;3400;7426;1;400,00;0,00;
5102;3401;7972;1;220,00;0,00;
5103;3402;1552;1;190,00;0,00;
5104;3402;4615;1;160,00;0,00;
5105;3403;1760;1;540,00;0,00;
5106;3404;1534;1;140,00;0,00;
5107;3405;1534;1;100,00;0,00;
5108;3405;7086;1;100,00;0,00;
5109;3406;7972;1;220,00;0,00;
5110;3406;7972;1;236,00;0,00;
5111;3408;1760;1;540,00;0,00;
5112;3408;7821;1;100,00;0,00;
5113;3408;3315;1;190,00;0,00;
5115;3409;4514;1;234,00;0,00;
5116;3411;1542;1;260,00;0,00;
5117;3411;7821;1;200,00;0,00;
5118;3412;7628;1;120,00;0,00;
5119;3413;6179;1;500,00;0,00;
5120;3414;7972;1;220,00;0,00;
5121;3414;1533;1;90,00;0,00;
5122;3414;7972;1;190,00;0,00;
5123;3415;4149;1;80,00;0,00;
5124;3416;7972;1;200,00;0,00;
5125;3417;2527;1;100,00;0,00;
5126;3418;7735;3;680,00;0,00;
5127;3419;1534;1;136,00;0,00;
5128;3419;3515;1;414,00;0,00;
5129;3420;7223;1;250,00;0,00;
5130;3421;1542;1;240,00;0,00;
5131;3422;2287;1;80,00;0,00;
5132;3423;1760;1;490,00;0,00;
5133;3423;7821;1;0,00;0,00;
5134;3424;8101;1;550,00;0,00;
5135;3425;7369;1;468,00;0,00;
5136;3426;1534;1;160,00;0,00;
5137;3427;7976;1;416,00;0,00;
5138;3428;3114;1;300,00;0,00;
5139;3428;7987;1;450,00;0,00;
5141;3430;1976;1;79,00;0,00;
5142;3431;7429;1;425,00;0,00;
5143;3432;7578;0,5;160,00;0,00;
5146;3432;8102;0,5;220,00;0,00;
5147;3432;7821;1;180,00;0,00;
5148;3433;2287;1;100,00;0,00;
5149;3434;3447;3;237,00;0,00;
5150;3435;1534;1;80,00;0,00;
5151;3436;1542;1;260,00;0,00;
5152;3436;7821;1;100,00;0,00;
5153;3437;1752;1;290,00;0,00;
5154;3438;7959;1;590,00;0,00;
5155;3439;1534;1;160,00;0,00;
5156;3439;7925;1;380,00;0,00;
5157;3440;1349;1;100,00;0,00;
5158;3441;7859;1;300,00;0,00;
5159;3441;1534;1;160,00;0,00;
5160;3442;1349;1;100,00;0,00;
5161;3443;3447;1;79,00;0,00;
5162;3444;7578;1;290,00;0,00;
5163;3445;1542;1;260,00;0,00;
5164;3446;7373;1;650,00;0,00;
5165;3447;1542;1;200,00;0,00;
5166;3447;7821;1;100,00;0,00;
5167;3448;1534;1;160,00;0,00;
5168;3448;8078;1;340,00;0,00;
5169;3450;1534;1;160,00;0,00;
5171;3450;8079;1;340,00;0,00;
5172;3451;7821;1;220,00;0,00;
5173;3452;7972;2;380,00;0,00;
5174;3453;5504;1;550,00;0,00;
5175;3454;1721;1;690,00;0,00;
5176;3454;7900;1;380,00;0,00;
5177;3455;1534;1;120,00;0,00;
5178;3455;3075;1;100,00;0,00;
5182;3457;3448;1;150,00;0,00;
5183;3458;4991;1;80,00;0,00;
5184;3459;1554;1;190,00;0,00;
5185;3461;7972;2;480,00;0,00;
5186;3462;1542;1;260,00;0,00;
5187;3462;7821;1;180,00;0,00;
5189;3463;7821;1;100,00;0,00;
5190;3463;1562;1;485,00;0,00;
5191;3464;3706;1;540,00;0,00;
5192;3464;7821;1;120,00;0,00;
5193;3465;1542;1;260,00;0,00;
5194;3465;7821;1;100,00;0,00;
5195;3466;7849;1;340,00;0,00;
5197;3466;8109;1;1.860,00;0,00;
5198;3467;8112;1;100,00;0,00;
5199;3468;8112;1;100,00;0,00;
5201;3469;8113;1;200,00;0,00;
5203;3470;7856;1;300,00;0,00;
5204;3470;8115;1;1.700,00;0,00;
5205;3472;7972;1;240,00;0,00;
5206;3473;7987;1;390,00;0,00;
5207;3473;6813;1;460,00;0,00;
5208;3474;1533;1;90,00;0,00;
5209;3475;7972;1;280,00;0,00;
5210;3369;8104;1;380,00;0,00;
5211;3476;1542;1;240,00;0,00;
5212;3477;1534;0,5;50,00;0,00;
5215;3478;7257;1;240,00;0,00;
5216;3479;7810;2;400,00;0,00;
5217;3480;1542;1;230,00;0,00;
5218;3480;7982;1;440,00;0,00;
5219;3480;7183;1;330,00;0,00;
5220;3481;1533;1;80,00;0,00;
5221;3482;1534;1;160,00;0,00;
5222;3482;7871;1;100,00;0,00;
5223;3483;1554;1;170,00;0,00;
5224;3483;7871;1;100,00;0,00;
5225;3484;1752;1;290,00;0,00;
5226;3485;1542;1;230,00;0,00;
5227;3485;7322;1;220,00;0,00;
5228;3486;7531;1;120,00;0,00;
5229;3487;1721;1;480,00;0,00;
5230;3488;2403;2;780,00;0,00;
5231;3489;7972;1;350,00;0,00;
5232;3489;1542;1;260,00;0,00;
5233;3490;5627;1;800,00;0,00;
5234;3490;3124;1;194,00;0,00;
5235;3491;7973;1;620,00;0,00;
5236;3491;7678;1;240,00;0,00;
5237;3493;1534;1;160,00;0,00;
5238;3493;7972;1;350,00;0,00;
5239;3494;1542;0,5;115,00;0,00;
5240;3495;1542;1;230,00;0,00;
5241;3495;7821;1;120,00;0,00;
5242;3496;7639;1;1.050,00;0,00;
5243;3496;7857;1;300,00;0,00;
5244;3498;1542;1;260,00;0,00;
5245;3498;7925;1;380,00;0,00;
5246;3499;1533;1;90,00;0,00;
5247;3500;1529;1;100,00;0,00;
5248;3501;7972;1;260,00;0,00;
5249;3502;7972;1;240,00;0,00;
5250;3503;1542;1;240,00;0,00;
5251;3503;8071;1;310,00;0,00;
5252;3504;1542;1;260,00;0,00;
5253;3504;7972;1;280,00;0,00;
5254;3505;1542;1;240,00;0,00;
5256;3506;1533;1;80,00;0,00;
5257;3506;6145;1;70,00;0,00;
5258;3508;7810;1;100,00;0,00;
5259;3505;7972;1;240,00;0,00;
5261;3509;1534;1;90,00;0,00;
5263;3509;7810;1;90,00;0,00;
5264;3510;4514;1;260,00;0,00;
5266;3510;7977;1;480,00;0,00;
5267;3511;7821;1;100,00;0,00;
5268;3511;1533;1;90,00;0,00;
5269;3512;1542;1;235,00;0,00;
5270;3512;7925;1;340,00;0,00;
5271;3514;1721;1;522,00;0,00;
5272;3515;7972;1;280,00;0,00;
5273;3516;1534;1;130,00;0,00;
5274;3516;7856;1;300,00;0,00;
5275;3517;0;1;100,00;0,00;
5276;3517;1534;1;160,00;0,00;
5277;3517;1349;1;100,00;0,00;
5278;3517;5768;1;100,00;0,00;
5279;3518;1721;1;580,00;0,00;
5280;3519;7987;1;420,00;0,00;
5281;3519;7972;1;220,00;0,00;
5282;3520;1411;1;250,00;0,00;
5283;3521;1542;1;260,00;0,00;
5284;3521;7941;1;380,00;0,00;
5285;3523;1526;1;120,00;0,00;
5286;3524;7821;1;100,00;0,00;
5287;3527;1534;1;160,00;0,00;
5288;3528;3447;1;79,00;0,00;
5289;3529;7821;1;120,00;0,00;
5290;3530;1542;1;220,00;0,00;
5291;3530;7814;1;120,00;0,00;
5292;3531;1534;1;90,00;0,00;
5293;3532;1534;1;145,00;0,00;
5294;3533;1562;1;540,00;0,00;
5295;3533;1349;1;120,00;0,00;
5296;3534;4998;1;380,00;0,00;
5298;3535;7821;1;-90,00;0,00;
5299;3536;1760;1;540,00;0,00;
5300;3536;8018;1;380,00;0,00;
5301;3537;7821;1;100,00;0,00;
5302;3538;1562;1;430,00;0,00;
5303;3538;2953;1;100,00;0,00;
5304;3539;1533;1;80,00;0,00;
5305;3539;3520;1;79,00;0,00;
5306;3540;1542;1;230,00;0,00;
5307;3540;7821;1;100,00;0,00;
5308;3541;7937;1;340,00;0,00;
5309;3542;1542;1;260,00;0,00;
5310;3542;5936;1;490,00;0,00;
5311;3543;6600;1;380,00;0,00;
5312;3544;1542;1;376,00;0,00;
5313;3544;5980;1;380,00;0,00;
5314;3545;7821;1;80,00;0,00;
5315;3546;1542;1;260,00;0,00;
5316;3547;1534;1;160,00;0,00;
5317;3547;7556;1;540,00;0,00;
5319;3548;8112;1;100,00;0,00;
5320;3549;1552;1;70,00;0,00;
5321;3548;1554;1;100,00;0,00;
5322;3550;7972;1;280,00;0,00;
5323;3551;1562;1;485,00;0,00;
5324;3552;1534;1;120,00;0,00;
5325;3552;7821;1;80,00;0,00;
5326;3553;1542;1;260,00;0,00;
5327;3535;7557;1;530,00;0,00;
5328;3554;1542;1;260,00;0,00;
5329;3554;1349;1;100,00;0,00;
5330;3555;7972;1;280,00;0,00;
5333;3556;8116;1;1.680,00;0,00;
5334;3556;7996;1;480,00;0,00;
5335;3557;1534;1;140,00;0,00;
5336;3557;7821;1;120,00;0,00;
5337;3557;1534;1;140,00;0,00;
5338;3557;7821;1;120,00;0,00;
5339;3557;1534;1;140,00;0,00;
5340;3557;7821;1;120,00;0,00;
5341;3558;7525;1;120,00;0,00;
5342;3559;1542;1;290,00;0,00;
5343;3559;7821;1;140,00;0,00;
5345;3560;7894;1;380,00;0,00;
5346;3560;1752;1;260,00;0,00;
5347;3561;1542;1;260,00;0,00;
5348;3562;4205;1;100,00;0,00;
5349;3563;7972;1;100,00;0,00;
5350;3564;7804;1;550,00;0,00;
5351;3565;1542;1;230,00;0,00;
5352;3566;1542;1;250,00;0,00;
5353;3567;6292;1;50,00;0,00;
5354;3568;1534;1;160,00;0,00;
5355;3568;7821;1;120,00;0,00;
5356;3569;7271;1;240,00;0,00;
5357;3288;1534;0,5;100,00;0,00;
5358;3288;7821;1;100,00;0,00;
5359;3570;1542;1;260,00;0,00;
5360;3570;1540;1;60,00;0,00;
5361;3570;8038;1;380,00;0,00;
5362;3570;1534;1;160,00;0,00;
5363;3570;7821;1;180,00;0,00;
5364;3571;1552;1;150,00;0,00;
5366;3572;4514;1;260,00;0,00;
5367;3573;1534;1;140,00;0,00;
5368;3573;4161;1;50,00;0,00;
5369;3574;1321;1;50,00;0,00;
5370;3575;1542;1;260,00;0,00;
5371;3575;8112;1;100,00;0,00;
5372;3576;1533;1;80,00;0,00;
5373;3577;1542;1;260,00;0,00;
5374;3577;4221;1;350,00;0,00;
5375;3578;1542;1;260,00;0,00;
5376;3578;7821;1;100,00;0,00;
5377;3579;1554;1;180,00;0,00;
5378;3579;5832;1;100,00;0,00;
5379;3580;7960;1;610,00;0,00;
5380;3581;5378;1;98,00;0,00;
5381;3582;1370;1;100,00;0,00;
5382;3582;1542;1;260,00;0,00;
5383;3583;7769;1;450,00;0,00;
5384;3583;7903;1;320,00;0,00;
5385;3585;1534;1;130,00;0,00;
5386;3585;8080;1;300,00;0,00;
5387;3586;1552;1;190,00;0,00;
5388;3587;1534;1;160,00;0,00;
5389;3588;1534;1;160,00;0,00;
5390;3588;7821;1;120,00;0,00;
5391;3589;1534;1;220,00;0,00;
5392;3589;7821;1;180,00;0,00;
5393;3590;1534;1;130,00;0,00;
5394;3591;1542;1;260,00;0,00;
5395;3591;1349;1;100,00;0,00;
5396;3592;7946;1;1.100,00;0,00;
5397;3593;1534;1;160,00;0,00;
5398;3594;1534;1;160,00;0,00;
5399;3594;8096;1;380,00;0,00;
5400;3597;1533;1;100,00;0,00;
5401;3597;1370;1;90,00;0,00;
5402;3598;1542;1;260,00;0,00;
5403;3599;7821;1;100,00;0,00;
5404;3600;1534;1;160,00;0,00;
5405;3601;1534;1;145,00;0,00;
5406;3602;7769;1;540,00;0,00;
5407;3603;1534;1;130,00;0,00;
5408;3603;7821;1;100,00;0,00;
5409;3603;4514;1;230,00;0,00;
5410;3603;7821;1;100,00;0,00;
5412;3604;8048;1;320,00;0,00;
5414;3606;1542;1;260,00;0,00;
5415;3606;7821;1;100,00;0,00;
5416;3607;1542;1;260,00;0,00;
5417;3607;2653;1;180,00;0,00;
5418;3608;1534;1;140,00;0,00;
5419;3608;8049;1;310,00;0,00;
5420;3609;4514;1;260,00;0,00;
5422;3610;7995;1;425,00;0,00;
5423;3610;4514;1;235,00;0,00;
5424;3611;1554;1;190,00;0,00;
5425;3612;7972;1;240,00;0,00;
5426;3613;7344;1;150,00;0,00;
5427;3614;7916;1;370,00;0,00;
5428;3615;1533;0,5;40,00;0,00;
5429;3616;1542;1;260,00;0,00;
5430;3617;7953;1;260,00;0,00;
5432;3618;1542;1;0,00;0,00;
5433;3618;6140;1;0,00;0,00;
5434;3619;1554;1;160,00;0,00;
5436;3617;8117;1;430,00;0,00;
5437;3620;1554;1;190,00;0,00;
5438;3621;6820;1;100,00;0,00;
5439;3622;1542;1;260,00;0,00;
5440;3622;7890;1;380,00;0,00;
5441;3623;6820;1;120,00;0,00;
5442;3624;7987;0,5;240,00;0,00;
5443;3625;8049;1;380,00;0,00;
5444;3629;1534;1;130,00;0,00;
5445;3630;2131;1;80,00;0,00;
5447;3631;7821;1;190,00;0,00;
5448;3631;1552;1;190,00;0,00;
5449;3632;1533;1;80,00;0,00;
5450;3633;7972;1;240,00;0,00;
5451;3634;1534;1;160,00;0,00;
5452;3635;1534;1;160,00;0,00;
5453;3635;7821;1;150,00;0,00;
5454;3636;1534;1;160,00;0,00;
5455;3636;7821;1;150,00;0,00;
5456;3637;7821;1;140,00;0,00;
5457;3638;5378;1;100,00;0,00;
5458;3639;1752;1;235,00;0,00;
5459;3640;1533;1;90,00;0,00;
5460;3640;5531;1;360,00;0,00;
5461;3641;7980;1;480,00;0,00;
5462;3641;1542;1;260,00;0,00;
5463;3642;1534;1;145,00;0,00;
5464;3643;1542;1;290,00;0,00;
5465;3645;8118;1;730,00;0,00;
5466;3647;7972;1;190,00;0,00;
5467;3648;1534;1;145,00;0,00;
5468;3649;1534;1;145,00;0,00;
5469;3650;7972;1;240,00;0,00;
5470;3650;8107;1;350,00;0,00;
5471;3651;3514;1;79,00;0,00;
5472;3652;1534;1;160,00;0,00;
5473;3652;7821;1;190,00;0,00;
5474;3653;1533;1;90,00;0,00;
5475;3654;1542;1;470,00;0,00;
5476;3655;7821;1;170,00;0,00;
5477;3656;1534;1;120,00;0,00;
5478;3656;7821;1;160,00;0,00;
5479;3657;1542;0,5;130,00;0,00;
5480;3657;1533;0,5;45,00;0,00;
5481;3657;8037;1;380,00;0,00;
5482;3658;2403;2;680,00;0,00;
5485;3659;1534;1;220,00;0,00;
5486;3660;7769;1;540,00;0,00;
5487;3660;7952;1;380,00;0,00;
5488;3661;1534;1;160,00;0,00;
5489;3661;7821;1;140,00;0,00;
5490;3662;1534;1;160,00;0,00;
5491;3662;7821;1;190,00;0,00;
5492;3659;7821;1;120,00;0,00;
5493;3663;1542;1;260,00;0,00;
5494;3664;7840;1;290,00;0,00;
5495;3665;7884;1;340,00;0,00;
5496;3664;1542;1;240,00;0,00;
5498;3666;7421;1;328,00;0,00;
5500;3666;8141;1;1.022,00;0,00;
5501;3667;1534;1;145,00;0,00;
5502;3667;7921;1;345,00;0,00;
5503;3668;1534;1;160,00;0,00;
5504;3668;7821;1;140,00;0,00;
5505;3669;1542;0,5;130,00;0,00;
5506;3670;6522;1;490,00;0,00;
5507;3670;1534;1;160,00;0,00;
5508;3671;2403;1;240,00;0,00;
5509;3672;1534;1;160,00;0,00;
5510;3673;3316;1;280,00;0,00;
5511;3674;1534;1;150,00;0,00;
5512;3675;1534;1;160,00;0,00;
5513;3675;8119;1;470,00;0,00;
5514;3676;1542;1;260,00;0,00;
5515;3677;1534;1;145,00;0,00;
5516;3677;7821;1;100,00;0,00;
5517;3678;3447;1;79,00;0,00;
5518;3679;1554;1;190,00;0,00;
5519;3679;6828;1;170,00;0,00;
5520;3680;1542;1;200,00;0,00;
5521;3680;7821;1;100,00;0,00;
5522;3681;8102;1;498,00;0,00;
5523;3681;7821;1;100,00;0,00;
5524;3682;1526;1;100,00;0,00;
5525;3683;1534;1;140,00;0,00;
5526;3683;1534;1;140,00;0,00;
5527;3684;1534;1;140,00;0,00;
5528;3685;3512;1;120,00;0,00;
5529;3686;1542;1;230,00;0,00;
5530;3687;1542;1;260,00;0,00;
5531;3687;7934;1;380,00;0,00;
5532;3688;1562;1;530,00;0,00;
5533;3688;7821;1;190,00;0,00;
5535;3689;6602;1;320,00;0,00;
5536;3689;4514;1;260,00;0,00;
5537;3690;1542;1;260,00;0,00;
5538;3691;7821;1;220,00;0,00;
5539;3692;1542;1;260,00;0,00;
5540;3692;7821;1;220,00;0,00;
5541;3693;1542;1;260,00;0,00;
5542;3693;4953;1;480,00;0,00;
5543;3694;1534;1;160,00;0,00;
5544;3694;7821;1;220,00;0,00;
5545;3695;1542;1;260,00;0,00;
5546;3695;7821;1;100,00;0,00;
5547;3696;1542;0,5;130,00;0,00;
5548;3697;1533;1;80,00;0,00;
5549;3697;1542;1;220,00;0,00;
5550;3698;7821;1;150,00;0,00;
5551;3700;1534;1;160,00;0,00;
5552;3701;1542;1;220,00;0,00;
5553;3701;7821;1;160,00;0,00;
5554;3702;1542;1;260,00;0,00;
5555;3702;8047;1;380,00;0,00;
5556;3703;3514;1;80,00;0,00;
5557;3704;1554;1;190,00;0,00;
5558;3705;7821;1;200,00;0,00;
5559;3705;1542;1;260,00;0,00;
5560;3706;1542;0,5;140,00;0,00;
5561;3707;1534;2;320,00;0,00;
5562;3707;7821;1;220,00;0,00;
5563;3707;2287;1;5,00;0,00;
5564;3708;7972;1;210,00;0,00;
5565;3709;1533;0,5;50,00;0,00;
5566;3710;2287;1;40,00;0,00;
5567;3712;1534;1;160,00;0,00;
5568;3712;7821;1;220,00;0,00;
5569;3713;1779;1;440,00;0,00;
5570;3713;1534;1;160,00;0,00;
5571;3714;5504;1;580,00;0,00;
5572;3715;7875;1;90,00;0,00;
5573;3716;7821;1;220,00;0,00;
5574;3716;1534;1;160,00;0,00;
5575;3718;7972;1;250,00;0,00;
5576;3719;7920;1;280,00;0,00;
5577;3720;3706;1;490,00;0,00;
5578;3721;7972;1;340,00;0,00;
5579;3721;1542;1;240,00;0,00;
5580;3722;1554;1;190,00;0,00;
5581;3723;1542;1;180,00;0,00;
5582;3724;1542;1;260,00;0,00;
5583;3724;7821;1;140,00;0,00;
5584;3725;1534;1;110,00;0,00;
5585;3725;7821;1;190,00;0,00;
5586;3726;7972;1;280,00;0,00;
5587;3727;1542;1;250,00;0,00;
5588;3727;7821;1;140,00;0,00;
5589;3728;1533;1;110,00;0,00;
5590;3729;7957;1;988,00;0,00;
5591;3730;1534;1;160,00;0,00;
5592;3731;1534;1;145,00;0,00;
5593;3732;1542;1;250,00;0,00;
5594;3732;7821;1;120,00;0,00;
5595;3733;1534;1;160,00;0,00;
5596;3733;7821;1;120,00;0,00;
5597;3734;1534;1;130,00;0,00;
5598;3734;7837;1;300,00;0,00;
5599;3735;7821;1;140,00;0,00;
5600;3736;1534;1;140,00;0,00;
5601;3736;6665;1;330,00;0,00;
5602;3737;1534;1;160,00;0,00;
5603;3737;7972;1;230,00;0,00;
5604;3738;1534;1;160,00;0,00;
5605;3738;1349;1;100,00;0,00;
5606;3739;1534;1;160,00;0,00;
5607;3739;7821;1;120,00;0,00;
5608;3740;1534;1;150,00;0,00;
5609;3740;7821;1;140,00;0,00;
5610;3741;1542;1;260,00;0,00;
5611;3743;1534;1;160,00;0,00;
5612;3743;7821;1;190,00;0,00;
5613;3744;1554;1;190,00;0,00;
5617;3745;7508;1;380,00;0,00;
5618;3746;1542;1;230,00;0,00;
5619;3746;7821;1;120,00;0,00;
5620;3746;1554;1;170,00;0,00;
5621;3746;7972;1;250,00;0,00;
5622;3747;8156;1;590,00;0,00;
5623;3747;3316;1;-280,00;0,00;
5624;3748;1542;1;220,00;0,00;
5625;3749;7483;1;220,00;0,00;
5626;3749;1534;1;160,00;0,00;
5627;3750;7956;1;350,00;0,00;
5628;3750;6628;1;350,00;0,00;
5629;3751;1529;1;100,00;0,00;
5630;3752;1542;1;230,00;0,00;
5631;3752;1349;1;120,00;0,00;
5632;3753;1542;1;240,00;0,00;
5633;3753;8045;1;330,00;0,00;
5634;3754;1534;1;140,00;0,00;
5635;3754;7821;1;140,00;0,00;
5636;3755;1533;1;80,00;0,00;
5637;3755;1766;1;180,00;0,00;
5638;3756;1420;1;50,00;0,00;
5639;3757;7835;1;250,00;0,00;
5640;3758;1554;1;170,00;0,00;
5641;3758;8171;1;420,00;0,00;
5642;3759;3995;1;140,00;0,00;
5643;3760;1534;1;160,00;0,00;
5644;3760;1349;1;154,00;0,00;
5645;3761;1534;1;220,00;0,00;
5646;3761;7821;1;190,00;0,00;
5647;3762;1752;1;260,00;0,00;
5648;3762;8104;1;390,00;0,00;
5649;3763;1527;1;120,00;0,00;
5650;3764;1554;0,5;80,00;0,00;
5651;3765;1534;1;290,00;0,00;
5652;3767;1534;1;160,00;0,00;
5653;3767;7821;1;180,00;0,00;
5654;3768;7639;1;1.160,00;0,00;
5655;3768;7917;1;320,00;0,00;
5656;3771;4657;1;580,00;0,00;
5657;3771;8023;1;390,00;0,00;
5658;3772;1534;1;145,00;0,00;
5659;3772;7821;1;155,00;0,00;
5660;3773;1534;1;120,00;0,00;
5661;3773;7424;1;450,00;0,00;
5662;3774;7972;1;280,00;0,00;
5663;3775;7821;1;190,00;0,00;
5664;3778;7465;1;510,00;0,00;
5665;3779;1760;1;420,00;0,00;
5666;3783;5627;1;580,00;0,00;
5667;3784;7972;1;190,00;0,00;
5668;3785;1721;1;590,00;0,00;
5670;3786;7263;1;220,00;0,00;
5672;3787;1534;1;150,00;0,00;
5674;3789;1534;1;145,00;0,00;
5675;3790;1758;1;800,00;0,00;
5676;3783;7821;1;120,00;0,00;
5677;3786;7389;1;570,00;0,00;
5678;3791;1534;1;140,00;0,00;
5679;3791;1533;1;80,00;0,00;
5680;3791;8097;1;330,00;0,00;
5681;3791;7821;1;100,00;0,00;
5682;3787;7931;1;330,00;0,00;
5683;3792;1552;1;170,00;0,00;
5684;3792;8172;1;350,00;0,00;
5685;3793;7639;1;1.340,00;0,00;
5686;3793;7972;1;290,00;0,00;
5687;3794;1554;1;170,00;0,00;
5688;3796;1533;1;90,00;0,00;
5689;3797;1534;1;130,00;0,00;
5690;3797;1349;1;100,00;0,00;
5691;3798;1533;1;90,00;0,00;
5692;3798;7795;1;90,00;0,00;
5693;3799;1534;1;130,00;0,00;
5694;3799;7821;1;130,00;0,00;
5695;3800;1542;1;260,00;0,00;
5696;3800;7972;1;380,00;0,00;
5697;3801;1533;1;90,00;0,00;
5698;3801;7821;1;140,00;0,00;
5699;3802;7710;1;190,00;0,00;
5700;3803;1534;1;160,00;0,00;
5701;3803;1349;1;100,00;0,00;
5702;3804;1534;1;90,00;0,00;
5703;3804;7821;1;140,00;0,00;
5704;3805;7972;1;140,00;0,00;
5705;3806;1721;1;480,00;0,00;
5706;3807;1534;1;160,00;0,00;
5707;3808;1540;1;60,00;0,00;
5708;3810;1760;1;540,00;0,00;
5709;3810;7821;1;140,00;0,00;
5710;3812;1534;1;160,00;0,00;
5711;3812;7821;1;190,00;0,00;
5713;3813;1349;1;100,00;0,00;
5714;3813;1552;1;100,00;0,00;
5715;3814;1552;1;70,00;0,00;
5716;3815;1534;1;100,00;0,00;
5717;3815;1349;1;100,00;0,00;
5718;3816;1534;1;140,00;0,00;
5719;3816;7821;1;140,00;0,00;
5720;3817;1534;1;140,00;0,00;
5721;3817;7821;1;140,00;0,00;
5722;3818;2058;1;800,00;0,00;
5723;3819;1542;1;200,00;0,00;
5724;3820;1760;1;400,00;0,00;
5725;3820;7926;1;330,00;0,00;
5726;3821;7969;1;470,00;0,00;
5727;3822;7505;1;190,00;0,00;
5728;3822;1542;1;260,00;0,00;
5729;3823;1542;1;260,00;0,00;
5730;3823;7821;1;190,00;0,00;
5731;3824;1534;1;100,00;0,00;
5732;3824;1349;1;100,00;0,00;
5733;3825;1349;1;100,00;0,00;
5734;3825;1534;1;100,00;0,00;
5735;3826;1534;1;100,00;0,00;
5736;3826;1349;1;100,00;0,00;
5737;3827;1534;1;100,00;0,00;
5738;3827;1349;1;100,00;0,00;
5739;3828;1349;1;100,00;0,00;
5740;3829;1534;1;100,00;0,00;
5741;3829;1349;1;100,00;0,00;
5742;3830;1534;1;100,00;0,00;
5743;3830;1349;1;100,00;0,00;
5744;3831;1534;1;100,00;0,00;
5745;3831;1349;1;100,00;0,00;
5746;3832;7972;1;220,00;0,00;
5747;3833;1534;1;150,00;0,00;
5748;3833;7972;1;340,00;0,00;
5749;3834;1542;1;100,00;0,00;
5750;3834;1349;1;100,00;0,00;
5751;3835;1560;1;200,00;0,00;
5752;3836;1560;1;90,00;0,00;
5753;3837;1534;1;100,00;0,00;
5754;3837;1349;1;100,00;0,00;
5755;3838;1760;1;540,00;0,00;
5756;3839;1542;1;270,00;0,00;
5757;3839;7232;1;220,00;0,00;
5758;3840;1542;1;235,00;0,00;
5759;3840;1349;1;100,00;0,00;
5760;3841;1534;1;150,00;0,00;
5761;3841;7821;1;130,00;0,00;
5762;3843;1534;1;160,00;0,00;
5763;3843;7888;1;380,00;0,00;
5764;3844;1758;1;730,00;0,00;
5765;3844;7926;1;330,00;0,00;
5766;3845;8102;0,5;245,00;0,00;
5767;3845;1534;0,5;80,00;0,00;
5768;3845;7821;1;155,00;0,00;
5769;3846;1534;1;160,00;0,00;
5770;3847;1542;1;200,00;0,00;
5771;3848;1542;1;200,00;0,00;
5772;3849;1554;1;190,00;0,00;
5773;3849;7972;1;290,00;0,00;
5774;3850;7821;1;190,00;0,00;
5775;3851;7567;1;630,00;0,00;
5776;3852;1534;1;160,00;0,00;
5777;3852;1349;1;100,00;0,00;
5778;3853;1534;1;100,00;0,00;
5779;3853;1349;1;100,00;0,00;
5780;3854;1542;1;260,00;0,00;
5781;3854;7923;1;380,00;0,00;
5782;3855;7578;0,5;170,00;0,00;
5783;3855;7821;1;120,00;0,00;
5784;3856;1534;1;140,00;0,00;
5785;3856;7821;1;120,00;0,00;
5786;3857;1542;1;320,00;0,00;
5787;3857;7821;1;220,00;0,00;
5788;3858;8;1;290,00;0,00;
5789;3859;5066;1;550,00;0,00;
5791;3860;1534;1;120,00;0,00;
5792;3862;1542;1;200,00;0,00;
5793;3862;7125;1;260,00;0,00;
5794;3863;1542;1;200,00;0,00;
5795;3863;8112;1;100,00;0,00;
5796;3864;1760;1;540,00;0,00;
5798;3864;1375;1;210,00;0,00;
5799;3866;1534;1;140,00;0,00;
5800;3866;1349;1;100,00;0,00;
5801;3867;1554;1;160,00;0,00;
5802;3868;1349;1;100,00;0,00;
5803;3869;1542;1;260,00;0,00;
5804;3869;1349;1;100,00;0,00;
5806;3847;1349;1;100,00;0,00;
5807;3870;1534;1;130,00;0,00;
5808;3871;5819;1;240,00;0,00;
5809;3872;1542;1;160,00;0,00;
5810;3874;1760;1;450,00;0,00;
5811;3875;1542;1;400,00;0,00;
5812;3876;1534;1;160,00;0,00;
5813;3876;3973;1;240,00;0,00;
5814;3877;1375;1;240,00;0,00;
5815;3878;3447;1;90,00;0,00;
5816;3879;1534;1;160,00;0,00;
5817;3880;1534;1;140,00;0,00;
5818;3880;1375;1;100,00;0,00;
5819;3880;1534;1;140,00;0,00;
5820;3881;3409;1;70,00;0,00;
5822;3885;1534;1;140,00;0,00;
5823;3886;1752;1;280,00;0,00;
5824;3886;7821;1;190,00;0,00;
5825;3887;7287;1;250,00;0,00;
5826;3888;1534;1;140,00;0,00;
5827;3888;7821;1;160,00;0,00;
5829;3889;8173;1;550,00;0,00;
5831;3890;8112;1;100,00;0,00;
5832;3889;8175;1;1.120,00;0,00;
5833;3892;1554;1;190,00;0,00;
5834;3892;7821;1;190,00;0,00;
5835;3879;7972;1;330,00;0,00;
5836;3894;1534;1;160,00;0,00;
5837;3894;7821;1;190,00;0,00;
5838;3895;1562;1;490,00;0,00;
5839;3896;1672;1;340,00;0,00;
5840;3896;7821;1;190,00;0,00;
5841;3897;8112;1;90,00;0,00;
5842;3819;8112;1;100,00;0,00;
5843;3898;1542;1;260,00;0,00;
5844;3899;1542;1;260,00;0,00;
5845;3883;1533;1;90,00;0,00;
5847;3901;1542;1;250,00;0,00;
5848;3901;5912;1;100,00;0,00;
5849;3902;1534;1;160,00;0,00;
5850;3902;7821;1;160,00;0,00;
5851;3903;1552;1;190,00;0,00;
5852;3903;7821;1;190,00;0,00;
5853;3904;1760;1;540,00;0,00;
5854;3904;7844;1;320,00;0,00;
5856;3906;1542;1;230,00;0,00;
5857;3906;1542;1;230,00;0,00;
5858;3906;7997;1;420,00;0,00;
5859;3906;7972;1;280,00;0,00;
5860;3907;1529;1;120,00;0,00;
5861;3908;1552;1;190,00;0,00;
5862;3908;7325;1;280,00;0,00;
5863;3909;1534;1;130,00;0,00;
5864;3910;1542;1;290,00;0,00;
5865;3911;1542;1;260,00;0,00;
5866;3911;7773;1;100,00;0,00;
5867;3913;1542;1;230,00;0,00;
5868;3913;7821;1;130,00;0,00;
5869;3915;1534;1;160,00;0,00;
5870;3915;1349;1;100,00;0,00;
5871;3916;1534;1;160,00;0,00;
5872;3916;1349;1;100,00;0,00;
5873;3917;1349;1;100,00;0,00;
5874;3919;1552;0,5;90,00;0,00;
5875;3920;1542;1;260,00;0,00;
5876;3920;7934;1;380,00;0,00;
5877;3921;1542;1;260,00;0,00;
5879;3921;5861;1;130,00;0,00;
5880;3922;1721;1;620,00;0,00;
5881;3922;7821;1;190,00;0,00;
5882;3923;1542;1;260,00;0,00;
5883;3923;2674;1;220,00;0,00;
5884;3924;1534;1;160,00;0,00;
5885;3924;7821;1;220,00;0,00;
5886;3925;1554;1;190,00;0,00;
5887;3926;7972;1;340,00;0,00;
5888;3926;7953;1;250,00;0,00;
5890;3927;7950;1;380,00;0,00;
5891;3928;1533;1;90,00;0,00;
5892;3927;1769;1;439,00;0,00;
5893;3929;1534;1;90,00;0,00;
5894;3929;7821;1;260,00;0,00;
5895;3930;7821;1;340,00;0,00;
5896;3931;2403;2;680,00;0,00;
5897;3932;1533;1;90,00;0,00;
5898;3932;7821;1;190,00;0,00;
5899;3933;1534;1;160,00;0,00;
5900;3933;7972;1;290,00;0,00;
5901;3934;1542;1;260,00;0,00;
5902;3935;1672;1;200,00;0,00;
5903;3935;7848;1;300,00;0,00;
5904;3936;7961;1;570,00;0,00;
5906;3937;8176;1;854,00;0,00;
5907;3938;1534;1;145,00;0,00;
5908;3938;7821;1;250,00;0,00;
5910;3939;8177;1;535,00;0,00;
5911;3940;1534;1;160,00;0,00;
5912;3940;7972;1;190,00;0,00;
5913;0;4657;1;0,00;0,00;
5914;3941;8102;1;440,00;0,00;
5915;3941;7821;1;220,00;0,00;
5916;3943;7972;1;260,00;0,00;
5918;3944;5541;1;360,00;0,00;
5919;3944;8178;1;440,00;0,00;
5920;3945;8178;1;350,00;0,00;
5921;3945;7821;1;150,00;0,00;
5922;3946;7024;1;270,00;0,00;
5923;3947;1542;1;230,00;0,00;
5924;3947;1375;1;220,00;0,00;
5925;3948;1534;1;140,00;0,00;
5926;3948;7821;1;220,00;0,00;
5927;3949;5504;1;500,00;0,00;
5928;3950;7987;1;450,00;0,00;
5929;3950;7834;1;300,00;0,00;
5930;3951;6627;1;490,00;0,00;
5931;3952;1534;1;160,00;0,00;
5932;3953;7821;1;220,00;0,00;
5933;3954;7821;1;240,00;0,00;
5935;3955;7821;1;260,00;0,00;
5936;3956;1533;1;40,00;0,00;
5937;3957;1540;1;60,00;0,00;
5938;3958;1534;0,5;80,00;0,00;
5940;3960;8179;1;100,00;0,00;
5941;3961;7953;1;270,00;0,00;
5943;3962;7263;1;280,00;0,00;
5944;3962;1752;1;260,00;0,00;
5945;3963;1542;1;230,00;0,00;
5946;3963;7773;1;120,00;0,00;
5947;3964;1554;1;190,00;0,00;
5948;3964;8112;1;100,00;0,00;
5949;3968;1542;1;240,00;0,00;
5950;3968;7821;1;210,00;0,00;
5951;3969;1534;1;160,00;0,00;
5952;3969;7860;1;340,00;0,00;
5953;3970;5627;1;768,00;0,00;
5954;3947;4205;1;100,00;0,00;
5955;3971;7821;1;220,00;0,00;
5956;3955;7953;1;270,00;0,00;
5957;3972;7596;1;470,00;0,00;
5958;3973;1760;1;534,00;0,00;
5959;3973;6707;1;416,00;0,00;
5960;3974;1534;1;160,00;0,00;
5961;3975;7345;1;270,00;0,00;
5962;3976;1552;1;280,00;0,00;
5963;3977;7953;1;270,00;0,00;
5964;3977;7821;1;260,00;0,00;
5965;3978;1721;1;615,00;0,00;
5966;3979;4581;1;240,00;0,00;
5967;3980;1527;1;120,00;0,00;
5968;3981;8112;1;100,00;0,00;
5969;3982;1534;1;160,00;0,00;
5970;3983;1534;1;160,00;0,00;
5971;3983;8112;1;190,00;0,00;
5972;3984;1534;1;145,00;0,00;
5973;3985;8131;1;630,00;0,00;
5974;3986;932;1;310,00;0,00;
5975;3987;1552;1;190,00;0,00;
5976;3987;6603;1;380,00;0,00;
5977;3988;2403;1;240,00;0,00;
5978;3989;1534;1;140,00;0,00;
5979;3989;7821;1;220,00;0,00;
5980;3990;1542;1;260,00;0,00;
5981;3990;8098;1;340,00;0,00;
5982;3991;1534;1;160,00;0,00;
5983;3991;8120;1;470,00;0,00;
5984;3992;1542;1;260,00;0,00;
5985;3993;1534;1;160,00;0,00;
5986;3993;7821;1;260,00;0,00;
5987;3994;1542;1;340,00;0,00;
5988;3994;7972;1;260,00;0,00;
5989;3995;8176;1;750,00;0,00;
5990;3996;7389;1;480,00;0,00;
5991;3996;6139;1;120,00;0,00;
5992;3997;7791;1;100,00;0,00;
5993;3998;7773;1;100,00;0,00;
5994;3999;7972;1;235,00;0,00;
5995;4000;7821;1;105,00;0,00;
5996;4001;7505;1;260,00;0,00;
5997;4001;1554;1;190,00;0,00;
5998;4002;7972;1;250,00;0,00;
5999;4004;7987;1;380,00;0,00;
6001;4004;7571;1;530,00;0,00;
6002;4005;7987;1;380,00;0,00;
6003;4005;5919;1;520,00;0,00;
6004;4006;1779;1;440,00;0,00;
6005;4006;1534;1;160,00;0,00;
6006;4007;7505;1;200,00;0,00;
6007;4007;1534;1;130,00;0,00;
6014;4009;1534;2;330,00;0,00;
6015;4009;7821;2;330,00;0,00;
6016;4010;8041;1;380,00;0,00;
6017;4011;8112;1;140,00;0,00;
6018;4011;1533;1;160,00;0,00;
6019;4012;1534;1;160,00;0,00;
6020;4012;2733;1;150,00;0,00;
6023;4012;8182;1;1.200,00;0,00;
6024;4013;1534;1;260,00;0,00;
6025;4014;1534;1;140,00;0,00;
6026;4014;7821;1;250,00;0,00;
6027;4017;1554;1;180,00;0,00;
6028;4017;7821;1;200,00;0,00;
6029;4018;7821;1;260,00;0,00;
6030;4019;1542;1;260,00;0,00;
6032;4020;7810;1;200,00;0,00;
6033;4021;1554;1;170,00;0,00;
6034;4022;1533;1;90,00;0,00;
6035;4023;8148;1;490,00;0,00;
6036;4024;3447;1;79,00;0,00;
6037;4025;1542;1;260,00;0,00;
6038;4025;7234;1;270,00;0,00;
6039;4026;1534;3;432,00;0,00;
6040;4026;7810;1;153,00;0,00;
6041;4027;6347;1;220,00;0,00;
6042;4027;7234;1;230,00;0,00;
6043;4028;1552;1;190,00;0,00;
6044;4028;7248;1;280,00;0,00;
6045;4029;7165;1;250,00;0,00;
6046;4030;1534;1;140,00;0,00;
6047;4030;7265;1;250,00;0,00;
6048;4031;4383;1;50,00;0,00;
6049;4032;1534;1;180,00;0,00;
6050;4033;1542;1;240,00;0,00;
6051;4033;7972;1;310,00;0,00;
6052;4034;6819;1;100,00;0,00;
6053;4035;1534;1;160,00;0,00;
6054;4032;1534;1;160,00;0,00;
6055;4036;1542;1;400,00;0,00;
6056;4037;1542;1;260,00;0,00;
6057;4038;4460;1;390,00;0,00;
6058;4038;7972;1;380,00;0,00;
6059;4041;1534;1;160,00;0,00;
6060;4041;7821;1;260,00;0,00;
6061;4042;1761;1;800,00;0,00;
6062;4043;7972;1;380,00;0,00;
6063;4043;1542;1;260,00;0,00;
6064;4044;1542;1;220,00;0,00;
6065;4044;1349;1;100,00;0,00;
6066;4045;1534;;140,00;0,00;
6067;4045;7821;1;200,00;0,00;
6068;4046;1542;1;260,00;0,00;
6069;4046;6144;1;100,00;0,00;
6070;4047;5966;1;150,00;0,00;
6071;4048;1533;1;90,00;0,00;
6072;4048;7821;1;235,00;0,00;
6073;4049;1534;1;170,00;0,00;
6075;4050;7972;1;350,00;0,00;
6076;4050;1542;1;260,00;0,00;
6077;4051;7263;1;220,00;0,00;
6078;4052;1534;1;140,00;0,00;
6079;4052;7483;1;200,00;0,00;
6080;4053;8094;1;590,00;0,00;
6081;4052;8154;1;608,00;0,00;
6082;4054;1534;1;140,00;0,00;
6083;4054;7821;1;200,00;0,00;
6084;4054;7972;1;220,00;0,00;
6085;4055;1534;1;150,00;0,00;
6086;4056;1554;1;190,00;0,00;
6087;4057;1554;1;230,00;0,00;
6088;4057;7773;1;140,00;0,00;
6089;4058;1534;1;160,00;0,00;
6090;4058;7972;1;380,00;0,00;
6091;4059;7821;1;150,00;0,00;
6093;4060;1554;1;190,00;0,00;
6094;4061;1554;1;190,00;0,00;
6095;4061;8112;1;100,00;0,00;
6096;4062;1542;1;300,00;0,00;
6097;4062;5966;1;100,00;0,00;
6098;4063;1752;1;0,00;0,00;
6099;4063;7919;1;170,00;0,00;
6100;4064;1542;1;280,00;0,00;
6101;4066;1554;1;190,00;0,00;
6102;4066;5538;1;330,00;0,00;
6103;4067;8085;1;330,00;0,00;
6104;4068;1554;1;190,00;0,00;
6105;4068;3468;1;100,00;0,00;
6106;4069;1534;1;136,00;0,00;
6107;4069;7615;1;221,00;0,00;
6108;4070;1533;1;220,00;0,00;
6110;4071;1534;1;120,00;0,00;
6111;4072;1542;1;240,00;0,00;
6112;4072;7773;1;140,00;0,00;
6113;4073;1534;1;160,00;0,00;
6114;4073;8077;1;320,00;0,00;
6115;4074;1554;1;190,00;0,00;
6116;4075;7821;1;200,00;0,00;
6117;4076;1534;1;140,00;0,00;
6118;4076;7972;1;310,00;0,00;
6119;4077;1534;1;140,00;0,00;
6120;4077;7972;1;310,00;0,00;
6121;4078;7858;1;270,00;0,00;
6122;4079;1769;1;484,00;0,00;
6123;4079;7972;1;260,00;0,00;
6125;4080;7821;1;190,00;0,00;
6126;4080;1542;1;260,00;0,00;
6127;4081;1552;1;190,00;0,00;
6128;4081;7821;1;210,00;0,00;
6129;4082;1534;1;110,00;0,00;
6130;4083;1534;1;135,00;0,00;
6131;4083;8007;1;540,00;0,00;
6132;4084;1554;1;230,00;0,00;
6133;4084;7821;1;220,00;0,00;
6134;4086;1769;1;470,00;0,00;
6135;4086;1349;1;100,00;0,00;
6136;4087;7773;1;100,00;0,00;
6137;4088;1534;1;160,00;0,00;
6138;4088;7821;1;220,00;0,00;
6139;4089;1769;1;530,00;0,00;
6140;4089;7972;1;330,00;0,00;
6141;4090;1533;1;90,00;0,00;
6142;4090;7104;1;100,00;0,00;
6143;4091;1542;1;260,00;0,00;
6144;4091;8112;1;100,00;0,00;
6145;4092;1760;1;325,00;0,00;
6146;4092;7972;1;300,00;0,00;
6147;4093;7953;1;260,00;0,00;
6148;4093;6598;1;340,00;0,00;
6149;4091;2287;1;15,00;0,00;
6150;4094;1534;1;160,00;0,00;
6151;4094;7821;1;220,00;0,00;
6152;4095;1554;1;170,00;0,00;
6153;4095;7784;1;190,00;0,00;
6154;4095;1554;1;170,00;0,00;
6155;4096;1721;1;615,00;0,00;
6157;4099;7821;1;150,00;0,00;
6158;4099;1752;1;250,00;0,00;
6159;4100;1534;1;220,00;0,00;
6160;4101;1534;1;180,00;0,00;
6161;4101;2733;1;100,00;0,00;
6163;4102;8136;1;490,00;0,00;
6164;4102;1752;1;260,00;0,00;
6165;4103;1542;1;260,00;0,00;
6166;4103;7972;1;340,00;0,00;
6167;4104;6347;1;240,00;0,00;
6168;4104;7972;1;320,00;0,00;
6169;4105;7821;1;100,00;0,00;
6170;4106;1534;1;150,00;0,00;
6171;4106;8121;1;460,00;0,00;
6173;4108;4497;1;250,00;0,00;
6174;4109;7972;1;190,00;0,00;
6175;4110;1542;1;0,00;0,00;
6176;4110;1542;1;0,00;0,00;
6177;4110;7972;1;150,00;0,00;
6178;4110;7972;1;150,00;0,00;
6179;4111;7962;1;590,00;0,00;
6180;4113;1769;1;420,00;0,00;
6181;4113;1349;1;100,00;0,00;
6183;4114;7821;1;260,00;0,00;
6184;4115;1534;1;160,00;0,00;
6185;4107;1534;0,5;80,00;0,00;
6186;4116;1770;1;360,00;0,00;
6187;4117;1542;1;260,00;0,00;
6188;4117;7972;1;380,00;0,00;
6189;4119;1760;1;450,00;0,00;
6190;4119;1349;1;110,00;0,00;
6191;4120;1533;1;90,00;0,00;
6192;4120;8112;1;100,00;0,00;
6193;4120;1534;1;160,00;0,00;
6194;4120;7972;1;330,00;0,00;
6195;4121;7953;1;260,00;0,00;
6196;4121;8165;1;490,00;0,00;
6197;4122;1534;1;140,00;0,00;
6198;4123;1534;1;160,00;0,00;
6199;4123;1349;1;100,00;0,00;
6200;4124;7953;1;290,00;0,00;
6201;0;8170;1;0,00;0,00;
6202;4125;1760;1;440,00;0,00;
6203;4126;1534;1;110,00;0,00;
6204;4126;8170;1;410,00;0,00;
6205;4127;1542;1;260,00;0,00;
6206;4127;7972;1;380,00;0,00;
6207;4128;1542;1;220,00;0,00;
6208;4128;7821;1;180,00;0,00;
6210;4130;8183;1;490,00;0,00;
6211;4130;5138;1;400,00;0,00;
6212;4130;6820;1;100,00;0,00;
6213;4131;1534;1;180,00;0,00;
6214;4132;1533;1;90,00;0,00;
6215;4133;1349;1;90,00;0,00;
6216;4134;1349;1;100,00;0,00;
6217;4134;1760;1;440,00;0,00;
6218;4135;1760;1;440,00;0,00;
6219;4135;7972;1;330,00;0,00;
6220;4137;1760;1;390,00;0,00;
6221;4137;7821;1;140,00;0,00;
6222;4138;2403;2;440,00;0,00;
6223;4139;1534;1;150,00;0,00;
6224;4139;7905;1;330,00;0,00;
6225;4140;1533;1;90,00;0,00;
6228;4141;8184;2;600,00;0,00;
6229;4142;6347;1;220,00;0,00;
6230;4142;1349;1;100,00;0,00;
6231;4143;1534;1;220,00;0,00;
6232;4144;8127;1;570,00;0,00;
6233;4144;1534;1;160,00;0,00;
6235;4145;7972;1;300,00;0,00;
6236;4146;1349;1;120,00;0,00;
6237;4146;1760;1;460,00;0,00;
6238;4147;1554;1;190,00;0,00;
6239;4147;1349;1;130,00;0,00;
6240;4145;1752;1;230,00;0,00;
6241;4148;1542;1;260,00;0,00;
6242;4149;1534;1;160,00;0,00;
6243;4149;7944;1;380,00;0,00;
6244;4150;1542;1;260,00;0,00;
6245;4150;7821;1;220,00;0,00;
6246;4151;1694;1;500,00;0,00;
6247;4152;1534;1;140,00;0,00;
6248;4152;7821;1;220,00;0,00;
6249;4153;7927;1;80,00;0,00;
6250;4155;1534;1;160,00;0,00;
6251;4156;1534;1;160,00;0,00;
6252;4156;8151;1;560,00;0,00;
6254;4157;7232;1;220,00;0,00;
6255;4158;1760;1;450,00;0,00;
6256;4158;7821;1;220,00;0,00;
6257;4159;1534;1;160,00;0,00;
6258;4159;7821;1;220,00;0,00;
6259;4160;1542;1;260,00;0,00;
6260;4161;8185;1;900,00;0,00;
6261;4161;7232;1;220,00;0,00;
6262;4162;3468;1;120,00;0,00;
6263;4163;1542;1;225,00;0,00;
6264;4163;1349;1;100,00;0,00;
6265;4163;1542;1;225,00;0,00;
6266;4163;1349;1;100,00;0,00;
6268;4164;1349;1;100,00;0,00;
6269;4164;1752;1;230,00;0,00;
6270;4165;1542;1;260,00;0,00;
6271;4165;7972;1;320,00;0,00;
6272;4166;1542;1;210,00;0,00;
6273;4166;1533;1;90,00;0,00;
6274;4167;1534;1;160,00;0,00;
6275;4167;7972;1;340,00;0,00;
6276;4168;1533;1;90,00;0,00;
6278;4170;1752;1;220,00;0,00;
6279;4171;1552;1;150,00;0,00;
6280;4171;7869;1;100,00;0,00;
6281;4172;1534;1;160,00;0,00;
6282;4172;7821;1;190,00;0,00;
6283;4173;1534;1;160,00;0,00;
6284;4173;1349;1;140,00;0,00;
6285;4174;1721;1;660,00;0,00;
6286;4174;7915;1;340,00;0,00;
6287;4175;1542;1;230,00;0,00;
6288;4175;7972;1;340,00;0,00;
6289;4176;4581;2;680,00;0,00;
6290;4177;1534;1;140,00;0,00;
6291;4177;7972;1;330,00;0,00;
6292;4179;1760;1;450,00;0,00;
6293;4179;7821;1;220,00;0,00;
6294;4180;2403;1;240,00;0,00;
6295;4181;1542;1;260,00;0,00;
6296;4181;2733;1;120,00;0,00;
6297;4182;1721;1;196,00;0,00;
6298;4183;7821;1;220,00;0,00;
6299;4185;5627;1;780,00;0,00;
6300;4185;8179;1;120,00;0,00;
6301;4186;7972;1;190,00;0,00;
6302;4187;1542;1;0,00;0,00;
6303;4187;1542;1;0,00;0,00;
6304;4187;1760;1;200,00;0,00;
6305;4187;7972;1;200,00;0,00;
6306;4187;1349;1;0,00;0,00;
6307;4189;1534;1;160,00;0,00;
6308;4189;8089;1;320,00;0,00;
6309;4191;1542;1;230,00;0,00;
6310;4191;1349;1;100,00;0,00;
6311;4193;4657;1;570,00;0,00;
6312;4193;7821;1;220,00;0,00;
6313;4194;1533;1;80,00;0,00;
6314;4195;1542;1;230,00;0,00;
6316;4197;7719;1;220,00;0,00;
6317;4197;1542;1;230,00;0,00;
6318;4196;8186;1;950,00;0,00;
6319;4198;1760;1;450,00;0,00;
6320;4198;7821;1;220,00;0,00;
6321;4199;1542;1;230,00;0,00;
6322;4199;7367;1;220,00;0,00;
6323;4200;7972;1;190,00;0,00;
6324;4200;3447;1;79,00;0,00;
6325;4201;5940;1;380,00;0,00;
6326;4202;8102;1;425,00;0,00;
6327;4203;1721;1;590,00;0,00;
6328;4203;7821;1;210,00;0,00;
6329;4204;1534;1;130,00;0,00;
6330;4205;7903;1;380,00;0,00;
6331;4205;5627;1;650,00;0,00;
6332;4206;1533;1;90,00;0,00;
6333;4207;1534;1;160,00;0,00;
6334;4207;7972;1;340,00;0,00;
6335;4208;1534;1;140,00;0,00;
6336;4208;7972;1;230,00;0,00;
6337;4209;7952;1;330,00;0,00;
6338;4210;7821;1;210,00;0,00;
6339;4211;1542;1;260,00;0,00;
6340;4211;8031;1;340,00;0,00;
6341;4213;8187;1;1.470,00;0,00;
6342;4213;8188;1;1.560,00;0,00;
6343;4214;1542;1;240,00;0,00;
6344;4214;7821;1;220,00;0,00;
6345;4215;3447;1;79,00;0,00;
6346;4216;1349;1;100,00;0,00;
6347;4217;8105;1;330,00;0,00;
6349;4218;6987;1;390,00;0,00;
6350;4218;8189;1;540,00;0,00;
6351;4219;1349;1;100,00;0,00;
6352;4220;8176;1;800,00;0,00;
6353;4220;7821;1;200,00;0,00;
6354;4208;7972;1;230,00;0,00;
6355;4221;1534;1;140,00;0,00;
6356;4222;1752;1;280,00;0,00;
6357;4222;7821;1;240,00;0,00;
6358;4223;1534;1;160,00;0,00;
6359;4223;7781;1;100,00;0,00;
6360;4224;1533;1;80,00;0,00;
6361;4225;1534;1;160,00;0,00;
6362;4225;7821;1;220,00;0,00;
6363;4226;1534;1;140,00;0,00;
6364;4226;7821;1;200,00;0,00;
6365;4227;1542;1;260,00;0,00;
6366;4228;2403;1;240,00;0,00;
6368;4229;7579;1;684,00;0,00;
6369;4229;7821;1;190,00;0,00;
6370;4230;1534;0,5;40,00;0,00;
6371;4232;1533;1;80,00;0,00;
6372;4232;7821;1;120,00;0,00;
6373;4233;1542;1;130,00;0,00;
6374;4234;1752;1;260,00;0,00;
6375;4234;7904;1;320,00;0,00;
6376;4235;1542;1;260,00;0,00;
6377;4235;1349;1;120,00;0,00;
6378;4236;7865;1;100,00;0,00;
6379;4237;1760;1;450,00;0,00;
6380;4238;7972;1;190,00;0,00;
6381;4239;1349;1;100,00;0,00;
6382;4240;1552;1;170,00;0,00;
6383;4240;1542;1;230,00;0,00;
6384;4241;7972;1;200,00;0,00;
6385;4242;1542;1;260,00;0,00;
6386;4242;7952;1;310,00;0,00;
6388;4243;6822;1;100,00;0,00;
6389;4243;1554;1;190,00;0,00;
6390;4244;1554;1;190,00;0,00;
6391;4244;6819;1;100,00;0,00;
6392;4245;1534;1;160,00;0,00;
6393;4245;7949;1;380,00;0,00;
6394;4248;1760;1;450,00;0,00;
6395;4250;8151;1;580,00;0,00;
6396;4252;1534;1;160,00;0,00;
6397;4252;7821;1;220,00;0,00;
6398;4253;1534;1;160,00;0,00;
6399;4253;8097;1;380,00;0,00;
6400;4254;6347;1;240,00;0,00;
6401;4254;7972;1;350,00;0,00;
6402;4255;8190;1;630,00;0,00;
6403;4257;8176;1;760,00;0,00;
6404;4257;1349;1;100,00;0,00;
6405;4258;1552;1;190,00;0,00;
6406;4259;1349;1;90,00;0,00;
6407;4260;1534;1;160,00;0,00;
6408;4260;7821;1;220,00;0,00;
6409;4261;1542;1;250,00;0,00;
6410;4262;1542;1;220,00;0,00;
6411;4263;1542;1;235,00;0,00;
6412;4263;7972;1;315,00;0,00;
6413;4264;1534;1;140,00;0,00;
6414;4265;1534;1;160,00;0,00;
6415;4266;1554;1;190,00;0,00;
6416;4266;7821;1;240,00;0,00;
6417;4267;1542;1;260,00;0,00;
6418;4267;7821;1;240,00;0,00;
6419;4268;1534;1;160,00;0,00;
6420;4268;7999;1;490,00;0,00;
6421;4269;7489;1;220,00;0,00;
6422;4269;1542;1;260,00;0,00;
6423;4270;1534;1;160,00;0,00;
6425;4270;1349;1;100,00;0,00;
6426;4271;1542;1;250,00;0,00;
6427;4271;4797;1;120,00;0,00;
6428;4272;1534;1;160,00;0,00;
6429;4272;8039;1;380,00;0,00;
6430;4273;7972;1;350,00;0,00;
6431;4273;7972;1;250,00;0,00;
6433;4274;8085;1;222,00;0,00;
6434;4063;1760;1;200,00;0,00;
6435;4063;7972;1;200,00;0,00;
6436;4274;8191;1;828,00;0,00;
6437;4275;8022;1;340,00;0,00;
6438;4276;1554;1;170,00;0,00;
6439;4276;7821;1;210,00;0,00;
6440;4277;2403;2;680,00;0,00;
6441;4278;1542;1;230,00;0,00;
6442;4278;7821;1;220,00;0,00;
6443;4279;1526;1;120,00;0,00;
6444;4280;1542;1;230,00;0,00;
6445;4280;7821;1;160,00;0,00;
6446;4281;1542;1;234,00;0,00;
6447;4281;6948;1;100,00;0,00;
6448;4282;1554;1;170,00;0,00;
6449;4283;1542;1;260,00;0,00;
6450;4284;1534;1;160,00;0,00;
6451;4284;8193;1;200,00;0,00;
6452;4285;6627;1;550,00;0,00;
6453;4286;8193;1;120,00;0,00;
6454;4287;1534;1;160,00;0,00;
6455;4287;1534;1;160,00;0,00;
6456;4288;1554;1;190,00;0,00;
6457;4288;7821;1;210,00;0,00;
6458;4289;7821;1;200,00;0,00;
6459;4290;8193;1;220,00;0,00;
6460;4290;1542;1;260,00;0,00;
6461;4291;1542;1;235,00;0,00;
6462;4291;7942;1;335,00;0,00;
6463;4292;1534;1;140,00;0,00;
6464;4292;7972;1;330,00;0,00;
6465;4295;1760;1;405,00;0,00;
6466;4295;7972;1;315,00;0,00;
6467;4296;1534;1;140,00;0,00;
6468;4297;2403;1;190,00;0,00;
6469;4298;6347;1;240,00;0,00;
6470;4299;1534;1;160,00;0,00;
6471;4300;1760;1;450,00;0,00;
6472;4301;6347;1;240,00;0,00;
6473;4301;8039;1;340,00;0,00;
6474;4304;7864;1;1.250,00;0,00;
6475;4304;8045;1;300,00;0,00;
6476;4305;7972;1;220,00;0,00;
6477;4306;1542;1;230,00;0,00;
6478;4306;5015;1;100,00;0,00;
6479;4307;7821;1;180,00;0,00;
6480;4308;8193;1;200,00;0,00;
6481;4309;1534;1;160,00;0,00;
6482;4309;7821;1;190,00;0,00;
6484;4310;7821;1;100,00;0,00;
6485;4311;1542;1;230,00;0,00;
6486;4311;7972;1;320,00;0,00;
6487;4312;1534;1;160,00;0,00;
6488;4313;1769;1;390,00;0,00;
6489;4313;7821;1;200,00;0,00;
6490;4314;1542;0,5;130,00;0,00;
6491;4315;1534;1;90,00;0,00;
6492;4316;1534;1;130,00;0,00;
6493;4316;4206;1;100,00;0,00;
6494;4317;7810;1;190,00;0,00;
6495;4318;1534;1;130,00;0,00;
6496;4318;7773;1;100,00;0,00;
6497;4319;1533;1;140,00;0,00;
6498;4320;8198;1;560,00;0,00;
6499;4321;2403;1;240,00;0,00;
6500;4322;1542;1;260,00;0,00;
6501;4322;7773;1;100,00;0,00;
6502;4323;1534;1;140,00;0,00;
6506;4325;8200;1;900,00;0,00;
6507;4325;8162;1;440,00;0,00;
6508;4326;1752;1;280,00;0,00;
6509;4326;7525;1;120,00;0,00;
6510;4327;7972;1;230,00;0,00;
6511;4328;5133;1;120,00;0,00;
6512;4329;1752;1;200,00;0,00;
6513;4329;7972;1;300,00;0,00;
6514;4330;7791;1;120,00;0,00;
6515;4331;8102;1;520,00;0,00;
6517;4332;7972;1;220,00;0,00;
6518;4332;8201;1;450,00;0,00;
6519;4333;1542;1;260,00;0,00;
6520;4333;7821;1;190,00;0,00;
6521;4334;1533;1;90,00;0,00;
6522;4334;7773;1;100,00;0,00;
6523;4335;1534;1;160,00;0,00;
6524;4335;7972;1;350,00;0,00;
6525;4336;1295;1;380,00;0,00;
6526;4337;1542;1;260,00;0,00;
6527;4340;1349;1;110,00;0,00;
6528;4340;1534;1;160,00;0,00;
6529;4343;1404;1;79,00;0,00;
6530;4344;4335;1;150,00;0,00;
6531;4345;5627;1;650,00;0,00;
6532;4345;7914;1;300,00;0,00;
6533;4346;8104;1;320,00;0,00;
6534;4346;1721;1;480,00;0,00;
6535;4347;1542;1;130,00;0,00;
6536;4348;1529;1;120,00;0,00;
6537;4349;1321;1;180,00;0,00;
6538;4350;1534;1;160,00;0,00;
6539;4350;7821;1;220,00;0,00;
6540;4351;1534;1;160,00;0,00;
6541;4351;7821;1;140,00;0,00;
6542;4352;6708;1;460,00;0,00;
6544;4352;6602;-1;-390,00;0,00;
6545;4353;1534;1;160,00;0,00;
6546;4353;8072;1;320,00;0,00;
6547;4354;1349;1;100,00;0,00;
6549;4356;1542;1;230,00;0,00;
6550;4355;7957;1;1.050,00;0,00;
6551;4359;1562;1;540,00;0,00;
6552;4359;6740;1;460,00;0,00;
6553;4360;7663;1;260,00;0,00;
6555;4361;7908;1;340,00;0,00;
6556;4361;1534;1;145,00;0,00;
6557;4363;1552;1;160,00;0,00;
6558;4364;8093;1;390,00;0,00;
6559;4365;1533;1;90,00;0,00;
6560;4365;7821;1;190,00;0,00;
6561;4366;1534;1;160,00;0,00;
6562;4367;1526;1;120,00;0,00;
6563;4368;1534;1;160,00;0,00;
6564;4368;7821;1;190,00;0,00;
6565;4370;2411;1;280,00;0,00;
6566;4371;4581;1;200,00;0,00;
6567;4372;1542;1;260,00;0,00;
6568;4373;1534;1;160,00;0,00;
6569;4375;716;1;240,00;0,00;
6570;4376;1534;1;140,00;0,00;
6571;4376;8097;1;360,00;0,00;
6572;4377;7953;1;340,00;0,00;
6573;4377;7821;1;200,00;0,00;
6574;4378;1721;1;650,00;0,00;
6575;4378;7821;1;190,00;0,00;
6576;4379;1554;1;180,00;0,00;
6577;4379;7821;1;190,00;0,00;
6578;4380;1542;1;260,00;0,00;
6579;4383;7508;1;100,00;0,00;
6580;4383;1542;1;260,00;0,00;
6582;4384;8202;1;350,00;0,00;
6583;4384;7805;1;580,00;0,00;
6584;4385;1533;1;90,00;0,00;
6585;4385;7821;1;250,00;0,00;
6586;4386;7821;1;190,00;0,00;
6587;4387;1534;1;160,00;0,00;
6588;4387;1349;1;100,00;0,00;
6589;4388;8177;1;535,00;0,00;
6590;4388;8039;1;340,00;0,00;
6591;4389;7323;1;250,00;0,00;
6592;4389;1552;1;190,00;0,00;
6593;4390;1349;1;100,00;0,00;
6594;4391;5573;1;800,00;0,00;
6595;4391;7972;1;280,00;0,00;
6596;4392;1760;1;420,00;0,00;
6597;4393;7971;1;490,00;0,00;
6598;4394;7295;1;280,00;0,00;
6599;4395;5627;1;690,00;0,00;
6600;4395;7950;1;310,00;0,00;
6601;4396;1533;1;90,00;0,00;
6605;4397;7821;1;190,00;0,00;
6606;4397;8204;0,5;450,00;0,00;
6607;4397;1533;0,5;45,00;0,00;
6608;4398;1534;1;160,00;0,00;
6609;4399;8155;1;590,00;0,00;
6610;4400;1534;1;160,00;0,00;
6611;4400;7821;1;140,00;0,00;
6612;4402;1542;1;240,00;0,00;
6613;4402;7972;1;310,00;0,00;
6614;4403;1760;1;450,00;0,00;
6615;4403;7821;1;190,00;0,00;
6616;4403;1534;1;160,00;0,00;
6617;4403;8193;1;200,00;0,00;
6618;4404;7952;1;240,00;0,00;
6620;4405;6599;1;209,00;0,00;
6621;4406;1534;1;160,00;0,00;
6622;4407;1534;1;140,00;0,00;
6624;4408;8097;1;380,00;0,00;
6625;4408;8205;1;1.054,00;0,00;
6626;4409;8205;1;970,00;0,00;
6627;4409;7894;1;320,00;0,00;
6628;4412;7821;1;190,00;0,00;
6629;4413;1721;1;490,00;0,00;
6630;4413;7821;1;160,00;0,00;
6631;4414;7972;1;290,00;0,00;
6632;4415;1752;1;280,00;0,00;
6633;4415;1349;1;100,00;0,00;
6634;4416;7553;1;690,00;0,00;
6635;4417;7628;1;100,00;0,00;
6636;4418;8102;1;570,00;0,00;
6637;4418;4402;1;140,00;0,00;
6638;4419;1752;1;280,00;0,00;
6639;4420;1534;1;160,00;0,00;
6640;4421;7773;1;80,00;0,00;
6641;4422;1533;1;80,00;0,00;
6642;4422;1349;1;100,00;0,00;
6643;4423;6292;1;90,00;0,00;
6644;4424;1534;1;120,00;0,00;
6646;4424;1534;1;120,00;0,00;
6647;4424;8193;1;200,00;0,00;
6648;4425;1533;1;100,00;0,00;
6649;4426;1977;1;70,00;0,00;
6650;4427;1554;1;190,00;0,00;
6651;4428;1534;1;70,00;0,00;
6652;4429;3447;1;79,00;0,00;
6653;4430;1554;1;130,00;0,00;
6654;4431;1534;1;180,00;0,00;
6655;4431;7821;1;260,00;0,00;
6656;4432;3907;1;50,00;0,00;
6657;4433;3514;1;200,00;0,00;
6658;4434;8106;1;340,00;0,00;
6659;4434;8158;1;430,00;0,00;
6660;4435;3514;1;79,00;0,00;
6661;4436;8178;1;439,00;0,00;
6662;4436;7952;1;380,00;0,00;
6663;4437;1534;1;140,00;0,00;
6664;4437;7821;1;200,00;0,00;
6665;4438;1533;1;90,00;0,00;
6666;4439;1552;1;140,00;0,00;
6668;4440;1542;1;260,00;0,00;
6669;4441;7652;1;260,00;0,00;
6670;4443;1554;1;170,00;0,00;
6671;4443;7912;1;330,00;0,00;
6672;4444;7773;1;100,00;0,00;
6673;4445;1534;1;145,00;0,00;
6674;4446;1542;1;260,00;0,00;
6675;4539;8206;1;1.855,00;0,00;
6676;4539;8004;1;435,00;0,00;
6677;4449;1534;3;290,00;0,00;
6678;4449;8097;1;330,00;0,00;
6679;4450;7369;1;560,00;0,00;
6680;4451;7801;1;430,00;0,00;
6681;4452;1540;1;50,00;0,00;
6682;4453;1540;1;60,00;0,00;
6683;4454;1542;1;245,00;0,00;
6684;4454;7949;1;330,00;0,00;
6685;4455;5135;1;100,00;0,00;
6686;4456;1534;1;160,00;0,00;
6687;4456;7972;1;300,00;0,00;
6688;4457;1534;0,5;80,00;0,00;
6689;4458;8205;1;600,00;0,00;
6690;4458;7916;1;330,00;0,00;
6691;4459;1760;1;450,00;0,00;
6692;4459;7821;1;240,00;0,00;
6693;4460;7953;1;250,00;0,00;
6694;4463;1542;1;245,00;0,00;
6695;4463;7972;1;340,00;0,00;
6696;4464;1534;1;120,00;0,00;
6697;4465;7821;1;160,00;0,00;
6698;4466;1534;1;160,00;0,00;
6699;4466;7821;1;220,00;0,00;
6700;4467;1533;1;90,00;0,00;
6701;4467;7821;1;190,00;0,00;
6702;4468;1533;1;100,00;0,00;
6703;4469;7952;1;340,00;0,00;
6704;4470;7821;1;220,00;0,00;
6705;4471;8189;1;480,00;0,00;
6706;4472;1542;1;245,00;0,00;
6707;4472;7821;1;185,00;0,00;
6708;4473;7773;1;100,00;0,00;
6709;4474;8096;1;380,00;0,00;
6710;4601;5627;1;750,00;0,00;
6711;4601;7821;1;150,00;0,00;
6712;4476;1534;1;130,00;0,00;
6713;4476;7821;1;220,00;0,00;
6714;4477;1760;0,5;203,00;0,00;
6716;4477;7821;1;190,00;0,00;
6718;4478;1533;1;90,00;0,00;
6719;4478;1533;1;90,00;0,00;
6720;4477;1534;0,5;73,00;0,00;
6721;4479;1534;1;160,00;0,00;
6722;4479;8096;1;380,00;0,00;
6723;4480;1542;1;245,00;0,00;
6724;4480;7821;1;185,00;0,00;
6725;4481;1534;1;140,00;0,00;
6726;4481;7821;1;190,00;0,00;
6727;4482;7972;1;250,00;0,00;
6728;4483;1534;1;145,00;0,00;
6729;4483;1534;1;145,00;0,00;
6730;4484;1533;1;90,00;0,00;
6731;4486;1554;1;180,00;0,00;
6732;4486;7821;1;220,00;0,00;
6733;4487;1534;1;140,00;0,00;
6734;4487;7821;1;160,00;0,00;
6735;4489;1534;1;145,00;0,00;
6736;4489;7972;1;251,00;0,00;
6737;4490;8178;1;780,00;0,00;
6738;4490;7821;1;180,00;0,00;
6740;4492;1534;1;160,00;0,00;
6741;4492;7821;1;190,00;0,00;
6742;4494;1534;1;160,00;0,00;
6743;4494;7821;1;220,00;0,00;
6744;4495;1533;1;120,00;0,00;
6745;4496;1534;1;145,00;0,00;
6746;4496;8193;1;200,00;0,00;
6747;4497;2287;1;40,00;0,00;
6748;4498;7953;1;250,00;0,00;
6749;4498;7821;1;190,00;0,00;
6750;4500;1533;1;90,00;0,00;
6751;4501;2403;2;680,00;0,00;
6752;4502;1534;1;160,00;0,00;
6753;4502;7821;1;220,00;0,00;
6754;4503;3907;1;79,00;0,00;
6755;4504;1534;1;160,00;0,00;
6756;4504;7821;1;190,00;0,00;
6760;4491;1534;0,5;80,00;0,00;
6761;4491;1542;0,5;225,00;0,00;
6762;4491;7821;1;190,00;0,00;
6763;4507;1760;1;400,00;0,00;
6766;4508;7821;1;190,00;0,00;
6767;4508;1542;1;240,00;0,00;
6768;4509;1760;1;420,00;0,00;
6769;4509;1349;1;100,00;0,00;
6770;4510;8177;1;594,00;0,00;
6772;4511;7972;1;260,00;0,00;
6773;4512;1542;1;260,00;0,00;
6774;4513;1534;1;160,00;0,00;
6775;4514;1554;1;190,00;0,00;
6776;4514;7821;1;190,00;0,00;
6777;4515;3907;1;80,00;0,00;
6778;4516;1533;1;90,00;0,00;
6779;4516;7597;1;580,00;0,00;
6781;4516;2287;1;20,00;0,00;
6782;4517;7855;1;300,00;0,00;
6785;4517;6347;0,5;110,00;0,00;
6786;4517;8102;0,5;590,00;0,00;
6787;4518;1534;1;160,00;0,00;
6788;4518;1349;1;100,00;0,00;
6789;4519;1760;1;400,00;0,00;
6790;4519;7821;1;190,00;0,00;
6791;4520;1534;1;150,00;0,00;
6792;4520;8193;1;200,00;0,00;
6793;4520;8028;1;350,00;0,00;
6794;4522;7952;1;380,00;0,00;
6795;4523;1349;1;100,00;0,00;
6796;4524;1533;1;80,00;0,00;
6797;4525;1349;1;100,00;0,00;
6798;4526;1542;1;260,00;0,00;
6799;4526;7821;1;220,00;0,00;
6800;4527;2058;1;750,00;0,00;
6801;4527;8098;1;330,00;0,00;
6802;4529;5627;1;850,00;0,00;
6803;4530;8205;1;950,00;0,00;
6804;4530;7916;1;300,00;0,00;
6805;4531;7972;1;70,00;0,00;
6806;4531;1542;1;200,00;0,00;
6807;4532;1552;1;190,00;0,00;
6808;4532;5015;1;100,00;0,00;
6809;4533;1554;1;190,00;0,00;
6810;4533;7773;1;100,00;0,00;
6811;4534;1534;1;140,00;0,00;
6812;4534;7821;1;217,00;0,00;
6813;4535;1760;1;450,00;0,00;
6815;4536;8207;1;1.930,00;0,00;
6817;4536;8208;1;300,00;0,00;
6819;4540;1534;1;160,00;0,00;
6820;4541;1542;1;260,00;0,00;
6821;4541;7821;1;190,00;0,00;
6822;4542;1542;1;260,00;0,00;
6823;4543;1534;1;160,00;0,00;
6826;4545;1760;1;400,00;0,00;
6827;4545;7914;1;300,00;0,00;
6828;4546;1542;1;260,00;0,00;
6829;4546;7821;1;190,00;0,00;
6830;4546;1533;0,5;40,00;0,00;
6831;4546;1542;0,5;120,00;0,00;
6832;4546;7821;1;190,00;0,00;
6833;4547;1534;1;160,00;0,00;
6834;4547;7832;1;260,00;0,00;
6835;4548;1534;1;90,00;0,00;
6836;4548;7821;1;140,00;0,00;
6838;4550;1554;1;190,00;0,00;
6839;4551;1542;1;260,00;0,00;
6840;4551;7821;1;190,00;0,00;
6841;4552;1534;1;160,00;0,00;
6842;4553;1534;1;160,00;0,00;
6843;4554;1534;1;160,00;0,00;
6844;4554;7810;1;100,00;0,00;
6845;4556;1542;1;280,00;0,00;
6846;4556;2287;1;20,00;0,00;
6847;4557;1760;1;400,00;0,00;
6848;4558;7329;1;250,00;0,00;
6849;4560;1542;0,5;130,00;0,00;
6850;4560;1533;0,5;45,00;0,00;
6851;4560;7821;1;190,00;0,00;
6852;4561;1760;1;590,00;0,00;
6853;4561;8097;1;330,00;0,00;
6854;4563;5627;1;850,00;0,00;
6855;4563;7821;1;150,00;0,00;
6856;4563;1534;1;145,00;0,00;
6857;4563;7821;1;155,00;0,00;
6858;4564;8193;1;240,00;0,00;
6859;4564;1542;1;260,00;0,00;
6860;4565;7773;1;100,00;0,00;
6861;4566;1542;1;180,00;0,00;
6862;4567;2403;1;240,00;0,00;
6863;4568;1534;1;160,00;0,00;
6864;4569;7578;1;360,00;0,00;
6865;4569;7821;1;220,00;0,00;
6866;4570;7851;1;290,00;0,00;
6867;4570;1534;1;160,00;0,00;
6868;4571;6741;1;550,00;0,00;
6869;4572;2403;1;210,00;0,00;
6870;4573;1554;1;190,00;0,00;
6871;4573;7821;1;190,00;0,00;
6872;4574;1534;1;160,00;0,00;
6873;4575;1552;1;190,00;0,00;
6874;4575;7821;1;180,00;0,00;
6875;4576;1534;1;160,00;0,00;
6876;4576;7930;1;300,00;0,00;
6877;4578;7972;1;230,00;0,00;
6878;4578;7972;1;170,00;0,00;
6879;4579;1534;0,5;80,00;0,00;
6880;4580;1760;1;400,00;0,00;
6881;4580;7972;1;350,00;0,00;
6882;4581;7296;1;230,00;0,00;
6885;4583;1554;1;190,00;0,00;
6886;4583;7972;1;290,00;0,00;
6887;4584;1542;1;230,00;0,00;
6888;4584;7821;1;170,00;0,00;
6890;4587;1534;1;160,00;0,00;
6891;4587;8208;1;330,00;0,00;
6892;4588;1552;1;600,00;0,00;
6893;4587;7972;1;290,00;0,00;
6895;4587;8177;1;590,00;0,00;
6896;4590;1534;1;145,00;0,00;
6897;4590;7821;1;190,00;0,00;
6898;4591;7578;1;400,00;0,00;
6899;4591;7821;1;190,00;0,00;
6900;4592;1540;1;80,00;0,00;
6901;4592;1540;1;80,00;0,00;
6902;4593;1540;1;80,00;0,00;
6903;4594;6347;1;220,00;0,00;
6904;4594;7942;1;330,00;0,00;
6906;4595;2403;1;240,00;0,00;
6907;4596;1769;1;405,00;0,00;
6908;4596;8097;1;320,00;0,00;
6909;4597;1542;1;260,00;0,00;
6910;4597;8104;1;340,00;0,00;
6912;4599;3394;1;79,00;0,00;
6913;4600;7821;1;220,00;0,00;
6914;4602;1534;1;160,00;0,00;
6915;4603;1554;1;190,00;0,00;
6916;4603;7821;1;190,00;0,00;
6917;4604;5627;1;580,00;0,00;
6918;4605;1760;1;438,00;0,00;
6919;4606;1542;1;230,00;0,00;
6920;4606;7821;1;120,00;0,00;
6921;4607;8195;1;630,00;0,00;
6923;4607;7556;1;-540,00;0,00;
6924;4608;2141;1;149,00;0,00;
6925;4609;4581;1;200,00;0,00;
6926;4610;6297;1;49,00;0,00;
6931;4615;1554;1;190,00;0,00;
6932;4616;1554;1;190,00;0,00;
6933;4619;3598;1;149,00;0,00;
6935;4619;1542;1;260,00;0,00;
6936;4621;7821;1;220,00;0,00;
6938;4621;1534;1;160,00;0,00;
6939;4622;8195;1;630,00;0,00;
6940;4624;1542;1;200,00;0,00;
6941;4623;7821;1;220,00;0,00;
6942;4623;1533;1;90,00;0,00;
6943;4623;7821;1;200,00;0,00;
6944;4623;1760;1;520,00;0,00;
6945;4625;5768;1;49,00;0,00;
6946;4626;1542;1;260,00;0,00;
6947;4628;3447;1;49,00;0,00;
6948;4627;1321;1;200,00;0,00;
6950;4629;7446;1;490,00;0,00;
6951;4629;1534;1;160,00;0,00;
6952;4630;7972;1;290,00;0,00;
6953;4630;1552;1;190,00;0,00;
6954;4631;1321;1;320,00;0,00;
6955;4632;2403;1;120,00;0,00;
6956;4632;1533;1;100,00;0,00;
6957;4633;7851;1;320,00;0,00;
6958;4633;7576;1;1.290,00;0,00;
6959;4634;7022;1;149,00;0,00;
6960;4635;4581;1;240,00;0,00;
6961;4636;1721;1;678,00;0,00;
6962;4637;137;2;298,00;0,00;
6963;4638;6203;1;149,00;0,00;
6964;4639;1321;1;280,00;0,00;
6965;4640;1760;1;440,00;0,00;
6966;4640;7821;1;190,00;0,00;
6967;4641;7949;1;324,00;0,00;
6968;4642;794;1;690,00;0,00;
6969;4643;2403;1;210,00;0,00;
6971;4647;8138;1;440,00;0,00;
6972;4648;5378;1;100,00;0,00;
6973;4649;7972;1;260,00;0,00;
6974;4650;5106;1;179,00;0,00;
6975;4651;7972;1;230,00;0,00;
6976;4652;7821;1;200,00;0,00;
6977;4652;1534;1;140,00;0,00;
6978;4652;1321;1;360,00;0,00;
6979;4653;6292;1;49,00;0,00;
6980;4655;7821;1;200,00;0,00;
6981;4655;1554;1;180,00;0,00;
6982;4657;1542;1;235,00;0,00;
6983;4659;7821;1;200,00;0,00;
6984;4659;1534;1;160,00;0,00;
6985;4660;1321;1;640,00;0,00;
6986;4661;5161;1;260,00;0,00;
6987;4662;4581;1;50,00;0,00;
6988;4663;7810;1;120,00;0,00;
6989;4664;1321;1;199,00;0,00;
6990;4666;5015;1;150,00;0,00;
6991;4666;1554;1;150,00;0,00;
6992;4667;3512;1;100,00;0,00;
6993;4668;7810;1;160,00;0,00;
6994;4669;7483;1;190,00;0,00;
6996;4671;7821;1;270,00;0,00;
6997;4671;8102;1;540,00;0,00;
6998;4671;8099;1;490,00;0,00;
6999;4674;1321;1;220,00;0,00;
7000;4675;1321;1;50,00;0,00;
7001;4676;1321;1;190,00;0,00;
7002;4678;1321;1;300,00;0,00;
7003;4679;1534;1;140,00;0,00;
7004;4681;7323;1;250,00;0,00;
7005;4682;1321;1;570,00;0,00;
7006;4683;5122;1;98,00;0,00;
7007;4684;8097;1;400,00;0,00;
7008;4684;8204;1;800,00;0,00;
7009;4685;7732;1;190,00;0,00;
7010;4687;7810;1;200,00;0,00;
7011;4687;6986;1;370,00;0,00;
7012;4688;1534;1;150,00;0,00;
7013;4688;7821;1;180,00;0,00;
7014;4689;4581;1;240,00;0,00;
7015;4692;1534;1;160,00;0,00;
7016;4694;4907;1;200,00;0,00;
7018;4695;1554;1;190,00;0,00;
7019;4696;1321;1;560,00;0,00;
7020;4697;7773;1;100,00;0,00;
7021;4698;1321;1;280,00;0,00;
7022;4700;1554;1;160,00;0,00;
7023;4700;7821;1;190,00;0,00;
7024;4702;1534;1;120,00;0,00;
7025;4703;7732;1;170,00;0,00;
7026;4704;3447;1;49,00;0,00;
7027;4705;1534;1;160,00;0,00;
7028;4705;7493;1;190,00;0,00;
7029;4707;7821;1;195,00;0,00;
7030;4707;1542;1;235,00;0,00;
7031;4708;3589;1;100,00;0,00;
7032;4710;1554;1;170,00;0,00;
7033;4711;8208;1;450,00;0,00;
7034;4711;1533;1;90,00;0,00;
7035;4712;1534;1;160,00;0,00;
7036;4712;6819;1;290,00;0,00;
7037;4714;1542;1;260,00;0,00;
7038;4715;1542;1;260,00;0,00;
7039;4716;1321;1;260,00;0,00;
7040;4717;1321;1;100,00;0,00;
7041;4718;7773;1;100,00;0,00;
7042;4720;7821;1;220,00;0,00;
7043;4720;8178;1;580,00;0,00;
7044;4720;7957;1;980,00;0,00;
7045;4720;7821;1;220,00;0,00;
7046;4722;1321;1;390,00;0,00;
7047;4724;8189;1;540,00;0,00;
7048;4724;7821;1;220,00;0,00;
7051;4726;7576;1;710,00;0,00;
7052;4726;1534;1;160,00;0,00;
7053;4728;1321;1;225,00;0,00;
7054;4727;7922;1;320,00;0,00;
7055;4727;4514;1;260,00;0,00;
7056;4729;8055;1;500,00;0,00;
7057;4730;1321;1;120,00;0,00;
7058;4731;1769;1;530,00;0,00;
7059;4731;7821;1;290,00;0,00;
7060;4732;1534;1;160,00;0,00;
7061;4733;7821;1;100,00;0,00;
7062;4734;3591;1;99,00;0,00;
7063;4736;1552;1;190,00;0,00;
7064;4736;7821;1;220,00;0,00;
7065;4737;5135;1;100,00;0,00;
7066;4738;2403;1;300,00;0,00;
7067;4739;7851;1;280,00;0,00;
7069;4739;8102;1;430,00;0,00;
7070;4740;1542;1;260,00;0,00;
7071;4740;7773;1;100,00;0,00;
7072;4646;2287;1;130,00;0,00;
7074;4742;7952;1;250,00;0,00;
7075;4742;7953;1;340,00;0,00;
7076;4744;8208;1;300,00;0,00;
7077;4744;8178;1;500,00;0,00;
7078;4747;1534;1;160,00;0,00;
7079;4747;1752;1;290,00;0,00;
7080;4749;1769;1;670,00;0,00;
7081;4749;7952;1;330,00;0,00;
7082;4750;1321;1;500,00;0,00;
7083;4751;1534;1;180,00;0,00;
7084;4752;1542;1;100,00;0,00;
7085;4752;7972;1;100,00;0,00;
7086;4753;5940;1;99,00;0,00;
7087;4754;1542;1;260,00;0,00;
7088;4754;3907;1;255,00;0,00;
7089;4755;1542;1;260,00;0,00;
7090;4757;1760;1;380,00;0,00;
7091;4757;7952;1;220,00;0,00;
7092;4758;1721;1;690,00;0,00;
7093;4758;8104;1;310,00;0,00;
7094;4759;1321;1;470,00;0,00;
7095;4762;7810;1;160,00;0,00;
7096;4762;8151;1;560,00;0,00;
7097;4763;1552;1;370,00;0,00;
7098;4764;1542;1;250,00;0,00;
7099;4764;8047;1;320,00;0,00;
7100;4767;1554;1;190,00;0,00;
7101;4767;7821;1;180,00;0,00;
7102;4768;7288;1;220,00;0,00;
7103;4768;7821;1;120,00;0,00;
7104;4768;1542;1;230,00;0,00;
7105;4768;1542;1;230,00;0,00;
7106;4769;7821;1;100,00;0,00;
7107;4770;3907;1;140,00;0,00;
7108;4771;1321;1;60,00;0,00;
7109;4772;1542;1;260,00;0,00;
7110;4772;8097;1;340,00;0,00;
7111;4773;8180;1;590,00;0,00;
7112;4774;7972;1;270,00;0,00;
7113;4774;5015;1;240,00;0,00;
7114;4774;1760;1;490,00;0,00;
7115;4776;1542;1;260,00;0,00;
7116;4776;1321;1;100,00;0,00;
7117;4777;1542;1;230,00;0,00;
7118;4777;7821;1;200,00;0,00;
7119;4779;1349;1;200,00;0,00;
7120;4779;1534;1;150,00;0,00;
7121;4780;1321;1;80,00;0,00;
7122;4781;3551;1;49,00;0,00;
7123;4782;7972;1;230,00;0,00;
7124;4783;1542;1;260,00;0,00;
7125;4741;1542;1;290,00;0,00;
7126;4784;1542;1;260,00;0,00;
7127;4784;7987;1;500,00;0,00;
7128;4785;8165;1;460,00;0,00;
7130;4785;1533;1;100,00;0,00;
7131;4786;8193;1;200,00;0,00;
7132;4786;8177;1;1.500,00;0,00;
7133;4788;1542;1;250,00;0,00;
7134;4788;7851;1;330,00;0,00;
7135;4789;7987;1;380,00;0,00;
7136;4789;7821;1;140,00;0,00;
7137;4790;2287;1;110,00;0,00;
7139;4792;1321;1;240,00;0,00;
7140;4794;7576;1;1.290,00;0,00;
7141;4794;7851;1;320,00;0,00;
7142;4795;7825;1;340,00;0,00;
7143;4795;5627;1;710,00;0,00;
7144;4797;6722;1;490,00;0,00;
7145;4797;1534;1;210,00;0,00;
7146;4798;7987;1;390,00;0,00;
7147;4798;1349;1;100,00;0,00;
7148;4800;1542;1;280,00;0,00;
7149;4802;1542;1;260,00;0,00;
7150;4802;4197;1;310,00;0,00;
7151;4804;1534;1;280,00;0,00;
7152;4803;8031;1;340,00;0,00;
7153;4803;1760;1;520,00;0,00;
7154;4805;6820;1;100,00;0,00;
7156;4806;1534;1;180,00;0,00;
7157;4806;7821;1;190,00;0,00;
7159;4803;7719;1;240,00;0,00;
7160;4808;1542;1;280,00;0,00;
7161;4808;7352;1;250,00;0,00;
7162;4810;8177;1;760,00;0,00;
7163;4811;1533;1;100,00;0,00;
7165;4813;6738;1;490,00;0,00;
7167;4813;1752;1;290,00;0,00;
7168;4813;7756;1;190,00;0,00;
7169;4814;1321;1;100,00;0,00;
7170;4815;1533;1;90,00;0,00;
7171;4815;2173;1;100,00;0,00;
7172;4816;2287;1;70,00;0,00;
7173;4816;1760;1;450,00;0,00;
7174;4817;4581;1;240,00;0,00;
7175;4818;1321;1;140,00;0,00;
7176;4819;7810;1;190,00;0,00;
7177;4819;8026;1;390,00;0,00;
7179;4820;8107;1;380,00;0,00;
7180;4821;2403;1;240,00;0,00;
7181;4823;1534;1;160,00;0,00;
7182;4823;8193;1;220,00;0,00;
7183;4824;1349;1;100,00;0,00;
7184;4824;1534;1;150,00;0,00;
7185;4825;2287;1;100,00;0,00;
7186;4826;1349;1;100,00;0,00;
7187;4826;1542;1;260,00;0,00;
7188;4826;1828;1;220,00;0,00;
7189;4828;1542;1;180,00;0,00;
7190;4828;6713;1;620,00;0,00;
7191;4829;1542;1;280,00;0,00;
7192;4830;1554;1;190,00;0,00;
7194;4830;7878;1;280,00;0,00;
7195;4832;8045;1;380,00;0,00;
7196;4832;7578;1;590,00;0,00;
7197;4833;1321;1;290,00;0,00;
7198;4834;1752;1;280,00;0,00;
7199;4834;7821;1;220,00;0,00;
7200;4835;1321;1;340,00;0,00;
7201;4837;1752;1;290,00;0,00;
7202;4838;8031;1;340,00;0,00;
7203;4838;3259;1;1.056,00;0,00;
7205;4839;1542;1;260,00;0,00;
7206;4840;8201;1;220,00;0,00;
7207;4840;8020;1;340,00;0,00;
7208;4841;8193;1;300,00;0,00;
7209;4841;5627;1;800,00;0,00;
7210;4842;3512;1;100,00;0,00;
7211;4843;8193;1;190,00;0,00;
7212;4844;1534;0,5;70,00;0,00;
7213;4845;7821;1;220,00;0,00;
7214;4845;1534;1;160,00;0,00;
7215;4847;1349;1;100,00;0,00;
7216;4847;1534;1;150,00;0,00;
7217;4848;7987;1;540,00;0,00;
7218;4848;1779;1;490,00;0,00;
7219;4849;5627;1;790,00;0,00;
7220;4849;7914;1;380,00;0,00;
7221;4850;1321;1;220,00;0,00;
7222;4851;1554;1;170,00;0,00;
7223;4852;1533;1;90,00;0,00;
7224;4854;1760;1;550,00;0,00;
7225;4856;7821;1;270,00;0,00;
7228;4856;7810;1;200,00;0,00;
7229;4856;1668;1;190,00;0,00;
7230;4856;7821;1;270,00;0,00;
7231;4857;7773;1;190,00;0,00;
7232;4857;1542;1;260,00;0,00;
7233;4858;1321;1;280,00;0,00;
7235;4859;1552;0,5;90,00;0,00;
7236;4860;1321;1;230,00;0,00;
7237;4861;1721;1;690,00;0,00;
7238;4861;1349;1;110,00;0,00;
7239;4861;7972;1;280,00;0,00;
7240;4862;7972;1;280,00;0,00;
7241;4864;7987;1;350,00;0,00;
7242;4864;8193;1;100,00;0,00;
7243;4864;1760;1;470,00;0,00;
7244;4866;1534;1;160,00;0,00;
7245;4866;7821;1;270,00;0,00;
7246;4867;1540;1;300,00;0,00;
7247;4869;7952;1;340,00;0,00;
7248;4869;1542;1;260,00;0,00;
7249;4870;3512;1;80,00;0,00;
7250;4871;1534;1;160,00;0,00;
7251;4872;1552;1;190,00;0,00;
7252;4873;4581;1;340,00;0,00;
7253;4874;6011;1;590,00;0,00;
7254;4874;1760;1;490,00;0,00;
7255;4875;1534;1;100,00;0,00;
7256;4875;1349;1;100,00;0,00;
7257;4877;1542;1;230,00;0,00;
7258;4878;1534;1;145,00;0,00;
7259;4880;1349;1;100,00;0,00;
7260;4880;1542;1;280,00;0,00;
7261;4881;1528;1;90,00;0,00;
7262;4882;1321;1;1.380,00;0,00;
7263;4883;1534;1;140,00;0,00;
7264;4883;1349;1;100,00;0,00;
7265;4884;1321;1;190,00;0,00;
7266;4886;1534;1;100,00;0,00;
7267;4886;1534;1;140,00;0,00;
7268;4887;1534;1;160,00;0,00;
7269;4888;5990;1;99,00;0,00;
7270;4889;1321;1;360,00;0,00;
7271;4890;7810;0,5;40,00;0,00;
7272;4891;1554;1;215,00;0,00;
7273;4891;8135;1;455,00;0,00;
7274;4893;1321;1;550,00;0,00;
7275;4895;1542;1;250,00;0,00;
7276;4896;1534;1;160,00;0,00;
7277;4896;3512;1;100,00;0,00;
7278;4897;7972;1;260,00;0,00;
7280;4898;1534;1;160,00;0,00;
7281;4898;1534;1;160,00;0,00;
7282;4898;1349;1;100,00;0,00;
7283;4898;8173;1;560,00;0,00;
7284;4898;7972;1;190,00;0,00;
7285;4899;1321;1;600,00;0,00;
7286;4900;1321;1;480,00;0,00;
7287;4901;1760;1;490,00;0,00;
7288;4901;1022;1;730,00;0,00;
7289;4902;7953;1;280,00;0,00;
7290;4903;1542;1;200,00;0,00;
7291;4904;1534;1;150,00;0,00;
7292;4905;1542;1;290,00;0,00;
7293;4906;1760;1;482,00;0,00;
7294;4906;2123;1;598,00;0,00;
7295;4907;4907;1;49,00;0,00;
7296;4908;7952;1;370,00;0,00;
7297;4908;1542;1;200,00;0,00;
7298;4908;1760;1;440,00;0,00;
7299;4908;7996;1;490,00;0,00;
7300;4909;1534;1;160,00;0,00;
7301;4910;7972;1;190,00;0,00;
7302;4912;6347;1;230,00;0,00;
7303;4913;1321;1;120,00;0,00;
7304;4914;1349;1;49,00;0,00;
7305;4915;1321;1;540,00;0,00;
7306;4916;1788;1;380,00;0,00;
7307;4916;7578;1;590,00;0,00;
7308;4917;4581;1;200,00;0,00;
7309;4918;1321;1;520,00;0,00;
7310;4920;3316;1;160,00;0,00;
7311;4921;2734;1;90,00;0,00;
7312;4921;1542;1;260,00;0,00;
7313;4923;7375;1;590,00;0,00;
7314;4925;7821;1;200,00;0,00;
7315;4925;1534;1;160,00;0,00;
7316;4926;1554;1;180,00;0,00;
7317;4927;1534;1;160,00;0,00;
7318;4928;1760;1;540,00;0,00;
7319;4928;7821;1;260,00;0,00;
7320;4931;7821;1;140,00;0,00;
7321;4931;1534;1;160,00;0,00;
7322;4932;6429;1;300,00;0,00;
7323;4932;1534;1;160,00;0,00;
7324;4933;1542;1;250,00;0,00;
7325;4840;1542;1;260,00;0,00;
7326;4934;1760;1;760,00;0,00;
7327;4934;7732;1;180,00;0,00;
7328;4935;4581;1;240,00;0,00;
7329;4936;1534;0,5;80,00;0,00;
7330;4936;1760;0,5;275,00;0,00;
7331;4937;5367;1;584,00;0,00;
7332;4938;466;1;500,00;0,00;
7333;4938;5015;1;45,00;0,00;
7334;4938;5015;1;45,00;0,00;
7335;4939;6602;1;349,00;0,00;
7336;4939;8189;1;385,00;0,00;
7337;4940;1534;1;160,00;0,00;
7338;4941;1542;1;270,00;0,00;
7339;4941;8098;1;380,00;0,00;
7340;4941;7821;1;230,00;0,00;
7341;4941;1542;1;270,00;0,00;
7342;4942;1760;1;495,00;0,00;
7343;4943;7636;1;684,00;0,00;
7344;4944;1534;1;130,00;0,00;
7346;4947;1321;1;280,00;0,00;
7348;4952;1534;1;140,00;0,00;
7349;4955;1542;1;260,00;0,00;
7350;4955;7833;1;240,00;0,00;
7351;4956;7698;1;180,00;0,00;
7352;4957;1534;1;160,00;0,00;
7353;4957;1349;1;100,00;0,00;
7354;4958;1349;1;120,00;0,00;
7355;4959;8132;1;540,00;0,00;
7356;4960;1534;1;160,00;0,00;
7357;4960;8193;1;220,00;0,00;
7358;4961;1542;1;260,00;0,00;
7359;4963;7981;1;340,00;0,00;
7360;4963;1542;1;260,00;0,00;
7361;4963;1760;1;450,00;0,00;
7362;4963;7942;1;350,00;0,00;
7363;4964;1554;1;150,00;0,00;
7364;4965;1370;1;80,00;0,00;
7365;4966;7821;1;200,00;0,00;
7366;4966;1534;1;150,00;0,00;
7367;4967;2287;1;25,00;0,00;
7368;4968;3420;1;150,00;0,00;
7369;4969;7953;2;520,00;0,00;
7370;4969;7433;1;540,00;0,00;
7371;4969;7850;1;340,00;0,00;
7372;4970;1554;1;200,00;0,00;
7373;4971;1534;2;320,00;0,00;
7374;4971;7821;1;200,00;0,00;
7375;4971;7773;1;100,00;0,00;
7376;4972;1542;1;250,00;0,00;
7377;4972;7821;1;200,00;0,00;
7378;4973;1542;1;270,00;0,00;
7379;4974;1542;1;280,00;0,00;
7380;4974;3907;1;120,00;0,00;
7381;4975;1760;1;450,00;0,00;
7382;4975;8041;1;340,00;0,00;
7383;4976;1542;1;260,00;0,00;
7384;4976;7914;1;340,00;0,00;
7385;4977;1534;1;140,00;0,00;
7386;4977;7821;1;140,00;0,00;
7388;4977;1533;1;90,00;0,00;
7389;4979;6347;0,5;110,00;0,00;
7390;4979;1534;0,5;80,00;0,00;
7391;4979;5777;1;480,00;0,00;
7392;4980;7810;1;150,00;0,00;
7393;4981;1534;1;160,00;0,00;
7394;4981;1534;1;160,00;0,00;
7395;4981;7821;1;190,00;0,00;
7396;4981;1349;1;100,00;0,00;
7397;4982;1542;1;260,00;0,00;
7398;4982;8006;1;490,00;0,00;
7399;4983;4514;1;260,00;0,00;
7400;4984;4581;1;240,00;0,00;
7401;4985;7972;1;260,00;0,00;
7402;4985;7972;1;260,00;0,00;
7403;4986;1534;1;140,00;0,00;
7404;4987;1534;1;140,00;0,00;
7405;4987;8209;1;500,00;0,00;
7407;4989;1534;1;160,00;0,00;
7408;4991;1760;1;410,00;0,00;
7409;4991;7273;1;220,00;0,00;
7411;4992;8193;1;200,00;0,00;
7412;4992;4514;1;230,00;0,00;
7413;4993;1542;1;260,00;0,00;
7414;4993;5926;1;380,00;0,00;
7415;4994;3587;1;49,00;0,00;
7416;4995;1552;1;190,00;0,00;
7417;4996;1542;1;230,00;0,00;
7418;4996;7821;1;160,00;0,00;
7419;4997;7810;1;100,00;0,00;
7420;4998;1534;1;160,00;0,00;
7421;4998;8105;1;380,00;0,00;
7422;4999;1534;1;140,00;0,00;
7423;4999;7305;1;250,00;0,00;
7424;5001;7471;1;480,00;0,00;
7428;5001;1534;0,5;40,00;0,00;
7429;5001;1760;0,5;230,00;0,00;
7430;5002;1534;1;120,00;0,00;
7431;5002;8013;1;440,00;0,00;
7432;5002;1542;1;220,00;0,00;
7433;5002;7972;1;220,00;0,00;
7434;5003;7972;1;290,00;0,00;
7435;5003;1534;1;160,00;0,00;
7436;5004;1721;1;580,00;0,00;
7437;5004;8193;1;200,00;0,00;
7438;5005;8156;1;640,00;0,00;
7439;5005;1534;1;160,00;0,00;
7440;5006;8193;1;190,00;0,00;
7441;5006;1534;1;120,00;0,00;
7442;5007;1534;1;120,00;0,00;
7443;5007;1349;1;90,00;0,00;
7444;5008;1534;1;130,00;0,00;
7445;5009;1552;1;190,00;0,00;
7446;5009;7821;1;140,00;0,00;
7447;5010;1349;1;100,00;0,00;
7448;5011;1533;1;45,00;0,00;
7449;5012;1483;1;480,00;0,00;
7450;5012;1542;1;260,00;0,00;
7451;5013;7345;1;250,00;0,00;
7452;5014;1349;1;100,00;0,00;
7453;5018;1552;1;190,00;0,00;
7454;5018;8193;1;200,00;0,00;
7455;5019;1534;1;120,00;0,00;
7456;5019;7323;1;230,00;0,00;
7457;5020;8201;1;430,00;0,00;
7458;5020;7176;1;220,00;0,00;
7459;5021;1752;1;280,00;0,00;
7460;5022;7972;1;300,00;0,00;
7461;5022;1542;1;220,00;0,00;
7462;5022;1534;0,5;70,00;0,00;
7463;5023;1534;1;160,00;0,00;
7464;5023;1349;1;100,00;0,00;
7465;5024;1534;0,5;70,00;0,00;
7466;5026;1534;1;160,00;0,00;
7467;5026;8193;1;200,00;0,00;
7468;5028;7972;1;280,00;0,00;
7469;5029;1552;1;170,00;0,00;
7470;5024;5231;1;100,00;0,00;
7471;5030;1554;1;170,00;0,00;
7472;5030;1542;0,5;110,00;0,00;
7473;5031;1542;1;260,00;0,00;
7474;5031;7821;1;260,00;0,00;
7475;5032;1534;1;160,00;0,00;
7476;5033;7517;1;260,00;0,00;
7477;5033;1542;1;260,00;0,00;
7478;5034;1529;1;120,00;0,00;
7479;5035;1721;1;400,00;0,00;
7480;5035;7345;1;180,00;0,00;
7481;5036;8143;1;350,00;0,00;
7482;5037;5983;1;450,00;0,00;
7483;5038;1533;1;130,00;0,00;
7484;5039;1542;1;260,00;0,00;
7485;5039;7972;1;340,00;0,00;
7486;5040;7821;1;260,00;0,00;
7487;5040;1534;1;160,00;0,00;
7488;5041;7953;1;270,00;0,00;
7489;5041;7821;1;260,00;0,00;
7490;5042;1534;1;160,00;0,00;
7491;5042;7821;1;200,00;0,00;
7492;5043;1534;1;130,00;0,00;
7493;5043;7821;1;240,00;0,00;
7494;5044;1542;1;260,00;0,00;
7495;5044;2;1;470,00;0,00;
7496;5045;7953;1;160,00;0,00;
7497;5045;7821;1;260,00;0,00;
7499;5046;8210;1;730,00;0,00;
7500;5046;1534;0,5;110,00;0,00;
7501;5046;8102;0,5;590,00;0,00;
7502;5047;1534;1;160,00;0,00;
7504;5047;8173;1;520,00;0,00;
7505;5048;4581;1;240,00;0,00;
7506;5049;6347;1;230,00;0,00;
7507;5049;7821;1;230,00;0,00;
7508;5050;1526;1;90,00;0,00;
7509;5051;1534;1;160,00;0,00;
7510;5052;1533;1;70,00;0,00;
7511;5053;1534;1;170,00;0,00;
7512;5054;5133;1;100,00;0,00;
7513;5055;1760;1;450,00;0,00;
7514;5055;7821;1;250,00;0,00;
7515;5056;7972;1;300,00;0,00;
7516;5057;1542;1;220,00;0,00;
7517;5057;8193;1;160,00;0,00;
7518;5058;1542;1;210,00;0,00;
7519;5059;5627;1;700,00;0,00;
7520;5059;7821;1;200,00;0,00;
7521;5060;1534;1;120,00;0,00;
7522;5061;1534;1;160,00;0,00;
7523;5061;7821;1;260,00;0,00;
7524;5062;1534;1;140,00;0,00;
7525;5063;1534;1;160,00;0,00;
7526;5063;7821;1;260,00;0,00;
7527;5064;7821;1;260,00;0,00;
7528;5065;7578;1;340,00;0,00;
7529;5065;8011;1;490,00;0,00;
7531;5066;1349;1;120,00;0,00;
7532;5068;7569;1;396,00;0,00;
7533;5069;1542;1;260,00;0,00;
7534;5069;1349;1;100,00;0,00;
7535;5070;7972;1;250,00;0,00;
7536;5071;1349;1;100,00;0,00;
7537;5072;1534;1;140,00;0,00;
7538;5072;7821;1;190,00;0,00;
7539;5073;1554;1;190,00;0,00;
7540;5074;1554;1;190,00;0,00;
7541;5074;7821;1;240,00;0,00;
7542;5075;2403;1;250,00;0,00;
7543;5076;1534;1;150,00;0,00;
7544;5076;7821;1;200,00;0,00;
7545;5077;1426;1;90,00;0,00;
7546;5078;1349;1;100,00;0,00;
7547;5078;1542;1;260,00;0,00;
7548;5079;1534;1;160,00;0,00;
7549;5079;1349;1;140,00;0,00;
7550;5080;1534;1;100,00;0,00;
7551;5081;1554;1;190,00;0,00;
7552;5081;7821;1;190,00;0,00;
7553;5083;4473;1;690,00;0,00;
7554;5084;1533;1;90,00;0,00;
7555;5084;5015;1;100,00;0,00;
7557;5085;7972;1;290,00;0,00;
7558;5085;8211;1;300,00;0,00;
7559;5086;4049;1;100,00;0,00;
7560;5088;6347;1;310,00;0,00;
7561;5088;7821;1;190,00;0,00;
7562;5090;1534;1;160,00;0,00;
7563;5090;7773;1;100,00;0,00;
7564;5091;1542;1;260,00;0,00;
7565;5093;1554;1;190,00;0,00;
7567;5094;8213;1;380,00;0,00;
7569;5094;7576;1;2.062,00;0,00;
7570;5095;7821;1;200,00;0,00;
7571;5096;1542;1;260,00;0,00;
7572;5097;1534;1;90,00;0,00;
7573;5097;7972;1;230,00;0,00;
7574;5098;7821;1;200,00;0,00;
7575;5099;1542;1;260,00;0,00;
7576;5099;3109;1;260,00;0,00;
7577;5100;5049;1;49,00;0,00;
7578;5101;1540;1;60,00;0,00;
7579;5101;1540;1;60,00;0,00;
7580;5102;1540;1;60,00;0,00;
7581;5103;1534;1;160,00;0,00;
7582;5103;7952;1;380,00;0,00;
7583;5104;1534;1;150,00;0,00;
7584;5104;7821;1;220,00;0,00;
7585;5105;1540;1;60,00;0,00;
7586;5106;7821;1;250,00;0,00;
7587;5107;1554;1;160,00;0,00;
7588;5109;7821;1;210,00;0,00;
7589;5110;1760;1;190,00;0,00;
7590;5111;1405;1;140,00;0,00;
7591;5111;1534;1;160,00;0,00;
7592;5112;1760;1;190,00;0,00;
7593;5113;1534;1;160,00;0,00;
7594;5113;7952;1;380,00;0,00;
7595;5114;1540;1;60,00;0,00;
7596;5116;1534;1;0,00;0,00;
7597;5116;7951;1;270,00;0,00;
7598;5117;2403;1;110,00;0,00;
7599;5118;1534;1;100,00;0,00;
7600;5118;7773;1;90,00;0,00;
7601;5119;1534;1;160,00;0,00;
7602;5119;7821;1;200,00;0,00;
7603;5120;8193;1;120,00;0,00;
7604;5120;1542;1;260,00;0,00;
7605;5120;7972;1;380,00;0,00;
7606;5121;1554;1;160,00;0,00;
7607;5122;1534;1;160,00;0,00;
7608;5122;7951;1;380,00;0,00;
7609;5123;6347;1;290,00;0,00;
7610;5123;7821;1;190,00;0,00;
7612;5124;7821;1;260,00;0,00;
7613;5124;1534;1;160,00;0,00;
7614;5125;1534;1;160,00;0,00;
7615;5125;7980;1;440,00;0,00;
7616;5126;1542;1;240,00;0,00;
7617;5127;1760;1;190,00;0,00;
7618;5128;7821;1;170,00;0,00;
7619;5129;1554;1;170,00;0,00;
7620;5129;7821;1;200,00;0,00;
7621;5130;1542;1;260,00;0,00;
7622;5131;1760;1;200,00;0,00;
7623;5131;8193;1;0,00;0,00;
7624;5132;1760;1;600,00;0,00;
7625;5132;7972;1;250,00;0,00;
7626;5133;1542;1;260,00;0,00;
7627;5134;1721;1;420,00;0,00;
7628;5135;5066;1;500,00;0,00;
7629;5136;1534;1;160,00;0,00;
7630;5136;7916;1;380,00;0,00;
7631;5137;1534;1;160,00;0,00;
7632;5137;7916;1;380,00;0,00;
7633;5138;5627;1;750,00;0,00;
7634;5138;7820;1;470,00;0,00;
7635;5139;1542;1;260,00;0,00;
7636;5139;8213;1;380,00;0,00;
7637;5140;5627;1;790,00;0,00;
7638;5140;7821;1;210,00;0,00;
7639;5141;5627;1;790,00;0,00;
7640;5141;7821;1;210,00;0,00;
7641;5142;7810;1;100,00;0,00;
7642;5143;1760;1;490,00;0,00;
7643;5143;8193;1;200,00;0,00;
7644;5144;8193;1;220,00;0,00;
7645;5144;8193;1;220,00;0,00;
7646;5144;1562;1;540,00;0,00;
7647;5144;1534;1;160,00;0,00;
7648;5146;1542;1;260,00;0,00;
7649;5146;7821;1;240,00;0,00;
7650;5147;1542;1;260,00;0,00;
7651;5147;7821;1;240,00;0,00;
7652;5148;7972;1;260,00;0,00;
7654;5150;8221;1;530,00;0,00;
7655;5151;7380;1;790,00;0,00;
7656;5151;6627;1;590,00;0,00;
7657;5152;1542;1;260,00;0,00;
7658;5152;8193;1;100,00;0,00;
7659;5154;1542;1;230,00;0,00;
7660;5154;7986;1;400,00;0,00;
7661;5155;1349;1;90,00;0,00;
7662;5156;1528;1;105,00;0,00;
7664;5158;1534;1;130,00;0,00;
7665;5159;1349;1;100,00;0,00;
7666;5160;8193;1;100,00;0,00;
7667;5161;1542;1;260,00;0,00;
7668;5161;8212;1;380,00;0,00;
7669;5162;1542;1;230,00;0,00;
7670;5162;8009;1;490,00;0,00;
7672;5164;1534;1;160,00;0,00;
7673;5165;1760;1;400,00;0,00;
7674;5165;7773;1;90,00;0,00;
7675;5166;1531;1;110,00;0,00;
7676;5167;7369;1;500,00;0,00;
7677;5168;1760;1;190,00;0,00;
7678;5169;1349;1;100,00;0,00;
7679;5170;7830;1;580,00;0,00;
7680;5171;7864;1;1.455,00;0,00;
7681;5171;7951;1;330,00;0,00;
7682;5172;3529;1;340,00;0,00;
7683;5173;7821;1;220,00;0,00;
7684;5174;1534;1;160,00;0,00;
7685;5175;4119;1;250,00;0,00;
7686;5176;1534;1;160,00;0,00;
7687;5177;1542;1;260,00;0,00;
7688;5177;8213;1;380,00;0,00;
7689;5178;8223;1;1.180,00;0,00;
7690;5178;8193;1;240,00;0,00;
7691;5179;1552;0,5;80,00;0,00;
7692;5180;1349;1;100,00;0,00;
7693;5181;1534;1;160,00;0,00;
7694;5182;7987;1;390,00;0,00;
7695;5182;7821;1;260,00;0,00;
7696;5184;1534;0,5;80,00;0,00;
7697;5185;1534;1;0,00;0,00;
7698;5185;7821;1;260,00;0,00;
7699;5188;1542;1;260,00;0,00;
7700;5188;7952;1;380,00;0,00;
7701;5189;6601;1;250,00;0,00;
7702;5190;1534;1;160,00;0,00;
7703;5190;7821;1;260,00;0,00;
7704;5191;5135;1;100,00;0,00;
7705;5192;1752;1;280,00;0,00;
7706;5193;1554;1;190,00;0,00;
7707;5193;1349;1;110,00;0,00;
7708;5194;8193;1;180,00;0,00;
7709;5195;1554;1;170,00;0,00;
7710;5195;7821;1;130,00;0,00;
7712;5196;8224;1;349,00;0,00;
7713;5197;8224;1;349,00;0,00;
7714;5198;1540;1;70,00;0,00;
7715;5199;1542;1;280,00;0,00;
7716;5200;1542;1;230,00;0,00;
7717;5201;7773;1;100,00;0,00;
7718;5202;1542;1;260,00;0,00;
7719;5202;7952;1;380,00;0,00;
7720;5203;1349;1;100,00;0,00;
7725;5204;8225;1;530,00;0,00;
7726;5205;1534;1;130,00;0,00;
7727;5206;1721;1;590,00;0,00;
7728;5207;1542;1;260,00;0,00;
7729;5208;1760;1;450,00;0,00;
7730;5209;1534;1;160,00;0,00;
7731;5209;7952;1;380,00;0,00;
7732;5210;1554;1;190,00;0,00;
7733;5210;8193;1;190,00;0,00;
7734;5211;3062;1;290,00;0,00;
7735;5212;1769;1;590,00;0,00;
7736;5212;1534;1;160,00;0,00;
7737;5212;7821;1;260,00;0,00;
7738;5213;1815;1;49,00;0,00;
7739;5214;8193;1;100,00;0,00;
7740;5215;1542;1;245,00;0,00;
7741;5215;1542;1;245,00;0,00;
7742;5216;1760;1;400,00;0,00;
7743;5216;7821;1;190,00;0,00;
7744;5217;1534;1;120,00;0,00;
7746;5218;1752;0,5;140,00;0,00;
7749;5218;1752;1;280,00;0,00;
7750;5218;7904;1;380,00;0,00;
7752;5219;1562;1;540,00;0,00;
7753;5219;7821;1;260,00;0,00;
7754;5220;1534;1;150,00;0,00;
7755;5221;4383;1;49,00;0,00;
7756;5222;6601;1;290,00;0,00;
7757;5223;1542;1;180,00;0,00;
7758;5224;5201;1;290,00;0,00;
7759;5225;1534;1;160,00;0,00;
7760;5226;1554;1;190,00;0,00;
7761;5227;3907;1;49,00;0,00;
7762;5228;5135;1;110,00;0,00;
7763;5228;2287;1;20,00;0,00;
7764;5230;1542;1;260,00;0,00;
7765;5231;1542;1;260,00;0,00;
7766;5232;1760;1;400,00;0,00;
7767;5232;1349;1;100,00;0,00;
7768;5233;1542;1;260,00;0,00;
7769;5233;5865;1;140,00;0,00;
7770;5234;1534;1;160,00;0,00;
7771;5234;7949;1;380,00;0,00;
7772;5235;1534;1;160,00;0,00;
7773;5236;7821;1;220,00;0,00;
7774;5237;2403;1;240,00;0,00;
7775;5238;5627;1;860,00;0,00;
7776;5239;7952;1;330,00;0,00;
7777;5239;1534;1;90,00;0,00;
7780;5241;4145;1;250,00;0,00;
7781;5243;5378;1;120,00;0,00;
7782;5245;1542;1;410,00;0,00;
7784;5245;765;1;290,00;0,00;
7785;5246;1554;1;190,00;0,00;
7786;5247;1349;1;100,00;0,00;
7787;5248;1542;1;260,00;0,00;
7788;5249;7972;1;240,00;0,00;
7789;5250;1534;1;130,00;0,00;
7790;5250;7821;1;210,00;0,00;
7791;5251;7959;1;640,00;0,00;
7792;5252;6599;1;290,00;0,00;
7793;5253;1542;1;260,00;0,00;
7794;5253;7821;1;220,00;0,00;
7795;5254;8197;1;690,00;0,00;
7796;5254;7959;-1;640,00;0,00;
7797;5255;7959;-1;-640,00;0,00;
7798;5255;8197;1;690,00;0,00;
7799;5256;1554;0,5;95,00;0,00;
7800;5257;8193;1;100,00;0,00;
7801;5258;1542;1;260,00;0,00;
7802;5259;1530;1;125,00;0,00;
7803;5260;7024;1;160,00;0,00;
7804;5261;1534;1;160,00;0,00;
7805;5261;7921;1;380,00;0,00;
7806;5262;1542;1;260,00;0,00;
7808;5263;7773;1;100,00;0,00;
7809;5263;1752;1;260,00;0,00;
7810;5262;1349;1;100,00;0,00;
7811;5264;1542;1;240,00;0,00;
7813;5264;7795;1;150,00;0,00;
7814;5265;1721;1;600,00;0,00;
7815;5266;8198;1;610,00;0,00;
7816;5266;1534;1;160,00;0,00;
7817;5267;1542;1;220,00;0,00;
7818;5268;1542;1;230,00;0,00;
7820;5268;7821;1;200,00;0,00;
7821;5269;1349;1;100,00;0,00;
7822;5270;1534;1;120,00;0,00;
7824;5270;7434;1;370,00;0,00;
7825;5271;4657;1;790,00;0,00;
7826;5272;1349;1;100,00;0,00;
7827;5273;1542;1;230,00;0,00;
7828;5273;7821;1;230,00;0,00;
7829;5274;4497;1;100,00;0,00;
7830;5275;1542;1;260,00;0,00;
7831;5275;1349;1;100,00;0,00;
7832;5276;1721;1;678,00;0,00;
7833;5277;1752;1;280,00;0,00;
7834;5277;8041;1;380,00;0,00;
7835;5278;7821;1;190,00;0,00;
7836;5279;1533;0,5;40,00;0,00;
7837;5280;1534;1;120,00;0,00;
7838;5280;1349;1;100,00;0,00;
7839;5281;1554;1;190,00;0,00;
7840;5282;7510;1;240,00;0,00;
7841;5282;1534;1;120,00;0,00;
7842;5283;1534;1;160,00;0,00;
7843;5283;8193;1;230,00;0,00;
7844;5285;5463;1;500,00;0,00;
7845;5286;1349;1;100,00;0,00;
7846;5286;7972;1;200,00;0,00;
7847;5287;5578;1;260,00;0,00;
7848;5287;7859;1;340,00;0,00;
7849;5288;1760;1;200,00;0,00;
7850;5289;1542;1;290,00;0,00;
7851;5290;1542;1;250,00;0,00;
7852;5292;1554;1;190,00;0,00;
7853;5292;1349;1;100,00;0,00;
7854;5294;1542;1;260,00;0,00;
7855;5295;4581;1;250,00;0,00;
7856;5296;1534;1;160,00;0,00;
7857;5296;1349;1;100,00;0,00;
7858;5297;7953;1;250,00;0,00;
7859;5298;1760;1;450,00;0,00;
7860;5299;1534;1;160,00;0,00;
7861;5299;7821;1;220,00;0,00;
7862;5300;7821;1;230,00;0,00;
7863;5302;7821;1;200,00;0,00;
7864;5303;1534;1;120,00;0,00;
7865;5303;7821;1;230,00;0,00;
7866;5304;4125;1;550,00;0,00;
7867;5304;7972;;260,00;0,00;
7868;5305;7972;1;260,00;0,00;
7871;5308;8228;0,5;1.135,00;0,00;
7872;5309;7821;1;280,00;0,00;
7873;5310;5133;1;130,00;0,00;
7874;5311;5940;1;340,00;0,00;
7875;5312;1542;1;420,00;0,00;
7876;5312;7972;1;290,00;0,00;
7877;5313;1542;1;260,00;0,00;
7878;5314;1542;1;200,00;0,00;
7879;5315;1534;1;160,00;0,00;
7880;5316;8177;1;840,00;0,00;
7881;5316;4145;1;340,00;0,00;
7883;5317;4145;1;320,00;0,00;
7884;5317;8229;1;900,00;0,00;
7885;5318;1534;1;120,00;0,00;
7886;5318;7957;1;1.070,00;0,00;
7889;5318;1349;1;100,00;0,00;
7890;5318;8193;1;100,00;0,00;
7891;5318;5832;1;100,00;0,00;
7892;5318;8230;1;550,00;0,00;
7893;5318;8230;1;550,00;0,00;
7897;5319;1542;1;230,00;0,00;
7898;5319;7345;1;270,00;0,00;
7899;5320;1349;1;100,00;0,00;
7900;5320;1534;1;130,00;0,00;
7901;5318;1534;1;160,00;0,00;
7902;5318;1349;1;100,00;0,00;
7903;5321;1534;1;130,00;0,00;
7904;5321;1349;1;100,00;0,00;
7905;5322;8176;1;290,00;0,00;
7907;5323;7953;1;225,00;0,00;
7908;5323;7821;1;235,00;0,00;
7909;5323;7821;1;250,00;0,00;
7910;5323;7953;1;250,00;0,00;
7911;5324;1534;1;160,00;0,00;
7912;5324;1349;1;120,00;0,00;
7913;5325;5966;1;180,00;0,00;
7914;5325;1554;1;190,00;0,00;
7915;5326;1534;1;160,00;0,00;
7916;5326;7821;1;220,00;0,00;
7917;5327;1534;1;140,00;0,00;
7918;5327;7821;1;220,00;0,00;
7919;5328;1349;1;100,00;0,00;
7920;5329;1534;1;160,00;0,00;
7921;5329;7821;1;220,00;0,00;
7922;5330;1349;1;120,00;0,00;
7923;5330;1534;1;160,00;0,00;
7924;5331;1552;1;160,00;0,00;
7925;5332;1554;1;240,00;0,00;
7927;5333;7821;1;220,00;0,00;
7928;5333;4514;1;240,00;0,00;
7930;5335;1534;1;140,00;0,00;
7931;5335;1534;1;140,00;0,00;
7932;5335;7821;1;230,00;0,00;
7933;5335;8193;1;190,00;0,00;
7934;5335;2411;1;550,00;0,00;
7935;5336;8177;1;840,00;0,00;
7936;5336;7952;1;360,00;0,00;
7937;5334;8231;1;1.400,00;0,00;
7938;5337;1534;1;100,00;0,00;
7939;5337;7821;1;200,00;0,00;
7940;5338;1534;1;160,00;0,00;
7941;5308;1534;0,5;80,00;0,00;
7942;5339;1760;1;350,00;0,00;
7943;5339;8212;1;330,00;0,00;
7944;5340;1534;1;160,00;0,00;
7945;5335;1760;1;450,00;0,00;
7946;5335;7821;1;150,00;0,00;
7947;5341;7821;1;190,00;0,00;
7948;5342;1542;1;260,00;0,00;
7949;5342;8208;1;380,00;0,00;
7950;5343;1534;0,5;80,00;0,00;
7951;5343;8102;0,5;375,00;0,00;
7952;5343;1554;1;190,00;0,00;
7953;5344;7821;1;190,00;0,00;
7954;5345;1531;1;130,00;0,00;
7955;5346;1554;1;190,00;0,00;
7956;5346;7821;1;260,00;0,00;
7957;5347;7810;1;100,00;0,00;
7958;5348;1542;1;220,00;0,00;
7959;5349;1534;1;120,00;0,00;
7960;5350;7821;1;200,00;0,00;
7961;5351;7773;1;49,00;0,00;
7962;5352;1542;1;260,00;0,00;
7963;5353;8102;1;290,00;0,00;
7964;5353;7821;1;200,00;0,00;
7965;5354;1534;1;120,00;0,00;
7966;5355;1534;1;120,00;0,00;
7967;5356;8102;1;450,00;0,00;
7968;5356;7628;1;189,00;0,00;
7970;5358;8233;1;510,00;0,00;
7971;5359;1542;1;260,00;0,00;
7972;5359;1349;1;120,00;0,00;
7973;5360;1554;1;180,00;0,00;
7974;5360;7821;1;220,00;0,00;
7975;5361;8102;1;340,00;0,00;
7976;5361;7821;1;200,00;0,00;
7977;5362;7821;1;260,00;0,00;
7978;5363;5015;1;190,00;0,00;
7979;5365;1554;1;190,00;0,00;
7980;5367;7822;1;220,00;0,00;
7981;5367;7821;1;260,00;0,00;
7982;5368;1529;1;110,00;0,00;
7983;5369;1542;1;280,00;0,00;
7984;5370;1542;1;260,00;0,00;
7985;5370;7972;1;340,00;0,00;
7986;5371;8229;1;830,00;0,00;
7987;5372;1542;1;260,00;0,00;
7988;5372;7821;1;260,00;0,00;
7989;5373;1554;1;170,00;0,00;
7990;5374;1542;1;260,00;0,00;
7991;5374;7821;1;240,00;0,00;
7992;5375;1542;1;260,00;0,00;
7993;5375;7952;1;390,00;0,00;
7994;5376;1357;1;100,00;0,00;
7995;5376;1534;1;160,00;0,00;
7996;5377;6167;1;420,00;0,00;
7997;5379;1534;1;160,00;0,00;
7998;5379;7821;1;220,00;0,00;
7999;5380;1534;1;140,00;0,00;
8000;5380;7821;1;230,00;0,00;
8001;5381;8102;1;330,00;0,00;
8002;5381;4581;1;240,00;0,00;
8003;5382;1534;1;160,00;0,00;
8004;5382;7821;1;260,00;0,00;
8006;5383;7952;1;320,00;0,00;
8008;5383;8235;1;1.215,00;0,00;
8009;5384;1533;2;300,00;0,00;
8010;5386;1542;1;260,00;0,00;
8011;5386;7952;1;315,00;0,00;
8012;5387;1534;1;120,00;0,00;
8013;5387;7821;1;220,00;0,00;
8015;5384;8236;1;500,00;0,00;
8016;5388;7821;1;240,00;0,00;
8017;5389;8177;1;540,00;0,00;
8018;5389;7972;1;200,00;0,00;
8019;5389;1534;1;0,00;0,00;
8020;5389;7821;1;0,00;0,00;
8021;5392;1542;1;220,00;0,00;
8022;5392;7821;1;200,00;0,00;
8023;5393;1526;1;100,00;0,00;
8024;5394;1542;1;250,00;0,00;
8025;5394;7821;1;250,00;0,00;
8026;5395;5574;0,5;530,00;0,00;
8027;5395;1534;0,5;80,00;0,00;
8028;5395;7821;1;260,00;0,00;
8029;5396;4581;1;190,00;0,00;
8030;5398;5135;1;120,00;0,00;
8031;5399;1542;1;300,00;0,00;
8034;5401;1534;1;130,00;0,00;
8035;5402;1552;0,5;90,00;0,00;
8036;5404;7821;1;230,00;0,00;
8038;5394;4114;1;50,00;0,00;
8039;5406;1760;1;490,00;0,00;
8040;5406;7821;1;260,00;0,00;
8041;5407;1534;1;160,00;0,00;
8042;5407;7821;1;230,00;0,00;
8043;5408;1542;1;270,00;0,00;
8044;5408;1349;1;120,00;0,00;
8045;5409;1534;1;160,00;0,00;
8046;5409;2976;1;190,00;0,00;
8047;5411;7821;1;220,00;0,00;
8048;5412;1534;1;160,00;0,00;
8049;5412;7950;1;380,00;0,00;
8050;5413;1534;1;160,00;0,00;
8051;5413;7972;1;280,00;0,00;
8052;5414;1760;1;400,00;0,00;
8054;5414;8237;1;500,00;0,00;
8055;5415;1534;1;160,00;0,00;
8056;5415;5015;1;120,00;0,00;
8057;5416;2287;1;40,00;0,00;
8058;5417;1668;1;220,00;0,00;
8059;5418;5627;1;880,00;0,00;
8060;5418;7821;1;220,00;0,00;
8063;5420;7972;1;340,00;0,00;
8064;5421;2287;1;130,00;0,00;
8065;5422;1891;1;350,00;0,00;
8066;5423;1760;1;490,00;0,00;
8067;5424;1542;1;290,00;0,00;
8068;5425;2403;1;240,00;0,00;
8069;5426;5940;1;340,00;0,00;
8070;5427;8130;1;600,00;0,00;
8071;5428;7953;1;250,00;0,00;
8072;5428;8193;1;130,00;0,00;
8073;5429;8230;1;350,00;0,00;
8074;5431;1554;1;170,00;0,00;
8075;5431;7773;1;90,00;0,00;
8076;5432;1534;1;160,00;0,00;
8077;5432;1349;1;100,00;0,00;
8079;5433;1752;1;260,00;0,00;
8080;5433;7821;1;260,00;0,00;
8081;5434;1534;1;170,00;0,00;
8082;5434;1542;1;260,00;0,00;
8083;5434;7821;1;260,00;0,00;
8084;5438;7949;1;390,00;0,00;
8085;5438;1542;1;260,00;0,00;
8086;5439;1760;1;440,00;0,00;
8087;5439;7942;1;360,00;0,00;
8088;5440;1760;1;290,00;0,00;
8089;5440;6819;1;100,00;0,00;
8090;5441;1542;1;260,00;0,00;
8091;5441;7972;1;340,00;0,00;
8092;5442;7972;1;340,00;0,00;
8093;5442;1534;1;120,00;0,00;
8094;5443;1534;1;160,00;0,00;
8095;5443;7821;1;260,00;0,00;
8096;5444;7773;1;100,00;0,00;
8097;5445;6347;1;220,00;0,00;
8098;5445;7972;1;340,00;0,00;
8099;5446;1534;1;100,00;0,00;
8100;5447;1534;1;140,00;0,00;
8101;5448;1534;1;100,00;0,00;
8102;5448;7821;1;120,00;0,00;
8103;5449;1534;1;130,00;0,00;
8104;5449;1534;1;130,00;0,00;
8106;5450;7952;1;305,00;0,00;
8107;5450;8238;1;1.000,00;0,00;
8108;5451;7972;1;220,00;0,00;
8109;5452;6174;1;530,00;0,00;
8110;5453;1534;1;160,00;0,00;
8112;5454;8239;1;1.503,00;0,00;
8113;5454;6541;1;350,00;0,00;
8114;5454;7821;1;147,00;0,00;
8115;5455;1534;1;160,00;0,00;
8116;5455;1349;1;190,00;0,00;
8119;5441;1542;1;260,00;0,00;
8120;5441;5015;1;180,00;0,00;
8121;5457;4514;1;280,00;0,00;
8122;5457;7821;1;200,00;0,00;
8123;5458;1542;1;230,00;0,00;
8124;5459;4206;1;260,00;0,00;
8125;5459;7821;1;260,00;0,00;
8126;5459;1534;2;320,00;0,00;
8127;5461;1534;1;150,00;0,00;
8128;5460;7821;1;220,00;0,00;
8130;5460;1533;1;180,00;0,00;
8131;5462;1995;1;49,00;0,00;
8132;5463;1534;1;145,00;0,00;
8133;5463;7821;1;233,00;0,00;
8134;5464;1534;1;140,00;0,00;
8135;5465;1534;2;300,00;0,00;
8136;5466;1554;1;190,00;0,00;
8137;5466;1349;1;100,00;0,00;
8138;5467;1526;1;140,00;0,00;
8139;5468;8102;1;480,00;0,00;
8140;5468;7821;1;260,00;0,00;
8141;5469;7972;1;260,00;0,00;
8143;5471;7152;1;250,00;0,00;
8144;5472;1534;1;130,00;0,00;
8145;5472;1534;1;130,00;0,00;
8146;5473;1534;1;120,00;0,00;
8147;5473;7821;1;200,00;0,00;
8148;5474;1533;1;90,00;0,00;
8149;5474;1349;1;100,00;0,00;
8151;5475;1534;1;100,00;0,00;
8152;5475;7732;1;130,00;0,00;
8153;5476;1534;1;150,00;0,00;
8154;5476;7104;1;100,00;0,00;
8155;5477;7821;1;200,00;0,00;
8156;5478;1554;1;190,00;0,00;
8157;5478;4206;1;180,00;0,00;
8158;5479;1349;1;140,00;0,00;
8159;5480;1542;1;260,00;0,00;
8160;5480;8193;1;180,00;0,00;
8162;5482;7952;1;380,00;0,00;
8163;5482;4514;1;260,00;0,00;
8164;5484;3898;1;49,00;0,00;
8165;5485;1534;1;140,00;0,00;
8166;5485;6602;1;340,00;0,00;
8167;5486;1534;1;120,00;0,00;
8168;5486;7821;1;260,00;0,00;
8169;5488;1542;0,5;150,00;0,00;
8170;5488;1533;0,5;45,00;0,00;
8171;5488;7821;1;260,00;0,00;
8172;5489;1542;1;140,00;0,00;
8174;5490;1534;1;140,00;0,00;
8175;5490;7821;1;235,00;0,00;
8180;5491;7972;1;340,00;0,00;
8182;5491;1533;0,5;90,00;0,00;
8183;5491;8241;0,5;470,00;0,00;
8184;5492;1534;1;160,00;0,00;
8185;5492;7821;1;160,00;0,00;
8186;5493;3447;1;49,00;0,00;
8187;5494;7810;1;100,00;0,00;
8188;5495;7821;1;190,00;0,00;
8189;5497;1404;1;190,00;0,00;
8190;5498;1534;1;130,00;0,00;
8191;5498;3512;1;100,00;0,00;
8192;5499;1554;1;170,00;0,00;
8193;5499;7821;1;230,00;0,00;
8194;5500;8239;1;1.670,00;0,00;
8195;5500;8097;1;330,00;0,00;
8196;5501;8229;1;930,00;0,00;
8197;5501;1534;1;150,00;0,00;
8198;5501;7821;1;260,00;0,00;
8199;5501;7821;1;260,00;0,00;
8200;5502;1542;1;240,00;0,00;
8202;5502;7952;1;340,00;0,00;
8204;5502;8201;1;410,00;0,00;
8205;5503;1534;1;140,00;0,00;
8206;5503;7773;1;190,00;0,00;
8207;5503;1534;1;140,00;0,00;
8208;5505;7953;1;220,00;0,00;
8210;5506;8244;1;4.316,00;0,00;
8211;5506;7181;1;380,00;0,00;
8212;5507;7719;1;280,00;0,00;
8213;5508;6658;1;450,00;0,00;
8214;5470;8189;1;390,00;0,00;
8215;5470;7972;1;340,00;0,00;
8216;5509;1760;1;490,00;0,00;
8217;5510;5627;1;790,00;0,00;
8218;5510;5015;1;160,00;0,00;
8219;5511;1534;1;160,00;0,00;
8220;5511;7821;1;220,00;0,00;
8221;5513;1534;2;320,00;0,00;
8222;5513;7821;1;260,00;0,00;
8224;5503;8246;1;420,00;0,00;
8225;5514;1534;1;100,00;0,00;
8226;5514;1534;1;100,00;0,00;
8227;5514;7972;1;200,00;0,00;
8228;5514;7773;1;100,00;0,00;
8229;5515;1542;1;260,00;0,00;
8230;5515;7972;1;340,00;0,00;
8231;5516;1552;1;170,00;0,00;
8232;5516;6189;1;120,00;0,00;
8233;5517;1554;1;190,00;0,00;
8234;5517;8193;1;140,00;0,00;
8235;5518;1721;1;500,00;0,00;
8236;5519;5015;1;220,00;0,00;
8237;5521;1534;1;120,00;0,00;
8238;5522;7953;1;200,00;0,00;
8239;5522;8097;1;330,00;0,00;
8240;5523;1760;0,5;225,00;0,00;
8241;5524;7953;1;250,00;0,00;
8242;5524;7972;1;340,00;0,00;
8243;5525;7979;1;450,00;0,00;
8244;5525;7953;1;220,00;0,00;
8245;5527;7958;1;590,00;0,00;
8246;5528;3447;1;50,00;0,00;
8247;5529;2287;1;50,00;0,00;
8248;5530;7953;1;240,00;0,00;
8249;5530;7821;1;260,00;0,00;
8250;5531;1542;1;260,00;0,00;
8251;5531;6311;1;180,00;0,00;
8252;5533;1542;1;260,00;0,00;
8253;5533;1349;1;140,00;0,00;
8254;5533;4912;1;49,00;0,00;
8255;5534;7962;1;670,00;0,00;
8256;5535;2693;1;50,00;0,00;
8257;5536;1542;1;240,00;0,00;
8258;5536;7821;1;260,00;0,00;
8259;5537;7810;1;100,00;0,00;
8260;5538;8167;1;590,00;0,00;
8261;5538;8215;1;490,00;0,00;
8262;5539;1554;1;190,00;0,00;
8263;5539;1349;1;160,00;0,00;
8264;5540;2411;1;590,00;0,00;
8265;5540;7825;1;390,00;0,00;
8266;5541;1542;1;260,00;0,00;
8267;5542;1534;1;140,00;0,00;
8268;5542;1552;1;170,00;0,00;
8269;5542;6991;1;446,00;0,00;
8270;5543;7810;1;140,00;0,00;
8271;5544;2287;1;20,00;0,00;
8272;5546;1552;1;190,00;0,00;
8273;5546;7952;1;380,00;0,00;
8275;5547;5231;1;360,00;0,00;
8276;5548;1534;1;160,00;0,00;
8277;5548;7821;1;280,00;0,00;
8278;5549;8232;1;370,00;0,00;
8279;5550;1531;1;120,00;0,00;
8280;5551;1542;1;230,00;0,00;
8281;5551;7821;1;240,00;0,00;
8282;5552;7810;1;190,00;0,00;
8283;5552;7821;1;250,00;0,00;
8284;5552;7972;1;250,00;0,00;
8285;5552;8232;1;390,00;0,00;
8286;5553;1534;1;160,00;0,00;
8287;5553;7821;1;280,00;0,00;
8288;5554;7972;1;280,00;0,00;
8290;5555;8247;1;630,00;0,00;
8291;5556;1349;1;180,00;0,00;
8292;5557;8230;1;550,00;0,00;
8293;5557;7821;1;280,00;0,00;
8294;5558;7821;1;260,00;0,00;
8295;5559;7821;1;260,00;0,00;
8296;5562;1534;1;160,00;0,00;
8297;5562;7821;1;260,00;0,00;
8298;5563;8177;1;840,00;0,00;
8299;5563;7821;1;260,00;0,00;
8301;5565;1534;1;170,00;0,00;
8302;5566;6768;1;340,00;0,00;
8303;5567;1769;1;530,00;0,00;
8304;5568;1542;1;260,00;0,00;
8305;5568;7821;1;260,00;0,00;
8306;5569;1542;1;230,00;0,00;
8307;5569;7821;1;240,00;0,00;
8308;5570;1534;1;140,00;0,00;
8309;5570;7949;1;340,00;0,00;
8310;5571;1534;1;160,00;0,00;
8311;5571;8248;1;590,00;0,00;
8312;5572;5133;1;120,00;0,00;
8313;5573;7821;1;130,00;0,00;
8314;5574;1788;1;500,00;0,00;
8315;5574;8232;1;315,00;0,00;
8316;5575;1542;1;260,00;0,00;
8317;5575;7952;1;380,00;0,00;
8319;5578;1534;1;120,00;0,00;
8321;5578;8249;1;530,00;0,00;
8322;5579;7810;1;100,00;0,00;
8323;5580;7972;1;340,00;0,00;
8324;5581;1994;1;1.300,00;0,00;
8325;5581;1552;1;190,00;0,00;
8326;5581;7821;1;240,00;0,00;
8327;5582;1534;1;160,00;0,00;
8328;5582;8208;1;380,00;0,00;
8329;5584;1542;1;260,00;0,00;
8330;5584;7821;1;260,00;0,00;
8331;5585;1542;1;260,00;0,00;
8332;5585;7972;1;340,00;0,00;
8333;5586;1534;1;120,00;0,00;
8334;5586;7821;1;229,00;0,00;
8335;5587;1349;1;190,00;0,00;
8336;5587;1542;1;260,00;0,00;
8337;5588;1721;0,5;220,00;0,00;
8339;5589;7972;1;300,00;0,00;
8340;5589;8250;1;1.000,00;0,00;
8342;5590;1760;1;450,00;0,00;
8343;5590;7821;1;250,00;0,00;
8344;5591;7821;1;260,00;0,00;
8346;5592;6874;1;380,00;0,00;
8347;5594;1534;1;120,00;0,00;
8350;5595;8251;1;960,00;0,00;
8351;5595;8252;1;790,00;0,00;
8352;5596;1542;1;230,00;0,00;
8353;5596;7821;1;230,00;0,00;
8354;5598;1542;1;200,00;0,00;
8355;5598;4205;1;100,00;0,00;
8356;5599;1534;2;260,00;0,00;
8357;5599;7821;1;220,00;0,00;
8358;5600;1565;1;150,00;0,00;
8359;5601;1554;1;220,00;0,00;
8360;5601;3512;1;140,00;0,00;
8361;5602;6554;1;390,00;0,00;
8362;5603;1534;1;160,00;0,00;
8363;5605;1769;1;530,00;0,00;
8364;5605;7972;1;340,00;0,00;
8365;5606;1534;1;140,00;0,00;
8367;5607;8253;1;370,00;0,00;
8368;5608;1542;1;180,00;0,00;
8369;5609;1542;1;260,00;0,00;
8370;5609;5015;1;230,00;0,00;
8371;5504;1534;1;160,00;0,00;
8373;5610;8254;1;1.053,00;0,00;
8374;5612;7953;1;90,00;0,00;
8375;5612;2123;1;400,00;0,00;
8376;5613;7972;1;280,00;0,00;
8377;5614;7810;1;140,00;0,00;
8378;5614;7821;1;260,00;0,00;
8379;5615;1534;1;130,00;0,00;
8380;5615;7972;1;350,00;0,00;
8381;5615;1542;1;230,00;0,00;
8382;5615;7972;1;350,00;0,00;
8383;5615;7953;1;225,00;0,00;
8384;5616;7987;1;390,00;0,00;
8385;5616;7198;1;340,00;0,00;
8386;5617;1554;1;160,00;0,00;
8387;5618;7953;1;250,00;0,00;
8388;5618;7821;1;270,00;0,00;
8389;5619;1534;1;160,00;0,00;
8390;5620;1527;1;130,00;0,00;
8391;5621;1534;1;160,00;0,00;
8392;5622;4514;1;280,00;0,00;
8393;5622;7972;1;260,00;0,00;
8394;5623;7953;1;250,00;0,00;
8395;5623;7821;1;260,00;0,00;
8396;5624;3512;1;100,00;0,00;
8397;5625;5933;1;380,00;0,00;
8398;5626;1534;1;160,00;0,00;
8399;5626;7821;1;380,00;0,00;
8400;5627;1542;1;220,00;0,00;
8401;5627;5015;1;180,00;0,00;
8402;5629;1554;1;170,00;0,00;
8403;5629;1349;1;100,00;0,00;
8404;5630;7972;1;260,00;0,00;
8405;5631;6742;1;300,00;0,00;
8406;5632;1534;1;160,00;0,00;
8407;5632;7821;1;280,00;0,00;
8408;5633;1534;1;160,00;0,00;
8409;5634;1760;1;405,00;0,00;
8410;5634;8249;1;555,00;0,00;
8411;5634;3907;1;49,00;0,00;
8412;5635;7821;1;260,00;0,00;
8413;5636;1349;1;100,00;0,00;
8414;5637;1534;1;140,00;0,00;
8415;5638;7987;1;390,00;0,00;
8416;5639;8241;1;1.060,00;0,00;
8417;5639;8004;1;390,00;0,00;
8418;5640;1534;1;120,00;0,00;
8419;5641;1542;1;260,00;0,00;
8420;5641;1349;1;100,00;0,00;
8421;5642;4581;1;220,00;0,00;
8422;5644;7953;1;220,00;0,00;
8424;5644;6902;1;460,00;0,00;
8425;5644;7821;1;220,00;0,00;
8426;5645;1528;1;120,00;0,00;
8427;5646;1542;1;220,00;0,00;
8428;5646;7821;1;210,00;0,00;
8429;5647;1316;1;50,00;0,00;
8430;5648;7972;1;260,00;0,00;
8431;5649;7953;1;225,00;0,00;
8432;5650;1542;1;230,00;0,00;
8433;5650;7972;1;270,00;0,00;
8434;5651;1534;1;160,00;0,00;
8435;5655;1760;1;380,00;0,00;
8436;5656;8189;1;810,00;0,00;
8437;5656;7773;1;140,00;0,00;
8438;5657;7972;1;270,00;0,00;
8439;5658;1815;1;49,00;0,00;
8440;5660;8008;1;400,00;0,00;
8441;5661;1542;1;260,00;0,00;
8442;5663;1534;1;130,00;0,00;
8443;5664;1534;1;120,00;0,00;
8444;5664;1349;1;100,00;0,00;
8445;5663;7821;1;220,00;0,00;
8446;5666;2287;1;180,00;0,00;
8447;5667;7114;1;100,00;0,00;
8449;5668;2287;1;30,00;0,00;
8450;5670;5609;1;490,00;0,00;
8451;5671;1534;1;120,00;0,00;
8452;5671;7821;1;230,00;0,00;
8453;5672;2287;1;30,00;0,00;
8454;5673;7773;1;100,00;0,00;
8456;5674;7821;1;210,00;0,00;
8457;5674;1554;1;190,00;0,00;
8458;5675;1534;1;140,00;0,00;
8459;5675;7821;1;230,00;0,00;
8460;5678;1721;1;480,00;0,00;
8462;5679;8256;1;550,00;0,00;
8463;5679;7821;1;260,00;0,00;
8464;5680;1534;1;130,00;0,00;
8465;5680;7821;1;220,00;0,00;
8466;5681;5627;1;830,00;0,00;
8467;5682;1761;1;400,00;0,00;
8469;5685;1542;1;260,00;0,00;
8470;5685;5015;1;190,00;0,00;
8471;5686;8257;1;2.120,00;0,00;
8472;5686;7821;1;180,00;0,00;
8473;5687;7953;1;230,00;0,00;
8474;5687;7821;1;230,00;0,00;
8475;5688;5578;1;280,00;0,00;
8476;5689;1542;1;260,00;0,00;
8477;5689;8193;1;220,00;0,00;
8478;5690;1534;1;145,00;0,00;
8479;5691;1533;1;180,00;0,00;
8480;5691;8258;1;420,00;0,00;
8481;5692;1760;1;450,00;0,00;
8482;5693;2287;1;30,00;0,00;
8483;5694;1534;1;160,00;0,00;
8484;5694;1426;1;120,00;0,00;
8485;5695;1372;1;190,00;0,00;
8486;5696;8060;1;380,00;0,00;
8487;5696;5940;1;240,00;0,00;
8488;5634;4616;1;100,00;0,00;
8489;5697;2287;1;30,00;0,00;
8490;5697;4991;1;260,00;0,00;
8491;5698;3907;1;190,00;0,00;
8492;5699;1534;1;140,00;0,00;
8493;5700;1542;1;260,00;0,00;
8494;5701;1542;1;230,00;0,00;
8495;5701;7821;1;220,00;0,00;
8496;5703;1534;1;160,00;0,00;
8497;5704;1534;1;160,00;0,00;
8498;5705;1534;1;150,00;0,00;
8499;5706;5015;1;60,00;0,00;
8500;5707;1769;1;590,00;0,00;
8501;5708;1542;1;260,00;0,00;
8502;5709;1542;1;190,00;0,00;
8503;5710;5015;1;160,00;0,00;
8504;5711;7952;1;380,00;0,00;
8505;5712;5015;1;100,00;0,00;
8506;5713;2123;1;590,00;0,00;
8507;5714;1534;1;160,00;0,00;
8508;5714;7821;1;260,00;0,00;
8509;5715;8261;1;610,00;0,00;
8512;5716;7821;1;260,00;0,00;
8513;5716;7987;1;390,00;0,00;
8514;5715;8232;1;390,00;0,00;
8515;5717;4769;1;150,00;0,00;
8516;5718;1534;1;160,00;0,00;
8517;5718;8193;1;100,00;0,00;
8518;5719;1542;1;230,00;0,00;
8519;5720;5940;1;290,00;0,00;
8520;5714;1534;1;100,00;0,00;
8521;5721;8105;1;380,00;0,00;
8522;5721;1554;1;190,00;0,00;
8524;5722;8269;1;660,00;0,00;
8525;5723;1542;1;260,00;0,00;
8526;5724;1542;1;260,00;0,00;
8527;5724;7952;1;380,00;0,00;
8528;5725;1534;1;130,00;0,00;
8529;5725;3907;1;100,00;0,00;
8530;5725;1766;1;49,00;0,00;
8531;5726;1542;1;260,00;0,00;
8532;5727;8102;1;390,00;0,00;
8533;5727;7821;1;188,00;0,00;
8535;5728;8170;1;490,00;0,00;
8536;5728;1542;1;260,00;0,00;
8537;5729;3512;1;150,00;0,00;
8538;5728;8271;1;1.400,00;0,00;
8539;5731;5627;1;530,00;0,00;
8540;5731;7821;1;220,00;0,00;
8541;5732;1542;1;190,00;0,00;
8542;5708;1372;1;180,00;0,00;
8543;5688;1372;1;49,00;0,00;
8544;5688;6170;1;150,00;0,00;
8545;5688;1533;1;90,00;0,00;
8546;5688;1534;1;120,00;0,00;
8547;5688;7972;1;270,00;0,00;
8549;5733;7821;1;220,00;0,00;
8550;5733;1752;1;230,00;0,00;
8551;5734;7953;1;250,00;0,00;
8552;5734;1349;1;140,00;0,00;
8553;5735;1534;1;160,00;0,00;
8554;5735;1375;1;190,00;0,00;
8555;5736;3447;1;49,00;0,00;
8556;5737;7953;1;250,00;0,00;
8557;5738;1554;1;190,00;0,00;
8558;5738;7773;1;100,00;0,00;
8559;5739;5133;1;120,00;0,00;
8560;5740;7953;1;220,00;0,00;
8561;5740;7821;1;200,00;0,00;
8562;5741;7821;1;260,00;0,00;
8563;5742;1534;1;160,00;0,00;
8564;5742;7821;1;260,00;0,00;
8565;5743;1375;1;100,00;0,00;
8566;5743;1542;1;250,00;0,00;
8567;5744;8232;1;430,00;0,00;
8568;5744;1668;1;160,00;0,00;
8569;5744;7247;1;170,00;0,00;
8572;5746;6011;1;540,00;0,00;
8574;5746;5627;1;690,00;0,00;
8580;5747;1721;1;540,00;0,00;
8581;5747;7821;1;260,00;0,00;
8582;5748;8250;1;990,00;0,00;
8583;5748;8258;1;540,00;0,00;
8584;5749;7821;1;220,00;0,00;
8585;5750;1269;1;150,00;0,00;
8586;5751;1534;1;120,00;0,00;
8587;5752;1542;1;260,00;0,00;
8588;5752;1372;1;190,00;0,00;
8589;5753;2093;1;50,00;0,00;
8590;5753;1534;1;140,00;0,00;
8591;5754;2090;1;100,00;0,00;
8592;5755;7953;1;220,00;0,00;
8593;5755;7891;1;330,00;0,00;
8594;5756;7953;1;220,00;0,00;
8595;5756;8258;1;530,00;0,00;
8596;5756;5122;1;50,00;0,00;
8597;5757;7860;1;200,00;0,00;
8598;5758;1542;1;280,00;0,00;
8599;5758;1375;1;190,00;0,00;
8600;5759;1349;1;100,00;0,00;
8601;5760;7821;1;220,00;0,00;
8602;5761;8177;1;750,00;0,00;
8603;5761;1349;1;100,00;0,00;
8605;5763;7952;1;300,00;0,00;
8606;5763;8285;1;1.450,00;0,00;
8607;5764;1542;1;280,00;0,00;
8608;5764;1426;1;150,00;0,00;
8610;5731;1533;1;70,00;0,00;
8611;5765;1752;1;290,00;0,00;
8612;5765;8208;1;380,00;0,00;
8613;5765;7821;1;260,00;0,00;
8614;5765;1542;1;260,00;0,00;
8615;5766;3632;1;150,00;0,00;
8616;5767;2937;1;150,00;0,00;
8617;5768;1554;1;220,00;0,00;
8618;5768;1349;1;140,00;0,00;
8619;5769;8204;1;1.050,00;0,00;
8620;5771;4;1;590,00;0,00;
8621;5772;7821;1;230,00;0,00;
8623;5773;7821;1;240,00;0,00;
8624;5773;1534;1;160,00;0,00;
8625;5775;1534;1;140,00;0,00;
8626;5775;7821;1;190,00;0,00;
8627;5773;1752;1;250,00;0,00;
8628;5776;5747;1;190,00;0,00;
8629;5715;7972;1;190,00;0,00;
8630;5777;7972;1;290,00;0,00;
8631;5778;1554;1;220,00;0,00;
8632;5778;3907;1;100,00;0,00;
8633;5779;5627;1;690,00;0,00;
8634;5779;7948;1;390,00;0,00;
8635;5781;1542;1;420,00;0,00;
8636;5781;7972;1;290,00;0,00;
8637;5782;8236;1;590,00;0,00;
8638;5783;1752;1;280,00;0,00;
8639;5783;7821;1;220,00;0,00;
8640;5784;1529;1;120,00;0,00;
8641;5785;7972;1;190,00;0,00;
8642;5786;1552;1;180,00;0,00;
8643;5786;7821;1;260,00;0,00;
8644;5787;6347;1;160,00;0,00;
8645;5787;8258;1;540,00;0,00;
8646;5788;8198;1;630,00;0,00;
8647;5789;8283;1;560,00;0,00;
8648;5789;1534;1;90,00;0,00;
8649;5791;1542;1;400,00;0,00;
8650;5792;1372;1;190,00;0,00;
8651;5792;1542;1;260,00;0,00;
8652;5793;7821;1;260,00;0,00;
8653;5794;1721;1;500,00;0,00;
8654;5794;1349;1;100,00;0,00;
8655;5795;7863;1;380,00;0,00;
8656;5796;1534;1;160,00;0,00;
8657;5797;7851;1;380,00;0,00;
8658;5798;4460;1;480,00;0,00;
8659;5798;7952;1;380,00;0,00;
8660;5799;7821;1;350,00;0,00;
8661;5802;8258;1;590,00;0,00;
8662;5803;1534;1;130,00;0,00;
8663;5803;7821;1;140,00;0,00;
8664;5804;1534;1;160,00;0,00;
8665;5804;7821;1;260,00;0,00;
8666;5805;1534;1;160,00;0,00;
8668;5805;8289;1;540,00;0,00;
8669;5806;1526;1;140,00;0,00;
8670;5807;1552;1;180,00;0,00;
8671;5808;6177;1;550,00;0,00;
8672;5809;6607;1;350,00;0,00;
8673;5809;1542;1;280,00;0,00;
8675;5810;7951;1;120,00;0,00;
8676;5810;7972;1;280,00;0,00;
8677;5811;7821;1;220,00;0,00;
8678;5812;1349;1;90,00;0,00;
8679;5813;1533;1;140,00;0,00;
8680;5813;1977;1;50,00;0,00;
8681;5814;1328;1;110,00;0,00;
8682;5815;1534;1;130,00;0,00;
8683;5815;1349;1;100,00;0,00;
8684;5816;8177;1;840,00;0,00;
8685;5816;8258;1;590,00;0,00;
8686;5817;7952;1;350,00;0,00;
8687;5818;1552;1;190,00;0,00;
8688;5818;7952;1;380,00;0,00;
8689;5819;1534;1;160,00;0,00;
8690;5819;5015;1;190,00;0,00;
8692;5821;8232;1;400,00;0,00;
8693;5821;7821;1;190,00;0,00;
8694;5822;1534;1;120,00;0,00;
8695;5822;4696;1;180,00;0,00;
8696;5823;1554;1;180,00;0,00;
8697;5823;5015;1;170,00;0,00;
8698;5824;1527;1;140,00;0,00;
8699;5825;7959;1;590,00;0,00;
8700;5825;7972;1;260,00;0,00;
8701;5826;3512;1;100,00;0,00;
8705;5827;8290;1;1.150,00;0,00;
8707;5828;7821;1;220,00;0,00;
8708;5828;7953;1;250,00;0,00;
8709;5829;8271;1;1.260,00;0,00;
8710;5830;8291;1;495,00;0,00;
8711;5745;1760;1;450,00;0,00;
8712;5831;7821;1;160,00;0,00;
8713;5832;7773;1;160,00;0,00;
8714;5833;1534;1;145,00;0,00;
8715;5833;7949;1;350,00;0,00;
8716;5834;1534;1;160,00;0,00;
8717;5834;7821;1;240,00;0,00;
8718;5835;1534;1;160,00;0,00;
8719;5835;1349;1;100,00;0,00;
8720;5836;7972;1;255,00;0,00;
8721;5837;0;1;100,00;0,00;
8723;5838;5015;1;100,00;0,00;
8724;5840;7953;1;220,00;0,00;
8725;5840;5461;1;440,00;0,00;
8726;5841;1533;1;160,00;0,00;
8727;5842;1542;1;260,00;0,00;
8728;5842;7821;1;260,00;0,00;
8729;5843;6603;1;380,00;0,00;
8730;5844;5231;1;280,00;0,00;
8731;5845;1534;1;145,00;0,00;
8732;5845;0;1;390,00;0,00;
8733;5845;6599;1;350,00;0,00;
8734;5846;7953;1;200,00;0,00;
8735;5846;7821;1;200,00;0,00;
8736;5847;4581;1;50,00;0,00;
8737;5849;1528;2;240,00;0,00;
8738;5851;1760;1;420,00;0,00;
8739;5851;7861;1;340,00;0,00;
8740;5852;1542;1;280,00;0,00;
8741;5854;8276;1;370,00;0,00;
8742;5855;8276;1;370,00;0,00;
8743;5856;7972;1;260,00;0,00;
8744;5857;8197;1;700,00;0,00;
8745;5858;7972;1;260,00;0,00;
8746;5859;7953;1;250,00;0,00;
8747;5859;1372;1;190,00;0,00;
8748;5860;7851;1;350,00;0,00;
8749;5862;1526;1;120,00;0,00;
8750;5863;7972;1;260,00;0,00;
8751;5864;8198;1;530,00;0,00;
8752;5865;1542;1;230,00;0,00;
8753;5865;5015;1;170,00;0,00;
8755;5866;1542;1;260,00;0,00;
8756;5868;1872;1;150,00;0,00;
8757;5868;7972;1;260,00;0,00;
8758;5869;7952;1;390,00;0,00;
8759;5870;1542;1;230,00;0,00;
8760;5872;5015;1;100,00;0,00;
8761;5873;1534;1;160,00;0,00;
8762;5874;1542;1;230,00;0,00;
8763;5874;1375;1;170,00;0,00;
8764;5875;5133;1;140,00;0,00;
8765;5876;7851;1;350,00;0,00;
8766;5877;1542;1;260,00;0,00;
8767;5878;7952;1;390,00;0,00;
8768;5881;5134;1;140,00;0,00;
8769;5882;7952;1;380,00;0,00;
8770;5884;1477;1;400,00;0,00;
8771;5885;7851;1;390,00;0,00;
8772;5885;8256;1;500,00;0,00;
8773;5886;8095;1;350,00;0,00;
8774;5887;5134;1;140,00;0,00;
8775;5890;1530;1;140,00;0,00;
8778;5892;2403;2;680,00;0,00;
8779;5893;8292;1;780,00;0,00;
8780;5894;1534;1;130,00;0,00;
8781;5895;1769;0,5;270,00;0,00;
8782;5896;1534;1;160,00;0,00;
8783;5897;1542;1;230,00;0,00;
8784;5897;1349;1;100,00;0,00;
8785;5898;7861;1;350,00;0,00;
8786;5899;1760;1;450,00;0,00;
8787;5899;7181;1;450,00;0,00;
8788;5900;1534;1;160,00;0,00;
8789;5901;2287;1;20,00;0,00;
8790;5745;7851;1;460,00;0,00;
8791;5902;1534;1;260,00;0,00;
8792;5902;7821;1;220,00;0,00;
8793;5903;8273;1;650,00;0,00;
8794;5903;5015;1;100,00;0,00;
8795;5904;7952;1;340,00;0,00;
8796;5905;1534;1;160,00;0,00;
8797;5905;7821;1;260,00;0,00;
8798;5906;1542;1;260,00;0,00;
8799;5906;7187;1;390,00;0,00;
8800;5907;1534;1;160,00;0,00;
8801;5908;591;1;590,00;0,00;
8802;5908;1534;1;140,00;0,00;
8803;5909;1534;1;160,00;0,00;
8804;5910;7391;1;196,00;0,00;
8806;5910;8239;1;1.100,00;0,00;
8807;5913;1526;1;160,00;0,00;
8808;5914;7953;2;450,00;0,00;
8809;5914;7821;1;260,00;0,00;
8810;5914;7972;1;260,00;0,00;
8811;5915;6176;1;550,00;0,00;
8813;5916;8294;1;600,00;0,00;
8814;5917;1884;1;50,00;0,00;
8815;5918;1760;1;450,00;0,00;
8816;5919;1542;1;250,00;0,00;
8817;5919;7952;1;340,00;0,00;
8818;5920;3512;1;100,00;0,00;
8819;5921;1542;1;260,00;0,00;
8820;5921;2;1;590,00;0,00;
8821;5922;7773;1;100,00;0,00;
8822;5923;1542;1;230,00;0,00;
8823;5923;5794;1;220,00;0,00;
8825;5924;7821;1;260,00;0,00;
8826;5924;7987;1;390,00;0,00;
8827;5924;7821;1;260,00;0,00;
8828;5924;1534;1;160,00;0,00;
8829;5925;4225;1;100,00;0,00;
8830;5926;1552;1;200,00;0,00;
8831;5926;7916;1;330,00;0,00;
8832;5929;1554;1;180,00;0,00;
8833;5929;1554;1;180,00;0,00;
8834;5929;1372;1;190,00;0,00;
8835;5929;7821;1;200,00;0,00;
8836;5930;556;1;150,00;0,00;
8837;5931;1534;1;160,00;0,00;
8838;5932;1769;1;590,00;0,00;
8839;5932;8258;1;620,00;0,00;
8840;5933;1752;1;260,00;0,00;
8842;5934;1804;1;900,00;0,00;
8843;5935;1542;1;260,00;0,00;
8844;5935;8258;1;590,00;0,00;
8845;5936;8258;1;580,00;0,00;
8846;5936;1534;1;140,00;0,00;
8847;5937;1552;1;190,00;0,00;
8848;5938;2058;1;900,00;0,00;
8849;5938;7952;1;300,00;0,00;
8850;5940;1534;1;100,00;0,00;
8851;5941;7821;1;260,00;0,00;
8852;5942;8079;1;350,00;0,00;
8853;5943;1760;1;450,00;0,00;
8854;5943;7821;1;250,00;0,00;
8855;5944;1533;0,5;50,00;0,00;
8856;5945;1769;1;530,00;0,00;
8857;5945;8258;1;530,00;0,00;
8858;5946;1540;1;60,00;0,00;
8860;5947;8177;1;630,00;0,00;
8861;5948;1534;1;140,00;0,00;
8862;5949;7380;1;800,00;0,00;
8863;5950;1534;1;100,00;0,00;
8864;5951;7953;1;270,00;0,00;
8865;5951;7952;1;390,00;0,00;
8866;5952;7851;1;390,00;0,00;
8867;5953;1752;1;350,00;0,00;
8868;5954;7187;1;450,00;0,00;
8869;5955;1760;1;450,00;0,00;
8870;5955;8258;1;590,00;0,00;
8871;5956;5627;1;662,00;0,00;
8872;5956;8002;1;490,00;0,00;
8873;5957;1542;1;260,00;0,00;
8874;5957;7181;1;490,00;0,00;
8875;5959;1554;1;190,00;0,00;
8876;5960;1534;1;160,00;0,00;
8877;5961;1552;1;190,00;0,00;
8878;5961;8258;1;590,00;0,00;
8879;5962;7972;1;290,00;0,00;
8880;5963;1349;1;90,00;0,00;
8881;5965;1534;1;160,00;0,00;
8882;5965;8089;1;380,00;0,00;
8883;5966;1534;1;160,00;0,00;
8884;5966;7821;1;220,00;0,00;
8885;5967;1542;1;230,00;0,00;
8886;5968;8193;1;140,00;0,00;
8887;5969;1542;1;245,00;0,00;
8888;5970;7821;1;260,00;0,00;
8889;5971;7953;1;250,00;0,00;
8890;5971;7821;1;260,00;0,00;
8891;5972;8258;1;590,00;0,00;
8892;5972;7953;1;250,00;0,00;
8894;5975;1534;1;160,00;0,00;
8895;5975;5015;1;140,00;0,00;
8896;5976;7972;1;260,00;0,00;
8897;5700;8193;1;140,00;0,00;
8898;5977;8144;1;560,00;0,00;
8899;5978;1760;1;460,00;0,00;
8900;5979;8177;1;840,00;0,00;
8901;5979;5015;1;210,00;0,00;
8902;5980;7953;1;250,00;0,00;
8903;5981;1554;1;190,00;0,00;
8906;5982;5940;1;360,00;0,00;
8907;5982;1542;1;300,00;0,00;
8908;5983;8189;1;810,00;0,00;
8909;5984;1552;1;200,00;0,00;
8910;5984;8278;1;520,00;0,00;
8911;5986;1533;1;80,00;0,00;
8912;5988;8232;1;450,00;0,00;
8913;5988;8089;1;390,00;0,00;
8914;5989;1542;1;230,00;0,00;
8915;5989;1752;1;340,00;0,00;
8916;5990;1534;1;140,00;0,00;
8917;5991;7821;1;220,00;0,00;
8918;5992;1534;1;160,00;0,00;
8919;5992;7821;1;220,00;0,00;
8920;5993;1534;1;150,00;0,00;
8921;5995;1534;1;160,00;0,00;
8922;5996;7952;1;380,00;0,00;
8923;5996;1534;1;160,00;0,00;
8924;5997;2819;1;150,00;0,00;
8925;5998;4948;1;150,00;0,00;
8926;5998;1534;1;160,00;0,00;
8927;5998;5966;1;190,00;0,00;
8928;5999;7952;1;330,00;0,00;
8929;6000;1752;1;270,00;0,00;
8930;6001;8253;1;1.150,00;0,00;
8931;6001;1372;1;190,00;0,00;
8932;6002;5940;1;490,00;0,00;
8933;6003;1542;1;260,00;0,00;
8934;6003;8208;1;390,00;0,00;
8935;6004;8265;1;650,00;0,00;
8936;6004;7821;1;170,00;0,00;
8937;6005;2986;1;150,00;0,00;
8938;6006;1534;1;140,00;0,00;
8939;6006;5015;1;100,00;0,00;
8940;6006;4178;1;150,00;0,00;
8941;6007;1554;1;230,00;0,00;
8942;6007;1349;1;100,00;0,00;
8944;6008;76;1;150,00;0,00;
8945;6009;7821;1;260,00;0,00;
8946;6010;1534;1;155,00;0,00;
8947;6010;1534;1;130,00;0,00;
8948;6010;1375;1;130,00;0,00;
8949;6010;1349;1;100,00;0,00;
8950;6010;1542;1;230,00;0,00;
8951;6010;7953;1;220,00;0,00;
8952;6010;7810;1;120,00;0,00;
8953;6011;7987;1;360,00;0,00;
8954;6011;7952;1;340,00;0,00;
8955;6012;1760;1;420,00;0,00;
8956;6013;8278;1;585,00;0,00;
8957;6013;5138;-1;-400,00;0,00;
8958;6014;7851;1;350,00;0,00;
8959;6014;7732;-1;-220,00;0,00;
8960;6015;1721;1;540,00;0,00;
8961;6015;7732;1;220,00;0,00;
8962;6016;7953;1;200,00;0,00;
8963;6016;7952;1;330,00;0,00;
8964;6017;1534;1;160,00;0,00;
8965;6017;7952;1;380,00;0,00;
8966;6018;1554;0,5;120,00;0,00;
8968;6019;8296;1;640,00;0,00;
8970;6019;6144;1;100,00;0,00;
8971;6019;1534;1;160,00;0,00;
8972;6020;1534;1;160,00;0,00;
8973;6020;7821;1;220,00;0,00;
8974;6021;1542;1;280,00;0,00;
8975;6022;1534;1;160,00;0,00;
8976;6022;7952;1;380,00;0,00;
8978;6023;6;1;590,00;0,00;
8979;6016;8208;1;330,00;0,00;
8980;6016;8274;1;530,00;0,00;
8981;6024;1534;1;140,00;0,00;
8982;6024;7821;1;140,00;0,00;
8983;6016;7953;1;200,00;0,00;
8984;6016;1754;1;745,00;0,00;
8985;6025;1769;1;530,00;0,00;
8986;6025;7821;1;210,00;0,00;
8987;6027;4514;1;300,00;0,00;
8988;6027;7187;1;350,00;0,00;
8989;6028;8273;1;585,00;0,00;
8990;6029;1372;1;100,00;0,00;
8991;6030;1533;1;90,00;0,00;
8992;6031;7953;1;0,00;0,00;
8993;6031;7952;1;195,00;0,00;
8994;6032;1554;1;210,00;0,00;
8995;6032;7834;1;390,00;0,00;
8996;6033;1769;1;550,00;0,00;
8997;6033;7451;1;512,00;0,00;
8998;6035;7810;1;100,00;0,00;
8999;6036;1542;1;150,00;0,00;
9000;6037;1804;1;300,00;0,00;
9001;6037;1554;1;190,00;0,00;
9003;6039;5609;1;1.200,00;0,00;
9004;6040;7754;1;200,00;0,00;
9005;6040;1542;1;250,00;0,00;
9007;6041;1760;1;480,00;0,00;
9009;6043;1405;1;100,00;0,00;
9010;6044;7851;1;480,00;0,00;
9012;6044;7987;1;380,00;0,00;
9013;6046;7186;1;340,00;0,00;
9014;6046;1562;1;810,00;0,00;
9016;6049;4514;1;340,00;0,00;
9017;6050;1534;1;100,00;0,00;
9018;6050;8193;1;100,00;0,00;
9019;6051;7972;1;240,00;0,00;
9020;6052;1534;1;160,00;0,00;
9021;6053;2403;1;200,00;0,00;
9022;6054;7972;1;230,00;0,00;
9023;6054;1370;1;100,00;0,00;
9024;6035;7821;1;260,00;0,00;
9025;6035;7987;1;450,00;0,00;
9026;6055;8103;1;470,00;0,00;
9027;6055;1534;1;170,00;0,00;
9028;6056;1534;1;160,00;0,00;
9029;6057;7821;1;280,00;0,00;
9030;6057;1542;1;280,00;0,00;
9031;6058;7746;1;290,00;0,00;
9032;6058;1534;1;170,00;0,00;
9033;6059;5059;1;780,00;0,00;
9034;6060;2733;1;120,00;0,00;
9035;6060;5627;1;780,00;0,00;
9036;6062;7972;1;290,00;0,00;
9037;6063;1349;1;150,00;0,00;
9039;6063;5609;1;490,00;0,00;
9040;6064;4150;1;200,00;0,00;
9041;6066;1526;1;160,00;0,00;
9042;6067;8289;1;600,00;0,00;
9043;6067;7953;1;230,00;0,00;
9044;6068;1349;1;100,00;0,00;
9045;6069;1534;1;160,00;0,00;
9046;6070;1534;1;140,00;0,00;
9047;6070;1349;1;140,00;0,00;
9048;6071;1769;1;530,00;0,00;
9049;6071;1349;1;130,00;0,00;
9050;6072;1542;1;260,00;0,00;
9051;6073;7972;1;200,00;0,00;
9052;6074;1534;1;180,00;0,00;
9053;6074;8193;1;200,00;0,00;
9054;6075;1554;1;190,00;0,00;
9055;6075;1349;1;140,00;0,00;
9056;6076;1528;2;240,00;0,00;
9057;6077;7821;1;235,00;0,00;
9058;6077;2287;1;15,00;0,00;
9059;6079;7773;1;40,00;0,00;
9060;6080;7187;1;340,00;0,00;
9061;6081;1534;1;220,00;0,00;
9062;6082;1534;1;160,00;0,00;
9063;6082;7821;1;240,00;0,00;
9064;6083;1542;1;260,00;0,00;
9065;6083;7821;1;240,00;0,00;
9066;6084;1760;1;450,00;0,00;
9069;6085;1542;1;260,00;0,00;
9070;6086;7953;1;220,00;0,00;
9071;6086;8193;1;220,00;0,00;
9072;6088;1349;1;140,00;0,00;
9073;6088;1542;1;260,00;0,00;
9074;6089;7955;1;4.560,00;0,00;
9075;6089;7953;1;250,00;0,00;
9076;6089;7821;1;280,00;0,00;
9077;6091;1721;1;540,00;0,00;
9078;6092;5627;1;550,00;0,00;
9079;6092;7821;1;200,00;0,00;
9083;6096;8298;1;1.995,00;0,00;
9084;6096;7821;1;260,00;0,00;
9085;6097;7953;1;240,00;0,00;
9086;6097;7821;;260,00;0,00;
9087;6098;1769;1;530,00;0,00;
9088;6098;1349;1;140,00;0,00;
9090;6100;7972;1;260,00;0,00;
9091;6101;1542;1;270,00;0,00;
9092;6102;3588;1;150,00;0,00;
9093;6103;1534;1;160,00;0,00;
9094;6103;7821;1;260,00;0,00;
9095;6104;1554;1;190,00;0,00;
9096;6104;1349;1;125,00;0,00;
9097;6106;1534;1;160,00;0,00;
9098;6106;7821;1;260,00;0,00;
9099;6107;1534;1;160,00;0,00;
9100;6107;7821;1;260,00;0,00;
9101;6108;1554;0,5;100,00;0,00;
9102;6109;4581;1;240,00;0,00;
9103;6110;1534;1;160,00;0,00;
9104;6110;3512;1;190,00;0,00;
9105;6112;8197;1;980,00;0,00;
9106;6113;1534;1;160,00;0,00;
9107;6114;1534;1;160,00;0,00;
9108;6114;7821;1;240,00;0,00;
9110;6115;7851;1;390,00;0,00;
9111;6116;1534;1;160,00;0,00;
9112;6116;7821;1;260,00;0,00;
9113;6115;8299;1;1.690,00;0,00;
9114;6117;7953;1;250,00;0,00;
9115;6117;7972;1;340,00;0,00;
9116;6117;1349;1;140,00;0,00;
9117;6117;1534;1;160,00;0,00;
9118;6099;1542;1;250,00;0,00;
9119;6118;7851;1;340,00;0,00;
9120;6120;7972;1;260,00;0,00;
9121;6121;1534;1;160,00;0,00;
9122;6123;1534;1;160,00;0,00;
9123;6126;1534;2;280,00;0,00;
9124;6126;7821;1;260,00;0,00;
9125;6127;1534;1;160,00;0,00;
9126;6127;7972;1;340,00;0,00;
9127;6128;1542;1;170,00;0,00;
9128;6129;7987;1;390,00;0,00;
9129;6129;7851;1;390,00;0,00;
9130;6130;7953;1;250,00;0,00;
9132;6130;8258;1;590,00;0,00;
9133;6130;7810;1;140,00;0,00;
9135;6130;8300;1;390,00;0,00;
9136;6132;1554;1;190,00;0,00;
9137;6132;7821;1;210,00;0,00;
9138;6133;1769;1;590,00;0,00;
9139;6133;7821;1;260,00;0,00;
9142;6134;8102;1;290,00;0,00;
9143;6134;7972;1;340,00;0,00;
9144;6135;7821;1;150,00;0,00;
9145;6136;8241;1;730,00;0,00;
9146;6136;6595;1;420,00;0,00;
9147;6137;7987;1;390,00;0,00;
9148;6137;7821;1;260,00;0,00;
9149;6138;1534;1;130,00;0,00;
9150;6139;1752;1;320,00;0,00;
9151;6139;1542;1;260,00;0,00;
9152;6139;5015;1;190,00;0,00;
9153;6141;1542;1;210,00;0,00;
9154;6141;1760;1;400,00;0,00;
9155;6141;7952;1;300,00;0,00;
9156;6141;7151;1;340,00;0,00;
9158;6142;5521;1;400,00;0,00;
9159;6143;7987;1;390,00;0,00;
9160;6143;7821;1;210,00;0,00;
9161;6144;1534;1;160,00;0,00;
9162;6145;8193;1;100,00;0,00;
9163;6147;1534;1;140,00;0,00;
9164;6147;7821;1;240,00;0,00;
9165;6149;1534;1;160,00;0,00;
9166;6149;8212;1;390,00;0,00;
9167;6151;8300;1;390,00;0,00;
9168;6031;6178;1;220,00;0,00;
9170;6155;7987;1;390,00;0,00;
9171;6155;7821;1;220,00;0,00;
9172;6152;1769;1;590,00;0,00;
9173;6152;7821;1;260,00;0,00;
9174;6156;1542;1;240,00;0,00;
9175;6156;1542;1;240,00;0,00;
9176;6156;7821;1;220,00;0,00;
9177;6157;1542;1;260,00;0,00;
9178;6158;1542;1;260,00;0,00;
9179;6158;7821;1;240,00;0,00;
9180;6160;1542;1;240,00;0,00;
9181;6160;7972;1;240,00;0,00;
9182;6161;1760;1;450,00;0,00;
9183;6162;7953;1;250,00;0,00;
9184;6162;7953;1;250,00;0,00;
9185;6162;1349;1;100,00;0,00;
9186;6162;1349;1;140,00;0,00;
9187;6163;7578;1;220,00;0,00;
9188;6163;8102;1;290,00;0,00;
9189;6163;7972;1;340,00;0,00;
9190;6163;8258;1;590,00;0,00;
9191;6164;1534;1;90,00;0,00;
9193;6165;1554;1;220,00;0,00;
9194;6167;7953;1;220,00;0,00;
9195;6168;1542;1;230,00;0,00;
9196;6168;7821;1;240,00;0,00;
9197;6169;1542;1;235,00;0,00;
9198;6170;1349;1;100,00;0,00;
9199;6171;7972;1;200,00;0,00;
9200;6171;7972;1;200,00;0,00;
9202;6172;1534;1;120,00;0,00;
9203;6173;1554;1;190,00;0,00;
9204;6173;1349;1;160,00;0,00;
9205;6175;1349;1;100,00;0,00;
9206;6176;1542;1;280,00;0,00;
9207;6176;7851;1;420,00;0,00;
9208;6177;1534;1;160,00;0,00;
9209;6178;1554;1;190,00;0,00;
9210;6178;1349;1;100,00;0,00;
9211;6179;1721;1;620,00;0,00;
9212;6179;7821;1;260,00;0,00;
9213;6181;7972;1;340,00;0,00;
9214;6182;1542;1;260,00;0,00;
9215;6183;1554;1;190,00;0,00;
9216;6183;1349;1;140,00;0,00;
9217;6184;1534;1;130,00;0,00;
9218;6184;1349;1;160,00;0,00;
9219;6186;1534;1;160,00;0,00;
9220;6187;1534;1;160,00;0,00;
9221;6187;1349;1;160,00;0,00;
9222;6189;1554;1;200,00;0,00;
9223;6189;1349;1;100,00;0,00;
9224;6190;7821;1;220,00;0,00;
9225;6191;7945;1;380,00;0,00;
9226;6191;1534;1;120,00;0,00;
9227;6193;7952;1;120,00;0,00;
9228;6195;1542;1;280,00;0,00;
9229;6195;8098;1;380,00;0,00;
9230;6196;7810;1;100,00;0,00;
9231;6197;1534;1;160,00;0,00;
9232;6197;1349;1;140,00;0,00;
9233;6198;1534;1;160,00;0,00;
9234;6198;8193;1;100,00;0,00;
9235;6199;7181;1;440,00;0,00;
9237;6199;5627;1;710,00;0,00;
9238;6200;1534;1;150,00;0,00;
9239;6200;1349;1;100,00;0,00;
9240;6202;1760;1;450,00;0,00;
9241;6202;7972;1;340,00;0,00;
9242;6203;8102;1;355,00;0,00;
9243;6204;7953;1;220,00;0,00;
9244;6204;4179;1;680,00;0,00;
9245;6206;1542;1;280,00;0,00;
9246;6207;1349;1;80,00;0,00;
9247;6208;1534;1;140,00;0,00;
9248;6208;1349;1;140,00;0,00;
9249;6209;1554;1;110,00;0,00;
9250;6210;1554;1;220,00;0,00;
9251;6211;1552;1;190,00;0,00;
9252;6212;1534;1;160,00;0,00;
9253;6213;7658;1;250,00;0,00;
9255;6213;1534;1;120,00;0,00;
9256;6214;1534;1;120,00;0,00;
9257;6214;7921;1;330,00;0,00;
9258;6216;7821;1;260,00;0,00;
9259;6216;1534;1;190,00;0,00;
9260;6217;7953;1;220,00;0,00;
9261;6217;8193;1;220,00;0,00;
9262;6218;8177;1;820,00;0,00;
9263;6219;1542;1;260,00;0,00;
9264;6220;1542;1;260,00;0,00;
9265;6220;5015;1;160,00;0,00;
9266;6222;1534;1;160,00;0,00;
9267;6222;7821;1;200,00;0,00;
9269;6222;8288;1;1.096,00;0,00;
9270;6223;1534;1;170,00;0,00;
9271;6222;8301;1;2.418,00;0,00;
9272;6224;1534;1;140,00;0,00;
9273;6224;7821;1;220,00;0,00;
9274;6226;1542;1;260,00;0,00;
9275;6227;7821;1;220,00;0,00;
9276;6228;7972;1;200,00;0,00;
9277;6229;1534;1;150,00;0,00;
9278;6230;7320;1;250,00;0,00;
9279;6231;1542;1;280,00;0,00;
9280;6231;1349;1;140,00;0,00;
9282;6232;7821;1;260,00;0,00;
9283;6232;4514;1;300,00;0,00;
9284;6233;1534;1;120,00;0,00;
9285;6233;7187;1;370,00;0,00;
9286;6233;2287;1;10,00;0,00;
9288;6236;1721;1;680,00;0,00;
9289;6236;5015;1;100,00;0,00;
9291;6235;8302;1;3.530,00;0,00;
9292;6235;8031;1;330,00;0,00;
9293;6235;1534;1;90,00;0,00;
9294;6237;5940;1;330,00;0,00;
9295;6238;7821;1;200,00;0,00;
9296;6239;7953;1;190,00;0,00;
9297;6240;1552;1;310,00;0,00;
9298;6240;1349;1;140,00;0,00;
9299;6241;2287;1;50,00;0,00;
9300;6243;1534;1;140,00;0,00;
9301;6243;6011;1;535,00;0,00;
9302;6244;1528;1;160,00;0,00;
9303;6245;7953;1;220,00;0,00;
9304;6245;2;1;620,00;0,00;
9306;6247;7953;0,5;90,00;0,00;
9307;6246;1534;5;450,00;0,00;
9309;6248;1552;1;200,00;0,00;
9310;6248;1349;1;180,00;0,00;
9311;6249;1721;1;500,00;0,00;
9312;6251;7953;1;250,00;0,00;
9313;6252;1534;1;160,00;0,00;
9315;6253;8258;1;590,00;0,00;
9318;6255;7821;1;300,00;0,00;
9319;6256;7953;1;250,00;0,00;
9320;6256;1375;1;140,00;0,00;
9321;6257;1542;1;280,00;0,00;
9322;6257;7027;1;270,00;0,00;
9323;6258;1534;1;140,00;0,00;
9324;6258;8193;1;200,00;0,00;
9325;6259;1542;1;260,00;0,00;
9326;6259;8193;1;140,00;0,00;
9327;6253;1542;1;260,00;0,00;
9328;6260;1534;1;160,00;0,00;
9329;6260;3512;1;100,00;0,00;
9331;6262;1552;1;190,00;0,00;
9332;6262;1349;1;100,00;0,00;
9335;6262;8303;1;2.385,00;0,00;
9336;6263;1542;1;240,00;0,00;
9337;6263;7821;1;260,00;0,00;
9338;6264;1534;1;160,00;0,00;
9339;6264;7821;1;260,00;0,00;
9340;6265;1760;1;540,00;0,00;
9341;6265;2025;1;380,00;0,00;
9342;6268;1552;1;200,00;0,00;
9343;6268;7821;1;200,00;0,00;
9344;6269;1534;1;140,00;0,00;
9345;6270;1552;1;200,00;0,00;
9346;6270;1534;1;140,00;0,00;
9347;6270;1349;1;180,00;0,00;
9348;6271;7972;1;230,00;0,00;
9349;6272;6416;1;390,00;0,00;
9350;6273;8227;1;780,00;0,00;
9351;6274;3512;1;140,00;0,00;
9352;6275;1534;2;240,00;0,00;
9354;6277;7953;1;250,00;0,00;
9355;6277;7821;1;260,00;0,00;
9356;6276;1560;0,5;190,00;0,00;
9358;6278;7953;1;225,00;0,00;
9359;6280;7953;1;280,00;0,00;
9360;6280;8289;1;670,00;0,00;
9361;6281;8193;1;200,00;0,00;
9363;6281;8232;1;380,00;0,00;
9364;6282;7972;1;260,00;0,00;
9365;6283;7151;1;380,00;0,00;
9366;6284;1534;1;160,00;0,00;
9367;6285;7827;1;390,00;0,00;
9368;6285;8209;1;590,00;0,00;
9369;6286;7953;1;225,00;0,00;
9370;6286;7;1;555,00;0,00;
9371;6286;8264;1;550,00;0,00;
9372;6287;1534;1;160,00;0,00;
9373;6288;1554;1;220,00;0,00;
9374;6289;7821;1;130,00;0,00;
9375;6290;7810;1;100,00;0,00;
9376;6291;1343;1;220,00;0,00;
9377;6292;1401;1;50,00;0,00;
9378;6292;1311;1;50,00;0,00;
9380;6293;7181;1;480,00;0,00;
9381;6294;1542;1;260,00;0,00;
9382;6294;7821;1;260,00;0,00;
9383;6295;1534;0,5;90,00;0,00;
9384;6295;6347;0,5;110,00;0,00;
9385;6297;7446;1;490,00;0,00;
9386;6297;1534;1;110,00;0,00;
9387;6298;1554;0,5;90,00;0,00;
9388;6299;1542;1;580,00;0,00;
9389;6299;5229;1;350,00;0,00;
9390;6300;1542;1;260,00;0,00;
9391;6300;1349;1;190,00;0,00;
9392;6301;8261;1;780,00;0,00;
9393;6262;7952;1;330,00;0,00;
9395;6262;8304;1;870,00;0,00;
9396;6262;7845;1;330,00;0,00;
9397;6293;1300;1;50,00;0,00;
9398;6302;1760;1;450,00;0,00;
9399;6302;7178;1;380,00;0,00;
9400;6303;1534;1;160,00;0,00;
9401;6303;7821;1;260,00;0,00;
9402;6304;1542;1;280,00;0,00;
9403;6305;1534;1;160,00;0,00;
9404;6305;7842;1;390,00;0,00;
9405;6306;1721;1;540,00;0,00;
9406;6306;3468;1;190,00;0,00;
9407;6307;8256;1;540,00;0,00;
9408;6307;5940;1;330,00;0,00;
9409;6308;1332;1;50,00;0,00;
9410;6309;1534;1;160,00;0,00;
9411;6309;7821;1;260,00;0,00;
9412;6310;1554;1;230,00;0,00;
9413;6311;8304;1;870,00;0,00;
9414;6311;7151;1;390,00;0,00;
9416;6312;7821;1;250,00;0,00;
9417;6313;1534;1;160,00;0,00;
9418;6313;5360;1;370,00;0,00;
9419;6314;7952;1;390,00;0,00;
9420;6314;1534;1;160,00;0,00;
9421;6315;1534;1;140,00;0,00;
9422;6315;1413;1;150,00;0,00;
9424;6316;1721;1;690,00;0,00;
9425;6317;1554;1;200,00;0,00;
9426;6317;2380;1;100,00;0,00;
9427;6318;10;1;100,00;0,00;
9428;6321;1542;1;260,00;0,00;
9429;6321;5015;1;260,00;0,00;
9430;6322;7773;1;100,00;0,00;
9431;6323;8218;1;770,00;0,00;
9433;6324;1349;1;190,00;0,00;
9435;6324;7953;1;220,00;0,00;
9436;6325;1554;1;190,00;0,00;
9437;6325;7821;1;260,00;0,00;
9438;6326;1542;1;290,00;0,00;
9439;6327;7953;1;220,00;0,00;
9440;6327;7821;1;150,00;0,00;
9441;6312;1534;1;140,00;0,00;
9443;6328;8305;1;1.010,00;0,00;
9444;6328;7952;1;320,00;0,00;
9445;6329;5015;1;120,00;0,00;
9446;6330;1533;1;100,00;0,00;
9447;6330;4178;1;150,00;0,00;
9448;6331;1534;1;160,00;0,00;
9449;6330;3005;1;150,00;0,00;
9450;6332;7953;1;250,00;0,00;
9451;6332;7151;1;290,00;0,00;
9452;6333;8175;1;1.140,00;0,00;
9453;6333;8103;1;330,00;0,00;
9454;6334;1534;1;140,00;0,00;
9455;6336;1542;1;240,00;0,00;
9456;6337;7953;1;250,00;0,00;
9457;6337;10;1;620,00;0,00;
9459;6338;1554;0,5;110,00;0,00;
9460;6339;7810;1;100,00;0,00;
9461;6340;1534;1;130,00;0,00;
9462;6340;7821;1;210,00;0,00;
9463;6341;1534;1;140,00;0,00;
9464;6341;8193;1;200,00;0,00;
9465;6342;1534;1;160,00;0,00;
9466;6342;7773;1;100,00;0,00;
9467;6343;1542;1;260,00;0,00;
9468;6343;7732;1;260,00;0,00;
9469;6343;1542;1;260,00;0,00;
9470;6343;7972;1;380,00;0,00;
9472;6344;7972;1;340,00;0,00;
9474;6344;1760;1;460,00;0,00;
9475;6345;1542;1;260,00;0,00;
9476;6345;1349;1;140,00;0,00;
9477;6346;7952;1;390,00;0,00;
9478;6346;1534;1;160,00;0,00;
9479;6347;7821;1;220,00;0,00;
9480;6347;1542;1;260,00;0,00;
9481;6348;2287;1;20,00;0,00;
9482;6348;1534;1;160,00;0,00;
9483;6348;7972;1;340,00;0,00;
9484;6350;1721;1;345,00;0,00;
9486;6351;7181;1;450,00;0,00;
9487;6352;7953;1;250,00;0,00;
9488;6353;1760;1;540,00;0,00;
9489;6354;7953;1;220,00;0,00;
9490;6354;7953;1;220,00;0,00;
9491;6354;7439;1;460,00;0,00;
9492;6354;8256;1;750,00;0,00;
9493;6355;1305;1;100,00;0,00;
9494;6351;7953;1;225,00;0,00;
9495;6356;1534;1;160,00;0,00;
9496;6357;7972;1;300,00;0,00;
9497;6358;1721;1;490,00;0,00;
9498;6358;7187;;350,00;0,00;
9499;6359;1534;1;140,00;0,00;
9500;6359;1370;1;100,00;0,00;
9501;6361;1671;1;300,00;0,00;
9503;6362;1534;0,5;80,00;0,00;
9504;6362;1760;0,5;225,00;0,00;
9505;6363;1542;1;270,00;0,00;
9506;6364;3706;1;600,00;0,00;
9507;6364;7851;1;350,00;0,00;
9508;6365;1534;1;160,00;0,00;
9509;6365;7821;1;220,00;0,00;
9510;6366;7953;1;220,00;0,00;
9511;6366;7953;1;220,00;0,00;
9512;6366;8208;1;330,00;0,00;
9513;6366;8258;1;550,00;0,00;
9514;6367;7821;1;260,00;0,00;
9515;6368;1534;1;180,00;0,00;
9516;6369;1534;1;160,00;0,00;
9517;6369;7821;1;260,00;0,00;
9518;6370;8201;1;440,00;0,00;
9519;6370;10;1;530,00;0,00;
9520;6371;1542;1;250,00;0,00;
9521;6372;7952;1;330,00;0,00;
9522;6373;1542;1;670,00;0,00;
9523;6373;6011;1;600,00;0,00;
9524;6374;4672;1;350,00;0,00;
9525;6375;4657;1;670,00;0,00;
9526;6375;8171;1;600,00;0,00;
9527;6376;1542;1;280,00;0,00;
9528;6376;7821;1;260,00;0,00;
9529;6377;4119;1;290,00;0,00;
9530;6378;7187;1;350,00;0,00;
9531;6379;1534;1;160,00;0,00;
9532;6380;1534;1;140,00;0,00;
9533;6380;8289;1;610,00;0,00;
9534;6381;1721;1;430,00;0,00;
9535;6382;1542;1;240,00;0,00;
9536;6383;1542;1;240,00;0,00;
9537;6383;7821;1;230,00;0,00;
9538;6384;1534;1;140,00;0,00;
9539;6384;8193;1;140,00;0,00;
9540;6386;7987;1;390,00;0,00;
9541;6387;7953;1;220,00;0,00;
9542;6387;7950;1;350,00;0,00;
9543;6388;8300;1;450,00;0,00;
9544;6388;7446;1;590,00;0,00;
9545;6390;1533;1;90,00;0,00;
9546;6391;1542;1;280,00;0,00;
9548;6393;8307;1;890,00;0,00;
9549;6393;7851;1;390,00;0,00;
9550;6394;1542;1;288,00;0,00;
9551;6395;1542;1;280,00;0,00;
9552;6395;7821;1;220,00;0,00;
9553;6396;8204;1;1.278,00;0,00;
9554;6396;6748;1;580,00;0,00;
9555;6397;1534;1;160,00;0,00;
9556;6397;7821;1;200,00;0,00;
9557;6398;7953;1;220,00;0,00;
9558;6398;7821;1;200,00;0,00;
9559;6399;1552;1;350,00;0,00;
9560;6399;7821;1;220,00;0,00;
9561;6400;8294;1;580,00;0,00;
9562;6401;7953;1;180,00;0,00;
9563;6402;5627;1;750,00;0,00;
9564;6402;5627;1;750,00;0,00;
9565;6402;5015;1;190,00;0,00;
9566;6402;7821;1;220,00;0,00;
9567;6403;1760;1;420,00;0,00;
9568;6403;7931;1;330,00;0,00;
9570;6404;7953;1;250,00;0,00;
9571;6405;3259;1;1.000,00;0,00;
9572;6406;8258;1;620,00;0,00;
9573;6406;1542;1;260,00;0,00;
9574;6407;1554;1;190,00;0,00;
9575;6408;1542;1;260,00;0,00;
9576;6408;7821;1;220,00;0,00;
9577;6409;1349;1;140,00;0,00;
9578;6409;1554;1;190,00;0,00;
9579;6412;1554;1;190,00;0,00;
9580;6412;1426;1;100,00;0,00;
9581;6413;1540;1;30,00;0,00;
9582;6414;1542;1;240,00;0,00;
9583;6414;8287;1;1.260,00;0,00;
9584;6415;7953;1;230,00;0,00;
9585;6415;7821;1;220,00;0,00;
9586;6416;1542;1;260,00;0,00;
9587;6416;7952;1;390,00;0,00;
9589;6417;8308;1;49,00;0,00;
9590;6418;3109;1;190,00;0,00;
9592;6419;8309;1;100,00;0,00;
9593;6419;1349;1;100,00;0,00;
9595;6421;8310;1;600,00;0,00;
9596;6422;7953;1;250,00;0,00;
9597;6423;1542;1;250,00;0,00;
9598;6424;1534;0,5;70,00;0,00;
9599;4310;1534;1;140,00;0,00;
9600;6426;7821;1;260,00;0,00;
9601;6427;8300;1;390,00;0,00;
9602;6427;7821;1;260,00;0,00;
9603;6428;7821;1;260,00;0,00;
9604;6429;7953;1;225,00;0,00;
9605;6429;7953;1;225,00;0,00;
9606;6429;7821;1;234,00;0,00;
9607;6429;7821;1;234,00;0,00;
9608;6423;7151;1;330,00;0,00;
9609;6430;8311;1;450,00;0,00;
9610;6431;1542;1;280,00;0,00;
9611;6431;1372;1;100,00;0,00;
9612;6432;1534;1;160,00;0,00;
9613;6434;1534;1;120,00;0,00;
9615;6435;8312;1;125,00;0,00;
9616;6436;8312;1;125,00;0,00;
9617;6437;130;1;100,00;0,00;
9618;6438;7953;1;320,00;0,00;
9619;6438;7821;1;230,00;0,00;
9620;6439;7972;1;320,00;0,00;
9621;6440;4639;1;260,00;0,00;
9622;6441;1542;1;230,00;0,00;
9623;6441;1534;1;140,00;0,00;
9624;6442;6158;1;590,00;0,00;
9625;6442;1542;1;260,00;0,00;
9626;6443;7628;1;190,00;0,00;
9627;6444;8250;1;1.050,00;0,00;
9628;6445;1534;1;160,00;0,00;
9629;6445;7821;1;260,00;0,00;
9630;6446;1552;1;220,00;0,00;
9631;6446;7952;1;390,00;0,00;
9632;6449;1760;1;450,00;0,00;
9633;6447;1760;1;460,00;0,00;
9634;6450;7953;1;220,00;0,00;
9635;6450;7140;1;530,00;0,00;
9636;6452;7821;1;250,00;0,00;
9637;6453;8312;1;125,00;0,00;
9638;6454;4581;1;240,00;0,00;
9639;6455;8102;1;800,00;0,00;
9640;6455;7952;1;320,00;0,00;
9642;6457;4581;2;680,00;0,00;
9643;6458;6603;1;300,00;0,00;
9644;6458;1542;1;200,00;0,00;
9645;6459;7966;1;594,00;0,00;
9646;6460;1542;1;250,00;0,00;
9647;6460;8258;1;530,00;0,00;
9648;6461;7821;1;220,00;0,00;
9649;6462;5627;1;730,00;0,00;
9650;6462;7821;1;220,00;0,00;
9652;6463;1760;1;225,00;0,00;
9653;6463;7821;1;150,00;0,00;
9654;6464;1534;1;140,00;0,00;
9655;6464;7880;1;150,00;0,00;
9656;6465;1760;1;365,00;0,00;
9657;6465;1760;1;365,00;0,00;
9658;6466;1554;1;180,00;0,00;
9659;6468;1552;1;180,00;0,00;
9660;6468;1349;1;159,00;0,00;
9661;6469;7972;1;260,00;0,00;
9662;6470;1534;1;120,00;0,00;
9663;6470;7821;1;230,00;0,00;
9664;6471;1534;1;120,00;0,00;
9665;6471;7953;1;220,00;0,00;
9666;6471;1349;1;100,00;0,00;
9667;6472;1534;1;120,00;0,00;
9668;6472;865;1;580,00;0,00;
9669;6473;7952;1;350,00;0,00;
9670;6474;5472;1;120,00;0,00;
9674;6475;1721;1;585,00;0,00;
9675;6476;7953;1;250,00;0,00;
9676;6476;1349;1;190,00;0,00;
9678;6477;8258;1;530,00;0,00;
9679;6477;8313;1;2.500,00;0,00;
9680;6478;8300;1;350,00;0,00;
9682;6480;1542;1;280,00;0,00;
9683;6481;1542;1;290,00;0,00;
9685;6481;8314;1;891,00;0,00;
9687;6483;2733;1;170,00;0,00;
9688;6483;1542;1;270,00;0,00;
9689;6484;1542;1;260,00;0,00;
9690;6484;0;1;980,00;0,00;
9691;6484;8290;1;980,00;0,00;
9692;6485;1554;1;200,00;0,00;
9693;6487;7953;1;190,00;0,00;
9694;6487;7952;1;350,00;0,00;
9697;6489;1542;1;250,00;0,00;
9698;6489;2733;1;150,00;0,00;
9699;6490;7972;1;190,00;0,00;
9700;6491;8301;1;1.210,00;0,00;
9701;6492;8315;1;580,00;0,00;
9702;6492;8193;1;190,00;0,00;
9703;6492;1534;1;160,00;0,00;
9704;6493;1542;1;230,00;0,00;
9705;6493;1349;1;170,00;0,00;
9706;6494;1534;1;140,00;0,00;
9707;6494;7821;1;240,00;0,00;
9709;6496;8316;0,5;496,00;0,00;
9710;6497;1534;1;160,00;0,00;
9711;6497;7821;1;260,00;0,00;
9712;6498;7953;1;240,00;0,00;
9713;6498;7821;1;260,00;0,00;
9714;6499;1760;1;450,00;0,00;
9715;6499;1349;1;150,00;0,00;
9716;6500;1534;1;160,00;0,00;
9717;6500;7821;1;260,00;0,00;
9718;6482;7972;1;190,00;0,00;
9719;6501;7972;2;380,00;0,00;
9720;6502;1534;1;160,00;0,00;
9721;6502;8193;1;190,00;0,00;
9722;6506;1554;1;190,00;0,00;
9723;6506;7821;1;250,00;0,00;
9726;6506;1542;1;250,00;0,00;
9727;6506;7821;1;250,00;0,00;
9728;6507;7810;1;100,00;0,00;
9729;6508;1760;1;450,00;0,00;
9730;6508;7821;1;250,00;0,00;
9731;4505;1760;1;450,00;0,00;
9732;4505;7821;1;260,00;0,00;
9733;6510;1349;1;100,00;0,00;
9734;6509;1721;1;518,00;0,00;
9735;6510;1542;1;230,00;0,00;
9736;6509;7821;1;290,00;0,00;
9737;6509;1349;1;100,00;0,00;
9738;6509;1534;1;120,00;0,00;
9739;6509;1554;1;190,00;0,00;
9740;6509;7972;1;200,00;0,00;
9741;6511;7953;1;250,00;0,00;
9742;6511;7181;1;480,00;0,00;
9743;6511;8317;1;1.063,00;0,00;
9744;6511;8302;1;1.962,00;0,00;
9745;6512;1554;1;190,00;0,00;
9746;6512;1349;1;100,00;0,00;
9747;6513;1554;1;190,00;0,00;
9748;6514;1554;1;180,00;0,00;
9750;6516;1721;1;450,00;0,00;
9751;6517;1534;1;120,00;0,00;
9752;6517;7821;1;280,00;0,00;
9753;6518;7953;1;250,00;0,00;
9754;6519;1542;1;260,00;0,00;
9755;6519;1349;1;120,00;0,00;
9756;6520;7972;1;100,00;0,00;
9757;6521;1542;1;260,00;0,00;
9758;6521;1349;1;140,00;0,00;
9759;6522;1528;1;160,00;0,00;
9760;6523;1721;1;540,00;0,00;
9761;6523;7821;1;260,00;0,00;
9763;6524;8318;1;2.163,00;0,00;
9764;6524;1760;0,5;225,00;0,00;
9765;6524;1534;0,5;80,00;0,00;
9766;6524;1534;1;160,00;0,00;
9767;6524;7952;1;390,00;0,00;
9768;6524;3109;1;190,00;0,00;
9769;6526;1534;1;140,00;0,00;
9770;6526;1349;1;140,00;0,00;
9771;6525;1534;2;200,00;0,00;
9772;6525;1349;1;100,00;0,00;
9773;6528;1534;1;120,00;0,00;
9774;6528;7821;1;230,00;0,00;
9776;6478;8319;1;495,00;0,00;
9777;6529;7953;1;250,00;0,00;
9779;6530;1534;1;180,00;0,00;
9780;6532;7953;1;220,00;0,00;
9781;6532;7821;1;230,00;0,00;
9782;6524;1760;1;450,00;0,00;
9783;6524;1349;1;140,00;0,00;
9784;6524;7953;1;250,00;0,00;
9785;6533;1534;1;160,00;0,00;
9786;6533;1349;1;140,00;0,00;
9787;6534;1534;1;140,00;0,00;
9788;6534;1534;1;140,00;0,00;
9789;6534;1349;1;140,00;0,00;
9790;6534;7821;1;240,00;0,00;
9791;6535;1760;1;450,00;0,00;
9792;6535;7140;1;490,00;0,00;
9793;6536;1542;1;260,00;0,00;
9794;6536;1349;1;140,00;0,00;
9795;6538;1721;1;490,00;0,00;
9796;6538;8001;1;510,00;0,00;
9797;6539;7953;1;250,00;0,00;
9798;6539;7972;1;380,00;0,00;
9799;6541;1542;1;240,00;0,00;
9800;6541;7821;1;230,00;0,00;
9801;6542;7821;1;260,00;0,00;
9802;6543;1534;1;110,00;0,00;
9803;6543;7187;1;340,00;0,00;
9804;6545;1534;1;160,00;0,00;
9805;6545;5015;1;220,00;0,00;
9806;6546;1554;0,5;90,00;0,00;
9807;6547;7966;1;630,00;0,00;
9808;6548;1760;1;450,00;0,00;
9809;6549;1752;1;350,00;0,00;
9810;6549;7821;1;260,00;0,00;
9811;6550;7821;1;240,00;0,00;
9812;6551;8312;1;120,00;0,00;
9813;6552;7953;1;250,00;0,00;
9814;6552;7821;1;260,00;0,00;
9815;6553;1554;1;190,00;0,00;
9816;6553;7972;1;380,00;0,00;
9817;6554;1534;1;160,00;0,00;
9818;6555;7972;1;260,00;0,00;
9819;6556;8273;1;650,00;0,00;
9820;6557;1542;1;260,00;0,00;
9822;6558;7953;1;250,00;0,00;
9823;6559;7953;1;250,00;0,00;
9824;6560;1534;1;160,00;0,00;
9825;6561;7972;1;220,00;0,00;
9826;6562;7821;1;200,00;0,00;
9827;6563;1760;1;450,00;0,00;
9828;6564;8273;1;600,00;0,00;
9829;6565;1534;1;160,00;0,00;
9830;6565;7953;1;250,00;0,00;
9831;6566;7953;1;230,00;0,00;
9832;6566;7821;1;230,00;0,00;
9833;6567;7953;1;250,00;0,00;
9834;6568;1542;1;260,00;0,00;
9835;6569;1534;1;150,00;0,00;
9836;6569;7821;1;140,00;0,00;
9837;6570;6599;1;380,00;0,00;
9839;6570;4514;1;300,00;0,00;
9840;6571;1534;1;180,00;0,00;
9841;6571;1534;1;160,00;0,00;
9842;6572;1534;1;120,00;0,00;
9843;6573;7953;1;250,00;0,00;
9844;6573;1349;1;100,00;0,00;
9845;6574;1760;1;400,00;0,00;
9846;6574;7821;1;200,00;0,00;
9847;6575;1542;1;230,00;0,00;
9848;6575;7821;1;230,00;0,00;
9849;6576;5484;1;230,00;0,00;
9850;6577;1760;1;450,00;0,00;
9851;6578;1349;1;100,00;0,00;
9852;6579;1349;1;100,00;0,00;
9853;6577;1534;1;160,00;0,00;
9854;6577;7821;1;190,00;0,00;
9855;6580;7953;1;250,00;0,00;
9856;6580;2287;1;20,00;0,00;
9857;6581;1534;1;110,00;0,00;
9858;6581;1349;1;100,00;0,00;
9859;6582;1542;0,5;120,00;0,00;
9860;6583;1534;1;160,00;0,00;
9861;6583;7821;1;260,00;0,00;
9862;6584;1534;1;140,00;0,00;
9863;6584;1349;1;100,00;0,00;
9864;6583;7953;1;250,00;0,00;
9865;6583;7821;1;260,00;0,00;
9866;6585;7821;1;190,00;0,00;
9867;6586;7972;1;260,00;0,00;
9868;6587;1534;1;160,00;0,00;
9869;6587;7821;1;240,00;0,00;
9871;6589;8258;1;500,00;0,00;
9872;6590;1542;0,5;120,00;0,00;
9873;6588;1760;1;450,00;0,00;
9874;6591;1540;1;50,00;0,00;
9877;6593;5059;1;780,00;0,00;
9878;6594;1542;1;210,00;0,00;
9879;6594;7821;1;190,00;0,00;
9880;6595;1534;1;140,00;0,00;
9881;6595;7821;1;240,00;0,00;
9882;6596;1760;1;400,00;0,00;
9883;6597;1534;0,5;70,00;0,00;
9884;6598;7972;1;280,00;0,00;
9885;6599;2403;1;240,00;0,00;
9886;6600;1534;1;160,00;0,00;
9887;6600;7187;1;380,00;0,00;
9888;6601;1760;1;420,00;0,00;
9889;6602;8102;1;290,00;0,00;
9890;6603;1349;1;100,00;0,00;
9891;6604;1761;1;690,00;0,00;
9892;6604;8154;1;720,00;0,00;
9894;6605;4473;1;682,00;0,00;
9895;6605;1542;1;260,00;0,00;
9896;6606;7953;1;0,00;0,00;
9897;6606;8258;1;500,00;0,00;
9899;6605;8320;1;600,00;0,00;
9900;6607;1534;1;120,00;0,00;
9901;6607;7972;1;340,00;0,00;
9902;6607;2287;1;40,00;0,00;
9903;6608;1542;1;220,00;0,00;
9904;6610;1542;1;260,00;0,00;
9905;6610;7972;1;260,00;0,00;
9906;6610;7972;1;260,00;0,00;
9907;6610;1534;1;160,00;0,00;
9908;6611;1534;1;170,00;0,00;
9909;6611;6983;1;390,00;0,00;
9910;6612;2287;1;20,00;0,00;
9911;6613;1542;1;280,00;0,00;
9912;6614;1534;1;135,00;0,00;
9913;6614;1349;1;120,00;0,00;
9914;6616;7953;1;250,00;0,00;
9915;6616;7821;1;260,00;0,00;
9916;6618;1349;1;100,00;0,00;
9917;6618;1554;1;170,00;0,00;
9918;6619;2287;1;25,00;0,00;
9919;6620;1534;1;160,00;0,00;
9920;6621;1534;1;180,00;0,00;
9921;6622;1760;1;460,00;0,00;
9922;6622;7821;1;260,00;0,00;
9923;6624;7636;1;690,00;0,00;
9924;6626;1534;1;140,00;0,00;
9925;6627;1542;1;260,00;0,00;
9926;6627;7821;1;280,00;0,00;
9927;6628;1534;1;100,00;0,00;
9928;6629;1554;1;190,00;0,00;
9929;6629;1458;1;100,00;0,00;
9930;6631;1542;1;260,00;0,00;
9931;6631;1349;1;100,00;0,00;
9932;6632;1534;1;150,00;0,00;
9933;6632;7821;1;240,00;0,00;
9934;6633;7953;1;260,00;0,00;
9935;6633;7821;1;250,00;0,00;
9936;6633;2403;1;240,00;0,00;
9937;6634;7953;1;250,00;0,00;
9938;6634;1349;1;100,00;0,00;
9939;6635;8308;1;60,00;0,00;
9940;6636;1534;1;160,00;0,00;
9941;6636;7972;1;380,00;0,00;
9942;6637;8273;1;50,00;0,00;
9943;6637;4145;1;200,00;0,00;
9944;6638;1542;1;270,00;0,00;
9945;6639;7827;1;360,00;0,00;
9946;6639;1349;1;120,00;0,00;
9947;6640;6599;1;340,00;0,00;
9949;6643;7972;1;240,00;0,00;
9950;6644;7972;1;240,00;0,00;
9951;6645;1534;1;160,00;0,00;
9952;6647;7987;1;350,00;0,00;
9953;6647;2287;1;20,00;0,00;
9954;6648;1534;1;160,00;0,00;
9955;6648;1349;1;140,00;0,00;
9956;6649;1534;1;160,00;0,00;
9957;6650;2287;1;260,00;0,00;
9958;6651;7972;1;280,00;0,00;
9959;6652;1534;1;160,00;0,00;
9960;6652;7821;1;260,00;0,00;
9961;6653;1534;1;200,00;0,00;
9962;6653;1349;1;100,00;0,00;
9963;6654;1761;1;690,00;0,00;
9964;6654;8193;1;160,00;0,00;
9965;6656;1542;1;260,00;0,00;
9966;6657;7972;1;160,00;0,00;
9967;6658;1760;1;405,00;0,00;
9968;6658;7821;1;255,00;0,00;
9969;6659;1542;1;230,00;0,00;
9970;6659;7972;1;340,00;0,00;
9971;6659;1534;1;130,00;0,00;
9972;6660;1534;1;140,00;0,00;
9973;6660;7821;1;260,00;0,00;
9974;6660;8294;1;790,00;0,00;
9975;6661;1534;1;160,00;0,00;
9976;6661;8193;1;100,00;0,00;
9978;6662;1534;1;130,00;0,00;
9979;6662;8322;1;640,00;0,00;
9980;6665;1542;1;230,00;0,00;
9981;6665;7821;1;230,00;0,00;
9982;6666;1534;1;160,00;0,00;
9983;6666;7972;1;260,00;0,00;
9984;6667;1534;1;100,00;0,00;
9985;6667;1349;1;160,00;0,00;
9986;6668;1534;1;130,00;0,00;
9988;6669;7972;1;320,00;0,00;
9989;6669;1542;1;260,00;0,00;
9990;6670;7821;1;130,00;0,00;
9991;6671;7952;1;330,00;0,00;
9992;6672;1534;1;130,00;0,00;
9993;6672;1349;1;100,00;0,00;
9994;6673;1534;1;160,00;0,00;
9995;6673;8039;1;380,00;0,00;
9996;6674;1554;1;180,00;0,00;
9997;6674;1554;1;180,00;0,00;
9998;6674;1349;1;100,00;0,00;
9999;6674;1349;1;100,00;0,00;
10000;6675;1721;1;540,00;0,00;
10001;6675;5015;1;260,00;0,00;
10002;6676;1760;1;330,00;0,00;
10003;6677;7953;1;190,00;0,00;
10004;6677;7821;1;200,00;0,00;
10005;6678;1542;1;230,00;0,00;
10006;6678;7972;1;320,00;0,00;
10007;6679;1542;0,5;115,00;0,00;
10008;6680;1534;1;160,00;0,00;
10009;6680;7821;1;220,00;0,00;
10010;6681;4513;1;350,00;0,00;
10012;6681;8323;1;640,00;0,00;
10013;6682;7987;1;350,00;0,00;
10014;6682;2705;1;200,00;0,00;
10015;6684;1542;1;260,00;0,00;
10016;6684;1542;1;260,00;0,00;
10017;6684;6475;1;140,00;0,00;
10018;6684;5015;1;190,00;0,00;
10019;6685;1534;1;160,00;0,00;
10020;6685;8193;1;220,00;0,00;
10021;6686;1534;1;160,00;0,00;
10022;6686;1349;1;100,00;0,00;
10023;6687;8185;1;450,00;0,00;
10024;6687;8279;1;690,00;0,00;
10025;6688;7720;1;280,00;0,00;
10026;6688;1542;1;260,00;0,00;
10027;6689;1534;1;160,00;0,00;
10028;6690;1349;1;105,00;0,00;
10029;6691;1542;1;230,00;0,00;
10030;6691;1534;1;160,00;0,00;
10031;6691;1349;1;100,00;0,00;
10032;6693;7972;1;280,00;0,00;
10033;6694;7821;1;190,00;0,00;
10034;6695;1534;1;160,00;0,00;
10035;6696;2287;1;20,00;0,00;
10036;6698;1554;1;220,00;0,00;
10037;6699;2287;1;40,00;0,00;
10038;6700;1534;1;160,00;0,00;
10039;6701;1542;1;230,00;0,00;
10040;6701;1426;1;220,00;0,00;
10041;6702;1540;1;40,00;0,00;
10042;6703;1534;1;160,00;0,00;
10043;6703;7821;1;280,00;0,00;
10044;6704;8301;1;1.210,00;0,00;
10045;6704;7821;1;280,00;0,00;
10046;6704;7953;1;250,00;0,00;
10047;6704;7972;1;380,00;0,00;
10048;6705;8315;1;580,00;0,00;
10049;6705;8258;1;570,00;0,00;
10050;6706;1349;1;100,00;0,00;
10051;6708;7952;1;380,00;0,00;
10054;6709;7181;1;430,00;0,00;
10056;6709;8238;1;1.170,00;0,00;
10058;6710;1752;1;290,00;0,00;
10059;6711;1542;1;230,00;0,00;
10060;6711;7821;1;200,00;0,00;
10061;6712;1534;1;200,00;0,00;
10063;6713;8324;1;1.100,00;0,00;
10064;6714;1534;1;160,00;0,00;
10065;6715;1542;0,5;115,00;0,00;
10066;6716;1534;1;160,00;0,00;
10067;6716;7821;1;260,00;0,00;
10068;6717;7710;1;280,00;0,00;
10069;6718;5627;1;690,00;0,00;
10070;6718;1349;1;140,00;0,00;
10071;6719;1542;1;260,00;0,00;
10072;6719;7972;1;280,00;0,00;
10073;6720;1554;1;200,00;0,00;
10075;6720;8326;1;140,00;0,00;
10076;6721;7953;1;250,00;0,00;
10077;6721;7821;1;250,00;0,00;
10078;6722;1760;1;470,00;0,00;
10079;6722;7821;1;260,00;0,00;
10080;6723;6771;1;300,00;0,00;
10081;6724;6177;1;780,00;0,00;
10082;6725;1534;1;160,00;0,00;
10083;6725;7821;1;260,00;0,00;
10084;6726;5940;1;380,00;0,00;
10085;6727;1534;1;80,00;0,00;
10086;6728;7953;1;250,00;0,00;
10087;6729;7821;1;190,00;0,00;
10088;6730;7953;1;250,00;0,00;
10089;6730;392;1;540,00;0,00;
10090;6731;1542;1;260,00;0,00;
10091;6731;1349;1;100,00;0,00;
10092;6732;1542;1;260,00;0,00;
10093;6732;8326;1;120,00;0,00;
10094;6733;1761;1;690,00;0,00;
10095;6734;1554;1;220,00;0,00;
10096;6734;7821;1;260,00;0,00;
10097;6735;1760;1;470,00;0,00;
10098;6735;7821;1;260,00;0,00;
10099;6736;1542;1;260,00;0,00;
10100;6736;7821;1;260,00;0,00;
10101;6737;1552;1;220,00;0,00;
10102;6737;7972;1;290,00;0,00;
10103;6738;4292;1;280,00;0,00;
10104;6739;7987;1;350,00;0,00;
10105;6739;7821;1;210,00;0,00;
10106;6740;1721;1;480,00;0,00;
10107;6740;7821;1;220,00;0,00;
10108;6741;1534;1;140,00;0,00;
10109;6741;1349;1;100,00;0,00;
10110;6741;7972;1;260,00;0,00;
10112;6742;1671;1;100,00;0,00;
10113;6736;8308;1;50,00;0,00;
10114;6743;7953;1;250,00;0,00;
10115;6743;7187;1;380,00;0,00;
10117;6745;7953;1;220,00;0,00;
10120;6745;8327;1;530,00;0,00;
10121;6746;1534;1;160,00;0,00;
10122;6746;1534;1;160,00;0,00;
10123;6746;1533;1;180,00;0,00;
10124;6747;1534;1;160,00;0,00;
10125;6744;8328;1;780,00;0,00;
10126;6748;8234;1;1.680,00;0,00;
10127;6748;7997;1;520,00;0,00;
10128;6749;1349;1;120,00;0,00;
10129;6745;7972;1;250,00;0,00;
10130;6745;7953;1;220,00;0,00;
10131;6745;8171;1;550,00;0,00;
10133;6750;7821;1;250,00;0,00;
10134;6751;1760;1;225,00;0,00;
10135;6751;7181;1;190,00;0,00;
10136;6752;7953;1;230,00;0,00;
10137;6752;1766;1;220,00;0,00;
10138;6752;1542;0,5;110,00;0,00;
10139;6752;1533;0,5;40,00;0,00;
10140;6752;7022;1;190,00;0,00;
10141;6753;1542;1;260,00;0,00;
10142;6753;7972;1;380,00;0,00;
10143;6754;7953;1;290,00;0,00;
10144;6754;1372;1;140,00;0,00;
10145;6755;1542;0,5;130,00;0,00;
10146;6750;8329;1;1.070,00;0,00;
10147;6756;5627;1;890,00;0,00;
10148;6756;7952;1;330,00;0,00;
10149;6757;7810;1;190,00;0,00;
10150;6758;1760;1;225,00;0,00;
10152;6758;7972;1;130,00;0,00;
10153;6758;1349;1;0,00;0,00;
10154;6760;7972;1;260,00;0,00;
10155;6758;5627;1;225,00;0,00;
10157;6761;8310;1;600,00;0,00;
10158;6762;1534;1;120,00;0,00;
10159;6762;8326;1;140,00;0,00;
10160;6763;7953;1;350,00;0,00;
10161;6763;8258;1;590,00;0,00;
10162;6764;8300;1;550,00;0,00;
10163;6765;8300;1;450,00;0,00;
10164;6765;7821;1;250,00;0,00;
10165;6766;7953;1;250,00;0,00;
10166;6766;7821;1;250,00;0,00;
10167;6767;1542;1;180,00;0,00;
10168;6768;1769;1;645,00;0,00;
10169;6768;7821;1;255,00;0,00;
10170;6769;1349;1;100,00;0,00;
10171;6770;1554;1;220,00;0,00;
10172;6770;1349;1;140,00;0,00;
10173;6771;1760;1;450,00;0,00;
10174;6772;7972;1;260,00;0,00;
10175;6774;1534;1;160,00;0,00;
10176;6774;7810;1;180,00;0,00;
10177;6774;7821;1;260,00;0,00;
10178;6774;8021;1;390,00;0,00;
10179;6775;8193;1;150,00;0,00;
10180;6775;7953;1;250,00;0,00;
10181;6776;3706;1;550,00;0,00;
10182;6776;7821;1;260,00;0,00;
10183;6778;8326;1;100,00;0,00;
10184;6779;8102;1;450,00;0,00;
10185;6779;7821;1;220,00;0,00;
10186;6780;1554;1;190,00;0,00;
10187;6781;1542;1;280,00;0,00;
10188;6783;1534;0,5;90,00;0,00;
10189;6784;7821;1;130,00;0,00;
10191;6785;7821;1;230,00;0,00;
10192;6786;8273;1;650,00;0,00;
10193;6787;7953;1;220,00;0,00;
10194;6787;7952;1;340,00;0,00;
10195;6788;5934;1;320,00;0,00;
10196;6789;1542;1;220,00;0,00;
10197;6789;1349;1;80,00;0,00;
10199;6790;1554;2;380,00;0,00;
10200;6791;1542;1;260,00;0,00;
10201;6791;7821;1;220,00;0,00;
10202;6792;1554;1;190,00;0,00;
10204;6793;1554;1;190,00;0,00;
10205;6794;7953;1;250,00;0,00;
10206;6795;1760;1;540,00;0,00;
10207;6795;1349;1;100,00;0,00;
10208;6796;4959;1;730,00;0,00;
10209;6797;1542;1;260,00;0,00;
10210;6797;1349;1;100,00;0,00;
10211;6798;7953;1;290,00;0,00;
10212;6799;5627;1;125,00;0,00;
10213;6800;7953;1;210,00;0,00;
10214;6800;5940;1;320,00;0,00;
10216;6801;7821;1;250,00;0,00;
10217;6801;7953;1;250,00;0,00;
10218;6802;7953;1;200,00;0,00;
10219;6803;1534;1;150,00;0,00;
10220;6803;1349;1;100,00;0,00;
10221;6804;1534;1;160,00;0,00;
10222;6804;1349;1;100,00;0,00;
10223;6804;4581;1;240,00;0,00;
10224;6805;7972;1;260,00;0,00;
10225;6806;1534;1;160,00;0,00;
10226;6807;8317;1;815,00;0,00;
10227;6808;1542;1;260,00;0,00;
10228;6809;1760;1;420,00;0,00;
10229;6809;7821;1;200,00;0,00;
10230;6810;7972;1;260,00;0,00;
10232;6812;1542;1;220,00;0,00;
10233;6812;4145;1;330,00;0,00;
10234;6813;1534;1;160,00;0,00;
10235;6813;1349;1;100,00;0,00;
10236;6814;8102;1;290,00;0,00;
10237;6815;1534;1;160,00;0,00;
10238;6815;8326;1;110,00;0,00;
10239;6816;1542;1;260,00;0,00;
10240;6816;1349;1;160,00;0,00;
10241;6818;5008;1;250,00;0,00;
10242;6821;1534;1;160,00;0,00;
10243;6821;8326;1;120,00;0,00;
10244;6822;1534;1;150,00;0,00;
10245;6823;1534;1;160,00;0,00;
10246;6823;1534;1;160,00;0,00;
10247;6823;7411;1;590,00;0,00;
10248;6825;1542;1;260,00;0,00;
10249;6825;7821;1;380,00;0,00;
10250;6826;1542;1;260,00;0,00;
10251;6826;7773;1;120,00;0,00;
10253;6827;8375;1;670,00;0,00;
10254;6828;1534;1;160,00;0,00;
10255;6828;5185;1;290,00;0,00;
10256;6829;1534;1;140,00;0,00;
10257;6830;1534;1;160,00;0,00;
10258;6830;6606;1;490,00;0,00;
10259;6831;1534;1;160,00;0,00;
10261;6831;8326;1;100,00;0,00;
10264;6832;8474;1;240,00;0,00;
10266;6833;8355;1;340,00;0,00;
10267;6834;1534;1;160,00;0,00;
10268;6834;7821;1;260,00;0,00;
10269;6835;1534;1;60,00;0,00;
10270;6835;7810;1;70,00;0,00;
10271;6836;1534;1;90,00;0,00;
10272;6838;6491;1;220,00;0,00;
10273;6838;1542;1;260,00;0,00;
10274;6839;7810;1;220,00;0,00;
10275;6839;1401;1;100,00;0,00;
10276;6840;1542;1;260,00;0,00;
10277;6840;1349;1;100,00;0,00;
10279;6841;8533;1;992,00;0,00;
10281;6844;8534;1;990,00;0,00;
10282;6845;1534;1;140,00;0,00;
10283;6846;1760;1;450,00;0,00;
10284;6846;7821;1;260,00;0,00;
10286;6847;1542;1;260,00;0,00;
10287;6848;1542;1;260,00;0,00;
10288;6848;7821;1;280,00;0,00;
10289;6850;1542;1;220,00;0,00;
10290;6850;7821;1;230,00;0,00;
10291;6851;1534;1;150,00;0,00;
10292;6852;8326;1;100,00;0,00;
10293;6853;8271;1;1.550,00;0,00;
10294;6853;8515;1;690,00;0,00;
10295;6854;1534;1;140,00;0,00;
10296;6854;8193;1;190,00;0,00;
10297;6855;1554;1;170,00;0,00;
10299;6856;7821;1;330,00;0,00;
10300;6857;1554;1;170,00;0,00;
10301;6857;1349;1;100,00;0,00;
10302;6856;1542;1;240,00;0,00;
10303;6858;1542;1;280,00;0,00;
10304;6858;7972;1;380,00;0,00;
10305;6859;1542;1;260,00;0,00;
10306;6859;8489;1;340,00;0,00;
10307;6859;8493;1;340,00;0,00;
10308;6859;1721;1;640,00;0,00;
10309;6861;8326;1;100,00;0,00;
10310;6862;1534;1;160,00;0,00;
10311;6863;7821;1;220,00;0,00;
10312;6865;1534;1;160,00;0,00;
10313;6865;8405;1;390,00;0,00;
10314;6866;6174;1;530,00;0,00;
10315;6867;1534;1;160,00;0,00;
10316;6868;1554;1;190,00;0,00;
10317;6868;8193;1;190,00;0,00;
10318;6869;8365;1;550,00;0,00;
10319;6870;1534;1;160,00;0,00;
10320;6870;8326;1;100,00;0,00;
10321;6871;5524;1;390,00;0,00;
10322;6872;1721;1;540,00;0,00;
10323;6872;1349;1;180,00;0,00;
10324;6872;1542;1;260,00;0,00;
10325;6872;1349;1;160,00;0,00;
10327;6873;1542;1;260,00;0,00;
10329;6874;5263;1;440,00;0,00;
10330;6874;8542;1;2.347,00;0,00;
10331;6873;1349;1;180,00;0,00;
10332;6876;1542;1;250,00;0,00;
10333;6877;1534;1;160,00;0,00;
10334;6878;1542;1;260,00;0,00;
10335;6878;8355;1;390,00;0,00;
10336;6879;1542;1;260,00;0,00;
10337;6879;1349;1;160,00;0,00;
10339;6880;1349;1;104,00;0,00;
10340;6880;8549;1;1.296,00;0,00;
10341;6881;2403;1;220,00;0,00;
10342;6882;1534;1;130,00;0,00;
10343;6882;1349;1;160,00;0,00;
10344;6883;7953;1;290,00;0,00;
10345;6885;7953;1;250,00;0,00;
10346;6885;7821;1;260,00;0,00;
10347;6886;1721;1;480,00;0,00;
10349;6887;1349;1;180,00;0,00;
10350;6887;1349;1;140,00;0,00;
10351;6887;8185;1;420,00;0,00;
10353;6888;5627;1;890,00;0,00;
10354;6889;1760;1;450,00;0,00;
10355;6889;1349;1;140,00;0,00;
10356;6891;1534;1;160,00;0,00;
10357;6883;1349;1;180,00;0,00;
10358;6892;1534;1;160,00;0,00;
10359;6893;8312;1;160,00;0,00;
10360;6894;1542;1;390,00;0,00;
10361;6894;8273;1;550,00;0,00;
10362;6895;5627;1;690,00;0,00;
10363;6895;8523;1;690,00;0,00;
10364;6896;6084;1;190,00;0,00;
10365;6897;1542;1;230,00;0,00;
10367;6898;8357;1;650,00;0,00;
10368;6898;8550;1;3.426,00;0,00;
10369;6899;8302;1;1.960,00;0,00;
10370;6862;1349;1;100,00;0,00;
10371;6900;1760;1;450,00;0,00;
10373;6901;1721;1;540,00;0,00;
10374;6902;1542;1;260,00;0,00;
10375;6902;1349;1;190,00;0,00;
10376;6903;1542;1;260,00;0,00;
10377;6904;1534;0,5;80,00;0,00;
10378;6905;1542;1;160,00;0,00;
10379;6906;7966;1;840,00;0,00;
10380;6907;4598;1;50,00;0,00;
10381;6908;1534;0,5;80,00;0,00;
10382;6910;7953;1;125,00;0,00;
10383;6910;8355;1;190,00;0,00;
10384;6911;8071;1;330,00;0,00;
10385;6912;1554;1;200,00;0,00;
10386;6912;8355;1;380,00;0,00;
10387;6913;8069;1;390,00;0,00;
10388;6913;8378;1;630,00;0,00;
10389;6914;1534;1;160,00;0,00;
10390;6914;7821;1;260,00;0,00;
10391;6915;1552;1;200,00;0,00;
10392;6916;1552;1;200,00;0,00;
10393;6916;1349;1;200,00;0,00;
10394;6917;7821;1;280,00;0,00;
10395;6917;1542;1;260,00;0,00;
10396;6918;7953;1;250,00;0,00;
10397;6918;7972;1;390,00;0,00;
10398;6919;1349;1;100,00;0,00;
10399;6920;7953;1;250,00;0,00;
10400;6920;1349;1;100,00;0,00;
10401;6920;1542;1;260,00;0,00;
10402;6921;7972;1;220,00;0,00;
10403;6922;6599;1;150,00;0,00;
10404;6922;4852;1;150,00;0,00;
10405;6922;1416;1;0,00;0,00;
10406;6922;7810;5;580,00;0,00;
10407;6922;3619;1;250,00;0,00;
10408;6922;1534;2;320,00;0,00;
10409;6922;149;1;250,00;0,00;
10410;6922;5105;1;300,00;0,00;
10411;6922;301;1;100,00;0,00;
10412;6894;3315;1;260,00;0,00;
10413;6923;1542;1;280,00;0,00;
10414;6924;1542;1;280,00;0,00;
10415;6925;1534;1;120,00;0,00;
10416;6925;7821;1;230,00;0,00;
10417;6926;7987;1;350,00;0,00;
10418;6926;7821;1;250,00;0,00;
10419;6928;1542;1;400,00;0,00;
10420;6928;7972;1;350,00;0,00;
10421;6929;1542;1;260,00;0,00;
10422;6929;7821;1;290,00;0,00;
10423;6930;1534;1;140,00;0,00;
10424;6930;1349;1;175,00;0,00;
10425;6933;1534;1;250,00;0,00;
10426;6934;8542;1;2.820,00;0,00;
10427;6934;8514;1;690,00;0,00;
10428;6935;8366;1;700,00;0,00;
10429;6935;1542;1;300,00;0,00;
10430;6936;1534;1;150,00;0,00;
10431;6936;1349;1;200,00;0,00;
10432;6938;7953;1;250,00;0,00;
10433;6938;1349;1;140,00;0,00;
10434;6939;1721;1;540,00;0,00;
10435;6939;8277;1;330,00;0,00;
10436;6940;1534;1;160,00;0,00;
10437;6940;8173;1;690,00;0,00;
10438;6942;1542;1;280,00;0,00;
10439;6942;7821;1;280,00;0,00;
10440;6943;5768;1;80,00;0,00;
10441;6944;3850;1;100,00;0,00;
10442;6945;8355;1;380,00;0,00;
10443;6945;1542;1;300,00;0,00;
10444;6946;1542;1;300,00;0,00;
10445;6946;7714;1;300,00;0,00;
10446;6947;8355;1;390,00;0,00;
10447;6900;8519;1;690,00;0,00;
10448;6948;1769;1;580,00;0,00;
10449;6949;1760;1;400,00;0,00;
10450;6949;7821;1;250,00;0,00;
10451;6950;1552;1;290,00;0,00;
10453;6950;1556;1;450,00;0,00;
10454;6933;1349;1;140,00;0,00;
10455;6951;1721;1;450,00;0,00;
10456;6951;8552;1;140,00;0,00;
10457;6953;1542;1;280,00;0,00;
10458;6954;7972;1;290,00;0,00;
10459;6955;1542;0,5;120,00;0,00;
10460;6956;1552;1;290,00;0,00;
10461;6958;8535;1;780,00;0,00;
10462;6956;8552;1;100,00;0,00;
10463;6959;1534;1;180,00;0,00;
10464;6960;1534;1;280,00;0,00;
10467;6964;1757;0,5;480,00;0,00;
10468;6964;1542;0,5;130,00;0,00;
10469;6964;7821;1;290,00;0,00;
10470;6961;8517;1;620,00;0,00;
10471;6961;7821;1;-240,00;0,00;
10472;6965;5926;1;380,00;0,00;
10474;6965;8554;1;909,00;0,00;
10475;6966;1556;1;230,00;0,00;
10477;6967;8555;1;796,00;0,00;
10478;6967;8472;1;350,00;0,00;
10479;6968;1760;1;400,00;0,00;
10481;6968;8360;1;590,00;0,00;
10482;6971;1542;1;280,00;0,00;
10483;6972;5627;1;800,00;0,00;
10484;6972;8521;1;600,00;0,00;
10485;6973;1534;1;160,00;0,00;
10486;6973;8552;1;120,00;0,00;
10487;6974;1349;1;190,00;0,00;
10488;6975;1349;1;190,00;0,00;
10489;6976;1542;0,5;130,00;0,00;
10490;6977;1534;1;140,00;0,00;
10491;6977;8552;1;130,00;0,00;
10492;6978;1542;1;240,00;0,00;
10493;6978;1349;1;156,00;0,00;
10494;6979;1542;1;250,00;0,00;
10495;6979;8553;1;250,00;0,00;
10496;6980;8552;1;140,00;0,00;
10497;6981;1534;1;160,00;0,00;
10498;6983;7972;1;240,00;0,00;
10502;6985;5940;1;220,00;0,00;
10503;6986;1534;1;120,00;0,00;
10504;6986;8552;1;100,00;0,00;
10505;6844;8096;1;380,00;0,00;
10506;6987;7972;1;290,00;0,00;
10507;6988;1542;1;250,00;0,00;
10508;6988;7732;1;250,00;0,00;
10509;6989;8177;1;918,00;0,00;
10511;6990;8232;1;390,00;0,00;
10512;6990;8556;1;690,00;0,00;
10513;6989;8572;1;690,00;0,00;
10514;6991;7741;1;230,00;0,00;
10515;6992;1542;1;130,00;0,00;
10516;6993;2403;2;780,00;0,00;
10517;6994;1534;1;130,00;0,00;
10518;6994;8355;1;365,00;0,00;
10519;6996;8250;1;1.300,00;0,00;
10520;6996;8385;1;580,00;0,00;
10522;6997;1534;1;140,00;0,00;
10524;6997;7842;1;340,00;0,00;
10525;6998;1534;1;140,00;0,00;
10528;6999;7821;1;280,00;0,00;
10529;7000;8414;1;750,00;0,00;
10530;7000;1534;1;160,00;0,00;
10531;7001;7200;1;450,00;0,00;
10532;7002;1534;1;130,00;0,00;
10533;7002;1349;1;170,00;0,00;
10534;7003;7972;1;290,00;0,00;
10535;7005;8185;1;350,00;0,00;
10536;7007;8552;1;120,00;0,00;
10537;7008;8239;1;1.100,00;0,00;
10538;7009;8178;1;730,00;0,00;
10539;7009;7972;1;240,00;0,00;
10540;7010;1534;1;160,00;0,00;
10541;7010;1349;1;170,00;0,00;
10542;7011;1542;1;250,00;0,00;
10543;7011;8355;1;350,00;0,00;
10544;7012;2403;1;430,00;0,00;
10545;7013;1321;1;190,00;0,00;
10546;7014;1534;1;160,00;0,00;
10548;7016;1534;1;160,00;0,00;
10549;7016;8552;1;100,00;0,00;
10550;7017;8384;1;490,00;0,00;
10551;7018;1554;1;280,00;0,00;
10552;7018;7821;1;260,00;0,00;
10553;7019;4514;1;310,00;0,00;
10554;7020;1721;1;440,00;0,00;
10556;7020;1349;1;190,00;0,00;
10557;7019;8355;1;390,00;0,00;
10558;7021;7953;1;250,00;0,00;
10559;7021;8494;1;380,00;0,00;
10560;7022;1554;1;280,00;0,00;
10561;7023;1542;1;260,00;0,00;
10562;7023;7821;1;290,00;0,00;
10563;7024;1534;1;110,00;0,00;
10564;7025;1552;1;280,00;0,00;
10565;7025;8553;1;290,00;0,00;
10566;7027;8552;1;100,00;0,00;
10567;7028;1548;1;150,00;0,00;
10568;7029;8304;1;590,00;0,00;
10569;7029;8571;1;690,00;0,00;
10570;7030;1542;1;160,00;0,00;
10571;7031;1534;1;160,00;0,00;
10572;7033;1542;1;240,00;0,00;
10573;7033;8552;1;140,00;0,00;
10574;7034;7972;1;290,00;0,00;
10575;7034;7953;1;250,00;0,00;
10576;7035;1531;1;160,00;0,00;
10577;7036;1760;1;450,00;0,00;
10578;7036;7821;1;290,00;0,00;
10579;7037;1542;1;260,00;0,00;
10581;7037;8553;1;290,00;0,00;
10582;7038;7972;1;220,00;0,00;
10583;7039;1534;1;140,00;0,00;
10584;7039;8355;1;350,00;0,00;
10585;7040;1534;1;160,00;0,00;
10586;7040;5358;1;300,00;0,00;
10587;7041;7972;1;190,00;0,00;
10588;7042;8232;1;540,00;0,00;
10590;7043;1534;1;150,00;0,00;
10591;7043;8355;1;350,00;0,00;
10592;7044;769;1;150,00;0,00;
10593;7045;7953;1;200,00;0,00;
10594;7045;5239;1;367,00;0,00;
10595;7046;1321;1;140,00;0,00;
10596;7046;1554;1;280,00;0,00;
10597;7047;1534;1;160,00;0,00;
10598;7047;7743;1;290,00;0,00;
10599;7048;8193;1;120,00;0,00;
10600;7049;7407;1;250,00;0,00;
10601;7051;1534;1;120,00;0,00;
10602;7052;1542;0,5;120,00;0,00;
10603;7052;1533;0,5;40,00;0,00;
10604;7052;7727;1;240,00;0,00;
10605;7053;7664;1;260,00;0,00;
10606;7054;1534;1;130,00;0,00;
10608;7054;8394;1;340,00;0,00;
10609;7055;1542;1;280,00;0,00;
10610;7055;7821;1;280,00;0,00;
10611;7056;1534;1;160,00;0,00;
10612;7057;1542;1;240,00;0,00;
10613;7057;7628;1;360,00;0,00;
10614;7060;1760;1;460,00;0,00;
10615;7060;7821;1;280,00;0,00;
10616;7061;8553;1;240,00;0,00;
10617;7062;1534;1;140,00;0,00;
10618;7062;1349;1;160,00;0,00;
10619;7064;1534;1;150,00;0,00;
10621;6984;1542;3;480,00;0,00;
10622;7065;1349;1;120,00;0,00;
10623;7067;1769;1;580,00;0,00;
10624;7068;1530;1;130,00;0,00;
10625;7042;8487;1;330,00;0,00;
10626;7069;1552;1;280,00;0,00;
10627;7070;1552;1;350,00;0,00;
10628;7070;5860;1;160,00;0,00;
10629;7073;7953;1;230,00;0,00;
10630;7074;1542;1;260,00;0,00;
10631;7074;7821;1;280,00;0,00;
10632;7075;1552;1;280,00;0,00;
10633;7076;3968;1;150,00;0,00;
10634;7077;8573;1;270,00;0,00;
10635;7078;1542;1;280,00;0,00;
10636;7078;8470;1;380,00;0,00;
10637;7079;1554;1;170,00;0,00;
10638;7080;8386;1;740,00;0,00;
10639;7081;3315;1;190,00;0,00;
10640;7082;8226;1;760,00;0,00;
10641;7083;4581;1;240,00;0,00;
10642;7084;8573;1;200,00;0,00;
10643;7086;5437;1;330,00;0,00;
10644;7087;4764;1;400,00;0,00;
10645;7088;1542;1;230,00;0,00;
10646;7088;7483;1;200,00;0,00;
10647;7089;5504;1;700,00;0,00;
10648;7091;1534;1;110,00;0,00;
10651;7094;5627;1;890,00;0,00;
10652;7094;7493;1;290,00;0,00;
10653;7095;7972;1;260,00;0,00;
10654;7096;7821;1;290,00;0,00;
10655;7098;8552;1;120,00;0,00;
10656;7098;1534;1;160,00;0,00;
10657;7099;5904;1;790,00;0,00;
10658;7100;1534;1;160,00;0,00;
10659;7100;7821;1;200,00;0,00;
10660;7101;1542;1;260,00;0,00;
10661;7101;7821;1;280,00;0,00;
10662;7102;8390;1;590,00;0,00;
10663;7103;7821;1;230,00;0,00;
10664;7104;8552;1;100,00;0,00;
10665;7105;1760;1;400,00;0,00;
10666;7105;8552;1;100,00;0,00;
10667;7106;8577;1;750,00;0,00;
10668;7107;8334;1;650,00;0,00;
10669;7109;7405;1;290,00;0,00;
10670;7109;1534;1;160,00;0,00;
10671;7110;1542;1;280,00;0,00;
10672;7110;8552;1;190,00;0,00;
10673;7112;1534;1;120,00;0,00;
10674;7113;1760;0,5;200,00;0,00;
10675;7114;1542;1;280,00;0,00;
10676;7114;8355;1;390,00;0,00;
10677;7115;1540;1;50,00;0,00;
10678;7117;7827;1;430,00;0,00;
10679;7118;8573;1;340,00;0,00;
10680;7119;1534;1;160,00;0,00;
10682;7119;8589;1;590,00;0,00;
10683;7120;5542;1;380,00;0,00;
10684;7120;1542;1;260,00;0,00;
10685;7121;1534;1;160,00;0,00;
10686;7122;1534;1;160,00;0,00;
10687;7122;8355;1;380,00;0,00;
10688;7123;1752;1;350,00;0,00;
10691;7124;1349;1;120,00;0,00;
10692;7124;1554;1;250,00;0,00;
10693;7125;7373;1;540,00;0,00;
10694;7126;1760;1;450,00;0,00;
10695;7126;7821;1;260,00;0,00;
10697;7127;1542;1;260,00;0,00;
10698;7127;8553;1;200,00;0,00;
10699;7128;7953;1;250,00;0,00;
10700;7128;7821;1;280,00;0,00;
10701;7128;7953;1;250,00;0,00;
10702;7128;8402;1;590,00;0,00;
10703;7129;8552;1;100,00;0,00;
10705;7130;7821;1;280,00;0,00;
10706;7131;1540;1;50,00;0,00;
10707;7130;8590;1;1.710,00;0,00;
10708;7132;1534;1;160,00;0,00;
10709;7132;7821;1;280,00;0,00;
10710;7133;1534;1;150,00;0,00;
10711;7133;7821;1;246,00;0,00;
10712;7134;1542;1;280,00;0,00;
10713;7135;1760;1;980,00;0,00;
10714;7135;6598;1;380,00;0,00;
10715;7136;7953;1;220,00;0,00;
10717;7136;8591;1;690,00;0,00;
10718;7137;1534;1;160,00;0,00;
10720;7137;7821;1;280,00;0,00;
10721;7140;1534;1;160,00;0,00;
10722;7140;7623;1;120,00;0,00;
10723;7141;1534;1;220,00;0,00;
10724;7141;8552;1;100,00;0,00;
10725;7142;1349;1;100,00;0,00;
10727;7143;1542;1;300,00;0,00;
10729;7146;1542;1;0,00;0,00;
10730;7146;8355;1;200,00;0,00;
10731;7146;1542;1;0,00;0,00;
10732;7146;8355;1;200,00;0,00;
10733;7147;1542;1;280,00;0,00;
10734;7147;1349;1;190,00;0,00;
10735;7148;6347;1;220,00;0,00;
10736;7148;8396;1;330,00;0,00;
10737;7143;7952;1;330,00;0,00;
10738;7150;1542;1;280,00;0,00;
10739;7150;8393;1;380,00;0,00;
10740;7151;8552;1;120,00;0,00;
10741;7152;1760;1;450,00;0,00;
10742;7152;8552;1;190,00;0,00;
10743;7152;8355;1;380,00;0,00;
10744;7152;1542;1;260,00;0,00;
10745;7156;7972;1;280,00;0,00;
10746;7158;7972;1;260,00;0,00;
10747;7159;7972;1;260,00;0,00;
10748;7160;7821;1;280,00;0,00;
10749;7161;7972;1;390,00;0,00;
10750;7162;1542;1;230,00;0,00;
10751;7162;1542;1;230,00;0,00;
10752;7162;7851;1;330,00;0,00;
10753;7162;7821;1;210,00;0,00;
10754;7163;7953;1;250,00;0,00;
10755;7164;8552;1;140,00;0,00;
10756;7164;1534;1;160,00;0,00;
10757;7165;1534;1;160,00;0,00;
10758;7165;7821;1;280,00;0,00;
10759;7165;8553;1;200,00;0,00;
10760;7165;1542;1;260,00;0,00;
10761;7166;1534;1;150,00;0,00;
10762;7168;8490;1;350,00;0,00;
10763;7169;1534;1;140,00;0,00;
10764;7170;1760;1;420,00;0,00;
10765;7171;8185;1;450,00;0,00;
10766;7171;8552;1;280,00;0,00;
10767;7173;8300;1;450,00;0,00;
10768;7173;1534;1;160,00;0,00;
10769;7173;8553;1;200,00;0,00;
10770;7174;1534;1;100,00;0,00;
10771;7174;8355;1;300,00;0,00;
10772;7175;8355;1;330,00;0,00;
10773;7176;1760;1;410,00;0,00;
10774;7176;8486;1;350,00;0,00;
10775;7177;1542;1;230,00;0,00;
10776;7177;8355;1;350,00;0,00;
10779;7178;1086;1;150,00;0,00;
10781;7180;1760;1;490,00;0,00;
10782;7180;8552;1;140,00;0,00;
10783;7181;8552;1;120,00;0,00;
10784;7182;8177;1;1.029,00;0,00;
10785;7183;1534;1;160,00;0,00;
10786;7183;8355;1;280,00;0,00;
10787;7184;1534;1;160,00;0,00;
10788;7184;8552;1;190,00;0,00;
10789;7185;1554;1;290,00;0,00;
10790;7186;1542;1;280,00;0,00;
10791;7186;8355;1;390,00;0,00;
10792;7188;1534;1;170,00;0,00;
10793;7188;6120;1;100,00;0,00;
10794;7189;1760;1;490,00;0,00;
10795;7189;8553;1;220,00;0,00;
10796;7190;1534;1;160,00;0,00;
10797;7191;7821;1;250,00;0,00;
10798;7192;1542;1;250,00;0,00;
10799;7193;7953;1;250,00;0,00;
10800;7194;7953;1;220,00;0,00;
10801;7194;7821;1;260,00;0,00;
10802;7195;8250;1;1.000,00;0,00;
10803;7195;7821;1;240,00;0,00;
10805;7197;1534;1;160,00;0,00;
10806;7197;7465;1;590,00;0,00;
10807;7198;1542;1;280,00;0,00;
10808;7196;8573;1;200,00;0,00;
10809;7199;8553;1;200,00;0,00;
10810;7200;8355;1;320,00;0,00;
10811;7201;1534;1;190,00;0,00;
10812;7201;8552;1;140,00;0,00;
10813;7202;8177;1;600,00;0,00;
10814;7202;7810;1;190,00;0,00;
10815;7202;7821;1;290,00;0,00;
10816;7203;8300;1;450,00;0,00;
10817;7203;7182;1;590,00;0,00;
10818;7204;8300;1;450,00;0,00;
10820;7204;8341;1;590,00;0,00;
10821;7205;7953;1;250,00;0,00;
10822;7205;7821;1;290,00;0,00;
10823;7208;7953;1;250,00;0,00;
10824;7208;7821;1;260,00;0,00;
10825;7209;7953;1;220,00;0,00;
10826;7209;8587;1;680,00;0,00;
10827;7210;6627;1;690,00;0,00;
10828;7210;8261;1;690,00;0,00;
10829;7210;7972;1;170,00;0,00;
10830;7211;1542;0,5;140,00;0,00;
10831;7212;1542;1;260,00;0,00;
10832;7212;8552;1;140,00;0,00;
10833;7213;1542;1;260,00;0,00;
10834;7213;8552;1;160,00;0,00;
10835;7214;1534;1;220,00;0,00;
10836;7214;8552;1;190,00;0,00;
10837;7215;8552;1;100,00;0,00;
10838;7215;1542;1;260,00;0,00;
10839;7216;8552;1;100,00;0,00;
10840;7218;1542;1;280,00;0,00;
10841;7218;1349;1;160,00;0,00;
10842;7219;1554;1;280,00;0,00;
10843;7220;1534;1;160,00;0,00;
10844;7220;7821;1;280,00;0,00;
10845;7221;8310;1;900,00;0,00;
10846;7221;8552;1;160,00;0,00;
10847;7221;7953;1;250,00;0,00;
10848;7221;8552;1;160,00;0,00;
10849;7222;1542;1;280,00;0,00;
10850;7223;1534;1;140,00;0,00;
10851;7224;1349;1;100,00;0,00;
10852;7225;8189;1;510,00;0,00;
10853;7227;1542;1;230,00;0,00;
10854;7227;8552;1;170,00;0,00;
10855;7228;7369;1;790,00;0,00;
10856;7231;1534;1;140,00;0,00;
10857;7232;2733;1;190,00;0,00;
10858;7233;1534;2;220,00;0,00;
10859;7234;1528;1;160,00;0,00;
10860;7235;1542;0,5;130,00;0,00;
10861;7235;1533;0,5;130,00;0,00;
10862;7235;8553;1;200,00;0,00;
10864;7236;8177;1;680,00;0,00;
10865;7237;1349;1;140,00;0,00;
10866;7238;1526;1;160,00;0,00;
10867;7239;1760;1;490,00;0,00;
10868;7240;1760;1;490,00;0,00;
10869;7241;8318;1;2.625,00;0,00;
10870;7241;7821;1;275,00;0,00;
10871;7241;8238;1;1.430,00;0,00;
10872;7242;7821;1;280,00;0,00;
10873;7244;8147;1;500,00;0,00;
10874;7244;8573;1;260,00;0,00;
10875;7245;8238;1;1.290,00;0,00;
10876;7245;8553;1;200,00;0,00;
10877;7247;8300;1;650,00;0,00;
10878;7247;5924;1;390,00;0,00;
10879;7248;1542;1;180,00;0,00;
10880;7249;8261;1;730,00;0,00;
10881;7250;3259;1;1.100,00;0,00;
10882;7250;8552;1;140,00;0,00;
10883;7251;8318;1;3.148,00;0,00;
10884;7252;1552;1;280,00;0,00;
10885;7252;7821;1;200,00;0,00;
10886;7254;1534;1;160,00;0,00;
10887;7254;8552;1;140,00;0,00;
10889;7255;1554;1;270,00;0,00;
10890;7255;1542;1;270,00;0,00;
10891;7256;7953;1;230,00;0,00;
10892;7256;7821;1;220,00;0,00;
10893;7257;1542;1;280,00;0,00;
10894;7258;8310;1;900,00;0,00;
10895;7258;7821;1;280,00;0,00;
10896;7259;1760;0,5;225,00;0,00;
10897;7260;1534;1;160,00;0,00;
10898;7260;7821;1;280,00;0,00;
10899;7261;8256;1;540,00;0,00;
10900;7261;7637;1;460,00;0,00;
10901;7263;4581;1;340,00;0,00;
10902;7264;4581;2;680,00;0,00;
10903;7266;1534;1;160,00;0,00;
10904;7266;7821;1;280,00;0,00;
10905;7267;1534;1;160,00;0,00;
10906;7267;8355;1;380,00;0,00;
10907;7268;1542;1;280,00;0,00;
10908;7268;8552;1;140,00;0,00;
10909;7269;1542;1;280,00;0,00;
10910;7269;8552;1;200,00;0,00;
10911;7270;7953;1;250,00;0,00;
10912;7270;8516;1;690,00;0,00;
10913;7271;1534;1;160,00;0,00;
10914;7272;1542;1;280,00;0,00;
10915;7272;8552;1;190,00;0,00;
10916;7273;1534;1;140,00;0,00;
10917;7274;1721;1;490,00;0,00;
10918;7274;7821;1;240,00;0,00;
10919;7275;1760;1;280,00;0,00;
10920;7276;1534;1;140,00;0,00;
10921;7277;1534;1;150,00;0,00;
10922;7277;8552;1;100,00;0,00;
10924;7280;1534;1;160,00;0,00;
10925;7281;1542;1;0,00;0,00;
10926;7281;8552;1;140,00;0,00;
10928;7282;7821;1;230,00;0,00;
10929;7283;6215;1;190,00;0,00;
10930;7284;7953;1;250,00;0,00;
10931;7284;7953;1;250,00;0,00;
10932;7284;8553;1;200,00;0,00;
10933;7285;1534;1;160,00;0,00;
10936;7285;8592;1;690,00;0,00;
10937;7286;1554;1;260,00;0,00;
10938;7286;1542;0,5;120,00;0,00;
10939;7287;1542;1;290,00;0,00;
10940;7287;8552;1;140,00;0,00;
10941;7288;1534;1;140,00;0,00;
10942;7288;8553;1;200,00;0,00;
10943;7289;1534;1;160,00;0,00;
10944;7289;1534;1;160,00;0,00;
10945;7289;1534;1;160,00;0,00;
10946;7289;7821;1;280,00;0,00;
10947;7289;7821;1;280,00;0,00;
10948;7289;8552;1;140,00;0,00;
10949;7290;1534;1;144,00;0,00;
10950;7290;7821;1;252,00;0,00;
10951;7291;1534;1;160,00;0,00;
10952;7291;8552;1;190,00;0,00;
10953;7292;1534;1;160,00;0,00;
10954;7292;8552;1;140,00;0,00;
10955;7293;1542;1;280,00;0,00;
10956;7294;8553;1;220,00;0,00;
10957;7295;1760;1;490,00;0,00;
10958;7297;1542;1;260,00;0,00;
10959;7297;8552;1;170,00;0,00;
10960;7293;7896;1;380,00;0,00;
10962;7299;1534;1;120,00;0,00;
10963;7300;7821;1;200,00;0,00;
10964;7301;7953;1;250,00;0,00;
10965;7301;7821;1;280,00;0,00;
10966;7302;6247;1;100,00;0,00;
10967;7303;2403;1;240,00;0,00;
10968;7304;1554;1;280,00;0,00;
10969;7304;8552;1;120,00;0,00;
10970;7305;1542;1;240,00;0,00;
10971;7305;8552;1;160,00;0,00;
10972;7307;8177;1;620,00;0,00;
10973;7307;8355;1;340,00;0,00;
10975;7308;1534;1;160,00;0,00;
10976;7309;1542;1;180,00;0,00;
10977;7310;8355;1;290,00;0,00;
10978;7311;5378;1;180,00;0,00;
10979;7312;8552;1;100,00;0,00;
10980;7313;1542;1;280,00;0,00;
10981;7313;8552;1;180,00;0,00;
10982;7314;1534;1;160,00;0,00;
10983;7315;1533;0,5;40,00;0,00;
10984;7315;2287;1;20,00;0,00;
10985;7316;1534;1;160,00;0,00;
10986;7317;1542;1;210,00;0,00;
10987;7317;8355;1;286,00;0,00;
10988;7318;1534;1;160,00;0,00;
10989;7319;8552;1;120,00;0,00;
10990;7320;1560;1;290,00;0,00;
10991;7320;7821;1;210,00;0,00;
10993;7321;7821;1;250,00;0,00;
10994;7321;8300;1;290,00;0,00;
10995;7322;8573;1;340,00;0,00;
10996;7323;1542;1;260,00;0,00;
10997;7323;7821;1;240,00;0,00;
10999;7325;8553;1;200,00;0,00;
11000;7325;8273;1;550,00;0,00;
11001;7326;7776;1;200,00;0,00;
11002;7327;2403;2;600,00;0,00;
11003;7328;1534;1;140,00;0,00;
11004;7329;8552;1;100,00;0,00;
11005;7330;1721;1;460,00;0,00;
11006;7330;8023;1;320,00;0,00;
11007;7331;7821;1;240,00;0,00;
11008;7332;1542;1;280,00;0,00;
11009;7332;8552;1;190,00;0,00;
11010;7333;1534;1;160,00;0,00;
11011;7334;1554;1;350,00;0,00;
11012;7334;7821;1;260,00;0,00;
11013;7335;8177;1;620,00;0,00;
11015;7335;7151;1;350,00;0,00;
11016;7337;7953;1;220,00;0,00;
11017;7338;5627;1;650,00;0,00;
11018;7335;1542;1;280,00;0,00;
11019;7339;1534;0,5;80,00;0,00;
11021;7340;8438;1;630,00;0,00;
11022;7340;7953;1;210,00;0,00;
11023;7341;7821;1;140,00;0,00;
11024;7342;7953;1;220,00;0,00;
11025;7342;8399;1;340,00;0,00;
11026;7342;8399;1;330,00;0,00;
11027;7342;7953;1;220,00;0,00;
11028;7343;7952;1;50,00;0,00;
11029;7344;7972;1;200,00;0,00;
11030;7345;1542;1;250,00;0,00;
11032;7345;7821;1;250,00;0,00;
11033;7346;1542;1;280,00;0,00;
11034;7347;1760;1;450,00;0,00;
11035;7348;1876;1;190,00;0,00;
11036;7349;5627;1;580,00;0,00;
11037;7350;1542;1;240,00;0,00;
11038;7350;7821;1;240,00;0,00;
11040;7351;8552;1;100,00;0,00;
11041;7352;1542;1;250,00;0,00;
11042;7352;7821;1;240,00;0,00;
11043;7353;1542;1;280,00;0,00;
11044;7353;7972;1;260,00;0,00;
11045;7354;7953;1;225,00;0,00;
11046;7355;7953;1;250,00;0,00;
11047;7355;7821;1;280,00;0,00;
11048;7356;8238;1;1.420,00;0,00;
11049;7356;7821;1;260,00;0,00;
11050;7357;1534;1;160,00;0,00;
11051;7357;7821;1;280,00;0,00;
11052;7359;7953;1;220,00;0,00;
11053;7360;1534;1;160,00;0,00;
11054;7361;7953;1;250,00;0,00;
11055;7361;8553;1;250,00;0,00;
11056;7362;1534;1;180,00;0,00;
11057;7362;7821;1;280,00;0,00;
11058;7363;8300;1;390,00;0,00;
11061;7364;8418;1;575,00;0,00;
11062;7364;8593;1;525,00;0,00;
11064;7365;8326;1;140,00;0,00;
11065;7365;8314;1;1.000,00;0,00;
11066;7363;8582;1;530,00;0,00;
11067;7366;7972;1;260,00;0,00;
11068;7367;7821;1;220,00;0,00;
11069;7368;1542;1;280,00;0,00;
11070;7369;1542;1;250,00;0,00;
11071;7371;1542;1;240,00;0,00;
11072;7371;7821;1;260,00;0,00;
11073;7373;1542;1;280,00;0,00;
11074;7373;8498;1;100,00;0,00;
11075;7374;1760;1;450,00;0,00;
11076;7375;8552;1;100,00;0,00;
11078;7377;7821;1;260,00;0,00;
11079;7379;8273;1;550,00;0,00;
11080;7379;8552;1;120,00;0,00;
11081;7380;7953;1;220,00;0,00;
11082;7380;8355;1;330,00;0,00;
11083;7381;1542;1;260,00;0,00;
11084;7381;1542;1;260,00;0,00;
11085;7382;1542;1;230,00;0,00;
11086;7383;1760;1;450,00;0,00;
11087;7383;7821;1;280,00;0,00;
11088;7384;1760;1;450,00;0,00;
11089;7384;8355;1;320,00;0,00;
11090;7385;3180;1;650,00;0,00;
11091;7386;8177;1;1.029,00;0,00;
11092;7387;8102;1;250,00;0,00;
11093;7387;7821;1;220,00;0,00;
11094;7388;1534;1;100,00;0,00;
11095;7389;1534;1;160,00;0,00;
11096;7389;8553;1;250,00;0,00;
11097;7390;1554;1;280,00;0,00;
11098;7390;7821;1;220,00;0,00;
11099;7391;1760;1;1.250,00;0,00;
11100;7392;1534;1;220,00;0,00;
11101;7394;1534;1;160,00;0,00;
11102;7395;1552;1;260,00;0,00;
11103;7396;1534;1;140,00;0,00;
11104;7396;7972;1;260,00;0,00;
11105;7397;8563;1;490,00;0,00;
11107;7397;7821;1;240,00;0,00;
11109;7397;1760;1;425,00;0,00;
11110;7397;1760;1;425,00;0,00;
11111;7398;1552;1;300,00;0,00;
11112;7398;7821;1;280,00;0,00;
11113;7399;7953;1;250,00;0,00;
11114;7399;7953;1;250,00;0,00;
11115;7400;3291;1;240,00;0,00;
11116;7401;1534;1;160,00;0,00;
11117;7401;3784;1;340,00;0,00;
11118;7402;1542;1;280,00;0,00;
11119;7403;1533;1;60,00;0,00;
11120;7404;7512;1;380,00;0,00;
11121;7404;1542;1;280,00;0,00;
11122;7405;7821;1;280,00;0,00;
11123;7405;1534;1;160,00;0,00;
11124;7406;7483;1;280,00;0,00;
11125;7406;1542;1;220,00;0,00;
11126;7407;1760;1;400,00;0,00;
11127;7407;1534;1;140,00;0,00;
11128;7407;1349;1;100,00;0,00;
11129;7407;8399;1;360,00;0,00;
11130;7402;7821;1;280,00;0,00;
11132;7409;1542;1;280,00;0,00;
11133;7409;7821;1;280,00;0,00;
11134;7410;8552;1;100,00;0,00;
11137;7412;1534;1;150,00;0,00;
11138;7412;2546;1;100,00;0,00;
11139;7415;1534;1;140,00;0,00;
11140;7415;7821;1;250,00;0,00;
11142;7417;1534;1;160,00;0,00;
11143;7418;1542;1;280,00;0,00;
11144;7418;8552;1;190,00;0,00;
11145;7422;1542;1;250,00;0,00;
11146;7422;8552;1;190,00;0,00;
11147;7423;8010;1;530,00;0,00;
11148;7425;1349;1;190,00;0,00;
11149;7425;1534;1;160,00;0,00;
11150;7426;1542;1;300,00;0,00;
11151;7427;5627;1;600,00;0,00;
11152;7427;8552;1;100,00;0,00;
11153;7428;1542;1;280,00;0,00;
11154;7430;7972;1;280,00;0,00;
11155;7431;1534;1;120,00;0,00;
11156;7431;8476;1;330,00;0,00;
11157;7432;1534;1;140,00;0,00;
11158;7433;7821;1;140,00;0,00;
11159;7433;8552;1;190,00;0,00;
11160;7434;1552;1;250,00;0,00;
11161;7432;1542;1;250,00;0,00;
11162;7432;8552;1;120,00;0,00;
11163;7435;8189;1;509,00;0,00;
11164;7436;8421;1;690,00;0,00;
11165;7438;1534;1;120,00;0,00;
11166;7439;1534;1;160,00;0,00;
11167;7440;7628;1;260,00;0,00;
11168;7441;7151;1;380,00;0,00;
11169;7442;8595;1;2.000,00;0,00;
11170;7444;1534;1;160,00;0,00;
11171;7444;7628;1;260,00;0,00;
11172;7445;1542;1;280,00;0,00;
11174;7446;1542;1;0,00;0,00;
11175;7447;1760;1;190,00;0,00;
11176;7448;1542;1;290,00;0,00;
11177;7449;8177;1;926,00;0,00;
11178;7449;7628;1;252,00;0,00;
11179;7451;1534;1;160,00;0,00;
11180;7452;1554;1;280,00;0,00;
11181;7452;7821;1;280,00;0,00;
11182;7454;8342;1;340,00;0,00;
11183;7454;1534;1;140,00;0,00;
11184;7454;7953;1;210,00;0,00;
11186;7454;7628;1;290,00;0,00;
11187;7456;8238;1;1.300,00;0,00;
11188;7456;8456;1;330,00;0,00;
11189;7457;1542;1;280,00;0,00;
11190;7457;7628;1;280,00;0,00;
11191;7458;1554;1;330,00;0,00;
11192;7458;7628;1;190,00;0,00;
11194;7460;7953;1;250,00;0,00;
11195;7462;1760;1;660,00;0,00;
11196;7462;7628;1;290,00;0,00;
11197;7463;1534;1;160,00;0,00;
11198;7463;7628;1;290,00;0,00;
11199;7464;1542;1;280,00;0,00;
11200;7464;8355;1;340,00;0,00;
11201;7465;1542;1;265,00;0,00;
11202;7465;1542;1;265,00;0,00;
11203;7466;1534;1;160,00;0,00;
11205;7466;7628;1;290,00;0,00;
11206;7469;1542;1;310,00;0,00;
11207;7469;4327;1;190,00;0,00;
11208;7470;1554;1;290,00;0,00;
11209;7470;7628;1;290,00;0,00;
11210;7471;1554;1;260,00;0,00;
11211;7471;7628;1;260,00;0,00;
11212;7472;7810;1;100,00;0,00;
11213;7473;7972;1;290,00;0,00;
11214;7474;7258;1;290,00;0,00;
11215;7475;1534;1;160,00;0,00;
11216;7475;8552;1;140,00;0,00;
11217;7476;1534;1;160,00;0,00;
11218;7476;7628;1;290,00;0,00;
11219;7477;1554;1;250,00;0,00;
11220;7477;8552;1;100,00;0,00;
11221;7478;1534;1;160,00;0,00;
11223;7480;8596;1;1.690,00;0,00;
11224;7480;7821;1;250,00;0,00;
11225;7481;1542;1;290,00;0,00;
11227;7481;7628;1;290,00;0,00;
11228;7446;1542;1;0,00;0,00;
11230;7482;8597;0,5;800,00;0,00;
11231;7483;8426;1;860,00;0,00;
11232;7483;8598;1;780,00;0,00;
11233;7485;1534;1;160,00;0,00;
11234;7486;5627;1;580,00;0,00;
11235;7487;1542;1;290,00;0,00;
11236;7487;8572;1;690,00;0,00;
11237;7488;1554;1;270,00;0,00;
11238;7488;7821;1;270,00;0,00;
11239;7489;1760;1;790,00;0,00;
11240;7490;1540;1;40,00;0,00;
11241;7491;2287;1;25,00;0,00;
11242;7492;2403;1;240,00;0,00;
11243;7493;1542;0,5;140,00;0,00;
11244;7494;7628;1;290,00;0,00;
11245;7496;8267;1;400,00;0,00;
11246;7497;8189;1;400,00;0,00;
11247;7499;7953;1;250,00;0,00;
11248;7499;5542;1;380,00;0,00;
11249;7500;7953;1;250,00;0,00;
11250;7500;8399;1;380,00;0,00;
11251;7501;1534;1;160,00;0,00;
11252;7502;1534;1;140,00;0,00;
11253;7502;7972;1;355,00;0,00;
11254;7504;1542;1;290,00;0,00;
11255;7504;7773;1;100,00;0,00;
11256;7505;1542;1;260,00;0,00;
11257;7505;7821;1;260,00;0,00;
11258;7507;1542;1;270,00;0,00;
11259;7507;8552;1;130,00;0,00;
11260;7508;1721;1;540,00;0,00;
11261;7508;5671;1;260,00;0,00;
11263;7509;8600;1;1.315,00;0,00;
11264;7509;8552;1;110,00;0,00;
11265;7510;1534;1;160,00;0,00;
11266;7511;1542;1;290,00;0,00;
11267;7512;1534;1;160,00;0,00;
11268;7512;7821;1;280,00;0,00;
11269;7513;1534;1;160,00;0,00;
11270;7514;1534;1;160,00;0,00;
11271;7515;8552;1;140,00;0,00;
11272;7516;1542;0,5;145,00;0,00;
11273;7518;7821;1;290,00;0,00;
11274;7519;1534;1;160,00;0,00;
11275;7520;8552;1;120,00;0,00;
11276;7522;1760;1;400,00;0,00;
11277;7523;1542;1;270,00;0,00;
11278;7523;8552;1;160,00;0,00;
11279;7524;7953;1;220,00;0,00;
11280;7524;7953;1;220,00;0,00;
11281;7524;7628;1;260,00;0,00;
11282;7525;1534;1;160,00;0,00;
11283;7526;7953;1;250,00;0,00;
11284;7526;7628;1;290,00;0,00;
11285;7527;1534;1;130,00;0,00;
11286;7527;8552;1;130,00;0,00;
11287;7528;1534;1;130,00;0,00;
11288;7528;8193;1;160,00;0,00;
11289;7529;7821;1;190,00;0,00;
11290;7530;1752;1;350,00;0,00;
11291;7530;7628;1;290,00;0,00;
11292;7531;8552;1;190,00;0,00;
11293;7534;1542;1;250,00;0,00;
11294;7534;8552;1;190,00;0,00;
11295;7536;1534;1;140,00;0,00;
11296;7537;1542;1;50,00;0,00;
11297;7538;7953;1;250,00;0,00;
11298;7538;7628;1;290,00;0,00;
11299;7539;1542;1;270,00;0,00;
11300;7540;1542;1;290,00;0,00;
11301;7540;7821;1;280,00;0,00;
11302;7541;1542;1;290,00;0,00;
11303;7541;8552;1;160,00;0,00;
11304;7542;1542;1;290,00;0,00;
11305;7542;8552;1;190,00;0,00;
11306;7543;1542;1;290,00;0,00;
11307;7544;1542;1;290,00;0,00;
11308;7545;1526;1;180,00;0,00;
11309;7547;1534;1;130,00;0,00;
11310;7547;7628;1;270,00;0,00;
11311;7548;1534;1;160,00;0,00;
11312;7548;7628;1;280,00;0,00;
11313;7549;4769;1;150,00;0,00;
11314;7549;6384;1;590,00;0,00;
11315;7549;767;1;150,00;0,00;
11317;7549;577;1;500,00;0,00;
11319;7550;1542;1;260,00;0,00;
11321;7549;7810;2;220,00;0,00;
11322;7551;7972;1;220,00;0,00;
11323;7553;8614;1;350,00;0,00;
11324;7553;1534;1;150,00;0,00;
11325;7549;1534;8;720,00;0,00;
11326;7554;7953;1;250,00;0,00;
11327;7555;7953;1;250,00;0,00;
11329;7555;8656;1;350,00;0,00;
11330;7556;7821;1;280,00;0,00;
11331;7557;1721;1;540,00;0,00;
11332;7557;8642;1;350,00;0,00;
11333;7558;7821;1;240,00;0,00;
11334;7559;1534;1;160,00;0,00;
11335;7559;7821;1;290,00;0,00;
11336;7560;1542;1;290,00;0,00;
11337;7560;7821;1;280,00;0,00;
11338;7561;8240;1;460,00;0,00;
11339;7561;7628;1;290,00;0,00;
11341;7562;8464;1;700,00;0,00;
11342;7562;8666;1;5.300,00;0,00;
11343;7563;7987;1;390,00;0,00;
11344;7563;1534;1;90,00;0,00;
11345;7564;8300;1;150,00;0,00;
11346;7564;7821;1;100,00;0,00;
11348;7563;1534;1;90,00;0,00;
11349;7566;1534;1;160,00;0,00;
11350;7567;1774;1;90,00;0,00;
11351;7570;5060;1;150,00;0,00;
11352;7571;1554;0,5;130,00;0,00;
11353;7572;1542;1;260,00;0,00;
11354;7572;8619;1;340,00;0,00;
11355;7573;1534;1;150,00;0,00;
11356;7574;8618;1;350,00;0,00;
11357;7575;4581;1;240,00;0,00;
11358;7576;1534;1;160,00;0,00;
11359;7576;8552;1;160,00;0,00;
11360;7577;1542;1;260,00;0,00;
11362;7577;7281;1;320,00;0,00;
11363;7578;7454;1;300,00;0,00;
11364;7578;6347;1;150,00;0,00;
11365;7579;1542;1;240,00;0,00;
11366;7580;1534;1;160,00;0,00;
11367;7580;8355;1;350,00;0,00;
11368;7581;1534;1;160,00;0,00;
11369;7581;8355;1;350,00;0,00;
11370;7582;1554;1;350,00;0,00;
11371;7582;8552;1;160,00;0,00;
11372;7583;1542;1;260,00;0,00;
11374;7583;7821;1;290,00;0,00;
11375;7584;8102;1;390,00;0,00;
11376;7584;8647;1;350,00;0,00;
11377;7585;1554;1;290,00;0,00;
11378;7586;1542;1;290,00;0,00;
11379;7586;7931;1;380,00;0,00;
11380;7587;1534;1;160,00;0,00;
11381;7588;1542;1;290,00;0,00;
11382;7589;1534;1;160,00;0,00;
11384;7587;7628;1;290,00;0,00;
11385;7591;8266;1;480,00;0,00;
11387;7591;7953;1;250,00;0,00;
11388;7593;8646;1;350,00;0,00;
11389;7595;1542;1;260,00;0,00;
11390;7596;8593;1;550,00;0,00;
11391;7596;6292;1;150,00;0,00;
11392;7597;1542;1;290,00;0,00;
11393;7597;6292;1;160,00;0,00;
11394;7563;1752;1;370,00;0,00;
11395;7599;1542;1;290,00;0,00;
11396;7599;6292;1;160,00;0,00;
11397;7600;1554;0,5;140,00;0,00;
11398;7601;1542;1;290,00;0,00;
11399;7601;7953;1;250,00;0,00;
11400;7601;8552;1;170,00;0,00;
11401;7601;8553;1;290,00;0,00;
11402;7602;7827;1;460,00;0,00;
11403;7603;1542;1;290,00;0,00;
11404;7603;8355;1;390,00;0,00;
11405;7604;7953;1;250,00;0,00;
11406;7605;1534;1;160,00;0,00;
11407;7605;7821;1;290,00;0,00;
11408;7606;7953;1;250,00;0,00;
11409;7606;7821;1;290,00;0,00;
11410;7607;8573;1;230,00;0,00;
11411;7608;1534;1;160,00;0,00;
11412;7609;1534;1;160,00;0,00;
11414;7610;1534;1;160,00;0,00;
11415;7610;7773;1;130,00;0,00;
11416;7609;7628;1;290,00;0,00;
11417;7611;1534;1;120,00;0,00;
11418;7611;7821;1;260,00;0,00;
11419;7612;7972;1;260,00;0,00;
11420;7614;1542;1;290,00;0,00;
11421;7614;7821;1;290,00;0,00;
11422;7615;1554;1;270,00;0,00;
11425;7616;8667;1;908,00;0,00;
11426;7617;7953;1;250,00;0,00;
11427;7617;8660;1;550,00;0,00;
11428;7619;1534;1;160,00;0,00;
11429;7620;1552;1;290,00;0,00;
11430;7620;7821;1;290,00;0,00;
11432;7621;8669;1;1.320,00;0,00;
11433;7622;8661;1;550,00;0,00;
11434;7623;1542;1;290,00;0,00;
11435;7623;8552;1;100,00;0,00;
11436;7624;1534;1;160,00;0,00;
11437;7624;7628;1;290,00;0,00;
11439;7626;8177;1;950,00;0,00;
11440;7627;7953;1;250,00;0,00;
11441;7627;7821;1;290,00;0,00;
11442;7628;7987;1;450,00;0,00;
11443;7629;8552;1;190,00;0,00;
11444;7630;8552;1;190,00;0,00;
11445;7631;8355;1;350,00;0,00;
11446;7631;1542;1;250,00;0,00;
11447;7632;7953;1;250,00;0,00;
11448;7633;8358;1;690,00;0,00;
11449;7633;7810;1;100,00;0,00;
11450;7634;5627;1;790,00;0,00;
11453;7634;8670;1;590,00;0,00;
11454;7635;7821;1;290,00;0,00;
11455;7636;1542;1;290,00;0,00;
11457;7637;8481;1;390,00;0,00;
11458;7639;1534;1;160,00;0,00;
11459;7640;1534;1;160,00;0,00;
11460;7641;1552;1;290,00;0,00;
11461;7641;8552;1;190,00;0,00;
11462;7642;1534;1;130,00;0,00;
11463;7642;1534;1;130,00;0,00;
11464;7642;7821;1;277,00;0,00;
11465;7642;8355;1;390,00;0,00;
11466;7644;7773;1;100,00;0,00;
11467;7645;2733;1;100,00;0,00;
11468;7645;7953;1;190,00;0,00;
11469;7646;5627;1;1.300,00;0,00;
11470;7646;8557;1;690,00;0,00;
11471;7647;1554;1;250,00;0,00;
11472;7647;7628;1;250,00;0,00;
11473;7646;8668;1;26,00;0,00;
11474;7650;1542;1;290,00;0,00;
11475;7650;8552;1;130,00;0,00;
11476;7359;8359;1;520,00;0,00;
11477;7651;1534;1;120,00;0,00;
11479;7651;8671;1;430,00;0,00;
11480;7652;8240;1;450,00;0,00;
11481;7653;1760;1;650,00;0,00;
11482;7654;7953;1;250,00;0,00;
11483;7655;7953;1;250,00;0,00;
11484;7655;7628;1;290,00;0,00;
11485;7657;3180;1;600,00;0,00;
11486;7657;7628;1;240,00;0,00;
11487;7658;8239;1;2.070,00;0,00;
11488;7658;8522;1;620,00;0,00;
11489;7659;8590;1;1.550,00;0,00;
11491;7660;8672;1;5.265,00;0,00;
11493;7662;1526;1;160,00;0,00;
11494;7663;1534;1;160,00;0,00;
11495;7663;7821;1;290,00;0,00;
11496;7664;7953;1;250,00;0,00;
11497;7665;1554;1;250,00;0,00;
11498;7665;8552;1;130,00;0,00;
11499;7666;1752;1;350,00;0,00;
11500;7666;6292;1;160,00;0,00;
11501;7667;8157;1;585,00;0,00;
11502;7668;5218;1;580,00;0,00;
11503;7669;7953;1;210,00;0,00;
11504;7669;8588;1;590,00;0,00;
11505;7670;7953;1;220,00;0,00;
11506;7670;8552;1;180,00;0,00;
11507;7653;8668;1;90,00;0,00;
11508;7671;7987;1;390,00;0,00;
11511;7671;7810;1;220,00;0,00;
11512;7671;1534;1;90,00;0,00;
11513;7671;1534;1;90,00;0,00;
11515;7660;8031;1;351,00;0,00;
11516;7671;7810;1;220,00;0,00;
11517;7672;1542;1;290,00;0,00;
11519;7672;8662;1;550,00;0,00;
11520;7673;1534;1;160,00;0,00;
11521;7673;6292;1;160,00;0,00;
11522;7674;1534;1;160,00;0,00;
11523;7676;2403;2;480,00;0,00;
11524;7671;1534;1;90,00;0,00;
11525;7671;1534;1;90,00;0,00;
11526;7677;1534;1;160,00;0,00;
11527;7680;8250;1;1.400,00;0,00;
11528;7680;8468;1;390,00;0,00;
11529;7681;8552;1;170,00;0,00;
11530;7682;1542;1;260,00;0,00;
11531;7682;7972;1;280,00;0,00;
11532;7683;1534;1;160,00;0,00;
11533;7684;1542;1;260,00;0,00;
11534;7684;8355;1;340,00;0,00;
11535;7685;1542;1;290,00;0,00;
11536;7685;7628;1;290,00;0,00;
11537;7686;8674;1;1.360,00;0,00;
11538;7686;8420;1;690,00;0,00;
11539;7687;1542;1;290,00;0,00;
11540;7688;8314;1;1.000,00;0,00;
11541;7689;7953;1;250,00;0,00;
11542;7689;7821;1;290,00;0,00;
11543;7690;8583;1;600,00;0,00;
11544;7691;8355;1;390,00;0,00;
11545;7692;1534;1;120,00;0,00;
11546;7692;8552;1;140,00;0,00;
11547;7693;1534;1;160,00;0,00;
11548;7694;1534;1;140,00;0,00;
11549;7694;6292;1;140,00;0,00;
11550;7696;6292;1;160,00;0,00;
11551;7697;1552;1;290,00;0,00;
11552;7697;8552;1;190,00;0,00;
11553;7698;1542;1;290,00;0,00;
11554;7698;7821;1;280,00;0,00;
11555;7699;1542;1;280,00;0,00;
11556;7699;7512;1;260,00;0,00;
11557;7700;1554;1;190,00;0,00;
11558;7701;1542;1;260,00;0,00;
11559;7701;7821;1;280,00;0,00;
11560;7702;8668;1;89,90;0,00;
11561;7703;8668;1;26,00;0,00;
11562;7704;7953;1;250,00;0,00;
11563;7704;7953;1;250,00;0,00;
11564;7704;7821;1;280,00;0,00;
11565;7705;1760;1;650,00;0,00;
11566;7706;8552;1;120,00;0,00;
11567;7706;8606;1;550,00;0,00;
11568;7707;1534;1;150,00;0,00;
11573;7709;8676;1;515,00;0,00;
11574;7709;1534;1;160,00;0,00;
11575;7710;1542;1;290,00;0,00;
11576;7710;7628;1;280,00;0,00;
11577;7711;8554;1;850,00;0,00;
11578;7712;1534;1;140,00;0,00;
11579;7712;7821;1;220,00;0,00;
11580;7712;2287;1;25,00;0,00;
11581;7713;1721;1;486,00;0,00;
11582;7713;8003;1;531,00;0,00;
11583;7714;7459;1;690,00;0,00;
11584;7715;1534;1;160,00;0,00;
11585;7715;1349;1;260,00;0,00;
11586;7716;1534;1;120,00;0,00;
11587;7716;1375;1;230,00;0,00;
11588;7717;1542;1;280,00;0,00;
11590;7717;8560;1;600,00;0,00;
11591;7718;7511;1;260,00;0,00;
11592;7718;1542;1;290,00;0,00;
11593;7719;8314;1;1.000,00;0,00;
11594;7719;8552;1;160,00;0,00;
11595;7720;1542;1;290,00;0,00;
11596;7721;8573;1;290,00;0,00;
11597;7723;7628;1;260,00;0,00;
11598;7724;7953;1;220,00;0,00;
11599;7724;7821;1;266,00;0,00;
11600;7725;5454;1;800,00;0,00;
11601;7726;7953;1;250,00;0,00;
11602;7726;8520;1;690,00;0,00;
11603;7727;1760;1;590,00;0,00;
11604;7728;1542;1;150,00;0,00;
11605;7729;1534;1;130,00;0,00;
11606;7729;6292;1;100,00;0,00;
11607;7730;7198;1;450,00;0,00;
11608;7731;7628;1;250,00;0,00;
11610;7732;7821;1;215,00;0,00;
11611;7733;7972;1;280,00;0,00;
11612;7732;8677;1;1.500,00;0,00;
11613;7734;8164;1;495,00;0,00;
11614;7735;7953;1;236,00;0,00;
11615;7735;7628;1;250,00;0,00;
11616;7736;7953;1;230,00;0,00;
11617;7737;1534;1;160,00;0,00;
11618;7737;7821;1;240,00;0,00;
11619;7739;7821;1;200,00;0,00;
11620;7739;1534;1;180,00;0,00;
11621;7740;7773;1;120,00;0,00;
11622;7741;1542;1;260,00;0,00;
11623;7741;7821;1;260,00;0,00;
11624;7742;1534;1;140,00;0,00;
11625;7742;7821;1;260,00;0,00;
11626;7743;4514;1;350,00;0,00;
11627;7743;8634;1;450,00;0,00;
11628;7745;7628;1;250,00;0,00;
11630;7746;8645;1;510,00;0,00;
11631;7746;1542;1;290,00;0,00;
11633;7747;8573;1;380,00;0,00;
11634;7748;1534;1;160,00;0,00;
11635;7748;8552;1;140,00;0,00;
11637;7751;8678;1;1.650,00;0,00;
11638;7751;7181;1;440,00;0,00;
11639;7752;1349;1;100,00;0,00;
11640;7753;1721;1;490,00;0,00;
11641;7753;7821;1;260,00;0,00;
11643;7755;8679;1;2.800,00;0,00;
11644;7755;7821;1;260,00;0,00;
11645;7755;1542;1;280,00;0,00;
11646;7756;1534;1;150,00;0,00;
11647;7757;1534;1;140,00;0,00;
11648;7757;7821;1;260,00;0,00;
11649;7758;1534;1;160,00;0,00;
11650;7758;7821;1;290,00;0,00;
11651;7759;7953;1;280,00;0,00;
11652;7760;1534;1;160,00;0,00;
11653;7760;7821;1;240,00;0,00;
11654;7761;7953;1;350,00;0,00;
11655;7762;8268;1;650,00;0,00;
11656;7763;8573;1;220,00;0,00;
11657;7764;1542;1;250,00;0,00;
11658;7764;7628;1;250,00;0,00;
11659;7765;7953;1;250,00;0,00;
11660;7765;7628;1;390,00;0,00;
11661;7766;8300;1;490,00;0,00;
11662;7766;8559;1;690,00;0,00;
11663;7767;1534;;140,00;0,00;
11664;7767;8552;1;150,00;0,00;
11665;7768;1542;1;250,00;0,00;
11666;7768;7821;1;250,00;0,00;
11667;7769;1542;1;290,00;0,00;
11669;7769;7628;1;290,00;0,00;
11671;7772;7773;1;120,00;0,00;
11672;7771;8680;1;1.100,00;0,00;
11673;7773;7628;1;280,00;0,00;
11674;7774;1542;1;290,00;0,00;
11675;7775;1534;1;160,00;0,00;
11676;7775;7628;1;290,00;0,00;
11677;7776;1542;1;250,00;0,00;
11678;7778;1534;1;130,00;0,00;
11679;7779;7810;1;180,00;0,00;
11681;7781;1534;1;160,00;0,00;
11682;7782;1554;1;290,00;0,00;
11683;7782;7821;1;290,00;0,00;
11684;7783;1534;1;140,00;0,00;
11685;7783;7628;1;260,00;0,00;
11686;7784;5627;1;800,00;0,00;
11687;7784;8655;1;590,00;0,00;
11688;7784;5991;1;490,00;0,00;
11689;7785;1534;1;160,00;0,00;
11690;7785;6292;1;100,00;0,00;
11691;7786;6159;1;290,00;0,00;
11692;7787;1534;1;160,00;0,00;
11693;7787;7821;1;290,00;0,00;
11694;7788;4514;1;350,00;0,00;
11695;7789;1534;1;160,00;0,00;
11696;7789;7821;1;290,00;0,00;
11697;7790;1534;1;120,00;0,00;
11698;7790;8552;1;110,00;0,00;
11700;7791;7953;1;250,00;0,00;
11701;7791;7628;1;290,00;0,00;
11702;7793;7953;1;250,00;0,00;
11703;7793;7628;1;290,00;0,00;
11705;7795;1534;1;160,00;0,00;
11706;7795;7821;1;290,00;0,00;
11707;7794;1534;1;130,00;0,00;
11708;7796;1542;1;290,00;0,00;
11709;7797;1534;1;160,00;0,00;
11710;7798;7773;1;100,00;0,00;
11711;7798;1534;1;130,00;0,00;
11712;7799;1760;1;650,00;0,00;
11713;7800;8314;1;1.000,00;0,00;
11714;7800;8553;1;290,00;0,00;
11716;7801;7578;1;390,00;0,00;
11717;7803;1534;1;120,00;0,00;
11718;7803;8552;1;100,00;0,00;
11719;7804;7953;1;220,00;0,00;
11720;7805;7952;1;360,00;0,00;
11721;7806;4991;1;250,00;0,00;
11723;7807;1542;1;290,00;0,00;
11724;7807;7821;1;280,00;0,00;
11725;7809;7953;1;250,00;0,00;
11726;7809;7187;1;590,00;0,00;
11727;7811;8312;1;160,00;0,00;
11728;7811;8312;1;240,00;0,00;
11729;7812;1760;1;490,00;0,00;
11730;7812;8552;1;160,00;0,00;
11731;7813;7953;0,5;85,00;0,00;
11732;7814;1534;1;180,00;0,00;
11733;7815;1542;1;250,00;0,00;
11734;7816;1542;1;250,00;0,00;
11735;7816;7821;1;250,00;0,00;
11736;7818;8552;1;100,00;0,00;
11737;7820;1534;1;160,00;0,00;
11738;7821;1554;1;290,00;0,00;
11739;7821;8552;1;160,00;0,00;
11740;7822;1534;1;120,00;0,00;
11741;7822;6158;1;400,00;0,00;
11742;7823;1542;1;270,00;0,00;
11743;7824;2403;1;240,00;0,00;
11744;7825;1534;1;160,00;0,00;
11745;7826;4581;2;430,00;0,00;
11748;7828;8300;1;540,00;0,00;
11749;7828;7821;1;280,00;0,00;
11750;7829;1534;1;160,00;0,00;
11751;7829;8552;1;100,00;0,00;
11752;7830;2403;1;240,00;0,00;
11753;7831;8185;1;390,00;0,00;
11754;7831;8612;1;390,00;0,00;
11755;7833;1542;1;290,00;0,00;
11756;7833;6292;1;100,00;0,00;
11757;7835;8355;1;390,00;0,00;
11758;7837;1542;1;290,00;0,00;
11759;7837;8639;1;490,00;0,00;
11761;7838;8553;1;260,00;0,00;
11762;7839;7953;1;250,00;0,00;
11763;7840;1542;1;260,00;0,00;
11764;7804;8341;1;520,00;0,00;
11765;7841;8552;1;100,00;0,00;
11766;7842;1533;1;40,00;0,00;
11767;7843;8668;1;25,00;0,00;
11768;7844;7987;1;575,00;0,00;
11769;7844;8668;1;38,00;0,00;
11770;7847;1542;1;250,00;0,00;
11772;7851;7824;1;;0,00;
11778;7854;8178;1;790,00;0,00;
11779;7854;6720;1;570,00;0,00;
11780;7856;8567;1;690,00;0,00;
11781;7857;1997;1;140,00;0,00;
11783;7859;2287;1;15,00;0,00;
11784;7860;8544;1;690,00;0,00;
11786;7860;7953;1;210,00;0,00;
11788;7862;4797;1;270,00;0,00;
11789;7862;1534;1;130,00;0,00;
11790;7864;1542;1;280,00;0,00;
11791;7864;1371;1;120,00;0,00;
11792;7865;1405;1;120,00;0,00;
11793;7865;7953;1;250,00;0,00;
11794;7867;1405;1;120,00;0,00;
11795;7867;1534;1;160,00;0,00;
11796;7868;1552;1;390,00;0,00;
11797;7868;8641;1;490,00;0,00;
11798;7869;1671;1;120,00;0,00;
11799;7870;1542;1;260,00;0,00;
11800;7870;8552;1;100,00;0,00;
11801;7871;7953;1;200,00;0,00;
11802;7871;7628;1;200,00;0,00;
11803;7872;8552;1;100,00;0,00;
11804;7873;1542;1;290,00;0,00;
11805;7873;8552;1;190,00;0,00;
11806;7874;7821;1;280,00;0,00;
11807;7874;1534;1;160,00;0,00;
11808;7875;1542;1;290,00;0,00;
11811;7875;8686;1;689,00;0,00;
11812;7758;2403;2;440,00;0,00;
11813;7875;5977;1;450,00;0,00;
11814;7876;7972;1;190,00;0,00;
11815;7877;1542;1;250,00;0,00;
11816;7877;1542;1;250,00;0,00;
11817;7877;7628;1;200,00;0,00;
11818;7877;8552;1;100,00;0,00;
11819;7878;5940;1;380,00;0,00;
11820;7879;7821;1;290,00;0,00;
11821;7880;5521;1;540,00;0,00;
11822;7882;7953;1;180,00;0,00;
11823;7883;1534;1;160,00;0,00;
11825;7885;8676;1;560,00;0,00;
11826;7885;7953;1;220,00;0,00;
11827;7883;7628;1;280,00;0,00;
11828;7886;1542;1;290,00;0,00;
11829;7887;1554;1;290,00;0,00;
11830;7887;7821;1;280,00;0,00;
11831;7888;7953;1;160,00;0,00;
11832;7888;8553;1;250,00;0,00;
11833;7890;1534;1;120,00;0,00;
11834;7890;7821;1;180,00;0,00;
11835;7891;1534;1;130,00;0,00;
11836;7891;8355;1;365,00;0,00;
11837;7892;7953;1;250,00;0,00;
11838;7892;8544;1;690,00;0,00;
11839;7893;7953;1;240,00;0,00;
11840;7893;7821;1;240,00;0,00;
11841;7895;7953;1;220,00;0,00;
11842;7895;7821;1;240,00;0,00;
11843;7896;1542;1;280,00;0,00;
11844;7896;7821;1;290,00;0,00;
11845;7897;1760;1;650,00;0,00;
11848;7899;8552;1;190,00;0,00;
11849;7899;1534;1;160,00;0,00;
11850;7900;1534;1;160,00;0,00;
11851;7901;7821;1;280,00;0,00;
11852;7901;8668;1;40,00;0,00;
11853;7902;1534;1;160,00;0,00;
11854;7902;8552;1;100,00;0,00;
11855;7904;1349;1;160,00;0,00;
11856;7904;1542;1;290,00;0,00;
11857;7905;1534;1;140,00;0,00;
11858;7905;7628;1;290,00;0,00;
11859;7905;1534;1;120,00;0,00;
11860;7897;8564;1;690,00;0,00;
11861;7906;1542;1;290,00;0,00;
11862;7906;8341;1;490,00;0,00;
11863;7907;1721;1;550,00;0,00;
11864;7908;1534;1;120,00;0,00;
11865;7908;7987;1;430,00;0,00;
11866;7909;8552;1;190,00;0,00;
11867;7909;1534;1;160,00;0,00;
11868;7910;8150;1;620,00;0,00;
11869;7911;1542;1;290,00;0,00;
11870;7912;5542;1;390,00;0,00;
11871;7913;1760;1;490,00;0,00;
11872;7915;1542;290;290,00;0,00;
11873;7917;1534;1;140,00;0,00;
11874;7917;8355;1;320,00;0,00;
11875;7796;3649;1;40,00;0,00;
11876;7918;4514;1;320,00;0,00;
11877;7918;7402;1;260,00;0,00;
11878;7918;480;1;599,00;0,00;
11879;7918;8687;1;985,00;0,00;
11880;7919;6018;1;420,00;0,00;
11881;7920;1534;1;160,00;0,00;
11882;7920;5531;1;560,00;0,00;
11883;7921;7687;1;260,00;0,00;
11884;7921;1542;1;290,00;0,00;
11885;7923;1534;1;160,00;0,00;
11886;7924;1534;1;160,00;0,00;
11888;7925;1760;1;480,00;0,00;
11889;7925;1542;1;280,00;0,00;
11890;7927;7821;1;260,00;0,00;
11891;7927;8176;1;1.125,00;0,00;
11892;7928;7953;1;250,00;0,00;
11893;7929;1542;1;280,00;0,00;
11894;7929;7566;1;580,00;0,00;
11895;7930;1534;1;160,00;0,00;
11896;7932;1542;1;280,00;0,00;
11897;7932;3197;1;250,00;0,00;
11898;7934;7933;1;380,00;0,00;
11899;7934;1542;1;280,00;0,00;
11900;7935;1534;1;150,00;0,00;
11901;7936;1405;1;100,00;0,00;
11902;7938;1349;1;100,00;0,00;
11903;7938;1534;1;150,00;0,00;
11904;7940;7727;1;360,00;0,00;
11905;7940;6347;1;450,00;0,00;
11906;7941;1805;1;450,00;0,00;
11908;7944;7512;1;230,00;0,00;
11909;7944;7953;1;230,00;0,00;
11910;7945;1542;1;300,00;0,00;
11911;7947;1534;1;160,00;0,00;
11912;7948;1534;1;90,00;0,00;
11913;7949;8552;1;100,00;0,00;
11914;7950;7810;2;380,00;0,00;
11915;7951;1542;1;290,00;0,00;
11916;7951;8552;1;100,00;0,00;
11919;7953;7953;1;250,00;0,00;
11920;7953;8566;1;690,00;0,00;
11921;7954;1542;1;290,00;0,00;
11922;7955;1542;1;250,00;0,00;
11923;7955;7628;1;245,00;0,00;
11924;7957;1534;1;160,00;0,00;
11925;7957;8552;1;120,00;0,00;
11926;7958;1542;1;290,00;0,00;
11927;7958;1542;1;290,00;0,00;
11928;7958;7628;1;280,00;0,00;
11929;7958;7821;1;280,00;0,00;
11930;7959;1534;1;100,00;0,00;
11931;7961;1552;1;290,00;0,00;
11932;7962;1542;1;290,00;0,00;
11933;7962;8552;1;160,00;0,00;
11934;7963;7987;1;490,00;0,00;
11936;7963;8688;1;570,00;0,00;
11937;7965;5627;1;800,00;0,00;
11938;7965;8552;1;100,00;0,00;
11940;7966;8449;1;590,00;0,00;
11941;7966;8300;1;690,00;0,00;
11942;7968;6347;1;220,00;0,00;
11943;7968;7821;1;280,00;0,00;
11944;7969;1760;1;400,00;0,00;
11945;7969;8444;1;600,00;0,00;
11946;7970;8690;1;690,00;0,00;
11947;7972;7972;1;220,00;0,00;
11948;7972;1534;1;160,00;0,00;
11949;7974;1534;1;140,00;0,00;
11950;7976;5135;1;160,00;0,00;
11951;7978;7628;1;200,00;0,00;
11952;7979;8687;1;985,00;0,00;
11953;7979;8355;1;380,00;0,00;
11958;7981;8552;1;100,00;0,00;
11959;7982;8278;1;690,00;0,00;
11960;7983;1534;1;130,00;0,00;
11964;7985;1542;1;260,00;0,00;
11965;7985;8552;1;100,00;0,00;
11966;7986;5627;1;750,00;0,00;
11968;7986;8601;1;410,00;0,00;
11971;7987;1542;1;240,00;0,00;
11972;7987;8355;1;360,00;0,00;
11973;7952;1534;4;450,00;0,00;
11974;7952;8007;1;250,00;0,00;
11975;7988;1542;1;260,00;0,00;
11976;7988;1554;1;260,00;0,00;
11977;7989;1542;1;290,00;0,00;
11978;7989;7821;1;280,00;0,00;
11979;7990;1542;1;290,00;0,00;
11980;7990;8459;1;690,00;0,00;
11983;7992;8691;1;1.829,00;0,00;
11984;7992;5940;1;570,00;0,00;
11985;7993;7124;1;450,00;0,00;
11989;7994;8692;1;3.240,00;0,00;
11990;7994;7972;1;199,00;0,00;
11992;7995;8185;1;450,00;0,00;
11993;7997;1976;1;50,00;0,00;
11994;7998;1534;1;160,00;0,00;
11995;7998;7935;1;380,00;0,00;
11997;7999;8185;1;570,00;0,00;
11998;7999;7821;1;290,00;0,00;
11999;8001;7821;1;220,00;0,00;
12000;8003;7953;1;215,00;0,00;
12001;8003;7953;1;210,00;0,00;
12002;8003;8648;1;430,00;0,00;
12003;8004;1038;1;150,00;0,00;
12004;8005;8220;1;520,00;0,00;
12005;8006;7953;1;250,00;0,00;
12006;8006;8567;1;690,00;0,00;
12007;8007;5627;1;750,00;0,00;
12008;8009;1760;1;650,00;0,00;
12009;8010;1534;1;120,00;0,00;
12010;8010;8552;1;130,00;0,00;
12013;8012;1542;1;280,00;0,00;
12014;8012;7821;1;270,00;0,00;
12015;8012;8178;1;800,00;0,00;
12016;8012;8470;1;380,00;0,00;
12017;8011;8693;1;1.950,00;0,00;
12018;8013;8292;1;530,00;0,00;
12019;8011;7628;1;280,00;0,00;
12022;8016;8573;1;230,00;0,00;
12024;8017;7821;1;220,00;0,00;
12025;7970;8695;1;2.495,00;0,00;
12026;8018;1533;1;90,00;0,00;
12028;8019;8696;1;750,00;0,00;
12029;8020;7953;1;220,00;0,00;
12030;8020;7821;1;180,00;0,00;
12031;8022;1534;1;160,00;0,00;
12032;8023;8314;1;1.100,00;0,00;
12033;8023;7124;1;450,00;0,00;
12034;8024;8668;1;25,00;0,00;
12035;8025;1534;1;220,00;0,00;
12036;8025;7953;1;250,00;0,00;
12037;8025;7972;1;200,00;0,00;
12038;8025;7187;1;390,00;0,00;
12039;8026;7821;1;190,00;0,00;
12040;8027;1542;1;250,00;0,00;
12041;8028;1542;1;290,00;0,00;
12042;8028;7821;1;280,00;0,00;
12043;8029;1542;1;290,00;0,00;
12044;8029;8552;1;100,00;0,00;
12045;8030;1760;1;600,00;0,00;
12046;8030;7628;1;250,00;0,00;
12047;8031;7953;1;220,00;0,00;
12048;8032;5627;1;950,00;0,00;
12049;8032;7821;1;220,00;0,00;
12050;8033;1554;1;260,00;0,00;
12051;8028;8668;1;25,00;0,00;
12052;8034;7953;1;220,00;0,00;
12053;8035;1534;1;160,00;0,00;
12054;8037;1542;1;290,00;0,00;
12055;8037;8553;1;250,00;0,00;
12056;8035;8341;1;650,00;0,00;
12057;8034;8616;1;410,00;0,00;
12058;8038;7953;1;250,00;0,00;
12059;8038;8573;1;350,00;0,00;
12060;8040;1534;1;140,00;0,00;
12061;8041;1542;1;250,00;0,00;
12062;8041;7821;1;250,00;0,00;
12063;8042;1542;1;290,00;0,00;
12064;8042;8552;1;100,00;0,00;
12065;8043;7821;1;280,00;0,00;
12066;8044;6292;1;60,00;0,00;
12067;8045;1542;1;280,00;0,00;
12068;8046;8552;1;100,00;0,00;
12069;8048;1529;1;150,00;0,00;
12070;8048;1527;1;150,00;0,00;
12071;8049;1542;1;290,00;0,00;
12072;8051;5135;1;160,00;0,00;
12073;8052;1552;1;290,00;0,00;
12074;8053;1542;1;290,00;0,00;
12075;8053;7821;1;280,00;0,00;
12076;8054;8593;1;770,00;0,00;
12077;8055;1534;1;160,00;0,00;
12078;8056;1542;1;100,00;0,00;
12079;8056;8552;1;80,00;0,00;
12080;8058;5133;1;160,00;0,00;
12081;8059;5627;1;650,00;0,00;
12082;8061;7953;1;250,00;0,00;
12083;8061;7954;1;570,00;0,00;
12084;8062;1542;1;290,00;0,00;
12085;8062;8657;1;490,00;0,00;
12086;8064;1534;1;100,00;0,00;
12089;8066;7821;1;280,00;0,00;
12090;8066;6347;1;834,00;0,00;
12091;8067;1534;1;145,00;0,00;
12092;8068;1542;0,5;145,00;0,00;
12093;8069;8142;1;650,00;0,00;
12094;8070;1542;1;280,00;0,00;
12095;8070;8355;1;380,00;0,00;
12096;8071;5133;1;240,00;0,00;
12097;8071;5134;1;240,00;0,00;
12098;8072;7430;1;590,00;0,00;
12099;8073;7821;1;190,00;0,00;
12100;8074;8312;1;160,00;0,00;
12101;8075;8552;1;170,00;0,00;
12103;8076;1542;1;280,00;0,00;
12104;8076;7821;1;300,00;0,00;
12105;8077;1855;1;150,00;0,00;
12106;8080;1534;1;160,00;0,00;
12107;8080;7972;1;190,00;0,00;
12108;8081;7972;1;220,00;0,00;
12109;8083;5627;1;590,00;0,00;
12110;8083;8552;1;100,00;0,00;
12111;8085;5627;1;790,00;0,00;
12112;8086;8536;1;670,00;0,00;
12114;8086;7810;1;190,00;0,00;
12115;8087;1534;1;150,00;0,00;
12116;8087;8552;1;100,00;0,00;
12117;8088;7953;1;220,00;0,00;
12118;8089;1542;1;240,00;0,00;
12119;8089;7821;1;210,00;0,00;
12120;8090;8552;1;50,00;0,00;
12121;8092;1552;1;290,00;0,00;
12122;8092;6533;1;350,00;0,00;
12123;8093;8314;1;950,00;0,00;
12124;8093;7821;1;280,00;0,00;
12125;8094;1552;1;280,00;0,00;
12126;8094;1349;1;100,00;0,00;
12127;8095;8314;1;950,00;0,00;
12128;8095;8472;1;380,00;0,00;
12129;8096;1542;1;260,00;0,00;
12130;8097;1534;0,5;80,00;0,00;
12131;8099;1349;1;100,00;0,00;
12132;8099;1349;1;120,00;0,00;
12133;8100;7953;1;240,00;0,00;
12134;8100;7821;1;260,00;0,00;
12135;8101;7044;1;220,00;0,00;
12136;8102;930;1;700,00;0,00;
12137;8104;5627;1;790,00;0,00;
12138;8104;8471;1;390,00;0,00;
12139;8105;5133;1;160,00;0,00;
12140;8106;7719;1;140,00;0,00;
12141;8107;1534;1;160,00;0,00;
12142;8108;7821;1;280,00;0,00;
12143;8054;8423;1;650,00;0,00;
12144;8109;1534;1;160,00;0,00;
12145;8109;8552;1;190,00;0,00;
12146;8110;8552;1;190,00;0,00;
12147;8111;1542;1;290,00;0,00;
12148;8112;7323;1;220,00;0,00;
12149;8113;1534;1;160,00;0,00;
12150;8114;8273;1;500,00;0,00;
12151;8114;7821;1;200,00;0,00;
12153;8115;7953;1;250,00;0,00;
12154;8115;7821;1;280,00;0,00;
12155;8116;7953;1;315,00;0,00;
12158;8116;7810;1;306,00;0,00;
12159;8116;5933;1;351,00;0,00;
12160;8116;8698;1;513,00;0,00;
12161;8117;1534;1;160,00;0,00;
12162;8118;1534;1;160,00;0,00;
12163;8118;7628;1;280,00;0,00;
12165;8120;7821;1;280,00;0,00;
12166;8121;1534;1;160,00;0,00;
12167;8121;1372;1;190,00;0,00;
12168;8122;7385;2;20,00;0,00;
12169;8123;1534;1;160,00;0,00;
12170;8124;1721;1;503,00;0,00;
12171;8124;8552;1;190,00;0,00;
12172;8125;7821;1;252,00;0,00;
12173;8125;1721;1;522,00;0,00;
12174;8126;8177;1;900,00;0,00;
12175;8126;7972;1;300,00;0,00;
12176;8127;1542;1;280,00;0,00;
12177;8127;8355;1;390,00;0,00;
12178;8128;1534;2;320,00;0,00;
12179;8128;1349;1;100,00;0,00;
12180;8129;8177;1;950,00;0,00;
12181;8129;8552;1;100,00;0,00;
12183;8130;7821;1;280,00;0,00;
12184;8080;8668;1;20,00;0,00;
12185;8130;8687;1;1.185,00;0,00;
12186;8131;8310;1;650,00;0,00;
12187;8131;7891;1;380,00;0,00;
12188;8132;1534;1;160,00;0,00;
12189;8132;5220;1;380,00;0,00;
12190;8132;8668;1;10,00;0,00;
12191;8133;7821;1;280,00;0,00;
12192;8134;1534;0,5;60,00;0,00;
12193;8135;1534;1;160,00;0,00;
12194;8135;8552;1;100,00;0,00;
12195;8136;8683;1;980,00;0,00;
12196;8137;1534;1;160,00;0,00;
12197;8137;7628;1;280,00;0,00;
12198;8138;1534;1;160,00;0,00;
12199;8138;8552;1;190,00;0,00;
12201;8140;7821;1;220,00;0,00;
12202;8141;1534;1;170,00;0,00;
12203;8141;7821;1;280,00;0,00;
12204;8142;1533;1;150,00;0,00;
12205;8144;1534;1;130,00;0,00;
12206;8145;1534;1;160,00;0,00;
12207;8146;1534;1;130,00;0,00;
12208;8147;1534;1;160,00;0,00;
12211;8147;8640;1;450,00;0,00;
12212;8148;7953;2;400,00;0,00;
12213;8148;8355;1;300,00;0,00;
12214;8149;1760;1;170,00;0,00;
12215;8150;8552;1;100,00;0,00;
12216;8151;8185;1;540,00;0,00;
12217;8151;1534;1;160,00;0,00;
12219;8152;8700;1;1.189,00;0,00;
12220;8154;1534;1;120,00;0,00;
12221;8154;7821;1;240,00;0,00;
12222;8156;5627;1;675,00;0,00;
12223;8157;8552;1;190,00;0,00;
12224;8157;1542;1;290,00;0,00;
12225;8158;8177;1;960,00;0,00;
12226;8158;7821;1;240,00;0,00;
12227;8159;1554;1;290,00;0,00;
12228;8159;8552;1;100,00;0,00;
12229;8160;8552;1;100,00;0,00;
12230;8161;1534;1;160,00;0,00;
12231;8161;8552;1;100,00;0,00;
12232;8161;7987;1;350,00;0,00;
12233;8162;8312;1;160,00;0,00;
12234;8163;8552;1;160,00;0,00;
12235;8164;7953;1;250,00;0,00;
12236;8164;8609;1;450,00;0,00;
12237;8165;8552;1;100,00;0,00;
12238;8166;7810;1;100,00;0,00;
12239;8167;1542;1;250,00;0,00;
12240;8167;8552;1;100,00;0,00;
12241;8168;8668;1;25,00;0,00;
12242;8169;1528;1;160,00;0,00;
12243;8172;1534;1;110,00;0,00;
12244;8172;7821;1;190,00;0,00;
12245;8173;7810;1;190,00;0,00;
12246;8173;8701;1;760,00;0,00;
12247;8175;8552;1;140,00;0,00;
12248;8176;1534;1;110,00;0,00;
12249;8177;4581;2;440,00;0,00;
12250;8178;7821;1;220,00;0,00;
12251;8180;8552;1;100,00;0,00;
12252;8181;1534;1;160,00;0,00;
12253;8181;7821;1;260,00;0,00;
12254;8183;1534;0,5;90,00;0,00;
12255;8183;8643;1;450,00;0,00;
12256;8185;8355;1;320,00;0,00;
12257;8186;7953;1;250,00;0,00;
12258;8187;1760;1;680,00;0,00;
12259;8188;7972;1;190,00;0,00;
12260;8189;8177;1;890,00;0,00;
12261;8189;1534;1;160,00;0,00;
12262;8189;6292;1;100,00;0,00;
12263;8190;1542;1;290,00;0,00;
12264;8190;7972;1;190,00;0,00;
12265;8191;7553;1;980,00;0,00;
12266;8192;7216;1;345,00;0,00;
12267;8193;1534;1;160,00;0,00;
12268;8193;8552;1;170,00;0,00;
12269;8194;8185;1;430,00;0,00;
12270;8194;7987;1;350,00;0,00;
12271;8194;8185;1;430,00;0,00;
12272;8195;4581;1;240,00;0,00;
12273;8195;4581;1;240,00;0,00;
12274;8196;8664;1;450,00;0,00;
12275;8197;8663;1;450,00;0,00;
12276;8200;1534;1;240,00;0,00;
12277;8201;7810;1;100,00;0,00;
12278;8202;7821;1;250,00;0,00;
12279;8203;8552;1;100,00;0,00;
12280;8205;1542;1;250,00;0,00;
12281;8205;7821;1;245,00;0,00;
12282;8206;1542;1;190,00;0,00;
12283;8206;7821;1;260,00;0,00;
12284;8194;583;1;150,00;0,00;
12285;8207;8555;1;717,50;0,00;
12286;8208;1754;1;950,00;0,00;
12287;8209;1534;1;150,00;0,00;
12288;8209;8355;1;330,00;0,00;
12289;8210;8552;1;100,00;0,00;
12290;8194;8702;1;490,00;0,00;
12291;8212;7953;1;0,00;0,00;
12292;8212;8552;1;0,00;0,00;
12293;8213;1534;1;160,00;0,00;
12294;8213;7972;1;390,00;0,00;
12295;8213;7810;1;100,00;0,00;
12296;8214;2287;1;90,00;0,00;
12297;8216;1542;1;290,00;0,00;
12298;8217;1534;1;140,00;0,00;
12299;8217;8552;1;100,00;0,00;
12300;8218;8377;1;445,00;0,00;
12301;8220;1526;1;160,00;0,00;
12302;8221;1542;1;260,00;0,00;
12303;8223;1542;1;260,00;0,00;
12304;8224;1542;1;220,00;0,00;
12305;8224;8355;1;280,00;0,00;
12306;8224;1542;1;220,00;0,00;
12307;8224;8355;1;280,00;0,00;
12308;8225;8356;1;540,00;0,00;
12309;8225;8300;1;450,00;0,00;
12310;8226;7953;1;250,00;0,00;
12311;8226;7821;1;280,00;0,00;
12312;8228;8552;1;160,00;0,00;
12313;8230;1534;1;160,00;0,00;
12314;8234;1542;1;290,00;0,00;
12315;8234;1372;1;280,00;0,00;
12316;8236;1534;1;160,00;0,00;
12317;8237;8552;1;160,00;0,00;
12318;8238;1534;1;160,00;0,00;
12319;8239;7953;1;220,00;0,00;
12320;8239;8552;1;100,00;0,00;
12321;8239;2287;1;40,00;0,00;
12322;8240;7972;1;199,00;0,00;
12323;8240;7953;1;250,00;0,00;
12324;8241;1542;1;290,00;0,00;
12325;8241;7436;1;380,00;0,00;
12326;8243;1542;1;240,00;0,00;
12327;8243;8355;1;350,00;0,00;
12328;8244;5627;1;790,00;0,00;
12329;8244;7821;1;280,00;0,00;
12330;8245;2733;1;100,00;0,00;
12331;8245;1552;1;220,00;0,00;
12334;8246;8703;1;1.260,00;0,00;
12337;8247;8300;1;450,00;0,00;
12338;8247;8552;1;190,00;0,00;
12339;8248;1534;1;250,00;0,00;
12340;8248;7878;1;100,00;0,00;
12341;8250;2287;1;30,00;0,00;
12342;8252;8435;1;870,00;0,00;
12343;8252;1542;1;280,00;0,00;
12344;8253;7821;1;199,00;0,00;
12345;8253;8573;1;260,00;0,00;
12346;8255;7821;1;260,00;0,00;
12347;8256;7821;1;200,00;0,00;
12348;8258;7953;1;250,00;0,00;
12349;8259;1534;1;160,00;0,00;
12350;8259;7821;1;220,00;0,00;
12351;8260;8102;1;350,00;0,00;
12352;8260;7821;1;280,00;0,00;
12354;8260;1760;1;680,00;0,00;
12355;8261;1542;1;290,00;0,00;
12356;8262;7972;1;190,00;0,00;
12359;8264;7953;1;250,00;0,00;
12360;8264;7972;1;280,00;0,00;
12362;8265;8704;0,5;480,00;0,00;
12363;8265;1534;0,5;60,00;0,00;
12364;8266;7821;1;260,00;0,00;
12365;8267;1542;1;280,00;0,00;
12366;8267;8552;1;100,00;0,00;
12368;8268;8705;1;1.448,00;0,00;
12369;8269;8232;1;480,00;0,00;
12370;8269;8193;1;190,00;0,00;
12371;8270;7953;1;250,00;0,00;
12372;8270;8552;1;190,00;0,00;
12373;8271;1542;1;260,00;0,00;
12374;8271;8552;1;100,00;0,00;
12375;8265;7821;1;240,00;0,00;
12376;8272;5940;1;390,00;0,00;
12377;8274;7972;1;199,00;0,00;
12379;8275;8706;1;2.530,00;0,00;
12380;8275;7821;1;250,00;0,00;
12381;8276;1542;1;260,00;0,00;
12382;8277;1542;1;250,00;0,00;
12383;8278;1542;1;140,00;0,00;
12385;8279;7187;1;450,00;0,00;
12386;8279;8707;1;980,00;0,00;
12387;8280;3649;1;35,00;0,00;
12388;8281;1534;1;160,00;0,00;
12389;8282;5627;1;850,00;0,00;
12390;8282;7821;1;220,00;0,00;
12391;8283;8185;1;430,00;0,00;
12392;8283;7821;1;260,00;0,00;
12393;8284;1554;1;260,00;0,00;
12394;8284;7628;1;240,00;0,00;
12395;8285;1542;1;260,00;0,00;
12396;8285;7821;1;240,00;0,00;
12397;8288;7821;1;290,00;0,00;
12398;8289;2403;1;340,00;0,00;
12399;8290;8091;1;250,00;0,00;
12400;8291;1554;1;290,00;0,00;
12402;8291;8708;1;1.490,00;0,00;
12403;8292;1540;1;60,00;0,00;
12405;8293;8709;1;3.335,00;0,00;
12406;8293;8576;1;590,00;0,00;
12407;8294;8664;1;390,00;0,00;
12408;8294;8573;1;210,00;0,00;
12409;8295;7821;1;250,00;0,00;
12410;8296;7810;1;200,00;0,00;
12411;8296;8552;1;190,00;0,00;
12412;8297;7821;1;270,00;0,00;
12413;8298;7972;1;199,00;0,00;
12414;8299;1534;1;190,00;0,00;
12415;8300;7953;1;220,00;0,00;
12416;8300;7821;1;230,00;0,00;
12417;8300;7972;1;199,00;0,00;
12418;8301;7972;1;199,00;0,00;
12419;8302;8274;1;600,00;0,00;
12420;8302;8710;1;1.900,00;0,00;
12421;8303;1542;1;290,00;0,00;
12422;8303;7821;1;260,00;0,00;
12423;8304;1534;1;160,00;0,00;
12424;8305;7810;1;200,00;0,00;
12425;8306;1554;1;180,00;0,00;
12426;8307;8232;1;490,00;0,00;
12427;8307;7821;1;280,00;0,00;
12428;8308;1534;1;160,00;0,00;
12429;8308;7735;1;280,00;0,00;
12434;8310;7810;1;100,00;0,00;
12435;8310;7972;1;280,00;0,00;
12436;8311;1542;1;290,00;0,00;
12437;8311;8552;1;100,00;0,00;
12438;8312;7953;1;250,00;0,00;
12439;8312;7485;1;290,00;0,00;
12440;8313;8552;1;100,00;0,00;
12442;8314;8711;1;540,00;0,00;
12443;8315;8102;1;350,00;0,00;
12444;8316;7953;1;220,00;0,00;
12445;8316;7628;1;180,00;0,00;
12446;8317;7945;1;380,00;0,00;
12447;8318;7810;1;50,00;0,00;
12448;8319;1760;1;430,00;0,00;
12449;8320;1534;1;160,00;0,00;
12450;8321;7187;1;405,00;0,00;
12451;8322;4065;1;49,00;0,00;
12452;8323;1534;1;160,00;0,00;
12453;8323;8552;1;120,00;0,00;
12454;8324;1554;1;260,00;0,00;
12455;8324;7628;1;100,00;0,00;
12456;8325;7987;1;390,00;0,00;
12457;8326;1548;1;90,00;0,00;
12458;8327;2403;1;240,00;0,00;
12459;8328;3291;1;89,90;0,00;
12460;8328;2287;1;25,00;0,00;
12461;8329;5060;1;490,00;0,00;
12462;8329;7945;1;390,00;0,00;
12463;8330;7972;1;350,00;0,00;
12464;8331;8552;1;100,00;0,00;
12465;8332;1335;1;180,00;0,00;
12466;8333;1326;1;89,90;0,00;
12467;8334;4087;1;50,00;0,00;
12468;8335;1542;1;290,00;0,00;
12469;8335;8552;1;190,00;0,00;
12470;8336;1534;1;140,00;0,00;
12471;8336;8355;1;370,00;0,00;
12472;8337;1401;2;179,80;0,00;
12473;8338;5627;1;980,00;0,00;
12474;8338;7628;1;260,00;0,00;
12475;8338;2539;1;160,00;0,00;
12476;8339;1326;1;89,90;0,00;
12477;8336;7628;1;180,00;0,00;
12479;8342;8678;1;1.598,00;0,00;
12480;8341;8712;1;1.825,00;0,00;
12481;8343;1343;1;150,00;0,00;
12482;8344;6292;1;100,00;0,00;
12483;8348;1534;1;160,00;0,00;
12484;8348;8552;1;100,00;0,00;
12485;8349;8300;1;450,00;0,00;
12486;8349;8355;1;380,00;0,00;
12488;8293;7821;1;260,00;0,00;
12489;8350;8056;1;390,00;0,00;
12490;8351;7953;1;200,00;0,00;
12491;8352;8310;1;650,00;0,00;
12492;8352;7773;1;100,00;0,00;
12493;8353;1534;1;140,00;0,00;
12494;8355;1542;1;270,00;0,00;
12495;8355;7821;1;260,00;0,00;
12496;8356;8552;1;100,00;0,00;
12498;8357;8351;1;260,00;0,00;
12499;8357;8713;1;230,00;0,00;
12500;8358;1552;1;290,00;0,00;
12502;8359;8714;1;1.660,00;0,00;
12503;8360;7628;1;260,00;0,00;
12504;8361;8552;1;100,00;0,00;
12505;8362;8707;1;980,00;0,00;
12506;8363;1326;2;179,80;0,00;
12507;8364;8678;1;980,00;0,00;
12508;8364;7821;1;280,00;0,00;
12510;8365;1526;1;160,00;0,00;
12511;8366;1326;1;89,90;0,00;
12512;8367;4665;1;40,00;0,00;
12518;8369;1542;1;280,00;0,00;
12519;8369;7740;1;260,00;0,00;
12520;8315;1349;1;100,00;0,00;
12521;8370;8341;1;390,00;0,00;
12522;8371;1542;1;240,00;0,00;
12523;8371;7724;1;240,00;0,00;
12524;8372;1534;1;160,00;0,00;
12525;8372;1326;2;180,00;0,00;
12526;0;7729;1;290,00;0,00;
12527;8375;7821;1;260,00;0,00;
12528;8376;8573;1;150,00;0,00;
12529;8376;8573;1;50,00;0,00;
12530;8377;1534;1;140,00;0,00;
12531;8378;0;1;50,00;0,00;
12532;8378;5759;1;50,00;0,00;
12533;8379;7483;1;280,00;0,00;
12534;8379;7953;1;250,00;0,00;
12535;8380;8046;1;380,00;0,00;
12536;8380;7953;1;220,00;0,00;
12537;8381;1321;1;100,00;0,00;
12538;8383;7485;1;260,00;0,00;
12539;8383;1552;1;260,00;0,00;
12540;8384;7953;2;450,00;0,00;
12541;8384;1349;1;190,00;0,00;
12542;8384;8552;1;190,00;0,00;
12544;8386;3859;1;160,00;0,00;
12545;8387;1760;1;450,00;0,00;
12546;8387;1349;1;100,00;0,00;
12547;8388;1349;1;100,00;0,00;
12548;8390;1370;1;140,00;0,00;
12549;8391;1534;1;160,00;0,00;
12550;8392;1542;1;290,00;0,00;
12551;8392;8439;1;790,00;0,00;
12552;8393;7662;1;290,00;0,00;
12553;8394;1721;1;450,00;0,00;
12554;8395;1534;2;280,00;0,00;
12555;8396;3784;1;380,00;0,00;
12556;8396;7574;1;750,00;0,00;
12557;8397;8193;1;130,00;0,00;
12559;8397;1721;1;500,00;0,00;
12560;8398;1326;1;89,00;0,00;
12561;8399;1534;1;160,00;0,00;
12562;8399;8193;1;130,00;0,00;
12563;8401;1534;1;160,00;0,00;
12564;8401;1349;1;190,00;0,00;
12565;8402;6347;1;190,00;0,00;
12566;8402;8355;1;380,00;0,00;
12567;8403;1326;1;90,00;0,00;
12568;8404;4808;1;100,00;0,00;
12569;8404;1542;1;290,00;0,00;
12570;8405;7953;1;250,00;0,00;
12571;8405;7821;1;290,00;0,00;
12572;8406;7883;1;380,00;0,00;
12573;8406;5627;1;900,00;0,00;
12574;8407;7510;1;280,00;0,00;
12575;8407;1760;1;980,00;0,00;
12576;8384;7953;1;220,00;0,00;
12577;8408;7953;1;250,00;0,00;
12578;8409;1320;1;200,00;0,00;
12579;8409;7953;1;250,00;0,00;
12581;8410;7821;1;280,00;0,00;
12583;8410;1542;2;290,00;0,00;
12584;8411;1349;1;160,00;0,00;
12585;8412;1552;1;250,00;0,00;
12586;8412;7720;1;230,00;0,00;
12587;8413;1534;1;160,00;0,00;
12588;8413;1320;1;90,00;0,00;
12590;8414;1525;1;160,00;0,00;
12591;8415;8434;1;610,00;0,00;
12592;8415;1542;1;290,00;0,00;
12593;8416;1534;1;70,00;0,00;
12594;8417;1534;1;150,00;0,00;
12595;8418;5578;1;450,00;0,00;
12596;8418;7821;1;200,00;0,00;
12597;8385;7953;1;260,00;0,00;
12598;8419;1542;1;290,00;0,00;
12599;8420;1542;1;250,00;0,00;
12600;8420;1760;1;420,00;0,00;
12601;8421;1326;1;90,00;0,00;
12602;8422;1370;1;190,00;0,00;
12604;8422;8177;1;980,00;0,00;
12605;8423;1326;1;90,00;0,00;
12606;8410;1542;1;200,00;0,00;
12607;8424;1554;0,5;140,00;0,00;
12608;8426;7972;1;190,00;0,00;
12610;8427;1372;1;100,00;0,00;
12612;8427;8715;1;350,00;0,00;
12613;8428;1760;1;440,00;0,00;
12614;8428;8425;1;825,00;0,00;
12615;8429;7953;1;250,00;0,00;
12616;8429;8628;1;390,00;0,00;
12617;8430;8310;1;500,00;0,00;
12618;8431;7953;1;250,00;0,00;
12619;8431;7181;1;420,00;0,00;
12620;8432;7821;1;0,00;0,00;
12621;8432;8707;1;972,00;0,00;
12622;8432;8355;1;200,00;0,00;
12623;8432;7972;1;140,00;0,00;
12624;8434;6551;1;235,00;0,00;
12625;8435;8573;1;230,00;0,00;
12626;8436;7821;1;260,00;0,00;
12627;8437;1542;1;260,00;0,00;
12628;8438;7972;1;200,00;0,00;
12629;8439;5627;1;500,00;0,00;
12630;8440;8613;1;350,00;0,00;
12631;8441;2287;1;22,00;0,00;
12632;8443;1542;1;250,00;0,00;
12633;8444;8090;1;380,00;0,00;
12635;8445;8716;1;5.719,50;0,00;
12636;8445;8350;1;280,50;0,00;
12638;8446;8717;1;2.405,00;0,00;
12639;8446;8552;1;190,00;0,00;
12640;8447;1534;1;160,00;0,00;
12642;8448;8707;1;1.167,00;0,00;
12644;8449;2287;1;30,00;0,00;
12645;8450;1542;1;200,00;0,00;
12646;8450;7628;1;180,00;0,00;
12647;8452;1534;1;160,00;0,00;
12648;8368;1401;2;180,00;0,00;
12651;8453;8707;1;1.170,00;0,00;
12652;8454;2403;1;80,00;0,00;
12653;8455;7385;1;10,00;0,00;
12654;8456;1326;1;89,90;0,00;
12655;8457;1534;;160,00;0,00;
12656;8459;1534;1;160,00;0,00;
12657;8459;8193;1;190,00;0,00;
12658;8459;1326;1;89,90;0,00;
12660;8460;8552;1;180,00;0,00;
12661;8460;8718;1;260,00;0,00;
12663;8461;7821;1;200,00;0,00;
12664;8461;5627;1;585,00;0,00;
12665;8462;8552;1;160,00;0,00;
12666;8463;8333;1;495,00;0,00;
12667;8464;1534;1;140,00;0,00;
12668;8464;7821;1;256,00;0,00;
12670;8464;8719;1;486,00;0,00;
12671;8464;7810;1;342,00;0,00;
12672;8465;1534;1;140,00;0,00;
12673;8465;7821;1;240,00;0,00;
12674;8466;8552;1;100,00;0,00;
12675;8468;1534;1;160,00;0,00;
12676;8468;7821;1;260,00;0,00;
12677;8469;1534;1;320,00;0,00;
12678;8470;7821;1;260,00;0,00;
12679;8471;2023;1;50,00;0,00;
12680;8472;1542;1;290,00;0,00;
12681;8472;7628;1;280,00;0,00;
12682;8464;1534;1;144,00;0,00;
12684;8474;7821;1;240,00;0,00;
12685;8474;8720;1;220,00;0,00;
12686;8475;1760;1;600,00;0,00;
12687;8476;1534;1;160,00;0,00;
12688;8476;8622;1;420,00;0,00;
12689;8477;8552;1;100,00;0,00;
12691;8478;7821;1;200,00;0,00;
12692;8478;1542;1;240,00;0,00;
12693;8480;1534;1;160,00;0,00;
12694;8481;7821;1;170,00;0,00;
12695;8482;7628;1;260,00;0,00;
12696;8483;1534;1;160,00;0,00;
12697;8483;7821;1;260,00;0,00;
12698;8484;1534;1;140,00;0,00;
12699;8484;8652;1;410,00;0,00;
12700;8485;8552;1;90,00;0,00;
12702;8486;8003;1;620,00;0,00;
12703;8487;1326;1;89,90;0,00;
12704;8487;1554;1;290,00;0,00;
12705;8487;7821;1;280,00;0,00;
12706;8487;1326;1;89,90;0,00;
12707;8489;1542;1;290,00;0,00;
12708;8489;8552;1;190,00;0,00;
12709;8490;1534;1;160,00;0,00;
12710;8490;7499;1;280,00;0,00;
12711;8491;1542;1;350,00;0,00;
12712;8492;2403;2;680,00;0,00;
12713;8493;7953;1;125,00;0,00;
12714;8494;5627;1;990,00;0,00;
12715;8494;8552;1;190,00;0,00;
12716;8496;7972;1;280,00;0,00;
12717;8497;7953;1;280,00;0,00;
12718;8497;7821;1;260,00;0,00;
12720;8498;7628;1;200,00;0,00;
12721;8498;1554;1;200,00;0,00;
12722;8499;1760;0,5;300,00;0,00;
12723;8500;2287;1;25,00;0,00;
12724;8501;1326;1;89,90;0,00;
12725;8501;4071;1;49,00;0,00;
12726;8503;7953;1;250,00;0,00;
12727;8503;7628;1;260,00;0,00;
12728;8504;7953;1;250,00;0,00;
12729;8504;7628;1;280,00;0,00;
12730;8505;8312;1;160,00;0,00;
12731;8506;1554;1;350,00;0,00;
12732;8506;1326;1;90,00;0,00;
12733;8507;7810;1;100,00;0,00;
12734;8509;1534;1;160,00;0,00;
12735;8510;1542;1;290,00;0,00;
12736;8511;7628;1;190,00;0,00;
12737;8512;1534;1;160,00;0,00;
12738;8512;7821;1;280,00;0,00;
12739;8513;4080;1;190,00;0,00;
12740;8513;8573;1;49,00;0,00;
12741;8514;1401;1;260,00;0,00;
12742;8516;5627;1;585,00;0,00;
12743;8516;8552;1;100,00;0,00;
12744;8518;5627;1;790,00;0,00;
12745;8518;8552;1;100,00;0,00;
12746;8519;7953;1;250,00;0,00;
12747;8519;7821;1;280,00;0,00;
12748;8520;8611;1;390,00;0,00;
12749;8521;8355;1;390,00;0,00;
12750;8521;1542;1;290,00;0,00;
12751;8522;5521;1;340,00;0,00;
12753;8523;8721;1;820,00;0,00;
12754;8525;1534;1;160,00;0,00;
12755;8527;1534;1;160,00;0,00;
12756;8527;8552;1;190,00;0,00;
12757;8528;1534;1;160,00;0,00;
12758;8528;5926;1;450,00;0,00;
12759;8529;1542;0,5;130,00;0,00;
12760;8530;1542;1;290,00;0,00;
12761;8530;7821;1;260,00;0,00;
12762;8532;7953;1;250,00;0,00;
12763;8532;7821;1;280,00;0,00;
12764;8533;5627;1;790,00;0,00;
12765;8533;8480;1;390,00;0,00;
12766;8534;4066;1;50,00;0,00;
12767;8535;7972;1;230,00;0,00;
12768;8536;1534;1;160,00;0,00;
12769;8536;8552;1;130,00;0,00;
12770;8537;7953;1;250,00;0,00;
12771;8537;8576;1;690,00;0,00;
12772;8538;1542;1;290,00;0,00;
12773;8538;8552;1;150,00;0,00;
12774;8539;8552;1;150,00;0,00;
12775;8540;1542;1;290,00;0,00;
12776;8540;8553;1;250,00;0,00;
12777;8541;1534;1;160,00;0,00;
12778;8542;1554;1;290,00;0,00;
12779;8543;1534;1;120,00;0,00;
12780;8543;7821;1;235,00;0,00;
12785;8545;8552;1;210,00;0,00;
12786;8545;4514;1;390,00;0,00;
12787;8546;1534;1;160,00;0,00;
12788;8546;7821;1;240,00;0,00;
12789;8547;5134;1;160,00;0,00;
12791;8548;1509;1;199,00;0,00;
12792;8549;8102;1;490,00;0,00;
12793;8550;5627;1;750,00;0,00;
12794;8552;1534;1;160,00;0,00;
12795;8552;7821;1;260,00;0,00;
12796;8553;8344;1;450,00;0,00;
12797;8554;1761;1;620,00;0,00;
12799;8555;7821;1;280,00;0,00;
12800;8555;7953;1;250,00;0,00;
12801;8557;7821;1;260,00;0,00;
12805;8558;8722;1;990,00;0,00;
12806;8558;8649;1;450,00;0,00;
12807;8560;8707;1;990,00;0,00;
12808;8560;8373;1;695,00;0,00;
12809;8561;1721;1;690,00;0,00;
12810;8561;7821;1;260,00;0,00;
12811;8564;7953;1;250,00;0,00;
12812;8565;7821;1;200,00;0,00;
12813;8566;1721;1;450,00;0,00;
12814;8566;7821;1;190,00;0,00;
12815;8567;8388;1;725,00;0,00;
12816;8568;8552;1;100,00;0,00;
12817;8570;1542;1;260,00;0,00;
12818;8570;7821;1;235,00;0,00;
12819;8571;1542;1;290,00;0,00;
12820;8571;8552;1;100,00;0,00;
12821;8572;1534;1;180,00;0,00;
12822;8572;272;1;50,00;0,00;
12823;8573;7263;1;250,00;0,00;
12824;8574;7821;1;200,00;0,00;
12825;8575;8552;1;100,00;0,00;
12826;8576;1542;1;290,00;0,00;
12827;8576;7821;1;260,00;0,00;
12828;8577;1534;1;120,00;0,00;
12829;8578;1542;1;290,00;0,00;
12831;8579;6666;1;380,00;0,00;
12832;8580;2377;1;250,00;0,00;
12833;8581;1534;1;145,00;0,00;
12834;8582;1534;1;160,00;0,00;
12835;8583;1534;1;160,00;0,00;
12836;8583;8552;1;100,00;0,00;
12837;8584;8707;1;990,00;0,00;
12839;8585;1534;1;160,00;0,00;
12840;8585;7821;1;260,00;0,00;
12841;8583;1534;1;160,00;0,00;
12842;8583;8552;1;100,00;0,00;
12843;8586;1760;1;750,00;0,00;
12844;8586;8355;1;340,00;0,00;
12845;8587;7953;1;250,00;0,00;
12846;8588;6384;1;650,00;0,00;
12847;8588;7953;1;250,00;0,00;
12848;8589;1534;1;160,00;0,00;
12850;8590;8570;1;690,00;0,00;
12852;8590;8707;1;973,00;0,00;
12853;8591;1554;1;290,00;0,00;
12854;8592;7821;1;260,00;0,00;
12855;8593;2403;1;240,00;0,00;
12856;8594;1542;1;290,00;0,00;
12857;8594;7628;1;200,00;0,00;
12858;8596;1552;1;290,00;0,00;
12859;8597;1542;1;290,00;0,00;
12860;8598;7953;1;250,00;0,00;
12861;8598;8355;1;390,00;0,00;
12862;8599;1760;1;650,00;0,00;
12863;8599;7821;1;220,00;0,00;
12864;8554;7260;1;280,00;0,00;
12865;8600;1528;3;360,00;0,00;
12866;8601;7821;1;260,00;0,00;
12867;8602;3649;1;40,00;0,00;
12868;8603;1326;1;89,90;0,00;
12869;8604;7953;1;250,00;0,00;
12871;8604;7204;1;380,00;0,00;
12872;8606;1534;1;140,00;0,00;
12873;8606;7821;1;240,00;0,00;
12874;8607;1534;1;160,00;0,00;
12875;8608;7821;1;199,00;0,00;
12876;8609;7821;1;260,00;0,00;
12877;8610;8552;1;49,00;0,00;
12878;8612;1542;1;290,00;0,00;
12882;8615;8723;1;1.400,00;0,00;
12885;8616;8724;1;760,00;0,00;
12887;8617;1534;1;160,00;0,00;
12888;8617;7821;1;280,00;0,00;
12889;8616;8102;1;440,00;0,00;
12890;8618;1534;1;160,00;0,00;
12891;8618;7821;1;260,00;0,00;
12893;8619;6068;1;490,00;0,00;
12894;8620;1554;1;270,00;0,00;
12895;8620;8552;1;100,00;0,00;
12896;8621;7953;1;250,00;0,00;
12897;8622;7821;1;280,00;0,00;
12898;8622;4657;1;650,00;0,00;
12899;8623;1760;1;680,00;0,00;
12900;8623;7821;1;280,00;0,00;
12902;8624;1316;1;49,00;0,00;
12903;8625;7953;1;250,00;0,00;
12904;8625;8355;1;390,00;0,00;
12905;8625;8707;1;990,00;0,00;
12906;8625;7972;1;260,00;0,00;
12907;8626;1326;1;90,00;0,00;
12908;8627;7821;1;290,00;0,00;
12909;8627;7953;1;200,00;0,00;
12910;8627;1401;1;250,00;0,00;
12911;8630;1760;1;345,00;0,00;
12913;8630;8725;1;294,00;0,00;
12914;8631;1760;1;450,00;0,00;
12915;8631;8355;1;450,00;0,00;
12916;8632;1326;1;90,00;0,00;
12917;8634;1401;1;100,00;0,00;
12918;8635;5940;1;490,00;0,00;
12925;8636;8727;1;1.672,00;0,00;
12926;8637;1534;1;250,00;0,00;
12927;8639;1534;1;160,00;0,00;
12928;8639;8355;1;390,00;0,00;
12929;8640;8585;1;620,00;0,00;
12930;8640;8728;1;1.480,00;0,00;
12931;8641;7821;1;290,00;0,00;
12936;8641;8729;1;2.300,00;0,00;
12937;8642;1542;1;230,00;0,00;
12938;8643;1534;1;130,00;0,00;
12939;8643;8552;1;100,00;0,00;
12940;8643;1534;1;130,00;0,00;
12941;8643;8552;1;100,00;0,00;
12943;8646;8732;1;780,00;0,00;
12944;8647;1542;1;260,00;0,00;
12945;8647;8552;1;190,00;0,00;
12946;8648;8355;1;390,00;0,00;
12947;8648;1542;1;290,00;0,00;
12948;8649;7821;1;260,00;0,00;
12949;8650;1542;1;290,00;0,00;
12950;8650;7821;1;280,00;0,00;
12951;8651;8335;1;585,00;0,00;
12952;8584;8581;1;695,00;0,00;
12954;8653;1542;1;260,00;0,00;
12955;8653;1542;1;260,00;0,00;
12956;8654;1534;1;160,00;0,00;
12957;8654;8552;1;100,00;0,00;
12958;8655;1542;1;260,00;0,00;
12959;8656;1542;1;290,00;0,00;
12960;8656;7080;1;100,00;0,00;
12961;8658;1804;1;600,00;0,00;
12962;8658;7821;1;246,00;0,00;
12963;8660;0;1;30,00;0,00;
12964;8660;1540;1;30,00;0,00;
12965;8661;7821;1;280,00;0,00;
12966;8661;7953;1;250,00;0,00;
12967;8662;7953;1;220,00;0,00;
12968;8662;7821;1;390,00;0,00;
12969;8663;7821;1;230,00;0,00;
12970;8664;4230;1;440,00;0,00;
12971;8664;1542;1;280,00;0,00;
12972;8665;7628;1;49,00;0,00;
12973;8666;5378;1;160,00;0,00;
12975;8667;8729;1;2.450,00;0,00;
12976;8667;8734;1;800,00;0,00;
12977;8668;8552;1;190,00;0,00;
12978;8669;1542;1;290,00;0,00;
12979;8669;8552;1;190,00;0,00;
12980;8670;1540;1;40,00;0,00;
12981;8671;8675;4;60,00;0,00;
12982;8672;8300;1;490,00;0,00;
12983;8672;8355;1;390,00;0,00;
12984;8673;7821;1;280,00;0,00;
12985;8674;7510;1;320,00;0,00;
12986;8674;1760;1;490,00;0,00;
12987;8676;7628;1;140,00;0,00;
12988;8678;1533;1;140,00;0,00;
12989;8678;1326;1;90,00;0,00;
12990;8625;8355;1;390,00;0,00;
12992;8679;1534;1;160,00;0,00;
12993;8680;1554;1;290,00;0,00;
12994;8680;7821;1;280,00;0,00;
12995;8680;1554;1;290,00;0,00;
12997;8680;8552;1;190,00;0,00;
13000;8681;8735;1;1.755,00;0,00;
13001;8681;8552;1;190,00;0,00;
13003;8682;7972;1;260,00;0,00;
13004;8683;1542;1;315,00;0,00;
13005;8684;7953;1;220,00;0,00;
13006;8684;8552;1;100,00;0,00;
13008;8685;8737;1;2.450,00;0,00;
13010;8685;8738;1;675,00;0,00;
13011;8686;1552;1;260,00;0,00;
13012;8686;8552;1;190,00;0,00;
13013;8686;8185;1;530,00;0,00;
13014;8687;5627;0,5;415,00;0,00;
13015;8688;1534;1;120,00;0,00;
13016;8690;1721;1;500,00;0,00;
13017;8690;8552;1;100,00;0,00;
13018;8691;7821;1;260,00;0,00;
13019;8692;1534;1;160,00;0,00;
13020;8692;7821;1;280,00;0,00;
13021;8694;7953;1;250,00;0,00;
13022;8694;8552;1;190,00;0,00;
13023;8695;1534;1;160,00;0,00;
13024;8695;1534;1;150,00;0,00;
13025;8695;8355;1;340,00;0,00;
13026;8695;7821;1;240,00;0,00;
13027;8696;1326;1;90,00;0,00;
13028;8697;5627;1;990,00;0,00;
13029;8697;8552;1;170,00;0,00;
13030;8698;1760;1;490,00;0,00;
13031;8698;8355;1;450,00;0,00;
13033;8699;8739;1;450,00;0,00;
13034;8699;7821;1;230,00;0,00;
13035;8700;1540;1;30,00;0,00;
13036;8702;2403;2;480,00;0,00;
13037;8703;1312;1;50,00;0,00;
13038;8704;8552;1;190,00;0,00;
13041;8707;8102;1;450,00;0,00;
13042;8707;8102;1;450,00;0,00;
13043;8708;7953;1;250,00;0,00;
13044;8708;8355;1;390,00;0,00;
13045;8709;7953;1;225,00;0,00;
13046;8711;1401;1;260,00;0,00;
13047;8712;8601;1;450,00;0,00;
13048;8713;8552;1;100,00;0,00;
13049;8714;7821;1;140,00;0,00;
13050;8715;8552;1;100,00;0,00;
13051;8716;1326;1;90,00;0,00;
13052;8717;8300;1;540,00;0,00;
13053;8717;8102;1;390,00;0,00;
13054;8718;2058;0,5;650,00;0,00;
13055;8718;1533;1;50,00;0,00;
13056;8718;8552;1;100,00;0,00;
13057;8719;7953;1;210,00;0,00;
13058;8719;7821;1;260,00;0,00;
13059;8720;1534;1;160,00;0,00;
13060;8720;8651;1;450,00;0,00;
13061;8721;1326;1;89,90;0,00;
13062;8722;7953;1;250,00;0,00;
13063;8722;8355;1;420,00;0,00;
13064;8722;1326;1;90,00;0,00;
13065;8723;8102;1;390,00;0,00;
13067;8723;8623;1;390,00;0,00;
13068;8724;1760;1;490,00;0,00;
13069;8724;7821;1;280,00;0,00;
13070;8725;1554;1;305,00;0,00;
13071;8725;6076;1;395,00;0,00;
13072;8726;1542;1;260,00;0,00;
13073;8726;1401;1;235,00;0,00;
13074;8727;1534;1;160,00;0,00;
13075;8728;8580;1;690,00;0,00;
13076;8729;1760;1;420,00;0,00;
13077;8729;8355;1;330,00;0,00;
13078;8730;8552;1;100,00;0,00;
13079;8731;2058;1;1.570,00;0,00;
13080;8732;1411;1;180,00;0,00;
13081;8733;8603;1;380,00;0,00;
13082;8733;2125;1;49,00;0,00;
13083;8734;1542;1;280,00;0,00;
13084;8734;7821;1;240,00;0,00;
13086;8735;8727;1;1.598,00;0,00;
13087;8735;8422;1;530,00;0,00;
13088;8735;7821;1;260,00;0,00;
13090;8735;8740;1;2.100,00;0,00;
13091;8735;8185;1;495,00;0,00;
13092;8735;8552;1;171,00;0,00;
13093;8736;8707;1;990,00;0,00;
13094;8736;7821;1;250,00;0,00;
13095;8738;1326;1;90,00;0,00;
13096;8739;1542;1;320,00;0,00;
13097;8739;7821;1;280,00;0,00;
13098;8740;1552;1;320,00;0,00;
13099;8740;7821;1;290,00;0,00;
13100;8741;1534;1;160,00;0,00;
13101;8742;1542;1;290,00;0,00;
13102;8743;1534;1;160,00;0,00;
13103;8743;8741;1;480,00;0,00;
13104;8744;7821;1;290,00;0,00;
13105;8744;7953;1;250,00;0,00;
13106;8745;1542;0,5;150,00;0,00;
13107;8748;1542;1;240,00;0,00;
13108;8749;7953;1;250,00;0,00;
13109;8750;7953;1;225,00;0,00;
13110;8750;7953;1;225,00;0,00;
13111;8750;7953;1;225,00;0,00;
13112;8751;8185;1;440,00;0,00;
13113;8752;1534;1;160,00;0,00;
13114;8754;8707;1;990,00;0,00;
13115;8755;1542;1;290,00;0,00;
13116;8756;1534;1;160,00;0,00;
13117;8756;7821;1;350,00;0,00;
13118;8757;1542;1;290,00;0,00;
13119;8759;1542;1;290,00;0,00;
13120;8759;7821;1;290,00;0,00;
13121;8759;1534;1;160,00;0,00;
13122;8759;8552;1;210,00;0,00;
13123;8750;8668;1;70,00;0,00;
13124;8760;8355;1;300,00;0,00;
13125;8761;8707;1;990,00;0,00;
13126;8761;8742;1;490,00;0,00;
13127;8762;1326;1;90,00;0,00;
13128;8763;1552;1;390,00;0,00;
13130;8763;8617;1;450,00;0,00;
13131;8764;1542;1;290,00;0,00;
13132;8764;7821;1;290,00;0,00;
13133;8765;8185;1;680,00;0,00;
13134;8765;8461;1;590,00;0,00;
13135;8766;1306;1;49,00;0,00;
13136;8767;2287;1;20,00;0,00;
13137;8768;7821;1;350,00;0,00;
13138;8357;8456;1;250,00;0,00;
13139;8357;7953;1;80,00;0,00;
13140;8357;7810;1;80,00;0,00;
13142;8770;8552;1;190,00;0,00;
13143;8771;1534;1;160,00;0,00;
13144;8771;8552;1;100,00;0,00;
13145;8773;1534;1;160,00;0,00;
13146;8774;1542;1;160,00;0,00;
13147;8775;8750;1;590,00;0,00;
13148;8776;4657;1;600,00;0,00;
13149;8776;7821;1;260,00;0,00;
13151;8776;4657;1;600,00;0,00;
13152;8777;8707;1;990,00;0,00;
13153;8777;7821;1;260,00;0,00;
13154;8778;1534;1;120,00;0,00;
13155;8778;7821;1;180,00;0,00;
13156;8779;7953;1;250,00;0,00;
13157;8780;1760;1;690,00;0,00;
13158;8780;8453;1;590,00;0,00;
13159;8781;7953;1;250,00;0,00;
13160;8781;7821;1;290,00;0,00;
13161;8782;1542;1;290,00;0,00;
13162;8782;7821;1;290,00;0,00;
13163;8783;1554;1;350,00;0,00;
13164;8784;7987;1;650,00;0,00;
13165;8784;8631;1;450,00;0,00;
13166;8785;1554;1;320,00;0,00;
13167;8785;1552;1;310,00;0,00;
13168;8786;1534;1;160,00;0,00;
13169;8786;8552;1;100,00;0,00;
13170;8787;1534;0,5;90,00;0,00;
13171;8787;8102;0,5;350,00;0,00;
13172;8787;7821;1;260,00;0,00;
13174;8788;8154;1;850,00;0,00;
13175;8788;8388;1;-725,00;0,00;
13176;8789;4497;1;150,00;0,00;
13177;8790;7953;1;250,00;0,00;
13178;8790;8552;1;190,00;0,00;
13179;8791;8552;1;190,00;0,00;
13180;8792;1534;1;160,00;0,00;
13181;8792;1349;1;140,00;0,00;
13182;8751;8552;1;100,00;0,00;
13183;8793;1534;1;160,00;0,00;
13184;8794;1326;1;90,00;0,00;
13185;7402;1534;1;160,00;0,00;
13186;8795;1761;1;790,00;0,00;
13187;8796;1542;1;350,00;0,00;
13189;8797;1534;1;160,00;0,00;
13190;8797;8552;1;160,00;0,00;
13191;8798;1542;1;290,00;0,00;
13192;8799;7385;4;40,00;0,00;
13193;8800;8232;1;450,00;0,00;
13194;8800;7821;1;260,00;0,00;
13195;8801;7953;1;225,00;0,00;
13196;8802;1721;1;680,00;0,00;
13197;8803;1534;1;145,00;0,00;
13198;8805;1542;1;350,00;0,00;
13199;8805;8552;1;220,00;0,00;
13200;8806;1560;1;1.250,00;0,00;
13203;8807;7953;1;250,00;0,00;
13204;8807;7821;1;290,00;0,00;
13205;8808;1760;1;525,00;0,00;
13206;8811;1542;1;290,00;0,00;
13207;8811;8552;1;190,00;0,00;
13208;8812;7953;1;250,00;0,00;
13209;8812;7821;1;280,00;0,00;
13211;8813;8806;1;199,00;0,00;
13212;8814;1534;1;160,00;0,00;
13213;8814;7821;1;290,00;0,00;
13214;8815;1534;1;140,00;0,00;
13215;8815;8552;1;175,00;0,00;
13216;8816;1534;1;160,00;0,00;
13217;8816;7821;1;290,00;0,00;
13218;8817;1534;1;160,00;0,00;
13219;8817;8193;1;160,00;0,00;
13220;8818;1542;1;350,00;0,00;
13221;8818;8552;1;190,00;0,00;
13222;8819;7987;1;550,00;0,00;
13223;8819;7821;1;290,00;0,00;
13224;8820;7821;1;260,00;0,00;
13225;8821;1554;1;350,00;0,00;
13226;8822;7821;1;145,00;0,00;
13227;8824;8608;1;450,00;0,00;
13228;8825;1542;1;290,00;0,00;
13229;8826;2733;1;190,00;0,00;
13230;8827;7405;1;240,00;0,00;
13231;8827;1534;1;160,00;0,00;
13232;8828;3468;1;160,00;0,00;
13233;8828;1534;1;160,00;0,00;
13234;8829;2733;1;190,00;0,00;
13235;8829;1534;1;160,00;0,00;
13236;8831;7742;1;260,00;0,00;
13237;8831;1542;1;320,00;0,00;
13238;8832;1542;1;260,00;0,00;
13239;8832;1349;1;120,00;0,00;
13240;8833;1534;1;160,00;0,00;
13241;8834;1534;1;140,00;0,00;
13242;8834;7821;1;265,00;0,00;
13243;8835;7822;1;350,00;0,00;
13247;8836;1534;1;160,00;0,00;
13248;8836;7821;1;290,00;0,00;
13249;8837;1349;1;100,00;0,00;
13250;8838;1542;1;270,00;0,00;
13251;8840;8807;1;390,00;0,00;
13252;8841;7821;1;250,00;0,00;
13253;8842;1542;1;310,00;0,00;
13254;8842;7821;1;290,00;0,00;
13255;8844;1534;1;160,00;0,00;
13256;8845;1542;1;0,00;0,00;
13257;8845;8809;1;990,00;0,00;
13258;8846;1542;1;290,00;0,00;
13259;8847;1326;1;190,00;0,00;
13260;8848;1534;1;190,00;0,00;
13261;8848;8355;1;332,00;0,00;
13262;8850;8355;1;350,00;0,00;
13263;8852;7987;1;690,00;0,00;
13264;8852;7821;1;290,00;0,00;
13265;8853;7987;1;450,00;0,00;
13266;8853;7821;1;290,00;0,00;
13267;8854;1534;1;160,00;0,00;
13268;8854;7821;1;290,00;0,00;
13269;8856;8326;1;90,00;0,00;
13270;8857;7953;1;220,00;0,00;
13271;8857;7821;1;250,00;0,00;
13272;8858;8102;1;420,00;0,00;
13273;8858;8552;1;120,00;0,00;
13274;8859;8707;1;1.100,00;0,00;
13275;8859;7821;1;290,00;0,00;
13276;8860;8341;1;450,00;0,00;
13277;8860;1554;1;280,00;0,00;
13278;8861;1542;1;0,00;0,00;
13279;8861;7821;1;145,00;0,00;
13280;8861;7987;1;245,00;0,00;
13281;8861;1362;1;0,00;0,00;
13282;8862;7953;1;250,00;0,00;
13283;8862;8552;1;190,00;0,00;
13284;8863;1326;1;90,00;0,00;
13286;8863;4063;1;-49,00;0,00;
13287;8864;1534;0,5;80,00;0,00;
13288;8865;8102;1;598,00;0,00;
13289;8865;7821;1;290,00;0,00;
13291;8867;1542;1;290,00;0,00;
13292;8868;7953;1;250,00;0,00;
13293;8868;7821;1;290,00;0,00;
13294;8870;1534;1;160,00;0,00;
13295;8870;7861;1;515,00;0,00;
13298;8871;8552;1;190,00;0,00;
13299;8872;8552;1;100,00;0,00;
13300;8873;1534;1;160,00;0,00;
13301;8873;8552;1;190,00;0,00;
13302;8871;7953;1;250,00;0,00;
13303;8874;1554;1;350,00;0,00;
13304;8874;8552;1;190,00;0,00;
13305;8875;1534;1;160,00;0,00;
13306;8875;7821;1;280,00;0,00;
13307;8876;1542;1;260,00;0,00;
13308;8877;1534;1;160,00;0,00;
13309;8878;1534;1;160,00;0,00;
13311;8878;8636;1;450,00;0,00;
13312;8880;1534;1;144,00;0,00;
13313;8880;8658;1;405,00;0,00;
13314;8882;1534;1;160,00;0,00;
13316;8883;7953;1;250,00;0,00;
13317;8883;6292;1;100,00;0,00;
13318;8882;7821;1;290,00;0,00;
13319;8884;1534;1;160,00;0,00;
13320;8884;8443;1;690,00;0,00;
13321;8885;1534;1;125,00;0,00;
13322;8885;7953;1;225,00;0,00;
13323;8886;1534;1;140,00;0,00;
13324;8886;7821;1;260,00;0,00;
13325;8887;8273;1;550,00;0,00;
13326;8887;8767;1;450,00;0,00;
13327;8888;8412;1;300,00;0,00;
13330;8889;8102;1;598,00;0,00;
13331;8890;1526;1;160,00;0,00;
13332;8892;1534;1;120,00;0,00;
13333;8892;7821;1;240,00;0,00;
13334;8893;8552;1;100,00;0,00;
13335;8894;1534;1;160,00;0,00;
13336;8895;7953;1;250,00;0,00;
13337;8895;7821;1;290,00;0,00;
13338;8896;5627;1;700,00;0,00;
13339;8897;2403;2;680,00;0,00;
13340;8899;8804;1;440,00;0,00;
13341;8901;1534;1;160,00;0,00;
13342;8901;8552;1;190,00;0,00;
13344;8903;8799;1;490,00;0,00;
13345;8904;7740;1;250,00;0,00;
13346;8904;1534;1;130,00;0,00;
13347;8905;7821;1;250,00;0,00;
13348;8906;6522;1;300,00;0,00;
13349;8909;7821;1;260,00;0,00;
13350;8911;7821;1;290,00;0,00;
13351;8911;1760;1;778,00;0,00;
13352;8912;3649;1;40,00;0,00;
13353;8914;7953;1;250,00;0,00;
13354;8916;7628;1;190,00;0,00;
13355;8917;1120;1;290,00;0,00;
13356;8918;1401;1;170,00;0,00;
13357;8920;1542;1;350,00;0,00;
13358;8921;7953;1;225,00;0,00;
13359;8921;1540;1;20,00;0,00;
13360;8922;1542;1;350,00;0,00;
13361;8923;1542;0,5;145,00;0,00;
13362;8924;1534;1;140,00;0,00;
13363;8925;8300;1;890,00;0,00;
13364;8928;7953;1;200,00;0,00;
13365;8928;7821;1;200,00;0,00;
13366;8924;8552;1;100,00;0,00;
13368;8930;8607;1;450,00;0,00;
13369;8930;8185;1;750,00;0,00;
13370;8931;7821;1;290,00;0,00;
13371;8932;1554;0,5;145,00;0,00;
13372;8934;1554;1;350,00;0,00;
13373;8934;7821;1;290,00;0,00;
13374;8935;8573;1;280,00;0,00;
13375;8938;8707;1;1.150,00;0,00;
13376;8938;7821;1;280,00;0,00;
13377;8939;1542;1;350,00;0,00;
13378;8939;7628;1;190,00;0,00;
13379;8940;4581;2;680,00;0,00;
13380;8941;1542;1;290,00;0,00;
13381;8942;8555;1;1.886,00;0,00;
13382;8942;7821;1;290,00;0,00;
13383;8942;8509;1;480,00;0,00;
13384;8942;7953;1;250,00;0,00;
13386;8944;1534;1;160,00;0,00;
13387;8944;7821;1;260,00;0,00;
13388;8945;8552;1;100,00;0,00;
13389;8945;7821;1;100,00;0,00;
13390;8946;7953;1;220,00;0,00;
13391;8946;8838;1;880,00;0,00;
13392;8947;1542;1;350,00;0,00;
13393;8948;8741;1;450,00;0,00;
13394;8948;1542;0,5;150,00;0,00;
13395;8948;1533;0,5;80,00;0,00;
13396;8949;7953;1;250,00;0,00;
13397;8950;1534;1;160,00;0,00;
13398;8951;2403;1;340,00;0,00;
13399;8952;1554;1;310,00;0,00;
13400;8952;8355;1;390,00;0,00;
13401;8953;7953;1;250,00;0,00;
13402;8955;1542;1;350,00;0,00;
13404;8955;8355;1;450,00;0,00;
13405;8956;1534;1;160,00;0,00;
13407;8956;8839;1;590,00;0,00;
13408;8957;1760;1;750,00;0,00;
13410;8957;8840;1;570,00;0,00;
13411;8958;8553;1;175,00;0,00;
13413;8959;8256;1;620,00;0,00;
13414;8960;7953;1;220,00;0,00;
13415;8960;7821;1;230,00;0,00;
13416;8961;8552;1;100,00;0,00;
13417;8961;1542;1;300,00;0,00;
13419;8959;8842;1;1.490,00;0,00;
13420;8962;2403;1;386,00;0,00;
13421;8963;8300;1;690,00;0,00;
13422;8963;7821;1;290,00;0,00;
13423;8964;8552;1;150,00;0,00;
13424;8965;1326;1;90,00;0,00;
13425;8966;1542;1;350,00;0,00;
13426;8967;7953;1;350,00;0,00;
13428;8967;8844;1;550,00;0,00;
13429;8968;1977;1;49,00;0,00;
13430;8970;1534;1;160,00;0,00;
13431;8970;8552;1;140,00;0,00;
13432;8971;1534;1;160,00;0,00;
13433;8971;1349;1;190,00;0,00;
13434;8972;1534;1;130,00;0,00;
13435;8972;8355;1;340,00;0,00;
13436;8973;1534;1;130,00;0,00;
13437;8974;1534;1;120,00;0,00;
13438;8975;6347;1;240,00;0,00;
13440;8976;8552;1;160,00;0,00;
13442;8975;8845;1;1.340,00;0,00;
13443;8978;7821;1;230,00;0,00;
13444;8979;1542;1;350,00;0,00;
13445;8980;5627;1;990,00;0,00;
13446;8980;7810;1;150,00;0,00;
13447;8981;7821;1;280,00;0,00;
13448;8981;1534;1;130,00;0,00;
13449;8982;1542;1;350,00;0,00;
13450;8982;7821;1;260,00;0,00;
13451;8984;7953;1;240,00;0,00;
13452;8984;8355;1;330,00;0,00;
13453;8986;1542;1;260,00;0,00;
13455;8987;1554;0,5;145,00;0,00;
13456;8989;8552;1;170,00;0,00;
13457;8990;1534;1;160,00;0,00;
13458;8990;8552;1;190,00;0,00;
13459;8991;7953;1;200,00;0,00;
13460;8991;8650;1;400,00;0,00;
13461;8992;7953;1;250,00;0,00;
13462;8993;7987;1;390,00;0,00;
13463;8993;7821;1;260,00;0,00;
13464;8994;7953;2;500,00;0,00;
13465;8994;8847;1;1.790,00;0,00;
13466;8994;8846;1;2.290,00;0,00;
13467;8995;8552;1;90,00;0,00;
13468;8996;1760;1;680,00;0,00;
13469;8997;1542;1;290,00;0,00;
13470;8997;7821;1;260,00;0,00;
13472;8998;8849;1;800,00;0,00;
13473;8999;7821;1;230,00;0,00;
13474;9000;8552;1;160,00;0,00;
13475;9001;1529;1;180,00;0,00;
13476;9003;7953;1;225,00;0,00;
13477;9004;1721;1;594,00;0,00;
13478;9005;5903;1;700,00;0,00;
13479;9006;7953;0,5;125,00;0,00;
13480;9006;8232;0,5;370,00;0,00;
13481;9010;1534;1;160,00;0,00;
13483;9010;8850;1;840,00;0,00;
13484;9011;1534;1;140,00;0,00;
13485;9013;1534;1;110,00;0,00;
13486;9013;6292;1;40,00;0,00;
13487;9014;1542;1;290,00;0,00;
13489;9014;8458;1;590,00;0,00;
13492;9015;8355;1;390,00;0,00;
13493;9016;1534;1;160,00;0,00;
13494;9018;1542;1;280,00;0,00;
13495;9018;7821;1;260,00;0,00;
13496;9019;1542;1;190,00;0,00;
13497;9015;8852;1;1.050,00;0,00;
13498;9020;7953;1;250,00;0,00;
13500;9020;8853;1;690,00;0,00;
13501;9021;1534;1;100,00;0,00;
13502;9022;1542;1;350,00;0,00;
13503;9022;7821;1;300,00;0,00;
13504;9023;7821;1;220,00;0,00;
13505;9024;1542;1;290,00;0,00;
13506;9024;8552;1;160,00;0,00;
13507;9026;1542;1;350,00;0,00;
13508;9026;1401;1;99,00;0,00;
13509;9027;1401;1;90,00;0,00;
13511;9029;8552;1;151,00;0,00;
13512;9030;7953;1;200,00;0,00;
13514;9029;1326;1;49,00;0,00;
13515;9030;8854;1;690,00;0,00;
13516;9031;7953;1;250,00;0,00;
13517;9032;1534;1;160,00;0,00;
13518;9032;6292;1;100,00;0,00;
13519;9034;7821;1;350,00;0,00;
13520;9035;1542;1;290,00;0,00;
13521;9036;1534;1;160,00;0,00;
13522;9036;7821;1;260,00;0,00;
13523;9038;7972;1;140,00;0,00;
13524;9039;7821;1;260,00;0,00;
13525;9040;7810;1;140,00;0,00;
13526;9042;1534;1;140,00;0,00;
13527;9043;1534;2;320,00;0,00;
13528;9043;6292;1;90,00;0,00;
13529;9043;1326;1;90,00;0,00;
13530;8357;1554;1;100,00;0,00;
13531;8357;1410;1;100,00;0,00;
13532;9045;1326;1;100,00;0,00;
13533;9046;1542;1;290,00;0,00;
13534;9047;8855;1;980,00;0,00;
13535;9047;1994;1;1.144,00;0,00;
13536;9048;7821;1;260,00;0,00;
13537;9048;7953;1;240,00;0,00;
13538;9049;1542;1;290,00;0,00;
13539;9049;7821;1;260,00;0,00;
13540;9050;7953;1;250,00;0,00;
13542;9051;1760;1;360,00;0,00;
13543;9051;8355;1;300,00;0,00;
13544;9050;8856;1;570,00;0,00;
13545;9052;7821;1;200,00;0,00;
13546;9053;8552;1;170,00;0,00;
13547;9054;7628;1;190,00;0,00;
13548;9056;8310;1;520,00;0,00;
13549;9056;8552;1;160,00;0,00;
13550;9058;2403;1;280,00;0,00;
13551;9059;1534;1;160,00;0,00;
13552;9060;1534;1;160,00;0,00;
13553;9060;6292;1;100,00;0,00;
13554;9061;1552;1;290,00;0,00;
13555;9061;8552;1;100,00;0,00;
13556;9062;8273;1;750,00;0,00;
13557;9062;7821;1;290,00;0,00;
13560;9063;1534;1;160,00;0,00;
13562;9063;8479;1;390,00;0,00;
13563;9064;1760;1;430,00;0,00;
13564;9066;7953;1;230,00;0,00;
13565;9066;7821;1;250,00;0,00;
13566;9067;8733;1;570,00;0,00;
13567;9068;5627;1;690,00;0,00;
13568;9068;1542;1;-290,00;0,00;
13569;9070;8102;1;598,00;0,00;
13570;9072;1534;1;160,00;0,00;
13571;9072;8552;1;190,00;0,00;
13572;9073;1534;1;160,00;0,00;
13573;9074;8046;1;450,00;0,00;
13575;9076;5627;1;640,00;0,00;
13576;9077;7740;1;250,00;0,00;
13577;9077;1542;1;300,00;0,00;
13579;9079;8859;1;930,00;0,00;
13580;9080;7953;1;200,00;0,00;
13581;9080;8321;1;1.600,00;0,00;
13582;9079;5451;1;50,00;0,00;
13583;9081;1542;1;300,00;0,00;
13584;9081;7821;1;250,00;0,00;
13585;9082;7953;1;230,00;0,00;
13586;9082;7821;1;250,00;0,00;
13587;9083;1542;1;261,00;0,00;
13589;9085;1037;1;49,00;0,00;
13590;9086;1721;1;750,00;0,00;
13591;9086;7628;1;220,00;0,00;
13592;9083;8860;1;855,00;0,00;
13593;9087;1542;1;130,00;0,00;
13594;9088;8273;1;850,00;0,00;
13595;9089;1534;1;165,00;0,00;
13596;9090;7987;1;530,00;0,00;
13597;9090;7953;1;250,00;0,00;
13599;9091;8631;1;400,00;0,00;
13602;9092;8861;1;890,00;0,00;
13604;9092;8862;1;1.470,00;0,00;
13605;9093;1554;1;300,00;0,00;
13607;9095;1534;1;160,00;0,00;
13608;9096;1534;1;160,00;0,00;
13609;9096;8552;1;130,00;0,00;
13610;9097;7441;1;490,00;0,00;
13612;9098;8706;1;2.948,00;0,00;
13613;9100;8552;1;100,00;0,00;
13614;9100;1534;1;150,00;0,00;
13615;9101;1721;1;330,00;0,00;
13617;9101;8863;1;50,00;0,00;
13619;9103;1349;1;100,00;0,00;
13620;9103;1534;1;160,00;0,00;
13621;9104;7953;1;250,00;0,00;
13623;9104;8864;1;590,00;0,00;
13624;9105;7442;1;450,00;0,00;
13625;9106;7953;1;250,00;0,00;
13626;9106;8355;1;390,00;0,00;
13629;9108;1534;1;190,00;0,00;
13630;9108;8552;1;100,00;0,00;
13631;9109;1769;1;1.021,00;0,00;
13632;9109;8355;1;379,00;0,00;
13633;9111;1534;2;280,00;0,00;
13634;9111;8552;1;170,00;0,00;
13635;9111;6292;1;100,00;0,00;
13636;9112;5627;1;650,00;0,00;
13637;9112;8355;1;390,00;0,00;
13638;9113;7953;1;250,00;0,00;
13639;9113;8355;1;390,00;0,00;
13640;9114;7821;1;240,00;0,00;
13641;9114;7953;1;250,00;0,00;
13642;9115;8833;1;570,00;0,00;
13643;9116;1752;1;480,00;0,00;
13644;9117;1401;1;230,00;0,00;
13645;9118;7385;2;20,00;0,00;
13646;9119;1542;1;350,00;0,00;
13647;9090;8865;1;690,00;0,00;
13651;9120;377;1;500,00;0,00;
13652;9120;1534;1;400,00;0,00;
13653;9121;7953;1;250,00;0,00;
13654;9122;2287;1;20,00;0,00;
13655;9123;1534;1;160,00;0,00;
13656;9123;6595;1;280,00;0,00;
13657;9124;7953;1;250,00;0,00;
13658;9125;7821;1;220,00;0,00;
13659;9127;8573;1;280,00;0,00;
13660;9128;1534;1;136,00;0,00;
13661;9128;3448;1;260,00;0,00;
13662;9129;1534;0,5;80,00;0,00;
13663;9130;1534;1;140,00;0,00;
13664;9131;7953;1;250,00;0,00;
13665;9131;8355;1;390,00;0,00;
13666;9132;8679;1;1.200,00;0,00;
13667;9132;7999;1;550,00;0,00;
13669;9133;1540;1;45,00;0,00;
13670;9134;1534;1;160,00;0,00;
13671;9134;6292;1;100,00;0,00;
13672;9135;1542;1;350,00;0,00;
13673;9136;1542;1;350,00;0,00;
13674;9136;8355;1;390,00;0,00;
13675;9137;1540;1;20,00;0,00;
13676;9138;1534;1;160,00;0,00;
13677;9139;8707;1;1.100,00;0,00;
13679;9139;8543;1;290,00;0,00;
13680;9139;1542;1;260,00;0,00;
13681;9140;7953;1;250,00;0,00;
13682;9140;7821;1;280,00;0,00;
13683;9141;8573;1;260,00;0,00;
13684;9142;1283;1;790,00;0,00;
13685;9142;8841;1;790,00;0,00;
13686;9143;8867;1;790,00;0,00;
13687;9146;1534;1;150,00;0,00;
13688;9146;8552;1;140,00;0,00;
13689;9147;8573;1;145,00;0,00;
13690;9148;1401;1;90,00;0,00;
13692;9149;7821;1;240,00;0,00;
13693;9149;7953;1;230,00;0,00;
13694;9150;7953;1;250,00;0,00;
13695;9150;1401;2;180,00;0,00;
13696;9150;7810;1;150,00;0,00;
13697;9152;8552;1;100,00;0,00;
13698;9154;8102;1;598,00;0,00;
13699;9154;8552;1;160,00;0,00;
13701;9155;8868;1;1.726,00;0,00;
13703;9155;8869;1;390,00;0,00;
13704;9157;1542;0,5;175,00;0,00;
13705;9157;1533;0,5;85,00;0,00;
13706;9158;6292;1;90,00;0,00;
13707;9159;6292;1;100,00;0,00;
13708;9160;7953;1;250,00;0,00;
13710;9160;8870;1;980,00;0,00;
13711;9161;5627;1;1.200,00;0,00;
13712;9162;1401;1;90,00;0,00;
13713;9163;1534;1;160,00;0,00;
13714;9163;1401;1;90,00;0,00;
13715;9164;1542;1;260,00;0,00;
13716;9165;1542;1;350,00;0,00;
13717;9165;6292;1;100,00;0,00;
13720;9167;1534;0,5;70,00;0,00;
13721;9168;1542;1;350,00;0,00;
13722;9168;1349;1;190,00;0,00;
13723;9169;6292;1;100,00;0,00;
13724;9170;2403;2;760,00;0,00;
13725;9171;1534;1;250,00;0,00;
13726;9171;8029;1;350,00;0,00;
13727;9173;1542;1;280,00;0,00;
13728;9175;7953;1;250,00;0,00;
13729;9175;7821;1;260,00;0,00;
13731;9176;8871;1;660,00;0,00;
13732;9176;1542;1;290,00;0,00;
13733;9177;4229;1;150,00;0,00;
13734;9178;1534;1;160,00;0,00;
13735;9179;1534;1;160,00;0,00;
13736;9180;1721;1;590,00;0,00;
13738;9180;8872;1;990,00;0,00;
13739;9181;7953;1;250,00;0,00;
13740;9182;1760;1;450,00;0,00;
13741;9182;7628;1;250,00;0,00;
13742;9183;7953;1;250,00;0,00;
13744;9183;1534;1;160,00;0,00;
13745;9184;7953;1;250,00;0,00;
13746;9185;8668;1;25,00;0,00;
13747;9186;7953;1;250,00;0,00;
13748;9186;8552;1;100,00;0,00;
13749;9187;1542;1;350,00;0,00;
13750;9187;8339;1;650,00;0,00;
13751;9188;2287;1;10,00;0,00;
13752;9189;1534;1;220,00;0,00;
13753;9190;1552;1;170,00;0,00;
13754;9191;4412;1;150,00;0,00;
13755;9192;8102;1;300,00;0,00;
13756;9193;1721;1;600,00;0,00;
13757;9194;7821;1;280,00;0,00;
13758;9195;7628;1;160,00;0,00;
13759;9132;5451;1;250,00;0,00;
13760;9196;7953;1;250,00;0,00;
13761;9196;8552;1;100,00;0,00;
13762;9198;7810;1;160,00;0,00;
13763;9200;1349;1;100,00;0,00;
13766;9201;7953;1;390,00;0,00;
13767;9202;8707;1;1.360,00;0,00;
13768;9203;7953;1;250,00;0,00;
13769;9203;8355;1;390,00;0,00;
13770;9094;1542;1;200,00;0,00;
13771;9204;1534;1;160,00;0,00;
13772;9206;7953;1;250,00;0,00;
13773;9206;8355;1;390,00;0,00;
13774;9207;1534;1;144,00;0,00;
13775;9207;8552;1;153,00;0,00;
13776;9208;1760;1;690,00;0,00;
13778;9209;7821;1;280,00;0,00;
13779;9209;8593;1;1.050,00;0,00;
13780;9210;1542;1;250,00;0,00;
13781;9210;8552;1;100,00;0,00;
13782;9211;8552;1;150,00;0,00;
13783;9212;1542;1;410,00;0,00;
13784;9212;8193;1;190,00;0,00;
13786;9213;7204;1;250,00;0,00;
13787;9214;7953;1;250,00;0,00;
13788;9214;7821;1;220,00;0,00;
13789;9215;1534;1;160,00;0,00;
13790;9215;8552;1;100,00;0,00;
13792;9216;3022;1;1.698,00;0,00;
13793;9216;8856;1;690,00;0,00;
13794;9216;7628;1;100,00;0,00;
13795;9217;8552;1;100,00;0,00;
13796;9218;8273;1;650,00;0,00;
13797;9220;1531;1;160,00;0,00;
13798;9221;8707;1;1.050,00;0,00;
13799;9222;8552;1;190,00;0,00;
13800;9224;7821;1;190,00;0,00;
13801;9226;7953;1;250,00;0,00;
13802;9227;7953;1;250,00;0,00;
13803;9228;7628;1;170,00;0,00;
13804;9229;8679;1;1.570,00;0,00;
13805;9230;2403;1;380,00;0,00;
13807;9201;8743;1;450,00;0,00;
13808;9232;1534;1;160,00;0,00;
13809;9233;1534;1;0,00;0,00;
13810;9233;7821;1;265,00;0,00;
13811;9234;1542;1;350,00;0,00;
13812;9234;7821;1;270,00;0,00;
13813;9235;7953;1;250,00;0,00;
13814;9236;8884;1;750,00;0,00;
13816;9237;1542;1;350,00;0,00;
13817;9238;8868;1;1.780,00;0,00;
13819;9238;8891;1;990,00;0,00;
13820;9239;1534;1;160,00;0,00;
13822;9236;7953;1;250,00;0,00;
13823;9240;8678;1;1.800,00;0,00;
13824;9240;8552;1;190,00;0,00;
13826;9241;8892;1;890,00;0,00;
13827;9242;7953;1;200,00;0,00;
13828;9243;1542;1;300,00;0,00;
13829;9244;1542;1;260,00;0,00;
13831;9243;8893;1;400,00;0,00;
13832;9245;1528;3;330,00;0,00;
13833;9246;2287;1;60,00;0,00;
13834;9247;8587;1;690,00;0,00;
13835;9248;1326;1;90,00;0,00;
13836;9249;1760;1;550,00;0,00;
13839;9250;3259;1;1.200,00;0,00;
13840;9251;4497;1;100,00;0,00;
13841;9252;8605;1;390,00;0,00;
13842;9253;1534;1;160,00;0,00;
13843;9253;8584;1;690,00;0,00;
13844;9254;1542;1;350,00;0,00;
13845;9254;7821;1;280,00;0,00;
13846;9255;8668;1;25,00;0,00;
13848;9256;6604;1;420,00;0,00;
13849;9256;1534;1;160,00;0,00;
13850;9257;7953;1;250,00;0,00;
13851;9257;8552;1;100,00;0,00;
13852;9258;7628;1;200,00;0,00;
13853;9259;1534;1;250,00;0,00;
13854;9259;7628;1;200,00;0,00;
13855;9260;7953;1;250,00;0,00;
13856;9261;7953;1;280,00;0,00;
13857;9261;8552;1;100,00;0,00;
13859;9262;1542;1;290,00;0,00;
13860;9263;1552;1;350,00;0,00;
13861;9264;1542;0,5;150,00;0,00;
13862;9265;1534;1;160,00;0,00;
13863;9266;8552;1;100,00;0,00;
13864;9267;1542;1;290,00;0,00;
13865;9268;1542;1;315,00;0,00;
13866;9268;7821;1;225,00;0,00;
13867;9269;1542;1;250,00;0,00;
13868;9270;1542;1;350,00;0,00;
13869;9270;1542;1;350,00;0,00;
13870;9270;5521;1;390,00;0,00;
13871;9270;7821;1;290,00;0,00;
13872;9272;7810;1;150,00;0,00;
13873;9273;8552;1;140,00;0,00;
13874;9274;8355;1;390,00;0,00;
13875;9250;7821;1;320,00;0,00;
13876;9275;1534;1;144,00;0,00;
13877;9275;8885;1;675,00;0,00;
13878;9276;8308;1;25,00;0,00;
13879;9277;7899;1;390,00;0,00;
13880;9277;1542;1;350,00;0,00;
13881;9278;8707;1;1.050,00;0,00;
13882;9279;1760;1;650,00;0,00;
13883;9279;8355;1;350,00;0,00;
13884;9280;1542;1;290,00;0,00;
13887;9280;8707;1;1.050,00;0,00;
13888;9281;1529;1;160,00;0,00;
13889;9281;5133;1;160,00;0,00;
13890;9282;7953;1;220,00;0,00;
13891;9282;7821;1;230,00;0,00;
13892;9282;7821;1;270,00;0,00;
13893;9282;8707;1;1.050,00;0,00;
13894;9282;8552;1;180,00;0,00;
13895;9282;8273;1;650,00;0,00;
13896;9283;2403;1;190,00;0,00;
13897;9283;7821;1;230,00;0,00;
13898;9284;7953;1;250,00;0,00;
13899;9284;8552;1;190,00;0,00;
13900;9285;979;1;380,00;0,00;
13901;9286;8707;1;1.050,00;0,00;
13902;9286;8552;1;190,00;0,00;
13903;9287;1534;1;140,00;0,00;
13904;9288;1534;1;160,00;0,00;
13905;9288;8552;1;120,00;0,00;
13906;9289;1542;1;350,00;0,00;
13907;9289;8355;1;350,00;0,00;
13908;9290;8707;1;1.100,00;0,00;
13910;9290;8897;1;980,00;0,00;
13911;9291;1534;0,5;60,00;0,00;
13912;9292;8552;1;190,00;0,00;
13913;9293;8185;1;610,00;0,00;
13914;9293;7821;1;260,00;0,00;
13915;9294;1542;1;450,00;0,00;
13916;9294;8355;1;390,00;0,00;
13917;9295;7953;1;250,00;0,00;
13918;9296;1760;1;675,00;0,00;
13919;9297;8552;1;170,00;0,00;
13920;9298;6184;1;50,00;0,00;
13921;9299;8552;1;160,00;0,00;
13922;9300;7953;1;250,00;0,00;
13923;9300;7821;1;280,00;0,00;
13924;9301;1542;1;290,00;0,00;
13925;9304;1534;1;160,00;0,00;
13926;9306;1554;1;340,00;0,00;
13927;9306;8355;1;340,00;0,00;
13928;9308;1554;1;350,00;0,00;
13929;9308;7821;1;280,00;0,00;
13930;9309;1534;1;160,00;0,00;
13931;9309;5787;1;475,00;0,00;
13932;9309;1534;1;160,00;0,00;
13933;9309;7987;1;450,00;0,00;
13934;9310;8696;1;800,00;0,00;
13935;9311;4581;1;190,00;0,00;
13936;9309;1534;1;160,00;0,00;
13938;9309;8898;1;717,00;0,00;
13940;9312;8185;1;720,00;0,00;
13941;9312;8355;1;340,00;0,00;
13942;9312;1534;1;140,00;0,00;
13943;9313;8552;1;120,00;0,00;
13944;9314;1534;1;160,00;0,00;
13945;9314;1534;1;160,00;0,00;
13946;9314;8552;1;190,00;0,00;
13947;9315;8552;1;120,00;0,00;
13948;9316;1534;1;160,00;0,00;
13949;9317;1534;1;140,00;0,00;
13950;9317;7821;1;240,00;0,00;
13951;9318;7821;1;190,00;0,00;
13952;9319;8102;0,5;300,00;0,00;
13953;9319;1534;0,5;80,00;0,00;
13954;9319;8355;1;450,00;0,00;
13955;9320;7628;1;210,00;0,00;
13957;9321;8899;1;998,00;0,00;
13958;9322;1542;1;290,00;0,00;
13959;9322;7821;1;210,00;0,00;
13960;9324;1534;1;160,00;0,00;
13961;9326;8552;1;100,00;0,00;
13962;9327;1534;1;160,00;0,00;
13963;9328;1534;1;160,00;0,00;
13964;9328;1534;1;160,00;0,00;
13965;9328;8552;1;100,00;0,00;
13966;9328;7628;1;280,00;0,00;
13967;9329;1542;1;350,00;0,00;
13968;9329;7821;1;280,00;0,00;
13970;9330;8573;1;250,00;0,00;
13971;9331;1534;1;160,00;0,00;
13972;9331;6292;1;100,00;0,00;
13973;9332;1542;1;290,00;0,00;
13974;9332;6292;1;100,00;0,00;
13976;9333;8813;1;1.190,00;0,00;
13977;9333;8908;1;1.469,00;0,00;
13978;9334;1534;1;160,00;0,00;
13979;9334;1542;1;350,00;0,00;
13981;9321;8909;1;730,00;0,00;
13982;9335;1534;1;160,00;0,00;
13983;9336;1534;2;580,00;0,00;
13984;9333;0;1;1,00;0,00;
13985;9337;7405;1;260,00;0,00;
13986;9338;1542;1;350,00;0,00;
13987;9338;7821;1;280,00;0,00;
13989;9339;7821;1;290,00;0,00;
13990;9339;1760;1;690,00;0,00;
13991;9340;1534;1;140,00;0,00;
13992;9340;8552;1;160,00;0,00;
13994;9341;8712;1;3.976,00;0,00;
13996;9341;8812;1;1.090,00;0,00;
13997;9342;7953;1;250,00;0,00;
13998;9343;7821;1;230,00;0,00;
13999;9344;1534;1;160,00;0,00;
14000;9345;1542;1;290,00;0,00;
14001;9345;8552;1;100,00;0,00;
14002;9348;1760;1;590,00;0,00;
14003;9349;7953;1;250,00;0,00;
14005;9349;8911;1;690,00;0,00;
14006;9350;7953;1;250,00;0,00;
14007;9350;7821;1;260,00;0,00;
14008;9351;8552;1;90,00;0,00;
14009;9353;6178;1;675,00;0,00;
14010;9355;1534;1;110,00;0,00;
14011;9356;1542;1;350,00;0,00;
14012;9356;7821;1;290,00;0,00;
14013;9357;1542;1;350,00;0,00;
14014;9357;8552;1;190,00;0,00;
14015;9357;8552;1;190,00;0,00;
14016;9358;7953;1;250,00;0,00;
14017;9358;7821;1;260,00;0,00;
14018;9359;1534;1;160,00;0,00;
14019;9359;7821;1;330,00;0,00;
14020;9359;7821;1;290,00;0,00;
14021;9359;1760;1;690,00;0,00;
14022;9360;1721;1;790,00;0,00;
14023;9361;1554;1;350,00;0,00;
14024;9361;1372;1;280,00;0,00;
14025;9362;7953;1;250,00;0,00;
14026;9362;7821;1;220,00;0,00;
14027;9364;7953;1;250,00;0,00;
14028;9364;8355;1;450,00;0,00;
14029;9366;1534;0,5;80,00;0,00;
14030;9368;1760;1;420,00;0,00;
14031;9368;8355;1;330,00;0,00;
14032;9369;1534;1;140,00;0,00;
14033;9369;8552;1;100,00;0,00;
14034;9371;1542;1;260,00;0,00;
14035;9371;7821;1;240,00;0,00;
14036;9372;7972;1;250,00;0,00;
14037;9373;8908;1;1.469,00;0,00;
14038;9374;1552;1;350,00;0,00;
14039;9375;1534;1;140,00;0,00;
14040;9376;1542;1;350,00;0,00;
14041;9376;7821;1;260,00;0,00;
14042;9378;1401;1;90,00;0,00;
14043;9381;1752;1;450,00;0,00;
14044;9381;8355;1;390,00;0,00;
14045;9383;1534;1;160,00;0,00;
14046;9386;1760;1;690,00;0,00;
14047;9387;7821;1;260,00;0,00;
14052;9388;8795;1;530,00;0,00;
14054;9388;8913;1;1.600,00;0,00;
14055;9390;1554;1;240,00;0,00;
14056;9390;1349;1;100,00;0,00;
14057;9391;8185;1;610,00;0,00;
14058;9393;8749;1;530,00;0,00;
14059;9393;1534;1;160,00;0,00;
14060;9394;8894;1;400,00;0,00;
14061;9394;1760;1;600,00;0,00;
14062;9396;1534;1;150,00;0,00;
14063;9396;8193;1;150,00;0,00;
14064;9397;7878;1;180,00;0,00;
14065;9397;1542;1;350,00;0,00;
14066;9398;5926;1;380,00;0,00;
14067;9398;1542;1;350,00;0,00;
14068;9400;8552;1;190,00;0,00;
14069;9401;7628;1;190,00;0,00;
14070;9403;1552;1;350,00;0,00;
14071;9404;7821;1;260,00;0,00;
14072;9405;7821;1;260,00;0,00;
14073;9407;8102;1;585,00;0,00;
14074;9408;1542;1;350,00;0,00;
14075;9409;1372;1;170,00;0,00;
14076;9410;1552;1;350,00;0,00;
14077;9410;8552;1;120,00;0,00;
14078;9412;1534;1;140,00;0,00;
14079;9412;7114;1;100,00;0,00;
14080;9414;1542;1;350,00;0,00;
14081;9414;8552;1;160,00;0,00;
14082;9415;1552;1;350,00;0,00;
14083;9415;7821;1;270,00;0,00;
14085;9416;8915;1;1.067,00;0,00;
14086;9373;8908;1;1.469,00;0,00;
14087;9417;8159;1;1.180,00;0,00;
14089;9419;1534;1;140,00;0,00;
14090;9419;8552;1;150,00;0,00;
14091;9418;7953;1;250,00;0,00;
14092;9418;8905;1;850,00;0,00;
14093;9420;1534;1;160,00;0,00;
14094;9420;7385;1;10,00;0,00;
14095;9421;1752;1;350,00;0,00;
14096;9422;7628;1;170,00;0,00;
14097;9423;1534;1;160,00;0,00;
14098;9423;7821;1;280,00;0,00;
14099;9425;1542;1;290,00;0,00;
14100;9426;7953;1;250,00;0,00;
14101;9426;8193;1;150,00;0,00;
14102;9428;7823;1;1.000,00;0,00;
14103;9429;7953;1;220,00;0,00;
14104;9429;7821;1;230,00;0,00;
14105;9430;7821;1;250,00;0,00;
14106;9431;1531;1;150,00;0,00;
14107;9432;8806;1;199,00;0,00;
14108;9432;7821;1;260,00;0,00;
14109;9432;8916;1;890,00;0,00;
14110;9433;7953;0,5;140,00;0,00;
14111;9434;4996;1;140,00;0,00;
14112;9436;7953;1;225,00;0,00;
14113;9436;8552;1;100,00;0,00;
14114;9437;1542;1;250,00;0,00;
14115;9438;8193;1;160,00;0,00;
14117;9439;8184;1;200,00;0,00;
14119;9441;1533;1;40,00;0,00;
14120;9442;7953;1;225,00;0,00;
14121;9445;7628;1;150,00;0,00;
14122;9446;7972;1;290,00;0,00;
14123;9447;8696;1;1.100,00;0,00;
14124;9450;7821;1;350,00;0,00;
14126;9451;8917;1;890,00;0,00;
14127;9452;1554;1;350,00;0,00;
14129;9453;8920;1;860,00;0,00;
14130;9454;1760;1;390,00;0,00;
14132;9455;8921;1;3.000,00;0,00;
14134;9455;8922;1;464,00;0,00;
14136;9456;1554;1;280,00;0,00;
14137;9457;8552;1;170,00;0,00;
14138;9458;1534;0,5;50,00;0,00;
14139;9460;1534;1;160,00;0,00;
14140;9460;8552;1;180,00;0,00;
14141;9461;8488;1;390,00;0,00;
14142;9462;1554;1;280,00;0,00;
14143;9463;1534;1;160,00;0,00;
14144;9464;7953;1;250,00;0,00;
14145;9464;7821;1;280,00;0,00;
14146;9465;7628;1;160,00;0,00;
14147;9468;7953;1;250,00;0,00;
14148;9468;8355;1;390,00;0,00;
14149;9464;4078;1;2.250,00;0,00;
14150;9469;1528;1;180,00;0,00;
14151;9470;1534;1;160,00;0,00;
14152;9470;7821;1;260,00;0,00;
14153;9471;1760;1;490,00;0,00;
14154;9471;8552;1;100,00;0,00;
14155;9473;6292;1;100,00;0,00;
14156;9474;1542;1;350,00;0,00;
14157;9474;7821;1;280,00;0,00;
14158;9475;7628;1;150,00;0,00;
14159;9476;7821;1;290,00;0,00;
14160;9477;1534;1;160,00;0,00;
14161;9477;7821;1;280,00;0,00;
14162;9478;7263;1;180,00;0,00;
14163;9480;3583;1;941,00;0,00;
14164;9481;1542;1;350,00;0,00;
14165;9481;7821;1;290,00;0,00;
14166;9482;7953;1;175,00;0,00;
14167;9483;4581;1;280,00;0,00;
14168;9487;7953;1;250,00;0,00;
14169;9487;8355;1;320,00;0,00;
14170;9489;8720;1;250,00;0,00;
14171;9489;7953;1;220,00;0,00;
14172;9492;1542;1;350,00;0,00;
14173;9492;8488;1;390,00;0,00;
14176;9494;7628;1;160,00;0,00;
14177;9497;5939;1;450,00;0,00;
14178;9498;7953;1;225,00;0,00;
14179;9498;8553;1;265,00;0,00;
14180;9499;7953;1;250,00;0,00;
14181;9499;7821;1;280,00;0,00;
14182;9500;8552;1;190,00;0,00;
14183;9501;1534;1;160,00;0,00;
14184;9502;7953;1;250,00;0,00;
14185;9502;7821;1;260,00;0,00;
14186;9503;7953;1;250,00;0,00;
14187;9503;8552;1;190,00;0,00;
14188;9504;1534;1;145,00;0,00;
14189;9506;8573;1;280,00;0,00;
14190;9507;1760;1;750,00;0,00;
14191;9507;8355;1;390,00;0,00;
14192;9507;5940;1;290,00;0,00;
14193;9507;8573;1;280,00;0,00;
14194;9508;1534;1;160,00;0,00;
14195;9509;8198;1;733,00;0,00;
14196;9509;7953;1;230,00;0,00;
14197;9510;8552;1;100,00;0,00;
14198;9511;7953;1;250,00;0,00;
14199;9512;7972;1;350,00;0,00;
14200;9511;8501;1;450,00;0,00;
14201;9513;7628;1;200,00;0,00;
14203;9514;8820;1;1.070,00;0,00;
14204;9514;8924;1;3.000,00;0,00;
14205;9515;1542;1;350,00;0,00;
14206;9515;8552;1;190,00;0,00;
14207;9516;8185;1;650,00;0,00;
14208;9516;8668;1;26,00;0,00;
14209;9516;8552;1;170,00;0,00;
14210;9517;7972;1;100,00;0,00;
14211;9518;7953;1;450,00;0,00;
14212;9518;8552;1;190,00;0,00;
14215;9520;1534;1;150,00;0,00;
14216;9521;1534;1;140,00;0,00;
14217;9524;7953;1;225,00;0,00;
14218;9524;8552;1;170,00;0,00;
14221;9525;5521;1;450,00;0,00;
14223;9525;8593;1;1.190,00;0,00;
14224;9526;1554;1;290,00;0,00;
14225;9526;7801;1;410,00;0,00;
14226;9527;1534;1;160,00;0,00;
14227;9527;8552;1;120,00;0,00;
14228;9528;8834;1;570,00;0,00;
14229;9529;7719;1;190,00;0,00;
14230;9530;1542;1;350,00;0,00;
14231;9530;8355;1;280,00;0,00;
14232;9531;1534;1;160,00;0,00;
14233;9532;7953;1;250,00;0,00;
14234;9533;1326;1;80,00;0,00;
14235;9535;1534;1;160,00;0,00;
14236;9536;1534;1;120,00;0,00;
14238;9536;8552;1;140,00;0,00;
14239;9536;5627;1;690,00;0,00;
14240;9536;7628;1;0,00;0,00;
14241;9537;1552;1;350,00;0,00;
14242;9537;8552;1;120,00;0,00;
14243;9538;7953;1;250,00;0,00;
14244;9538;8552;1;170,00;0,00;
14245;9540;1542;1;288,00;0,00;
14246;9489;8552;1;140,00;0,00;
14247;9489;7821;1;220,00;0,00;
14248;9541;7555;1;800,00;0,00;
14249;9542;7953;1;250,00;0,00;
14250;9544;5933;1;440,00;0,00;
14251;9545;8552;1;190,00;0,00;
14253;9546;8149;1;900,00;0,00;
14254;9547;7821;1;250,00;0,00;
14255;9548;8355;1;260,00;0,00;
14257;9549;5933;1;380,00;0,00;
14258;9550;7953;1;250,00;0,00;
14261;9550;8943;1;450,00;0,00;
14262;9552;1754;1;1.071,00;0,00;
14263;9552;7821;1;261,00;0,00;
14264;9554;5627;1;900,00;0,00;
14265;9554;7821;1;225,00;0,00;
14268;9556;6292;1;100,00;0,00;
14269;9557;7198;1;340,00;0,00;
14270;9558;1542;1;350,00;0,00;
14271;9558;8552;1;250,00;0,00;
14272;9559;1542;1;315,00;0,00;
14273;9559;8355;1;355,00;0,00;
14274;9559;5627;1;800,00;0,00;
14275;9559;8552;1;145,00;0,00;
14276;9561;1534;1;160,00;0,00;
14277;9561;7821;1;260,00;0,00;
14278;9562;8680;1;1.380,00;0,00;
14279;9563;7953;1;220,00;0,00;
14280;9563;7821;1;250,00;0,00;
14281;9564;8680;1;1.380,00;0,00;
14282;9564;7821;1;240,00;0,00;
14283;9555;7628;1;280,00;0,00;
14284;9555;1760;1;790,00;0,00;
14285;9565;1534;1;140,00;0,00;
14286;9565;8552;1;100,00;0,00;
14287;9567;7953;1;220,00;0,00;
14288;9568;1534;1;160,00;0,00;
14289;9569;7628;1;150,00;0,00;
14290;9570;8273;1;550,00;0,00;
14292;9570;8853;1;600,00;0,00;
14293;9571;5133;1;180,00;0,00;
14294;9572;8062;1;190,00;0,00;
14295;9573;8310;1;777,00;0,00;
14296;9573;8835;1;513,00;0,00;
14297;9574;1542;1;280,00;0,00;
14299;9575;385;1;700,00;0,00;
14301;9575;8700;1;1.070,00;0,00;
14302;9576;7628;1;150,00;0,00;
14303;9578;7821;1;190,00;0,00;
14304;9578;2287;1;20,00;0,00;
14305;9579;8552;1;190,00;0,00;
14306;9580;1534;1;160,00;0,00;
14307;9581;2088;1;1.100,00;0,00;
14308;9581;7821;1;260,00;0,00;
14309;9582;1534;1;160,00;0,00;
14310;9582;7821;1;260,00;0,00;
14311;9583;8427;1;780,00;0,00;
14313;9585;1542;1;120,00;0,00;
14314;9586;4497;1;120,00;0,00;
14315;9587;7953;1;250,00;0,00;
14316;9587;6519;1;570,00;0,00;
14317;9588;7953;1;250,00;0,00;
14318;9588;8579;1;690,00;0,00;
14319;9589;7953;1;250,00;0,00;
14320;9589;8578;1;690,00;0,00;
14321;9591;1534;1;220,00;0,00;
14322;9592;7953;1;450,00;0,00;
14324;9593;7953;1;250,00;0,00;
14325;9593;7821;1;280,00;0,00;
14326;9595;1534;1;120,00;0,00;
14327;9592;8196;1;800,00;0,00;
14328;9597;7953;1;220,00;0,00;
14331;9598;8355;1;590,00;0,00;
14332;9598;1534;0,5;80,00;0,00;
14333;9598;8273;0,5;370,00;0,00;
14334;9599;8185;1;550,00;0,00;
14335;9599;7821;1;260,00;0,00;
14336;9600;8552;1;260,00;0,00;
14337;9601;1534;1;120,00;0,00;
14338;9607;1534;1;160,00;0,00;
14339;9607;7821;1;280,00;0,00;
14340;9608;8552;1;100,00;0,00;
14341;9609;1534;1;120,00;0,00;
14342;9611;1534;1;160,00;0,00;
14343;9611;6292;1;100,00;0,00;
14344;9611;1526;1;180,00;0,00;
14345;9612;8102;1;650,00;0,00;
14346;9612;7821;1;290,00;0,00;
14347;9613;7953;1;225,00;0,00;
14348;9615;5627;1;880,00;0,00;
14349;9615;7821;1;220,00;0,00;
14350;9616;1542;1;150,00;0,00;
14351;9617;6292;1;100,00;0,00;
14352;9618;1534;1;160,00;0,00;
14353;9619;4581;1;80,00;0,00;
14354;9620;1542;1;350,00;0,00;
14355;9621;1760;1;550,00;0,00;
14356;9620;8552;1;190,00;0,00;
14357;9622;7821;1;260,00;0,00;
14358;9624;1542;1;540,00;0,00;
14359;9624;1542;1;540,00;0,00;
14360;9624;7821;1;280,00;0,00;
14361;9626;1542;1;300,00;0,00;
14362;9626;7821;1;250,00;0,00;
14363;9627;1542;1;350,00;0,00;
14364;9628;1534;1;160,00;0,00;
14365;9628;8355;1;590,00;0,00;
14366;9629;1760;1;780,00;0,00;
14367;9630;1534;1;160,00;0,00;
14369;9631;1534;1;160,00;0,00;
14370;9629;8947;1;980,00;0,00;
14372;9633;6292;1;100,00;0,00;
14373;9634;7821;1;280,00;0,00;
14374;9627;7485;1;130,00;0,00;
14375;9636;1554;1;350,00;0,00;
14376;9636;7269;1;290,00;0,00;
14377;9637;7972;1;270,00;0,00;
14378;9638;1542;1;290,00;0,00;
14379;9638;7628;1;190,00;0,00;
14380;9640;1534;1;160,00;0,00;
14381;9641;7953;1;250,00;0,00;
14383;9641;8948;1;1.160,00;0,00;
14384;9642;1321;1;140,00;0,00;
14385;9642;1534;1;160,00;0,00;
14386;9643;1760;1;390,00;0,00;
14387;9644;7953;2;500,00;0,00;
14388;9645;1534;1;160,00;0,00;
14389;9647;7953;1;220,00;0,00;
14390;9647;7821;1;220,00;0,00;
14391;9648;3649;1;35,00;0,00;
14392;9649;6292;1;100,00;0,00;
14393;9650;1534;1;290,00;0,00;
14394;9650;7821;1;260,00;0,00;
14395;9651;4115;1;199,00;0,00;
14396;9652;8949;1;760,00;0,00;
14397;9653;7953;1;250,00;0,00;
14398;9653;8462;1;690,00;0,00;
14400;9654;8949;1;760,00;0,00;
14401;9655;8552;1;160,00;0,00;
14402;9656;1534;1;310,00;0,00;
14403;9657;1534;1;140,00;0,00;
14404;9657;8552;1;90,00;0,00;
14405;9658;3291;1;250,00;0,00;
14407;9656;1542;1;350,00;0,00;
14408;9661;7821;1;190,00;0,00;
14409;9662;1542;1;350,00;0,00;
14410;9663;1769;1;920,00;0,00;
14411;9663;8484;1;378,00;0,00;
14412;9664;8707;1;1.723,00;0,00;
14413;9664;7821;1;280,00;0,00;
14415;9665;8285;1;1.528,00;0,00;
14416;9665;7821;1;252,00;0,00;
14417;9666;7953;1;250,00;0,00;
14418;9667;7821;1;290,00;0,00;
14419;9649;1542;1;320,00;0,00;
14421;9668;8950;1;1.100,00;0,00;
14422;9668;8355;1;-590,00;0,00;
14423;9669;1542;1;350,00;0,00;
14424;9670;1760;1;750,00;0,00;
14425;9671;6292;1;100,00;0,00;
14426;9672;7953;1;250,00;0,00;
14427;9673;1534;1;140,00;0,00;
14428;9673;8552;1;160,00;0,00;
14429;9674;7987;1;540,00;0,00;
14430;9676;8924;1;3.000,00;0,00;
14431;9676;8820;1;1.070,00;0,00;
14432;9677;7901;1;300,00;0,00;
14433;9678;5627;1;980,00;0,00;
14434;9680;7821;1;240,00;0,00;
14435;9681;1534;1;390,00;0,00;
14436;9682;1554;1;350,00;0,00;
14437;9682;8552;1;220,00;0,00;
14439;9687;7953;1;250,00;0,00;
14440;9687;1349;1;100,00;0,00;
14441;9688;8355;1;270,00;0,00;
14442;9689;1760;1;850,00;0,00;
14443;9689;8340;1;590,00;0,00;
14444;9690;1542;0,5;135,00;0,00;
14447;9691;1760;1;495,00;0,00;
14448;9692;1760;1;675,00;0,00;
14449;9692;8660;1;325,00;0,00;
14450;9693;7953;1;220,00;0,00;
14451;9693;7821;1;260,00;0,00;
14452;9694;1534;1;160,00;0,00;
14453;9694;6292;1;140,00;0,00;
14454;9695;7953;2;400,00;0,00;
14455;9696;7953;0,5;60,00;0,00;
14458;9697;7821;1;280,00;0,00;
14459;9697;8185;1;780,00;0,00;
14460;9698;8552;1;190,00;0,00;
14461;9699;1542;1;350,00;0,00;
14462;9699;8552;1;160,00;0,00;
14464;9700;7953;1;250,00;0,00;
14465;9700;8761;1;550,00;0,00;
14466;9701;2287;1;10,00;0,00;
14468;9702;7821;1;250,00;0,00;
14469;9703;8232;1;980,00;0,00;
14470;9703;8841;1;750,00;0,00;
14471;9704;7953;1;250,00;0,00;
14472;9706;2403;1;210,00;0,00;
14473;9707;7953;1;250,00;0,00;
14474;9707;7821;1;260,00;0,00;
14476;9709;8404;1;390,00;0,00;
14477;9681;7821;1;260,00;0,00;
14478;9710;7953;1;250,00;0,00;
14479;9710;7821;1;290,00;0,00;
14480;9708;8707;1;750,00;0,00;
14481;9711;4497;1;150,00;0,00;
14482;9712;8707;1;1.050,00;0,00;
14483;9712;1760;1;-750,00;0,00;
14484;9713;1542;1;790,00;0,00;
14485;9714;1534;1;150,00;0,00;
14486;9715;1534;1;144,00;0,00;
14487;9715;1534;1;144,00;0,00;
14488;9715;7821;1;261,00;0,00;
14489;9715;8552;1;171,00;0,00;
14490;9716;8552;1;220,00;0,00;
14491;9715;1534;1;144,00;0,00;
14492;9715;8355;1;405,00;0,00;
14493;9717;7628;1;190,00;0,00;
14494;9718;1552;1;350,00;0,00;
14495;9718;7628;1;220,00;0,00;
14496;9719;1534;1;160,00;0,00;
14497;9719;8552;1;190,00;0,00;
14498;9720;1534;1;145,00;0,00;
14499;9721;5183;1;590,00;0,00;
14500;9722;2403;2;780,00;0,00;
14501;9723;8552;1;160,00;0,00;
14502;9724;7821;1;260,00;0,00;
14503;9725;7953;1;225,00;0,00;
14504;9725;7821;1;351,00;0,00;
14505;9727;1534;1;160,00;0,00;
14506;9729;7832;1;310,00;0,00;
14507;9729;4997;1;250,00;0,00;
14508;9730;7821;1;280,00;0,00;
14509;9730;1534;1;160,00;0,00;
14510;9731;1542;1;350,00;0,00;
14511;9731;8355;1;430,00;0,00;
14512;9732;1542;1;380,00;0,00;
14513;9733;8552;1;150,00;0,00;
14515;9734;8552;1;200,00;0,00;
14516;9734;1760;1;550,00;0,00;
14517;9735;7953;1;250,00;0,00;
14518;9736;8552;1;190,00;0,00;
14519;9736;7821;1;280,00;0,00;
14520;9737;1760;1;490,00;0,00;
14521;9737;7821;1;250,00;0,00;
14522;9738;1542;1;290,00;0,00;
14523;9739;1542;1;290,00;0,00;
14524;9739;8552;1;170,00;0,00;
14525;9740;1760;1;750,00;0,00;
14526;9740;8355;1;450,00;0,00;
14527;9741;1542;1;340,00;0,00;
14528;9741;7821;1;260,00;0,00;
14529;9742;5254;1;50,00;0,00;
14530;9742;1534;1;160,00;0,00;
14531;9743;2287;1;50,00;0,00;
14532;9744;7628;1;170,00;0,00;
14533;9745;7953;1;250,00;0,00;
14534;9745;7821;1;260,00;0,00;
14535;9746;8668;1;10,00;0,00;
14536;9747;8102;1;590,00;0,00;
14537;9748;1534;1;200,00;0,00;
14538;9749;7953;1;217,00;0,00;
14539;9749;7821;1;260,00;0,00;
14540;9750;1542;1;260,00;0,00;
14541;9750;7821;1;240,00;0,00;
14542;9751;1534;1;150,00;0,00;
14543;9752;6292;1;170,00;0,00;
14544;9755;1534;1;160,00;0,00;
14545;9755;6292;1;100,00;0,00;
14546;9757;1534;1;160,00;0,00;
14547;9760;1534;1;160,00;0,00;
14548;9760;7821;1;280,00;0,00;
14549;9761;1349;1;160,00;0,00;
14550;9761;1534;1;160,00;0,00;
14551;9762;2403;1;280,00;0,00;
14554;9763;8552;1;189,00;0,00;
14555;9764;8537;1;280,00;0,00;
14556;9765;8832;1;1.989,00;0,00;
14557;9765;7821;1;280,00;0,00;
14558;9766;8604;1;380,00;0,00;
14559;9765;7821;1;280,00;0,00;
14560;9767;7972;1;261,00;0,00;
14561;9769;8687;1;1.616,00;0,00;
14562;9769;8355;1;390,00;0,00;
14563;9772;7972;1;350,00;0,00;
14564;9774;1534;1;0,00;0,00;
14565;9775;7821;1;250,00;0,00;
14566;9776;7821;1;250,00;0,00;
14567;9777;1760;1;550,00;0,00;
14568;9778;1554;1;350,00;0,00;
14569;9778;7821;1;260,00;0,00;
14570;9779;1534;1;120,00;0,00;
14571;9779;8552;1;100,00;0,00;
14572;9780;1534;1;150,00;0,00;
14573;9781;5627;1;700,00;0,00;
14574;9781;8552;1;100,00;0,00;
14575;9782;8270;1;690,00;0,00;
14577;9782;7953;1;250,00;0,00;
14578;9783;8707;1;1.100,00;0,00;
14579;9783;7821;1;260,00;0,00;
14580;9785;7628;1;200,00;0,00;
14581;9786;8273;1;690,00;0,00;
14582;9786;7821;1;260,00;0,00;
14583;9787;1534;1;160,00;0,00;
14584;9788;5627;1;375,00;0,00;
14585;9790;7953;1;250,00;0,00;
14586;9791;8473;1;390,00;0,00;
14587;9791;1760;1;490,00;0,00;
14588;9792;1526;1;180,00;0,00;
14589;9793;7821;1;140,00;0,00;
14590;9793;8308;1;25,00;0,00;
14591;9794;1534;1;160,00;0,00;
14592;9795;7628;1;100,00;0,00;
14593;9796;8668;1;26,00;0,00;
14594;9801;1542;1;260,00;0,00;
14596;9801;8393;1;390,00;0,00;
14597;9802;7628;1;150,00;0,00;
14598;9803;1542;1;300,00;0,00;
14599;9804;1542;1;310,00;0,00;
14600;9804;8573;1;250,00;0,00;
14601;9777;3468;1;220,00;0,00;
14602;9805;4497;1;100,00;0,00;
14603;9807;1721;1;530,00;0,00;
14604;9807;8552;1;190,00;0,00;
14605;9808;5627;1;980,00;0,00;
14606;9809;7628;1;170,00;0,00;
14607;9810;1534;0,5;70,00;0,00;
14608;9811;1534;1;140,00;0,00;
14609;9811;8552;1;200,00;0,00;
14610;9814;1542;1;350,00;0,00;
14611;9814;8355;1;390,00;0,00;
14612;9815;7520;1;250,00;0,00;
14613;9815;3706;1;600,00;0,00;
14614;9816;1542;1;290,00;0,00;
14615;9816;7214;1;300,00;0,00;
14616;9817;1542;1;290,00;0,00;
14617;9817;7821;1;250,00;0,00;
14618;9818;8552;1;190,00;0,00;
14619;9818;7953;1;250,00;0,00;
14620;9819;1534;1;160,00;0,00;
14621;9819;8399;1;450,00;0,00;
14622;9820;1534;1;120,00;0,00;
14623;9820;8552;1;180,00;0,00;
14624;9822;8552;1;100,00;0,00;
14625;9823;1534;1;160,00;0,00;
14626;9823;7821;1;280,00;0,00;
14628;9788;8951;1;290,00;0,00;
14629;9824;7953;1;250,00;0,00;
14630;9824;7821;1;390,00;0,00;
14631;9825;1405;1;180,00;0,00;
14632;9826;3468;1;160,00;0,00;
14633;9826;1542;1;317,00;0,00;
14634;0;1526;1;130,00;0,00;
14635;9828;1526;1;115,00;0,00;
14636;9829;1526;1;130,00;0,00;
14637;9830;2733;1;180,00;0,00;
14638;9830;8720;1;250,00;0,00;
14639;9831;2733;1;180,00;0,00;
14640;9832;8185;1;610,00;0,00;
14641;9832;8819;1;800,00;0,00;
14642;9833;3468;1;180,00;0,00;
14643;9833;7953;1;250,00;0,00;
14644;9834;2733;1;180,00;0,00;
14645;9835;1349;1;280,00;0,00;
14646;9835;1542;1;350,00;0,00;
14647;9838;4609;1;320,00;0,00;
14648;9838;1554;1;350,00;0,00;
14649;9839;7953;1;220,00;0,00;
14650;9840;1542;1;300,00;0,00;
14651;9841;1758;1;900,00;0,00;
14652;9842;7953;1;250,00;0,00;
14653;9842;7483;1;280,00;0,00;
14654;9843;1542;1;290,00;0,00;
14655;9844;1349;1;160,00;0,00;
14656;9844;7953;1;230,00;0,00;
14657;9845;7821;1;280,00;0,00;
14658;9845;1542;1;350,00;0,00;
14659;9846;1542;1;350,00;0,00;
14660;9847;7752;1;280,00;0,00;
14661;9847;1542;1;350,00;0,00;
14662;9848;1534;1;140,00;0,00;
14663;9849;1542;1;350,00;0,00;
14664;9851;1534;1;160,00;0,00;
14665;9851;8552;1;220,00;0,00;
14666;9852;7821;1;260,00;0,00;
14667;9854;1542;1;350,00;0,00;
14668;9855;1760;1;400,00;0,00;
14670;9855;1760;1;400,00;0,00;
14671;9856;7821;1;230,00;0,00;
14672;9857;7628;1;220,00;0,00;
14673;9858;1534;1;140,00;0,00;
14674;9846;8552;1;180,00;0,00;
14675;9859;1534;1;160,00;0,00;
14676;9859;8355;1;390,00;0,00;
14677;9860;1534;1;160,00;0,00;
14678;9861;7953;1;250,00;0,00;
14679;9780;8355;1;200,00;0,00;
14680;9862;8552;1;150,00;0,00;
14684;9864;7821;1;260,00;0,00;
14685;9865;8707;1;945,00;0,00;
14686;9865;7628;1;200,00;0,00;
14687;9866;1760;1;375,00;0,00;
14688;9867;8102;1;300,00;0,00;
14689;9868;7953;1;220,00;0,00;
14690;9868;7821;1;240,00;0,00;
14691;9871;7953;1;250,00;0,00;
14692;9872;8552;1;180,00;0,00;
14694;9863;1528;2;220,00;0,00;
14695;9873;8232;1;950,00;0,00;
14696;9873;4998;1;420,00;0,00;
14697;9874;8232;1;675,00;0,00;
14698;9876;8552;1;100,00;0,00;
14699;9877;7953;1;250,00;0,00;
14700;9877;8552;1;190,00;0,00;
14701;9879;1534;1;120,00;0,00;
14703;9880;8201;1;850,00;0,00;
14704;9881;8927;1;570,00;0,00;
14705;9882;7821;1;260,00;0,00;
14706;9883;7953;1;250,00;0,00;
14707;9883;8552;1;190,00;0,00;
14708;9884;6176;1;750,00;0,00;
14710;9885;1349;1;190,00;0,00;
14711;9885;1721;1;790,00;0,00;
14712;9887;1534;1;170,00;0,00;
14713;9888;1534;1;160,00;0,00;
14714;9889;1534;1;160,00;0,00;
14715;9890;5627;1;850,00;0,00;
14716;9891;1534;1;140,00;0,00;
14717;9891;8552;1;100,00;0,00;
14718;9891;1721;1;620,00;0,00;
14719;9891;8185;1;675,00;0,00;
14720;9892;1542;0,5;130,00;0,00;
14721;9893;1534;1;190,00;0,00;
14722;9893;6292;1;100,00;0,00;
14723;9894;1534;1;160,00;0,00;
14724;9894;8552;1;190,00;0,00;
14725;9895;8196;1;750,00;0,00;
14726;9896;2403;1;380,00;0,00;
14727;9897;1534;1;160,00;0,00;
14728;9897;1534;1;190,00;0,00;
14729;9897;8552;1;190,00;0,00;
14730;9899;8590;1;2.160,00;0,00;
14731;9899;8355;1;390,00;0,00;
14732;9900;1542;1;290,00;0,00;
14735;9855;8952;1;20,00;0,00;
14736;9902;1533;1;450,00;0,00;
14737;9903;2733;1;170,00;0,00;
14738;9903;1554;1;280,00;0,00;
14739;9904;3649;1;40,00;0,00;
14740;9906;7953;1;250,00;0,00;
14741;9906;2403;1;380,00;0,00;
14742;9907;7953;0,5;110,00;0,00;
14743;9908;2403;1;240,00;0,00;
14745;9909;8707;1;1.100,00;0,00;
14746;9909;7821;1;280,00;0,00;
14747;9910;1721;1;490,00;0,00;
14748;9910;8355;1;390,00;0,00;
14749;9911;4581;1;240,00;0,00;
14750;9912;8060;1;270,00;0,00;
14752;9913;8953;1;445,00;0,00;
14753;9913;7810;1;100,00;0,00;
14754;9914;8707;1;1.100,00;0,00;
14755;9914;8355;1;350,00;0,00;
14756;9914;8355;1;350,00;0,00;
14757;9914;7953;1;225,00;0,00;
14758;9915;7447;1;390,00;0,00;
14759;9916;1542;1;350,00;0,00;
14760;9916;8355;1;390,00;0,00;
14761;9917;8552;1;170,00;0,00;
14762;9918;7953;1;250,00;0,00;
14763;9918;8552;1;190,00;0,00;
14764;9919;7821;1;280,00;0,00;
14765;9920;8552;1;170,00;0,00;
14766;9921;7821;1;260,00;0,00;
14767;9921;8668;1;10,00;0,00;
14768;9922;7821;1;270,00;0,00;
14769;9922;7953;1;250,00;0,00;
14770;9923;1540;1;40,00;0,00;
14771;9924;1542;1;290,00;0,00;
14772;9925;7628;1;190,00;0,00;
14773;9925;8330;1;445,00;0,00;
14774;9926;7953;1;250,00;0,00;
14775;9927;7953;1;250,00;0,00;
14776;9928;1760;1;0,00;0,00;
14777;9930;1542;1;290,00;0,00;
14778;9931;1540;1;40,00;0,00;
14779;9932;7672;1;250,00;0,00;
14780;9932;1542;1;300,00;0,00;
14781;9933;8196;1;800,00;0,00;
14782;9933;7953;1;250,00;0,00;
14783;9933;7821;1;280,00;0,00;
14784;9934;3468;1;180,00;0,00;
14785;9934;1542;1;350,00;0,00;
14786;9936;8355;1;315,00;0,00;
14787;9938;8399;1;450,00;0,00;
14788;9938;7953;1;250,00;0,00;
14790;9938;7953;1;250,00;0,00;
14791;9938;8552;1;190,00;0,00;
14792;9939;7953;1;220,00;0,00;
14793;9939;7821;1;260,00;0,00;
14794;9940;8707;1;1.500,00;0,00;
14795;9941;7987;1;590,00;0,00;
14799;9942;8913;1;1.560,00;0,00;
14802;9942;8954;1;880,00;0,00;
14804;9945;8552;1;190,00;0,00;
14805;9945;8297;1;2.191,00;0,00;
14806;9946;8441;1;690,00;0,00;
14807;9947;1534;1;160,00;0,00;
14808;9948;1542;1;350,00;0,00;
14809;9950;2403;1;380,00;0,00;
14810;9951;8102;0,5;295,00;0,00;
14811;9951;1534;0,5;80,00;0,00;
14813;9951;4953;1;1.020,00;0,00;
14815;9951;1533;1;190,00;0,00;
14816;9951;8552;1;190,00;0,00;
14817;9952;1554;1;350,00;0,00;
14818;9952;8552;1;180,00;0,00;
14819;9953;1534;1;140,00;0,00;
14821;9954;8707;1;1.400,00;0,00;
14822;9954;1534;1;140,00;0,00;
14823;9954;8552;1;160,00;0,00;
14826;9955;7821;1;270,00;0,00;
14827;9955;1721;1;600,00;0,00;
14828;9957;1534;1;160,00;0,00;
14829;9957;8552;1;190,00;0,00;
14830;9958;1760;1;500,00;0,00;
14831;9959;8552;1;130,00;0,00;
14832;9961;7953;1;250,00;0,00;
14833;9961;7821;1;270,00;0,00;
14834;9961;8273;1;750,00;0,00;
14835;9961;7821;1;270,00;0,00;
14836;9963;1534;1;140,00;0,00;
14837;9965;1542;1;350,00;0,00;
14838;9966;6600;1;450,00;0,00;
14839;9967;7821;1;270,00;0,00;
14840;9968;1534;1;220,00;0,00;
14841;9968;5933;1;380,00;0,00;
14842;9969;8552;1;160,00;0,00;
14843;9971;7953;1;250,00;0,00;
14844;9971;8552;1;190,00;0,00;
14845;9972;1542;1;300,00;0,00;
14846;9973;1534;1;160,00;0,00;
14847;9973;8552;1;140,00;0,00;
14848;9974;1760;1;845,00;0,00;
14849;9974;7821;1;280,00;0,00;
14850;9975;8300;1;890,00;0,00;
14851;9975;7821;1;260,00;0,00;
14853;9976;8707;1;1.560,00;0,00;
14854;9976;7821;1;280,00;0,00;
14855;9978;1760;1;495,00;0,00;
14856;9979;7953;1;220,00;0,00;
14857;9979;7821;1;230,00;0,00;
14858;9980;1534;1;140,00;0,00;
14859;9980;8552;1;175,00;0,00;
14860;9981;1534;1;120,00;0,00;
14861;9981;8552;1;100,00;0,00;
14862;9982;8300;1;890,00;0,00;
14863;9982;8552;1;190,00;0,00;
14864;9983;922;1;550,00;0,00;
14866;9986;7953;1;260,00;0,00;
14867;9986;1534;2;300,00;0,00;
14868;9987;8707;1;1.045,00;0,00;
14869;9987;7953;1;250,00;0,00;
14870;9988;8707;1;1.170,00;0,00;
14871;9988;7821;1;270,00;0,00;
14872;9986;7821;1;220,00;0,00;
14873;9989;7953;1;175,00;0,00;
14874;9990;1534;1;140,00;0,00;
14875;9990;8355;1;355,00;0,00;
14876;9991;7953;1;270,00;0,00;
14877;9991;8552;1;100,00;0,00;
14878;9991;8633;1;450,00;0,00;
14879;9992;8552;1;190,00;0,00;
14880;9991;4497;1;150,00;0,00;
14881;9991;7821;1;280,00;0,00;
14882;9993;1534;1;160,00;0,00;
14884;9994;8959;1;880,00;0,00;
14885;9996;1534;1;160,00;0,00;
14886;9996;8552;1;140,00;0,00;
14887;9999;8552;1;190,00;0,00;
14888;10000;7972;1;260,00;0,00;
14889;10002;8355;1;390,00;0,00;
14890;10003;1534;1;160,00;0,00;
14891;10003;1534;1;160,00;0,00;
14892;10003;7987;1;450,00;0,00;
14893;10003;7987;1;450,00;0,00;
14894;10005;7953;1;225,00;0,00;
14895;10007;6158;1;460,00;0,00;
14896;10008;1542;1;350,00;0,00;
14897;10009;1542;1;290,00;0,00;
14898;10010;7821;1;270,00;0,00;
14899;10011;8552;1;190,00;0,00;
14900;10011;1542;1;350,00;0,00;
14901;10012;7953;0,5;125,00;0,00;
14902;10012;7821;1;270,00;0,00;
14903;10013;7953;1;250,00;0,00;
14904;10013;7821;1;280,00;0,00;
14905;10014;1534;1;140,00;0,00;
14906;10014;4041;1;100,00;0,00;
14907;9984;1534;1;50,00;0,00;
14908;10015;1760;1;650,00;0,00;
14909;10015;7821;1;270,00;0,00;
14910;10016;1721;1;900,00;0,00;
14911;10016;8815;1;1.090,00;0,00;
14912;10017;1542;1;350,00;0,00;
14913;10017;7821;1;280,00;0,00;
14914;10018;1542;1;300,00;0,00;
14915;10019;1542;1;310,00;0,00;
14916;10019;8632;1;350,00;0,00;
14917;10020;7810;1;190,00;0,00;
14918;10020;1534;1;160,00;0,00;
14919;10020;8552;1;190,00;0,00;
14921;10022;1533;1;90,00;0,00;
14922;10022;1534;1;160,00;0,00;
14924;10022;8552;1;190,00;0,00;
14927;10021;8913;1;1.045,00;0,00;
14928;10025;1534;1;160,00;0,00;
14929;10022;8770;1;590,00;0,00;
14930;10026;1542;1;350,00;0,00;
14931;10026;8552;1;190,00;0,00;
14932;10026;8552;1;240,00;0,00;
14934;10027;1542;1;350,00;0,00;
14935;10028;7821;1;250,00;0,00;
14936;10028;7821;1;250,00;0,00;
14939;10028;8102;0,5;400,00;0,00;
14940;10028;1534;1;100,00;0,00;
14941;10029;1542;1;350,00;0,00;
14942;10031;1534;0,5;220,00;0,00;
14945;10032;7821;1;280,00;0,00;
14947;10033;1534;1;160,00;0,00;
14948;10034;4657;1;670,00;0,00;
14949;10034;8552;1;240,00;0,00;
14950;10035;7628;1;380,00;0,00;
14951;10037;1542;1;350,00;0,00;
14952;10037;7821;1;280,00;0,00;
14953;10039;7821;1;280,00;0,00;
14955;10040;7953;1;220,00;0,00;
14956;10041;7953;1;250,00;0,00;
14957;10041;7628;1;240,00;0,00;
14958;10042;1542;1;350,00;0,00;
14962;10044;1554;1;290,00;0,00;
14963;10044;8552;1;100,00;0,00;
14964;10045;1552;1;350,00;0,00;
14965;10045;8355;1;450,00;0,00;
14966;10046;1542;1;0,00;0,00;
14967;10046;1542;1;0,00;0,00;
14968;10046;7821;1;150,00;0,00;
14969;10047;1533;1;40,00;0,00;
14970;10048;1542;1;320,00;0,00;
14971;10049;1534;0,5;80,00;0,00;
14974;10051;1534;1;180,00;0,00;
14975;10051;7821;1;290,00;0,00;
14976;10052;1760;1;700,00;0,00;
14977;10053;1770;1;221,00;0,00;
14978;10054;7953;1;250,00;0,00;
14980;10054;8977;1;750,00;0,00;
14981;10055;7953;1;225,00;0,00;
14982;10056;1534;1;160,00;0,00;
14983;10057;7953;1;250,00;0,00;
14984;10057;7628;1;280,00;0,00;
14985;10058;1760;1;450,00;0,00;
14986;10059;3173;1;120,00;0,00;
14987;10060;1542;1;380,00;0,00;
14988;10061;1534;1;140,00;0,00;
14989;10062;1752;1;450,00;0,00;
14990;10064;1542;1;350,00;0,00;
14991;10065;1542;0,5;150,00;0,00;
14993;10067;1411;1;280,00;0,00;
14994;10048;7821;1;280,00;0,00;
14995;10069;7953;1;250,00;0,00;
14996;10069;7821;1;280,00;0,00;
14997;10071;1528;1;180,00;0,00;
14998;10072;7953;1;280,00;0,00;
14999;10073;1534;1;160,00;0,00;
15000;10073;7821;1;280,00;0,00;
15001;10074;1534;1;160,00;0,00;
15002;10074;8552;1;100,00;0,00;
15003;10075;7953;1;250,00;0,00;
15004;10075;7821;1;280,00;0,00;
15009;10072;8355;1;390,00;0,00;
15010;10078;7953;1;250,00;0,00;
15011;10079;8644;1;320,00;0,00;
15012;10080;1542;1;350,00;0,00;
15013;10080;7628;1;280,00;0,00;
15014;10081;8185;1;750,00;0,00;
15015;10081;8602;1;390,00;0,00;
15016;10082;7953;1;260,00;0,00;
15017;10083;1534;1;160,00;0,00;
15019;10085;7821;1;240,00;0,00;
15020;10086;1534;1;160,00;0,00;
15021;10086;8552;1;180,00;0,00;
15022;10086;1349;1;100,00;0,00;
15023;10088;7821;1;230,00;0,00;
15024;10089;8825;1;1.170,00;0,00;
15025;10090;2403;1;280,00;0,00;
15026;10091;8970;1;880,00;0,00;
15027;10092;8312;1;160,00;0,00;
15028;10093;8952;1;25,00;0,00;
15029;10094;4764;1;430,00;0,00;
15030;10095;1554;1;350,00;0,00;
15031;10095;7821;1;280,00;0,00;
15032;10096;1534;1;160,00;0,00;
15033;10097;6292;1;100,00;0,00;
15035;10098;8978;1;2.190,00;0,00;
15036;10099;8552;1;200,00;0,00;
15037;10067;8720;1;450,00;0,00;
15038;10101;1534;1;160,00;0,00;
15039;10101;7821;1;280,00;0,00;
15040;10102;8273;1;610,00;0,00;
15041;10102;8355;1;350,00;0,00;
15042;10104;1534;1;140,00;0,00;
15043;10105;7953;1;250,00;0,00;
15044;10105;8552;1;190,00;0,00;
15045;10107;1349;1;150,00;0,00;
15046;10105;8399;1;450,00;0,00;
15047;10107;8185;1;750,00;0,00;
15049;10108;7821;1;250,00;0,00;
15050;10109;1542;1;350,00;0,00;
15051;10109;7821;1;280,00;0,00;
15052;10110;6292;1;100,00;0,00;
15053;10112;7821;1;280,00;0,00;
15054;10112;7953;1;270,00;0,00;
15055;10113;8774;1;590,00;0,00;
15056;10114;1542;1;290,00;0,00;
15057;10115;7953;1;250,00;0,00;
15058;10116;7821;1;200,00;0,00;
15059;10117;1534;1;160,00;0,00;
15060;10122;1534;1;229,00;0,00;
15062;10122;3281;1;390,00;0,00;
15063;10123;8232;1;890,00;0,00;
15064;10125;8332;1;820,00;0,00;
15065;10125;1534;1;220,00;0,00;
15066;10126;1534;1;140,00;0,00;
15067;10126;6292;1;100,00;0,00;
15068;10127;8185;1;675,00;0,00;
15069;10127;8967;1;725,00;0,00;
15071;10128;8478;1;450,00;0,00;
15073;10128;8979;1;825,00;0,00;
15074;10130;8834;1;390,00;0,00;
15075;10131;8198;1;800,00;0,00;
15076;10132;7628;1;230,00;0,00;
15077;10134;1534;1;160,00;0,00;
15078;10134;6292;1;100,00;0,00;
15079;10135;7953;1;250,00;0,00;
15080;10136;7953;1;225,00;0,00;
15081;10136;8355;1;350,00;0,00;
15082;10137;1534;1;140,00;0,00;
15083;10137;1534;1;140,00;0,00;
15084;10137;7628;1;160,00;0,00;
15085;10138;5627;1;765,00;0,00;
15086;10139;8552;1;190,00;0,00;
15087;10140;1554;1;315,00;0,00;
15090;10142;1542;1;0,00;0,00;
15091;10142;8355;1;200,00;0,00;
15092;10143;1542;1;290,00;0,00;
15093;10143;8552;1;170,00;0,00;
15094;10144;2287;1;50,00;0,00;
15095;10145;1760;1;495,00;0,00;
15096;10145;7821;1;290,00;0,00;
15097;10146;5627;1;470,00;0,00;
15098;10147;1542;1;350,00;0,00;
15099;10148;1534;1;160,00;0,00;
15100;10148;7821;1;280,00;0,00;
15101;10149;1542;1;350,00;0,00;
15102;10149;1326;1;50,00;0,00;
15103;10150;7490;1;280,00;0,00;
15104;10150;1542;1;350,00;0,00;
15105;10151;7953;1;250,00;0,00;
15106;10151;7821;1;280,00;0,00;
15107;10152;1542;1;350,00;0,00;
15108;10153;8636;1;390,00;0,00;
15109;10153;1534;1;160,00;0,00;
15110;10155;1542;1;315,00;0,00;
15111;10155;8552;1;165,00;0,00;
15112;10156;4497;1;100,00;0,00;
15115;10157;8273;1;585,00;0,00;
15117;10157;8552;1;170,00;0,00;
15118;10159;7953;1;250,00;0,00;
15119;10159;7821;1;290,00;0,00;
15121;10160;7821;1;290,00;0,00;
15122;10161;1534;0,5;80,00;0,00;
15123;10162;1542;1;350,00;0,00;
15124;10162;7821;1;290,00;0,00;
15125;10163;1542;1;290,00;0,00;
15126;10163;7821;1;260,00;0,00;
15127;10165;1760;1;490,00;0,00;
15128;10166;8979;1;740,00;0,00;
15129;10166;8355;1;300,00;0,00;
15130;10167;7953;1;225,00;0,00;
15131;10167;8883;1;765,00;0,00;
15132;10168;1534;1;160,00;0,00;
15133;10168;8552;1;190,00;0,00;
15134;10169;1534;1;860,00;0,00;
15135;10169;8552;1;190,00;0,00;
15136;10171;1534;1;160,00;0,00;
15137;10171;6292;1;100,00;0,00;
15138;10173;1534;1;160,00;0,00;
15139;10174;7953;1;220,00;0,00;
15140;10174;7821;1;250,00;0,00;
15141;10165;8552;1;190,00;0,00;
15142;10175;7953;1;220,00;0,00;
15143;10176;1534;1;160,00;0,00;
15144;10176;7821;1;280,00;0,00;
15145;10138;8552;1;190,00;0,00;
15146;10177;8355;1;450,00;0,00;
15147;10177;5521;1;540,00;0,00;
15148;10178;1534;1;160,00;0,00;
15149;10179;7953;1;250,00;0,00;
15150;10179;7821;1;280,00;0,00;
15151;10180;7953;1;225,00;0,00;
15152;10180;8193;1;100,00;0,00;
15153;10181;1534;1;160,00;0,00;
15154;10181;8552;1;190,00;0,00;
15155;10182;1542;1;290,00;0,00;
15156;10182;8355;1;420,00;0,00;
15157;10184;2403;2;680,00;0,00;
15158;10186;1534;1;160,00;0,00;
15161;10188;3468;1;180,00;0,00;
15162;10188;1542;1;350,00;0,00;
15164;10187;8982;1;1.155,00;0,00;
15165;10189;1533;1;160,00;0,00;
15166;10190;1760;1;410,00;0,00;
15167;10190;7628;1;190,00;0,00;
15168;10191;1542;1;350,00;0,00;
15169;10187;8986;1;880,00;0,00;
15170;10192;1534;1;160,00;0,00;
15171;10193;1542;1;375,00;0,00;
15172;10194;1534;1;160,00;0,00;
15173;10194;8552;1;190,00;0,00;
15174;10195;1542;1;315,00;0,00;
15175;10196;7628;1;190,00;0,00;
15176;10197;7953;1;250,00;0,00;
15177;10197;8355;1;450,00;0,00;
15178;10199;7810;1;100,00;0,00;
15179;10200;8102;1;560,00;0,00;
15183;10201;8987;1;890,00;0,00;
15184;10203;1552;1;315,00;0,00;
15185;10204;1534;1;160,00;0,00;
15187;10205;8552;1;260,00;0,00;
15188;10205;7953;1;250,00;0,00;
15189;10206;2287;1;50,00;0,00;
15190;10207;1542;1;290,00;0,00;
15191;10210;7953;1;700,00;0,00;
15192;10210;7821;1;280,00;0,00;
15193;10211;1542;1;300,00;0,00;
15194;10212;7953;1;125,00;0,00;
15195;10213;5627;1;900,00;0,00;
15196;10214;7953;1;220,00;0,00;
15197;10214;7821;1;230,00;0,00;
15198;10216;1534;1;144,00;0,00;
15199;10216;8552;1;171,00;0,00;
15200;10217;1534;1;160,00;0,00;
15201;10217;8552;1;190,00;0,00;
15202;10218;7953;1;250,00;0,00;
15203;10218;7821;1;290,00;0,00;
15204;10220;1534;1;160,00;0,00;
15205;10218;7953;1;250,00;0,00;
15206;10218;7821;1;290,00;0,00;
15207;10222;1534;1;160,00;0,00;
15208;10222;7821;1;240,00;0,00;
15209;10223;7953;1;220,00;0,00;
15210;10223;8552;1;130,00;0,00;
15211;10224;1542;1;350,00;0,00;
15212;10225;7953;1;250,00;0,00;
15213;10226;1534;1;160,00;0,00;
15214;10226;2287;1;25,00;0,00;
15215;10226;8355;1;450,00;0,00;
15216;10227;7953;1;250,00;0,00;
15217;10227;7821;1;290,00;0,00;
15218;10228;1526;1;290,00;0,00;
15219;10229;8294;1;740,00;0,00;
15220;10228;1526;1;290,00;0,00;
15222;10230;8979;1;740,00;0,00;
15223;10231;1534;1;90,00;0,00;
15224;10232;1534;1;160,00;0,00;
15225;10232;8552;1;170,00;0,00;
15226;10233;7953;1;250,00;0,00;
15227;10234;1542;1;350,00;0,00;
15228;10213;6159;1;380,00;0,00;
15229;10235;1534;1;120,00;0,00;
15230;10237;1542;1;350,00;0,00;
15231;10238;7953;1;250,00;0,00;
15232;10239;8988;1;2.800,00;0,00;
15233;10241;1534;1;160,00;0,00;
15234;10241;1534;1;160,00;0,00;
15235;10241;7821;1;280,00;0,00;
15238;10243;1534;1;150,00;0,00;
15239;10243;7821;1;250,00;0,00;
15240;10244;1542;1;350,00;0,00;
15241;10244;7821;1;280,00;0,00;
15242;10250;7972;1;350,00;0,00;
15243;10251;1542;1;305,00;0,00;
15244;10251;7821;1;275,00;0,00;
15246;10252;8989;1;1.300,00;0,00;
15247;10252;7821;1;200,00;0,00;
15248;10253;7953;1;220,00;0,00;
15249;10253;8888;1;710,00;0,00;
15251;10254;8987;1;990,00;0,00;
15252;10254;7821;1;280,00;0,00;
15253;10255;1542;1;350,00;0,00;
15254;10255;8355;1;390,00;0,00;
15255;10256;1542;1;350,00;0,00;
15256;10258;1542;1;300,00;0,00;
15257;10259;7953;1;250,00;0,00;
15258;10259;7821;1;280,00;0,00;
15259;10260;1534;1;140,00;0,00;
15260;10261;1542;1;350,00;0,00;
15261;10261;7821;1;280,00;0,00;
15262;10262;8552;1;190,00;0,00;
15263;10263;2733;1;160,00;0,00;
15265;10263;8720;1;250,00;0,00;
15266;10266;1671;1;150,00;0,00;
15267;10268;2733;1;125,00;0,00;
15268;10268;1760;1;325,00;0,00;
15269;10269;1371;1;150,00;0,00;
15270;10270;1534;1;140,00;0,00;
15271;10270;2733;1;125,00;0,00;
15272;10271;3468;1;100,00;0,00;
15274;10271;1534;1;100,00;0,00;
15275;10273;1534;1;130,00;0,00;
15276;10275;7953;1;260,00;0,00;
15277;10275;7878;1;190,00;0,00;
15278;10276;2848;1;500,00;0,00;
15279;10277;7719;1;230,00;0,00;
15280;10278;1760;1;690,00;0,00;
15281;10279;1760;1;680,00;0,00;
15282;10279;8879;1;920,00;0,00;
15283;10084;7878;1;170,00;0,00;
15284;10280;1760;1;400,00;0,00;
15285;10280;8355;1;350,00;0,00;
15286;10281;8457;1;590,00;0,00;
15287;10281;5627;1;850,00;0,00;
15288;10282;1760;1;530,00;0,00;
15289;10283;7878;1;150,00;0,00;
15290;10283;7953;1;250,00;0,00;
15291;10284;1534;1;160,00;0,00;
15292;10284;3468;1;150,00;0,00;
15293;10285;7485;1;280,00;0,00;
15294;10285;1542;1;320,00;0,00;
15295;10286;7759;1;260,00;0,00;
15296;10286;7953;1;260,00;0,00;
15297;10287;8720;1;250,00;0,00;
15298;10288;7743;1;280,00;0,00;
15299;10288;7578;1;430,00;0,00;
15300;10289;1552;1;270,00;0,00;
15301;10290;7953;1;200,00;0,00;
15302;10290;7485;1;250,00;0,00;
15303;10292;1721;1;890,00;0,00;
15304;10293;1349;1;210,00;0,00;
15305;10293;8987;1;960,00;0,00;
15306;10294;1542;1;260,00;0,00;
15307;10294;2733;1;169,00;0,00;
15308;10295;1349;1;210,00;0,00;
15309;10296;7878;1;180,00;0,00;
15310;10296;1534;1;160,00;0,00;
15311;10299;7953;1;270,00;0,00;
15312;10300;1542;1;290,00;0,00;
15314;10301;7953;1;220,00;0,00;
15315;10302;5627;1;1.200,00;0,00;
15316;10302;7485;1;280,00;0,00;
15317;10303;1534;1;160,00;0,00;
15318;10304;7953;1;260,00;0,00;
15319;10304;7485;1;280,00;0,00;
15320;10305;7406;1;260,00;0,00;
15321;10306;1534;1;180,00;0,00;
15322;10307;5135;1;120,00;0,00;
15323;10308;1534;1;160,00;0,00;
15324;10309;7672;1;280,00;0,00;
15325;10309;1760;1;450,00;0,00;
15326;10310;7013;1;1.200,00;0,00;
15327;10311;3978;1;250,00;0,00;
15328;10311;5609;1;750,00;0,00;
15330;10312;1542;1;350,00;0,00;
15331;10312;8552;1;150,00;0,00;
15332;10313;1534;1;160,00;0,00;
15333;10313;1534;1;160,00;0,00;
15334;10313;7821;1;350,00;0,00;
15335;10313;7821;1;280,00;0,00;
15336;10313;7810;1;180,00;0,00;
15337;10314;1542;1;350,00;0,00;
15338;10314;8355;1;400,00;0,00;
15339;10315;7953;1;250,00;0,00;
15340;10316;7972;1;290,00;0,00;
15341;10317;7953;1;226,00;0,00;
15342;10317;8830;1;800,00;0,00;
15343;10318;8552;1;260,00;0,00;
15345;10319;7953;1;250,00;0,00;
15346;10320;1534;1;112,00;0,00;
15347;10321;7953;1;250,00;0,00;
15348;10321;8990;1;690,00;0,00;
15349;10322;7953;1;250,00;0,00;
15354;10323;7511;1;280,00;0,00;
15355;10323;1554;1;290,00;0,00;
15357;10325;1542;1;300,00;0,00;
15358;10326;2403;1;280,00;0,00;
15359;10327;7821;1;290,00;0,00;
15360;10328;1534;1;120,00;0,00;
15361;10328;7821;1;170,00;0,00;
15362;10330;7821;1;260,00;0,00;
15363;10332;9014;1;620,00;0,00;
15365;10333;1542;1;350,00;0,00;
15366;10333;8552;1;190,00;0,00;
15367;10332;7953;1;220,00;0,00;
15368;10334;6292;1;90,00;0,00;
15369;10335;8552;1;170,00;0,00;
15370;10337;1534;1;160,00;0,00;
15371;10338;1554;1;320,00;0,00;
15372;10338;8552;1;130,00;0,00;
15373;10339;8979;1;825,00;0,00;
15374;10341;1534;1;150,00;0,00;
15375;10341;8193;1;150,00;0,00;
15376;10342;8552;1;190,00;0,00;
15377;10322;8991;1;1.620,00;0,00;
15378;10322;8991;1;1.620,00;0,00;
15380;10322;7628;1;280,00;0,00;
15381;10343;7832;1;450,00;0,00;
15382;10343;7821;1;210,00;0,00;
15383;10344;7821;1;260,00;0,00;
15384;10345;1534;1;120,00;0,00;
15385;10345;7821;1;240,00;0,00;
15386;10346;6292;1;100,00;0,00;
15387;10347;7953;1;250,00;0,00;
15388;10348;8552;1;190,00;0,00;
15389;10349;7821;1;280,00;0,00;
15391;10350;8355;1;390,00;0,00;
15392;10350;8300;1;1.110,00;0,00;
15395;10352;1534;1;160,00;0,00;
15396;10352;8355;1;335,00;0,00;
15397;10353;7953;1;250,00;0,00;
15398;10353;7821;1;200,00;0,00;
15399;10354;2403;1;250,00;0,00;
15400;10354;1534;1;140,00;0,00;
15401;10361;1534;0,5;90,00;0,00;
15402;10322;8757;1;590,00;0,00;
15403;10362;6292;1;90,00;0,00;
15404;10362;1534;1;140,00;0,00;
15405;10364;7953;1;250,00;0,00;
15406;10364;7821;1;290,00;0,00;
15407;10365;7953;1;250,00;0,00;
15410;10365;9038;1;560,00;0,00;
15411;10366;7810;1;150,00;0,00;
15412;10367;1528;1;180,00;0,00;
15413;10368;9026;1;500,00;0,00;
15414;10369;8355;1;390,00;0,00;
15415;10370;7953;1;280,00;0,00;
15416;10371;1542;1;350,00;0,00;
15417;10372;1534;1;160,00;0,00;
15418;10372;8552;1;100,00;0,00;
15419;10373;7953;1;250,00;0,00;
15420;10374;1534;1;160,00;0,00;
15423;10375;9051;1;1.300,00;0,00;
15424;10375;8760;1;590,00;0,00;
15425;10376;8593;1;750,00;0,00;
15426;10377;1534;1;160,00;0,00;
15427;10377;8552;1;190,00;0,00;
15428;10378;7821;1;240,00;0,00;
15429;10379;8102;1;650,00;0,00;
15430;10379;9019;1;590,00;0,00;
15431;10379;1534;1;160,00;0,00;
15432;10379;8552;1;190,00;0,00;
15433;10381;8552;1;190,00;0,00;
15434;10383;7953;1;250,00;0,00;
15435;10383;8515;1;690,00;0,00;
15436;10384;1748;1;100,00;0,00;
15437;10385;7987;1;650,00;0,00;
15438;10385;7821;1;280,00;0,00;
15439;10386;7810;1;150,00;0,00;
15440;10387;1542;1;315,00;0,00;
15441;10387;8552;1;175,00;0,00;
15442;10388;1542;1;350,00;0,00;
15443;10388;8355;1;350,00;0,00;
15444;10389;1542;1;290,00;0,00;
15445;10390;1534;1;160,00;0,00;
15446;10392;1534;1;160,00;0,00;
15447;10392;9009;1;650,00;0,00;
15448;10393;7953;1;250,00;0,00;
15449;10394;1760;1;490,00;0,00;
15450;10394;9023;1;650,00;0,00;
15451;10395;4063;1;50,00;0,00;
15452;10396;7953;1;70,00;0,00;
15453;10399;1534;1;160,00;0,00;
15454;10400;1542;1;260,00;0,00;
15458;10401;1534;1;160,00;0,00;
15459;10401;7821;1;280,00;0,00;
15460;10404;1542;1;350,00;0,00;
15461;10404;8552;1;180,00;0,00;
15462;10405;7821;1;280,00;0,00;
15463;10406;7821;1;280,00;0,00;
15464;10408;7953;1;220,00;0,00;
15465;10408;8552;1;130,00;0,00;
15466;10409;1554;1;350,00;0,00;
15467;10409;1349;1;190,00;0,00;
15468;10410;7821;1;243,00;0,00;
15470;10410;9052;1;1.692,00;0,00;
15471;10411;8185;1;670,00;0,00;
15472;10411;7821;1;230,00;0,00;
15473;10412;7821;1;260,00;0,00;
15474;10414;1534;1;100,00;0,00;
15475;10414;7485;1;260,00;0,00;
15476;10415;8355;1;-350,00;0,00;
15478;10415;9053;1;585,00;0,00;
15479;10415;1760;1;200,00;0,00;
15480;10416;8273;1;580,00;0,00;
15481;10416;7628;1;170,00;0,00;
15482;10417;1542;1;350,00;0,00;
15483;10417;7821;1;280,00;0,00;
15484;10418;8979;1;825,00;0,00;
15485;10418;7821;1;280,00;0,00;
15486;10419;7953;1;220,00;0,00;
15487;10420;1760;1;550,00;0,00;
15489;10421;8987;1;990,00;0,00;
15491;10421;8518;1;650,00;0,00;
15492;10422;6292;1;70,00;0,00;
15493;10423;1304;1;100,00;0,00;
15494;10424;1542;1;450,00;0,00;
15495;10425;1668;1;380,00;0,00;
15496;10425;7726;1;220,00;0,00;
15497;10426;7628;1;190,00;0,00;
15498;10426;8668;1;99,00;0,00;
15499;10427;8552;1;160,00;0,00;
15500;10428;1534;1;160,00;0,00;
15501;10428;7163;1;290,00;0,00;
15502;10429;1534;1;160,00;0,00;
15504;10429;7164;1;290,00;0,00;
15505;10431;1534;1;160,00;0,00;
15506;10431;8456;1;320,00;0,00;
15507;10432;1542;1;350,00;0,00;
15508;10433;7821;1;250,00;0,00;
15509;10434;6292;1;90,00;0,00;
15510;10435;7953;1;250,00;0,00;
15512;10435;7821;1;280,00;0,00;
15513;10437;9054;1;1.600,00;0,00;
15514;10438;6292;1;100,00;0,00;
15515;10438;1534;1;160,00;0,00;
15517;10439;7953;1;260,00;0,00;
15518;10440;7821;1;280,00;0,00;
15519;10441;7628;1;200,00;0,00;
15520;10442;1542;1;290,00;0,00;
15521;10444;7972;2;560,00;0,00;
15522;10445;1534;1;160,00;0,00;
15523;10445;7821;1;280,00;0,00;
15524;10447;7821;1;260,00;0,00;
15525;10447;9055;1;1.490,00;0,00;
15526;10448;8552;1;190,00;0,00;
15527;10449;8355;1;390,00;0,00;
15528;10449;1534;1;160,00;0,00;
15529;10450;1303;1;50,00;0,00;
15530;10451;7821;1;140,00;0,00;
15531;10452;8185;1;675,00;0,00;
15532;10453;7483;1;250,00;0,00;
15533;10452;7821;1;243,00;0,00;
15535;10453;7987;1;550,00;0,00;
15536;10454;6292;1;100,00;0,00;
15538;10455;8552;1;190,00;0,00;
15539;10455;7953;1;250,00;0,00;
15540;10370;8355;1;450,00;0,00;
15541;10456;1534;1;144,00;0,00;
15542;10456;8765;1;531,00;0,00;
15543;10457;3970;1;199,00;0,00;
15544;10458;1760;1;710,00;0,00;
15545;10458;8355;1;390,00;0,00;
15546;10459;7628;1;190,00;0,00;
15547;10460;7953;1;250,00;0,00;
15548;10460;7821;1;280,00;0,00;
15549;10461;8552;1;100,00;0,00;
15550;10462;7953;1;250,00;0,00;
15552;10462;9056;1;980,00;0,00;
15553;10463;6299;1;50,00;0,00;
15554;10464;7151;1;320,00;0,00;
15555;10466;7987;1;550,00;0,00;
15556;10466;7821;1;280,00;0,00;
15557;10466;1554;1;290,00;0,00;
15558;10466;8552;1;100,00;0,00;
15559;10467;1542;1;290,00;0,00;
15560;10467;8552;1;190,00;0,00;
15562;10469;7821;1;250,00;0,00;
15563;10469;8921;1;3.000,00;0,00;
15564;10470;1371;1;100,00;0,00;
15565;10470;1554;1;300,00;0,00;
15566;10471;8552;1;170,00;0,00;
15567;10472;1554;1;350,00;0,00;
15568;10472;8552;1;190,00;0,00;
15569;10473;7953;1;250,00;0,00;
15570;10474;8355;1;290,00;0,00;
15571;10474;8998;1;650,00;0,00;
15572;10475;7953;1;250,00;0,00;
15574;10477;9042;1;750,00;0,00;
15575;10478;1542;1;350,00;0,00;
15576;10478;1542;1;350,00;0,00;
15578;10478;8676;1;570,00;0,00;
15579;10478;7821;1;350,00;0,00;
15580;10480;1534;1;160,00;0,00;
15581;10480;7832;1;;0,00;
15582;10481;1534;1;160,00;0,00;
15585;10482;8183;1;875,00;0,00;
15587;10482;7821;1;290,00;0,00;
15588;10483;5078;1;860,00;0,00;
15589;10484;1542;1;450,00;0,00;
15590;10484;7821;1;290,00;0,00;
15591;10485;1534;1;160,00;0,00;
15592;10485;7821;1;280,00;0,00;
15593;10487;1542;0,5;180,00;0,00;
15594;10487;7821;1;280,00;0,00;
15595;10488;7821;1;260,00;0,00;
15596;10489;8921;1;3.000,00;0,00;
15597;10490;7821;1;260,00;0,00;
15598;10491;6292;1;140,00;0,00;
15599;10492;1534;1;160,00;0,00;
15600;10492;7821;1;280,00;0,00;
15601;10493;1542;1;400,00;0,00;
15602;10496;7953;1;230,00;0,00;
15603;10496;9020;1;530,00;0,00;
15604;10497;5135;1;160,00;0,00;
15606;10499;1534;0,5;80,00;0,00;
15607;10500;1552;1;350,00;0,00;
15608;10503;1542;1;350,00;0,00;
15609;10503;8552;1;190,00;0,00;
15610;10504;1542;1;400,00;0,00;
15611;10504;7821;1;280,00;0,00;
15612;10505;7953;1;350,00;0,00;
15613;10505;8355;1;390,00;0,00;
15614;10506;7821;1;260,00;0,00;
15615;10507;4497;1;150,00;0,00;
15617;10510;1542;1;320,00;0,00;
15618;10510;8552;1;160,00;0,00;
15619;10511;7953;1;220,00;0,00;
15620;10512;8232;1;890,00;0,00;
15621;10512;8889;1;750,00;0,00;
15622;10513;7953;1;280,00;0,00;
15623;10515;7821;1;180,00;0,00;
15624;10516;1534;1;160,00;0,00;
15625;10517;8355;1;380,00;0,00;
15626;10517;1534;1;160,00;0,00;
15630;10518;7628;1;260,00;0,00;
15631;10518;9057;1;900,00;0,00;
15632;10519;7821;1;280,00;0,00;
15633;10520;5627;1;550,00;0,00;
15635;10521;9058;1;2.620,00;0,00;
15636;10523;1760;1;625,00;0,00;
15637;10523;8552;1;170,00;0,00;
15638;10524;1554;1;350,00;0,00;
15639;10524;7821;1;280,00;0,00;
15640;10526;8552;1;160,00;0,00;
15641;10527;1534;1;160,00;0,00;
15642;10527;8995;1;590,00;0,00;
15643;10528;1542;1;300,00;0,00;
15644;10529;1534;1;160,00;0,00;
15645;10529;7821;1;280,00;0,00;
15646;10530;7726;1;280,00;0,00;
15647;10530;1542;1;350,00;0,00;
15648;10531;1534;1;160,00;0,00;
15649;10531;9059;1;590,00;0,00;
15650;10532;9000;1;570,00;0,00;
15651;10533;7953;1;225,00;0,00;
15653;10533;9064;1;875,00;0,00;
15654;10535;7953;1;250,00;0,00;
15655;10538;1554;1;270,00;0,00;
15656;10538;7821;1;200,00;0,00;
15657;10539;8465;1;300,00;0,00;
15659;10540;8987;1;990,00;0,00;
15660;10541;1760;1;675,00;0,00;
15662;10543;8452;1;500,00;0,00;
15664;10542;8678;1;1.845,00;0,00;
15665;10542;7821;1;290,00;0,00;
15666;10544;1542;1;310,00;0,00;
15667;10544;7821;1;260,00;0,00;
15668;10545;9065;1;1.450,00;0,00;
15669;10545;7821;1;206,00;0,00;
15670;10546;1542;1;350,00;0,00;
15671;10546;1534;1;160,00;0,00;
15672;10546;8573;1;280,00;0,00;
15673;10548;1534;1;140,00;0,00;
15674;10548;7821;1;250,00;0,00;
15675;10549;1769;1;891,00;0,00;
15676;10549;9005;1;675,00;0,00;
15677;10550;1552;1;290,00;0,00;
15678;10550;6292;1;100,00;0,00;
15679;10553;1552;1;350,00;0,00;
15680;10554;8273;1;650,00;0,00;
15681;10555;7821;1;260,00;0,00;
15682;10556;1542;1;350,00;0,00;
15683;10557;1542;1;350,00;0,00;
15684;10557;8904;1;690,00;0,00;
15685;10558;1534;1;130,00;0,00;
15686;10559;1542;1;300,00;0,00;
15690;10561;7821;1;280,00;0,00;
15691;10561;1760;1;490,00;0,00;
15692;10562;9032;1;531,00;0,00;
15693;10562;1554;1;315,00;0,00;
15694;10563;7953;1;250,00;0,00;
15695;10563;7810;1;220,00;0,00;
15696;10563;7821;1;280,00;0,00;
15697;10564;1542;1;310,00;0,00;
15698;10564;1542;1;310,00;0,00;
15699;10565;7953;1;370,00;0,00;
15700;10565;8552;1;160,00;0,00;
15701;10566;7953;1;250,00;0,00;
15702;10567;8326;1;100,00;0,00;
15703;10567;6292;1;100,00;0,00;
15704;10568;7953;1;250,00;0,00;
15705;10568;9042;1;750,00;0,00;
15706;10569;1534;130;130,00;0,00;
15707;10569;5832;1;70,00;0,00;
15708;10570;1552;1;300,00;0,00;
15709;10571;1542;1;380,00;0,00;
15710;10571;1542;1;450,00;0,00;
15711;10571;7972;1;290,00;0,00;
15712;10572;1534;1;160,00;0,00;
15713;10573;1426;1;140,00;0,00;
15714;10575;7628;1;240,00;0,00;
15715;10564;7821;1;260,00;0,00;
15716;10576;7953;1;250,00;0,00;
15717;10578;7953;1;250,00;0,00;
15718;10579;5627;1;680,00;0,00;
15719;10579;7821;1;247,00;0,00;
15720;10581;9006;1;670,00;0,00;
15721;10581;7953;1;230,00;0,00;
15722;10581;4033;1;480,00;0,00;
15723;10583;1542;1;320,00;0,00;
15724;10583;8355;1;330,00;0,00;
15725;10584;1542;1;350,00;0,00;
15727;10588;9066;1;1.200,00;0,00;
15728;10588;8552;1;260,00;0,00;
15729;10589;7821;1;210,00;0,00;
15730;10591;1542;1;350,00;0,00;
15731;10591;6292;1;140,00;0,00;
15732;10592;7151;1;390,00;0,00;
15733;10593;7821;1;290,00;0,00;
15734;10594;8232;1;540,00;0,00;
15735;10594;8838;1;980,00;0,00;
15736;10595;7821;1;280,00;0,00;
15737;10597;1542;1;315,00;0,00;
15738;10599;7628;1;190,00;0,00;
15739;10600;1542;1;350,00;0,00;
15740;10601;8193;1;160,00;0,00;
15741;10602;8552;1;170,00;0,00;
15742;10603;1542;1;350,00;0,00;
15743;10603;7821;1;280,00;0,00;
15744;10604;1721;1;850,00;0,00;
15745;10605;1534;1;160,00;0,00;
15746;10605;7821;1;280,00;0,00;
15747;10606;2287;1;30,00;0,00;
15748;10607;4657;1;670,00;0,00;
15749;10607;8631;1;330,00;0,00;
15750;10609;5463;1;850,00;0,00;
15751;10610;9067;1;1.540,00;0,00;
15752;10610;7628;1;280,00;0,00;
15753;10611;2539;1;160,00;0,00;
15754;10614;8552;1;260,00;0,00;
15755;10616;8382;1;700,00;0,00;
15757;10618;9068;1;2.175,00;0,00;
15758;10618;7821;1;280,00;0,00;
15759;10619;1534;1;160,00;0,00;
15760;10619;8552;1;180,00;0,00;
15761;10620;7953;1;250,00;0,00;
15762;10621;1761;1;690,00;0,00;
15763;10621;9024;1;690,00;0,00;
15764;10624;8065;1;380,00;0,00;
15766;10625;9070;1;880,00;0,00;
15767;10626;7953;1;250,00;0,00;
15768;10626;9061;1;590,00;0,00;
15769;10626;8668;1;50,00;0,00;
15770;10626;7810;1;180,00;0,00;
15771;10627;1761;1;690,00;0,00;
15772;10627;7821;1;280,00;0,00;
15773;10628;2403;1;380,00;0,00;
15774;10629;1760;1;845,00;0,00;
15775;10629;8355;1;550,00;0,00;
15776;10630;8679;1;1.680,00;0,00;
15777;10631;4657;1;744,00;0,00;
15778;10631;9061;1;650,00;0,00;
15779;10631;5627;1;790,00;0,00;
15780;10632;5627;1;790,00;0,00;
15781;10632;9030;1;650,00;0,00;
15782;10633;1542;1;350,00;0,00;
15783;10633;8355;1;550,00;0,00;
15784;10634;7953;1;250,00;0,00;
15785;10634;7821;1;280,00;0,00;
15786;10635;1534;1;160,00;0,00;
15787;10636;1542;1;196,00;0,00;
15788;10637;1534;1;160,00;0,00;
15789;10638;1534;1;160,00;0,00;
15790;10638;8552;1;260,00;0,00;
15791;10640;7827;1;680,00;0,00;
15792;10640;7821;1;280,00;0,00;
15793;10641;1542;1;340,00;0,00;
15794;10641;8552;1;260,00;0,00;
15795;10642;1534;1;140,00;0,00;
15796;10642;1341;1;100,00;0,00;
15797;10643;7953;1;240,00;0,00;
15798;10644;8615;1;390,00;0,00;
15799;10645;1534;1;160,00;0,00;
15800;10645;7114;1;260,00;0,00;
15801;10646;8355;1;550,00;0,00;
15802;10651;1542;1;350,00;0,00;
15803;10652;7821;1;180,00;0,00;
15804;10654;7953;1;250,00;0,00;
15805;10655;1542;1;350,00;0,00;
15806;10656;1534;0,5;80,00;0,00;
15807;10657;8987;1;990,00;0,00;
15808;10657;8552;1;280,00;0,00;
15809;10658;7953;1;200,00;0,00;
15810;10658;8355;1;300,00;0,00;
15811;10659;8552;1;180,00;0,00;
15812;10660;7628;1;190,00;0,00;
15813;10661;1534;1;160,00;0,00;
15814;10661;8552;1;220,00;0,00;
15815;10662;1542;1;350,00;0,00;
15818;10662;9071;1;1.490,00;0,00;
15819;10663;1542;1;350,00;0,00;
15820;10665;1542;1;350,00;0,00;
15821;10665;8355;1;490,00;0,00;
15822;10666;9057;1;894,00;0,00;
15823;10666;8552;1;190,00;0,00;
15824;10667;1534;1;160,00;0,00;
15825;10667;7821;1;290,00;0,00;
15826;10668;8829;1;500,00;0,00;
15827;10669;1534;1;190,00;0,00;
15829;10669;6292;1;100,00;0,00;
15830;10670;7972;1;260,00;0,00;
15831;10670;7628;1;199,00;0,00;
15832;10671;1327;1;80,00;0,00;
15833;10672;8232;1;1.400,00;0,00;
15834;10672;8355;1;290,00;0,00;
15835;10674;7966;1;860,00;0,00;
15836;10674;8573;1;280,00;0,00;
15837;10675;7987;0,5;325,00;0,00;
15838;10676;1534;1;150,00;0,00;
15840;10677;8511;1;300,00;0,00;
15841;10678;7953;1;250,00;0,00;
15842;10678;8552;1;190,00;0,00;
15843;10679;7810;0,5;70,00;0,00;
15844;10680;1542;1;350,00;0,00;
15845;10681;5521;1;340,00;0,00;
15846;10682;6292;1;100,00;0,00;
15847;10683;5832;1;190,00;0,00;
15848;10685;7953;1;250,00;0,00;
15849;10685;7821;1;260,00;0,00;
15850;10686;1554;1;350,00;0,00;
15851;10687;1552;1;350,00;0,00;
15852;10687;8552;1;250,00;0,00;
15853;10688;8552;1;150,00;0,00;
15854;10689;7628;1;290,00;0,00;
15855;10690;1540;2;80,00;0,00;
15856;10691;1554;1;350,00;0,00;
15857;10692;8552;1;150,00;0,00;
15858;10693;1534;1;160,00;0,00;
15859;10693;8552;1;170,00;0,00;
15860;9788;7953;1;0,00;0,00;
15861;9788;8355;1;270,00;0,00;
15862;10694;9001;1;690,00;0,00;
15863;10695;8611;1;340,00;0,00;
15864;10696;1554;1;350,00;0,00;
15865;10697;1534;1;160,00;0,00;
15867;10701;9002;1;690,00;0,00;
15868;10702;7810;1;120,00;0,00;
15869;10703;1721;0,5;300,00;0,00;
15870;10706;8552;1;100,00;0,00;
15871;10709;1534;1;150,00;0,00;
15872;10709;3448;1;150,00;0,00;
15874;10710;7821;1;250,00;0,00;
15877;10710;9073;1;1.940,00;0,00;
15879;10712;1534;1;100,00;0,00;
15880;10713;7953;1;280,00;0,00;
15881;10714;7821;1;250,00;0,00;
15882;10715;7953;1;250,00;0,00;
15883;10716;7953;1;90,00;0,00;
15885;10717;9074;1;650,00;0,00;
15886;10719;7821;1;250,00;0,00;
15887;10720;8552;1;190,00;0,00;
15888;10722;6292;1;100,00;0,00;
15889;10723;7953;0,5;125,00;0,00;
15890;10724;7953;1;230,00;0,00;
15891;10724;8355;1;350,00;0,00;
15892;10725;8552;1;190,00;0,00;
15893;10726;7953;1;250,00;0,00;
15894;10726;7821;1;280,00;0,00;
15895;10727;8552;1;170,00;0,00;
15896;10728;7972;1;280,00;0,00;
15898;10729;7953;1;250,00;0,00;
15899;10730;1542;1;690,00;0,00;
15900;10730;1542;1;380,00;0,00;
15901;10730;5940;1;480,00;0,00;
15902;10731;7953;1;220,00;0,00;
15903;10731;8552;1;200,00;0,00;
15904;10734;1534;1;160,00;0,00;
15905;10734;8552;1;220,00;0,00;
15906;10735;8552;1;190,00;0,00;
15907;10736;7821;1;250,00;0,00;
15908;10738;1542;1;350,00;0,00;
15909;10738;8355;1;450,00;0,00;
15910;10739;1542;1;300,00;0,00;
15911;10740;1349;1;190,00;0,00;
15912;10741;8478;1;390,00;0,00;
15913;10742;7953;1;200,00;0,00;
15914;10743;1542;1;290,00;0,00;
15915;10743;6292;1;90,00;0,00;
15916;10744;8552;1;150,00;0,00;
15917;10745;7821;1;190,00;0,00;
15919;10748;5832;1;300,00;0,00;
15920;10748;9076;1;2.500,00;0,00;
15923;10750;1405;1;190,00;0,00;
15924;10750;1533;1;160,00;0,00;
15925;10753;8355;1;350,00;0,00;
15926;10754;5627;1;790,00;0,00;
15927;10754;7628;1;190,00;0,00;
15928;10755;2287;1;127,00;0,00;
15929;10756;7810;1;150,00;0,00;
15930;10758;7628;1;260,00;0,00;
15931;10758;8806;1;250,00;0,00;
15933;10759;9077;1;1.395,00;0,00;
15934;10760;5627;1;900,00;0,00;
15935;10761;8102;1;690,00;0,00;
15936;10761;7821;1;280,00;0,00;
15937;10762;7821;1;200,00;0,00;
15938;10763;7972;1;350,00;0,00;
15942;10764;7972;1;350,00;0,00;
15943;10765;1341;1;130,00;0,00;
15944;10766;1542;1;690,00;0,00;
15945;10766;8355;1;480,00;0,00;
15946;10767;1542;1;350,00;0,00;
15947;10767;8552;1;120,00;0,00;
15948;10768;1554;1;350,00;0,00;
15949;10768;4437;1;100,00;0,00;
15950;10769;1554;1;350,00;0,00;
15951;10769;8552;1;250,00;0,00;
15954;10771;8552;1;170,00;0,00;
15955;10773;2287;1;50,00;0,00;
15956;10774;1542;1;290,00;0,00;
15957;10774;6292;1;100,00;0,00;
15958;10775;1528;3;360,00;0,00;
15960;10777;7821;1;280,00;0,00;
15961;10778;3062;1;240,00;0,00;
15962;10779;8989;1;1.600,00;0,00;
15963;10779;8552;1;220,00;0,00;
15964;10780;5472;1;100,00;0,00;
15965;10770;7810;4;760,00;0,00;
15966;10781;7821;1;280,00;0,00;
15967;10783;4497;1;150,00;0,00;
15968;10784;1542;0,5;175,00;0,00;
15969;10785;8367;1;590,00;0,00;
15970;10785;8355;-1;-450,00;0,00;
15971;10786;1526;1;298,00;0,00;
15972;10786;5134;1;298,00;0,00;
15973;10787;8552;1;190,00;0,00;
15974;10788;1542;1;350,00;0,00;
15975;10788;8552;1;190,00;0,00;
15976;10789;7821;1;280,00;0,00;
15977;10790;6292;1;100,00;0,00;
15978;10791;1542;1;300,00;0,00;
15979;10792;1542;1;300,00;0,00;
15980;10792;5530;1;400,00;0,00;
15981;10793;8273;1;750,00;0,00;
15982;10793;8355;1;450,00;0,00;
15984;10795;5472;1;100,00;0,00;
15985;10796;1321;1;100,00;0,00;
15986;10797;1534;1;350,00;0,00;
15987;10797;8355;1;450,00;0,00;
15988;10799;1534;1;140,00;0,00;
15989;10799;7821;1;250,00;0,00;
15990;10801;2403;1;240,00;0,00;
15991;10802;1542;1;350,00;0,00;
15993;10802;9078;1;690,00;0,00;
15994;10803;1542;1;350,00;0,00;
15995;10803;8552;1;220,00;0,00;
15996;10804;8307;1;1.400,00;0,00;
15997;10804;7821;1;280,00;0,00;
15998;10805;1760;1;650,00;0,00;
15999;10806;7810;1;150,00;0,00;
16000;10807;7821;1;260,00;0,00;
16001;10809;1534;1;160,00;0,00;
16002;10810;3062;1;170,00;0,00;
16004;10811;8552;1;250,00;0,00;
16005;10811;1542;1;350,00;0,00;
16006;10812;8552;1;100,00;0,00;
16007;10812;1554;1;300,00;0,00;
16008;10813;8355;1;450,00;0,00;
16009;10814;1542;1;320,00;0,00;
16010;10814;8552;1;160,00;0,00;
16012;10815;9081;1;2.590,00;0,00;
16013;10817;1542;1;350,00;0,00;
16014;10817;1372;1;260,00;0,00;
16015;10818;1534;1;160,00;0,00;
16016;10818;7821;1;260,00;0,00;
16017;10806;8681;1;840,00;0,00;
16018;10819;8552;1;200,00;0,00;
16019;10820;7821;1;180,00;0,00;
16021;10821;9016;1;650,00;0,00;
16023;10821;9111;1;3.000,00;0,00;
16024;10822;1542;1;350,00;0,00;
16025;10822;8355;1;450,00;0,00;
16026;10823;1721;1;680,00;0,00;
16027;10824;1528;1;298,00;0,00;
16028;10825;1528;1;160,00;0,00;
16029;10826;1534;1;160,00;0,00;
16030;10826;8552;1;190,00;0,00;
16031;10828;2403;1;280,00;0,00;
16032;10828;2403;1;280,00;0,00;
16033;10829;1534;1;112,00;0,00;
16034;10831;1542;1;350,00;0,00;
16035;10832;1542;1;350,00;0,00;
16038;10832;8212;1;390,00;0,00;
16039;10833;8300;1;980,00;0,00;
16040;10833;9062;1;590,00;0,00;
16041;10834;8552;1;190,00;0,00;
16042;10835;7953;1;250,00;0,00;
16043;10836;8401;1;360,00;0,00;
16044;10838;7953;1;220,00;0,00;
16045;10838;7821;1;260,00;0,00;
16046;10839;7628;1;290,00;0,00;
16048;10840;8499;1;290,00;0,00;
16049;10840;1770;1;290,00;0,00;
16051;10841;8552;1;190,00;0,00;
16052;10831;7080;1;160,00;0,00;
16053;10842;7953;1;220,00;0,00;
16054;10842;9097;1;630,00;0,00;
16056;10843;9118;1;1.298,00;0,00;
16057;10844;1370;1;100,00;0,00;
16058;10845;1542;1;350,00;0,00;
16059;10845;9093;1;650,00;0,00;
16060;10846;1534;1;160,00;0,00;
16061;10848;1534;1;140,00;0,00;
16062;10849;7987;1;550,00;0,00;
16063;10849;7628;1;190,00;0,00;
16064;10850;7821;1;280,00;0,00;
16065;10851;1542;1;245,00;0,00;
16066;10851;7821;1;195,00;0,00;
16067;10852;1554;1;300,00;0,00;
16068;10853;7821;1;280,00;0,00;
16069;10854;1542;1;300,00;0,00;
16070;10854;7628;1;200,00;0,00;
16071;10855;1534;1;160,00;0,00;
16072;10856;8355;1;450,00;0,00;
16073;10857;5521;1;570,00;0,00;
16075;10858;7821;1;280,00;0,00;
16076;10858;9120;1;1.900,00;0,00;
16077;10859;1542;1;340,00;0,00;
16078;10859;3066;1;260,00;0,00;
16079;10860;1534;1;160,00;0,00;
16080;10861;7953;1;250,00;0,00;
16081;10861;8552;1;190,00;0,00;
16082;10864;7953;1;250,00;0,00;
16083;10864;8552;1;190,00;0,00;
16084;10870;8987;1;940,00;0,00;
16085;10870;1542;1;280,00;0,00;
16086;10870;8552;1;190,00;0,00;
16087;10870;8552;1;190,00;0,00;
16088;10871;7953;1;250,00;0,00;
16090;10872;7953;1;250,00;0,00;
16091;10872;7821;1;290,00;0,00;
16092;10873;8355;1;190,00;0,00;
16093;10873;7821;1;140,00;0,00;
16095;10874;7628;1;280,00;0,00;
16096;10874;9121;1;1.845,00;0,00;
16097;10875;7628;1;199,00;0,00;
16098;10877;8185;1;650,00;0,00;
16099;10877;8355;1;390,00;0,00;
16100;10878;7821;1;190,00;0,00;
16101;10879;9075;1;600,00;0,00;
16102;10880;9066;1;990,00;0,00;
16103;10880;7821;1;260,00;0,00;
16104;10881;1534;1;160,00;0,00;
16105;10881;7987;1;490,00;0,00;
16106;10882;7953;1;240,00;0,00;
16107;10882;7821;1;260,00;0,00;
16108;10883;8552;1;100,00;0,00;
16109;10884;7953;1;250,00;0,00;
16110;10884;8552;1;220,00;0,00;
16111;10886;8720;1;450,00;0,00;
16112;10886;7821;1;50,00;0,00;
16113;10887;5627;1;850,00;0,00;
16114;10889;1542;1;315,00;0,00;
16115;10889;8782;1;515,00;0,00;
16116;10890;1552;1;350,00;0,00;
16117;10890;7821;1;280,00;0,00;
16118;10891;7953;1;250,00;0,00;
16119;10891;8552;1;190,00;0,00;
16120;10892;1542;1;300,00;0,00;
16121;10892;1534;1;140,00;0,00;
16122;10893;1534;1;160,00;0,00;
16123;10893;7821;1;280,00;0,00;
16124;10894;8552;1;180,00;0,00;
16125;10895;7953;1;220,00;0,00;
16126;10895;8812;1;930,00;0,00;
16127;10896;1542;1;320,00;0,00;
16128;10896;7821;1;280,00;0,00;
16129;10897;8682;1;700,00;0,00;
16130;10900;8102;1;680,00;0,00;
16131;10900;8552;1;180,00;0,00;
16132;10901;1542;1;350,00;0,00;
16133;10901;8552;1;190,00;0,00;
16134;10902;8720;1;690,00;0,00;
16135;10902;7628;1;290,00;0,00;
16136;10903;8552;1;90,00;0,00;
16137;10905;1552;1;350,00;0,00;
16138;10905;8552;1;190,00;0,00;
16139;10906;8355;1;450,00;0,00;
16140;10907;1542;1;300,00;0,00;
16141;10908;7628;1;280,00;0,00;
16143;10909;9122;0,5;675,00;0,00;
16144;10909;1534;0,5;75,00;0,00;
16146;10911;8987;1;990,00;0,00;
16147;10911;9097;1;650,00;0,00;
16148;10912;1533;1;80,00;0,00;
16149;10913;6292;1;100,00;0,00;
16150;10914;7821;1;280,00;0,00;
16151;10917;7953;1;250,00;0,00;
16152;10917;6292;1;190,00;0,00;
16154;10918;9123;1;1.430,00;0,00;
16155;10918;8355;1;450,00;0,00;
16156;10919;1534;0,5;80,00;0,00;
16157;10920;1542;1;320,00;0,00;
16158;10920;8552;1;180,00;0,00;
16159;10922;1534;2;320,00;0,00;
16160;10923;7953;1;250,00;0,00;
16161;10923;7821;1;260,00;0,00;
16162;10924;8185;1;585,00;0,00;
16164;10924;7821;1;350,00;0,00;
16165;10925;7953;2;500,00;0,00;
16166;10925;7821;1;280,00;0,00;
16167;10927;9124;1;1.445,00;0,00;
16168;10927;7821;1;280,00;0,00;
16169;10927;1372;1;280,00;0,00;
16170;10928;7953;1;220,00;0,00;
16171;10929;1341;1;100,00;0,00;
16172;10930;7953;1;250,00;0,00;
16173;10930;7821;1;290,00;0,00;
16175;10931;9125;1;390,00;0,00;
16177;10935;1534;1;160,00;0,00;
16178;10933;7953;1;240,00;0,00;
16179;10933;7628;1;210,00;0,00;
16180;10937;1534;1;120,00;0,00;
16181;10937;8355;1;380,00;0,00;
16182;10939;1534;1;140,00;0,00;
16183;10940;7953;1;250,00;0,00;
16184;10940;8355;1;380,00;0,00;
16185;10944;1542;1;350,00;0,00;
16186;10945;5378;1;140,00;0,00;
16187;10946;7821;1;190,00;0,00;
16188;10947;1542;1;350,00;0,00;
16189;10947;7821;1;290,00;0,00;
16190;10949;6292;1;100,00;0,00;
16191;10949;7090;1;100,00;0,00;
16192;10951;1534;1;140,00;0,00;
16193;10951;8552;1;160,00;0,00;
16194;10954;1321;1;100,00;0,00;
16195;10955;1534;1;160,00;0,00;
16196;10955;7953;1;250,00;0,00;
16197;10955;8552;2;380,00;0,00;
16198;10956;6292;1;100,00;0,00;
16200;10957;7628;1;190,00;0,00;
16201;10957;1554;1;310,00;0,00;
16202;10958;1542;1;315,00;0,00;
16203;10959;3062;1;100,00;0,00;
16204;10960;9083;1;690,00;0,00;
16205;10960;1534;1;180,00;0,00;
16206;10962;1534;1;140,00;0,00;
16207;10962;7821;1;240,00;0,00;
16208;10968;1542;1;350,00;0,00;
16209;10969;1542;1;315,00;0,00;
16210;10970;7628;1;190,00;0,00;
16211;10971;7953;1;250,00;0,00;
16213;10971;8273;1;650,00;0,00;
16214;10971;8811;1;990,00;0,00;
16215;10971;7953;1;250,00;0,00;
16216;10972;9103;1;690,00;0,00;
16217;10973;6292;1;100,00;0,00;
16218;10974;1534;1;160,00;0,00;
16219;10975;7953;1;250,00;0,00;
16220;10975;7821;1;290,00;0,00;
16221;10976;7953;1;250,00;0,00;
16222;10976;8997;1;650,00;0,00;
16223;10977;1542;1;350,00;0,00;
16224;10977;8552;1;250,00;0,00;
16225;10978;1534;1;160,00;0,00;
16226;10978;7821;1;290,00;0,00;
16227;10979;1542;1;300,00;0,00;
16229;10980;7628;1;280,00;0,00;
16230;10982;2403;1;280,00;0,00;
16231;10983;4542;1;240,00;0,00;
16232;10983;5451;1;150,00;0,00;
16233;10984;2403;1;390,00;0,00;
16234;10985;8987;1;1.200,00;0,00;
16235;10986;1534;1;160,00;0,00;
16236;10987;7821;1;280,00;0,00;
16237;10983;1534;0,5;80,00;0,00;
16238;10988;1552;1;350,00;0,00;
16239;10988;7628;1;290,00;0,00;
16240;10989;8987;1;890,00;0,00;
16241;10989;8355;1;450,00;0,00;
16242;10990;8102;1;750,00;0,00;
16243;10993;1534;1;160,00;0,00;
16244;10994;7953;1;350,00;0,00;
16245;10996;1552;1;350,00;0,00;
16246;10998;8102;1;675,00;0,00;
16247;10999;1760;1;550,00;0,00;
16248;11000;7953;1;250,00;0,00;
16249;11000;8355;1;390,00;0,00;
16250;11001;7953;1;250,00;0,00;
16251;11001;8552;1;240,00;0,00;
16252;11002;7953;1;250,00;0,00;
16253;11002;7821;1;290,00;0,00;
16254;11004;5814;1;100,00;0,00;
16255;11005;1760;1;650,00;0,00;
16256;11005;8195;1;780,00;0,00;
16257;11006;2287;1;40,00;0,00;
16258;11007;7821;1;280,00;0,00;
16259;11008;7832;1;280,00;0,00;
16260;11009;1534;1;160,00;0,00;
16261;11010;7953;1;239,00;0,00;
16262;11010;9126;1;711,00;0,00;
16263;11011;7953;1;250,00;0,00;
16267;11013;9099;1;690,00;0,00;
16269;11013;9127;1;3.000,00;0,00;
16270;11011;9088;1;690,00;0,00;
16271;11015;7953;1;230,00;0,00;
16272;11015;7821;1;270,00;0,00;
16273;11016;7628;1;220,00;0,00;
16274;11017;8999;1;640,00;0,00;
16276;11018;9095;1;650,00;0,00;
16277;11018;9128;1;2.439,00;0,00;
16278;11020;8675;1;40,00;0,00;
16279;11021;1542;1;330,00;0,00;
16280;11021;8355;1;420,00;0,00;
16281;11022;2403;1;250,00;0,00;
16282;11023;1542;1;330,00;0,00;
16283;11023;8355;1;370,00;0,00;
16284;11024;8868;1;2.407,00;0,00;
16285;11025;7953;1;250,00;0,00;
16286;11025;7628;1;290,00;0,00;
16287;11026;7628;1;190,00;0,00;
16288;11027;1534;1;160,00;0,00;
16289;11028;7821;1;260,00;0,00;
16290;11029;1542;1;320,00;0,00;
16291;11029;9084;1;630,00;0,00;
16292;11030;7821;1;280,00;0,00;
16293;11037;7953;1;250,00;0,00;
16294;11039;1542;1;350,00;0,00;
16295;11039;9096;1;690,00;0,00;
16296;11040;1534;1;160,00;0,00;
16297;11040;8355;1;450,00;0,00;
16298;11041;2403;2;780,00;0,00;
16299;11040;8300;1;890,00;0,00;
16301;11040;9130;1;750,00;0,00;
16302;11043;7953;1;220,00;0,00;
16303;11043;8360;1;540,00;0,00;
16304;11044;6292;1;100,00;0,00;
16305;11045;7953;1;250,00;0,00;
16306;11045;7821;1;290,00;0,00;
16307;11046;4497;1;150,00;0,00;
16308;11046;7628;1;290,00;0,00;
16309;11047;9003;1;690,00;0,00;
16313;11047;9131;1;3.000,00;0,00;
16314;11049;1534;1;160,00;0,00;
16315;11051;1542;1;350,00;0,00;
16316;11052;8720;1;250,00;0,00;
16317;11055;1554;1;290,00;0,00;
16318;11055;3468;1;210,00;0,00;
16319;11056;8738;1;350,00;0,00;
16320;11059;7727;1;260,00;0,00;
16321;11061;6292;1;230,00;0,00;
16322;11062;7628;1;240,00;0,00;
16323;11064;1349;1;160,00;0,00;
16324;11065;3860;1;140,00;0,00;
16325;11065;7953;1;230,00;0,00;
16326;11066;7953;1;110,00;0,00;
16327;11067;1542;1;350,00;0,00;
16328;11069;1542;1;350,00;0,00;
16329;11070;8355;1;450,00;0,00;
16330;11070;7953;1;250,00;0,00;
16331;11071;6292;1;100,00;0,00;
16332;11074;1542;1;350,00;0,00;
16333;11077;1542;1;300,00;0,00;
16335;11078;1534;1;160,00;0,00;
16336;11080;1673;1;93,00;0,00;
16337;11082;1844;1;280,00;0,00;
16338;11082;7953;1;250,00;0,00;
16339;11083;1844;1;250,00;0,00;
16340;11084;1349;1;150,00;0,00;
16341;11085;1534;1;160,00;0,00;
16342;11086;9074;1;690,00;0,00;
16343;11086;7714;1;290,00;0,00;
16344;11092;1534;1;160,00;0,00;
16345;11092;5934;1;490,00;0,00;
16346;11093;7510;1;350,00;0,00;
16347;11093;1534;1;250,00;0,00;
16348;11095;1371;1;150,00;0,00;
16349;11097;1760;1;670,00;0,00;
16350;11097;1844;1;230,00;0,00;
16351;11098;7628;1;170,00;0,00;
16352;11098;8552;1;190,00;0,00;
16353;11099;9075;1;550,00;0,00;
16354;11099;9075;1;550,00;0,00;
16355;11100;7821;1;260,00;0,00;
16356;11101;1542;1;196,00;0,00;
16357;11102;1534;1;160,00;0,00;
16358;11104;7953;1;250,00;0,00;
16359;11104;8889;1;750,00;0,00;
16360;11105;1542;2;630,00;0,00;
16361;11105;9106;1;585,00;0,00;
16362;11106;9036;1;550,00;0,00;
16363;11106;1534;1;160,00;0,00;
16364;11107;1534;1;290,00;0,00;
16365;11109;7953;1;230,00;0,00;
16366;11109;8355;1;390,00;0,00;
16367;11110;7953;1;220,00;0,00;
16369;11111;7626;1;216,00;0,00;
16370;11112;8273;1;620,00;0,00;
16371;11112;8273;1;620,00;0,00;
16372;11112;8552;1;190,00;0,00;
16373;11112;8552;1;220,00;0,00;
16374;11112;7821;1;250,00;0,00;
16375;11112;8668;1;90,00;0,00;
16376;11113;8987;1;990,00;0,00;
16377;11113;7628;1;190,00;0,00;
16379;11114;1534;1;160,00;0,00;
16380;11114;9132;1;100,00;0,00;
16381;11116;1554;1;315,00;0,00;
16382;11117;1542;1;350,00;0,00;
16383;11120;5627;1;890,00;0,00;
16384;11120;9104;1;690,00;0,00;
16385;11121;8678;1;2.400,00;0,00;
16386;11121;8355;1;390,00;0,00;
16387;11122;8913;1;1.252,00;0,00;
16388;11124;1534;1;160,00;0,00;
16389;11125;6292;1;190,00;0,00;
16390;11126;8308;1;65,00;0,00;
16391;11127;1542;1;690,00;0,00;
16393;11128;8552;1;190,00;0,00;
16394;11128;9133;1;1.450,00;0,00;
16396;11129;8963;1;747,00;0,00;
16397;11132;7821;1;250,00;0,00;
16398;11129;9134;1;4.715,00;0,00;
16399;11133;7821;1;250,00;0,00;
16400;11135;2403;1;280,00;0,00;
16401;11137;7628;1;260,00;0,00;
16402;11139;8552;1;190,00;0,00;
16403;11140;7953;1;250,00;0,00;
16404;11140;7821;1;290,00;0,00;
16405;11141;7953;1;250,00;0,00;
16406;11141;8817;1;980,00;0,00;
16407;11143;1534;1;160,00;0,00;
16408;11143;7628;1;260,00;0,00;
16409;11145;7628;1;340,00;0,00;
16410;11146;1534;1;156,00;0,00;
16411;11146;7129;1;294,00;0,00;
16412;11147;7953;1;250,00;0,00;
16413;11148;1542;1;315,00;0,00;
16414;11148;7821;1;260,00;0,00;
16415;11149;1542;1;315,00;0,00;
16416;11150;1542;1;390,00;0,00;
16417;11150;8936;1;800,00;0,00;
16418;11151;7953;1;250,00;0,00;
16419;11151;8355;1;350,00;0,00;
16420;11152;7953;1;225,00;0,00;
16421;11153;7953;1;250,00;0,00;
16422;11153;7821;1;250,00;0,00;
16423;11154;1542;1;350,00;0,00;
16424;11155;7953;1;290,00;0,00;
16425;11155;8552;1;260,00;0,00;
16426;11156;7953;1;250,00;0,00;
16427;11157;1534;1;160,00;0,00;
16429;11157;8749;1;490,00;0,00;
16430;11158;1534;1;144,00;0,00;
16431;11158;8552;1;234,00;0,00;
16432;11159;1534;1;140,00;0,00;
16433;11159;1534;1;140,00;0,00;
16434;11159;1760;1;585,00;0,00;
16435;11159;7821;1;220,00;0,00;
16436;11122;8552;1;190,00;0,00;
16437;11160;1405;1;190,00;0,00;
16438;11161;1552;1;350,00;0,00;
16439;11161;7821;1;260,00;0,00;
16440;11162;1552;1;350,00;0,00;
16441;11154;8552;1;190,00;0,00;
16442;11163;7953;1;250,00;0,00;
16443;11163;8552;1;240,00;0,00;
16444;11164;7953;1;250,00;0,00;
16445;11164;7821;1;280,00;0,00;
16446;11165;8824;1;990,00;0,00;
16448;11166;9131;1;3.000,00;0,00;
16449;11167;1542;1;350,00;0,00;
16450;11167;7821;1;280,00;0,00;
16451;11168;1534;1;305,00;0,00;
16452;11168;7821;1;280,00;0,00;
16453;11169;8275;1;790,00;0,00;
16455;11170;1542;0,5;175,00;0,00;
16456;11170;1533;0,5;45,00;0,00;
16457;11171;1534;1;160,00;0,00;
16458;11172;1534;1;160,00;0,00;
16459;11173;8355;1;450,00;0,00;
16460;11174;1542;1;390,00;0,00;
16461;11175;1542;0,5;160,00;0,00;
16462;11175;3448;1;170,00;0,00;
16463;11176;1542;1;350,00;0,00;
16464;11176;7821;1;240,00;0,00;
16465;11178;1542;1;300,00;0,00;
16466;11179;7953;1;250,00;0,00;
16467;11179;9013;1;650,00;0,00;
16468;11180;7953;1;250,00;0,00;
16469;11181;7953;1;250,00;0,00;
16470;11181;8552;1;190,00;0,00;
16471;11182;6292;1;190,00;0,00;
16472;11183;8300;1;690,00;0,00;
16473;11183;8355;1;650,00;0,00;
16474;11184;5627;0,5;445,00;0,00;
16475;11185;1542;1;350,00;0,00;
16476;11187;6292;1;120,00;0,00;
16477;11188;1769;1;1.039,00;0,00;
16478;11189;7953;1;250,00;0,00;
16480;11189;8815;1;1.170,00;0,00;
16481;11191;7628;1;200,00;0,00;
16482;11192;7628;1;230,00;0,00;
16484;11193;9136;1;1.880,00;0,00;
16485;11193;6292;1;280,00;0,00;
16486;11194;1533;1;90,00;0,00;
16487;11194;7821;1;290,00;0,00;
16489;11194;8185;1;540,00;0,00;
16490;11195;2403;2;780,00;0,00;
16491;11196;1542;1;350,00;0,00;
16492;11196;8552;1;250,00;0,00;
16493;11197;8590;1;1.999,00;0,00;
16494;11198;1542;1;350,00;0,00;
16495;11198;1349;1;190,00;0,00;
16496;11199;1542;1;350,00;0,00;
16497;11199;1924;1;290,00;0,00;
16498;11201;1534;1;100,00;0,00;
16499;11202;7821;1;270,00;0,00;
16500;11203;7953;1;250,00;0,00;
16501;11203;7953;1;250,00;0,00;
16502;11203;8355;1;550,00;0,00;
16503;11203;7821;1;350,00;0,00;
16504;11204;7821;1;290,00;0,00;
16505;11207;7953;1;250,00;0,00;
16507;11209;7821;1;290,00;0,00;
16508;11209;9137;1;1.369,00;0,00;
16509;11210;7821;1;290,00;0,00;
16510;11211;1534;1;140,00;0,00;
16511;11212;2403;1;280,00;0,00;
16512;11213;1552;1;350,00;0,00;
16513;11213;5940;1;450,00;0,00;
16515;11214;9138;1;120,00;0,00;
16516;11215;1534;1;160,00;0,00;
16517;11215;4621;1;140,00;0,00;
16518;11216;1542;1;315,00;0,00;
16519;11216;1542;1;315,00;0,00;
16520;11216;2720;1;140,00;0,00;
16521;11216;8552;1;170,00;0,00;
16522;11218;1542;1;350,00;0,00;
16523;11218;8552;1;250,00;0,00;
16525;11219;8552;1;200,00;0,00;
16526;11219;5627;1;860,00;0,00;
16527;11220;2720;1;160,00;0,00;
16528;11222;7821;1;280,00;0,00;
16529;11223;1534;1;160,00;0,00;
16530;11224;9139;1;190,00;0,00;
16531;11225;8552;1;240,00;0,00;
16532;11227;1534;1;160,00;0,00;
16533;11228;9138;1;280,00;0,00;
16534;11229;8552;1;100,00;0,00;
16535;11230;9138;1;260,00;0,00;
16536;11231;1534;1;160,00;0,00;
16537;11231;7821;1;280,00;0,00;
16539;11232;7953;0,5;175,00;0,00;
16540;11232;8300;0,5;445,00;0,00;
16541;11232;7821;1;300,00;0,00;
16542;11233;8552;1;190,00;0,00;
16543;11234;1542;1;350,00;0,00;
16544;11234;7821;1;390,00;0,00;
16545;11235;7953;1;250,00;0,00;
16546;11236;9139;1;100,00;0,00;
16548;11238;4581;1;240,00;0,00;
16549;11239;7953;1;230,00;0,00;
16550;11240;8707;1;1.790,00;0,00;
16551;11240;7821;1;290,00;0,00;
16552;11241;6292;1;100,00;0,00;
16553;11242;9075;1;650,00;0,00;
16554;11242;7821;1;250,00;0,00;
16555;11243;1760;1;550,00;0,00;
16556;11243;7628;1;350,00;0,00;
16558;11244;7821;1;270,00;0,00;
16559;11244;9141;1;1.900,00;0,00;
16560;11245;1554;1;350,00;0,00;
16562;11247;1760;1;550,00;0,00;
16563;11248;8552;1;190,00;0,00;
16564;11249;7821;1;290,00;0,00;
16565;11249;1534;1;160,00;0,00;
16566;11250;7953;1;250,00;0,00;
16567;11250;7821;1;290,00;0,00;
16568;11251;1534;1;160,00;0,00;
16569;11252;2720;1;260,00;0,00;
16570;11237;9143;1;940,00;0,00;
16571;11254;7667;1;280,00;0,00;
16572;11254;7953;1;250,00;0,00;
16573;11255;1671;1;150,00;0,00;
16574;11256;1534;1;160,00;0,00;
16575;11257;1542;1;350,00;0,00;
16576;11259;1542;1;300,00;0,00;
16577;11260;8102;1;590,00;0,00;
16578;11260;7628;1;280,00;0,00;
16579;11261;7821;1;290,00;0,00;
16581;11262;1534;1;160,00;0,00;
16582;11262;9138;1;190,00;0,00;
16583;11261;9144;1;860,00;0,00;
16584;11263;7953;1;250,00;0,00;
16585;11263;7821;1;290,00;0,00;
16586;11263;2403;1;390,00;0,00;
16587;11265;1349;1;150,00;0,00;
16588;11265;1534;1;150,00;0,00;
16589;11267;7491;1;290,00;0,00;
16590;11267;7953;1;250,00;0,00;
16591;11269;7719;1;280,00;0,00;
16592;11269;7953;1;250,00;0,00;
16593;11270;7727;1;280,00;0,00;
16594;11270;7953;1;360,00;0,00;
16595;11271;8189;1;490,00;0,00;
16596;11272;7719;1;450,00;0,00;
16597;11272;1542;1;350,00;0,00;
16598;11273;1371;1;140,00;0,00;
16599;11275;2720;1;280,00;0,00;
16600;11275;1760;1;690,00;0,00;
16601;11276;1542;1;300,00;0,00;
16602;11277;7499;1;290,00;0,00;
16603;11277;7953;1;250,00;0,00;
16604;11272;1542;1;350,00;0,00;
16605;11272;8552;1;280,00;0,00;
16606;11279;7953;1;250,00;0,00;
16607;11279;8355;1;540,00;0,00;
16608;11280;6292;1;100,00;0,00;
16609;11282;1542;1;310,00;0,00;
16610;11282;7821;1;260,00;0,00;
16611;11283;1534;1;160,00;0,00;
16612;11284;2403;1;390,00;0,00;
16613;11286;8552;1;190,00;0,00;
16614;11287;7953;1;240,00;0,00;
16615;11287;7821;1;260,00;0,00;
16616;11289;1542;1;350,00;0,00;
16617;11289;7821;1;280,00;0,00;
16618;11290;7953;1;250,00;0,00;
16619;11290;7821;1;290,00;0,00;
16620;11291;7953;1;250,00;0,00;
16621;11291;8355;1;490,00;0,00;
16623;11293;1534;1;250,00;0,00;
16624;11294;7810;1;150,00;0,00;
16625;11296;1542;1;350,00;0,00;
16628;11297;7987;1;550,00;0,00;
16629;11298;1534;1;160,00;0,00;
16630;11298;8355;1;440,00;0,00;
16631;11299;9139;1;290,00;0,00;
16632;11292;2403;1;390,00;0,00;
16633;11300;5134;1;160,00;0,00;
16634;11301;1171;1;550,00;0,00;
16635;11302;1542;1;315,00;0,00;
16636;11303;7953;1;250,00;0,00;
16637;11303;9145;1;1.595,00;0,00;
16639;11304;1534;1;160,00;0,00;
16640;11304;6292;1;170,00;0,00;
16641;11305;8300;1;690,00;0,00;
16642;11306;1534;1;160,00;0,00;
16643;11309;9075;1;690,00;0,00;
16644;11309;7821;1;290,00;0,00;
16645;11310;7953;1;250,00;0,00;
16646;11311;8668;1;69,90;0,00;
16647;11312;8273;1;650,00;0,00;
16648;11312;7821;1;350,00;0,00;
16649;11314;1542;1;350,00;0,00;
16650;11315;7953;1;220,00;0,00;
16651;11315;8355;1;360,00;0,00;
16654;11303;9147;1;270,00;0,00;
16656;11317;7821;1;290,00;0,00;
16657;11317;9148;1;1.854,00;0,00;
16658;11318;7953;1;250,00;0,00;
16659;11319;8552;1;190,00;0,00;
16661;11320;8868;1;2.230,00;0,00;
16662;11320;7821;1;290,00;0,00;
16663;11321;7810;0,5;95,00;0,00;
16664;11322;2403;1;280,00;0,00;
16665;11323;7821;1;280,00;0,00;
16666;11324;1542;1;350,00;0,00;
16667;11324;8355;1;390,00;0,00;
16668;11325;7953;1;250,00;0,00;
16669;11326;8987;1;990,00;0,00;
16670;11327;7810;1;150,00;0,00;
16671;11327;7461;1;470,00;0,00;
16672;11329;8185;1;675,00;0,00;
16673;11329;7821;1;260,00;0,00;
16674;11330;6292;1;100,00;0,00;
16675;11331;7821;1;260,00;0,00;
16676;11332;9074;1;650,00;0,00;
16677;11332;2720;1;190,00;0,00;
16678;11333;8987;1;800,00;0,00;
16679;11334;1534;1;160,00;0,00;
16680;11334;8552;1;190,00;0,00;
16681;11335;7953;1;250,00;0,00;
16682;11335;7821;1;350,00;0,00;
16683;11337;9074;1;650,00;0,00;
16684;11337;7821;1;290,00;0,00;
16685;11338;7953;1;250,00;0,00;
16686;11338;8928;1;730,00;0,00;
16687;11339;1534;1;160,00;0,00;
16688;11339;6292;1;190,00;0,00;
16689;11340;9074;1;650,00;0,00;
16690;11340;1842;1;200,00;0,00;
16692;11341;1349;1;180,00;0,00;
16693;11341;1534;1;160,00;0,00;
16694;11342;1542;1;310,00;0,00;
16695;11342;1842;1;190,00;0,00;
16696;11343;9057;1;960,00;0,00;
16697;11343;7821;1;380,00;0,00;
16698;11344;9057;1;960,00;0,00;
16699;11344;7821;1;380,00;0,00;
16700;11345;1542;1;320,00;0,00;
16701;11345;1842;1;170,00;0,00;
16702;11346;7953;1;250,00;0,00;
16703;11346;8355;1;450,00;0,00;
16704;11347;9066;1;700,00;0,00;
16705;11347;8552;1;0,00;0,00;
16706;11349;7953;1;80,00;0,00;
16707;11349;8355;1;120,00;0,00;
16708;11349;7953;1;80,00;0,00;
16709;11349;8355;1;120,00;0,00;
16710;11350;1542;1;350,00;0,00;
16711;11350;7821;1;290,00;0,00;
16712;11349;7953;1;80,00;0,00;
16713;11349;7953;1;80,00;0,00;
16714;11351;1528;1;160,00;0,00;
16715;11353;1542;1;190,00;0,00;
16716;11354;7821;1;290,00;0,00;
16717;11355;7953;1;220,00;0,00;
16718;11355;8552;1;176,00;0,00;
16719;11356;1542;0,5;175,00;0,00;
16720;11357;9074;1;650,00;0,00;
16721;11357;8552;1;190,00;0,00;
16722;11358;1534;1;120,00;0,00;
16723;11358;1534;1;120,00;0,00;
16724;11358;9139;1;100,00;0,00;
16725;11358;7821;1;230,00;0,00;
16726;11359;1534;1;110,00;0,00;
16727;11359;3468;1;140,00;0,00;
16728;11360;1542;1;350,00;0,00;
16729;11360;1844;1;260,00;0,00;
16730;11361;1542;0,5;190,00;0,00;
16731;11362;1542;1;350,00;0,00;
16732;11362;7821;1;280,00;0,00;
16733;11363;1534;1;160,00;0,00;
16734;11363;7821;1;240,00;0,00;
16735;11365;1534;1;160,00;0,00;
16736;11366;2542;1;100,00;0,00;
16737;11367;8552;1;140,00;0,00;
16738;11368;7953;1;250,00;0,00;
16739;11368;8355;1;400,00;0,00;
16740;11369;7810;1;90,00;0,00;
16741;11369;1534;1;160,00;0,00;
16742;11370;1542;1;350,00;0,00;
16743;11370;7821;1;290,00;0,00;
16744;11371;8300;1;750,00;0,00;
16745;11371;7821;1;280,00;0,00;
16746;11372;1842;1;190,00;0,00;
16747;11373;7821;1;300,00;0,00;
16748;11374;7810;1;220,00;0,00;
16749;11374;8755;1;580,00;0,00;
16750;11375;8929;1;800,00;0,00;
16751;11376;7821;1;190,00;0,00;
16753;11377;1979;1;280,00;0,00;
16754;11378;8552;1;220,00;0,00;
16755;11380;8687;2;2.412,00;0,00;
16756;11381;1534;1;160,00;0,00;
16757;11381;8552;1;280,00;0,00;
16758;11384;7953;1;220,00;0,00;
16759;11384;8355;1;410,00;0,00;
16760;11386;7953;1;215,00;0,00;
16761;11386;7821;1;320,00;0,00;
16762;11386;1542;1;320,00;0,00;
16763;11387;7953;1;220,00;0,00;
16764;11387;8552;1;150,00;0,00;
16765;11388;7821;1;280,00;0,00;
16766;11389;8552;1;280,00;0,00;
16767;11390;7953;1;250,00;0,00;
16768;11390;1924;1;272,00;0,00;
16769;11391;8355;1;450,00;0,00;
16770;11391;9057;1;960,00;0,00;
16771;11392;1533;0,5;90,00;0,00;
16772;11393;9057;1;960,00;0,00;
16773;11394;1542;1;320,00;0,00;
16774;11395;6292;1;100,00;0,00;
16775;11396;8987;1;890,00;0,00;
16776;11396;8552;1;190,00;0,00;
16777;11397;9148;1;1.860,00;0,00;
16778;11398;1534;1;160,00;0,00;
16779;11399;9040;1;640,00;0,00;
16780;11400;8185;1;520,00;0,00;
16781;11400;7821;1;280,00;0,00;
16782;11401;7628;1;160,00;0,00;
16783;11402;9149;1;790,00;0,00;
16784;11403;9008;1;600,00;0,00;
16785;11404;9139;1;190,00;0,00;
16786;11406;8185;1;750,00;0,00;
16787;11406;7821;1;280,00;0,00;
16788;11407;1542;1;350,00;0,00;
16789;11409;1534;1;160,00;0,00;
16790;11409;6292;1;190,00;0,00;
16791;11410;7953;1;250,00;0,00;
16792;11410;7821;1;290,00;0,00;
16793;11411;1534;1;160,00;0,00;
16794;11411;8552;1;190,00;0,00;
16795;11412;1534;1;160,00;0,00;
16797;11413;7628;1;190,00;0,00;
16798;11413;9148;1;1.850,00;0,00;
16799;11414;7953;1;230,00;0,00;
16800;11414;7821;1;260,00;0,00;
16801;11415;1534;1;140,00;0,00;
16802;11415;6292;1;100,00;0,00;
16803;11416;1534;1;160,00;0,00;
16804;11416;8355;1;390,00;0,00;
16805;11417;8102;1;650,00;0,00;
16806;11417;8552;1;280,00;0,00;
16807;11418;6292;1;190,00;0,00;
16808;11419;1534;1;160,00;0,00;
16810;11421;7953;1;240,00;0,00;
16811;11421;7628;1;240,00;0,00;
16812;11419;9150;1;750,00;0,00;
16813;11423;7821;1;280,00;0,00;
16815;11424;9151;1;1.699,00;0,00;
16816;11425;1542;1;350,00;0,00;
16817;11425;7628;1;280,00;0,00;
16818;11426;9144;1;860,00;0,00;
16819;11426;8552;1;190,00;0,00;
16820;11427;8355;1;390,00;0,00;
16821;11428;1760;1;590,00;0,00;
16822;11428;7628;1;260,00;0,00;
16823;11429;1542;1;390,00;0,00;
16824;11429;8355;1;550,00;0,00;
16825;11430;7953;1;250,00;0,00;
16826;11432;7628;1;230,00;0,00;
16827;11433;6292;1;100,00;0,00;
16828;11435;6292;1;190,00;0,00;
16829;11436;8552;1;190,00;0,00;
16830;11438;7821;1;260,00;0,00;
16831;11439;7953;1;220,00;0,00;
16832;11439;8552;1;170,00;0,00;
16833;11441;1534;1;150,00;0,00;
16835;11444;7821;1;260,00;0,00;
16836;11444;9152;1;640,00;0,00;
16837;11445;1542;1;350,00;0,00;
16838;11446;9075;1;590,00;0,00;
16839;11446;7821;1;250,00;0,00;
16840;11447;1542;1;0,00;0,00;
16841;11447;6292;1;100,00;0,00;
16842;11448;1542;1;300,00;0,00;
16843;11451;7821;1;260,00;0,00;
16844;11453;1542;1;330,00;0,00;
16845;11453;8552;1;170,00;0,00;
16846;11454;9139;1;190,00;0,00;
16847;11455;1534;1;160,00;0,00;
16848;11456;7953;1;250,00;0,00;
16849;11456;7821;1;280,00;0,00;
16850;11457;7953;1;175,00;0,00;
16851;11458;1542;1;350,00;0,00;
16852;11459;1554;1;350,00;0,00;
16853;11460;7821;1;240,00;0,00;
16854;11462;6292;1;120,00;0,00;
16855;11463;6292;1;220,00;0,00;
16856;11464;8707;1;1.250,00;0,00;
16857;11464;9154;1;1.690,00;0,00;
16858;11467;1542;1;300,00;0,00;
16859;11468;1534;1;130,00;0,00;
16860;11468;8355;1;450,00;0,00;
16861;11469;7953;1;340,00;0,00;
16862;11469;8185;1;600,00;0,00;
16863;11470;7953;1;250,00;0,00;
16864;11471;1534;1;160,00;0,00;
16865;11473;1542;1;350,00;0,00;
16866;11424;7810;1;250,00;0,00;
16867;11474;1542;1;270,00;0,00;
16868;11475;1534;1;160,00;0,00;
16869;11473;7821;1;280,00;0,00;
16870;11476;1542;1;330,00;0,00;
16871;11476;7821;1;270,00;0,00;
16872;11477;7953;1;210,00;0,00;
16873;11477;7821;1;250,00;0,00;
16874;11478;7953;1;240,00;0,00;
16875;11478;8355;1;480,00;0,00;
16877;11479;9155;1;3.000,00;0,00;
16878;11479;8355;1;390,00;0,00;
16879;11480;1542;1;350,00;0,00;
16880;11480;7821;1;280,00;0,00;
16881;11481;7810;1;90,00;0,00;
16882;11483;7628;1;150,00;0,00;
16883;11484;7810;1;150,00;0,00;
16884;11484;1542;1;350,00;0,00;
16885;11485;1534;1;130,00;0,00;
16886;11485;6292;1;190,00;0,00;
16887;11486;1534;1;160,00;0,00;
16888;11486;7628;1;390,00;0,00;
16889;11487;8552;1;170,00;0,00;
16890;11488;7953;1;225,00;0,00;
16891;11489;8552;1;170,00;0,00;
16892;11490;6292;1;120,00;0,00;
16893;11491;1526;1;180,00;0,00;
16894;11493;7821;1;390,00;0,00;
16895;11493;1534;1;160,00;0,00;
16896;11494;7821;1;260,00;0,00;
16897;11495;7953;1;250,00;0,00;
16898;11497;7628;1;240,00;0,00;
16899;11497;7953;1;240,00;0,00;
16900;11498;1554;1;350,00;0,00;
16901;11499;7821;1;280,00;0,00;
16902;11500;7953;1;250,00;0,00;
16903;11500;8878;1;750,00;0,00;
16904;11503;286;1;990,00;0,00;
16905;11504;8987;1;990,00;0,00;
16906;11504;7821;1;380,00;0,00;
16907;11505;1542;1;300,00;0,00;
16908;11506;7953;1;250,00;0,00;
16909;11506;7821;1;280,00;0,00;
16910;11507;8456;1;540,00;0,00;
16911;11507;7953;1;250,00;0,00;
16912;11508;5966;1;150,00;0,00;
16913;11509;8987;1;940,00;0,00;
16914;11509;7821;1;260,00;0,00;
16915;11511;8987;1;500,00;0,00;
16916;11511;7821;1;200,00;0,00;
16917;11512;9074;1;675,00;0,00;
16918;11512;7821;1;350,00;0,00;
16920;11513;4625;1;100,00;0,00;
16921;11514;1760;1;690,00;0,00;
16922;11514;7628;1;280,00;0,00;
16923;11515;7953;1;250,00;0,00;
16925;11517;1534;1;160,00;0,00;
16926;11518;1534;1;140,00;0,00;
16927;11521;7953;1;225,00;0,00;
16928;11521;7628;1;252,00;0,00;
16930;11521;9157;1;1.242,00;0,00;
16931;11522;7953;1;250,00;0,00;
16932;11522;7821;1;290,00;0,00;
16933;11523;1554;1;320,00;0,00;
16934;11523;6292;1;140,00;0,00;
16935;11524;1542;1;280,00;0,00;
16936;11526;1542;1;290,00;0,00;
16937;11527;1534;1;140,00;0,00;
16938;11527;8552;1;140,00;0,00;
16939;11528;7953;1;225,00;0,00;
16940;11529;7953;1;250,00;0,00;
16941;11515;7628;1;280,00;0,00;
16942;11530;7953;1;250,00;0,00;
16943;11531;1542;1;350,00;0,00;
16944;11531;1844;1;190,00;0,00;
16945;11532;1542;1;350,00;0,00;
16946;11532;8552;1;190,00;0,00;
16947;11534;4481;1;170,00;0,00;
16948;11536;1349;1;180,00;0,00;
16949;11536;1542;1;350,00;0,00;
16950;11537;8185;1;495,00;0,00;
16951;11538;1534;1;140,00;0,00;
16952;11538;8552;1;150,00;0,00;
16954;11539;1542;1;350,00;0,00;
16955;11539;7628;1;280,00;0,00;
16956;11540;7821;1;280,00;0,00;
16957;11541;1760;1;550,00;0,00;
16958;11541;7821;1;280,00;0,00;
16959;11541;9138;1;140,00;0,00;
16960;11542;1542;1;350,00;0,00;
16961;11542;8552;1;220,00;0,00;
16962;11537;7628;1;190,00;0,00;
16963;11543;1542;1;320,00;0,00;
16964;11543;1844;1;170,00;0,00;
16965;11544;1542;1;350,00;0,00;
16966;11545;6292;1;190,00;0,00;
16967;11546;1542;1;350,00;0,00;
16968;11546;7821;1;280,00;0,00;
16969;11547;1534;1;160,00;0,00;
16970;11547;8552;1;190,00;0,00;
16972;11549;8593;1;895,00;0,00;
16973;11550;7821;1;250,00;0,00;
16974;11552;1534;1;160,00;0,00;
16975;11552;7821;1;190,00;0,00;
16976;11553;9119;1;650,00;0,00;
16977;11553;8668;1;98,90;0,00;
16978;11555;1542;1;350,00;0,00;
16979;11555;7821;1;230,00;0,00;
16980;11557;8355;1;390,00;0,00;
16981;11558;4657;1;805,00;0,00;
16982;11558;7821;1;225,00;0,00;
16983;11559;7953;1;250,00;0,00;
16984;11559;7628;1;280,00;0,00;
16985;11561;1534;1;140,00;0,00;
16986;11562;1529;1;180,00;0,00;
16987;11563;1534;1;144,00;0,00;
16988;11563;7821;1;252,00;0,00;
16989;11564;1542;1;350,00;0,00;
16990;11564;8355;1;420,00;0,00;
16991;11565;1542;1;300,00;0,00;
16992;11565;7821;1;300,00;0,00;
16993;11566;7810;1;410,00;0,00;
16994;11566;8198;1;940,00;0,00;
16995;11567;1534;1;160,00;0,00;
16996;11567;7821;1;280,00;0,00;
16997;11568;8593;1;900,00;0,00;
16998;11569;8552;1;190,00;0,00;
16999;11576;7821;1;280,00;0,00;
17000;11577;4581;1;280,00;0,00;
17001;11578;1542;1;350,00;0,00;
17002;11578;7821;1;280,00;0,00;
17003;11579;1542;1;350,00;0,00;
17004;11579;6292;1;270,00;0,00;
17005;11580;7628;1;280,00;0,00;
17006;11581;7953;1;225,00;0,00;
17007;11582;1542;1;350,00;0,00;
17008;11582;6292;1;190,00;0,00;
17009;11583;6292;1;100,00;0,00;
17010;11584;8552;1;150,00;0,00;
17011;11585;1542;1;340,00;0,00;
17012;11585;8552;1;250,00;0,00;
17013;11586;1534;1;160,00;0,00;
17014;11586;8552;1;190,00;0,00;
17015;11587;9075;1;650,00;0,00;
17016;11587;7821;1;280,00;0,00;
17017;11588;7953;1;226,00;0,00;
17018;11588;2530;1;260,00;0,00;
17019;11589;8552;1;190,00;0,00;
17020;11590;8185;1;780,00;0,00;
17021;11591;1542;1;350,00;0,00;
17022;11591;8552;1;190,00;0,00;
17023;11592;1542;1;350,00;0,00;
17025;11592;8355;1;390,00;0,00;
17026;11593;8552;1;190,00;0,00;
17027;11594;7556;1;800,00;0,00;
17028;11595;8308;1;89,90;0,00;
17029;11597;8707;1;1.255,00;0,00;
17030;11597;8355;1;420,00;0,00;
17031;11599;8552;1;190,00;0,00;
17032;11600;1534;1;160,00;0,00;
17033;11600;8552;1;140,00;0,00;
17034;11601;2403;1;250,00;0,00;
17035;11602;7953;1;250,00;0,00;
17036;11603;4920;1;199,00;0,00;
17037;11604;7953;1;390,00;0,00;
17038;11604;7821;1;350,00;0,00;
17039;11605;7953;1;250,00;0,00;
17040;11605;7628;1;170,00;0,00;
17041;11606;7953;1;250,00;0,00;
17042;11607;1542;1;350,00;0,00;
17043;11609;1542;1;350,00;0,00;
17044;11610;1554;1;350,00;0,00;
17045;11610;8553;1;390,00;0,00;
17046;11611;1542;1;350,00;0,00;
17047;11611;6292;1;190,00;0,00;
17048;11606;8355;1;450,00;0,00;
17049;11612;7821;1;290,00;0,00;
17050;11612;8987;1;990,00;0,00;
17051;11613;5627;1;990,00;0,00;
17052;11613;7821;1;290,00;0,00;
17053;11614;1534;1;160,00;0,00;
17054;11615;7953;1;250,00;0,00;
17055;11616;1534;1;190,00;0,00;
17056;11616;1534;1;190,00;0,00;
17057;11616;8552;1;220,00;0,00;
17058;11616;6292;1;200,00;0,00;
17060;11617;8102;1;1.500,00;0,00;
17061;11617;7821;1;350,00;0,00;
17062;11618;7953;1;240,00;0,00;
17063;11618;7821;1;240,00;0,00;
17064;11620;7821;1;250,00;0,00;
17065;11621;1534;1;160,00;0,00;
17066;11621;6292;1;130,00;0,00;
17067;11622;6292;1;100,00;0,00;
17068;11623;1542;1;350,00;0,00;
17069;11624;1542;1;315,00;0,00;
17071;11625;8355;1;300,00;0,00;
17072;11626;8552;1;150,00;0,00;
17073;11627;1534;1;160,00;0,00;
17074;11628;1542;1;347,00;0,00;
17075;11628;9139;1;220,00;0,00;
17076;11629;1542;1;350,00;0,00;
17077;11629;9091;1;690,00;0,00;
17078;11630;2403;1;280,00;0,00;
17079;11631;7953;1;230,00;0,00;
17080;11631;7821;1;340,00;0,00;
17081;11632;5627;1;990,00;0,00;
17082;11632;7953;1;250,00;0,00;
17083;11632;9015;1;650,00;0,00;
17084;11633;1542;1;330,00;0,00;
17085;11633;6292;1;220,00;0,00;
17086;11634;1554;1;350,00;0,00;
17087;11634;8552;1;190,00;0,00;
17088;11635;1760;1;550,00;0,00;
17089;11636;6292;1;100,00;0,00;
17092;11637;9158;1;2.040,00;0,00;
17093;11637;8355;1;390,00;0,00;
17094;11639;7628;1;170,00;0,00;
17095;11640;1534;1;160,00;0,00;
17096;11640;7821;1;280,00;0,00;
17097;11641;8102;1;650,00;0,00;
17098;11641;7821;1;280,00;0,00;
17099;11642;1534;1;160,00;0,00;
17100;11645;7953;1;250,00;0,00;
17101;11645;8355;1;490,00;0,00;
17102;11646;7953;1;250,00;0,00;
17103;11646;7821;1;280,00;0,00;
17104;11647;7953;1;220,00;0,00;
17105;11648;6292;1;220,00;0,00;
17106;11649;7628;1;180,00;0,00;
17107;11651;1542;1;350,00;0,00;
17108;11651;6292;1;190,00;0,00;
17109;11652;7628;1;160,00;0,00;
17110;11654;1534;1;180,00;0,00;
17111;11654;8552;1;260,00;0,00;
17113;11654;7628;1;260,00;0,00;
17114;11654;7953;1;250,00;0,00;
17117;11655;8273;0,5;370,00;0,00;
17118;11655;7953;0,5;200,00;0,00;
17119;11656;4581;1;280,00;0,00;
17120;11657;7628;1;280,00;0,00;
17121;11658;1542;0,5;175,00;0,00;
17122;11658;1533;0,5;90,00;0,00;
17123;11659;8552;1;170,00;0,00;
17124;11660;6674;1;399,00;0,00;
17125;11661;1534;1;160,00;0,00;
17126;11661;8355;1;480,00;0,00;
17127;11662;8832;1;2.099,00;0,00;
17128;11662;8552;1;280,00;0,00;
17129;11662;7628;1;280,00;0,00;
17130;11664;8552;1;190,00;0,00;
17132;11667;8355;1;490,00;0,00;
17133;11668;7719;1;280,00;0,00;
17134;11669;6859;1;270,00;0,00;
17135;11669;1542;1;300,00;0,00;
17137;11670;7821;1;290,00;0,00;
17138;11670;8314;1;1.290,00;0,00;
17139;11671;7628;1;100,00;0,00;
17140;11673;7596;1;940,00;0,00;
17141;11674;8273;1;720,00;0,00;
17142;11674;1924;1;280,00;0,00;
17143;11675;2403;2;500,00;0,00;
17144;11676;7953;1;250,00;0,00;
17145;11676;1844;1;220,00;0,00;
17146;11677;7953;1;350,00;0,00;
17147;11677;7821;1;310,00;0,00;
17148;11678;7953;1;250,00;0,00;
17149;11678;7821;1;290,00;0,00;
17150;11681;1534;1;160,00;0,00;
17151;11681;7742;1;380,00;0,00;
17152;11682;1542;1;350,00;0,00;
17153;11682;1349;1;100,00;0,00;
17154;11683;1542;1;350,00;0,00;
17155;11683;8355;1;390,00;0,00;
17156;11684;9074;1;650,00;0,00;
17157;11684;8467;1;450,00;0,00;
17158;11685;1542;1;350,00;0,00;
17159;11686;1542;1;315,00;0,00;
17160;11687;6292;1;160,00;0,00;
17161;11688;7628;1;270,00;0,00;
17163;11689;9158;1;2.039,00;0,00;
17164;11690;9139;1;190,00;0,00;
17165;11665;8355;1;390,00;0,00;
17166;11691;7953;1;250,00;0,00;
17167;11691;8552;1;230,00;0,00;
17168;11692;8102;1;750,00;0,00;
17169;11692;7821;1;350,00;0,00;
17170;11693;7628;1;190,00;0,00;
17171;11694;1542;1;350,00;0,00;
17172;11694;2733;1;170,00;0,00;
17173;11694;7697;1;280,00;0,00;
17174;11695;1542;1;350,00;0,00;
17175;11696;5627;1;900,00;0,00;
17176;11696;7664;1;280,00;0,00;
17177;11697;1534;1;160,00;0,00;
17178;11698;1534;1;160,00;0,00;
17179;11698;3468;1;190,00;0,00;
17180;11699;1542;1;350,00;0,00;
17181;11700;1534;1;160,00;0,00;
17182;11700;7719;1;280,00;0,00;
17183;11701;9074;;;0,00;
17184;11703;1534;1;130,00;0,00;
17185;11705;8552;1;190,00;0,00;
17186;11706;5627;1;1.000,00;0,00;
17187;11706;9074;1;400,00;0,00;
17188;11707;1533;1;90,00;0,00;
17189;11708;7821;1;280,00;0,00;
17190;11707;1533;1;90,00;0,00;
17191;11707;1326;1;100,00;0,00;
17192;11709;1542;0,5;175,00;0,00;
17193;11710;7628;1;190,00;0,00;
17194;11712;8300;1;750,00;0,00;
17195;11712;7821;1;290,00;0,00;
17196;11713;8668;1;60,00;0,00;
17197;11714;6292;1;100,00;0,00;
17198;11715;1534;1;290,00;0,00;
17199;11716;6767;1;530,00;0,00;
17200;11718;1534;1;180,00;0,00;
17201;11719;8552;1;190,00;0,00;
17202;11720;8573;1;280,00;0,00;
17204;11721;1542;1;360,00;0,00;
17206;11721;8810;1;890,00;0,00;
17207;11722;1542;1;350,00;0,00;
17208;11723;8310;1;600,00;0,00;
17209;11723;7126;1;530,00;0,00;
17211;11725;1534;1;180,00;0,00;
17212;11725;7821;1;290,00;0,00;
17213;11725;1542;1;350,00;0,00;
17214;11725;9139;1;260,00;0,00;
17218;11696;5627;0,5;450,00;0,00;
17220;11724;8285;1;1.044,00;0,00;
17222;11726;1542;1;350,00;0,00;
17223;11726;8355;1;350,00;0,00;
17224;11727;7628;1;200,00;0,00;
17229;11729;7733;1;280,00;0,00;
17232;11729;9161;1;2.400,00;0,00;
17233;11730;7953;1;200,00;0,00;
17234;11731;7821;1;260,00;0,00;
17235;11732;8725;1;450,00;0,00;
17236;11732;7810;1;220,00;0,00;
17237;11733;7628;1;190,00;0,00;
17238;11735;7821;1;190,00;0,00;
17240;11736;8175;1;1.280,00;0,00;
17241;11737;7972;1;290,00;0,00;
17242;11738;1534;1;160,00;0,00;
17243;11739;1542;2;700,00;0,00;
17244;11739;8355;1;490,00;0,00;
17245;11740;8987;1;990,00;0,00;
17246;11740;7628;1;350,00;0,00;
17247;11742;7628;1;190,00;0,00;
17248;11744;1534;1;160,00;0,00;
17249;11744;8552;1;190,00;0,00;
17250;11745;7953;1;250,00;0,00;
17251;11746;7628;1;190,00;0,00;
17252;11747;7953;1;250,00;0,00;
17253;11747;8866;1;980,00;0,00;
17254;11748;1542;1;330,00;0,00;
17255;11748;7821;1;220,00;0,00;
17256;11749;7953;1;250,00;0,00;
17257;11749;8355;1;450,00;0,00;
17259;11750;1542;0,5;175,00;0,00;
17260;11750;1533;0,5;75,00;0,00;
17261;11751;7953;1;225,00;0,00;
17262;11753;9162;1;450,00;0,00;
17263;11753;8232;1;1.280,00;0,00;
17264;11754;9138;1;160,00;0,00;
17265;11755;7485;1;280,00;0,00;
17266;11757;4568;1;350,00;0,00;
17267;11757;1760;1;950,00;0,00;
17268;11758;7953;1;250,00;0,00;
17269;11759;1405;1;100,00;0,00;
17270;11759;1534;1;220,00;0,00;
17271;11760;1721;1;790,00;0,00;
17272;11762;1534;1;150,00;0,00;
17273;11762;7485;1;250,00;0,00;
17275;11763;1533;1;150,00;0,00;
17276;11764;1533;1;120,00;0,00;
17277;11764;1321;1;160,00;0,00;
17278;11765;7511;1;450,00;0,00;
17279;11765;1760;1;690,00;0,00;
17280;11766;1534;0,5;65,00;0,00;
17281;11767;1542;1;350,00;0,00;
17282;11768;8355;1;450,00;0,00;
17284;11768;7953;1;250,00;0,00;
17285;11769;1534;2;320,00;0,00;
17286;11771;9139;1;350,00;0,00;
17287;11771;1760;1;650,00;0,00;
17288;11773;7953;1;250,00;0,00;
17289;11774;1534;1;180,00;0,00;
17290;11775;7719;1;280,00;0,00;
17293;11776;9164;1;300,00;0,00;
17294;11776;1542;1;300,00;0,00;
17295;11777;1349;1;190,00;0,00;
17296;11777;1542;1;350,00;0,00;
17297;11778;7719;1;280,00;0,00;
17298;11779;7821;1;280,00;0,00;
17299;11779;1534;1;250,00;0,00;
17300;11780;7953;1;250,00;0,00;
17301;11780;5060;1;360,00;0,00;
17302;11780;7628;1;100,00;0,00;
17303;11780;9090;1;690,00;0,00;
17304;11781;1534;1;160,00;0,00;
17305;11781;1542;1;350,00;0,00;
17306;11781;1371;1;180,00;0,00;
17307;11782;1673;1;94,00;0,00;
17308;11783;1349;1;220,00;0,00;
17309;11783;1760;1;590,00;0,00;
17310;11784;7719;1;280,00;0,00;
17311;11785;8818;1;980,00;0,00;
17312;11785;7953;1;160,00;0,00;
17313;11786;7953;1;250,00;0,00;
17314;11786;1349;1;220,00;0,00;
17315;11788;1534;1;160,00;0,00;
17316;11788;7821;1;280,00;0,00;
17317;11789;1542;1;350,00;0,00;
17318;11789;1349;1;180,00;0,00;
17319;11790;1534;1;160,00;0,00;
17320;11790;9048;1;650,00;0,00;
17321;11792;5627;1;1.600,00;0,00;
17322;11792;7402;1;280,00;0,00;
17323;11793;4581;1;280,00;0,00;
17324;11795;1542;1;350,00;0,00;
17325;11796;5134;1;120,00;0,00;
17326;11797;7821;1;280,00;0,00;
17327;11797;1542;1;350,00;0,00;
17328;11797;9132;1;250,00;0,00;
17330;11798;1548;1;180,00;0,00;
17332;11800;1548;1;250,00;0,00;
17333;11801;1542;1;300,00;0,00;
17334;11802;7485;1;380,00;0,00;
17335;11803;7485;1;300,00;0,00;
17336;11803;6347;1;600,00;0,00;
17337;11804;1542;1;290,00;0,00;
17338;11805;1542;1;350,00;0,00;
17339;11805;1843;1;170,00;0,00;
17341;11806;7821;1;390,00;0,00;
17342;11807;7953;1;250,00;0,00;
17343;11807;1349;1;280,00;0,00;
17345;11806;9111;1;3.000,00;0,00;
17347;11808;7821;1;260,00;0,00;
17348;11809;1542;1;280,00;0,00;
17349;11811;1542;1;400,00;0,00;
17350;11812;1542;1;200,00;0,00;
17351;11812;5627;1;820,00;0,00;
17352;11812;7972;1;280,00;0,00;
17353;11816;1534;1;160,00;0,00;
17354;11816;8355;1;450,00;0,00;
17355;11817;1542;0,5;450,00;0,00;
17356;11817;1533;0,5;130,00;0,00;
17357;11818;8987;1;990,00;0,00;
17358;11818;9041;1;750,00;0,00;
17359;11819;1760;1;810,00;0,00;
17360;11819;8552;1;190,00;0,00;
17362;11822;8552;1;170,00;0,00;
17363;11820;1542;1;350,00;0,00;
17364;11820;8355;1;550,00;0,00;
17365;11824;7821;1;280,00;0,00;
17366;11825;5627;1;880,00;0,00;
17367;11827;1534;1;160,00;0,00;
17368;11827;7821;1;280,00;0,00;
17369;11828;1534;1;160,00;0,00;
17371;11799;9167;1;731,00;0,00;
17372;11829;1534;1;160,00;0,00;
17373;11830;7953;1;250,00;0,00;
17374;11830;7821;1;380,00;0,00;
17375;11832;7953;1;250,00;0,00;
17376;11832;7821;1;250,00;0,00;
17377;11833;5627;0,5;370,00;0,00;
17378;11834;1843;1;190,00;0,00;
17379;11835;1542;1;350,00;0,00;
17380;11836;1542;1;350,00;0,00;
17381;11836;6292;1;290,00;0,00;
17382;11837;1542;1;350,00;0,00;
17383;11837;7821;1;380,00;0,00;
17384;11838;7810;1;240,00;0,00;
17385;11838;7987;1;490,00;0,00;
17386;11838;7987;1;490,00;0,00;
17387;11839;7821;1;250,00;0,00;
17388;11840;8175;1;1.280,00;0,00;
17389;11840;8355;1;520,00;0,00;
17390;11841;7972;1;380,00;0,00;
17391;11842;2088;1;1.200,00;0,00;
17392;11842;7821;1;380,00;0,00;
17393;11843;8826;1;590,00;0,00;
17394;11844;7953;1;250,00;0,00;
17395;11844;7821;1;280,00;0,00;
17396;11845;1542;0,5;175,00;0,00;
17397;11846;4991;1;190,00;0,00;
17398;11848;8310;1;650,00;0,00;
17399;11849;1534;1;160,00;0,00;
17400;11849;7821;1;280,00;0,00;
17401;11843;8829;1;590,00;0,00;
17402;11850;7953;1;250,00;0,00;
17403;11850;7821;1;350,00;0,00;
17404;11851;8552;1;170,00;0,00;
17405;11852;8273;0,5;325,00;0,00;
17406;11853;8573;1;180,00;0,00;
17407;11854;7953;1;250,00;0,00;
17408;11854;6292;1;190,00;0,00;
17409;11855;7972;1;380,00;0,00;
17410;11856;9074;1;650,00;0,00;
17411;11856;7821;1;330,00;0,00;
17412;11857;1534;1;160,00;0,00;
17413;11858;9139;1;190,00;0,00;
17414;11859;9074;1;650,00;0,00;
17415;11860;7810;1;220,00;0,00;
17416;11860;7972;1;380,00;0,00;
17417;11861;5378;1;160,00;0,00;
17418;11862;1534;1;160,00;0,00;
17419;11862;6292;1;190,00;0,00;
17420;11863;1542;1;310,00;0,00;
17421;11863;8552;1;160,00;0,00;
17422;11863;8553;1;290,00;0,00;
17423;11865;7821;1;350,00;0,00;
17424;11866;1542;1;300,00;0,00;
17425;11866;8355;1;500,00;0,00;
17426;11867;7821;1;230,00;0,00;
17427;11868;7953;1;250,00;0,00;
17428;11869;1542;1;350,00;0,00;
17429;11870;1542;1;350,00;0,00;
17430;11870;7821;1;380,00;0,00;
17431;11871;8552;1;100,00;0,00;
17432;11872;8355;1;470,00;0,00;
17433;11872;7810;1;80,00;0,00;
17434;11873;1534;1;160,00;0,00;
17435;11873;7821;1;290,00;0,00;
17436;11874;6292;1;170,00;0,00;
17437;11875;1542;1;350,00;0,00;
17438;11875;8355;1;550,00;0,00;
17439;11875;1542;1;350,00;0,00;
17440;11868;7953;1;250,00;0,00;
17441;11868;7821;1;290,00;0,00;
17442;11876;7821;1;250,00;0,00;
17443;11877;7953;1;250,00;0,00;
17444;11877;7821;1;290,00;0,00;
17445;11878;1534;1;160,00;0,00;
17446;11878;7821;1;380,00;0,00;
17447;11879;8217;1;540,00;0,00;
17448;11879;7953;1;230,00;0,00;
17449;11879;1533;1;150,00;0,00;
17450;11880;7953;1;250,00;0,00;
17451;11881;4497;1;150,00;0,00;
17452;11882;7953;1;240,00;0,00;
17453;11882;8355;1;430,00;0,00;
17454;11883;7628;1;280,00;0,00;
17456;11884;1534;1;160,00;0,00;
17457;11884;7821;1;240,00;0,00;
17459;11883;9168;1;800,00;0,00;
17460;11885;7821;1;280,00;0,00;
