Código;Codigo;Lk_Marca;Modelo;Tipo;Valor Compra;Imposto Compra;Valor Venda;Quantidade;Data;Logo;solar/rec;DataUltimaAlteração;tabela?;pedir estoque?;Molde;caminho
0;8243;;;;;;;0;;;3;;FALSO;FALSO;0;
1;831;1;AH6067 D04;;26,85;179,00;429,00;0;;;2;07/03/2007;VERDADEIRO;FALSO;;\\TATI\Programa\FOTOS\AH6067 D04.jpg
2;832;1;AH1004 01C;;0,00;0,00;429,00;0;;;2;;VERDADEIRO;FALSO;;
3;833;1;AH1012 02B;;0,00;0,00;429,00;0;;;2;;VERDADEIRO;FALSO;;
4;834;1;AH1021 01J;;0,00;0,00;386,00;0;;;2;;VERDADEIRO;FALSO;;
5;835;1;AH1026 F93;;183,00;0,00;439,00;0;;;2;;VERDADEIRO;FALSO;;
6;836;1;AH1026 M01;;0,00;0,00;429,00;0;;;2;;VERDADEIRO;FALSO;;
7;837;1;AH1027 H14;;0,00;0,00;429,00;0;;;2;;VERDADEIRO;FALSO;;
8;838;1;AH1027 H17;;0,00;0,00;429,00;0;;;2;;VERDADEIRO;FALSO;;
9;839;1;AH26 08B;;0,00;0,00;333,00;0;;;2;;VERDADEIRO;FALSO;;
10;840;1;AH6004 A01;;0,00;0,00;333,00;0;;;2;;VERDADEIRO;FALSO;;
11;841;1;AH6004 H16;;167,20;0,00;333,00;0;;;2;20/03/2008;VERDADEIRO;FALSO;;
12;842;1;AH6011 A01;;0,00;0,00;429,00;0;;;2;;VERDADEIRO;FALSO;;
13;843;1;AH6011 B72;;0,00;0,00;429,00;0;;;2;;VERDADEIRO;FALSO;;
14;844;1;AH6011 D04;;0,00;0,00;429,00;0;;;2;;VERDADEIRO;FALSO;;
15;845;1;AH6011 E44;;178,75;0,00;429,00;0;;;2;29/04/2008;VERDADEIRO;FALSO;;
17;846;1;AH6040 A01;;0,00;0,00;453,00;0;;;2;;VERDADEIRO;FALSO;;
18;847;1;AH6040 F13;;0,00;0,00;0,00;0;;;2;;VERDADEIRO;FALSO;;
19;848;1;AH6040 H15;;0,00;0,00;453,00;0;;;2;;VERDADEIRO;FALSO;;
20;849;1;AH6045 H13;;160,00;0,00;384,00;0;;;2;11/10/2007;VERDADEIRO;FALSO;;
21;850;1;AH6058 F51;;168,00;0,00;386,00;0;;;2;17/02/2007;VERDADEIRO;FALSO;;
22;851;1;AH6065 B67;;195,40;0,00;429,00;0;;;2;15/08/2008;VERDADEIRO;FALSO;;
23;852;1;AH6067 A01;;201,00;0,00;484,00;0;;;2;;VERDADEIRO;FALSO;;
24;853;1;AH6068 C93;;198,75;0,00;477,00;0;;;2;23/02/2007;VERDADEIRO;FALSO;;
25;854;1;AH6070 C94;;0,00;0,00;477,00;0;;;2;;VERDADEIRO;FALSO;;
26;910;3;B   8943   L205315;;0,00;0,00;296,00;0;;;2;20/11/2006;FALSO;FALSO;;
27;911;3;B   8943   L21 5315;;0,00;0,00;296,00;0;;;2;;FALSO;FALSO;;
28;912;3;B   8402   LR85017;;0,00;0,00;305,00;0;;;2;;FALSO;FALSO;;
29;913;3;B   8402   LR8 5017;;0,00;0,00;305,00;0;;;2;;FALSO;FALSO;;
30;914;3;B   8943   L19 5315;;0,00;0,00;296,00;0;;;2;;FALSO;FALSO;;
31;915;3;B   8402   BN9 5017;;0,00;0,00;298,00;0;;;2;;FALSO;FALSO;;
32;916;3;B   8446   CE4 5315;;0,00;0,00;598,00;0;;;2;;FALSO;FALSO;;
33;932;4;BV   455B   502;;0,00;0,00;1.037,00;0;;;2;;FALSO;FALSO;;
34;933;4;BV   448   739;;0,00;0,00;1.049,00;0;;;2;;FALSO;FALSO;;
35;934;4;BV   456B   502;;0,00;0,00;1.190,00;0;;;2;;FALSO;FALSO;;
36;935;4;BV   453T   786;;0,00;0,00;1.198,00;0;;;2;;FALSO;FALSO;;
37;946;5;CA   7113   D1L;;0,00;0,00;600,00;0;;;2;;FALSO;FALSO;;
38;947;5;CA   7138   W6G;;0,00;0,00;211,00;0;;;2;;FALSO;FALSO;;
39;948;5;CA   7196   P18;;0,00;0,00;413,00;0;;;2;;FALSO;FALSO;;
40;949;5;CA   7247   92H;;0,00;0,00;369,00;0;;;2;;FALSO;FALSO;;
41;950;5;CA   7221   91N;;0,00;0,00;391,00;0;;;2;;FALSO;FALSO;;
42;951;5;CA   7185   71B;;0,00;0,00;385,00;0;;;2;;FALSO;FALSO;;
43;952;5;CA   7247   15Q;;0,00;0,00;369,00;0;;;2;;FALSO;FALSO;;
44;953;5;CA   7125D   T3N;;0,00;0,00;589,00;0;;;2;;FALSO;FALSO;;
45;954;5;CA   7120   K2Y;;0,00;0,00;395,00;0;;;2;;FALSO;FALSO;;
46;955;5;CA  7334    003 5218;;0,00;0,00;349,00;0;;;2;;FALSO;FALSO;;
47;956;5;CA  7280   02M 5218;;0,00;0,00;279,00;0;;;2;;FALSO;FALSO;;
48;957;5;CA  7280   02P 5218;;0,00;0,00;279,00;0;;;2;13/04/2007;VERDADEIRO;FALSO;;
49;958;5;CA 6162 KXY 135;aro - acetato;0,00;0,00;469,00;1;;;2;;FALSO;FALSO;;
50;15;6;1102 065;;0,00;0,00;1.352,00;0;;;2;;FALSO;FALSO;;
51;16;6;1102 066;;0,00;0,00;1.352,00;0;;;2;;FALSO;FALSO;;
52;17;6;1103 061;;0,00;0,00;1.231,00;0;;;2;;FALSO;FALSO;;
53;18;6;3006B 502;;0,00;0,00;1.352,00;0;;;2;;FALSO;FALSO;;
54;19;6;3008B 631;;0,00;0,00;1.790,00;0;;;2;;FALSO;FALSO;;
55;20;6;3002B 501;;0,00;0,00;1.349,00;0;;;2;;FALSO;FALSO;;
56;21;6;3002B 502;;562,32;0,00;1.349,00;0;;;2;23/02/2008;FALSO;FALSO;;
57;57;7;DV   0004   BP8 5315;;0,00;0,00;399,00;0;;;2;;FALSO;FALSO;;
58;58;7;DV   0001   F2H 5217;;0,00;0,00;424,00;0;;;2;;FALSO;FALSO;;
59;59;7;DV   0001   KE3 5217;;0,00;0,00;424,00;0;;;2;;FALSO;FALSO;;
60;60;7;DV   0001   F2C 5217;;0,00;0,00;424,00;0;;;2;;FALSO;FALSO;;
61;61;7;DV   0005   D4T 5116;;0,00;0,00;429,00;0;;;2;;FALSO;FALSO;;
62;62;7;ALPHARAY   3E3 5116;;0,00;0,00;253,00;0;;;2;;FALSO;FALSO;;
63;63;7;DV   0009  YE4 5117;;0,00;0,00;549,00;0;;;2;;FALSO;FALSO;;
64;64;7;ALPHARAY 9U6 5116;;0,00;0,00;255,00;0;;;2;;FALSO;FALSO;;
65;65;7;ALPHARAY 9U5 5116;;0,00;0,00;255,00;0;;;2;;FALSO;FALSO;;
66;66;7;DV   0007   003 5120;;0,00;0,00;499,00;0;;;2;;FALSO;FALSO;;
67;67;7;LINKISCAN  003 5120;;0,00;0,00;574,00;0;;;2;;FALSO;FALSO;;
68;68;7;DV   003  086 5414;;0,00;0,00;429,00;0;;;2;;FALSO;FALSO;;
69;114;8;CD 3047   T54;;0,00;0,00;559,00;0;;;2;;FALSO;FALSO;;
70;115;8;CD 3063   8X5;;0,00;0,00;660,00;0;;;2;;FALSO;FALSO;;
71;116;8;CD 3052   HM6;;0,00;0,00;588,00;0;;;2;;FALSO;FALSO;;
72;117;8;CD 3059   T50;;0,00;0,00;762,00;0;;;2;;FALSO;FALSO;;
73;118;8;CD 3047   K00;;0,00;0,00;559,00;0;;;2;;FALSO;FALSO;;
74;119;8;CD 3061   T54;;0,00;0,00;798,00;0;;;2;;FALSO;FALSO;;
75;120;8;CD 3064    8X3;;235,00;0,00;660,00;0;;;2;;FALSO;FALSO;;
76;121;8;CD 3052   T59 5314;;0,00;0,00;588,00;0;;;2;;FALSO;FALSO;;
77;122;8;CD 3051   HM6 5215;;0,00;0,00;543,00;0;;;2;;FALSO;FALSO;;
78;123;8;CD 3051/STRASS   HN3 5215;;0,00;0,00;561,00;0;;;2;;FALSO;FALSO;;
79;124;8;CD 3063   HM2 5313;;0,00;0,00;589,00;0;;;2;;FALSO;FALSO;;
80;125;8;CD 3051   T54 5215;;265,00;0,00;541,00;0;;;2;13/03/2008;FALSO;FALSO;;
81;126;8;CD 3063   HM4 5313;;0,00;0,00;589,00;0;;;2;;FALSO;FALSO;;
82;127;8;CD 3081/STRSS   E2B 5314;;0,00;0,00;1.480,00;0;;;2;;FALSO;FALSO;;
83;128;8;CD 3051   T50 5215;;0,00;0,00;622,00;0;;;2;;FALSO;FALSO;;
84;193;10;E2724   A;;0,00;0,00;372,00;0;;;2;;FALSO;FALSO;;
85;194;10;E5744   A;;0,00;0,00;430,00;0;;;2;;FALSO;FALSO;;
86;195;10;E5751   B;;0,00;0,00;430,00;0;;;2;;FALSO;FALSO;;
87;196;10;E5756   A;;0,00;0,00;430,00;0;;;2;;FALSO;FALSO;;
88;197;10;E1748   B;;0,00;0,00;430,00;0;;;2;;FALSO;FALSO;;
89;198;10;E5744   D;;0,00;0,00;430,00;0;;;2;;FALSO;FALSO;;
90;199;10;E2718   C;;0,00;0,00;437,00;0;;;2;;FALSO;FALSO;;
91;200;10;E5755   B;;0,00;0,00;434,00;0;;;2;;FALSO;FALSO;;
92;201;10;E2716   B;;0,00;0,00;290,00;0;;;2;;FALSO;FALSO;;
93;202;10;E5737   A;;0,00;0,00;430,00;0;;;2;;FALSO;FALSO;;
94;203;10;E1742   B;;0,00;0,00;430,00;0;;;2;;FALSO;FALSO;;
95;204;10;E1743   C;;0,00;0,00;430,00;0;;;2;;FALSO;FALSO;316;
96;205;10;E2716   A;;0,00;0,00;290,00;0;;;2;;FALSO;FALSO;;
97;206;10;E2718   B;;0,00;0,00;437,00;0;;;2;;FALSO;FALSO;;
98;207;10;E6009   C;;0,00;0,00;295,00;0;;;2;;FALSO;FALSO;;
99;208;10;E2711   B;;159,50;0,00;292,00;0;;;2;26/02/2008;FALSO;FALSO;;
100;209;10;E2711   C;;0,00;0,00;292,00;0;;;2;;FALSO;FALSO;;
101;210;10;E2711   A;;0,00;0,00;292,00;0;;;2;;FALSO;FALSO;;
102;217;11;VES017S;;0,00;0,00;866,00;0;;;2;;FALSO;FALSO;;
103;218;11;VES023S;;0,00;0,00;837,00;0;;;2;;VERDADEIRO;FALSO;;
104;219;11;VES028S;;0,00;0,00;837,00;0;;;2;;FALSO;FALSO;;
105;220;11;VES029S;;0,00;0,00;837,00;0;;;2;;FALSO;FALSO;;
106;236;13;GA   165   003;;0,00;0,00;783,00;0;;;2;;FALSO;FALSO;;
107;237;13;GA   8   9Q9;;0,00;0,00;589,00;0;;;2;;FALSO;FALSO;;
108;238;13;GA   5   9Q7;;0,00;0,00;569,00;0;;;2;;FALSO;FALSO;;
109;239;13;GA   18;;0,00;0,00;798,00;0;;;2;;FALSO;FALSO;;
110;240;13;GA   4   Y62;;0,00;0,00;792,00;0;;;2;;FALSO;FALSO;;
111;241;13;GA   8   83P8;;0,00;0,00;0,00;0;;;2;;FALSO;FALSO;;
112;242;13;GA   16   5010;;0,00;0,00;877,00;0;;;2;;FALSO;FALSO;;
113;243;13;GA   16   7VL2;;0,00;0,00;877,00;0;;;2;;FALSO;FALSO;;
114;244;13;GA   16   5VL7;;0,00;0,00;877,00;0;;;2;;FALSO;FALSO;;
115;245;13;GA   88   W3L;;0,00;0,00;820,00;0;;;2;;FALSO;FALSO;;
116;246;13;GA   16   5003;;0,00;0,00;877,00;0;;;2;;FALSO;FALSO;;
117;247;13;GA   76   W7L;;0,00;0,00;689,00;0;;;2;;FALSO;FALSO;;
118;248;13;GA   88   HE3;;0,00;0,00;820,00;0;;;2;;FALSO;FALSO;;
119;249;13;GA   276LB;;0,00;0,00;595,00;0;;;2;;FALSO;FALSO;;
120;250;13;GA   32/N   9R6;;0,00;0,00;657,00;0;;;2;;FALSO;FALSO;;
121;251;13;2233;;0,00;0,00;689,00;0;;;2;;FALSO;FALSO;;
122;252;13;GA   169   R3;;0,00;0,00;0,00;0;;;2;;FALSO;FALSO;;
123;253;13;GA   158   B7;;0,00;0,00;715,00;0;;;2;;FALSO;FALSO;;
124;254;13;GA   100   MH9;;0,00;0,00;769,00;0;;;2;;FALSO;FALSO;;
125;255;13;GA 13 8B8;;0,00;0,00;739,00;0;;;2;;FALSO;FALSO;;
126;256;13;GA   178   B8;;178,00;0,00;719,00;0;;;2;;FALSO;FALSO;;
127;327;15;GU 2026   44   0920;;0,00;0,00;210,00;0;;;2;;VERDADEIRO;FALSO;;
128;328;15;GU 2158   51   8335;;0,00;0,00;262,00;0;;;2;;VERDADEIRO;FALSO;967;
129;329;15;GU 11121 48   MBLK;;0,00;0,00;325,00;0;;;2;;VERDADEIRO;FALSO;;
130;330;15;GU 1280   50   GUN;;0,00;0,00;328,00;0;;;2;;VERDADEIRO;FALSO;1031;
131;331;15;GU 1209   50   GRY;;0,00;0,00;266,00;0;;;2;;VERDADEIRO;FALSO;;
132;332;15;GU 1210   50   BL;;0,00;0,00;266,00;0;;;2;;VERDADEIRO;FALSO;;
133;333;15;GU 1258   50   BL;;0,00;0,00;279,00;0;;;2;;VERDADEIRO;FALSO;;
134;334;15;GU 2027   44   0368;;0,00;0,00;194,00;0;;;2;;VERDADEIRO;FALSO;;
135;335;15;GU 1280   50   BU;;0,00;0,00;325,00;0;;;2;;VERDADEIRO;FALSO;;
136;336;15;GU 1282   50   CH;;0,00;0,00;325,00;0;;;2;;VERDADEIRO;FALSO;;
137;337;15;GU 1121   48   MBLK;;0,00;0,00;320,00;0;;;2;;VERDADEIRO;FALSO;;
138;338;15;GU 4144   51   BLKW;;0,00;0,00;374,00;0;;;2;;VERDADEIRO;FALSO;;
139;339;15;GU 1316   51   BRN;;0,00;0,00;299,00;0;;;2;;VERDADEIRO;FALSO;;
140;340;15;GU 2016   48   1005;;0,00;0,00;193,00;0;;;2;;VERDADEIRO;FALSO;;
141;341;15;GU 2140   47   1492;;0,00;0,00;193,00;0;;;2;;VERDADEIRO;FALSO;;
142;1120;17;MU   50BV   5AK101;;0,00;0,00;754,00;0;;;2;;FALSO;FALSO;;
143;1121;17;MU   01BV   2BY101;;0,00;0,00;666,00;0;;;2;04/08/2008;FALSO;FALSO;;
144;1122;17;MU   09CV   1AB101;;0,00;0,00;1.174,00;0;;;2;;FALSO;FALSO;;
145;1123;17;MU   16CV   4BZ101;;0,00;0,00;1.089,00;0;;;2;;FALSO;FALSO;;
146;1124;17;MU   16CV   5BN101;;0,00;0,00;1.029,00;0;;;2;;FALSO;FALSO;;
148;1125;17;MU   08CV   5BY101;;0,00;0,00;669,00;0;;;2;;FALSO;FALSO;;
149;1126;17;MU   01CV   5BM101;;0,00;0,00;735,90;-1;;;2;;VERDADEIRO;FALSO;;
150;1127;17;MU   60CV   8AF101;;0,00;0,00;695,00;0;;;2;;FALSO;FALSO;;
151;1128;17;MU   01CV/ 5BM1O1;;0,00;0,00;696,00;0;;;2;;FALSO;FALSO;;
152;1129;17;MU   15CV 5BN1O1;;0,00;0,00;696,00;0;;;2;;FALSO;FALSO;;
153;1130;17;MU   18CV   5BS1O1;;0,00;0,00;696,00;0;;;2;;FALSO;FALSO;;
154;1131;17;MU   20CV   3AM1O1;;0,00;0,00;696,00;0;;;2;;FALSO;FALSO;;
155;1156;18;MO 128 CO50/516602;;52,50;0,00;211,00;0;;;2;;FALSO;FALSO;;
156;1157;18;14667550   MO 132 60/506648;;0,00;0,00;189,00;0;;;2;02/09/2008;FALSO;FALSO;;
157;1158;18;19928250   MO 183 507554;;0,00;0,00;218,00;0;;;2;;FALSO;FALSO;;
158;1159;18;20028650   MO 184 COL111/507558;;0,00;0,00;205,00;0;;;2;;FALSO;FALSO;;
159;1160;18;20128549   MO 185 COL110/497559;;0,00;0,00;205,00;0;;;2;;FALSO;FALSO;;
160;1161;18;20128749   MO 185 COL112/497560;;0,00;0,00;205,00;0;;;2;;FALSO;FALSO;;
161;1162;18;MO 186 COL113/507565;;0,00;0,00;205,00;0;;;2;;FALSO;FALSO;;
162;1163;18;20328549   MO 187 COL110/497573;;0,00;0,00;205,00;0;;;2;;FALSO;FALSO;;
163;1164;18;20429149   MO 191 COL161/497577;;0,00;0,00;289,00;0;;;2;;FALSO;FALSO;;
164;1165;18;20429349   MO 191 COL160/497576;;0,00;0,00;289,00;0;;;2;;FALSO;FALSO;;
165;1166;18;20529251   MO 192 COL162/517581;;0,00;0,00;289,00;0;;;2;;FALSO;FALSO;;
166;1607;20;PR   09FV 2BP1O1;;0,00;0,00;998,00;0;;;2;;FALSO;FALSO;;
167;1608;20;PR   05GV ZAU1O1;;0,00;0,00;1.090,00;0;;;2;;FALSO;FALSO;;
168;1609;20;PR   09G SAY 1O1;;0,00;0,00;998,00;0;;;2;;FALSO;FALSO;;
169;1610;20;PR   16GV 78S1O1;;0,00;0,00;998,00;0;;;2;;FALSO;FALSO;;
170;1611;20;PR   16GV 7BH1O1;;0,00;0,00;998,00;0;;;2;;FALSO;FALSO;;
171;1612;20;PR   57GV 5K1O1;;0,00;0,00;1.173,00;0;;;2;;FALSO;FALSO;;
172;1613;20;PR   60FV 1BO1O1;;0,00;0,00;1.173,00;0;;;2;;FALSO;FALSO;;
173;1686;22;RX 5024   2031;;0,00;0,00;444,00;0;;;2;;FALSO;FALSO;;
174;1687;22;RX 5028   2004;;0,00;0,00;404,00;0;;;2;;FALSO;FALSO;;
175;1688;22;RX 5031   2091;;0,00;0,00;444,00;0;;;2;;FALSO;FALSO;;
176;1689;22;RX 5033   2093;;0,00;0,00;444,00;0;;;2;;FALSO;FALSO;;
177;1690;22;RX 5039   2034;;0,00;0,00;404,00;0;;;2;;FALSO;FALSO;;
178;1691;22;RX 5042   2034;;0,00;0,00;444,00;0;;;2;;FALSO;FALSO;;
179;1692;22;RX 5042   2122;;0,00;0,00;444,00;0;;;2;;FALSO;FALSO;;
180;1693;22;RX 5043   2034;;0,00;0,00;444,00;0;;;2;;FALSO;FALSO;;
181;1694;22;RX 5044   2130;;0,00;0,00;404,00;0;;;2;;FALSO;FALSO;;
182;1695;22;RX 5049   2001;;0,00;0,00;486,00;0;;;2;;FALSO;FALSO;;
183;1696;22;RX 5051   2000;;0,00;0,00;486,00;0;;;2;;FALSO;FALSO;;
184;1697;22;RX 5051   2144;;0,00;0,00;486,00;0;;;2;;FALSO;FALSO;;
185;1698;22;RX 5058   2162;;0,00;0,00;444,00;0;;;2;;FALSO;FALSO;;
186;1699;22;RX 6062   2509;;0,00;0,00;471,00;0;;;2;;FALSO;FALSO;;
187;1700;22;RX 6066   2531;;0,00;0,00;495,00;0;;;2;;FALSO;FALSO;;
188;1701;22;RX 6067   2541;;0,00;0,00;495,00;0;;;2;;FALSO;FALSO;;
189;1702;22;RX 6071   2503;;0,00;0,00;474,00;0;;;2;;FALSO;FALSO;;
190;1703;22;RX 6074   2509;;0,00;0,00;495,00;0;;;2;;FALSO;FALSO;;
191;1704;22;RX 6075   2511;;0,00;0,00;495,00;0;;;2;;FALSO;FALSO;;
192;1705;22;RX 6076   2509;;0,00;0,00;495,00;0;;;2;;FALSO;FALSO;;
193;1706;22;RX 6082   2531;;0,00;0,00;495,00;0;;;2;;FALSO;FALSO;;
194;1707;22;RX 6082   2556;;0,00;0,00;495,00;0;;;2;;FALSO;FALSO;;
195;1708;22;RX 7002K   2046;;0,00;0,00;486,00;0;;;2;;FALSO;FALSO;;
196;1709;22;RX 8508   1003;;0,00;0,00;567,00;0;;;2;;FALSO;FALSO;;
197;1710;22;RX 6060   2503;;0,00;0,00;448,00;0;;;2;;FALSO;FALSO;;
198;1711;22;RX 6083   2509;;0,00;0,00;495,00;0;;;2;;FALSO;FALSO;;
199;1712;22;RX 5006   2003;;0,00;0,00;444,00;0;;;2;;FALSO;FALSO;;
200;1713;22;RX 5052   2146;;204,89;0,00;444,00;0;;;2;12/06/2008;FALSO;FALSO;;
201;1714;22;RX 7004   2001;;0,00;0,00;486,00;0;;;2;;FALSO;FALSO;;
202;1715;22;RX 6091   2509;;0,00;0,00;497,00;0;;;2;;FALSO;FALSO;;
203;1716;22;RX 6091   2531;;0,00;0,00;497,00;0;;;2;;FALSO;FALSO;;
204;1717;22;RX 5028   2016;;0,00;0,00;404,00;0;;;2;;FALSO;FALSO;;
205;1718;22;RX 5028   2071;;0,00;0,00;404,00;0;;;2;;FALSO;FALSO;;
206;1719;22;RX 5028   2133;;0,00;0,00;404,00;0;;;2;;FALSO;FALSO;;
207;1720;22;RX 6074   2541;;0,00;0,00;495,00;0;;;2;;FALSO;FALSO;;
208;1721;22;RX 6076   2501;;0,00;0,00;495,00;0;;;2;;FALSO;FALSO;;
210;1722;22;RY 1001T   3005;;0,00;0,00;424,00;0;;;2;;FALSO;FALSO;;
211;1723;22;RY 1504T  3517;;0,00;0,00;389,00;0;;;2;;FALSO;FALSO;;
212;1724;22;RY 1506   3507;;0,00;0,00;316,00;0;;;2;;FALSO;FALSO;;
214;1725;22;RY 1606 3511;;0,00;0,00;316,00;0;;;2;;FALSO;FALSO;;
215;1726;22;RX 6092   2502;;0,00;0,00;496,00;0;;;2;;FALSO;FALSO;;
216;1727;22;RY 1008T   3013;;0,00;0,00;429,00;0;;;2;;FALSO;FALSO;;
217;1728;22;RY 1008T   3017;;0,00;0,00;429,00;0;;;2;;FALSO;FALSO;;
218;2237;23;B8012   A;;0,00;0,00;609,00;0;;;2;;FALSO;FALSO;;
219;2257;24;AR 3139;;0,00;0,00;354,00;0;;;2;;FALSO;FALSO;;
220;2258;24;AR 3152;;0,00;0,00;319,00;0;;;2;;FALSO;FALSO;;
221;2259;24;AR 3153;;0,00;0,00;319,00;0;;;2;;VERDADEIRO;FALSO;;
222;2260;24;AR 3154;;0,00;0,00;319,00;0;;;2;;VERDADEIRO;FALSO;383;
223;2261;24;AR 3163;;149,30;0,00;338,00;0;;;2;04/03/2008;FALSO;FALSO;;
224;2262;24;AR 3143;;0,00;0,00;411,00;0;;;2;;FALSO;FALSO;;
225;2263;24;AR 3151;;172,00;0,00;411,00;0;;;2;26/04/2007;VERDADEIRO;FALSO;;
226;2264;24;AR 3155;;0,00;0,00;349,00;0;;;2;;FALSO;FALSO;;
227;2265;24;AR 3234;;0,00;0,00;349,00;0;;;2;;VERDADEIRO;FALSO;;
228;3523;41;SD121   862;;0,00;0,00;466,00;0;;;2;;FALSO;FALSO;;
229;3524;41;ELASTA   7037;;0,00;0,00;444,00;0;;;2;;FALSO;FALSO;;
230;3525;41;ELASTA   7014;;0,00;0,00;512,00;0;;;2;;FALSO;FALSO;;
231;3526;41;ELASTA   3068;;0,00;0,00;596,00;0;;;2;;FALSO;FALSO;;
233;3527;41;ELASTA   7033WT6;;0,00;0,00;451,00;0;;;2;;FALSO;FALSO;;
234;3528;41;ELASTA   5759 TH2;;0,00;0,00;228,00;0;;;2;;FALSO;FALSO;;
235;3529;41;SÁFILO    019 VA1;;0,00;0,00;308,00;0;;;2;;FALSO;FALSO;;
236;2697;34;ELASTA   5766 TH2 5416;;0,00;0,00;289,00;0;;;2;;FALSO;FALSO;;\\TATI\Programa\FOTOS\ELASTA   5766 TH2 5416.jpg
237;3530;41;ELASTA   5752 J6V5315;;0,00;0,00;246,00;0;;;2;;FALSO;FALSO;;
238;2284;26;FE   2574   458;;0,00;0,00;748,00;0;;;2;;FALSO;FALSO;;
239;2285;26;FE   2587   453;;361,01;0,00;749,00;0;;;2;01/02/2008;FALSO;FALSO;;
240;2286;26;FE   2593B   501;;0,00;0,00;889,00;0;;;2;;FALSO;FALSO;;
241;2287;26;FE   2599B   459;;350,00;0,00;829,00;0;;;2;01/04/2008;FALSO;FALSO;;
242;2288;26;FE   2599B   508;;0,00;0,00;829,00;0;;;2;;FALSO;FALSO;;
243;2314;27;SP1008 01D;;0,00;0,00;290,00;0;;;2;13/04/2007;VERDADEIRO;FALSO;;
244;2315;27;SP1008 06K;;0,00;0,00;290,00;0;;;2;;FALSO;FALSO;;
245;2316;27;SP1006 06D;;0,00;0,00;290,00;0;;;2;;FALSO;FALSO;;
246;2317;27;SP1007 03G;;0,00;0,00;290,00;0;;;2;;FALSO;FALSO;;
247;2318;27;SP1038 09D;;143,00;0,00;343,00;0;;;2;13/04/2007;VERDADEIRO;FALSO;;
248;2319;27;SP1022 01C;;0,00;0,00;317,00;0;;;2;13/04/2007;VERDADEIRO;FALSO;;
249;2320;27;SP1028 03C;;0,00;0,00;343,00;0;;;2;;FALSO;FALSO;;
250;2321;27;SP1006 01C;;0,00;0,00;290,00;0;;;2;;FALSO;FALSO;;
251;2322;27;SP1027 06D;;0,00;0,00;317,00;0;;;2;;FALSO;FALSO;;
252;2323;27;SP1016 01D;;0,00;0,00;290,00;0;;;2;13/04/2007;VERDADEIRO;FALSO;;
253;2324;27;SP1024 02C;;145,00;0,00;317,00;0;;;2;02/07/2007;VERDADEIRO;FALSO;;
254;2325;27;SP6014 A01;;112,90;0,00;429,00;0;;;2;;FALSO;FALSO;764;
255;2326;27;SP6015 B46;;170,00;0,00;406,00;0;;;2;06/02/2007;VERDADEIRO;FALSO;;
256;2327;27;SP1027 01C;;0,00;0,00;317,00;0;;;2;;FALSO;FALSO;;
257;2328;27;SP6009 D11;;0,00;0,00;396,00;0;;;2;;FALSO;FALSO;;
258;2726;35;S   019   VB3 4721;;0,00;0,00;308,00;0;;;2;;FALSO;FALSO;;
259;2727;35;S   019   VL8 4721;;0,00;0,00;308,00;0;;;2;;FALSO;FALSO;;
260;2728;35;S   019   VJ9 4721;;0,00;0,00;308,00;0;;;2;;FALSO;FALSO;;
261;2729;35;S   019   6LB 4721;;0,00;0,00;308,00;0;;;2;;FALSO;FALSO;;
262;2730;35;S   018   G8B 4621;;0,00;0,00;308,00;0;;;2;;FALSO;FALSO;;
263;2731;35;S   018   G8E 4621;;0,00;0,00;308,00;0;;;2;;FALSO;FALSO;;
264;2732;35;S   020   NG3 4921;;0,00;0,00;308,00;0;;;2;;FALSO;FALSO;;
265;2733;35;S   020   MM3 4921;;0,00;0,00;308,00;0;;;2;;FALSO;FALSO;;
266;2734;35;S   001   G2B 5216;;0,00;0,00;345,00;0;;;2;;FALSO;FALSO;;
267;2735;35;S   001   G2H 5216;;0,00;0,00;345,00;0;;;2;;FALSO;FALSO;;
268;2736;35;S   003   WG1 5115;;0,00;0,00;352,00;0;;;2;;FALSO;FALSO;;
269;2737;35;S   034   ML7 5215;;0,00;0,00;352,00;0;;;2;;FALSO;FALSO;;
270;2738;35;S   014   003 5118;;0,00;0,00;682,00;0;;;2;;FALSO;FALSO;;
271;2739;35;S   016   003 4919;;0,00;0,00;358,00;0;;;2;;FALSO;FALSO;;
272;2740;35;S   001   003 5216;;0,00;0,00;396,00;-1;;;2;;FALSO;FALSO;;
273;2338;28;VAL   5323   4565116;;0,00;0,00;429,00;0;;;2;;FALSO;FALSO;;
274;2339;28;VAL   5404   J9R5317;;0,00;0,00;0,00;0;;;2;;FALSO;FALSO;;
275;2340;28;VAL   5410   XX95414;;0,00;0,00;479,00;0;;;2;;FALSO;FALSO;;
276;2341;28;VAL   5402   HP1 5314;;0,00;0,00;522,00;0;;;2;;FALSO;FALSO;;
277;2342;28;VAL   5408   3YG 5317;;0,00;0,00;796,00;0;;;2;;FALSO;FALSO;;
278;2343;28;VAL   5406   086 135;;0,00;0,00;559,00;0;;;2;;FALSO;FALSO;;
279;2344;28;VAL   5362   VZ4 5018;;0,00;0,00;359,00;0;;;2;;FALSO;FALSO;;
280;2345;28;VAL   5404   YB7 5317;;0,00;0,00;515,00;0;;;2;;FALSO;FALSO;;
281;2346;28;VAL   5404   6LB 5317;;0,00;0,00;515,00;0;;;2;;FALSO;FALSO;;
282;2347;28;VAL   1166   086 5515;;0,00;0,00;531,00;0;;;2;;FALSO;FALSO;;
283;2348;28;VAL   5428   ACV 5319;;0,00;0,00;702,00;0;;;2;;FALSO;FALSO;;
284;2349;28;VAL   5420   6W5 5218;;0,00;0,00;695,00;0;;;2;;FALSO;FALSO;;
285;2350;28;VAL   5421   ACL 5214;;0,00;0,00;695,00;0;;;2;;FALSO;FALSO;;
286;2379;29;024   1009;;0,00;0,00;806,00;-1;;;2;;FALSO;FALSO;;
287;2380;29;V82   G50;;0,00;0,00;779,00;0;;;2;;FALSO;FALSO;;
288;2381;29;VE 05   G32;;0,00;0,00;781,00;0;;;2;;FALSO;FALSO;;
289;2382;29;3010   G51;;0,00;0,00;823,00;0;;;2;;FALSO;FALSO;;
290;2383;29;3022   316;;0,00;0,00;809,00;0;;;2;;FALSO;FALSO;;
291;2384;29;VE 3010   194;;0,00;0,00;721,00;0;;;2;;FALSO;FALSO;;
292;2385;29;VE 3012   323;;0,00;0,00;809,00;0;;;2;13/04/2007;VERDADEIRO;FALSO;;
293;2386;29;3022   139;;0,00;0,00;809,00;0;;;2;;FALSO;FALSO;;
294;2387;29;3010   321;;0,00;0,00;822,00;0;;;2;;FALSO;FALSO;;
295;2388;29;VE 1008   1000;;0,00;0,00;743,00;0;;;2;;FALSO;FALSO;;
296;2389;29;1037   1056;;0,00;0,00;847,00;0;;;2;;FALSO;FALSO;;
297;2390;29;V82   HGB1;;0,00;0,00;880,00;0;;;2;;FALSO;FALSO;;
298;2391;29;V82   HTRA;;0,00;0,00;853,00;0;;;2;;FALSO;FALSO;;
299;2392;29;M50   26M;;0,00;0,00;743,00;0;;;2;;FALSO;FALSO;;
300;2393;29;VE 3022   351;;0,00;0,00;754,00;0;;;2;;FALSO;FALSO;;
301;2394;29;VE 1062B   1106;;0,00;0,00;798,00;-1;;;2;;FALSO;FALSO;;
302;2395;29;VE 3010B   349;;0,00;0,00;789,00;0;;;2;;FALSO;FALSO;;
303;2396;29;VE 3029   243;;0,00;0,00;759,00;0;;;2;;FALSO;FALSO;;
304;2397;29;VE 3030B   366;;0,00;0,00;979,00;0;;;2;;FALSO;FALSO;;
305;2398;29;VE 3039B   435;;0,00;0,00;879,00;0;;;2;;FALSO;FALSO;;
306;2399;29;VE 3029   364;;0,00;0,00;769,00;0;;;2;;FALSO;FALSO;;
307;2400;29;VE 2038   110913;;0,00;0,00;1.082,00;0;;;2;;FALSO;FALSO;;
308;2401;29;VE 1028B   1013;;0,00;0,00;839,00;0;;;2;;FALSO;FALSO;;
309;2402;29;VE 1080B   1151;;0,00;0,00;989,00;0;;;2;;FALSO;FALSO;;
310;2403;29;VE 3035B   440;;0,00;0,00;849,00;0;;;2;;FALSO;FALSO;495;
311;2404;29;VE 3040B   139;;0,00;0,00;898,00;0;;;2;;FALSO;FALSO;;
312;2405;29;VE V82H   G51;;0,00;0,00;839,00;0;;;2;;FALSO;FALSO;;
313;2591;32;VH 1025M;;0,00;0,00;674,00;0;;;2;;FALSO;FALSO;;
314;2592;32;VH 1026 COLS68;;0,00;0,00;636,00;0;;;2;08/01/2007;FALSO;FALSO;;
315;2593;32;VH 1028S;;0,00;0,00;708,00;0;;;2;;FALSO;FALSO;766;
316;2594;32;VH 1516M;;0,00;0,00;696,00;0;;;2;;FALSO;FALSO;;
317;2595;32;VH 1518S;;0,00;0,00;808,00;0;;;2;;FALSO;FALSO;;
318;2596;32;VH 1524M;;0,00;0,00;567,00;0;;;2;;FALSO;FALSO;;
319;2597;32;VH 1526S;;0,00;0,00;673,00;0;;;2;;FALSO;FALSO;;
320;2486;31;VO   2340   1277;;0,00;0,00;429,00;0;;;2;;FALSO;FALSO;;
321;2487;31;VO   2276   1137;;0,00;0,00;421,00;0;;;2;;FALSO;FALSO;;
322;2488;31;VO   2317   1231;;0,00;0,00;429,00;0;;;2;;FALSO;FALSO;;
323;2489;31;VO   2337   1270;;190,56;0,00;474,00;0;;;2;10/07/2008;FALSO;FALSO;;
324;2490;31;VO   2334   1278;;0,00;0,00;491,00;0;;;2;;FALSO;FALSO;;
325;2491;31;VO   3386   476 S;;0,00;0,00;492,00;0;;;2;;FALSO;FALSO;;
326;2492;31;VO   3484   352 S;;0,00;0,00;508,00;0;;;2;;FALSO;FALSO;;
327;2493;31;VO   3309   352 S;;0,00;0,00;440,00;0;;;2;;FALSO;FALSO;;
328;2494;31;VO   2297   W992;;0,00;0,00;378,00;0;;;2;;FALSO;FALSO;;
329;2495;31;VO   3493   352;;0,00;0,00;591,00;0;;;2;;FALSO;FALSO;;
330;2496;31;VO   2352   1295;;0,00;0,00;515,00;0;;;2;;FALSO;FALSO;;
331;2497;31;VO   2336   1268;;0,00;0,00;389,00;0;;;2;;FALSO;FALSO;;
332;2498;31;VO   2353   1297;;0,00;0,00;422,00;0;;;2;;FALSO;FALSO;;
333;2499;31;VO   2359   1277;;0,00;0,00;409,00;0;;;2;;FALSO;FALSO;;
334;2500;31;VO   2376   1356;;0,00;0,00;422,00;0;;;2;;FALSO;FALSO;;
335;2501;31;VO   3505   352 S;;0,00;0,00;466,00;0;;;2;;FALSO;FALSO;;
336;2502;31;VO   3525   746;;0,00;0,00;466,00;0;;;2;;FALSO;FALSO;;
337;2503;31;VO   3525   762;;0,00;0,00;466,00;0;;;2;;FALSO;FALSO;;
338;2504;31;VO   2382   1315;;0,00;0,00;422,00;0;;;2;;FALSO;FALSO;;
339;2505;31;VO   2382B   1238;;0,00;0,00;509,00;0;;;2;;FALSO;FALSO;;
340;2506;31;VO   3515   352/S;;0,00;0,00;479,00;0;;;2;;FALSO;FALSO;;
341;2507;31;VO   2335   1273;;0,00;0,00;429,00;0;;;2;;FALSO;FALSO;;
342;2508;31;VO   2340   1276;;0,00;0,00;419,00;0;;;2;;FALSO;FALSO;;
343;2509;31;VO   2388B  1355;;0,00;0,00;458,00;0;;;2;;FALSO;FALSO;;
344;2510;31;VO   2397B  1301;;0,00;0,00;458,00;0;;;2;;FALSO;FALSO;;
345;2511;31;VO   2297   1391;;0,00;0,00;389,00;0;;;2;;FALSO;FALSO;;
346;2512;31;VO   2383B   W827;;190,00;0,00;539,00;0;;;2;;FALSO;FALSO;745;
347;2513;31;VO   2276   1087;;0,00;0,00;379,00;0;;;2;;FALSO;FALSO;;
348;2514;31;VO   2377   1360;;150,00;0,00;439,00;0;;;2;;VERDADEIRO;FALSO;390;
349;2515;31;VO   2380   1369;;0,00;0,00;439,00;0;;;2;;FALSO;FALSO;;
350;2516;31;VO   2389   1393;;0,00;0,00;449,00;0;;;2;;FALSO;FALSO;;
351;2517;31;VO   2397B   1360;;0,00;0,00;469,00;0;;;2;;FALSO;FALSO;;
352;22;6;1108B;;511,20;51,12;1.349,57;0;;;2;;FALSO;FALSO;;
353;129;8;CD 3609/N 325;;0,00;0,00;629,00;0;;;2;;FALSO;FALSO;;
354;130;8;CD 2852 10;;0,00;0,00;657,00;0;;;2;;FALSO;FALSO;;
355;131;8;CD 3047   584;;254,00;0,00;556,00;0;;;2;;FALSO;FALSO;;
356;211;10;E1748   D;;0,00;0,00;429,00;0;;;2;;FALSO;FALSO;;
357;212;10;E5737   C;;0,00;0,00;448,00;0;;;2;;FALSO;FALSO;;
358;257;13;GA   165   3K1;;0,00;0,00;849,00;0;;;2;;FALSO;FALSO;;
359;342;15;GU 2016   48   BLK;;0,00;0,00;198,00;0;;;2;;VERDADEIRO;FALSO;;
360;343;15;GU 2101   140   BRN;;0,00;0,00;198,00;0;;;2;;VERDADEIRO;FALSO;;
361;344;15;GU 2125   140   BL;;0,00;0,00;198,00;0;;;2;;VERDADEIRO;FALSO;;
362;1132;17;MU   50CV   1BE1O1;;0,00;0,00;789,00;0;;;2;;FALSO;FALSO;;
363;1167;18;MO 155 COL103;;0,00;0,00;0,00;0;;;2;;FALSO;FALSO;;
364;2238;23;B7042   C;;0,00;0,00;477,00;0;;;2;;FALSO;FALSO;;
365;2266;24;AR 3165;;0,00;0,00;415,00;0;;;2;;FALSO;FALSO;;
366;2741;35;S   019   VA1;;0,00;0,00;308,00;0;;;2;;VERDADEIRO;FALSO;;
367;2351;28;VAL   5404   3YG;;0,00;0,00;0,00;0;;;2;;FALSO;FALSO;;
368;2352;28;VAL   5406   807;;0,00;0,00;594,00;0;;;2;;FALSO;FALSO;;
369;2353;28;VAL   5422   52A;;0,00;0,00;831,00;0;;;2;;FALSO;FALSO;;
370;2354;28;VAL   5425   MH9;;230,00;0,00;626,00;0;;;2;;FALSO;FALSO;;
371;2479;30;8003 154;;0,00;0,00;439,00;0;;;2;;FALSO;FALSO;;
372;2518;31;VO   2382B   1345;;0,00;0,00;509,00;0;;;2;;FALSO;FALSO;;
373;2519;31;VO   2382   1351;;190,00;0,00;422,00;0;;;2;28/05/2008;FALSO;FALSO;;
374;2520;31;VO   2276   1271;;0,00;0,00;379,00;0;;;2;;FALSO;FALSO;;
375;2521;31;VO   2297   1232;;0,00;0,00;389,00;0;;;2;;FALSO;FALSO;;
376;1208;19;11 839   Thread 4.0   Polished Black;;0,00;0,00;795,00;0;;;2;;VERDADEIRO;FALSO;;
377;1209;19;11 836   Thread 2.0   Dark Bronze;;0,00;0,00;795,00;-1;;;2;;VERDADEIRO;FALSO;419;
378;1210;19;11 841   Thread 4.0   Steel Brown;;0,00;0,00;795,00;0;;;2;;VERDADEIRO;FALSO;;
379;1211;19;11 531   A Wire   Light;;290,00;0,00;696,00;0;;;2;;VERDADEIRO;FALSO;;
380;1212;19;11 533   A Wire   Carbon;;0,00;0,00;665,00;0;;;2;;VERDADEIRO;FALSO;;
381;1213;19;11 741   Chain 4.0   Ti Light;;0,00;0,00;1.100,00;0;;;2;;VERDADEIRO;FALSO;;
382;1214;19;11 746   Chain 6.0   Ti Dark Bronze;;0,00;0,00;1.100,00;0;;;2;;VERDADEIRO;FALSO;;
383;1215;19;11 862   Jackknife 4.0   Polished Black;;0,00;0,00;725,00;0;;;2;;VERDADEIRO;FALSO;;
384;1216;19;11 835   Split Thread   Chrome;;0,00;0,00;850,00;0;;;2;;VERDADEIRO;FALSO;;
385;1217;19;11 813   Yardstick 6.0   Rootbeer;;0,00;0,00;850,00;-1;;;2;;VERDADEIRO;FALSO;;
386;1218;19;11 525   Rx Square Wire 2.0   Silver;;0,00;0,00;735,00;0;;;2;;VERDADEIRO;FALSO;;
387;1219;19;11 866   Hollowpoint 2.0   Polished Black;;0,00;0,00;725,00;0;;;2;;VERDADEIRO;FALSO;;
388;1220;19;11 770   Soft Top 2.0   Cherry on top;;0,00;0,00;660,00;0;;;2;;VERDADEIRO;FALSO;;
389;1221;19;11 930   Gasket   Brown Tort;;260,00;0,00;624,00;0;;;2;;VERDADEIRO;FALSO;;
390;1222;19;11 931   Graugasket   Black;;260,00;0,00;624,00;0;;;2;;VERDADEIRO;FALSO;676;
391;656;16;M006 C006;;189,00;18,90;498,96;0;;;2;29/04/2008;VERDADEIRO;FALSO;;
392;657;16;M001 C001;;189,00;18,90;498,96;0;;;2;18/04/2007;VERDADEIRO;FALSO;;
393;658;16;M0610 C01;;129,00;12,90;340,56;0;;;2;;VERDADEIRO;FALSO;;
395;2289;26;FE    2613B 462 5415;;362,40;36,24;956,74;0;;;2;27/04/2007;FALSO;FALSO;;
396;2290;26;FE   2620 547 5115;;333,02;33,30;879,17;0;;;2;;FALSO;FALSO;;
397;2291;26;FE   2627B 162 5016;;473,42;47,34;1.249,82;0;;;2;;FALSO;FALSO;;
398;258;13;GA 7 6LB;;0,00;0,00;576,00;0;;;2;;FALSO;FALSO;;
399;855;1;AH9021 01D PTO/G15;aro - metal;226,00;0,00;497,20;0;;;1;;VERDADEIRO;FALSO;;
400;856;1;AH9028 29H;;237,50;0,00;522,50;0;;;1;;VERDADEIRO;FALSO;;
401;857;1;AH9036I A10;;195,00;0,00;429,00;0;;;1;;VERDADEIRO;FALSO;;
402;858;1;AH9038 F103;;195,00;0,00;458,00;0;;;1;;VERDADEIRO;FALSO;;
403;859;1;AH9038 F106;;195,00;0,00;458,00;0;;;1;06/03/2008;VERDADEIRO;FALSO;;
404;860;1;AH9038 FG21;;229,00;0,00;458,00;0;;;1;28/05/2008;VERDADEIRO;FALSO;;
405;861;1;AH9003 C102;aro - acetato;195,00;0,00;418,00;0;;;1;;VERDADEIRO;FALSO;;
406;862;1;AH9036I A01;;195,00;0,00;429,00;0;;;1;14/07/2008;VERDADEIRO;FALSO;;
407;870;2;AN3031W   516/73;;0,00;0,00;642,00;0;;;1;;FALSO;FALSO;;
408;871;2;AN3044 502/6U;;0,00;0,00;518,00;0;;;1;;FALSO;FALSO;;
409;872;2;AN3044 528/71;;0,00;0,00;518,00;0;;;1;;VERDADEIRO;FALSO;;
410;873;2;AN4006 0115;;0,00;0,00;398,00;0;;;1;;FALSO;FALSO;;
411;874;2;AN4007 174/7C;;0,00;0,00;444,00;0;;;1;;FALSO;FALSO;;
412;875;2;AN4008 118/6E;;0,00;0,00;442,00;0;;;1;;FALSO;FALSO;;
413;876;2;AN4008 150/71;;0,00;0,00;439,00;0;;;1;;FALSO;FALSO;;
414;877;2;AN4008 234/7C;;0,00;0,00;469,00;0;;;1;;FALSO;FALSO;;
415;878;2;AN4025 228/71;;0,00;0,00;455,00;0;;;1;;FALSO;FALSO;;
416;879;2;AN4036 217/71;;0,00;0,00;499,00;0;;;1;;FALSO;FALSO;;
417;880;2;AN4037 08/6V;aro - acetato;0,00;0,00;664,17;0;;;1;;VERDADEIRO;FALSO;;
418;881;2;AN4037 255/88;aro - acetato;0,00;0,00;499,00;0;;;1;;FALSO;FALSO;;
419;882;2;AN4052 01/71;aro - acetato;0,00;0,00;459,00;0;;;1;;FALSO;FALSO;;
420;883;2;AN4052 304/6G;;0,00;0,00;459,00;0;;;1;;FALSO;FALSO;;
421;884;2;AN4052 41/87;;0,00;0,00;459,00;0;;;1;;FALSO;FALSO;;
422;885;2;AN4061 347/51;;0,00;0,00;398,00;0;;;1;;FALSO;FALSO;;
425;886;2;AN4064 332/13;;0,00;0,00;439,00;0;;;1;;FALSO;FALSO;;
426;887;2;AN4065 01/6G;;0,00;0,00;449,00;0;;;1;;FALSO;FALSO;;
427;888;2;AN4065 08/88;aro - acetato;0,00;0,00;452,00;0;;;1;;FALSO;FALSO;;
428;889;2;AN4065 41/87;;0,00;0,00;452,00;0;;;1;;FALSO;FALSO;;
429;890;2;AN4069 41/87;aro - acetato;0,00;0,00;433,40;0;;;1;;VERDADEIRO;FALSO;;
430;891;2;AN4069 67/73;aro - acetato;0,00;0,00;394,00;0;;;1;;FALSO;FALSO;;
431;892;2;AN4076 01/71;;0,00;0,00;412,00;0;;;1;;FALSO;FALSO;;
432;893;2;GRITTY 400B 01/ 71;;0,00;0,00;440,00;0;;;1;;FALSO;FALSO;;
433;894;2;MATIK 4034 01/71;;0,00;0,00;499,00;0;;;1;;FALSO;FALSO;;
434;895;2;MATIK 4034 217/73;aro - acetato;0,00;0,00;548,90;0;;;1;;VERDADEIRO;FALSO;;
435;896;2;MATIK 4034 226/53;aro - acetato;0,00;0,00;499,00;0;;;1;;FALSO;FALSO;;
436;897;2;MATIK 4034 41/87;;206,49;0,00;548,90;0;;;1;;VERDADEIRO;FALSO;;
437;898;2;SLIDE 4007 08;;0,00;0,00;442,00;0;;;1;;FALSO;FALSO;;
438;899;2;SLIDE 4007 175/6E;;0,00;0,00;444,00;0;;;1;;FALSO;FALSO;;
439;900;2;SLIDE 4007 217/6E;;0,00;0,00;444,00;0;;;1;;FALSO;FALSO;;
440;917;3;B   8413/S   CE1 60CD;;0,00;0,00;398,00;0;;;1;;FALSO;FALSO;;
441;918;3;B   8413/S   CE3 60X7;;0,00;0,00;398,00;0;;;1;;FALSO;FALSO;;
442;919;3;B   8413/S   CE4 60BN;;0,00;0,00;398,00;0;;;1;;FALSO;FALSO;;
443;920;3;B   8417/S   80760BN;;0,00;0,00;464,00;0;;;1;;FALSO;FALSO;;
444;921;3;B   8420/S   KY3;;0,00;0,00;479,00;0;;;1;;FALSO;FALSO;;
445;922;3;B   8431/S   Z48 60CO;;0,00;0,00;426,00;0;;;1;;FALSO;FALSO;;
446;923;3;B   8438/S   C29 60LF;;0,00;0,00;484,00;0;;;1;;FALSO;FALSO;;
447;924;3;B   8453/S   CE4 60BN;;0,00;0,00;561,00;0;;;1;;FALSO;FALSO;;
448;925;3;B   8795/S   SUB;;0,00;0,00;459,00;0;;;1;;FALSO;FALSO;;
449;926;3;B   8984/SL   7A999Q0;;0,00;0,00;734,00;0;;;1;;FALSO;FALSO;;
450;927;3;B   9405/S   6LB99TD;;0,00;0,00;498,00;0;;;1;;FALSO;FALSO;;
451;928;3;B   9405/S   CE899TD;;0,00;0,00;498,00;0;;;1;;FALSO;FALSO;;
452;929;3;B  9407/S CF899B6;;0,00;0,00;539,00;0;;;1;;FALSO;FALSO;;
453;930;3;B  9426/S  WY399P8;;0,00;0,00;547,00;0;;;1;;FALSO;FALSO;;
454;931;3;B  9432/S  L9Q59CO;;0,00;0,00;464,00;0;;;1;;FALSO;FALSO;;
455;936;4;BV   550   142/13;;0,00;0,00;1.290,00;0;;;1;;FALSO;FALSO;;
456;937;4;BV   646   939/8G;;0,00;0,00;1.323,00;0;;;1;;FALSO;FALSO;;
457;938;4;BV   647   942/8G;;0,00;0,00;1.323,00;0;;;1;;FALSO;FALSO;;
458;939;4;BV   847   501/87;;0,00;0,00;1.224,00;0;;;1;;FALSO;FALSO;;
459;940;4;BV   847   785/13;;0,00;0,00;1.224,00;0;;;1;;FALSO;FALSO;;
460;941;4;BV   847B   502/73;;0,00;0,00;1.790,00;0;;;1;;FALSO;FALSO;;
461;942;4;BV   851   501/87;;0,00;0,00;1.224,00;0;;;1;;FALSO;FALSO;;
462;943;4;BV   851   518/73;;0,00;0,00;2.190,00;0;;;1;;FALSO;FALSO;;
464;944;4;BV   853   501/87;;0,00;0,00;1.224,00;0;;;1;;FALSO;FALSO;;
465;945;4;BV   853   788/87;;0,00;0,00;1.224,00;0;;;1;;FALSO;FALSO;;
466;959;5;02/S   1V3 6315;;0,00;0,00;492,00;0;;;1;;FALSO;FALSO;;
467;960;5;130 94D 56;;0,00;0,00;579,00;0;;;1;;FALSO;FALSO;;
468;961;5;ALPES/S 07SJ;;0,00;0,00;765,00;0;;;1;;FALSO;FALSO;;
469;962;5;ANDES/S 07SJ;;0,00;0,00;765,00;0;;;1;;FALSO;FALSO;;
470;963;5;ANDES/S 091T;;0,00;0,00;841,50;0;;;1;;VERDADEIRO;FALSO;507;
471;964;5;ARTIC 7SJ;;0,00;0,00;602,00;0;;;1;;FALSO;FALSO;;
472;965;5;B 3119   006;;0,00;0,00;479,00;0;;;1;;FALSO;FALSO;;
473;966;5;BRIAN 9EF 527M;;0,00;0,00;197,00;0;;;1;;FALSO;FALSO;;
474;967;5;CA  7037/S 6YJ;;0,00;0,00;649,00;0;;;1;;FALSO;FALSO;;
475;968;5;CA  902/S 1V3 6315;;0,00;0,00;492,00;0;;;1;;FALSO;FALSO;;
476;969;5;CA  903/S 01V3;;0,00;0,00;359,00;0;;;1;;FALSO;FALSO;;
477;970;5;CA  905/S 07SJ;;0,00;0,00;428,00;0;;;1;;FALSO;FALSO;;
478;971;5;CARR. V8   0DA 99P8;;0,00;0,00;879,00;0;;;1;;FALSO;FALSO;;
479;972;5;CHAT NOW 9GN;;0,00;0,00;1.489,00;0;;;1;;FALSO;FALSO;;
480;973;5;CR 2 1JQ696U;;0,00;0,00;448,00;-1;;;1;;FALSO;FALSO;;
481;974;5;CR 2 9DV 6U 69;;0,00;0,00;446,00;0;;;1;;FALSO;FALSO;;
482;975;5;CR 2 9EF696E;;0,00;0,00;448,00;0;;;1;;FALSO;FALSO;;
483;976;5;DRACO   D28 67BN;;0,00;0,00;298,00;0;;;1;20/11/2006;FALSO;FALSO;;
484;977;5;DRACO   PY5 67K0;;0,00;0,00;298,00;0;;;1;;FALSO;FALSO;;
485;978;5;ETNA/S 091T;;0,00;0,00;841,50;0;;;1;;VERDADEIRO;FALSO;;
486;979;5;FLAG 50J467M;;0,00;0,00;144,00;0;;;1;;FALSO;FALSO;;
487;980;5;HELIOS 16748SPECTRUM;;0,00;0,00;598,00;0;;;1;;FALSO;FALSO;;
488;981;5;HRONOS   7AL656U;;0,00;0,00;631,00;0;;;1;;FALSO;FALSO;;
489;982;5;HURON/S   91T6015;;0,00;0,00;554,00;0;;;1;;FALSO;FALSO;;
490;983;5;JANUS 3   807 61YQ;;0,00;0,00;325,00;0;;;1;;FALSO;FALSO;;
491;984;5;LAME70U7W;;0,00;0,00;549,00;0;;;1;;FALSO;FALSO;;
492;985;5;MACCHIA   3ZL 998J;;0,00;0,00;198,00;0;;;1;;FALSO;FALSO;;
493;986;5;MACCHIA   9EF 998J;;0,00;0,00;198,00;0;;;1;;FALSO;FALSO;;
494;987;5;MACHINE   0HK 666E;;0,00;0,00;279,00;0;;;1;;FALSO;FALSO;;
495;988;5;MAX 9EF527M;;0,00;0,00;165,00;0;;;1;;FALSO;FALSO;;
496;989;5;MIZAR  1   003 65P9 S;;0,00;0,00;489,00;0;;;1;;FALSO;FALSO;;
497;990;5;SEVENTY 8077389;;0,00;0,00;390,00;0;;;1;;FALSO;FALSO;;
498;991;5;SPENCER   9EF 67R7;;0,00;0,00;497,00;0;;;1;;FALSO;FALSO;;
499;992;5;SUPERIOR/S 091T;;0,00;0,00;429,00;0;;;1;;FALSO;FALSO;;
500;993;5;TEDDY   30K 567M;;0,00;0,00;216,00;0;;;1;;FALSO;FALSO;;
501;994;5;TEDDY   7AE  567M;;0,00;0,00;216,00;0;;;1;;FALSO;FALSO;;
502;995;5;TELESTO 1   807 60YQ;;0,00;0,00;399,00;0;;;1;;FALSO;FALSO;;
503;996;5;TELESTO 3   80760YQ;;0,00;0,00;411,00;0;;;1;;FALSO;FALSO;;
504;997;5;TELI 1   807 62TP S;;0,00;0,00;398,00;0;;;1;;FALSO;FALSO;;
505;998;5;TELI 2   YM4 62K2;;0,00;0,00;376,00;0;;;1;;FALSO;FALSO;;
506;999;5;TOBY   0BT 99QH;;0,00;0,00;309,00;0;;;1;;FALSO;FALSO;;
507;1000;5;TRIXIE   7AE 58 7M;;0,00;0,00;216,00;0;;;1;;FALSO;FALSO;;
508;1001;5;TRIXIE   7AE 59 7M;;0,00;0,00;216,00;0;;;1;;FALSO;FALSO;;
509;1002;5;TRIXIE   9EF 58 7M;;0,00;0,00;216,00;0;;;1;;FALSO;FALSO;;
510;1003;5;UNDER ZERO 9EJ63KC;;0,00;0,00;666,00;0;;;1;;FALSO;FALSO;;
511;1004;5;YAKI   7AE 507M;;0,00;0,00;198,00;0;;;1;;FALSO;FALSO;;
512;1005;5;YAKI   9EF 507M;;0,00;0,00;198,00;0;;;1;;FALSO;FALSO;;
513;23;6;4005B 501/87;;0,00;0,00;1.346,00;0;;;1;;FALSO;FALSO;;
514;24;6;4005B 502/73;;0,00;0,00;1.346,00;0;;;1;;FALSO;FALSO;;
515;25;6;4007B 502/73;;0,00;0,00;1.114,00;0;;;1;;FALSO;FALSO;;
516;26;6;6004    501/87;;0,00;0,00;995,00;0;;;1;;FALSO;FALSO;;\\TATI\Programa\FOTOS\6004    501/87.jpg
517;27;6;6005    501/87;;0,00;0,00;942,00;0;;;1;;FALSO;FALSO;;\\TATI\Programa\FOTOS\6005    501/87.jpg
518;28;6;6009    501/87;;0,00;0,00;1.059,00;0;;;1;;FALSO;FALSO;;\\TATI\Programa\FOTOS\6009    501/87.jpg
519;29;6;2003B 02/73;;0,00;0,00;1.232,00;0;;;1;;FALSO;FALSO;;\\TATI\Programa\FOTOS\2003B 02/73.jpg
520;69;7;AVIA  1   P3L 99P8;;0,00;0,00;334,00;0;;;1;;FALSO;FALSO;;\\TATI\Programa\FOTOS\AVIA  1   P3L 99P8.jpg
521;70;7;AVIA  1   P3M 99TW;;0,00;0,00;334,00;0;;;1;;FALSO;FALSO;;\\TATI\Programa\FOTOS\AVIA  1   P3M 99TW.jpg
522;71;7;CHECK IN   KH9 65R7;;0,00;0,00;345,00;0;;;1;;FALSO;FALSO;;
523;72;7;CUSTOM   XM6 63BN;;0,00;0,00;437,00;0;;;1;;FALSO;FALSO;;
524;73;7;DILATION   WD964BN;;0,00;0,00;376,00;0;;;1;;FALSO;FALSO;;
525;74;7;DILATION   WE1 64X7;;0,00;0,00;375,00;0;;;1;;FALSO;FALSO;;
526;75;7;DS 0002   N5P 64AY;;0,00;0,00;437,00;0;;;1;;FALSO;FALSO;;
527;76;7;DS 0002   TW3 64AR;;0,00;0,00;437,00;0;;;1;;FALSO;FALSO;;
528;77;7;DS 0007   807 64BN;;0,00;0,00;422,00;0;;;1;;FALSO;FALSO;;
529;78;7;DS 0007   KE5   649A;;0,00;0,00;422,00;0;;;1;;FALSO;FALSO;;
530;79;7;DS 0010   N5F 60ZE;;0,00;0,00;310,00;0;;;1;;FALSO;FALSO;;
531;80;7;DS 0012   807 69P9;;0,00;0,00;566,00;0;;;1;;FALSO;FALSO;;
532;81;7;DS 0012   KE5 69P9;;0,00;0,00;567,00;0;;;1;;FALSO;FALSO;;
533;82;7;DS 0013   KE9 64LU;;0,00;0,00;552,00;0;;;1;;FALSO;FALSO;;
534;83;7;DS 0015   KD6 66VN;;0,00;0,00;484,00;0;;;1;;FALSO;FALSO;;
535;84;7;DS 0019   XB8 71R7;Aro Fechado;0,00;0,00;647,00;0;;;1;;FALSO;FALSO;;
536;85;7;DS 0019   XE3 71KV;Aro Fechado;0,00;0,00;649,00;0;;;1;;FALSO;FALSO;;
537;86;7;DS 0023   003 66R7;;0,00;0,00;599,00;0;;;1;;FALSO;FALSO;;
538;87;7;DS 0023   6LB 66Y9;;0,00;0,00;598,00;0;;;1;;FALSO;FALSO;;
539;88;7;DS 0026   D3Z 67R7;;0,00;0,00;551,00;0;;;1;;FALSO;FALSO;;
540;89;7;DS 009   N5H 60PS;;0,00;0,00;299,00;0;;;1;;FALSO;FALSO;;
541;90;7;DS 0010   D28 60 R7;;0,00;0,00;314,00;0;;;1;;FALSO;FALSO;;
542;91;7;DV   0001   F2C 5217;;0,00;0,00;424,00;0;;;1;;FALSO;FALSO;;
543;92;7;DV   0001   F2H 5217;;0,00;0,00;424,00;0;;;1;;FALSO;FALSO;;
544;93;7;DV   0001   KE3 5217;;0,00;0,00;424,00;0;;;1;;FALSO;FALSO;;
547;94;7;HI   JACK   M12 6573;;0,00;0,00;354,00;0;;;1;;FALSO;FALSO;;
548;95;7;ZOSIMOS   VP6 5317;;0,00;0,00;358,00;0;;;1;;FALSO;FALSO;;
549;132;8;2852 10 5515 135;;0,00;0,00;790,00;0;;;1;;FALSO;FALSO;;
550;133;8;DIOR 0034/S 003D4 63;;0,00;0,00;622,00;0;;;1;;FALSO;FALSO;;
551;134;8;DIOR 0035/S   YB7 64D4;;0,00;0,00;623,00;0;;;1;;FALSO;FALSO;;
553;135;8;DIOR 0035/S 003 D4 125;;0,00;0,00;623,00;0;;;1;;FALSO;FALSO;;
554;136;8;DIOR 3063   8X5 5313;;0,00;0,00;690,00;0;;;1;;FALSO;FALSO;;
555;137;8;DIOR BANDAGE 1 D2880;;0,00;0,00;690,00;0;;;1;;FALSO;FALSO;;
556;138;8;DIOR BRASILIAN/S PZ1 61U0;aro - acetato;0,00;0,00;1.190,00;0;;;1;;FALSO;FALSO;;
557;139;8;DIOR GYPSY 1 TW399W7;;0,00;0,00;1.998,00;0;;;1;;FALSO;FALSO;;
558;140;8;DIOR HARD 1   YB7 67MB;;0,00;0,00;1.850,00;0;;;1;;FALSO;FALSO;;
559;141;8;DIOR HEART CORE/S   YB7992C;;0,00;0,00;2.549,00;0;;;1;;FALSO;FALSO;;
560;142;8;DIOR J’ADORE 1 7M2VU 110;;0,00;0,00;840,00;0;;;1;;FALSO;FALSO;;
561;143;8;DIOR MILAN/N 5K352LF;;0,00;0,00;1.199,00;0;;;1;;FALSO;FALSO;;
562;144;8;DIOR NIGHT 2 AM1;aro - acetato;0,00;0,00;959,00;0;;;1;;FALSO;FALSO;;
563;145;8;DIOR NIGHT 2/S;;0,00;0,00;961,00;0;;;1;;FALSO;FALSO;;
564;146;8;DIOR NIGHT 3 AM1 115;;0,00;0,00;0,00;0;;;1;;FALSO;FALSO;;
565;147;8;DIOR NIGHT 4 CB7 125;;0,00;0,00;1.368,00;0;;;1;;FALSO;FALSO;;
566;148;8;DIOR PARTY 1/S FK2 64BN;;0,00;0,00;1.311,00;0;;;1;;FALSO;FALSO;;
568;149;8;DIOR RUBBER 2/S XH359Z9;;0,00;0,00;1.108,00;0;;;1;;FALSO;FALSO;;
569;150;8;DIOR SCHLAK 1/S   WH5 993Y;;0,00;0,00;1.366,00;0;;;1;;FALSO;FALSO;;
570;151;8;DIOR SKI 1/S 9A7 99Y0;;0,00;0,00;1.040,00;0;;;1;;FALSO;FALSO;;
573;152;8;DIOR SKI 5/S VA499CQ;;0,00;0,00;1.130,00;0;;;1;;FALSO;FALSO;;
574;153;8;DIOR SKI 6/S   PX39901;;0,00;0,00;1.184,00;0;;;1;;FALSO;FALSO;;
575;154;8;DIOR STELLE/N 584 9995;másc - acetato;0,00;0,00;1.590,00;0;;;1;;FALSO;FALSO;;
576;155;8;DIOR VIKTIM 1   YB799MB;;0,00;0,00;2.329,00;0;;;1;;FALSO;FALSO;;
577;156;8;DIORCELEBRITY 1 885 125;aro - acetato;0,00;0,00;990,00;0;;;1;;FALSO;FALSO;;
578;157;8;DIORCELEBRITY 1 LC3 125;aro - acetato;0,00;0,00;1.015,00;0;;;1;;FALSO;FALSO;;
579;158;8;DIORGO 003YO 110;;0,00;0,00;1.507,00;0;;;1;;FALSO;FALSO;;
580;159;8;DIORLYWOOD/S   6LB 99FL;;0,00;0,00;1.458,00;0;;;1;;FALSO;FALSO;;
581;160;8;DIORSPARKLING 2N VH6 62H4;;0,00;0,00;1.159,00;0;;;1;;FALSO;FALSO;;
582;161;8;LATINA GIRL 2/N/S GE662P9;aro - acetato;0,00;0,00;1.519,00;0;;;1;;FALSO;FALSO;;
583;162;8;LATINA GIRL 5 WG5 6267;aro- acetato;0,00;0,00;1.215,00;-1;;;1;;FALSO;FALSO;;
584;163;8;LATINA GIRL 5 WG5 6267;;0,00;0,00;1.215,00;0;;;1;;FALSO;FALSO;;
585;164;8;LATINA GIRL 6 58461/N;;0,00;0,00;1.530,00;0;;;1;;FALSO;FALSO;;
586;165;8;OVERSHINE  1 N5S 9995;;0,00;0,00;1.658,00;0;;;1;;FALSO;FALSO;;
587;166;8;OVERSHINE 2 00B 99VD;;0,00;0,00;1.658,00;0;;;1;;FALSO;FALSO;;
588;167;8;RUTHENIUM/N 18S6H 120;;0,00;0,00;957,00;0;;;1;;FALSO;FALSO;;
589;168;8;SHINY DIOR 1/S VK4 5912;;0,00;0,00;1.133,00;0;;;1;;FALSO;FALSO;;
590;169;8;YOUR DIOR 1/S   E6D 64S2;;0,00;0,00;1.249,00;0;;;1;;FALSO;FALSO;;
591;173;9;EA   9032/S8U7 125;;0,00;0,00;459,00;0;;;1;;FALSO;FALSO;;
592;174;9;EA   9034/S 8N3;;0,00;0,00;459,00;0;;;1;;FALSO;FALSO;;
593;175;9;EA   9034/S 8N5;;0,00;0,00;459,00;0;;;1;;FALSO;FALSO;;
594;176;9;EA   9042/SBU2 120;;0,00;0,00;489,00;0;;;1;;FALSO;FALSO;;
595;177;9;EA   9042/SDL5 120;;0,00;0,00;489,00;0;;;1;;FALSO;FALSO;;
596;178;9;EA   9045/S8A4 130;;0,00;0,00;535,00;0;;;1;;FALSO;FALSO;;
598;179;9;EA   9048/SBA773C4;;0,00;0,00;963,00;0;;;1;;FALSO;FALSO;;
599;180;9;EA   9050/SD2899VU;;0,00;0,00;658,00;0;;;1;;FALSO;FALSO;;
600;181;9;EA   9050/SD2899VU;;0,00;0,00;651,00;0;;;1;;FALSO;FALSO;;
601;182;9;EA   9051/SD28 120;;0,00;0,00;654,00;0;;;1;;FALSO;FALSO;;
602;183;9;EA   9056/SBB466R7;;0,00;0,00;653,00;0;;;1;;FALSO;FALSO;;
603;184;9;EA   9056/SBB6664P;;0,00;0,00;653,00;0;;;1;;FALSO;FALSO;;
604;185;9;EA   9061/S8075616;;0,00;0,00;1.185,00;0;;;1;;FALSO;FALSO;;
605;186;9;EA   9064/S8Y173 120;;0,00;0,00;675,00;0;;;1;;FALSO;FALSO;;
606;187;9;EA   9067/SBA999PT;;0,00;0,00;684,00;0;;;1;;FALSO;FALSO;;
607;188;9;EA   9068/SYB7 120;;0,00;0,00;625,00;0;;;1;;FALSO;FALSO;;
608;189;9;EA   9078/SD2872D3;;0,00;0,00;898,00;0;;;1;;FALSO;FALSO;;
609;190;9;EA   9148/S   KJ169SS;;0,00;0,00;849,00;0;;;1;;FALSO;FALSO;;
610;213;10;E4721 B 140;;0,00;0,00;390,00;0;;;1;;FALSO;FALSO;;
611;214;10;E4722 C 140;;0,00;0,00;390,00;0;;;1;;FALSO;FALSO;;
612;215;10;E4723 B 140;;0,00;0,00;746,00;0;;;1;;FALSO;FALSO;;
613;216;10;E7753 C 135;;0,00;0,00;479,00;0;;;1;;FALSO;FALSO;;
614;221;11;SES 035C;;0,00;0,00;848,00;0;;;1;;FALSO;FALSO;;
615;222;11;SES 036C;;0,00;0,00;848,00;0;;;1;;FALSO;FALSO;;
616;223;11;SES 503;;0,00;0,00;916,00;0;;;1;;FALSO;FALSO;;
617;224;11;SES 507S;;0,00;0,00;912,00;0;;;1;;FALSO;FALSO;;
618;230;12;THE DEAN AMBER 30116;;0,00;0,00;470,00;0;;;1;;FALSO;FALSO;;
619;231;12;THE DEAN CRISTAL BLA 30115;;0,00;0,00;500,00;0;;;1;;FALSO;FALSO;;
620;232;12;THE DUNCAN POLISHED 30105;;0,00;0,00;500,00;0;;;1;;FALSO;FALSO;;
621;233;12;THE DUNCAN TORTOISE 30107;;0,00;0,00;470,00;0;;;1;;FALSO;FALSO;;
622;234;12;THE WADE OLIVE CH ROM 30094;;0,00;0,00;570,00;0;;;1;;FALSO;FALSO;;
623;235;12;THE WADE BLACK CH ROM 30093;;0,00;0,00;570,00;0;;;1;;FALSO;FALSO;;
624;259;13;GA   115/S DL5 125;;0,00;0,00;1.315,00;0;;;1;;FALSO;FALSO;;
625;260;13;GA   115/S HD7 125;;0,00;0,00;1.290,00;0;;;1;;FALSO;FALSO;;
626;261;13;GA   116/S DL5  9995;;0,00;0,00;1.313,00;0;;;1;;FALSO;FALSO;;
628;262;13;GA   134/S YB7  6682;;0,00;0,00;1.170,00;0;;;1;;FALSO;FALSO;;
629;263;13;GA   140/S YB7KU 125;;0,00;0,00;1.124,00;0;;;1;;FALSO;FALSO;;
630;264;13;GA   150/S 6LB9995;;0,00;0,00;1.511,00;0;;;1;;FALSO;FALSO;;
631;265;13;GA   209/U/S 58463R7;;0,00;0,00;783,00;0;;;1;;FALSO;FALSO;;
632;266;13;GA   212/S R617014;;0,00;0,00;1.390,00;0;;;1;;FALSO;FALSO;;
633;267;13;GA   278/S 05399NA;;0,00;0,00;1.249,00;0;;;1;;FALSO;FALSO;;
634;268;13;GA   280/S J5G 99KB;;0,00;0,00;1.113,00;0;;;1;;FALSO;FALSO;;
635;269;13;GA   281/S 00699P8;;0,00;0,00;1.113,00;0;;;1;;FALSO;FALSO;;
636;270;13;GA   34/S 885 120;;0,00;0,00;730,00;0;;;1;;FALSO;FALSO;;
637;271;13;GA   34/S 8L6 120;;0,00;0,00;730,00;0;;;1;;FALSO;FALSO;;
638;272;13;GA   36/S D28 115;;0,00;0,00;910,00;0;;;1;;FALSO;FALSO;;
639;273;13;GA   37/S 8F099VU;;0,00;0,00;910,00;0;;;1;;FALSO;FALSO;;
640;274;13;GA   37/S D28 115;;0,00;0,00;911,00;0;;;1;;FALSO;FALSO;;
641;275;13;GA   37/S DL5 115;;0,00;0,00;890,00;0;;;1;;FALSO;FALSO;;
642;276;13;GA   39/S 584R6 120;;0,00;0,00;1.146,00;0;;;1;;FALSO;FALSO;;
643;277;13;GA   40/S 8M06R 63;;0,00;0,00;851,00;0;;;1;;FALSO;FALSO;;
644;278;13;GA   42/S 8M5 110;;0,00;0,00;1.524,00;0;;;1;;FALSO;FALSO;;
645;279;13;GA   50/S 00377 110;;0,00;0,00;1.003,00;0;;;1;;FALSO;FALSO;;
646;280;13;GA   52/S BJ9 125;;0,00;0,00;1.238,00;0;;;1;;FALSO;FALSO;;
647;281;13;GA   53/S 086;;0,00;0,00;759,00;0;;;1;;FALSO;FALSO;;
648;282;13;GA   53/S 80760BN;;0,00;0,00;689,00;0;;;1;;FALSO;FALSO;;
649;283;13;GA   53/S AE860TX;;0,00;0,00;558,00;0;;;1;;FALSO;FALSO;;
650;284;13;GA   53/STRASS 0866070;;0,00;0,00;754,00;0;;;1;;FALSO;FALSO;;
651;285;13;GA   53/STRASS 80760BN;;0,00;0,00;853,00;0;;;1;;FALSO;FALSO;;
652;286;13;GA   54/S 0865770;;0,00;0,00;689,00;0;;;1;;FALSO;FALSO;;
653;287;13;GA   54/S 8075913;;0,00;0,00;689,00;0;;;1;;FALSO;FALSO;;
654;288;13;GA   54/S BK3 125;;0,00;0,00;759,00;0;;;1;;FALSO;FALSO;;
655;289;13;GA   54/S BK4 125;;0,00;0,00;686,00;0;;;1;;FALSO;FALSO;;
656;290;13;GA   64/S BG6 120;;0,00;0,00;1.548,00;0;;;1;;FALSO;FALSO;;
657;291;13;GA   65N/S 086120;;0,00;0,00;884,00;0;;;1;;FALSO;FALSO;;
658;292;13;GA   69/S 88559 120;;0,00;0,00;1.472,00;0;;;1;;FALSO;FALSO;;
659;293;13;GA   70/S 80757BM;;0,00;0,00;1.190,00;0;;;1;;FALSO;FALSO;;
660;294;13;GA   74/S L9R74 110;;0,00;0,00;1.003,00;0;;;1;;FALSO;FALSO;;
661;295;13;GA   75/S BD6VU73 110;;0,00;0,00;1.078,00;0;;;1;;FALSO;FALSO;;
662;297;14;GG   1407/S   67658A7;;0,00;0,00;697,00;0;;;1;;FALSO;FALSO;;
663;298;14;GG   1438/NS   086;;0,00;0,00;770,00;0;;;1;;FALSO;FALSO;;
664;299;14;GG   1444/S   5T7;;0,00;0,00;1.359,00;0;;;1;;FALSO;FALSO;;
665;300;14;GG   1445/S   584;;0,00;0,00;814,00;0;;;1;;FALSO;FALSO;;
666;301;14;GG   1447/S   D2871W7;;0,00;0,00;812,00;0;;;1;;FALSO;FALSO;;
667;302;14;GG   1451/S   PN7;;0,00;0,00;833,00;0;;;1;;FALSO;FALSO;;
668;303;14;GG   1455/S   3H6;;0,00;0,00;611,00;0;;;1;;FALSO;FALSO;;
669;304;14;GG   1462 /N/S   9D1 9911;;0,00;0,00;898,00;0;;;1;;FALSO;FALSO;;
670;305;14;GG   1486/S   GM659P1;;0,00;0,00;798,00;0;;;1;;FALSO;FALSO;;
671;306;14;GG   1494/S   80759 BN;;0,00;0,00;814,00;0;;;1;;FALSO;FALSO;;
672;307;14;GG   1494/S   AD659U0;;0,00;0,00;660,00;0;;;1;;FALSO;FALSO;;
673;308;14;GG   1494/S   AD759BN;;0,00;0,00;662,00;0;;;1;;FALSO;FALSO;;
674;309;14;GG   1510/S   D28 66R7;;0,00;0,00;1.190,00;0;;;1;;FALSO;FALSO;;
675;310;14;GG   1511 N/S   NK4 6616;;0,00;0,00;1.214,00;0;;;1;;FALSO;FALSO;;
676;311;14;GG   1691/S   577IV;;0,00;0,00;1.003,00;0;;;1;;FALSO;FALSO;;
677;312;14;GG   1726/S   006;;0,00;0,00;1.290,00;0;;;1;;FALSO;FALSO;;
678;313;14;GG   1731/S   6P161PN;;0,00;0,00;898,00;0;;;1;;FALSO;FALSO;;
679;314;14;GG   2450/S   086;;0,00;0,00;679,00;0;;;1;;FALSO;FALSO;;
680;315;14;GG   2455/S   T2V54DE;;0,00;0,00;933,00;0;;;1;;FALSO;FALSO;;
681;316;14;GG   2492/S   584;;0,00;0,00;684,00;0;;;1;;FALSO;FALSO;;
682;317;14;GG   2493/N/S   9C858BN;;0,00;0,00;865,00;0;;;1;;FALSO;FALSO;;
683;318;14;GG   2498/S   584;;0,00;0,00;611,00;0;;;1;;FALSO;FALSO;;
684;319;14;GG   2527/S   AD6 55 O 0;;0,00;0,00;1.153,00;0;;;1;;FALSO;FALSO;;
685;320;14;GG   2537/S   LU76509;;0,00;0,00;1.062,00;0;;;1;;FALSO;FALSO;;
686;321;14;GG   2561/S   PT4 99YA;;0,00;0,00;1.372,00;0;;;1;;FALSO;FALSO;;
687;322;14;GG   2561/S   PT5 9912;;0,00;0,00;1.372,00;0;;;1;;FALSO;FALSO;;
688;323;14;GG   2562/S   D28  6015;;0,00;0,00;1.372,00;0;;;1;;FALSO;FALSO;;
689;324;14;GG   2563/S   PR8 6017;;0,00;0,00;1.267,00;0;;;1;;FALSO;FALSO;;
690;325;14;GG   2689/S   6P7;;0,00;0,00;1.102,00;0;;;1;;FALSO;FALSO;;
691;326;14;GG   2712/S   PU7 9901;;0,00;0,00;1.358,00;0;;;1;;FALSO;FALSO;;
692;345;15;GU 6115 BLK 3;;0,00;0,00;402,50;0;;;1;;VERDADEIRO;FALSO;;
693;346;15;GU 6142 BLK 3;;175,00;26,25;402,50;0;;;1;;VERDADEIRO;FALSO;;
694;347;15;GU 6099 00 BRN 1;;0,00;0,00;358,00;0;;;1;;VERDADEIRO;FALSO;;
695;348;15;GU 6099 00 GLD 6;;0,00;0,00;358,00;0;;;1;;VERDADEIRO;FALSO;;
696;349;15;GU 6149 56 WHT;;149,50;0,00;299,00;0;;;1;;VERDADEIRO;FALSO;;
697;350;15;GU 6069 61 BLK 3;;0,00;0,00;387,00;0;;;1;;VERDADEIRO;FALSO;;
698;351;15;GU 6073 58 T034;;142,00;0,00;357,00;0;;;1;03/01/2008;VERDADEIRO;FALSO;;
699;352;15;GU 6074 63 BLK3;;0,00;0,00;299,00;0;;;1;;VERDADEIRO;FALSO;;
700;353;15;GU 6075 68 BLK3;;0,00;0,00;315,00;0;;;1;;VERDADEIRO;FALSO;;
701;354;15;GU 6096 53 BLK3;aro - acetato;0,00;0,00;357,50;0;;;1;;VERDADEIRO;FALSO;1062;
702;355;15;GU 6096 53 BRN1;;0,00;0,00;325,00;0;;;1;;VERDADEIRO;FALSO;;
703;356;15;GU 6096 53 VI1;;0,00;0,00;343,00;0;;;1;;VERDADEIRO;FALSO;;
704;357;15;GU 6115 56 PCH3;;0,00;0,00;325,00;0;;;1;;VERDADEIRO;FALSO;;
705;358;15;GU 6142 00 PK21;;0,00;0,00;374,00;0;;;1;;VERDADEIRO;FALSO;;
706;359;15;GU 6142 00 TO1;;187,00;0,00;374,00;0;;;1;;VERDADEIRO;FALSO;;
707;360;15;GU 6143 59 TO1;;162,50;0,00;325,00;0;;;1;;VERDADEIRO;FALSO;;
708;361;15;GU 6149 56 BLK3;;0,00;0,00;315,00;0;;;1;;VERDADEIRO;FALSO;;
709;362;15;GU 5132   68   SGUN;;209,00;0,00;418,00;0;;;1;;VERDADEIRO;FALSO;;
710;363;15;GU 5134   67   AS3;;0,00;0,00;358,00;0;;;1;;VERDADEIRO;FALSO;;
711;364;15;GU 5134   67   BRN2;;0,00;0,00;358,00;0;;;1;;VERDADEIRO;FALSO;;
712;365;15;GU 5140   72   GUN3;;0,00;0,00;376,00;0;;;1;;VERDADEIRO;FALSO;;
713;659;16;CRAB FUMÊ / MARROM;;0,00;0,00;205,00;0;;;1;;FALSO;FALSO;;
715;660;16;GRAVITY FUMÊ / MARROM;aro - aluminio;0,00;0,00;495,00;0;;;1;;VERDADEIRO;FALSO;;
716;661;16;GRAVITY PRATA / BRONZE;;0,00;0,00;525,00;0;;;1;;FALSO;FALSO;;
717;662;16;GRAVITY MULTI STRATO;;0,00;0,00;570,00;0;;;1;;FALSO;FALSO;;
718;663;16;GRAVITY POLARIZADA;;0,00;0,00;630,00;0;;;1;;FALSO;FALSO;;
719;664;16;SCORPIUS FUMÊ / MARROM;;0,00;0,00;435,00;0;;;1;;FALSO;FALSO;;
720;665;16;SCORPIUS PRATA / BRONZE;;0,00;0,00;465,00;0;;;1;;FALSO;FALSO;;
721;666;16;SCORPIUS MULTI STRATO;;0,00;0,00;510,00;0;;;1;;FALSO;FALSO;;
722;667;16;SCORPIUS POLARIZADA;;0,00;0,00;550,00;0;;;1;;FALSO;FALSO;;
723;668;16;SECRET FUMÊ / MARROM;aro - acetato;105,00;0,00;190,00;0;;;1;19/07/2008;VERDADEIRO;FALSO;;
724;669;16;SECRET PRATA / BRONZE;;0,00;0,00;210,00;0;;;1;;FALSO;FALSO;;
725;670;16;SHOCK FUMÊ / MARROM;;79,20;0,00;210,00;0;;;1;10/06/2008;VERDADEIRO;FALSO;;
726;671;16;SHOCK PRATA / BRONZE;;0,00;0,00;230,00;0;;;1;;FALSO;FALSO;;
727;672;16;SHOCK MULTI STRATO;;0,00;0,00;250,00;0;;;1;;FALSO;FALSO;;
728;673;16;SHOCK POLARIZADA;;125,00;0,00;325,00;0;;;1;;FALSO;FALSO;;
729;674;16;SHUTTLE FUMÊ / MARROM;;0,00;0,00;325,00;0;;;1;;VERDADEIRO;FALSO;;
730;675;16;SHUTTLE PRATA / BRONZE;;0,00;0,00;350,00;0;;;1;;FALSO;FALSO;;
731;676;16;SHUTTLE MULTI STRATO;;0,00;0,00;380,00;0;;;1;;FALSO;FALSO;;
732;677;16;SKULL FUMÊ / MARROM;;0,00;0,00;210,00;0;;;1;;FALSO;FALSO;;
733;678;16;SKULL PRATA / BRONZE;;0,00;0,00;230,00;0;;;1;;FALSO;FALSO;;
734;679;16;SKULL POLARIZADA;;0,00;0,00;325,00;0;;;1;;FALSO;FALSO;;
735;680;16;SONIC FUMÊ / MARROM;;0,00;0,00;489,00;0;;;1;;FALSO;FALSO;;
736;681;16;SPARK FUMÊ / MARROM;;0,00;0,00;210,00;0;;;1;;FALSO;FALSO;;
737;682;16;SPARK PRATA / BRONZE;;0,00;0,00;230,00;0;;;1;;FALSO;FALSO;;
738;683;16;SPARK MULTI STRATO;;0,00;0,00;250,00;0;;;1;;FALSO;FALSO;;
739;684;16;SPARK POLARIZADA;;0,00;0,00;325,00;0;;;1;;FALSO;FALSO;;
740;685;16;STOKED FUMÊ / MARROM;másc - acetato;120,00;0,00;250,00;0;;;1;08/09/2007;VERDADEIRO;FALSO;;
741;686;16;STOKED PRATA / BRONZE;;0,00;0,00;275,00;0;;;1;;FALSO;FALSO;;
742;687;16;STOKED MULTI STRATO;;0,00;0,00;300,00;0;;;1;;VERDADEIRO;FALSO;;
743;688;16;STOKED POLARIZADA;;0,00;0,00;365,00;0;;;1;;VERDADEIRO;FALSO;;
744;689;16;STYLE FUMÊ / MARROM;;75,00;0,00;210,00;0;;;1;;VERDADEIRO;FALSO;;
745;690;16;STYLE PRATA / BRONZE;;0,00;0,00;230,00;0;;;1;;FALSO;FALSO;;
747;691;16;SULTAN POLARIZADA;;0,00;0,00;385,00;0;;;1;;FALSO;FALSO;;
748;692;16;THE EDGE FUMÊ / MARROM;;104,00;15,60;275,00;0;;;1;23/03/2007;FALSO;FALSO;;
749;693;16;THE EDGE PRATA / BRONZE;;0,00;0,00;300,00;0;;;1;;FALSO;FALSO;;
750;694;16;V TRONIC FUMÊ / MARROM;aro - acetato;135,00;0,00;275,00;0;;;1;21/05/2007;VERDADEIRO;FALSO;;
751;695;16;V TRONIC PRATA / BRONZE;;0,00;0,00;300,00;0;;;1;;FALSO;FALSO;;
752;696;16;V TRONIC MULTI STRATO;;0,00;0,00;330,00;0;;;1;;FALSO;FALSO;;
753;697;16;V TRONIC POLARIZADA;;0,00;0,00;395,00;0;;;1;;FALSO;FALSO;;
754;1133;17;MU   03FS 4AO5D1;;0,00;0,00;620,00;0;;;1;;FALSO;FALSO;;
755;1134;17;MU   05FS 76O5D1;;0,00;0,00;552,00;0;;;1;;FALSO;FALSO;;
756;1135;17;MU   07DS/ 1AB1A1;;0,00;0,00;668,00;0;;;1;;FALSO;FALSO;;
757;1136;17;MU   07DS/ 1AR1A1;;230,00;0,00;808,28;0;;;1;;VERDADEIRO;FALSO;;
758;1137;17;MU   07DS/ 3AK3N1;;0,00;0,00;668,00;0;;;1;;FALSO;FALSO;;
759;1138;17;MU   07FS 7565D1;;0,00;0,00;798,00;0;;;1;;FALSO;FALSO;;
760;1139;17;MU   07FS 7573N1;;0,00;0,00;965,58;0;;;1;;VERDADEIRO;FALSO;;
761;1140;17;MU   13ES/ 1AB1A1;;0,00;0,00;607,00;0;;;1;;FALSO;FALSO;;
762;1141;17;MU   14FS 3AK3N1;;0,00;0,00;678,00;0;;;1;;FALSO;FALSO;;
763;1142;17;MU   16ES/ 4BK5D1;;0,00;0,00;607,00;0;;;1;;FALSO;FALSO;;
764;1143;17;MU   16ES/ OAC2V1;;0,00;0,00;607,00;0;;;1;;FALSO;FALSO;;
765;1144;17;MU   16FS 7741A1;aro - acetato;0,00;0,00;667,92;0;;;1;;VERDADEIRO;FALSO;;
766;1145;17;MU   19ES/ 5BD1A1;;0,00;0,00;598,00;0;;;1;;FALSO;FALSO;;
767;1146;17;MU   20ES/ 5BG2Z1;aro - acetato;0,00;0,00;821,59;-1;;;1;;VERDADEIRO;FALSO;;
768;1147;17;MU   21ES/ 1BD6R1;;0,00;0,00;746,00;0;;;1;;FALSO;FALSO;;
769;1148;17;MU   22ES/ 1AB1A1;aro - acetato;0,00;0,00;894,19;-1;;;1;;VERDADEIRO;FALSO;;
770;1149;17;MU   50FS 1BC1Z1;;0,00;0,00;718,00;0;;;1;;FALSO;FALSO;;
771;1150;17;MU   50FS 7AX1A1;;0,00;0,00;718,00;0;;;1;;FALSO;FALSO;;
772;1151;17;MU   52FS 5AK3O1;;0,00;0,00;718,00;0;;;1;;FALSO;FALSO;;
773;1152;17;MU   58ES / 5AK6R1;;0,00;0,00;698,00;0;;;1;;FALSO;FALSO;;
774;1153;17;MU   60ES/ 5AV1A1;;0,00;0,00;682,00;0;;;1;;FALSO;FALSO;;
775;1154;17;MU   62ES/ 5AK1Z1;;0,00;0,00;698,00;0;;;1;;FALSO;FALSO;;
776;1168;18;EL CAPITAIN;;92,00;0,00;200,00;0;;;1;05/04/2007;FALSO;FALSO;;
777;1169;18;FERRUGEM   1;;164,00;0,00;410,00;0;;;1;;FALSO;FALSO;;
778;1170;18;GAMBOA AIR I;;125,00;0,00;310,00;0;;;1;28/02/2008;VERDADEIRO;FALSO;;
779;1171;18;GAMBOA AIR II;;135,00;0,00;310,00;0;;;1;09/08/2008;VERDADEIRO;FALSO;;
780;1172;18;GAMBOA RÔ;;103,50;0,00;230,00;0;;;1;20/05/2008;VERDADEIRO;FALSO;;
781;1173;18;GAMBOA SUD;;0,00;0,00;230,00;0;;;1;;FALSO;FALSO;;
782;1174;18;IPANEMA;;0,00;0,00;280,00;0;;;1;;FALSO;FALSO;;
783;1175;18;ITACARÉ;Aro - Acetato;145,00;0,00;320,00;0;;;1;17/12/2007;VERDADEIRO;FALSO;;
784;1176;18;JOAQUINA;;0,00;0,00;200,00;0;;;1;;VERDADEIRO;FALSO;;
785;1177;18;MAKARRA;Aro - Acetato;55,00;0,00;200,00;0;;;1;07/12/2007;VERDADEIRO;FALSO;;
786;1178;18;SANCHO;;0,00;0,00;280,00;0;;;1;;FALSO;FALSO;;
787;1179;18;SAQUAREMA;;0,00;0,00;280,00;0;;;1;;FALSO;FALSO;;
788;1223;19;A WIRE 05 702;;0,00;0,00;710,00;0;;;1;;VERDADEIRO;FALSO;;
789;1224;19;A WIRE 05 700;;0,00;0,00;710,00;0;;;1;;VERDADEIRO;FALSO;;
790;1225;19;BIG SQUARE S H 05 761;;0,00;0,00;730,00;0;;;1;;VERDADEIRO;FALSO;;
791;1226;19;BOTTLE CAP 03 454;;245,00;0,00;539,00;0;;;1;27/08/2008;VERDADEIRO;FALSO;;
792;1227;19;BOTTLE CAP 12 854;;0,00;0,00;690,00;0;;;1;;VERDADEIRO;FALSO;;
793;1228;19;CANTEEN   03 540;;0,00;0,00;475,00;0;;;1;;VERDADEIRO;FALSO;;
794;1229;19;CROSSHAIR   05 812;;273,91;41,09;693,00;0;;;1;11/06/2008;VERDADEIRO;FALSO;100;
795;1230;19;CROSSHAIR   05 815;;0,00;0,00;710,00;0;;;1;;VERDADEIRO;FALSO;;
796;1231;19;CROSSHAIR 004060-06;aro - metal;0,00;0,00;603,00;0;;;1;;VERDADEIRO;FALSO;;
797;1232;19;CROSSHAIR S Gold   05 975;;315,00;0,00;630,00;0;;;1;12/04/2007;VERDADEIRO;FALSO;;
798;1233;19;CROSSHAIR   05 997;;0,00;0,00;630,00;0;;;1;;VERDADEIRO;FALSO;;
799;1234;19;DART 05 660;;0,00;0,00;650,00;0;;;1;;VERDADEIRO;FALSO;;
801;1235;19;DARTBOARD 05 110;;0,00;0,00;710,00;0;;;1;;VERDADEIRO;FALSO;;
802;1236;19;DARTBOARD 05 112;;0,00;0,00;710,00;0;;;1;;VERDADEIRO;FALSO;;
803;1237;19;DARTBOARD 05 118;;0,00;0,00;710,00;0;;;1;;VERDADEIRO;FALSO;;
804;1238;19;DARTBOARD 12 821;;0,00;0,00;980,00;0;;;1;;VERDADEIRO;FALSO;;
805;1239;19;DARTBOARD LARGE 05 117;;0,00;0,00;685,00;0;;;1;;VERDADEIRO;FALSO;;
806;1240;19;DUCATI  Juliet Carbon 12 673;;0,00;0,00;1.920,00;0;;;1;;VERDADEIRO;FALSO;;
807;1241;19;DUCATI 12 690;;0,00;0,00;670,00;0;;;1;;VERDADEIRO;FALSO;;
808;1242;19;DUCATI  Gas Can 12 713;;0,00;0,00;545,00;0;;;1;;VERDADEIRO;FALSO;;
809;1243;19;FIVE 2.0 03 420;;0,00;0,00;415,00;0;;;1;;VERDADEIRO;FALSO;457;
810;1244;19;FIVE 2.0 03 421;;0,00;0,00;415,00;0;;;1;;VERDADEIRO;FALSO;;
811;1245;19;DUCATI  Five 3.0   12 714;;225,00;0,00;495,00;0;;;1;;VERDADEIRO;FALSO;;
812;1246;19;FIVE 3.0 12 859;;245,00;0,00;540,00;0;;;1;;VERDADEIRO;FALSO;;
813;1247;19;GAS CAN 03 471;;210,43;31,56;532,38;0;;;1;;VERDADEIRO;FALSO;;
814;1248;19;GAS CAN 12 855;;0,00;0,00;725,00;0;;;1;;VERDADEIRO;FALSO;;
815;1249;19;GRAPEVINE 03 511;;226,00;0,00;490,00;0;;;1;25/04/2007;VERDADEIRO;FALSO;;
816;1250;19;GRAPEVINE 03 510;;244,00;0,00;510,00;0;;;1;;VERDADEIRO;FALSO;;
817;1251;19;HALF JACKET 03 614;;0,00;0,00;545,00;0;;;1;;VERDADEIRO;FALSO;;
818;1252;19;HALF JACKET 03 618;;0,00;0,00;545,00;0;;;1;;VERDADEIRO;FALSO;;
819;1253;19;HALF JACKET 12 801;;0,00;0,00;760,00;0;;;1;;VERDADEIRO;FALSO;;
820;1254;19;HALF WIRE XL S H 05 738;;0,00;0,00;780,00;0;;;1;;VERDADEIRO;FALSO;;
821;1255;19;HATCHET WIRE 05 889;;0,00;0,00;1.000,00;0;;;1;;VERDADEIRO;FALSO;;
822;1256;19;JULIET  Plas Emerald 04 115;;0,00;0,00;1.596,00;0;;;1;;VERDADEIRO;FALSO;;
823;1257;19;JULIET 04 116;;0,00;0,00;1.820,00;0;;;1;;VERDADEIRO;FALSO;;
824;1258;19;JULIET  Carbon 04 128;;760,00;0,00;1.672,00;0;;;1;04/07/2008;VERDADEIRO;FALSO;;
825;1259;19;MAGNESIUM 03 822;;0,00;0,00;1.000,00;0;;;1;;VERDADEIRO;FALSO;;
826;1260;19;MONSTER DOG 05 015;;197,39;29,61;500,00;0;;;1;01/09/2008;VERDADEIRO;FALSO;;
827;1261;19;MONSTER DOG 05 013;;0,00;0,00;450,00;0;;;1;;VERDADEIRO;FALSO;;
828;1262;19;MONSTER DOG 05 014;;0,00;0,00;690,00;0;;;1;;VERDADEIRO;FALSO;;
829;1263;19;MONSTER DOG 05 028;;0,00;0,00;450,00;0;;;1;;VERDADEIRO;FALSO;;
830;1264;19;MONSTER DOG 05 029;;0,00;0,00;450,00;0;;;1;;VERDADEIRO;FALSO;;
831;1265;19;MONSTER DOG 12 672 Ducati;;148,01;22,20;399,00;0;;;1;14/08/2008;VERDADEIRO;FALSO;;
832;1266;19;MONSTER DOG 12 804;;285,22;42,78;730,00;0;;;1;13/12/2007;VERDADEIRO;FALSO;;
833;1267;19;MONSTER DOG 12 860;;0,00;0,00;690,00;0;;;1;;VERDADEIRO;FALSO;;
834;1268;19;MONSTER DOGGLE 12 820;;328,00;0,00;690,00;0;;;1;;VERDADEIRO;FALSO;;
835;1269;19;NEW M F STRIKE 09 237;;0,00;0,00;800,00;0;;;1;;VERDADEIRO;FALSO;;
836;1270;19;OIL DRUM 03 485;;248,00;0,00;550,00;0;;;1;24/12/2007;VERDADEIRO;FALSO;;
837;1271;19;OIL DRUM 03 487;;0,00;0,00;495,00;0;;;1;;VERDADEIRO;FALSO;;
838;1272;19;OIL DRUM 03 488;;258,00;0,00;568,00;0;;;1;01/08/2007;VERDADEIRO;FALSO;;
839;1273;19;PLATE 03 851;;0,00;0,00;795,00;0;;;1;;VERDADEIRO;FALSO;;
840;1274;19;RIDDLE White  05 905;;0,00;0,00;630,00;0;;;1;;VERDADEIRO;FALSO;;
841;1275;19;RIDDLE 05 906;;0,00;0,00;630,00;0;;;1;;VERDADEIRO;FALSO;;
842;1276;19;RIDDLE 12 851;;0,00;0,00;800,00;0;;;1;;VERDADEIRO;FALSO;;
843;1277;19;RIDDLE 05 910;;315,00;0,00;693,00;0;;;1;;VERDADEIRO;FALSO;;
844;1278;19;RIDDLE 05 911;;300,00;0,00;660,00;0;;;1;;VERDADEIRO;FALSO;;
845;1279;19;ROMEO II   04 137;;865,00;0,00;1.903,00;0;;;1;;VERDADEIRO;FALSO;;
846;1280;19;SCRIPT 05 960;;0,00;0,00;710,00;0;;;1;;VERDADEIRO;FALSO;;
847;1281;19;SCRIPT 05 961;;282,61;42,39;715,00;0;;;1;30/01/2008;VERDADEIRO;FALSO;;
848;1282;19;VALVE JPM SIGN. Edition  12 675;;0,00;0,00;650,00;0;;;1;;VERDADEIRO;FALSO;;
849;1283;19;SPIKE    05 931;;330,00;0,00;660,00;0;;;1;;VERDADEIRO;FALSO;;
850;1284;19;SPIKE    05 933;;0,00;0,00;660,00;0;;;1;;VERDADEIRO;FALSO;;
851;1285;19;SPIKE   12 868;;0,00;0,00;800,00;0;;;1;;VERDADEIRO;FALSO;;
852;1286;19;SPLICE 03 722;;0,00;0,00;840,00;0;;;1;;VERDADEIRO;FALSO;;
853;1287;19;SPLICE 03 725;;0,00;0,00;840,00;0;;;1;;VERDADEIRO;FALSO;;
854;1288;19;THUMP 05 156 GREY   256 Mb;;0,00;0,00;1.200,00;0;;;1;;VERDADEIRO;FALSO;;
855;1289;19;THUMP 05 160 TURTOISE   512 Mb;;0,00;0,00;1.425,00;0;;;1;;VERDADEIRO;FALSO;;
856;1290;19;THUMP 05 167 DUCATI   1 Gb;;0,00;0,00;1.595,00;0;;;1;;VERDADEIRO;FALSO;;
857;1291;19;THUMP 05 165   512 Mb;;0,00;0,00;1.425,00;0;;;1;;VERDADEIRO;FALSO;;
858;1292;19;THUMP 98 703 H;;0,00;0,00;1.199,00;0;;;1;;VERDADEIRO;FALSO;;
859;1293;19;THUMP 98 705 H;;0,00;0,00;1.199,00;0;;;1;;VERDADEIRO;FALSO;;
860;1294;19;UNKNOW 03 319;;0,00;0,00;495,00;0;;;1;;VERDADEIRO;FALSO;;
861;1295;19;UNKNOW 12 674;;0,00;0,00;495,00;0;;;1;20/11/2006;VERDADEIRO;FALSO;;
862;1296;19;UNKNOW 12 826;;0,00;0,00;660,00;0;;;1;;VERDADEIRO;FALSO;;
863;1297;19;UNKNOW 12 842;;0,00;0,00;660,00;0;;;1;;VERDADEIRO;FALSO;;
864;1298;19;WHISKER 12 850;;0,00;0,00;800,00;0;;;1;;VERDADEIRO;FALSO;;
865;1299;19;WHY 8.0 05 875;;0,00;0,00;750,00;0;;;1;;VERDADEIRO;FALSO;;
866;1300;19;WHY 8.0 05 877;;0,00;0,00;750,00;0;;;1;;VERDADEIRO;FALSO;;
867;1301;19;WIDEN WIRE 05 884;;0,00;0,00;630,00;0;;;1;;VERDADEIRO;FALSO;;
868;1302;19;WIRE 2.0 05 650;;0,00;0,00;0,00;0;;;1;;VERDADEIRO;FALSO;;
869;1303;19;XS FIVE 03 451;;0,00;0,00;270,00;0;;;1;;VERDADEIRO;FALSO;;
870;1304;19;XS FIVE 03 453;;0,00;0,00;270,00;0;;;1;;VERDADEIRO;FALSO;;
871;1305;19;XXX METAL 04 121;;0,00;0,00;1.755,00;0;;;1;;VERDADEIRO;FALSO;;
872;1306;19;ZERO 05 285;;0,00;0,00;470,00;0;;;1;;VERDADEIRO;FALSO;;
873;1307;19;ZERO 05 288;;0,00;0,00;600,00;0;;;1;;VERDADEIRO;FALSO;;
874;1308;19;ZERO 12 663;;0,00;0,00;550,00;0;;;1;;VERDADEIRO;FALSO;;
875;1614;20;PR 02FS/ 2AU3N1;;0,00;0,00;1.122,00;0;;;1;;FALSO;FALSO;;
876;1615;20;PR 03GS/ ZAUZZ1;;0,00;0,00;1.227,00;0;;;1;;FALSO;FALSO;;
877;1616;20;PR 04FS/ 1AB1A1;;0,00;0,00;954,00;0;;;1;;FALSO;FALSO;;
878;1617;20;PR 04FS/ 2AU3N1;;0,00;0,00;954,00;0;;;1;;FALSO;FALSO;;
879;1618;20;PR 04FS/ 4BX2Z1;;0,00;0,00;954,00;0;;;1;;FALSO;FALSO;;
880;1619;20;PR 07GS/ 1AB1A1;;0,00;0,00;1.190,00;0;;;1;;FALSO;FALSO;;
881;1620;20;PR 08FS/ 1AB1A1;;0,00;0,00;1.122,00;0;;;1;;FALSO;FALSO;;
882;1621;20;PR 13FS/ 1AB1A1;;0,00;0,00;1.122,00;0;;;1;;FALSO;FALSO;;
883;1622;20;PR 13FS/ ZAU3N1;;0,00;0,00;1.122,00;0;;;1;;FALSO;FALSO;;
884;1623;20;PR 14FS/ 1AB1A1;;0,00;0,00;1.122,00;0;;;1;;FALSO;FALSO;;
885;1624;20;PR 50ES/ 1BO7W1;;0,00;0,00;1.183,00;0;;;1;;FALSO;FALSO;;
886;1625;20;PR 50ES/ 5AV5Z1;;0,00;0,00;1.498,00;0;;;1;;FALSO;FALSO;;
887;1626;20;PR 51GS/ 5AS3N1;;0,00;0,00;1.319,00;0;;;1;;FALSO;FALSO;;
888;1627;20;PR 52GS/ 1BO1A1;;0,00;0,00;1.199,00;0;;;1;;FALSO;FALSO;;
889;1628;20;PR 52GS/ 5AK3O1;;0,00;0,00;1.199,00;0;;;1;;FALSO;FALSO;;
890;1629;20;PR 54ES/ 1BO301;;0,00;0,00;1.183,00;0;;;1;;FALSO;FALSO;;
891;1630;20;PR 54FS/ 1BO1A1;;0,00;0,00;1.320,00;0;;;1;;FALSO;FALSO;;
892;1631;20;PR 54GS/ 5AK2Z1;;0,00;0,00;1.290,00;0;;;1;;FALSO;FALSO;;
893;1632;20;PR 54GS/ 5AV1A1;;0,00;0,00;1.290,00;0;;;1;;FALSO;FALSO;;
894;1633;20;PR 58FS/ 1BO5D1;;0,00;0,00;1.319,00;0;;;1;;FALSO;FALSO;;
895;1634;20;PR 58FS/ 5BZ1A1;;0,00;0,00;1.320,00;0;;;1;;FALSO;FALSO;;
896;1642;21;7518/S   807 5618;;0,00;0,00;399,00;0;;;1;;FALSO;FALSO;;
897;1643;21;7529/S   807 53BM;;0,00;0,00;364,00;0;;;1;;FALSO;FALSO;;
898;1644;21;7529/S   9E9 53IH;;0,00;0,00;364,00;0;;;1;;FALSO;FALSO;;
899;1645;21;7537/S   086 59CD;;0,00;0,00;396,00;0;;;1;;FALSO;FALSO;;
900;1646;21;7537/S   9D2 59S1;;0,00;0,00;394,00;0;;;1;;FALSO;FALSO;;
901;1647;21;7540/S   C29 60LF;;0,00;0,00;458,00;0;;;1;;FALSO;FALSO;;
902;1648;21;7543/S   000 5917;;0,00;0,00;341,00;0;;;1;;FALSO;FALSO;;
903;1649;21;7548/S   807 67P9;;0,00;0,00;498,00;0;;;1;;FALSO;FALSO;;
904;1650;21;7548/S   P67 67P9;;0,00;0,00;498,00;0;;;1;;FALSO;FALSO;;
905;1651;21;7558/S   5Y4 57BM;;0,00;0,00;418,00;0;;;1;;FALSO;FALSO;;
906;1652;21;7558/S   P66 57NO;;0,00;0,00;416,00;0;;;1;;FALSO;FALSO;;
907;1653;21;7561/S   807 61LF;;165,00;0,00;561,00;0;;;1;;FALSO;FALSO;;
908;1654;21;7562/S   9Z6 60DE;;0,00;0,00;591,00;0;;;1;;FALSO;FALSO;;
909;1655;21;7726/S   9J9 68AY;;0,00;0,00;499,00;0;;;1;;FALSO;FALSO;;
910;1656;21;878/S   M03 56BN;;0,00;0,00;426,00;0;;;1;;FALSO;FALSO;;
911;1657;21;906/NS   Q2U 66R7;;0,00;0,00;471,00;0;;;1;;FALSO;FALSO;;
912;1658;21;907/S   086 59U0;;256,00;0,00;592,90;0;;;1;18/12/2007;VERDADEIRO;FALSO;;
913;1659;21;908/S   086 60U0;;0,00;0,00;514,00;0;;;1;;FALSO;FALSO;;
914;1660;21;908/S   807 60BN;;0,00;0,00;0,00;0;;;1;;FALSO;FALSO;;
915;1729;22;BL 2845   PRAN;;0,00;0,00;390,00;0;;;1;;FALSO;FALSO;;
916;1730;22;CUTTERS   W 3121;;0,00;0,00;462,00;0;;;1;;FALSO;FALSO;;
917;1731;22;RB 2030 PS8   627/55;;0,00;0,00;459,00;0;;;1;;FALSO;FALSO;;
918;1732;22;RB 2046 CUTTERS 627/60;;0,00;0,00;459,00;0;;;1;;FALSO;FALSO;;
919;1733;22;RB 2111 905;;0,00;0,00;428,00;0;;;1;;FALSO;FALSO;;
920;1734;22;RB 2129 902 5118;;0,00;0,00;431,00;0;;;1;;FALSO;FALSO;;
921;1735;22;RB 2130 902 5416;;0,00;0,00;431,00;0;;;1;;FALSO;FALSO;;
922;1736;22;RB 2130 938 5416;aro - acetato;0,00;0,00;474,10;-1;;;1;;VERDADEIRO;FALSO;;
923;1737;22;RB 2130 901 5416;;0,00;0,00;431,00;0;;;1;;FALSO;FALSO;;
924;1738;22;5232;;0,00;0,00;429,00;0;;;1;;FALSO;FALSO;;
925;1739;22;RB 3023 W2963;;0,00;0,00;459,00;0;;;1;;FALSO;FALSO;;
926;1740;22;RB 3025 W 3277 LARGE;;181,03;27,15;490,00;0;;;1;18/12/2007;FALSO;FALSO;;
927;1741;22;RB 3025 W3234;;0,00;0,00;433,00;0;;;1;;FALSO;FALSO;;
928;1742;22;RB 3025 001/14;aro - metal;222,23;0,00;475,00;0;;;1;25/02/2008;FALSO;FALSO;;
929;1743;22;RB 3025 W3238;;0,00;0,00;439,00;0;;;1;;FALSO;FALSO;;
930;1744;22;RB 3026   L2846;aro - metal;167,15;25,07;450,00;-1;;;1;;FALSO;FALSO;0;
931;1745;22;RB 3044   L0207;;258,42;0,00;429,00;0;;;1;;FALSO;FALSO;;
932;1746;22;RB 3044   L2848;aro - metal;0,00;0,00;429,00;0;;;1;;FALSO;FALSO;;
933;1747;22;RB 3045   004/58;;0,00;0,00;0,00;0;;;1;;FALSO;FALSO;;
934;1748;22;RB 3053   W3085;;0,00;0,00;419,00;0;;;1;;FALSO;FALSO;;
935;1749;22;RB 3123   W3109;;0,00;0,00;449,00;0;;;1;;FALSO;FALSO;;
936;1750;22;RB 3131   001/39;;0,00;0,00;529,00;0;;;1;;FALSO;FALSO;;
937;1751;22;RB 3140   008 4923;;0,00;0,00;459,00;0;;;1;;FALSO;FALSO;;
938;1752;22;RB 3141   006/48;;0,00;0,00;719,00;0;;;1;;FALSO;FALSO;;
939;1753;22;RB 3149   004/48;;0,00;0,00;622,00;0;;;1;;FALSO;FALSO;;
940;1754;22;RB 3156   003/61;;0,00;0,00;669,00;0;;;1;;FALSO;FALSO;;
941;1755;22;RB 3158   001;;0,00;0,00;469,00;0;;;1;;FALSO;FALSO;;
942;1756;22;RB 3169   004/48 6016;;0,00;0,00;706,00;0;;;1;;FALSO;FALSO;;
943;1757;22;RB 3180   004/9A;;0,00;0,00;0,00;0;;;1;;FALSO;FALSO;;
944;1758;22;RB 3180   TOP RECTANGULAR 004/9A;;0,00;0,00;655,00;0;;;1;;FALSO;FALSO;;
945;1759;22;RB 3183   004/9A;;0,00;0,00;629,00;0;;;1;;FALSO;FALSO;;
947;1760;22;RB 3183   006/71 6315;;0,00;0,00;519,00;0;;;1;;FALSO;FALSO;;
948;1761;22;RB 3183 TOP BAR 003/21;;0,00;0,00;558,00;0;;;1;;FALSO;FALSO;;
949;1762;22;RB 3189   006/48;;0,00;0,00;719,00;0;;;1;;FALSO;FALSO;;
951;1763;22;RB 3194   006/58;;0,00;0,00;569,00;0;;;1;;FALSO;FALSO;;
952;1764;22;RB 3196   003/Z1;;194,78;23,37;567,00;0;;;1;;FALSO;FALSO;;
953;1765;22;RB 3196   006/9A;;0,00;0,00;598,00;0;;;1;;FALSO;FALSO;;
954;1766;22;RB 3202 SIDESTREET COMBO 014/13;;0,00;0,00;459,00;0;;;1;;FALSO;FALSO;;
955;1767;22;RB 3211   004/71;;0,00;0,00;526,90;0;;;1;05/03/2007;VERDADEIRO;FALSO;;
956;1768;22;RB 3213   006;;0,00;0,00;429,00;0;;;1;;FALSO;FALSO;;
957;1769;22;RB 3221   004/48;;0,00;0,00;657,00;0;;;1;;FALSO;FALSO;;
958;1770;22;RB 3237   004/58;;0,00;0,00;759,00;0;;;1;;FALSO;FALSO;;
959;1771;22;RB 3237   006;;0,00;0,00;539,00;0;;;1;;FALSO;FALSO;;
960;1772;22;RB 3239   006/71;;0,00;0,00;498,00;0;;;1;;FALSO;FALSO;;
961;1773;22;RB 3240   006;;0,00;0,00;548,90;0;;;1;;VERDADEIRO;FALSO;;
962;1774;22;RB 3243   001/13;;0,00;0,00;598,00;0;;;1;;FALSO;FALSO;;
963;1775;22;RB 3243   006/71 0133;;0,00;0,00;598,00;0;;;1;;FALSO;FALSO;;
964;1776;22;RB 3244   001/13;másc - metal;216,70;32,51;550,00;0;;;1;09/08/2008;FALSO;FALSO;;
965;1777;22;RB 3245   004/58;;0,00;0,00;767,00;0;;;1;;FALSO;FALSO;;
966;1778;22;RB 3245   006 6117;;0,00;0,00;596,00;0;;;1;;FALSO;FALSO;;
967;1779;22;RB 3246   014/57 5818;;0,00;0,00;840,00;0;;;1;;FALSO;FALSO;;
968;1780;22;RB 3248   014/73 5615;;0,00;0,00;455,00;0;;;1;;FALSO;FALSO;;
969;1781;22;RB 3250   006/71;;250,50;0,00;539,00;0;;;1;;FALSO;FALSO;;
970;1782;22;RB 3250   030/7E;;0,00;0,00;545,00;0;;;1;;FALSO;FALSO;;
971;1783;22;RB 3254   004/58;;0,00;0,00;759,00;0;;;1;;FALSO;FALSO;;
972;1784;22;RB 3255   004/58;;0,00;0,00;759,00;0;;;1;;FALSO;FALSO;;
973;1785;22;RB 3261   004/71;;0,00;0,00;539,00;0;;;1;;FALSO;FALSO;;
974;1786;22;RB 3261   006/9A;;0,00;0,00;679,00;0;;;1;;FALSO;FALSO;;
975;1787;22;RB 3274   001/71;;252,00;0,00;519,00;0;;;1;31/07/2007;FALSO;FALSO;;
976;1788;22;RB 3274   006/71;;239,30;0,00;519,00;0;;;1;20/11/2007;FALSO;FALSO;;
977;1789;22;RB 4011 PS GLIDER 627/55;;0,00;0,00;504,90;0;;;1;;VERDADEIRO;FALSO;;
978;1790;22;RB 4026   601S48;aro - acetato;0,00;0,00;629,00;0;;;1;;FALSO;FALSO;;
979;1791;22;RB 4033 PS SHOT RECTANGLE 642;aro - acetato;0,00;0,00;452,10;-1;;;1;;VERDADEIRO;FALSO;;
980;1792;22;RB 4036   642/83 6316;;0,00;0,00;572,00;0;;;1;;FALSO;FALSO;;
981;1793;22;RB 4037   601 5918;;0,00;0,00;431,00;0;;;1;;FALSO;FALSO;;
982;1794;22;RB 4037   601S;;0,00;0,00;389,00;0;;;1;;FALSO;FALSO;;
983;1795;22;RB 4037   601S48;;0,00;0,00;523,00;0;;;1;;FALSO;FALSO;;
984;1796;22;RB 4037   642;;0,00;0,00;427,90;0;;;1;22/08/2007;VERDADEIRO;FALSO;;
985;1797;22;RB 4037 PS SHOT EXTREME   642;;0,00;0,00;411,00;0;;;1;;FALSO;FALSO;;
986;1798;22;RB 4038   601/71;;0,00;0,00;391,00;0;;;1;;FALSO;FALSO;;
987;1799;22;RB 4039   601/71;;179,20;0,00;389,00;0;;;1;30/11/2007;FALSO;FALSO;;
988;1800;22;RB 4039   601/71 6316;;155,62;23,34;430,00;0;;;1;;FALSO;FALSO;;
989;1801;22;RB 4039   601S9A;meia - acetato;218,61;32,79;624,80;0;;;1;29/02/2008;VERDADEIRO;FALSO;;
990;1802;22;RB 4039   601S71;;0,00;0,00;391,00;0;;;1;;FALSO;FALSO;;
991;1803;22;RB 4039   601S9A 6316;;207,67;31,15;570,00;0;;;1;;FALSO;FALSO;;
992;1804;22;RB 4039   642/71;;0,00;0,00;389,00;0;;;1;;FALSO;FALSO;;
993;1805;22;RB 4039   642/83;;0,00;0,00;460,00;0;;;1;;FALSO;FALSO;;
994;1806;22;RB 4039   642/83 6316;;0,00;0,00;572,00;0;;;1;;FALSO;FALSO;;
995;1807;22;RB 4041 STORM 601 S/60;;0,00;0,00;459,00;0;;;1;;FALSO;FALSO;;
996;1808;22;RB 4041 STORM 662 S/21;;0,00;0,00;459,00;0;;;1;;FALSO;FALSO;;
997;1809;22;RB 4044   601/9A 6014;;0,00;0,00;576,00;0;;;1;;FALSO;FALSO;;
998;1810;22;RB 4046   601;;0,00;0,00;435,00;0;;;1;;FALSO;FALSO;;
999;1811;22;RB 4052   601;;0,00;0,00;449,00;0;;;1;;FALSO;FALSO;;
1000;1812;22;RB 4052   601S58 6116;;0,00;0,00;789,00;0;;;1;;FALSO;FALSO;;
1001;1813;22;RB 4052   601S;;0,00;0,00;449,00;0;;;1;;FALSO;FALSO;;
1002;1814;22;RB 4052   601S58;;0,00;0,00;719,00;0;;;1;;FALSO;FALSO;;
1003;1815;22;RB 4052   642/57;;232,00;0,00;795,30;0;;;1;;VERDADEIRO;FALSO;;
1004;1816;22;RB 4053   601;;0,00;0,00;501,00;0;;;1;;FALSO;FALSO;;
1005;1817;22;RB 4054   601S71;aro - acetato;0,00;0,00;449,00;0;;;1;;FALSO;FALSO;;
1006;1818;22;RB 4056   601/9A;;0,00;0,00;639,00;0;;;1;;FALSO;FALSO;;
1007;1819;22;RB 4056   684/8W 6315;;0,00;0,00;550,00;0;;;1;;FALSO;FALSO;;
1008;1820;22;RB 4057   601/58;;0,00;0,00;792,00;0;;;1;;FALSO;FALSO;;
1009;1821;22;RB 4057   642/57;;0,00;0,00;723,00;0;;;1;;FALSO;FALSO;;
1010;1822;22;RB 4057/S   642/57;;0,00;0,00;759,00;0;;;1;;FALSO;FALSO;;
1011;1823;22;RB 4058   601;;0,00;0,00;504,90;0;;;1;;VERDADEIRO;FALSO;;
1012;1824;22;RB 4058   601/58;;0,00;0,00;679,00;0;;;1;;FALSO;FALSO;;
1013;1825;22;RB 4058   642;;0,00;0,00;504,90;0;;;1;;VERDADEIRO;FALSO;;
1014;1826;22;RB 4062   601/71;;180,00;0,00;551,10;0;;;1;;VERDADEIRO;FALSO;;
1015;1827;22;RB 4062   601S/71;;0,00;0,00;457,00;0;;;1;;FALSO;FALSO;;
1016;1828;22;RB 4062   642/71;;0,00;0,00;457,00;0;;;1;;FALSO;FALSO;;
1017;1829;22;RB 4062   691/80;;0,00;0,00;498,00;0;;;1;;FALSO;FALSO;;
1018;1830;22;RB 4068   601/58;;0,00;0,00;719,00;0;;;1;;FALSO;FALSO;;
1019;1831;22;RB 4068   601/S;;360,00;0,00;504,90;0;;;1;24/02/2007;VERDADEIRO;FALSO;;
1020;1832;22;RB 4069   601/58;;0,00;0,00;719,00;0;;;1;;FALSO;FALSO;;
1021;1833;22;RB 8020 ORBS 004/48;;0,00;0,00;910,00;0;;;1;;FALSO;FALSO;;
1022;1834;22;RB 8020 ORBS 023;;0,00;0,00;717,00;0;;;1;;FALSO;FALSO;;
1023;1835;22;RB H 2650 ORAS;;0,00;0,00;390,00;0;;;1;;FALSO;FALSO;;
1024;1836;22;RJ 9001/S 105   S/7U 115;;0,00;0,00;242,00;0;;;1;;FALSO;FALSO;;
1025;1837;22;RJ 9002/S   105S7U;;0,00;0,00;242,00;0;;;1;;FALSO;FALSO;;
1026;1838;22;RJ 9007/S   10587U;;0,00;0,00;242,00;0;;;1;;FALSO;FALSO;;
1027;1839;22;RJ 9007/S 100 S/6P115;;0,00;0,00;261,00;0;;;1;;FALSO;FALSO;;
1028;1840;22;RJ 9019/S   114/71;;0,00;0,00;292,00;0;;;1;;FALSO;FALSO;;
1029;1841;22;RJ 9019/S   116/71;;0,00;0,00;292,00;0;;;1;;FALSO;FALSO;;
1030;1842;22;RJ 9021/S   100/71;;0,00;0,00;292,00;0;;;1;;FALSO;FALSO;;
1031;1843;22;RJ 9024/S   100/71;;0,00;0,00;323,00;0;;;1;;FALSO;FALSO;;
1032;1844;22;RJ 9503/S 200/6P 49 17;;0,00;0,00;292,00;0;;;1;;FALSO;FALSO;;
1033;2267;24;3214;;0,00;0,00;310,00;0;;;1;;FALSO;FALSO;;
1034;2268;24;3225;;0,00;0,00;319,00;0;;;1;;FALSO;FALSO;;
1035;2269;24;3226;;0,00;0,00;319,00;0;;;1;;FALSO;FALSO;;
1036;2270;24;3228;;0,00;0,00;488,40;0;;;1;;VERDADEIRO;FALSO;;
1037;2271;24;3232;aro - acetato;0,00;0,00;350,90;-1;;;1;;VERDADEIRO;FALSO;;
1038;2272;24;3233;aro - acetato;0,00;0,00;350,90;-1;;;1;;VERDADEIRO;FALSO;;
1039;2273;24;3235;;0,00;0,00;319,00;0;;;1;;FALSO;FALSO;;
1040;2274;24;3236;;0,00;0,00;376,00;0;;;1;;FALSO;FALSO;;
1041;2275;24;3237;aro - acetato;0,00;0,00;415,80;0;;;1;;VERDADEIRO;FALSO;;
1042;2276;24;3238;aro - acetato;0,00;0,00;444,40;0;;;1;;VERDADEIRO;FALSO;;
1043;2239;23;B1011   D120;;0,00;0,00;851,00;0;;;1;;FALSO;FALSO;;
1044;2240;23;B2014   A125;;0,00;0,00;558,00;0;;;1;;FALSO;FALSO;;
1045;2241;23;B2022   B125;;0,00;0,00;954,00;0;;;1;;FALSO;FALSO;;
1046;2242;23;B2022   D125;;0,00;0,00;946,00;0;;;1;;FALSO;FALSO;;
1047;2243;23;B2023   B125;;0,00;0,00;954,00;0;;;1;;FALSO;FALSO;;
1048;2244;23;B2027   C125;;0,00;0,00;508,00;0;;;1;;FALSO;FALSO;;
1049;2245;23;B2034   C120;;0,00;0,00;323,00;0;;;1;;FALSO;FALSO;;
1050;2246;23;B2034   D120;;0,00;0,00;323,00;0;;;1;;FALSO;FALSO;;
1051;2247;23;B2035   B120;;0,00;0,00;323,00;0;;;1;;FALSO;FALSO;;
1052;2248;23;B3011   B125;;0,00;0,00;504,00;0;;;1;;FALSO;FALSO;;
1053;2249;23;B3015   B120;;0,00;0,00;292,00;0;;;1;;FALSO;FALSO;;
1054;2250;23;B3015   B125;;0,00;0,00;293,00;0;;;1;;FALSO;FALSO;;
1055;2251;23;B3016   B125;;0,00;0,00;333,00;0;;;1;;FALSO;FALSO;;
1056;2252;23;B3017   A120;;0,00;0,00;293,00;0;;;1;;FALSO;FALSO;;
1057;2253;23;B3017   C120;;0,00;0,00;297,00;0;;;1;;FALSO;FALSO;;
1058;2254;23;B3024   B120;;0,00;0,00;451,00;0;;;1;;FALSO;FALSO;;
1059;2255;23;B3025   A120;;0,00;0,00;477,00;0;;;1;;FALSO;FALSO;;
1060;2256;23;B3025   C120;;0,00;0,00;451,00;0;;;1;;FALSO;FALSO;;
1061;2277;24;R 3119;;0,00;0,00;429,00;0;;;1;;FALSO;FALSO;;
1062;2278;24;R 3130;;0,00;0,00;459,00;0;;;1;;FALSO;FALSO;;
1063;2292;26;FE   2048   101/6;;0,00;0,00;998,00;0;;;1;;FALSO;FALSO;;
1064;2293;26;FE   2048   197/11;;0,00;0,00;998,00;0;;;1;;FALSO;FALSO;;
1065;2294;26;FE   2055G   101/11;;0,00;0,00;3.036,00;0;;;1;;FALSO;FALSO;;
1066;2295;26;FE   2061   417/13;;0,00;0,00;1.198,00;0;;;1;;FALSO;FALSO;;
1067;2296;26;FE   2063   101/6;;0,00;0,00;1.198,00;0;;;1;;FALSO;FALSO;;
1068;2297;26;FE   2063   330/11;;0,00;0,00;1.198,00;0;;;1;;FALSO;FALSO;;
1069;2298;26;FE   2066B   431/90;;0,00;0,00;1.342,00;0;;;1;;FALSO;FALSO;;
1070;2299;26;FE   2067B   101/11;;0,00;0,00;1.342,00;0;;;1;;FALSO;FALSO;;
1071;2300;26;FE   2072   377/89;;0,00;0,00;1.207,00;0;;;1;;FALSO;FALSO;;
1072;2301;26;FE   2073   103/6;;0,00;0,00;1.698,00;0;;;1;;FALSO;FALSO;;
1073;2302;26;FE   2078   330/11;;0,00;0,00;1.163,00;0;;;1;;FALSO;FALSO;;
1074;2303;26;FE   2078F   101/6;;0,00;0,00;1.821,00;0;;;1;;FALSO;FALSO;;
1075;2304;26;FE   2079B   101/11;;0,00;0,00;1.342,00;0;;;1;;FALSO;FALSO;;
1076;2305;26;FE   1081   501/71;;0,00;0,00;1.179,00;0;;;1;;FALSO;FALSO;;
1077;2306;26;FE   1105B   509/73;;0,00;0,00;1.454,00;0;;;1;;FALSO;FALSO;;
1078;2307;26;FE   1106B   503/71;;0,00;0,00;1.698,00;0;;;1;;FALSO;FALSO;;
1079;2308;26;FE   1107   503/11;;0,00;0,00;1.139,00;0;;;1;;FALSO;FALSO;;
1080;2309;26;FE   1107B   503/13;;0,00;0,00;1.577,00;0;;;1;;FALSO;FALSO;;
1081;2310;26;FE   2081   101/87;;0,00;0,00;1.049,00;0;;;1;;FALSO;FALSO;;
1082;2311;26;FE   2088B  101/71;;0,00;0,00;1.452,00;0;;;1;;FALSO;FALSO;;
1083;2329;27;SP 3009 09D;;165,00;0,00;290,40;0;;;1;22/05/2007;VERDADEIRO;FALSO;;
1084;2330;27;SP 3009 08D;másc - acetato;0,00;0,00;290,40;0;;;1;;VERDADEIRO;FALSO;;
1085;2355;28;1139/S 577;;0,00;0,00;0,00;0;;;1;;FALSO;FALSO;;
1086;2356;28;1142/S   GQ9 99TQ;;0,00;0,00;866,00;-1;;;1;;FALSO;FALSO;;
1087;2357;28;5164/S   000NT;;0,00;0,00;1.071,00;0;;;1;;FALSO;FALSO;;
1088;2358;28;5203/S STRASS   Y7LE;;0,00;0,00;1.306,00;0;;;1;;FALSO;FALSO;;
1089;2359;28;5203/S 6LBLE   6117;;0,00;0,00;1.016,00;0;;;1;;FALSO;FALSO;;
1090;2360;28;5358/S TS   8075979;;0,00;0,00;529,00;0;;;1;;FALSO;FALSO;;
1091;2361;28;5365/S   WL6 6509;;0,00;0,00;1.089,00;0;;;1;;FALSO;FALSO;;
1092;2362;28;5375/S   Q2J 5517;;0,00;0,00;517,00;0;;;1;;FALSO;FALSO;;
1093;2363;28;5380/S   Q2M 9995;;606,25;0,00;1.260,00;0;;;1;19/10/2007;FALSO;FALSO;;
1094;2364;28;5383/S   K4T 6016;;0,00;0,00;884,00;0;;;1;;FALSO;FALSO;;
1095;2365;28;5384/S   807 5617;;0,00;0,00;509,00;0;;;1;;FALSO;FALSO;;
1096;2366;28;5395/S   KJ1 63PKS;;0,00;0,00;1.079,00;0;;;1;21/11/2006;FALSO;FALSO;;
1097;2367;28;5411/S   807 57Y1;;0,00;0,00;899,00;0;;;1;;FALSO;FALSO;;
1098;2368;28;5416/S   XE7 9901;;0,00;0,00;1.490,00;0;;;1;;FALSO;FALSO;;
1099;2369;28;5437/S;;0,00;0,00;897,00;0;;;1;;FALSO;FALSO;;
1100;2406;29;VE 2001   1001/71   120;;0,00;0,00;919,00;0;;;1;;FALSO;FALSO;;
1101;2407;29;VE 2003   1001/11   120;;0,00;0,00;851,00;0;;;1;;FALSO;FALSO;;
1102;2408;29;VE 2005   N30SF 120;;0,00;0,00;919,00;0;;;1;;FALSO;FALSO;;
1103;2409;29;VE 2009   1001/11   125;;0,00;0,00;864,00;0;;;1;;FALSO;FALSO;;
1104;2410;29;VE 2011   1001/87   125;;0,00;0,00;961,00;0;;;1;;FALSO;FALSO;;
1105;2411;29;VE 2012   1001/73120;;0,00;0,00;961,00;0;;;1;;FALSO;FALSO;;
1106;2412;29;VE 2015   1003/13   110;;0,00;0,00;932,00;0;;;1;;FALSO;FALSO;;
1107;2413;29;VE 2019   1001/71 120;paraf - metal;0,00;0,00;882,00;0;;;1;;FALSO;FALSO;;
1108;2414;29;VE 2020   1001/13 120;paraf - metal;0,00;0,00;1.054,00;0;;;1;;FALSO;FALSO;;
1110;2415;29;VE 2022   100971   140;;0,00;0,00;1.113,00;0;;;1;;FALSO;FALSO;;
1111;2416;29;VE 2027   1009/71;;0,00;0,00;839,00;0;;;1;;FALSO;FALSO;;
1112;2417;29;VE 2034   1066/87;másc - metal;0,00;0,00;1.113,00;0;;;1;;FALSO;FALSO;;
1113;2418;29;VE 2034   1067/7A;másc - metal;0,00;0,00;1.113,00;0;;;1;;FALSO;FALSO;;
1114;2419;29;VE 2034   107010;;0,00;0,00;749,00;0;;;1;;FALSO;FALSO;;
1115;2420;29;VE 2034B   110913;;0,00;0,00;1.518,00;0;;;1;;FALSO;FALSO;;
1116;2421;29;VE 2037   100971;;0,00;0,00;1.079,00;0;;;1;;FALSO;FALSO;;
1117;2422;29;VE 2037   1061/13;;0,00;0,00;1.079,00;0;;;1;;FALSO;FALSO;;
1118;2423;29;VE 2038   1009/BG;másc - metal;0,00;0,00;1.079,00;0;;;1;;FALSO;FALSO;;
1120;2424;29;VE 4015   114/6C 125;aro - acetato;0,00;0,00;833,00;0;;;1;;FALSO;FALSO;;
1121;2425;29;VE 4018   V 101/73LARGE   120;;0,00;0,00;755,00;0;;;1;;FALSO;FALSO;;
1122;2426;29;VE 4018   V GB1/71LARGE   120;;0,00;0,00;755,00;0;;;1;;FALSO;FALSO;;
1123;2427;29;VE 4018C   79   135;;0,00;0,00;337,00;0;;;1;;FALSO;FALSO;;
1125;2428;29;VE 4018C   8Z   141;;0,00;0,00;337,00;0;;;1;;FALSO;FALSO;;
1126;2429;29;VE 4018V   314/87;;0,00;0,00;755,00;0;;;1;;FALSO;FALSO;;
1127;2430;29;VE 4018V   333/7A;;0,00;0,00;769,00;0;;;1;;FALSO;FALSO;;
1129;2431;29;VE 4018V   408/18;másc - acetato;0,00;0,00;755,00;0;;;1;;FALSO;FALSO;;
1130;2432;29;VE 4018V   409/13;;0,00;0,00;728,00;0;;;1;;FALSO;FALSO;;
1131;2433;29;VE 4018V   GB1 /71;;0,00;0,00;755,00;0;;;1;;FALSO;FALSO;;
1132;2434;29;VE 4024   GBI/11   120;;0,00;0,00;957,00;0;;;1;;FALSO;FALSO;;
1133;2435;29;VE 4024B   218/2D;;435,40;0,00;959,00;0;;;1;;FALSO;FALSO;;
1134;2436;29;VE 4024B   B219/13   120;;0,00;0,00;957,00;0;;;1;;FALSO;FALSO;;
1135;2437;29;VE 4026   216/13 130;;0,00;0,00;831,00;0;;;1;;FALSO;FALSO;;
1136;2438;29;VE 4029   GB1/6G;;0,00;0,00;1.085,00;0;;;1;;FALSO;FALSO;;
1137;2439;29;VE 4030   219/13;;0,00;0,00;895,00;0;;;1;;FALSO;FALSO;;
1138;2440;29;VE 4032B   141/13;;0,00;0,00;997,00;0;;;1;;FALSO;FALSO;;
1139;2441;29;VE 4033V   GB1/8G;;0,00;0,00;792,00;0;;;1;;FALSO;FALSO;;
1141;2442;29;VE 4041   B 243/13   130;;0,00;0,00;1.192,00;0;;;1;;FALSO;FALSO;;
1142;2443;29;VE 4045   334/71   SMALL  120;;0,00;0,00;755,00;0;;;1;;FALSO;FALSO;;
1143;2444;29;VE 4045C   71;;0,00;0,00;319,00;0;;;1;;FALSO;FALSO;;
1144;2445;29;VE 4045C   7A;;0,00;0,00;319,00;0;;;1;;FALSO;FALSO;;
1145;2446;29;VE 4045C   87;;0,00;0,00;319,00;0;;;1;;FALSO;FALSO;;
1146;2447;29;VE 4045V   314/870135;;0,00;0,00;1.280,00;0;;;1;;FALSO;FALSO;;
1148;2448;29;VE 4045V   409/13;;0,00;0,00;728,00;0;;;1;;FALSO;FALSO;;
1150;2449;29;VE 4045V   GB1/710135;;0,00;0,00;1.280,00;0;;;1;;FALSO;FALSO;;
1151;2450;29;VE 4045V   GB1/8G;;0,00;0,00;728,00;0;;;1;;FALSO;FALSO;;
1152;2451;29;VE 4045VB   GB1/71;;0,00;0,00;728,00;0;;;1;;FALSO;FALSO;;
1153;2452;29;VE 4049   405/13;;0,00;0,00;909,00;0;;;1;;FALSO;FALSO;;
1154;2453;29;VE 4051B   GB1/87;aro - acetato;0,00;0,00;989,00;0;;;1;;FALSO;FALSO;;
1155;2454;29;VE 4054   402/13;;0,00;0,00;937,00;0;;;1;;FALSO;FALSO;;
1156;2455;29;VE 4055   314/11;aro - acetato;0,00;0,00;728,00;0;;;1;;FALSO;FALSO;;
1157;2456;29;VE 4055   338/3;;329,00;0,00;728,00;0;;;1;28/12/2007;FALSO;FALSO;;
1158;2457;29;VE 4055   340/13;;300,00;0,00;728,00;0;;;1;02/04/2008;FALSO;FALSO;;
1159;2458;29;VE 4055   GB1/87;;0,00;0,00;728,00;0;;;1;;FALSO;FALSO;;
1160;2459;29;VE 4063B   462/16;;885,00;0,00;1.214,00;0;;;1;14/08/2007;FALSO;FALSO;;
1161;2460;29;VE 4063B   GB1/87;;0,00;0,00;1.190,00;0;;;1;;FALSO;FALSO;;
1162;2461;29;VE 4075V   517/8G;;0,00;0,00;949,00;0;;;1;;FALSO;FALSO;;
1163;2462;29;VE 4075V   521/87;;0,00;0,00;949,00;0;;;1;;FALSO;FALSO;;
1164;2463;29;VE 537   GB1/198 110;;0,00;0,00;829,00;0;;;1;;FALSO;FALSO;;
1165;2464;29;VE N20   89M/247   125;paraf - metal;0,00;0,00;880,00;0;;;1;;FALSO;FALSO;;
1166;2465;29;VE N53   1001/6   120;;500,00;0,00;946,00;0;;;1;04/08/2008;FALSO;FALSO;;
1167;2466;29;VE N86H   N30SF   6613;;0,00;0,00;1.082,00;0;;;1;;FALSO;FALSO;;
1168;2480;30;5011   B 1000/7A 130;paraf - metal;0,00;0,00;719,00;0;;;1;;FALSO;FALSO;;
1169;2481;30;6006   111/13 135;;0,00;0,00;523,00;0;;;1;;FALSO;FALSO;;
1170;2482;30;6007   108/3 120;;0,00;0,00;648,00;0;;;1;;FALSO;FALSO;;
1171;2483;30;6019   252/11 130;;0,00;0,00;547,00;-1;;;2;;FALSO;FALSO;;
1172;2484;30;EW1   COLG81/198 F;;0,00;0,00;497,00;0;;;1;;FALSO;FALSO;;
1173;2485;30;EW7   COLG94/581;;0,00;0,00;492,00;0;;;1;;FALSO;FALSO;;
1174;2522;31;VO 2285/S   W656/6;;0,00;0,00;426,00;0;;;1;;FALSO;FALSO;;
1175;2523;31;VO 2302/S   W826;;0,00;0,00;475,00;0;;;1;;FALSO;FALSO;;
1176;2524;31;VO 2314/S   1213/13;;0,00;0,00;583,00;0;;;1;;FALSO;FALSO;;
1177;2525;31;VO 2314/S   W44/6;;0,00;0,00;583,00;0;;;1;;FALSO;FALSO;;
1178;2526;31;VO 2319/S   1147/87;;0,00;0,00;598,00;0;;;1;;FALSO;FALSO;;
1179;2527;31;VO 2319/S   1248/6G;;0,00;0,00;649,00;0;;;1;;FALSO;FALSO;;
1180;2528;31;VO 2319/S   W44/6;;0,00;0,00;602,00;0;;;1;;FALSO;FALSO;;
1181;2529;31;VO 2320/S   1187/12;;0,00;0,00;580,00;0;;;1;;FALSO;FALSO;;
1182;2530;31;VO 2321/S   122718;;0,00;0,00;580,00;0;;;1;;FALSO;FALSO;;
1183;2531;31;VO 2322/S   W929/18;aro - acetato;0,00;0,00;580,00;0;;;1;;FALSO;FALSO;;
1184;2532;31;VO 2323/S   1243/11;;0,00;0,00;580,00;0;;;1;;FALSO;FALSO;;
1185;2533;31;VO 2324/S   W44/6;;0,00;0,00;667,00;0;;;1;;FALSO;FALSO;;
1186;2534;31;VO 2325/S   1146/73;;0,00;0,00;602,00;0;;;1;;FALSO;FALSO;;
1187;2535;31;VO 2325/S   W44/87;;0,00;0,00;667,00;0;;;1;;FALSO;FALSO;;
1188;2536;31;VO 2325/S   W44/8G;;0,00;0,00;667,00;0;;;1;;FALSO;FALSO;;
1189;2537;31;VO 2327/S   1242/11;;0,00;0,00;580,00;0;;;1;;FALSO;FALSO;;
1190;2538;31;VO 2327/S   1260/18;;0,00;0,00;589,00;0;;;1;;FALSO;FALSO;;
1191;2539;31;VO 2332/S   1146/3;;0,00;0,00;580,00;0;;;1;;FALSO;FALSO;;
1192;2540;31;VO 2332/S   1227/18;;0,00;0,00;580,00;0;;;1;;FALSO;FALSO;;
1193;2541;31;VO 2352/S   1296;;0,00;0,00;515,00;0;;;1;;FALSO;FALSO;;
1194;2542;31;VO 2356/S   W44/11;;0,00;0,00;525,00;0;;;1;;FALSO;FALSO;;
1195;2543;31;VO 2356/S   W44/71;;0,00;0,00;469,00;0;;;1;;FALSO;FALSO;;
1196;2544;31;VO 2361/S   132287;;0,00;0,00;539,00;0;;;1;;FALSO;FALSO;;
1197;2545;31;VO 2361/S   W44/11;;0,00;0,00;547,00;0;;;1;;FALSO;FALSO;;
1198;2546;31;VO 2362/S   13128G;;0,00;0,00;547,00;0;;;1;;FALSO;FALSO;;
1199;2547;31;VO 2362/S   13188G;;0,00;0,00;539,00;0;;;1;;FALSO;FALSO;;
1200;2548;31;VO 2365/S   W44/87;;0,00;0,00;633,00;0;;;1;20/11/2006;FALSO;FALSO;;
1201;2549;31;VO 2369/S   W44/11;;0,00;0,00;539,00;0;;;1;;FALSO;FALSO;;
1202;2550;31;VO 2369/S   W44/87;;0,00;0,00;545,00;0;;;1;;FALSO;FALSO;;
1203;2551;31;VO 2370/S   13248A;aro - acetato;0,00;0,00;635,00;0;;;1;;FALSO;FALSO;;
1204;2552;31;VO 2370/S   W44/71;aro - acetato;0,00;0,00;629,00;0;;;1;;FALSO;FALSO;;
1205;2553;31;VO 3469/S   548/18;másc - metal;0,00;0,00;761,00;0;;;1;;FALSO;FALSO;;
1206;2554;31;VO 3474/S   352S8G;;0,00;0,00;574,00;0;;;1;;FALSO;FALSO;;
1207;2555;31;VO 3474/S   54873;;0,00;0,00;726,00;0;;;1;;FALSO;FALSO;;
1208;2556;31;VO 3474/S   713/87;;0,00;0,00;728,00;0;;;1;;FALSO;FALSO;;
1209;2557;31;VO 3475/S   548/18;;0,00;0,00;660,00;0;;;1;;FALSO;FALSO;;
1210;2558;31;VO 3485/S   352/71;;0,00;0,00;806,00;0;;;1;;FALSO;FALSO;;
1211;2559;31;VO 3485/S   639/13;;0,00;0,00;806,00;0;;;1;;FALSO;FALSO;;
1212;2560;31;VO 3502/S   352 S71;;0,00;0,00;635,00;0;;;1;;FALSO;FALSO;;
1213;2561;31;VO 3502/S   352/8G;;0,00;0,00;638,00;0;;;1;;FALSO;FALSO;;
1214;2562;31;VO 3502/S   746/89;;0,00;0,00;635,00;0;;;1;;FALSO;FALSO;;
1215;2563;31;VO 3502/S   749/8G;;0,00;0,00;638,00;0;;;1;;FALSO;FALSO;;
1216;2564;31;VO 3503/S   323/87;;0,00;0,00;629,00;0;;;1;;FALSO;FALSO;;
1217;2565;31;VO 3503/S   352/11;;0,00;0,00;629,00;0;;;1;;FALSO;FALSO;;
1218;2566;31;VO 3510/S   548/87;;0,00;0,00;664,00;0;;;1;;FALSO;FALSO;;
1219;2567;31;VO 3514/S   323/87;;0,00;0,00;629,00;0;;;1;;FALSO;FALSO;;
1220;2568;31;VO 3514/S   749/8G;;0,00;0,00;635,00;0;;;1;;FALSO;FALSO;;
1221;2569;31;VO 3531/S   352/6G;;0,00;0,00;679,00;0;;;1;;FALSO;FALSO;;
1222;2570;31;VO 3549/S    280/8I;;0,00;0,00;642,00;0;;;1;;FALSO;FALSO;;
1223;2571;31;VO 3555/SB   280/81;;0,00;0,00;709,00;0;;;1;;FALSO;FALSO;;
1224;2598;32;SH 10140;;341,00;51,15;884,40;0;;;1;;VERDADEIRO;FALSO;;
1225;2599;32;SH 1031;;332,35;0,00;732,60;0;;;1;;VERDADEIRO;FALSO;;
1226;2600;32;SH 1511M;;0,00;0,00;0,00;0;;;1;;FALSO;FALSO;;
1227;2601;32;SH 1512M;;0,00;0,00;0,00;0;;;1;;FALSO;FALSO;;
1228;2602;32;SH 1520;aro - acetato;0,00;0,00;664,40;0;;;1;;VERDADEIRO;FALSO;;
1229;2603;32;SH 1529M;;0,00;0,00;600,60;0;;;1;;VERDADEIRO;FALSO;;
1230;2625;33;SA 8566;;0,00;0,00;0,00;0;;;1;;FALSO;FALSO;;
1231;2626;33;PA 6522;;0,00;0,00;404,80;0;;;1;;VERDADEIRO;FALSO;;
1232;2627;33;MA 2915;;0,00;0,00;0,00;0;;;1;;FALSO;FALSO;;
1233;2628;33;MA 2963;;0,00;0,00;0,00;0;;;1;;FALSO;FALSO;;
1234;2629;33;HALF MA 1965;;0,00;0,00;0,00;0;;;1;;FALSO;FALSO;;
1235;2281;25;R 3119;;0,00;0,00;429,00;0;;;1;;FALSO;FALSO;;
1236;2282;25;R 3130;;0,00;0,00;459,00;0;;;1;;FALSO;FALSO;;
1237;901;2;AN4054 340/54;aro - acetato;163,58;24,54;376,24;0;;;1;;FALSO;FALSO;;
1238;902;2;AN4061 41/71;;139,03;20,85;319,76;0;;;1;;FALSO;FALSO;;
1239;903;2;AN4061 67/73;;139,03;20,85;359,00;0;;;1;;FALSO;FALSO;;
1240;904;2;AN4075 01/71;;179,49;26,92;412,82;0;;;1;;FALSO;FALSO;;
1241;905;2;AN4075 41/87;;179,49;26,92;412,82;0;;;1;;FALSO;FALSO;;
1242;906;2;AN4176;;179,49;26,92;412,82;0;;;1;;FALSO;FALSO;;
1243;907;2;AN3044 502/7B;;224,71;33,71;516,00;0;;;1;;FALSO;FALSO;;
1244;3508;38;Nylon;;0,00;0,00;0,00;0;;;1;;FALSO;FALSO;;
1245;1309;19;GRAPEVINE 03 512;;0,00;0,00;485,00;0;;;1;;VERDADEIRO;FALSO;;
1246;1310;19;HALF JACKET Bla Tit 03 617;;0,00;0,00;660,00;0;;;1;;VERDADEIRO;FALSO;;
1247;1311;19;MONSTER DOGGLE Wh Bla 05 078;;0,00;0,00;470,00;0;;;1;;VERDADEIRO;FALSO;;
1248;30;6;DG 8938 338;;0,00;0,00;1.166,00;0;;;1;;FALSO;FALSO;;
1249;1155;17;MU 03FS 7AF5D1;;0,00;0,00;769,56;0;;;1;10/08/2007;VERDADEIRO;FALSO;;
1250;2370;28;VAL   5380/S XK8 99TZ;;555,00;83,25;1.276,50;0;;;1;;FALSO;FALSO;;
1251;2371;28;M JACOBS 019/S 086 5717;;366,00;54,90;841,80;0;;;1;;FALSO;FALSO;;
1252;2372;28;VAL   5453/S APH 998T;;1.056,00;158,40;2.428,80;0;;;1;12/06/2008;FALSO;FALSO;;
1254;31;6;2005 05/6G;;582,02;87,75;1.339,54;0;;;1;;FALSO;FALSO;;
1255;32;6;2014 077/73;;585,02;87,75;1.345,54;0;;;1;;FALSO;FALSO;;
1256;33;6;4010B 502/73;;585,02;87,75;1.345,54;0;;;1;;FALSO;FALSO;;
1257;366;15;GU 6223 64 GLD 20;;199,00;29,85;457,70;0;;;1;;VERDADEIRO;FALSO;;
1258;367;15;GU 6173 60 TO 1;;175,00;26,25;442,75;0;;;1;;VERDADEIRO;FALSO;;
1259;368;15;GU 6176 61 BLK 3;;165,00;24,75;417,45;0;;;1;;VERDADEIRO;FALSO;;
1260;369;15;GU 6176 61 LP 1;;165,00;24,75;379,50;0;;;1;;VERDADEIRO;FALSO;;
1261;370;15;GU 6176 61 TO 1;aro - acetato;165,00;24,75;417,45;0;;;1;;VERDADEIRO;FALSO;;
1262;371;15;GU 6190 59 BLK 64;;149,00;22,35;342,70;0;;;1;;VERDADEIRO;FALSO;;
1263;372;15;GU 6214 61 ORBLK 3;aro - acetato;149,00;29,85;393,47;0;;;1;;VERDADEIRO;FALSO;;
1264;373;15;GU 6224 61 BLK 3;;199,00;29,85;503,47;0;;;1;28/03/2007;VERDADEIRO;FALSO;;
1265;374;15;GU 6225 54 BLK 3;aro - acetato;229,00;34,35;579,37;0;;;1;;VERDADEIRO;FALSO;;
1266;375;15;GU 6225 54 BRN 1;;229,00;34,35;526,70;0;;;1;;VERDADEIRO;FALSO;;
1267;376;15;GU 6226 60 BLK 3;;229,00;34,35;526,70;0;;;1;;VERDADEIRO;FALSO;;
1268;377;15;GU 6226 60 TO 1;;229,00;34,35;579,37;0;;;1;;VERDADEIRO;FALSO;;
1269;378;15;GU 6229 60 CRM 34;;199,00;29,85;457,70;0;;;1;;VERDADEIRO;FALSO;;
1270;379;15;GU 6268 58 BLK 3;;139,00;20,85;319,70;0;;;1;;VERDADEIRO;FALSO;;
1271;380;15;GU 6285 69 BLK 3;;175,00;26,25;442,75;0;;;1;30/05/2007;VERDADEIRO;FALSO;;
1272;381;15;GU 6285ST 69 BLKZ 3;;199,00;29,85;457,70;0;;;1;;VERDADEIRO;FALSO;;
1273;382;15;GU 6286 58 TO 1;;175,00;26,25;402,50;0;;;1;;VERDADEIRO;FALSO;;
1274;383;15;GU 6286ST 58 BRNLP 1;aro - acetato;199,00;29,85;457,70;0;;;1;;VERDADEIRO;FALSO;;
1275;384;15;GU 6289 55 BLK 3;;175,00;26,25;442,75;0;;;1;;VERDADEIRO;FALSO;;
1276;385;15;GU 6289 55 TO 1;;175,00;26,25;402,50;0;;;1;;VERDADEIRO;FALSO;;
1279;1312;19;DART Pol. Gold   05 663;;326,00;0,00;715,00;0;;;1;;VERDADEIRO;FALSO;;
1280;1313;19;GAS CAN 12 856;;345,00;0,00;759,00;0;;;1;;VERDADEIRO;FALSO;;
1281;1314;19;RIDDLE  White 12 715;;0,00;0,00;695,00;0;;;1;;VERDADEIRO;FALSO;;
1282;1315;19;STRAIGHT JACKET  04 250;;0,00;0,00;520,00;0;;;1;;VERDADEIRO;FALSO;;
1283;1316;19;SWITCH Mag Tit  03 822;;0,00;0,00;1.000,00;-1;;;1;;VERDADEIRO;FALSO;;
1284;2312;26;FE   2098B 101/11 6418;;552,00;82,80;1.269,60;0;;;1;;FALSO;FALSO;;
1285;1845;22;RB 3025 002/37 5814;;204,13;30,62;469,50;0;;;1;17/01/2007;FALSO;FALSO;;
1286;1846;22;RB 3211 006/8G 0132;;220,57;16,89;525,00;0;;;1;;FALSO;FALSO;;
1287;1847;22;RB 3294 006 6018;;230,47;34,57;530,08;0;;;1;;FALSO;FALSO;;
1288;1848;22;RB 4077 601/71 132;;204,57;30,69;750,00;0;;;1;;FALSO;FALSO;;
1289;1849;22;RB 4091 601/8G 0129;;225,72;33,86;470,00;0;;;1;26/12/2007;FALSO;FALSO;;
1290;1850;22;RB 4082 601/8G 0136;;204,57;30,69;470,52;0;;;1;26/02/2008;FALSO;FALSO;;
1291;2467;29;VE 4084V 108/73;;325,20;48,78;747,96;0;;;2;28/08/2008;FALSO;FALSO;;
1295;908;2;AN3044 501/87 7207;;224,71;33,71;516,84;0;21-nov-06;;1;;FALSO;FALSO;;
1298;3686;57;Acetato;;0,00;0,00;168,00;0;29-dez-06;;1;30/03/2007;FALSO;FALSO;;
1299;3687;58;SN 001;aro - acetato;32,00;0,00;148,00;0;29-dez-06;;1;;FALSO;FALSO;;\\TATI\Programa\FOTOS\SN 001.jpg
1300;3690;59;Acetato;Aro - Acetato;55,00;0,00;128,00;0;29-dez-06;;1;16/01/2008;FALSO;FALSO;;
1301;3693;60;Acetato;;0,00;0,00;148,00;0;29-dez-06;;1;09/06/2007;FALSO;FALSO;;
1302;3694;61;Acetato;;79,00;0,00;218,00;0;29-dez-06;;1;15/09/2007;FALSO;FALSO;;
1303;3699;62;Acetato;;;;218,00;-1;29-dez-06;;1;;FALSO;FALSO;;
1304;3619;48;Acetato;aro - acetato;;;260,00;-1;29-dez-06;;1;;FALSO;FALSO;;
1305;3700;63;Acetato;Aro / Acetato;68,00;0,00;310,00;0;29-dez-06;;1;15/05/2008;FALSO;FALSO;;
1306;3734;64;Acetato;;;;215,00;-1;29-dez-06;;1;;FALSO;FALSO;;
1307;3738;65;Acetato;;0,00;0,00;215,00;0;29-dez-06;;1;;FALSO;FALSO;;
1308;3740;66;Acetato;;59,00;0,00;188,00;0;29-dez-06;;1;20/05/2008;FALSO;FALSO;;
1309;3747;67;Aro;;68,00;0,00;198,00;0;29-dez-06;;1;24/01/2007;FALSO;FALSO;;
1310;3748;67;Acetato;;68,00;0,00;198,00;0;29-dez-06;;1;27/03/2008;FALSO;FALSO;;
1311;3752;68;Acetato;;;;38,00;0;29-dez-06;;1;;FALSO;FALSO;;
1312;3754;69;Acetato;;49,00;0,00;130,00;-1;29-dez-06;;1;05/09/2007;FALSO;FALSO;;
1313;3758;70;Acetato;;58,00;0,00;148,00;0;29-dez-06;;1;03/12/2007;FALSO;FALSO;;
1314;3761;71;Parafusado;;;;118,00;0;29-dez-06;;1;;FALSO;FALSO;;
1315;3762;72;Acetato;;;;38,00;0;29-dez-06;;1;;FALSO;FALSO;;
1316;3763;73;Acetato;;15,00;0,00;38,00;-1;29-dez-06;;1;;FALSO;FALSO;;
1317;3764;74;Aro;;;;38,00;0;29-dez-06;;1;;FALSO;FALSO;;
1318;3765;74;Acetato;;;;38,00;0;29-dez-06;;1;;FALSO;FALSO;;
1319;3766;75;Parafusada;;;;38,00;0;29-dez-06;;1;;FALSO;FALSO;;
1320;3475;37;Aro;;15,00;0,00;0,00;-2;29-dez-06;;2;08/05/2008;FALSO;FALSO;308;
1321;3476;37;Acetato;;15,00;0,00;0,00;-7;29-dez-06;;2;18/04/2008;FALSO;FALSO;584;
1322;3477;37;Acetato Polarizado;;25,00;0,00;0,00;0;29-dez-06;;1;;FALSO;FALSO;0;
1323;3478;37;Parafusado;;15,00;0,00;0,00;0;29-dez-06;;1;01/02/2007;FALSO;FALSO;;
1324;3509;38;Acetato;;0,00;0,00;148,00;0;29-dez-06;;1;27/02/2007;FALSO;FALSO;;
1325;3510;39;2218;aro - metal;0,00;0,00;250,00;0;29-dez-06;;1;;VERDADEIRO;FALSO;;
1326;3521;40;Metal;;25,00;0,00;109,00;-38;29-dez-06;;1;29/07/2008;FALSO;FALSO;;
1327;3531;41;aro - acetato;aro - acetato;12,50;0,00;118,00;-1;29-dez-06;;1;;FALSO;FALSO;;
1328;3534;42;Acetato;;35,00;0,00;115,00;0;29-dez-06;;1;;FALSO;FALSO;;
1329;3555;43;Acetato;;;;0,00;0;29-dez-06;;1;;FALSO;FALSO;;
1330;3556;44;Acetato;;35,00;0,00;110,00;0;29-dez-06;;1;01/02/2007;FALSO;FALSO;;
1331;3576;45;Acetato;;38,00;0,00;178,00;0;29-dez-06;;1;;FALSO;FALSO;;
1332;3604;46;Acetato;aro - acetato;38,00;0,00;178,00;0;29-dez-06;;1;02/05/2007;FALSO;FALSO;;
1333;3616;47;Acetato;;;;258,00;0;29-dez-06;;1;;FALSO;FALSO;;
1335;3620;49;todos;aro - acetato;25,00;0,00;118,00;-1;29-dez-06;;1;12/12/2007;FALSO;FALSO;;
1336;3624;50;Acetato;;0,00;0,00;175,00;0;29-dez-06;;1;10/08/2007;FALSO;FALSO;;
1337;3625;50;Parafusada;;0,00;0,00;175,00;0;29-dez-06;;;11/08/2007;FALSO;FALSO;;
1338;3666;51;Parafusado;;;;158,00;0;29-dez-06;;1;;FALSO;FALSO;;
1339;3667;52;Mask 31;másc - acetato;;;280,00;0;29-dez-06;;1;;FALSO;FALSO;;
1340;3669;53;Parafusado;;47,00;0,00;170,00;0;29-dez-06;;1;08/11/2007;FALSO;FALSO;;
1341;3673;54;Aro;;;;0,00;-3;29-dez-06;;1;;FALSO;FALSO;;
1342;3676;55;Acetato;;;;216,00;0;29-dez-06;;1;;FALSO;FALSO;;
1343;3677;56;Acetato;;90,00;0,00;218,00;-1;29-dez-06;;1;06/03/2008;FALSO;FALSO;;
1344;3767;76;Parafusado;;;;115,00;0;29-dez-06;;1;;FALSO;FALSO;;
1347;3769;77;Acetato;;43,00;0,00;68,00;0;29-dez-06;;2;;FALSO;FALSO;1041;
1348;3777;78;Acetato;;;;68,00;0;29-dez-06;;2;;FALSO;FALSO;;\\TATI\Programa\FOTOS\Acetato.jpg
1349;3778;79;Modelos Varios;;33,00;0,00;78,00;-12;29-dez-06;;2;18/10/2007;FALSO;FALSO;;
1350;3781;80;Aro;aro - metal;15,00;0,00;75,00;1;29-dez-06;;2;;FALSO;FALSO;;
1352;2771;36;Fio de Nylon;;17,00;0,00;148,00;0;29-dez-06;;2;10/09/2008;FALSO;FALSO;205;
1353;3535;42;584;;35,00;0,00;75,00;0;29-dez-06;;2;03/04/2008;FALSO;FALSO;941;
1354;3783;81;Aro;;;;48,00;0;29-dez-06;;2;;FALSO;FALSO;;
1355;3784;82;Aro;;30,00;0,00;45,00;0;29-dez-06;;2;27/08/2007;FALSO;FALSO;;
1356;3785;83;Fio de Nylon;;48,00;0,00;115,00;0;29-dez-06;;2;27/06/2008;FALSO;FALSO;;
1357;3788;84;Aro;;17,00;0,00;118,00;0;29-dez-06;;2;15/08/2007;FALSO;FALSO;;
1358;3789;84;Fio de Nylon;;17,00;0,00;118,00;0;29-dez-06;;2;07/01/2008;FALSO;FALSO;;
1359;3793;85;Aro;;0,00;0,00;98,00;0;29-dez-06;;2;;FALSO;FALSO;;
1360;3802;86;Acetato;;36,00;0,00;115,00;0;29-dez-06;;2;03/06/2008;FALSO;FALSO;;
1361;3839;87;Acetato;aro - metal;;;100,00;1;29-dez-06;;2;;FALSO;FALSO;;
1362;3840;88;Aro;aro - metal;65,00;6,50;188,00;0;29-dez-06;;2;14/09/2007;FALSO;FALSO;;
1363;3841;88;Fio de Nylon;;65,00;6,50;188,00;0;29-dez-06;;2;03/01/2008;FALSO;FALSO;182;
1364;3866;89;Acetato;;59,00;6,50;188,00;0;29-dez-06;;2;25/07/2008;FALSO;FALSO;35;
1365;3842;88;Acetato;;65,00;6,50;188,00;0;29-dez-06;;2;;FALSO;FALSO;;
1366;3867;89;Aro;;59,00;0,00;168,00;0;29-dez-06;;2;31/07/2008;FALSO;FALSO;;
1367;3868;89;Fio de Nylon;;59,00;0,00;168,00;0;29-dez-06;;2;01/07/2008;FALSO;FALSO;;
1369;3878;90;Acetato;;25,00;0,00;158,00;0;29-dez-06;;2;30/05/2007;FALSO;FALSO;;
1370;3479;37;Aro;;15,00;0,00;115,00;-3;29-dez-06;;1;07/08/2008;FALSO;FALSO;0;
1371;3480;37;Acetato;;15,00;0,00;120,00;-6;29-dez-06;;1;25/08/2008;FALSO;FALSO;;
1372;2772;36;Aro;;17,00;0,00;148,00;-7;29-dez-06;;2;15/09/2008;FALSO;FALSO;445;
1374;2773;36;Parafusada;;17,00;0,00;178,00;0;29-dez-06;;2;24/04/2007;FALSO;FALSO;;
1375;2774;36;Acetato;;17,00;0,00;158,00;-1;29-dez-06;;2;13/05/2008;FALSO;FALSO;485;
1376;2775;36;Clipon;;17,00;0,00;198,00;0;29-dez-06;;2;11/01/2007;FALSO;FALSO;;
1377;3790;84;Parafusada;;17,00;0,00;118,00;0;29-dez-06;;2;27/05/2008;FALSO;FALSO;;
1378;3791;84;Clip on;;17,00;0,00;175,00;0;29-dez-06;;2;26/04/2007;FALSO;FALSO;;
1380;3803;86;Parafusada;;0,00;0,00;115,00;0;29-dez-06;;2;30/01/2007;FALSO;FALSO;;
1381;3804;86;Clip on;;36,00;0,00;215,00;0;29-dez-06;;2;;FALSO;FALSO;;
1382;3577;45;Clip on;;38,00;0,00;148,00;0;29-dez-06;;2;26/01/2007;FALSO;FALSO;;
1383;3481;37;Leitura (pronto);ARO FECHADO;15,00;0,00;100,00;0;29-dez-06;;2;;FALSO;FALSO;;
1385;3482;37;Leitura (Dobrável);;15,00;0,00;75,00;0;29-dez-06;;2;08/09/2008;FALSO;FALSO;;
1387;2776;36;Acetato c fio de Nylon;;17,00;0,00;148,00;0;29-dez-06;;2;01/02/2008;FALSO;FALSO;;
1389;3768;76;Parafusada;;;0,00;115,00;0;29-dez-06;;2;24/01/2007;FALSO;FALSO;;
1390;3805;86;Fio de Nylon;;36,00;0,00;115,00;0;29-dez-06;;2;06/09/2008;FALSO;FALSO;;
1391;3806;86;Parafusada;;36,00;0,00;115,00;0;29-dez-06;;2;05/03/2007;FALSO;FALSO;;
1392;3557;44;Fio de Nylon;;60,00;0,00;115,00;0;29-dez-06;;2;;FALSO;FALSO;;
1393;3558;44;Parafusada;;70,00;0,00;115,00;0;29-dez-06;;2;18/04/2007;FALSO;FALSO;;
1394;3605;46;Aro;;38,00;0,00;145,00;0;29-dez-06;;2;11/12/2007;FALSO;FALSO;;
1395;3606;46;1542;;38,00;0,00;145,00;0;29-dez-06;;2;08/05/2008;FALSO;FALSO;;
1397;3578;45;Fio de Nylon;;38,00;0,00;148,00;0;29-dez-06;;2;31/07/2007;FALSO;FALSO;;
1398;3579;45;Parafusada;;38,00;0,00;198,00;0;29-dez-06;;2;28/02/2007;FALSO;FALSO;;
1399;3536;42;Fio de Nylon;FIO DE NYLON;35,00;0,00;169,00;0;29-dez-06;;2;10/09/2007;FALSO;FALSO;;
1401;3522;40;GALLERA 2563;másc - metal;;0,00;100,00;-19;29-dez-06;;2;09/09/2008;FALSO;FALSO;;
1403;3701;63;Aro;;20,00;0,00;310,00;0;29-dez-06;;2;24/09/2007;FALSO;FALSO;;
1404;3702;63;Acetato;;48,00;5,76;310,00;0;29-dez-06;;2;05/07/2008;FALSO;FALSO;;
1405;3483;37;Fio de Nylon;;20,00;0,00;0,00;-7;29-dez-06;;2;30/06/2008;FALSO;FALSO;818;
1406;3484;37;Parafusada;;15,00;0,00;0,00;0;29-dez-06;;2;27/07/2007;FALSO;FALSO;;
1407;3880;92;Fio de Nylon;;38,00;0,00;158,00;0;29-dez-06;;2;15/09/2008;FALSO;FALSO;178;
1408;3881;92;Acetato;;38,00;0,00;158,00;0;29-dez-06;;2;13/09/2008;FALSO;FALSO;;
1409;3882;92;Acetato c fio de nylon;;38,00;0,00;158,00;0;29-dez-06;;2;23/05/2007;FALSO;FALSO;;
1410;4022;93;Aro;;48,00;0,00;248,00;-1;29-dez-06;;2;04/09/2008;FALSO;FALSO;387;
1411;4023;93;Acetato;;48,00;0,00;178,00;-2;29-dez-06;;2;01/04/2008;FALSO;FALSO;31;
1412;4024;93;Acetato c fio de nylon;;48,00;0,00;178,00;0;29-dez-06;;2;15/05/2008;FALSO;FALSO;482;
1413;4072;94;Aro;;;0,00;215,00;0;29-dez-06;;2;;FALSO;FALSO;;
1414;4134;95;Fio de Nylon;;29,00;0,00;128,00;0;29-dez-06;;2;12/05/2008;FALSO;FALSO;;
1415;4135;96;Fio de Nylon;;15,00;0,00;78,00;0;29-dez-06;;;07/11/2007;FALSO;FALSO;;
1416;4136;97;Fio de Nylon;;97,00;0,00;188,00;-1;29-dez-06;;2;;FALSO;FALSO;;
1417;4137;98;Acetato;;90,00;0,00;189,00;0;29-dez-06;;2;15/05/2007;FALSO;FALSO;747;
1418;4146;99;F001;ARO FECHADO;;;340,00;0;29-dez-06;;2;;FALSO;FALSO;;
1420;3695;61;Acetato;aro - acetato;75,00;0,00;100,00;1;29-dez-06;;2;08/02/2007;FALSO;FALSO;;
1421;3883;92;Parafusada;;38,00;0,00;158,00;0;29-dez-06;;2;02/06/2008;FALSO;FALSO;;
1422;4025;93;Fio de Nylon;;48,00;0,00;178,00;0;29-dez-06;;2;31/07/2008;FALSO;FALSO;;
1423;4147;100;Fio de Nylon;;;;218,00;0;29-dez-06;;2;;FALSO;FALSO;;
1424;4148;100;Parafusada;;;0,00;218,00;0;29-dez-06;;2;26/01/2007;FALSO;FALSO;;
1425;4150;101;Parafusada;;55,00;0,00;158,00;0;29-dez-06;;2;18/05/2007;FALSO;FALSO;;
1426;4151;102;Aro;;38,00;0,00;158,00;-1;29-dez-06;;2;24/06/2008;FALSO;FALSO;;
1427;4152;102;Fio de Nylon;;38,00;0,00;158,00;0;29-dez-06;;2;11/09/2008;FALSO;FALSO;71;
1428;4379;103;Parafusada;;;;115,00;0;29-dez-06;;2;;FALSO;FALSO;;
1429;4380;104;SP 01;ARO FECHADO;28,00;0,00;282,00;0;29-dez-06;;2;15/12/2007;FALSO;FALSO;490;
1430;4381;104;Fio de Nylon;;;;178,00;0;29-dez-06;;2;;FALSO;FALSO;;
1431;4382;104;Parafusada;;0,00;0,00;178,00;0;29-dez-06;;2;;FALSO;FALSO;;
1432;4383;105;Fio de Nylon;;48,00;0,00;169,00;0;29-dez-06;;2;25/01/2008;FALSO;FALSO;;
1433;4384;105;Parafusada;;48,00;0,00;169,00;0;29-dez-06;;2;;FALSO;FALSO;;
1434;4394;106;Parafusada;;40,00;0,00;155,00;0;29-dez-06;;2;10/09/2007;FALSO;FALSO;;
1435;4395;107;Aro;;55,00;0,00;158,00;0;29-dez-06;;2;13/08/2008;FALSO;FALSO;;
1436;4396;108;Fio de Nylon;;29,00;0,00;158,00;0;29-dez-06;;2;01/03/2007;FALSO;FALSO;;
1437;4397;108;Parafusada;;;;0,00;0;29-dez-06;;2;;FALSO;FALSO;;
1438;4398;109;Aro;;30,00;0,00;78,00;0;29-dez-06;;2;18/05/2007;FALSO;FALSO;;
1439;4399;110;Fio de Nylon;;20,00;0,00;98,00;0;29-dez-06;;2;13/03/2007;FALSO;FALSO;627;
1440;4401;111;Fio de Nylon;;25,00;0,00;110,00;0;29-dez-06;;2;07/05/2007;FALSO;FALSO;;
1441;4402;112;Aro;;75,00;0,00;180,00;0;29-dez-06;;2;03/10/2007;FALSO;FALSO;;
1442;4403;112;Fio de Nylon;;75,00;0,00;180,00;0;29-dez-06;;2;14/08/2007;FALSO;FALSO;;
1443;4409;113;Aro;;;;118,00;0;29-dez-06;;2;;FALSO;FALSO;;
1444;4410;114;Fio de Nylon;;25,00;0,00;278,00;0;29-dez-06;;2;08/02/2008;FALSO;FALSO;;
1445;4411;115;Fio de Nylon;;48,00;0,00;175,00;0;29-dez-06;;2;14/06/2007;FALSO;FALSO;;
1446;4412;116;K7227;;12,00;0,00;198,00;0;29-dez-06;;2;16/06/2008;FALSO;FALSO;0;
1447;4455;117;Fio de Nylon;;33,00;0,00;98,00;0;29-dez-06;;2;25/08/2008;FALSO;FALSO;;
1448;4456;118;Fio de Nylon;;38,00;0,00;98,00;0;29-dez-06;;2;28/08/2008;FALSO;FALSO;;
1449;4457;119;Aro;;45,00;0,00;98,00;0;29-dez-06;;2;23/04/2007;FALSO;FALSO;801;
1450;4478;120;Fio de Nylon;;25,00;0,00;98,00;0;29-dez-06;;2;22/05/2007;FALSO;FALSO;;
1451;4481;121;Aro;;;;98,00;0;29-dez-06;;2;;FALSO;FALSO;;
1452;4482;122;Fio de Nylon;;0,00;0,00;110,00;0;29-dez-06;;2;;FALSO;FALSO;;
1453;4483;123;OP 3607;ARO FECHADO;;;429,00;0;29-dez-06;;2;12/04/2007;FALSO;FALSO;;
1454;4485;124;Acetato c fio de Nylon;;20,00;0,00;148,00;0;29-dez-06;;2;07/05/2007;FALSO;FALSO;;
1455;4486;125;DV 3052;ARO FECHADO;89,00;0,00;213,00;0;29-dez-06;;2;20/06/2007;FALSO;FALSO;;
1456;1006;5;CA  7095   G7Y;;99,00;0,00;0,00;0;30-dez-06;;2;;VERDADEIRO;FALSO;732;
1457;1007;5;CHAT FAST 9GN 5519;aro - metal;0,00;0,00;0,00;0;30-dez-06;;1;;VERDADEIRO;FALSO;;
1458;2283;25;R 2511 G145;;0,00;0,00;550,00;0;30-dez-06;;2;;VERDADEIRO;FALSO;;
1460;296;13;GA   29N   710;;0,00;0,00;0,00;0;30-dez-06;;2;;VERDADEIRO;FALSO;;
1463;2698;34;7068 2Q3;;;;480,00;0;30-dez-06;;2;;VERDADEIRO;FALSO;;
1464;698;16;M002A C003;;204,00;0,00;498,99;0;30-dez-06;;2;18/04/2007;VERDADEIRO;FALSO;;
1468;699;16;EDGE   FUME/MARROM;;0,00;0,00;275,00;0;30-dez-06;;1;;VERDADEIRO;FALSO;;
1470;700;16;CIGNUS   FUME/MARROM;;247,00;0,00;435,00;0;30-dez-06;;1;07/01/2008;VERDADEIRO;FALSO;;
1473;701;16;SULTAN FUME/MARROM;aro - acetato;0,00;0,00;275,00;0;30-dez-06;;1;;VERDADEIRO;FALSO;;
1476;702;16;REVERSE   PRATA / BRONZE;;0,00;0,00;300,00;0;30-dez-06;;1;;VERDADEIRO;FALSO;;
1477;703;16;ORION   FUME/MARROM;;190,00;0,00;435,00;0;30-dez-06;;1;02/09/2008;VERDADEIRO;FALSO;;
1479;704;16;REVERSE   FUME / MARROM;aro - acetato;125,65;18,84;317,88;0;30-dez-06;;1;03/01/2008;VERDADEIRO;FALSO;;
1480;705;16;CRAB PRATA / BRONZE;;128,60;0,00;225,00;0;30-dez-06;;1;;VERDADEIRO;FALSO;;
1481;2630;33;ACTIVE 812684 5017 140;;0,00;0,00;343,00;0;30-dez-06;;2;;VERDADEIRO;FALSO;;
1482;2631;33;STIFF 852509 6015   128;;220,00;0,00;298,00;0;30-dez-06;;2;14/12/2008;VERDADEIRO;FALSO;;
1483;2632;33;DROP MA 2385 6017 125;;129,00;0,00;298,00;0;30-dez-06;;2;20/12/2007;VERDADEIRO;FALSO;;
1484;2633;33;LIGHTNING;;135,00;0,00;318,00;0;30-dez-06;;2;31/07/2007;VERDADEIRO;FALSO;;
1486;2634;33;SET 852035 58 15 135;;0,00;0,00;318,00;0;30-dez-06;;2;;VERDADEIRO;FALSO;;
1487;2635;33;HALF TIPE 5516 118 MA 1965;;98,00;0,00;198,00;0;30-dez-06;;2;19/06/2007;VERDADEIRO;FALSO;;
1488;2636;33;COUGAR 5618 126 MA 9639;;109,00;0,00;298,00;0;30-dez-06;;2;16/04/2008;VERDADEIRO;FALSO;;
1489;2637;33;TOWN 5616 125D MA 1720;;112,00;0,00;298,00;0;30-dez-06;;2;18/06/2008;VERDADEIRO;FALSO;;
1490;2638;33;CUBE 65 15 120 AS 8167;;;;305,80;0;30-dez-06;;1;24/12/2007;VERDADEIRO;FALSO;;
1491;2639;33;DOG FIGHT 62 16 120 SA 8257 (POL);;0,00;0,00;404,80;0;30-dez-06;;1;;VERDADEIRO;FALSO;;
1492;2640;33;FOX 63 18 128 AS 8566 (POL);;133,00;0,00;404,80;0;30-dez-06;;1;16/04/2007;VERDADEIRO;FALSO;;
1494;1180;18;ARAM;;161,00;0,00;360,00;0;30-dez-06;;1;;VERDADEIRO;FALSO;;
1495;1181;18;BONITO;;0,00;0,00;390,00;0;30-dez-06;;1;;VERDADEIRO;FALSO;;
1496;1182;18;ITAUNA;Aro - Acetato;0,00;0,00;390,00;0;30-dez-06;;1;;VERDADEIRO;FALSO;;
1498;1851;22;RB 3025 AVIATOR 6 W 3275;;204,13;30,62;0,00;0;30-dez-06;;1;;FALSO;FALSO;;
1499;1852;22;RB 3025 AVIATOR L W3276;;204,13;30,62;475,20;0;30-dez-06;;1;11/09/2008;VERDADEIRO;FALSO;;
1500;1853;22;RB 3267 006/71;;264,67;0,00;583,00;0;30-dez-06;;1;;VERDADEIRO;FALSO;;
1501;1854;22;RB 8013 TITANIO W3120;;389,00;0,00;910,00;0;30-dez-06;;1;24/06/2008;VERDADEIRO;FALSO;;
1502;1855;22;RJ 9006/S 100 S/6P;;125,20;0,00;259,00;0;30-dez-06;;1;03/04/2008;VERDADEIRO;FALSO;;
1503;1856;22;RB 5042 2122;;0,00;0,00;480,00;0;30-dez-06;;2;;VERDADEIRO;FALSO;;
1504;386;15;GU 6294 ST BLK3;;180,00;0,00;468,05;0;30-dez-06;;1;;VERDADEIRO;FALSO;;
1505;387;15;GU 6192 GLD 2;;159,00;23,85;376,97;0;30-dez-06;;1;21/08/2007;VERDADEIRO;FALSO;;
1506;388;15;GU 1319 BRN 5316;;205,00;0,00;410,00;0;30-dez-06;;2;19/07/2007;VERDADEIRO;FALSO;;
1507;389;15;GU 1372 BLK;;142,00;0,00;390,00;0;30-dez-06;;2;02/04/2007;VERDADEIRO;FALSO;;
1508;2604;32;VH 1537 COL700;;308,00;15,40;776,16;0;30-dez-06;;2;28/04/2008;VERDADEIRO;FALSO;765;
1509;2605;32;VH 1537 COL958;;308,00;15,40;776,16;-1;30-dez-06;;2;;VERDADEIRO;FALSO;;
1510;2606;32;VH 1026 COLK01;;241,00;12,05;0,00;0;30-dez-06;;2;;VERDADEIRO;FALSO;;
1511;2607;32;VH 1047 COL 3311 140;;308,00;15,40;776,16;0;30-dez-06;;2;01/09/2008;VERDADEIRO;FALSO;;
1512;2608;32;SH 1532 290X;;234,00;35,00;590,00;0;30-dez-06;;1;;VERDADEIRO;FALSO;;
1513;2609;32;SH 1532 290;;234,00;35,00;591,80;0;30-dez-06;;1;;VERDADEIRO;FALSO;;
1514;2610;32;SH 1043 S 568;;322,00;48,30;814,00;0;30-dez-06;;1;21/08/2007;VERDADEIRO;FALSO;;
1515;2611;32;SH 1043 S R80;;322,00;48,30;814,00;0;30-dez-06;;1;;VERDADEIRO;FALSO;;
1516;2612;32;SH 1040 R80;;341,00;51,15;862,40;0;30-dez-06;;1;;VERDADEIRO;FALSO;;
1517;2613;32;SH 1040 300;;341,00;51,15;862,40;0;30-dez-06;;1;;VERDADEIRO;FALSO;;
1518;2614;32;SH 1530 700;;271,00;40,65;685,63;0;30-dez-06;;1;;VERDADEIRO;FALSO;;
1519;2615;32;SH 1042 531;;327,00;42,30;827,20;0;30-dez-06;;1;;VERDADEIRO;FALSO;;
1520;3626;50;4C ACDEMO VL237;FIO DE NYLON;0,00;0,00;415,00;0;30-dez-06;;2;;FALSO;FALSO;;
1521;4487;126;JL 203 48 C21;ARO FECHADO;58,00;0,00;413,00;0;30-dez-06;;2;;FALSO;FALSO;;
1522;4488;126;JL 406 C14;;58,00;0,00;278,00;0;30-dez-06;;2;17/12/2007;FALSO;FALSO;;
1525;4490;127;ACVUE II;;69,00;0,00;148,00;-1;30-dez-06;;3;15/09/2008;FALSO;FALSO;;
1526;4491;127;GREEN;;36,00;0,00;115,00;-14;30-dez-06;;3;30/07/2008;FALSO;FALSO;;
1527;4492;127;TRUE SAPPHIRE;;36,00;0,00;115,00;-1;30-dez-06;;3;08/03/2008;FALSO;FALSO;;
1528;4493;127;GRAY;;36,00;0,00;115,00;-20;30-dez-06;;3;18/12/2007;FALSO;FALSO;;
1529;4494;127;BLUE;;36,00;0,00;115,00;-4;30-dez-06;;3;09/05/2008;FALSO;FALSO;;
1530;4495;127;BROWN;;36,00;0,00;115,00;-1;30-dez-06;;3;;FALSO;FALSO;;
1531;4496;127;TURQUOISE;;36,00;0,00;115,00;-3;30-dez-06;;3;11/09/2008;FALSO;FALSO;;
1532;4026;93;Parafusada;;48,00;0,00;178,00;0;02-jan-07;;2;;FALSO;FALSO;;
1533;4509;128;VS;;6,78;0,00;78,00;0;02-jan-07;;3;;FALSO;VERDADEIRO;;
1534;4510;128;VS AR;;15,90;0,00;120,00;0;02-jan-07;;3;;FALSO;VERDADEIRO;;
1536;3485;37;Parafusada Pol;;25,00;0,00;168,00;0;02-jan-07;;1;;FALSO;FALSO;;
1537;4511;128;Solamax Trans NG;;237,00;0,00;0,00;0;03-jan-07;;3;16/09/2008;FALSO;FALSO;;
1539;4512;128;Stock Lux Red;;75,70;0,00;0,00;0;04-jan-07;;3;03/04/2008;FALSO;FALSO;;
1540;3486;37;Tratamento AR;;;0,00;0,00;-14;04-jan-07;;4;;FALSO;FALSO;;
1541;3487;37;Solução Complete Confort Plus;;10,00;0,00;0,00;0;04-jan-07;;4;11/09/2008;FALSO;FALSO;;
1542;4513;128;PG;;29,78;0,00;0,00;0;05-jan-07;;3;;FALSO;VERDADEIRO;;
1543;3488;37;ZILO;;5,00;0,00;0,00;0;05-jan-07;;2;13/03/2008;FALSO;FALSO;;
1544;4514;128;Solar curva 8;;8,50;0,00;0,00;0;06-jan-07;;3;;FALSO;FALSO;;
1545;4515;128;Space;;48,30;0,00;138,00;0;11-jan-07;;3;27/12/2007;FALSO;FALSO;;
1546;2616;32;VH 1529 722;;;0,00;600,00;0;11-jan-07;;1;;FALSO;FALSO;;
1548;3621;49;aro - metal;aro - metal;38,00;0,00;130,00;-4;12-jan-07;;1;12/12/2007;FALSO;FALSO;;
1549;3884;92;Aro;;30,00;0,00;115,00;0;12-jan-07;;2;13/06/2008;FALSO;FALSO;;
1550;3489;37;Solução Solrex Alpha;;18,00;0,00;40,00;0;12-jan-07;;4;28/06/2008;FALSO;FALSO;;
1552;4516;128;Bifocal Panop;;17,00;0,00;0,00;0;15-jan-07;;3;10/09/2008;FALSO;FALSO;;
1553;3490;37;Requisições Prefeitura;;0,00;0,00;0,00;0;15-jan-07;;4;;FALSO;FALSO;;
1554;4517;128;Bifocal Ultex;;16,00;0,00;68,00;0;15-jan-07;;3;;FALSO;VERDADEIRO;;
1555;4518;128;Bifocal Panop Trans NG;;198,86;0,00;0,00;0;15-jan-07;;3;;FALSO;FALSO;;
1556;4519;128;Kriptock;;30,58;0,00;65,00;0;19-jan-07;;3;27/06/2008;FALSO;FALSO;;
1559;3491;37;Troca;;0,00;0,00;0,00;0;20-jan-07;;3;12/09/2008;FALSO;FALSO;84;
1560;4520;128;VS FOTO;;85,00;0,00;0,00;0;23-jan-07;;3;26/08/2008;FALSO;FALSO;;
1562;4521;128;VS Trans AR;;149,16;0,00;0,00;0;25-jan-07;;3;;FALSO;FALSO;;
1563;4522;128;Electron 1.56;;47,00;0,00;0,00;0;25-jan-07;;3;24/07/2008;FALSO;FALSO;;
1564;4523;128;Orma Trio;;31,70;0,00;0,00;0;26-jan-07;;3;;FALSO;FALSO;;
1565;3607;46;Acetato;;38,00;0,00;0,00;0;29-jan-07;;2;10/03/2008;FALSO;FALSO;;
1657;4524;128;Poli Trans;;219,00;0,00;0,00;0;30-jan-07;;3;;FALSO;FALSO;;
1658;4525;128;Stock Lux Red AR;;129,40;0,00;0,00;0;30-jan-07;;3;;FALSO;FALSO;;
1659;4497;127;CLEAR;;45,00;0,00;0,00;0;30-jan-07;;3;30/06/2008;FALSO;FALSO;;
1660;4526;128;Policarbonato;;21,60;0,00;0,00;0;31-jan-07;;3;07/08/2008;FALSO;FALSO;;
1661;4527;128;Solar poli curva 8;;26,22;0,00;0,00;0;01-fev-07;;3;;FALSO;FALSO;;
1662;4528;128;Crizal Alizé;;81,80;0,00;0,00;0;06-fev-07;;3;03/09/2008;FALSO;FALSO;;
1663;4529;128;Solalight 1.56;;64,02;0,00;0,00;0;09-fev-07;;3;01/07/2008;FALSO;FALSO;;
1665;4530;128;Solamax AR;;164,00;0,00;0,00;0;12-fev-07;;3;04/07/2008;FALSO;FALSO;;
1666;1317;19;WARDEN 05 886;;332,00;0,00;725,00;0;14-fev-07;;1;31/01/2008;VERDADEIRO;FALSO;;
1667;4531;128;Eclipse;;29,78;0,00;0,00;0;17-fev-07;;3;07/07/2008;FALSO;FALSO;;
1668;4532;128;VS Poli AR;;35,18;0,00;0,00;0;17-fev-07;;3;06/09/2008;FALSO;FALSO;;
1669;4533;128;Solalight AR;;130,50;0,00;0,00;0;23-fev-07;;3;;FALSO;FALSO;;
1671;4534;128;Solar Polarizada;;30,00;0,00;0,00;0;26-fev-07;;3;;FALSO;FALSO;;
1672;4535;128;VS Cil acima de 200;;30,81;0,00;0,00;0;27-fev-07;;3;;FALSO;FALSO;;
1673;4498;127;Lentes de contato   Par avulso;;15,00;0,00;0,00;-2;01-mar-07;;3;31/07/2008;FALSO;FALSO;;
1674;4536;128;VS MAR 1.56 A.R. (SOLA);;28,60;0,00;0,00;0;05-mar-07;;3;24/06/2008;FALSO;FALSO;;
1675;4537;128;Electron 1.56 cil acima de 200;;89,60;0,00;0,00;0;05-mar-07;;3;23/05/2008;FALSO;FALSO;;
1677;4747;130;Fio de Nylon;;20,00;0,00;220,00;0;05-mar-07;;1;21/05/2007;FALSO;FALSO;;
1680;1318;19;11 990   Fate 2.0 Pol Brown;;370,00;0,00;814,00;0;06-mar-07;;2;14/07/2007;VERDADEIRO;FALSO;;
1681;1319;19;11 884   Spoke 4.0 Pol Blk;;250,00;0,00;600,00;0;06-mar-07;;2;;VERDADEIRO;FALSO;;
1682;1320;19;11 886   Spoke 4.0 Pol Mid;;250,00;0,00;600,00;0;06-mar-07;;2;26/03/2008;VERDADEIRO;FALSO;;
1683;1321;19;11 857   Blender 4.0;;276,00;0,00;660,00;0;06-mar-07;;2;;VERDADEIRO;FALSO;438;
1684;1322;19;DART Blk POL   12 881;másc - metal;236,82;35,52;780,00;0;06-mar-07;;1;11/05/2007;VERDADEIRO;FALSO;;
1685;1323;19;DART Berry   05 662;;326,00;0,00;715,00;0;06-mar-07;;1;;VERDADEIRO;FALSO;;
1686;1324;19;DART Bru Bro   05 665;;326,00;0,00;715,00;0;06-mar-07;;1;;VERDADEIRO;FALSO;;
1687;1325;19;GRAPEVINE POL 12 879;;226,09;33,91;575,00;0;06-mar-07;;1;22/09/2007;VERDADEIRO;FALSO;;
1688;1326;19;SQUARE WIRE   05 985;;315,00;0,00;690,00;0;06-mar-07;;1;;VERDADEIRO;FALSO;;
1689;1327;19;DART Slate   05 661;;315,00;0,00;690,00;0;06-mar-07;;1;18/08/2008;VERDADEIRO;FALSO;;
1690;1328;19;CANTEEN   03 541;;238,00;0,00;523,00;0;06-mar-07;;1;12/06/2008;VERDADEIRO;FALSO;;
1691;1329;19;DART Blk Chr   05 664;;273,91;41,09;693,00;0;06-mar-07;;1;11/12/2007;VERDADEIRO;FALSO;;
1693;1330;19;CROSSHAIR Blk Chr   05 976;;315,00;0,00;693,00;0;06-mar-07;;1;;VERDADEIRO;FALSO;;
1694;1331;19;CROSSHAIR   05 976;aro - metal;315,00;0,00;693,00;0;06-mar-07;;1;;VERDADEIRO;FALSO;;
1695;1332;19;WARDEN 05 885;;395,00;0,00;869,00;0;06-mar-07;;1;13/09/2007;VERDADEIRO;FALSO;;
1696;1333;19;13 500   Kit de Lentes Gascan;;60,00;0,00;132,00;0;06-mar-07;;3;;VERDADEIRO;FALSO;;
1698;1334;19;13 506   Kit de Lentes Bottle C;;60,00;0,00;132,00;0;06-mar-07;;3;;VERDADEIRO;FALSO;;
1699;1335;19;CROSSHAIR   13 706;;321,74;48,26;814,00;0;06-mar-07;;1;11/06/2008;VERDADEIRO;FALSO;;
1700;1336;19;HALF JACKET Transition;;370,00;0,00;814,00;0;06-mar-07;;1;;VERDADEIRO;FALSO;;
1701;1337;19;11 951   CORKSCREW 2.0;;285,00;0,00;684,00;0;06-mar-07;;2;;VERDADEIRO;FALSO;;
1702;1338;19;11 978   Double down 2.0;fio - acetato;270,00;0,00;650,00;1;06-mar-07;;2;;VERDADEIRO;FALSO;;
1703;1339;19;11 980   Double down 4.0;;270,00;0,00;648,00;0;06-mar-07;;2;;VERDADEIRO;FALSO;492;
1704;1340;19;12 004   Sweeper;;260,00;0,00;624,00;0;06-mar-07;;2;;VERDADEIRO;FALSO;;
1705;1341;19;12 007   Gasket;;260,00;0,00;624,00;0;06-mar-07;;2;17/10/2007;VERDADEIRO;FALSO;;
1706;1342;19;CROSSHAIR   12 690;;336,00;0,00;740,00;0;06-mar-07;;1;;VERDADEIRO;FALSO;;
1707;1343;19;SPIKE   12 731;;360,00;0,00;790,00;0;06-mar-07;;1;;VERDADEIRO;FALSO;;
1708;1344;19;CROSSHAIR TI   12 870;;430,00;0,00;946,00;0;06-mar-07;;1;;VERDADEIRO;FALSO;;
1709;1345;19;SQUARE WIRE   12 877;;370,00;0,00;814,00;0;06-mar-07;;1;;VERDADEIRO;FALSO;;
1710;1346;19;SQUARE WIRE   05 988;;330,00;0,00;726,00;0;06-mar-07;;1;;VERDADEIRO;FALSO;;
1711;1347;19;ESTOJO   07 025;;50,00;0,00;120,00;0;06-mar-07;;4;;VERDADEIRO;FALSO;;
1712;1348;19;11 514   Wiretap;;250,00;0,00;600,00;0;06-mar-07;;2;19/04/2007;VERDADEIRO;FALSO;;
1713;1349;19;11 530   A Wire;;290,00;0,00;696,00;0;06-mar-07;;2;04/07/2008;VERDADEIRO;FALSO;;
1714;1350;19;11 856   Blender 4.0;;276,00;0,00;663,00;0;06-mar-07;;2;;VERDADEIRO;FALSO;438;
1715;1351;19;11 860   Jackknife 2.0;;315,00;0,00;756,00;0;06-mar-07;;2;08/08/2008;VERDADEIRO;FALSO;665;
1716;1352;19;11 864   Jackknife 4.0;;315,00;0,00;756,00;0;06-mar-07;;2;27/04/2007;VERDADEIRO;FALSO;;
1717;1353;19;11 890   Kickstand 2.0 Polis;;230,00;0,00;552,00;0;06-mar-07;;2;;VERDADEIRO;FALSO;;
1718;1354;19;11 891   Kickstand 4.0;;230,00;0,00;552,00;0;06-mar-07;;2;;VERDADEIRO;FALSO;353;
1719;1355;19;11 927   Sweeper;;260,00;0,00;624,00;0;06-mar-07;;2;01/04/2008;VERDADEIRO;FALSO;;
1720;4538;128;VS Anti Risco;;30,00;0,00;0,00;0;07-mar-07;;3;;FALSO;FALSO;;
1721;4539;128;PG FOTO;;178,00;0,00;0,00;0;07-mar-07;;3;27/03/2007;FALSO;FALSO;;
1722;1356;19;WHISKER   05 715;;330,00;0,00;726,00;0;08-mar-07;;1;;VERDADEIRO;FALSO;892;
1723;1357;19;CROSSHAIR   05 814;aro - metal;315,00;0,00;693,00;0;08-mar-07;;1;14/07/2007;VERDADEIRO;FALSO;;
1724;1358;19;SCRIPT 05 963;aro - acetato;315,00;0,00;693,00;0;08-mar-07;;1;;VERDADEIRO;FALSO;;
1725;1359;19;CROSSHAIR   05 977;;315,00;0,00;693,00;0;08-mar-07;;1;11/05/2007;VERDADEIRO;FALSO;;
1726;1360;19;FIVES 3.0   03 430;;179,00;0,00;400,00;0;08-mar-07;;1;;VERDADEIRO;FALSO;;
1727;1361;19;CANTEEN   03 543;;238,00;0,00;524,00;0;08-mar-07;;1;;VERDADEIRO;FALSO;;
1728;1362;19;MONSTER DOG 05 012;;266,42;39,96;524,00;0;08-mar-07;;1;;VERDADEIRO;FALSO;;
1729;1363;19;ZERO S 05 310;másc - acetato;275,00;0,00;605,00;0;08-mar-07;;1;;VERDADEIRO;FALSO;;
1730;1183;18;MO 240 COL701;;180,00;9,00;450,00;0;09-mar-07;;2;19/05/2008;VERDADEIRO;FALSO;;
1731;1184;18;MO 270 COL200;;130,00;6,50;320,00;0;09-mar-07;;2;31/07/2007;VERDADEIRO;FALSO;;
1732;1185;18;SAN CLEMENTE 032;;125,00;6,25;315,00;0;09-mar-07;;2;20/02/2008;VERDADEIRO;FALSO;;
1733;1186;18;SAN CLEMENTE 031;;125,00;6,25;315,00;0;09-mar-07;;2;21/02/2008;VERDADEIRO;FALSO;;
1734;1187;18;SAN CLEMENTE 034;;125,00;6,25;315,00;0;09-mar-07;;2;10/04/2007;VERDADEIRO;FALSO;;
1735;1188;18;ITAPUA I;;96,60;11,60;260,00;0;09-mar-07;;2;09/08/2008;VERDADEIRO;FALSO;55;
1736;1189;18;ITAPUA III;;105,00;5,25;260,00;0;09-mar-07;;2;17/08/2007;VERDADEIRO;FALSO;;
1737;1190;18;ITAPUA IV 006;;96,60;11,60;260,00;0;09-mar-07;;2;09/08/2008;VERDADEIRO;FALSO;;
1738;1191;18;ITAPUA IV 009;;105,00;5,25;260,00;0;09-mar-07;;2;01/11/2007;VERDADEIRO;FALSO;;
1739;1192;18;ITAPUA IV 008;;105,00;5,25;260,00;0;09-mar-07;;3;11/05/2007;VERDADEIRO;FALSO;;
1740;1193;18;ATOL I 017;;125,00;6,25;315,00;0;09-mar-07;;2;05/10/2007;VERDADEIRO;FALSO;;
1741;1194;18;ATOL II 028;;115,00;13,80;315,00;0;09-mar-07;;2;25/01/2008;VERDADEIRO;FALSO;188;
1743;3511;39;2403;aro - metal;0,00;0,00;250,00;0;13-mar-07;;1;;VERDADEIRO;FALSO;;
1744;3512;39;2155;;75,95;5,96;180,00;0;13-mar-07;;2;23/04/2007;VERDADEIRO;FALSO;;
1745;3513;39;2198;ARO FECHADO;75,00;3,75;389,00;0;13-mar-07;;2;21/03/2007;VERDADEIRO;FALSO;;\\TATI\Programa\FOTOS\2198.jpg
1746;3514;39;2244;;159,95;23,99;400,00;0;13-mar-07;;1;26/12/2007;VERDADEIRO;FALSO;;
1747;3515;39;2247;aro - acetato;129,95;19,49;328,00;0;13-mar-07;;1;27/11/2007;VERDADEIRO;FALSO;;
1748;3516;39;2248;másc - acetato;169,95;25,49;429,00;-1;13-mar-07;;1;;VERDADEIRO;FALSO;;
1749;3517;39;2249;;129,95;19,49;328,00;0;13-mar-07;;1;19/04/2007;VERDADEIRO;FALSO;;
1750;3518;39;2307;;114,95;5,75;289,00;0;13-mar-07;;2;26/04/2007;VERDADEIRO;FALSO;;
1751;390;15;GU 6305;;263,00;0,00;526,00;0;15-mar-07;;1;15/03/2007;VERDADEIRO;FALSO;;
1752;4540;128;Direct Vision;;60,00;0,00;0,00;0;19-mar-07;;3;29/11/2007;FALSO;FALSO;;
1753;4541;128;Solalight 1.61;;131,70;0,00;0,00;0;26-mar-07;;3;07/07/2008;FALSO;FALSO;;
1754;4542;128;Varilux Liberty AR;;196,66;0,00;0,00;0;28-mar-07;;3;;FALSO;FALSO;;
1755;4543;128;VIP Trans AR;;276,41;0,00;0,00;0;29-mar-07;;3;14/01/2008;FALSO;FALSO;;
1756;3492;37;Soro pequeno;;0,00;0,00;20,00;0;02-abr-07;;4;14/02/2008;FALSO;FALSO;;
1757;4544;128;Varilux;;243,85;0,00;0,00;0;02-abr-07;;3;30/06/2008;FALSO;FALSO;;
1758;4545;128;Bifocal Ultex Trans;;207,00;0,00;0,00;0;03-abr-07;;3;21/08/2008;FALSO;FALSO;;
1760;4546;128;PG AR;;89,68;0,00;0,00;0;04-abr-07;;3;;FALSO;FALSO;;
1761;4547;128;Bifocal Panop Sunsensors;;139,62;0,00;0,00;0;12-abr-07;;3;;FALSO;FALSO;;
1764;4751;132;HZ 10316;fio - metal;43,00;0,00;315,00;0;13-abr-07;;2;14/01/2008;FALSO;FALSO;;
1766;4752;132;Acetato;;43,00;0,00;220,00;0;13-abr-07;;2;16/06/2007;FALSO;FALSO;;
1767;4548;128;VIP 70;;41,70;0,00;0,00;0;17-abr-07;;3;20/08/2008;FALSO;FALSO;;
1768;4549;128;Bifocal Panop Poly;;159,80;0,00;195,00;0;19-abr-07;;3;;FALSO;FALSO;;
1769;4550;128;Hoya Argos;;92,80;0,00;0,00;0;19-abr-07;;3;22/04/2008;FALSO;FALSO;;
1770;4551;128;VS curva 8;;19,96;0,00;0,00;0;26-abr-07;;3;26/08/2008;FALSO;FALSO;;
1771;225;11;VES583S;;0,00;0,00;0,00;0;27-abr-07;;2;;FALSO;FALSO;;
1772;4552;128;VIP Trans;;216,51;0,00;0,00;0;30-abr-07;;3;;FALSO;FALSO;;
1773;4553;128;Solamax;;86,82;0,00;0,00;0;10-mai-07;;3;15/09/2008;FALSO;FALSO;;
1774;5253;134;Fio de Nylon;;;;0,00;-1;14-mai-07;;2;;FALSO;FALSO;;
1776;1195;18;ITAPUA II;;128,00;0,00;307,00;0;23-mai-07;;2;03/09/2007;FALSO;FALSO;;
1777;4554;128;Eclipse Anti Risco;;47,68;0,00;0,00;0;30-mai-07;;3;;FALSO;FALSO;;
1778;4555;128;HS DAISA 1.61;;187,00;0,00;0,00;0;09-jun-07;;3;;FALSO;FALSO;;
1779;863;1;AH1032 11A;;152,01;7,61;383,09;0;09-jun-07;;2;09/06/2007;FALSO;FALSO;;
1780;2331;27;SP 1017 01C;;98,10;4,91;247,22;0;13-jun-07;;2;;FALSO;FALSO;;
1781;2332;27;SP1021 01C;;98,10;4,91;247,22;0;14-jun-07;;2;21/08/2007;FALSO;FALSO;;
1782;2333;27;SP 6014 C53;;107,10;10,62;282,53;0;14-jun-07;;2;15/06/2007;FALSO;FALSO;767;
1783;2334;27;SP 6014 F110;;107,10;10,62;282,53;0;14-jun-07;;2;;FALSO;FALSO;;
1784;4556;128;Eclipse Aclimates;;181,78;0,00;0,00;0;15-jun-07;;3;10/06/2008;FALSO;FALSO;;
1785;864;1;AH6072 A07;;179,10;8,96;450,00;0;15-jun-07;;2;18/07/2007;FALSO;FALSO;;
1786;865;1;AH6073 B95;;152,10;7,61;380,00;0;15-jun-07;;2;25/01/2008;FALSO;FALSO;;
1788;866;1;AH1004 02A;;152,10;7,61;380,00;0;15-jun-07;;2;27/07/2007;FALSO;FALSO;;
1790;867;1;AH9035 C63;;0,00;0,00;458,00;0;15-jun-07;;1;;FALSO;FALSO;;
1791;6201;258;YS 405;;0,00;0,00;0,00;0;15-jun-07;;1;;FALSO;FALSO;;
1792;2335;27;70 MILE G01;másc - acetato;0,00;0,00;0,00;0;15-jun-07;;1;;FALSO;FALSO;;
1793;2336;27;AIRLINE A01;;110,00;0,00;380,00;0;15-jun-07;;1;;FALSO;FALSO;;
1794;2337;27;HOBART A24;;0,00;0,00;0,00;0;15-jun-07;;1;;FALSO;FALSO;;
1796;1857;22;RB 4086 601/71 3N;;252,00;0,00;503,00;0;20-jun-07;;1;19/07/2007;FALSO;FALSO;;
1797;1858;22;RB 3321 042/8G;;283,65;0,00;567,00;0;20-jun-07;;1;;FALSO;FALSO;;
1798;1859;22;RB 3293 003/7B 63132N;;;;564,00;0;20-jun-07;;1;26/12/2007;FALSO;FALSO;;
1799;1860;22;RB 3211 001/73 LARGE;;194,92;28,64;490,00;0;20-jun-07;;1;19/06/2008;FALSO;FALSO;;
1800;1861;22;RB 3250 001/13 LARGE;;216,70;32,51;548,00;0;20-jun-07;;1;13/12/2007;FALSO;FALSO;;
1801;1862;22;RB 4091 710/13 3N;;273,24;0,00;546,00;0;20-jun-07;;1;;FALSO;FALSO;;
1803;4557;128;Katral;;46,50;0,00;0,00;0;26-jun-07;;3;28/03/2008;FALSO;FALSO;;
1804;4558;128;Bifocal Ultex Sunsensors;;147,36;0,00;300,62;0;04-jul-07;;3;15/09/2008;FALSO;FALSO;;
1805;4559;128;Trivex;;163,90;0,00;250,00;0;20-jul-07;;3;;FALSO;FALSO;;
1806;34;6;DG 6011   B;;380,00;0,00;0,00;0;01-ago-07;;1;31/07/2007;FALSO;FALSO;;
1808;3627;50;VL 836 COL01;;58,00;0,00;135,00;0;06-ago-07;;1;;FALSO;FALSO;;
1809;5261;137;PUNTAS;aro - acetato;51,50;7,73;160,00;0;07-ago-07;;1;;FALSO;FALSO;;
1810;5262;137;RIPPER;aro - acetato;43,00;6,45;150,00;0;07-ago-07;;1;04/10/2007;FALSO;FALSO;;
1811;5263;137;SEABROOK;aro - acetato;43,00;6,45;180,00;0;07-ago-07;;1;03/10/2007;FALSO;FALSO;;
1812;5264;137;LUST;aro - acetato;51,50;7,73;210,00;0;07-ago-07;;1;17/07/2008;FALSO;FALSO;;
1813;5265;137;JAMMING;;51,50;7,73;170,00;0;07-ago-07;;1;27/08/2008;FALSO;FALSO;;
1814;5266;137;THUNDERBIRD;aro - acetato;51,50;7,73;180,00;0;07-ago-07;;1;06/10/2007;FALSO;FALSO;116;
1815;5267;137;ACID;aro - acetato;43,00;6,45;210,00;0;07-ago-07;;1;26/06/2008;FALSO;FALSO;28;
1816;5268;137;BOWL;aro - acetato;51,50;7,73;160,00;0;07-ago-07;;1;09/07/2008;FALSO;FALSO;;
1817;5269;137;CORE;aro - acetato;43,00;6,45;150,00;0;07-ago-07;;1;21/08/2008;FALSO;FALSO;;
1818;5270;137;DAYTONA;aro - acetato;43,00;6,45;235,00;0;07-ago-07;;1;03/01/2008;FALSO;FALSO;213;
1819;5271;137;LAYBACK;;51,50;7,73;170,00;0;07-ago-07;;1;13/11/2007;FALSO;FALSO;;
1820;5272;137;LINCOLN;aro - acetato;43,00;6,45;150,00;0;07-ago-07;;1;09/11/2007;FALSO;FALSO;;
1821;5273;137;NEW PORT;aro - acetato;51,50;7,73;180,00;0;07-ago-07;;1;03/01/2008;FALSO;FALSO;;
1822;706;16;REVERSE   FUME MARROM   POL;;212,61;31,89;537,90;0;07-ago-07;;1;;FALSO;FALSO;;
1823;707;16;SLEEK;;86,52;12,45;217,73;0;07-ago-07;;1;27/11/2007;FALSO;FALSO;;
1824;708;16;RAGE;aro - acetato;125,65;18,85;349,00;0;07-ago-07;;1;08/01/2008;FALSO;FALSO;;
1825;709;16;STYLE II;aro - acetato;86,52;12,97;230,00;0;07-ago-07;;1;07/11/2007;FALSO;FALSO;;
1826;710;16;GLAM;aro - acetato;125,65;18,84;317,88;0;07-ago-07;;1;08/08/2008;FALSO;FALSO;;
1827;5310;138;Sunglasses;aro - acetato;75,00;0,00;140,00;0;10-ago-07;;1;13/02/2008;FALSO;FALSO;;
1828;3493;37;Solar Máscara;;;;140,00;-1;10-ago-07;;1;;FALSO;FALSO;;
1829;5311;139;Acetato;;68,00;0,00;120,00;0;10-ago-07;;2;02/07/2008;FALSO;FALSO;;
1831;5312;140;Fio de Nylon;;39,00;0,00;120,00;0;10-ago-07;;2;15/08/2008;FALSO;FALSO;;
1832;5318;141;Aro;;39,00;0,00;0,00;0;10-ago-07;;2;10/01/2008;FALSO;FALSO;963;
1833;5319;141;Fio de Nylon;;39,00;0,00;0,00;0;10-ago-07;;2;16/08/2008;FALSO;FALSO;;
1834;5320;141;Parafusada;;39,00;0,00;0,00;0;10-ago-07;;2;;FALSO;FALSO;;
1836;5345;142;Fio de Nylon;;39,00;0,00;0,00;0;10-ago-07;;2;10/06/2008;FALSO;FALSO;;
1837;5346;142;Aro;;39,00;0,00;0,00;0;10-ago-07;;2;18/10/2007;FALSO;FALSO;;
1838;5349;143;Fio de Nylon;;38,00;0,00;0,00;0;10-ago-07;;2;30/08/2008;FALSO;FALSO;;
1839;5350;143;Aro;;38,00;0,00;0,00;0;10-ago-07;;2;05/08/2008;FALSO;FALSO;;
1840;5351;143;Acetato;;38,00;0,00;0,00;0;10-ago-07;;2;02/09/2008;FALSO;FALSO;;
1842;5369;144;Acetato;;29,00;0,00;0,00;-4;10-ago-07;;2;24/01/2008;FALSO;FALSO;;
1843;5370;144;Fio de Nylon;;29,00;0,00;0,00;-2;10-ago-07;;2;22/07/2008;FALSO;FALSO;131;
1844;5371;144;Aro;;29,00;0,00;0,00;-7;10-ago-07;;2;14/12/2007;FALSO;FALSO;;
1846;1196;18;MO 330 COL 413;;135,00;6,75;350,00;0;09-ago-07;;2;;FALSO;FALSO;321;
1848;1197;18;GAMBOA STREET;;140,00;0,00;250,00;0;09-ago-07;;1;17/01/2008;FALSO;FALSO;;
1849;3628;50;VL 512/1;;98,00;0,00;215,00;0;13-ago-07;;1;18/12/2007;FALSO;FALSO;;
1850;3629;50;VL 831 COL 3;;98,00;0,00;215,00;0;14-ago-07;;1;14/08/2007;FALSO;FALSO;;
1851;3630;50;VL 175 03;;78,00;0,00;170,00;0;15-ago-07;;1;20/12/2007;FALSO;FALSO;;
1852;3631;50;VL 831/1;;98,00;0,00;215,60;0;21-ago-07;;1;11/10/2007;FALSO;FALSO;;
1853;391;15;GU 6192   SI   3;;159,00;23,85;402,27;0;22-ago-07;;1;;FALSO;FALSO;;
1854;392;15;GU 6284 BRN 1;;139,00;20,85;350,00;0;22-ago-07;;1;;FALSO;FALSO;;
1855;393;15;GU 6334 GLD 34;;179,00;26,85;450,00;-1;22-ago-07;;1;;FALSO;FALSO;;
1856;394;15;GU 6344   BRN 34;;149,00;22,35;380,00;0;22-ago-07;;1;;FALSO;FALSO;;
1857;395;15;GU 6347__   GUN 35;;179,00;26,85;450,00;0;22-ago-07;;1;05/10/2007;FALSO;FALSO;;
1858;396;15;GU 6305__ PUR 0;;199,00;29,85;500,00;0;22-ago-07;;1;;FALSO;FALSO;;
1859;397;15;GU 6334 BLK 35;aro - metal;398,00;59,70;1.050,00;0;22-ago-07;;1;;FALSO;FALSO;;
1860;398;15;GU 6337 BRNLP 34;;149,00;22,35;380,00;0;22-ago-07;;1;;FALSO;FALSO;;
1861;399;15;GU 6337 BU 67;;149,00;22,35;380,00;0;22-ago-07;;1;21/06/2008;FALSO;FALSO;;
1862;400;15;GU 6338 BU 67;;149,00;22,35;380,00;0;22-ago-07;;1;;FALSO;FALSO;;
1863;401;15;GU 6338 TO 1;;149,00;22,35;380,00;0;22-ago-07;;1;;FALSO;FALSO;;
1864;402;15;GU 6346 BRN 1;;129,00;19,35;330,00;0;22-ago-07;;1;11/09/2007;FALSO;FALSO;;
1865;403;15;GU 6346 PUR 45;;129,00;19,35;330,00;0;22-ago-07;;1;;FALSO;FALSO;;
1866;404;15;GU 6359 BLK3;;119,00;17,85;300,00;0;22-ago-07;;1;05/01/2008;FALSO;FALSO;;
1867;3632;50;VL 175/02;;78,00;0,00;170,00;0;22-ago-07;;1;12/12/2007;FALSO;FALSO;;
1868;3633;50;VL 843/01;aro - acetato;78,00;0,00;170,00;0;22-ago-07;;1;;FALSO;FALSO;;
1869;3634;50;VL 516/2;;98,00;0,00;215,00;0;22-ago-07;;1;;FALSO;FALSO;;
1870;3635;50;VL 269/01;;78,00;0,00;170,00;0;22-ago-07;;1;;FALSO;FALSO;;
1871;3636;50;VL 802/5;;98,00;0,00;215,00;0;22-ago-07;;1;;FALSO;FALSO;;
1872;3637;50;VL 845/01;aro - acetato;98,00;0,00;215,00;0;22-ago-07;;1;;FALSO;FALSO;;
1873;3638;50;VL 845/2;aro - acetato;98,00;0,00;215,00;0;22-ago-07;;1;;FALSO;FALSO;;
1874;3639;50;VL 1106/02;;98,00;0,00;215,00;0;22-ago-07;;1;03/10/2007;FALSO;FALSO;;
1875;3640;50;VL 811/01;;78,00;0,00;170,00;0;22-ago-07;;1;19/09/2007;FALSO;FALSO;;
1876;3641;50;VL 518/1;;98,00;0,00;215,00;-1;22-ago-07;;1;;FALSO;FALSO;;
1877;3642;50;VL 1301/2;;98,00;0,00;215,00;0;22-ago-07;;1;24/12/2007;FALSO;FALSO;;
1878;3643;50;VL 807/03;;78,00;0,00;170,00;0;22-ago-07;;1;11/01/2008;FALSO;FALSO;;
1879;3644;50;VL 1108/01;;98,00;0,00;215,00;0;22-ago-07;;1;;FALSO;FALSO;;
1880;3645;50;VL 54/123;;104,00;0,00;230,00;0;22-ago-07;;1;26/10/2007;FALSO;FALSO;;
1881;3646;50;VL 47/107;;104,00;0,00;230,00;0;22-ago-07;;1;;FALSO;FALSO;;
1882;3647;50;VL 47/112;másc - metal;104,00;0,00;230,00;0;22-ago-07;;1;;FALSO;FALSO;;
1883;3648;50;VL 175/01;;78,00;0,00;170,00;0;22-ago-07;;1;;FALSO;FALSO;;
1884;3649;50;VL 1101/01;;98,00;0,00;215,00;0;22-ago-07;;1;;FALSO;FALSO;;
1885;3650;50;VL 1101/02;;98,00;0,00;215,00;0;22-ago-07;;1;21/09/2007;FALSO;FALSO;;
1886;3651;50;VL 1104/01;;98,00;0,00;215,00;0;22-ago-07;;1;30/10/2007;FALSO;FALSO;;
1887;3652;50;VL 1104/02;aro - acetato;98,00;0,00;215,00;0;22-ago-07;;1;;FALSO;FALSO;;
1888;3653;50;VL 1103/01;;98,00;0,00;215,00;0;22-ago-07;;1;;FALSO;FALSO;;
1889;3654;50;VL 1105/01;;98,00;0,00;215,00;0;22-ago-07;;1;03/09/2007;FALSO;FALSO;;
1890;3655;50;VL 805/04;;98,00;0,00;215,00;0;22-ago-07;;1;27/08/2007;FALSO;FALSO;;
1891;3656;50;VL 55/124;aro - metal;104,00;0,00;230,00;0;22-ago-07;;1;;FALSO;FALSO;;
1892;3519;39;2199 53;;95,00;0,00;189,00;0;22-ago-07;;2;26/11/2007;FALSO;FALSO;;
1893;3520;39;2308;;138,00;0,00;320,00;0;22-ago-07;;2;08/09/2007;FALSO;FALSO;;
1894;2313;26;2594   B 453;;360,19;0,00;1.300,00;0;22-ago-07;;2;26/09/2007;FALSO;FALSO;;
1895;4560;128;Stock Lux Red Sunsensors;;175,70;0,00;0,00;0;23-ago-07;;3;;FALSO;FALSO;;
1896;405;15;GU 6308 GLD 34;;199,00;29,85;505,00;0;24-ago-07;;1;;FALSO;FALSO;;
1898;3494;37;Fio de Nylon Polarizada;;60,00;0,00;198,00;0;03-set-07;;1;04/07/2008;FALSO;FALSO;;
1901;5382;146;D&G 6022B;;400,00;0,00;900,00;0;03-set-07;;1;03/09/2008;FALSO;FALSO;;
1902;4400;110;Polarizado;;30,00;0,00;220,00;0;03-set-07;;1;18/12/2007;FALSO;FALSO;;
1903;1198;18;Sunset;;210,00;0,00;450,00;0;05-set-07;;1;19/12/2007;FALSO;FALSO;;
1904;4561;128;Sunsensors AR;;170,82;0,00;250,00;0;05-set-07;;3;;FALSO;FALSO;;
1905;4562;128;Varilux Pix Crizal Alisé;;377,98;0,00;0,00;0;26-set-07;;3;19/08/2008;FALSO;FALSO;;
1906;4563;128;Platinium 1.56;;49,98;0,00;0,00;0;27-set-07;;3;28/03/2008;FALSO;FALSO;;
1907;5274;137;THE LORD NICKEL;;86,50;12,97;250,00;0;28-set-07;;1;02/05/2008;FALSO;FALSO;;
1908;5275;137;Bombtrack;;51,50;7,72;170,00;0;28-set-07;;3;30/06/2008;FALSO;FALSO;;
1909;4564;128;Optiprime 1.56;;21,15;0,00;0,00;0;01-out-07;;3;13/09/2008;FALSO;FALSO;;
1910;1364;19;BEHAVE 05 315;;314,04;46,96;795,00;0;01-out-07;;1;;FALSO;FALSO;;
1911;4499;127;TORICAS (CILINDRICAS);;107,00;0,00;0,00;0;01-out-07;;3;13/12/2007;FALSO;FALSO;;
1912;4565;128;Varilux Pix Orma;;232,98;0,00;0,00;0;02-out-07;;3;27/06/2008;FALSO;FALSO;;
1914;5400;147;Clip on;;68,00;0,00;0,00;0;02-out-07;;2;;FALSO;FALSO;;
1916;5347;142;Acetato;;39,00;0,00;0,00;0;11-out-07;;2;15/05/2008;FALSO;FALSO;;
1917;5348;142;Clip on;;39,00;0,00;0,00;0;11-out-07;;2;;FALSO;FALSO;;
1918;4385;105;Acetato;;48,00;0,00;169,00;0;11-out-07;;2;02/09/2008;FALSO;FALSO;;
1919;4386;105;Aro;;48,00;0,00;169,00;0;11-out-07;;2;28/04/2008;FALSO;FALSO;;
1920;5402;150;Acetato;;68,00;0,00;0,00;0;11-out-07;;2;06/06/2008;FALSO;FALSO;;
1921;5406;151;Fio de Nylon;;30,00;0,00;0,00;0;11-out-07;;2;21/02/2008;FALSO;FALSO;;
1922;5407;151;Aro;;30,00;0,00;0,00;0;11-out-07;;2;12/04/2008;FALSO;FALSO;;
1923;5412;152;Acetato;;38,00;0,00;0,00;0;11-out-07;;2;29/07/2008;FALSO;FALSO;184;
1924;5413;152;Aro;;38,00;0,00;0,00;-3;11-out-07;;2;11/02/2008;FALSO;FALSO;;
1925;5428;153;Fio de Nylon;;;;0,00;0;11-out-07;;2;;FALSO;FALSO;;
1926;5429;153;Aro;;;;0,00;0;11-out-07;;2;;FALSO;FALSO;;
1927;5432;154;Acetato;;20,00;0,00;0,00;0;11-out-07;;2;03/06/2008;FALSO;FALSO;;
1928;5436;155;B 031;ARO FECHADO;30,00;0,00;309,00;0;11-out-07;;2;22/08/2008;FALSO;FALSO;262;
1930;4566;128;Compact Ultra Trans NG 13mm;;435,00;0,00;0,00;0;18-out-07;;3;;FALSO;FALSO;;
1932;5437;156;Acetato Polarizado;;48,00;0,00;220,00;0;18-out-07;;1;17/12/2007;FALSO;FALSO;;
1933;2373;28;5380/S   XK9/SS;;0,00;0,00;0,00;0;20-out-07;;1;;FALSO;FALSO;;
1934;35;6;DG 893 S 482;másc - metal;584,00;0,00;1.390,00;0;25-out-07;;1;31/12/2007;FALSO;FALSO;;
1935;2617;32;VH 1548;;322,00;0,00;709,00;0;26-out-07;;1;;FALSO;FALSO;;
1936;4567;128;Poli Teflon;;168,90;0,00;0,00;0;29-out-07;;3;;FALSO;FALSO;;
1937;4568;128;Bifocal Panop Trans AR;;202,38;0,00;0,00;0;30-out-07;;3;01/09/2008;FALSO;FALSO;;
1938;4569;128;VS Blue Block 550 Segment;;138,00;0,00;0,00;0;01-nov-07;;3;;FALSO;FALSO;;
1939;4570;128;VIP 70 AR;;101,60;0,00;0,00;0;01-nov-07;;3;17/11/2007;FALSO;FALSO;;
1940;3495;37;Infantil;;15,00;0,00;33,00;0;09-nov-07;;1;09/11/2007;FALSO;FALSO;;
1941;3657;50;VL 42   6116  101;;79,00;0,00;0,00;0;09-nov-07;;1;09/11/2007;FALSO;FALSO;;
1942;3678;56;Fio de Nylon;;;;218,00;0;12-nov-07;;2;;FALSO;FALSO;;
1943;3658;50;VL 44 COL 80;;0,00;0,00;0,00;0;12-nov-07;;1;;FALSO;FALSO;;
1944;4571;128;Solamax Trans NG AR;;277,00;0,00;0,00;0;12-nov-07;;3;;FALSO;FALSO;;
1945;1365;19;EYEPATCH  03 570;;173,91;26,09;470,00;0;16-nov-07;;1;10/09/2008;FALSO;FALSO;;
1946;1366;19;ROMEO II   04 139;;752,17;112,83;1.950,00;0;16-nov-07;;1;;FALSO;FALSO;;
1947;1367;19;MONSTER PUP 05 040;;205,22;30,78;520,00;0;16-nov-07;;1;;FALSO;FALSO;;
1948;1368;19;12 018   Ratchet;;352,38;17,62;888,00;0;16-nov-07;;2;17/04/2008;FALSO;FALSO;48;
1949;1369;19;12 021   Ratchet;;352,38;12,38;875,00;0;16-nov-07;;2;28/05/2008;FALSO;FALSO;48;
1950;1370;19;12 369   Candidat;;247,62;12,38;624,00;0;16-nov-07;;2;;FALSO;FALSO;775;
1951;1371;19;12 378   Emblem;;247,62;12,38;624,00;0;16-nov-07;;2;;FALSO;FALSO;;
1952;1372;19;12 383   Emblem;;247,62;12,38;624,00;0;16-nov-07;;2;;FALSO;FALSO;;
1953;1373;19;12 398   Poetic;;352,38;17,62;888,00;0;16-nov-07;;2;20/11/2007;FALSO;FALSO;;
1954;1374;19;OIL DRUM 12 743;;241,74;36,26;615,00;0;16-nov-07;;1;11/01/2008;FALSO;FALSO;;
1955;1375;19;GASCAN DUCATI 12 744;aro - acetato;237,39;35,61;605,00;0;16-nov-07;;1;;FALSO;FALSO;;
1956;4572;128;VS Aclimates;;82,25;0,00;0,00;0;16-nov-07;;3;11/08/2008;FALSO;FALSO;;
1957;4573;128;VIP Compact  MAR;;139,60;0,00;0,00;0;16-nov-07;;3;05/04/2008;FALSO;FALSO;;
1959;4574;128;VS com video filter;;6,70;0,00;0,00;0;21-nov-07;;3;28/11/2007;FALSO;FALSO;;
1960;4575;128;Varilux Confort Trans;;609,46;0,00;0,00;0;24-nov-07;;3;;FALSO;FALSO;;
1962;5438;157;8026;;58,30;2,92;210,00;0;27-nov-07;;2;10/06/2008;FALSO;FALSO;;
1964;5455;158;CMC 3024;FIO DE NYLON;77,00;0,00;367,00;0;28-nov-07;;2;;FALSO;FALSO;;
1965;5456;158;CMC 3035;FIO DE NYLON;77,00;0,00;367,00;0;28-nov-07;;2;;FALSO;FALSO;50;
1966;5457;158;CMC 01334;;82,00;0,00;200,00;0;28-nov-07;;2;29/02/2008;FALSO;FALSO;;
1967;5458;158;CMC 01335;;82,00;0,00;200,00;0;28-nov-07;;2;;FALSO;FALSO;;
1968;5459;158;CMC 01318;;72,00;0,00;178,00;0;28-nov-07;;2;29/05/2008;FALSO;FALSO;;
1969;5460;158;CMC 01309;;77,00;0,00;185,00;0;28-nov-07;;2;13/03/2008;FALSO;FALSO;;
1970;5461;158;CMC 01310;FIO DE NYLON;77,00;0,00;319,00;0;28-nov-07;;2;;FALSO;FALSO;;
1971;5462;158;CMC 01314;;82,00;0,00;199,00;0;28-nov-07;;2;;FALSO;FALSO;150;
1972;5463;158;CMC 3026;;87,00;0,00;195,00;0;28-nov-07;;1;10/12/2007;FALSO;FALSO;;
1973;5464;158;CMC 01607;;97,00;0,00;238,00;0;28-nov-07;;2;;FALSO;FALSO;231;
1974;5465;158;CMC 01602;;77,00;0,00;185,00;0;28-nov-07;;2;19/05/2008;FALSO;FALSO;;
1975;5466;158;CMC 01333;FIO DE NYLON;82,00;0,00;310,00;0;28-nov-07;;2;;FALSO;FALSO;534;
1976;5467;159;LH 02048;FIO DE NYLON;107,00;0,00;258,00;-1;28-nov-07;;2;;FALSO;FALSO;247;
1977;5468;159;LH 02046;;107,00;0,00;258,00;-1;28-nov-07;;2;24/12/2007;FALSO;FALSO;447;
1978;5469;159;LH 02050;;107,00;0,00;258,00;0;28-nov-07;;2;;FALSO;FALSO;;
1979;5470;159;LH 02073;ARO FECHADO;137,00;0,00;450,00;-1;28-nov-07;;2;;FALSO;FALSO;;
1980;5471;159;LH W089;;137,00;0,00;328,00;0;28-nov-07;;2;23/02/2008;FALSO;FALSO;;
1981;5472;159;LH 03028;;107,00;0,00;258,00;0;28-nov-07;;2;;FALSO;FALSO;46;
1982;5473;159;LH 0710;;107,00;0,00;258,00;0;28-nov-07;;2;13/02/2008;FALSO;FALSO;45;
1983;5499;160;SM 0647;;72,00;0,00;178,00;0;28-nov-07;;2;;FALSO;FALSO;;
1984;5500;160;SM 0650;;72,00;0,00;178,00;0;28-nov-07;;2;24/03/2008;FALSO;FALSO;47;
1985;5501;160;SM 0577;;57,00;0,00;138,00;0;28-nov-07;;2;;FALSO;FALSO;256;
1986;5502;160;SM 0586;;57,00;0,00;138,00;0;28-nov-07;;2;;FALSO;FALSO;;
1987;5503;160;SM 0616;;57,00;0,00;138,00;0;28-nov-07;;2;;FALSO;FALSO;;
1988;5504;161;B 0653;;72,00;0,00;178,00;0;28-nov-07;;2;;FALSO;FALSO;;
1989;5505;161;B 0661;;72,00;0,00;178,00;0;28-nov-07;;2;;FALSO;FALSO;;
1990;5506;161;B 0659;;72,00;0,00;178,00;0;28-nov-07;;2;;FALSO;FALSO;;
1991;5507;161;B 0664;;77,00;0,00;188,00;0;28-nov-07;;2;28/03/2008;FALSO;FALSO;;
1992;5508;161;B 9015;;77,00;0,00;188,00;0;28-nov-07;;2;;FALSO;FALSO;;
1993;5439;157;7431;;64,18;3,21;210,00;0;28-nov-07;;2;28/12/2007;FALSO;FALSO;;
1994;4576;128;Bifocal Panop Trans AR;;262,28;0,00;0,00;0;28-nov-07;;3;;FALSO;FALSO;;
1995;5474;159;LHS 04007 PC;aro - metal;33,50;0,00;258,00;0;28-nov-07;;1;;FALSO;FALSO;;
1996;5475;159;LHS T031;;23,50;0,00;108,00;-2;28-nov-07;;1;10/12/2007;FALSO;FALSO;;
1997;5476;159;LHS T032P;aro - acetato;23,50;0,00;108,00;-5;28-nov-07;;1;;FALSO;FALSO;;
1998;5477;159;LHS T014;meio - acetato;23,50;0,00;118,00;0;28-nov-07;;1;;FALSO;FALSO;;
1999;5478;159;LHS T017;;23,50;0,00;118,00;-1;28-nov-07;;1;07/03/2008;FALSO;FALSO;;
2000;5479;159;LHS T021;meia - acetato;23,50;0,00;108,00;0;28-nov-07;;1;18/12/2007;FALSO;FALSO;;
2001;5480;159;LHS 02081A;paraf - metal;38,50;0,00;138,00;0;28-nov-07;;1;;FALSO;FALSO;;
2002;5481;159;LHS 04009PC;aro - metal;33,50;0,00;138,00;0;28-nov-07;;1;;FALSO;FALSO;;
2003;5482;159;LHS 04010PC;;33,50;0,00;138,00;0;28-nov-07;;1;11/12/2007;FALSO;FALSO;;
2004;5483;159;LHS 04017PC;másc - acetato;33,50;0,00;138,00;0;28-nov-07;;1;;FALSO;FALSO;;
2005;5484;159;LHS 04356;;33,50;0,00;138,00;0;28-nov-07;;1;;FALSO;FALSO;;
2006;5485;159;LHS 04355;aro - acetato;33,50;0,00;138,00;0;28-nov-07;;1;;FALSO;FALSO;;
2007;5486;159;LHS 04337;;38,50;0,00;148,00;0;28-nov-07;;1;;FALSO;FALSO;;
2008;5487;159;LHS 04338;aro - acetato;38,50;0,00;148,00;0;28-nov-07;;1;;FALSO;FALSO;;
2009;5488;159;LHS 02097;aro - acetato;23,50;0,00;108,00;0;28-nov-07;;1;;FALSO;FALSO;;
2010;5489;159;LHS 02096;aro - acetato;23,50;0,00;108,00;0;28-nov-07;;1;;FALSO;FALSO;;
2011;5509;161;B 9019;;77,00;0,00;178,00;0;28-nov-07;;2;29/02/2008;FALSO;FALSO;;
2013;5510;162;140 col C;aro - metal;0,00;0,00;250,00;0;28-nov-07;;1;;FALSO;FALSO;;
2014;5511;162;135 col A;;68,00;0,00;250,00;0;28-nov-07;;1;;FALSO;FALSO;;
2015;5512;162;142 col H;;0,00;0,00;250,00;0;28-nov-07;;1;;FALSO;FALSO;;
2016;6131;248;PC 11013052;aro - metal;0,00;0,00;377,00;0;28-nov-07;;1;;FALSO;FALSO;;
2017;5514;163;HCS 379;aro - acetato;120,00;0,00;320,00;0;28-nov-07;;1;;FALSO;FALSO;;
2018;5515;163;HCS 374;;134,40;20,16;320,00;0;28-nov-07;;1;31/01/2008;FALSO;FALSO;;
2019;5516;163;HCS 381;;120,00;0,00;320,00;0;28-nov-07;;1;23/01/2008;FALSO;FALSO;;
2020;5517;163;HCR 382;;120,00;0,00;320,00;0;28-nov-07;;2;01/04/2008;FALSO;FALSO;225;
2021;5518;163;HCR 383;;120,00;0,00;320,00;0;28-nov-07;;2;;FALSO;FALSO;;
2022;5519;163;HCR 386;;120,00;0,00;320,00;0;28-nov-07;;2;02/05/2008;FALSO;FALSO;;
2023;5527;164;MCS 326;aro - acetato;0,00;0,00;320,00;-1;28-nov-07;;1;;FALSO;FALSO;;
2024;5528;164;MTS 322;aro - acetato;0,00;0,00;320,00;0;28-nov-07;;1;;FALSO;FALSO;;
2025;5534;165;MCS 489;aro - acetato;120,00;0,00;320,00;0;28-nov-07;;1;;FALSO;FALSO;;
2026;5535;165;MCS 487;;120,00;0,00;0,00;0;28-nov-07;;1;14/12/2007;FALSO;FALSO;;
2027;5536;165;MCS 488;aro - acetato;120,00;0,00;320,00;0;28-nov-07;;1;;FALSO;FALSO;;
2028;5537;165;MCS 486;;120,00;0,00;320,00;0;28-nov-07;;1;;FALSO;FALSO;;
2029;5440;157;8025;;58,30;2,92;158,00;0;28-nov-07;;2;19/12/2007;FALSO;FALSO;;
2030;5441;157;7226;;60,40;3,02;148,00;0;28-nov-07;;1;06/12/2007;FALSO;FALSO;;
2031;5442;157;6825;;64,85;3,24;228,00;0;28-nov-07;;2;15/02/2008;FALSO;FALSO;;
2032;5443;157;6925;;64,85;3,24;220,00;0;28-nov-07;;2;27/06/2008;FALSO;FALSO;194;
2033;5444;157;6826;;64,85;3,24;210,00;0;28-nov-07;;2;04/01/2008;FALSO;FALSO;;
2034;5445;157;6725;;57,88;2,89;210,00;0;28-nov-07;;2;01/07/2008;FALSO;FALSO;;
2036;5446;157;7850;;57,54;2,88;198,00;0;28-nov-07;;2;;FALSO;FALSO;;
2037;5447;157;7429;;64,18;3,21;210,00;0;28-nov-07;;2;04/04/2008;FALSO;FALSO;;
2038;5448;157;7925;;46,37;2,32;178,00;0;28-nov-07;;2;17/03/2008;FALSO;FALSO;;
2039;5449;157;7430;;64,18;3,21;210,00;0;28-nov-07;;2;17/04/2008;FALSO;FALSO;57;
2040;5450;157;7100;;57,88;2,89;210,00;0;28-nov-07;;2;03/03/2008;FALSO;FALSO;;
2041;5451;157;9527;;45,86;2,29;190,00;0;28-nov-07;;2;28/01/2008;FALSO;FALSO;;
2043;2468;29;Lentes 4018 small;;0,00;0,00;300,00;0;28-nov-07;;3;;FALSO;FALSO;;
2044;2469;29;Lentes 4033 8G;;0,00;0,00;300,00;0;28-nov-07;;3;;FALSO;FALSO;;
2045;1863;22;RB 3211   004/13 138;;190,90;28,64;490,00;0;29-nov-07;;1;11/12/2007;FALSO;FALSO;;
2046;1864;22;RB 3211 006/71 132;;190,90;28,64;490,00;0;29-nov-07;;1;03/12/2007;FALSO;FALSO;;
2047;1865;22;RB 3211   006/8G   small 3N;;220,57;33,09;558,00;0;29-nov-07;;1;;FALSO;FALSO;;
2048;1866;22;RB 3267 003/8G 6413;;237,60;35,64;578,00;0;29-nov-07;;1;30/06/2008;FALSO;FALSO;;
2049;1867;22;RB 3274   003/8G 130;;219,05;32,86;560,00;0;29-nov-07;;1;05/09/2008;FALSO;FALSO;;
2050;1868;22;RB 3274   004/71;;208,10;31,22;528,00;0;29-nov-07;;1;;FALSO;FALSO;;
2051;1869;22;RB 3293   003/8G 6713;;225,72;33,86;578,00;0;29-nov-07;;1;;FALSO;FALSO;;
2052;1870;22;RB 3293   006/71 6713;;225,72;33,86;578,00;0;29-nov-07;;1;01/02/2008;FALSO;FALSO;;
2053;1871;22;RB 3293   003/8Z 6313;;225,72;33,86;578,00;0;29-nov-07;;1;07/12/2007;FALSO;FALSO;;
2055;1872;22;RB 3311   003/8G 0133;;234,32;35,15;598,00;0;29-nov-07;;1;24/12/2007;FALSO;FALSO;;
2056;1873;22;RB 3324   006;;225,72;33,86;578,00;0;29-nov-07;;1;;FALSO;FALSO;;
2057;1874;22;RB 4105   601;aro - acetato;242,92;36,44;618,00;0;29-nov-07;;1;;FALSO;FALSO;;
2058;4577;128;Varilux Confort;;221,16;0,00;0,00;0;06-dez-07;;3;;FALSO;FALSO;;
2059;2374;28;5491/S RVZON 110;;537,00;0,00;0,00;0;07-dez-07;;1;07/12/2007;FALSO;FALSO;;
2060;406;15;GU 3647ST BLK3 S;;129,00;0,00;0,00;0;07-dez-07;;1;17/06/2008;FALSO;FALSO;;
2062;5550;168;Acetato;;18,00;0,00;0,00;0;07-dez-07;;1;07/12/2007;FALSO;FALSO;;
2063;5452;157;7003;;60,40;3,02;210,00;0;07-dez-07;;2;;FALSO;FALSO;;
2064;5453;157;7000;;60,40;3,02;210,00;0;07-dez-07;;2;;FALSO;FALSO;;
2065;5454;157;7225;;60,40;3,02;210,00;0;07-dez-07;;2;;FALSO;FALSO;;
2066;3794;85;6600;;46,03;2,30;118,00;0;07-dez-07;;2;03/04/2008;FALSO;FALSO;;
2067;3795;85;6302;;45,53;2,28;118,00;0;07-dez-07;;2;14/08/2008;FALSO;FALSO;;
2068;3796;85;6300;;45,53;2,28;118,00;0;07-dez-07;;2;13/12/2007;FALSO;FALSO;;
2069;3797;85;6201;;47,63;2,38;128,00;0;07-dez-07;;2;04/03/2008;FALSO;FALSO;463;
2070;3798;85;5902;;45,95;2,30;118,00;0;07-dez-07;;2;;FALSO;FALSO;;
2071;3799;85;5975;;41,92;2,10;118,00;0;07-dez-07;;2;;FALSO;FALSO;;
2072;3800;85;5901;;45,95;2,30;118,00;0;07-dez-07;;2;;FALSO;FALSO;60;
2073;3801;85;5951;;41,92;2,10;118,00;0;07-dez-07;;2;;FALSO;FALSO;;
2075;2641;33;Ghost 6715 120 PA 9688;;110,80;0,00;0,00;0;07-dez-07;;1;10/07/2008;FALSO;FALSO;;
2076;2642;33;Legend 140 120 AS 8747 D3;aro - acetato;0,00;0,00;318,00;0;07-dez-07;;1;;FALSO;FALSO;;
2077;2643;33;Fight 164 116 PA 9706;;0,00;0,00;318,00;0;07-dez-07;;1;;FALSO;FALSO;;
2078;2644;33;Fox 63 18 128 SA 8566;;0,00;0,00;0,00;0;07-dez-07;;1;;FALSO;FALSO;;
2079;2645;33;Vision x 6717 128 AS 8300;meio - acetato;0,00;0,00;0,00;0;07-dez-07;;1;;FALSO;FALSO;;
2081;5553;170;No sink 6717 120 PA 6533;;0,00;0,00;0,00;0;07-dez-07;;1;;FALSO;FALSO;;
2082;5554;170;Bomboa 131 119 AS 8749 D3;aro - acetato;0,00;0,00;0,00;0;07-dez-07;;1;;FALSO;FALSO;;
2083;5555;170;Plugged 6318 120 AS 87 55 D3;aro - acetato;0,00;0,00;0,00;0;07-dez-07;;1;;FALSO;FALSO;;
2084;5556;170;Killan Kat 136 121 MA 3174 T15;;0,00;0,00;0,00;0;07-dez-07;;1;;FALSO;FALSO;;
2085;5557;170;Voice 6218 122 SA86 34D1;;0,00;0,00;0,00;0;07-dez-07;;1;;FALSO;FALSO;;
2086;3622;49;Mascara Metal;másc - metal;38,00;0,00;130,00;0;07-dez-07;;1;22/12/2007;FALSO;FALSO;;
2087;3659;50;VL 46;;78,00;0,00;249,00;0;10-dez-07;;2;10/12/2007;FALSO;FALSO;;
2088;4578;128;Bifocal Ultex Trans AR;;263,84;0,00;0,00;0;12-dez-07;;1;;FALSO;FALSO;;
2089;4579;128;Varilux Pix Trans;;609,46;0,00;0,00;0;12-dez-07;;3;12/12/2007;FALSO;FALSO;;
2090;4153;102;Acetato;aro - acetato;79,00;0,00;320,00;0;15-dez-07;;1;22/04/2008;FALSO;FALSO;;
2091;4580;128;VS AR Curva 8;;35,22;0,00;0,00;0;17-dez-07;;3;;FALSO;FALSO;;
2093;5538;165;MCS 490;aro - acetato;120,00;0,00;320,00;0;18-dez-07;;1;;FALSO;FALSO;;
2094;5529;164;MTS 329;;86,40;12,96;320,00;0;18-dez-07;;1;28/05/2008;FALSO;FALSO;;
2095;5539;165;MCS 492;;120,00;0,00;320,00;0;18-dez-07;;1;30/07/2008;FALSO;FALSO;;
2096;5520;163;HCS 378 COR 03;;120,00;0,00;320,00;0;18-dez-07;;1;22/01/2008;FALSO;FALSO;;
2097;5530;164;MTS 329 COR 4;;0,00;0,00;320,00;0;18-dez-07;;1;;FALSO;FALSO;;
2098;4581;128;Stylis 1.67;;418,00;0,00;0,00;0;18-dez-07;;3;;FALSO;FALSO;;
2099;36;6;DG 5021 B;;335,00;0,00;804,00;0;18-dez-07;;2;18/12/2007;FALSO;FALSO;;
2100;4582;128;PG Sunsensors;;105,00;0,00;0,00;0;19-dez-07;;3;28/04/2008;FALSO;FALSO;;
2101;4583;128;VS Poli Teflon;;168,90;0,00;0,00;0;19-dez-07;;3;05/09/2008;FALSO;FALSO;;
2102;4584;128;VIP Compact;;75,70;0,00;0,00;0;21-dez-07;;3;13/08/2008;FALSO;FALSO;;
2103;5490;159;LHS 04336;;38,50;0,00;0,00;0;22-dez-07;;1;22/12/2007;FALSO;FALSO;;
2104;407;15;GU 6360;;142,00;0,00;580,00;0;07-jan-08;;1;;FALSO;FALSO;;
2105;4585;128;VS Poli curva 8;;180,52;0,00;0,00;0;14-jan-08;;3;;FALSO;FALSO;;
2106;2646;33;Wild 812843;;136,00;0,00;0,00;0;14-jan-08;;2;14/01/2008;FALSO;FALSO;;
2108;4586;128;Poli Solar curva 8;;0,00;0,00;0,00;0;16-jan-08;;3;;FALSO;FALSO;;
2109;4587;128;VS Degradê Marrom curva 8;;11,12;0,00;0,00;0;16-jan-08;;3;;FALSO;FALSO;;
2110;1376;19;SPIKE   05 958;;360,00;0,00;935,00;0;16-jan-08;;1;10/04/2008;FALSO;FALSO;;
2111;4588;128;HS 1.50;;31,70;0,00;0,00;0;21-jan-08;;3;;FALSO;FALSO;;
2112;4589;128;HSE 1.56;;127,50;0,00;0,00;0;21-jan-08;;3;;FALSO;FALSO;;
2113;3496;37;clip on;;18,00;0,00;0,00;0;25-jan-08;;2;17/04/2008;FALSO;FALSO;351;
2114;4590;128;VS MAR 1.50 A.R. (SOLA);;0,00;0,00;0,00;0;09-fev-08;;3;;FALSO;FALSO;;
2115;4591;128;Varilux Pix AR;;221,18;0,00;0,00;0;09-fev-08;;3;06/08/2008;FALSO;FALSO;;
2116;3497;37;Aro Metal Polarizado;aro - metal;35,00;0,00;180,00;0;11-fev-08;;1;08/08/2008;FALSO;FALSO;;
2117;2470;29;VE 3058B 405 135;;400,00;0,00;957,14;0;15-fev-08;;2;;FALSO;FALSO;16;
2118;2471;29;VE 3059 163 130;;0,00;0,00;957,14;0;15-fev-08;;2;;FALSO;FALSO;;
2119;2472;29;VE 3067B 405 130;;410,00;0,00;1.209,60;0;15-fev-08;;2;;FALSO;FALSO;219;
2120;2473;29;VE 3052B 163 165;;0,00;0,00;922,32;0;15-fev-08;;2;;FALSO;FALSO;;
2121;1875;22;RB 3267 006/71 Large;;269,00;0,00;578,00;0;15-fev-08;;1;;FALSO;FALSO;;
2122;4592;128;Hoya Argos 1.5 14 mm AR;;164,70;0,00;0,00;0;21-fev-08;;3;18/08/2008;FALSO;FALSO;;
2123;868;1;AH 9035 C63;aro - acetato;0,00;0,00;0,00;0;22-fev-08;;1;;FALSO;FALSO;;
2124;869;1;AH9039 AD1;aro - acetato;0,00;0,00;537,00;0;22-fev-08;;1;;FALSO;FALSO;;
2125;5491;159;LHS 04005 CR;aro - metal;107,00;0,00;258,00;-1;22-fev-08;;1;;FALSO;FALSO;;
2127;5492;159;LHS 04363;;;;0,00;0;22-fev-08;;1;18/07/2008;FALSO;FALSO;;
2128;5493;159;LHS 04356;aro - acetato;107,00;0,00;258,00;0;22-fev-08;;1;;FALSO;FALSO;;
2129;5494;159;LHS 04362;;;;258,00;0;22-fev-08;;1;;FALSO;FALSO;;
2130;5495;159;LHS 04004;;107,00;0,00;258,00;0;22-fev-08;;1;;FALSO;FALSO;;
2131;5496;159;LHS 04341;aro - acetato;;;258,00;0;22-fev-08;;1;;FALSO;FALSO;;
2133;5497;159;LHS T022;meia - acetato;;;258,00;0;22-fev-08;;1;;FALSO;FALSO;;
2134;2474;29;VE 4089 GB1/87;;;;0,00;0;22-fev-08;;1;26/03/2008;FALSO;FALSO;;
2135;2475;29;VB 2057 1001/71;;;;0,00;0;22-fev-08;;1;26/05/2008;FALSO;FALSO;;
2136;3660;50;VL 115;;;;0,00;0;22-fev-08;;1;;FALSO;FALSO;;
2137;3661;50;VL 154;;;;0,00;0;22-fev-08;;1;;FALSO;FALSO;;
2138;2618;32;SH 1548;;;;0,00;0;22-fev-08;;1;21/07/2008;FALSO;FALSO;;
2139;1377;19;WARDEN 05 943 - Pol.;;394,80;0,00;885,00;0;22-fev-08;;1;;FALSO;FALSO;;
2140;1378;19;WARDEN 05 942 Gold;;332,00;0,00;725,00;0;22-fev-08;;1;29/02/2008;FALSO;FALSO;;
2141;711;16;KHAOS FUME/MARROM;másc - acetato;125,65;18,85;320,00;0;04-mar-08;;1;;FALSO;FALSO;0;
2142;1379;19;EYEPATCH  03 571;aro - acetato;173,91;26,09;440,00;0;12-mar-08;;1;;FALSO;FALSO;;
2143;1380;19;EYEPATCH  03 573;;173,91;26,09;440,00;0;12-mar-08;;1;04/09/2008;FALSO;FALSO;;
2145;1381;19;RADAR  LOCK OO9181-12;Parafusada;;;826,00;0;12-mar-08;;1;07/07/2008;FALSO;FALSO;;
2146;4027;93;Parafusado;;48,00;0,00;178,00;0;18-mar-08;;2;;FALSO;FALSO;;
2147;1199;18;MO 154 col102;;55,00;0,00;210,00;0;18-mar-08;;2;;FALSO;FALSO;;
2148;5403;150;Aro;;68,00;0,00;0,00;0;25-mar-08;;1;;FALSO;FALSO;;
2149;1200;18;JOCKOS;;0,00;0,00;0,00;0;25-mar-08;;;;FALSO;FALSO;120;
2150;1201;18;MO 202;Fio - Metal;0,00;0,00;0,00;0;25-mar-08;;1;;FALSO;FALSO;;
2151;1202;18;ARPOADOR;;0,00;0,00;450,00;0;25-mar-08;;1;04/08/2008;FALSO;FALSO;;
2152;1203;18;HONKY'S;;0,00;0,00;450,00;0;25-mar-08;;1;;FALSO;FALSO;;
2156;5560;175;Aro;;18,00;0,00;0,00;0;25-mar-08;;2;;FALSO;FALSO;;
2157;5562;176;21106;ARO FECHADO;18,00;0,00;218,00;0;25-mar-08;;2;;FALSO;FALSO;;
2158;5563;177;Aro;;40,00;0,00;0,00;0;25-mar-08;;2;23/05/2008;FALSO;FALSO;;
2159;5564;177;Nylon;;59,00;0,00;0,00;0;25-mar-08;;2;07/05/2008;FALSO;FALSO;362;
2162;5568;178;Aro;;0,00;0,00;0,00;0;25-mar-08;;2;;FALSO;FALSO;;
2163;5569;179;Polarizado;;35,00;0,00;250,00;0;25-mar-08;;1;;FALSO;FALSO;;
2166;1382;19;RADAR  09-680;;332,17;49,83;630,00;0;25-mar-08;;1;07/07/2008;FALSO;FALSO;;
2167;4593;128;VS AR Estoque;;15,00;0,00;90,00;0;27-mar-08;;3;14/07/2008;FALSO;FALSO;;
2168;4748;130;h4 186;;0,00;0,00;348,00;0;01-abr-08;;2;;FALSO;FALSO;;
2169;4749;130;6101E;;54,00;;218,00;0;01-abr-08;;2;02/04/2008;FALSO;FALSO;44;
2171;5572;180;23015;;38,00;0,00;189,00;0;01-abr-08;;2;09/09/2008;FALSO;FALSO;;
2172;5573;180;2104;;38,00;0,00;189,00;0;01-abr-08;;2;;FALSO;FALSO;;
2173;5574;180;20039;FIO DE NYLON;38,00;0,00;299,00;0;01-abr-08;;2;;FALSO;FALSO;;
2174;5575;180;9921;;38,00;0,00;178,00;0;01-abr-08;;2;;FALSO;FALSO;72;
2175;1876;22;RB 3244  032/8G 133;;216,70;32,50;550,00;0;08-abr-08;;1;;FALSO;FALSO;;
2176;5313;140;Acetato;;;;150,00;0;16-abr-08;;2;;FALSO;FALSO;;
2177;5551;168;Aro;;;;0,00;0;16-abr-08;;2;;FALSO;FALSO;;
2179;5577;181;Acetato;;0,00;0,00;150,00;0;16-abr-08;;2;;FALSO;FALSO;;
2180;5579;182;Acetato;;28,00;0,00;170,00;0;16-abr-08;;2;;FALSO;FALSO;277;
2181;4594;128;Hoya Argos 1.5 14 mm;;104,80;0,00;0,00;0;22-abr-08;;3;02/09/2008;FALSO;FALSO;;
2182;5581;183;Fio de Nylon;;15,00;;128,00;0;25-abr-08;;2;;FALSO;FALSO;174;
2183;4595;128;Dinamic 1.61;;99,00;0,00;0,00;0;28-abr-08;;3;;FALSO;FALSO;;
2184;4596;128;Solaone Trans AR;;483,47;0,00;0,00;0;28-mai-08;;;19/08/2008;FALSO;FALSO;;
2185;3807;86;Aro;;36,00;0,00;0,00;0;03-jun-08;;2;28/07/2008;FALSO;FALSO;;
2186;4597;128;Solaone;;105,46;0,00;0,00;0;03-jun-08;;3;11/08/2008;FALSO;FALSO;;
2187;4598;128;Space Crisal Alizé;;193,70;0,00;0,00;0;09-jun-08;;3;;FALSO;FALSO;;
2188;408;15;GU 1276-50 BRN;;155,00;7,75;390,60;0;17-jun-08;;2;;FALSO;FALSO;;
2189;409;15;GU 1387-51 BLK;;139,00;6,95;350,00;0;17-jun-08;;2;;FALSO;FALSO;118;
2190;410;15;GU 1387-51 DKBRN;;139,00;6,95;350,00;0;17-jun-08;;2;;FALSO;FALSO;118;
2191;411;15;GU 1389-51 BRN;;139,00;6,95;350,00;0;17-jun-08;;2;;FALSO;FALSO;488;
2192;412;15;GU 1433-52 BRN;;179,00;8,95;450,00;0;17-jun-08;;2;03/07/2008;FALSO;FALSO;;
2193;413;15;GU 1462-49 PUR;;159,00;7,95;499,00;0;17-jun-08;;2;01/09/2008;FALSO;FALSO;122;
2194;414;15;GU 1463-50 LBRN;;159,00;7,95;522,00;0;17-jun-08;;2;;FALSO;FALSO;17;
2195;415;15;GU 1481ST -51 BLK;;179,00;8,95;580,00;0;17-jun-08;;2;31/07/2008;FALSO;FALSO;;
2196;416;15;GU 1482ST -50BLK;;179,00;8,95;580,00;0;17-jun-08;;2;08/09/2008;FALSO;FALSO;;
2197;417;15;GU 1488ST-51-BLK;;179,00;8,95;580,00;0;17-jun-08;;2;03/09/2008;FALSO;FALSO;;
2199;418;15;GU 1488ST 51 SI;;179,00;8,95;588,00;0;17-jun-08;;2;27/08/2008;FALSO;FALSO;;
2200;419;15;GU 1489-51-BRN;;159,00;7,95;499,00;0;17-jun-08;;2;;FALSO;FALSO;317;
2201;420;15;GU 1499-52-BRN;;179,00;8,95;499,00;0;17-jun-08;;2;;FALSO;FALSO;;
2202;421;15;GU 1517-51 PK;;179,00;8,95;499,00;0;17-jun-08;;2;31/07/2008;FALSO;FALSO;;
2203;422;15;GU 1519-51BRN;;179,00;8,95;499,00;0;17-jun-08;;2;27/06/2008;FALSO;FALSO;;
2204;423;15;GU 1534-51 PUR;;159,00;7,95;499,00;0;17-jun-08;;2;;FALSO;FALSO;;
2205;424;15;GU 1537-51 BRN;;139,00;6,95;499,00;0;17-jun-08;;2;03/07/2008;FALSO;FALSO;;
2206;425;15;GU 1537-51 PK;;139,00;6,95;510,00;0;17-jun-08;;2;17/06/2008;FALSO;FALSO;;
2207;426;15;GU 1538-52-LBRN;;139,00;6,95;522,00;0;17-jun-08;;2;;FALSO;FALSO;42;
2208;427;15;GU 1538ST-52-SI;;159,00;7,95;522,00;0;17-jun-08;;2;30/07/2008;FALSO;FALSO;42;
2209;428;15;GU 1539-51 BRN;;139,00;6,95;522,00;0;17-jun-08;;2;09/07/2008;FALSO;FALSO;141;
2210;429;15;GU 1539-51-SI;;143,65;7,18;555,00;0;17-jun-08;;2;24/06/2008;FALSO;FALSO;141;
2211;430;15;GU 1546-52 BLKTO;;179,00;8,95;580,00;0;17-jun-08;;2;;FALSO;FALSO;847;
2212;431;15;GU 1434-50PUR;;179,00;8,95;580,00;0;17-jun-08;;2;;FALSO;FALSO;;
2213;432;15;GU 1501-52-TO;;179,00;8,95;580,00;0;17-jun-08;;2;;FALSO;FALSO;208;
2214;433;15;GU 6281-57-GLD-2;;129,00;19,35;325,00;0;17-jun-08;;1;18/07/2008;FALSO;FALSO;;
2215;434;15;GU 6340-69-BLK-3;;129,00;19,35;328,00;0;17-jun-08;;1;15/09/2008;FALSO;FALSO;;
2216;435;15;GU 6341-64-BLK-3;;139,00;20,85;350,00;0;17-jun-08;;1;01/09/2008;FALSO;FALSO;;
2217;436;15;GU 3648-60-GLD-1;;159,00;23,85;400,00;0;17-jun-08;;1;;FALSO;FALSO;;
2218;437;15;GU 6350-60-GLD-1;aro - metal;159,00;23,85;400,00;0;17-jun-08;;1;;FALSO;FALSO;;
2219;438;15;GU 6367-65-BLK-3;;149,00;22,35;379,00;0;17-jun-08;;1;;FALSO;FALSO;;
2220;439;15;GU 6367-65-BRN-1;;149,00;22,35;378,00;0;17-jun-08;;1;;FALSO;FALSO;;
2222;1877;22;RB 3267 003/8G 6913;;237,60;35,64;600,00;0;17-jun-08;;1;23/06/2008;FALSO;FALSO;;
2223;440;15;GU 1462-49-SPK;;159,00;7,95;522,00;0;25-jun-08;;2;26/06/2008;FALSO;FALSO;122;
2224;441;15;GU 1539ST-51-PK;;152,15;7,61;555,00;0;25-jun-08;;2;14/07/2008;FALSO;FALSO;141;
2225;5582;184;4301-1895;;49,69;2,48;248,00;0;30-jun-08;;2;;FALSO;FALSO;8;
2226;5583;184;4304-1894;;51,33;2,57;257,00;0;30-jun-08;;2;05/08/2008;FALSO;FALSO;;
2227;5584;184;4326-1894;;52,40;2,62;262,00;0;30-jun-08;;2;01/08/2008;FALSO;FALSO;;
2228;5585;184;4325-2287;;50,72;2,54;254,00;0;30-jun-08;;2;14/07/2008;FALSO;FALSO;;
2229;5586;184;4326-2287;;52,40;2,62;262,00;0;30-jun-08;;2;22/08/2008;FALSO;FALSO;;
2231;5587;184;4326-2287;;52,40;2,62;262,00;0;30-jun-08;;2;;FALSO;FALSO;;
2232;5588;184;5025-2575;;62,25;3,11;311,00;0;30-jun-08;;2;17/07/2008;FALSO;FALSO;142;
2233;5589;184;5026-2573;;64,37;3,22;322,00;0;30-jun-08;;2;08/07/2008;FALSO;FALSO;78;
2234;5590;184;5126-2797;;54,27;2,71;271,00;0;30-jun-08;;2;02/07/2008;FALSO;FALSO;56;
2235;5591;184;5127-2799;;56,09;2,71;271,00;0;30-jun-08;;2;04/07/2008;FALSO;FALSO;;
2236;5592;184;5225-2802;;54,53;2,73;273,00;0;30-jun-08;;2;;FALSO;FALSO;;
2237;5593;184;5227-2800;;54,53;2,73;273,00;0;30-jun-08;;2;;FALSO;FALSO;;
2238;5594;184;5226-2801;;52,69;2,63;263,00;0;30-jun-08;;2;01/07/2008;FALSO;FALSO;29;
2241;5595;184;5325-3033;;50,72;2,54;254,00;0;30-jun-08;;2;15/08/2008;FALSO;FALSO;;
2242;5596;184;5327-3032;;50,72;2,54;254,00;0;30-jun-08;;2;07/07/2008;FALSO;FALSO;;
2243;5597;184;5327-3033;;52,40;2,62;262,00;0;30-jun-08;;2;;FALSO;FALSO;;
2244;5598;184;5325-3361;;50,72;2,54;254,00;0;30-jun-08;;2;;FALSO;FALSO;;
2245;5599;184;5326-3361;;52,40;2,62;262,00;0;30-jun-08;;2;09/07/2008;FALSO;FALSO;;
2246;5600;184;5726-3520;;52,30;2,62;262,00;0;30-jun-08;;2;08/07/2008;FALSO;FALSO;21;
2249;5601;184;5726-3519;;52,30;2,62;262,00;0;30-jun-08;;2;;FALSO;FALSO;21;
2250;5602;184;5727-3520;;52,30;2,62;262,00;0;30-jun-08;;2;18/08/2008;FALSO;FALSO;;
2251;5603;184;0201-3852;;59,37;2,97;297,00;0;30-jun-08;;2;29/07/2008;FALSO;FALSO;;
2252;5604;184;0300-3847;;61,99;3,10;310,00;0;30-jun-08;;2;;FALSO;FALSO;;
2253;5605;184;0301-3848;;61,99;3,10;310,00;0;30-jun-08;;2;;FALSO;FALSO;427;
2254;5606;184;0100-3953;;58,47;2,92;292,00;0;30-jun-08;;2;29/08/2008;FALSO;FALSO;655;
2255;5607;184;6125-3967;;55,14;2,76;276,00;0;12-ago-08;;2;15/07/2008;FALSO;FALSO;97;
2256;5608;184;6126-3968;;55,14;2,76;276,00;0;12-ago-08;;2;04/07/2008;FALSO;FALSO;20;\\TATI\Programa\FOTOS\6126-3968.jpg
2257;5609;184;6126-3969;;56,99;2,85;285,00;0;30-jun-08;;2;;FALSO;FALSO;20;
2258;5610;184;5702-3519;;50,72;2,54;254,00;0;12-ago-08;;2;19/08/2008;FALSO;FALSO;;
2259;5611;184;6225-4101;;54,35;2,72;272,00;0;12-ago-08;;2;08/07/2008;FALSO;FALSO;3;
2260;5612;184;6226-4100;;54,35;2,72;272,00;0;12-ago-08;;2;18/08/2008;FALSO;FALSO;62;
2261;5613;184;6226-4102;;54,35;2,72;272,00;0;12-ago-08;;2;06/09/2008;FALSO;FALSO;62;
2262;5614;184;6227-4101;;56,17;2,81;281,00;0;30-jun-08;;2;;FALSO;FALSO;12;
2263;5615;184;0500-4130;;65,19;3,26;326,00;0;30-jun-08;;2;;FALSO;FALSO;;
2264;5616;184;0700-4296;;61,91;3,10;310,00;0;30-jun-08;;2;;FALSO;FALSO;;
2265;5617;184;0701-4298;;61,91;3,10;310,00;0;30-jun-08;;2;;FALSO;FALSO;311;
2266;5618;184;0702-4299;;59,88;2,99;299,00;0;12-ago-08;;2;;FALSO;FALSO;26;
2267;5619;184;5326-4386;;52,40;2,62;262,00;0;30-jun-08;;2;;FALSO;FALSO;;
2268;5620;184;5702-4387;;50,72;2,54;254,00;0;30-jun-08;;2;10/07/2008;FALSO;FALSO;;
2269;5621;184;6125-4390;;55,14;2,76;276,00;0;12-ago-08;;2;04/07/2008;FALSO;FALSO;97;
2270;5622;184;6227-4392;;54,35;2,72;272,00;0;12-ago-08;;2;27/08/2008;FALSO;FALSO;12;
2271;2619;32;VH 1042 568;;0,00;0,00;0,00;0;02-jul-08;;1;;FALSO;FALSO;;
2272;2620;32;SH 1040 530;;341,00;51,15;884,40;0;02-jul-08;;1;;FALSO;FALSO;;
2273;5276;137;BROOKLING;aro - acetato;43,00;6,45;190,00;0;02-jul-08;;1;;FALSO;FALSO;;
2274;5277;137;RUSH;aro - acetato;43,00;6,45;150,00;0;02-jul-08;;1;;FALSO;FALSO;;
2275;4599;128;Varilux Panamic;;329,42;0,00;0,00;0;04-jul-08;;3;;FALSO;FALSO;;
2276;712;16;M0803 105;;99,60;0,00;480,00;0;09-jul-08;;2;;FALSO;FALSO;16;
2277;713;16;M0806 136;FIO DE NYLON;99,60;0,00;510,00;0;09-jul-08;;2;;FALSO;FALSO;53;
2278;714;16;M0807 007;;119,60;0,00;480,00;0;09-jul-08;;2;;FALSO;FALSO;11;
2279;715;16;M0803 115;;99,60;0,00;480,00;0;09-jul-08;;2;06/08/2008;FALSO;FALSO;16;
2280;716;16;M0803 002;;99,60;0,00;480,00;0;09-jul-08;;2;;FALSO;FALSO;16;
2281;717;16;M0807 140;;119,60;0,00;480,00;0;09-jul-08;;2;;FALSO;FALSO;11;
2282;718;16;M0807 105;;119,60;0,00;480,00;0;09-jul-08;;2;;FALSO;FALSO;11;
2283;719;16;M0803 001;;99,60;0,00;480,00;0;09-jul-08;;2;;FALSO;FALSO;16;
2284;720;16;M0807;;119,60;0,00;480,00;0;09-jul-08;;2;;FALSO;FALSO;11;
2285;721;16;M0806 001;;119,60;0,00;490,00;0;09-jul-08;;2;;FALSO;FALSO;53;
2286;722;16;M0806 002;;96,82;14,52;480,00;0;09-jul-08;;2;;FALSO;FALSO;53;
2287;3498;37;serviços;;0,00;0,00;0,00;-25;09-jul-08;;4;;FALSO;FALSO;;
2288;4600;128;Optilux 14;;69,00;0,00;145,00;0;15-jul-08;;3;27/08/2008;FALSO;FALSO;;
2289;5656;186;2526-3119;;54,61;2,73;280,00;0;17-jul-08;;2;;FALSO;FALSO;192;
2290;5657;186;2526-3121;;54,61;2,73;280,00;0;17-jul-08;;2;;FALSO;FALSO;167;
2291;5658;186;2625-3243;;55,19;2,76;290,00;0;17-jul-08;;2;;FALSO;FALSO;;
2292;5659;186;2627-3243;;55,19;2,76;290,00;0;17-jul-08;;2;18/08/2008;FALSO;FALSO;230;
2293;5660;186;2627-3245;;55,19;2,76;290,00;0;17-jul-08;;2;;FALSO;FALSO;230;
2294;5661;186;2825-3575;;57,73;2,89;299,00;0;17-jul-08;;2;;FALSO;FALSO;94;
2295;5662;186;2825-3576;;57,73;2,89;299,00;0;17-jul-08;;2;18/08/2008;FALSO;FALSO;94;
2296;5663;186;2827-3575;;57,73;2,89;299,00;0;17-jul-08;;2;;FALSO;FALSO;669;
2297;5664;186;2826-3574;;38,00;0,00;299,00;0;17-jul-08;;2;;FALSO;FALSO;;
2298;5665;186;2826-3575;;57,73;2,89;299,00;0;17-jul-08;;2;;FALSO;FALSO;;
2299;5666;186;2925-3611;;53,55;2,68;285,00;0;17-jul-08;;2;;FALSO;FALSO;169;
2300;5667;186;2925-3612;;53,55;2,68;285,00;0;17-jul-08;;2;24/07/2008;FALSO;FALSO;169;
2301;5668;186;2926-3609;;53,55;2,68;285,00;0;17-jul-08;;2;;FALSO;FALSO;105;
2302;5683;187;3126-3688;;48,87;2,44;239,00;0;17-jul-08;;2;01/08/2008;FALSO;FALSO;;
2303;5669;186;3000-3714;;56,25;2,81;285,00;0;17-jul-08;;2;;FALSO;FALSO;;
2304;5670;186;3225-3932;;58,55;2,93;299,00;0;17-jul-08;;2;;FALSO;FALSO;;
2305;5671;186;3225-3934;;58,55;2,93;299,00;0;17-jul-08;;2;;FALSO;FALSO;;
2306;5672;186;3226-3932;;58,55;2,93;299,00;0;17-jul-08;;2;;FALSO;FALSO;51;
2307;5673;186;3226-3935;;58,55;2,93;299,00;0;17-jul-08;;2;06/08/2008;FALSO;FALSO;51;
2308;5674;186;2625-3963;;55,19;2,76;280,00;0;17-jul-08;;2;30/07/2008;FALSO;FALSO;;
2309;5675;186;2627-3963;;55,19;2,76;285,00;0;17-jul-08;;2;08/09/2008;FALSO;FALSO;230;
2310;5676;186;3025-3712;;57,65;2,88;290,00;0;17-jul-08;;2;;FALSO;FALSO;;
2311;5677;186;3025-3714;;57,65;2,88;285,00;0;17-jul-08;;2;;FALSO;FALSO;126;
2312;5678;186;3326-4239;;55,51;2,78;280,00;0;17-jul-08;;2;10/09/2008;FALSO;FALSO;95;
2313;5679;186;3326-4241;;55,51;2,78;285,00;0;17-jul-08;;2;;FALSO;FALSO;95;
2314;5680;186;3327-4239;;55,51;2,78;285,00;0;17-jul-08;;2;;FALSO;FALSO;27;
2315;5681;186;3327-4240;;55,51;2,78;285,00;0;17-jul-08;;2;08/09/2008;FALSO;FALSO;27;
2316;5682;186;3352-4255;;55,19;2,76;285,00;0;17-jul-08;;2;;FALSO;FALSO;;
2317;5684;187;0704-1498;;43,30;2,17;230,00;0;17-jul-08;;2;;FALSO;FALSO;144;
2318;5685;187;0704-1499;;43,30;2,17;230,00;0;17-jul-08;;2;;FALSO;FALSO;144;
2319;5686;187;1127-1363;;43,30;2,17;230,00;0;17-jul-08;;2;;FALSO;FALSO;;
2320;5687;187;1128-1361;;43,30;2,17;230,00;0;17-jul-08;;2;;FALSO;FALSO;73;
2321;5688;187;1227-1498;;43,30;2,17;230,00;0;17-jul-08;;2;15/09/2008;FALSO;FALSO;307;
2322;5689;187;1228-1754;;43,30;2,17;230,00;0;17-jul-08;;2;11/09/2008;FALSO;FALSO;;
2323;5690;187;1229-1498;;43,30;2,17;230,00;0;17-jul-08;;2;;FALSO;FALSO;;
2324;5691;187;2025-2639;;44,61;2,23;235,00;0;17-jul-08;;2;15/08/2008;FALSO;FALSO;;
2325;5692;187;2101-2642;;43,05;2,15;230,00;0;17-jul-08;;2;;FALSO;FALSO;15;
2326;5693;187;2125-2642;;44,61;2,23;235,00;0;17-jul-08;;2;10/09/2008;FALSO;FALSO;;
2327;5694;187;2126-2640;;44,61;2,23;235,00;0;17-jul-08;;2;;FALSO;FALSO;;
2328;5695;187;2100-2640;;43,05;2,15;229,00;0;17-jul-08;;2;;FALSO;FALSO;;
2329;5696;187;2401-2828;;43,95;2,20;235,00;0;17-jul-08;;2;;FALSO;FALSO;;
2330;5697;187;2526-3025;;43,95;2,20;235,00;0;17-jul-08;;2;01/08/2008;FALSO;FALSO;;
2331;5698;187;2626-3081;;43,95;2,20;230,00;0;17-jul-08;;2;;FALSO;FALSO;75;
2332;5699;187;1129-1363;;43,30;2,17;229,00;0;17-jul-08;;2;11/08/2008;FALSO;FALSO;;
2333;5700;187;2825-3305;;47,81;2,39;235,00;0;17-jul-08;;2;;FALSO;FALSO;265;
2334;5701;187;2925-3453;;49,28;2,46;239,00;0;17-jul-08;;2;04/08/2008;FALSO;FALSO;;
2335;5702;187;2926-3454;;49,28;2,46;239,00;0;17-jul-08;;2;29/07/2008;FALSO;FALSO;;
2336;5703;187;3000-3603;;47,48;2,37;235,00;0;17-jul-08;;2;;FALSO;FALSO;;
2337;5704;187;3001-3601;;47,48;2,37;235,00;0;17-jul-08;;2;;FALSO;FALSO;91;
2338;5705;187;3127-3689;;48,87;2,44;239,00;0;17-jul-08;;2;;FALSO;FALSO;;
2339;5706;187;3227-3730;;46,49;2,32;229,00;0;17-jul-08;;2;11/09/2008;FALSO;FALSO;113;
2340;5707;187;3325-3960;;49,28;2,46;235,00;0;17-jul-08;;2;;FALSO;FALSO;64;
2341;5708;187;3326-3958;;49,28;2,46;235,00;0;17-jul-08;;2;;FALSO;FALSO;24;
2342;5709;187;3426-4003;;49,28;2,46;235,00;0;17-jul-08;;2;12/09/2008;FALSO;FALSO;;
2343;5710;187;3426-4004;;49,28;2,46;235,00;0;17-jul-08;;2;;FALSO;FALSO;;
2344;5711;187;3101-4215;;49,28;2,46;235,00;0;17-jul-08;;2;;FALSO;FALSO;;
2345;5712;187;3101-4217;;49,28;2,46;235,00;0;17-jul-08;;2;;FALSO;FALSO;;
2347;4601;128;Optiprime Poli;;49,90;0,00;0,00;0;21-jul-08;;3;;FALSO;FALSO;;
2348;442;15;GU 6348 GLD1;aro - metal;159,00;23,85;415,00;0;24-jul-08;;1;;FALSO;FALSO;;
2349;191;9;EA 9240/S;;210,00;0,00;624,00;0;28-jul-08;;1;;FALSO;FALSO;;
2350;1635;20;PR 74G 5AK 6S1;;;;1.090,00;0;28-jul-08;;1;;FALSO;FALSO;;
2352;4602;128;TFL Ease Clean;;71,00;0,00;0,00;0;30-jul-08;;3;30/07/2008;FALSO;FALSO;;
2353;4603;128;Space Poli;;125,00;0,00;0,00;0;06-ago-08;;3;;FALSO;FALSO;;
2354;5623;184;4450-2104;;50,48;2,52;252,00;0;12-ago-08;;2;;FALSO;FALSO;17;
2355;5624;184;5026-2575;;62,25;3,11;311,00;0;12-ago-08;;2;;FALSO;FALSO;78;
2356;5625;184;4301-1894;;49,69;2,48;248,00;0;12-ago-08;;2;05/09/2008;FALSO;FALSO;8;
2357;5626;184;5650-3293;;54,12;2,71;271,00;0;30-jun-08;;2;06/09/2008;FALSO;FALSO;;
2358;5627;184;5926-3867;;52,69;2,63;263,00;0;12-ago-08;;2;09/09/2008;FALSO;FALSO;;
2359;5628;184;5926-3870;;52,69;2,63;263,00;0;12-ago-08;;2;;FALSO;FALSO;;
2360;5629;184;6025-3904;;52,69;2,63;263,00;0;30-jun-08;;2;19/08/2008;FALSO;FALSO;;
2361;5630;184;6025-3906;;52,69;2,63;263,00;0;12-ago-08;;2;;FALSO;FALSO;974;
2362;5631;184;6026-3906;;52,69;2,63;263,00;0;12-ago-08;;2;;FALSO;FALSO;;
2363;5632;184;6125-3970;;55,14;2,76;276,00;0;12-ago-08;;2;11/09/2008;FALSO;FALSO;97;
2364;5633;184;6126-3967;;55,14;2,76;276,00;0;12-ago-08;;2;08/09/2008;FALSO;FALSO;20;
2365;5634;184;6100-3971;;53,56;2,68;268,00;0;12-ago-08;;2;;FALSO;FALSO;;
2366;5635;184;6225-4102;;54,35;2,72;272,00;0;12-ago-08;;2;15/09/2008;FALSO;FALSO;3;
2367;5636;184;6226-4103;;54,35;2,72;272,00;0;12-ago-08;;2;;FALSO;FALSO;62;
2368;5637;184;0501-4130;;63,04;3,15;315,00;0;12-ago-08;;2;;FALSO;FALSO;129;
2369;5638;184;6325-4264;;65,41;3,27;327,00;0;12-ago-08;;2;;FALSO;FALSO;153;
2370;5639;184;6325-4265;;65,41;3,27;327,00;0;12-ago-08;;2;;FALSO;FALSO;153;
2371;5640;184;6326-4262;;65,41;3,27;327,00;0;12-ago-08;;2;;FALSO;FALSO;153;
2372;5641;184;6326-4264;;65,41;3,27;327,00;0;12-ago-08;;2;;FALSO;FALSO;153;
2373;5642;184;0103-4276;;62,88;3,14;314,00;0;12-ago-08;;2;;FALSO;FALSO;354;
2374;5643;184;0103-4279;;;0,00;314,00;0;12-ago-08;;2;;FALSO;FALSO;;
2375;5644;184;0700-4298;;59,88;2,99;299,00;0;12-ago-08;;2;;FALSO;FALSO;;
2376;5645;184;0700-4299;;59,88;2,99;299,00;0;12-ago-08;;2;;FALSO;FALSO;;
2377;5646;184;6326-4391;;65,41;3,27;327,00;-1;12-ago-08;;2;;FALSO;FALSO;153;
2378;5647;184;6126-4390;;55,14;2,76;276,00;0;12-ago-08;;2;;FALSO;FALSO;20;
2379;5648;184;0600-4442;;58,86;2,94;294,00;0;12-ago-08;;2;;FALSO;FALSO;4;
2380;5649;184;6500-4522;;58,07;2,90;290,00;0;12-ago-08;;2;;FALSO;FALSO;5;
2381;5650;184;6500-4523;;58,07;2,90;290,00;0;12-ago-08;;2;15/09/2008;FALSO;FALSO;5;
2382;5651;184;6500-4524;;58,07;2,90;290,00;0;12-ago-08;;2;;FALSO;FALSO;5;
2383;5652;184;6501-4522;;58,07;2,90;290,00;0;12-ago-08;;2;;FALSO;FALSO;;
2384;5653;184;6501-4523;;58,07;2,90;290,00;0;12-ago-08;;2;;FALSO;FALSO;;
2385;5654;184;0800-4678;;58,07;2,90;290,00;0;12-ago-08;;2;;FALSO;FALSO;538;
2386;5655;184;0801-4678;;58,07;2,90;290,00;0;12-ago-08;;2;;FALSO;FALSO;;
2387;4604;128;Solaone AR;;268,61;0,00;0,00;0;18-ago-08;;3;;FALSO;FALSO;;
2388;4605;128;VARILUX XR DESING CRIZAL PREVENCIA TRANSITIONS;;700,00;0,00;0,00;0;19-set-08;;3;19/08/2008;FALSO;FALSO;;
2389;4606;128;Varilux Confort Crizal Alize;;377,98;0,00;0,00;0;19-set-08;;3;;FALSO;FALSO;;
2390;4607;128;Optilight;;18,00;0,00;160,00;0;27-ago-08;;3;13/09/2008;FALSO;FALSO;;
2391;1878;22;RB 3361 042/8G;másc - metal;242,91;36,44;675,00;1;28-ago-08;;1;;FALSO;FALSO;;
2392;1879;22;RB 3350 006/71 0133;másc - metal;242,91;36,44;614,00;0;01-set-08;;1;;FALSO;FALSO;;
2393;1880;22;RB 3349 001/13 3N;másc - metal;239,25;35,15;592,00;0;01-set-08;;1;03/09/2008;FALSO;FALSO;;
2394;1204;18;MO 207;;156,40;18,75;420,00;0;02-set-08;;2;;FALSO;FALSO;;
2395;1205;18;Floripa 97;;101,20;12,14;280,00;0;02-set-08;;2;;FALSO;FALSO;49;
2396;1206;18;MO 203;;156,40;18,75;420,00;0;02-set-08;;2;;FALSO;FALSO;;
2397;4608;128;Crizal A2;;98,00;0,00;0,00;0;03-set-08;;3;15/09/2008;FALSO;FALSO;;
2398;1881;22;RB 3025 L0205 5814;aro - metal;194,78;29,22;429,00;0;04-set-08;;1;;FALSO;FALSO;;
2399;4609;128;Superasférica Teflon;;225,30;0,00;0,00;0;05-set-08;;3;;FALSO;FALSO;;
2400;4610;128;VS Poli curva 8 AR;;139,20;0,00;0,00;0;12-set-08;;3;;FALSO;FALSO;;
2402;4611;128;Bifocal Panop Easy Clean;;103,12;0,00;0,00;0;15-set-08;;3;15/09/2008;FALSO;FALSO;;
2403;4500;127;ACUVUE Advanced;;74,00;0,00;148,00;-65;16-set-08;;3;;FALSO;FALSO;;
2404;723;16;WARPED NEO BROWN;aro - acetato;130,00;19,50;328,90;0;18-set-08;;1;;FALSO;FALSO;0;
2409;724;16;TK;másc - alum;216,96;32,54;650,00;0;18-set-08;;1;;FALSO;FALSO;0;
2410;725;16;FASTBACK;aro - acetato;86,52;12,98;239,00;0;18-set-08;;1;;FALSO;FALSO;0;
2411;4612;128;Interview;;72,22;0,00;0,00;0;03-out-08;;3;;FALSO;FALSO;0;
2413;726;16;M0805 002;;96,82;14,52;490,00;0;06-out-08;;2;;FALSO;FALSO;18;
2414;727;16;M0817 150;;122,72;18,41;480,00;0;06-out-08;;2;;FALSO;FALSO;0;
2415;728;16;M0822 153;;122,72;18,41;480,00;0;06-out-08;;2;;FALSO;FALSO;285;
2416;729;16;M0823 161;;122,72;18,41;480,00;0;06-out-08;;2;;FALSO;FALSO;0;
2417;730;16;M0805;;96,82;14,52;490,00;0;06-out-08;;2;;FALSO;FALSO;18;
2418;731;16;M0806 001;;96,82;14,52;480,00;0;06-out-08;;2;;FALSO;FALSO;53;
2419;732;16;M0818 163;;122,72;18,41;480,00;0;06-out-08;;2;;FALSO;FALSO;595;
2420;733;16;M0822 177;;122,72;18,41;480,00;0;06-out-08;;2;;FALSO;FALSO;285;
2421;734;16;M0821 160;;122,72;18,41;480,00;0;06-out-08;;2;;FALSO;FALSO;201;
2422;735;16;M0812 162;;122,72;18,41;480,00;0;06-out-08;;2;;FALSO;FALSO;0;
2423;736;16;M0823 173;;122,72;18,41;480,00;0;06-out-08;;2;;FALSO;FALSO;0;
2424;737;16;M0815 161;;122,72;18,41;480,00;0;06-out-08;;2;;FALSO;FALSO;340;
2425;738;16;M0806 139;;96,82;14,52;480,00;0;06-out-08;;2;;FALSO;FALSO;53;
2426;739;16;M.0278 47.8;aro - acetato;177,77;26,67;380,00;2;06-out-08;;2;;FALSO;FALSO;0;
2427;740;16;M0816 152;;122,72;18,41;510,00;0;06-out-08;;2;;FALSO;FALSO;93;
2428;741;16;M0812 150;;122,72;18,41;510,00;0;06-out-08;;2;;FALSO;FALSO;0;
2429;742;16;M0812 152;;122,72;18,41;480,00;0;06-out-08;;2;;FALSO;FALSO;771;
2430;743;16;M0815 159;;122,72;18,41;480,00;0;06-out-08;;2;;FALSO;FALSO;340;
2431;744;16;M0822 172;;122,72;18,41;480,00;0;06-out-08;;2;;FALSO;FALSO;285;
2432;745;16;M0821 155;;122,72;18,41;480,00;0;06-out-08;;2;;FALSO;FALSO;106;
2433;746;16;M0818 150;;122,72;18,41;480,00;0;06-out-08;;2;;FALSO;FALSO;595;
2434;747;16;M0805 142;;96,82;14,52;480,00;0;06-out-08;;2;;FALSO;FALSO;18;
2435;748;16;M0806 130;;96,82;14,52;510,00;0;06-out-08;;2;;FALSO;FALSO;53;
2436;749;16;M0812 159;;122,72;18,41;480,00;0;06-out-08;;2;;FALSO;FALSO;0;
2437;750;16;M0805 136;;193,64;29,04;480,00;0;06-out-08;;2;;FALSO;FALSO;18;
2438;751;16;M0815 166;;122,72;18,41;480,00;0;06-out-08;;2;;FALSO;FALSO;340;
2439;752;16;M0817 153;;122,72;18,41;480,00;0;06-out-08;;2;;FALSO;FALSO;0;
2440;753;16;M0821 159;;122,72;18,41;480,00;0;06-out-08;;2;;FALSO;FALSO;201;
2441;754;16;M0821 167;;122,72;18,41;480,00;0;06-out-08;;2;;FALSO;FALSO;201;
2442;755;16;M0816 160;;0,00;0,00;510,00;0;06-out-08;;2;;FALSO;FALSO;93;
2443;756;16;M0818 177;;122,72;18,41;480,00;0;06-out-08;;2;;FALSO;FALSO;595;
2444;757;16;M002B 001;;177,77;26,67;499,00;0;06-out-08;;2;;FALSO;FALSO;103;
2445;758;16;M002B 003;;122,72;18,41;380,00;0;06-out-08;;2;;FALSO;FALSO;103;
2446;443;15;GU 1432 BU;;179,00;8,98;582,00;0;07-out-08;;2;;FALSO;FALSO;293;
2447;444;15;GU 1574ST GLD 140;;229,00;11,45;621,00;0;07-out-08;;2;;FALSO;FALSO;190;
2448;445;15;GU 1572 CRY 135;;199,00;9,95;525,00;0;07-out-08;;2;;FALSO;FALSO;295;
2449;446;15;GU 1518 FUS 135;;0,00;0,00;520,00;0;07-out-08;;2;;FALSO;FALSO;0;
2450;447;15;GU 6439 TO-1 110;;179,00;26,85;459,00;0;07-out-08;;1;;FALSO;FALSO;0;
2451;4613;128;Solalight 1.67 AR;;121,60;0,00;0,00;0;08-out-08;;2;;FALSO;FALSO;0;
2452;3703;63;LIA;ARO FECHADO;48,00;0,00;312,00;0;10-out-08;;2;;FALSO;FALSO;0;
2453;3704;63;LILLY;ARO FECHADO;48,00;0,00;311,00;0;10-out-08;;2;;FALSO;FALSO;0;
2454;3705;63;KIKA;ARO FECHADO;48,00;0,00;310,00;0;10-out-08;;2;;FALSO;FALSO;0;
2455;3706;63;NATALIA 140;ARO FECHADO;48,00;0,00;347,00;0;10-out-08;;2;;FALSO;FALSO;0;
2456;4154;102;312;FIO DE NYLON;38,00;0,00;158,00;0;10-out-08;;2;;FALSO;FALSO;791;
2457;4155;102;368;ARO FECHADO;38,00;0,00;244,00;0;10-out-08;;2;;FALSO;FALSO;337;
2458;3707;63;WILL 424;ARO FECHADO;48,00;0,00;307,00;0;10-out-08;;2;;FALSO;FALSO;1044;
2459;3885;92;K 7522;FIO DE NYLON;38,00;0,00;240,00;0;10-out-08;;2;;FALSO;FALSO;374;
2460;3708;63;104;ARO FECHADO;48,00;0,00;310,00;0;10-out-08;;2;;FALSO;FALSO;0;
2461;3709;63;562;ARO FECHADO;48,00;0,00;310,00;0;10-out-08;;2;;FALSO;FALSO;0;
2462;4489;126;402;ARO FECHADO;58,00;0,00;278,00;0;10-out-08;;2;;FALSO;FALSO;0;
2463;3886;92;K 7300;FIO DE NYLON;38,00;0,00;158,00;0;10-out-08;;2;;FALSO;FALSO;0;
2464;3887;92;K 6979;FIO DE NYLON;38,00;0,00;158,00;0;10-out-08;;2;;FALSO;FALSO;67;
2465;3888;92;K 6662;;38,00;0,00;158,00;0;10-out-08;;2;;FALSO;FALSO;0;
2466;3889;92;K 5925;FIO DE NYLON;38,00;0,00;248,00;0;10-out-08;;2;;FALSO;FALSO;0;
2467;3890;92;K 6645;;38,00;0,00;158,00;0;10-out-08;;2;;FALSO;FALSO;0;
2468;3891;92;K 7396;;38,00;0,00;158,00;0;10-out-08;;2;;FALSO;FALSO;0;
2469;3892;92;K 7120;;38,00;0,00;158,00;0;10-out-08;;2;;FALSO;FALSO;0;
2470;3893;92;K 7043;;38,00;0,00;158,00;0;10-out-08;;2;;FALSO;FALSO;58;
2473;5713;189;7026;FIO DE NYLON;48,00;0,00;503,00;0;10-out-08;;2;;FALSO;FALSO;0;
2474;3894;92;K 6718;;38,00;0,00;158,00;0;10-out-08;;2;;FALSO;FALSO;151;
2475;5414;152;89114;;38,00;0,00;180,00;0;10-out-08;;2;;FALSO;FALSO;0;
2476;5415;152;F59;;38,00;0,00;180,00;0;10-out-08;;2;;FALSO;FALSO;101;
2477;5416;152;A305;;38,00;0,00;180,00;0;10-out-08;;2;;FALSO;FALSO;0;
2478;5417;152;S5114;ARO FECHADO;38,00;0,00;315,00;0;10-out-08;;2;;FALSO;FALSO;426;
2479;5418;152;S5116;ARO FECHADO;38,00;0,00;243,00;0;10-out-08;;2;;FALSO;FALSO;88;
2480;5419;152;S5110;ARO FECHADO;38,00;0,00;249,00;0;10-out-08;;2;;FALSO;FALSO;0;
2481;5420;152;S5103;ARO FECHADO;38,00;0,00;275,00;0;10-out-08;;2;;FALSO;FALSO;0;
2482;5421;152;S5107;ARO FECHADO;38,00;0,00;241,00;0;10-out-08;;2;;FALSO;FALSO;0;
2483;5422;152;S5106;;38,00;0,00;180,00;0;10-out-08;;2;;FALSO;FALSO;0;
2484;5314;140;T3277;FIO DE NYLON;39,00;0,00;267,00;0;10-out-08;;2;;FALSO;FALSO;0;
2486;4484;123;135;;38,00;;158,00;0;10-out-08;;2;;FALSO;FALSO;0;
2487;4387;105;F7057;ARO FECHADO;48,00;0,00;307,00;0;10-out-08;;2;;FALSO;FALSO;0;
2488;4388;105;F7063;;48,00;0,00;169,00;0;10-out-08;;2;;FALSO;FALSO;0;
2489;5321;141;YG 8584;ARO FECHADO;39,00;0,00;229,00;0;10-out-08;;2;;FALSO;FALSO;931;
2490;4389;105;F7066;FIO DE NYLON;48,00;0,00;298,00;0;10-out-08;;2;;FALSO;FALSO;241;
2491;4753;132;GEX 6291;;43,00;0,00;220,00;0;10-out-08;;2;;FALSO;FALSO;0;
2492;4028;93;H 069;ARO FECHADO;48,00;0,00;288,00;0;10-out-08;;2;;FALSO;FALSO;0;
2493;4029;93;AT 010;;48,00;0,00;178,00;0;10-out-08;;2;;FALSO;FALSO;0;
2494;3895;92;K 6270;;38,00;0,00;158,00;0;10-out-08;;2;;FALSO;FALSO;0;
2495;3608;46;XY 8759;;38,00;0,00;249,00;0;10-out-08;;2;;FALSO;FALSO;0;
2496;4754;132;M4045;;43,00;0,00;222,00;0;10-out-08;;2;;FALSO;FALSO;272;
2497;5408;151;SJ1770;;30,00;0,00;160,00;0;10-out-08;;2;;FALSO;FALSO;0;
2498;3609;46;P1122;FIO DE NYLON;38,00;0,00;277,00;0;10-out-08;;2;;FALSO;FALSO;0;
2499;5352;143;H317;FIO DE NYLON;38,00;0,00;317,00;0;10-out-08;;2;;FALSO;FALSO;517;
2500;5430;153;DK061;;38,00;0,00;275,00;0;10-out-08;;2;;FALSO;FALSO;0;
2501;5431;153;DK060;;38,00;0,00;274,00;0;10-out-08;;2;;FALSO;FALSO;370;
2502;5322;141;TD 8001;;39,00;0,00;160,00;0;10-out-08;;2;;FALSO;FALSO;0;
2503;3808;86;CLA 178;FIO DE NYLON;36,00;0,00;272,00;0;10-out-08;;2;;FALSO;FALSO;0;
2504;3896;92;K 5727;FIO DE NYLON;38,00;0,00;180,00;0;10-out-08;;2;;FALSO;FALSO;252;
2505;3897;92;SP 8126;;38,00;0,00;158,00;0;10-out-08;;2;;FALSO;FALSO;0;
2506;5323;141;HI2713 C;FIO DE NYLON;39,00;0,00;328,00;0;10-out-08;;2;;FALSO;FALSO;402;
2507;3710;63;BELL;ARO FECHADO;48,00;0,00;349,00;0;10-out-08;;2;;FALSO;FALSO;0;
2508;3610;46;XY 8559;FIO DE NYLON;38,00;0,00;266,00;0;10-out-08;;2;;FALSO;FALSO;0;
2509;4755;132;P1122;;43,00;0,00;175,00;0;10-out-08;;2;;FALSO;FALSO;0;
2510;4479;120;O3362;FIO DE NYLON;25,00;0,00;315,00;0;10-out-08;;2;;FALSO;FALSO;0;
2511;5353;143;H310;FIO DE NYLON;38,00;0,00;377,00;0;10-out-08;;2;;FALSO;FALSO;0;
2512;5354;143;G0027;;38,00;0,00;160,00;0;10-out-08;;2;;FALSO;FALSO;0;
2513;5355;143;H295;;38,00;0,00;160,00;0;10-out-08;;2;;FALSO;FALSO;0;
2514;5356;143;H282;;38,00;0,00;160,00;0;10-out-08;;2;;FALSO;FALSO;0;
2515;5357;143;H044;;38,00;0,00;160,00;0;10-out-08;;2;;FALSO;FALSO;326;
2516;5358;143;AS002;ARO FECHADO;38,00;0,00;272,00;0;10-out-08;;2;;FALSO;FALSO;0;
2517;4030;93;H 013;FIO DE NYLON;48,00;0,00;284,00;0;10-out-08;;2;;FALSO;FALSO;832;
2518;4031;93;AT 001;;48,00;0,00;178,00;0;10-out-08;;2;;FALSO;FALSO;19;
2519;4032;93;YS TS205;;48,00;0,00;178,00;0;10-out-08;;2;;FALSO;FALSO;816;
2520;4033;93;H 103;PARAFUSADO;48,00;0,00;238,00;0;10-out-08;;2;;FALSO;FALSO;430;
2521;4034;93;H 104;PARAFUSADO;48,00;0,00;238,00;0;10-out-08;;2;;FALSO;FALSO;420;
2522;4035;93;AT 4002;ARO FECHADO;48,00;0,00;310,00;0;10-out-08;;2;;FALSO;FALSO;0;
2523;4036;93;AT 016;ARO FECHADO;48,00;0,00;310,00;0;10-out-08;;2;;FALSO;FALSO;25;
2524;4037;93;SH 51;FIO DE NYLON;48,00;0,00;213,00;0;10-out-08;;2;;FALSO;FALSO;450;
2525;4038;93;H 093;FIO DE NYLON;48,00;0,00;215,00;0;10-out-08;;2;;FALSO;FALSO;0;
2526;4039;93;H 075;PARAFUSADO;48,00;0,00;249,00;0;10-out-08;;2;;FALSO;FALSO;576;
2527;4156;102;2340;;38,00;0,00;158,00;0;10-out-08;;2;;FALSO;FALSO;41;
2528;4157;102;2335;FIO DE NYLON;38,00;0,00;330,00;0;10-out-08;;2;;FALSO;FALSO;40;
2529;4158;102;2342 SPORT;FIO DE NYLON;48,00;0,00;315,00;0;10-out-08;;2;;FALSO;FALSO;30;
2530;4159;102;305;ARO FECHADO;38,00;0,00;229,00;-1;10-out-08;;2;;FALSO;FALSO;0;
2531;4160;102;2150;FIO DE NYLON;48,00;0,00;319,00;0;10-out-08;;2;;FALSO;FALSO;187;
2532;4161;102;2310;;38,00;0,00;158,00;0;10-out-08;;2;;FALSO;FALSO;1076;
2533;4162;102;2144;FIO DE NYLON;38,00;0,00;329,00;0;10-out-08;;2;;FALSO;FALSO;130;
2534;4163;102;603;FIO DE NYLON;38,00;0,00;318,00;0;10-out-08;;2;;FALSO;FALSO;63;
2535;5714;190;ZS363;ARO FECHADO;38,00;0,00;363,00;0;10-out-08;;2;;FALSO;FALSO;0;
2536;4614;128;Kriptok AR;;81,59;0,00;0,00;0;13-out-08;;3;;FALSO;FALSO;0;
2537;170;8;GLOSSEY 1/SX5Q 6220;;0,00;0,00;1.489,00;0;14-out-08;;1;;FALSO;FALSO;0;
2538;4164;102;359;;38,00;0,00;158,00;0;14-out-08;;2;;FALSO;FALSO;76;
2539;4165;102;2118;;38,00;0,00;158,00;-2;14-out-08;;2;;FALSO;FALSO;98;
2540;4166;102;2301;FIO DE NYLON;38,00;0,00;319,00;0;14-out-08;;2;;FALSO;FALSO;357;
2541;4167;102;2337;FIO DE NYLON;38,00;0,00;387,00;0;14-out-08;;2;;FALSO;FALSO;0;
2542;4168;102;2161;FIO DE NYLON;38,00;0,00;329,00;-1;14-out-08;;2;;FALSO;FALSO;180;
2543;4169;102;2303;;38,00;0,00;158,00;0;14-out-08;;2;;FALSO;FALSO;172;
2544;4170;102;2306;FIO DE NYLON;38,00;0,00;375,00;0;14-out-08;;2;;FALSO;FALSO;439;
2545;4171;102;369;;38,00;0,00;295,00;0;14-out-08;;2;;FALSO;FALSO;474;
2546;4172;102;A359;ARO FECHADO;38,00;0,00;379,00;0;14-out-08;;2;;FALSO;FALSO;339;
2547;4173;102;2322;;38,00;0,00;158,00;0;14-out-08;;2;;FALSO;FALSO;114;
2548;4174;102;2321;;38,00;0,00;158,00;0;14-out-08;;2;;FALSO;FALSO;0;
2549;4175;102;2180;;38,00;0,00;158,00;0;14-out-08;;2;;FALSO;FALSO;1040;
2550;4176;102;2133;FIO DE NYLON;38,00;0,00;295,00;0;14-out-08;;2;;FALSO;FALSO;77;
2551;4177;102;2323;;38,00;0,00;158,00;0;14-out-08;;2;;FALSO;FALSO;59;
2552;3711;63;MAYSA 146;ARO FECHADO;48,00;0,00;326,00;0;14-out-08;;2;;FALSO;FALSO;0;
2553;3712;63;GLEICE 118;ARO FECHADO;48,00;0,00;349,00;0;14-out-08;;2;;FALSO;FALSO;0;
2554;3713;63;DREAM 102;;48,00;0,00;310,00;0;14-out-08;;2;;FALSO;FALSO;147;
2555;3714;63;NIVEA 205;ARO FECHADO;48,00;0,00;313,00;0;14-out-08;;2;;FALSO;FALSO;0;
2556;3792;84;KH 1102;;0,00;0,00;118,00;0;14-out-08;;2;;FALSO;FALSO;0;
2557;4178;102;913;;38,00;0,00;158,00;0;14-out-08;;2;;FALSO;FALSO;852;
2558;5433;154;OH88517;;20,00;0,00;118,00;0;14-out-08;;2;;FALSO;FALSO;0;
2559;3809;86;220;;36,00;0,00;115,00;0;14-out-08;;2;;FALSO;FALSO;0;
2560;5434;154;KH 1102;;20,00;0,00;118,00;0;14-out-08;;2;;FALSO;FALSO;0;
2561;2777;36;FC 2012;;17,00;0,00;148,00;0;14-out-08;;2;;FALSO;FALSO;0;
2563;2778;36;FC 2019;;17,00;0,00;148,00;0;14-out-08;;2;;FALSO;FALSO;0;
2564;5401;147;HD 051;;68,00;0,00;188,00;0;14-out-08;;2;;FALSO;FALSO;0;
2565;5324;141;DT 8113;;39,00;0,00;160,00;0;14-out-08;;2;;FALSO;FALSO;0;
2566;5325;141;DH 88544;;39,00;0,00;160,00;0;14-out-08;;2;;FALSO;FALSO;0;
2567;3810;86;CBC 6019;;36,00;0,00;115,00;0;14-out-08;;2;;FALSO;FALSO;433;
2568;5326;141;XSY 8044;;39,00;0,00;160,00;0;14-out-08;;2;;FALSO;FALSO;1011;
2569;5327;141;XSY 8027;;39,00;0,00;160,00;0;14-out-08;;2;;FALSO;FALSO;148;
2570;5328;141;XSY 8059;FIO DE NYLON;39,00;0,00;173,00;0;14-out-08;;2;;FALSO;FALSO;0;
2571;5329;141;XY 87116;FIO DE NYLON;39,00;0,00;249,00;0;14-out-08;;2;;FALSO;FALSO;224;
2572;5330;141;XY 8793;;39,00;0,00;160,00;0;14-out-08;;2;;FALSO;FALSO;36;
2573;5331;141;AT 7820;;39,00;0,00;160,00;0;14-out-08;;2;;FALSO;FALSO;0;
2574;5332;141;JC 80702;ARO FECHADO;39,00;0,00;327,00;0;14-out-08;;2;;FALSO;FALSO;0;
2575;5333;141;JC 80746;FIO DE NYLON;39,00;0,00;195,00;0;14-out-08;;2;;FALSO;FALSO;0;
2576;5334;141;AT 7829;FIO DE NYLON;39,00;0,00;290,00;0;14-out-08;;2;;FALSO;FALSO;0;
2577;5335;141;XY 8794;;39,00;0,00;160,00;0;14-out-08;;2;;FALSO;FALSO;102;
2578;5336;141;AT 7809;;39,00;0,00;160,00;0;14-out-08;;2;;FALSO;FALSO;0;
2579;5337;141;AT 829;;39,00;0,00;160,00;0;14-out-08;;2;;FALSO;FALSO;0;
2580;5338;141;XSY 8030;ARO FECHADO;39,00;0,00;208,00;0;14-out-08;;2;;FALSO;FALSO;0;
2581;5339;141;D 8001;FIO DE NYLON;39,00;0,00;228,00;0;14-out-08;;2;;FALSO;FALSO;347;
2582;5340;141;XSY 8049;;39,00;0,00;160,00;0;14-out-08;;2;;FALSO;FALSO;99;
2583;5341;141;YG 8573;ARO FECHADO;39,00;0,00;272,00;0;14-out-08;;2;;FALSO;FALSO;948;
2584;4040;93;AT 3093;FIO DE NYLON;48,00;0,00;285,00;0;14-out-08;;2;;FALSO;FALSO;0;
2585;4041;93;AT 105;;48,00;0,00;178,00;0;14-out-08;;2;;FALSO;FALSO;0;
2586;4042;93;AT 3004;FIO DE NYLON;48,00;0,00;278,00;0;14-out-08;;2;;FALSO;FALSO;476;
2588;4043;93;YS T5207;;48,00;0,00;178,00;0;14-out-08;;2;;FALSO;FALSO;0;
2589;4044;93;AT 011;FIO DE NYLON;48,00;0,00;298,00;0;14-out-08;;2;;FALSO;FALSO;0;
2590;4045;93;H 149;FIO DE NYLON;48,00;0,00;228,00;0;14-out-08;;2;;FALSO;FALSO;0;
2591;4046;93;H 067;;48,00;0,00;178,00;0;14-out-08;;2;;FALSO;FALSO;0;
2592;4047;93;AT 3058;FIO DE NYLON;48,00;0,00;178,00;0;14-out-08;;2;;FALSO;FALSO;552;
2594;4048;93;S 240;;48,00;0,00;178,00;0;14-out-08;;2;;FALSO;FALSO;0;
2595;4049;93;H 032;ARO FECHADO;48,00;0,00;219,00;0;14-out-08;;2;;FALSO;FALSO;930;
2596;4050;93;AT 5220;;48,00;0,00;178,00;0;14-out-08;;2;;FALSO;FALSO;0;
2597;4051;93;AT 3067;;48,00;0,00;203,00;0;14-out-08;;2;;FALSO;FALSO;720;
2598;5359;143;H306;FIO DE NYLON;38,00;0,00;237,00;0;14-out-08;;2;;FALSO;FALSO;0;
2599;4413;116;K7133;;12,00;0,00;198,00;0;14-out-08;;2;;FALSO;FALSO;0;
2600;4414;116;K7229;FIO DE NYLON;12,00;0,00;246,00;0;14-out-08;;2;;FALSO;FALSO;0;
2601;5423;152;S5108;ARO FECHADO;38,00;0,00;228,00;0;14-out-08;;2;;FALSO;FALSO;0;
2602;4415;116;K729;;12,00;0,00;198,00;0;14-out-08;;2;;FALSO;FALSO;0;
2603;5360;143;G0032;;38,00;0,00;160,00;0;14-out-08;;2;;FALSO;FALSO;0;
2604;5361;143;H285;FIO DE NYLON;38,00;0,00;286,00;0;14-out-08;;2;;FALSO;FALSO;270;
2605;5362;143;G1028;ARO FECHADO;38,00;0,00;320,00;0;14-out-08;;2;;FALSO;FALSO;210;
2606;5363;143;HS0014;;38,00;0,00;160,00;0;14-out-08;;2;;FALSO;FALSO;0;
2607;5364;143;AS0016;;38,00;0,00;160,00;0;14-out-08;;2;;FALSO;FALSO;0;
2608;5365;143;AS005;ARO FECHADO;38,00;0,00;267,00;0;14-out-08;;2;;FALSO;FALSO;0;
2609;5366;143;AS004;ARO FECHADO;38,00;0,00;160,00;0;14-out-08;;2;;FALSO;FALSO;0;
2610;5367;143;AS0011;;38,00;0,00;160,00;0;14-out-08;;2;;FALSO;FALSO;119;
2611;3537;42;233 C44;;35,00;0,00;149,00;0;14-out-08;;2;;FALSO;FALSO;0;
2612;5315;140;VM 027;ARO FECHADO;39,00;0,00;93,60;0;14-out-08;;2;;FALSO;FALSO;435;
2613;5316;140;VM 005;FIO DE NYLON;39,00;0,00;271,00;0;14-out-08;;2;;FALSO;FALSO;640;
2614;2779;36;BK 5018;;17,00;0,00;148,00;0;14-out-08;;2;;FALSO;FALSO;0;
2615;2780;36;BH 301;FIO DE NYLON;17,00;0,00;265,00;0;14-out-08;;2;;FALSO;FALSO;87;
2616;2781;36;5008;ARO FECHADO;17,00;0,00;212,00;0;14-out-08;;2;;FALSO;FALSO;0;
2617;2782;36;F 004;ARO FECHADO;17,00;0,00;215,00;0;14-out-08;;2;;FALSO;FALSO;461;
2619;2783;36;5022;ARO FECHADO;17,00;0,00;215,00;0;14-out-08;;2;;FALSO;FALSO;459;
2620;2784;36;CLNM 86019;;17,00;0,00;148,00;0;14-out-08;;2;;FALSO;FALSO;80;
2621;2785;36;CLNM 10086;FIO DE NYLON;17,00;0,00;189,00;0;14-out-08;;2;;FALSO;FALSO;245;
2622;2786;36;S3001;FIO DE NYLON;17,00;0,00;195,00;1;14-out-08;;2;;FALSO;FALSO;421;
2623;2787;36;CLB 5027;FIO DE NYLON;17,00;0,00;227,00;0;14-out-08;;2;;FALSO;FALSO;22;
2624;2788;36;5031;;17,00;0,00;148,00;0;14-out-08;;2;;FALSO;FALSO;143;
2625;2789;36;CLNM 86074;;17,00;0,00;148,00;0;14-out-08;;2;;FALSO;FALSO;74;
2626;2790;36;2047;;17,00;0,00;148,00;0;14-out-08;;2;;FALSO;FALSO;0;
2627;2791;36;CLA 25A;;17,00;0,00;148,00;0;14-out-08;;2;;FALSO;FALSO;0;
2628;2792;36;BK 5016;;17,00;0,00;148,00;0;14-out-08;;2;;FALSO;FALSO;0;
2629;2793;36;9K 5056;;17,00;0,00;148,00;0;14-out-08;;2;;FALSO;FALSO;0;
2630;2794;36;BK 5056;FIO DE NYLON;17,00;0,00;215,00;0;14-out-08;;2;;FALSO;FALSO;156;
2632;2795;36;CLNM 10070;;17,00;0,00;148,00;0;14-out-08;;2;;FALSO;FALSO;286;
2633;2796;36;6412B;FIO DE NYLON;17,00;0,00;293,00;0;14-out-08;;2;;FALSO;FALSO;405;
2634;2797;36;QK 5050;;17,00;0,00;148,00;0;14-out-08;;2;;FALSO;FALSO;0;
2635;2798;36;BK 5051;;17,00;0,00;148,00;0;14-out-08;;2;;FALSO;FALSO;0;
2636;2799;36;MJ 022;;17,00;0,00;148,00;0;14-out-08;;2;;FALSO;FALSO;52;
2638;2800;36;BK 5020;FIO DE NYLON;17,00;0,00;215,00;0;14-out-08;;2;;FALSO;FALSO;0;
2639;2801;36;BS 1007E;;17,00;0,00;148,00;0;14-out-08;;2;;FALSO;FALSO;244;
2640;2802;36;CLNM 86063;ARO FECHADO;17,00;0,00;195,00;0;14-out-08;;2;;FALSO;FALSO;341;
2641;2803;36;CLNM 86066;ARO FECHADO;17,00;0,00;201,00;0;14-out-08;;2;;FALSO;FALSO;407;
2643;2804;36;CLNM 86092;FIO DE NYLON;17,00;0,00;236,00;0;14-out-08;;2;;FALSO;FALSO;185;
2644;2805;36;YKD 88022;;17,00;0,00;148,00;0;14-out-08;;2;;FALSO;FALSO;0;
2645;2806;36;DS 5226;ARO FECHADO;17,00;0,00;217,00;0;14-out-08;;2;;FALSO;FALSO;408;
2646;2807;36;SP 4010;;17,00;0,00;148,00;0;14-out-08;;2;;FALSO;FALSO;38;
2647;2808;36;F 7032;FIO DE NYLON;17,00;0,00;297,00;0;14-out-08;;2;;FALSO;FALSO;0;
2648;2809;36;5020;;17,00;0,00;148,00;0;14-out-08;;2;;FALSO;FALSO;282;
2649;2810;36;QK 5006;ARO FECHADO;17,00;0,00;227,00;0;14-out-08;;2;;FALSO;FALSO;644;
2650;2811;36;5027;ARO FECHADO;17,00;0,00;223,00;0;14-out-08;;2;;FALSO;FALSO;0;
2651;2812;36;CLA 257;;17,00;0,00;148,00;0;14-out-08;;2;;FALSO;FALSO;65;
2652;2813;36;J 5572;ARO FECHADO;17,00;0,00;198,00;0;14-out-08;;2;;FALSO;FALSO;0;
2653;2814;36;RS 1243;;17,00;0,00;148,00;0;14-out-08;;2;;FALSO;FALSO;586;
2654;2815;36;5007;;17,00;0,00;148,00;0;14-out-08;;2;;FALSO;FALSO;320;
2655;2816;36;CLD 210;ARO FECHADO;17,00;0,00;249,00;0;14-out-08;;2;;FALSO;FALSO;238;
2656;2817;36;2043;;17,00;0,00;148,00;0;14-out-08;;2;;FALSO;FALSO;0;
2657;2818;36;5012;FIO DE NYLON;17,00;0,00;210,00;0;14-out-08;;2;;FALSO;FALSO;139;
2658;2819;36;5011;FIO DE NYLON;17,00;0,00;193,00;0;14-out-08;;2;;FALSO;FALSO;416;
2659;2820;36;QK 5045;;17,00;0,00;148,00;0;14-out-08;;2;;FALSO;FALSO;66;
2660;3611;46;OK 1055;;38,00;0,00;288,00;0;14-out-08;;2;;FALSO;FALSO;0;
2662;2821;36;YKD 88009;;17,00;0,00;148,00;0;14-out-08;;2;;FALSO;FALSO;0;
2664;2822;36;5017;;17,00;0,00;148,00;0;14-out-08;;2;;FALSO;FALSO;456;
2665;2823;36;CLNM 86019;ARO FECHADO;17,00;0,00;193,00;0;14-out-08;;2;;FALSO;FALSO;128;
2666;2824;36;CLNM 86100;;17,00;0,00;148,00;0;14-out-08;;2;;FALSO;FALSO;54;
2667;2825;36;CLNM 86090;ARO FECHADO;17,00;0,00;236,00;0;14-out-08;;2;;FALSO;FALSO;563;
2668;2826;36;10076;;17,00;0,00;148,00;0;14-out-08;;2;;FALSO;FALSO;0;
2669;2827;36;BK 5058;;17,00;0,00;148,00;0;14-out-08;;2;;FALSO;FALSO;0;
2670;2828;36;BS 1243;FIO DE NYLON;17,00;0,00;215,00;0;14-out-08;;2;;FALSO;FALSO;23;
2671;2829;36;8507;FIO DE NYLON;17,00;0,00;311,00;0;14-out-08;;2;;FALSO;FALSO;0;
2673;2830;36;210;;17,00;0,00;148,00;0;14-out-08;;2;;FALSO;FALSO;0;
2674;2831;36;86100;;17,00;0,00;148,00;0;14-out-08;;2;;FALSO;FALSO;0;
2675;3811;86;DLD 022;;36,00;0,00;115,00;0;14-out-08;;2;;FALSO;FALSO;0;
2676;3812;86;ALT 3020;;36,00;0,00;115,00;0;14-out-08;;2;;FALSO;FALSO;0;
2677;3813;86;9606B;;36,00;0,00;115,00;0;14-out-08;;2;;FALSO;FALSO;0;
2678;3814;86;ALB 5011;;36,00;0,00;115,00;0;14-out-08;;2;;FALSO;FALSO;0;
2679;4404;112;2024;;75,00;0,00;210,00;0;14-out-08;;2;;FALSO;FALSO;0;
2680;5372;144;SH 6016;FIO DE NYLON;29,00;0,00;299,00;0;14-out-08;;2;;FALSO;FALSO;0;
2681;3815;86;CLH 4023;FIO DE NYLON;36,00;0,00;213,00;0;14-out-08;;2;;FALSO;FALSO;475;
2682;3816;86;BQ 126;ARO FECHADO;36,00;0,00;292,00;0;14-out-08;;2;;FALSO;FALSO;0;
2683;3817;86;CLB 4059;FIO DE NYLON;36,00;0,00;227,00;0;14-out-08;;2;;FALSO;FALSO;164;
2684;3818;86;CLH 4015;FIO DE NYLON;36,00;0,00;213,00;0;14-out-08;;2;;FALSO;FALSO;0;
2685;3819;86;4021;;36,00;0,00;115,00;0;14-out-08;;2;;FALSO;FALSO;33;
2686;3820;86;BQ 115;;36,00;0,00;115,00;0;14-out-08;;2;;FALSO;FALSO;0;
2687;3821;86;CLD 5019;FIO DE NYLON;36,00;0,00;214,00;0;14-out-08;;2;;FALSO;FALSO;0;
2688;3822;86;BQ 130;ARO FECHADO;36,00;0,00;292,00;0;14-out-08;;2;;FALSO;FALSO;0;
2689;5561;175;28;;18,00;0,00;120,00;0;14-out-08;;2;;FALSO;FALSO;0;
2690;2832;36;6413;FIO DE NYLON;17,00;0,00;148,00;0;14-out-08;;2;;FALSO;FALSO;0;
2691;2833;36;Z015;;17,00;0,00;148,00;0;14-out-08;;2;;FALSO;FALSO;0;
2692;3538;42;591;;35,00;0,00;115,00;0;14-out-08;;2;;FALSO;FALSO;134;
2693;2834;36;022;FIO DE NYLON;17,00;0,00;148,00;0;14-out-08;;2;;FALSO;FALSO;123;
2694;3823;86;CLH 3012;ARO FECHADO;36,00;0,00;203,00;0;14-out-08;;2;;FALSO;FALSO;325;
2695;3824;86;CLD 228;ARO FECHADO;36,00;0,00;234,00;0;14-out-08;;2;;FALSO;FALSO;0;
2696;3825;86;5018;;36,00;0,00;115,00;0;14-out-08;;2;;FALSO;FALSO;0;
2697;3826;86;CLD 641;FIO DE NYLON;36,00;0,00;228,00;0;14-out-08;;2;;FALSO;FALSO;759;
2701;3827;86;960;;36,00;0,00;115,00;0;14-out-08;;2;;FALSO;FALSO;0;
2702;3828;86;5011;;36,00;0,00;115,00;0;14-out-08;;2;;FALSO;FALSO;0;
2703;3829;86;131;;36,00;0,00;115,00;0;14-out-08;;2;;FALSO;FALSO;0;
2704;3830;86;9601;;36,00;0,00;115,00;0;14-out-08;;2;;FALSO;FALSO;70;
2705;2835;36;024;;17,00;0,00;148,00;0;14-out-08;;2;;FALSO;FALSO;0;
2706;4390;105;2015;;48,00;0,00;169,00;0;14-out-08;;2;;FALSO;FALSO;0;
2707;4179;102;4097;;38,00;0,00;158,00;0;14-out-08;;2;;FALSO;FALSO;0;
2708;4149;100;R 108;;48,00;0,00;218,00;0;14-out-08;;2;;FALSO;FALSO;0;
2709;2836;36;Z020;;17,00;0,00;148,00;0;14-out-08;;2;;FALSO;FALSO;0;
2710;3869;89;1588;aro - acetato;59,00;0,00;188,00;1;14-out-08;;2;;FALSO;FALSO;124;
2711;5404;150;8708;;68,00;0,00;210,00;0;14-out-08;;2;;FALSO;FALSO;158;
2712;3843;88;DY2 255;;65,00;6,50;210,00;0;14-out-08;;2;;FALSO;FALSO;0;\\TATI\Programa\FOTOS\DY2 255.jpg
2713;5317;140;V 090;;39,00;0,00;150,00;0;14-out-08;;2;;FALSO;FALSO;0;
2714;5405;150;8701;;68,00;0,00;210,00;0;14-out-08;;2;;FALSO;FALSO;0;
2715;3831;86;502A;;36,00;0,00;115,00;0;14-out-08;;2;;FALSO;FALSO;0;
2716;3870;89;458;;59,00;0,00;188,00;0;14-out-08;;2;;FALSO;FALSO;0;
2717;3871;89;684 N;;59,00;0,00;188,00;0;14-out-08;;2;;FALSO;FALSO;728;
2718;5373;144;8024;;29,00;0,00;165,00;0;14-out-08;;2;;FALSO;FALSO;0;
2719;3872;89;1591;;59,00;0,00;188,00;0;14-out-08;;2;;FALSO;FALSO;0;
2720;5374;144;8011;;29,00;0,00;165,00;-5;14-out-08;;2;;FALSO;FALSO;0;
2721;3873;89;686;;59,00;0,00;188,00;0;14-out-08;;2;;FALSO;FALSO;0;
2722;4405;112;S 565;;75,00;0,00;180,00;0;14-out-08;;2;;FALSO;FALSO;0;
2723;5409;151;6026;;30,00;0,00;160,00;0;14-out-08;;2;;FALSO;FALSO;0;
2724;3786;83;4010;;48,00;0,00;115,00;0;14-out-08;;2;;FALSO;FALSO;34;
2725;2837;36;6028;;17,00;0,00;148,00;0;14-out-08;;2;;FALSO;FALSO;313;
2727;4756;132;8706;;43,00;0,00;220,00;0;14-out-08;;2;;FALSO;FALSO;0;
2728;4757;132;SH 1919;fio - metal;43,00;0,00;315,00;0;14-out-08;;2;;FALSO;FALSO;0;
2729;5424;152;S3005;;38,00;0,00;180,00;0;14-out-08;;2;;FALSO;FALSO;375;
2730;5425;152;S3002;;38,00;0,00;180,00;0;14-out-08;;2;;FALSO;FALSO;0;\\TATI\Programa\FOTOS\S3002.jpg
2731;5426;152;4051;;38,00;0,00;180,00;0;14-out-08;;2;;FALSO;FALSO;498;
2732;5578;181;42;;25,00;0,00;150,00;0;14-out-08;;2;;FALSO;FALSO;0;
2733;3779;79;063;;33,00;0,00;170,00;-15;14-out-08;;2;;FALSO;FALSO;0;\\TATI\Programa\FOTOS\063.jpg
2734;3539;42;0555;;35,00;0,00;115,00;0;14-out-08;;2;;FALSO;FALSO;623;
2735;2838;36;FD 011;;17,00;0,00;148,00;0;14-out-08;;2;;FALSO;FALSO;0;
2736;2839;36;CLN 10127;;17,00;0,00;148,00;0;14-out-08;;2;;FALSO;FALSO;117;
2737;2840;36;FH 3006;;17,00;0,00;148,00;0;14-out-08;;2;;FALSO;FALSO;464;
2738;3787;83;CLM 2016;;48,00;0,00;115,00;0;14-out-08;;2;;FALSO;FALSO;454;
2739;4758;132;8707;;43,00;0,00;220,00;0;14-out-08;;2;;FALSO;FALSO;0;
2740;3832;86;BA0501;;36,00;0,00;115,00;0;14-out-08;;2;;FALSO;VERDADEIRO;0;
2741;5552;168;008;;;0,00;110,00;0;14-out-08;;2;;FALSO;FALSO;0;
2742;2841;36;6003;;17,00;0,00;188,00;0;14-out-08;;2;;FALSO;FALSO;356;\\TATI\Programa\FOTOS\6003.jpg
2743;5427;152;4055;;38,00;0,00;180,00;0;14-out-08;;2;;FALSO;FALSO;0;
2744;3540;42;381;;35,00;0,00;115,00;0;14-out-08;;2;;FALSO;FALSO;0;
2745;3898;92;6482;;38,00;0,00;158,00;0;14-out-08;;2;;FALSO;FALSO;195;
2746;4391;105;5030;;48,00;0,00;169,00;0;14-out-08;;2;;FALSO;FALSO;39;
2747;3899;92;K I223;;38,00;0,00;158,00;0;14-out-08;;2;;FALSO;FALSO;0;
2748;3900;92;K 7062;ARO FECHADO;38,00;0,00;298,00;0;14-out-08;;2;;FALSO;FALSO;37;
2749;2842;36;SP 8059;FIO DE NYLON;17,00;0,00;196,00;0;14-out-08;;2;;FALSO;FALSO;269;
2750;3901;92;K 6833;ARO FECHADO;38,00;0,00;303,00;0;14-out-08;;2;;FALSO;FALSO;345;
2751;3902;92;K 6263;;38,00;0,00;158,00;0;14-out-08;;2;;FALSO;FALSO;164;
2753;3903;92;5651;ARO FECHADO;38,00;0,00;254,00;0;14-out-08;;2;;FALSO;FALSO;0;
2754;3904;92;K 5735;ARO FECHADO;38,00;0,00;229,00;0;14-out-08;;2;;FALSO;FALSO;324;
2755;3905;92;K 6410;ARO FECHADO;38,00;0,00;288,00;0;14-out-08;;2;;FALSO;FALSO;146;
2756;3906;92;K 5728;ARO FECHADO;38,00;0,00;269,00;0;14-out-08;;2;;FALSO;FALSO;193;
2757;3907;92;K 6456;ARO FECHADO;38,00;0,00;212,00;0;14-out-08;;2;;FALSO;FALSO;181;
2758;1882;22;RB 3244 006/71 3N;;;;550,00;0;16-out-08;;1;;FALSO;FALSO;0;
2759;3908;92;K 6248;ARO FECHADO;38,00;0,00;311,00;0;16-out-08;;2;;FALSO;FALSO;0;
2760;3909;92;K 6774;;38,00;0,00;158,00;0;16-out-08;;2;;FALSO;FALSO;109;
2761;3910;92;K 5732;ARO FECHADO;38,00;0,00;212,00;0;16-out-08;;2;;FALSO;FALSO;984;
2762;3715;63;318;;48,00;0,00;310,00;0;16-out-08;;2;;FALSO;FALSO;0;
2763;3911;92;K 6807;;38,00;0,00;158,00;0;16-out-08;;2;;FALSO;FALSO;196;
2764;3912;92;K 6266;FIO DE NYLON;38,00;0,00;299,00;0;16-out-08;;2;;FALSO;FALSO;0;
2765;3913;92;6808;;38,00;0,00;158,00;0;16-out-08;;2;;FALSO;FALSO;0;
2766;3914;92;K 5731;ARO FECHADO;38,00;0,00;295,00;0;16-out-08;;2;;FALSO;FALSO;0;
2767;3915;92;K 6808;FIO DE NYLON;38,00;0,00;240,00;0;16-out-08;;2;;FALSO;FALSO;268;
2768;4392;105;5045;ARO FECHADO;48,00;0,00;386,00;0;16-out-08;;2;;FALSO;FALSO;263;
2769;3916;92;K 6678;ARO FECHADO;38,00;0,00;293,00;0;16-out-08;;2;;FALSO;FALSO;0;
2770;3917;92;5017;ARO FECHADO;38,00;0,00;309,00;0;16-out-08;;2;;FALSO;FALSO;0;
2772;3918;92;K 6261;FIO DE NYLON;38,00;0,00;298,00;0;16-out-08;;2;;FALSO;FALSO;0;
2773;3919;92;K 6268;FIO DE NYLON;38,00;0,00;244,00;0;16-out-08;;2;;FALSO;FALSO;0;
2774;3920;92;K 6809;ARO FECHADO;38,00;0,00;265,00;0;16-out-08;;2;;FALSO;FALSO;149;
2775;3921;92;K 7059;ARO FECHADO;38,00;0,00;349,00;0;16-out-08;;2;;FALSO;FALSO;0;
2777;3922;92;ST 5145;FIO DE NYLON;38,00;0,00;177,00;0;16-out-08;;2;;FALSO;FALSO;0;
2778;3923;92;K 5734;;38,00;0,00;158,00;0;16-out-08;;2;;FALSO;FALSO;0;
2779;3879;90;CKB6014;;25,00;0,00;158,00;0;16-out-08;;2;;FALSO;FALSO;68;
2781;3924;92;JC 80722;;38,00;0,00;158,00;0;16-out-08;;2;;FALSO;FALSO;0;
2782;3925;92;K 2454;;38,00;0,00;158,00;0;16-out-08;;2;;FALSO;FALSO;0;
2783;5375;144;8048;;29,00;0,00;165,00;0;16-out-08;;2;;FALSO;FALSO;0;
2784;3926;92;K 6264;ARO FECHADO;38,00;0,00;247,00;0;16-out-08;;2;;FALSO;FALSO;0;
2785;3927;92;A283;;38,00;0,00;158,00;0;16-out-08;;2;;FALSO;FALSO;0;
2786;3928;92;K 7482;;38,00;0,00;158,00;0;16-out-08;;2;;FALSO;FALSO;43;
2787;3929;92;K 6482;ARO FECHADO;38,00;0,00;311,00;0;16-out-08;;2;;FALSO;FALSO;335;
2788;4393;105;F7068;ARO FECHADO;48,00;0,00;309,00;0;16-out-08;;2;;FALSO;FALSO;0;
2789;3930;92;K 6479;ARO FECHADO;38,00;0,00;301,00;0;16-out-08;;2;;FALSO;FALSO;515;
2790;3931;92;K 6654;ARO FECHADO;38,00;0,00;327,00;0;16-out-08;;2;;FALSO;FALSO;0;
2791;3932;92;K 7584;FIO DE NYLON;38,00;0,00;306,00;0;16-out-08;;2;;FALSO;FALSO;0;
2792;3933;92;K 6259;FIO DE NYLON;38,00;0,00;283,00;0;16-out-08;;2;;FALSO;FALSO;0;
2793;3934;92;K 6614;FIO DE NYLON;38,00;0,00;297,00;0;16-out-08;;2;;FALSO;FALSO;0;
2794;3935;92;K 6782;ARO FECHADO;38,00;0,00;327,00;0;16-out-08;;2;;FALSO;FALSO;140;
2795;3936;92;K 7104;FIO DE NYLON;38,00;0,00;271,00;0;17-out-08;;2;;FALSO;FALSO;938;
2798;759;16;M0805 141;;96,82;14,52;480,00;0;17-out-08;;2;;FALSO;FALSO;18;
2799;760;16;M0828 160;;168,13;8,41;510,00;0;17-out-08;;2;;FALSO;FALSO;127;
2800;761;16;M0805 140;;96,82;14,52;480,00;0;17-out-08;;2;;FALSO;FALSO;18;
2801;762;16;M0828 159;;168,13;8,41;510,00;0;17-out-08;;2;;FALSO;FALSO;85;
2802;763;16;M0805 139;;96,82;14,52;480,00;0;17-out-08;;2;;FALSO;FALSO;18;
2803;764;16;M0819 154;;0,00;0,00;480,00;0;17-out-08;;2;;FALSO;FALSO;284;
2804;765;16;M0824 161;;168,13;8,41;510,00;0;17-out-08;;2;;FALSO;FALSO;61;
2805;766;16;M0819 174;;0,00;0,00;480,00;0;17-out-08;;2;;FALSO;FALSO;284;
2806;767;16;M0827 152;;168,13;8,41;510,00;0;17-out-08;;2;;FALSO;FALSO;125;
2807;768;16;M0826 166;;168,13;8,41;510,00;0;17-out-08;;2;;FALSO;FALSO;92;
2808;769;16;M0824 178;;168,13;8,41;510,00;0;17-out-08;;2;;FALSO;FALSO;61;
2809;770;16;M0826 159;;168,13;8,41;510,00;0;17-out-08;;2;;FALSO;FALSO;92;
2810;771;16;M0827 159;;168,13;8,41;510,00;0;17-out-08;;2;;FALSO;FALSO;125;
2811;772;16;M0826 153;;168,13;8,41;510,00;0;17-out-08;;2;;FALSO;FALSO;92;
2812;4615;128;Poli Trans Teflon;;174,00;0,00;0,00;0;21-out-08;;3;;FALSO;FALSO;0;
2813;5565;177;EG 619;ARO FECHADO;59,00;0,00;516,00;0;22-out-08;;2;;FALSO;FALSO;32;
2814;4616;128;Poli Trans Crizal A2;;514,00;0,00;0,00;0;30-out-08;;3;;FALSO;FALSO;0;
2815;5715;191;KL2004 760/13 6217;;99,57;14,94;380,00;0;30-out-08;;1;;FALSO;FALSO;0;
2816;5716;191;KL3156 101/71 6711;aro - metal;108,27;16,24;399,00;0;30-out-08;;1;;FALSO;FALSO;0;
2817;5717;191;KL3156 102/87 6711;;108,27;16,24;399,00;0;30-out-08;;1;;FALSO;VERDADEIRO;0;
2818;5718;191;KL3156 108/88 6711;;108,27;16,24;399,00;0;30-out-08;;1;;FALSO;FALSO;0;
2819;5719;191;KL3168 125/87 6414;;108,27;16,24;399,00;0;30-out-08;;1;;FALSO;FALSO;0;
2820;5720;191;KL3169 125/11 6414;;99,57;14,94;379,00;0;30-out-08;;1;;FALSO;FALSO;0;
2821;5721;191;KL3187 125/87 0132;;86,54;12,98;359,00;0;30-out-08;;1;;FALSO;FALSO;0;
2822;5722;191;KL3183 102/88 6414;;99,57;14,94;379,00;0;30-out-08;;1;;FALSO;FALSO;0;
2823;5723;191;KL3183 125/71 6414;aro - metal;99,57;14,94;379,00;0;30-out-08;;1;;FALSO;FALSO;0;
2826;1383;19;HI JINXS 03-590;;0,00;0,00;585,00;0;31-out-08;;1;;FALSO;FALSO;0;
2827;1883;22;RB 3211 004/6G 132;;194,91;29,24;499,00;0;06-nov-08;;1;;FALSO;FALSO;0;
2828;1884;22;RB 3211 004/8H 132;;194,91;29,24;499,00;0;06-nov-08;;1;;FALSO;FALSO;0;
2829;1885;22;RB 3321 043/13 133;;239,25;35,89;609,00;0;06-nov-08;;1;;FALSO;FALSO;0;
2831;1886;22;RB 3341 003/8G 133;;239,25;35,89;609,00;0;06-nov-08;;1;;FALSO;FALSO;0;
2832;1887;22;RB 3379 004/40 6415;;230,47;34,57;599,00;0;06-nov-08;;1;;FALSO;FALSO;0;
2833;1888;22;RB 3386 003/8G 6313;;230,47;34,57;599,00;0;06-nov-08;;1;;FALSO;FALSO;0;
2834;1889;22;RB 3387 001/13 6415;aro - metal;222,45;33,37;580,00;0;06-nov-08;;1;;FALSO;FALSO;0;
2835;1890;22;RB 3387 003/8G 6415;;222,45;33,37;599,00;0;06-nov-08;;1;;FALSO;FALSO;0;
2836;1891;22;RB 3392 001/13 134;;256,94;38,54;659,00;0;06-nov-08;;1;;FALSO;FALSO;0;
2837;1892;22;RB 4113 - JACKIE OHH III 731/8E 6416;;247,10;37,07;710,00;0;06-nov-08;;1;;FALSO;FALSO;0;
2838;4617;128;VIP 70 Teflon;;158,20;0,00;0,00;0;06-nov-08;;3;;FALSO;FALSO;0;
2846;5724;191;KL7575 10/13;;108,27;16,24;359,00;0;11-nov-08;;2;;FALSO;FALSO;69;
2847;1384;19;Confession ox1128-0252;aro - acetato;200,00;0,00;470,00;1;18-nov-08;;1;;FALSO;FALSO;0;
2848;1385;19;MONTEFRIO 03 501;aro - acetato;0,00;0,00;545,00;-1;18-nov-08;;1;;FALSO;FALSO;0;
2849;1386;19;ETERNAL 03 393;aro - acetato;191,00;0,00;470,00;0;18-nov-08;;1;;FALSO;FALSO;0;
2850;1387;19;TWITCH 03-568;;179,00;0,00;420,00;0;18-nov-08;;1;;FALSO;FALSO;0;
2851;1388;19;MONSTER PUP 05 043;;0,00;0,00;530,00;0;18-nov-08;;1;;FALSO;FALSO;0;
2852;1389;19;NANOWIRE 4.0 POL 12 913;aro - metal;0,00;0,00;1.075,00;0;18-nov-08;;1;;FALSO;FALSO;0;
2853;1390;19;NANOWIRE 3.0 POL 12 921;;0,00;0,00;1.075,00;0;18-nov-08;;1;;FALSO;FALSO;0;
2855;1391;19;FELON 05 522;aro - metal;0,00;0,00;0,00;0;18-nov-08;;1;;FALSO;FALSO;0;
2856;1392;19;RAVISFING 03 401;;0,00;0,00;495,00;0;18-nov-08;;1;;FALSO;FALSO;0;
2857;1393;19;SPECHLESS 03 584;;0,00;0,00;0,00;0;18-nov-08;;1;;FALSO;FALSO;0;
2858;1394;19;RAVISFING 03 404;aro - acetato;0,00;0,00;495,00;0;18-nov-08;;1;;FALSO;FALSO;0;
2859;1395;19;SPEECHLESS 03 582;;0,00;0,00;690,00;0;18-nov-08;;1;;FALSO;FALSO;0;
2861;1396;19;INMATE 05 630;;307,50;0,00;629,00;0;18-nov-08;;1;;FALSO;FALSO;0;
2862;1893;22;RJ 9512 SB 212/90 2N;;128,00;0,00;489,00;0;18-nov-08;;1;;FALSO;FALSO;0;
2863;1894;22;RJ 9515S 214/58;;0,00;0,00;389,00;0;18-nov-08;;1;;FALSO;FALSO;0;
2864;1895;22;RJ 9511S 211/7E AN;;0,00;0,00;389,00;0;18-nov-08;;1;;FALSO;FALSO;0;
2865;1896;22;RJ 9518S 221/7E;;0,00;0,00;389,00;0;18-nov-08;;1;;FALSO;FALSO;0;
2866;773;16;SUPER SONIC;;0,00;0,00;510,00;0;18-nov-08;;1;;FALSO;FALSO;0;
2867;774;16;TRAVELLER;;0,00;0,00;300,00;0;18-nov-08;;1;;FALSO;FALSO;0;
2868;5747;193;32010;;0,00;0,00;740,00;0;18-nov-08;;1;;FALSO;FALSO;0;
2869;5748;193;32007;;0,00;0,00;740,00;0;18-nov-08;;1;;FALSO;FALSO;0;
2870;5749;193;32044;;0,00;0,00;790,00;0;18-nov-08;;1;;FALSO;FALSO;0;
2871;5750;193;32015;;0,00;0,00;790,00;0;18-nov-08;;1;;FALSO;FALSO;0;
2872;5751;193;32034;;0,00;0,00;690,00;0;18-nov-08;;1;;FALSO;FALSO;0;
2873;5752;193;32011;;210,00;0,00;740,00;0;18-nov-08;;1;;FALSO;FALSO;0;
2874;5753;193;32009;;200,00;0,00;740,00;0;18-nov-08;;1;;FALSO;FALSO;0;
2875;5754;193;32033;;105,00;5,25;690,00;0;18-nov-08;;1;;FALSO;FALSO;0;
2876;5755;193;32036;aro - metal;0,00;0,00;690,00;0;18-nov-08;;1;;FALSO;FALSO;0;
2877;5756;193;31047;;0,00;0,00;590,00;0;18-nov-08;;2;;FALSO;FALSO;0;
2878;5757;193;31060;;147,00;3,68;440,00;0;18-nov-08;;2;;FALSO;FALSO;82;
2879;5758;193;31061;;0,00;0,00;440,00;0;18-nov-08;;2;;FALSO;FALSO;81;
2880;5759;193;31045;;0,00;0,00;590,00;0;18-nov-08;;2;;FALSO;FALSO;1019;
2881;5760;193;31046;;0,00;0,00;590,00;0;18-nov-08;;2;;FALSO;FALSO;274;
2882;5761;193;31091;;0,00;0,00;690,00;0;18-nov-08;;2;;FALSO;FALSO;323;
2883;5762;193;31073;;0,00;0,00;690,00;0;18-nov-08;;2;;FALSO;FALSO;520;
2884;5763;193;31052;;0,00;0,00;440,00;0;18-nov-08;;2;;FALSO;FALSO;83;
2885;5764;193;31080;;0,00;0,00;590,00;0;18-nov-08;;2;;FALSO;FALSO;0;
2887;2843;36;BS 018;FIO DE NYLON;17,00;0,00;148,00;0;18-nov-08;;2;;FALSO;FALSO;0;
2888;2844;36;BS 030;FIO DE NYLON;17,00;0,00;148,00;0;18-nov-08;;2;;FALSO;FALSO;111;
2889;2845;36;K 7234;FIO DE NYLON;17,00;0,00;148,00;0;18-nov-08;;2;;FALSO;FALSO;110;
2890;2846;36;BS6016;ARO FECHADO;17,00;0,00;148,00;0;18-nov-08;;1;;FALSO;FALSO;90;
2891;2847;36;5028;ARO FECHADO;17,00;0,00;148,00;0;18-nov-08;;2;;FALSO;FALSO;96;
2892;4618;128;VS Trans NG Crizal A2;;244,40;0,00;0,00;0;22-nov-08;;3;;FALSO;FALSO;0;
2893;5376;144;8041;FIO DE NYLON;29,00;0,00;165,00;0;24-nov-08;;2;;FALSO;FALSO;86;
2894;2476;29;VE 4065 388/71 140;;0,00;0,00;0,00;0;01-dez-08;;1;;FALSO;FALSO;0;
2895;5278;137;NAKED;;43,00;6,45;150,00;0;01-dez-08;;1;;FALSO;FALSO;0;
2896;5279;137;TOM CAT;;51,50;7,73;170,00;0;01-dez-08;;1;;FALSO;FALSO;0;
2897;5280;137;HOSEKI;aro - acetato;43,00;6,45;195,00;0;01-dez-08;;1;;FALSO;FALSO;0;
2898;5281;137;BOSS;;43,00;6,45;160,00;0;01-dez-08;;1;;FALSO;FALSO;0;
2899;5282;137;SPITFIRE;;51,50;7,73;180,00;0;01-dez-08;;1;;FALSO;FALSO;0;
2901;5725;191;KL3168 108/88 6414;aro - metal;108,27;16,24;399,00;0;01-dez-08;;1;;FALSO;FALSO;0;
2902;5726;191;KL3173 101/11 6414;;108,27;16,24;399,00;0;01-dez-08;;1;;FALSO;FALSO;0;
2903;5727;191;KL3173 108/88 6414;;108,27;16,24;399,00;0;01-dez-08;;1;;FALSO;FALSO;0;
2904;4619;128;Optiview Superhidrofóbico 1.60;;89,90;0,00;0,00;0;02-dez-08;;3;;FALSO;FALSO;0;
2905;5767;194;2526-2894;;80,20;4,01;299,00;0;02-dez-08;;2;;FALSO;FALSO;222;
2906;5768;194;1925-3411;;84,79;4,24;319,00;0;02-dez-08;;2;;FALSO;FALSO;0;
2907;4073;94;0327-3282;;53,46;2,67;199,00;0;02-dez-08;;2;;FALSO;FALSO;186;
2908;4074;94;0525-3274;;56,83;2,84;209,00;0;02-dez-08;;2;;FALSO;FALSO;465;
2909;4075;94;0525-3275;;56,83;2,84;209,00;0;02-dez-08;;2;;FALSO;FALSO;0;
2910;4076;94;0526-3274;;56,83;2,84;209,00;0;02-dez-08;;2;;FALSO;FALSO;233;
2911;4077;94;0526-3275;;56,83;2,84;209,00;0;02-dez-08;;2;;FALSO;FALSO;233;
2912;4078;94;0725-3264;;53,46;2,67;209,00;0;02-dez-08;;2;;FALSO;FALSO;235;
2913;4079;94;0725-3266;;53,46;2,67;199,00;0;02-dez-08;;2;;FALSO;FALSO;235;
2914;4080;94;0626-3261;;53,46;2,67;199,00;0;02-dez-08;;2;;FALSO;FALSO;0;
2915;4081;94;0627-3260;;53,46;2,67;199,00;0;02-dez-08;;2;;FALSO;FALSO;132;
2916;4082;94;0627-3261;;53,46;2,67;199,00;0;02-dez-08;;2;;FALSO;FALSO;132;
2917;4083;94;0627-3272;;53,46;2,67;199,00;0;02-dez-08;;2;;FALSO;FALSO;132;
2918;4084;94;1025-3528;;53,71;2,69;199,00;0;02-dez-08;;2;;FALSO;FALSO;425;
2919;4085;94;1026-3528;;53,71;2,69;199,00;0;02-dez-08;;2;;FALSO;FALSO;290;
2920;4086;94;1026-3526;;53,71;2,69;199,00;0;02-dez-08;;2;;FALSO;FALSO;0;
2921;4087;94;0127-3262;;53,46;2,67;199,00;0;02-dez-08;;2;;FALSO;FALSO;299;
2922;4088;94;0127-3263;;53,46;2,67;199,00;0;02-dez-08;;2;;FALSO;FALSO;472;
2923;4089;94;0425-3533;;76,59;3,83;259,00;0;02-dez-08;;2;;FALSO;FALSO;338;
2924;4090;94;0425-3536;;76,59;3,83;259,00;0;02-dez-08;;2;;FALSO;FALSO;0;
2925;4091;94;1125-3562;;53,71;2,69;199,00;0;02-dez-08;;2;;FALSO;FALSO;0;
2927;4092;94;1126-3561;;53,71;2,69;199,00;0;02-dez-08;;2;;FALSO;FALSO;228;
2928;4093;94;1126-3562;;53,71;2,69;199,00;0;02-dez-08;;2;;FALSO;FALSO;228;
2929;5769;194;1425-3568;;90,04;4,50;339,00;0;02-dez-08;;2;;FALSO;FALSO;138;
2930;5770;194;1425-3569;;90,04;4,50;339,00;0;02-dez-08;;2;;FALSO;FALSO;138;
2931;5771;194;1900-3716;;84,71;4,24;319,00;0;02-dez-08;;2;;FALSO;FALSO;154;
2932;5772;194;1150-3778;másc - metal;112,83;16,92;459,00;0;02-dez-08;;1;;FALSO;FALSO;0;
2933;5773;194;1151-3778;másc - metal;112,83;16,92;459,00;0;02-dez-08;;1;;FALSO;FALSO;0;
2934;5774;194;1200-3893;;105,53;15,83;429,00;0;02-dez-08;;1;;FALSO;FALSO;0;
2936;5775;194;1301-3875;;108,08;16,21;439,00;0;02-dez-08;;1;;FALSO;FALSO;0;
2937;5776;194;1400-3876;;108,08;16,21;439,00;0;02-dez-08;;1;;FALSO;FALSO;0;
2938;5777;194;1400-3878;aro - acetato;108,08;16,21;439,00;0;02-dez-08;;1;;FALSO;FALSO;0;
2939;5778;194;1401-3880;;108,08;16,21;439,00;0;02-dez-08;;1;;FALSO;FALSO;0;
2940;4094;94;1425-4000;;57,24;2,86;219,00;0;02-dez-08;;2;;FALSO;FALSO;165;
2941;4095;94;1425-4001;;57,24;2,86;219,00;0;02-dez-08;;2;;FALSO;FALSO;165;
2942;4096;94;1426-4000;;57,24;2,86;219,00;0;02-dez-08;;2;;FALSO;FALSO;201;
2943;4097;94;1427-3999;;57,24;2,86;219,00;0;02-dez-08;;2;;FALSO;FALSO;171;
2944;4098;94;1427-4001;;57,24;2,86;219,00;0;02-dez-08;;2;;FALSO;FALSO;171;
2945;4099;94;1425-3999;;57,24;2,86;219,00;0;02-dez-08;;2;;FALSO;FALSO;165;
2946;5779;194;3025-4132;;87,58;4,38;329,00;0;02-dez-08;;2;;FALSO;FALSO;175;
2947;5780;194;3026-4133;;87,58;4,38;329,00;0;02-dez-08;;2;;FALSO;FALSO;242;
2948;5781;194;3025-4134;;87,58;4,38;329,00;0;02-dez-08;;2;;FALSO;FALSO;175;
2949;5782;194;2001-4156;;92,09;4,60;339,00;0;02-dez-08;;2;;FALSO;FALSO;236;
2950;5783;194;3125-4186;;85,69;4,28;319,00;0;02-dez-08;;2;;FALSO;FALSO;121;
2951;5784;194;1425-4196;;90,04;4,50;339,00;0;02-dez-08;;2;;FALSO;FALSO;165;
2953;4100;94;1026-4199;;53,71;2,69;199,00;0;02-dez-08;;2;;FALSO;FALSO;0;
2954;4101;94;0326-4198;;53,46;2,67;199,00;0;02-dez-08;;2;;FALSO;FALSO;261;
2955;4102;94;0627-4195;;53,46;2,67;199,00;0;02-dez-08;;2;;FALSO;FALSO;132;
2956;4103;94;0626-4195;;53,46;2,67;199,00;0;02-dez-08;;2;;FALSO;FALSO;505;
2957;4104;94;1125-4206;;53,71;2,69;199,00;0;02-dez-08;;2;;FALSO;FALSO;328;
2958;4105;94;1126-4205;;53,71;2,69;199,00;0;02-dez-08;;2;;FALSO;FALSO;228;
2959;4106;94;0726;;53,46;2,67;199,00;0;02-dez-08;;2;;FALSO;FALSO;429;
2960;4107;94;0725-4207;;53,46;2,67;199,00;0;02-dez-08;;2;;FALSO;FALSO;235;
2961;5785;194;3226-4228;;90,77;4,54;339,00;0;02-dez-08;;2;;FALSO;FALSO;200;
2962;5786;194;3226-4229;;90,77;4,54;339,00;0;02-dez-08;;2;;FALSO;FALSO;200;
2963;5787;194;3226-4230;;90,77;4,54;339,00;0;02-dez-08;;2;;FALSO;FALSO;200;
2964;5788;194;3227-4227;;90,77;4,54;339,00;0;02-dez-08;;2;;FALSO;FALSO;168;
2965;5789;194;3227-4228;;90,77;4,54;339,00;0;02-dez-08;;2;;FALSO;FALSO;179;
2966;5790;194;3227-4229;;90,77;4,54;339,00;0;02-dez-08;;2;;FALSO;FALSO;234;
2967;5791;194;3227-4230;;90,77;4,54;339,00;0;02-dez-08;;2;;FALSO;FALSO;234;
2969;5792;194;1927-3411;;84,79;4,24;319,00;0;02-dez-08;;2;;FALSO;FALSO;551;
2970;4108;94;1128-3563;;53,71;2,69;199,00;0;02-dez-08;;2;;FALSO;FALSO;73;
2971;4109;94;1527-4258;;58,47;2,92;219,00;0;02-dez-08;;2;;FALSO;FALSO;565;
2972;4110;94;1527-4260;;58,47;2,92;219,00;0;02-dez-08;;2;;FALSO;FALSO;0;
2973;5793;194;2101-4301;;88,48;4,42;339,00;0;02-dez-08;;2;;FALSO;FALSO;112;
2974;5794;194;2101-4303;;88,48;4,42;339,00;0;02-dez-08;;2;;FALSO;FALSO;218;
2975;5795;194;2101-4302;;88,48;4,42;339,00;0;02-dez-08;;2;;FALSO;FALSO;218;
2976;4111;94;0228-3264;;53,46;2,67;199,00;0;02-dez-08;;2;;FALSO;FALSO;115;
2977;4112;94;0228-3265;;53,46;2,67;199,00;0;02-dez-08;;2;;FALSO;FALSO;115;
2978;4113;94;0228-3266;;53,46;2,67;199,00;0;02-dez-08;;2;;FALSO;FALSO;115;
2979;5796;194;2200-4344;;82,74;4,14;299,00;0;02-dez-08;;2;;FALSO;FALSO;588;
2980;5797;194;2201-4343;;82,74;4,14;299,00;0;02-dez-08;;2;;FALSO;FALSO;145;
2981;5798;194;2300-4348;;93,07;4,65;349,00;0;02-dez-08;;2;;FALSO;FALSO;304;
2982;5799;194;2300-4350;;93,07;4,65;349,00;0;02-dez-08;;2;;FALSO;FALSO;304;
2983;5800;194;2300-4351;;124,90;6,24;399,00;0;02-dez-08;;2;;FALSO;FALSO;304;
2984;5801;194;1400-4421;aro - metal;105,45;15,82;429,00;0;02-dez-08;;1;;FALSO;FALSO;0;
2985;5728;191;KL3168 102/11 6414;;108,27;16,24;399,00;0;04-dez-08;;1;;FALSO;FALSO;0;
2986;5802;194;1401-4422;;105,45;15,82;429,00;0;04-dez-08;;2;;FALSO;FALSO;0;
2987;4114;94;1625-4470;;59,70;2,99;239,00;0;04-dez-08;;2;;FALSO;FALSO;533;
2988;4115;94;1626-4469;;59,70;2,99;239,00;0;04-dez-08;;2;;FALSO;FALSO;298;
2989;4116;94;1428-4475;;59,70;2,99;239,00;0;04-dez-08;;2;;FALSO;FALSO;0;
2990;4117;94;1428-4478;;59,70;2,99;239,00;0;04-dez-08;;2;;FALSO;FALSO;0;
2991;4118;94;1428-4479;;59,70;2,99;239,00;0;04-dez-08;;2;;FALSO;FALSO;352;
2992;4119;94;1429-4475;;59,70;2,99;249,00;0;04-dez-08;;2;;FALSO;FALSO;155;
2993;4120;94;1429-4476;;59,70;2,99;239,00;0;04-dez-08;;2;;FALSO;FALSO;155;
2994;4121;94;1429-4478;;59,70;2,99;239,00;0;04-dez-08;;2;;FALSO;FALSO;155;
2995;4122;94;0525-4473;;78,15;3,91;269,00;0;04-dez-08;;2;;FALSO;FALSO;0;
2996;4123;94;0526-4472;;78,15;3,91;269,00;0;04-dez-08;;2;;FALSO;FALSO;233;
2997;4124;94;0400-4529;;77,41;11,61;269,00;0;04-dez-08;;1;;FALSO;FALSO;0;
2998;5803;194;3325-4550;;85,53;4,28;319,00;0;04-dez-08;;2;;FALSO;FALSO;763;
2999;4125;94;0300-4535;;77,41;11,61;269,00;0;04-dez-08;;1;;FALSO;FALSO;0;
3000;4126;94;0300-4536;;77,41;11,61;269,00;0;04-dez-08;;1;;FALSO;FALSO;0;
3001;5804;194;0400-4674;;89,22;4,46;339,00;0;04-dez-08;;1;;FALSO;FALSO;0;
3002;5805;194;2401-4674;;89,22;4,46;339,00;0;04-dez-08;;2;;FALSO;FALSO;300;
3003;5806;194;2401-4675;;89,22;4,46;339,00;0;04-dez-08;;2;;FALSO;FALSO;0;
3004;5807;194;2401-4676;;89,22;4,46;339,00;0;04-dez-08;;2;;FALSO;FALSO;0;
3005;5808;194;1600-4742;;109,88;16,48;439,00;0;04-dez-08;;1;;FALSO;FALSO;0;
3006;5809;194;1600-4743;;109,88;16,48;439,00;0;04-dez-08;;1;;FALSO;FALSO;0;
3007;5810;194;1601-4741;;109,88;16,48;439,00;0;04-dez-08;;1;;FALSO;FALSO;0;
3008;5811;194;1601-4742;aro - acetato;109,88;16,48;439,00;0;04-dez-08;;1;;FALSO;FALSO;0;
3009;5812;194;1601-4740;;109,88;16,48;439,00;0;04-dez-08;;1;;FALSO;FALSO;0;
3010;5813;194;1601-4743;;109,88;16,48;439,00;0;04-dez-08;;1;;FALSO;FALSO;0;
3011;5814;194;1801-4763;aro - acetato;109,88;16,48;439,00;0;04-dez-08;;1;;FALSO;FALSO;0;
3012;5815;194;1801-4765;aro - acetato;109,88;16,48;439,00;1;04-dez-08;;1;;FALSO;FALSO;0;
3014;4127;94;0525-4474;;78,15;3,91;269,00;0;04-dez-08;;2;;FALSO;FALSO;543;
3015;5816;194;3226-4227;;90,77;4,54;339,00;0;04-dez-08;;2;;FALSO;FALSO;200;
3016;448;15;GU 1548 BRN;;0,00;0,00;520,00;0;09-dez-08;;2;;FALSO;FALSO;762;
3017;449;15;GU 1571 ST;;0,00;0,00;520,00;0;09-dez-08;;2;;FALSO;FALSO;0;
3018;450;15;GU 1571 ST;;0,00;0,00;515,00;0;09-dez-08;;2;;FALSO;FALSO;487;
3019;4620;128;Varilux Panamic Easy Clean;;359,00;0,00;770,00;0;09-dez-08;;3;;FALSO;FALSO;0;
3022;4621;128;Varilux Confort Easy Clean;;263,96;0,00;0,00;0;10-dez-08;;3;;FALSO;FALSO;0;
3032;451;15;GU 1462 A PUR;;0,00;0,00;510,00;0;;;2;;FALSO;FALSO;122;
3033;5540;165;MCS 493;aro - acetato;86,40;12,96;320,00;0;15-dez-08;;1;;FALSO;FALSO;0;
3034;5531;164;MTS 330;;86,40;12,96;320,00;0;15-dez-08;;1;;FALSO;FALSO;0;
3035;5283;137;PIMP;aro - metal;70,00;0,00;279,00;0;19-dez-08;;1;;FALSO;FALSO;0;
3036;3679;56;MS 580;aro - acetato;72,00;10,80;218,00;0;23-dez-08;;1;;FALSO;FALSO;0;
3038;3680;56;MSN 146;aro - acetato;59,52;8,92;218,00;0;23-dez-08;;1;;FALSO;FALSO;0;
3039;3681;56;MSN 152;;59,52;8,92;218,00;0;23-dez-08;;1;;FALSO;FALSO;0;
3040;3682;56;MSN 156;aro - acetato;59,52;8,92;218,00;0;23-dez-08;;1;;FALSO;FALSO;0;
3042;4622;128;Solalight asferica 1.67 AR;;221,00;0,00;0,00;0;06-jan-09;;3;;FALSO;FALSO;0;
3043;4623;128;Optilight Superasférica 1.53;;97,62;0,00;0,00;0;10-jan-09;;3;;FALSO;FALSO;0;
3044;4759;132;BS 6170;FIO DE NYLON;43,00;0,00;220,00;0;13-jan-09;;2;;FALSO;FALSO;152;
3045;4760;132;FD3003;FIO DE NYLON;43,00;0,00;220,00;0;13-jan-09;;2;;FALSO;FALSO;0;
3046;4761;132;A 158;fio - metal;43,00;0,00;315,00;0;13-jan-09;;2;;FALSO;FALSO;157;
3047;4762;132;FD3004A;ARO FECHADO;43,00;0,00;243,00;0;13-jan-09;;2;;FALSO;FALSO;0;
3048;4763;132;OL508;FIO DE NYLON;43,00;0,00;158,00;0;13-jan-09;;2;;FALSO;FALSO;509;
3049;4764;132;T 2826;PARAFUSADO;43,00;0,00;286,00;0;13-jan-09;;2;;FALSO;FALSO;0;
3050;4765;132;FD3004;FIO DE NYLON;43,00;0,00;223,00;0;13-jan-09;;2;;FALSO;FALSO;183;
3051;4766;132;BS 6171;FIO DE NYLON;43,00;0,00;210,00;0;13-jan-09;;2;;FALSO;FALSO;0;
3052;4767;132;7007;ARO FECHADO;43,00;0,00;213,00;0;13-jan-09;;2;;FALSO;FALSO;;
3056;4768;132;S 5141;ARO FECHADO;43,00;0,00;220,00;0;13-jan-09;;2;;FALSO;FALSO;0;
3057;4769;132;ZBC12;FIO DE NYLON;43,00;0,00;335,00;0;13-jan-09;;2;;FALSO;FALSO;0;
3058;4770;132;SP1023;FIO DE NYLON;43,00;0,00;249,00;0;13-jan-09;;2;;FALSO;FALSO;567;
3059;4771;132;SP8126;A FIO;43,00;0,00;175,00;0;26-jan-09;;2;;FALSO;FALSO;0;
3060;4624;128;Superasférica;;87,00;0,00;250,00;0;26-jan-09;;2;;FALSO;FALSO;0;
3061;5729;191;7573 1006;;108,27;14,24;380,00;0;26-jan-09;;2;;FALSO;FALSO;0;
3062;4180;102;2134 SPORT;FIO DE NYLON;56,00;0,00;315,00;-3;26-jan-09;;2;;FALSO;FALSO;173;
3063;3937;92;K 7751;FIO DE NYLON;56,00;0,00;311,00;0;27-jan-09;;2;;FALSO;FALSO;239;
3064;3938;92;K 7446;FIO DE NYLON;12,00;0,00;278,00;0;27-jan-09;;2;;FALSO;FALSO;220;
3065;3939;92;K 7648;FIO DE NYLON;56,00;0,00;288,00;0;27-jan-09;;2;;FALSO;FALSO;0;
3066;4181;102;262;FIO DE NYLON;56,00;0,00;315,00;-1;27-jan-09;;2;;FALSO;FALSO;0;
3068;4182;102;SPORT;ARO FECHADO;56,00;0,00;330,00;0;27-jan-09;;2;;FALSO;FALSO;0;
3070;4183;102;299;FIO DE NYLON;56,00;0,00;330,00;0;27-jan-09;;2;;FALSO;FALSO;483;
3071;4184;102;2138 SPORT;ARO FECHADO;48,00;0,00;330,00;0;27-jan-09;;2;;FALSO;FALSO;350;
3072;4185;102;2139 SPORT;ARO FECHADO;56,00;0,00;315,00;0;27-jan-09;;2;;FALSO;FALSO;260;
3074;4186;102;2656;FIO DE NYLON;56,00;0,00;363,90;0;27-jan-09;;2;;FALSO;FALSO;0;
3075;4187;102;2343;FIO DE NYLON;56,00;0,00;310,00;0;27-jan-09;;2;;FALSO;FALSO;513;
3076;4188;102;2342;FIO DE NYLON;56,00;0,00;317,00;0;27-jan-09;;2;;FALSO;FALSO;30;
3077;4189;102;2324;FIO DE NYLON;56,00;0,00;290,00;0;27-jan-09;;2;;FALSO;FALSO;232;
3078;4190;102;2159;FIO DE NYLON;56,00;0,00;280,00;0;27-jan-09;;2;;FALSO;FALSO;212;
3079;4191;102;2308;FIO DE NYLON;56,00;0,00;306,00;0;27-jan-09;;2;;FALSO;FALSO;786;
3080;4192;102;2302 SPORT;FIO DE NYLON;56,00;0,00;315,00;0;27-jan-09;;2;;FALSO;FALSO;254;
3081;2848;36;8222;FIO DE NYLON;48,00;0,00;359,00;0;27-jan-09;;2;;FALSO;FALSO;207;
3082;2849;36;AT 7967;FIO DE NYLON;48,00;0,00;299,00;0;27-jan-09;;2;;FALSO;FALSO;0;
3083;2850;36;AT 8011;FIO DE NYLON;20,00;0,00;198,00;0;27-jan-09;;2;;FALSO;FALSO;199;
3084;2851;36;HR 0140;FIO DE NYLON;48,00;0,00;287,00;0;27-jan-09;;2;;FALSO;FALSO;189;
3085;2852;36;HR 0248;FIO DE NYLON;48,00;0,00;349,00;0;27-jan-09;;2;;FALSO;FALSO;266;
3086;2853;36;HR 1301;FIO DE NYLON;48,00;0,00;249,00;0;27-jan-09;;2;;FALSO;FALSO;204;
3087;2854;36;HR 2123;FIO DE NYLON;48,00;0,00;350,00;0;27-jan-09;;2;;FALSO;FALSO;639;
3088;2855;36;HR 3346;FIO DE NYLON;48,00;0,00;299,00;0;27-jan-09;;2;;FALSO;FALSO;0;
3089;2856;36;HR 8004;FIO DE NYLON;20,00;0,00;249,00;0;27-jan-09;;2;;FALSO;FALSO;176;
3090;2857;36;HR 904;FIO DE NYLON;48,00;0,00;278,00;0;27-jan-09;;2;;FALSO;FALSO;202;
3091;2858;36;HR 905;FIO DE NYLON;48,00;0,00;278,00;0;27-jan-09;;2;;FALSO;FALSO;198;
3092;2859;36;HR 906;FIO DE NYLON;48,00;0,00;350,00;0;27-jan-09;;2;;FALSO;FALSO;568;
3093;2860;36;HR 913;FIO DE NYLON;48,00;0,00;350,00;0;27-jan-09;;2;;FALSO;FALSO;0;
3094;2861;36;HRM 5015;FIO DE NYLON;20,00;0,00;319,00;0;27-jan-09;;2;;FALSO;FALSO;372;
3095;2862;36;JC 808;FIO DE NYLON;20,00;0,00;239,00;0;27-jan-09;;2;;FALSO;FALSO;259;
3096;2863;36;JC 831;FIO DE NYLON;48,00;0,00;235,00;0;27-jan-09;;2;;FALSO;FALSO;0;
3097;2864;36;YS 4587;FIO DE NYLON;20,00;0,00;410,00;0;27-jan-09;;2;;FALSO;FALSO;437;
3098;4416;116;K6743;FIO DE NYLON;12,00;0,00;199,00;0;27-jan-09;;2;;FALSO;FALSO;215;
3099;4417;116;K7810;FIO DE NYLON;12,00;0,00;199,00;0;27-jan-09;;2;;FALSO;FALSO;0;
3100;4418;116;K7393;FIO DE NYLON;12,00;0,00;235,00;0;27-jan-09;;2;;FALSO;FALSO;0;
3101;4419;116;K7227;FIO DE NYLON;12,00;0,00;219,00;0;27-jan-09;;2;;FALSO;FALSO;392;
3102;4420;116;K7249;FIO DE NYLON;12,00;0,00;219,00;0;27-jan-09;;2;;FALSO;FALSO;400;
3103;4421;116;K7809;FIO DE NYLON;12,00;0,00;199,00;0;27-jan-09;;2;;FALSO;FALSO;0;
3104;4422;116;K7803;FIO DE NYLON;12,00;0,00;199,00;0;27-jan-09;;2;;FALSO;FALSO;197;
3105;4423;116;K7799;FIO DE NYLON;12,00;0,00;199,00;0;27-jan-09;;2;;FALSO;FALSO;217;
3106;3940;92;K 7004;ARO FECHADO;56,00;0,00;222,00;0;27-jan-09;;2;;FALSO;FALSO;473;
3107;3941;92;k 7005;ARO FECHADO;38,00;0,00;217,00;1;27-jan-09;;2;;FALSO;FALSO;455;\\TATI\Programa\FOTOS\k 7005.jpg
3108;4052;93;0423H;FIO DE NYLON;48,00;0,00;119,00;0;27-jan-09;;2;;FALSO;FALSO;211;
3109;4053;93;A 06;FIO DE NYLON;48,00;0,00;140,00;0;27-jan-09;;1;;FALSO;FALSO;0;\\TATI\Programa\FOTOS\A 06.jpg
3110;4054;93;H 213;ARO FECHADO;48,00;0,00;238,00;0;27-jan-09;;2;;FALSO;FALSO;965;
3111;4055;93;SH 105;ARO FECHADO;48,00;0,00;193,00;0;27-jan-09;;2;;FALSO;FALSO;0;
3112;4056;93;5240;FIO DE NYLON;48,00;0,00;297,00;0;27-jan-09;;2;;FALSO;FALSO;858;
3114;4057;93;T 5205;FIO DE NYLON;48,00;0,00;232,00;0;27-jan-09;;2;;FALSO;FALSO;783;
3116;4058;93;SH 91;FIO DE NYLON;48,00;0,00;163,00;0;27-jan-09;;2;;FALSO;FALSO;950;
3117;4059;93;T 5207;FIO DE NYLON;48,00;0,00;232,00;0;27-jan-09;;2;;FALSO;FALSO;807;
3118;4060;93;AT 520;FIO DE NYLON;48,00;0,00;284,00;0;27-jan-09;;2;;FALSO;FALSO;0;
3119;4061;93;H 072;ARO FECHADO;48,00;0,00;219,00;0;27-jan-09;;2;;FALSO;FALSO;770;
3121;4062;93;AT 044;ARO FECHADO;48,00;0,00;293,00;0;27-jan-09;;2;;FALSO;FALSO;460;
3122;4063;93;H 169;ARO FECHADO;48,00;0,00;319,00;0;27-jan-09;;2;;FALSO;FALSO;555;
3123;4064;93;H 045;ARO FECHADO;48,00;0,00;310,00;0;27-jan-09;;2;;FALSO;FALSO;0;
3124;4065;93;AT 3025;ARO FECHADO;48,00;0,00;340,00;0;27-jan-09;;2;;FALSO;FALSO;851;
3125;4066;93;SH 8027;ARO FECHADO;48,00;0,00;337,00;0;27-jan-09;;2;;FALSO;FALSO;451;
3127;4067;93;AT 3075;FIO DE NYLON;48,00;0,00;311,00;0;27-jan-09;;2;;FALSO;FALSO;562;
3128;4068;93;SH 103;FIO DE NYLON;48,00;0,00;285,00;0;27-jan-09;;2;;FALSO;FALSO;778;
3129;4069;93;SH 67;ARO FECHADO;48,00;0,00;215,00;0;27-jan-09;;2;;FALSO;FALSO;0;
3130;4772;132;BS 1201;FIO DE NYLON;48,00;0,00;215,00;0;27-jan-09;;2;;FALSO;FALSO;0;
3131;4193;102;2353;FIO DE NYLON;38,00;0,00;310,00;0;27-jan-09;;2;;FALSO;FALSO;177;
3132;3942;92;K 7511;FIO DE NYLON;47,00;0,00;329,00;0;27-jan-09;;2;;FALSO;FALSO;214;
3133;2865;36;6413B;FIO DE NYLON;17,00;0,00;293,00;0;28-jan-09;;2;;FALSO;FALSO;206;
3134;2866;36;5013;FIO DE NYLON;17,00;0,00;210,00;0;28-jan-09;;2;;FALSO;FALSO;209;
3135;2867;36;QK 5010;ARO FECHADO;17,00;0,00;210,00;0;28-jan-09;;2;;FALSO;FALSO;279;
3136;2868;36;FD 0018;ARO FECHADO;17,00;0,00;193,00;0;28-jan-09;;2;;FALSO;FALSO;291;
3137;5914;222;LDS  0006;Parafusada;59,52;8,92;270,00;0;28-jan-09;;2;;FALSO;FALSO;0;
3138;4128;94;8451;ARO FECHADO;30,00;0,00;72,00;0;28-jan-09;;2;;FALSO;FALSO;0;
3139;3716;63;THEO;ARO FECHADO;48,00;0,00;370,00;0;28-jan-09;;2;;FALSO;FALSO;0;
3141;5377;144;SH 6009;FIO DE NYLON;29,00;0,00;283,00;0;28-jan-09;;2;;FALSO;FALSO;0;
3142;3717;63;ALPHA;ARO FECHADO;48,00;0,00;299,00;0;28-jan-09;;2;;FALSO;FALSO;0;
3143;3718;63;GIOVANNA;ARO FECHADO;48,00;0,00;318,00;0;28-jan-09;;2;;FALSO;FALSO;0;
3144;3719;63;MALTA;ARO FECHADO;48,00;0,00;337,00;0;28-jan-09;;2;;FALSO;FALSO;305;
3145;3720;63;CINDY;ARO FECHADO;38,00;0,00;339,00;0;28-jan-09;;2;;FALSO;FALSO;0;
3146;3721;63;ROCK;ARO FECHADO;48,00;0,00;333,00;0;28-jan-09;;2;;FALSO;FALSO;0;
3147;3722;63;CHIC;ARO FECHADO;48,00;0,00;334,00;0;28-jan-09;;2;;FALSO;FALSO;306;
3148;5566;177;EG 643;ARO FECHADO;59,00;0,00;515,00;0;28-jan-09;;2;;FALSO;FALSO;343;
3149;5567;177;EG 640;FIO DE NYLON;59,00;0,00;449,00;0;28-jan-09;;2;;FALSO;FALSO;292;
3150;3612;46;J 5477 COFFEE;FIO DE NYLON;38,00;0,00;289,00;0;28-jan-09;;2;;FALSO;FALSO;0;
3151;3943;92;K 6715;FIO DE NYLON;38,00;0,00;293,00;0;28-jan-09;;2;;FALSO;FALSO;223;
3152;4194;102;348;ARO FECHADO;48,00;0,00;348,00;0;28-jan-09;;2;;FALSO;FALSO;559;
3155;3944;92;K 5724;ARO FECHADO;38,00;0,00;280,00;0;29-jan-09;;2;;FALSO;FALSO;388;
3156;3945;92;K 5741;ARO FECHADO;38,00;0,00;253,00;0;29-jan-09;;2;;FALSO;FALSO;594;
3157;2869;36;5003;ARO FECHADO;17,00;0,00;319,00;0;29-jan-09;;2;;FALSO;FALSO;0;
3158;3833;86;BQ 125;ARO FECHADO;36,00;0,00;299,00;0;31-jan-09;;2;;FALSO;FALSO;0;
3159;3946;92;K 6562;FIO DE NYLON;38,00;0,00;297,00;0;31-jan-09;;2;;FALSO;FALSO;216;
3160;4070;93;SH 82;FIO DE NYLON;48,00;0,00;316,00;0;31-jan-09;;2;;FALSO;FALSO;0;
3161;3613;46;DR 007;FIO DE NYLON;38,00;0,00;243,00;0;31-jan-09;;2;;FALSO;FALSO;0;
3162;3541;42;233 C21;FIO DE NYLON;35,00;0,00;227,00;0;31-jan-09;;2;;FALSO;FALSO;0;
3163;5378;144;8036;FIO DE NYLON;29,00;0,00;329,00;0;31-jan-09;;2;;FALSO;FALSO;486;
3164;5379;144;8052;ARO FECHADO;29,00;0,00;450,00;0;31-jan-09;;2;;FALSO;FALSO;0;
3165;3947;92;K 7116;FIO DE NYLON;38,00;0,00;91,20;0;31-jan-09;;2;;FALSO;FALSO;358;
3166;5576;180;21048 P;FIO DE NYLON;38,00;0,00;315,00;0;31-jan-09;;2;;FALSO;FALSO;530;
3167;4071;93;AT 3014;FIO DE NYLON;48,00;0,00;115,20;0;04-fev-09;;2;;FALSO;FALSO;397;
3168;2870;36;CLA 256A;ARO FECHADO;17,00;0,00;243,00;0;04-fev-09;;2;;FALSO;FALSO;0;
3169;3948;92;K 7223;FIO DE NYLON;38,00;0,00;223,00;0;04-fev-09;;2;;FALSO;FALSO;314;
3170;5368;143;AS0014;ARO FECHADO;38,00;0,00;263,00;0;04-fev-09;;2;;FALSO;FALSO;0;
3171;5342;141;HI2719C;FIO DE NYLON;39,00;0,00;284,00;0;04-fev-09;;2;;FALSO;FALSO;0;
3172;4625;128;Optilux 14 AR;;123,00;0,00;288,00;0;10-fev-09;;3;;FALSO;FALSO;0;
3173;3499;37;Estojo;;2,50;0,00;0,00;-1;12-fev-09;;4;;FALSO;FALSO;0;
3174;2871;36;CLB 4059;FIO DE NYLON;17,00;0,00;330,00;0;17-fev-09;;2;;FALSO;FALSO;0;
3175;2621;32;SH 1063;;;;1.100,00;0;18-fev-09;;1;;FALSO;FALSO;0;
3176;5730;191;KL3176 125/87 6513;;108,27;16,24;399,00;0;20-fev-09;;1;;FALSO;FALSO;0;
3177;4195;102;2356;FIO DE NYLON;56,00;0,00;339,00;0;20-fev-09;;2;;FALSO;FALSO;578;
3178;3949;92;K 6612;FIO DE NYLON;38,00;0,00;288,00;0;20-fev-09;;2;;FALSO;FALSO;191;
3179;4626;128;VS Trans Easy Clean;;170,00;0,00;490,00;0;25-fev-09;;3;;FALSO;FALSO;0;
3180;4627;128;Bifocal Ultex AR;;86,00;0,00;220,00;0;04-mar-09;;3;;FALSO;FALSO;0;
3181;4501;127;One Day - Par avulso;;2,50;0,00;15,00;0;06-mar-09;;3;;FALSO;FALSO;0;
3182;2647;33;Over Power;;120,00;0,00;370,00;0;10-mar-09;;1;;FALSO;FALSO;0;
3183;2648;33;Load;aro - acetato;38,00;0,00;370,00;0;10-mar-09;;1;;FALSO;FALSO;0;
3184;192;9;EA   9282/S FAE 95;;236,56;35,48;540,00;0;11-mar-09;;1;;FALSO;FALSO;0;
3185;226;11;SES 645 S79;;627,50;64,13;960,00;0;11-mar-09;;1;;FALSO;FALSO;0;
3186;3580;45;S207 Sport;FIO DE NYLON;56,00;0,00;320,00;0;17-mar-09;;2;;FALSO;FALSO;228;
3187;775;16;M0950;PARAFUSADO;120,00;0,00;510,00;0;19-mar-09;;2;;FALSO;FALSO;0;
3188;776;16;M0904;ARO FECHADO;120,00;0,00;510,00;0;19-mar-09;;2;;FALSO;FALSO;804;
3189;777;16;M0829;FIO DE NYLON;120,00;0,00;480,00;0;19-mar-09;;2;;FALSO;FALSO;253;
3190;5521;163;HCR 392;FIO DE NYLON;120,00;0,00;320,00;0;19-mar-09;;2;;FALSO;FALSO;692;
3191;4196;102;2367;FIO DE NYLON;48,00;0,00;350,00;0;31-mar-09;;2;;FALSO;FALSO;294;
3192;4197;102;2369;FIO DE NYLON;52,00;0,00;349,00;0;17-mar-09;;2;;FALSO;FALSO;276;
3193;1397;19;Antix Pol 12-959;;300,00;0,00;700,00;0;03-abr-09;;1;;FALSO;FALSO;0;
3194;2872;36;5018;FIO DE NYLON;48,00;0,00;199,00;0;04-abr-09;;2;;FALSO;FALSO;395;
3195;2873;36;5038;FIO DE NYLON;48,00;0,00;249,00;0;04-abr-09;;2;;FALSO;FALSO;0;
3196;4198;102;2326 Sport;FIO DE NYLON;56,00;0,00;380,00;0;17-mar-09;;2;;FALSO;FALSO;0;
3197;2874;36;ALT 1004;ARO FECHADO;48,00;0,00;329,00;-1;17-mar-09;;2;;FALSO;FALSO;0;
3198;2875;36;BS 1010A;ARO FECHADO;48,00;0,00;184,00;0;17-mar-09;;2;;FALSO;FALSO;251;
3199;2876;36;BS 1227;FIO DE NYLON;48,00;0,00;235,00;0;17-mar-09;;2;;FALSO;FALSO;385;
3200;2877;36;BS 1234;FIO DE NYLON;48,00;0,00;225,00;0;17-mar-09;;2;;FALSO;FALSO;411;
3201;2878;36;BS 1237;FIO DE NYLON;48,00;0,00;297,00;0;17-mar-09;;2;;FALSO;FALSO;278;
3202;2879;36;BS 6018;ARO FECHADO;48,00;0,00;287,00;0;17-mar-09;;2;;FALSO;FALSO;381;
3203;2880;36;BS 6021;FIO DE NYLON;48,00;0,00;215,00;0;17-mar-09;;2;;FALSO;FALSO;406;
3204;2881;36;BS 6069;FIO DE NYLON;48,00;0,00;240,00;0;17-mar-09;;2;;FALSO;FALSO;0;
3205;2882;36;BS 6079;FIO DE NYLON;48,00;0,00;296,00;0;17-mar-09;;2;;FALSO;FALSO;386;
3206;2883;36;BS 6082;FIO DE NYLON;48,00;0,00;311,00;0;17-mar-09;;2;;FALSO;FALSO;0;
3207;2884;36;BS 6135;FIO DE NYLON;48,00;0,00;293,00;0;17-mar-09;;2;;FALSO;FALSO;359;
3208;2885;36;CLD 616;FIO DE NYLON;48,00;0,00;225,00;0;17-mar-09;;2;;FALSO;FALSO;376;
3209;2886;36;CLD 618;FIO DE NYLON;48,00;0,00;220,00;0;17-mar-09;;;;FALSO;FALSO;0;
3210;2887;36;CLN 10612;FIO DE NYLON;48,00;0,00;177,00;0;17-mar-09;;;;FALSO;FALSO;422;
3211;2888;36;CLN 20814;ARO FECHADO;48,00;0,00;177,00;0;17-mar-09;;2;;FALSO;FALSO;366;
3212;2889;36;CLNM 10052;FIO DE NYLON;48,00;0,00;174,00;0;17-mar-09;;2;;FALSO;FALSO;250;
3213;2890;36;CLNM 10054;FIO DE NYLON;48,00;0,00;180,00;0;17-mar-09;;2;;FALSO;FALSO;327;
3214;2891;36;CLNM 10056;FIO DE NYLON;48,00;0,00;180,00;0;17-mar-09;;2;;FALSO;FALSO;431;
3215;2892;36;CLNM 10057;FIO DE NYLON;48,00;0,00;169,00;0;17-mar-09;;2;;FALSO;FALSO;302;
3216;2893;36;CLNM 10058;FIO DE NYLON;48,00;0,00;188,00;0;17-mar-09;;2;;FALSO;FALSO;0;
3217;2894;36;CLNM 10062;FIO DE NYLON;48,00;0,00;195,00;0;17-mar-09;;2;;FALSO;FALSO;264;
3218;2895;36;CLNM 10063;FIO DE NYLON;48,00;0,00;180,00;0;17-mar-09;;2;;FALSO;FALSO;255;
3219;2896;36;CLNM 10066;FIO DE NYLON;48,00;0,00;180,00;0;17-mar-09;;2;;FALSO;FALSO;348;
3220;2897;36;CLNM 10069;FIO DE NYLON;48,00;0,00;185,00;0;17-mar-09;;2;;FALSO;FALSO;288;
3221;2898;36;CLNM 10074;FIO DE NYLON;48,00;0,00;174,00;0;17-mar-09;;2;;FALSO;FALSO;240;
3222;2899;36;CLNM 10076;FIO DE NYLON;48,00;0,00;166,00;0;17-mar-09;;2;;FALSO;FALSO;0;
3223;2900;36;CLNM 10081;FIO DE NYLON;48,00;0,00;180,00;0;17-mar-09;;2;;FALSO;FALSO;524;
3224;2901;36;CLNM 10086;FIO DE NYLON;48,00;0,00;189,00;0;17-mar-09;;2;;FALSO;FALSO;245;
3225;2902;36;CLNM 10087;FIO DE NYLON;48,00;0,00;187,00;0;17-mar-09;;2;;FALSO;FALSO;0;
3226;2903;36;CLNM 10088;FIO DE NYLON;48,00;0,00;188,00;0;17-mar-09;;2;;FALSO;FALSO;271;
3227;2904;36;CLNM 10116;FIO DE NYLON;48,00;0,00;213,00;0;17-mar-09;;2;;FALSO;FALSO;0;
3228;2905;36;CLNM 8034;FIO DE NYLON;48,00;0,00;189,00;0;17-mar-09;;2;;FALSO;FALSO;310;
3229;2906;36;CLNM 86019;ARO FECHADO;48,00;0,00;193,00;0;17-mar-09;;2;;FALSO;FALSO;128;
3230;2907;36;CLNM 86026;ARO FECHADO;48,00;0,00;196,00;0;17-mar-09;;2;;FALSO;FALSO;468;
3231;2908;36;CLNM 86027;FIO DE NYLON;48,00;0,00;197,00;0;17-mar-09;;2;;FALSO;FALSO;332;
3232;2909;36;CLNM 86028;FIO DE NYLON;48,00;0,00;203,00;0;17-mar-09;;2;;FALSO;FALSO;329;
3233;2910;36;CLNM 86029;FIO DE NYLON;48,00;0,00;187,00;0;17-mar-09;;2;;FALSO;FALSO;280;
3234;2911;36;CLNM 86036;FIO DE NYLON;48,00;0,00;184,00;0;17-mar-09;;1;;FALSO;FALSO;363;
3235;2912;36;CLNM 86037;FIO DE NYLON;48,00;0,00;190,00;0;17-mar-09;;1;;FALSO;FALSO;281;
3236;2913;36;CLNM 86041;FIO DE NYLON;48,00;0,00;184,00;0;17-mar-09;;2;;FALSO;FALSO;0;
3237;2914;36;CLNM 86045;FIO DE NYLON;48,00;0,00;192,00;0;17-mar-09;;2;;FALSO;FALSO;249;
3238;2915;36;CLNM 86066;ARO FECHADO;48,00;0,00;201,00;0;17-mar-09;;2;;FALSO;FALSO;0;
3239;2916;36;CLNM 86067;ARO FECHADO;48,00;0,00;185,00;0;17-mar-09;;2;;FALSO;FALSO;283;
3240;2917;36;CLNM 86075;FIO DE NYLON;48,00;0,00;197,00;0;17-mar-09;;2;;FALSO;FALSO;434;
3241;2918;36;CLNM 86076;FIO DE NYLON;48,00;0,00;210,00;0;17-mar-09;;2;;FALSO;FALSO;289;
3242;2919;36;CLNM 86079;FIO DE NYLON;48,00;0,00;193,00;0;17-mar-09;;2;;FALSO;FALSO;401;
3243;2920;36;CLNM 86091;FIO DE NYLON;48,00;0,00;192,00;0;17-mar-09;;2;;FALSO;FALSO;453;
3244;2921;36;CLNM 86093;FIO DE NYLON;48,00;0,00;215,00;0;17-mar-09;;2;;FALSO;FALSO;246;
3245;2922;36;CLNM 86095;FIO DE NYLON;48,00;0,00;220,00;0;17-mar-09;;2;;FALSO;FALSO;273;
3246;2923;36;CLNM 86096;FIO DE NYLON;48,00;0,00;223,00;0;17-mar-09;;2;;FALSO;FALSO;0;
3247;2924;36;CLNM 86097;FIO DE NYLON;48,00;0,00;210,00;0;17-mar-09;;;;FALSO;FALSO;257;
3248;2925;36;K 7239;FIO DE NYLON;48,00;0,00;225,00;0;17-mar-09;;2;;FALSO;FALSO;0;
3249;2926;36;YKD 88001;FIO DE NYLON;48,00;0,00;219,00;0;17-mar-09;;2;;FALSO;FALSO;287;
3250;2927;36;YKD 88004;FIO DE NYLON;48,00;0,00;219,00;0;17-mar-09;;2;;FALSO;FALSO;389;
3251;2928;36;ZB 8021;FIO DE NYLON;48,00;0,00;198,00;0;17-mar-09;;2;;FALSO;FALSO;713;
3252;2929;36;ZQ 8020;FIO DE NYLON;48,00;0,00;197,00;0;17-mar-09;;2;;FALSO;FALSO;309;
3253;2930;36;QZ 8024;ARO FECHADO;48,00;0,00;191,00;0;17-mar-09;;2;;FALSO;FALSO;331;
3254;2931;36;BS 008;ARO FECHADO;17,00;0,00;228,00;0;17-mar-09;;2;;FALSO;FALSO;248;
3255;2932;36;CLNM 20814;ARO FECHADO;48,00;0,00;184,00;0;17-mar-09;;2;;FALSO;FALSO;0;
3256;778;16;FURIA;;0,00;0,00;399,00;0;17-mar-09;;1;;FALSO;FALSO;0;
3257;779;16;STYLE II POL;;0,00;0,00;385,00;0;17-mar-09;;1;;FALSO;FALSO;0;
3258;3834;86;AC 814;ARO FECHADO;18,00;0,00;315,00;0;13-abr-09;;2;;FALSO;FALSO;0;
3259;4628;128;Superasférica AR;;166,12;0,00;480,00;0;15-abr-09;;3;;FALSO;FALSO;0;
3260;780;16;M0905;;145,00;0,00;510,00;0;16-abr-09;;2;;FALSO;FALSO;297;
3262;781;16;M0903 002;;160,00;0,00;510,00;0;31-mar-09;;2;;FALSO;FALSO;258;
3264;3950;92;K 7075;;38,00;0,00;222,00;0;16-abr-09;;2;;FALSO;FALSO;0;
3265;171;8;DIOR GLOSSY 1 /S 584 6220;;0,00;0,00;1.489,00;0;17-abr-09;;1;;FALSO;FALSO;0;
3266;4199;102;2344;FIO DE NYLON;48,00;0,00;329,00;0;23-abr-09;;2;;FALSO;FALSO;226;
3267;4629;128;Stock Lux Red Sunsensors AR;;250,65;0,00;0,00;0;28-abr-09;;3;;FALSO;FALSO;0;
3268;4424;116;K7802;FIO DE NYLON;12,00;0,00;193,00;0;29-abr-09;;2;;FALSO;FALSO;349;
3269;4200;102;2346;FIO DE NYLON;48,00;0,00;357,00;0;29-abr-09;;2;;FALSO;FALSO;367;
3270;2933;36;HR 903;FIO DE NYLON;48,00;0,00;287,00;0;29-abr-09;;2;;FALSO;FALSO;0;
3271;5570;179;todos;aro - acetato;23,00;0,00;210,00;0;29-abr-09;;1;;FALSO;FALSO;0;
3272;3951;92;K 6616;FIO DE NYLON;38,00;0,00;333,00;0;29-abr-09;;2;;FALSO;FALSO;525;
3273;3952;92;K 6815;FIO DE NYLON;38,00;0,00;367,00;0;29-abr-09;;2;;FALSO;FALSO;296;
3274;3953;92;K 6863;FIO DE NYLON;38,00;0,00;285,00;0;29-abr-09;;2;;FALSO;FALSO;0;
3275;3954;92;K 7519;FIO DE NYLON;38,00;0,00;339,00;0;29-abr-09;;2;;FALSO;FALSO;361;
3276;3955;92;K 7749;FIO DE NYLON;38,00;0,00;325,00;0;29-abr-09;;2;;FALSO;FALSO;403;
3277;3956;92;K 7856;ARO FECHADO;38,00;0,00;318,00;0;29-abr-09;;2;;FALSO;FALSO;0;
3278;2934;36;HR 0785;FIO DE NYLON;17,00;0,00;320,00;0;29-abr-09;;2;;FALSO;FALSO;394;
3279;2935;36;HR 322;FIO DE NYLON;17,00;0,00;369,00;0;29-abr-09;;2;;FALSO;FALSO;479;
3280;2936;36;HRM 5013;FIO DE NYLON;17,00;0,00;353,00;0;29-abr-09;;2;;FALSO;FALSO;301;
3281;782;16;M.93159;aro - acetato;99,00;0,00;380,00;0;29-abr-09;;2;;FALSO;FALSO;412;
3282;783;16;M0822 166;FIO DE NYLON;128,00;0,00;480,00;0;29-abr-09;;2;;FALSO;FALSO;285;
3283;4201;102;2361;FIO DE NYLON;48,00;0,00;330,00;0;04-mai-09;;2;;FALSO;FALSO;393;
3284;4202;102;2338;FIO DE NYLON;48,00;0,00;327,00;0;30-abr-09;;2;;FALSO;FALSO;593;
3286;4203;102;534;FIO DE NYLON;48,00;0,00;297,00;0;30-abr-09;;2;;FALSO;FALSO;510;
3288;4204;102;FIO DE NYLON;2362;48,00;0,00;210,00;0;30-abr-09;;2;;FALSO;FALSO;0;
3289;2937;36;BS 6005;ARO FECHADO;17,00;0,00;210,00;0;30-abr-09;;2;;FALSO;FALSO;355;
3291;3623;49;Metal Polarizado;;38,00;0,00;210,00;-3;04-mai-09;;1;;FALSO;FALSO;0;
3292;2938;36;MB1004;ARO FECHADO;17,00;0,00;300,00;0;05-mai-09;;2;;FALSO;FALSO;554;
3293;96;7;DS0079 CNY 5F;;0,00;0,00;599,00;0;05-mai-09;;1;;FALSO;FALSO;0;
3294;4773;132;H64020;FIO DE NYLON;30,00;0,00;293,00;0;06-mai-09;;2;;FALSO;FALSO;0;
3295;4774;132;AT 2887;FIO DE NYLON;30,00;0,00;270,00;0;06-mai-09;;2;;FALSO;FALSO;0;
3296;4775;132;TH8091;FIO DE NYLON;30,00;0,00;315,00;0;06-mai-09;;2;;FALSO;FALSO;399;
3297;4776;132;SP1177;FIO DE NYLON;30,00;0,00;289,00;0;06-mai-09;;2;;FALSO;FALSO;342;
3298;4777;132;TD2707;FIO DE NYLON;30,00;0,00;297,00;0;06-mai-09;;2;;FALSO;FALSO;312;
3299;4778;132;SP1203;FIO DE NYLON;30,00;0,00;323,00;0;06-mai-09;;2;;FALSO;FALSO;432;
3300;4779;132;JB 0774;FIO DE NYLON;30,00;0,00;284,00;0;06-mai-09;;2;;FALSO;FALSO;0;
3301;4780;132;T 2848;FIO DE NYLON;30,00;0,00;290,00;0;06-mai-09;;2;;FALSO;FALSO;334;
3302;4781;132;S 5130;ARO FECHADO;30,00;0,00;280,00;0;06-mai-09;;2;;FALSO;FALSO;0;
3303;4782;132;S 5123;FIO DE NYLON;30,00;0,00;285,00;0;06-mai-09;;2;;FALSO;FALSO;377;
3304;4783;132;YG8706;ARO FECHADO;30,00;0,00;100,00;1;06-mai-09;;2;;FALSO;FALSO;0;
3305;4784;132;YG8703;ARO FECHADO;30,00;0,00;163,00;0;06-mai-09;;2;;FALSO;FALSO;382;\\TATI\Programa\FOTOS\YG8703.jpg
3306;4785;132;YG8707;ARO FECHADO;30,00;0,00;139,00;0;06-mai-09;;2;;FALSO;FALSO;0;
3309;1897;22;RB 4098 710/713N;aro - acetato;228,10;34,22;656,00;0;07-mai-09;;1;;FALSO;FALSO;0;
3310;1898;22;RB 4113 - JACKIE OHH III 601/8G;;247,10;37,07;710,00;0;07-mai-09;;1;;FALSO;FALSO;0;
3311;4630;128;VS com Teflon;;90,00;0,00;0,00;0;15-mai-09;;3;;FALSO;FALSO;0;
3312;1899;22;RB 4098 716/73;;228,10;34,22;655,00;0;19-mai-09;;1;;FALSO;FALSO;0;
3313;1900;22;RB 4127 601/71;;247,10;37,07;710,00;0;19-mai-09;;1;;FALSO;FALSO;0;
3314;784;16;MARILYN;aro - acetato;103,22;15,48;350,00;0;27-mai-09;;1;;FALSO;FALSO;0;
3315;785;16;JOY;aro - acetato;103,22;15,48;356,00;-2;27-mai-09;;1;;FALSO;FALSO;0;
3316;786;16;FUN;aro - acetato;103,22;15,48;356,00;0;27-mai-09;;1;;FALSO;FALSO;0;
3317;787;16;LANA;aro - acetato;103,22;15,48;356,00;0;27-mai-09;;1;;FALSO;FALSO;0;
3318;788;16;GOSSIP;aro - acetato;103,22;15,48;356,00;0;27-mai-09;;1;;FALSO;FALSO;0;
3319;789;16;HIGHLANDER 2;másc - acetato;103,22;15,48;356,00;0;27-mai-09;;1;;FALSO;FALSO;0;
3320;5817;194;2400-4674;;0,00;0,00;0,00;0;28-mai-09;;2;;FALSO;FALSO;516;
3321;5818;194;0700-4296;;0,00;0,00;0,00;0;28-mai-09;;2;;FALSO;FALSO;0;
3322;452;15;GU 1511 LBRN;FIO DE NYLON;142,00;0,00;520,00;0;28-mai-09;;2;;FALSO;FALSO;396;
3324;5731;191;KL4157 760/13 2N;;0,00;0,00;0,00;0;09-jun-09;;1;;FALSO;FALSO;0;
3325;2939;36;BL 7943;FIO DE NYLON;35,00;0,00;363,00;0;10-jun-09;;2;;FALSO;FALSO;330;
3326;2940;36;MC102;FIO DE NYLON;35,00;0,00;327,00;0;10-jun-09;;2;;FALSO;FALSO;333;
3327;2941;36;JC 81835;FIO DE NYLON;35,00;0,00;387,00;0;10-jun-09;;2;;FALSO;FALSO;446;
3328;2942;36;MC3021;FIO DE NYLON;35,00;0,00;315,00;0;10-jun-09;;2;;FALSO;FALSO;471;
3329;4786;132;T 4506A;FIO DE NYLON;35,00;0,00;276,00;0;10-jun-09;;2;;FALSO;FALSO;0;
3330;2943;36;HRS 7011;FIO DE NYLON;35,00;0,00;289,00;0;10-jun-09;;2;;FALSO;FALSO;369;
3331;2944;36;JC 81826;PARAFUSADO;35,00;0,00;403,00;0;10-jun-09;;2;;FALSO;FALSO;346;
3332;2945;36;JC 81834;FIO DE NYLON;35,00;0,00;387,00;0;10-jun-09;;2;;FALSO;FALSO;364;
3333;2946;36;HR 8687;FIO DE NYLON;35,00;0,00;293,00;0;10-jun-09;;2;;FALSO;FALSO;414;
3334;2947;36;HR 8002;FIO DE NYLON;35,00;0,00;269,00;0;10-jun-09;;2;;FALSO;FALSO;0;
3336;2948;36;JC 81828;FIO DE NYLON;35,00;0,00;387,00;0;10-jun-09;;2;;FALSO;FALSO;418;
3337;3559;44;BJA 6903;FIO DE NYLON;35,00;0,00;250,00;0;10-jun-09;;2;;FALSO;FALSO;0;
3338;3560;44;BJA 6907;FIO DE NYLON;35,00;0,00;250,00;0;10-jun-09;;2;;FALSO;FALSO;0;
3339;3561;44;BM 5073;FIO DE NYLON;35,00;0,00;347,00;0;10-jun-09;;2;;FALSO;FALSO;318;
3340;3957;92;K 6602;FIO DE NYLON;35,00;0,00;315,00;0;10-jun-09;;2;;FALSO;FALSO;319;
3341;3958;92;K 6599;FIO DE NYLON;35,00;0,00;370,00;0;10-jun-09;;2;;FALSO;FALSO;424;
3342;4787;132;8098;FIO DE NYLON;35,00;0,00;269,00;0;10-jun-09;;2;;FALSO;FALSO;0;
3345;5819;195;BX 0815;ARO FECHADO;35,00;0,00;509,00;0;10-jun-09;;2;;FALSO;FALSO;0;
3346;2949;36;JC 81819;FIO DE NYLON;35,00;0,00;0,00;0;10-jun-09;;2;;FALSO;FALSO;322;
3347;5732;191;KL3169 108/87 6414;;108,27;16,24;399,00;0;16-jun-09;;1;;FALSO;FALSO;0;
3348;5733;191;KL7054 2138 5216;;108,27;16,24;399,00;0;16-jun-09;;1;;FALSO;FALSO;0;
3349;5734;191;KL7549 1006 5019;FIO DE NYLON;108,27;16,24;399,00;0;16-jun-09;;2;;FALSO;FALSO;0;
3350;5735;191;KL7063 2144 5116;ARO FECHADO;99,57;14,94;379,00;0;16-jun-09;;2;;FALSO;FALSO;550;
3351;5736;191;KL7083 2183 5214;ARO FECHADO;99,57;14,94;379,00;0;16-jun-09;;2;;FALSO;FALSO;0;
3352;5737;191;KL7598 1006 5219;FIO DE NYLON;99,57;14,94;379,00;0;16-jun-09;;2;;FALSO;FALSO;466;
3353;1901;22;RB 3211 006/7P Large;;0,00;0,00;540,00;0;23-jun-09;;1;;FALSO;FALSO;0;
3354;1902;22;RB 3321 041/8E 2N;másc - metal;0,00;0,00;610,00;0;23-jun-09;;1;;FALSO;FALSO;0;
3355;1903;22;RB 3363 003/8G 3N;aro - metal;0,00;0,00;710,00;0;23-jun-09;;1;;FALSO;FALSO;0;
3356;5738;191;KL7081 2178;ARO FECHADO;0,00;0,00;430,00;0;23-jun-09;;2;;FALSO;FALSO;0;
3357;5739;191;KL7060 2019;ARO FECHADO;0,00;0,00;379,00;0;23-jun-09;;2;;FALSO;FALSO;0;
3358;5740;191;KL7080 2019;ARO FECHADO;0,00;0,00;398,00;0;23-jun-09;;2;;FALSO;FALSO;0;
3359;1904;22;RB 4087 710/13;;0,00;0,00;529,00;0;27-jun-09;;1;;FALSO;FALSO;0;
3360;4631;128;Poli Trans VI curva 8;;281,00;0,00;0,00;0;01-jul-09;;3;;FALSO;FALSO;0;
3361;4129;94;0326-3281;FIO DE NYLON;0,00;0,00;290,00;0;03-jul-09;;2;;FALSO;FALSO;409;
3362;4205;102;2380;FIO DE NYLON;48,00;0,00;337,00;0;06-jul-09;;2;;FALSO;FALSO;415;
3363;4206;102;2201;FIO DE NYLON;48,00;0,00;349,00;0;06-jul-09;;2;;FALSO;FALSO;378;
3364;3959;92;K 7871;FIO DE NYLON;48,00;0,00;293,00;0;06-jul-09;;2;;FALSO;FALSO;360;
3365;4788;132;YS 4569;FIO DE NYLON;43,00;0,00;330,00;0;14-jul-09;;2;;FALSO;FALSO;368;
3366;4789;132;H719;FIO DE NYLON;43,00;0,00;330,00;0;15-jul-09;;2;;FALSO;FALSO;379;
3367;4790;132;TH9019;FIO DE NYLON;43,00;0,00;297,00;0;15-jul-09;;2;;FALSO;FALSO;423;
3368;4791;132;T 2887;FIO DE NYLON;30,00;0,00;323,00;0;15-jul-09;;2;;FALSO;FALSO;603;
3369;4792;132;T 2878;FIO DE NYLON;30,00;0,00;329,00;0;15-jul-09;;2;;FALSO;FALSO;658;
3370;4793;132;SP1215;FIO DE NYLON;30,00;0,00;349,00;0;15-jul-09;;2;;FALSO;FALSO;391;
3371;4794;132;SP1209;FIO DE NYLON;30,00;0,00;310,00;0;15-jul-09;;2;;FALSO;FALSO;380;
3372;4795;132;SP1182;FIO DE NYLON;30,00;0,00;315,00;0;15-jul-09;;2;;FALSO;FALSO;0;
3373;4796;132;SP1172;FIO DE NYLON;30,00;0,00;350,00;0;15-jul-09;;2;;FALSO;FALSO;441;
3374;4797;132;SP1187;FIO DE NYLON;30,00;0,00;335,00;0;15-jul-09;;2;;FALSO;FALSO;646;
3375;4798;132;YS 6540;FIO DE NYLON;30,00;0,00;280,00;0;15-jul-09;;2;;FALSO;FALSO;0;
3378;4799;132;JC 91915;PARAFUSADO;30,00;0,00;385,00;0;15-jul-09;;2;;FALSO;FALSO;635;
3379;4800;132;J10553;FIO DE NYLON;30,00;0,00;310,00;0;15-jul-09;;2;;FALSO;FALSO;384;
3380;4801;132;J11008;ARO FECHADO;30,00;0,00;339,00;0;15-jul-09;;2;;FALSO;FALSO;371;
3381;4802;132;H713;FIO DE NYLON;30,00;0,00;273,00;0;15-jul-09;;2;;FALSO;FALSO;528;
3382;4803;132;H729;FIO DE NYLON;30,00;0,00;298,00;0;15-jul-09;;2;;FALSO;FALSO;410;
3383;3960;92;K 7878;FIO DE NYLON;38,00;0,00;237,00;0;15-jul-09;;2;;FALSO;FALSO;0;
3384;3961;92;K 7855;FIO DE NYLON;38,00;0,00;255,00;0;15-jul-09;;2;;FALSO;FALSO;0;
3385;3962;92;K 7924;FIO DE NYLON;38,00;0,00;315,00;0;15-jul-09;;2;;FALSO;FALSO;398;
3386;3963;92;K 8198;FIO DE NYLON;38,00;0,00;289,00;0;15-jul-09;;2;;FALSO;FALSO;413;
3387;6227;261;K 7772;FIO DE NYLON;38,00;0,00;330,00;0;15-jul-09;;2;;FALSO;FALSO;0;\\TATI\Programa\FOTOS\K 7772.jpg
3388;3964;92;K 7775;FIO DE NYLON;38,00;0,00;390,00;0;15-jul-09;;2;;FALSO;FALSO;0;
3389;4207;102;2350;ARO FECHADO;38,00;0,00;415,00;0;15-jul-09;;2;;FALSO;FALSO;501;
3390;4208;102;284;FIO DE NYLON;38,00;0,00;273,00;0;15-jul-09;;;;FALSO;FALSO;0;
3391;4209;102;2314;FIO DE NYLON;38,00;0,00;273,00;0;15-jul-09;;2;;FALSO;FALSO;0;
3392;4210;102;S7178;FIO DE NYLON;38,00;0,00;330,00;0;15-jul-09;;2;;FALSO;FALSO;452;
3393;5741;191;KL3192;;99,57;0,00;389,00;0;15-jul-09;;1;;FALSO;FALSO;0;
3394;5742;191;7079;ARO FECHADO;99,57;14,99;440,00;0;15-jul-09;;2;;FALSO;FALSO;864;
3395;3500;37;Solução SOLO CARE aqua;;18,00;0,00;40,00;0;20-jul-09;;4;;FALSO;FALSO;0;
3396;4211;102;2386;FIO DE NYLON;38,00;0,00;317,00;0;21-jul-09;;2;;FALSO;FALSO;614;
3397;4212;102;2114;FIO DE NYLON;38,00;0,00;311,00;0;21-jul-09;;2;;FALSO;FALSO;0;
3398;4213;102;2354;FIO DE NYLON;38,00;0,00;307,00;0;21-jul-09;;2;;FALSO;FALSO;480;
3399;4214;102;2377;FIO DE NYLON;38,00;0,00;335,00;0;21-jul-09;;2;;FALSO;FALSO;417;
3400;4215;102;2376;FIO DE NYLON;38,00;0,00;349,00;0;21-jul-09;;2;;FALSO;FALSO;365;
3401;4216;102;2199;FIO DE NYLON;38,00;0,00;299,00;0;21-jul-09;;2;;FALSO;FALSO;443;
3402;4217;102;S7092;FIO DE NYLON;38,00;0,00;299,00;0;21-jul-09;;2;;FALSO;FALSO;373;
3403;4218;102;2381;FIO DE NYLON;38,00;0,00;310,00;0;21-jul-09;;2;;FALSO;FALSO;404;
3404;5743;191;7618;ARO FECHADO;99,57;16,24;418,00;0;21-jul-09;;2;;FALSO;FALSO;808;
3405;2950;36;DS 14256;aro - metal;;0,00;290,00;0;25-jul-09;;1;;FALSO;FALSO;0;
3406;4632;128;Prescrição Oakley - Juliet;;250,00;0,00;1.500,00;0;13-ago-09;;3;;FALSO;FALSO;0;
3407;5744;191;7625 1048;ARO FECHADO;108,27;16,24;399,00;0;25-ago-09;;2;;FALSO;FALSO;428;
3408;5284;137;RISK;;43,00;0,00;150,00;0;25-ago-09;;1;;FALSO;FALSO;0;
3409;5285;137;BELLA;aro - acetato;43,00;1,84;170,00;0;25-ago-09;;1;;FALSO;FALSO;705;
3410;4633;128;Crizal Forte;;104,00;0,00;0,00;0;31-ago-09;;3;;FALSO;FALSO;0;
3412;37;6;DG 2018*;;350,00;0,00;1.390,00;0;03-set-09;;1;;FALSO;FALSO;0;
3413;453;15;GU 1549;;0,00;0,00;521,00;0;03-set-09;;2;;FALSO;FALSO;0;
3416;5820;196;X345 K9E;;0,00;0,00;420,00;0;03-set-09;;2;;FALSO;FALSO;0;
3418;4634;128;Stylis 1.67 Crizal Forte;;246,71;0,00;0,00;0;03-set-09;;3;;FALSO;FALSO;0;
3419;2649;33;fo;;0,00;0,00;0,00;0;14-set-09;;;;FALSO;FALSO;0;
3420;4219;102;2394;FIO DE NYLON;38,00;0,00;327,00;0;16-set-09;;2;;FALSO;FALSO;0;
3421;4220;102;A1559;FIO DE NYLON;38,00;0,00;340,00;0;16-set-09;;2;;FALSO;FALSO;0;
3422;4221;102;2389;FIO DE NYLON;38,00;0,00;293,00;0;16-set-09;;2;;FALSO;FALSO;0;
3423;4222;102;2375;FIO DE NYLON;38,00;0,00;313,00;0;16-set-09;;2;;FALSO;FALSO;706;
3424;4223;102;2135 SPORT;FIO DE NYLON;38,00;0,00;315,00;0;16-set-09;;2;;FALSO;FALSO;0;
3425;4224;102;2325;FIO DE NYLON;38,00;0,00;329,00;0;16-set-09;;2;;FALSO;FALSO;0;
3426;4225;102;2341;ARO FECHADO;38,00;0,00;319,00;0;16-set-09;;2;;FALSO;FALSO;0;
3427;4804;132;OP201;ARO FECHADO;43,00;0,00;290,00;0;16-set-09;;2;;FALSO;FALSO;0;
3428;4805;132;SP1180;FIO DE NYLON;38,00;0,00;321,00;0;16-set-09;;2;;FALSO;FALSO;493;
3429;4806;132;SP1230;FIO DE NYLON;38,00;0,00;337,00;0;16-set-09;;2;;FALSO;FALSO;478;
3430;4807;132;SP1228;FIO DE NYLON;38,00;0,00;313,00;0;16-set-09;;2;;FALSO;FALSO;448;
3431;4808;132;SP1173;FIO DE NYLON;38,00;0,00;299,00;0;16-set-09;;2;;FALSO;FALSO;548;
3433;4809;132;J11504;FIO DE NYLON;38,00;0,00;357,00;0;16-set-09;;2;;FALSO;FALSO;442;
3434;4810;132;SP1809 C1;fio - metal;38,00;0,00;315,00;0;16-set-09;;2;;FALSO;FALSO;436;
3435;4811;132;H64037;FIO DE NYLON;38,00;0,00;349,00;0;16-set-09;;2;;FALSO;FALSO;575;
3436;4812;132;TH8076;FIO DE NYLON;38,00;0,00;315,00;0;16-set-09;;2;;FALSO;FALSO;743;
3437;4813;132;H64036;FIO DE NYLON;38,00;0,00;317,00;0;16-set-09;;2;;FALSO;FALSO;601;
3438;4814;132;T 2911;FIO DE NYLON;38,00;0,00;363,00;0;16-set-09;;2;;FALSO;FALSO;449;
3439;4815;132;YS 6539;FIO DE NYLON;38,00;0,00;311,00;0;16-set-09;;2;;FALSO;FALSO;499;
3440;4816;132;TH8073;FIO DE NYLON;38,00;0,00;317,00;0;16-set-09;;2;;FALSO;FALSO;444;
3441;4817;132;MC 1061;FIO DE NYLON;38,00;0,00;303,00;0;16-set-09;;2;;FALSO;FALSO;440;
3442;4818;132;MC 1049;FIO DE NYLON;38,00;0,00;303,00;0;16-set-09;;2;;FALSO;FALSO;458;
3443;4819;132;J10733;FIO DE NYLON;38,00;0,00;278,00;0;16-set-09;;2;;FALSO;FALSO;686;
3444;4820;132;CY 9105;FIO DE NYLON;38,00;0,00;299,00;0;16-set-09;;2;;FALSO;FALSO;462;
3445;5824;197;Metal;ARO FECHADO;15,00;0,00;115,00;0;16-set-09;;1;;FALSO;FALSO;0;
3447;3670;53;Acetato;másc - acetato;47,05;0,00;190,00;0;16-set-09;;1;;FALSO;FALSO;0;
3448;4226;102;042;FIO DE NYLON;38,00;0,00;275,00;-3;24-set-09;;4;;FALSO;FALSO;561;
3449;4635;128;Hiperlight 1.53 Superasférica AR;;177,10;0,00;0,00;0;25-set-09;;3;;FALSO;FALSO;0;
3450;454;15;GU 1306 SBLK;;0,00;0,00;522,00;0;28-set-09;;2;;FALSO;FALSO;0;
3451;172;8;STRONGER L PRFDN;;510,00;0,00;1.500,00;0;30-set-09;;1;;FALSO;FALSO;0;
3452;1905;22;RB 3211-002/8G;;210,00;0,00;0,00;0;30-set-09;;1;;FALSO;FALSO;0;
3453;455;15;GU Holiday BLK;;0,00;0,00;950,00;0;03-out-09;;1;;FALSO;FALSO;0;
3454;4636;128;Hoya Lux Wide Trans;;504,10;0,00;0,00;0;08-out-09;;3;;FALSO;FALSO;0;
3455;5825;198;AB163;FIO DE NYLON;25,00;0,00;297,00;-1;09-out-09;;2;;FALSO;FALSO;0;
3456;5826;198;AB128;FIO DE NYLON;25,00;0,00;276,00;0;09-out-09;;2;;FALSO;FALSO;782;
3457;5827;199;122;ARO FECHADO;25,00;0,00;245,00;0;09-out-09;;2;;FALSO;FALSO;539;
3458;5828;200;BA128;FIO DE NYLON;25,00;0,00;227,00;0;09-out-09;;2;;FALSO;FALSO;795;
3459;2951;36;5037;FIO DE NYLON;17,00;0,00;180,00;0;09-out-09;;2;;FALSO;FALSO;0;
3460;2952;36;7792;FIO DE NYLON;17,00;0,00;178,00;0;09-out-09;;2;;FALSO;FALSO;481;
3461;2953;36;7796;FIO DE NYLON;17,00;0,00;198,00;0;09-out-09;;2;;FALSO;FALSO;484;
3462;2954;36;7799;FIO DE NYLON;17,00;0,00;218,00;0;09-out-09;;2;;FALSO;FALSO;470;
3463;2955;36;7801;FIO DE NYLON;17,00;0,00;238,00;0;09-out-09;;2;;FALSO;FALSO;477;
3464;2956;36;7803;FIO DE NYLON;17,00;0,00;188,00;0;09-out-09;;2;;FALSO;FALSO;467;
3465;2957;36;7804;FIO DE NYLON;17,00;0,00;222,00;0;09-out-09;;1;;FALSO;FALSO;469;
3466;5410;151;6028;FIO DE NYLON;30,00;0,00;160,00;0;28-out-09;;2;;FALSO;FALSO;0;
3467;5580;182;S328;FIO DE NYLON;28,00;0,00;170,00;0;28-out-09;;2;;FALSO;FALSO;1038;
3468;3780;79;063;ARO FECHADO;33,00;0,00;170,00;-11;28-out-09;;2;;FALSO;FALSO;0;
3469;5411;151;PB237;FIO DE NYLON;18,00;0,00;160,00;0;28-out-09;;2;;FALSO;FALSO;0;
3470;3844;88;BY1;FIO DE NYLON;65,00;0,00;210,00;0;28-out-09;;2;;FALSO;FALSO;0;
3472;4425;116;K7250;FIO DE NYLON;12,00;0,00;193,00;0;09-nov-09;;2;;FALSO;FALSO;564;
3473;4426;116;K7791;;12,00;0,00;148,00;0;09-nov-09;;2;;FALSO;FALSO;502;
3474;4427;116;K7794;FIO DE NYLON;12,00;0,00;157,00;0;09-nov-09;;2;;FALSO;FALSO;497;
3475;4428;116;K7797;FIO DE NYLON;12,00;0,00;155,00;0;09-nov-09;;2;;FALSO;FALSO;506;
3476;4429;116;K7816;FIO DE NYLON;12,00;0,00;160,00;0;09-nov-09;;2;;FALSO;FALSO;526;
3477;4430;116;K7817;FIO DE NYLON;12,00;0,00;160,00;0;09-nov-09;;2;;FALSO;FALSO;0;
3478;4227;102;2364;ARO FECHADO;38,00;0,00;168,00;0;09-nov-09;;2;;FALSO;FALSO;701;
3479;4228;102;2366;ARO FECHADO;38,00;0,00;168,00;0;09-nov-09;;2;;FALSO;FALSO;587;
3480;4229;102;2365;ARO FECHADO;38,00;0,00;160,00;0;09-nov-09;;2;;FALSO;FALSO;508;
3481;4431;116;K7863;FIO DE NYLON;12,00;0,00;168,00;0;09-nov-09;;2;;FALSO;FALSO;532;
3482;3965;92;K 6313;FIO DE NYLON;38,00;0,00;285,00;0;09-nov-09;;2;;FALSO;FALSO;0;
3483;4230;102;2382;FIO DE NYLON;38,00;0,00;334,00;0;09-nov-09;;2;;FALSO;FALSO;571;
3484;4231;102;2406;FIO DE NYLON;38,00;0,00;310,00;0;09-nov-09;;2;;FALSO;FALSO;574;
3485;4232;102;2397;FIO DE NYLON;38,00;0,00;315,00;0;09-nov-09;;2;;FALSO;FALSO;557;
3486;4233;102;2358;FIO DE NYLON;38,00;0,00;377,00;0;09-nov-09;;2;;FALSO;FALSO;0;
3487;4234;102;2204;FIO DE NYLON;38,00;0,00;340,00;0;09-nov-09;;2;;FALSO;FALSO;494;
3488;4235;102;A278;FIO DE NYLON;38,00;0,00;297,00;0;09-nov-09;;2;;FALSO;FALSO;529;
3489;4236;102;2378;FIO DE NYLON;38,00;0,00;289,00;0;09-nov-09;;2;;FALSO;FALSO;609;
3490;4237;102;2388;FIO DE NYLON;38,00;0,00;306,00;0;09-nov-09;;2;;FALSO;FALSO;558;
3491;4238;102;2202;FIO DE NYLON;38,00;0,00;320,00;0;09-nov-09;;2;;FALSO;FALSO;0;
3492;4239;102;2309;FIO DE NYLON;38,00;0,00;357,00;0;09-nov-09;;2;;FALSO;FALSO;0;
3493;4240;102;2384;FIO DE NYLON;38,00;0,00;365,00;0;09-nov-09;;2;;FALSO;FALSO;496;
3494;4241;102;2403;FIO DE NYLON;38,00;0,00;314,00;0;09-nov-09;;2;;FALSO;FALSO;535;
3495;4242;102;2190;FIO DE NYLON;38,00;0,00;338,00;0;09-nov-09;;2;;FALSO;FALSO;500;
3496;4243;102;2404;FIO DE NYLON;38,00;0,00;297,00;0;09-nov-09;;2;;FALSO;FALSO;893;
3497;4244;102;2355;FIO DE NYLON;38,00;0,00;389,00;0;09-nov-09;;2;;FALSO;FALSO;523;
3498;4245;102;2183;FIO DE NYLON;38,00;0,00;279,00;0;09-nov-09;;2;;FALSO;FALSO;503;
3499;4246;102;2385;FIO DE NYLON;38,00;0,00;342,00;0;09-nov-09;;2;;FALSO;FALSO;799;
3500;4247;102;329;ARO FECHADO;38,00;0,00;355,00;0;09-nov-09;;2;;FALSO;FALSO;641;
3501;4248;102;2409;FIO DE NYLON;38,00;0,00;296,00;0;09-nov-09;;2;;FALSO;FALSO;489;
3502;1906;22;RB 4098 601/71;aro - acetato;228,10;34,22;660,00;0;09-nov-09;;1;;FALSO;FALSO;0;
3503;1907;22;RB 4098 766/8G;;228,10;34,22;660,00;0;09-nov-09;;1;;FALSO;FALSO;0;
3504;1908;22;RB 4125 601/32;aro - acetato;229,34;34,40;660,00;0;09-nov-09;;1;;FALSO;FALSO;0;
3505;1909;22;RB 4127 601/8G;aro - acetato;247,10;37,07;711,00;0;09-nov-09;;1;;FALSO;FALSO;0;
3506;2958;36;6770;FIO DE NYLON;17,00;0,00;100,00;0;10-nov-09;;2;;FALSO;FALSO;485;
3507;2650;33;SHOT;FIO DE NYLON;130,00;0,00;370,00;1;10-nov-09;;2;;FALSO;FALSO;854;
3508;2651;33;T- LINE;;0,00;0,00;328,00;0;10-nov-09;;2;;FALSO;FALSO;906;
3509;2652;33;RX;FIO DE NYLON;75,00;0,00;290,00;1;10-nov-09;;2;;FALSO;FALSO;566;
3510;909;2;AN4075 67/73;aro - acetato;179,49;26,92;412,82;0;10-nov-09;;1;;FALSO;FALSO;0;
3511;4249;102;2305;FIO DE NYLON;38,00;0,00;310,00;0;16-nov-09;;2;;FALSO;FALSO;589;
3512;4250;102;A1259;FIO DE NYLON;38,00;0,00;315,00;0;16-nov-09;;2;;FALSO;FALSO;536;
3513;4251;102;2360 Titanium;2360;38,00;0,00;410,00;0;16-nov-09;;2;;FALSO;FALSO;834;
3514;3671;53;Acetato Polarizado;;49,91;0,00;180,00;0;17-nov-09;;1;;FALSO;FALSO;0;
3515;2699;34;140 Safilo;ARO FECHADO;52,00;0,00;370,00;0;17-nov-09;;2;;FALSO;FALSO;714;
3516;4432;116;K7805;FIO DE NYLON;12,00;0,00;195,00;0;17-nov-09;;1;;FALSO;FALSO;504;
3517;4433;116;K7807;FIO DE NYLON;12,00;0,00;195,00;0;17-nov-09;;2;;FALSO;FALSO;537;
3518;4434;116;K8086;FIO DE NYLON;12,00;0,00;170,00;0;17-nov-09;;2;;FALSO;FALSO;531;
3519;5286;137;SQUAD;aro - acetato;50,00;0,00;215,00;0;17-nov-09;;1;;FALSO;FALSO;0;
3520;5287;137;RISE;;50,00;0,00;215,00;0;17-nov-09;;1;;FALSO;FALSO;0;
3521;790;16;M0902;;99,00;0,00;420,00;0;17-nov-09;;2;;FALSO;FALSO;719;
3522;791;16;M0956 159;;120,00;0,00;490,00;0;17-nov-09;;2;;FALSO;FALSO;546;
3523;792;16;M0818 154;;122,72;18,41;480,00;0;17-nov-09;;2;;FALSO;FALSO;595;
3524;793;16;M0821 153;;122,72;18,41;480,00;0;17-nov-09;;2;;FALSO;FALSO;201;
3525;794;16;M0805 147;;96,82;14,52;480,00;0;17-nov-09;;2;;FALSO;FALSO;18;
3526;795;16;M0819 166;;0,00;0,00;480,00;0;17-nov-09;;2;;FALSO;FALSO;284;
3527;796;16;M0958 154;;120,00;0,00;490,00;0;17-nov-09;;2;;FALSO;FALSO;602;
3528;797;16;M0824 135;;168,13;8,41;510,00;0;17-nov-09;;2;;FALSO;FALSO;61;
3529;798;16;BRUTALE;aro - acetato;120,00;0,00;370,00;0;17-nov-09;;1;;FALSO;FALSO;0;
3531;4637;128;Hoya Argos 1.5 14 mm Trans;;0,00;0,00;0,00;0;17-nov-09;;3;;FALSO;FALSO;0;
3532;4435;116;K5891;;12,00;0,00;190,00;0;18-nov-09;;2;;FALSO;FALSO;0;
3533;4436;116;K8092;FIO DE NYLON;12,00;0,00;190,00;0;18-nov-09;;2;;FALSO;FALSO;512;
3534;4437;116;K8087;FIO DE NYLON;12,00;0,00;190,00;0;18-nov-09;;2;;FALSO;FALSO;514;
3535;4438;116;K8255;ARO FECHADO;12,00;0,00;190,00;0;18-nov-09;;2;;FALSO;FALSO;527;
3536;4439;116;K8256;ARO FECHADO;12,00;0,00;190,00;0;18-nov-09;;2;;FALSO;FALSO;0;
3537;4440;116;K8266;ARO FECHADO;12,00;0,00;195,00;0;18-nov-09;;2;;FALSO;FALSO;511;
3538;5830;201;CA009;FIO DE NYLON;20,00;0,00;230,00;0;26-nov-09;;2;;FALSO;FALSO;599;
3539;5833;202;H320;FIO DE NYLON;20,00;0,00;270,00;0;26-nov-09;;2;;FALSO;FALSO;0;
3540;5831;201;R1296C;PARAFUSADO;20,00;0,00;180,00;0;26-nov-09;;2;;FALSO;FALSO;666;
3541;5832;201;6703Q;ARO FECHADO;20,00;0,00;280,00;0;26-nov-09;;2;;FALSO;FALSO;570;
3544;5850;205;CLA133;FIO DE NYLON;20,00;0,00;189,00;0;26-nov-09;;2;;FALSO;FALSO;521;
3545;5840;204;HRS7009;FIO DE NYLON;20,00;0,00;310,00;0;26-nov-09;;2;;FALSO;FALSO;772;
3546;5841;204;YS 6098;FIO DE NYLON;20,00;0,00;290,00;0;26-nov-09;;2;;FALSO;FALSO;837;
3547;5842;204;8047;FIO DE NYLON;20,00;0,00;280,00;0;26-nov-09;;2;;FALSO;FALSO;0;
3548;5843;204;OK6134;FIO DE NYLON;20,00;0,00;214,00;0;26-nov-09;;2;;FALSO;FALSO;0;
3549;5844;204;HR30075A;FIO DE NYLON;20,00;0,00;290,00;0;26-nov-09;;2;;FALSO;FALSO;0;
3550;5845;204;HRS7009;FIO DE NYLON;20,00;0,00;270,00;0;26-nov-09;;2;;FALSO;FALSO;756;
3551;5846;204;HR30075A;FIO DE NYLON;20,00;0,00;270,00;0;26-nov-09;;2;;FALSO;FALSO;585;
3552;5834;203;824;FIO DE NYLON;20,00;0,00;210,00;0;26-nov-09;;2;;FALSO;FALSO;624;
3553;5835;203;HR910;FIO DE NYLON;20,00;0,00;215,00;0;26-nov-09;;2;;FALSO;FALSO;0;
3554;5836;203;HR0051;FIO DE NYLON;20,00;0,00;310,00;0;26-nov-09;;2;;FALSO;FALSO;0;
3555;5837;203;G2022;FIO DE NYLON;20,00;0,00;270,00;0;26-nov-09;;2;;FALSO;FALSO;831;
3556;5838;203;H564;FIO DE NYLON;20,00;0,00;210,00;0;26-nov-09;;2;;FALSO;FALSO;0;
3558;5851;206;ACETATO POLARIZADO;ARO FECHADO;30,00;0,00;210,00;0;26-nov-09;;1;;FALSO;FALSO;0;
3559;5839;203;POLARIZADA;ARO FECHADO;40,00;0,00;210,00;0;26-nov-09;;1;;FALSO;FALSO;0;
3561;456;15;GU 1539ST-51-PUR;;152,15;7,61;522,00;0;07-dez-09;;2;;FALSO;FALSO;544;
3562;457;15;GU 1568-53-GLD;;169,15;8,46;621,00;0;07-dez-09;;2;;FALSO;FALSO;956;
3563;458;15;GU 1584ST-52-NV;;186,15;9,31;522,00;0;07-dez-09;;2;;FALSO;FALSO;518;
3564;459;15;GU 1603ST-53-GLD;;186,15;9,31;522,00;0;07-dez-09;;2;;FALSO;FALSO;0;
3565;460;15;1604-54-GLD;;152,15;7,61;522,00;0;07-dez-09;;2;;FALSO;FALSO;0;
3566;461;15;GU 1607-52-GRN;;135,15;6,76;522,00;0;07-dez-09;;2;;FALSO;FALSO;620;
3567;462;15;GU 1635-52-GLD;;169,15;8,46;522,00;0;07-dez-09;;2;;FALSO;FALSO;522;
3568;463;15;GU 1642-54-PUR;;203,15;10,16;621,00;0;07-dez-09;;2;;FALSO;FALSO;648;
3569;464;15;GU 1642-54-SI;;203,15;10,16;621,00;0;07-dez-09;;2;;FALSO;FALSO;0;
3570;465;15;GU 1665;Fio de Nylon;186,15;9,31;;0;07-dez-09;;2;;FALSO;FALSO;519;
3571;466;15;GU 1602ST-52-TO;;186,15;9,31;621,00;0;07-dez-09;;2;;FALSO;FALSO;668;
3572;467;15;GU 1606-53-BRN;;135,15;6,76;522,00;0;07-dez-09;;2;;FALSO;FALSO;866;
3573;468;15;GU 1643-51-BU;;186,15;9,31;555,00;0;07-dez-09;;2;;FALSO;FALSO;606;
3574;469;15;GU 6501-62-SI-35F;aro - metal;169,15;25,37;550,00;0;07-dez-09;;1;;FALSO;FALSO;0;
3575;470;15;GU 6524-64-SGLD-34;;169,15;25,37;550,00;0;07-dez-09;;1;;FALSO;FALSO;0;
3576;471;15;GU 6526-59-GLD-34;;203,15;30,47;655,00;0;07-dez-09;;1;;FALSO;FALSO;0;
3577;472;15;GU 6542-71-BLK-3;aro - metal;169,15;25,37;550,00;0;07-dez-09;;1;;FALSO;FALSO;0;
3578;473;15;GU 6543-65-BLK-3;;169,15;25,37;550,00;0;07-dez-09;;1;;FALSO;FALSO;0;
3579;474;15;GU 6560-61-BLK-3;aro - acetato;169,15;25,37;550,00;0;07-dez-09;;1;;FALSO;FALSO;0;
3580;475;15;GU 6491-00 WHT-35;;169,15;25,37;550,00;0;07-dez-09;;1;;FALSO;FALSO;0;
3581;476;15;GU 6520-59-BLK-3;;169,15;25,37;550,00;0;07-dez-09;;1;;FALSO;FALSO;0;
3582;477;15;GU 6562-64-BLK-3;aro - acetato;152,15;22,82;500,00;0;07-dez-09;;1;;FALSO;FALSO;874;
3583;4638;128;Varilux Liberty;;136,00;0,00;0,00;0;08-dez-09;;2;;FALSO;FALSO;0;
3584;478;15;GU 1604 GLD;;98,00;0,00;555,00;0;08-dez-09;;2;;FALSO;FALSO;0;
3585;5765;193;32038;aro - metal;0,00;0,00;470,00;0;09-dez-09;;1;;FALSO;FALSO;0;
3586;2375;28;5505/S R98Q;;0,00;0,00;798,00;0;10-dez-09;;1;;FALSO;FALSO;0;
3587;5288;137;ULTRA;aro - acetato;50,00;0,00;215,00;0;11-dez-09;;1;;FALSO;FALSO;0;
3588;799;16;BUG;aro - acetato;0,00;0,00;270,00;0;11-dez-09;;1;;FALSO;FALSO;0;
3589;800;16;G TRONIC;aro - acetato;70,00;0,00;309,00;0;11-dez-09;;1;;FALSO;FALSO;0;
3590;801;16;Ultra Sonic;;0,00;0,00;309,00;0;11-dez-09;;1;;FALSO;FALSO;0;
3591;802;16;MOON;aro - acetato;0,00;0,00;0,00;0;11-dez-09;;1;;FALSO;FALSO;0;
3592;1661;21;3037 9002/7G;;0,00;0,00;725,00;0;11-dez-09;;1;;FALSO;FALSO;0;
3593;1662;21;5059 501;;0,00;0,00;0,00;0;11-dez-09;;1;;FALSO;FALSO;0;
3594;1663;21;7561/S 807;aro - acetato;0,00;0,00;0,00;0;11-dez-09;;1;;FALSO;FALSO;0;
3595;1664;21;5089 752;;0,00;0,00;0,00;0;11-dez-09;;1;;FALSO;FALSO;0;
3596;1665;21;5059 668;;0,00;0,00;0,00;0;11-dez-09;;1;;FALSO;FALSO;0;
3597;1666;21;5078 510;aro - acetato;0,00;0,00;0,00;0;11-dez-09;;1;;FALSO;FALSO;0;
3598;97;7;DS 0066 D28LV;aro - acetato;0,00;0,00;0,00;0;11-dez-09;;1;;FALSO;FALSO;0;
3599;98;7;DS 0079 D28R7;;0,00;0,00;0,00;0;11-dez-09;;1;;FALSO;FALSO;0;
3600;99;7;Sister Yes 1 HK LPH;másc - acetato;0,00;0,00;0,00;0;11-dez-09;;1;;FALSO;FALSO;0;
3601;1910;22;RB 3342 WARRIOR 004/51;aro - metal;0,00;0,00;0,00;0;11-dez-09;;1;;FALSO;FALSO;0;
3603;5852;207;AX 100/S D28 R6;másc - acetato;0,00;0,00;559,00;0;11-dez-09;;1;;FALSO;FALSO;0;
3604;5853;207;AX 096/S NTY N3;aro - metal;0,00;0,00;559,00;0;11-dez-09;;1;;FALSO;FALSO;0;
3605;5854;207;AX 048/S KKL YF;aro - acetato;0,00;0,00;559,00;0;11-dez-09;;1;;FALSO;FALSO;0;
3606;5855;207;AX 111/S NXP 02;;0,00;0,00;559,00;0;11-dez-09;;1;;FALSO;FALSO;0;
3607;5856;207;AX 094/S NTX CB;aro - metal;0,00;0,00;559,00;0;11-dez-09;;1;;FALSO;FALSO;0;
3608;38;6;DG 3021 502/73;;0,00;0,00;0,00;0;11-dez-09;;1;;FALSO;FALSO;0;
3609;39;6;DG 6007 07/73;;0,00;0,00;0,00;0;11-dez-09;;1;;FALSO;FALSO;0;
3610;40;6;DG 8053 886/13;;0,00;0,00;0,00;0;11-dez-09;;1;;FALSO;FALSO;0;
3611;479;15;GU 1605 BRN;;0,00;0,00;555,00;0;11-dez-09;;2;;FALSO;FALSO;610;
3612;480;15;GU 1605 ST SI;;0,00;0,00;588,00;0;11-dez-09;;2;;FALSO;FALSO;0;
3613;41;6;DG 3055-B 837;;380,00;0,00;0,00;0;11-dez-09;;1;;FALSO;FALSO;0;
3614;4639;128;Panop Policarbonato;;19,90;0,00;0,00;0;14-dez-09;;3;;FALSO;FALSO;0;
3615;5766;193;32003;;0,00;0,00;0,00;0;18-dez-09;;1;;FALSO;FALSO;0;
3616;1398;19;OIL RIG 03 460;;0,00;0,00;0,00;0;19-dez-09;;1;;FALSO;FALSO;0;
3617;1399;19;OIL DRUM 12 986;;0,00;0,00;0,00;0;19-dez-09;;1;;FALSO;FALSO;0;
3618;1400;19;FUEL CELL OO9096 01;aro - acetato;187,97;0,00;479,00;0;19-dez-09;;1;;FALSO;FALSO;0;
3619;5383;146;D&G 6007 07/73;;0,00;0,00;0,00;-1;21-dez-09;;1;;FALSO;FALSO;0;
3620;481;15;GU 1562-50-BRNOL;;169,15;8,46;588,00;0;21-dez-09;;2;;FALSO;FALSO;0;
3621;482;15;GU 1634-53-SI;;169,15;8,46;469,00;0;21-dez-09;;1;;FALSO;FALSO;0;
3622;483;15;GU 1651-51-BLK;;169,15;8,46;469,00;0;21-dez-09;;1;;FALSO;FALSO;0;
3623;484;15;GU 6473-63-BLK-3;;118,15;17,72;359,00;0;21-dez-09;;1;;FALSO;FALSO;0;
3624;485;15;GU 6473-63-BRN-34;;118,15;17,72;359,00;0;21-dez-09;;1;;FALSO;FALSO;0;
3625;486;15;GU 6473-63-TO-1;;118,15;17,72;359,00;0;21-dez-09;;1;;FALSO;FALSO;0;
3626;487;15;GU 6474-60-BLK-3;;118,15;17,72;359,00;0;21-dez-09;;1;;FALSO;FALSO;0;
3627;488;15;GU 6474-60-TO-1;;118,15;17,72;359,00;0;21-dez-09;;1;;FALSO;FALSO;0;
3628;489;15;GU 6476ST-65-BKCRY-3;;126,65;19,00;389,00;0;21-dez-09;;1;;FALSO;FALSO;0;
3629;490;15;GU 6521-57-BL-48;;169,15;25,37;519,00;0;21-dez-09;;1;;FALSO;FALSO;0;
3630;491;15;GU 6527-57-TO-1;;186,15;27,92;569,00;0;21-dez-09;;1;;FALSO;FALSO;0;
3631;1667;21;RA 5055 712/13;;0,00;0,00;0,00;0;21-dez-09;;1;;FALSO;FALSO;0;
3632;100;7;DS 0079 CNY5F;;0,00;0,00;695,00;0;21-dez-09;;1;;FALSO;FALSO;0;
3634;1911;22;RB 3025 001/3K;aro - metal;190,00;0,00;487,00;0;21-dez-09;;1;;FALSO;FALSO;0;
3635;1912;22;ORB 3357 004;;0,00;0,00;0,00;0;21-dez-09;;1;;FALSO;FALSO;0;
3636;1913;22;RB 4098 740/8G;;0,00;0,00;0,00;0;21-dez-09;;1;;FALSO;FALSO;0;
3637;1914;22;RB 3387 077/7B;;229,34;34,40;580,00;0;21-dez-09;;1;;FALSO;FALSO;0;
3638;1915;22;RB 3362 003/32;aro - metal;229,42;27,53;580,00;0;21-dez-09;;1;;FALSO;FALSO;0;
3640;5859;208;aro - acetato;aro - acetato;15,00;0,00;135,00;0;21-dez-09;;1;;FALSO;FALSO;0;
3642;5857;207;AX 126;;0,00;0,00;0,00;0;21-dez-09;;1;;FALSO;FALSO;0;
3643;1401;19;FUEL CELL OO9096 02;aro - acetato;0,00;0,00;525,00;0;26-dez-09;;1;;FALSO;FALSO;0;
3644;1402;19;FUEL CELL OO9096 05;;0,00;0,00;695,00;0;26-dez-09;;1;;FALSO;FALSO;0;
3645;1916;22;RB 4098 762/13 3N;aro - acetato;228,10;34,22;660,00;0;05-jan-10;;1;;FALSO;FALSO;0;
3646;4640;128;Hoya Lux Wide;;255,52;0,00;0,00;0;22-jan-10;;3;;FALSO;FALSO;0;
3647;4641;128;Espace Plus Trans;;222,00;0,00;0,00;0;27-jan-10;;3;;FALSO;FALSO;0;
3648;1917;22;RAM 2062AA RÇ 005;;0,00;0,00;0,00;0;09-fev-10;;1;;FALSO;FALSO;0;
3649;3501;37;Plaqueta Ray Ban;;0,00;0,00;0,00;-6;10-fev-10;;4;;FALSO;FALSO;0;
3650;2653;33;NEAT;;38,00;0,00;320,00;0;10-fev-10;;2;;FALSO;FALSO;540;
3651;2654;33;ACTION;;38,00;0,00;386,00;0;10-fev-10;;2;;FALSO;FALSO;541;
3652;5558;170;S.M.A.R.T.;FIO DE NYLON;54,20;0,00;315,00;0;10-fev-10;;2;;FALSO;FALSO;542;
3653;4252;102;S7218;FIO DE NYLON;38,00;0,00;0,00;0;10-fev-10;;2;;FALSO;FALSO;545;
3654;1403;19;INMATE 05-632;aro - metal;190,00;0,00;625,00;0;11-fev-10;;1;;FALSO;FALSO;0;
3656;2655;33;wall;;38,00;0,00;280,00;0;11-fev-10;;1;;FALSO;FALSO;979;
3657;2656;33;Play;;38,00;0,00;280,00;0;11-fev-10;;1;;FALSO;FALSO;989;
3658;2657;33;COLGAR;;30,50;0,00;370,00;0;11-fev-10;;2;;FALSO;FALSO;0;
3659;5559;170;LIQUID;;38,00;0,00;360,00;0;11-fev-10;;2;;FALSO;FALSO;0;
3660;2658;33;GONNA;;30,50;0,00;375,00;0;11-fev-10;;1;;FALSO;FALSO;0;
3661;2659;33;SPEED;aro - metal;30,50;0,00;392,00;0;11-fev-10;;1;;FALSO;FALSO;0;
3662;2660;33;SURVIVOR;;30,50;0,00;372,00;0;11-fev-10;;1;;FALSO;FALSO;0;
3663;2661;33;BOSS;;30,50;0,00;366,00;0;11-fev-10;;1;;FALSO;FALSO;0;
3664;2662;33;FLY - Infantil;;30,50;0,00;280,00;0;11-fev-10;;2;;FALSO;FALSO;0;
3665;2663;33;HERO;;30,50;0,00;298,00;0;11-fev-10;;1;;FALSO;FALSO;0;
3666;5862;209;P1 2097 C697 - Brinco;;78,40;0,00;278,00;0;11-fev-10;;2;;FALSO;FALSO;0;
3667;5863;209;DY6 2415 C05;;55,20;0,00;298,00;0;11-fev-10;;2;;FALSO;FALSO;0;
3668;5864;209;DY6 2414 C534;;55,20;0,00;298,00;0;11-fev-10;;2;;FALSO;FALSO;0;
3669;5865;209;DY6 2414 C25;;55,20;0,00;298,00;0;11-fev-10;;2;;FALSO;FALSO;0;
3670;5866;209;P1 2096N C698 - Corrente;;78,40;0,00;278,00;0;11-fev-10;;2;;FALSO;FALSO;876;
3671;5867;209;P1 2096N C202;;78,40;0,00;268,00;0;11-fev-10;;2;;FALSO;FALSO;633;
3672;5868;209;P1 2370N C57;;78,40;0,00;268,00;0;11-fev-10;;2;;FALSO;FALSO;556;
3673;5869;209;P1 2369N C521;;78,40;0,00;268,00;0;11-fev-10;;2;;FALSO;FALSO;553;
3674;5870;209;P1 2287N C435;;78,40;0,00;268,00;0;11-fev-10;;2;;FALSO;FALSO;1086;
3675;5871;209;P1 2285N C469;aro - metal;78,40;0,00;268,00;1;11-fev-10;;2;;FALSO;FALSO;671;\\TATI\Programa\FOTOS\P1 2285N C469.jpg
3676;5872;209;P1 2350N C521 - Corrente;;78,40;0,00;268,00;0;11-fev-10;;2;;FALSO;FALSO;0;
3677;5873;209;P2 2154 c708;;78,40;0,00;268,00;0;11-fev-10;;2;;FALSO;FALSO;0;
3678;5874;209;P2 2155 C717;;78,40;0,00;268,00;0;11-fev-10;;2;;FALSO;FALSO;681;
3679;5875;209;P2 2429 C392;;78,40;0,00;268,00;0;11-fev-10;;2;;FALSO;FALSO;0;
3680;5876;209;P6 2413 C781;aro - acetato;68,00;0,00;289,00;0;11-fev-10;;1;;FALSO;FALSO;0;
3681;5877;209;P6 2407 C781;aro - acetato;68,00;0,00;289,00;0;11-fev-10;;1;;FALSO;FALSO;0;
3682;5878;209;P7 2410 C792;;68,00;0,00;298,00;0;11-fev-10;;1;;FALSO;FALSO;0;
3683;5879;209;P7 2408 C789;aro - acetato;68,00;0,00;298,00;0;11-fev-10;;1;;FALSO;FALSO;0;
3684;5880;209;P7 2411 C794;aro - acetato;68,00;0,00;298,00;0;11-fev-10;;1;;FALSO;FALSO;0;
3685;5881;209;P7 2418 C220;aro - acetato;68,00;0,00;298,00;0;11-fev-10;;1;;FALSO;FALSO;0;
3687;4253;102;2200;FIO DE NYLON;38,00;0,00;320,00;0;12-fev-10;;2;;FALSO;FALSO;0;
3688;4254;102;2396;FIO DE NYLON;38,00;0,00;289,00;0;12-fev-10;;1;;FALSO;FALSO;0;
3689;4255;102;2398;FIO DE NYLON;38,00;0,00;289,00;0;12-fev-10;;2;;FALSO;FALSO;549;
3690;4256;102;2399;FIO DE NYLON;38,00;0,00;320,00;0;12-fev-10;;2;;FALSO;FALSO;0;
3691;4257;102;2400;FIO DE NYLON;38,00;0,00;289,00;0;12-fev-10;;2;;FALSO;FALSO;699;
3693;4258;102;2402;FIO DE NYLON;38,00;0,00;293,00;0;12-fev-10;;2;;FALSO;FALSO;605;
3694;4259;102;2413;FIO DE NYLON;38,00;0,00;320,00;0;12-fev-10;;2;;FALSO;FALSO;768;
3695;4260;102;2415;FIO DE NYLON;38,00;0,00;289,00;0;12-fev-10;;2;;FALSO;FALSO;724;
3696;4261;102;2416;FIO DE NYLON;38,00;0,00;293,00;0;12-fev-10;;2;;FALSO;FALSO;560;
3697;4262;102;2417;ARO FECHADO;38,00;0,00;320,00;0;12-fev-10;;2;;FALSO;FALSO;573;
3698;4263;102;2419;FIO DE NYLON;38,00;0,00;293,00;0;12-fev-10;;2;;FALSO;FALSO;811;
3699;4264;102;S7218;FIO DE NYLON;38,00;0,00;0,00;0;12-fev-10;;2;;FALSO;FALSO;569;
3700;4265;102;S7210;FIO DE NYLON;38,00;0,00;320,00;0;12-fev-10;;2;;FALSO;FALSO;835;
3701;492;15;GU 1634-53-SI;FIO DE NYLON;199,00;9,95;588,00;0;17-fev-10;;2;;FALSO;FALSO;0;
3702;4745;129;DGV 541 S;;0,00;0,00;0,00;0;08-mar-10;;2;;FALSO;FALSO;0;
3703;4642;128;Solamax poli AR;;0,00;0,00;0,00;0;11-mar-10;;3;;FALSO;FALSO;0;
3704;4643;128;Solalight 1.61 Teflon;;258,52;0,00;0,00;0;12-mar-10;;3;;FALSO;FALSO;0;
3705;5343;141;Acetato;;39,00;0,00;0,00;0;;;2;;FALSO;FALSO;0;
3706;4644;128;Bifocal Panop AR;;0,00;0,00;0,00;0;25-mar-10;;2;;FALSO;FALSO;0;
3707;4821;132;J11567;FIO DE NYLON;38,00;0,00;180,00;0;30-mar-10;;2;;FALSO;FALSO;572;
3708;4645;128;VS Foto Cristal;;74,88;0,00;0,00;0;08-abr-10;;3;;FALSO;FALSO;0;
3709;2959;36;8094;FIO DE NYLON;25,00;0,00;198,00;0;09-abr-10;;2;;FALSO;FALSO;577;
3712;5889;211;ST-962;;35,00;0,00;329,00;0;12-abr-10;;2;;FALSO;FALSO;591;
3713;3562;44;BA3684;FIO DE NYLON;35,00;0,00;286,00;0;12-abr-10;;2;;FALSO;FALSO;829;
3714;3563;44;BH329;FIO DE NYLON;35,00;0,00;377,00;0;12-abr-10;;2;;FALSO;FALSO;929;
3715;3564;44;BAS7814;FIO DE NYLON;35,00;0,00;339,00;0;12-abr-10;;2;;FALSO;FALSO;691;
3716;5829;200;BA172;FIO DE NYLON;25,00;0,00;299,00;0;12-abr-10;;2;;FALSO;FALSO;792;
3717;2960;36;SZ 1010;FIO DE NYLON;17,00;0,00;306,00;0;12-abr-10;;2;;FALSO;FALSO;621;
3718;2961;36;SH 295;FIO DE NYLON;17,00;0,00;277,00;0;12-abr-10;;2;;FALSO;FALSO;886;
3719;2962;36;SH 271;FIO DE NYLON;17,00;0,00;263,00;0;12-abr-10;;2;;FALSO;FALSO;608;
3720;2963;36;SH 349;FIO DE NYLON;17,00;0,00;265,00;0;12-abr-10;;2;;FALSO;FALSO;642;
3721;2964;36;SH 253;FIO DE NYLON;17,00;0,00;297,00;0;12-abr-10;;2;;FALSO;FALSO;0;
3722;2965;36;SH 242;FIO DE NYLON;17,00;0,00;289,00;0;12-abr-10;;2;;FALSO;FALSO;598;
3723;2966;36;SH 231;FIO DE NYLON;17,00;0,00;293,00;0;12-abr-10;;2;;FALSO;FALSO;611;
3724;2967;36;SH 238;FIO DE NYLON;17,00;0,00;290,00;0;12-abr-10;;2;;FALSO;FALSO;638;
3725;2968;36;SH 210;FIO DE NYLON;17,00;0,00;290,00;0;12-abr-10;;2;;FALSO;FALSO;742;
3726;2969;36;SH 227;FIO DE NYLON;17,00;0,00;311,00;0;12-abr-10;;2;;FALSO;FALSO;580;
3727;2970;36;OHF9089;FIO DE NYLON;27,50;0,00;311,00;0;12-abr-10;;2;;FALSO;FALSO;776;
3728;2971;36;LZ3026;FIO DE NYLON;17,00;0,00;323,00;0;12-abr-10;;2;;FALSO;FALSO;825;
3729;2972;36;LO7119;FIO DE NYLON;17,00;0,00;299,00;0;12-abr-10;;2;;FALSO;FALSO;636;
3730;2973;36;LO7018 AT;FIO DE NYLON;17,00;0,00;375,00;0;12-abr-10;;2;;FALSO;FALSO;0;
3731;2974;36;JC 991;FIO DE NYLON;17,00;0,00;349,00;0;12-abr-10;;2;;FALSO;FALSO;596;
3732;2975;36;JC 984;FIO DE NYLON;17,00;0,00;337,00;0;12-abr-10;;2;;FALSO;FALSO;678;
3733;2976;36;JC 981;FIO DE NYLON;17,00;0,00;339,00;0;12-abr-10;;2;;FALSO;FALSO;618;
3734;2977;36;JC 983;FIO DE NYLON;17,00;0,00;279,00;0;12-abr-10;;2;;FALSO;FALSO;696;
3735;2978;36;JC 968;FIO DE NYLON;17,00;0,00;299,00;0;12-abr-10;;2;;FALSO;FALSO;583;
3736;2979;36;G 0063;FIO DE NYLON;17,00;0,00;296,00;0;12-abr-10;;2;;FALSO;FALSO;590;
3737;2980;36;DI 173;FIO DE NYLON;17,00;0,00;289,00;0;12-abr-10;;2;;FALSO;FALSO;0;
3738;2981;36;DI 200;FIO DE NYLON;17,00;0,00;303,00;0;12-abr-10;;2;;FALSO;FALSO;0;
3739;2982;36;BO0745;FIO DE NYLON;17,00;0,00;277,00;0;12-abr-10;;2;;FALSO;FALSO;613;
3740;2983;36;BO0739;FIO DE NYLON;17,00;0,00;385,00;0;12-abr-10;;2;;FALSO;FALSO;0;
3741;2984;36;8071;FIO DE NYLON;17,00;0,00;317,00;0;12-abr-10;;2;;FALSO;FALSO;0;
3742;4822;132;T 3177;aro - metal;38,00;0,00;315,00;0;12-abr-10;;2;;FALSO;FALSO;784;
3743;4823;132;SP1283;FIO DE NYLON;38,00;0,00;324,00;0;12-abr-10;;2;;FALSO;FALSO;579;
3744;4824;132;SP1282;FIO DE NYLON;38,00;0,00;315,00;0;12-abr-10;;2;;FALSO;FALSO;0;
3745;4825;132;SP1281;FIO DE NYLON;40,00;0,00;313,00;0;12-abr-10;;2;;FALSO;FALSO;675;
3746;4826;132;SP1279;FIO DE NYLON;38,00;0,00;367,00;0;12-abr-10;;2;;FALSO;FALSO;617;
3747;4827;132;SP1258;FIO DE NYLON;38,00;0,00;377,00;0;12-abr-10;;2;;FALSO;FALSO;600;
3748;4828;132;SP1255;FIO DE NYLON;38,00;0,00;324,00;0;12-abr-10;;2;;FALSO;FALSO;604;
3749;4829;132;SP1252;FIO DE NYLON;38,00;0,00;339,00;0;12-abr-10;;2;;FALSO;FALSO;607;
3750;4830;132;SH 253;FIO DE NYLON;38,00;0,00;290,00;0;12-abr-10;;2;;FALSO;FALSO;753;
3751;4831;132;SH 238;FIO DE NYLON;38,00;0,00;295,00;0;12-abr-10;;2;;FALSO;FALSO;592;
3752;4832;132;SH 237;FIO DE NYLON;38,00;0,00;249,00;0;12-abr-10;;2;;FALSO;FALSO;840;
3753;4833;132;SH 215;FIO DE NYLON;38,00;0,00;277,00;0;12-abr-10;;2;;FALSO;FALSO;0;
3754;4834;132;JB 0918;FIO DE NYLON;38,00;0,00;333,00;0;12-abr-10;;2;;FALSO;FALSO;0;
3755;4835;132;JB 0799;FIO DE NYLON;38,00;0,00;377,00;0;12-abr-10;;2;;FALSO;FALSO;597;
3756;4836;132;J10688;FIO DE NYLON;38,00;0,00;290,00;0;12-abr-10;;2;;FALSO;FALSO;713;
3757;4837;132;DT 311;FIO DE NYLON;38,00;0,00;293,00;0;12-abr-10;;2;;FALSO;FALSO;0;
3758;4838;132;A 143;FIO DE NYLON;38,00;0,00;299,00;0;12-abr-10;;2;;FALSO;FALSO;677;
3759;4839;132;A 134;FIO DE NYLON;38,00;0,00;287,00;0;12-abr-10;;2;;FALSO;FALSO;643;
3760;4840;132;A 106;FIO DE NYLON;38,00;0,00;285,00;0;12-abr-10;;2;;FALSO;FALSO;616;
3762;5890;211;ST1074;FIO DE NYLON;35,00;0,00;303,00;0;12-abr-10;;2;;FALSO;FALSO;788;
3763;5891;211;ST1176;FIO DE NYLON;35,00;0,00;287,00;0;12-abr-10;;2;;FALSO;FALSO;581;
3764;5892;211;ST1150;FIO DE NYLON;35,00;0,00;319,00;0;12-abr-10;;2;;FALSO;FALSO;619;
3765;5893;211;ST1149;FIO DE NYLON;35,00;0,00;323,00;0;12-abr-10;;2;;FALSO;FALSO;630;
3766;5894;211;ST1044;FIO DE NYLON;35,00;0,00;296,00;0;12-abr-10;;2;;FALSO;FALSO;0;
3767;5895;211;ST1038;FIO DE NYLON;35,00;0,00;313,00;0;12-abr-10;;2;;FALSO;FALSO;629;
3769;5987;227;A 010;Parafusada;35,00;0,00;240,00;0;12-abr-10;;1;;FALSO;FALSO;0;
3770;2985;36;LC 7113;FIO DE NYLON;17,00;0,00;0,00;0;13-abr-09;;2;;FALSO;FALSO;582;
3771;42;6;DG 4058 1521/8E;;284,75;0,00;959,00;0;29-abr-10;;1;;FALSO;FALSO;0;
3772;4841;132;J319;FIO DE NYLON;40,00;0,00;290,00;0;14-mai-10;;2;;FALSO;FALSO;628;
3773;4842;132;SP1284;FIO DE NYLON;40,00;0,00;310,00;0;14-mai-10;;2;;FALSO;FALSO;721;
3774;4843;132;SP1380;FIO DE NYLON;40,00;0,00;290,00;0;14-mai-10;;2;;FALSO;FALSO;693;
3775;4844;132;SP1381;FIO DE NYLON;40,00;0,00;298,00;0;14-mai-10;;2;;FALSO;FALSO;662;
3776;4845;132;SP1387;FIO DE NYLON;40,00;0,00;250,00;0;14-mai-10;;2;;FALSO;FALSO;670;
3777;4846;132;SP1384;FIO DE NYLON;40,00;0,00;270,00;0;14-mai-10;;2;;FALSO;FALSO;634;
3778;4847;132;SP1387;FIO DE NYLON;40,00;0,00;270,00;0;14-mai-10;;2;;FALSO;FALSO;687;
3779;4848;132;T 2952;FIO DE NYLON;40,00;0,00;288,00;0;14-mai-10;;2;;FALSO;FALSO;631;
3780;4646;128;Solamax Trans Teflon;;414,60;0,00;0,00;0;27-mai-10;;3;;FALSO;FALSO;0;
3781;4647;128;Bifocal Panop Trans Easy Clean;;231,95;0,00;0,00;0;27-mai-10;;3;;FALSO;FALSO;0;
3782;803;16;M.93 039;FIO DE NYLON;120,00;0,00;430,00;0;28-mai-10;;2;;FALSO;FALSO;657;
3783;804;16;M.93 029;FIO DE NYLON;120,00;0,00;420,00;0;28-mai-10;;2;;FALSO;FALSO;615;
3784;805;16;M.93 002;ARO FECHADO;128,00;0,00;410,00;-2;28-mai-10;;2;;FALSO;FALSO;758;
3785;806;16;LAND SHARK;aro - acetato;140,00;0,00;386,00;0;28-mai-10;;1;;FALSO;FALSO;0;
3786;1918;22;RJ 9043-S 161/8F 2N;aro - acetato;0,00;0,00;390,00;0;29-mai-10;;1;;FALSO;FALSO;0;
3787;1919;22;RJ 9043-S 116/11 2N;aro - acetato;0,00;0,00;390,00;0;29-mai-10;;1;;FALSO;FALSO;0;
3788;1920;22;RJ 9047-S 159/8H 2N;aro - acetato;0,00;0,00;390,00;0;29-mai-10;;1;;FALSO;FALSO;0;
3789;5541;165;MCR 283;;96,50;0,00;335,00;0;05-jun-10;;2;;FALSO;FALSO;0;
3790;5532;164;MCR 285;;96,50;0,00;348,00;0;05-jun-10;;2;;FALSO;FALSO;0;
3791;5533;164;MCR 293;;96,50;0,00;344,00;0;05-jun-10;;2;;FALSO;FALSO;0;
3792;5522;163;HCR 394;;116,48;5,82;410,00;0;05-jun-10;;2;;FALSO;FALSO;0;
3793;5523;163;HCR 396;;116,48;5,82;411,00;0;05-jun-10;;2;;FALSO;FALSO;645;
3794;5524;163;HCR 37;;116,48;5,82;422,00;0;05-jun-10;;2;;FALSO;FALSO;0;
3795;5525;163;HCR 403;;116,48;5,82;417,00;0;05-jun-10;;2;;FALSO;FALSO;824;
3796;5526;163;HCR 404;;116,48;5,82;419,00;0;05-jun-10;;2;;FALSO;FALSO;0;
3797;5542;165;MCS 539;aro - acetato;118,30;17,75;410,00;0;05-jun-10;;1;;FALSO;FALSO;0;
3799;807;16;M.93 036;;120,00;0,00;410,00;0;07-jun-10;;2;;FALSO;FALSO;1048;
3800;808;16;M.93 037;;120,00;0,00;414,00;0;07-jun-10;;2;;FALSO;FALSO;710;
3801;809;16;M.93 038;;120,00;0,00;412,00;0;07-jun-10;;2;;FALSO;FALSO;632;
3802;810;16;land shark;;48,00;0,00;199,00;0;14-jun-10;;1;;FALSO;FALSO;879;
3803;2986;36;LO7135HX;FIO DE NYLON;0,00;0,00;0,00;0;21-jun-10;;2;;FALSO;FALSO;625;
3804;5745;191;KL7572;;0,00;0,00;0,00;0;21-jun-10;;2;;FALSO;FALSO;626;
3805;493;15;GM 101 TO;ARO FECHADO;0,00;0,00;588,00;0;30-jun-10;;2;;FALSO;FALSO;637;
3806;43;6;DG 4058 502/13;;300,00;0,00;1.013,00;0;01-jul-10;;1;;FALSO;FALSO;0;
3807;44;6;DG 4054 911/8G;;0,00;0,00;0,00;0;02-jul-10;;1;;FALSO;FALSO;0;
3808;4648;128;Hoya Lux Wide;;250,88;0,00;0,00;0;05-jul-10;;3;;FALSO;FALSO;0;
3809;5384;146;D&G 8053 886/13;;0,00;0,00;0,00;0;07-jul-10;;1;;FALSO;FALSO;0;
3810;4849;132;CD 608;FIO DE NYLON;45,00;0,00;273,00;0;12-jul-10;;2;;FALSO;FALSO;0;
3811;4850;132;SH 202;FIO DE NYLON;45,00;0,00;289,00;0;12-jul-10;;2;;FALSO;FALSO;664;
3812;4851;132;SH 291;FIO DE NYLON;45,00;0,00;245,00;0;12-jul-10;;2;;FALSO;FALSO;672;
3813;4852;132;SH 330;FIO DE NYLON;45,00;0,00;229,00;0;12-jul-10;;2;;FALSO;FALSO;682;
3814;4853;132;SH 337;FIO DE NYLON;45,00;0,00;245,00;0;12-jul-10;;2;;FALSO;FALSO;650;
3816;4854;132;SH 360;FIO DE NYLON;40,00;0,00;265,00;0;12-jul-10;;2;;FALSO;FALSO;746;
3817;4855;132;SH 457;FIO DE NYLON;45,00;0,00;293,00;0;12-jul-10;;2;;FALSO;FALSO;683;
3818;4856;132;SH 469;FIO DE NYLON;45,00;0,00;329,00;0;12-jul-10;;2;;FALSO;FALSO;700;
3819;4857;132;SP1317;FIO DE NYLON;45,00;0,00;290,00;0;12-jul-10;;2;;FALSO;FALSO;660;
3820;4858;132;SP1335;FIO DE NYLON;40,00;0,00;299,00;0;12-jul-10;;2;;FALSO;FALSO;674;
3821;4859;132;SP1371;FIO DE NYLON;45,00;0,00;299,00;0;12-jul-10;;2;;FALSO;FALSO;704;
3822;4860;132;SP1376;ARO FECHADO;45,00;0,00;275,00;0;12-jul-10;;2;;FALSO;FALSO;0;
3824;4861;132;SP1396;FIO DE NYLON;45,00;0,00;285,00;0;12-jul-10;;2;;FALSO;FALSO;0;
3825;4862;132;YD830;FIO DE NYLON;45,00;0,00;367,00;0;12-jul-10;;2;;FALSO;FALSO;659;
3826;4863;132;2821;FIO DE NYLON;45,00;0,00;240,00;0;12-jul-10;;2;;FALSO;FALSO;679;
3827;4864;132;60063;FIO DE NYLON;45,00;0,00;289,00;0;12-jul-10;;2;;FALSO;FALSO;689;
3828;4865;132;60068;FIO DE NYLON;45,00;0,00;295,00;0;12-jul-10;;2;;FALSO;FALSO;0;
3829;4866;132;60079;FIO DE NYLON;45,00;0,00;295,00;0;12-jul-10;;2;;FALSO;FALSO;709;
3830;4867;132;8733;FIO DE NYLON;45,00;0,00;329,00;0;12-jul-10;;2;;FALSO;FALSO;661;
3831;4868;132;CD 606;FIO DE NYLON;210,00;0,00;277,00;0;12-jul-10;;2;;FALSO;FALSO;0;
3832;4869;132;FA313;FIO DE NYLON;45,00;0,00;285,00;0;12-jul-10;;2;;FALSO;FALSO;0;
3833;4870;132;H64052;FIO DE NYLON;45,00;0,00;279,00;0;12-jul-10;;2;;FALSO;FALSO;0;
3834;4871;132;H64058;FIO DE NYLON;38,50;0,00;279,00;0;12-jul-10;;2;;FALSO;FALSO;730;
3835;4872;132;H64065;FIO DE NYLON;45,00;0,00;279,00;0;12-jul-10;;2;;FALSO;FALSO;649;
3836;4873;132;T 2023;ARO FECHADO;45,00;0,00;239,00;0;12-jul-10;;2;;FALSO;FALSO;0;
3837;4874;132;T 2925;FIO DE NYLON;42,50;0,00;290,00;0;12-jul-10;;2;;FALSO;FALSO;0;
3838;4875;132;T 2931;FIO DE NYLON;45,00;0,00;306,00;0;12-jul-10;;2;;FALSO;FALSO;654;
3839;4876;132;T 2956;FIO DE NYLON;45,00;0,00;310,00;0;12-jul-10;;2;;FALSO;FALSO;0;
3840;4877;132;YD02;FIO DE NYLON;45,00;0,00;287,00;0;12-jul-10;;2;;FALSO;FALSO;0;
3841;4878;132;YD09;FIO DE NYLON;45,00;0,00;290,00;0;12-jul-10;;2;;FALSO;FALSO;0;
3842;4879;132;J11625;FIO DE NYLON;45,00;0,00;278,00;0;12-jul-10;;2;;FALSO;FALSO;711;
3843;4880;132;J314;FIO DE NYLON;30,00;2,00;290,00;0;12-jul-10;;2;;FALSO;FALSO;653;
3844;5380;144;SH338;FIO DE NYLON;40,00;0,00;288,00;0;12-jul-10;;2;;FALSO;FALSO;707;
3845;2987;36;8078;FIO DE NYLON;38,00;0,00;340,00;0;12-jul-10;;2;;FALSO;FALSO;0;
3846;2988;36;8112;FIO DE NYLON;38,00;0,00;367,00;0;12-jul-10;;2;;FALSO;FALSO;779;
3848;2989;36;SH 5019;FIO DE NYLON;38,00;0,00;329,00;0;12-jul-10;;2;;FALSO;FALSO;0;
3849;2990;36;DI 250;FIO DE NYLON;38,00;0,00;297,00;0;12-jul-10;;2;;FALSO;FALSO;803;
3850;2991;36;SH 5003;FIO DE NYLON;38,00;0,00;340,00;-1;12-jul-10;;1;;FALSO;FALSO;688;
3851;2992;36;SH 5013;FIO DE NYLON;38,00;0,00;299,00;0;12-jul-10;;2;;FALSO;FALSO;702;
3852;4881;132;L125;FIO DE NYLON;45,00;0,00;320,00;0;12-jul-10;;2;;FALSO;FALSO;647;
3853;494;15;GU 1567 TO 145;ARO FECHADO;0,00;0,00;588,00;0;19-jul-10;;2;;FALSO;FALSO;651;
3854;4441;116;K7243;FIO DE NYLON;12,00;0,00;0,00;0;20-jul-10;;2;;FALSO;FALSO;652;
3855;4442;116;K7230;FIO DE NYLON;11,00;0,00;0,00;0;27-jul-10;;2;;FALSO;FALSO;656;
3856;1921;22;RB 3428 Road Spirit 003/40;;0,00;0,00;670,00;0;27-jul-10;;1;;FALSO;FALSO;0;
3857;1404;19;Impatient 05-788;;0,00;0,00;600,00;0;03-ago-10;;1;;FALSO;FALSO;0;
3858;4443;116;K7806;;11,00;0,00;0,00;0;10-ago-10;;2;;FALSO;FALSO;667;
3859;4649;128;Lente Original Oakley;;0,00;0,00;0,00;0;17-ago-10;;3;;FALSO;FALSO;0;
3860;5381;144;SH453;;0,00;0,00;0,00;-1;17-ago-10;;2;;FALSO;FALSO;673;
3861;811;16;M0825;FIO DE NYLON;128,60;0,00;380,00;0;24-ago-10;;2;;FALSO;FALSO;680;
3862;4650;128;Omega;;94,90;0,00;0,00;0;25-ago-10;;3;;FALSO;FALSO;0;
3863;4651;128;Solar poli curva 6;;0,00;0,00;58,00;0;27-ago-10;;3;;FALSO;FALSO;0;
3864;2993;36;SH 329;FIO DE NYLON;0,00;0,00;277,00;0;27-ago-10;;2;;FALSO;FALSO;684;
3865;2994;36;SH 286;FIO DE NYLON;35,00;0,00;160,00;0;31-ago-10;;2;;FALSO;FALSO;685;
3866;2995;36;SH 5005;FIO DE NYLON;0,00;0,00;210,00;0;31-ago-10;;2;;FALSO;FALSO;694;
3867;2996;36;LO7011AT;FIO DE NYLON;0,00;0,00;310,00;0;31-ago-10;;2;;FALSO;FALSO;0;
3868;2997;36;LO7048AT;FIO DE NYLON;38,00;0,00;247,00;0;02-set-10;;2;;FALSO;FALSO;0;
3869;2998;36;8075;FIO DE NYLON;30,00;0,00;270,00;0;02-set-10;;2;;FALSO;FALSO;725;
3870;2999;36;8112;FIO DE NYLON;30,00;0,00;270,00;0;02-set-10;;2;;FALSO;FALSO;712;
3871;3000;36;SH 242;FIO DE NYLON;30,00;0,00;269,00;0;02-set-10;;2;;FALSO;FALSO;733;
3872;3001;36;SH 271;FIO DE NYLON;30,00;0,00;269,00;0;02-set-10;;2;;FALSO;FALSO;718;
3873;3002;36;SH 5007;FIO DE NYLON;30,00;0,00;269,00;0;02-set-10;;2;;FALSO;FALSO;0;
3874;3003;36;DI 133;FIO DE NYLON;30,00;0,00;269,00;0;02-set-10;;2;;FALSO;FALSO;739;
3875;3004;36;DI 164;FIO DE NYLON;30,00;0,00;269,00;0;02-set-10;;2;;FALSO;FALSO;0;
3876;3005;36;DI 194;FIO DE NYLON;30,00;0,00;269,00;0;02-set-10;;2;;FALSO;FALSO;0;
3877;3006;36;DI 200;FIO DE NYLON;30,00;0,00;269,00;0;02-set-10;;2;;FALSO;FALSO;0;
3878;3007;36;JC 977;FIO DE NYLON;30,00;0,00;269,00;0;02-set-10;;2;;FALSO;FALSO;846;
3879;3008;36;JC 979;FIO DE NYLON;30,00;0,00;269,00;0;02-set-10;;2;;FALSO;FALSO;774;
3880;3009;36;JC 983;FIO DE NYLON;30,00;0,00;269,00;0;02-set-10;;2;;FALSO;FALSO;0;
3881;3010;36;LO7013AT;FIO DE NYLON;30,00;0,00;269,00;0;02-set-10;;2;;FALSO;FALSO;0;
3882;3011;36;LO7113;FIO DE NYLON;30,00;0,00;269,00;0;02-set-10;;2;;FALSO;FALSO;0;
3883;3012;36;LO5009;fio - metal;30,00;0,00;;0;02-set-10;;2;;FALSO;FALSO;708;
3884;1922;22;3342 Warrior 001/41 3F LA;;250,00;0,00;726,00;0;08-set-10;;1;;FALSO;FALSO;0;
3886;1923;22;RB 4139 783/8G 3N;;189,78;51,24;529,00;0;08-set-10;;1;;FALSO;FALSO;0;
3887;812;16;LO FI;;95,18;14,27;362,00;0;;;1;;VERDADEIRO;FALSO;0;
3888;813;16;TWIN SET;aro - acetato;96,34;11,42;362,00;0;;;1;;VERDADEIRO;FALSO;0;
3889;1405;19;PROBATION OO4041-0199U;;229,57;61,99;625,00;0;;;1;;VERDADEIRO;FALSO;0;
3890;1406;19;PROBATION OO4041-0499U;;199,82;29,97;699,00;0;;;1;;VERDADEIRO;FALSO;0;
3891;4652;128;Hoya Lux Summit Trivex Trans INFINITY;;769,34;0,00;0,00;0;;;3;;FALSO;FALSO;0;
3892;4444;116;K7234;Fio de Nylon;3,00;0,00;0,00;0;;;2;;FALSO;FALSO;695;
3893;1924;22;RB 3357 004 3N;;0,00;0,00;625,00;0;;;1;;FALSO;FALSO;0;
3894;4653;128;Varilux Liberty Crizal;;211,00;0,00;0,00;0;;;3;;FALSO;FALSO;0;
3895;1925;22;RB 4098 783/8G;aro - acetato;221,26;59,74;650,00;0;;;1;;FALSO;FALSO;0;
3896;1926;22;RB 4113 - JACKIE OHH III 805/13;aro - acetato;189,78;51,24;630,00;0;;;1;;FALSO;FALSO;0;
3897;495;15;7017 TO - 1;;170,00;0,00;0,00;0;;;1;;FALSO;FALSO;703;
3898;5289;137;DAISY;aro - acetato;54,00;6,50;180,00;0;;;1;;FALSO;FALSO;0;
3899;5290;137;LILY;aro - acetato;54,00;6,50;180,00;0;;;1;;FALSO;FALSO;0;
3900;5291;137;ROSIE;aro - acetato;54,00;6,50;180,00;0;;;1;;FALSO;FALSO;0;
3901;5292;137;TBOX;aro - acetato;54,00;6,50;180,00;0;;;1;;FALSO;FALSO;0;
3902;5293;137;WIRED;aro - acetato;54,00;6,50;180,00;0;;;1;;FALSO;FALSO;0;
3903;5860;208;máscara acetato;másc - acetato;0,00;0,00;135,00;0;;;1;;FALSO;FALSO;0;
3904;5861;208;máscara metal;másc - metal;0,00;0,00;135,00;0;;;1;;FALSO;FALSO;0;
3905;4882;132;T 3009;Fio de Nylon;32,00;0,00;280,00;0;;;2;;FALSO;FALSO;715;
3906;4883;132;T2968;Fio de Nylon;32,00;0,00;280,00;0;;;1;;FALSO;FALSO;716;
3907;4884;132;A 105;Fio de Nylon;30,00;0,00;290,00;0;;;2;;FALSO;FALSO;723;
3908;4885;132;BC 8086;aro - acetato;;0,00;320,00;0;;;2;;FALSO;FALSO;805;
3909;4886;132;J11664;Fio de Nylon;30,00;0,00;215,00;0;;;2;;FALSO;FALSO;738;
3910;4887;132;J310;Fio de Nylon;30,00;0,00;290,00;0;;;2;;FALSO;FALSO;794;
3911;4888;132;JB 0955A;Fio de Nylon;30,00;0,00;195,00;0;;;2;;FALSO;FALSO;815;
3912;4889;132;M948;Aro Fechado;30,00;0,00;285,00;0;;;2;;FALSO;FALSO;806;
3913;4890;132;M952;Fio de Nylon;30,00;0,00;290,00;0;;;2;;FALSO;FALSO;797;
3914;4891;132;M953;Fio de Nylon;30,00;0,00;290,00;0;;;2;;FALSO;FALSO;921;
3915;4892;132;M954;Fio de Nylon;30,00;0,00;290,00;0;;;2;;FALSO;FALSO;0;
3916;4893;132;M956;Fio de Nylon;30,00;0,00;290,00;0;;;2;;FALSO;FALSO;842;
3918;4894;132;M958;Fio de Nylon;30,00;0,00;290,00;0;;;2;;FALSO;FALSO;0;
3919;4895;132;SH 212;Fio de Nylon;30,00;0,00;285,00;0;;;2;;FALSO;FALSO;757;
3920;4896;132;SH 275;Aro Fechado;30,00;0,00;285,00;0;;;2;;FALSO;FALSO;821;
3921;4897;132;SH 282;Fio de Nylon;30,00;0,00;285,00;0;;;2;;FALSO;FALSO;749;
3922;4898;132;SH 309;Fio de Nylon;30,00;0,00;285,00;0;;;2;;FALSO;FALSO;735;
3923;4899;132;SH 379;Fio de Nylon;30,00;0,00;272,00;0;;;2;;FALSO;FALSO;729;
3924;4900;132;SP1238;Fio de Nylon;30,00;0,00;310,00;0;;;2;;FALSO;FALSO;717;
3925;4901;132;SP1240;Fio de Nylon;30,00;0,00;285,00;0;;;2;;FALSO;FALSO;0;
3926;4902;132;SP1243;Fio de Nylon;30,00;0,00;272,00;0;;;2;;FALSO;FALSO;727;
3927;4903;132;SP1326;Fio de Nylon;30,00;0,00;199,00;0;;;2;;FALSO;FALSO;748;
3928;4904;132;SP1352;Fio de Nylon;30,00;0,00;279,00;0;;;2;;FALSO;FALSO;751;
3929;4905;132;SP1412;Fio de Nylon;30,00;0,00;249,00;0;;;2;;FALSO;FALSO;734;
3930;4906;132;T 2954;Fio de Nylon;30,00;0,00;277,00;0;;;2;;FALSO;FALSO;740;
3931;4907;132;T 2955;Fio de Nylon;30,00;0,00;299,00;0;;;2;;FALSO;FALSO;0;
3932;4908;132;T 2994;Fio de Nylon;30,00;0,00;279,00;0;;;2;;FALSO;FALSO;0;
3933;4909;132;T 2999;Fio de Nylon;30,00;0,00;269,00;0;;;2;;FALSO;FALSO;752;
3934;4910;132;T 3004;Fio de Nylon;30,00;0,00;279,00;0;;;2;;FALSO;FALSO;722;
3935;4911;132;T 3012;Fio de Nylon;35,00;0,00;269,00;0;;;2;;FALSO;FALSO;793;
3936;4912;132;T 3012;Fio de Nylon;30,00;0,00;309,00;0;;;2;;FALSO;FALSO;750;
3937;4913;132;YD800-1;Fio de Nylon;30,00;0,00;290,00;0;;;2;;FALSO;FALSO;809;
3938;4914;132;D2704 POL;Aro Fechado;45,00;0,00;229,00;0;;;1;;FALSO;FALSO;0;
3939;4915;132;D2711 POL;Aro Fechado;45,00;0,00;229,00;0;;;1;;FALSO;FALSO;0;
3940;4916;132;D2737;Aro Fechado;40,00;0,00;189,00;0;;;1;;FALSO;FALSO;0;
3941;4917;132;D2741;Aro Fechado;40,00;0,00;189,00;0;;;1;;FALSO;FALSO;0;
3943;3845;88;X GAMES;Infantil;6,00;0,00;79,00;0;;;1;;FALSO;FALSO;0;
3944;3846;88;WALL E;Infantil;6,00;0,00;79,00;0;;;1;;FALSO;FALSO;0;
3945;3847;88;TINKER BELL;Infantil;6,00;0,00;79,00;0;;;1;;FALSO;FALSO;0;
3946;3848;88;PRINCESS;Infantil;6,00;0,00;79,00;0;;;1;;FALSO;FALSO;0;
3947;3849;88;CAMP ROCK;Infantil;6,00;0,00;79,00;0;;;1;;FALSO;FALSO;0;
3948;3850;88;HANNA MONTANA;Infantil;6,00;0,00;79,00;0;;;1;;FALSO;FALSO;0;
3949;1636;20;SPR 05H 7JV-8C1;másc - acetato;0,00;0,00;780,00;0;;;1;;FALSO;FALSO;0;
3950;4266;102;2481;Fio de Nylon;50,00;0,00;318,00;0;;;2;;FALSO;FALSO;0;
3951;4267;102;2480;Fio de Nylon;40,00;0,00;289,00;0;;;2;;FALSO;FALSO;860;
3952;4268;102;2475;Fio de Nylon;40,00;0,00;314,00;0;;;2;;FALSO;FALSO;0;
3953;4269;102;2471;Fio de Nylon;40,00;0,00;277,00;0;;;2;;FALSO;FALSO;790;
3954;4270;102;2466;Fio de Nylon;40,00;0,00;277,00;0;;;2;;FALSO;FALSO;789;
3955;4271;102;2459;Fio de Nylon;40,00;0,00;277,00;0;;;2;;FALSO;FALSO;885;
3956;4272;102;2455;Fio de Nylon;40,00;0,00;266,00;0;;;2;;FALSO;FALSO;754;
3957;4273;102;2438;Fio de Nylon;40,00;0,00;247,00;0;;;2;;FALSO;FALSO;0;
3958;4274;102;2427;Fio de Nylon;40,00;0,00;245,00;0;;;2;;FALSO;FALSO;726;
3959;4275;102;2418 SPORT;Fio de Nylon;40,00;0,00;244,00;0;;;2;;FALSO;FALSO;0;
3960;4276;102;2209;Fio de Nylon;40,00;0,00;299,00;0;;;2;;FALSO;FALSO;0;
3961;4277;102;2208;Fio de Nylon;38,00;0,00;277,00;0;;;2;;FALSO;FALSO;0;
3963;4278;102;2128;Aro Fechado;45,00;0,00;310,00;0;;;2;;FALSO;FALSO;0;
3964;1927;22;RB 4098 767/8G;másc - acetato;192,00;0,00;660,00;0;;;2;;FALSO;FALSO;0;
3965;5902;219;MX311S 50F;aro - acetato;210,00;0,00;708,00;0;;;1;;FALSO;FALSO;0;
3966;5903;219;MX314S 08B;másc - acetato;0,00;0,00;0,00;0;;;1;;FALSO;FALSO;0;
3967;5904;219;MX312S 50F;aro - acetato;0,00;0,00;708,00;0;;;1;;FALSO;FALSO;0;
3968;5905;219;MX314S 16Z;másc - acetato;0,00;0,00;773,00;-1;;;1;;FALSO;FALSO;0;
3969;5906;219;MX312S 05B;aro - acetato;0,00;0,00;708,00;0;;;1;;FALSO;FALSO;0;
3970;5907;219;MX247S H56;másc - acetato;0,00;0,00;644,00;-1;;;1;;FALSO;FALSO;0;
3971;5908;219;MX292S D26;másc - metal;0,00;0,00;695,00;0;;;1;;FALSO;FALSO;0;
3972;5909;219;MX269 265;Aro Fechado;210,00;0,00;595,00;0;;;2;;FALSO;FALSO;0;
3973;5910;219;MX282 454;Fio de Nylon;0,00;0,00;619,00;0;;;2;;FALSO;FALSO;0;
3974;4502;127;COLORIDAS COM GRAU;;46,00;0,00;148,00;0;;;3;;FALSO;FALSO;0;
3975;4654;128;Solalight 1.67 Surf Infinity;;318,00;0,00;0,00;0;;;3;;FALSO;FALSO;0;
3976;1928;22;RB 3293 001/13 3N;aro - metal;190,00;0,00;0,00;0;;;1;;FALSO;FALSO;0;
3977;3013;36;DS 14200-2;aro - metal;;0,00;290,00;0;;;2;;FALSO;FALSO;937;
3978;3014;36;023;Fio de Nylon;38,00;0,00;222,00;-1;;;2;;FALSO;FALSO;791;
3979;3015;36;LO7010AT;Fio de Nylon;38,00;0,00;289,00;0;;;2;;FALSO;FALSO;0;
3980;3016;36;LO7017AT;Fio de Nylon;38,00;0,00;299,00;0;;;2;;FALSO;FALSO;777;
3981;3017;36;LO7019AT;Fio de Nylon;38,00;0,00;305,00;0;;;2;;FALSO;FALSO;0;
3982;3018;36;LO7042AT;Fio de Nylon;38,00;0,00;295,00;0;;;2;;FALSO;FALSO;0;
3983;3019;36;LO7052AT;Fio de Nylon;38,00;0,00;309,00;0;;;2;;FALSO;FALSO;744;
3984;3020;36;LO7090;Fio de Nylon;38,00;0,00;297,00;0;;;2;;FALSO;FALSO;0;
3985;3021;36;LO7104;Fio de Nylon;38,00;0,00;290,00;0;;;2;;FALSO;FALSO;773;
3986;3022;36;LO7112;Fio de Nylon;38,00;0,00;305,00;0;;;2;;FALSO;FALSO;865;
3987;3023;36;LO7133HX;Fio de Nylon;38,00;0,00;289,00;0;;;2;;FALSO;FALSO;760;
3988;3024;36;LO7152LBS;Fio de Nylon;38,00;0,00;279,00;0;;;2;;FALSO;FALSO;769;
3989;3025;36;OHF9091;Fio de Nylon;20,00;0,00;312,00;0;;;2;;FALSO;FALSO;787;
3990;4279;102;2441;Fio de Nylon;38,00;0,00;310,00;0;;;2;;FALSO;FALSO;737;
3991;3026;36;019;Fio de Nylon;38,00;0,00;199,00;0;;;2;;FALSO;FALSO;998;
3992;4280;102;217;Fio de Nylon;48,00;0,00;199,00;0;;;2;;FALSO;FALSO;755;
3993;4281;102;259;Fio de Nylon;48,00;0,00;239,00;0;;;2;;FALSO;FALSO;0;
3994;4282;102;2454;Fio de Nylon;48,00;0,00;259,00;0;;;2;;FALSO;FALSO;855;
3995;4283;102;2467;Fio de Nylon;48,00;0,00;279,00;0;;;2;;FALSO;FALSO;785;
3996;3966;92;K 7072;Fio de Nylon;38,00;0,00;199,00;0;;;2;;FALSO;FALSO;731;
3997;3542;42;540 16 46;Aro Fechado;65,00;0,00;222,00;0;;;2;;FALSO;FALSO;0;
3998;3543;42;573 22-50;Aro Fechado;65,00;0,00;218,00;0;;;2;;FALSO;FALSO;872;
3999;4445;116;K7238;Fio de Nylon;11,00;0,00;0,00;0;;;2;;FALSO;FALSO;736;
4000;1929;22;RB 3342 WARRIOR 001/41 3F L.A.;Aro Fechado;0,00;0,00;726,00;0;;;2;;FALSO;FALSO;0;
4001;4655;128;Argos Trivex Infinity;;277,00;0,00;0,00;0;;;3;;FALSO;FALSO;0;
4002;5882;209;P2 2502;Aro Fechado;68,00;0,00;250,00;0;;;2;;FALSO;FALSO;741;
4003;2664;33;SPEED MAX 81289-3;;0,00;0,00;;0;;;1;;FALSO;FALSO;0;
4004;2665;33;CHALLENGE;aro - acetato;120,00;0,00;412,00;0;;;1;;FALSO;FALSO;0;
4005;2666;33;ACE;aro - metal;120,00;0,00;419,00;0;;;1;;FALSO;FALSO;960;
4006;2667;33;FURY;aro - acetato;120,00;0,00;407,00;0;;;1;;FALSO;FALSO;0;
4007;2668;33;COURAGE;aro - acetato;120,00;0,00;405,00;0;;;1;;FALSO;FALSO;0;
4008;45;6;DG 4018-B 130 3N;;784,50;0,00;1.569,00;0;;;1;;FALSO;FALSO;0;
4009;46;6;DG 6030B 502/73 3N;;779,50;0,00;1.559,00;0;;;1;;FALSO;FALSO;0;
4010;47;6;DG 4059 1547/8E 2N;;300,00;0,00;1.008,00;0;;;1;;FALSO;FALSO;0;
4011;48;6;DG 4048 858/73 3N;;479,50;0,00;959,00;0;;;1;;FALSO;FALSO;0;
4012;5385;146;D&G 6009 01/87;;471,00;0,00;942,00;0;;;1;;FALSO;FALSO;0;
4013;5386;146;D&G 3021 502/73;;364,50;0,00;729,00;0;;;1;;FALSO;FALSO;0;
4014;5387;146;D&G 8045-B 525/13;;364,00;0,00;728,00;0;;;1;;FALSO;FALSO;0;
4015;5388;146;D&G 6070 459/F9 3N;;363,00;0,00;726,00;0;;;1;;FALSO;FALSO;0;
4016;2572;31;VO 2664-S 3N;;245,00;0,00;490,00;0;;;1;;FALSO;FALSO;873;
4017;2573;31;VO 2652-S W656/13;;445,00;0,00;445,00;0;;;1;;FALSO;FALSO;0;
4018;2574;31;VO 2651-S 1836/11;;247,50;0,00;495,00;0;;;1;;FALSO;FALSO;0;
4019;2575;31;VO 2651-S 1835/11;;247,50;0,00;495,00;0;;;1;;FALSO;FALSO;0;
4020;3735;64;5625/S D28E5;;525,00;0,00;1.050,00;0;;;1;;FALSO;FALSO;0;
4021;3736;64;5508/S 09TG2;;628,00;0,00;1.256,00;0;;;1;;FALSO;FALSO;0;
4022;3737;64;5203/S 6LBLE;;508,00;0,00;1.016,00;0;;;3;;FALSO;FALSO;0;
4023;496;15;GU 6426 GLD-1;;159,50;0,00;319,00;0;;;1;;FALSO;FALSO;0;
4024;497;15;GU 7006 SI-22F;;175,00;0,00;350,00;0;;;1;;FALSO;FALSO;0;
4025;498;15;GU 6543 GUN-3;;249,00;0,00;498,00;0;;;1;;FALSO;FALSO;0;
4026;499;15;GU 6524 SI-35;;0,00;0,00;495,00;0;;;1;;FALSO;FALSO;0;
4027;500;15;GU 6524 SI-35;;247,50;0,00;495,00;0;;;1;;FALSO;FALSO;0;
4028;501;15;GU 7017 BLK-3;;264,00;0,00;528,00;0;;;1;;FALSO;FALSO;0;
4029;502;15;GU 6586 BLK-3;;245,00;0,00;490,00;0;;;1;;FALSO;FALSO;0;
4030;503;15;GU 6574 BLK-3;;490,00;0,00;490,00;0;;;1;;FALSO;FALSO;0;
4031;504;15;GU 7016 TO-1;;245,00;0,00;490,00;0;;;1;;FALSO;FALSO;0;
4032;505;15;GU 6574 BU-52;;245,00;0,00;490,00;0;;;1;;FALSO;FALSO;0;
4033;506;15;GU 6534 BE-68;;245,00;0,00;490,00;-1;;;1;;FALSO;FALSO;0;
4034;4746;129;SGV 573S Z90;;404,50;0,00;809,00;0;;;1;;FALSO;FALSO;0;
4036;4138;98;NG2 2568;;0,00;0,00;399,00;0;;;1;;FALSO;FALSO;995;
4037;4139;98;HG2 2491;;100,00;0,00;399,00;0;;;1;;FALSO;FALSO;1047;
4038;4140;98;HG2 2397;;100,00;0,00;399,00;0;;;1;;FALSO;FALSO;0;
4039;4141;98;HG2 2492;;100,00;0,00;399,00;0;;;1;;FALSO;FALSO;0;
4040;4142;98;HG1 2487N;;100,00;0,00;399,00;0;;;1;;FALSO;FALSO;0;
4041;4143;98;HG1 2347N;;100,00;0,00;399,00;-1;;;1;;FALSO;FALSO;0;
4042;4144;98;HG1 2423N;;100,00;0,00;399,00;0;;;2;;FALSO;FALSO;0;
4043;4145;98;HG2 2171;;100,00;0,00;399,00;0;;;1;;FALSO;FALSO;0;
4045;3874;89;PO1 2139N;;70,00;0,00;199,00;0;;;2;;FALSO;FALSO;0;
4046;3875;89;PO1 2373N;;70,00;0,00;199,00;1;;;2;;FALSO;FALSO;907;
4047;3876;89;PO1 2142;;70,00;0,00;199,00;0;;;2;;FALSO;FALSO;0;
4048;3877;89;PO2 2668 C915 47;aro - acetato;70,00;0,00;199,00;1;;;2;;FALSO;FALSO;0;
4049;5883;209;P1 2496N;;70,00;0,00;220,00;0;;;2;;FALSO;FALSO;0;
4050;5884;209;P1 2498;;70,00;0,00;220,00;0;;;2;;FALSO;FALSO;915;
4051;5885;209;P1 2494N;;70,00;0,00;220,00;0;;;2;;FALSO;FALSO;781;
4052;5886;209;P2 2501;;70,00;0,00;220,00;0;;;2;;FALSO;FALSO;0;
4053;5887;209;P1 2497N;;70,00;0,00;220,00;0;;;2;;FALSO;FALSO;0;
4054;5888;209;P2 2502;;70,00;0,00;220,00;0;;;2;;FALSO;FALSO;1069;
4055;5911;220;MS1 2442N;;70,00;0,00;199,00;0;;;2;;FALSO;FALSO;0;
4056;4130;94;72 Los Angeles;;0,00;0,00;210,00;0;;;1;;FALSO;FALSO;0;
4057;4131;94;68 Merlot;aro - acetato;0,00;0,00;210,00;0;;;1;;FALSO;FALSO;0;
4058;4132;94;72 Cabernet;aro - acetato;0,00;0,00;210,00;0;;;1;;FALSO;FALSO;0;
4059;3691;59;63 Denver;aro - acetato;0,00;0,00;210,00;0;;;1;;FALSO;FALSO;0;
4060;3692;59;63 Denver;aro - acetato;0,00;0,00;210,00;0;;;1;;FALSO;FALSO;0;
4061;3027;36;HY 88010;aro - metal;0,00;0,00;290,00;0;;;1;;FALSO;FALSO;0;
4062;3749;67;Pilot;aro - metal;0,00;0,00;189,00;0;;;1;;FALSO;FALSO;0;
4063;3723;63;BABY 113;aro - acetato;0,00;0,00;210,00;-2;;;1;;FALSO;FALSO;0;
4064;3724;63;NANY 501;aro - acetato;0,00;0,00;210,00;0;;;1;;FALSO;FALSO;0;
4065;3725;63;TOMMY;aro - acetato;0,00;0,00;210,00;-1;;;1;;FALSO;FALSO;0;
4066;3726;63;LUXO 156;aro - acetato;0,00;0,00;210,00;-1;;;1;;FALSO;FALSO;0;
4067;3727;63;DANI 316;aro - acetato;0,00;0,00;210,00;0;;;1;;FALSO;FALSO;0;
4068;3696;61;VDS 525;aro - acetato;0,00;0,00;210,00;0;;;1;;FALSO;FALSO;0;
4069;3697;61;VDS 526;aro - acetato;0,00;0,00;210,00;0;;;1;;FALSO;FALSO;0;
4070;3698;61;VDS 521;aro - acetato;0,00;0,00;210,00;0;;;1;;FALSO;FALSO;0;
4071;3617;47;OP 8002 C4S;aro - acetato;0,00;0,00;210,00;-1;;;1;;FALSO;FALSO;0;
4072;3618;47;FS 5018 C35;aro - acetato;0,00;0,00;210,00;0;;;1;;FALSO;FALSO;0;
4073;3739;65;187;aro - acetato;0,00;0,00;210,00;0;;;1;;FALSO;FALSO;0;
4074;1668;21;3037 900 2/7G;másc - metal;0,00;0,00;444,00;0;;;1;;FALSO;FALSO;0;
4075;5858;207;AX 112/SD 289C;aro - acetato;0,00;0,00;559,00;0;;;1;;FALSO;FALSO;0;
4076;4458;119;808;fio - metal;0,00;0,00;260,00;0;;;1;;FALSO;FALSO;0;
4077;1637;20;SPR 16H 1AB-SD1;Parafusada;0,00;0,00;0,00;0;;;1;;FALSO;FALSO;0;
4078;1638;20;SPR 05H 7JS-1A1;másc - acetato;0,00;0,00;0,00;-1;;;1;;FALSO;FALSO;0;
4079;1639;20;SPR 17H 7JS-1A1;Parafusada;0,00;0,00;0,00;0;;;1;;FALSO;FALSO;0;
4080;2279;24;3234 779;aro - acetato;0,00;0,00;0,00;1;;;1;;FALSO;FALSO;0;
4081;3674;54;ZS 1836;fio - metal;0,00;0,00;0,00;0;;;1;;FALSO;FALSO;0;
4082;3675;54;8677 02;aro - metal;0,00;0,00;0,00;0;;;1;;FALSO;FALSO;0;
4083;4750;130;8788-13G10;fio - metal;35,00;0,00;0,00;0;;;1;;FALSO;FALSO;0;
4084;3741;66;XG 0411 RO;aro - acetato;0,00;0,00;188,00;0;;;1;;FALSO;FALSO;0;
4085;3742;66;XG 0403-15;aro - acetato;0,00;0,00;188,00;0;;;1;;FALSO;FALSO;0;
4086;3743;66;XG 0401-BL;aro - acetato;0,00;0,00;188,00;0;;;1;;FALSO;FALSO;0;
4087;3744;66;XG 0402-BL;aro - acetato;0,00;0,00;188,00;-1;;;1;;FALSO;FALSO;0;
4088;3745;66;XG 0410-MO;aro - acetato;0,00;0,00;188,00;0;;;1;;FALSO;FALSO;0;
4089;3746;66;XG 0405-LB;fio - acetato;0,00;0,00;188,00;0;;;1;;FALSO;FALSO;0;
4090;3750;67;Iron;aro - acetato;0,00;0,00;189,00;0;;;1;;FALSO;FALSO;0;
4091;3751;67;Horus;aro - acetato;0,00;0,00;189,00;0;;;1;;FALSO;FALSO;0;
4093;1930;22;RB 4113 - JACKIE OHH III 804/8G;aro - metal;0,00;0,00;710,00;0;;;1;;FALSO;FALSO;0;
4094;5389;146;D&G 8020B 501/8G;másc - acetato;0,00;0,00;0,00;0;;;1;;FALSO;FALSO;0;
4095;5390;146;D&G 3021 824/8G;aro - acetato;0,00;0,00;0,00;0;;;1;;FALSO;FALSO;0;
4096;1407;19;RACING JACKET (TRANSITIONS);aro - acetato;0,00;0,00;0,00;0;;;1;;FALSO;FALSO;0;
4097;3851;88;DY6 2414;aro - acetato;65,00;6,50;210,00;0;;;1;;FALSO;FALSO;0;
4098;3852;88;DY6 2415;aro - acetato;65,00;6,50;210,00;0;;;1;;FALSO;FALSO;0;
4099;2669;33;FLY 130;aro - metal;65,00;6,50;320,00;0;;;1;;FALSO;FALSO;0;
4100;2670;33;HERO 109 PA 1348;aro - acetato;65,00;6,50;320,00;0;;;1;;FALSO;FALSO;0;
4101;1931;22;RB 4113 - JACKIE OHH III 783/8G;aro - acetato;0,00;0,00;710,00;0;;;1;;FALSO;FALSO;0;
4102;1640;20;SPR 07F1 AB-SD1;másc - acetato;0,00;0,00;0,00;0;;;1;;FALSO;FALSO;0;
4103;2622;32;SH 1547 COL Z42;aro - acetato;0,00;0,00;0,00;0;;;1;;FALSO;FALSO;0;
4104;2623;32;SH 1042 COL 568;aro - acetato;0,00;0,00;0,00;0;;;1;;FALSO;FALSO;0;
4105;3728;63;LOLA;aro - acetato;0,00;0,00;210,00;0;;;1;;FALSO;FALSO;0;
4106;3729;63;DINA;aro - acetato;0,00;0,00;210,00;0;;;1;;FALSO;FALSO;0;
4107;3730;63;LEONA;aro - acetato;0,00;0,00;210,00;0;;;1;;FALSO;FALSO;0;
4108;3731;63;REBECA;aro - acetato;68,00;0,00;210,00;0;;;1;;FALSO;FALSO;0;
4109;3732;63;FRED;aro - acetato;0,00;0,00;210,00;0;;;1;;FALSO;FALSO;0;
4110;1408;19;GRAPEVINE 03-510;aro - acetato;0,00;0,00;0,00;0;;;1;;FALSO;FALSO;0;
4111;1409;19;THUMP 200-0201;;0,00;0,00;0,00;0;;;1;;VERDADEIRO;FALSO;;
4112;5498;159;LHS 04357;aro - acetato;107,00;0,00;258,00;0;;;1;;FALSO;FALSO;;
4113;3683;56;MSN 154;aro - acetato;59,52;8,92;218,00;0;;;1;;FALSO;FALSO;0;
4114;3684;56;MS 142;aro - acetato;0,00;0,00;250,00;0;;;1;;FALSO;FALSO;0;
4115;3685;56;MSN 722;aro - acetato;59,52;8,92;218,00;-1;;;1;;FALSO;FALSO;0;
4116;3662;50;6C PC-520 GFS;másc - acetato;0,00;0,00;0,00;0;;;1;;FALSO;FALSO;0;
4117;3502;37;Máscara Metal Polarizado;másc - metal;35,00;0,00;180,00;0;;;1;;FALSO;FALSO;;
4118;3503;37;Aro Acetato Polarizado;aro - acetato;35,00;0,00;28,00;0;;;1;;FALSO;FALSO;;
4119;814;16;BLONDIE;aro - acetato;120,00;0,00;370,00;0;;;1;;FALSO;FALSO;0;
4120;815;16;REVERSE II;aro - acetato;125,65;18,85;380,00;0;;;1;;FALSO;FALSO;;
4121;2671;33;JAWS;aro - acetato;30,50;0,00;375,00;0;;;1;;FALSO;FALSO;0;
4122;507;15;GU 6449 BLK-3;másc - acetato;179,00;26,85;459,00;0;;;1;;FALSO;FALSO;0;
4123;101;7;DS 0104 OKCLF;aro - acetato;179,00;26,85;965,00;0;;;1;;FALSO;FALSO;0;
4124;1932;22;RB 3028 AV LARGE;aro - metal;0,00;0,00;0,00;0;;;1;;FALSO;FALSO;;
4125;1933;22;RB 2132 NEW WAYFARE 769;aro - acetato;160,26;19,23;410,00;0;;;1;;FALSO;FALSO;0;
4127;1410;19;ROMEO II   04 937;fio - metal;752,17;112,83;1.950,00;0;;;1;;FALSO;FALSO;;
4128;1411;19;THUMP 05-173;;0,00;0,00;0,00;0;;;1;;VERDADEIRO;FALSO;;
4130;5912;221;PO1 2135;;70,00;0,00;199,00;0;;;2;;FALSO;FALSO;802;
4131;3853;88;PO2 2234;;70,00;0,00;199,00;0;;;2;;FALSO;FALSO;0;
4132;5913;221;PO2 2362;;70,00;0,00;199,00;0;;;2;;FALSO;FALSO;0;
4133;1412;19;HI JINX 12-959 Pol.;aro - acetato;225,58;0,00;564,00;0;;;1;;FALSO;FALSO;0;
4134;1413;19;BATWOLF OO9101-03;;272,77;0,00;681,00;0;;;1;;FALSO;FALSO;0;
4135;1414;19;BECKON OO9125-01;;187,74;0,00;469,35;0;;;1;;FALSO;FALSO;0;
4136;1415;19;FUEL CELL OO9696-09;;206,76;0,00;519,00;0;;;1;;FALSO;FALSO;0;
4137;1416;19;FUEL CELL OO9101-04;;272,77;0,00;682,00;0;;;1;;FALSO;FALSO;0;
4139;1417;19;MONSTER DOG 24-023;aro - acetato;162,81;24,42;449,00;0;;;1;;FALSO;FALSO;0;
4140;1418;19;BECKON OO9125-05;aro - acetato;22,18;0,00;379,00;0;;;1;;FALSO;FALSO;0;
4141;5294;137;VIOLLETE;;44,00;0,00;222,00;0;;;1;;FALSO;FALSO;0;
4142;816;16;COLLET;;110,00;0,00;369,00;0;;;1;;FALSO;FALSO;0;
4143;817;16;M.93 026;;128,00;0,00;420,00;0;;;2;;FALSO;FALSO;761;
4144;818;16;M0959;;128,00;0,00;440,00;0;;;2;;FALSO;FALSO;0;
4145;819;16;M93030;;128,00;0,00;410,00;0;;;1;;FALSO;FALSO;14;
4146;3028;36;B 5858;;45,00;0,00;293,00;0;;;1;;FALSO;FALSO;0;
4147;3029;36;B 31019;;45,00;0,00;285,00;0;;;1;;FALSO;FALSO;0;
4148;3030;36;B 31033;;45,00;0,00;285,00;0;;;1;;FALSO;FALSO;0;
4149;3031;36;B 31020;;45,00;0,00;290,00;0;;;1;;FALSO;FALSO;0;
4150;3032;36;B 5841;;45,00;0,00;299,00;0;;;1;;FALSO;FALSO;0;
4151;3033;36;B 5893;;45,00;0,00;323,00;0;;;1;;FALSO;FALSO;0;
4152;3034;36;B 5762;;175,00;0,00;275,00;0;;;1;;FALSO;FALSO;0;
4153;3035;36;B 5763;;45,00;0,00;289,00;0;;;1;;FALSO;FALSO;0;
4154;3036;36;B 5881;;45,00;0,00;310,00;0;;;1;;FALSO;FALSO;0;
4155;3037;36;B 5888;;45,00;0,00;278,00;0;;;1;;FALSO;FALSO;0;
4156;3038;36;B 5809;;45,00;0,00;213,00;0;;;1;;FALSO;FALSO;0;
4157;3039;36;B 5880;;45,00;0,00;313,00;0;;;1;;FALSO;FALSO;0;
4158;3040;36;B 5866;;45,00;0,00;345,00;0;;;1;;FALSO;FALSO;0;
4159;4656;128;Varilux Liberty Airware Poli;;385,00;0,00;0,00;0;;;3;;FALSO;FALSO;0;
4161;3041;36;B 31048;;55,00;0,00;333,00;0;;;1;;FALSO;FALSO;0;
4162;3042;36;B 31026;;55,00;0,00;260,00;0;;;1;;FALSO;FALSO;0;
4163;3043;36;B 09142;;55,00;0,00;260,00;0;;;1;;FALSO;FALSO;0;
4164;3044;36;B 31021;;55,00;0,00;333,00;0;;;1;;FALSO;FALSO;0;
4165;1419;19;Beckon 009125-07;;180,87;27,13;459,00;0;;;1;;FALSO;FALSO;0;
4166;1420;19;CROSSHAIR 004044-04;;181,31;27,20;459,00;0;;;1;;FALSO;FALSO;0;
4167;508;15;GU 7006 GLD 34;;-120,00;0,00;403,00;0;;;1;;FALSO;FALSO;0;
4168;4657;128;Poli Soluciton cil acima de 200;;0,00;0,00;0,00;0;;;3;;FALSO;FALSO;0;
4169;4658;128;Optiprime 1.60;;73,00;0,00;0,00;0;;;3;;FALSO;FALSO;0;
4170;4659;128;VS Trans curva 8;;0,00;0,00;0,00;0;;;1;;FALSO;FALSO;0;
4171;5915;222;AL9044;;44,00;0,00;250,00;0;;;2;;FALSO;FALSO;0;
4172;3967;92;5315;;35,00;0,00;0,00;0;;;2;;FALSO;FALSO;0;
4173;3968;92;5897;;28,00;0,00;0,00;0;;;2;;FALSO;FALSO;0;
4174;3581;45;S1005;fio - metal;;0,00;320,00;0;;;2;;FALSO;FALSO;0;
4175;5391;146;D&G 8063;;250,00;0,00;550,00;0;;;1;;FALSO;FALSO;0;
4176;5392;146;D&G 8083;;240,00;0,00;528,00;0;;;1;;FALSO;FALSO;0;
4177;102;7;FIFTY FIVE BARBARELLA QSLTH;;304,09;0,00;669,00;0;;;1;;FALSO;FALSO;0;
4178;2576;31;VO 2651-S;;225,00;0,00;495,00;0;;;1;;FALSO;FALSO;0;
4179;1669;21;RA 5071 725/8D;;167,60;0,00;419,00;0;;;2;;FALSO;FALSO;0;
4180;820;16;M0955;fio - metal;168,13;8,41;420,00;0;;;1;;FALSO;FALSO;780;
4181;821;16;M0828;fio - metal;168,13;8,41;420,00;0;;;2;;FALSO;FALSO;85;
4182;822;16;M.93 027;fio - metal;120,00;0,00;419,00;0;;;2;;FALSO;FALSO;0;
4183;823;16;M0957;fio - metal;120,00;0,00;419,00;0;;;2;;FALSO;FALSO;1033;
4184;4660;128;Espace TFL;;156,00;0,00;0,00;0;;;3;;FALSO;FALSO;0;
4185;1421;19;CROSSHAIR 004044-02;;429,24;32,19;730,00;0;;;1;;FALSO;FALSO;0;
4186;1934;22;RB 3293 004/71;aro - metal;194,78;29,22;560,00;0;;;1;;FALSO;FALSO;0;
4187;1935;22;RB 3387 002/9A;;278,26;41,74;800,00;0;;;1;;FALSO;FALSO;0;
4188;1422;19;INMATE 05-634;aro - metal;349,68;69,93;670,00;0;;;1;;FALSO;FALSO;0;
4189;4284;102;2477;;38,00;0,00;297,00;0;;;2;;FALSO;FALSO;796;
4190;4285;102;2432;;38,00;0,00;329,00;0;;;2;;FALSO;FALSO;1046;
4191;4286;102;2192;;38,00;0,00;387,00;0;;;2;;FALSO;FALSO;1043;
4192;5916;222;L09005;;25,00;0,00;363,00;0;;;1;;FALSO;FALSO;0;
4193;4918;132;3012;;38,00;0,00;280,00;0;;;2;;FALSO;FALSO;0;
4195;1670;21;RA 5071 725/8D;;0,00;0,00;0,00;0;;;1;;FALSO;FALSO;0;
4196;4287;102;2504;;38,00;0,00;0,00;0;;;2;;FALSO;FALSO;0;
4197;5295;137;M80 003;;40,00;0,00;380,00;0;;;2;;FALSO;FALSO;800;
4198;3045;36;030;;70,00;0,00;0,00;0;;;2;;FALSO;FALSO;798;
4199;1423;19;Hinder OO4043-06 polarizado;;0,00;0,00;0,00;0;;;1;;FALSO;FALSO;0;
4200;4661;128;Flecha 15;;35,36;0,00;0,00;0;;;3;;FALSO;FALSO;0;
4201;824;16;TREND;;0,00;0,00;0,00;0;;;1;;FALSO;FALSO;0;
4202;3046;36;DI 349;;0,00;0,00;0,00;0;;;2;;FALSO;FALSO;812;
4203;3047;36;017;;35,00;0,00;280,00;0;;;2;;FALSO;FALSO;822;
4204;3048;36;HY 66124;1;;0,00;310,00;0;;;2;;FALSO;FALSO;848;
4205;3049;36;010;;35,00;0,00;280,00;0;;;2;;FALSO;FALSO;0;
4206;3050;36;012;;35,00;0,00;280,00;0;;;2;;FALSO;FALSO;0;
4207;3051;36;YS 16030;;35,00;0,00;280,00;0;;;2;;FALSO;FALSO;889;
4208;3052;36;YS 16031;;35,00;0,00;280,00;0;;;2;;FALSO;FALSO;0;
4209;3053;36;YS 16033;;35,00;0,00;280,00;0;;;2;;FALSO;FALSO;814;
4210;3054;36;DI 362;;35,00;0,00;280,00;0;;;2;;FALSO;FALSO;845;
4211;3055;36;DI 358;;35,00;0,00;280,00;0;;;2;;FALSO;FALSO;849;
4212;3056;36;DI 335;;35,00;0,00;280,00;0;;;2;;FALSO;FALSO;891;
4213;3057;36;DI 342;;35,00;0,00;280,00;0;;;2;;FALSO;FALSO;0;
4214;3058;36;DI 359;;35,00;0,00;280,00;0;;;2;;FALSO;FALSO;900;
4215;5296;137;M80 013;;40,00;0,00;380,00;0;;;2;;FALSO;FALSO;859;
4217;5297;137;M80 006;;40,00;0,00;0,00;0;;;2;;FALSO;FALSO;904;
4218;5298;137;M80 011;;40,00;0,00;380,00;0;;;2;;FALSO;FALSO;970;
4219;5299;137;M80 007;;40,00;0,00;380,00;0;;;1;;FALSO;FALSO;0;
4220;5300;137;M80 008;;40,00;0,00;380,00;0;;;2;;FALSO;FALSO;871;
4221;5301;137;M80 004;;60,00;0,00;380,00;0;;;2;;FALSO;FALSO;0;
4222;4459;119;819 sport;;32,00;0,00;315,00;0;;;2;;FALSO;FALSO;878;
4223;4460;119;826 titanium;;40,00;0,00;410,00;0;;;2;;FALSO;FALSO;0;
4224;4461;119;248;;32,00;0,00;280,00;0;;;2;;FALSO;FALSO;863;
4225;4462;119;204;;32,00;0,00;280,00;0;;;2;;FALSO;FALSO;895;
4226;4463;119;252;;32,00;0,00;280,00;0;;;2;;FALSO;FALSO;857;
4227;825;16;CHANNEL;;148,00;0,00;290,00;0;;;1;;FALSO;FALSO;0;
4229;826;16;RIOT;;100,00;0,00;280,00;-1;;;1;;FALSO;FALSO;0;
4230;827;16;BRICK LANE;;100,00;0,00;280,00;-1;;;1;;FALSO;FALSO;0;
4231;4919;132;YD724;;38,00;0,00;280,00;0;;;2;;FALSO;FALSO;0;
4232;4920;132;SP1418;;48,00;0,00;280,00;0;;;2;;FALSO;FALSO;827;
4233;4921;132;J312;;38,00;0,00;280,00;0;;;2;;FALSO;FALSO;0;
4234;4922;132;M945;;30,00;0,00;280,00;0;;;1;;FALSO;FALSO;0;
4236;4288;102;1235;;35,00;0,00;290,00;0;;;1;;FALSO;FALSO;0;
4237;4289;102;2220;;38,00;0,00;290,00;0;;;2;;FALSO;FALSO;823;
4238;4290;102;2345;;38,00;0,00;280,00;0;;;2;;FALSO;FALSO;853;
4239;4291;102;2433;;38,00;0,00;280,00;0;;;2;;FALSO;FALSO;0;
4240;4292;102;2473;;38,00;0,00;280,00;0;;;2;;FALSO;FALSO;0;
4241;4293;102;2498;;38,00;0,00;280,00;0;;;2;;FALSO;FALSO;817;
4242;4294;102;2503;;38,00;0,00;280,00;0;;;2;;FALSO;FALSO;833;
4243;4295;102;281;;48,00;0,00;290,00;0;;;2;;FALSO;FALSO;0;
4244;4296;102;538;;38,00;0,00;280,00;0;;;2;;FALSO;FALSO;0;
4245;3770;77;HC302;;38,00;0,00;290,00;0;;;1;;FALSO;FALSO;0;
4246;3771;77;HC 309;;38,00;0,00;310,00;0;;;2;;FALSO;FALSO;826;
4247;5920;223;756;;0,00;0,00;290,00;0;;;2;;FALSO;FALSO;810;
4248;1936;22;RB 8647;;190,00;0,00;459,00;0;;;2;;FALSO;FALSO;0;
4249;1937;22;RB 3449 001/7159;;194,78;29,22;560,00;0;;;1;;FALSO;FALSO;0;
4250;1671;21;2070 5064 135;aro - acetato;0,00;0,00;0,00;0;;;1;;FALSO;FALSO;838;
4251;1424;19;OX 3107-0355;aro - metal;194,00;9,70;448,00;0;;;2;;FALSO;FALSO;943;
4252;5921;223;2139;;60,00;0,00;280,00;0;;;2;;FALSO;FALSO;813;
4253;4662;128;Flecha 15 AR;;73,80;0,00;0,00;0;;;3;;FALSO;FALSO;0;
4254;4923;132;J1166;;38,00;0,00;280,00;0;;;2;;FALSO;FALSO;836;
4255;5922;223;BM 5019;;48,00;0,00;310,00;0;;;2;;FALSO;FALSO;0;
4256;5923;223;K7691;;48,00;0,00;311,00;0;;;2;;FALSO;FALSO;0;
4257;5924;223;MOD117;;48,00;0,00;318,00;0;;;2;;FALSO;FALSO;0;
4258;5925;223;S2106;;48,00;0,00;311,00;0;;;2;;FALSO;FALSO;0;
4259;5926;223;ST886;;48,00;0,00;315,00;0;;;2;;FALSO;FALSO;0;
4260;5927;223;ST869;;48,00;0,00;315,00;0;;;2;;FALSO;FALSO;0;
4261;5928;223;ST933;;48,00;0,00;328,00;0;;;2;;FALSO;FALSO;0;
4262;5929;223;ST934;;48,00;0,00;322,00;0;;;2;;FALSO;FALSO;0;
4263;5930;223;207;;48,00;0,00;320,00;0;;;2;;FALSO;FALSO;0;
4264;5931;223;212;;48,00;0,00;322,00;0;;;2;;FALSO;FALSO;841;
4265;5932;223;213;;48,00;0,00;322,00;0;;;2;;FALSO;FALSO;862;
4266;5933;223;217;;48,00;0,00;322,00;0;;;2;;FALSO;FALSO;894;
4267;5934;223;219;;48,00;0,00;340,00;0;;;2;;FALSO;FALSO;883;
4268;5935;223;230;;48,00;0,00;322,00;0;;;2;;FALSO;FALSO;0;
4269;5936;223;239;;48,00;0,00;311,00;0;;;2;;FALSO;FALSO;903;
4270;5937;223;245;;48,00;0,00;322,00;0;;;2;;FALSO;FALSO;973;
4271;5938;223;246;;48,00;0,00;340,00;0;;;2;;FALSO;FALSO;0;
4272;5939;223;248;;48,00;0,00;318,00;0;;;2;;FALSO;FALSO;863;
4273;5940;223;252;;48,00;0,00;324,00;0;;;2;;FALSO;FALSO;0;
4274;5941;223;253;;48,00;0,00;319,00;0;;;2;;FALSO;FALSO;828;
4275;5942;223;257;;48,00;0,00;348,00;0;;;2;;FALSO;FALSO;861;
4276;5943;223;825;;48,00;0,00;321,00;0;;;2;;FALSO;FALSO;0;
4277;5944;223;826;;48,00;0,00;341,00;0;;;2;;FALSO;FALSO;945;
4278;5945;223;2134;;48,00;0,00;324,00;0;;;2;;FALSO;FALSO;830;
4279;5946;223;2138;aro - metal;48,00;0,00;326,00;1;;;2;;FALSO;FALSO;350;
4280;5947;223;2341;;48,00;0,00;333,00;0;;;2;;FALSO;FALSO;0;
4281;5948;223;714;;48,00;0,00;354,00;0;;;2;;FALSO;FALSO;0;
4282;5949;223;731;;48,00;0,00;325,00;0;;;2;;FALSO;FALSO;844;
4283;5950;223;779;;48,00;0,00;331,00;0;;;2;;FALSO;FALSO;887;
4284;5951;223;786;;48,00;0,00;319,00;0;;;2;;FALSO;FALSO;0;
4285;5952;223;791;;48,00;0,00;324,00;0;;;2;;FALSO;FALSO;0;
4286;5953;223;797;;48,00;0,00;339,00;0;;;2;;FALSO;FALSO;909;
4287;5954;223;801;;48,00;0,00;312,00;0;;;2;;FALSO;FALSO;0;
4288;5955;223;818;;48,00;0,00;325,00;0;;;2;;FALSO;FALSO;819;
4289;5956;223;821;;48,00;0,00;319,00;0;;;2;;FALSO;FALSO;820;
4290;5957;223;822;;48,00;0,00;334,00;0;;;2;;FALSO;FALSO;850;
4291;5958;223;fio de nylon;;48,00;0,00;322,00;0;;;2;;FALSO;FALSO;0;
4292;5959;223;aro;;48,00;0,00;320,00;0;;;2;;FALSO;FALSO;0;
4293;5960;223;SD 9022 POL;;48,00;0,00;340,00;0;;;1;;FALSO;FALSO;0;
4294;5961;223;SD9027 POL;;48,00;0,00;340,00;0;;;1;;FALSO;FALSO;0;
4295;5962;223;SD9040 POL;;48,00;0,00;340,00;0;;;1;;FALSO;FALSO;0;
4296;5963;223;SD9038 POL;;48,00;0,00;348,00;0;;;1;;FALSO;FALSO;0;
4297;5964;223;SD9030 POL;;48,00;0,00;339,00;0;;;1;;FALSO;FALSO;0;
4298;5965;223;DP010 -2012 POL;;48,00;0,00;348,00;0;;;1;;FALSO;FALSO;0;
4299;5966;223;B 4812;;0,00;0,00;279,00;0;;;1;;FALSO;FALSO;0;
4300;5967;223;B 4652 POL;;48,00;0,00;329,00;0;;;1;;FALSO;FALSO;0;
4301;5968;223;B 4116 POL;;48,00;0,00;362,00;0;;;1;;FALSO;FALSO;0;
4302;5969;223;4827;;48,00;0,00;279,00;0;;;1;;FALSO;FALSO;0;
4303;5970;223;4815;;48,00;0,00;269,00;0;;;1;;FALSO;FALSO;0;
4304;5971;223;B 4776;;48,00;0,00;278,00;0;;;1;;FALSO;FALSO;0;
4305;5972;223;B 4821;;48,00;0,00;299,00;0;;;1;;FALSO;FALSO;0;
4306;5973;223;B 4772;;48,00;0,00;265,00;0;;;1;;FALSO;FALSO;0;
4307;5974;223;B 4769;;48,00;0,00;277,00;0;;;1;;FALSO;FALSO;0;
4308;5975;223;B 4695;;48,00;0,00;270,00;0;;;1;;FALSO;FALSO;0;
4309;5976;223;4824;;48,00;0,00;269,00;0;;;1;;FALSO;FALSO;0;
4310;5977;223;4828;;48,00;0,00;269,00;0;;;1;;FALSO;FALSO;0;
4311;5978;223;813;;48,00;0,00;333,00;0;;;2;;FALSO;FALSO;0;
4312;4663;128;Espace Plus Easy Clean;;110,00;0,00;0,00;0;;;3;;FALSO;FALSO;0;
4313;3059;36;SP 1521;;35,00;0,00;290,00;0;;;2;;FALSO;FALSO;0;
4314;3060;36;SP 1523;;35,00;0,00;289,00;0;;;2;;FALSO;FALSO;0;
4315;3061;36;SP 1524;;35,00;0,00;292,00;0;;;1;;FALSO;FALSO;0;
4316;3062;36;SP 1526;;35,00;0,00;288,00;0;;;2;;FALSO;FALSO;0;
4317;3063;36;SP 1528;;35,00;0,00;291,00;0;;;2;;FALSO;FALSO;839;
4318;3064;36;SP 1529;;35,00;0,00;295,00;0;;;2;;FALSO;FALSO;843;
4319;3065;36;SP 1530;;35,00;0,00;288,00;0;;;2;;FALSO;FALSO;0;
4320;3066;36;SP 1531;;35,00;0,00;299,00;0;;;2;;FALSO;FALSO;856;
4321;1425;19;Hinder 0043-05;;192,42;28,80;488,00;0;;;1;;FALSO;FALSO;0;
4322;4664;128;Poli Soluction cil acima de 200;;0,00;0,00;0,00;0;;;3;;FALSO;FALSO;0;
4323;4665;128;Optiprime Poli;;0,00;0,00;0,00;0;;;3;;FALSO;FALSO;0;
4324;4666;128;VIP 70 Poli;;131,32;0,00;0,00;0;;;3;;FALSO;FALSO;0;
4325;4667;128;Space Plus Easy Clean;;110,00;0,00;380,00;0;;;3;;FALSO;FALSO;0;
4326;2577;31;VO 3726-B;;0,00;0,00;525,00;0;;;2;;FALSO;FALSO;0;
4327;2672;33;CRASH;;70,00;0,00;310,00;-1;;;1;;FALSO;FALSO;877;
4328;2673;33;VICTORY;;70,00;0,00;320,00;0;;;1;;FALSO;FALSO;910;
4329;2674;33;ADRENALIN;fio - acetato;70,00;0,00;314,00;1;;;1;;FALSO;FALSO;0;
4330;2675;33;ALLURE;;85,00;0,00;333,00;0;;;2;;FALSO;FALSO;985;
4331;227;11;VES 660V;;178,00;0,00;0,00;0;;;2;;FALSO;FALSO;972;
4332;2578;31;VO 2557-B W974;;153,77;7,69;450,00;0;;;2;;FALSO;FALSO;875;
4333;2579;31;VO 2648 1725;;180,00;0,00;510,00;0;;;2;;FALSO;FALSO;0;
4334;2580;31;VO 2537 1808;;190,00;0,00;480,00;0;;;2;;FALSO;FALSO;1057;
4335;5979;223;117;;48,00;0,00;310,00;0;;;2;;FALSO;FALSO;880;
4336;2477;29;VE 1140;;410,00;0,00;820,00;0;;;2;;FALSO;FALSO;919;
4337;3067;36;DI 406;Fio de Nylon;35,00;0,00;200,00;0;;;2;;FALSO;FALSO;868;
4338;5302;137;M80 009;;90,00;0,00;380,00;0;;;2;;FALSO;FALSO;1018;
4339;5303;137;M80 001;;90,00;0,00;380,00;0;;;2;;FALSO;FALSO;888;
4340;5304;137;M80 018;;90,00;0,00;380,00;0;;;2;;FALSO;FALSO;899;
4341;5305;137;M80 014;;90,00;0,00;380,00;0;;;2;;FALSO;FALSO;988;
4342;5306;137;M80 017;;90,00;0,00;375,00;0;;;2;;FALSO;FALSO;1005;
4343;4406;112;4605;;90,00;0,00;315,00;0;;;2;;FALSO;FALSO;957;
4344;4407;112;4607;;90,00;0,00;315,00;0;;;2;;FALSO;FALSO;991;
4345;4408;112;4608;;90,00;0,00;315,00;0;;;2;;FALSO;FALSO;0;
4347;5980;224;VW 7765;;100,00;0,00;369,00;0;;;2;;FALSO;FALSO;946;
4348;5981;224;VT 7503 (TITANIUM);;150,00;0,00;420,00;0;;;2;;FALSO;FALSO;867;
4349;3068;36;SH 725;;38,00;0,00;259,00;0;;;1;;FALSO;FALSO;869;
4350;3069;36;SH 726;;38,00;0,00;289,00;0;;;2;;FALSO;FALSO;;
4351;3070;36;JC 1073;;38,00;0,00;277,00;0;;;2;;FALSO;FALSO;901;
4352;3071;36;JC 1171;;38,00;0,00;245,00;0;;;2;;FALSO;FALSO;0;
4353;3072;36;JC 1092;;38,00;0,00;235,00;0;;;2;;FALSO;FALSO;0;
4354;3073;36;JC 1884;;38,00;0,00;235,00;0;;;2;;FALSO;FALSO;0;
4355;3074;36;JC 1084;;38,00;0,00;222,00;0;;;2;;FALSO;FALSO;890;
4356;3075;36;JC 1089;;38,00;0,00;238,00;0;;;2;;FALSO;FALSO;971;
4357;3076;36;JC 1071;;38,00;0,00;267,00;0;;;2;;FALSO;FALSO;905;
4358;3077;36;JC 1077;;38,00;0,00;257,00;0;;;2;;FALSO;FALSO;881;
4359;3078;36;JC 1116;;38,00;0,00;266,00;0;;;2;;FALSO;FALSO;939;
4360;3079;36;JC 1091;;38,00;0,00;263,00;0;;;2;;FALSO;FALSO;0;
4361;3080;36;JC 1098;;38,00;0,00;323,00;0;;;2;;FALSO;FALSO;908;
4362;3081;36;DI 388;;38,00;0,00;295,00;0;;;2;;FALSO;FALSO;884;
4363;3082;36;LOAT 305;;38,00;0,00;226,00;0;;;2;;FALSO;FALSO;0;
4364;3083;36;DI 282;;38,00;0,00;239,00;0;;;2;;FALSO;FALSO;0;
4365;3084;36;DI 249;;38,00;0,00;241,00;0;;;2;;FALSO;FALSO;896;
4366;3085;36;DI 279;;38,00;0,00;241,00;0;;;2;;FALSO;FALSO;0;
4367;4668;128;Alpa 1.61 AC;;69,00;0,00;0,00;0;;;3;;FALSO;FALSO;0;
4369;4669;128;Espace curva 8;;30,02;0,00;215,00;0;;;3;;FALSO;FALSO;0;
4370;4670;128;Flecha 21 Fotos AR;;162,00;0,00;0,00;0;;;3;;FALSO;FALSO;0;
4373;5982;225;EP 114S 59 13 754 125;Fio de Nylon;0,00;0,00;890,00;0;;;1;;FALSO;FALSO;0;
4374;3086;36;JC 1117;;0,00;0,00;330,00;0;;;2;;FALSO;FALSO;927;
4375;4924;132;SH 846;;0,00;0,00;0,00;0;;;2;;FALSO;FALSO;898;
4376;3544;42;530;;0,00;0,00;0,00;0;;;1;;FALSO;FALSO;928;
4378;3087;36;YS 1180;;35,00;0,00;0,00;0;;;1;;FALSO;FALSO;0;
4380;1426;19;COVER STORY 04042-01;;180,00;0,00;0,00;0;;;1;;FALSO;FALSO;0;
4381;1427;19;CROSSHAIR 4060-01;aro - metal;314,00;0,00;491,00;0;;;1;;FALSO;FALSO;0;
4382;1428;19;BECKON OO9125-07;;187,74;0,00;0,00;0;;;1;;FALSO;FALSO;0;
4383;5307;137;BELLS;;55,00;0,00;0,00;0;;;1;;FALSO;FALSO;0;
4385;5984;226;4111;;70,00;0,00;0,00;0;;;2;;FALSO;FALSO;0;
4386;5917;222;LDS 0004 001;;55,00;0,00;0,00;0;;;2;;FALSO;FALSO;0;
4387;3088;36;YS 1204;;20,00;0,00;0,00;0;;;2;;FALSO;FALSO;913;
4388;4671;128;Espace Plus  Trans AR;;269,00;0,00;0,00;0;;;3;;FALSO;FALSO;0;
4389;4672;128;Hoya Argos 18 mm AR;;149,18;0,00;0,00;0;;;3;;FALSO;FALSO;0;
4390;228;11;ses 6305 col 300x;;0,00;0,00;0,00;0;;;1;;FALSO;FALSO;0;
4391;3089;36;SH 798;;35,00;0,00;0,00;0;;;2;;FALSO;FALSO;911;
4392;3090;36;YS 1185;;0,00;0,00;0,00;0;;;2;;FALSO;FALSO;912;
4393;3091;36;SH 755;;0,00;0,00;0,00;0;;;2;;FALSO;FALSO;0;
4394;3092;36;SH 796;;0,00;0,00;0,00;0;;;2;;FALSO;FALSO;914;
4395;3093;36;SH 851;;35,00;0,00;0,00;0;;;2;;FALSO;FALSO;922;
4396;4673;128;Espace Aclimates AR;;160,56;0,00;0,00;0;;;3;;FALSO;FALSO;0;
4397;4925;132;SP1514;;0,00;0,00;0,00;0;;;2;;FALSO;FALSO;916;
4398;3094;36;DI 394;;0,00;0,00;0,00;0;;;2;;FALSO;FALSO;924;\\TATI\Programa\FOTOS\DI 394.jpg
4399;4926;132;JD 1014;;0,00;0,00;0,00;0;;;2;;FALSO;FALSO;917;
4400;3095;36;YS 2171;;0,00;0,00;0,00;0;;;2;;FALSO;FALSO;918;
4401;3096;36;SH 722;;0,00;0,00;0,00;0;;;2;;FALSO;FALSO;920;
4402;4297;102;2501;;0,00;0,00;315,00;0;;;2;;FALSO;FALSO;932;
4403;4298;102;310;;0,00;0,00;299,00;0;;;2;;FALSO;FALSO;0;
4404;4299;102;2485;aro - metal;0,00;0,00;260,00;2;;;2;;FALSO;FALSO;1007;
4405;4300;102;2515;;0,00;0,00;314,00;0;;;2;;FALSO;FALSO;0;
4406;4301;102;SLX1406;;0,00;0,00;333,00;0;;;2;;FALSO;FALSO;0;
4407;4302;102;2523;;0,00;0,00;298,00;0;;;2;;FALSO;FALSO;1077;
4408;4303;102;2141;;40,00;0,00;300,00;0;;;2;;FALSO;FALSO;940;
4409;4304;102;2514;;0,00;0,00;288,00;0;;;2;;FALSO;FALSO;966;
4410;4305;102;SLX1373;;0,00;0,00;333,00;0;;;2;;FALSO;FALSO;0;
4411;4306;102;2508;;0,00;0,00;287,00;0;;;2;;FALSO;FALSO;949;
4412;4307;102;2136;;35,00;0,00;322,00;-1;;;2;;FALSO;FALSO;923;
4413;4308;102;A2506B;;0,00;0,00;288,00;0;;;2;;FALSO;FALSO;962;
4414;4309;102;2534;;0,00;0,00;287,00;0;;;2;;FALSO;FALSO;0;
4416;4310;102;2407;;0,00;0,00;305,00;0;;;2;;FALSO;FALSO;0;
4417;4311;102;508;;35,00;0,00;305,00;0;;;2;;FALSO;FALSO;0;
4418;4464;119;268;;35,00;0,00;270,00;0;;;2;;FALSO;FALSO;975;
4419;4465;119;249;;0,00;0,00;268,00;0;;;2;;FALSO;FALSO;936;
4420;4466;119;257;;0,00;0,00;270,00;0;;;2;;FALSO;FALSO;958;
4421;4467;119;240;;0,00;0,00;270,00;0;;;2;;FALSO;FALSO;0;
4422;4468;119;232;;35,00;0,00;260,00;0;;;2;;FALSO;FALSO;0;
4423;4469;119;227;;0,00;0,00;270,00;0;;;2;;FALSO;FALSO;0;
4424;4470;119;217;;0,00;0,00;268,00;0;;;2;;FALSO;FALSO;0;
4425;3565;44;BA2863;;0,00;0,00;310,00;0;;;2;;FALSO;FALSO;0;
4426;3566;44;BM5020;;0,00;0,00;304,00;0;;;2;;FALSO;FALSO;0;
4427;3567;44;BH333;;0,00;0,00;305,00;0;;;2;;FALSO;FALSO;0;
4428;3568;44;BX0812;;0,00;0,00;308,00;0;;;2;;FALSO;FALSO;0;
4429;3569;44;BM5004;;0,00;0,00;308,00;0;;;2;;FALSO;FALSO;0;
4430;3570;44;BX0811;;0,00;0,00;307,00;0;;;2;;FALSO;FALSO;0;
4431;3571;44;SZ0811;;0,00;0,00;300,00;0;;;2;;FALSO;FALSO;0;
4432;3572;44;BX0807;;0,00;0,00;311,00;0;;;2;;FALSO;FALSO;0;
4433;5988;227;A 009;;0,00;0,00;207,00;0;;;2;;FALSO;FALSO;952;
4434;5989;227;A 011;;0,00;0,00;210,00;0;;;2;;FALSO;FALSO;955;
4435;3772;77;4119M;;0,00;0,00;280,00;0;;;2;;FALSO;FALSO;977;
4437;3773;77;103-055;aro - acetato;0,00;0,00;100,00;0;;;2;;FALSO;FALSO;1035;
4438;3097;36;SD9046;;0,00;0,00;235,00;0;;;1;;FALSO;FALSO;0;
4439;3098;36;YS 1188;;0,00;0,00;290,00;0;;;2;;FALSO;FALSO;0;
4440;3099;36;YS 1193;;35,00;0,00;305,00;0;;;2;;FALSO;FALSO;0;
4441;5308;137;M80 010;;0,00;0,00;380,00;0;;;2;;FALSO;FALSO;1001;
4442;4471;119;49/20;;0,00;0,00;280,00;0;;;2;;FALSO;FALSO;0;
4443;3100;36;BT 2043;;0,00;0,00;307,00;0;;;2;;FALSO;FALSO;0;
4444;5543;165;MCR 261;;0,00;0,00;335,00;0;;;2;;FALSO;FALSO;0;
4445;3573;44;BX 0803;;40,00;0,00;302,00;0;;;2;;FALSO;FALSO;0;
4446;3101;36;SZ 110;;0,00;0,00;305,00;0;;;2;;FALSO;FALSO;0;
4447;3102;36;H5270;;35,00;0,00;305,00;0;;;2;;FALSO;FALSO;990;
4448;3103;36;1001;;0,00;0,00;305,00;0;;;2;;FALSO;FALSO;0;
4449;3104;36;SZ 1059;;0,00;0,00;305,00;0;;;2;;FALSO;FALSO;0;
4450;4674;128;Trivex AR;;84,56;0,00;0,00;0;;;3;;FALSO;FALSO;0;
4451;509;15;Guess;;98,00;0,00;588,00;0;;;2;;FALSO;FALSO;976;
4452;510;15;GM 112 DA 135;;0,00;0,00;588,00;0;;;2;;FALSO;FALSO;934;
4453;3105;36;SH 816;;0,00;0,00;0,00;0;;;2;;FALSO;FALSO;925;
4454;3106;36;SH 845;;0,00;0,00;0,00;0;;;2;;FALSO;FALSO;926;
4455;2478;29;3137 882 52 16 135;;0,00;0,00;0,00;0;;;2;;FALSO;FALSO;935;
4456;4675;128;Crizal Alizé Plus;;78,00;0,00;0,00;0;;;3;;FALSO;FALSO;0;
4457;4472;119;277;;0,00;0,00;0,00;0;;;2;;FALSO;FALSO;933;
4458;5983;225;EP114 S 757;;0,00;0,00;0,00;0;;;1;;FALSO;FALSO;0;
4459;4676;128;Superasférica rebaix. De borda;;227,44;0,00;0,00;0;;;3;;FALSO;FALSO;0;
4460;4677;128;Espace;;34,42;0,00;0,00;0;;;3;;FALSO;FALSO;0;
4461;4473;119;832;;35,00;0,00;0,00;0;;;2;;FALSO;FALSO;942;
4462;1938;22;RB 3293 001/13;aro - metal;188,94;22,67;470,00;0;;;1;;FALSO;FALSO;0;
4463;1429;19;PLAINTIFF OO4057-0899;;203,48;24,41;510,00;0;;;1;;FALSO;FALSO;0;
4464;1939;22;RB 3422-0 58;aro - metal;291,00;34,92;630,00;1;;;2;;FALSO;FALSO;0;
4465;1940;22;RB 3422 003/28;;291,00;32,90;717,00;0;;;1;;FALSO;FALSO;0;
4466;1941;22;RB 3426 004/9A;;274,13;32,90;675,00;0;;;1;;FALSO;FALSO;0;
4467;1942;22;RB 3465 002/64;;231,96;27,84;570,00;0;;;1;;FALSO;FALSO;0;
4468;4678;128;Crizal Forte Curva 8;;205,00;0,00;0,00;0;;;3;;FALSO;FALSO;0;
4469;2676;33;Conquest;;0,00;0,00;0,00;0;;;2;;FALSO;FALSO;954;
4470;3107;36;SH 851;;45,00;0,00;0,00;0;;;1;;FALSO;FALSO;944;
4471;4474;119;244;;0,00;0,00;0,00;0;;;2;;FALSO;FALSO;947;
4472;4475;119;250;;0,00;0,00;0,00;0;;;2;;FALSO;FALSO;951;
4473;1943;22;RB 3445 002/58 64;aro - metal;229,42;27,53;740,00;0;;;1;;FALSO;FALSO;0;
4474;4927;132;SP1513;;45,00;0,00;0,00;0;;;2;;FALSO;FALSO;953;
4475;511;15;GU 0110;;0,00;0,00;0,00;0;;;1;;FALSO;FALSO;0;
4477;3108;36;SH 874;;0,00;0,00;0,00;0;;;2;;FALSO;FALSO;870;
4478;4679;128;Hiperlight 1.67 norisk;;0,00;0,00;0,00;0;;;3;;FALSO;FALSO;0;
4480;5997;228;CORALLO;;0,00;0,00;1.989,00;0;;;1;;FALSO;FALSO;0;
4481;4680;128;VS polarizada curva 8;;0,00;0,00;0,00;0;;;3;;FALSO;FALSO;0;
4482;3545;42;519;;40,00;0,00;0,00;0;;;2;;FALSO;FALSO;959;
4483;2677;33;TRACE;;0,00;0,00;0,00;0;;;2;;FALSO;FALSO;960;
4484;2678;33;EMBER;;68,00;0,00;0,00;0;;;2;;FALSO;FALSO;961;
4485;512;15;GU 7059 TO1;;0,00;0,00;0,00;0;;;1;;FALSO;FALSO;0;
4487;5999;229;MJ 273/S 807LF 59-17 130;;0,00;0,00;0,00;0;;;1;;FALSO;FALSO;0;
4488;4681;128;Solalight 1.56 Surf Infinity;;82,60;0,00;0,00;0;;;3;;FALSO;FALSO;0;
4490;513;15;GU 7060 BLK 3;;0,00;0,00;479,00;0;;;1;;FALSO;FALSO;0;
4491;3546;42;248;;0,00;0,00;0,00;0;;;2;;FALSO;FALSO;964;
4492;5985;226;4111 014 55 17 135;;0,00;0,00;0,00;0;;;2;;FALSO;FALSO;0;
4493;4682;128;Miolight 1.56;;0,00;0,00;0,00;0;;;3;;FALSO;FALSO;0;
4494;3109;36;SH 760;;0,00;0,00;0,00;0;;;2;;FALSO;FALSO;968;
4495;3110;36;1002;;0,00;0,00;0,00;0;;;2;;FALSO;FALSO;966;
4496;5998;228;RC 5745 280 63 13 130;;0,00;0,00;0,00;0;;;1;;FALSO;FALSO;0;
4497;4683;128;VS Polarizada;;126,34;0,00;0,00;0;;;3;;FALSO;FALSO;0;
4498;828;16;SICIRY;aro - metal;0,00;0,00;0,00;0;;;1;;FALSO;FALSO;978;
4499;4684;128;Hoya Argos 1.5 14 mm Trivex INFINITY;;302,00;0,00;0,00;0;;;3;;FALSO;FALSO;0;
4500;4685;128;Xperio Essilor (polar);;132,00;0,00;0,00;0;;;3;;FALSO;FALSO;0;
4501;4686;128;Flecha 21 Fotos;;122,00;0,00;0,00;0;;;3;;FALSO;FALSO;0;
4502;1944;22;RB 3456E 004/13;;139,13;16,70;0,00;0;;;1;;FALSO;FALSO;0;
4503;103;7;FIFTY FIVE LEO B;;170,00;0,00;0,00;0;;;1;;FALSO;FALSO;0;
4504;4687;128;Flecha 15 Fotos AR;;175,70;0,00;0,00;0;;;3;;FALSO;FALSO;0;
4505;2679;33;HOLY;;70,00;0,00;0,00;0;;;1;;FALSO;FALSO;0;
4506;6006;231;PARIS;;70,00;0,00;0,00;0;;;2;;FALSO;FALSO;981;
4507;2680;33;TARGET;;70,00;0,00;0,00;0;;;2;;FALSO;FALSO;1119;
4508;1945;22;Ray Ban;;0,00;0,00;0,00;0;;;1;;FALSO;FALSO;993;
4509;1946;22;RB 3454 E001;;139,13;20,87;578,00;0;;;1;;FALSO;FALSO;0;
4510;3582;45;SA 2019 (MASC);;35,00;0,00;0,00;0;;;1;;FALSO;FALSO;0;
4511;3111;36;J5845 C1-92;;35,00;0,00;0,00;0;;;1;;FALSO;FALSO;0;
4512;3547;42;596;Aro Fechado;30,00;0,00;0,00;0;;;2;;FALSO;FALSO;980;
4513;2681;33;SOUL;Fio de Nylon;70,00;0,00;370,00;0;;;2;;FALSO;FALSO;982;
4514;4688;128;Direct Vision 14;;15,00;0,00;0,00;0;;;3;;FALSO;FALSO;0;
4515;1947;22;RB 3025 001/51;;196,83;23,62;560,00;0;;;1;;FALSO;FALSO;0;
4516;3112;36;SH 764;;35,00;0,00;0,00;0;;;2;;FALSO;FALSO;983;
4517;3113;36;GI 2011;;35,00;0,00;274,00;0;;;2;;FALSO;FALSO;1025;
4519;3114;36;K 7673;;35,00;0,00;209,00;0;;;2;;FALSO;FALSO;0;
4520;3115;36;K 7964;;35,00;0,00;280,00;0;;;2;;FALSO;FALSO;1003;
4521;3116;36;A 965;;35,00;0,00;219,00;0;;;2;;FALSO;FALSO;0;
4522;3117;36;K 8726;;35,00;0,00;222,00;0;;;2;;FALSO;FALSO;0;
4523;3118;36;7003;;35,00;0,00;217,00;0;;;2;;FALSO;FALSO;997;
4524;3119;36;511;;35,00;0,00;217,00;0;;;2;;FALSO;FALSO;0;
4525;3120;36;5210;aro - metal;35,00;0,00;199,00;0;;;2;;FALSO;FALSO;0;
4526;3121;36;A 903;;35,00;0,00;217,00;0;;;2;;FALSO;FALSO;0;
4527;3122;36;A 9208;;35,00;0,00;217,00;0;;;2;;FALSO;FALSO;1021;
4528;3123;36;513;aro - metal;35,00;0,00;210,00;0;;;2;;FALSO;FALSO;0;
4529;3124;36;5387;;35,00;0,00;217,00;0;;;2;;FALSO;FALSO;0;
4530;3125;36;A 929;;35,00;0,00;159,00;0;;;2;;FALSO;FALSO;0;\\TATI\Programa\FOTOS\A 929.jpg
4531;3969;92;K 7900;;35,00;0,00;304,00;0;;;2;;FALSO;FALSO;0;
4532;3970;92;K 8172;;40,00;0,00;304,00;0;;;2;;FALSO;FALSO;0;
4533;3971;92;K 7956;;40,00;0,00;284,00;0;;;2;;FALSO;FALSO;0;
4534;3972;92;K 7961;;40,00;0,00;304,00;0;;;2;;FALSO;FALSO;0;
4535;3973;92;K 8030;;40,00;0,00;304,00;0;;;2;;FALSO;FALSO;0;
4536;3974;92;K 7829;;0,00;0,00;304,00;0;;;1;;FALSO;FALSO;0;
4537;3975;92;K 7829;;35,00;0,00;304,00;0;;;2;;FALSO;FALSO;0;
4538;3976;92;K 7397;aro - metal;;0,00;304,00;0;;;2;;FALSO;FALSO;0;
4539;3977;92;K 8071;;40,00;0,00;284,00;0;;;2;;FALSO;FALSO;0;
4540;3978;92;K 7658;;40,00;0,00;333,00;0;;;2;;FALSO;FALSO;0;
4541;3979;92;K 8693;;40,00;0,00;333,00;0;;;2;;FALSO;FALSO;0;
4542;3980;92;K 7297;;40,00;0,00;333,00;-1;;;2;;FALSO;FALSO;0;
4543;3981;92;K 7492;;40,00;0,00;333,00;0;;;2;;FALSO;FALSO;0;
4544;3982;92;K 7506;;40,00;0,00;333,00;0;;;2;;FALSO;FALSO;0;
4545;3983;92;K 8489;;40,00;0,00;293,00;0;;;2;;FALSO;FALSO;0;
4546;3984;92;K 8706;;40,00;0,00;270,00;0;;;2;;FALSO;FALSO;0;
4547;3985;92;K 8727;;40,00;0,00;340,00;0;;;2;;FALSO;FALSO;0;
4548;3986;92;K 8374;;40,00;0,00;309,00;0;;;2;;FALSO;FALSO;0;
4549;3987;92;K 7772;;40,00;0,00;309,00;0;;;2;;FALSO;FALSO;0;
4550;3988;92;K 8689;;40,00;0,00;272,00;0;;;2;;FALSO;FALSO;0;
4551;3989;92;K 7678;;40,00;0,00;289,00;0;;;2;;FALSO;FALSO;0;
4552;3990;92;K 8188;;40,00;0,00;304,00;0;;;2;;FALSO;FALSO;0;
4553;3991;92;K 8532;;40,00;0,00;266,00;0;;;2;;FALSO;FALSO;0;
4554;3992;92;K 8116;;40,00;0,00;266,00;0;;;2;;FALSO;FALSO;0;
4555;3993;92;K 7740;;40,00;0,00;319,00;0;;;2;;FALSO;FALSO;0;
4556;3994;92;K 8708;;40,00;0,00;299,00;0;;;2;;FALSO;FALSO;1002;
4557;3995;92;K 8105;;40,00;0,00;299,00;0;;;2;;FALSO;FALSO;1014;
4558;3996;92;K 8481;;40,00;0,00;333,00;0;;;2;;FALSO;FALSO;0;
4559;3997;92;K 8602;;40,00;0,00;349,00;0;;;2;;FALSO;FALSO;0;
4560;3998;92;K 8603;;48,00;0,00;369,00;0;;;2;;FALSO;FALSO;0;
4561;3999;92;K 8617;;40,00;0,00;372,00;0;;;2;;FALSO;FALSO;994;
4562;4000;92;K 8117;;40,00;0,00;304,00;0;;;2;;FALSO;FALSO;0;
4563;4001;92;K 8644;;40,00;0,00;417,00;0;;;2;;FALSO;FALSO;0;
4564;4002;92;K 8500;;40,00;0,00;269,00;0;;;2;;FALSO;FALSO;0;
4565;5990;227;A 010;;35,00;0,00;258,00;0;;;2;;FALSO;FALSO;0;
4566;5991;227;A 003;;35,00;0,00;349,00;0;;;2;;FALSO;FALSO;0;
4567;5896;211;STC 8002;;30,00;0,00;169,00;0;;;2;;FALSO;FALSO;0;\\TATI\Programa\FOTOS\STC 8002.jpg
4568;6013;234;611;;35,00;0,00;170,00;-1;;;2;;FALSO;FALSO;0;
4569;6007;232;M 2017;;40,00;0,00;212,00;0;;;2;;FALSO;FALSO;1006;
4571;6014;235;TN 001;;;0,00;193,00;0;;;2;;FALSO;FALSO;0;
4572;6009;233;BY 006;;40,00;0,00;170,00;0;;;2;;FALSO;FALSO;0;
4573;6010;233;BY 001;aro - metal;40,00;0,00;148,00;0;;;2;;FALSO;FALSO;0;
4574;4689;128;Flecha 21;;30,02;0,00;0,00;0;;;3;;FALSO;FALSO;0;
4575;4690;128;Flecha 15 Fotos;;175,70;0,00;0,00;0;;;3;;FALSO;FALSO;0;
4576;4691;128;Flecha 21 AR;;69,00;0,00;0,00;0;;;3;;FALSO;FALSO;0;
4577;3126;36;SH 1040;;35,00;0,00;379,00;0;;;2;;FALSO;FALSO;0;
4578;4312;102;2609;;68,00;0,00;433,00;0;;;2;;FALSO;FALSO;0;
4579;1672;21;RL 6058 5255;aro - acetato;200,47;10,02;585,00;0;;;2;;FALSO;FALSO;1024;
4580;4003;92;K 8644;;0,00;0,00;450,00;0;;;2;;FALSO;FALSO;0;
4581;4503;127;OPTIX;;70,00;0,00;148,00;-21;;;3;;FALSO;FALSO;0;
4582;514;15;GU 7033 GLD34;;98,00;0,00;499,00;0;;;1;;FALSO;FALSO;0;
4583;515;15;GU 7060 TO;;98,00;0,00;425,00;0;;;1;;FALSO;FALSO;0;
4584;1430;19;X TEN 009128-05;;120,00;0,00;0,00;0;;;1;;FALSO;FALSO;0;
4585;4692;128;VS Airware Crizal Forte (poli);;176,70;0,00;0,00;0;;;3;;FALSO;FALSO;0;
4586;4313;102;2519;;0,00;0,00;0,00;0;;;1;;FALSO;FALSO;0;
4587;4693;128;VS Trans surf;;99,92;0,00;0,00;0;;;3;;FALSO;FALSO;0;
4588;4694;128;Poli Trans AR;;304,02;0,00;0,00;0;;;3;;FALSO;FALSO;0;
4589;2682;33;CRASH II;;65,00;0,00;370,00;0;;;2;;FALSO;FALSO;1114;
4590;3127;36;DI 413;;35,00;0,00;265,00;0;;;2;;FALSO;FALSO;1058;
4591;3128;36;DI 343;;35,00;0,00;265,00;0;;;2;;FALSO;FALSO;0;
4592;3129;36;SH 867;;41,67;0,00;377,00;0;;;2;;FALSO;FALSO;0;
4593;3130;36;SH 865;;35,00;0,00;377,00;0;;;2;;FALSO;FALSO;1013;
4594;3131;36;SH 870;;35,00;0,00;377,00;0;;;2;;FALSO;FALSO;1030;
4595;3132;36;SH 985;;35,00;0,00;412,00;0;;;2;;FALSO;FALSO;0;
4596;3133;36;SH 821;;35,00;0,00;389,00;0;;;2;;FALSO;FALSO;0;
4597;3134;36;SH 876;;35,00;0,00;347,00;0;;;2;;FALSO;FALSO;1020;
4598;3135;36;C 2;;35,00;0,00;377,00;-1;;;2;;FALSO;FALSO;0;
4599;3136;36;JC 512;;35,00;0,00;327,00;0;;;2;;FALSO;FALSO;999;
4600;3137;36;SH 931;;35,00;0,00;323,00;0;;;2;;FALSO;FALSO;1029;
4601;3138;36;SH 1066;;35,00;0,00;323,00;0;;;2;;FALSO;FALSO;1015;
4602;3139;36;SH 1099;;35,00;0,00;323,00;0;;;2;;FALSO;FALSO;0;
4603;3140;36;SH 1055;;35,00;0,00;366,00;0;;;2;;FALSO;FALSO;0;
4604;3141;36;SH 784;;35,00;0,00;284,00;0;;;2;;FALSO;FALSO;0;
4605;3142;36;SH 938;;35,00;0,00;336,00;0;;;2;;FALSO;FALSO;0;
4606;3143;36;SH 1040;;55,00;0,00;379,00;0;;;2;;FALSO;FALSO;1022;
4607;3144;36;SH 1026;;35,00;0,00;379,00;0;;;2;;FALSO;FALSO;0;
4608;3145;36;JC 510;;35,00;0,00;290,00;0;;;2;;FALSO;FALSO;0;
4609;3146;36;JC 525;;35,00;0,00;263,00;-1;;;2;;FALSO;FALSO;992;
4610;3147;36;JC 523;;35,00;0,00;299,00;0;;;2;;FALSO;FALSO;1004;
4611;3148;36;JC 508;;35,00;0,00;265,00;0;;;2;;FALSO;FALSO;1012;
4612;3149;36;JC 501;;35,00;0,00;323,00;0;;;2;;FALSO;FALSO;0;
4613;3150;36;JC 507;;35,00;0,00;299,00;0;;;2;;FALSO;FALSO;0;
4614;4314;102;231;;0,00;0,00;266,00;0;;;2;;FALSO;FALSO;0;
4615;4315;102;2612;;35,00;0,00;334,00;0;;;2;;FALSO;FALSO;0;
4616;4316;102;147;;0,00;0,00;287,00;0;;;2;;FALSO;FALSO;0;
4617;4317;102;2533;;0,00;0,00;403,00;0;;;2;;FALSO;FALSO;0;
4618;4318;102;2610;;0,00;0,00;369,00;0;;;2;;FALSO;FALSO;0;
4619;4319;102;2456;;0,00;0,00;415,00;0;;;2;;FALSO;FALSO;0;
4620;4320;102;2603;;0,00;0,00;415,00;0;;;2;;FALSO;FALSO;0;
4621;4321;102;2563;;0,00;0,00;415,00;-1;;;2;;FALSO;FALSO;0;
4622;4322;102;2586;;0,00;0,00;427,00;0;;;2;;FALSO;FALSO;1010;
4623;4323;102;2596;;0,00;0,00;433,00;0;;;2;;FALSO;FALSO;0;
4624;4324;102;2597;;0,00;0,00;427,00;0;;;2;;FALSO;FALSO;0;
4625;4325;102;2184;;0,00;0,00;427,00;-1;;;2;;FALSO;FALSO;0;
4626;4326;102;2602;;35,00;0,00;403,00;0;;;2;;FALSO;FALSO;0;
4627;4327;102;2423;;0,00;0,00;299,00;0;;;2;;FALSO;FALSO;0;
4628;4328;102;2390;;0,00;0,00;403,00;0;;;2;;FALSO;FALSO;0;
4629;4329;102;2424;;0,00;0,00;410,00;0;;;2;;FALSO;FALSO;1000;
4630;4330;102;2540 A;;0,00;0,00;419,00;0;;;2;;FALSO;FALSO;0;
4631;3583;45;S 012;;0,00;0,00;199,00;0;;;2;;FALSO;FALSO;0;
4632;3151;36;JC 511;;35,00;0,00;323,00;0;;;2;;FALSO;FALSO;0;
4633;4928;132;SH 1075;;40,00;0,00;349,00;0;;;2;;FALSO;FALSO;0;
4634;4929;132;CH 1142;;45,00;0,00;333,00;0;;;2;;FALSO;FALSO;0;
4635;4930;132;CH 1141;;45,00;0,00;333,00;0;;;2;;FALSO;FALSO;0;
4636;4931;132;SH 1067;;45,00;0,00;268,00;0;;;2;;FALSO;FALSO;0;
4637;4932;132;SH 1032;;45,00;0,00;237,00;0;;;2;;FALSO;FALSO;0;
4638;4933;132;T 3050;;45,00;0,00;299,00;0;;;2;;FALSO;FALSO;0;
4639;4934;132;D 8043;;45,00;0,00;365,00;0;;;2;;FALSO;FALSO;987;
4640;4935;132;SH 1029;;45,00;0,00;333,00;0;;;2;;FALSO;FALSO;1009;
4641;2683;33;GRID;;65,00;0,00;320,00;0;;;2;;FALSO;FALSO;1036;
4642;2684;33;THE RADICAL;;65,00;0,00;320,00;0;;;2;;FALSO;FALSO;1008;
4643;2685;33;INNER;;65,00;0,00;315,00;0;;;2;;FALSO;FALSO;986;
4644;3548;42;567;Aro Fechado;0,00;0,00;0,00;0;;;1;;FALSO;FALSO;996;
4645;3835;86;MCF6004;;35,00;0,00;270,00;0;;;2;;FALSO;FALSO;0;
4646;3836;86;MC 1091;;35,00;0,00;282,00;0;;;2;;FALSO;FALSO;0;
4647;3837;86;CBC6040A;;36,00;0,00;280,00;0;;;2;;FALSO;FALSO;0;
4649;6015;237;2873;;35,00;0,00;190,00;0;;;2;;FALSO;FALSO;0;\\TATI\Programa\FOTOS\2873.jpg
4650;6016;237;2864;;35,00;0,00;190,00;0;;;2;;FALSO;FALSO;0;
4652;6017;238;KD 1022;;35,00;0,00;180,00;0;;;2;;FALSO;FALSO;0;
4653;6018;238;KD 1016;;35,00;0,00;118,00;0;;;2;;FALSO;FALSO;0;
4654;6019;238;KD 2031;;35,00;0,00;128,00;0;;;2;;FALSO;FALSO;0;
4655;6020;238;KD 2023;;35,00;0,00;127,00;0;;;2;;FALSO;FALSO;0;
4656;6021;238;KD 2025;;35,00;0,00;122,00;0;;;2;;FALSO;FALSO;0;
4657;4695;128;Interview AR;;124,82;0,00;0,00;0;;;3;;FALSO;FALSO;0;
4659;6024;239;CALIXTO 2001 422 38;aro - acetato;142,60;0,00;409,00;0;;;1;;FALSO;FALSO;0;
4660;6025;239;CALIXTO 2001 148 39;aro - acetato;142,60;0,00;409,00;0;;;1;;FALSO;FALSO;0;
4661;6026;239;CALIXTO 2001 917 09;aro - acetato;142,60;0,00;409,00;0;;;1;;FALSO;FALSO;0;
4662;6027;239;CALIXTO 2001 872 71;aro - acetato;142,60;0,00;409,00;0;;;1;;FALSO;FALSO;0;
4663;6028;239;CALIXTO 2001 623 12;aro - acetato;142,60;0,00;409,00;0;;;1;;FALSO;FALSO;0;
4664;6029;239;CALIXTO 2001 066 12;aro - acetato;142,60;0,00;409,00;0;;;1;;FALSO;FALSO;0;
4665;6030;239;NARVAJA 2025 032 02;aro - acetato;180,32;0,00;504,00;-1;;;1;;FALSO;FALSO;0;
4666;6031;239;ADOKI LOBO 2026 801 20;aro - acetato;180,32;0,00;504,80;0;;;1;;FALSO;FALSO;0;
4667;6032;239;CARACAS 2527 356 56;aro - acetato;145,36;0,00;407,00;0;;;2;;FALSO;FALSO;0;
4668;6033;239;MIRAFLORES 2534 495 51;aro - acetato;145,36;0,00;450,00;0;;;2;;FALSO;FALSO;1016;
4670;6034;239;COLEGIALES 2524 449 52;aro - acetato;145,36;0,00;489,00;0;;;2;;FALSO;FALSO;0;
4671;6035;239;MONSERRAT 2525 451 55;aro - acetato;145,36;0,00;489,00;0;;;2;;FALSO;FALSO;1032;
4672;6036;239;COLEGIALES 2524 448 52;aro - acetato;145,36;0,00;499,00;0;;;2;;FALSO;FALSO;0;
4673;6037;239;SUMARÉ 2529 455 52;aro - metal;145,36;0,00;499,00;0;;;2;;FALSO;FALSO;0;
4674;6038;239;EL CERRO 2523 009 43;aro - metal;145,36;0,00;449,00;0;;;2;;FALSO;FALSO;0;
4675;6039;239;EL CERRO 2523 314 43;aro - metal;145,36;0,00;449,00;0;;;2;;FALSO;FALSO;1051;
4676;6040;239;CALIXTO 2001 397 12;;142,60;0,00;409,00;0;;;1;;FALSO;FALSO;0;
4677;6041;239;CALIXTO 2001 185 39;;142,60;0,00;409,00;0;;;1;;FALSO;FALSO;0;
4678;6042;239;CALIXTO 2001 416 40;;142,60;0,00;409,00;0;;;1;;FALSO;FALSO;0;
4679;6043;239;CALIXTO 2001 398 41;;148,80;0,00;409,00;0;;;1;;FALSO;FALSO;0;
4680;4696;128;VS AR DAGAS 1.55;;15,90;0,00;0,00;0;;;3;;FALSO;FALSO;0;
4681;4697;128;DAGAS cil acima 2;;49,50;0,00;0,00;0;;;3;;FALSO;FALSO;0;
4682;3152;36;SH 885;;45,00;0,00;315,00;0;;;2;;FALSO;FALSO;0;
4683;6044;239;CALIXTO 2001 185 39;;142,60;0,00;409,00;0;;;1;;FALSO;FALSO;0;
4684;6045;239;CALIXTO 2001 505 34;;142,60;0,00;409,00;0;;;1;;FALSO;FALSO;0;
4685;6046;239;CALIXTO 2001 620 09;;142,60;0,00;409,00;0;;;1;;FALSO;FALSO;0;
4686;6047;239;CALIXTO 2001 627 34;;160,00;0,00;409,00;0;;;1;;FALSO;FALSO;0;
4687;6048;239;CALIXTO 2001 531 40;;142,60;0,00;409,00;0;;;1;;FALSO;FALSO;0;
4688;6049;239;CALIXTO 2001 530 39;;142,60;0,00;409,00;0;;;1;;FALSO;FALSO;0;
4689;6050;239;CALIXTO 2001 534 41;;142,60;0,00;409,00;0;;;1;;FALSO;FALSO;0;
4690;6051;239;CALIXTO 2001 533 11;;142,60;0,00;409,00;0;;;1;;FALSO;FALSO;0;
4691;6052;239;CALIXTO 2001 396 11;;142,60;0,00;409,00;0;;;1;;FALSO;FALSO;0;
4692;3584;45;S093;;46,67;0,00;0,00;0;;;2;;FALSO;FALSO;1017;
4693;3153;36;AT 1107;;55,00;0,00;0,00;0;;;2;;FALSO;FALSO;1053;
4694;3154;36;SH 220;;55,00;0,00;330,00;0;;;2;;FALSO;FALSO;1039;
4695;3155;36;SH 946;;55,00;0,00;346,00;0;;;2;;FALSO;FALSO;0;
4696;3156;36;AT 1130;;55,00;0,00;415,00;0;;;2;;FALSO;FALSO;0;
4698;3157;36;JC 715;;55,00;0,00;299,00;0;;;2;;FALSO;FALSO;1027;
4699;3158;36;SH 1104;;55,00;0,00;315,00;0;;;2;;FALSO;FALSO;0;
4700;3159;36;DI 475;;55,00;0,00;275,00;0;;;2;;FALSO;FALSO;0;
4701;3160;36;JC 710;;55,00;0,00;315,00;0;;;1;;FALSO;FALSO;0;
4702;3161;36;SH 876;;55,00;0,00;330,00;0;;;2;;FALSO;FALSO;0;
4703;3162;36;DS 14255;fio - metal;;0,00;290,00;0;;;2;;FALSO;FALSO;0;
4704;3163;36;JC 705;;55,00;0,00;299,00;0;;;2;;FALSO;FALSO;0;
4706;3164;36;JC 708;;55,00;0,00;330,00;0;;;2;;FALSO;FALSO;0;
4707;3165;36;DI 412;;55,00;0,00;309,00;0;;;2;;FALSO;FALSO;1023;
4708;3166;36;SH 1025;;55,00;0,00;349,00;0;;;2;;FALSO;FALSO;0;
4709;1948;22;RB 3025 001/58 3P;aro - metal;260,00;0,00;780,00;0;;;1;;FALSO;FALSO;0;
4710;4698;128;DAGAS 1.67 asf Super Hidrof -800 -400 cl -225 -400;;109,00;0,00;0,00;0;;;3;;FALSO;FALSO;0;
4711;4936;132;Dilly Calixto;;40,00;0,00;190,00;0;;;1;;FALSO;FALSO;0;
4713;6053;239;CALIXTO 2001 499 87;;142,60;17,11;409,00;0;;;1;;FALSO;FALSO;0;
4714;6054;239;CALIXTIN 2036 538 88;;142,60;17,11;409,00;0;;;1;;FALSO;FALSO;0;
4715;6055;239;CALIXTIN 2036 537 79;;142,60;17,12;409,00;0;;;1;;FALSO;FALSO;0;
4716;6056;239;CALIXTIN 2036 536 09;;142,60;17,11;409,00;0;;;1;;FALSO;FALSO;0;
4717;6057;239;CALIXTIN 2036 539 38;;142,60;17,11;409,00;0;;;1;;FALSO;FALSO;0;
4718;6058;239;CALIXTO 2001 719 08;;142,60;17,11;409,00;0;;;1;;FALSO;FALSO;0;
4719;6059;239;CALIXTIN 2036 396 11;;142,60;17,11;409,00;0;;;1;;FALSO;FALSO;0;
4720;6060;239;CALIXTIN 2036 532 87;;142,60;17,12;409,00;0;;;1;;FALSO;FALSO;0;
4721;6061;239;CALIXTIN 2036 534 41;;142,60;17,11;409,00;0;;;1;;FALSO;FALSO;0;
4722;6062;239;CALIXTIN 2036 416 40;;142,60;17,11;409,00;0;;;1;;FALSO;FALSO;0;
4723;6063;239;CALIXTIN 2036 185 39;;142,60;17,11;409,00;0;;;1;;FALSO;FALSO;0;
4724;6064;239;CALIXTO 2001 498 33;;142,60;17,11;409,00;0;;;1;;FALSO;FALSO;0;
4725;6065;239;CALIXTO 2001 014 33;;142,60;17,11;409,00;0;;;1;;FALSO;FALSO;0;
4726;6066;239;CALIXTIN 2036 540 40;aro - acetato;142,60;17,11;409,00;1;;;1;;FALSO;FALSO;0;
4727;6067;239;CALIXTIN 2036 533 11;;142,60;17,11;409,00;0;;;1;;FALSO;FALSO;0;
4728;6068;239;CALIXTO 2001 210 33;;142,60;17,11;409,00;0;;;1;;FALSO;FALSO;0;
4729;4699;128;Espace AR;;0,00;0,00;0,00;0;;;3;;FALSO;FALSO;0;
4730;1008;5;CA6171 FQF 135;;0,00;0,00;0,00;0;;;1;;FALSO;FALSO;1028;
4731;3585;45;S104;;35,00;0,00;180,00;0;;;2;;FALSO;FALSO;0;
4732;3586;45;062;;35,00;0,00;180,00;0;;;2;;FALSO;FALSO;0;
4733;3587;45;S165;;35,00;0,00;180,00;0;;;2;;FALSO;FALSO;0;
4734;3588;45;S130;;35,00;0,00;180,00;0;;;2;;FALSO;FALSO;0;
4735;3589;45;S412;;35,00;0,00;180,00;0;;;2;;FALSO;FALSO;0;
4736;3590;45;S050;;35,00;0,00;180,00;0;;;2;;FALSO;FALSO;0;
4737;3591;45;S171;;35,00;0,00;180,00;0;;;1;;FALSO;FALSO;0;
4738;3592;45;S092;;35,00;0,00;180,00;0;;;1;;FALSO;FALSO;1066;
4739;5254;134;1122;;30,00;0,00;180,00;0;;;2;;FALSO;FALSO;0;
4740;5255;134;1207;;30,00;0,00;180,00;0;;;2;;FALSO;FALSO;0;
4741;5256;134;1249;;30,00;0,00;180,00;0;;;2;;FALSO;FALSO;0;
4743;5257;134;1281;;30,00;0,00;180,00;0;;;2;;FALSO;FALSO;0;
4744;3593;45;S131;;35,00;0,00;180,00;0;;;2;;FALSO;FALSO;0;
4745;3167;36;DS 14131;aro - metal;;0,00;310,00;0;;;2;;FALSO;FALSO;0;
4746;4004;92;K 7508;;35,00;0,00;240,00;0;;;2;;FALSO;FALSO;0;
4747;3168;36;HC 306;;35,00;0,00;170,00;0;;;2;;FALSO;FALSO;0;
4748;3169;36;G1 2011;;35,00;0,00;170,00;0;;;2;;FALSO;FALSO;1034;
4750;5897;211;ST 1353;;35,00;0,00;170,00;0;;;2;;FALSO;FALSO;0;
4751;5898;211;BO 0920;;35,00;0,00;170,00;0;;;2;;FALSO;FALSO;0;
4752;5899;211;ST 1334;;35,00;0,00;170,00;0;;;1;;FALSO;FALSO;0;
4753;5900;211;ST 1356;;35,00;0,00;170,00;0;;;1;;FALSO;FALSO;0;
4754;5901;211;ST 1355;;35,00;0,00;170,00;0;;;1;;FALSO;FALSO;1026;
4755;49;6;DG 4054* 928/73;;0,00;0,00;1.218,00;0;;;1;;FALSO;FALSO;0;
4756;50;6;DG 6046* 803/73;;0,00;0,00;1.360,00;0;;;1;;FALSO;FALSO;0;
4757;51;6;DG 4103 1803/8F;;0,00;0,00;990,00;0;;;1;;FALSO;FALSO;0;
4758;5393;146;D&G 8081 501/8G;;0,00;0,00;528,00;0;;;1;;FALSO;FALSO;0;
4759;5394;146;D&G 8084 501/8G;;0,00;0,00;528,00;0;;;1;;FALSO;FALSO;0;
4760;5395;146;D&G 8082 501/8G;;0,00;0,00;528,00;0;;;1;;FALSO;FALSO;0;
4761;5396;146;D&G 3034 501/87;;0,00;0,00;528,00;0;;;1;;FALSO;FALSO;0;
4762;4700;128;Varilux Conf. Short Trans. AR;;0,00;0,00;0,00;0;;;3;;FALSO;FALSO;0;
4763;829;16;M.93 048;;0,00;0,00;0,00;0;;;2;;FALSO;FALSO;0;
4764;830;16;FREEFALL;;0,00;0,00;0,00;-2;;;1;;FALSO;FALSO;0;
4765;1014;16;RENNES;;0,00;0,00;0,00;0;;;1;;FALSO;FALSO;0;
4766;1015;16;CARVIN TK;;0,00;0,00;370,00;0;;;1;;FALSO;FALSO;0;
4767;1009;5;BACK 80S-5 003 JJ;;0,00;0,00;0,00;0;;;1;;FALSO;FALSO;0;
4769;2376;28;5622/S TMO2C;;0,00;0,00;0,00;-1;;;1;;FALSO;FALSO;0;
4770;516;15;GU 2241 TO;;0,00;0,00;588,00;0;;;2;;FALSO;FALSO;0;
4771;1431;19;DISPATCH II;;0,00;0,00;0,00;0;;;1;;FALSO;FALSO;0;
4772;3854;88;DY5/2515;;0,00;0,00;0,00;0;;;1;;FALSO;FALSO;0;
4773;1010;5;RUSH 9037 C;;0,00;0,00;600,00;0;;;1;;FALSO;FALSO;0;
4774;3855;88;DY2 2640;;0,00;0,00;0,00;0;;;1;;FALSO;FALSO;1037;
4775;6085;242;FS 5127 - COLD INSERT;;0,00;0,00;898,00;0;;;1;;FALSO;FALSO;0;
4776;6000;229;Marc MMJ04-1/9;;0,00;0,00;480,00;0;;;1;;FALSO;FALSO;0;
4777;5258;134;1264;;30,00;0,00;180,00;0;;;2;;FALSO;FALSO;0;
4778;3170;36;SH 911;;55,00;0,00;346,00;0;;;2;;FALSO;FALSO;0;
4779;3171;36;SH 1314;;55,00;0,00;346,00;0;;;2;;FALSO;FALSO;0;
4780;3172;36;SH 903;;55,00;0,00;346,00;0;;;2;;FALSO;FALSO;0;
4781;3173;36;SH 1477;;55,00;0,00;346,00;0;;;2;;FALSO;FALSO;0;
4782;3174;36;SH 976;;55,00;0,00;346,00;0;;;2;;FALSO;FALSO;0;
4784;3175;36;SH 037;;0,00;0,00;180,00;0;;;1;;FALSO;FALSO;0;
4785;3176;36;SH 034;;0,00;0,00;180,00;0;;;1;;FALSO;FALSO;0;
4786;3177;36;B 51136;;35,00;0,00;285,00;0;;;1;;FALSO;FALSO;0;
4787;3178;36;B 31061;;45,00;0,00;285,00;0;;;1;;FALSO;FALSO;0;
4788;3179;36;B 09245;;45,00;0,00;285,00;0;;;1;;FALSO;FALSO;0;
4789;3180;36;B 31058;;45,00;0,00;285,00;0;;;1;;FALSO;FALSO;0;
4790;3181;36;B 32027;;45,00;0,00;285,00;0;;;1;;FALSO;FALSO;0;
4791;3182;36;B 32015;;45,00;0,00;285,00;0;;;1;;FALSO;FALSO;0;
4793;3183;36;B 51089;;45,00;0,00;285,00;0;;;1;;FALSO;FALSO;0;
4794;3184;36;B 51077;;35,00;0,00;285,00;0;;;1;;FALSO;FALSO;0;
4795;3185;36;B 32027;;0,00;0,00;285,00;0;;;1;;FALSO;FALSO;0;
4796;3186;36;B 51116;;35,00;0,00;285,00;0;;;1;;FALSO;FALSO;0;
4797;3187;36;037;FIO DE NYLON;17,00;0,00;148,00;-1;;;2;;FALSO;FALSO;123;
4798;3188;36;034;FIO DE NYLON;17,00;0,00;148,00;0;;;2;;FALSO;FALSO;123;
4800;3189;36;DI 296;;45,00;0,00;250,00;0;;;1;;FALSO;FALSO;0;
4801;1949;22;RB 4147 601/32;aro - acetato;0,00;0,00;627,00;0;;;1;;FALSO;FALSO;0;
4802;1432;19;FLAK JACKET XLJ 12-903;;0,00;0,00;600,00;0;;;1;;FALSO;FALSO;0;
4803;2377;28;5633/S 4 NCY1;;0,00;0,00;0,00;0;;;1;;FALSO;FALSO;0;
4804;2378;28;5510/S 010ON;;0,00;0,00;0,00;0;;;1;;FALSO;FALSO;0;
4805;5397;146;D&G 8082 1688/8H;;0,00;0,00;0,00;0;;;1;;FALSO;FALSO;0;
4806;4937;132;L158;;35,00;0,00;310,00;0;;;1;;FALSO;FALSO;0;
4807;4938;132;L195;;35,00;0,00;350,00;0;;;2;;FALSO;FALSO;0;
4808;4939;132;F256;;35,00;0,00;350,00;-1;;;2;;FALSO;FALSO;1054;
4809;4940;132;F244;;35,00;0,00;350,00;0;;;2;;FALSO;FALSO;1078;
4810;4701;128;Poly c/ Crizal Forte;;0,00;0,00;0,00;0;;;3;;FALSO;FALSO;0;
4811;1011;5;GRAND PRIX T20CC;;0,00;0,00;0,00;0;;;1;;FALSO;FALSO;0;
4812;3190;36;SH 1375;;0,00;0,00;0,00;0;;;2;;FALSO;FALSO;0;
4813;1433;19;FUEL CELL OO9096-57;;0,00;0,00;478,00;0;;;1;;FALSO;FALSO;0;
4814;1434;19;OX 3107-0255 WISKER OX 3107-0255;;0,00;0,00;384,00;0;;;2;;FALSO;FALSO;0;
4815;1950;22;RB 3025L 001/3E 58;aro - metal;196,83;23,62;590,00;0;;;1;;FALSO;FALSO;0;
4816;1951;22;RB 3479 00158;;0,00;0,00;644,00;0;;;1;;FALSO;FALSO;0;
4817;1952;22;RB 3479 001/51;;0,00;0,00;644,00;0;;;1;;FALSO;FALSO;0;
4818;1953;22;RB 3483 001/51;;0,00;0,00;540,00;0;;;1;;FALSO;FALSO;0;
4819;1954;22;RB 3483 003/32;;0,00;0,00;540,00;0;;;1;;FALSO;FALSO;0;
4820;1955;22;RB 3491 0001/13;;0,00;0,00;376,00;0;;;1;;FALSO;FALSO;0;
4821;1435;19;PLAINTIFF 004057-0299;;0,00;0,00;550,00;0;;;1;;FALSO;FALSO;0;
4822;1436;19;CROSSHAIR 004060-0399;;0,00;0,00;474,00;0;;;1;;FALSO;FALSO;0;
4823;1437;19;DAVIATION 004061-0199;;0,00;0,00;460,00;0;;;1;;FALSO;FALSO;0;
4824;1438;19;SCALPEL 009095-1699;;0,00;0,00;519,00;0;;;1;;FALSO;FALSO;0;
4825;1956;22;RB 3471 029 *;;0,00;0,00;419,00;0;;;1;;FALSO;FALSO;0;
4826;1957;22;RB 4126 710/51;aro - acetato;0,00;0,00;593,00;0;;;1;;FALSO;FALSO;0;
4827;517;15;GU 2287 52 BRN;;0,00;0,00;621,00;0;;;2;;FALSO;FALSO;0;
4828;518;15;GU 2287 52 BU;;0,00;0,00;621,00;0;;;2;;FALSO;FALSO;1045;
4829;519;15;GU 2288 B51 WHT;;0,00;0,00;621,00;0;;;2;;FALSO;FALSO;0;
4830;520;15;GU 2291 52 PUR;;0,00;0,00;555,00;0;;;2;;FALSO;FALSO;0;
4831;521;15;GU 2293 52 TOBL;;0,00;0,00;555,00;0;;;2;;FALSO;FALSO;0;
4832;522;15;GU 2297 52 BRN;;0,00;0,00;621,00;0;;;2;;FALSO;FALSO;1055;
4833;523;15;GU 2297 52 PUR;;0,00;0,00;621,00;0;;;2;;FALSO;FALSO;0;
4834;524;15;GU 2298 55 BRN 47;;0,00;0,00;621,00;0;;;2;;FALSO;FALSO;0;
4835;525;15;GU 2299 52 BRN;;0,00;0,00;621,00;0;;;2;;FALSO;FALSO;0;
4836;526;15;GU 2331 52 BLK;;0,00;0,00;588,00;0;;;2;;FALSO;FALSO;0;
4837;527;15;GU 7032 63 BE 34;;0,00;0,00;549,00;0;;;1;;FALSO;FALSO;0;
4838;528;15;GU 7046 59 GLD 34;;0,00;0,00;549,00;0;;;1;;FALSO;FALSO;0;
4839;529;15;GU 7132 60 WHT 67F;aro - metal;0,00;0,00;560,00;0;;;1;;FALSO;FALSO;0;
4840;530;15;GU 7151 62 GLD 62;;0,00;0,00;439,00;0;;;1;;FALSO;FALSO;0;
4841;531;15;GU 7161 62 GLD 34;aro - metal;0,00;0,00;421,00;0;;;1;;FALSO;FALSO;0;
4842;532;15;GU 1640 51 GLD;;0,00;0,00;588,00;0;;;2;;FALSO;FALSO;0;
4843;533;15;GU 1651 51 BRN;;0,00;0,00;501,00;0;;;1;;FALSO;FALSO;0;
4844;534;15;GU 1651 51 GRN;;0,00;0,00;588,00;0;;;2;;FALSO;FALSO;0;
4845;535;15;GU 1746 54 GUNGR;;0,00;0,00;588,00;0;;;2;;FALSO;FALSO;0;
4846;536;15;GU 2210 51 BLKTO;;0,00;0,00;621,00;0;;;2;;FALSO;FALSO;0;
4847;537;15;GU 2290 52 BRN;;0,00;0,00;621,00;0;;;2;;FALSO;FALSO;1056;
4848;538;15;GU 2329 52 BRN;;0,00;0,00;555,00;0;;;2;;FALSO;FALSO;0;
4849;539;15;GU 2330 51 BRN;;0,00;0,00;555,00;0;;;2;;FALSO;FALSO;0;
4850;540;15;GU 1740 53 BLK;;0,00;0,00;522,00;0;;;2;;FALSO;FALSO;1101;
4851;541;15;GU 1741 53 TO;;0,00;0,00;522,00;0;;;2;;FALSO;FALSO;0;
4852;542;15;GU 2228 52 TO;;0,00;0,00;621,00;-1;;;2;;FALSO;FALSO;0;
4853;543;15;GU 2246 53 TOCLR;;0,00;0,00;588,00;0;;;2;;FALSO;FALSO;0;
4854;544;15;GU 2286 50 BRN;;0,00;0,00;555,00;0;;;2;;FALSO;FALSO;0;
4855;545;15;GU 7161-62 ROGLD 62;;0,00;0,00;521,00;0;;;1;;FALSO;FALSO;0;
4856;546;15;GU 7187 58 GLD 1F;;0,00;0,00;494,00;0;;;1;;FALSO;FALSO;0;
4857;547;15;GU 7189 62 GLD 1F;;0,00;0,00;494,00;0;;;1;;FALSO;FALSO;0;
4858;548;15;GU 2012 HOL 58 BLK 35;;0,00;0,00;770,00;0;;;1;;FALSO;FALSO;0;
4859;549;15;GU 6691 59 TO 34;;0,00;0,00;411,00;0;;;1;;FALSO;FALSO;0;
4860;550;15;GU 7022 N 61 TO 34;;0,00;0,00;328,00;0;;;1;;FALSO;FALSO;0;
4861;551;15;GU 7074 00 TO 34;;0,00;0,00;521,00;0;;;1;;FALSO;FALSO;0;
4862;552;15;GU 7180 58 TO 34;;0,00;0,00;439,00;0;;;1;;FALSO;FALSO;0;
4863;553;15;GU 6686 63 GLD;;0,00;0,00;466,00;0;;;1;;FALSO;FALSO;0;
4864;2581;31;VO 2691 1624;;0,00;0,00;510,00;0;;;2;;FALSO;FALSO;0;
4865;2582;31;VO 2608-S 1725/13;;0,00;0,00;520,00;0;;;1;;FALSO;FALSO;0;
4866;2583;31;VO 2568-S W44/11;;0,00;0,00;520,00;0;;;1;;FALSO;FALSO;0;
4867;2584;31;VO 2513-S 1508/13;;0,00;0,00;515,00;0;;;1;;FALSO;FALSO;0;
4868;2585;31;VO 2651-S 1839/11;;0,00;0,00;495,00;0;;;1;;FALSO;FALSO;0;
4869;2586;31;VO 2592-S 1715;;0,00;0,00;520,00;0;;;1;;FALSO;FALSO;0;
4870;1673;21;30 42 9003/9A;;0,00;0,00;694,00;0;;;1;;FALSO;FALSO;0;
4871;1674;21;3052 9002/73;;0,00;0,00;639,00;0;;;1;;FALSO;FALSO;0;
4872;1675;21;RA 5103 666/11;;0,00;0,00;770,00;0;;;1;;FALSO;FALSO;0;
4873;1676;21;RL 8039 5003/73;;0,00;0,00;789,00;0;;;1;;FALSO;FALSO;0;
4874;1677;21;RL 8049 5175/73;;0,00;0,00;715,00;0;;;1;;FALSO;FALSO;0;
4875;1678;21;RA 5078 510/14;;0,00;0,00;489,00;0;;;1;;FALSO;FALSO;0;
4876;1012;5;PANAMERIKA 1 J88YY;aro - metal;0,00;0,00;750,00;1;;;1;;FALSO;FALSO;0;
4877;1013;5;GRAND PRIX1;;0,00;0,00;439,00;0;;;1;;FALSO;FALSO;0;
4878;1;5;GIPSY MWMYY;aro - metal;0,00;0,00;555,00;1;;;1;;FALSO;FALSO;0;
4879;2;5;CARRERA22 XAK90;;0,00;0,00;599,00;0;;;1;;FALSO;FALSO;0;
4880;3;5;CA 6174 WJ3;;0,00;0,00;580,00;0;;;2;;FALSO;FALSO;1049;
4881;4;5;CA 6179 TPN;;0,00;0,00;0,00;0;;;2;;FALSO;FALSO;0;
4883;6086;244;BO 0076 S5F;;0,00;0,00;0,00;0;;;1;;FALSO;FALSO;0;
4884;6087;244;BO 0066 D6C;;0,00;0,00;498,00;0;;;2;;FALSO;FALSO;0;
4885;6088;244;BO 0076 S2G;;0,00;0,00;0,00;0;;;2;;FALSO;FALSO;0;
4886;6089;244;BO 0072 CS6;;0,00;0,00;0,00;0;;;2;;FALSO;FALSO;0;
4887;6090;244;BO 0002 L8G;;0,00;0,00;0,00;0;;;2;;FALSO;FALSO;0;
4888;6091;244;BO 0071 CQJ;;0,00;0,00;0,00;0;;;1;;FALSO;FALSO;1052;
4889;6092;244;BO 0008 HUT;;0,00;0,00;0,00;0;;;2;;FALSO;FALSO;1070;
4890;6093;244;BO 0023 ABS;;0,00;0,00;0,00;0;;;2;;FALSO;FALSO;0;
4891;6094;244;BO 0068 D4A;;0,00;0,00;497,00;0;;;2;;FALSO;FALSO;0;
4892;6095;244;BO 0011/S 3YG;;0,00;0,00;0,00;0;;;1;;FALSO;FALSO;0;
4893;6096;244;BO 0061/S DHGJJ;;0,00;0,00;0,00;0;;;1;;FALSO;FALSO;0;
4894;6097;244;BO 0048/S 003X7 AL;;0,00;0,00;0,00;0;;;1;;FALSO;FALSO;0;
4895;6098;244;BO 0082/S 807 70;;0,00;0,00;0,00;0;;;1;;FALSO;FALSO;0;
4896;6099;244;BO 0012/S 689 JD;;0,00;0,00;0,00;0;;;1;;FALSO;FALSO;0;
4897;6100;244;BO 008/S YWOJJ;;0,00;0,00;0,00;0;;;1;;FALSO;FALSO;0;
4898;1958;22;RB 5277 5136;;0,00;0,00;0,00;0;;;2;;FALSO;FALSO;1065;
4901;1016;16;M0952 156;;0,00;0,00;0,00;0;;;1;;FALSO;FALSO;0;
4902;1017;16;M093062 438;;0,00;0,00;0,00;0;;;2;;FALSO;FALSO;0;
4903;1018;16;M.93 062 50;Parafusada;0,00;0,00;450,00;1;;;2;;FALSO;FALSO;0;
4904;1019;16;M.93 062 435;;0,00;0,00;0,00;0;;;2;;FALSO;FALSO;0;
4905;104;7;DS 0094 D287A;;0,00;0,00;759,00;0;;;1;;FALSO;FALSO;0;
4906;105;7;DS 0137 7J102;;0,00;0,00;869,00;0;;;1;;FALSO;FALSO;0;
4907;6225;259;DEGRADO 2 086ZU;aro - acetato;0,00;0,00;690,00;0;;;1;;FALSO;FALSO;0;
4909;1020;16;M.93 503;;0,00;0,00;0,00;0;;;2;;FALSO;FALSO;1042;
4910;1439;19;OX 1078-0153 Cloverleaf;;0,00;0,00;0,00;0;;;2;;FALSO;FALSO;0;
4911;6069;239;SANTA CRUZ 02038 548 92;;0,00;0,00;435,00;0;;;1;;FALSO;FALSO;0;
4912;6070;239;GUANABARA 02043 756 21;;0,00;0,00;409,00;0;;;1;;FALSO;FALSO;0;
4913;6071;239;BROOKLIN 02034 352 90;;0,00;0,00;530,00;0;;;1;;FALSO;FALSO;0;
4914;6072;239;VITACURA 02540 554 53;;0,00;0,00;390,00;0;;;2;;FALSO;FALSO;0;
4915;6073;239;GUANABARA 02043 757 71;;0,00;0,00;409,00;0;;;1;;FALSO;FALSO;0;
4916;6074;239;ZAPALLAR 02538 572 54;;0,00;0,00;390,00;0;;;2;;FALSO;FALSO;0;
4917;6075;239;MORUMBI 02547 771 53;;0,00;0,00;360,00;0;;;2;;FALSO;FALSO;0;
4918;6076;239;GUANABARA 2043 765 88;aro - acetato;0,00;0,00;409,00;1;;;1;;FALSO;FALSO;0;
4919;6077;239;GUANABARA 02043 759 01;;0,00;0,00;409,00;0;;;1;;FALSO;FALSO;0;
4920;6078;239;GUANABARA 2043 763 37;aro - acetato;0,00;0,00;409,00;0;;;1;;FALSO;FALSO;0;
4921;6079;239;GUANABARA 02043 764 38;;0,00;0,00;409,00;0;;;1;;FALSO;FALSO;0;
4922;6080;239;GUANABARA 02043 761 87;;0,00;0,00;409,00;0;;;1;;FALSO;FALSO;0;
4923;6081;239;GUANABARA 02043 762 87;;0,00;0,00;409,00;0;;;1;;FALSO;FALSO;0;
4924;6082;239;GUANABARA 02043 758 20;;0,00;0,00;409,00;0;;;1;;FALSO;FALSO;0;
4925;6083;239;GUANABARA 02043 760 88;aro - acetato;0,00;0,00;409,00;1;;;1;;FALSO;FALSO;0;
4926;6101;244;BO 008/S YW0;;0,00;0,00;0,00;0;;;1;;FALSO;FALSO;0;
4927;4702;128;Varilux Confort AR;;0,00;0,00;0,00;0;;;3;;FALSO;FALSO;0;
4928;1440;19;EYEPACTH 2 009136-12;;0,00;0,00;515,00;0;;;1;;FALSO;FALSO;0;
4930;1441;19;OO9128-0599U;;0,00;0,00;572,00;0;;;1;;FALSO;FALSO;0;
4931;1442;19;OO9150-0699U;;0,00;0,00;500,00;0;;;1;;FALSO;FALSO;0;
4932;1959;22;RB 3386 004/7167;;0,00;0,00;660,00;0;;;1;;FALSO;FALSO;0;
4933;1960;22;RB 3387 002/9A64;;0,00;0,00;785,00;0;;;1;;FALSO;FALSO;0;
4934;1961;22;RX 8409 271155;;0,00;0,00;586,00;0;;;2;;FALSO;FALSO;0;
4935;1443;19;OX 1066-0153;;0,00;0,00;467,00;0;;;2;;FALSO;FALSO;0;
4936;1444;19;OX 3119-0153;;0,00;0,00;510,00;0;;;2;;FALSO;FALSO;0;
4937;1962;22;RX 5254 505854;;0,00;0,00;425,60;0;;;2;;FALSO;FALSO;0;
4938;1445;19;DISPATCH II - 9150-06;;0,00;0,00;0,00;0;;;1;;FALSO;FALSO;0;
4939;4703;128;VS Bloco 1,67 AR;;0,00;0,00;0,00;0;;;3;;FALSO;FALSO;0;
4940;1963;22;RB 8409 2711;;0,00;0,00;0,00;0;;;2;;FALSO;FALSO;1050;
4941;1964;22;RJ 9048-S 175/71;aro - acetato;0,00;0,00;350,00;1;;;1;;FALSO;FALSO;0;
4942;4704;128;VS Trans Crizal Forte;;0,00;0,00;0,00;0;;;1;;FALSO;FALSO;0;
4943;1965;22;RB 5245 5082;;0,00;0,00;0,00;0;;;1;;FALSO;FALSO;0;
4944;6102;245;OKP4001 567353;;0,00;0,00;0,00;0;;;2;;FALSO;FALSO;0;
4945;6103;245;OKP1035 507860;;0,00;0,00;0,00;0;;;2;;FALSO;FALSO;0;
4946;6104;245;OKP1037 50A367;;0,00;0,00;0,00;0;;;2;;FALSO;FALSO;0;
4947;6105;245;KB 2300 735750;;0,00;0,00;0,00;0;;;2;;FALSO;FALSO;0;
4948;6106;245;KB 1301 384349;;0,00;0,00;0,00;0;;;2;;FALSO;FALSO;0;
4949;6107;245;KB 2501 507652;;0,00;0,00;0,00;0;;;2;;FALSO;FALSO;0;
4951;1966;22;RB 2132 874/51;aro - acetato;0,00;0,00;390,00;0;;;1;;FALSO;FALSO;0;
4952;1967;22;RB 2132 90152;;0,00;0,00;0,00;0;;;1;;FALSO;FALSO;0;
4953;1968;22;RB 2132 902/58;aro - acetato;0,00;0,00;740,00;0;;;1;;FALSO;FALSO;0;
4954;1969;22;Ray Ban;Aro Fechado;0,00;0,00;552,00;0;;;1;;FALSO;FALSO;0;
4955;1970;22;RB 3025 L2823;;0,00;0,00;0,00;0;;;1;;FALSO;FALSO;0;
4956;1971;22;RB 3386 001/13;;0,00;0,00;525,00;0;;;1;;FALSO;FALSO;0;
4957;1972;22;RB 3454 E002/71;;0,00;0,00;0,00;0;;;1;;FALSO;FALSO;0;
4958;1973;22;RB 3468 E001/13;;0,00;0,00;0,00;0;;;1;;FALSO;FALSO;0;
4959;1974;22;RB 3026 L2821;aro - metal;167,15;25,07;450,00;0;;;1;;FALSO;FALSO;0;
4960;1975;22;RX 6240 E250;;0,00;0,00;0,00;0;;;2;;FALSO;FALSO;0;
4961;1976;22;RX 6245 E251;;0,00;0,00;338,00;0;;;2;;FALSO;FALSO;0;
4962;1977;22;RX 6243 E250;;0,00;0,00;0,00;0;;;2;;FALSO;FALSO;0;
4963;1978;22;RX 6244 E250;;0,00;0,00;0,00;0;;;2;;FALSO;FALSO;0;
4964;1979;22;RX 6246 E253;;0,00;0,00;0,00;0;;;2;;FALSO;FALSO;0;
4965;1980;22;RX 6247 E250;;0,00;0,00;338,00;0;;;2;;FALSO;FALSO;0;
4966;3191;36;LO0700AT;;0,00;0,00;0,00;0;;;2;;FALSO;FALSO;0;
4967;4705;128;Solaone Trans;;0,00;0,00;0,00;0;;;3;;FALSO;FALSO;0;
4968;4706;128;ARGOS TRUEFORM 1.5 CLEAN EXTRA;;0,00;0,00;0,00;0;;;3;;FALSO;FALSO;0;
4969;4707;128;Poli surf;;0,00;0,00;0,00;0;;;3;;FALSO;FALSO;0;
4970;3192;36;SH 1059;;0,00;0,00;315,00;0;;;2;;FALSO;FALSO;0;
4971;3193;36;F 121052;aro - acetato;0,00;0,00;337,00;0;;;2;;FALSO;FALSO;0;
4973;3194;36;F 121051;aro - acetato;0,00;0,00;337,00;0;;;1;;FALSO;FALSO;1060;
4974;3195;36;SH 1151;;0,00;0,00;290,00;0;;;1;;FALSO;FALSO;0;
4975;3196;36;XY 1215;;0,00;0,00;333,00;0;;;1;;FALSO;FALSO;0;
4976;3197;36;XY 1217;;0,00;0,00;320,00;0;;;1;;FALSO;FALSO;0;
4977;1981;22;RB 8680 1127;;0,00;0,00;550,00;0;;;1;;FALSO;FALSO;0;
4978;1982;22;RB 6231E 2501;;0,00;0,00;399,00;0;;;1;;FALSO;FALSO;0;
4980;6129;246;CA1 2799;;0,00;0,00;0,00;0;;;2;;FALSO;FALSO;0;
4981;1983;22;RB 6243E 2509;Aro Fechado;0,00;0,00;370,00;0;;;2;;FALSO;FALSO;0;
4982;1446;19;DISPATCH II  - 9150-02;;0,00;0,00;0,00;0;;;1;;FALSO;FALSO;0;
4983;4708;128;Solar Curva 6 Espelhada;;0,00;0,00;0,00;0;;;3;;FALSO;FALSO;0;
4985;1984;22;RB 5150 4819;;0,00;0,00;0,00;0;;;2;;FALSO;FALSO;0;
4986;3198;36;JC 508;;0,00;0,00;0,00;0;;;2;;FALSO;FALSO;0;
4987;3199;36;JC 514;;0,00;0,00;0,00;0;;;2;;FALSO;FALSO;1063;
4989;3200;36;040 49;;0,00;0,00;0,00;0;;;2;;FALSO;FALSO;0;
4990;3201;36;SH 1506 52;;0,00;0,00;0,00;0;;;2;;FALSO;FALSO;0;
4991;3202;36;008 4917;;0,00;0,00;0,00;-2;;;2;;FALSO;FALSO;0;
4992;3203;36;YS 1209 52;;0,00;0,00;0,00;0;;;2;;FALSO;FALSO;0;
4993;5259;134;1207 52 17;;0,00;0,00;0,00;0;;;2;;FALSO;FALSO;0;
4994;5260;134;1227 50 17;;0,00;0,00;0,00;0;;;2;;FALSO;FALSO;0;
4995;4476;119;219;;0,00;0,00;0,00;0;;;2;;FALSO;FALSO;0;
4996;5992;227;49 18;;0,00;0,00;0,00;-1;;;2;;FALSO;FALSO;0;
4997;5993;227;PARAFUSADA;Parafusada;0,00;0,00;200,00;3;;;2;;FALSO;FALSO;0;
4998;1021;16;M.93 055;;56,00;2,82;0,00;-1;;;2;;FALSO;FALSO;0;
4999;1022;16;LADY LIKE;;0,00;0,00;0,00;0;;;1;;FALSO;FALSO;0;
5000;5986;226;6020 titanium;;300,00;15,00;850,00;0;;;2;;FALSO;FALSO;0;
5001;2686;33;NEW BUOY;;0,00;0,00;0,00;0;;;1;;FALSO;FALSO;0;
5002;1985;22;RB 6244E 2503;;0,00;0,00;0,00;0;;;2;;FALSO;FALSO;0;
5003;4709;128;Varilux Confort Short AR;;0,00;0,00;0,00;0;;;1;;FALSO;FALSO;0;
5004;4710;128;Metalização e Espelhamento;;140,00;0,00;0,00;0;;;4;;FALSO;FALSO;0;
5005;1986;22;RB 8409 2723;;0,00;0,00;500,00;0;;;2;;FALSO;FALSO;1050;
5006;4711;128;VS curva 6;;0,00;0,00;0,00;0;;;3;;FALSO;FALSO;0;
5007;1447;19;JULIET 04145;aro - metal;0,00;0,00;1.650,00;0;;;1;;FALSO;FALSO;0;
5008;5;5;CA 6175;;0,00;0,00;0,00;0;;;2;;FALSO;FALSO;0;
5009;1987;22;Ray Ban;;0,00;0,00;0,00;0;;;1;;FALSO;FALSO;0;
5010;1988;22;RB 3454E 001/13;;0,00;0,00;0,00;0;;;1;;FALSO;FALSO;0;
5011;1989;22;RB 6229E 2501;;0,00;0,00;399,00;0;;;2;;FALSO;FALSO;0;
5012;1990;22;RB 6240E 2502;;0,00;0,00;399,00;0;;;2;;FALSO;FALSO;1059;
5013;1991;22;RX 6246E 2501;Parafusada;0,00;0,00;350,00;0;;;2;;FALSO;FALSO;0;
5014;3204;36;k 8566;fio - metal;0,00;0,00;199,00;0;;;2;;FALSO;FALSO;0;
5015;3205;36;A 1155;fio - metal;0,00;0,00;249,00;0;;;2;;FALSO;FALSO;0;
5016;3206;36;A 1158;fio - metal;0,00;0,00;249,00;0;;;2;;FALSO;FALSO;0;
5017;3207;36;A 1169;aro - metal;0,00;0,00;273,00;0;;;2;;FALSO;FALSO;0;
5018;3504;37;RM 0065;aro - metal;0,00;0,00;189,00;0;;;2;;FALSO;FALSO;0;
5019;6228;261;D 8088-2;aro - acetato;0,00;0,00;169,00;0;;;2;;FALSO;FALSO;0;\\TATI\Programa\FOTOS\D 8088-2.jpg
5020;6229;261;D 8086-2;aro - acetato;0,00;0,00;149,00;0;;;2;;FALSO;FALSO;0;\\TATI\Programa\FOTOS\D 8086-2.jpg
5021;1448;19;GARAGE ROCK 009175-07;aro - acetato;0,00;0,00;460,00;0;;;1;;FALSO;FALSO;0;
5022;3208;36;7005;;0,00;0,00;0,00;0;;;2;;FALSO;FALSO;0;
5023;1449;19;JUPITER 009135-05;aro - acetato;0,00;0,00;500,00;0;;;1;;FALSO;FALSO;0;
5024;1450;19;CROSSHAIR LEAD 004060-06;aro - metal;0,00;0,00;485,00;0;;;1;;FALSO;FALSO;0;
5025;2687;33;ACTOR;aro - acetato;0,00;0,00;0,00;0;;;1;;FALSO;FALSO;0;
5034;52;6;DG 2075 034/3D;;0,00;0,00;0,00;0;;;1;;FALSO;FALSO;0;
5035;3209;36;JC 516;;0,00;0,00;265,00;0;;;2;;FALSO;FALSO;0;
5036;3210;36;JC 522;;0,00;0,00;265,00;0;;;2;;FALSO;FALSO;0;
5037;4941;132;FD3207;fio - metal;0,00;0,00;0,00;0;;;2;;FALSO;FALSO;0;
5038;3211;36;SH 1376;fio - metal;0,00;0,00;280,00;0;;;2;;FALSO;FALSO;0;
5039;3212;36;BO 0926;fio - metal;0,00;0,00;285,00;0;;;2;;FALSO;FALSO;0;
5040;3213;36;BO 0927;fio - metal;0,00;0,00;280,00;0;;;2;;FALSO;FALSO;0;
5041;4331;102;2532 52;fio - metal;0,00;0,00;315,00;1;;;2;;FALSO;FALSO;0;
5042;4332;102;5134 55;;0,00;0,00;240,00;0;;;2;;FALSO;FALSO;0;
5043;4333;102;5135 53;;0,00;0,00;240,00;0;;;1;;FALSO;FALSO;0;
5044;6022;238;KD 1035;aro - metal;0,00;0,00;180,00;0;;;2;;FALSO;FALSO;0;
5045;5544;165;MCR 293;;0,00;0,00;0,00;0;;;1;;FALSO;FALSO;1061;
5046;4942;132;MT 6005;fio - metal;0,00;0,00;288,00;0;;;1;;FALSO;FALSO;1067;
5047;4943;132;JL 9101;aro - acetato;0,00;0,00;327,00;0;;;2;;FALSO;FALSO;1082;
5048;4944;132;UT 106;aro - acetato;0,00;0,00;288,00;0;;;2;;FALSO;FALSO;0;
5049;4945;132;BQ 6126;fio - metal;0,00;0,00;327,00;0;;;2;;FALSO;FALSO;0;
5050;4946;132;T 1201;aro - metal;0,00;0,00;299,00;0;;;2;;FALSO;FALSO;0;
5051;4947;132;RLE 124;aro - acetato;0,00;0,00;293,00;0;;;2;;FALSO;FALSO;0;
5052;4948;132;T 3202;fio - acetato;0,00;0,00;327,00;0;;;2;;FALSO;FALSO;0;
5053;4949;132;T 3200;fio - metal;0,00;0,00;288,00;0;;;2;;FALSO;FALSO;0;
5054;4950;132;135 C2;fio - metal;0,00;0,00;315,00;0;;;2;;FALSO;FALSO;0;
5055;3214;36;JCB 001;aro - acetato;0,00;0,00;0,00;0;;;2;;FALSO;FALSO;0;
5058;1451;19;DISPATCH II OO9150-05;aro - acetato;0,00;0,00;560,00;0;;;1;;FALSO;FALSO;0;
5059;1992;22;RB 3025 112/85;aro - metal;0,00;0,00;535,00;0;;;1;;FALSO;FALSO;0;
5060;1023;16;CARVIN;másc - acetato;0,00;0,00;250,00;-3;;;1;;FALSO;FALSO;0;
5062;1993;22;RB 5241 2034;;0,00;0,00;379,00;0;;;2;;FALSO;FALSO;1064;
5063;6001;229;MMJ243/S HFC LN;aro - acetato;0,00;0,00;498,00;0;;;1;;FALSO;FALSO;0;
5064;1994;22;RB 5227 5028;;0,00;0,00;450,00;0;;;2;;FALSO;FALSO;0;
5066;1995;22;RB 3016L W0365 51 CLUBMASTER;aro - metal;197,12;29,57;730,00;1;;;1;;FALSO;FALSO;0;
5067;3215;36;LG 6037 63;aro - metal;0,00;0,00;315,00;0;;;2;;FALSO;FALSO;1091;
5068;3216;36;LG 6038 59;aro - metal;0,00;0,00;295,00;0;;;2;;FALSO;FALSO;0;
5069;3217;36;LO1006 C3;Fio de Nylon;0,00;0,00;0,00;0;;;2;;FALSO;FALSO;1068;
5070;3218;36;LO1006 C2;Fio de Nylon;0,00;0,00;299,00;0;;;2;;FALSO;FALSO;0;
5071;3219;36;TN 11028 C10;Fio de Nylon;0,00;0,00;299,00;0;;;2;;FALSO;FALSO;0;
5072;3220;36;TN 11039 C2;Fio de Nylon;0,00;0,00;327,00;0;;;2;;FALSO;FALSO;0;
5073;3221;36;TN 11023 C11;Fio de Nylon;0,00;0,00;327,00;0;;;2;;FALSO;FALSO;0;
5074;3222;36;LG 0063 C11;Fio de Nylon;0,00;0,00;349,00;0;;;2;;FALSO;FALSO;1072;
5075;3223;36;LG 003 49;Fio de Nylon;0,00;0,00;299,00;0;;;2;;FALSO;FALSO;0;
5076;3224;36;SH 1390 50;Fio de Nylon;0,00;0,00;320,00;0;;;2;;FALSO;FALSO;0;
5077;3225;36;XY 1216 56;aro - acetato;0,00;0,00;0,00;0;;;2;;FALSO;FALSO;1074;
5078;1996;22;RB 3025L  112/17;aro - metal;;44,20;550,00;0;;;1;;FALSO;FALSO;0;
5079;1997;22;RB 3025 112/19;aro - metal;184,13;22,10;530,00;0;;;1;;FALSO;FALSO;0;
5080;1024;16;M0805;fio - acetato;0,00;0,00;480,00;0;;;2;;FALSO;FALSO;0;
5081;4712;128;Flecha Trivex AR;;0,00;0,00;0,00;0;;;3;;FALSO;FALSO;0;
5082;1998;22;RB 6246E 2531;;0,00;0,00;0,00;0;;;2;;FALSO;FALSO;0;
5084;4713;128;Electron surfaçada;;0,00;0,00;0,00;0;;;3;;FALSO;FALSO;0;
5086;3774;77;4048 52;aro - acetato;0,00;0,00;0,00;0;;;2;;FALSO;FALSO;0;
5087;4477;119;279;aro - acetato;0,00;0,00;0,00;0;;;2;;FALSO;FALSO;0;
5088;3226;36;SH 1121 53;Parafusada;0,00;0,00;0,00;0;;;2;;FALSO;FALSO;0;
5089;3594;45;S839 52;Fio de Nylon;0,00;0,00;0,00;0;;;2;;FALSO;FALSO;0;
5090;4005;92;K 7673;Fio de Nylon;0,00;0,00;0,00;0;;;2;;FALSO;FALSO;0;
5091;3574;44;BT 2280;Fio de Nylon;0,00;0,00;0,00;0;;;2;;FALSO;FALSO;0;
5092;3227;36;OK6014;Fio de Nylon;0,00;0,00;0,00;0;;;2;;FALSO;FALSO;0;
5093;4006;92;K 6818 51;Fio de Nylon;0,00;0,00;0,00;0;;;2;;FALSO;FALSO;0;
5095;4334;102;2628;aro - metal;0,00;0,00;349,00;0;;;2;;FALSO;FALSO;1071;
5097;554;15;GU 1582 BRNTL;Fio de Nylon;0,00;0,00;0,00;0;;;2;;FALSO;FALSO;0;
5098;1999;22;RB 5282E 5034;aro - acetato;0,00;0,00;0,00;0;;;2;;FALSO;FALSO;0;
5099;2000;22;RB 5269 5023;aro - acetato;0,00;0,00;0,00;0;;;1;;FALSO;FALSO;0;
5100;4335;102;2685 51;;0,00;0,00;0,00;0;;;2;;FALSO;FALSO;0;
5101;4336;102;2644 51;Fio de Nylon;0,00;0,00;0,00;0;;;2;;FALSO;FALSO;1073;
5102;4337;102;2569 48;Fio de Nylon;0,00;0,00;0,00;0;;;2;;FALSO;FALSO;0;
5103;4338;102;2624 48;Fio de Nylon;0,00;0,00;0,00;0;;;2;;FALSO;FALSO;1075;
5104;53;6;d&g 1129-B;Aro Fechado;0,00;0,00;0,00;0;;;2;;FALSO;FALSO;0;
5105;5398;146;D&G 1130 623;Aro Fechado;0,00;0,00;0,00;-1;;;2;;FALSO;FALSO;0;
5106;1679;21;POLO 2066-P 5295 48;aro - acetato;0,00;0,00;690,00;1;;;2;;FALSO;FALSO;0;
5107;1680;21;POLO 5155 52;;0,00;0,00;0,00;0;;;2;;FALSO;FALSO;0;
5108;1681;21;RL 6050 5168;;0,00;0,00;0,00;0;;;2;;FALSO;FALSO;0;
5109;1682;21;RA 7033 RALPH;;0,00;0,00;0,00;0;;;2;;FALSO;FALSO;0;
5110;1683;21;RA 7028 997 RALPH;;0,00;0,00;0,00;0;;;2;;FALSO;FALSO;0;
5112;4951;132;JL 9099 52;aro - acetato;0,00;0,00;0,00;0;;;2;;FALSO;FALSO;0;
5113;4952;132;RLE 602;aro - acetato;0,00;0,00;0,00;0;;;2;;FALSO;FALSO;1088;
5114;4953;132;T 3177 50;aro - metal;0,00;0,00;0,00;0;;;2;;FALSO;FALSO;0;
5115;4954;132;BC 5001;aro - acetato;0,00;0,00;0,00;0;;;2;;FALSO;FALSO;0;
5116;4955;132;T 3203 48;aro - metal;0,00;0,00;0,00;0;;;2;;FALSO;FALSO;0;
5117;4956;132;JL 9033;aro - acetato;0,00;0,00;0,00;0;;;2;;FALSO;FALSO;1092;
5118;4957;132;TR90 270;;0,00;0,00;0,00;0;;;2;;FALSO;FALSO;0;
5119;4958;132;OD 6139;Fio de Nylon;0,00;0,00;0,00;0;;;2;;FALSO;FALSO;0;
5120;4959;132;A 2071;Fio de Nylon;0,00;0,00;0,00;0;;;2;;FALSO;FALSO;0;
5121;4960;132;JD 1196;Fio de Nylon;0,00;0,00;0,00;0;;;2;;FALSO;FALSO;0;
5122;4961;132;OD 6134;aro - metal;0,00;0,00;0,00;0;;;2;;FALSO;FALSO;0;
5124;4962;132;OD 6138;Aro Fechado;0,00;0,00;0,00;0;;;2;;FALSO;FALSO;0;
5125;3228;36;SP 1787;Aro Fechado;0,00;0,00;0,00;0;;;2;;FALSO;FALSO;0;
5126;1452;19;PLAINTIFF SQUARED  004063-01;aro - metal;0,00;0,00;490,00;0;;;1;;FALSO;FALSO;0;
5127;1453;19;PLAINTIFF SQUARED  004063 02;fio - metal;0,00;0,00;482,00;0;;;1;;FALSO;FALSO;0;
5128;1454;19;PLAINTIFF SQUARED POL 004063 04;aro - metal;0,00;0,00;550,00;0;;;1;;FALSO;FALSO;0;
5129;1455;19;PLAINTIFF SQUARED OO4063-09;aro - metal;0,00;0,00;649,00;0;;;1;;FALSO;FALSO;0;
5130;1456;19;TWOFACE OO9189-02;aro - acetato;0,00;0,00;572,00;0;;;1;;FALSO;FALSO;0;
5131;1457;19;PLAINTIFF SQUARED OO4063-03;aro - metal;0,00;0,00;572,00;0;;;1;;FALSO;FALSO;0;
5132;1458;19;TWOFACE OO9189-01;aro - acetato;0,00;0,00;649,00;0;;;1;;FALSO;FALSO;0;
5133;4504;127;GEMSTONE GREEN;;0,00;0,00;98,00;-5;;;3;;FALSO;FALSO;0;
5134;4505;127;PURE HAZEL;;0,00;0,00;98,00;-5;;;3;;FALSO;FALSO;0;
5135;4506;127;BRILLIANT BLUE;;0,00;0,00;98,00;-4;;;3;;FALSO;FALSO;0;
5136;2001;22;RB 4187 898/11;aro - acetato;0,00;0,00;394,00;0;;;1;;FALSO;FALSO;0;
5137;2002;22;RB 6240E 2509;;0,00;0,00;399,00;0;;;1;;FALSO;FALSO;0;
5138;2003;22;RB 6221E 2501;;0,00;0,00;399,00;0;;;1;;FALSO;FALSO;0;
5139;2004;22;RB 8632 1074;;0,00;0,00;500,00;0;;;2;;FALSO;FALSO;0;
5140;2005;22;RB 5245 5056;;0,00;0,00;400,00;0;;;1;;FALSO;FALSO;0;
5141;2006;22;RB 5254 5058;;0,00;0,00;400,00;0;;;2;;FALSO;FALSO;0;
5142;4714;128;Solar Curva 6;;0,00;0,00;0,00;0;;;3;;FALSO;FALSO;0;
5143;555;15;GU 2349 GRN-;;0,00;0,00;0,00;0;;;2;;FALSO;FALSO;0;
5144;3549;42;246 16;Fio de Nylon;0,00;0,00;0,00;0;;;2;;FALSO;FALSO;0;
5145;3550;42;58448 C21;aro - metal;0,00;0,00;0,00;0;;;2;;FALSO;FALSO;0;
5146;3551;42;30150 C21;aro - metal;0,00;0,00;0,00;0;;;2;;FALSO;FALSO;0;
5147;3552;42;30648 C21;aro - metal;0,00;0,00;0,00;0;;;2;;FALSO;FALSO;0;\\TATI\Programa\FOTOS\30648 C21.jpg
5148;3553;42;54046 C21;aro - metal;0,00;0,00;0,00;0;;;2;;FALSO;FALSO;0;
5149;3554;42;56750 C47;aro - metal;0,00;0,00;0,00;0;;;2;;FALSO;FALSO;0;
5150;2007;22;RB 4195 601/71;aro - acetato;0,00;0,00;715,00;0;;;1;;FALSO;FALSO;0;
5153;6132;248;LG 778007;aro - acetato;0,00;0,00;296,00;0;;;2;;FALSO;FALSO;0;
5154;6133;248;LG 7710321;aro - metal;0,00;0,00;280,00;0;;;2;;FALSO;FALSO;0;
5155;6134;248;LG 7710350;aro - metal;0,00;0,00;315,00;0;;;2;;FALSO;FALSO;0;
5156;6135;248;LG 7703003;aro - acetato;0,00;0,00;323,00;0;;;2;;FALSO;FALSO;1083;
5157;6136;248;LG 77602;aro - acetato;0,00;0,00;319,00;0;;;2;;FALSO;FALSO;0;
5158;6137;248;LG 7710291;aro - metal;0,00;0,00;325,00;0;;;2;;FALSO;FALSO;0;
5159;6138;248;LG 7710320;aro - metal;0,00;0,00;343,00;0;;;2;;FALSO;FALSO;0;
5160;6139;249;PC 11013052;aro - metal;0,00;0,00;327,00;0;;;2;;FALSO;FALSO;1079;
5161;6140;249;PC 11013051;aro - metal;0,00;0,00;397,00;0;;;2;;FALSO;FALSO;0;
5162;6141;249;PC 11013055;aro - metal;0,00;0,00;397,00;0;;;2;;FALSO;FALSO;0;
5163;6153;250;NN 275;;0,00;0,00;0,00;0;;;2;;FALSO;FALSO;0;
5164;6154;250;NN 03 44;;0,00;0,00;0,00;0;;;2;;FALSO;FALSO;0;
5165;2008;22;RJ 9035-S;aro - acetato;0,00;0,00;286,00;0;;;1;;FALSO;FALSO;0;
5166;1459;19;OX 5079 0253 CARBON PLATE;aro - metal;0,00;0,00;706,00;0;;;2;;FALSO;FALSO;0;
5167;1460;19;Oakley;;0,00;0,00;0,00;0;;;2;;FALSO;FALSO;0;
5168;1461;19;DEVIATION 004061-06;aro - metal;0,00;0,00;541,00;0;;;1;;FALSO;FALSO;0;
5169;1462;19;CROSSHAIR OO6014-01 POL;aro - metal;0,00;0,00;703,00;0;;;1;;FALSO;FALSO;0;
5170;1463;19;GARAGE ROCK 009175-06 POL;aro - acetato;0,00;0,00;461,00;0;;;1;;FALSO;FALSO;0;
5171;1464;19;BIG TACO 009173-04 POL;aro - acetato;0,00;0,00;506,00;0;;;1;;FALSO;FALSO;0;
5172;1465;19;CAVEAT OO4054-07;aro - metal;0,00;0,00;440,00;0;;;1;;FALSO;FALSO;0;
5173;1466;19;DAISY CHAIN OO4062-04 POL;aro - metal;0,00;0,00;594,00;0;;;1;;FALSO;FALSO;0;
5174;1467;19;0X 5072-01;aro - metal;0,00;0,00;496,00;0;;;1;;FALSO;FALSO;0;
5175;1468;19;CURRENCY OX 8026-08;aro - acetato;0,00;0,00;461,00;0;;;1;;FALSO;FALSO;1096;
5176;4715;128;Varilux Liberty Trans AR;;0,00;0,00;0,00;0;;;3;;FALSO;FALSO;0;
5177;3229;36;X 090;fio - metal;0,00;0,00;0,00;0;;;2;;FALSO;FALSO;0;
5178;3230;36;H5043 51;fio - metal;0,00;0,00;0,00;0;;;2;;FALSO;FALSO;0;
5180;4716;128;VS SURF.COLORIDA;;0,00;0,00;0,00;0;;;3;;FALSO;FALSO;0;
5182;2009;22;RJ 9052S 177;;0,00;0,00;340,00;0;;;1;;FALSO;FALSO;0;
5183;2010;22;RJ 9506S 223/13 50;aro - metal;0,00;0,00;350,00;0;;;1;;FALSO;FALSO;0;
5184;2011;22;RJ 9054S 188/80;aro - acetato;0,00;0,00;339,00;0;;;1;;FALSO;FALSO;0;
5185;2012;22;RJ 9531S 200;;0,00;0,00;290,00;-1;;;1;;FALSO;FALSO;0;
5186;2013;22;RJ 9052S 178;;0,00;0,00;340,00;0;;;1;;FALSO;FALSO;0;
5187;2014;22;RJ 9056S 195;;0,00;0,00;340,00;0;;;1;;FALSO;FALSO;0;
5188;2015;22;RY 1527 3575;;91,11;4,56;290,00;0;;;2;;FALSO;FALSO;0;
5189;2016;22;RY 1527 3577 47;;0,00;0,00;290,00;0;;;2;;FALSO;FALSO;0;
5190;2017;22;RY 1528 3542;;0,00;0,00;290,00;0;;;2;;FALSO;FALSO;0;
5191;2018;22;RY 1528 3580;;0,00;0,00;290,00;0;;;2;;FALSO;FALSO;0;
5192;6108;245;KP 3006 5977 50;;0,00;0,00;0,00;0;;;2;;FALSO;FALSO;0;
5193;6109;245;KP 1024 6162 52;;0,00;0,00;0,00;0;;;2;;FALSO;FALSO;0;
5194;6110;245;KP 3018 6633 48;;0,00;0,00;0,00;0;;;2;;FALSO;FALSO;0;
5195;6111;245;KP 1025 7028 48;;0,00;0,00;0,00;0;;;2;;FALSO;FALSO;0;
5196;6112;245;KP 4001 7353 56;;0,00;0,00;0,00;0;;;2;;FALSO;FALSO;0;
5197;6113;245;KP 1031 7654 50;;0,00;0,00;0,00;0;;;2;;FALSO;FALSO;0;
5198;6114;245;KP 1035 7857 50;;0,00;0,00;0,00;0;;;2;;FALSO;FALSO;0;
5199;6115;245;KP 3014 5075 51;;0,00;0,00;0,00;0;;;2;;FALSO;FALSO;0;
5200;6116;245;KP 3014 5076 51;;0,00;0,00;0,00;0;;;2;;FALSO;FALSO;0;
5201;6117;245;KP 1040 A 319 50;;0,00;0,00;0,00;0;;;2;;FALSO;FALSO;1097;
5202;6118;245;KP 1040 A 320 50;;0,00;0,00;0,00;0;;;2;;FALSO;FALSO;1097;
5203;6119;245;KP 4005 A 318 57;;0,00;0,00;0,00;0;;;2;;FALSO;FALSO;0;
5204;6120;245;KP 1038 A 364 52;;0,00;0,00;0,00;0;;;2;;FALSO;FALSO;0;
5205;6121;245;KP 1038 A 366 52;;0,00;0,00;0,00;0;;;2;;FALSO;FALSO;0;
5206;6122;245;KP 4006 A 663 58;;0,00;0,00;0,00;0;;;2;;FALSO;FALSO;0;
5207;6123;245;KP 1048 A 753 48;;0,00;0,00;0,00;0;;;2;;FALSO;FALSO;0;
5208;6124;245;KP 3044 A 936 50;;0,00;0,00;0,00;0;;;2;;FALSO;FALSO;0;
5209;6125;245;KP 1068 B 109 51;;0,00;0,00;0,00;0;;;2;;FALSO;FALSO;0;
5210;6126;245;KP 1050 B 122 49;;0,00;0,00;0,00;0;;;2;;FALSO;FALSO;0;
5211;4717;128;Varilux Liberty Optifog;;0,00;0,00;651,00;0;;;3;;FALSO;FALSO;0;
5212;4718;128;Crizal Easy;;0,00;0,00;208,00;0;;;3;;FALSO;FALSO;0;
5213;556;15;GU 1753 BLK;aro - acetato;0,00;0,00;334,00;0;;;2;;FALSO;FALSO;0;
5214;4719;128;VS CR 1.53 Base 4.00 Infinity Prme;;0,00;0,00;315,00;0;;;3;;FALSO;FALSO;0;
5216;557;15;GU 2345 BLK;;0,00;0,00;514,00;0;;;2;;FALSO;FALSO;0;
5217;4720;128;Dagas 1.60 c trat.UV;;0,00;0,00;320,00;0;;;3;;FALSO;FALSO;0;
5218;1469;19;HOLBROOK 009102-08;aro - acetato;0,00;0,00;491,00;-1;;;1;;FALSO;FALSO;0;
5219;558;15;GU 2348 BLK;;0,00;0,00;514,50;0;;;3;;FALSO;FALSO;0;
5220;2019;22;RB 1528 3578;aro - acetato;0,00;0,00;340,00;0;;;3;;FALSO;FALSO;0;
5221;4721;128;DAGAS 1.56 SURF.C AR;;0,00;0,00;0,00;0;;;3;;FALSO;FALSO;0;
5222;6127;245;KP 4005 A 317;aro - acetato;0,00;0,00;380,00;0;;;1;;FALSO;FALSO;0;
5223;559;15;GU 2345 BU;;0,00;0,00;514,65;0;;;2;;FALSO;FALSO;0;
5224;4722;128;Varilux comforty trans c infinity;;0,00;0,00;1.613,00;0;;;3;;FALSO;FALSO;0;
5225;1025;16;M.93 049 52 C.368;fio - metal;0,00;0,00;480,00;0;;;2;;FALSO;FALSO;0;
5227;6155;253;CAMILLE CX6 135;aro - acetato;0,00;0,00;384,00;0;;;2;;FALSO;FALSO;0;
5228;6156;253;ELEANA 0EQ6 135;aro - metal;0,00;0,00;384,00;0;;;2;;FALSO;FALSO;0;
5229;6157;253;LUCAS/N 0W2D 140;aro - acetato;0,00;0,00;384,00;0;;;2;;FALSO;FALSO;0;
5230;560;15;GU 7173 BRN 34;aro - acetato;0,00;0,00;334,00;0;;;1;;FALSO;FALSO;0;
5231;1026;16;STORM;aro - acetato;0,00;0,00;356,00;0;;;1;;FALSO;FALSO;0;
5232;6130;246;C A2 2660 47-16 C931;aro - acetato;0,00;0,00;298,00;0;;;2;;FALSO;FALSO;0;
5233;561;15;GU 2350 BRN 53;;0,00;0,00;485,00;0;;;2;;FALSO;FALSO;0;
5234;562;15;GU 2348 BRN 55;;0,00;0,00;514,00;0;;;2;;FALSO;FALSO;0;
5235;563;15;GU 1754 BRN;;0,00;0,00;334,00;0;;;2;;FALSO;FALSO;0;
5236;564;15;GU 2312 TO 52;;0,00;0,00;543,00;0;;;2;;FALSO;FALSO;0;
5237;1027;16;M093 061 53;;0,00;0,00;480,00;0;;;2;;FALSO;FALSO;0;
5239;1028;16;M.93 009 50;;0,00;0,00;480,00;-1;;;2;;FALSO;FALSO;0;
5240;6158;253;PETRA/P/S CW6P RA;aro - acetato;0,00;0,00;415,00;0;;;1;;FALSO;FALSO;0;
5241;2742;35;GLAM 100 5K1;aro - acetato;0,00;0,00;453,00;0;;;2;;FALSO;FALSO;0;
5242;1029;16;M.93 012 50;aro - acetato;0,00;0,00;430,00;0;;;2;;FALSO;FALSO;0;
5243;2743;35;SD 264 SC9;;0,00;0,00;0,00;0;;;2;;FALSO;FALSO;0;
5244;2744;35;E 7053 3FZ;;0,00;0,00;0,00;0;;;2;;FALSO;FALSO;0;
5245;2745;35;E 7032 PP1;;0,00;0,00;0,00;0;;;2;;FALSO;FALSO;0;
5246;2746;35;E 7032 598;;0,00;0,00;0,00;0;;;2;;FALSO;FALSO;0;
5247;2700;34;SD 266 QHC;;0,00;0,00;500,00;0;;;2;;FALSO;FALSO;0;
5248;2747;35;S 213 DCK;;0,00;0,00;0,00;0;;;2;;FALSO;FALSO;0;
5249;2748;35;SD 260 CGS;;0,00;0,00;0,00;0;;;2;;FALSO;FALSO;0;
5250;2749;35;GLAM 91 3YG;;0,00;0,00;0,00;0;;;2;;FALSO;FALSO;0;
5251;2750;35;GLAM 91 3YG 5316;;0,00;0,00;0,00;0;;;2;;FALSO;FALSO;0;
5252;2751;35;GLAM 93 NG5;;0,00;0,00;0,00;0;;;2;;FALSO;FALSO;0;
5253;2752;35;GLAM  99 RHL;;0,00;0,00;0,00;0;;;2;;FALSO;FALSO;0;
5254;2753;35;E 3087 83E;;0,00;0,00;0,00;-1;;;2;;FALSO;FALSO;0;
5255;2701;34;E 3088 DRF;;0,00;0,00;0,00;0;;;2;;FALSO;FALSO;0;
5256;2754;35;S 167 Z9Z;;0,00;0,00;0,00;0;;;2;;FALSO;FALSO;0;
5257;2755;35;S 194/N DCD;aro - acetato;0,00;0,00;367,00;0;;;2;;FALSO;FALSO;0;
5258;2756;35;S 228 DKE;;0,00;0,00;0,00;0;;;2;;FALSO;FALSO;0;
5259;2757;35;E 7144 IHY;;0,00;0,00;0,00;0;;;2;;FALSO;FALSO;0;
5260;2758;35;GLAN 106 DGM;;0,00;0,00;0,00;0;;;2;;FALSO;FALSO;0;
5261;2759;35;S 225 AMF;;0,00;0,00;357,00;0;;;2;;FALSO;FALSO;0;
5262;2760;35;S 226 D5Y;;0,00;0,00;0,00;0;;;2;;FALSO;FALSO;1089;
5263;2702;34;SD 264 5R1;aro - metal;0,00;0,00;580,00;0;;;2;;FALSO;FALSO;0;\\TATI\Programa\FOTOS\SD 264 5R1.jpg
5264;2761;35;SD 279 086;;0,00;0,00;0,00;0;;;2;;FALSO;FALSO;0;
5265;1030;16;M.93 007;;0,00;0,00;0,00;0;;;2;;FALSO;FALSO;0;
5267;4963;132;J00518 53;;0,00;0,00;370,00;0;;;2;;FALSO;FALSO;0;
5268;4964;132;3173H 56;;0,00;0,00;370,00;0;;;2;;FALSO;FALSO;0;
5269;4965;132;SP1783 53;;0,00;0,00;370,00;0;;;2;;FALSO;FALSO;0;
5270;4966;132;S 1197;;0,00;0,00;340,00;0;;;2;;FALSO;FALSO;0;
5271;4967;132;SH 1235;;0,00;0,00;220,00;0;;;2;;FALSO;FALSO;0;
5272;4968;132;SH 1808 52;;0,00;0,00;290,00;0;;;2;;FALSO;FALSO;0;
5273;4969;132;SH 1376 50;;0,00;0,00;290,00;0;;;2;;FALSO;FALSO;0;
5274;4970;132;OD 6138 50;;0,00;0,00;190,00;0;;;2;;FALSO;FALSO;0;
5275;4723;128;VS Trans Crizal Easy;;0,00;0,00;0,00;0;;;3;;FALSO;FALSO;0;
5276;1031;16;M.93 061 C 436;Fio de Nylon;0,00;0,00;480,00;0;;;2;;FALSO;FALSO;1081;
5277;4724;128;Varilux Physio Orma Infinity;;0,00;0,00;1.035,00;0;;;3;;FALSO;FALSO;0;
5278;6128;245;KP 4009 A 673;;0,00;0,00;380,00;0;;;1;;FALSO;FALSO;0;
5279;565;15;GU 7193 BU-34;;0,00;0,00;385,00;0;;;1;;FALSO;FALSO;0;
5280;566;15;GU 7189 62 SI 35;Aro Fechado;0,00;0,00;335,00;0;;;1;;FALSO;FALSO;0;
5282;2688;33;BULK;;0,00;0,00;0,00;0;;;1;;FALSO;FALSO;0;
5283;4339;102;2639 GREY;;0,00;0,00;0,00;0;;;1;;FALSO;FALSO;0;
5284;2762;35;S 212;;0,00;0,00;396,00;0;;;2;;FALSO;FALSO;0;
5285;567;15;GU 2312 BL  52 18 -135;;0,00;0,00;0,00;0;;;2;;FALSO;FALSO;0;
5287;568;15;GU 1539ST 51;;0,00;0,00;485,00;0;;;2;;FALSO;FALSO;0;
5288;569;15;GU 1651 51 GRN;;0,00;0,00;571,00;0;;;2;;FALSO;FALSO;0;
5289;570;15;GU 1717 56 OL;;0,00;0,00;485,00;0;;;2;;FALSO;FALSO;0;
5290;571;15;1753 53 BLK;;0,00;0,00;335,00;0;;;2;;FALSO;FALSO;0;
5291;572;15;GU 1754 53 BRN;;0,00;0,00;335,00;0;;;2;;FALSO;FALSO;0;
5292;573;15;GU 1771 53 BLK;;0,00;0,00;456,00;0;;;2;;FALSO;FALSO;0;
5293;574;15;GU 2291 52 TOCRM;;0,00;0,00;485,00;0;;;2;;FALSO;FALSO;0;
5294;575;15;GU 2312 52 TO;;0,00;0,00;543,00;0;;;2;;FALSO;FALSO;0;
5295;576;15;GU 2344 55 BU;;0,00;0,00;515,00;0;;;2;;FALSO;FALSO;0;
5296;577;15;GU 2345 53 BLK;;0,00;0,00;515,00;0;;;2;;FALSO;FALSO;0;
5297;578;15;GU 2345 53 BU;;0,00;0,00;515,00;0;;;2;;FALSO;FALSO;0;
5298;579;15;GU 2348 55 BLK;;0,00;0,00;515,00;0;;;2;;FALSO;FALSO;1102;
5299;580;15;GU 2348 55 BRN;;0,00;0,00;515,00;0;;;2;;FALSO;FALSO;0;
5300;581;15;GU 2348 55 GRN;;0,00;0,00;515,00;0;;;2;;FALSO;FALSO;0;
5301;582;15;GU 2349 53 GRN;;0,00;0,00;485,00;0;;;2;;FALSO;FALSO;0;
5302;583;15;GU 2350 53 BRN;;0,00;0,00;515,00;0;;;2;;FALSO;FALSO;0;
5303;584;15;GU 2350 53 GRN;;0,00;0,00;515,00;0;;;2;;FALSO;FALSO;1084;
5304;585;15;GU 2351 53 BRN;;0,00;0,00;485,00;0;;;2;;FALSO;FALSO;1094;
5305;586;15;GU 6735 63 SI 9F;;0,00;0,00;543,00;0;;;2;;FALSO;FALSO;0;
5306;587;15;GU 7033 63 GLD 34;;0,00;0,00;571,00;0;;;2;;FALSO;FALSO;0;
5307;588;15;GU 7151 52 GLD 6F;;0,00;0,00;456,00;0;;;2;;FALSO;FALSO;0;
5308;589;15;GU 7189 62 GLD 1F;;0,00;0,00;515,00;0;;;2;;FALSO;FALSO;0;
5309;590;15;GU 2004 62 BRN 34P;;0,00;0,00;335,00;0;;;2;;FALSO;FALSO;0;
5310;591;15;GU 7130 60 TO 34;;0,00;0,00;572,00;0;;;1;;FALSO;FALSO;0;
5311;592;15;GU 7173 58 BLK 35;;0,00;0,00;335,00;0;;;2;;FALSO;FALSO;0;
5312;593;15;GU 7173 58 BRN 34;;0,00;0,00;335,00;0;;;2;;FALSO;FALSO;0;
5313;594;15;GU 7173 58 BRN 34;;0,00;0,00;0,00;0;;;2;;FALSO;FALSO;0;
5314;595;15;GU 7179 60 TO 34;;0,00;0,00;0,00;0;;;2;;FALSO;FALSO;0;
5315;596;15;GU 7179 60 TO 34;;0,00;0,00;335,00;0;;;2;;FALSO;FALSO;0;
5316;597;15;GU 7180 TO 34;;0,00;0,00;335,00;0;;;2;;FALSO;FALSO;0;
5317;598;15;GU 7193 63 PUR 58;;0,00;0,00;428,00;0;;;1;;FALSO;FALSO;0;
5318;2703;34;E 3076 F60;;0,00;0,00;460,00;0;;;2;;FALSO;FALSO;0;
5319;2704;34;GLAM 100 5KK;;0,00;0,00;521,00;0;;;2;;FALSO;FALSO;0;
5320;2705;34;GLAM 79 BDF;;0,00;0,00;521,00;0;;;2;;FALSO;FALSO;0;
5321;2706;34;GLAM 82 F1B;;0,00;0,00;460,00;0;;;2;;FALSO;FALSO;0;
5322;2707;34;GLAM 84 FGZ;;0,00;0,00;460,00;0;;;2;;FALSO;FALSO;1085;
5323;2708;34;GLAM 84 J5G;;0,00;0,00;460,00;0;;;2;;FALSO;FALSO;0;
5324;2709;34;GLAM 95 NK6;;0,00;0,00;495,00;0;;;2;;FALSO;FALSO;0;
5325;2763;35;S 195/N NV6;;0,00;0,00;356,00;0;;;2;;FALSO;FALSO;0;
5326;2764;35;S 200/N QHC;;0,00;0,00;356,00;0;;;2;;FALSO;FALSO;0;
5327;2710;34;S 200/N Z9M;;0,00;0,00;356,00;0;;;2;;FALSO;FALSO;0;
5328;2711;34;S 201 Z94;;0,00;0,00;330,00;0;;;2;;FALSO;FALSO;0;
5329;2765;35;S 201/N Z97;;0,00;0,00;356,00;0;;;2;;FALSO;FALSO;0;
5330;2766;35;S 202 Z90;;0,00;0,00;330,00;0;;;2;;FALSO;FALSO;0;
5331;2712;34;S 202/N Z8Y;;0,00;0,00;356,00;0;;;2;;FALSO;FALSO;0;
5332;2767;35;S 202/N Z92;;0,00;0,00;356,00;0;;;2;;FALSO;FALSO;0;
5333;6159;253;S 212 5LW;;0,00;0,00;356,00;0;;;2;;FALSO;FALSO;0;
5334;2713;34;SD 255 086;;0,00;0,00;504,00;0;;;2;;FALSO;FALSO;0;
5335;2714;34;E 7056 S4U;;0,00;0,00;417,00;0;;;2;;FALSO;FALSO;0;
5336;2715;34;SD 276 DL5;;0,00;0,00;521,00;0;;;2;;FALSO;FALSO;0;
5337;6160;253;ALEA DY2;;0,00;0,00;347,00;0;;;2;;FALSO;FALSO;0;
5338;6161;253;ALEA JTB;;0,00;0,00;347,00;0;;;2;;FALSO;FALSO;1093;
5339;2716;34;RIVERS 086;;0,00;0,00;347,00;0;;;1;;FALSO;FALSO;0;
5340;2717;34;RIVERS 807;;0,00;0,00;347,00;0;;;2;;FALSO;FALSO;0;
5341;6162;253;ARIA EY4;;0,00;0,00;347,00;0;;;2;;FALSO;FALSO;0;
5342;6163;253;BARRET JRJ;;0,00;0,00;347,00;0;;;2;;FALSO;FALSO;0;
5343;6164;253;BARRET JRQ;;0,00;0,00;347,00;0;;;2;;FALSO;FALSO;0;
5344;6165;253;CASSIDY 086;;0,00;0,00;347,00;0;;;2;;FALSO;FALSO;0;
5345;6166;253;CASSIDY 807;;0,00;0,00;347,00;0;;;2;;FALSO;FALSO;0;
5346;6167;253;CASSIDY 9D5;;0,00;0,00;347,00;0;;;2;;FALSO;FALSO;0;
5347;6168;253;DARIEN W49;;0,00;0,00;347,00;0;;;2;;FALSO;FALSO;0;
5348;2718;34;ELEANA EQ6;;0,00;0,00;347,00;0;;;2;;FALSO;FALSO;0;
5349;6169;253;HAMILTONM JWQ;;0,00;0,00;347,00;0;;;2;;FALSO;FALSO;0;
5350;6170;253;JOHNNY/S 807;;0,00;0,00;315,00;0;;;2;;FALSO;FALSO;0;
5351;6171;253;JOHNNY/S Q0M;;0,00;0,00;315,00;0;;;2;;FALSO;FALSO;0;
5352;6172;253;KAYLEE 8F4;;0,00;0,00;347,00;0;;;2;;FALSO;FALSO;0;
5353;6173;253;LARISSA 0003;;0,00;0,00;347,00;0;;;2;;FALSO;FALSO;0;
5354;6174;253;LARISSA JHE;;0,00;0,00;347,00;0;;;2;;FALSO;FALSO;0;
5355;6175;253;LENORA TY6;;0,00;0,00;347,00;0;;;2;;FALSO;FALSO;0;
5356;6176;253;NATHAN JCD;;0,00;0,00;347,00;0;;;2;;FALSO;FALSO;0;
5357;6177;253;PAULETTE 1B1;;0,00;0,00;347,00;0;;;2;;FALSO;FALSO;0;
5358;6178;253;PAULETTE 1C8;;0,00;0,00;347,00;-1;;;2;;FALSO;FALSO;0;
5359;6179;253;PAULETTE CX9;;0,00;0,00;347,00;0;;;2;;FALSO;FALSO;0;
5360;6180;253;SHANA FG6;;0,00;0,00;347,00;0;;;2;;FALSO;FALSO;0;
5361;6181;253;SHANA FG7;;0,00;0,00;347,00;0;;;2;;FALSO;FALSO;0;
5362;6182;253;SOFIE JWJ;;0,00;0,00;347,00;0;;;2;;FALSO;FALSO;0;
5363;6183;253;TABITHA JUV;;0,00;0,00;347,00;0;;;2;;FALSO;FALSO;0;
5364;6184;253;WADE 1J0;;0,00;0,00;347,00;0;;;2;;FALSO;FALSO;0;\\TATI\Programa\FOTOS\WADE 1J0.jpg
5365;1470;19;DISPATCH II 009150-13;;0,00;0,00;560,00;0;;;1;;FALSO;FALSO;0;
5366;54;6;DG 6059 1809;;0,00;0,00;990,00;0;;;1;;FALSO;FALSO;0;
5367;6;5;XV90 62;;0,00;0,00;584,00;0;;;1;;FALSO;FALSO;0;
5368;1032;16;MELBOURNE;aro - acetato;0,00;0,00;350,00;0;;;1;;FALSO;FALSO;0;
5369;2020;22;RY 1527 3578;;0,00;0,00;309,00;0;;;2;;FALSO;FALSO;0;
5370;2021;22;RY 1531 3592;;0,00;0,00;309,00;0;;;2;;FALSO;FALSO;0;
5371;1471;19;CROSSHAIR 004060-01;;0,00;0,00;470,00;0;;;1;;FALSO;FALSO;0;
5372;7;5;ENDURANCE/L V4JJJ;aro - acetato;0,00;0,00;559,00;0;;;1;;FALSO;FALSO;0;
5373;8;5;XAK90 63;aro - acetato;0,00;0,00;599,00;0;;;1;;FALSO;FALSO;0;
5374;9;5;XSZ90 62;aro - acetato;0,00;0,00;584,00;0;;;1;;FALSO;FALSO;0;
5375;10;5;XAK9L;aro - acetato;0,00;0,00;614,00;0;;;1;;FALSO;FALSO;0;
5376;11;5;WYS90 63;;0,00;0,00;584,00;0;;;1;;FALSO;FALSO;0;
5377;599;15;GU 1770;;0,00;0,00;485,00;0;;;2;;FALSO;FALSO;0;
5378;4507;127;STERLING GRAY;;0,00;0,00;98,00;-4;;;3;;FALSO;FALSO;0;
5379;1472;19;JUNKYARD;aro - acetato;0,00;0,00;412,00;0;;;2;;FALSO;FALSO;0;
5380;1473;19;YARDDOG ll;aro - acetato;0,00;0,00;412,00;0;;;2;;FALSO;FALSO;0;
5381;1474;19;CROSSLINK;aro - acetato;0,00;0,00;458,00;0;;;2;;FALSO;FALSO;0;
5382;4508;127;TORICAS COLORIDAS C/ GRAU;;0,00;0,00;0,00;0;;;3;;FALSO;FALSO;0;
5384;2768;35;s 192 nw1 130;;0,00;0,00;497,00;0;;;2;;FALSO;FALSO;0;
5385;3231;36;H5136 53;aro - metal;0,00;0,00;385,00;0;;;2;;FALSO;FALSO;0;
5387;1475;19;OIL RIG 03 494;másc - acetato;0,00;0,00;450,00;0;;;1;;FALSO;FALSO;0;
5406;6185;253;SHANA Y46;;0,00;0,00;347,00;0;;;2;;FALSO;FALSO;0;
5408;6186;253;PAULETTE CX2;;0,00;0,00;347,00;0;;;2;;FALSO;FALSO;0;
5432;2769;35;S 225 D5B;;0,00;0,00;357,00;0;;;2;;FALSO;FALSO;0;
5435;2770;35;S 227 D7B;aro - acetato;0,00;0,00;344,00;0;;;2;;FALSO;FALSO;0;
5436;2022;22;RJ 9035S 147;;0,00;0,00;371,00;0;;;1;;FALSO;FALSO;0;
5437;2023;22;RJ 9052S 100S/55;másc - acetato;0,00;0,00;350,00;0;;;1;;FALSO;FALSO;0;
5438;2024;22;RJ 9052S 152;;0,00;0,00;371,00;0;;;1;;FALSO;FALSO;0;
5439;2025;22;RJ 9057S 152;;0,00;0,00;371,00;0;;;1;;FALSO;FALSO;0;
5440;2026;22;RJ 9506S 200;;0,00;0,00;383,00;0;;;2;;FALSO;FALSO;0;
5441;2027;22;RB 1527 3575;aro - acetato;0,00;0,00;340,00;1;;;2;;FALSO;FALSO;0;
5442;1033;16;M.93 505 52;Parafusada;0,00;0,00;450,00;1;;;2;;FALSO;FALSO;0;
5443;2028;22;RB 1529 3586 47;aro - acetato;0,00;0,00;330,00;1;;;2;;FALSO;FALSO;0;
5444;2029;22;RY 1531 3580 48;;0,00;0,00;330,00;0;;;2;;FALSO;FALSO;0;
5445;2030;22;ry 1532 3579 47;;0,00;0,00;330,00;0;;;2;;FALSO;FALSO;0;
5446;2031;22;ry 1532 3587 47;;0,00;0,00;330,00;0;;;2;;FALSO;FALSO;0;
5447;2032;22;RB 1533 3598 47;aro - acetato;0,00;0,00;330,00;1;;;2;;FALSO;FALSO;0;
5448;600;15;GU 1521;;0,00;0,00;500,00;0;;;2;;FALSO;FALSO;0;
5449;2033;22;RY 9048S 174/8E52;;0,00;0,00;340,00;0;;;2;;FALSO;FALSO;0;
5450;2034;22;RB 4147 629/3260;aro - acetato;0,00;0,00;585,00;0;;;1;;FALSO;FALSO;0;
5451;3505;37;Montagem;;0,00;0,00;40,00;-3;;;4;;FALSO;FALSO;0;
5452;1476;19;OO2025 CHANGEOVER;;0,00;0,00;550,00;0;;;1;;FALSO;FALSO;0;\\TATI\Programa\FOTOS\OO2025 CHANGEOVER.jpg
5453;1477;19;OO2035 0259;;0,00;0,00;617,00;0;;;1;;FALSO;FALSO;0;
5454;1478;19;004054 0760;;0,00;0,00;554,00;-1;;;1;;FALSO;FALSO;0;
5455;1479;19;OO9102 0155;;0,00;0,00;490,00;0;;;1;;FALSO;FALSO;0;
5456;1480;19;OO9128 0555;;0,00;0,00;554,00;0;;;1;;FALSO;FALSO;0;
5457;1481;19;OO9135 0956;;0,00;0,00;679,00;-1;;;1;;FALSO;FALSO;0;
5458;1482;19;OO9181 1538;;0,00;0,00;905,00;0;;;1;;FALSO;FALSO;0;
5459;1483;19;OO9190 0332;;0,00;0,00;528,00;0;;;1;;FALSO;FALSO;0;
5460;1484;19;OO9194 0260;;0,00;0,00;654,00;0;;;1;;FALSO;FALSO;0;
5461;1485;19;OX 1060 0353;;0,00;0,00;546,00;0;;;2;;FALSO;FALSO;0;
5462;1486;19;OO9199 0256;;0,00;0,00;528,00;0;;;1;;FALSO;FALSO;0;
5463;2035;22;RB 2140 901;Aro Fechado;0,00;0,00;506,00;-1;;;1;;FALSO;FALSO;0;
5464;4971;132;SH 1273;;0,00;0,00;315,00;0;;;1;;FALSO;FALSO;0;
5465;4340;102;2693;;0,00;0,00;340,00;0;;;2;;FALSO;FALSO;0;
5466;4341;102;2629;;0,00;0,00;280,00;0;;;2;;FALSO;FALSO;0;
5467;4342;102;SP 1808;;0,00;0,00;370,00;0;;;1;;FALSO;FALSO;1087;
5468;6084;241;C05;;0,00;0,00;180,00;0;;;2;;FALSO;FALSO;0;
5469;4972;132;HY88006;;0,00;0,00;379,00;0;;;1;;FALSO;FALSO;0;
5470;6008;232;M2017;;0,00;0,00;180,00;0;;;1;;FALSO;FALSO;0;
5471;4973;132;SL 6561;;0,00;0,00;340,00;0;;;2;;FALSO;FALSO;0;
5472;5994;227;48-19-140;;0,00;0,00;150,00;-2;;;1;;FALSO;FALSO;0;
5473;4974;132;JL 9061;;0,00;0,00;330,00;0;;;2;;FALSO;FALSO;0;
5474;4975;132;DT 7010;fio - metal;0,00;0,00;315,00;0;;;2;;FALSO;FALSO;0;
5475;4343;102;2632 SPORT;;0,00;0,00;295,00;0;;;2;;FALSO;FALSO;0;
5477;4344;102;2695 SPORT;;0,00;0,00;310,00;0;;;2;;FALSO;FALSO;0;
5478;4976;132;MC 3050;;0,00;0,00;290,00;0;;;2;;FALSO;FALSO;0;
5479;2036;22;RB 4180   883/8G   3N;aro - acetato;0,00;0,00;600,00;0;;;1;;FALSO;FALSO;0;
5480;1487;19;OX 1098-0153  showdown;aro - acetato;0,00;0,00;453,00;0;;;2;;FALSO;FALSO;0;
5481;1488;19;Deviation  OO4061-04;aro - metal;0,00;0,00;545,00;0;;;1;;FALSO;FALSO;0;
5482;1489;19;TWOFACE OO9189-05;aro - acetato;0,00;0,00;539,00;0;;;1;;FALSO;FALSO;0;
5483;1490;19;Plaintiff OO4057-02;aro - metal;0,00;0,00;568,00;0;;;1;;FALSO;FALSO;0;
5484;1034;16;M.93 005;fio - acetato;0,00;0,00;430,00;0;;;2;;FALSO;FALSO;0;
5485;4007;92;K 7397;aro - metal;0,00;0,00;;0;;;1;;FALSO;FALSO;0;
5486;3232;36;A 918;aro - metal;0,00;0,00;198,00;0;;;1;;FALSO;FALSO;0;
5487;3233;36;HC-310;fio - metal;0,00;0,00;148,00;0;;;1;;FALSO;FALSO;0;
5488;6011;233;Baby;;0,00;0,00;0,00;0;;;1;;FALSO;FALSO;0;
5489;5995;227;A;;0,00;0,00;0,00;0;;;1;;FALSO;FALSO;0;
5490;3775;77;HM 3336;aro - acetato;0,00;0,00;112,00;1;;;2;;FALSO;FALSO;0;
5491;5918;222;LDS 0006 C26;Parafusada;0,00;0,00;;0;;;2;;FALSO;FALSO;0;\\TATI\Programa\FOTOS\LDS 0006 C26.jpg
5492;5919;222;Louge;;0,00;0,00;0,00;0;;;1;;FALSO;FALSO;0;
5494;3234;36;DS 13273;aro - metal;;0,00;340,00;0;;;2;;FALSO;FALSO;0;
5496;4725;128;Solamax transitions poly c Easy Clean;;0,00;0,00;1.300,00;0;;;3;;FALSO;FALSO;0;
5497;1035;16;VERT POLARIZADO;aro - acetato;0,00;0,00;412,00;0;;;1;;FALSO;FALSO;0;
5498;4726;128;Varilux Comfort N.E.Stylis(1.67);;0,00;0,00;1.575,00;0;;;3;;FALSO;FALSO;0;
5499;4727;128;Varilux Comfort N.E.Airwear(1.59)c infinity;;0,00;0,00;1.541,00;0;;;3;;FALSO;FALSO;0;
5500;2719;34;SD 260 CGS Titanium;;0,00;0,00;521,00;0;;;2;;FALSO;FALSO;0;
5501;2037;22;RB 3025 001/3F 62;aro - metal;196,83;23,62;670,00;0;;;1;;FALSO;FALSO;0;
5503;2689;33;STRIKE;;0,00;0,00;0,00;0;;;2;;FALSO;FALSO;1090;
5504;2038;22;RB 3025L 001/3F 62;aro - metal;;59,04;790,00;0;;;1;;FALSO;FALSO;0;
5505;2039;22;RB 8313 001/51;aro - metal;0,00;0,00;670,00;0;;;1;;FALSO;FALSO;0;
5506;2040;22;RB 4197 600;;0,00;0,00;501,00;0;;;1;;FALSO;FALSO;0;
5507;2041;22;RB 4181 606/71;;0,00;0,00;501,00;0;;;1;;FALSO;FALSO;0;
5508;2042;22;RB 4171 865/13;;163,81;19,66;390,00;0;;;1;;FALSO;FALSO;0;
5509;2043;22;RB 4171 865/13;;0,00;0,00;390,00;0;;;1;;FALSO;FALSO;0;
5510;2044;22;RB 4126 710/51;;0,00;0,00;556,00;0;;;1;;FALSO;FALSO;0;
5511;2045;22;RB 4126 710/51;;0,00;0,00;556,00;0;;;1;;FALSO;FALSO;0;
5512;2046;22;RB 4126 601/32;;0,00;0,00;552,00;0;;;1;;FALSO;FALSO;0;
5513;2047;22;RB 4125 710/51;;0,00;0,00;552,00;0;;;1;;FALSO;FALSO;0;
5514;2048;22;RB 3460 001/71;;0,00;0,00;619,00;0;;;1;;FALSO;FALSO;0;
5515;2049;22;RB 3025L 003/3F;;0,00;0,00;552,00;0;;;1;;FALSO;FALSO;0;
5516;2050;22;RB 3467 001/13;Aro Fechado;0,00;0,00;530,00;0;;;1;;FALSO;FALSO;0;
5517;2051;22;RB 3025 112/69;aro - metal;0,00;0,00;530,00;0;;;1;;FALSO;FALSO;0;
5518;2587;31;VO 3832-S 848/5A;aro - metal;0,00;0,00;498,00;0;;;1;;FALSO;FALSO;0;
5519;2588;31;VO 3831-S 848/13;aro - metal;0,00;0,00;498,00;0;;;1;;FALSO;FALSO;0;
5520;2589;31;VO 3827-S 548/13;Aro Fechado;0,00;0,00;490,00;0;;;1;;FALSO;FALSO;0;
5521;1036;16;WOULD;aro - acetato;0,00;0,00;0,00;-7;;;1;;FALSO;FALSO;0;
5522;1037;16;KEEL;aro - acetato;0,00;0,00;0,00;0;;;1;;FALSO;FALSO;0;
5523;1038;16;ROCKER TK;aro - acetato;0,00;0,00;0,00;0;;;1;;FALSO;FALSO;0;
5524;1039;16;ROCKER;aro - acetato;0,00;0,00;0,00;-1;;;1;;FALSO;FALSO;0;
5525;1040;16;JEREMY;aro - acetato;0,00;0,00;0,00;0;;;1;;FALSO;FALSO;0;
5526;1041;16;M0904 52;aro - acetato;0,00;0,00;0,00;0;;;2;;FALSO;FALSO;0;
5527;1042;16;M.93 018;aro - acetato;0,00;0,00;350,00;0;;;1;;FALSO;FALSO;0;
5528;1043;16;M.93 016;aro - acetato;0,00;0,00;250,00;0;;;1;;FALSO;FALSO;0;
5529;1044;16;M.9404;aro - acetato;0,00;0,00;250,00;0;;;1;;FALSO;FALSO;0;
5530;1045;16;M.93 017;aro - acetato;0,00;0,00;350,00;-1;;;2;;FALSO;FALSO;0;
5531;1046;16;M.0901;fio - acetato;0,00;0,00;250,00;-1;;;1;;FALSO;FALSO;0;
5532;1047;16;M.0806;fio - acetato;0,00;0,00;250,00;0;;;1;;FALSO;FALSO;0;
5533;1048;16;M.93021;fio - acetato;0,00;0,00;250,00;0;;;1;;FALSO;FALSO;0;
5534;1049;16;M.93 014 53;fio - acetato;0,00;0,00;380,00;1;;;2;;FALSO;FALSO;0;\\TATI\Programa\FOTOS\M.93 014.jpg
5535;1050;16;M.93 015;fio - acetato;84,56;4,23;250,00;0;;;2;;FALSO;FALSO;1134;
5536;1051;16;M0806;fio - acetato;0,00;0,00;250,00;0;;;2;;FALSO;FALSO;0;
5537;1052;16;M.93065;Parafusada;0,00;0,00;359,00;0;;;1;;FALSO;FALSO;0;
5538;1053;16;M.93403;fio - metal;0,00;0,00;299,00;0;;;1;;FALSO;FALSO;0;
5539;1054;16;M.93061;fio - metal;0,00;0,00;359,00;0;;;1;;FALSO;FALSO;0;
5540;1055;16;M.93 403;fio - metal;43,83;2,19;299,00;0;;;2;;FALSO;FALSO;0;
5541;1056;16;M.93 400;fio - metal;109,57;45,48;299,00;0;;;2;;FALSO;FALSO;1099;
5542;1057;16;M.93 131;aro - metal;0,00;0,00;380,00;-1;;;2;;FALSO;FALSO;0;
5543;1058;16;M.93 401;aro - metal;109,57;5,48;299,00;0;;;2;;FALSO;FALSO;0;
5544;1059;16;FREERIDE POL;;0,00;0,00;372,00;0;;;1;;FALSO;FALSO;0;
5545;1060;16;SICILY XL;;0,00;0,00;269,00;0;;;1;;FALSO;FALSO;0;
5546;2052;22;RJ 9532S;aro - metal;0,00;0,00;340,00;0;;;1;;FALSO;FALSO;0;
5547;2053;22;RB 4186 856/1357;Aro Fechado;0,00;0,00;393,00;0;;;1;;FALSO;FALSO;0;
5548;2690;33;FUNNY;;0,00;0,00;290,00;0;;;2;;FALSO;FALSO;0;
5549;4977;132;J 113;aro - acetato;0,00;0,00;200,00;0;;;1;;FALSO;FALSO;0;
5551;4008;92;K 8760;fio - metal;0,00;0,00;270,00;0;;;2;;FALSO;FALSO;0;
5552;4009;92;K 8705;fio - metal;0,00;0,00;270,00;0;;;2;;FALSO;FALSO;0;
5553;4010;92;K 8671;fio - metal;0,00;0,00;270,00;0;;;2;;FALSO;FALSO;0;
5554;4011;92;K 8734;aro - metal;0,00;0,00;270,00;0;;;2;;FALSO;FALSO;0;
5557;6187;255;H 5035;fio - metal;0,00;0,00;280,00;0;;;2;;FALSO;FALSO;0;
5558;6188;255;H 5099;fio - metal;0,00;0,00;280,00;0;;;2;;FALSO;FALSO;0;
5559;6189;255;H 5171;fio - metal;0,00;0,00;280,00;0;;;2;;FALSO;FALSO;0;
5560;6190;255;H 5158;fio - metal;0,00;0,00;280,00;0;;;2;;FALSO;FALSO;0;
5561;6191;255;H 5170;fio - metal;0,00;0,00;280,00;0;;;2;;FALSO;FALSO;0;
5562;3235;36;H5150;aro - metal;0,00;0,00;280,00;0;;;2;;FALSO;FALSO;0;
5563;4446;116;K 8591;fio - metal;0,00;0,00;178,00;0;;;2;;FALSO;FALSO;0;
5564;4447;116;A 1105;fio - metal;0,00;0,00;178,00;0;;;2;;FALSO;FALSO;0;
5565;4448;116;A 1116;fio - metal;0,00;0,00;178,00;0;;;2;;FALSO;FALSO;0;
5566;4449;116;A 1171;fio - metal;0,00;0,00;180,00;0;;;2;;FALSO;FALSO;0;
5567;4450;116;A 1116;fio - metal;0,00;0,00;178,00;0;;;2;;FALSO;FALSO;0;
5568;4451;116;A 1080;fio - metal;0,00;0,00;178,00;0;;;2;;FALSO;FALSO;0;
5569;4452;116;A 1078;fio - metal;0,00;0,00;178,00;0;;;2;;FALSO;FALSO;0;
5570;4453;116;A 1103;fio - metal;0,00;0,00;178,00;0;;;2;;FALSO;FALSO;0;
5571;4454;116;A 1182;fio - metal;0,00;0,00;178,00;0;;;2;;FALSO;FALSO;0;
5572;601;15;GU 7255;aro - metal;0,00;0,00;494,00;0;;;1;;FALSO;FALSO;0;
5573;4728;128;Bifocal Ultex Sunsensor AR;;0,00;0,00;0,00;0;;;3;;FALSO;FALSO;0;
5574;4729;128;HOYALUX GP AR;;0,00;0,00;636,00;0;;;3;;FALSO;FALSO;0;
5575;1061;16;VERT;;114,84;17,23;299,90;0;;;1;;FALSO;FALSO;0;
5576;4730;128;Argos trivex fotossensível c infinity;;0,00;0,00;1.421,00;0;;;3;;FALSO;FALSO;0;
5577;1062;16;M.93 404;;0,00;0,00;299,00;0;;;2;;FALSO;FALSO;0;\\TATI\Programa\FOTOS\M.93 404.jpg
5578;4731;128;VS 1.67 C AR;;0,00;0,00;514,00;0;;;3;;FALSO;FALSO;0;
5579;2054;22;RB 3025 JM 146/32;Aro Fechado;197,12;29,57;530,00;0;;;1;;FALSO;FALSO;0;
5580;2055;22;RB 3508 001/1356;Aro Fechado;0,00;0,00;390,00;0;;;1;;FALSO;FALSO;0;
5581;2056;22;RB 4105;Aro Fechado;0,00;0,00;550,00;0;;;1;;FALSO;FALSO;0;
5582;4732;128;Optron 1.67;;0,00;0,00;390,00;0;;;3;;FALSO;FALSO;0;
5583;6002;229;MMJ 122/S 0OKO JD;aro - acetato;0,00;0,00;498,00;0;;;1;;FALSO;FALSO;0;
5584;2057;22;RB 3476 001/13;;0,00;0,00;578,00;0;;;1;;FALSO;FALSO;0;
5585;2058;22;RB 3476 001/13;;0,00;0,00;578,00;0;;;1;;FALSO;FALSO;0;
5586;4978;132;HR 605;fio - metal;0,00;0,00;270,00;0;;;2;;FALSO;FALSO;0;
5587;4979;132;SL 5004;fio - metal;0,00;0,00;270,00;0;;;2;;FALSO;FALSO;0;
5588;4980;132;SH 1540;fio - metal;0,00;0,00;270,00;0;;;2;;FALSO;FALSO;0;
5589;4981;132;HR 598;fio - metal;0,00;0,00;270,00;0;;;2;;FALSO;FALSO;0;
5590;4982;132;J00113 GOLD;fio - metal;0,00;0,00;270,00;0;;;2;;FALSO;FALSO;0;
5591;4983;132;SH 1919;fio - metal;0,00;0,00;270,00;0;;;2;;FALSO;FALSO;0;
5592;4984;132;JL 9033;aro - acetato;0,00;0,00;270,00;0;;;2;;FALSO;FALSO;1092;
5593;4985;132;SP1502;fio - metal;0,00;0,00;270,00;0;;;2;;FALSO;FALSO;0;
5594;4986;132;AT 1157;fio - metal;0,00;0,00;270,00;0;;;2;;FALSO;FALSO;0;
5595;4987;132;SH 1808;fio - metal;0,00;0,00;270,00;0;;;2;;FALSO;FALSO;0;
5596;4988;132;SP1502;fio - metal;0,00;0,00;270,00;0;;;2;;FALSO;FALSO;0;
5597;4989;132;HZ 10319;fio - metal;0,00;0,00;315,00;0;;;2;;FALSO;FALSO;0;
5598;4990;132;YC 5005;aro - acetato;0,00;0,00;315,00;0;;;2;;FALSO;FALSO;0;
5599;4991;132;JL 9061;aro - acetato;0,00;0,00;315,00;0;;;2;;FALSO;FALSO;0;
5600;4992;132;T 3177;aro - metal;0,00;0,00;315,00;0;;;2;;FALSO;FALSO;0;
5601;4993;132;S 1197;fio - metal;0,00;0,00;270,00;0;;;2;;FALSO;FALSO;0;
5602;4994;132;JB 2473;fio - metal;0,00;0,00;315,00;0;;;2;;FALSO;FALSO;0;
5603;4995;132;HY 66043;fio - metal;0,00;0,00;315,00;0;;;2;;FALSO;FALSO;0;
5604;2059;22;RB 1531 3580;aro - acetato;0,00;0,00;290,00;0;;;2;;FALSO;FALSO;1104;
5605;4996;132;T 3177;;0,00;0,00;345,00;0;;;2;;FALSO;FALSO;0;
5606;2720;34;7053 3FZ;;0,00;0,00;480,00;0;;;2;;FALSO;FALSO;0;
5607;2060;22;RB 3508 029/11;aro - metal;0,00;0,00;390,00;0;;;1;;FALSO;FALSO;0;
5608;1491;19;OOX 1100;aro - acetato;0,00;0,00;340,00;0;;;2;;FALSO;FALSO;0;
5609;4733;128;PG C/AR;;0,00;0,00;410,00;0;;;3;;FALSO;FALSO;0;
5610;2061;22;RB 6245E 2502 53 17 135;Fio de Nylon;0,00;0,00;370,00;0;;;2;;FALSO;FALSO;0;
5611;2691;33;MANHATTAN E8M9292;Aro Fechado;0,00;0,00;380,00;0;;;2;;FALSO;FALSO;0;
5613;3236;36;HZ 10331;aro - metal;0,00;0,00;369,00;0;;;2;;FALSO;FALSO;1115;
5614;3237;36;DS 13220;aro - metal;0,00;0,00;369,00;0;;;2;;FALSO;FALSO;0;
5615;3238;36;HZ 10341;fio - metal;0,00;0,00;315,00;0;;;2;;FALSO;FALSO;0;
5616;3239;36;HZ 10401;fio - metal;;0,00;315,00;0;;;2;;FALSO;FALSO;0;
5617;3240;36;HZ 10414;fio - metal;0,00;0,00;315,00;0;;;2;;FALSO;FALSO;0;
5619;3241;36;DS 13123;fio - metal;0,00;0,00;315,00;0;;;2;;FALSO;FALSO;0;
5620;3242;36;DS 12626-2;aro - metal;0,00;0,00;315,00;0;;;2;;FALSO;FALSO;0;
5621;3243;36;DS 12627-2;fio - metal;0,00;0,00;310,00;0;;;2;;FALSO;FALSO;0;
5622;3244;36;HZ 10384;fio - metal;0,00;0,00;315,00;0;;;2;;FALSO;FALSO;0;
5624;3245;36;X 171;aro - metal;0,00;0,00;290,00;0;;;2;;FALSO;FALSO;1103;
5625;3246;36;X 173;aro - metal;0,00;0,00;290,00;1;;;2;;FALSO;FALSO;0;
5626;1492;19;Belong 12942 Pol.;aro - acetato;0,00;0,00;790,00;0;;;1;;FALSO;FALSO;0;
5627;4734;128;PG FOTO AR;;0,00;0,00;550,00;0;;;3;;FALSO;FALSO;0;
5628;1493;19;OX 8034-0553 SATIN BLACK/RETINA BURN;aro - acetato;0,00;0,00;598,89;0;;;1;;FALSO;FALSO;1098;
5629;1494;19;CAVEAT OO 4054-01;Aro Fechado;0,00;0,00;0,00;0;;;1;;FALSO;FALSO;0;
5630;1495;19;CAVEAT OO4054-01;aro - metal;0,00;0,00;484,00;0;;;1;;FALSO;FALSO;0;
5631;1496;19;CHANGEOVER  OO2035-06;aro - acetato;0,00;0,00;594,00;0;;;1;;FALSO;FALSO;0;
5632;1497;19;CROSSHAIR OO6014-02;aro - metal;0,00;0,00;703,00;0;;;1;;FALSO;FALSO;0;
5633;1498;19;BATWOLF OO9101-01;aro - acetato;0,00;0,00;517,00;0;;;1;;FALSO;FALSO;0;
5634;1499;19;BATWOLF OO9101-04;aro - acetato;0,00;0,00;561,00;0;;;1;;FALSO;FALSO;0;
5635;1500;19;BATWOLF OO9101-05;aro - acetato;0,00;0,00;594,00;0;;;1;;FALSO;FALSO;0;
5636;1501;19;HOLBROOK OO9102-01;aro - acetato;0,00;0,00;430,00;0;;;1;;FALSO;FALSO;0;
5637;1502;19;HOLBROOK OO9102-02;aro - acetato;0,00;0,00;506,00;0;;;1;;FALSO;FALSO;0;
5638;1503;19;HOLBROOK OO9102-17;aro - acetato;0,00;0,00;615,00;0;;;1;;FALSO;FALSO;0;
5640;1504;19;BIG TACO OO9173-06;aro - acetato;0,00;0,00;539,00;0;;;1;;FALSO;FALSO;0;
5641;1505;19;GARAGE ROCK OO9175-01;aro - acetato;0,00;0,00;462,00;0;;;1;;FALSO;FALSO;0;
5642;1506;19;GARAGE ROCK OO9175-20;aro - acetato;0,00;0,00;480,00;0;;;1;;FALSO;FALSO;0;
5643;1507;19;OFFSHOOT OO9190-05;aro - acetato;0,00;0,00;539,00;0;;;1;;FALSO;FALSO;0;
5644;1508;19;BREADBOX OO9199-01;aro - acetato;0,00;0,00;429,00;0;;;1;;FALSO;FALSO;0;
5645;1509;19;BREADBOX OO9199-03;aro - acetato;0,00;0,00;539,00;0;;;1;;FALSO;FALSO;0;
5646;1510;19;BREADBOX OO9199-04;aro - acetato;0,00;0,00;429,00;0;;;1;;FALSO;FALSO;0;
5647;1511;19;JUPITER CARBON OO9220-01;aro - acetato;0,00;0,00;979,00;0;;;1;;FALSO;FALSO;0;
5648;1512;19;junkyard OX 1074-01;aro - acetato;0,00;0,00;440,00;0;;;1;;FALSO;FALSO;0;
5649;1513;19;taunt OX 1091-02;aro - acetato;0,00;0,00;490,00;0;;;1;;FALSO;FALSO;0;
5650;1514;19;carbon plate OX5079-01;aro - metal;0,00;0,00;852,00;0;;;1;;FALSO;FALSO;0;
5651;1515;19;marschal OX8034-01;aro - acetato;0,00;0,00;598,00;0;;;1;;FALSO;FALSO;0;
5652;1516;19;DISPATCH II OO9150-18;aro - acetato;0,00;0,00;572,00;0;;;1;;FALSO;FALSO;0;
5654;4997;132;SL 6611;fio - metal;0,00;0,00;230,00;0;;;2;;FALSO;FALSO;0;
5655;4998;132;SL 6616;fio - metal;0,00;0,00;250,00;0;;;1;;FALSO;FALSO;0;
5656;4999;132;SL 6604;fio - metal;0,00;0,00;250,00;0;;;2;;FALSO;FALSO;0;
5657;5000;132;JC 1635;fio - metal;0,00;0,00;210,00;0;;;2;;FALSO;FALSO;0;
5658;5001;132;HY 66128;fio - metal;0,00;0,00;280,00;0;;;2;;FALSO;FALSO;0;
5659;5002;132;SH 1035;fio - metal;0,00;0,00;280,00;0;;;2;;FALSO;FALSO;0;
5660;5003;132;J00548;fio - metal;0,00;0,00;290,00;0;;;2;;FALSO;FALSO;0;
5661;5004;132;SL 6626;fio - metal;0,00;0,00;290,00;0;;;2;;FALSO;FALSO;0;
5662;5005;132;JC 1532;fio - metal;0,00;0,00;290,00;0;;;2;;FALSO;FALSO;0;
5663;5006;132;SL 5028;fio - metal;0,00;0,00;290,00;0;;;2;;FALSO;FALSO;0;
5664;5007;132;SP 1760;aro - metal;0,00;0,00;290,00;0;;;1;;FALSO;FALSO;0;
5665;5008;132;T 1003;Fio de Nylon;0,00;0,00;290,00;0;;;2;;FALSO;FALSO;0;
5666;5009;132;JL 9004;aro - acetato;0,00;0,00;290,00;0;;;2;;FALSO;FALSO;0;
5667;5010;132;YC 5010;aro - acetato;0,00;0,00;290,00;0;;;2;;FALSO;FALSO;0;
5668;5011;132;Dilly;;0,00;0,00;0,00;0;;;2;;FALSO;FALSO;0;
5669;6192;255;A 1173;fio - metal;0,00;0,00;130,00;0;;;2;;FALSO;FALSO;0;
5670;3247;36;HZ 10295;fio - metal;0,00;0,00;315,00;0;;;2;;FALSO;FALSO;0;
5671;3248;36;HZ 10383;aro - metal;;0,00;315,00;-1;;;2;;FALSO;FALSO;0;
5672;3249;36;HZ 10323;fio - metal;0,00;0,00;315,00;0;;;2;;FALSO;FALSO;0;
5673;3250;36;HZ 10324;aro - metal;0,00;0,00;315,00;0;;;2;;FALSO;FALSO;0;
5674;3251;36;HZ 10320;fio - metal;0,00;0,00;315,00;0;;;2;;FALSO;FALSO;1106;
5675;3252;36;DS 13239;fio - metal;;0,00;315,00;0;;;2;;FALSO;FALSO;0;
5676;3253;36;DS 13235;fio - metal;0,00;0,00;315,00;0;;;2;;FALSO;FALSO;0;
5677;3254;36;DS 13239;fio - metal;0,00;0,00;280,00;0;;;2;;FALSO;FALSO;0;
5678;3255;36;DS 13235;fio - metal;0,00;0,00;315,00;0;;;2;;FALSO;FALSO;0;
5679;3256;36;DS 13228;fio - metal;0,00;0,00;315,00;0;;;2;;FALSO;FALSO;0;
5680;3257;36;DS 13244;fio - metal;0,00;0,00;315,00;0;;;2;;FALSO;FALSO;0;
5681;3258;36;DS 13232;fio - metal;0,00;0,00;315,00;0;;;2;;FALSO;FALSO;0;
5682;3259;36;DS 12627;fio - metal;0,00;0,00;315,00;0;;;2;;FALSO;FALSO;0;
5683;3260;36;HZ 10298;fio - metal;0,00;0,00;340,00;0;;;2;;FALSO;FALSO;0;
5685;3261;36;HZ 10283;fio - metal;0,00;0,00;340,00;0;;;2;;FALSO;FALSO;1095;
5686;3262;36;HZ 10471;fio - metal;0,00;0,00;340,00;0;;;2;;FALSO;FALSO;0;
5687;3263;36;HZ 10365;fio - metal;0,00;0,00;340,00;0;;;2;;FALSO;FALSO;0;
5688;3264;36;X 175;aro - metal;0,00;0,00;340,00;0;;;2;;FALSO;FALSO;0;
5689;3265;36;X 171;aro - metal;0,00;0,00;240,00;0;;;2;;FALSO;FALSO;0;
5690;3266;36;X 170;aro - metal;0,00;0,00;240,00;2;;;2;;FALSO;FALSO;0;
5691;3267;36;X 108;aro - metal;0,00;0,00;340,00;0;;;2;;FALSO;FALSO;0;
5692;3268;36;DS 13250;aro - metal;0,00;0,00;315,00;0;;;2;;FALSO;FALSO;0;
5693;3269;36;OA 8001;aro - acetato;;0,00;415,00;0;;;2;;FALSO;FALSO;0;
5694;3270;36;OA 8004;aro - acetato;0,00;0,00;415,00;0;;;2;;FALSO;FALSO;0;
5695;3271;36;OA 8005;aro - acetato;0,00;0,00;415,00;0;;;2;;FALSO;FALSO;0;
5696;5012;132;3704;aro - metal;0,00;0,00;370,00;0;;;2;;FALSO;FALSO;0;
5697;5013;132;SL 6594;fio - metal;0,00;0,00;290,00;0;;;2;;FALSO;FALSO;0;
5699;5014;132;SH 1601;fio - metal;0,00;0,00;290,00;0;;;2;;FALSO;FALSO;0;
5700;5015;132;SL 6665;fio - metal;0,00;0,00;290,00;0;;;2;;FALSO;FALSO;0;
5701;5016;132;JB 2473;fio - metal;0,00;0,00;290,00;0;;;2;;FALSO;FALSO;0;
5702;5017;132;6289;fio - metal;0,00;0,00;290,00;0;;;2;;FALSO;FALSO;0;
5703;5018;132;YS 471101;fio - metal;0,00;0,00;290,00;0;;;2;;FALSO;FALSO;0;
5704;5019;132;HR 03002;aro - acetato;0,00;0,00;340,00;0;;;2;;FALSO;FALSO;0;
5705;5020;132;T 3202;aro - metal;0,00;0,00;360,00;0;;;2;;FALSO;FALSO;0;
5706;5021;132;HR 13122;aro - acetato;0,00;0,00;360,00;0;;;2;;FALSO;FALSO;1100;
5707;3272;36;8035 A;aro - metal;0,00;0,00;390,00;0;;;1;;FALSO;FALSO;0;
5708;3273;36;PW 2510;aro - acetato;0,00;0,00;340,00;0;;;1;;FALSO;FALSO;0;
5709;3274;36;8005;aro - metal;0,00;0,00;370,00;0;;;1;;FALSO;FALSO;0;
5710;3275;36;PW 2469;aro - acetato;0,00;0,00;340,00;0;;;1;;FALSO;FALSO;0;
5711;3276;36;8028;aro - metal;0,00;0,00;349,00;0;;;1;;FALSO;FALSO;0;
5712;3277;36;8002;aro - metal;0,00;0,00;399,00;0;;;1;;FALSO;FALSO;0;
5713;3278;36;DF 6011;aro - acetato;;0,00;300,00;0;;;2;;FALSO;FALSO;0;
5714;3279;36;PW 1396;aro - metal;0,00;0,00;327,00;0;;;1;;FALSO;FALSO;0;
5715;3280;36;PW 1424;aro - metal;0,00;0,00;327,00;0;;;1;;FALSO;FALSO;0;
5716;3281;36;8031;aro - metal;0,00;0,00;427,00;0;;;1;;FALSO;FALSO;0;
5717;3282;36;8029;aro - metal;0,00;0,00;370,00;0;;;1;;FALSO;FALSO;0;
5718;3283;36;8002;aro - metal;0,00;0,00;370,00;0;;;1;;FALSO;FALSO;0;
5719;3284;36;ZM-F 10050;aro - metal;0,00;0,00;370,00;0;;;1;;FALSO;FALSO;0;
5720;3285;36;PW 2506;aro - acetato;0,00;0,00;329,00;0;;;1;;FALSO;FALSO;0;
5721;3286;36;PW 2502;aro - acetato;0,00;0,00;349,00;0;;;1;;FALSO;FALSO;0;
5722;3287;36;ZM-GS-9043;aro - acetato;0,00;0,00;427,00;0;;;1;;FALSO;FALSO;0;
5723;3288;36;PW 2501;aro - acetato;0,00;0,00;327,00;0;;;1;;FALSO;FALSO;0;
5724;3289;36;PW 2511;aro - metal;0,00;0,00;327,00;0;;;1;;FALSO;FALSO;0;
5725;3290;36;PW 2593;Aro Fechado;0,00;0,00;311,00;0;;;1;;FALSO;FALSO;0;
5726;3291;36;ZM-YL 6003;aro - acetato;0,00;0,00;349,00;0;;;1;;FALSO;FALSO;0;
5727;3292;36;ZM-YL 6006;Aro Fechado;0,00;0,00;349,00;0;;;1;;FALSO;FALSO;0;
5728;3293;36;8032;aro - metal;0,00;0,00;427,00;0;;;1;;FALSO;FALSO;0;
5729;3294;36;DTP-3915;aro - acetato;0,00;0,00;327,00;0;;;1;;FALSO;FALSO;0;
5730;3295;36;HY 88010;;;0,00;0,00;0;;;1;;FALSO;FALSO;0;
5731;4735;128;V.COMFORT 360 N.E.ORMA AR;;0,00;0,00;936,00;0;;;3;;FALSO;FALSO;0;
5733;4736;128;V.COMFORT 360 N.E. CRIZAL EASY UV;;0,00;0,00;936,00;0;;;3;;FALSO;FALSO;0;
5734;4737;128;VS Foto AR (Optra);;0,00;0,00;445,00;0;;;3;;FALSO;FALSO;0;
5736;3296;36;7003;Aro Fechado;0,00;0,00;210,00;0;;;2;;FALSO;FALSO;0;
5737;3297;36;G 12011;fio - metal;0,00;0,00;210,00;0;;;2;;FALSO;FALSO;0;
5739;3298;36;CLNM 86026;aro - metal;0,00;0,00;199,00;0;;;2;;FALSO;FALSO;0;
5741;2062;22;RB 6199E 2531;Parafusada;0,00;0,00;370,00;0;;;2;;FALSO;FALSO;0;
5743;4738;128;BLOCO 1.74 C AR;;0,00;0,00;1.020,00;0;;;3;;FALSO;FALSO;0;
5744;12;5;CA6162 KXY;aro - acetato;0,00;0,00;0,00;0;;;2;;FALSO;FALSO;0;
5745;2063;22;RB 5245 5077;aro - acetato;0,00;0,00;400,00;0;;;2;;FALSO;FALSO;0;
5746;2590;31;VO 2596 W694;aro - acetato;0,00;0,00;330,00;0;;;2;;FALSO;FALSO;0;
5747;6003;229;MMJ 482 YO8;aro - acetato;0,00;0,00;525,00;0;;;2;;FALSO;FALSO;0;
5748;6004;229;MMJ 527 K4K;aro - acetato;0,00;0,00;589,00;0;;;2;;FALSO;FALSO;0;
5749;6005;229;MMJ 570 C42;aro - acetato;0,00;0,00;520,00;0;;;2;;FALSO;FALSO;0;
5750;2064;22;RB 5243 5083;aro - acetato;0,00;0,00;350,00;0;;;2;;FALSO;FALSO;0;
5751;5022;132;J00113 PRATA;fio - metal;0,00;0,00;315,00;0;;;2;;FALSO;FALSO;0;
5752;5023;132;X 006;aro - acetato;0,00;0,00;315,00;0;;;2;;FALSO;FALSO;0;
5753;3299;36;LG 6037;aro - metal;0,00;0,00;340,00;1;;;2;;FALSO;FALSO;0;
5754;5024;132;S 5214;aro - acetato;0,00;0,00;340,00;0;;;2;;FALSO;FALSO;0;
5755;55;6;DG 3089 1718;aro - acetato;0,00;0,00;0,00;0;;;2;;FALSO;FALSO;0;
5756;5025;132;A 6839;aro - acetato;0,00;0,00;315,00;0;;;2;;FALSO;FALSO;0;
5757;5026;132;3013;aro - acetato;0,00;0,00;315,00;0;;;2;;FALSO;FALSO;0;
5758;5027;132;9820;aro - acetato;0,00;0,00;315,00;0;;;2;;FALSO;FALSO;0;
5759;3506;37;ARO FECHADO;aro - metal;0,00;0,00;148,00;-1;;;1;;FALSO;FALSO;0;
5760;3507;37;FIO ARO;fio - metal;0,00;0,00;140,00;0;;;2;;FALSO;FALSO;0;
5761;5028;132;SL 6656;fio - metal;0,00;0,00;315,00;0;;;2;;FALSO;FALSO;0;
5762;5029;132;OD 6143;fio - metal;0,00;0,00;315,00;0;;;2;;FALSO;FALSO;0;
5763;5030;132;YGJ 00168H;fio - metal;0,00;0,00;148,00;0;;;2;;FALSO;FALSO;0;
5764;6230;261;YGJ 00123H;fio - metal;0,00;0,00;148,00;0;;;2;;FALSO;FALSO;0;\\TATI\Programa\FOTOS\YGJ 00123H.jpg
5765;5031;132;HY 66045;fio - metal;0,00;0,00;290,00;0;;;2;;FALSO;FALSO;0;
5766;5032;132;SL 6648;fio - metal;0,00;0,00;290,00;0;;;2;;FALSO;FALSO;0;
5767;5033;132;SP1601;fio - metal;0,00;0,00;290,00;0;;;2;;FALSO;FALSO;0;
5768;5034;132;1062;aro - acetato;0,00;0,00;330,00;-1;;;2;;FALSO;FALSO;0;
5769;5035;132;SL 6616;fio - metal;0,00;0,00;290,00;0;;;2;;FALSO;FALSO;0;
5770;5036;132;JD 1207;fio - metal;0,00;0,00;290,00;0;;;2;;FALSO;FALSO;0;
5771;3300;36;DS 13220;aro - metal;0,00;0,00;369,00;0;;;2;;FALSO;FALSO;1105;
5772;5037;132;LD 1206;aro - acetato;0,00;0,00;315,00;0;;;2;;FALSO;FALSO;0;
5773;5038;132;MC 3050;aro - acetato;0,00;0,00;315,00;0;;;2;;FALSO;FALSO;0;
5774;5039;132;HZ 10318;fio - metal;0,00;0,00;290,00;0;;;2;;FALSO;FALSO;0;
5775;5040;132;YC 5004;aro - acetato;;0,00;340,00;0;;;2;;FALSO;FALSO;0;
5777;2065;22;RB 5226 5031;Aro Fechado;0,00;0,00;450,00;0;;;2;;FALSO;FALSO;1116;
5778;2066;22;RB 5268 5376;Aro Fechado;0,00;0,00;350,00;0;;;2;;FALSO;FALSO;0;
5779;2067;22;RB 5268 5182;Aro Fechado;0,00;0,00;350,00;0;;;2;;FALSO;FALSO;0;
5780;2068;22;RB 8704 1128;Parafusada;0,00;0,00;570,00;0;;;2;;FALSO;FALSO;0;
5781;2069;22;RB 8693 1128;Parafusada;0,00;0,00;570,00;0;;;2;;FALSO;FALSO;0;
5782;2070;22;RB 6221E 2502;Aro Fechado;0,00;0,00;320,00;0;;;2;;FALSO;FALSO;0;
5784;2071;22;RB 7031;;0,00;0,00;590,00;0;;;2;;FALSO;FALSO;0;
5785;2072;22;RB 7026;;0,00;0,00;490,00;0;;;2;;FALSO;FALSO;1122;
5786;2073;22;RB 5308;;0,00;0,00;490,00;0;;;2;;FALSO;FALSO;0;
5787;56;6;DG 3089 1718;aro - acetato;0,00;0,00;950,00;-1;;;2;;FALSO;FALSO;0;\\TATI\Programa\FOTOS\DG 3089 1718.jpg
5789;2721;34;SD 279 086;aro - acetato;0,00;0,00;470,00;0;;;2;;FALSO;FALSO;0;
5790;4739;128;HOYA DESKTOP CR-39;;0,00;0,00;0,00;0;;;3;;FALSO;FALSO;0;
5791;4740;128;V.Comfort Short Crizal easy;;0,00;0,00;824,00;0;;;3;;FALSO;FALSO;0;
5792;3301;36;DS 13274;aro - metal;0,00;0,00;315,00;0;;;2;;FALSO;FALSO;0;
5793;3302;36;DS 13276;aro - metal;0,00;0,00;315,00;0;;;2;;FALSO;FALSO;0;
5794;3303;36;TN 11016 C11;Fio de Nylon;0,00;0,00;315,00;0;;;2;;FALSO;FALSO;0;
5795;3304;36;HZ 10324;fio - metal;0,00;0,00;315,00;0;;;2;;FALSO;FALSO;0;
5796;3305;36;DS 13123;fio - metal;0,00;0,00;315,00;0;;;2;;FALSO;FALSO;0;
5797;3306;36;X 172;aro - metal;0,00;0,00;230,00;1;;;2;;FALSO;FALSO;0;\\TATI\Programa\FOTOS\X 172.jpg
5798;3307;36;X 143;fio - metal;0,00;0,00;315,00;0;;;2;;FALSO;FALSO;0;
5800;3308;36;DS 13275;aro - metal;;0,00;315,00;0;;;2;;FALSO;FALSO;0;
5801;3309;36;X 174;fio - metal;0,00;0,00;315,00;0;;;2;;FALSO;FALSO;0;
5802;3310;36;HY 77045;aro - metal;0,00;0,00;315,00;0;;;2;;FALSO;FALSO;0;
5804;3311;36;X 108;aro - metal;;0,00;;0;;;2;;FALSO;FALSO;0;
5805;3312;36;DS 13249;másc - acetato;;0,00;315,00;0;;;2;;FALSO;FALSO;0;
5807;3313;36;8 F49;fio - metal;0,00;0,00;315,00;0;;;2;;FALSO;FALSO;0;
5808;4345;102;2588;fio - metal;0,00;0,00;240,00;0;;;2;;FALSO;FALSO;0;
5809;4346;102;2519;fio - metal;0,00;0,00;240,00;0;;;2;;FALSO;FALSO;0;
5810;4347;102;2342;fio - metal;0,00;0,00;260,00;0;;;2;;FALSO;FALSO;0;
5811;4348;102;2611;fio - metal;0,00;0,00;240,00;0;;;2;;FALSO;FALSO;0;
5812;4349;102;2707;fio - metal;0,00;0,00;295,00;0;;;2;;FALSO;FALSO;0;
5813;4350;102;2649;fio - metal;0,00;0,00;260,00;0;;;2;;FALSO;FALSO;0;
5814;4351;102;545;aro - acetato;0,00;0,00;250,00;-1;;;2;;FALSO;FALSO;0;
5815;4352;102;2342;fio - metal;0,00;0,00;240,00;0;;;2;;FALSO;FALSO;0;
5816;4353;102;2597;fio - metal;0,00;0,00;260,00;0;;;2;;FALSO;FALSO;0;
5817;4354;102;2649;fio - metal;0,00;0,00;260,00;0;;;2;;FALSO;FALSO;0;
5818;4355;102;A2506A;fio - metal;0,00;0,00;260,00;0;;;2;;FALSO;FALSO;0;
5819;4356;102;2641;fio - metal;0,00;0,00;240,00;0;;;2;;FALSO;FALSO;0;
5820;4357;102;2552;fio - metal;0,00;0,00;240,00;0;;;2;;FALSO;FALSO;0;
5821;4358;102;2707;fio - metal;0,00;0,00;290,00;0;;;2;;FALSO;FALSO;0;
5822;4359;102;2640;fio - metal;0,00;0,00;260,00;0;;;2;;FALSO;FALSO;0;
5823;4360;102;2690;fio - metal;0,00;0,00;250,00;0;;;2;;FALSO;FALSO;0;
5824;4361;102;2532;fio - metal;0,00;0,00;250,00;0;;;2;;FALSO;FALSO;0;
5825;4362;102;2662;aro - acetato;0,00;0,00;290,00;0;;;2;;FALSO;FALSO;0;
5826;4363;102;2535;fio - metal;0,00;0,00;290,00;0;;;2;;FALSO;FALSO;0;
5827;5513;162;MDO313;fio - metal;0,00;0,00;290,00;0;;;2;;FALSO;FALSO;0;
5828;2722;34;E 3087;aro - metal;0,00;0,00;480,00;0;;;2;;FALSO;FALSO;0;
5829;5041;132;YS 6754;aro - acetato;0,00;0,00;315,00;0;;;2;;FALSO;FALSO;0;
5830;5042;132;SL 6694;aro - acetato;0,00;0,00;315,00;0;;;2;;FALSO;FALSO;0;
5831;5043;132;MJ 4035B;aro - acetato;0,00;0,00;315,00;0;;;2;;FALSO;FALSO;0;
5832;5044;132;000;aro - acetato;0,00;0,00;220,00;-1;;;2;;FALSO;FALSO;0;
5833;5045;132;6291;aro - acetato;0,00;0,00;315,00;0;;;2;;FALSO;FALSO;0;
5834;5046;132;DY 1063;aro - acetato;0,00;0,00;315,00;0;;;2;;FALSO;FALSO;0;
5835;5047;132;6152;aro - acetato;0,00;0,00;315,00;0;;;2;;FALSO;FALSO;0;
5836;5048;132;LDS 1022;aro - acetato;0,00;0,00;315,00;0;;;2;;FALSO;FALSO;0;
5837;5049;132;CX 6024;aro - acetato;16,67;0,00;315,00;0;;;2;;FALSO;FALSO;0;
5838;5050;132;JR 1310;aro - acetato;25,00;0,00;315,00;0;;;2;;FALSO;FALSO;0;
5839;5051;132;9810 C12;aro - acetato;0,00;0,00;240,00;0;;;2;;FALSO;FALSO;0;
5840;5052;132;SL 6665;fio - metal;0,00;0,00;260,00;0;;;2;;FALSO;FALSO;0;
5841;5053;132;T 1282;fio - metal;0,00;0,00;260,00;0;;;2;;FALSO;FALSO;0;
5842;4741;128;VS TRANS EXTRActive  AR;;0,00;0,00;495,00;0;;;3;;FALSO;FALSO;0;
5843;4364;102;2709;aro - metal;0,00;0,00;315,00;0;;;2;;FALSO;FALSO;0;
5844;4365;102;2526T;fio - metal;0,00;0,00;260,00;0;;;2;;FALSO;FALSO;0;
5846;4366;102;2436;fio - metal;0,00;0,00;240,00;0;;;2;;FALSO;FALSO;0;
5847;4367;102;2341;aro - metal;0,00;0,00;260,00;0;;;2;;FALSO;FALSO;0;
5848;2692;33;GALLIUM;aro - metal;0,00;0,00;340,00;0;;;1;;FALSO;FALSO;0;
5849;3314;36;DS 13275;aro - metal;0,00;0,00;315,00;0;;;2;;FALSO;FALSO;0;
5850;3315;36;HZ 10302;fio - metal;0,00;0,00;315,00;0;;;2;;FALSO;FALSO;0;
5851;3316;36;DS 13379;aro - metal;0,00;0,00;280,00;0;;;2;;FALSO;FALSO;0;
5852;3317;36;OA 8026;aro - acetato;0,00;0,00;315,00;0;;;2;;FALSO;FALSO;0;
5853;3318;36;OA 8026;aro - acetato;0,00;0,00;315,00;0;;;2;;FALSO;FALSO;0;
5855;3319;36;OA 8028;aro - acetato;0,00;0,00;315,00;0;;;2;;FALSO;FALSO;0;
5858;3320;36;DS 13237;aro - metal;;0,00;315,00;0;;;2;;FALSO;FALSO;0;
5859;3321;36;HZ 10470;fio - metal;0,00;0,00;270,00;0;;;2;;FALSO;FALSO;1112;
5860;3322;36;OA 8008;aro - acetato;0,00;0,00;315,00;-1;;;2;;FALSO;FALSO;0;
5861;3323;36;DS 13399;fio - metal;4,17;0,00;290,00;0;;;2;;FALSO;FALSO;1128;
5862;3324;36;OA 8005;aro - acetato;0,00;0,00;315,00;0;;;2;;FALSO;FALSO;0;
5863;3325;36;DS 13274;aro - metal;0,00;0,00;290,00;0;;;2;;FALSO;FALSO;0;
5864;3326;36;HZ 10286;fio - metal;0,00;0,00;290,00;0;;;2;;FALSO;FALSO;0;
5865;3327;36;DS 13285;aro - metal;0,00;0,00;315,00;0;;;2;;FALSO;FALSO;0;
5867;3328;36;DS 13288;aro - metal;;0,00;315,00;0;;;2;;FALSO;FALSO;0;
5868;3329;36;OA 8009;aro - acetato;0,00;0,00;290,00;0;;;2;;FALSO;FALSO;0;
5869;3330;36;OA 8019;aro - acetato;;0,00;290,00;0;;;2;;FALSO;FALSO;0;
5870;3331;36;X 174;fio - metal;0,00;0,00;290,00;0;;;2;;FALSO;FALSO;0;
5871;3332;36;OA 8027;aro - acetato;0,00;0,00;315,00;0;;;2;;FALSO;FALSO;0;
5872;3333;36;DS 13273;aro - metal;0,00;0,00;290,00;0;;;2;;FALSO;FALSO;0;
5873;3334;36;OA 8030;aro - acetato;0,00;0,00;315,00;0;;;2;;FALSO;FALSO;0;
5874;3335;36;OA 8006;aro - acetato;;0,00;315,00;0;;;2;;FALSO;FALSO;0;
5875;3336;36;6406;aro - acetato;0,00;0,00;315,00;0;;;2;;FALSO;FALSO;0;
5876;3337;36;OA 8004;aro - acetato;0,00;0,00;315,00;0;;;2;;FALSO;FALSO;0;
5877;3338;36;OA 8001;aro - acetato;0,00;0,00;270,00;0;;;2;;FALSO;FALSO;0;
5878;3339;36;HZ 10471;fio - metal;0,00;0,00;260,00;0;;;2;;FALSO;FALSO;0;
5879;3340;36;X 143;fio - metal;0,00;0,00;260,00;0;;;2;;FALSO;FALSO;0;
5880;3341;36;DS 12626-2;aro - metal;0,00;0,00;240,00;0;;;2;;FALSO;FALSO;0;
5882;3342;36;DS 13248;aro - metal;0,00;0,00;280,00;0;;;2;;FALSO;FALSO;0;
5884;3343;36;DS 13247;aro - metal;0,00;0,00;280,00;0;;;2;;FALSO;FALSO;0;
5886;3344;36;DS 13234;fio - metal;;0,00;280,00;0;;;2;;FALSO;FALSO;0;
5888;3345;36;HZ 10410;fio - metal;0,00;0,00;260,00;0;;;2;;FALSO;FALSO;0;
5890;3346;36;SK 00002;fio - metal;0,00;0,00;280,00;0;;;2;;FALSO;FALSO;0;
5891;2074;22;RB 4171 60766Q 3N;aro - acetato;0,00;0,00;430,00;0;;;1;;FALSO;FALSO;0;
5892;602;15;GU 7191 PUR-58;aro - acetato;0,00;0,00;478,00;0;;;1;;FALSO;FALSO;0;
5893;603;15;GU 7016 BLK-35;aro - acetato;0,00;0,00;479,00;0;;;1;;FALSO;FALSO;0;
5894;604;15;GU 6229 CRM-34;aro - acetato;0,00;0,00;457,00;0;;;1;;FALSO;FALSO;0;
5895;605;15;GU 7017 BLK-35;aro - acetato;0,00;0,00;479,00;0;;;2;;FALSO;FALSO;0;
5897;606;15;GU 7256 BLK-35;aro - acetato;0,00;0,00;605,00;1;;;1;;FALSO;FALSO;0;
5898;607;15;GU 6176 LP-1;aro - acetato;0,00;0,00;379,00;0;;;1;;FALSO;FALSO;0;
5899;2075;22;RB 3507 139/85;aro - metal;0,00;0,00;600,00;0;;;1;;FALSO;FALSO;0;
5900;2076;22;RB 4187 6081/8G;aro - acetato;0,00;0,00;400,00;0;;;1;;FALSO;FALSO;0;
5901;2077;22;RB 4171 6075/6G;aro - acetato;0,00;0,00;400,00;0;;;2;;FALSO;FALSO;0;
5902;2078;22;RB 3025 W 3277;aro - metal;0,00;0,00;0,00;0;;;1;;FALSO;FALSO;0;
5903;2079;22;RB 3025 003/32;aro - metal;0,00;0,00;0,00;-1;;;1;;FALSO;FALSO;0;
5904;2080;22;RB 3025L 001/58 58;aro - metal;0,00;0,00;940,00;1;;;1;;FALSO;FALSO;0;
5906;5054;132;SL 6632;fio - metal;0,00;0,00;270,00;0;;;2;;FALSO;FALSO;1133;
5907;5055;132;HP 2036;aro - metal;0,00;0,00;280,00;0;;;1;;FALSO;FALSO;0;
5908;3347;36;OA 8053;aro - acetato;;0,00;100,00;1;;;2;;FALSO;FALSO;0;
5909;3348;36;OA 8062;aro - acetato;;0,00;290,00;0;;;2;;FALSO;FALSO;0;
5910;3349;36;OA 8029;aro - acetato;0,00;0,00;290,00;0;;;2;;FALSO;FALSO;0;
5911;3350;36;OA 8026;aro - acetato;0,00;0,00;290,00;0;;;2;;FALSO;FALSO;0;
5912;3351;36;OA 8017;aro - acetato;;0,00;299,00;0;;;2;;FALSO;FALSO;0;
5913;3352;36;OA 8027;aro - acetato;0,00;0,00;305,00;0;;;2;;FALSO;FALSO;0;
5914;3353;36;OA 8060;aro - acetato;;0,00;305,00;0;;;2;;FALSO;FALSO;0;
5915;3354;36;OA 8045;aro - acetato;;0,00;290,00;0;;;2;;FALSO;FALSO;0;
5916;3355;36;OA 8037;aro - acetato;;0,00;290,00;0;;;2;;FALSO;FALSO;0;
5917;3356;36;DS 14126;aro - metal;;0,00;290,00;0;;;2;;FALSO;FALSO;0;
5918;3357;36;HM 5013;aro - acetato;;0,00;315,00;0;;;2;;FALSO;FALSO;0;
5919;2081;22;RB 4175 878/51 2N;aro - metal;0,00;0,00;480,00;0;;;1;;FALSO;FALSO;0;
5920;2082;22;RB 4175 877 3N;aro - metal;0,00;0,00;480,00;0;;;1;;FALSO;FALSO;0;
5921;2083;22;RB 3025 167/4K;aro - metal;178,67;7,15;940,00;1;;;1;;FALSO;FALSO;0;
5922;5056;132;HI 8001;fio - metal;0,00;0,00;250,00;0;;;2;;FALSO;FALSO;0;
5923;1063;16;M.93 100;Aro Fechado;0,00;0,00;349,00;0;;;2;;FALSO;FALSO;0;
5924;1064;16;M.93 070;aro - metal;109,57;5,48;399,00;-1;;;2;;FALSO;FALSO;0;
5925;1065;16;M.93 402;fio - metal;0,00;0,00;399,00;0;;;2;;FALSO;FALSO;0;
5926;1066;16;M.93 148;aro - acetato;84,56;4,23;380,00;-2;;;2;;FALSO;FALSO;0;
5927;1067;16;M0806;fio - acetato;0,00;0,00;349,00;0;;;2;;FALSO;FALSO;0;
5928;1068;16;M.93 067;fio - metal;0,00;0,00;499,00;0;;;2;;FALSO;FALSO;0;
5929;1069;16;M.93 043;fio - metal;0,00;0,00;399,00;0;;;2;;FALSO;FALSO;0;
5930;1070;16;M.93 400;fio - metal;0,00;0,00;399,00;0;;;2;;FALSO;FALSO;1099;
5931;1071;16;M04904;aro - acetato;0,00;0,00;349,00;0;;;2;;FALSO;FALSO;0;
5932;1072;16;M.93 016 52;aro - acetato;0,00;0,00;349,00;0;;;2;;FALSO;FALSO;0;
5933;1073;16;NEVERMIND;aro - acetato;0,00;0,00;360,00;-4;;;1;;FALSO;FALSO;0;
5934;1074;16;M.93 105;aro - acetato;46,96;2,35;380,00;0;;;2;;FALSO;FALSO;0;
5935;1075;16;M.93 111;aro - acetato;0,00;0,00;380,00;1;;;2;;FALSO;FALSO;0;
5936;1076;16;M.93 067;fio - metal;0,00;0,00;499,00;0;;;2;;FALSO;FALSO;0;
5937;1077;16;M.93 069;aro - metal;109,57;5,48;399,00;0;;;2;;FALSO;FALSO;0;
5938;1078;16;SICILY GOLD;aro - metal;0,00;0,00;340,00;0;;;1;;FALSO;FALSO;0;
5939;1079;16;UNDERGROUND;aro - acetato;20,21;3,03;360,00;-1;;;1;;FALSO;FALSO;0;
5940;1080;16;H-BOMB;aro - acetato;0,00;0,00;360,00;-8;;;1;;FALSO;FALSO;0;
5941;1081;16;LANDSHARK II;aro - acetato;0,00;0,00;345,00;0;;;1;;FALSO;FALSO;0;
5943;6202;258;YS 1218;fio - metal;0,00;0,00;210,00;0;;;2;;FALSO;FALSO;0;
5944;6203;258;YS 1219;fio - metal;;0,00;210,00;0;;;2;;FALSO;FALSO;0;
5945;6204;258;YS 1232;fio - metal;0,00;0,00;210,00;0;;;2;;FALSO;FALSO;0;
5946;6205;258;YS 2158;aro - metal;0,00;0,00;210,00;0;;;2;;FALSO;FALSO;0;
5947;6206;258;YS 1265;fio - metal;;0,00;210,00;0;;;2;;FALSO;FALSO;0;
5948;6207;258;YS 1132;aro - metal;0,00;0,00;190,00;0;;;2;;FALSO;FALSO;0;
5949;6208;258;YS 1243;fio - metal;;0,00;180,00;0;;;2;;FALSO;FALSO;0;
5950;6209;258;YS 1151;fio - metal;0,00;0,00;190,00;0;;;2;;FALSO;FALSO;0;
5951;6210;258;YS 1132;fio - metal;0,00;0,00;190,00;0;;;2;;FALSO;FALSO;0;
5952;6211;258;YS 1163;fio - metal;0,00;0,00;190,00;0;;;2;;FALSO;FALSO;0;
5953;6212;258;YS 1196;fio - metal;0,00;0,00;179,00;0;;;2;;FALSO;FALSO;0;
5954;6213;258;YS 1247;fio - metal;0,00;0,00;190,00;0;;;2;;FALSO;FALSO;0;
5955;6214;258;YS 1196;fio - metal;0,00;0,00;180,00;0;;;2;;FALSO;FALSO;0;
5956;6215;258;YS 1163;fio - metal;0,00;0,00;199,00;0;;;2;;FALSO;FALSO;0;
5957;6216;258;YS 1247;fio - metal;0,00;0,00;170,00;0;;;2;;FALSO;FALSO;0;
5958;6217;258;YS 1249;fio - metal;0,00;0,00;160,00;0;;;2;;FALSO;FALSO;0;
5959;6218;258;YS 1173;fio - metal;;0,00;180,00;0;;;2;;FALSO;FALSO;0;
5960;5057;132;98-3007;aro - metal;0,00;0,00;230,00;0;;;1;;FALSO;FALSO;0;
5961;5058;132;98-3005;aro - metal;0,00;0,00;230,00;0;;;1;;FALSO;FALSO;0;
5962;5059;132;98-3009;aro - metal;0,00;0,00;230,00;0;;;1;;FALSO;FALSO;0;
5963;5060;132;J00538A;fio - metal;0,00;0,00;270,00;0;;;2;;FALSO;FALSO;0;
5964;5061;132;6484;aro - acetato;0,00;0,00;280,00;0;;;2;;FALSO;FALSO;0;
5965;5062;132;7 F25;aro - acetato;0,00;0,00;240,00;0;;;2;;FALSO;FALSO;0;
5966;5063;132;1010;aro - acetato;0,00;0,00;260,00;-1;;;2;;FALSO;FALSO;0;
5967;5064;132;HY 55003;aro - acetato;0,00;0,00;240,00;0;;;2;;FALSO;FALSO;0;
5968;5065;132;SP1758;aro - metal;0,00;0,00;240,00;0;;;2;;FALSO;FALSO;0;
5969;5066;132;SL 6625;fio - metal;0,00;0,00;240,00;0;;;2;;FALSO;FALSO;0;
5970;5067;132;HO 06;fio - metal;0,00;0,00;240,00;0;;;2;;FALSO;FALSO;0;
5971;5068;132;6465;aro - acetato;0,00;0,00;240,00;0;;;2;;FALSO;FALSO;0;
5972;1517;19;REMEDY;aro - metal;0,00;0,00;0,00;0;;;1;;FALSO;FALSO;0;
5973;2084;22;RB 3517 001/30;aro - metal;204,03;8,16;550,00;0;;;1;;FALSO;FALSO;0;
5974;2085;22;RB 3471 001/13;aro - metal;0,00;0,00;0,00;0;;;1;;FALSO;FALSO;0;
5975;5069;132;MC 2163;fio - metal;0,00;0,00;210,00;0;;;2;;FALSO;FALSO;0;
5976;5070;132;MC 2164;aro - metal;0,00;0,00;210,00;0;;;2;;FALSO;FALSO;0;
5977;1082;16;BIG VERT;aro - acetato;0,00;0,00;340,00;-1;;;1;;FALSO;FALSO;0;
5978;1083;16;M.93 069;aro - metal;0,00;0,00;399,00;0;;;2;;FALSO;FALSO;0;
5979;1084;16;M.93 067;fio - metal;125,24;6,26;459,00;0;;;2;;FALSO;FALSO;0;
5980;1085;16;M.93 102 56;fio - acetato;0,00;0,00;349,00;0;;;2;;FALSO;FALSO;0;
5981;5071;132;HY 88025;fio - metal;0,00;0,00;260,00;0;;;2;;FALSO;FALSO;0;
5982;6194;257;240/S IIX0J;aro - metal;0,00;0,00;410,00;0;;;1;;FALSO;FALSO;0;
5983;6195;257;144/S 94RJS;aro - metal;0,00;0,00;410,00;0;;;1;;FALSO;FALSO;0;
5984;6196;257;235/S IEO08;aro - acetato;0,00;0,00;420,00;1;;;1;;FALSO;FALSO;0;
5985;6197;257;215/s 6ZTVS;aro - acetato;0,00;0,00;420,00;0;;;1;;FALSO;FALSO;0;
5986;6198;257;213/S 7ZGKU;aro - acetato;0,00;0,00;420,00;0;;;1;;FALSO;FALSO;0;
5987;6199;257;132/S 8ZTEU;aro - acetato;0,00;0,00;415,00;0;;;1;;FALSO;FALSO;0;
5988;6200;257;231/S IAHEU;aro - acetato;0,00;0,00;420,00;0;;;1;;FALSO;FALSO;0;
5989;5072;132;RJ 71019;fio - metal;0,00;0,00;290,00;0;;;2;;FALSO;FALSO;0;
5990;1086;16;BLINSIDE;aro - acetato;0,00;0,00;330,00;0;;;1;;FALSO;FALSO;0;
5991;1087;16;BONELESS;;0,00;0,00;0,00;-1;;;1;;FALSO;FALSO;0;
5992;5073;132;J8010;;0,00;0,00;0,00;0;;;1;;FALSO;FALSO;0;
5993;5074;132;J8010;aro - acetato;25,00;0,00;260,00;0;;;2;;FALSO;FALSO;1121;
5994;5075;132;SL6588;fio - acetato;0,00;0,00;260,00;0;;;2;;FALSO;FALSO;0;
5995;5076;132;1303;aro - acetato;;0,00;260,00;0;;;2;;FALSO;FALSO;0;
5996;5077;132;HY55003;;0,00;0,00;0,00;0;;;1;;FALSO;FALSO;0;
5997;5078;132;MC 2126;aro - acetato;0,00;0,00;260,00;0;;;2;;FALSO;FALSO;1118;\\TATI\Programa\FOTOS\MC 2126.jpg
5998;5079;132;CH 8011;aro - acetato;0,00;0,00;270,00;0;;;2;;FALSO;FALSO;0;\\TATI\Programa\FOTOS\CH 8011.jpg
5999;5080;132;BC5059;aro - acetato;0,00;0,00;280,00;0;;;3;;FALSO;FALSO;0;
6000;5081;132;JL9099 52;aro - acetato;0,00;0,00;290,00;0;;;1;;FALSO;FALSO;0;
6001;5082;132;BC 5051 51;aro - acetato;0,00;0,00;280,00;0;;;2;;FALSO;FALSO;0;\\TATI\Programa\FOTOS\BC 5051 51.jpg
6002;5083;132;J8026 48;aro - acetato;0,00;0,00;280,00;0;;;2;;FALSO;FALSO;0;
6003;5084;132;JL9099 52;aro - acetato;0,00;0,00;310,00;0;;;1;;FALSO;FALSO;0;
6004;5085;132;6507 49;aro - acetato;0,00;0,00;280,00;0;;;2;;FALSO;FALSO;0;
6005;5086;132;A6855 51;aro - acetato;0,00;0,00;290,00;0;;;2;;FALSO;FALSO;0;
6006;5087;132;SL6588;fio - acetato;0,00;0,00;310,00;0;;;2;;FALSO;FALSO;0;
6007;5088;132;HR604 54;aro - metal;0,00;0,00;310,00;0;;;1;;FALSO;FALSO;0;
6008;5089;132;SH 1973;aro - metal;0,00;0,00;270,00;0;;;2;;FALSO;FALSO;1129;\\TATI\Programa\FOTOS\SH 1973.jpg
6009;5090;132;SH1953 51;aro - metal;0,00;0,00;280,00;0;;;1;;FALSO;FALSO;0;
6010;5091;132;FD 642;aro - metal;0,00;0,00;280,00;0;;;2;;FALSO;FALSO;0;\\TATI\Programa\FOTOS\FD 642.jpg
6011;2086;22;RB 1037 4023;aro - metal;0,00;0,00;260,00;0;;;2;;FALSO;FALSO;0;
6014;6219;258;YS 1149 55;aro - metal;;0,00;160,00;0;;;2;;FALSO;FALSO;0;
6015;1088;16;SMALL WOULD;aro - acetato;0,00;0,00;340,00;0;;;1;;FALSO;FALSO;0;
6016;1089;16;M.93 068;aro - metal;125,24;7,00;480,00;0;;;2;;FALSO;FALSO;0;
6017;1090;16;M.93 068;fio - metal;75,14;3,76;480,00;0;;;2;;FALSO;FALSO;0;\\TATI\Programa\FOTOS6017.jpg
6018;1091;16;M.93 061 53;fio - metal;62,62;3,13;480,00;-1;;;2;;FALSO;FALSO;0;\\TATI\Programa\FOTOS\M93 061 53.jpg
6019;1092;16;M.93 401 56;aro - metal;0,00;0,00;398,00;0;;;2;;FALSO;FALSO;0;\\TATI\Programa\FOTOS\M93 401 56.jpg
6020;1093;16;M.93 068 54;fio - metal;0,00;0,00;480,00;0;;;2;;FALSO;FALSO;0;
6021;2723;34;ELASTA 7144;aro - metal;0,00;0,00;380,00;0;;;2;;FALSO;FALSO;0;\\TATI\Programa\FOTOS\ELASTA 7144.jpg
6022;5092;132;SL 6688;;0,00;0,00;0,00;0;;;2;;FALSO;FALSO;0;\\TATI\Programa\FOTOS\SL 6688.jpg
6023;5093;132;YS 6497;;0,00;0,00;0,00;0;;;2;;FALSO;FALSO;0;\\TATI\Programa\FOTOS\YS 6497.jpg
6024;5094;132;MC 3045;;0,00;0,00;0,00;0;;;2;;FALSO;FALSO;0;\\TATI\Programa\FOTOS\MC 3045.jpg
6025;5095;132;MC 3205;;0,00;0,00;0,00;0;;;2;;FALSO;FALSO;0;\\TATI\Programa\FOTOS\MC 3205.jpg
6026;5096;132;HY 55001;;0,00;0,00;0,00;0;;;2;;FALSO;FALSO;0;\\TATI\Programa\FOTOS\HY 55001.jpg
6027;5097;132;8004;;0,00;0,00;0,00;0;;;2;;FALSO;FALSO;0;\\TATI\Programa\FOTOS\8004.jpg
6028;5098;132;SL 6588;;0,00;0,00;0,00;0;;;2;;FALSO;FALSO;0;\\TATI\Programa\FOTOS\SL 6588.jpg
6029;5099;132;JR 1317;;;0,00;290,00;0;;;2;;FALSO;FALSO;0;\\TATI\Programa\FOTOS\JR 1317.jpg
6030;5100;132;OP 228;;0,00;0,00;0,00;0;;;2;;FALSO;FALSO;0;\\TATI\Programa\FOTOS\OP 228.jpg
6031;5101;132;JL 9002;;0,00;0,00;0,00;0;;;2;;FALSO;FALSO;1117;\\TATI\Programa\FOTOS\JL 9002.jpg
6032;5102;132;DI 836;;16,67;0,00;315,00;0;;;2;;FALSO;FALSO;0;\\TATI\Programa\FOTOS\DI 836.jpg
6033;5103;132;T1292;;0,00;0,00;0,00;0;;;2;;FALSO;FALSO;0;\\TATI\Programa\FOTOS\T1292.jpg
6034;5104;132;MC 3049;aro - acetato;0,00;0,00;100,00;1;;;2;;FALSO;FALSO;0;\\TATI\Programa\FOTOS\MC 3049.jpg
6035;5105;132;LD 1208;;0,00;0,00;0,00;0;;;2;;FALSO;FALSO;0;\\TATI\Programa\FOTOS\LD 1208.jpg
6036;5106;132;SL 6640;;0,00;0,00;0,00;0;;;2;;FALSO;FALSO;0;\\TATI\Programa\FOTOS\SL 6640.jpg
6037;5107;132;SL 6696;;0,00;0,00;0,00;0;;;2;;FALSO;FALSO;0;\\TATI\Programa\FOTOS\SL 6696.jpg
6038;5108;132;SH 1953;;;0,00;0,00;0;;;2;;FALSO;FALSO;0;\\TATI\Programa\FOTOS\SH 1953.jpg
6039;5109;132;SL 6700;;0,00;0,00;0,00;0;;;2;;FALSO;FALSO;0;\\TATI\Programa\FOTOS\SL 6700.jpg
6040;5110;132;SL 80113;;0,00;0,00;0,00;0;;;2;;FALSO;FALSO;0;\\TATI\Programa\FOTOS\SL 80113.jpg
6041;5111;132;SH 1272;;0,00;0,00;0,00;0;;;2;;FALSO;FALSO;0;\\TATI\Programa\FOTOS\SH 1272.jpg
6042;5112;132;DCF 10047;;0,00;0,00;0,00;0;;;2;;FALSO;FALSO;0;\\TATI\Programa\FOTOS\DCF 10047.jpg
6043;5113;132;SL 6595;;0,00;0,00;0,00;0;;;2;;FALSO;FALSO;0;\\TATI\Programa\FOTOS\SL 6595.jpg
6044;5114;132;SL 5001;;0,00;0,00;0,00;0;;;2;;FALSO;FALSO;0;\\TATI\Programa\FOTOS\SL 5001.jpg
6045;5115;132;JC 1632;;0,00;0,00;0,00;0;;;2;;FALSO;FALSO;0;\\TATI\Programa\FOTOS\JC 1632.jpg
6046;5116;132;JC 1747;;0,00;0,00;0,00;0;;;2;;FALSO;FALSO;0;\\TATI\Programa\FOTOS\JC 1747.jpg
6047;5117;132;SL 6655;;0,00;0,00;0,00;0;;;2;;FALSO;FALSO;0;\\TATI\Programa\FOTOS\SL 6655.jpg
6048;5118;132;SH 1987;;0,00;0,00;0,00;0;;;2;;FALSO;FALSO;0;\\TATI\Programa\FOTOS\SH 1987.jpg
6049;5119;132;6280;;0,00;0,00;0,00;0;;;2;;FALSO;FALSO;0;\\TATI\Programa\FOTOS\6280.jpg
6050;5120;132;SH 1976;;0,00;0,00;0,00;0;;;2;;FALSO;FALSO;0;\\TATI\Programa\FOTOS\SH 1976.jpg
6051;5121;132;T 1191;;0,00;0,00;0,00;0;;;2;;FALSO;FALSO;0;\\TATI\Programa\FOTOS\T 1191.jpg
6052;5122;132;DI 509;;0,00;0,00;0,00;0;;;2;;FALSO;FALSO;0;\\TATI\Programa\FOTOS\DI 509.jpg
6053;5123;132;H 028;;0,00;0,00;0,00;0;;;2;;FALSO;FALSO;0;\\TATI\Programa\FOTOS\H 028.jpg
6054;5124;132;SL 1109;;0,00;0,00;0,00;0;;;2;;FALSO;FALSO;0;\\TATI\Programa\FOTOS\SL 1109.jpg
6055;5125;132;YS 3179;;0,00;0,00;0,00;0;;;2;;FALSO;FALSO;0;\\TATI\Programa\FOTOS\YS 3179.jpg
6056;3358;36;OA 8048;;;0,00;0,00;0;;;2;;FALSO;FALSO;0;\\TATI\Programa\FOTOS\OA 8048.jpg
6057;3359;36;DS 14149;aro - metal;;0,00;290,00;0;;;2;;FALSO;FALSO;0;\\TATI\Programa\FOTOS\DS 14080507.jpg
6058;3360;36;OA 8018;;0,00;0,00;0,00;0;;;2;;FALSO;FALSO;0;\\TATI\Programa\FOTOS\OA 8018.jpg
6059;3361;36;OA 8034;;0,00;0,00;0,00;0;;;2;;FALSO;FALSO;0;\\TATI\Programa\FOTOS\OA 8034.jpg
6060;3362;36;HR 30069;;0,00;0,00;0,00;0;;;2;;FALSO;FALSO;0;\\TATI\Programa\FOTOS\HR 30069.jpg
6061;3363;36;LG 0062;;0,00;0,00;0,00;0;;;2;;FALSO;FALSO;0;\\TATI\Programa\FOTOS\LG 0062.jpg
6062;3364;36;J 113;;0,00;0,00;0,00;0;;;2;;FALSO;FALSO;0;\\TATI\Programa\FOTOS\J 113.jpg
6063;3365;36;HI 8003;;0,00;0,00;0,00;0;;;2;;FALSO;FALSO;0;\\TATI\Programa\FOTOS\HI 8003.jpg
6064;4368;102;2620;;0,00;0,00;0,00;0;;;2;;FALSO;FALSO;0;\\TATI\Programa\FOTOS\2620.jpg
6065;4369;102;1125;;0,00;0,00;0,00;0;;;2;;FALSO;FALSO;0;\\TATI\Programa\FOTOS\1125.jpg
6066;4370;102;2679;;0,00;0,00;0,00;0;;;2;;FALSO;FALSO;0;\\TATI\Programa\FOTOS\2679.jpg
6067;2693;33;BUNKER;;0,00;0,00;0,00;0;;;2;;FALSO;FALSO;0;\\TATI\Programa\FOTOS\BUNKER.jpg
6068;2087;22;RB 7017 5200;aro - acetato;0,00;0,00;490,00;0;;;2;;FALSO;FALSO;0;\\TATI\Programa\FOTOS\RB 7018.jpg
6069;3733;63;KATE 136;;0,00;0,00;0,00;0;;;2;;FALSO;FALSO;0;\\TATI\Programa\FOTOS\KATE 136.jpg
6070;5399;146;D&G 1129 B 597;;0,00;0,00;0,00;0;;;2;;FALSO;FALSO;0;\\TATI\Programa\FOTOS\D&G 1129 B 597.jpg
6071;2088;22;RB 5031;;0,00;0,00;0,00;0;;;2;;FALSO;FALSO;0;\\TATI\Programa\FOTOS\RB 5031.jpg
6072;5746;191;KL7059 2135;;0,00;0,00;0,00;0;;;2;;FALSO;FALSO;0;\\TATI\Programa\FOTOS\KL7059 2135.jpg
6073;608;15;GU 664;;0,00;0,00;0,00;0;;;2;;FALSO;FALSO;0;\\TATI\Programa\FOTOS\GU 664.jpg
6074;1684;21;2039 5155;;0,00;0,00;0,00;0;;;2;;FALSO;FALSO;0;\\TATI\Programa\FOTOS\2039 5155.jpg
6076;1685;21;206 GP 5295;;0,00;0,00;0,00;-1;;;2;;FALSO;FALSO;0;\\TATI\Programa\FOTOS\206 GP 5295.jpg
6077;1518;19;11 852 Blender;;0,00;0,00;0,00;0;;;2;;FALSO;FALSO;0;\\TATI\Programa\FOTOS\11 852 Blender.jpg
6078;1519;19;OX 5072-0153;aro - metal;0,00;0,00;560,00;0;;;2;;FALSO;FALSO;0;\\TATI\Programa\FOTOS\OX 5072-0153.jpg
6079;1094;16;M.93 700;;0,00;0,00;0,00;0;;;2;;FALSO;FALSO;0;\\TATI\Programa\FOTOS\M.93 700.jpg
6080;6220;258;YS 1223;;;0,00;0,00;0;;;2;;FALSO;FALSO;0;\\TATI\Programa\FOTOS\YS 1223.jpg
6081;6221;258;YS 1256;;;0,00;0,00;0;;;2;;FALSO;FALSO;0;\\TATI\Programa\FOTOS\YS 1256.jpg
6082;4012;92;K 7280;;0,00;0,00;0,00;0;;;2;;FALSO;FALSO;0;\\TATI\Programa\FOTOS\K 7280.jpg
6083;4013;92;K 7090;;0,00;0,00;0,00;0;;;2;;FALSO;FALSO;0;\\TATI\Programa\FOTOS\K 7090.jpg
6084;4014;92;K 7964;;0,00;0,00;0,00;-1;;;2;;FALSO;FALSO;0;\\TATI\Programa\FOTOS\K 7964.jpg
6085;4015;92;K 6613;;0,00;0,00;0,00;0;;;2;;FALSO;FALSO;0;\\TATI\Programa\FOTOS\K 6613.jpg
6086;4016;92;K 7402;;0,00;0,00;0,00;0;;;2;;FALSO;FALSO;0;\\TATI\Programa\FOTOS\K 7402.jpg
6087;5996;227;A 006;;0,00;0,00;0,00;0;;;2;;FALSO;FALSO;0;\\TATI\Programa\FOTOS\A 006.jpg
6088;3776;77;4112M;;0,00;0,00;0,00;0;;;2;;FALSO;FALSO;0;\\TATI\Programa\FOTOS\4112M.jpg
6089;5344;141;JC 80702;;0,00;0,00;0,00;0;;;2;;FALSO;FALSO;0;\\TATI\Programa\FOTOS\JC 80702.jpg
6090;3575;44;BA 0462;;0,00;0,00;0,00;0;;;2;;FALSO;FALSO;0;\\TATI\Programa\FOTOS\BA 0462.jpg
6091;2280;24;3165;;0,00;0,00;0,00;0;;;2;;FALSO;FALSO;0;\\TATI\Programa\FOTOS\3165.jpg
6092;3755;69;6064;;0,00;0,00;0,00;0;;;2;;FALSO;FALSO;0;\\TATI\Programa\FOTOS\6064.jpg
6094;6288;262;F 17013;;0,00;0,00;0,00;0;;;2;;FALSO;FALSO;0;\\TATI\Programa\FOTOS\F 17013.jpg
6095;4480;120;03362;;0,00;0,00;0,00;0;;;2;;FALSO;FALSO;0;\\TATI\Programa\FOTOS\03362.jpg
6096;3663;50;VL 237;aro - acetato;0,00;0,00;100,00;1;;;2;;FALSO;FALSO;0;\\TATI\Programa\FOTOS\VL 237.jpg
6097;6193;255;H 5035;;0,00;0,00;0,00;0;;;2;;FALSO;FALSO;0;\\TATI\Programa\FOTOS\H 5035.jpg
6100;6289;263;WD5 02;;0,00;0,00;0,00;0;;;2;;FALSO;FALSO;0;\\TATI\Programa\FOTOS\WD5 02.jpg
6101;3782;80;acetato;;0,00;0,00;0,00;0;;;2;;FALSO;FALSO;0;\\TATI\Programa\FOTOS\acetato.jpg
6102;3838;86;acetato;;0,00;0,00;0,00;0;;;2;;FALSO;FALSO;0;\\TATI\Programa\FOTOS\acetato.jpg
6103;3856;88;DY1;;0,00;0,00;0,00;0;;;2;;FALSO;FALSO;0;\\TATI\Programa\FOTOS\DY1.jpg
6104;3857;88;PO1 1094;;0,00;0,00;0,00;0;;;2;;FALSO;FALSO;0;\\TATI\Programa\FOTOS\PO1 1094.jpg
6105;3858;88;DY 182;;0,00;0,00;0,00;0;;;2;;FALSO;FALSO;0;\\TATI\Programa\FOTOS\DY 182.jpg
6106;3859;88;DX1 N23;;0,00;0,00;0,00;0;;;2;;FALSO;FALSO;0;\\TATI\Programa\FOTOS\DX1 N23.jpg
6107;3860;88;PO2 1588;;0,00;0,00;0,00;0;;;2;;FALSO;FALSO;0;\\TATI\Programa\FOTOS\PO2 1588.jpg
6108;3861;88;PO1 1667;;0,00;0,00;0,00;0;;;2;;FALSO;FALSO;0;\\TATI\Programa\FOTOS\PO1 1667.jpg
6109;3862;88;PO2 2668;;0,00;0,00;0,00;0;;;2;;FALSO;FALSO;0;\\TATI\Programa\FOTOS\PO2 2668.jpg
6110;3863;88;PO2 384N;;0,00;0,00;0,00;0;;;2;;FALSO;FALSO;0;\\TATI\Programa\FOTOS\PO2 384N.jpg
6111;6012;233;BY 003;;0,00;0,00;0,00;0;;;2;;FALSO;FALSO;0;\\TATI\Programa\FOTOS\BY 003.jpg
6112;5126;132;9007;;0,00;0,00;0,00;0;;;2;;FALSO;FALSO;0;\\TATI\Programa\FOTOS\9007.jpg
6113;5127;132;DT 7099;;0,00;0,00;0,00;0;;;2;;FALSO;FALSO;0;\\TATI\Programa\FOTOS\DT 7099.jpg
6114;2089;22;RB 1529 3584 47;;0,00;0,00;0,00;0;;;2;;FALSO;FALSO;0;\\TATI\Programa\FOTOS\RB 1529 3584 47.jpg
6115;6023;238;KD 1016;;0,00;0,00;0,00;0;;;2;;FALSO;FALSO;0;\\TATI\Programa\FOTOS\KD 1016.jpg
6116;5128;132;903 2;;0,00;0,00;0,00;0;;;2;;FALSO;FALSO;0;\\TATI\Programa\FOTOS\903 2.jpg
6117;3366;36;A 173;;0,00;0,00;0,00;0;;;2;;FALSO;FALSO;0;\\TATI\Programa\FOTOS\A 173.jpg
6119;5129;132;98-3009;;0,00;0,00;0,00;1;;;2;;FALSO;FALSO;0;\\TATI\Programa\FOTOS\98-3009.jpg
6120;3864;88;DI 361;aro - acetato;0,00;0,00;100,00;0;;;2;;FALSO;FALSO;0;\\TATI\Programa\FOTOS\DI 361.jpg
6121;3865;88;DI 357;;0,00;0,00;0,00;0;;;2;;FALSO;FALSO;0;\\TATI\Programa\FOTOS\DI 357.jpg
6123;6290;264;132-42;;0,00;0,00;0,00;0;;;2;;FALSO;FALSO;0;\\TATI\Programa\FOTOS\132-42.jpg
6124;6291;264;LISA 42;;0,00;0,00;0,00;0;;;2;;FALSO;FALSO;0;\\TATI\Programa\FOTOS\LISA 42.jpg
6125;6292;264;THIAGO 40;;0,00;0,00;0,00;0;;;2;;FALSO;FALSO;0;\\TATI\Programa\FOTOS\THIAGO 40.jpg
6127;6302;265;3016;;0,00;0,00;0,00;0;;;2;;FALSO;FALSO;0;\\TATI\Programa\FOTOS\3016.jpg
6129;6303;266;38-16;;0,00;0,00;0,00;0;;;2;;FALSO;FALSO;0;\\TATI\Programa\FOTOS\38-16.jpg
6130;6293;264;101-40;;0,00;0,00;0,00;0;;;2;;FALSO;FALSO;0;\\TATI\Programa\FOTOS\101-40.jpg
6131;6294;264;CLN 10124;;0,00;0,00;0,00;0;;;2;;FALSO;FALSO;0;\\TATI\Programa\FOTOS\CLN 10124.jpg
6132;6295;264;CLN 10118;;0,00;0,00;0,00;0;;;2;;FALSO;FALSO;0;\\TATI\Programa\FOTOS\CLN 10118.jpg
6133;6296;264;CLN 10119;;0,00;0,00;0,00;0;;;2;;FALSO;FALSO;0;\\TATI\Programa\FOTOS\CLN 10119.jpg
6134;6297;264;ZQ 8007;;0,00;0,00;0,00;0;;;1;;FALSO;FALSO;0;\\TATI\Programa\FOTOS\ZQ 8007.jpg
6135;6298;264;ZQ 8005;;0,00;0,00;0,00;0;;;2;;FALSO;FALSO;0;\\TATI\Programa\FOTOS\ZQ 8005.jpg
6136;6299;264;CLN 10132;;0,00;0,00;0,00;0;;;2;;FALSO;FALSO;0;\\TATI\Programa\FOTOS\CLN 10132.jpg
6137;6300;264;ZB 8012;;0,00;0,00;0,00;0;;;2;;FALSO;FALSO;0;\\TATI\Programa\FOTOS\ZB 8012.jpg
6138;6301;264;ZY 2003;;0,00;0,00;0,00;0;;;2;;FALSO;FALSO;0;\\TATI\Programa\FOTOS\ZY 2003.jpg
6139;6231;261;MYJ 0003 C1;;0,00;0,00;0,00;0;;;2;;FALSO;FALSO;0;\\TATI\Programa\FOTOS\MYJ 0003 C1.jpg
6140;6232;261;MYJ 0014 C1;fio - metal;;0,00;130,00;0;;;2;;FALSO;FALSO;0;\\TATI\Programa\FOTOS\MYJ 0014 C1.jpg
6141;6233;261;YGJ 00170;;;0,00;160,00;0;;;2;;FALSO;FALSO;0;\\TATI\Programa\FOTOS\YGJ 00170.jpg
6143;6234;261;MYJ 0007;;0,00;0,00;0,00;0;;;2;;FALSO;FALSO;0;\\TATI\Programa\FOTOS\MYJ 0007.jpg
6144;6235;261;041 D50;;0,00;0,00;0,00;0;;;2;;FALSO;FALSO;0;\\TATI\Programa\FOTOS\041 D50.jpg
6145;6236;261;ZQ8005 42;aro - metal;0,00;0,00;150,00;1;;;2;;FALSO;FALSO;0;\\TATI\Programa\FOTOS\YS 1004.jpg
6146;6237;261;SP 1747;;0,00;0,00;0,00;0;;;2;;FALSO;FALSO;0;\\TATI\Programa\FOTOS\SP 1747.jpg
6147;6238;261;HP 7016;;0,00;0,00;0,00;0;;;2;;FALSO;FALSO;0;\\TATI\Programa\FOTOS\HP 7016.jpg
6148;6239;261;JC 80702;aro - acetato;0,00;0,00;100,00;1;;;2;;FALSO;FALSO;0;\\TATI\Programa\FOTOS\JR 1321.jpg
6149;6240;261;YGJ 00130H;fio - metal;0,00;0,00;150,00;0;;;2;;FALSO;FALSO;0;\\TATI\Programa\FOTOS\YGJ 00130H.jpg
6150;6241;261;YG 8701;;0,00;0,00;0,00;0;;;1;;FALSO;FALSO;0;\\TATI\Programa\FOTOS\YG 8701.jpg
6151;3367;36;BVW 2493;;0,00;0,00;0,00;0;;;1;;FALSO;FALSO;0;\\TATI\Programa\FOTOS\BVW 2493.jpg
6155;3368;36;061104;;0,00;0,00;280,00;0;;;2;;FALSO;FALSO;0;
6157;5309;137;LIOLLETE;;0,00;0,00;0,00;0;;;1;;FALSO;FALSO;0;\\TATI\Programa\FOTOS\LIOLIETE.jpg
6158;1095;16;ATACAMA;;0,00;0,00;0,00;-2;;;1;;FALSO;FALSO;0;\\TATI\Programa\FOTOS\ATACAMA.jpg
6159;1096;16;ANDES;;0,00;0,00;0,00;-2;;;1;;FALSO;FALSO;0;\\TATI\Programa\FOTOS\ANDES.jpg
6160;2090;22;RB 3522 004/9A 64;aro - metal;0,00;0,00;690,00;0;;;1;;FALSO;FALSO;0;
6161;1520;19;SLIVER F OO9246-01;aro - acetato;0,00;0,00;555,00;0;;;1;;FALSO;FALSO;0;
6162;1521;19;SLIVER F OO9246-04;aro - acetato;0,00;0,00;651,00;0;;;1;;FALSO;FALSO;0;
6163;2091;22;RB 3025 W3235;;0,00;0,00;0,00;0;;;1;;FALSO;FALSO;0;\\TATI\Programa\FOTOS\RB 3025 W3235.jpg
6164;2092;22;RB 2132 769 52;aro - acetato;0,00;0,00;320,00;1;;;1;;FALSO;FALSO;0;\\TATI\Programa\FOTOS\RB 2132 790/70.jpg
6165;2093;22;RB 3456 E002/71;;0,00;0,00;0,00;0;;;1;;FALSO;FALSO;0;\\TATI\Programa\FOTOS\RB 3456 E002/71.jpg
6166;2094;22;RB 4125 5000 CATS;másc - acetato;0,00;0,00;310,00;1;;;1;;FALSO;FALSO;0;\\TATI\Programa\FOTOS\RB 4125 5000 CATS.jpg
6167;1522;19;FROGSKINS LX OO2043-03 POL.;;0,00;0,00;0,00;0;;;1;;FALSO;FALSO;0;\\TATI\Programa\FOTOS\FROGSKINS LX OO2043-03 POL..jpg
6168;1523;19;ENDURO OO9223-04;;0,00;0,00;0,00;0;;;1;;FALSO;FALSO;0;\\TATI\Programa\FOTOS\ENDURO OO9223-04.jpg
6169;1524;19;OIL RIG 03 494;;0,00;0,00;0,00;0;;;1;;FALSO;FALSO;0;\\TATI\Programa\FOTOS\OIL RIG 03 494.jpg
6170;609;15;GU 7104 BE-34;;0,00;0,00;0,00;0;;;1;;FALSO;FALSO;0;\\TATI\Programa\FOTOS\GU 7104 BE-34.jpg
6171;610;15;GU 6521 BLK-3;;0,00;0,00;0,00;0;;;1;;FALSO;FALSO;0;\\TATI\Programa\FOTOS\GU 6521 BLK-3.jpg
6172;611;15;GU 7011 BLK-3;;0,00;0,00;0,00;0;;;1;;FALSO;FALSO;0;\\TATI\Programa\FOTOS\GU 7011 BLK-3.jpg
6173;612;15;GU 7059 WHT-34;;0,00;0,00;0,00;0;;;1;;FALSO;FALSO;0;\\TATI\Programa\FOTOS\GU 7059 WHT-34.jpg
6174;2095;22;RB 3025L L2823;aro - metal;163,81;24,57;560,00;-1;;;1;;FALSO;FALSO;0;
6175;2096;22;RB 3025 JM 001/3M;aro - metal;197,12;29,57;530,00;1;;;1;;FALSO;FALSO;0;
6176;2097;22;RB 3016 W0366 CLUBMASTER;aro - metal;197,12;29,57;530,00;-1;;;1;;FALSO;FALSO;0;
6177;2098;22;RB 3025L 001/3f 58;aro - metal;;0,00;940,00;2;;;1;;FALSO;FALSO;0;
6178;2099;22;RB 4171L 622/8G 54;aro - acetato;163,81;19,66;690,00;0;;;1;;FALSO;FALSO;0;
6179;2100;22;RB 3447N 001  53 ROUND METAL;aro - metal;197,12;29,57;730,00;5;;;1;;FALSO;FALSO;0;
6180;2101;22;RB 4105 601-S;aro - acetato;204,03;30,60;550,00;0;;;1;;FALSO;FALSO;0;
6181;5130;132;MC 2120;;;0,00;340,00;0;;;2;;FALSO;FALSO;1120;\\TATI\Programa\FOTOS\MC 2120.jpg
6182;2624;32;SH 0140 R80X;;0,00;0,00;810,00;0;;;1;;FALSO;FALSO;0;\\TATI\Programa\FOTOS\SH 0140 R80X.jpg
6183;1641;20;SPR 20I;;0,00;0,00;780,00;0;;;1;;FALSO;FALSO;0;\\TATI\Programa\FOTOS\SPR 20I.jpg
6184;6226;259;LUSTOM XM6BN;;0,00;0,00;690,00;-1;;;1;;FALSO;FALSO;0;\\TATI\Programa\FOTOS\LUSTOM XM6BN.jpg
6186;3369;36;L 5620;;0,00;0,00;0,00;0;;;1;;FALSO;FALSO;0;\\TATI\Programa\FOTOS\L 5620.jpg
6188;3370;36;B 09137;;0,00;0,00;0,00;0;;;1;;FALSO;FALSO;0;\\TATI\Programa\FOTOS\B 09137.jpg
6189;3371;36;8001;;;0,00;0,00;0;;;1;;FALSO;FALSO;0;\\TATI\Programa\FOTOS\8001.jpg
6190;3372;36;40111;;0,00;0,00;0,00;0;;;1;;FALSO;FALSO;0;\\TATI\Programa\FOTOS\40111.jpg
6191;3373;36;40115;;0,00;0,00;0,00;0;;;1;;FALSO;FALSO;0;\\TATI\Programa\FOTOS\40115.jpg
6192;3374;36;2210;;0,00;0,00;0,00;0;;;1;;FALSO;FALSO;0;\\TATI\Programa\FOTOS\2210.jpg
6193;3375;36;B 51026;;0,00;0,00;0,00;0;;;1;;FALSO;FALSO;0;\\TATI\Programa\FOTOS\B 51026.jpg
6194;3376;36;708;;0,00;0,00;0,00;0;;;1;;FALSO;FALSO;0;\\TATI\Programa\FOTOS\708.jpg
6195;3377;36;B 51011;;0,00;0,00;0,00;0;;;1;;FALSO;FALSO;0;\\TATI\Programa\FOTOS\B 51011.jpg
6196;3378;36;B 5956;;0,00;0,00;0,00;0;;;1;;FALSO;FALSO;0;\\TATI\Programa\FOTOS\B 5956.jpg
6197;3379;36;1386;;0,00;0,00;0,00;0;;;1;;FALSO;FALSO;0;\\TATI\Programa\FOTOS\1386.jpg
6198;3380;36;B 07321 486;;0,00;0,00;0,00;0;;;1;;FALSO;FALSO;0;\\TATI\Programa\FOTOS\B 07321 486.jpg
6199;3381;36;B 56201 289;;0,00;0,00;0,00;0;;;1;;FALSO;FALSO;0;\\TATI\Programa\FOTOS\B 56201 289.jpg
6200;3382;36;B 1969 138;;0,00;0,00;0,00;0;;;1;;FALSO;FALSO;0;\\TATI\Programa\FOTOS\B 1969 138.jpg
6201;3383;36;146;;0,00;0,00;0,00;0;;;1;;FALSO;FALSO;0;\\TATI\Programa\FOTOS\146.jpg
6202;3384;36;J 5845;;0,00;0,00;0,00;0;;;1;;FALSO;FALSO;0;\\TATI\Programa\FOTOS\J 5845.jpg
6203;3385;36;B 051014;;0,00;0,00;0,00;0;;;1;;FALSO;FALSO;0;\\TATI\Programa\FOTOS\B 051014.jpg
6204;1097;16;M.93 406;fio - metal;0,00;0,00;399,00;0;;;2;;FALSO;FALSO;0;
6205;229;11;SES 126 0700;;0,00;0,00;0,00;0;;;1;;FALSO;FALSO;0;\\TATI\Programa\FOTOS\SES 126 0700.jpg
6206;3595;45;B65;;0,00;0,00;0,00;0;;;1;;FALSO;FALSO;0;\\TATI\Programa\FOTOS\B65.jpg
6207;3668;52;todos;;0,00;0,00;0,00;0;;;1;;FALSO;FALSO;0;\\TATI\Programa\FOTOS\todos.jpg
6208;5847;204;B0424-0;;0,00;0,00;0,00;0;;;1;;FALSO;FALSO;0;\\TATI\Programa\FOTOS\B0424-0.jpg
6209;5848;204;B04263;;0,00;0,00;0,00;0;;;1;;FALSO;FALSO;0;\\TATI\Programa\FOTOS\B04263.jpg
6210;5849;204;B04233;;0,00;0,00;0,00;0;;;1;;FALSO;FALSO;0;\\TATI\Programa\FOTOS\B04233.jpg
6211;3664;50;PC S 20GFS;;0,00;0,00;0,00;0;;;1;;FALSO;FALSO;0;\\TATI\Programa\FOTOS\PC S 20GFS.jpg
6212;3665;50;V 802;;0,00;0,00;0,00;0;;;1;;FALSO;FALSO;0;\\TATI\Programa\FOTOS\V 802.jpg
6215;6242;261;B 1969 138;;0,00;0,00;0,00;-1;;;1;;FALSO;FALSO;0;\\TATI\Programa\FOTOS\B 1969 138.jpg
6216;1525;19;OX 8030-0255 CROSSLINK;aro - acetato;156,54;6,26;497,00;0;;;2;;FALSO;FALSO;0;
6217;2102;22;RB 3517 001/Z2;aro - metal;0,00;0,00;550,00;0;;;1;;FALSO;FALSO;0;
6218;3386;36;DS14255;;0,00;0,00;0,00;0;;;1;;FALSO;FALSO;0;
6219;3387;36;DS 14250;aro - metal;;0,00;290,00;0;;;2;;FALSO;FALSO;0;
6220;3388;36;HM 5012;aro - acetato;;0,00;315,00;0;;;1;;FALSO;FALSO;0;
6225;3389;36;DS 14056-1;fio - metal;;0,00;315,00;0;;;1;;FALSO;FALSO;0;
6226;3390;36;HM 5012;aro - acetato;0,00;0,00;310,00;0;;;2;;FALSO;FALSO;0;
6227;3391;36;DS 14115;aro - metal;;0,00;290,00;0;;;2;;FALSO;FALSO;0;
6228;3392;36;HZ 10605;fio - metal;;0,00;290,00;0;;;2;;FALSO;FALSO;0;
6229;3393;36;DS 14192 53;aro - metal;;0,00;290,00;0;;;2;;FALSO;FALSO;0;
6230;3394;36;DS 14242;másc - metal;;0,00;290,00;0;;;3;;FALSO;FALSO;0;
6231;3395;36;DS 14133;fio - metal;;0,00;340,00;0;;;2;;FALSO;FALSO;0;
6232;3396;36;DS 14188;aro - metal;0,00;0,00;340,00;0;;;2;;FALSO;FALSO;0;
6233;3397;36;X 221;aro - metal;;0,00;290,00;0;;;1;;FALSO;FALSO;0;
6234;3398;36;061701;aro - acetato;;0,00;290,00;0;;;2;;FALSO;FALSO;0;
6235;3399;36;061106;aro - acetato;;0,00;310,00;0;;;1;;FALSO;FALSO;1113;
6236;3400;36;DS 14118;aro - metal;0,00;0,00;320,00;0;;;2;;FALSO;FALSO;0;
6237;3401;36;HZ 10364;aro - metal;;0,00;450,00;0;;;2;;FALSO;FALSO;0;
6238;3402;36;HZ 10583;aro - metal;;0,00;290,00;0;;;1;;FALSO;FALSO;0;
6241;3403;36;HZ 10415;aro - metal;;0,00;320,00;0;;;1;;FALSO;FALSO;0;
6242;4133;94;HYPER FLEX;;0,00;0,00;0,00;0;;;1;;FALSO;FALSO;0;\\TATI\Programa\FOTOS\HYPER FLEX.jpg
6243;1207;18;GAROPABA;;0,00;0,00;210,00;0;;;1;;FALSO;FALSO;0;\\TATI\Programa\FOTOS\GAROPABA.jpg
6244;6304;268;X 08001;;0,00;0,00;0,00;0;;;1;;FALSO;FALSO;0;\\TATI\Programa\FOTOS\X 08001.jpg
6245;6305;268;YSJ09195F;;0,00;0,00;0,00;0;;;1;;FALSO;FALSO;0;\\TATI\Programa\FOTOS\YSJ09195F.jpg
6246;6306;268;X 08004;;0,00;0,00;0,00;0;;;1;;FALSO;FALSO;0;\\TATI\Programa\FOTOS\X 08004.jpg
6247;6307;269;todos;;0,00;0,00;0,00;-1;;;1;;FALSO;FALSO;0;\\TATI\Programa\FOTOS\todos.jpg
6248;5131;132;YM1479 C4;aro - acetato;;0,00;315,00;0;;;1;;FALSO;FALSO;0;
6249;5132;132;YD1518 C5;aro - acetato;;0,00;315,00;0;;;1;;FALSO;FALSO;0;
6250;5133;132;YD1517;aro - acetato;;0,00;315,00;0;;;1;;FALSO;FALSO;0;
6251;5134;132;YD1476 C2;aro - acetato;;0,00;280,00;0;;;1;;FALSO;FALSO;0;
6252;5135;132;VMU01V;aro - acetato;;0,00;360,00;0;;;2;;FALSO;FALSO;0;
6253;5136;132;BC 8089;aro - acetato;0,00;0,00;360,00;0;;;1;;FALSO;FALSO;0;
6254;5137;132;BC 8089;aro - acetato;;0,00;360,00;0;;;2;;FALSO;FALSO;0;
6255;5138;132;SL 6645;aro - acetato;0,00;0,00;340,00;0;;;2;;FALSO;FALSO;0;
6256;5139;132;HY9006;aro - acetato;;0,00;345,00;0;;;2;;FALSO;FALSO;0;
6257;5140;132;MC 2122;aro - acetato;;0,00;290,00;0;;;2;;FALSO;FALSO;0;
6258;5141;132;YC 5008;aro - acetato;;0,00;345,00;0;;;2;;FALSO;FALSO;0;
6259;5142;132;MC 3234;aro - acetato;;0,00;345,00;0;;;1;;FALSO;FALSO;1123;
6260;5143;132;J8008;aro - acetato;;0,00;260,00;0;;;2;;FALSO;FALSO;0;
6261;5144;132;1807;aro - acetato;;0,00;290,00;0;;;2;;FALSO;FALSO;0;
6262;3596;45;S866;aro - acetato;;0,00;290,00;0;;;2;;FALSO;FALSO;0;
6265;3597;45;S1002;fio - metal;;0,00;320,00;0;;;2;;FALSO;FALSO;1110;
6266;3598;45;S1009;fio - metal;;0,00;290,00;0;;;2;;FALSO;FALSO;1109;
6267;3599;45;S1012;fio - metal;;0,00;290,00;0;;;2;;FALSO;FALSO;0;
6268;6243;261;GP142;aro - metal;;0,00;180,00;0;;;2;;FALSO;FALSO;0;
6269;6244;261;FD3005;aro - metal;;0,00;180,00;0;;;2;;FALSO;FALSO;0;
6270;3600;45;S1004;fio - metal;;0,00;365,00;0;;;2;;FALSO;FALSO;1108;
6271;5145;132;6342;aro - acetato;;0,00;320,00;0;;;2;;FALSO;FALSO;0;
6272;3601;45;S 1012;fio - metal;0,00;0,00;290,00;0;;;2;;FALSO;FALSO;1107;
6273;5146;132;SL 6845;aro - acetato;;0,00;320,00;0;;;2;;FALSO;FALSO;0;
6275;5147;132;6346;aro - acetato;;0,00;320,00;0;;;2;;FALSO;FALSO;0;
6276;3602;45;S1011;aro - metal;;0,00;345,00;0;;;2;;FALSO;FALSO;0;
6277;5148;132;SL 6985;aro - acetato;;0,00;320,00;0;;;2;;FALSO;FALSO;0;
6278;5149;132;SL 5082;fio - metal;;0,00;290,00;0;;;2;;FALSO;FALSO;0;
6279;5150;132;ZM-RD 1053;aro - metal;;0,00;315,00;0;;;2;;FALSO;FALSO;0;
6280;5151;132;ZM -YL6051N;aro - acetato;;0,00;299,00;0;;;1;;FALSO;FALSO;0;
6281;6245;261;TD 2721;fio - metal;;0,00;180,00;0;;;2;;FALSO;FALSO;0;
6282;5152;132;MT 6588-1;fio - metal;;0,00;370,00;0;;;2;;FALSO;FALSO;0;
6283;5153;132;HI 8022;fio - metal;;0,00;290,00;0;;;2;;FALSO;FALSO;0;
6284;5154;132;ZM-YL6050N;aro - acetato;;0,00;299,00;0;;;1;;FALSO;FALSO;0;
6285;5155;132;PB8109 166-91-C18;aro - acetato;;0,00;299,00;0;;;1;;FALSO;FALSO;0;
6286;6246;261;DZ 9201;fio - metal;;0,00;150,00;0;;;2;;FALSO;FALSO;0;
6287;5156;132;REDONDO ESPELHADO;aro - acetato;;0,00;195,00;0;;;1;;FALSO;FALSO;0;
6288;6247;261;FD;;0,00;0,00;0,00;0;;;2;;FALSO;FALSO;0;
6289;6248;261;FD 3005;fio - metal;;0,00;180,00;0;;;2;;FALSO;FALSO;0;
6291;6249;261;TD 2721;fio - metal;0,00;0,00;150,00;0;;;2;;FALSO;FALSO;0;
6292;6250;261;039 -19-138;fio - metal;;0,00;130,00;-106;;;2;;FALSO;FALSO;0;
6293;6251;261;SRP8495;;0,00;0,00;0,00;0;;;1;;FALSO;FALSO;0;\\TATI\Programa\FOTOS\SRP8495.jpg
6294;6252;261;SP8112 C5;;0,00;0,00;0,00;0;;;1;;FALSO;FALSO;0;\\TATI\Programa\FOTOS\SP8112 C5.jpg
6295;6253;261;P1006;;0,00;0,00;0,00;0;;;1;;FALSO;FALSO;0;\\TATI\Programa\FOTOS\P1006.jpg
6296;6254;261;D1037;;0,00;0,00;0,00;0;;;1;;FALSO;FALSO;0;\\TATI\Programa\FOTOS\D1037.jpg
6297;6255;261;S 5028;;0,00;0,00;0,00;0;;;1;;FALSO;FALSO;0;\\TATI\Programa\FOTOS\S 5028.jpg
6298;6256;261;9905;;0,00;0,00;0,00;0;;;1;;FALSO;FALSO;0;\\TATI\Programa\FOTOS\9905.jpg
6299;3614;46;XL 3001 L38P;;0,00;0,00;0,00;-1;;;1;;FALSO;FALSO;0;\\TATI\Programa\FOTOS\XL 3001 L38P.jpg
6300;3615;46;D8202;;0,00;0,00;0,00;0;;;1;;FALSO;FALSO;0;\\TATI\Programa\FOTOS\D8202.jpg
6301;6257;261;SRP 390 HR;;0,00;0,00;0,00;0;;;1;;FALSO;FALSO;0;\\TATI\Programa\FOTOS\SRP 390 HR.jpg
6302;6258;261;P1 124;;0,00;0,00;0,00;0;;;1;;FALSO;FALSO;0;\\TATI\Programa\FOTOS\P1 124.jpg
6303;6259;261;RO 008;;0,00;0,00;0,00;0;;;1;;FALSO;FALSO;0;\\TATI\Programa\FOTOS\RO 008.jpg
6304;6260;261;S 5028;;0,00;0,00;0,00;0;;;1;;FALSO;FALSO;0;\\TATI\Programa\FOTOS\S 5028.jpg
6305;6261;261;8064;;0,00;0,00;0,00;0;;;1;;FALSO;FALSO;0;\\TATI\Programa\FOTOS\8064.jpg
6306;6262;261;RO 035;;0,00;0,00;0,00;0;;;1;;FALSO;FALSO;0;\\TATI\Programa\FOTOS\RO 035.jpg
6307;6263;261;D8088-2;;0,00;0,00;0,00;0;;;1;;FALSO;FALSO;0;\\TATI\Programa\FOTOS\D8088-2.jpg
6308;6264;261;SKY LARK;;0,00;0,00;0,00;0;;;1;;FALSO;FALSO;0;\\TATI\Programa\FOTOS\SKY LARK.jpg
6309;6265;261;6075K;;0,00;0,00;0,00;0;;;1;;FALSO;FALSO;0;\\TATI\Programa\FOTOS\6075K.jpg
6310;6266;261;3068;;0,00;0,00;0,00;0;;;1;;FALSO;FALSO;0;\\TATI\Programa\FOTOS\3068.jpg
6311;6267;261;D 5110;;0,00;0,00;0,00;0;;;1;;FALSO;FALSO;0;\\TATI\Programa\FOTOS\D 5110.jpg
6312;6268;261;8NP 204;;0,00;0,00;0,00;0;;;1;;FALSO;FALSO;0;\\TATI\Programa\FOTOS\8NP 204.jpg
6313;3753;68;9728;;0,00;0,00;0,00;0;;;1;;FALSO;FALSO;0;\\TATI\Programa\FOTOS\9728.jpg
6314;5435;154;SH 8881;;0,00;0,00;0,00;0;;;1;;FALSO;FALSO;0;\\TATI\Programa\FOTOS\SH 8881.jpg
6315;3756;69;6032;;0,00;0,00;0,00;0;;;1;;FALSO;FALSO;0;\\TATI\Programa\FOTOS\6032.jpg
6316;3757;69;6029;;0,00;0,00;0,00;0;;;1;;FALSO;FALSO;0;\\TATI\Programa\FOTOS\6029.jpg
6317;3759;70;74 VERONA;;0,00;0,00;0,00;0;;;1;;FALSO;FALSO;0;\\TATI\Programa\FOTOS\74 VERONA.jpg
6318;3760;70;75 MARBELLA;;0,00;0,00;0,00;0;;;1;;FALSO;FALSO;0;\\TATI\Programa\FOTOS\75 MARBELLA.jpg
6319;106;7;YSS 00215F C2;;0,00;0,00;0,00;0;;;1;;FALSO;FALSO;0;\\TATI\Programa\FOTOS\YSS 00215F C2.jpg
6320;107;7;YSS 00215F C3;;0,00;0,00;0,00;0;;;1;;FALSO;FALSO;0;\\TATI\Programa\FOTOS\YSS 00215F C3.jpg
6321;108;7;YSS 00215 F C5;;0,00;0,00;0,00;0;;;1;;FALSO;FALSO;0;\\TATI\Programa\FOTOS\YSS 00215 F C5.jpg
6322;109;7;YS 00215 F C7;;0,00;0,00;0,00;0;;;1;;FALSO;FALSO;0;\\TATI\Programa\FOTOS\YS 00215 F C7.jpg
6323;110;7;YSS 00122F C6;;0,00;0,00;0,00;0;;;1;;FALSO;FALSO;0;\\TATI\Programa\FOTOS\YSS 00122F C6.jpg
6324;111;7;SOR 446 2HR;;0,00;0,00;0,00;0;;;1;;FALSO;FALSO;0;\\TATI\Programa\FOTOS\SOR 446 2HR.jpg
6325;112;7;SPR 491-4T;;0,00;0,00;0,00;0;;;1;;FALSO;FALSO;0;\\TATI\Programa\FOTOS\SPR 491-4T.jpg
6326;113;7;B2384 10427;;0,00;0,00;0,00;0;;;1;;FALSO;FALSO;0;\\TATI\Programa\FOTOS\B2384 10427.jpg
6327;6308;270;MCS 490;;0,00;0,00;0,00;0;;;1;;FALSO;FALSO;0;\\TATI\Programa\FOTOS\MCS 490.jpg
6328;6309;270;VDS 525;;0,00;0,00;0,00;0;;;1;;FALSO;FALSO;0;\\TATI\Programa\FOTOS\VDS 525.jpg
6329;6310;270;VDS 526;;0,00;0,00;0,00;0;;;1;;FALSO;FALSO;0;\\TATI\Programa\FOTOS\VDS 526.jpg
6330;6311;270;MTS 322;;0,00;0,00;0,00;0;;;1;;FALSO;FALSO;0;\\TATI\Programa\FOTOS\MTS 322.jpg
6331;6312;270;MTS 326;;0,00;0,00;0,00;0;;;1;;FALSO;FALSO;0;\\TATI\Programa\FOTOS\MTS 326.jpg
6333;6313;271;HYPER;;0,00;0,00;0,00;0;;;1;;FALSO;FALSO;0;\\TATI\Programa\FOTOS\HYPER.jpg
6334;4371;102;B 85 110;;0,00;0,00;0,00;0;;;1;;FALSO;FALSO;0;\\TATI\Programa\FOTOS\B 85 110.jpg
6335;3688;58;SN 017;;0,00;0,00;0,00;0;;;1;;FALSO;FALSO;0;\\TATI\Programa\FOTOS\SN 017.jpg
6336;3689;58;SN 001;;0,00;0,00;0,00;0;;;1;;FALSO;FALSO;0;\\TATI\Programa\FOTOS\SN 001.jpg
6338;5545;165;2248;;0,00;0,00;0,00;0;;;1;;FALSO;FALSO;0;\\TATI\Programa\FOTOS\2248.jpg
6339;3532;41;SR 102;;0,00;0,00;0,00;0;;;1;;FALSO;FALSO;0;\\TATI\Programa\FOTOS\SR 102.jpg
6340;3533;41;SR 104;;0,00;0,00;0,00;1;;;1;;FALSO;FALSO;0;\\TATI\Programa\FOTOS\SR 104.jpg
6341;3603;45;S 1003;Aro Fechado;;0,00;315,00;0;;;2;;FALSO;FALSO;1111;
6343;4017;92;K 9187;aro - acetato;;0,00;280,00;0;;;2;;FALSO;FALSO;0;
6344;4018;92;K 9146;aro - acetato;;0,00;280,00;0;;;2;;FALSO;FALSO;0;
6345;4019;92;K 9195;aro - acetato;;0,00;280,00;0;;;2;;FALSO;FALSO;0;
6346;4020;92;K 9139;aro - acetato;;0,00;280,00;0;;;2;;FALSO;FALSO;0;
6347;4742;128;VS AR CIL acima de 200;;0,00;0,00;0,00;0;;;3;;FALSO;FALSO;0;\\TATI\Programa\FOTOS\VS AR CIL acima de 200.jpg
6349;2694;33;2K;;0,00;0,00;380,00;0;;;1;;FALSO;FALSO;1114;
6350;2695;33;CUSTOM;;0,00;0,00;380,00;0;;;1;;FALSO;FALSO;0;\\TATI\Programa\FOTOS\CUSTOM.jpg
6351;6142;249;PC 4564148;aro - acetato;;0,00;420,00;0;;;2;;FALSO;FALSO;0;
6352;6143;249;PC 4564131;aro - acetato;;0,00;420,00;0;;;2;;FALSO;FALSO;0;
6353;6144;249;PC 456044;másc - acetato;;0,00;420,00;0;;;2;;FALSO;FALSO;0;
6354;6145;249;PC 356574;aro - acetato;;0,00;420,00;0;;;2;;FALSO;FALSO;0;
6355;6146;249;PC 356579;fio - metal;;0,00;420,00;0;;;2;;FALSO;FALSO;0;
6356;6147;249;PC 259012;fio - metal;;0,00;420,00;0;;;2;;FALSO;FALSO;0;
6357;6148;249;PC 259011;fio - metal;;0,00;420,00;0;;;2;;FALSO;FALSO;0;
6358;6149;249;PC 4550150;fio - metal;;0,00;420,00;0;;;2;;FALSO;FALSO;0;
6359;6150;249;PC 356576;fio - metal;;0,00;420,00;0;;;2;;FALSO;FALSO;0;
6360;6151;249;PC 356450;fio - metal;;0,00;420,00;0;;;2;;FALSO;FALSO;0;
6361;6152;249;PC 356576;fio - metal;0,00;0,00;420,00;0;;;2;;FALSO;FALSO;0;
6362;3404;36;1113;fio - metal;230,00;0,00;0,00;0;;;2;;FALSO;FALSO;0;
6363;13;5;C1DIC;aro - acetato;0,00;0,00;600,00;0;;;1;;FALSO;FALSO;0;\\TATI\Programa\FOTOS\C1DIC.jpg
6364;6269;261;CD 606;;0,00;0,00;0,00;-4;;;2;;FALSO;FALSO;0;
6366;5157;132;YC 5009;aro - acetato;0,00;0,00;0,00;0;;;2;;FALSO;FALSO;0;
6367;5158;132;YC 5005;aro - acetato;0,00;0,00;0,00;0;;;2;;FALSO;FALSO;0;
6368;5159;132;YC 5010;aro - acetato;0,00;0,00;320,00;0;;;2;;FALSO;FALSO;0;
6369;5160;132;J 00538A;aro - metal;0,00;0,00;320,00;0;;;2;;FALSO;FALSO;0;
6370;5161;132;MM JB 1059P;fio - metal;0,00;0,00;280,00;0;;;2;;FALSO;FALSO;0;
6371;5162;132;MT 6587-2;aro - metal;0,00;0,00;380,00;0;;;2;;FALSO;FALSO;0;
6372;5163;132;6511;aro - acetato;0,00;0,00;290,00;0;;;2;;FALSO;FALSO;0;
6373;5164;132;6529;aro - acetato;0,00;0,00;290,00;0;;;2;;FALSO;FALSO;0;
6374;5165;132;JL 9028;másc - acetato;0,00;0,00;290,00;0;;;2;;FALSO;FALSO;0;
6375;5166;132;BC 3008;aro - acetato;0,00;0,00;290,00;0;;;2;;FALSO;FALSO;0;
6376;5167;132;SL 5082;fio - metal;0,00;0,00;280,00;0;;;2;;FALSO;FALSO;0;
6377;5168;132;BC 8094;aro - acetato;0,00;0,00;280,00;0;;;2;;FALSO;FALSO;0;
6378;5169;132;6289;fio - metal;0,00;0,00;280,00;0;;;2;;FALSO;FALSO;0;
6379;5170;132;8F83;fio - metal;0,00;0,00;280,00;0;;;2;;FALSO;FALSO;0;
6380;5171;132;JCH 041;fio - metal;0,00;0,00;280,00;0;;;2;;FALSO;FALSO;0;
6381;5172;132;J 00622;fio - metal;;0,00;270,00;0;;;2;;FALSO;FALSO;0;
6382;5173;132;JCH 076;fio - metal;0,00;0,00;280,00;0;;;2;;FALSO;FALSO;0;
6383;5174;132;MT 6005-1;másc - metal;0,00;0,00;280,00;0;;;2;;FALSO;FALSO;0;
6384;2103;22;RB 3025 029/30;aro - metal;;0,00;650,00;-1;;;1;;FALSO;FALSO;0;
6385;2104;22;RY 1539L 3611;aro - acetato;100,37;5,02;331,00;0;;;2;;FALSO;FALSO;0;
6386;2105;22;RY 1540 3616;aro - acetato;91,11;4,56;300,00;0;;;2;;FALSO;FALSO;0;
6387;2106;22;RX 5322 5489;aro - acetato;130,65;6,53;431,00;0;;;2;;FALSO;FALSO;0;
6388;2107;22;RX 6294L 2813;fio - metal;106,49;5,32;288,00;0;;;2;;FALSO;FALSO;0;
6389;2108;22;RX 6315L 2730;fio - metal;106,49;5,32;351,00;0;;;2;;FALSO;FALSO;0;
6390;2109;22;RX 5287 2000;aro - acetato;130,65;6,53;431,00;0;;;2;;FALSO;FALSO;0;
6391;2110;22;RX 3447V 2730;aro - metal;145,53;7,28;480,00;0;;;2;;FALSO;FALSO;0;
6392;2111;22;RX 7020L 5371;aro - acetato;106,49;5,32;351,00;0;;;2;;FALSO;FALSO;0;
6393;2112;22;RY 1531 3647;aro - acetato;91,11;4,56;300,00;0;;;2;;FALSO;FALSO;0;
6394;2113;22;RY 1045L 4043;fio - metal;100,37;5,02;331,00;0;;;2;;FALSO;FALSO;0;
6395;2114;22;RY 1541 3617;aro - acetato;91,11;4,56;300,00;0;;;2;;FALSO;FALSO;0;
6396;2115;22;RY 1538L 3608;aro - acetato;100,37;5,02;331,00;0;;;2;;FALSO;FALSO;0;
6397;2116;22;RB 1536 3599;aro - acetato;0,00;0,00;247,00;1;;;2;;FALSO;FALSO;0;
6398;2117;22;RY 1045L 4042;fio - metal;100,37;5,02;331,00;0;;;2;;FALSO;FALSO;0;
6399;2118;22;RY 1542L 3628;aro - acetato;100,37;5,02;331,00;0;;;2;;FALSO;FALSO;0;
6400;2119;22;RY 1546 3632;aro - metal;91,11;4,56;300,00;0;;;2;;FALSO;FALSO;0;
6401;2120;22;RY 1531 3529;aro - acetato;91,11;4,56;300,00;0;;;2;;FALSO;FALSO;0;
6402;2121;22;RY 1539L 3613;aro - acetato;100,37;5,02;331,00;0;;;2;;FALSO;FALSO;0;
6403;2122;22;RY 1527 3577;aro - acetato;91,11;4,56;300,00;0;;;2;;FALSO;FALSO;0;
6404;2123;22;RY 1039L 4029;fio - metal;100,37;5,02;331,00;0;;;2;;FALSO;FALSO;0;
6405;2124;22;RY 1547L 3645;aro - acetato;100,37;5,02;331,00;0;;;2;;FALSO;FALSO;0;
6406;2125;22;RY 1536 3600;aro - acetato;91,11;4,56;300,00;0;;;2;;FALSO;FALSO;0;
6407;2126;22;RY 1527 3575;aro - acetato;0,00;0,00;300,00;0;;;2;;FALSO;FALSO;0;
6408;2127;22;RY 1547L 3644;aro - acetato;100,37;5,02;331,00;0;;;2;;FALSO;FALSO;0;
6409;2128;22;RY 1040L 4035;aro - metal;100,37;5,02;331,00;0;;;2;;FALSO;FALSO;0;
6410;2129;22;RX 6316L 2553;fio - metal;106,49;5,32;355,00;0;;;2;;FALSO;FALSO;0;
6411;2130;22;RX 5184 5515;aro - acetato;145,53;7,28;480,00;0;;;2;;FALSO;FALSO;0;
6412;2131;22;RX 7046L 5485;aro - acetato;124,04;6,20;410,00;0;;;2;;FALSO;FALSO;0;
6413;2132;22;RX 5184 2012;aro - acetato;145,53;7,28;480,00;0;;;2;;FALSO;FALSO;0;
6414;2133;22;RX 7025 5418;aro - acetato;130,65;6,53;435,00;0;;;2;;FALSO;FALSO;0;
6415;2134;22;RX 6275 2503;aro - metal;142,34;7,12;469,00;0;;;2;;FALSO;FALSO;0;
6416;2135;22;RX 7030 5397;aro - acetato;130,65;6,53;435,00;0;;;2;;FALSO;FALSO;0;
6417;2136;22;RX 7036 5204;aro - acetato;158,27;7,91;525,00;0;;;2;;FALSO;FALSO;0;
6418;2137;22;RX 7031 2301;aro - acetato;173,14;8,66;575,00;0;;;2;;FALSO;FALSO;0;
6419;2138;22;RY 1042L 4037;fio - metal;100,37;5,02;331,00;0;;;2;;FALSO;FALSO;0;
6420;2139;22;RX 6327L 2815;fio - metal;106,49;5,32;355,00;0;;;2;;FALSO;FALSO;0;
6421;2140;22;RX 6335 2855;fio - metal;142,34;7,12;470,00;0;;;2;;FALSO;FALSO;0;
6422;2141;22;RX 6335 2620;fio - metal;142,34;7,12;470,00;0;;;2;;FALSO;FALSO;0;
6423;2142;22;RX 7035 5204;aro - acetato;158,27;7,91;525,00;0;;;2;;FALSO;FALSO;0;
6424;2143;22;RX 5228 2126;aro - acetato;130,65;6,53;431,00;0;;;2;;FALSO;FALSO;0;
6425;2144;22;RB 6049L 2500;aro - metal;160,32;8,02;440,00;0;;;2;;FALSO;FALSO;0;
6426;2145;22;RX 6313L 2827;fio - metal;0,00;0,00;290,00;0;;;2;;FALSO;FALSO;0;
6427;2146;22;RX 7045L 5484;aro - acetato;124,04;6,20;410,00;0;;;2;;FALSO;FALSO;0;
6428;2147;22;RX 6284 2758;aro - metal;142,34;7,12;469,00;0;;;2;;FALSO;FALSO;0;
6429;2148;22;RY 1040L 4032;aro - metal;;2,51;331,00;0;;;2;;FALSO;FALSO;0;
6430;2149;22;RY;;0,00;0,00;0,00;0;;;2;;FALSO;FALSO;0;
6431;2150;22;RY 1043 4008;aro - metal;;2,28;300,00;0;;;2;;FALSO;FALSO;0;
6432;2151;22;RX 7061L 5413;aro - acetato;;2,66;355,00;0;;;2;;FALSO;FALSO;0;
6433;2152;22;RX 6285 2502;fio - metal;;3,56;469,00;0;;;2;;FALSO;FALSO;0;
6434;2153;22;RX 6315L 2830;fio - metal;;2,66;355,00;0;;;2;;FALSO;FALSO;0;
6436;2154;22;RX 5154 2000;aro - acetato;;3,64;480,00;0;;;2;;FALSO;FALSO;0;
6437;2155;22;RX 7035;aro - acetato;0,00;0,00;430,00;0;;;2;;FALSO;FALSO;0;
6438;2156;22;RX 7035 5206;aro - acetato;;3,96;525,00;0;;;2;;FALSO;FALSO;0;
6439;2157;22;RX 7025 2000;aro - acetato;;3,27;435,00;0;;;2;;FALSO;FALSO;0;
6440;2158;22;RX 6315L 2829;aro - acetato;;2,66;355,00;0;;;2;;FALSO;FALSO;0;
6441;2159;22;RX 7036 5439;aro - acetato;;3,96;525,00;0;;;2;;FALSO;FALSO;0;
6442;2160;22;RX 2180V 5495;aro - acetato;;3,27;431,00;0;;;2;;FALSO;FALSO;0;
6443;2161;22;RX 7044L 2301;aro - acetato;;3,60;475,00;0;;;2;;FALSO;FALSO;0;
6444;2162;22;RX 5154M 5561;aro - metal;;10,92;480,00;0;;;2;;FALSO;FALSO;0;
6445;2163;22;RX 6327L 2813;Fio de Nylon;;2,66;355,00;0;;;2;;FALSO;FALSO;0;
6446;2164;22;RX 5154 2372;aro - metal;;3,64;480,00;0;;;2;;FALSO;FALSO;0;
6447;2165;22;RX 5154M 5559;aro - metal;;3,64;480,00;2;;;2;;FALSO;FALSO;0;
6448;2166;22;RX 6335 2503;aro - metal;;3,56;470,00;0;;;2;;FALSO;FALSO;0;
6450;2167;22;RX 6294L 2553;Fio de Nylon;;2,66;355,00;0;;;2;;FALSO;FALSO;0;
6451;2168;22;RX 7045L 5486;aro - acetato;;3,10;410,00;0;;;2;;FALSO;FALSO;0;
6452;2169;22;RX 7031 5400;aro - acetato;;4,33;575,00;0;;;2;;FALSO;FALSO;0;
6453;2170;22;RX 6316L 2595;aro - metal;;2,66;355,00;0;;;2;;FALSO;FALSO;0;
6454;2171;22;RX 7020L 5200;aro - acetato;;2,66;355,00;0;;;2;;FALSO;FALSO;0;
6456;2172;22;RX 7040L 5413;aro - acetato;106,49;5,32;355,00;0;;;2;;FALSO;FALSO;0;
6457;2173;22;RX 7045L 5485;aro - acetato;124,04;6,20;410,00;0;;;2;;FALSO;FALSO;0;
6458;2174;22;RX 7044L 5475;aro - acetato;143,92;7,20;475,00;0;;;2;;FALSO;FALSO;0;
6459;2175;22;RX 5298 2012;aro - acetato;130,65;6,53;431,00;0;;;2;;FALSO;FALSO;1126;
6460;2176;22;RX 7027L 2301;aro - acetato;106,49;5,32;355,00;0;;;2;;FALSO;FALSO;0;
6461;2177;22;RX 6285 2758;fio - metal;142,34;7,12;470,00;0;;;2;;FALSO;FALSO;0;
6462;2178;22;RX 7047 5483;aro - acetato;130,65;6,53;380,00;0;;;2;;FALSO;FALSO;0;
6463;2179;22;RX 7044L 5476;aro - acetato;143,92;7,20;475,00;0;;;2;;FALSO;FALSO;0;
6464;2180;22;RX 6316L 2827;fio - metal;106,49;5,32;355,00;0;;;2;;FALSO;FALSO;0;
6466;2181;22;RX 6249L 2813;;0,00;0,00;351,00;0;;;2;;FALSO;FALSO;0;
6468;2182;22;RY 1536 3599;aro - acetato;0,00;0,00;300,00;0;;;2;;FALSO;FALSO;0;
6469;3405;36;BC 145;aro - acetato;;0,00;305,00;0;;;2;;FALSO;FALSO;0;
6470;3406;36;SH 2179;aro - acetato;;0,00;290,00;0;;;2;;FALSO;FALSO;0;
6472;3407;36;DF 6009;aro - acetato;;0,00;320,00;0;;;2;;FALSO;FALSO;0;
6473;3408;36;DY 1134;aro - acetato;;0,00;300,00;0;;;2;;FALSO;FALSO;0;
6474;3409;36;DI 858;aro - acetato;;0,00;300,00;0;;;2;;FALSO;FALSO;1125;
6475;3410;36;061106;aro - acetato;0,00;0,00;300,00;0;;;2;;FALSO;FALSO;0;
6476;3411;36;BC-152;aro - acetato;;0,00;300,00;0;;;2;;FALSO;FALSO;1127;
6478;3412;36;DF 6014;aro - acetato;;0,00;295,00;0;;;2;;FALSO;FALSO;0;
6479;3413;36;DI 870;aro - acetato;;0,00;300,00;0;;;2;;FALSO;FALSO;0;
6480;5175;132;6454;fio - metal;;0,00;290,00;0;;;2;;FALSO;FALSO;0;
6481;3414;36;BC-153;aro - acetato;;0,00;320,00;0;;;2;;FALSO;FALSO;0;
6482;3415;36;DI 867;aro - acetato;;0,00;290,00;0;;;2;;FALSO;FALSO;0;
6483;3416;36;061701;aro - acetato;;0,00;300,00;0;;;2;;FALSO;FALSO;0;
6484;3417;36;DI 870;aro - acetato;0,00;0,00;300,00;0;;;2;;FALSO;FALSO;0;
6486;3418;36;BC-156;aro - acetato;;0,00;300,00;0;;;2;;FALSO;FALSO;1132;
6487;3419;36;DY 1134;aro - acetato;0,00;0,00;300,00;-4;;;2;;FALSO;FALSO;0;
6488;3420;36;DF 6014;aro - acetato;;0,00;300,00;0;;;2;;FALSO;FALSO;0;
6489;3421;36;TR 8179;aro - acetato;;0,00;300,00;0;;;2;;FALSO;FALSO;0;
6490;3422;36;BC-132;aro - acetato;;0,00;300,00;0;;;2;;FALSO;FALSO;0;
6491;3423;36;TR 8179;aro - acetato;;0,00;315,00;-1;;;2;;FALSO;FALSO;0;
6492;3424;36;BC-150;aro - acetato;;0,00;300,00;0;;;2;;FALSO;FALSO;0;
6493;3425;36;BC-154;aro - acetato;;0,00;300,00;0;;;2;;FALSO;FALSO;0;
6494;3426;36;BC-150;aro - acetato;;0,00;320,00;0;;;2;;FALSO;FALSO;0;
6495;3427;36;BC-129;aro - acetato;;0,00;320,00;0;;;2;;FALSO;FALSO;0;
6496;3428;36;DF 6009;aro - acetato;0,00;0,00;320,00;0;;;2;;FALSO;FALSO;0;
6497;3429;36;DI 870;aro - acetato;;0,00;320,00;0;;;2;;FALSO;FALSO;0;
6498;3430;36;219 51;aro - acetato;;0,00;320,00;0;;;2;;FALSO;FALSO;0;
6500;3431;36;6406 53;aro - acetato;;0,00;320,00;0;;;2;;FALSO;FALSO;0;
6501;3432;36;OA 8017;aro - acetato;0,00;0,00;320,00;0;;;2;;FALSO;FALSO;0;
6502;3433;36;BC;;0,00;0,00;0,00;0;;;2;;FALSO;FALSO;0;
6503;3434;36;X 120;aro - metal;0,00;0,00;270,00;0;;;2;;FALSO;FALSO;0;
6504;3435;36;OA 8003;aro - acetato;0,00;0,00;305,00;0;;;2;;FALSO;FALSO;0;
6505;3436;36;BC 153;aro - acetato;0,00;0,00;280,00;0;;;2;;FALSO;FALSO;0;
6506;2183;22;RY 1037 4008;aro - metal;91,11;4,56;300,00;0;;;2;;FALSO;FALSO;0;
6507;2184;22;RY 1536 3602;aro - acetato;91,11;4,56;300,00;0;;;2;;FALSO;FALSO;0;
6508;2185;22;RY 1535 3601;aro - acetato;91,11;3,64;300,00;0;;;2;;FALSO;FALSO;0;
6509;2186;22;RY 1546 3435;aro - acetato;91,11;4,56;300,00;0;;;2;;FALSO;FALSO;0;
6510;2187;22;RX 8901 5263;aro - acetato;166,78;8,34;500,00;0;;;2;;FALSO;FALSO;0;
6511;2188;22;RX 5228 5544;aro - acetato;130,65;6,53;431,00;0;;;2;;FALSO;FALSO;0;
6512;2189;22;RX 6335 2758;fio - metal;142,34;7,12;469,00;0;;;2;;FALSO;FALSO;0;
6513;613;15;GU 2494 069;aro - acetato;141,13;7,06;423,00;0;;;2;;FALSO;FALSO;0;
6514;614;15;GU 2493 069;Aro Fechado;168,55;8,43;505,00;0;;;2;;FALSO;FALSO;0;
6515;615;15;GU 2493 001;Aro Fechado;168,55;8,43;505,00;0;;;2;;FALSO;FALSO;0;
6516;616;15;GU 2499 076;aro - metal;141,13;7,06;423,00;0;;;2;;FALSO;FALSO;0;
6517;617;15;GU 2465 BRN;aro - acetato;0,00;0,00;446,00;0;;;2;;FALSO;FALSO;1124;
6518;618;15;GU 2465 RD;aro - acetato;148,97;7,45;446,00;0;;;2;;FALSO;FALSO;0;
6519;619;15;GU 2461 PNK;aro - acetato;156,83;7,84;470,00;0;;;2;;FALSO;FALSO;0;
6520;620;15;GU 2461 BL;aro - acetato;156,83;7,84;470,00;1;;;2;;FALSO;FALSO;0;
6521;621;15;GU 2427 PURTO;aro - acetato;156,83;7,84;470,00;0;;;2;;FALSO;FALSO;0;
6522;622;15;GU 2462 BL;aro - acetato;156,83;7,84;470,00;-1;;;2;;FALSO;FALSO;0;
6523;623;15;GU 2509 048;aro - acetato;129,34;6,47;388,00;0;;;2;;FALSO;FALSO;0;
6524;624;15;GU 2495 052;aro - acetato;113,70;5,69;341,00;0;;;2;;FALSO;FALSO;0;
6525;625;15;GU 1858 001;aro - acetato;156,83;7,84;470,00;0;;;2;;FALSO;FALSO;0;
6526;626;15;GU 2487 003;aro - acetato;141,13;7,08;423,00;0;;;2;;FALSO;FALSO;1130;
6527;627;15;GU 2505 001;aro - acetato;141,13;7,06;423,00;0;;;2;;FALSO;FALSO;0;
6528;628;15;GU 2414 TO;aro - acetato;168,55;8,43;505,00;0;;;2;;FALSO;FALSO;0;
6529;629;15;GU 2487 081;aro - acetato;141,13;7,06;423,00;0;;;2;;FALSO;FALSO;0;
6530;630;15;GU 2491 052;aro - acetato;156,83;7,84;470,00;0;;;2;;FALSO;FALSO;0;
6531;631;15;GU 2509 081;aro - acetato;;3,24;388,00;0;;;2;;FALSO;FALSO;0;
6532;632;15;GU 2487 096;aro - acetato;141,13;7,06;423,00;0;;;2;;FALSO;FALSO;0;
6533;5546;165;MCR 2315 016;aro - acetato;0,00;0,00;390,00;-1;;;2;;FALSO;FALSO;0;
6534;5547;165;MCR 2315 013;aro - acetato;0,00;0,00;390,00;0;;;2;;FALSO;FALSO;0;
6535;5548;165;MCR 2316 001;aro - acetato;0,00;0,00;390,00;0;;;2;;FALSO;FALSO;0;
6536;5549;165;MCR 2316 002;aro - acetato;0,00;0,00;390,00;0;;;2;;FALSO;FALSO;0;
6538;6314;272;DVRM 1041 004;aro - acetato;0,00;0,00;390,00;0;;;2;;FALSO;FALSO;0;
6539;2190;22;RX 5246 5092;aro - acetato;0,00;0,00;371,00;0;;;2;;FALSO;FALSO;0;
6540;2191;22;RY 1542L 3626;aro - acetato;0,00;0,00;331,00;0;;;2;;FALSO;FALSO;0;
6541;2192;22;RX 5279 5540;aro - acetato;0,00;0,00;431,00;0;;;2;;FALSO;FALSO;0;
6542;2193;22;RX 5298 5550;aro - acetato;0,00;0,00;431,00;0;;;2;;FALSO;FALSO;0;
6543;2194;22;RX 6317 2832;aro - metal;0,00;0,00;480,00;0;;;2;;FALSO;FALSO;0;
6544;2195;22;RX 5255 5075;aro - acetato;0,00;0,00;431,00;0;;;2;;FALSO;FALSO;0;
6545;2196;22;RX 7029 5197;aro - acetato;0,00;0,00;431,00;0;;;2;;FALSO;FALSO;0;
6546;2197;22;RX 8901 5262;aro - acetato;0,00;0,00;550,00;0;;;2;;FALSO;FALSO;0;
6547;2198;22;RX 7023 2012;aro - acetato;0,00;0,00;431,00;0;;;2;;FALSO;FALSO;0;
6548;2199;22;RX 5317 2000;aro - metal;0,00;0,00;480,00;0;;;2;;FALSO;FALSO;0;
6549;3437;36;DI 853;;0,00;0,00;0,00;0;;;2;;FALSO;FALSO;0;
6550;633;15;GU 2462 BRN;aro - acetato;156,83;7,84;470,00;1;;;2;;FALSO;FALSO;0;
6551;634;15;GU 2466 BRN;aro - acetato;156,28;7,81;470,00;-1;;;2;;FALSO;FALSO;0;
6552;635;15;GU 2463 BURD;aro - acetato;0,00;0,00;470,00;0;;;2;;FALSO;FALSO;0;
6553;3438;36;SH 2065;aro - metal;0,00;0,00;290,00;0;;;2;;FALSO;FALSO;0;
6554;2200;22;RX 5279 5542;aro - acetato;0,00;0,00;391,00;0;;;2;;FALSO;FALSO;0;
6555;2201;22;RX 6317 2833;aro - metal;0,00;0,00;480,00;0;;;2;;FALSO;FALSO;0;
6556;2202;22;RY 1531 3592;aro - acetato;91,11;4,56;300,00;0;;;2;;FALSO;FALSO;0;
6557;2203;22;RX 5228 5545;aro - acetato;0,00;0,00;431,00;0;;;2;;FALSO;FALSO;0;
6558;2204;22;RX 5228 5546;aro - acetato;0,00;0,00;431,00;0;;;2;;FALSO;FALSO;0;
6559;2205;22;RX 7029 5200;aro - acetato;0,00;0,00;431,00;0;;;2;;FALSO;FALSO;0;
6560;2206;22;RX 7017 5200;aro - acetato;0,00;0,00;431,00;0;;;2;;FALSO;FALSO;0;
6561;2207;22;RX 6316L 2831;fio - metal;0,00;0,00;351,00;0;;;2;;FALSO;FALSO;0;
6562;2208;22;RY 5154 5494;aro - metal;0,00;0,00;480,00;0;;;2;;FALSO;FALSO;0;
6563;2209;22;RY 2447-V 5494;aro - acetato;145,53;7,28;480,00;0;;;2;;FALSO;FALSO;0;
6564;5176;132;B88-314;aro - metal;;0,00;340,00;0;;;2;;FALSO;FALSO;0;
6565;5177;132;B88-61;aro - metal;;0,00;340,00;0;;;1;;FALSO;FALSO;0;
6566;5178;132;B88-315;aro - metal;;0,00;340,00;0;;;1;;FALSO;FALSO;0;
6567;5179;132;B88-52;aro - metal;;0,00;340,00;0;;;2;;FALSO;FALSO;0;
6568;5180;132;B2013-155;aro - metal;;0,00;340,00;0;;;1;;FALSO;FALSO;0;
6569;5181;132;98-3001;aro - metal;;0,00;320,00;0;;;1;;FALSO;FALSO;0;
6570;5182;132;B88-312;aro - metal;;0,00;340,00;0;;;1;;FALSO;FALSO;0;
6571;5183;132;B88-66;aro - metal;;0,00;340,00;0;;;1;;FALSO;FALSO;0;
6572;5184;132;3026;aro - metal;0,00;0,00;290,00;0;;;1;;FALSO;FALSO;0;
6573;5185;132;YC 3083;aro - metal;0,00;0,00;340,00;0;;;1;;FALSO;FALSO;0;
6574;5186;132;SOLAR;aro - metal;0,00;0,00;290,00;0;;;1;;FALSO;FALSO;0;
6575;5187;132;B2013-199;aro - metal;0,00;0,00;340,00;0;;;1;;FALSO;FALSO;0;
6576;5188;132;B88-242;aro - metal;0,00;0,00;340,00;0;;;1;;FALSO;FALSO;0;
6577;5189;132;B88-112;aro - metal;0,00;0,00;340,00;0;;;1;;FALSO;FALSO;0;
6578;5190;132;B88-243;aro - metal;0,00;0,00;340,00;0;;;1;;FALSO;FALSO;0;
6579;5191;132;B2013-191;aro - metal;0,00;0,00;340,00;0;;;1;;FALSO;FALSO;0;
6580;5192;132;B88-257;aro - metal;0,00;0,00;340,00;0;;;2;;FALSO;FALSO;0;
6581;5193;132;B88-246;aro - metal;0,00;0,00;340,00;0;;;2;;FALSO;FALSO;0;
6582;5194;132;H01334;aro - metal;0,00;0,00;340,00;0;;;2;;FALSO;FALSO;0;
6583;636;15;GU 2499 046;aro - metal;0,00;0,00;423,00;0;;;2;;FALSO;FALSO;0;
6584;637;15;GU 2491 001;aro - acetato;0,00;0,00;470,00;0;;;2;;FALSO;FALSO;0;
6585;638;15;GU 2491 066;aro - acetato;0,00;0,00;470,00;0;;;2;;FALSO;FALSO;0;
6586;639;15;GU 2463 TO;aro - acetato;0,00;0,00;468,00;0;;;2;;FALSO;FALSO;0;
6587;640;15;GU 2428 PKTO;aro - acetato;0,00;0,00;470,00;0;;;2;;FALSO;FALSO;0;
6588;641;15;GU 2500 001;aro - acetato;0,00;0,00;423,00;0;;;2;;FALSO;FALSO;0;
6589;642;15;GU 2492 001;aro - acetato;0,00;0,00;470,00;0;;;2;;FALSO;FALSO;0;
6590;2210;22;RY 1543L 3624;aro - acetato;0,00;0,00;331,00;0;;;2;;FALSO;FALSO;0;
6591;2211;22;RY 1038L 4026;aro - metal;100,37;5,02;331,00;0;;;2;;FALSO;FALSO;0;
6592;2212;22;RY 1543L 3622;aro - acetato;0,00;0,00;331,00;0;;;2;;FALSO;FALSO;0;
6593;2213;22;RY 5287 2012;aro - acetato;0,00;0,00;431,00;0;;;2;;FALSO;FALSO;0;
6594;2214;22;RX 6301L 2730;fio - metal;0,00;0,00;351,00;0;;;2;;FALSO;FALSO;0;
6595;1098;16;M.93 407;aro - metal;109,57;5,48;399,00;-1;;;2;;FALSO;FALSO;0;
6596;1099;16;M.93 405;aro - metal;109,57;5,48;399,00;0;;;2;;FALSO;FALSO;0;
6597;1100;16;M.93 024;aro - acetato;84,56;4,23;349,00;0;;;2;;FALSO;FALSO;0;
6598;1101;16;M.93 104;aro - acetato;84,00;4,23;380,00;0;;;2;;FALSO;FALSO;0;
6599;1102;16;M.0805;fio - acetato;0,00;0,00;350,00;0;;;2;;FALSO;FALSO;0;
6600;1103;16;M.93 101;fio - acetato;84,56;4,23;349,00;-1;;;2;;FALSO;FALSO;0;
6601;1104;16;M.93 106;aro - acetato;84,56;4,23;349,00;0;;;2;;FALSO;FALSO;0;
6602;1105;16;M.93108 52;aro - acetato;84,56;4,23;380,00;1;;;2;;FALSO;FALSO;1131;
6603;1106;16;M.93 023;aro - acetato;84,56;4,23;349,00;0;;;2;;FALSO;FALSO;0;
6604;1107;16;M.93 024;aro - acetato;0,00;0,00;349,00;-1;;;2;;FALSO;FALSO;0;
6605;1108;16;M.93 021;;84,56;4,23;349,00;0;;;2;;FALSO;FALSO;0;
6606;2215;22;RB 6301L 2620 54;fio - metal;106,49;5,32;450,00;0;;;2;;FALSO;FALSO;0;
6607;2216;22;RB 7027L 2000 56;aro - acetato;106,49;5,32;420,00;0;;;2;;FALSO;FALSO;0;
6608;2217;22;RB 7047 5451 54;aro - acetato;130,65;6,53;431,00;0;;;2;;FALSO;FALSO;0;
6610;2218;22;RB 7049 5204 56;aro - acetato;158,27;7,91;525,00;0;;;2;;FALSO;FALSO;0;
6611;1526;19;OO9102L-01 55;aro - acetato;172,04;25,81;568,00;0;;;1;;FALSO;FALSO;0;
6612;643;15;GU 2494 001;aro - acetato;0,00;0,00;423,00;0;;;2;;FALSO;FALSO;0;
6613;644;15;GU 2498 005;aro - metal;0,00;0,00;423,00;0;;;2;;FALSO;FALSO;0;
6614;645;15;GU 2492 052;aro - acetato;0,00;0,00;470,00;0;;;2;;FALSO;FALSO;0;
6615;646;15;GU 1846 DKBRN;aro - acetato;0,00;0,00;505,00;0;;;2;;FALSO;FALSO;0;
6616;647;15;GU 2492 081;aro - acetato;0,00;0,00;470,00;0;;;2;;FALSO;FALSO;0;
6617;648;15;GU 2428 PNK;aro - acetato;0,00;0,00;470,00;1;;;2;;FALSO;FALSO;0;
6618;649;15;GU 2494 090;aro - acetato;0,00;0,00;425,00;1;;;2;;FALSO;FALSO;0;
6619;650;15;GU 2488 003;aro - acetato;0,00;0,00;423,00;0;;;2;;FALSO;FALSO;0;
6620;651;15;GU 2493 056;aro - metal;0,00;0,00;505,00;0;;;2;;FALSO;FALSO;0;
6621;652;15;GU 2427 PKTO;aro - acetato;0,00;0,00;470,00;0;;;2;;FALSO;FALSO;0;
6622;5195;132;HP 7016;1;0,00;0,00;260,00;0;;;2;;FALSO;FALSO;0;
6623;6270;261;BT-2280;aro - metal;0,00;0,00;200,00;0;;;2;;FALSO;FALSO;0;
6624;2219;22;RJ 9529S 200/71;aro - metal;0,00;0,00;290,00;0;;;1;;FALSO;FALSO;0;
6625;2220;22;RJ 9052S 152/73;aro - acetato;0,00;0,00;290,00;0;;;1;;FALSO;FALSO;0;
6626;2221;22;RJ 9055S 194/71;aro - acetato;0,00;0,00;290,00;0;;;1;;FALSO;FALSO;0;
6627;2222;22;RB 3025L 001/51 62;aro - metal;;0,00;790,00;0;;;1;;FALSO;FALSO;0;
6628;653;15;GU 1843 BLK;aro - acetato;156,83;7,84;495,00;0;;;2;;FALSO;FALSO;0;
6629;5196;132;6391;fio - metal;0,00;0,00;290,00;0;;;2;;FALSO;FALSO;0;
6630;5197;132;JR 52003;fio - metal;0,00;0,00;315,00;0;;;2;;FALSO;FALSO;0;
6631;5198;132;T3161;fio - metal;0,00;0,00;290,00;0;;;2;;FALSO;FALSO;0;
6632;5199;132;6389;aro - metal;0,00;0,00;290,00;0;;;2;;FALSO;FALSO;0;
6633;5200;132;58518-2;aro - acetato;0,00;0,00;290,00;0;;;2;;FALSO;FALSO;0;
6634;5201;132;DF 6030;aro - acetato;0,00;0,00;290,00;0;;;2;;FALSO;FALSO;0;
6635;5202;132;MM-BQ1412P;aro - acetato;0,00;0,00;290,00;0;;;2;;FALSO;FALSO;0;
6636;5203;132;PC8406;aro - acetato;0,00;0,00;290,00;0;;;2;;FALSO;FALSO;0;
6637;5204;132;YC5010;aro - acetato;0,00;0,00;315,00;0;;;2;;FALSO;FALSO;0;
6638;5205;132;TR8193;aro - acetato;0,00;0,00;315,00;0;;;2;;FALSO;FALSO;0;
6639;5206;132;HY9017;aro - acetato;0,00;0,00;315,00;0;;;2;;FALSO;FALSO;0;
6640;5207;132;D1873;aro - acetato;0,00;0,00;315,00;0;;;2;;FALSO;FALSO;0;
6641;5208;132;7F47;aro - acetato;0,00;0,00;290,00;0;;;2;;FALSO;FALSO;0;
6643;1527;19;ENDURO OO9223-13;aro - acetato;0,00;0,00;590,00;0;;;1;;FALSO;FALSO;0;
6644;6271;261;5135 53;fio - metal;;0,00;400,00;0;;;2;;FALSO;FALSO;0;
6645;4743;128;DAGAS 1.60;;0,00;0,00;237,00;0;;;3;;FALSO;FALSO;0;\\TATI\Programa\FOTOS\DAGAS 1.60.jpg
6646;6272;261;DZ 9204;fio - metal;;0,00;130,00;0;;;2;;FALSO;FALSO;0;
6648;6273;261;KD1035 46;aro - metal;;0,00;130,00;1;;;2;;FALSO;FALSO;0;
6649;6274;261;G 1101;aro - metal;;0,00;180,00;0;;;2;;FALSO;FALSO;0;
6650;6275;261;YGJ 000263H;fio - metal;;0,00;150,00;0;;;2;;FALSO;FALSO;0;
6653;6276;261;YGJ 00122H;fio - metal;;0,00;150,00;0;;;2;;FALSO;FALSO;0;
6654;6277;261;5118140;fio - metal;;0,00;130,00;0;;;2;;FALSO;FALSO;0;
6655;6278;261;YGJ 00170H;fio - metal;0,00;0,00;150,00;0;;;2;;FALSO;FALSO;0;
6656;2223;22;RB 3025 112/93;aro - metal;;0,00;890,00;1;;;1;;FALSO;FALSO;0;
6657;2224;22;RB 3520L 029/8G;aro - metal;;0,00;350,00;0;;;1;;FALSO;FALSO;0;
6658;2225;22;RB 3518L 001/13;aro - metal;0,00;0,00;350,00;0;;;1;;FALSO;FALSO;0;
6659;2226;22;RB 3454L 001/13;aro - metal;;0,00;350,00;0;;;1;;FALSO;FALSO;0;
6660;2227;22;RB 3454L 002/71;aro - metal;;0,00;350,00;0;;;1;;FALSO;FALSO;0;
6661;2228;22;RB 3520L 112/13;aro - metal;;0,00;350,00;0;;;1;;FALSO;FALSO;0;
6663;6315;273;OX531 R81;aro - metal;;0,00;350,00;0;;;1;;FALSO;FALSO;0;
6664;6316;273;OX552 AOZ;aro - metal;;0,00;390,00;1;;;2;;FALSO;FALSO;0;
6665;6317;273;OX531 003;aro - metal;;0,00;350,00;0;;;2;;FALSO;FALSO;0;
6666;6318;273;OX545 6J6;aro - acetato;;0,00;350,00;0;;;2;;FALSO;FALSO;0;
6667;6319;273;OX545;aro - acetato;;0,00;350,00;0;;;2;;FALSO;FALSO;0;
6668;6320;273;OX535 I4J 145;aro - acetato;;0,00;350,00;0;;;2;;FALSO;FALSO;0;
6669;6321;273;OX545 2MH;aro - acetato;;0,00;350,00;0;;;2;;FALSO;FALSO;0;
6670;5821;196;OX527 F33;aro - acetato;;0,00;350,00;0;;;2;;FALSO;FALSO;0;
6671;6322;273;OX 1050/S;aro - acetato;;0,00;399,00;0;;;1;;FALSO;FALSO;0;
6672;6323;273;OX 1074/S;aro - acetato;;0,00;399,00;0;;;1;;FALSO;FALSO;0;
6673;6324;273;OX 1082/S;aro - metal;;0,00;380,00;0;;;1;;FALSO;FALSO;0;
6674;6325;273;OX 1074/S 807N3;aro - acetato;;0,00;399,00;0;;;1;;FALSO;FALSO;0;
6675;6326;273;OX 1078/S RMGHD;aro - acetato;;0,00;399,00;0;;;1;;FALSO;FALSO;0;
6676;654;15;GU 2293 52 TOCRM;aro - acetato;;0,00;470,00;0;;;2;;FALSO;FALSO;0;
6678;1528;19;TWO FACE 009189-01;aro - acetato;0,00;0,00;630,00;0;;;2;;FALSO;FALSO;0;
6679;1529;19;SLIVER OO9262L-10;aro - acetato;0,00;0,00;590,00;0;;;1;;FALSO;FALSO;0;
6680;1530;19;SLIVER OO9262-12;aro - acetato;0,00;0,00;510,00;0;;;1;;FALSO;FALSO;0;
6681;1531;19;SLIVER 009262L-05;aro - acetato;0,00;0,00;470,00;0;;;1;;FALSO;FALSO;0;
6682;1532;19;HOLBROOK OO9102-26;aro - acetato;0,00;0,00;480,00;0;;;1;;FALSO;FALSO;0;
6683;1533;19;HOLBROOK OO9102L-36;aro - acetato;0,00;0,00;510,00;0;;;1;;FALSO;FALSO;0;
6684;1534;19;TURBINE OO9263-09;aro - acetato;0,00;0,00;620,00;0;;;1;;FALSO;FALSO;0;
6685;1535;19;HOLBROOK OO9102-47;aro - acetato;0,00;0,00;470,00;0;;;1;;FALSO;FALSO;0;
6686;1536;19;GARAGE ROCK OO9175L-07;aro - acetato;0,00;0,00;570,00;0;;;1;;FALSO;FALSO;0;
6687;1537;19;HOLBROOK OO9102-90;aro - acetato;0,00;0,00;560,00;0;;;1;;FALSO;FALSO;0;
6688;1538;19;HOLBROOK OO9102L-02;aro - acetato;0,00;0,00;560,00;0;;;1;;FALSO;FALSO;0;
6689;1539;19;SLIVER OO9262L-07;aro - acetato;0,00;0,00;610,00;0;;;2;;FALSO;FALSO;0;
6690;1540;19;TURBINE OO9263-01;aro - acetato;0,00;0,00;530,00;0;;;1;;FALSO;FALSO;0;
6691;1541;19;TWO FACE OO9189-01;aro - acetato;0,00;0,00;640,00;0;;;2;;FALSO;FALSO;0;
6692;1542;19;TURBINE OO9263-08;aro - acetato;0,00;0,00;610,00;0;;;1;;FALSO;FALSO;0;
6693;1543;19;GARAGE ROCK OO9175L-04;aro - acetato;0,00;0,00;505,00;0;;;1;;FALSO;FALSO;0;
6694;1544;19;GARAGE ROCK OO9175-34;aro - metal;0,00;0,00;470,00;0;;;1;;FALSO;FALSO;0;
6696;1545;19;ox1074 0653;aro - acetato;132,14;6,61;470,00;0;;;2;;FALSO;FALSO;0;
6698;1546;19;ox1098 0553;aro - acetato;129,33;6,47;460,00;0;;;2;;FALSO;FALSO;0;
6699;1547;19;ox1126 0454;aro - acetato;146,19;7,31;520,00;0;;;2;;FALSO;FALSO;1137;
6700;1548;19;ox1127 0652;aro - acetato;160,25;8,01;570,00;0;;;2;;FALSO;FALSO;0;
6701;1549;19;ox3184 0152;fio - metal;219,30;10,97;790,00;0;;;2;;FALSO;FALSO;0;
6702;1550;19;ox3184 0252;aro - metal;219,30;10,97;790,00;0;;;2;;FALSO;FALSO;0;
6703;1551;19;ox3186 0154;aro - metal;118,07;5,90;460,00;0;;;2;;FALSO;FALSO;0;
6704;1552;19;ox3186 0254;aro - metal;118,07;5,90;460,00;0;;;2;;FALSO;FALSO;0;
6705;1553;19;ox3186 0354;aro - metal;118,07;5,90;460,00;0;;;2;;FALSO;FALSO;0;
6706;1554;19;ox3186 0554;aro - metal;118,07;5,90;460,00;0;;;2;;FALSO;FALSO;0;
6707;1555;19;ox3187 0153;fio - metal;118,07;5,90;460,00;0;;;2;;FALSO;FALSO;0;
6708;1556;19;ox3187 0553;fio - metal;118,07;5,90;460,00;0;;;2;;FALSO;FALSO;0;
6709;1557;19;ox5094 0152;aro - metal;303,62;15,18;1.062,00;0;;;2;;FALSO;FALSO;0;
6710;1558;19;ox5094 0252;aro - metal;303,62;15,18;1.062,00;0;;;2;;FALSO;FALSO;0;
6711;1559;19;ox5099 0153;fio - metal;275,52;13,78;980,00;0;;;2;;FALSO;FALSO;0;
6712;1560;19;ox5099 0253;fio - metal;275,52;13,78;980,00;0;;;2;;FALSO;FALSO;0;
6713;1561;19;ox5100 0152;aro - metal;202,41;10,12;720,00;0;;;2;;FALSO;FALSO;0;
6714;1562;19;ox5101 0253;fio - metal;202,41;10,12;720,00;0;;;2;;FALSO;FALSO;0;
6715;1563;19;ox5101 0153;fio - metal;202,41;10,12;710,00;0;;;2;;FALSO;FALSO;0;
6716;1564;19;ox8038 0152;aro - acetato;174,29;8,71;620,00;0;;;2;;FALSO;FALSO;0;
6717;1565;19;ox8038 0252;aro - acetato;174,29;8,71;620,00;0;;;2;;FALSO;FALSO;0;
6718;1566;19;ox8046l 0253;aro - acetato;130,07;6,50;420,00;0;;;2;;FALSO;FALSO;0;
6719;1567;19;ox8046l 0453;aro - acetato;130,07;6,50;420,00;0;;;2;;FALSO;FALSO;0;
6720;1568;19;ox8049 0255 VOLTAGE;aro - acetato;131,85;6,59;470,00;0;;;2;;FALSO;FALSO;0;
6721;1569;19;ox8050 0153;aro - acetato;188,37;9,42;680,00;0;;;2;;FALSO;FALSO;0;
6722;1570;19;OX8069 0653 FENCELINE;aro - acetato;118,07;5,90;570,00;1;;;2;;FALSO;FALSO;0;
6724;1571;19;TWO FACE OO9189-05;aro - acetato;0,00;0,00;530,00;0;;;2;;FALSO;FALSO;0;
6725;1572;19;JUPITER SQUARED OO9135-07;aro - acetato;0,00;0,00;550,00;0;;;1;;FALSO;FALSO;0;
6726;1573;19;CHAINLINK OO9247-09;aro - acetato;0,00;0,00;610,00;0;;;1;;FALSO;FALSO;0;
6727;1574;19;CHAINLINK OO9247-01;aro - acetato;0,00;0,00;530,00;0;;;1;;FALSO;FALSO;0;
6728;1575;19;BADMAN OO6020-07;aro - metal;0,00;0,00;1.650,00;0;;;1;;FALSO;FALSO;0;
6729;1576;19;TAILHOOK OO4087-05;fio - metal;0,00;0,00;760,00;0;;;1;;FALSO;FALSO;0;
6730;1577;19;TALPIN OO4086-04;fio - metal;0,00;0,00;760,00;0;;;1;;FALSO;FALSO;0;
6731;1578;19;TINKAN OO4082-09;aro - metal;0,00;0,00;750,00;0;;;1;;FALSO;FALSO;0;
6732;1579;19;JUPITER SQUARED OO9135-09;aro - acetato;0,00;0,00;580,00;0;;;1;;FALSO;FALSO;0;
6733;1580;19;JUPITER SQUARED OO9135-01;aro - acetato;0,00;0,00;470,00;0;;;1;;FALSO;FALSO;0;
6734;1581;19;SLIVER OO9262L-09;aro - acetato;0,00;0,00;590,00;0;;;1;;FALSO;FALSO;0;
6735;1582;19;TURBINE OO9263-06;aro - acetato;0,00;0,00;650,00;0;;;1;;FALSO;FALSO;0;
6736;1583;19;CHAINLINK OO9247-13;aro - acetato;0,00;0,00;550,00;0;;;1;;FALSO;FALSO;0;
6737;1584;19;FROGSKINS OO9013-24-297;aro - acetato;0,00;0,00;470,00;0;;;1;;FALSO;FALSO;0;
6738;1585;19;ox 8026-1254;aro - acetato;0,00;0,00;511,00;0;;;2;;FALSO;FALSO;0;
6739;1586;19;ox8026-1354;aro - acetato;0,00;0,00;520,00;0;;;2;;FALSO;FALSO;0;
6740;1587;19;ox1074-0153;aro - acetato;0,00;0,00;470,00;0;;;2;;FALSO;FALSO;0;
6741;1588;19;ox8034-0253;aro - acetato;0,00;0,00;620,00;0;;;2;;FALSO;FALSO;0;
6742;1589;19;ox8034-0153;aro - acetato;0,00;0,00;620,00;0;;;2;;FALSO;FALSO;0;
6743;1590;19;ox8034-0953;aro - acetato;0,00;0,00;620,00;0;;;2;;FALSO;FALSO;0;
6744;1591;19;ox8049-0153;aro - acetato;0,00;0,00;470,00;0;;;2;;FALSO;FALSO;0;
6745;1592;19;ox1127-0352;aro - acetato;0,00;0,00;570,00;0;;;2;;FALSO;FALSO;0;
6746;1593;19;ox1128-0252;aro - acetato;0,00;0,00;570,00;0;;;2;;FALSO;FALSO;0;
6747;1594;19;ox1098-0153;aro - acetato;0,00;0,00;460,00;0;;;2;;FALSO;FALSO;1135;
6748;1595;19;ox8040-0554;aro - acetato;0,00;0,00;510,00;-1;;;2;;FALSO;FALSO;0;
6750;5209;132;BC 8098 C5;aro - acetato;0,00;0,00;290,00;0;;;2;;FALSO;FALSO;0;
6751;5210;132;58518-6;aro - acetato;0,00;0,00;320,00;0;;;2;;FALSO;FALSO;0;
6752;5211;132;BC 3016 54;aro - acetato;0,00;0,00;320,00;0;;;2;;FALSO;FALSO;0;
6753;5212;132;MM-JB 1192P;aro - metal;0,00;0,00;290,00;0;;;2;;FALSO;FALSO;0;
6754;5213;132;7F53 52;aro - acetato;0,00;0,00;290,00;0;;;2;;FALSO;FALSO;0;
6755;5214;132;JCS 003;aro - metal;0,00;0,00;290,00;0;;;2;;FALSO;FALSO;0;
6756;5215;132;PB 8143 116-91;másc - acetato;0,00;0,00;290,00;0;;;1;;FALSO;FALSO;0;
6757;5216;132;MM-BQ1428S;aro - acetato;0,00;0,00;290,00;0;;;1;;FALSO;FALSO;0;
6758;5217;132;TF1198 C-2;aro - acetato;0,00;0,00;290,00;0;;;1;;FALSO;FALSO;0;
6759;5218;132;B 88-2007;aro - metal;0,00;0,00;290,00;0;;;1;;FALSO;FALSO;0;
6760;5219;132;98-3030;aro - metal;0,00;0,00;200,00;0;;;1;;FALSO;FALSO;0;
6761;5220;132;B 88-2015;aro - metal;0,00;0,00;290,00;0;;;1;;FALSO;FALSO;0;
6762;5221;132;PB 8209;aro - acetato;0,00;0,00;290,00;0;;;1;;FALSO;FALSO;0;
6763;1109;16;TEEN M.90 123;aro - acetato;0,00;0,00;0,00;0;;;2;;FALSO;FALSO;0;
6764;1110;16;TEEN M.90124;aro - acetato;0,00;0,00;0,00;0;;;1;;FALSO;FALSO;0;
6765;1111;16;M.90 123;aro - acetato;0,00;0,00;;0;;;1;;FALSO;FALSO;0;
6766;1112;16;TEEN LAND SHARK II;aro - acetato;0,00;0,00;0,00;0;;;2;;FALSO;FALSO;0;
6767;1113;16;TEEN H-BOMB;aro - acetato;0,00;0,00;0,00;-1;;;1;;FALSO;FALSO;0;
6768;1114;16;REDBACK;aro - acetato;0,00;0,00;0,00;0;;;1;;FALSO;FALSO;0;
6769;1115;16;DINGO;aro - acetato;0,00;0,00;0,00;0;;;1;;FALSO;FALSO;0;
6770;1116;16;DRIFTA;aro - acetato;0,00;0,00;0,00;0;;;1;;FALSO;FALSO;0;
6771;1117;16;FLOYD;;0,00;0,00;0,00;0;;;1;;FALSO;FALSO;0;
6772;1118;16;WOULD SMALL;aro - acetato;0,00;0,00;0,00;0;;;1;;FALSO;FALSO;0;
6773;655;15;GU 2500 052;aro - acetato;;0,00;450,00;0;;;2;;FALSO;FALSO;0;
6774;1596;19;ox 8037;aro - acetato;0,00;0,00;450,00;0;;;2;;FALSO;FALSO;0;
6775;1597;19;ox 8050;aro - acetato;0,00;0,00;660,00;0;;;2;;FALSO;FALSO;0;
6776;1598;19;ox 5101-0255;;0,00;0,00;0,00;0;;;2;;FALSO;FALSO;0;
6777;5571;179;BP 8167;aro - acetato;;0,00;290,00;0;;;1;;FALSO;FALSO;0;
6778;3439;36;PW 1447 C2P;aro - metal;;0,00;290,00;0;;;1;;FALSO;FALSO;0;
6780;6328;275;BF 07003 C8-P87;aro - metal;;0,00;290,00;0;;;1;;FALSO;FALSO;0;
6782;6332;276;PB 8128 C18-91;aro - metal;;0,00;290,00;0;;;1;;FALSO;FALSO;0;
6783;3440;36;8001;aro - acetato;0,00;0,00;290,00;0;;;1;;FALSO;FALSO;0;
6784;3441;36;PW 1459;aro - metal;;0,00;290,00;0;;;1;;FALSO;FALSO;0;
6785;3442;36;PW 1475;aro - metal;;0,00;290,00;0;;;1;;FALSO;FALSO;0;
6786;3443;36;PW 1434 C2P;aro - metal;;0,00;290,00;0;;;1;;FALSO;FALSO;0;
6787;3444;36;PW 1473 C1P;aro - metal;;0,00;290,00;0;;;1;;FALSO;FALSO;0;
6788;3445;36;PW 1427 C2P;aro - metal;;0,00;290,00;0;;;1;;FALSO;FALSO;0;
6789;6333;276;MT 8221;aro - acetato;;0,00;290,00;0;;;1;;FALSO;FALSO;0;
6790;6334;276;PB 8103;aro - metal;;0,00;290,00;0;;;1;;FALSO;FALSO;0;
6791;3446;36;PW 1477;aro - metal;;0,00;290,00;0;;;1;;FALSO;FALSO;0;
6792;3447;36;PW 1466;aro - metal;;0,00;290,00;0;;;1;;FALSO;FALSO;0;
6793;6329;275;BF 07003 C1-119;aro - metal;;0,00;290,00;0;;;1;;FALSO;FALSO;0;
6794;6330;275;BF 07003 C1-114;aro - metal;;0,00;290,00;0;;;1;;FALSO;FALSO;0;
6795;6331;275;BF 07003 C5-105;aro - metal;;0,00;290,00;0;;;1;;FALSO;FALSO;0;
6796;1599;19;LATCH OO9265-01;aro - acetato;146,01;21,90;470,00;0;;;1;;FALSO;FALSO;0;
6797;1600;19;ox8047-0152;aro - acetato;174,29;8,71;575,00;0;;;2;;FALSO;FALSO;0;
6798;1601;19;ox8050-0155;aro - acetato;188,37;9,42;620,00;0;;;2;;FALSO;FALSO;0;
6799;1602;19;ox5100-0254;aro - metal;202,42;10,12;670,00;0;;;2;;FALSO;FALSO;0;
6800;5222;132;FH 5850 55;fio - metal;0,00;0,00;0,00;0;;;2;;FALSO;FALSO;0;
6801;3448;36;BP 5027;aro - acetato;;0,00;290,00;0;;;1;;FALSO;FALSO;0;
6802;3449;36;2823 C1 58;aro - acetato;;0,00;290,00;0;;;1;;FALSO;FALSO;0;
6803;3450;36;PB 8151 C9;aro - metal;;0,00;290,00;0;;;1;;FALSO;FALSO;0;
6804;3451;36;PW 2478 C1P;aro - acetato;;0,00;290,00;0;;;1;;FALSO;FALSO;0;
6805;3452;36;BP 4160 977-90-1;aro - acetato;;0,00;290,00;0;;;1;;FALSO;FALSO;0;
6806;3453;36;BP 4160 A463-91-1;aro - acetato;;0,00;290,00;0;;;1;;FALSO;FALSO;0;
6807;3454;36;2784 58;aro - acetato;;0,00;290,00;0;;;1;;FALSO;FALSO;0;
6808;3455;36;136 COL 1;aro - acetato;;0,00;290,00;0;;;1;;FALSO;FALSO;0;
6809;3456;36;PB 8136 10-91-2;aro - acetato;;0,00;290,00;0;;;1;;FALSO;FALSO;0;
6810;3457;36;40125 59;aro - acetato;;0,00;290,00;0;;;1;;FALSO;FALSO;0;
6811;3458;36;DS 14080507;aro - acetato;0,00;0,00;250,00;0;;;2;;FALSO;FALSO;0;
6812;1603;19;ox8077-0552;aro - acetato;0,00;0,00;580,00;0;;;2;;FALSO;FALSO;0;
6813;1604;19;ox8077-0152;aro - acetato;0,00;0,00;580,00;0;;;2;;FALSO;FALSO;0;
6814;5822;196;OX 556 14J;aro - acetato;0,00;0,00;350,00;0;;;2;;FALSO;FALSO;0;
6815;5223;132;DI 873;aro - acetato;0,00;0,00;290,00;0;;;2;;FALSO;FALSO;0;
6816;1119;16;TAIPAN;aro - acetato;0,00;0,00;340,00;0;;;1;;FALSO;FALSO;0;
6817;1605;19;SLIVER OO9262-12;aro - acetato;0,00;0,00;590,00;0;;;1;;FALSO;FALSO;0;
6819;6279;261;164 c2;aro - acetato;;0,00;230,00;0;;;1;;FALSO;FALSO;0;
6820;6280;261;163 c1;aro - acetato;;0,00;230,00;0;;;1;;FALSO;FALSO;0;
6821;3672;53;DTP-3904;aro - acetato;;0,00;230,00;0;;;1;;FALSO;FALSO;0;
6822;6281;261;166 c2;aro - acetato;;0,00;230,00;0;;;1;;FALSO;FALSO;0;
6823;6282;261;166 c1;aro - acetato;;0,00;230,00;0;;;1;;FALSO;FALSO;0;
6824;6283;261;club ellesse;aro - acetato;;0,00;230,00;0;;;1;;FALSO;FALSO;0;
6825;6284;261;1930;aro - metal;;0,00;230,00;0;;;1;;FALSO;FALSO;0;
6826;4372;102;A2507A 52;aro - metal;;0,00;270,00;0;;;2;;FALSO;FALSO;0;
6827;4373;102;A2554 60;aro - metal;;0,00;280,00;0;;;2;;FALSO;FALSO;0;
6828;4374;102;2722 47;aro - metal;;0,00;290,00;0;;;2;;FALSO;FALSO;0;
6829;4375;102;2742 54;fio - metal;;0,00;280,00;0;;;2;;FALSO;FALSO;0;
6830;4376;102;2740 51;aro - metal;;0,00;280,00;0;;;2;;FALSO;FALSO;0;
6831;4377;102;2513T;fio - metal;;0,00;340,00;0;;;2;;FALSO;FALSO;0;
6832;4378;102;2713 53;aro - metal;;0,00;280,00;0;;;2;;FALSO;FALSO;0;
6834;6335;277;CO5830 52;aro - acetato;;0,00;280,00;0;;;2;;FALSO;FALSO;0;
6835;6336;277;CO5227 53;aro - acetato;;0,00;280,00;0;;;2;;FALSO;FALSO;0;
6836;6337;277;HY55031;aro - acetato;;0,00;270,00;1;;;2;;FALSO;FALSO;0;
6837;6338;277;CO5838 53;aro - acetato;;0,00;280,00;0;;;2;;FALSO;FALSO;0;
6838;4744;128;EXATIK 1.50 AR;;0,00;0,00;555,00;0;;;3;;FALSO;FALSO;0;\\TATI\Programa\FOTOS\EXATIK 1.50 AR.jpg
6839;5224;132;TB 2020;aro - acetato;0,00;0,00;290,00;0;;;2;;FALSO;FALSO;0;
6840;5225;132;SL 6631;fio - metal;0,00;0,00;290,00;0;;;2;;FALSO;FALSO;0;
6841;5226;132;VS 1034;fio - metal;0,00;0,00;0,00;0;;;2;;FALSO;FALSO;0;
6842;5227;132;RM 0297;fio - metal;0,00;0,00;290,00;0;;;2;;FALSO;FALSO;0;
6843;5228;132;XD 8409;aro - acetato;0,00;0,00;290,00;0;;;2;;FALSO;FALSO;0;
6844;5229;132;SK 899;aro - acetato;0,00;0,00;290,00;0;;;2;;FALSO;FALSO;0;
6845;5230;132;BC 8098;aro - acetato;0,00;0,00;290,00;0;;;2;;FALSO;FALSO;0;
6846;5231;132;DI 857;aro - acetato;0,00;0,00;290,00;0;;;2;;FALSO;FALSO;0;
6847;5232;132;XD 8426;aro - acetato;0,00;0,00;290,00;0;;;2;;FALSO;FALSO;0;
6849;3459;36;8001;aro - metal;0,00;0,00;260,00;0;;;1;;FALSO;FALSO;0;
6850;3460;36;BS 011;aro - acetato;0,00;0,00;290,00;0;;;2;;FALSO;FALSO;0;
6851;3461;36;060914;aro - acetato;0,00;0,00;290,00;0;;;2;;FALSO;FALSO;0;
6852;3462;36;DF 6030;aro - acetato;0,00;0,00;290,00;0;;;2;;FALSO;FALSO;0;
6853;3463;36;DF 6033;aro - acetato;0,00;0,00;290,00;0;;;2;;FALSO;FALSO;0;
6854;3464;36;BA-203;aro - acetato;0,00;0,00;290,00;0;;;2;;FALSO;FALSO;0;
6855;3465;36;BA-232;aro - acetato;0,00;0,00;280,00;0;;;2;;FALSO;FALSO;0;
6856;3466;36;AT 3443;aro - acetato;0,00;0,00;290,00;0;;;2;;FALSO;FALSO;0;
6857;3467;36;BA-203;aro - acetato;0,00;0,00;290,00;0;;;2;;FALSO;FALSO;0;
6858;3468;36;MT 8142;aro - acetato;0,00;0,00;290,00;0;;;1;;FALSO;FALSO;0;
6859;3469;36;2191;aro - acetato;0,00;0,00;290,00;-1;;;2;;FALSO;FALSO;0;
6860;2229;22;RB 7053l 5365;aro - acetato;0,00;0,00;390,00;0;;;2;;FALSO;FALSO;0;
6861;2230;22;RB 7053L 5526;aro - acetato;0,00;0,00;390,00;0;;;2;;FALSO;FALSO;0;
6862;2231;22;RB 7053L 5525;aro - acetato;0,00;0,00;390,00;0;;;2;;FALSO;FALSO;0;
6863;6339;277;B88-2015;aro - metal;;0,00;290,00;0;;;1;;FALSO;FALSO;0;
6864;6340;277;B88-2046;aro - metal;;0,00;290,00;0;;;1;;FALSO;FALSO;0;
6865;6341;277;B88-2040;aro - metal;;0,00;290,00;0;;;1;;FALSO;FALSO;0;
6866;6285;261;S 828 P;aro - metal;;0,00;0,00;0;;;1;;FALSO;FALSO;0;
6867;6286;261;S5233 54;aro - metal;;0,00;0,00;0;;;1;;FALSO;FALSO;0;
6868;6287;261;S1212 56;aro - metal;;0,00;0,00;0;;;1;;FALSO;FALSO;0;
6869;6342;278;COLORIDOS;aro - metal;;0,00;198,00;0;;;1;;FALSO;FALSO;0;
6870;6222;258;YS 1233 50;fio - metal;0,00;0,00;120,00;0;;;2;;FALSO;FALSO;0;
6871;6223;258;YS 2165 51;aro - metal;0,00;0,00;120,00;0;;;2;;FALSO;FALSO;0;
6872;6224;258;YS 2076;aro - metal;0,00;0,00;120,00;0;;;2;;FALSO;FALSO;0;
6873;4021;92;K 7506;aro - metal;0,00;0,00;150,00;0;;;2;;FALSO;FALSO;0;
6874;6327;273;OX 1083/S 006NR;aro - metal;0,00;0,00;390,00;0;;;1;;FALSO;FALSO;0;
6875;14;5;B2X90;aro - acetato;0,00;0,00;612,00;0;;;1;;FALSO;FALSO;0;
6876;2696;33;EDGE;aro - acetato;0,00;0,00;320,00;0;;;1;;FALSO;FALSO;0;
6877;2724;34;SA 0004;aro - acetato;0,00;0,00;350,00;1;;;2;;FALSO;FALSO;0;
6878;2725;34;SA 0002;aro - acetato;0,00;0,00;350,00;1;;;2;;FALSO;FALSO;0;
6879;5233;132;MT 6584;aro - metal;;0,00;340,00;0;;;2;;FALSO;FALSO;0;
6880;5234;132;BS 014;aro - acetato;;0,00;280,00;0;;;2;;FALSO;FALSO;0;
6881;5235;132;BC 5037A;aro - acetato;;0,00;280,00;0;;;2;;FALSO;FALSO;0;
6882;5236;132;AT 3514;aro - acetato;;0,00;280,00;0;;;2;;FALSO;FALSO;0;
6883;5237;132;MM-BQ1066P;aro - acetato;;0,00;280,00;0;;;2;;FALSO;FALSO;0;
6884;5238;132;CX 6063;aro - acetato;;0,00;270,00;0;;;2;;FALSO;FALSO;0;
6885;5239;132;BC 8088 C5;aro - acetato;;0,00;280,00;0;;;2;;FALSO;FALSO;0;
6886;5240;132;DI 876;aro - acetato;;0,00;270,00;0;;;2;;FALSO;FALSO;0;
6887;5241;132;HC 12003;fio - metal;;0,00;230,00;0;;;2;;FALSO;FALSO;0;
6888;5242;132;HC 12002;fio - metal;;0,00;230,00;0;;;2;;FALSO;FALSO;0;
6889;5243;132;HC 12006;fio - metal;;0,00;230,00;0;;;2;;FALSO;FALSO;0;
6890;5244;132;HC 12004;fio - metal;;0,00;230,00;0;;;2;;FALSO;FALSO;0;
6891;5245;132;HC 12018;aro - metal;;0,00;230,00;0;;;2;;FALSO;FALSO;0;
6892;5246;132;HC 12015;fio - metal;;0,00;230,00;0;;;2;;FALSO;FALSO;0;
6893;5247;132;HC 12009;aro - metal;;0,00;230,00;0;;;2;;FALSO;FALSO;0;
6894;5248;132;HC 12007;aro - metal;;0,00;230,00;0;;;2;;FALSO;FALSO;0;
6895;5249;132;HC 12001;fio - metal;;0,00;230,00;0;;;2;;FALSO;FALSO;0;
6896;3470;36;BC-139;aro - acetato;0,00;0,00;290,00;0;;;2;;FALSO;FALSO;0;
6897;3471;36;AT 3420;aro - acetato;0,00;0,00;280,00;0;;;2;;FALSO;FALSO;0;
6898;2232;22;RB 4165L 601/8G;aro - acetato;0,00;0,00;400,00;0;;;1;;FALSO;FALSO;0;
6899;2233;22;RB 4165L 622/5A;aro - acetato;0,00;0,00;400,00;0;;;1;;FALSO;FALSO;0;
6900;2234;22;RB 4165L 852/88;aro - acetato;0,00;0,00;400,00;0;;;1;;FALSO;FALSO;0;
6901;2235;22;RB 4171L 865/13 54;aro - acetato;0,00;0,00;400,00;1;;;1;;FALSO;FALSO;0;
6902;1606;19;CATALYST OO9272-08;aro - acetato;0,00;0,00;490,00;0;;;1;;FALSO;FALSO;0;
6903;5250;132;13-063;aro - metal;0,00;0,00;250,00;0;;;2;;FALSO;FALSO;0;
6904;5251;132;ADL-003;aro - metal;0,00;0,00;250,00;0;;;2;;FALSO;FALSO;0;
6905;5252;132;MC 2163;aro - metal;0,00;0,00;250,00;0;;;2;;FALSO;FALSO;0;
6906;2236;22;RJ9060S;aro - acetato;0,00;0,00;305,00;0;;;1;;FALSO;FALSO;0;
6907;3472;36;oa 8001;aro - acetato;0,00;0,00;270,00;0;;;2;;FALSO;FALSO;0;
6908;3473;36;AS 0066;aro - acetato;0,00;0,00;280,00;0;;;2;;FALSO;FALSO;0;
6909;3474;36;OA 8062;aro - acetato;0,00;0,00;260,00;0;;;2;;FALSO;FALSO;0;
6910;5823;196;1075/S 81104;aro - acetato;0,00;0,00;380,00;0;;;1;;FALSO;FALSO;0;
6919;6919;239;;;;;;0;;;1;;FALSO;FALSO;;
6920;6920;102;2508A;fio - metal;;;270,00;0;;;2;;FALSO;FALSO;;
6921;6946;102;2534;fio - metal;0,00;0,00;270,00;0;;;2;;FALSO;FALSO;0;
6922;6945;;;;0,00;0,00;0,00;0;;;2;;FALSO;FALSO;0;
6923;6944;102;2136;aro - metal;;0,00;270,00;0;;;2;;FALSO;FALSO;0;
6924;6943;102;2628;aro - metal;;0,00;270,00;0;;;2;;FALSO;FALSO;0;
6925;6942;102;A2507A;aro - metal;;0,00;270,00;0;;;2;;FALSO;FALSO;0;
6926;6941;102;2742;fio - metal;;0,00;270,00;0;;;2;;FALSO;FALSO;0;
6927;6940;102;2751;aro - metal;;0,00;270,00;0;;;2;;FALSO;FALSO;0;
6928;6939;102;2508B;fio - metal;;0,00;270,00;0;;;2;;FALSO;FALSO;0;
6929;6938;102;A2756;aro - metal;;0,00;270,00;0;;;2;;FALSO;FALSO;0;
6930;6937;102;2659;aro - metal;0,00;0,00;270,00;0;;;2;;FALSO;FALSO;0;
6931;6936;102;A2506;fio - metal;;0,00;270,00;0;;;2;;FALSO;FALSO;0;
6932;6935;102;555 51;aro - acetato;;0,00;270,00;0;;;2;;FALSO;FALSO;0;
6933;6934;102;2424 54;aro - metal;;0,00;270,00;0;;;2;;FALSO;FALSO;0;
6934;6933;102;2749;fio - metal;;0,00;270,00;0;;;2;;FALSO;FALSO;0;
6935;6932;102;2754;aro - metal;0,00;0,00;270,00;0;;;2;;FALSO;FALSO;0;
6936;6931;102;2698;aro - metal;;0,00;270,00;0;;;2;;FALSO;FALSO;0;
6937;6930;102;2743;fio - metal;;0,00;270,00;0;;;2;;FALSO;FALSO;0;
6938;6929;102;2552;fio - metal;0,00;0,00;270,00;0;;;2;;FALSO;FALSO;0;
6939;6928;102;2732;aro - metal;;0,00;270,00;0;;;2;;FALSO;FALSO;0;
6940;6927;;;;0,00;0,00;0,00;0;;;2;;FALSO;FALSO;0;
6941;6926;102;2749;fio - metal;;0,00;270,00;0;;;2;;FALSO;FALSO;0;
6942;6925;102;2313A;fio - metal;;0,00;270,00;0;;;2;;FALSO;FALSO;0;
6943;6924;102;2508;fio - metal;0,00;0,00;270,00;0;;;2;;FALSO;FALSO;0;
6944;6923;102;2747;aro - metal;;0,00;270,00;0;;;2;;FALSO;FALSO;0;
6945;6922;102;563;aro - acetato;;0,00;340,00;0;;;2;;FALSO;FALSO;0;
6947;6947;36;DY 1134;aro - acetato;;;290,00;0;;;2;;FALSO;FALSO;0;
6948;6948;36;JC 6001;aro - acetato;;;290,00;1;;;2;;FALSO;FALSO;0;
6949;6949;36;JC 6006;aro - acetato;;;290,00;0;;;2;;FALSO;FALSO;0;
6950;6950;36;JC 6004;aro - acetato;;;290,00;0;;;2;;FALSO;FALSO;0;
6951;6951;36;JCH 014;aro - acetato;;;290,00;0;;;2;;FALSO;FALSO;0;
6952;6952;36;;;;;;0;;;2;;FALSO;FALSO;0;
6953;6953;36;DF 6017;aro - acetato;;;290,00;0;;;2;;FALSO;FALSO;0;
6954;6954;36;BA-039;aro - acetato;;;290,00;0;;;2;;FALSO;FALSO;0;
6955;6955;36;HM-5013;aro - acetato;;;290,00;0;;;2;;FALSO;FALSO;0;
6956;6956;36;BC-131;aro - acetato;;;290,00;0;;;2;;FALSO;FALSO;0;
6957;6957;36;BA-187;aro - acetato;;;290,00;0;;;2;;FALSO;FALSO;0;
6958;6958;;;;;;;0;;;2;;FALSO;FALSO;0;
6959;6959;36;JC 6002;aro - acetato;;;290,00;0;;;2;;FALSO;FALSO;0;
6960;6960;36;JC 6013;aro - acetato;;;290,00;2;;;2;;FALSO;FALSO;0;
6961;6961;36;JC 6003;aro - acetato;;;290,00;0;;;2;;FALSO;FALSO;0;
6962;6962;36;BA-022;aro - acetato;;;290,00;0;;;2;;FALSO;FALSO;0;
6964;6964;36;JC 6017;aro - acetato;;;290,00;0;;;2;;FALSO;FALSO;0;
6965;6965;;;;;;;0;;;2;;FALSO;FALSO;0;
6966;6966;36;AS 0086;aro - acetato;;;290,00;0;;;2;;FALSO;FALSO;0;
6968;6968;36;H 013;aro - acetato;;;290,00;0;;;2;;FALSO;FALSO;0;
6969;6969;36;JC 6005;aro - acetato;;;290,00;0;;;2;;FALSO;FALSO;0;
6970;6970;36;BS 035;aro - acetato;;;290,00;0;;;2;;FALSO;FALSO;0;
6971;6971;36;BA-207;aro - acetato;;;290,00;0;;;2;;FALSO;FALSO;0;
6972;6972;36;BC-1;aro - acetato;;;290,00;0;;;2;;FALSO;FALSO;0;
6973;6973;36;2191;aro - acetato;;;290,00;0;;;2;;FALSO;FALSO;0;
6974;6974;36;BC 006;aro - acetato;;;290,00;0;;;2;;FALSO;FALSO;0;
6975;6975;22;RB 3507 137/40;aro - metal;;;550,00;0;;;1;;FALSO;FALSO;0;
6976;6976;;;;;;;0;;;2;;FALSO;FALSO;0;
6977;6977;36;pb 8103;aro - metal;;;290,00;0;;;1;;FALSO;FALSO;0;
6979;6979;281;KW 7091;aro - acetato;;;;0;;;2;;FALSO;FALSO;0;
6980;6980;281;KW 7067;aro - acetato;;;;0;;;2;;FALSO;FALSO;0;
6981;6981;281;KW 7091;aro - acetato;;;;0;;;2;;FALSO;FALSO;0;
6982;6982;281;KW 7069;aro - acetato;;;;0;;;2;;FALSO;FALSO;0;
6983;6983;282;KP 8068;aro - acetato;;;;0;;;2;;FALSO;FALSO;0;
6984;6984;282;KP 8110;aro - acetato;;;;0;;;2;;FALSO;FALSO;0;
6985;6985;282;KP 8111;aro - metal;;;;0;;;2;;FALSO;FALSO;0;
6986;6986;282;KP 8059;aro - acetato;;;;0;;;2;;FALSO;FALSO;0;
6987;6987;282;KP 8073;aro - acetato;;;;0;;;2;;FALSO;FALSO;0;
6988;6988;282;KP 8103;fio - metal;;;;0;;;2;;FALSO;FALSO;0;
6989;6989;282;KP 8109;aro - acetato;;;;0;;;2;;FALSO;FALSO;0;
6990;6990;282;KP 8072;aro - acetato;;;;0;;;2;;FALSO;FALSO;0;
6991;6991;282;KP 8114;aro - acetato;;;;0;;;2;;FALSO;FALSO;0;
6992;6992;283;214;aro - acetato;;;230,00;0;;;2;;FALSO;FALSO;0;
6993;6993;132;VS 1024;aro - acetato;;;;0;;;2;;FALSO;FALSO;0;
6994;6994;132;RM 163;aro - acetato;;;315,00;0;;;2;;FALSO;FALSO;0;
6995;6995;132;CX 6051;aro - acetato;;;;0;;;2;;FALSO;FALSO;0;
6996;6996;132;BC 3105;aro - acetato;;;;0;;;2;;FALSO;FALSO;0;
6997;6997;132;SK 947;aro - acetato;;;;0;;;2;;FALSO;FALSO;0;
6998;6998;132;CX 8019;aro - acetato;;;;0;;;2;;FALSO;FALSO;0;
6999;6999;132;SL 6025;aro - acetato;;;;0;;;2;;FALSO;FALSO;0;
7000;7000;132;SK 918;aro - acetato;;;;0;;;2;;FALSO;FALSO;0;
7001;7001;132;JCH 018;aro - acetato;;;;0;;;2;;FALSO;FALSO;0;
7002;7002;132;C6066;aro - acetato;;;290,00;0;;;1;;FALSO;FALSO;0;
7003;7003;132;VS 1024;aro - acetato;;;315,00;0;;;2;;FALSO;FALSO;0;
7004;7004;132;TB 2018;aro - acetato;;;;0;;;2;;FALSO;FALSO;0;
7005;7005;132;SL 80154;aro - acetato;;;290,00;0;;;2;;FALSO;FALSO;0;
7006;7006;132;YC 5010;aro - acetato;;;;0;;;2;;FALSO;FALSO;0;
7007;7007;132;BS 034;aro - acetato;;;;0;;;2;;FALSO;FALSO;0;
7008;7008;132;DF 6029;aro - acetato;;;;0;;;2;;FALSO;FALSO;0;
7009;7009;132;VS 1011;fio - metal;;;;0;;;2;;FALSO;FALSO;0;
7010;7010;132;JR 52003;fio - metal;;;;0;;;1;;FALSO;FALSO;0;
7011;7011;132;MM JB1231P;fio - metal;;;;0;;;2;;FALSO;FALSO;0;
7012;7012;;MULTIFOCAL DIGITAL FOTO C/AR;;;;;0;;;3;;FALSO;FALSO;0;
7013;7013;128;PG DIGITAL FOTO AR;;;;;0;;;3;;FALSO;FALSO;0;
7014;7014;132;;;;;;0;;;2;;FALSO;FALSO;0;
7015;7015;283;1347;fio - metal;;;;0;;;2;;FALSO;FALSO;0;
7016;7016;283;RT5004;aro - metal;;;;0;;;2;;FALSO;FALSO;0;
7017;7017;283;;;;;;0;;;2;;FALSO;FALSO;0;
7019;7019;283;1317;aro - metal;;;;0;;;2;;FALSO;FALSO;0;
7020;7020;283;RT5019;aro - metal;;;;0;;;2;;FALSO;FALSO;0;
7021;7021;283;1321;aro - metal;;;;0;;;2;;FALSO;FALSO;0;
7022;7022;36;PA1078 140;;;;210,00;0;;;2;;FALSO;FALSO;0;
7023;7023;36;PB 8128;;;;;0;;;2;;FALSO;FALSO;0;
7024;7024;277;078;aro - acetato;;;315,00;0;;;2;;FALSO;FALSO;0;
7025;7025;277;59110;aro - acetato;;;;0;;;2;;FALSO;FALSO;0;
7026;7026;277;YS64190;aro - acetato;;;;0;;;2;;FALSO;FALSO;0;
7027;7027;277;227;aro - acetato;;;;0;;;2;;FALSO;FALSO;0;
7028;7028;277;YS6067;aro - acetato;;;380,00;0;;;2;;FALSO;FALSO;0;
7029;7029;277;YS50184;fio - metal;;;380,00;0;;;2;;FALSO;FALSO;0;
7030;7030;277;CO5830;aro - acetato;;;380,00;0;;;2;;FALSO;FALSO;0;
7031;7031;277;64286;aro - acetato;;;270,00;0;;;2;;FALSO;FALSO;0;
7032;7032;277;YS32276;fio - metal;;;380,00;0;;;2;;FALSO;FALSO;0;
7033;7033;277;810;aro - acetato;;;380,00;0;;;2;;FALSO;FALSO;0;
7034;7034;277;YS50194;fio - metal;;;380,00;0;;;2;;FALSO;FALSO;0;
7035;7035;277;7273;aro - acetato;;;380,00;0;;;2;;FALSO;FALSO;0;
7036;7036;277;SK936;aro - acetato;;;380,00;0;;;2;;FALSO;FALSO;0;
7037;7037;277;SK931;aro - acetato;;;380,00;0;;;2;;FALSO;FALSO;0;
7038;7038;277;SK936;aro - acetato;;;380,00;0;;;2;;FALSO;FALSO;0;
7039;7039;277;YS64236;aro - acetato;;;390,00;0;;;2;;FALSO;FALSO;0;
7040;7040;277;64192;aro - acetato;;;380,00;0;;;2;;FALSO;FALSO;0;
7041;7041;277;SK918;aro - acetato;;;380,00;0;;;2;;FALSO;FALSO;0;
7042;7042;277;7297;aro - acetato;;;380,00;0;;;2;;FALSO;FALSO;0;
7043;7043;277;CO6008;aro - acetato;;;250,00;10;;;2;;FALSO;FALSO;0;
7044;7044;277;078;aro - acetato;;;380,00;-1;;;2;;FALSO;FALSO;0;
7045;7045;277;2112;aro - acetato;;;380,00;0;;;2;;FALSO;FALSO;0;
7046;7046;277;50212;fio - metal;;;380,00;0;;;2;;FALSO;FALSO;0;
7047;7047;277;SK931;aro - acetato;;;380,00;0;;;2;;FALSO;FALSO;0;
7048;7048;277;YS3866;fio - metal;;;380,00;0;;;2;;FALSO;FALSO;0;
7049;7049;277;YS32276;fio - metal;;;380,00;0;;;2;;FALSO;FALSO;0;
7051;7051;283;DA2013;fio - metal;;;100,00;0;;;2;;FALSO;FALSO;0;
7052;7052;283;MB1020;fio - metal;;;100,00;0;;;2;;FALSO;FALSO;0;
7053;7053;283;;;;;;0;;;1;;FALSO;FALSO;0;
7055;7055;132;DT-431;aro - acetato;;;270,00;0;;;2;;FALSO;FALSO;0;
7056;7056;132;DS6512;aro - acetato;;;270,00;0;;;2;;FALSO;FALSO;0;
7057;7057;132;CX6060;aro - acetato;;;270,00;0;;;2;;FALSO;FALSO;0;
7058;7058;132;DT-432;aro - acetato;;;270,00;0;;;2;;FALSO;FALSO;0;
7059;7059;132;DS6512;aro - acetato;;;270,00;0;;;2;;FALSO;FALSO;0;
7060;7060;132;6465;aro - acetato;;;270,00;0;;;2;;FALSO;FALSO;0;
7062;7062;19;ox8050-0555;aro - acetato;;;620,00;0;;;2;;FALSO;FALSO;0;
7064;7064;283;1321;aro - metal;;;480,00;0;;;2;;FALSO;FALSO;0;
7065;7065;102;2542;fio - acetato;;;100,00;0;;;2;;FALSO;FALSO;0;
7066;7066;102;528 52;aro - acetato;;;100,00;0;;;2;;FALSO;FALSO;0;
7067;7067;102;2457 49;fio - metal;;;100,00;0;;;2;;FALSO;FALSO;0;
7068;7068;102;2560;aro - acetato;;;100,00;0;;;2;;FALSO;FALSO;0;
7069;7069;;;;;;;0;;;2;;FALSO;FALSO;0;
7070;7070;283;MB1022;aro - metal;;;100,00;0;;;2;;FALSO;FALSO;0;
7071;7071;283;MB1019;aro - metal;;;100,00;0;;;2;;FALSO;FALSO;0;
7072;7072;283;MB1020;fio - metal;;;100,00;0;;;2;;FALSO;FALSO;0;
7073;7073;102;2663;fio - metal;;;100,00;0;;;2;;FALSO;FALSO;0;
7074;7074;102;604 49;fio - metal;;;100,00;0;;;2;;FALSO;FALSO;0;
7075;7075;;;;;;;0;;;2;;FALSO;FALSO;0;
7076;7076;279;MOD  48-17;fio - metal;;;150,00;0;;;2;;FALSO;FALSO;0;
7077;7077;102;395;aro - metal;;;150,00;0;;;2;;FALSO;FALSO;0;
7078;7078;102;304 46;aro - metal;;;100,00;0;;;2;;FALSO;FALSO;0;
7079;7079;102;2354;fio - metal;;;100,00;0;;;2;;FALSO;FALSO;0;
7080;7080;102;2115;fio - metal;;;100,00;-2;;;2;;FALSO;FALSO;0;
7082;7082;283;211 46;fio - metal;;;100,00;0;;;2;;FALSO;FALSO;0;
7083;7083;261;HC12010;fio - metal;;;100,00;-2;;;2;;FALSO;FALSO;0;
7084;7084;261;DZ9201;fio - metal;;;100,00;0;;;2;;FALSO;FALSO;0;
7085;7085;283;MB1019;aro - metal;;;100,00;0;;;2;;FALSO;FALSO;0;
7086;7086;279;MOD401-403-404-406;aro - acetato;;;100,00;12;;;2;;FALSO;FALSO;0;
7088;7088;283;ZY8057;aro - acetato;;;100,00;0;;;2;;FALSO;FALSO;0;
7089;7089;102;2430;fio - metal;;;100,00;0;;;2;;FALSO;FALSO;0;
7090;7090;279;MOD69;fio - metal;;;100,00;-1;;;2;;FALSO;FALSO;0;
7091;7091;45;S091;aro - acetato;;;100,00;0;;;2;;FALSO;FALSO;0;
7093;7093;283;MB 1022;aro - metal;;;100,00;0;;;2;;FALSO;FALSO;0;
7094;7094;283;MB 1021;aro - metal;;;100,00;0;;;2;;FALSO;FALSO;0;
7095;7095;102;2542;fio - acetato;;;100,00;0;;;2;;FALSO;FALSO;0;
7096;7096;102;2345;fio - metal;;;100,00;0;;;2;;FALSO;FALSO;0;
7097;7097;102;2586;fio - metal;;;100,00;0;;;2;;FALSO;FALSO;0;
7098;7098;102;2430;fio - metal;;;100,00;0;;;2;;FALSO;FALSO;0;
7099;7099;102;2354;fio - metal;;;100,00;0;;;2;;FALSO;FALSO;0;
7100;7100;102;S211;fio - metal;;;100,00;0;;;2;;FALSO;FALSO;0;
7101;7101;102;2663;fio - metal;;;100,00;0;;;2;;FALSO;FALSO;0;
7102;7102;102;284;fio - metal;;;100,00;0;;;2;;FALSO;FALSO;0;
7103;7103;102;2345;fio - metal;;;100,00;0;;;2;;FALSO;FALSO;0;
7104;7104;102;528;aro - acetato;;;100,00;0;;;2;;FALSO;FALSO;0;
7105;7105;283;MB1020;fio - metal;;;100,00;0;;;2;;FALSO;FALSO;0;
7106;7106;102;2542;fio - acetato;;;100,00;0;;;2;;FALSO;FALSO;0;
7107;7107;102;2152;fio - metal;;;100,00;0;;;2;;FALSO;FALSO;0;
7108;7108;283;M80 044;aro - acetato;;;350,00;0;;;2;;FALSO;FALSO;0;
7109;7109;283;M80 033;aro - acetato;;;350,00;0;;;2;;FALSO;FALSO;0;
7110;7110;283;M80 045;aro - acetato;;;350,00;0;;;2;;FALSO;FALSO;0;
7111;7111;283;M80 052;aro - acetato;;;350,00;0;;;2;;FALSO;FALSO;0;
7112;7112;;;;;;;0;;;2;;FALSO;FALSO;0;
7114;7114;95;MB1019;aro - metal;;;100,00;-2;;;2;;FALSO;FALSO;0;
7115;7115;102;2517A;fio - metal;;;100,00;0;;;2;;FALSO;FALSO;0;
7116;7116;102;2605;fio - metal;;;220,00;0;;;2;;FALSO;FALSO;0;
7117;7117;102;2618;fio - metal;;;180,00;0;;;2;;FALSO;FALSO;0;
7118;7118;279;;;;;;0;;;2;;FALSO;FALSO;0;
7120;7120;16;LANDSHARK TEEN;aro - acetato;;;290,00;0;;;2;;FALSO;FALSO;0;
7121;7121;16;H-BOMB TEEN;aro - acetato;;;290,00;0;;;1;;FALSO;FALSO;0;
7122;7122;16;H-BOMB TEEN 90124;aro - acetato;;;290,00;0;;;1;;FALSO;FALSO;0;
7123;7123;16;POLYTECH 93014;aro - acetato;;;380,00;0;;;2;;FALSO;FALSO;0;
7124;7124;16;POLYTECH 9315 MATTE;aro - acetato;;;380,00;-2;;;2;;FALSO;FALSO;0;
7125;7125;16;POLYTECH 93015 GLOSS;aro - acetato;;;380,00;0;;;2;;FALSO;FALSO;0;
7126;7126;16;POLYTECH 93015 BLK ON MINER;aro - acetato;;;380,00;-1;;;2;;FALSO;FALSO;0;
7127;7127;16;POLYTECH 93016 MATTE;aro - acetato;;;380,00;0;;;2;;FALSO;FALSO;0;
7128;7128;16;POLYTECH 93016 GLOSS BLACK;aro - acetato;;;380,00;0;;;2;;FALSO;FALSO;0;
7129;7129;16;POLYTECH 93017 MATE BLACK;aro - acetato;;;380,00;-1;;;2;;FALSO;FALSO;0;
7130;7130;16;POLYTECH 93017 MATTE;aro - acetato;;;380,00;0;;;2;;FALSO;FALSO;0;
7131;7131;16;POLYTECH 93017 GLOSS;aro - acetato;;;380,00;0;;;2;;FALSO;FALSO;0;
7132;7132;16;POLYTECH 93017 MATTE CAFE;aro - acetato;;;380,00;0;;;2;;FALSO;FALSO;0;
7133;7133;16;POLYTECH 93018 GLOSS;aro - acetato;;;380,00;0;;;2;;FALSO;FALSO;0;
7134;7134;16;POLYTECH 93023 GLOSS;aro - acetato;;;380,00;0;;;2;;FALSO;FALSO;0;
7135;7135;16;POLYTECH 93023 NAVY/GRAY;aro - acetato;;;380,00;0;;;2;;FALSO;FALSO;0;
7136;7136;16;POLYTECH 93023 MATTE GRA.ON MARSALA;aro - acetato;;;380,00;0;;;2;;FALSO;FALSO;0;
7137;7137;16;POLYTECH 93024 MATTE BLACK;aro - acetato;;;380,00;0;;;2;;FALSO;FALSO;0;
7138;7138;16;POLYTECH 93024 CAFE/BEGE;aro - acetato;;;380,00;0;;;2;;FALSO;FALSO;0;
7139;7139;16;POLYTECH 93055 GLOSS BLACK;aro - acetato;;;380,00;0;;;2;;FALSO;FALSO;0;
7140;7140;16;MXFUSION 93071 BLACK/MATTE;fio - metal;;;490,00;0;;;2;;FALSO;FALSO;0;
7141;7141;16;MXFUSION 93071 M.NICKEL/CAFE;fio - metal;;;490,00;0;;;2;;FALSO;FALSO;0;
7142;7142;16;MXFUSION 93072 BLACK/MATTE;fio - metal;;;490,00;0;;;2;;FALSO;FALSO;0;
7143;7143;16;MXFUSION 93072 GRAPHITE;fio - metal;;;490,00;0;;;2;;FALSO;FALSO;0;
7144;7144;16;MXFUSION 93072 MATTE CAFE;fio - metal;;;490,00;0;;;2;;FALSO;FALSO;0;
7145;7145;16;POLYTECH 93100 BLACK;aro - acetato;;;380,00;0;;;2;;FALSO;FALSO;0;
7146;7146;16;POLYTECH 93103 MATTE BLACK;aro - acetato;;;380,00;0;;;2;;FALSO;FALSO;0;
7147;7147;16;POLYTECH 93104 MATTE BLACK;aro - acetato;;;380,00;0;;;2;;FALSO;FALSO;0;
7148;7148;16;POLYTECH 93104 MATTE RED;aro - acetato;;;380,00;0;;;2;;FALSO;FALSO;0;
7149;7149;16;POLYTECH 93104 MATTE BROWN;aro - acetato;;;380,00;0;;;2;;FALSO;FALSO;0;
7150;7150;16;POLYTECH 93104 MATTE NAVY-MUSTARD;aro - acetato;;;380,00;0;;;2;;FALSO;FALSO;0;
7151;7151;16;AEROTECH 93105 MATTE BLACH;aro - acetato;;;395,00;-4;;;2;;FALSO;FALSO;0;
7152;7152;16;AEROTECH 93105 MATTE RED;aro - acetato;;;395,00;0;;;2;;FALSO;FALSO;0;
7153;7153;16;POLYTECH 93108 MATTE GRAPHI;aro - acetato;;;380,00;0;;;2;;FALSO;FALSO;0;
7154;7154;16;POLYTECH 93108 MATTE BROW/ONYX;aro - acetato;;;380,00;0;;;2;;FALSO;FALSO;0;
7155;7155;16;POLYTECH 93109 GLOSS BLACK;aro - acetato;;;380,00;0;;;2;;FALSO;FALSO;0;
7156;7156;16;POLYTECH 93109 MATTE ONYX;aro - acetato;;;380,00;0;;;2;;FALSO;FALSO;0;
7157;7157;16;POLYTECH 93110 MATTE BLACK;aro - acetato;;;380,00;0;;;2;;FALSO;FALSO;0;
7158;7158;16;POLYTECH 93110 GLOSS BLACK;aro - acetato;;;380,00;0;;;2;;FALSO;FALSO;0;
7159;7159;16;POLYTECH 93110 MATTE ONYX;aro - acetato;;;380,00;0;;;2;;FALSO;FALSO;0;
7160;7160;16;POLYTECH 93111 GLOSS BLACK;aro - acetato;;;380,00;0;;;2;;FALSO;FALSO;0;
7161;7161;16;POLYTECH 93111 MATTE ONYX;aro - acetato;;;380,00;0;;;2;;FALSO;FALSO;0;
7162;7162;16;POLYTECH 93111 MATTE RED;aro - acetato;;;380,00;0;;;2;;FALSO;FALSO;0;
7163;7163;16;POLYTECH 93112 TEEN GLOSS BLACK;aro - acetato;;;290,00;-1;;;2;;FALSO;FALSO;0;
7164;7164;16;POLYTECH 93112 TEEN ULTRAMARINO;aro - acetato;;;290,00;-1;;;2;;FALSO;FALSO;0;
7165;7165;16;POLYTECH 93115 TEEN MATTE;aro - acetato;;;290,00;0;;;2;;FALSO;FALSO;0;
7166;7166;16;POLYTECH 93115 GLOSS BLACK;aro - acetato;;;290,00;0;;;2;;FALSO;FALSO;0;
7167;7167;16;POLYTECH 93116 GLOSS BLACK;aro - acetato;;;380,00;0;;;2;;FALSO;FALSO;0;
7168;7168;16;POLYTECH 93116 GLOSS BLACK;aro - acetato;;;380,00;0;;;2;;FALSO;FALSO;0;
7169;7169;16;POLYTECH 93116 MATTE CAFE;aro - acetato;;;380,00;0;;;2;;FALSO;FALSO;0;
7170;7170;16;POLYTECH 93116 MATTE NAVY/MARSAL;aro - acetato;;;380,00;0;;;2;;FALSO;FALSO;0;
7171;7171;16;POLYTECH 93121 MATTE BLACK;aro - acetato;;;380,00;0;;;2;;FALSO;FALSO;0;
7172;7172;16;POLYTECH 93121 GLOSS BLACK;aro - acetato;;;380,00;0;;;2;;FALSO;FALSO;0;
7173;7173;16;POLYTECH 93121 MATTE NAVY/MARSAL;aro - acetato;;;380,00;0;;;2;;FALSO;FALSO;0;
7174;7174;16;POLYTECH 93121 MATTE BLACK-BLUE;aro - acetato;;;380,00;0;;;2;;FALSO;FALSO;0;
7175;7175;16;POLYTECH 93121 M.G.ON PETROLEUM;aro - acetato;;;380,00;0;;;2;;FALSO;FALSO;0;
7176;7176;16;POLYTECH 93122 TEEN MATTE NAVY;aro - acetato;;;320,00;0;;;2;;FALSO;FALSO;0;
7177;7177;16;POLYTECH 93122 TENN ORANGE;aro - acetato;;;320,00;0;;;2;;FALSO;FALSO;0;
7178;7178;16;POLYTECH 93123 TEEN MATTE BLACK;aro - acetato;;;320,00;0;;;2;;FALSO;FALSO;0;
7179;7179;16;POLYTECH 93123 TEEN GLOSS BLACK;aro - acetato;;;320,00;0;;;2;;FALSO;FALSO;0;
7180;7180;16;POLYTECH 93123 TEEN NAVY-MARSA;aro - acetato;;;320,00;0;;;2;;FALSO;FALSO;0;
7181;7181;16;DUOTECH 93404 OLD GOLD/GLOSS;Parafusada;;;460,00;-2;;;2;;FALSO;FALSO;0;
7182;7182;16;DUOTECH 93408 MATTE NICKEL/NAVY;aro - acetato;;;460,00;-1;;;2;;FALSO;FALSO;0;
7183;7183;16;DUOTECH 93412 MATTE BLACH;aro - acetato;;;380,00;0;;;2;;FALSO;FALSO;0;
7184;7184;16;DUOTECH 93412 GLOSS BLACK;aro - acetato;;;380,00;0;;;2;;FALSO;FALSO;0;
7185;7185;16;DUOTECH 93412 MATTE BROWN;aro - acetato;;;380,00;0;;;2;;FALSO;FALSO;0;
7186;7186;16;DUOTECH 93412 MATTE ONYX;aro - acetato;;;380,00;0;;;2;;FALSO;FALSO;0;
7187;7187;16;POLYTECH 904 GLOSS BLACH;aro - acetato;;;380,00;-4;;;2;;FALSO;FALSO;0;
7188;7188;16;WOULD MATTE BLACK/ARMY 9010463;aro - acetato;;;480,00;0;;;1;;FALSO;FALSO;0;
7189;7189;16;WOULD TK2015 9010475;aro - acetato;;;560,00;0;;;1;;FALSO;FALSO;0;
7190;7190;16;H-BOMB 9011200;aro - acetato;;;310,00;0;;;1;;FALSO;FALSO;0;
7191;7191;16;H-BOMB 90112001;aro - acetato;;;490,00;0;;;1;;FALSO;FALSO;0;
7192;7192;16;H-BOMB 901122978;aro - acetato;;;375,00;0;;;1;;FALSO;FALSO;0;
7193;7193;16;H-BOMB MIXED II 901127040;aro - acetato;;;310,00;0;;;1;;FALSO;FALSO;0;
7194;7194;16;H-BOMB TK2015 90112755;aro - acetato;;;560,00;0;;;1;;FALSO;FALSO;0;
7195;7195;16;H-BOMB TK2016 90112810;aro - acetato;;;560,00;0;;;1;;FALSO;FALSO;0;
7196;7196;16;H-BOMB TK2016 901128109;aro - acetato;;;560,00;0;;;1;;FALSO;FALSO;0;
7197;7197;16;UNDERGROUND HAVANA 901146870;aro - acetato;;;340,00;0;;;1;;FALSO;FALSO;0;
7198;7198;16;UNDERGROUN 9011471900;aro - acetato;;;340,00;-2;;;1;;FALSO;FALSO;0;
7199;7199;16;UNDERGROUND TK2015 9011475525;aro - acetato;;;560,00;0;;;1;;FALSO;FALSO;0;
7200;7200;16;REDBACK 901160010;aro - acetato;;;340,00;-1;;;1;;FALSO;FALSO;0;
7201;7201;16;REDBACK 9011600125;aro - acetato;;;490,00;1;;;1;;FALSO;FALSO;0;
7202;7202;16;FLOYD 9011700125;aro - acetato;;;590,00;0;;;1;;FALSO;FALSO;0;
7203;7203;16;FLOYD 9011700225;aro - acetato;;;590,00;0;;;1;;FALSO;FALSO;0;
7204;7204;16;TANAMI 9011900190;aro - acetato;;;530,00;-2;;;1;;FALSO;FALSO;0;
7205;7205;16;LANDSHARK TEEN 9012300190;aro - acetato;;;375,00;0;;;1;;FALSO;FALSO;0;
7206;7206;16;LANDSHARK TEEN 9012300200;aro - acetato;;;320,00;0;;;1;;FALSO;FALSO;0;
7207;7207;16;H-BOMB TEEN 90124001;aro - acetato;;;375,00;1;;;1;;FALSO;FALSO;0;
7208;7208;16;H-BOMB TEEN 90124002;aro - acetato;;;320,00;1;;;1;;FALSO;FALSO;0;
7209;7209;16;WOULD SMALL TK2015 9302375525;aro - acetato;;;560,00;0;;;1;;FALSO;FALSO;0;
7210;7210;16;WOULD SMALL TK2016 9302381025;aro - acetato;;;560,00;0;;;1;;FALSO;FALSO;0;
7211;7211;16;WOULD SMALL TK2016 9302381091;aro - acetato;;;560,00;0;;;1;;FALSO;FALSO;0;
7212;7212;6;G&G8081 501/8G;aro - acetato;;;570,00;0;;;1;;FALSO;FALSO;0;
7213;7213;5;CA6636/N 807;aro - acetato;;;420,00;0;;;2;;FALSO;FALSO;0;
7214;7214;5;5023/V OGE;aro - acetato;;;495,00;0;;;2;;FALSO;FALSO;0;
7215;7215;22;RB 3025 019/22;aro - metal;;;530,00;0;;;1;;FALSO;FALSO;0;
7216;7216;22;RB 3025-J-M 001/3M;aro - metal;;;530,00;-1;;;1;;FALSO;FALSO;0;
7217;7217;132;MC3276;aro - acetato;;;260,00;0;;;2;;FALSO;FALSO;0;
7218;7218;132;BA-174;aro - acetato;;;260,00;0;;;2;;FALSO;FALSO;0;
7219;7219;132;BC8123;aro - acetato;;;260,00;0;;;2;;FALSO;FALSO;0;
7220;7220;132;BC8131;aro - acetato;;;260,00;0;;;2;;FALSO;FALSO;0;
7221;7221;132;DT-431;aro - acetato;;;260,00;0;;;2;;FALSO;FALSO;0;
7222;7222;132;SL3060;aro - acetato;;;260,00;0;;;2;;FALSO;FALSO;0;
7223;7223;277;YS7269;aro - acetato;;;380,00;0;;;2;;FALSO;FALSO;0;
7224;7224;277;CO6008;aro - acetato;;;290,00;0;;;2;;FALSO;FALSO;0;
7225;7225;277;YS64253-4;aro - acetato;0,00;;290,00;0;;;2;;FALSO;FALSO;0;
7226;7226;277;YS6311;aro - acetato;;;380,00;0;;;2;;FALSO;FALSO;0;
7227;7227;277;64297;aro - acetato;;;380,00;0;;;2;;FALSO;FALSO;0;
7228;7228;277;YS 64229;aro - acetato;;;380,00;0;;;2;;FALSO;FALSO;0;
7229;7229;;;;;;;0;;;2;;FALSO;FALSO;0;
7230;7230;277;64300;aro - acetato;;;380,00;0;;;2;;FALSO;FALSO;0;
7231;7231;93;;;;;;0;;;2;;FALSO;FALSO;0;
7232;7232;277;YS 6806;aro - acetato;;;380,00;0;;;2;;FALSO;FALSO;0;
7233;7233;277;YS 64253;aro - acetato;;;380,00;0;;;2;;FALSO;FALSO;0;
7234;7234;277;6825;aro - acetato;;;380,00;0;;;2;;FALSO;FALSO;0;
7235;7235;277;64290;aro - acetato;;;380,00;0;;;2;;FALSO;FALSO;0;
7236;7236;277;YS 64230;aro - acetato;;;380,00;0;;;2;;FALSO;FALSO;0;
7237;7237;277;8037;aro - acetato;;;380,00;0;;;2;;FALSO;FALSO;0;
7238;7238;277;YS 64322;aro - acetato;;;380,00;0;;;2;;FALSO;FALSO;0;
7239;7239;277;YS 72113;aro - acetato;;;380,00;0;;;2;;FALSO;FALSO;0;
7240;7240;277;YS 64226;aro - acetato;;;380,00;0;;;2;;FALSO;FALSO;0;
7241;7241;277;YS 3601;aro - acetato;;;380,00;0;;;2;;FALSO;FALSO;0;
7242;7242;277;YS 64249;aro - acetato;;;;0;;;2;;FALSO;FALSO;0;
7244;7244;277;YS 6823;aro - acetato;;;380,00;0;;;2;;FALSO;FALSO;0;
7245;7245;277;64300;aro - acetato;;;380,00;0;;;2;;FALSO;FALSO;0;
7246;7246;277;MM-JQ1729P;aro - metal;;;380,00;0;;;2;;FALSO;FALSO;0;
7247;7247;277;CO 5197;aro - acetato;;;380,00;0;;;2;;FALSO;FALSO;0;
7248;7248;277;64300;aro - acetato;;;380,00;0;;;2;;FALSO;FALSO;0;
7250;7250;277;YS 64323;aro - acetato;;;380,00;0;;;2;;FALSO;FALSO;0;
7251;7251;277;64312;aro - acetato;;;380,00;0;;;2;;FALSO;FALSO;0;
7252;7252;277;64317;aro - acetato;;;380,00;0;;;2;;FALSO;FALSO;0;
7253;7253;277;YS 64259;aro - acetato;;;380,00;0;;;2;;FALSO;FALSO;0;
7254;7254;277;64312;aro - acetato;;;380,00;0;;;2;;FALSO;FALSO;0;
7255;7255;277;YS 64249;aro - acetato;;;380,00;0;;;2;;FALSO;FALSO;0;
7256;7256;277;JC 6022;aro - acetato;;;380,00;0;;;2;;FALSO;FALSO;0;
7257;7257;277;YS5207;fio - acetato;;;380,00;0;;;2;;FALSO;FALSO;0;
7258;7258;277;YS5206;fio - acetato;;;380,00;-1;;;2;;FALSO;FALSO;0;
7259;7259;277;YS 64320;aro - acetato;;;380,00;0;;;2;;FALSO;FALSO;0;
7260;7260;277;4224;aro - acetato;;;380,00;-1;;;2;;FALSO;FALSO;0;
7261;7261;277;YS 64231;aro - acetato;;;380,00;0;;;2;;FALSO;FALSO;0;
7262;7262;277;64316;aro - acetato;;;380,00;0;;;2;;FALSO;FALSO;0;
7263;7263;277;YS 5205;aro - acetato;;;380,00;0;;;2;;FALSO;FALSO;0;
7264;7264;277;6828;aro - acetato;;;380,00;0;;;2;;FALSO;FALSO;0;
7265;7265;277;YS 76319;aro - acetato;;;380,00;0;;;2;;FALSO;FALSO;0;
7266;7266;277;64306;aro - acetato;;;380,00;0;;;2;;FALSO;FALSO;0;
7267;7267;277;YS 72110;aro - acetato;;;380,00;0;;;2;;FALSO;FALSO;0;
7268;7268;277;YS 7307;aro - acetato;;;380,00;0;;;2;;FALSO;FALSO;0;
7269;7269;277;64208;aro - acetato;;;380,00;-1;;;2;;FALSO;FALSO;0;
7270;7270;277;YS 72110;aro - acetato;;;380,00;0;;;2;;FALSO;FALSO;0;
7271;7271;277;YS 64238;aro - acetato;;;380,00;0;;;2;;FALSO;FALSO;0;
7272;7272;277;YS 64223;aro - acetato;;;380,00;0;;;2;;FALSO;FALSO;0;
7273;7273;277;YS 6049-JJ;aro - acetato;;;;0;;;2;;FALSO;FALSO;0;
7274;7274;277;B 2149-TR;aro - acetato;;;380,00;0;;;2;;FALSO;FALSO;0;
7275;7275;277;YS 64249;aro - acetato;;;380,00;0;;;2;;FALSO;FALSO;0;
7276;7276;277;YS 64223;aro - acetato;;;380,00;0;;;2;;FALSO;FALSO;0;
7277;7277;277;YS 64238;aro - acetato;;;380,00;0;;;2;;FALSO;FALSO;0;
7278;7278;277;YS64219;aro - acetato;;;380,00;0;;;2;;FALSO;FALSO;0;
7279;7279;277;64301;aro - acetato;;;380,00;0;;;2;;FALSO;FALSO;0;
7280;7280;277;64325;aro - acetato;;;380,00;0;;;2;;FALSO;FALSO;0;
7281;7281;277;YS64259;aro - acetato;;;380,00;-1;;;2;;FALSO;FALSO;0;
7282;7282;277;YS73347;aro - acetato;;;380,00;0;;;2;;FALSO;FALSO;0;
7283;7283;277;YS6812;aro - acetato;;;380,00;0;;;2;;FALSO;FALSO;0;
7284;7284;277;64296;aro - acetato;;;380,00;0;;;2;;FALSO;FALSO;0;
7285;7285;277;64317;másc - acetato;;;380,00;0;;;2;;FALSO;FALSO;0;
7286;7286;277;4147;aro - acetato;;;380,00;0;;;2;;FALSO;FALSO;0;
7287;7287;277;YS73345;aro - acetato;;;380,00;0;;;2;;FALSO;FALSO;0;
7288;7288;277;YS6310;aro - acetato;;;380,00;0;;;2;;FALSO;FALSO;0;
7289;7289;277;CO5846;aro - acetato;;;380,00;0;;;2;;FALSO;FALSO;0;
7290;7290;277;YS72110;aro - acetato;;;380,00;0;;;2;;FALSO;FALSO;0;
7291;7291;277;6827;aro - acetato;;;380,00;0;;;2;;FALSO;FALSO;0;
7292;7292;277;64308;aro - acetato;;;380,00;0;;;2;;FALSO;FALSO;0;
7293;7293;277;64305;aro - acetato;;;380,00;0;;;2;;FALSO;FALSO;0;
7294;7294;277;64209;aro - acetato;;;380,00;0;;;2;;FALSO;FALSO;0;
7295;7295;277;4320;aro - acetato;;;380,00;0;;;2;;FALSO;FALSO;0;
7296;7296;277;64295;aro - acetato;;;380,00;0;;;2;;FALSO;FALSO;0;
7297;7297;277;YS72116;aro - acetato;;;380,00;0;;;2;;FALSO;FALSO;0;
7298;7298;277;B1131Z;aro - acetato;;;380,00;0;;;2;;FALSO;FALSO;0;
7299;7299;277;YS76319;aro - acetato;;;380,00;0;;;2;;FALSO;FALSO;0;
7300;7300;277;YS 64238;aro - acetato;;;380,00;0;;;2;;FALSO;FALSO;0;
7301;7301;277;YS6823;aro - acetato;;;380,00;0;;;2;;FALSO;FALSO;0;
7302;7302;277;YS64231;aro - acetato;;;380,00;0;;;2;;FALSO;FALSO;0;
7303;7303;277;YS 64323;aro - acetato;;;380,00;0;;;2;;FALSO;FALSO;0;
7304;7304;277;YS 64231;aro - acetato;;;380,00;0;;;2;;FALSO;FALSO;0;
7305;7305;277;64330;aro - acetato;;;380,00;0;;;2;;FALSO;FALSO;0;
7306;7306;277;64326;aro - acetato;;;380,00;1;;;2;;FALSO;FALSO;0;
7307;7307;277;64296;aro - acetato;;;380,00;0;;;2;;FALSO;FALSO;0;
7308;7308;277;YS 64322;aro - acetato;;;380,00;0;;;2;;FALSO;FALSO;0;
7309;7309;277;50176;fio - metal;;;380,00;0;;;2;;FALSO;FALSO;0;
7310;7310;277;YS3601;aro - metal;;;380,00;0;;;2;;FALSO;FALSO;0;
7311;7311;277;57001;aro - metal;;;380,00;0;;;2;;FALSO;FALSO;0;
7312;7312;277;50176;fio - metal;;;380,00;0;;;2;;FALSO;FALSO;0;
7313;7313;277;SL5067;fio - metal;;;380,00;0;;;2;;FALSO;FALSO;0;
7314;7314;277;3005;fio - metal;;;380,00;0;;;2;;FALSO;FALSO;0;
7315;7315;277;YS50179;fio - metal;;;380,00;0;;;2;;FALSO;FALSO;0;
7316;7316;277;YS3572-JJ;fio - metal;;;380,00;0;;;2;;FALSO;FALSO;0;
7317;7317;277;3567-JJ;fio - metal;;;380,00;-1;;;2;;FALSO;FALSO;0;
7318;7318;277;64308;aro - acetato;;;380,00;0;;;2;;FALSO;FALSO;0;
7319;7319;277;YS50185;fio - metal;;;380,00;0;;;2;;FALSO;FALSO;0;
7320;7320;277;5204;fio - metal;;;380,00;0;;;2;;FALSO;FALSO;0;
7321;7321;277;JC 60304;aro - acetato;;;380,00;0;;;2;;FALSO;FALSO;0;
7322;7322;277;HY66358;fio - metal;;;380,00;0;;;2;;FALSO;FALSO;0;
7323;7323;277;3003;fio - metal;;;380,00;-1;;;2;;FALSO;FALSO;0;
7324;7324;277;6828;aro - acetato;;;380,00;0;;;2;;FALSO;FALSO;0;
7325;7325;277;YS3843;fio - metal;;;380,00;0;;;2;;FALSO;FALSO;0;
7326;7326;277;YS 64147;aro - acetato;;;380,00;0;;;2;;FALSO;FALSO;0;
7327;7327;277;3006;fio - metal;;;380,00;0;;;2;;FALSO;FALSO;0;
7328;7328;277;4226;aro - acetato;;;380,00;0;;;2;;FALSO;FALSO;0;
7329;7329;277;032;fio - metal;;;380,00;0;;;2;;FALSO;FALSO;0;
7330;7330;277;64290;aro - acetato;;;380,00;0;;;2;;FALSO;FALSO;0;
7331;7331;261;HC12010;fio - metal;;;100,00;0;;;2;;FALSO;FALSO;0;
7332;7332;277;YS 64216;aro - acetato;;;380,00;0;;;2;;FALSO;FALSO;0;
7333;7333;277;64297;aro - acetato;;;380,00;0;;;2;;FALSO;FALSO;0;
7334;7334;277;YS 64223;aro - acetato;;;380,00;0;;;2;;FALSO;FALSO;0;
7336;7336;277;YS 7269;aro - acetato;;;380,00;0;;;2;;FALSO;FALSO;0;
7337;7337;277;64294;aro - acetato;;;380,00;0;;;2;;FALSO;FALSO;0;
7338;7338;277;6825;aro - acetato;;;6.825,00;0;;;2;;FALSO;FALSO;0;
7340;7340;277;YS64323;aro - acetato;;;380,00;0;;;2;;FALSO;FALSO;0;
7341;7341;277;64297;aro - acetato;;;380,00;0;;;2;;FALSO;FALSO;0;
7342;7342;277;YS64229;aro - acetato;;;380,00;0;;;2;;FALSO;FALSO;0;
7343;7343;277;64301;aro - acetato;;;380,00;0;;;2;;FALSO;FALSO;0;
7344;7344;277;64290;aro - acetato;;;380,00;0;;;2;;FALSO;FALSO;0;
7345;7345;277;06;aro - acetato;;;380,00;0;;;2;;FALSO;FALSO;0;
7346;7346;277;64316;aro - acetato;;;380,00;0;;;2;;FALSO;FALSO;0;
7347;7347;277;64314;aro - acetato;;;380,00;0;;;2;;FALSO;FALSO;0;
7348;7348;277;4238;aro - acetato;;;380,00;0;;;2;;FALSO;FALSO;0;
7349;7349;277;YS64238;aro - acetato;;;380,00;0;;;2;;FALSO;FALSO;0;
7350;7350;277;JC6051;aro - acetato;;;380,00;0;;;2;;FALSO;FALSO;0;
7351;7351;277;6828;aro - acetato;;;380,00;0;;;2;;FALSO;FALSO;0;
7352;7352;277;64284;aro - acetato;;;380,00;0;;;2;;FALSO;FALSO;0;
7353;7353;277;YS6058-JJ;aro - acetato;;;380,00;0;;;2;;FALSO;FALSO;0;
7354;7354;277;YS64249;aro - acetato;;;380,00;0;;;2;;FALSO;FALSO;0;
7355;7355;277;YS72110;aro - acetato;;;380,00;0;;;2;;FALSO;FALSO;0;
7356;7356;277;64314;aro - acetato;;;380,00;0;;;2;;FALSO;FALSO;0;
7357;7357;277;YS6813;aro - acetato;;;380,00;0;;;2;;FALSO;FALSO;0;
7358;7358;277;64300;aro - acetato;;;380,00;0;;;2;;FALSO;FALSO;0;
7359;7359;277;YS72106;aro - acetato;;;380,00;0;;;2;;FALSO;FALSO;0;
7360;7360;277;6827;aro - acetato;;;380,00;0;;;2;;FALSO;FALSO;0;
7361;7361;19;PITCHMAN OX8050-0153;aro - acetato;;;620,00;0;;;2;;FALSO;FALSO;0;
7362;7362;132;BC 8102;aro - acetato;;;260,00;0;;;2;;FALSO;FALSO;0;
7363;7363;132;YC 5013;aro - acetato;;;270,00;0;;;2;;FALSO;FALSO;0;
7364;7364;132;YC 5008;aro - acetato;;;260,00;0;;;2;;FALSO;FALSO;0;
7365;7365;22;RB 3025 019/Z2;aro - metal;;;530,00;0;;;1;;FALSO;FALSO;0;
7366;7366;128;DAGAS 1,61 AR;;;;;0;;;3;;FALSO;FALSO;0;
7367;7367;277;YS 72106;aro - acetato;;;290,00;0;;;2;;FALSO;FALSO;0;
7368;7368;22;RB 3548-N 001/30;aro - metal;;;530,00;0;;;1;;FALSO;FALSO;0;
7369;7369;22;RB 3548 9196/31 54;aro - metal;;;730,00;0;;;1;;FALSO;FALSO;0;
7370;7370;22;RB 4257 6092/2Y;aro - acetato;;;530,00;0;;;1;;FALSO;FALSO;0;
7371;7371;22;RB 4257 6092/5A;aro - acetato;;;530,00;0;;;1;;FALSO;FALSO;0;
7372;7372;22;RB 3532 198/XY;aro - metal;;;690,00;0;;;1;;FALSO;FALSO;0;
7373;7373;22;RB 3531l 006/71 64;aro - metal;;;540,00;0;;;1;;FALSO;FALSO;0;
7374;7374;22;RB 4256 601/71;aro - acetato;;;530,00;0;;;1;;FALSO;FALSO;0;
7375;7375;22;RB 4258 601;aro - acetato;;;650,00;1;;;1;;FALSO;FALSO;0;
7376;7376;22;RB 4238L 710/5A;aro - acetato;;;;0;;;1;;FALSO;FALSO;0;
7377;7377;22;RB 4238L 622/71;aro - acetato;;;500,00;0;;;1;;FALSO;FALSO;0;
7378;7378;22;RB 4187L 601/30;aro - acetato;;;460,00;0;;;1;;FALSO;FALSO;0;
7379;7379;128;Direct Vision 14 Foto;;;;;0;;;2;;FALSO;FALSO;0;
7380;7380;22;RB 3025L 002/58 58;aro - metal;;;980,00;1;;;1;;FALSO;FALSO;0;
7381;7381;132;YC5010 52;aro - acetato;;;260,00;0;;;2;;FALSO;FALSO;0;
7382;7382;132;VS1024;aro - acetato;;;260,00;0;;;2;;FALSO;FALSO;0;
7383;7383;132;YC5012;aro - acetato;;;260,00;0;;;2;;FALSO;FALSO;0;
7384;7384;132;YD1509;aro - acetato;;;230,00;0;;;1;;FALSO;FALSO;0;
7385;7385;37;Spray limpa lentes;;;;10,00;-10;;;2;;FALSO;FALSO;0;
7386;7386;258;YS2076;aro - metal;;;100,00;0;;;2;;FALSO;FALSO;0;
7387;7387;261;A903;aro - metal;;;100,00;0;;;2;;FALSO;FALSO;0;
7388;7388;261;MYJ0015;aro - metal;;;100,00;0;;;2;;FALSO;FALSO;0;
7389;7389;128;MULTIFOCAL AR DIGITAL;;;;;0;;;3;;FALSO;FALSO;0;
7391;7391;284;S1904;aro - metal;;;300,00;0;;;1;;FALSO;FALSO;0;
7392;7392;284;S924;aro - metal;;;300,00;0;;;1;;FALSO;FALSO;0;
7393;7393;284;S5233;aro - metal;;;300,00;0;;;1;;FALSO;FALSO;0;
7394;7394;284;S1918;aro - metal;;;300,00;0;;;1;;FALSO;FALSO;0;
7395;7395;284;S5222;aro - metal;;;300,00;0;;;1;;FALSO;FALSO;0;
7396;7396;284;K831;aro - acetato;;;300,00;0;;;1;;FALSO;FALSO;0;
7397;7397;284;K129;aro - acetato;;;300,00;0;;;1;;FALSO;FALSO;0;
7398;7398;284;S1865;aro - metal;;;300,00;0;;;1;;FALSO;FALSO;0;
7399;7399;284;S5224;aro - acetato;;;300,00;0;;;1;;FALSO;FALSO;0;
7400;7400;284;P546;aro - metal;;;300,00;0;;;1;;FALSO;FALSO;0;
7401;7401;284;RB3016;aro - metal;;;300,00;0;;;1;;FALSO;FALSO;0;
7402;7402;284;60135;aro - metal;;;300,00;-2;;;1;;FALSO;FALSO;0;
7403;7403;284;S1879;aro - acetato;;;300,00;0;;;1;;FALSO;FALSO;0;
7404;7404;284;M3447;aro - metal;;;200,00;0;;;1;;FALSO;FALSO;0;
7405;7405;284;3025;aro - metal;;;198,00;-4;;;1;;FALSO;FALSO;0;
7406;7406;284;3026;aro - metal;;;198,00;-1;;;1;;FALSO;FALSO;0;
7407;7407;284;S908;aro - metal;;;198,00;-1;;;1;;FALSO;FALSO;0;
7408;7408;22;RB 4227 60528G;aro - acetato;;;480,00;0;;;1;;FALSO;FALSO;0;
7409;7409;22;RB 1552L 3663;aro - acetato;;;310,00;0;;;2;;FALSO;FALSO;0;
7410;7410;;;;;;;0;;;2;;FALSO;FALSO;0;
7411;7411;22;RB 6365 2531;aro - metal;;;440,00;0;;;2;;FALSO;FALSO;0;
7412;7412;22;RB 6365 2861;aro - metal;;;440,00;0;;;2;;FALSO;FALSO;0;
7413;7413;22;RB 7095L 5654;aro - acetato;;;380,00;0;;;2;;FALSO;FALSO;0;
7414;7414;22;;;;;;0;;;2;;FALSO;FALSO;0;
7415;7415;22;RB 7095L 5653;aro - acetato;;;380,00;0;;;2;;FALSO;FALSO;0;
7416;7416;22;RB 6343 2860;aro - metal;;;440,00;0;;;2;;FALSO;FALSO;0;
7418;7418;22;RB 5228 5544;aro - acetato;;;470,00;0;;;2;;FALSO;FALSO;0;
7419;7419;22;RB 6346 2904;aro - metal;;;440,00;0;;;2;;FALSO;FALSO;0;
7420;7420;22;RB 6379 2904;aro - metal;;;470,00;0;;;2;;FALSO;FALSO;0;
7421;7421;22;RB 6317 2863;aro - metal;;;490,00;0;;;2;;FALSO;FALSO;0;
7422;7422;22;RB 6344 2861;aro - metal;;;470,00;0;;;2;;FALSO;FALSO;0;
7423;7423;22;RB 4246-V 2000;aro - metal;;;480,00;0;;;2;;FALSO;FALSO;0;
7424;7424;22;RB 6378 2906;aro - metal;;;470,00;0;;;2;;FALSO;FALSO;0;
7425;7425;22;RB 5154 5969 51;aro - metal;;;720,00;1;;;2;;FALSO;FALSO;0;
7426;7426;22;RB 4246-V 2372;aro - metal;;;470,00;0;;;2;;FALSO;FALSO;0;
7427;7427;22;RB 7071L 5196;aro - acetato;;;470,00;0;;;2;;FALSO;FALSO;0;
7428;7428;22;RB6345 2864;fio - metal;;;470,00;0;;;2;;FALSO;FALSO;0;
7429;7429;22;RB 6360 2862;fio - metal;;;470,00;0;;;2;;FALSO;FALSO;0;
7430;7430;22;RB 6345 2732;fio - metal;;;470,00;-1;;;2;;FALSO;FALSO;0;
7431;7431;22;RB 6345 2918;fio - metal;;;470,00;0;;;2;;FALSO;FALSO;0;
7432;7432;22;RB 7031 5400;aro - acetato;;;560,00;0;;;2;;FALSO;FALSO;0;
7433;7433;22;RB 7031 2000;aro - acetato;;;560,00;0;;;1;;FALSO;FALSO;0;
7434;7434;22;RB 7061L 5667;aro - acetato;;;340,00;0;;;2;;FALSO;FALSO;0;
7435;7435;22;RB 2180-V 5677;aro - acetato;;;410,00;1;;;2;;FALSO;FALSO;0;
7436;7436;22;RB 7044L 2301;aro - acetato;;;380,00;-1;;;2;;FALSO;FALSO;0;
7437;7437;22;RB 7041L 5477;aro - acetato;;;380,00;0;;;2;;FALSO;FALSO;0;
7438;7438;22;RB 7061L 5451;aro - acetato;;;320,00;0;;;2;;FALSO;FALSO;0;
7439;7439;22;RB 5353 5630;aro - acetato;;;470,00;0;;;2;;FALSO;FALSO;0;
7440;7440;22;RB 5298 5023;aro - acetato;;;470,00;0;;;2;;FALSO;FALSO;0;
7441;7441;22;RB 5298 5240;aro - acetato;;;470,00;0;;;2;;FALSO;FALSO;0;
7442;7442;22;RB 5228 2126;aro - acetato;;;720,00;0;;;2;;FALSO;FALSO;0;
7443;7443;22;RB 7033L 2000;aro - acetato;;;320,00;0;;;2;;FALSO;FALSO;0;
7444;7444;22;RB 5298 2012;aro - acetato;;;470,00;0;;;2;;FALSO;FALSO;0;
7445;7445;22;RB 7053L 5525;aro - acetato;;;380,00;0;;;2;;FALSO;FALSO;0;
7446;7446;22;RB 7046L 5364;aro - acetato;;;380,00;0;;;2;;FALSO;FALSO;0;
7447;7447;22;RB 7041L 5478;aro - acetato;;;380,00;0;;;2;;FALSO;FALSO;0;
7448;7448;22;RB 7033L 5445;aro - acetato;;;320,00;0;;;2;;FALSO;FALSO;0;
7450;7450;22;RB 7047L 5450;aro - acetato;;;380,00;0;;;2;;FALSO;FALSO;0;
7451;7451;22;RB 7047L 5196;aro - acetato;;;380,00;0;;;2;;FALSO;FALSO;0;
7452;7452;22;RB 7049 5439;aro - acetato;;;440,00;0;;;2;;FALSO;FALSO;0;
7453;7453;22;RB 7072L 5477;aro - acetato;;;380,00;0;;;2;;FALSO;FALSO;0;
7454;7454;22;RB 1565L 3696 49;aro - acetato;;;350,00;0;;;2;;FALSO;FALSO;0;
7455;7455;22;RB 1556L 3688;aro - acetato;;;320,00;0;;;2;;FALSO;FALSO;0;
7456;7456;22;RB 7026L 5196;aro - acetato;;;320,00;0;;;2;;FALSO;FALSO;0;
7457;7457;22;RB 7108L 2000;aro - acetato;;;320,00;0;;;2;;FALSO;FALSO;0;
7458;7458;22;RB 7033L 5444;aro - acetato;;;320,00;0;;;2;;FALSO;FALSO;0;
7459;7459;22;RB 5366 2034;aro - acetato;;;760,00;0;;;2;;FALSO;FALSO;0;
7460;7460;22;RB 7053L 2301;aro - acetato;;;470,00;0;;;2;;FALSO;FALSO;0;
7461;7461;22;RB 7029 5200 55;aro - acetato;;;470,00;0;;;2;;FALSO;FALSO;0;
7462;7462;22;RB 7106L 5697;aro - acetato;;;470,00;0;;;2;;FALSO;FALSO;0;
7463;7463;22;RB 7076L 5615;aro - acetato;;;470,00;0;;;2;;FALSO;FALSO;0;
7464;7464;22;RB 7108L 5445;aro - acetato;;;320,00;0;;;2;;FALSO;FALSO;0;
7465;7465;22;RB 5228 2479;aro - acetato;;;720,00;0;;;2;;FALSO;FALSO;0;
7466;7466;22;RB 7106L 8000;aro - acetato;;;470,00;0;;;2;;FALSO;FALSO;0;
7467;7467;22;RB 7106L 5999;aro - acetato;;;470,00;0;;;2;;FALSO;FALSO;0;
7468;7468;22;RB 7076L 2301;aro - acetato;;;470,00;0;;;2;;FALSO;FALSO;0;
7469;7469;22;RB 7062 5197;aro - acetato;;;470,00;0;;;2;;FALSO;FALSO;0;
7470;7470;22;RB 7062 2077;aro - acetato;;;470,00;0;;;2;;FALSO;FALSO;0;
7471;7471;22;RB 7108L 5696;aro - acetato;;;320,00;0;;;2;;FALSO;FALSO;0;
7472;7472;22;RB 5228 5628;aro - acetato;;;470,00;0;;;2;;FALSO;FALSO;0;
7473;7473;22;RB 7095L 5655;aro - acetato;;;470,00;0;;;2;;FALSO;FALSO;0;
7474;7474;22;RB 5228 5546;aro - acetato;;;470,00;0;;;2;;FALSO;FALSO;0;
7475;7475;22;RB 5356 5607;aro - acetato;;;470,00;1;;;2;;FALSO;FALSO;0;
7476;7476;22;RB 7108L 5695;aro - acetato;;;340,00;0;;;2;;FALSO;FALSO;0;
7477;7477;22;RB 7105L 5693;aro - acetato;;;470,00;0;;;2;;FALSO;FALSO;0;
7479;7479;284;9032;aro - metal;;;400,00;0;;;2;;FALSO;FALSO;0;
7480;7480;284;DS 16158;aro - metal;;;400,00;0;;;2;;FALSO;FALSO;0;
7481;7481;284;DS 16159;aro - metal;;;400,00;0;;;2;;FALSO;FALSO;0;
7482;7482;284;H 90108;aro - metal;;;400,00;0;;;2;;FALSO;FALSO;0;
7483;7483;284;JC 177;fio - metal;;;400,00;-5;;;2;;FALSO;FALSO;0;
7484;7484;284;HX 30265;fio - metal;;;400,00;0;;;2;;FALSO;FALSO;0;
7485;7485;284;1702;aro - metal;;;400,00;-12;;;2;;FALSO;FALSO;0;
7486;7486;284;HX 3005 55;aro - metal;;;400,00;0;;;2;;FALSO;FALSO;0;
7487;7487;284;HX 2005;fio - metal;;;400,00;0;;;2;;FALSO;FALSO;0;
7488;7488;284;HC 12012;aro - metal;;;400,00;0;;;2;;FALSO;FALSO;0;
7489;7489;284;HC 6001;fio - metal;;;400,00;0;;;2;;FALSO;FALSO;0;
7490;7490;284;7016;aro - acetato;;;400,00;-1;;;2;;FALSO;FALSO;0;
7491;7491;284;7013;aro - acetato;;;400,00;-1;;;2;;FALSO;FALSO;0;
7492;7492;284;HX 1531;másc - acetato;;;400,00;0;;;2;;FALSO;FALSO;0;
7493;7493;284;8111;aro - acetato;;;400,00;-1;;;2;;FALSO;FALSO;0;
7494;7494;284;7100;aro - acetato;;;400,00;0;;;2;;FALSO;FALSO;0;
7497;7497;284;CO1-20;aro - acetato;;;400,00;0;;;2;;FALSO;FALSO;0;
7498;7498;284;HX 1599;aro - acetato;;;400,00;0;;;2;;FALSO;FALSO;0;
7499;7499;284;BC 8167;aro - acetato;;;400,00;-2;;;2;;FALSO;FALSO;0;
7500;7500;284;DC 16011;aro - acetato;;;400,00;0;;;2;;FALSO;FALSO;0;
7501;7501;284;CO1-10;aro - acetato;;;400,00;0;;;2;;FALSO;FALSO;0;
7502;7502;284;DC 16017;aro - acetato;;;400,00;0;;;2;;FALSO;FALSO;0;
7503;7503;284;HX 8005;aro - acetato;;;400,00;0;;;2;;FALSO;FALSO;0;
7504;7504;284;DC 16120;aro - acetato;;;400,00;0;;;2;;FALSO;FALSO;0;
7505;7505;284;MY 6018;aro - acetato;;;400,00;0;;;2;;FALSO;FALSO;0;
7506;7506;284;CO 5698;aro - acetato;;;400,00;0;;;2;;FALSO;FALSO;0;
7507;7507;284;HX 1583;aro - acetato;;;400,00;0;;;2;;FALSO;FALSO;0;
7508;7508;284;TR 90;aro - acetato;;;250,00;0;;;2;;FALSO;FALSO;0;
7509;7509;284;CHB-7005;aro - acetato;;;250,00;0;;;2;;FALSO;FALSO;0;
7510;7510;284;T 1658;aro - acetato;;;250,00;-3;;;2;;FALSO;FALSO;0;
7511;7511;284;6225;aro - acetato;;;400,00;-3;;;2;;FALSO;FALSO;0;
7512;7512;284;6226;aro - acetato;;;400,00;-3;;;2;;FALSO;FALSO;0;
7513;7513;284;55-16 AE-8011;aro - acetato;;;400,00;0;;;2;;FALSO;FALSO;0;
7514;7514;284;8950;aro - acetato;;;400,00;0;;;2;;FALSO;FALSO;0;
7515;7515;284;MZ04-01;aro - acetato;;;400,00;0;;;2;;FALSO;FALSO;0;
7516;7516;284;HX 1544;aro - acetato;;;400,00;0;;;2;;FALSO;FALSO;0;
7517;7517;284;VS 1031;aro - acetato;;;400,00;0;;;2;;FALSO;FALSO;0;
7518;7518;284;MZ02-04;aro - acetato;;;400,00;0;;;2;;FALSO;FALSO;0;
7519;7519;284;MZ01-05;aro - acetato;;;400,00;0;;;2;;FALSO;FALSO;0;
7520;7520;284;VS 1051;aro - acetato;;;400,00;-2;;;2;;FALSO;FALSO;0;
7521;7521;284;B 1225Z;aro - acetato;;;400,00;0;;;2;;FALSO;FALSO;0;
7522;7522;19;SLIVER 009262L-01;aro - acetato;;;620,00;0;;;1;;FALSO;FALSO;0;
7523;7523;19;TWOFACE OO9189-26;aro - acetato;;;620,00;0;;;1;;FALSO;FALSO;0;
7524;7524;19;SLIVER OO9262L-01;aro - acetato;;;620,00;0;;;1;;FALSO;FALSO;0;
7525;7525;36;JC 6198;aro - acetato;;;290,00;0;;;2;;FALSO;FALSO;0;
7526;7526;36;JC 7127;aro - acetato;;;290,00;0;;;2;;FALSO;FALSO;0;
7527;7527;36;JC 7129;aro - acetato;;;290,00;0;;;2;;FALSO;FALSO;0;
7528;7528;36;JC 7122;aro - acetato;;;290,00;0;;;2;;FALSO;FALSO;0;
7529;7529;36;JC 7112;aro - acetato;;;290,00;0;;;2;;FALSO;FALSO;0;
7530;7530;36;JC 829;aro - acetato;;;290,00;0;;;2;;FALSO;FALSO;0;
7531;7531;36;JC 6200;aro - acetato;;;290,00;0;;;2;;FALSO;FALSO;0;
7532;7532;36;JC 7130;aro - acetato;;;290,00;0;;;2;;FALSO;FALSO;0;
7533;7533;36;JC 6204;aro - acetato;;;290,00;0;;;2;;FALSO;FALSO;0;
7534;7534;36;JC 7123;aro - acetato;;;290,00;0;;;2;;FALSO;FALSO;0;
7535;7535;36;JC 830;aro - acetato;;;290,00;0;;;2;;FALSO;FALSO;0;
7536;7536;36;JC 7132;aro - acetato;;;290,00;0;;;2;;FALSO;FALSO;0;
7537;7537;36;JC 6157;aro - acetato;;;290,00;0;;;2;;FALSO;FALSO;0;
7538;7538;36;JC 7117;aro - acetato;;;290,00;0;;;2;;FALSO;FALSO;0;
7539;7539;36;JC 7135;aro - acetato;;;290,00;0;;;2;;FALSO;FALSO;0;
7540;7540;36;JC 6185;aro - acetato;;;290,00;0;;;2;;FALSO;FALSO;0;
7541;7541;36;JC 7110;aro - acetato;;;290,00;0;;;2;;FALSO;FALSO;0;
7542;7542;36;JC 7121;aro - acetato;;;290,00;0;;;2;;FALSO;FALSO;0;
7543;7543;36;JC 7131;aro - acetato;;;290,00;0;;;2;;FALSO;FALSO;0;
7544;7544;36;JC 7110;aro - acetato;;;290,00;0;;;2;;FALSO;FALSO;0;
7545;7545;36;JC 6201;aro - acetato;;;290,00;0;;;2;;FALSO;FALSO;0;
7546;7546;36;JC 7124;aro - acetato;;;290,00;0;;;2;;FALSO;FALSO;0;
7547;7547;36;JC 7133;aro - acetato;;;290,00;0;;;2;;FALSO;FALSO;0;
7548;7548;36;JC 9005;aro - acetato;;;290,00;0;;;2;;FALSO;FALSO;0;
7549;7549;36;JC 9002;aro - acetato;;;290,00;0;;;2;;FALSO;FALSO;0;
7550;7550;22;RB3447 112/72;aro - metal;;;550,00;0;;;1;;FALSO;FALSO;0;
7552;7552;22;RB 4257 601-71 53;aro - acetato;;;480,00;1;;;1;;FALSO;FALSO;0;
7553;7553;22;RB 3025L 001/58 62 POL.;aro - metal;;;690,00;-1;;;1;;FALSO;FALSO;0;
7554;7554;22;RB 3429-M 001 58;aro - metal;;;550,00;-1;;;1;;FALSO;FALSO;0;
7555;7555;22;RB 3561L 001/3F 57;aro - metal;;;830,00;0;;;1;;FALSO;FALSO;0;
7556;7556;22;RB 3561 9001/A5 57;aro - metal;;;660,00;0;;;1;;FALSO;FALSO;0;
7557;7557;22;RB 3540L 001/7Y 56;aro - metal;;;650,00;0;;;1;;FALSO;FALSO;0;
7558;7558;22;RB 3543 029/60 59;aro - metal;;;590,00;0;;;1;;FALSO;FALSO;0;
7560;7560;22;RB 3561 001 GENERAL;aro - metal;;;550,00;0;;;1;;FALSO;FALSO;0;
7561;7561;22;RB 4165L 622/6G JUSTIN;aro - acetato;;;480,00;0;;;1;;FALSO;FALSO;0;
7562;7562;22;RB 3447L 122/Z2 ROUND;aro - metal;;;530,00;0;;;1;;FALSO;FALSO;0;
7563;7563;22;RB 4221L 865/13;aro - acetato;;;480,00;0;;;1;;FALSO;FALSO;0;
7564;7564;22;RB 3025L 181/71;aro - metal;;;550,00;0;;;1;;FALSO;FALSO;0;
7565;7565;22;RB 3025L  W3277;aro - metal;;;530,00;0;;;1;;FALSO;FALSO;0;
7566;7566;22;RB 3025 167/2K;aro - metal;;;530,00;-1;;;1;;FALSO;FALSO;0;
7567;7567;22;RB 3543 003/5J;aro - metal;;;630,00;0;;;1;;FALSO;FALSO;0;
7568;7568;22;RB 4175 877/76;aro - acetato;;;630,00;0;;;1;;FALSO;FALSO;0;
7569;7569;22;RB 4202 6069/71 ANDY;aro - acetato;;;440,00;0;;;1;;FALSO;FALSO;0;
7570;7570;22;RB 3647-N  002/58;aro - metal;;;680,00;0;;;1;;FALSO;FALSO;0;
7571;7571;22;RB 4246 1160;aro - acetato;;;530,00;0;;;1;;FALSO;FALSO;0;
7572;7572;128;EXATIK DIGITAL TRANSITIONS;;;;1.300,00;0;;;3;;FALSO;FALSO;0;
7573;7573;22;RB 4264 601-S/A1;aro - acetato;;;720,00;0;;;1;;FALSO;FALSO;0;
7574;7574;128;DAGAS 1.67 AR;;;;480,00;0;;;3;;FALSO;FALSO;0;
7575;7575;128;MULTI.TRANSITIONS;;;;930,00;0;;;3;;FALSO;FALSO;0;
7576;7576;128;VS AR 1.74;;;;;0;;;3;;FALSO;FALSO;0;
7577;7577;19;oo9102-90 55;aro - acetato;;;580,00;0;;;1;;FALSO;FALSO;0;
7578;7578;128;VS AR 1.61;;;;;0;;;3;;FALSO;FALSO;0;
7579;7579;128;DIRECT VISION 14 FOTO AR;;;;;0;;;3;;FALSO;FALSO;0;
7580;7580;128;V.Liberty Digital Trans AR;;;;;0;;;3;;FALSO;FALSO;0;
7581;7581;22;RB 3025L W3234 55;aro - metal;;;500,00;0;;;1;;FALSO;FALSO;0;
7583;7583;22;RB 4171L 710/T5 54 3P;aro - acetato;;;630,00;0;;;1;;FALSO;FALSO;0;
7584;7584;284;;;;;;0;;;3;;FALSO;FALSO;0;
7586;7586;128;KODAK MULTIFOCAL DIGITAL;;;;390,00;0;;;1;;FALSO;FALSO;0;
7587;7587;285;MULTIFOCAL TRANSITIONS DIGITAL AR;;;;;0;;;3;;FALSO;FALSO;0;
7589;7589;286;MULTIFOCAL DIGITAL;;;;;0;;;3;;FALSO;FALSO;0;
7591;7591;286;HOYA MULTIFOCAL DIGITAL;;;;;0;;;3;;FALSO;FALSO;0;
7594;7594;128;HOYA MULTIFOCAL DIGITAL;;;;;0;;;3;;FALSO;FALSO;0;
7595;7595;19;CROSSHAIR OO4060-03;aro - metal;;;650,00;0;;;1;;FALSO;FALSO;0;
7596;7596;22;RB 3025L 019/Z2;aro - metal;;;940,00;0;;;1;;FALSO;FALSO;0;
7597;7597;19;GAUGE 8 004124-0362;aro - metal;;;740,00;0;;;1;;FALSO;FALSO;0;
7598;7598;128;Multifocal Digital AR;;;;;0;;;3;;FALSO;FALSO;0;
7599;7599;22;RB 3025 002/58 POLARIZADO;aro - metal;;;600,00;0;;;1;;FALSO;FALSO;0;
7600;7600;128;MULTIFOCAL DIGITAL FOTO;;;;;0;;;3;;FALSO;FALSO;0;
7601;7601;49;TR B5459 53;aro - acetato;;;;0;;;1;;FALSO;FALSO;0;
7602;7602;49;TP B5462 60;aro - acetato;;;;0;;;1;;FALSO;FALSO;0;
7603;7603;49;;;;;;0;;;1;;FALSO;FALSO;0;
7604;7604;49;TP B5457;aro - acetato;;;;0;;;1;;FALSO;FALSO;0;
7605;7605;49;TP B5464;aro - acetato;;;;0;;;1;;FALSO;FALSO;0;
7606;7606;49;TP B5397;aro - acetato;;;;0;;;1;;FALSO;FALSO;0;
7607;7607;19;SPLINTER OX8077L-0754;aro - acetato;;;580,00;0;;;2;;FALSO;FALSO;0;
7608;7608;36;HT 80062;aro - acetato;;;220,00;0;;;2;;FALSO;FALSO;0;
7609;7609;36;8031;aro - acetato;;;220,00;0;;;2;;FALSO;FALSO;0;
7610;7610;36;HT 11028;Aro Fechado;;;220,00;0;;;2;;FALSO;FALSO;0;
7611;7611;36;HT77043;aro - metal;;;220,00;0;;;2;;FALSO;FALSO;0;
7612;7612;36;HT80056;aro - acetato;;;220,00;0;;;2;;FALSO;FALSO;0;
7613;7613;36;17201;aro - acetato;;;220,00;0;;;2;;FALSO;FALSO;0;
7614;7614;36;17202;aro - acetato;;;220,00;0;;;2;;FALSO;FALSO;0;
7615;7615;36;8045;aro - acetato;;;220,00;0;;;2;;FALSO;FALSO;0;
7616;7616;36;8085;aro - acetato;;;220,00;0;;;2;;FALSO;FALSO;0;
7617;7617;36;JC6156;aro - acetato;;;220,00;0;;;2;;FALSO;FALSO;0;
7618;7618;36;5013;aro - acetato;;;220,00;0;;;2;;FALSO;FALSO;0;
7619;7619;36;DI870;aro - acetato;;;220,00;0;;;2;;FALSO;FALSO;0;
7620;7620;36;80291;aro - acetato;;;220,00;0;;;2;;FALSO;FALSO;0;
7621;7621;36;5018;aro - acetato;;;220,00;0;;;2;;FALSO;FALSO;0;
7622;7622;36;85361;aro - acetato;;;220,00;0;;;2;;FALSO;FALSO;0;
7623;7623;36;7057;aro - acetato;;;220,00;0;;;2;;FALSO;FALSO;0;
7624;7624;36;8048;aro - acetato;;;220,00;0;;;2;;FALSO;FALSO;0;
7625;7625;36;17017;aro - acetato;;;290,00;0;;;2;;FALSO;FALSO;0;
7626;7626;36;1504;aro - acetato;;;290,00;-1;;;2;;FALSO;FALSO;0;
7627;7627;36;17006;aro - acetato;;;290,00;0;;;2;;FALSO;FALSO;0;
7628;7628;36;0000;aro - acetato;;;260,00;-184;;;2;;FALSO;FALSO;0;
7629;7629;36;BR560;aro - acetato;;;290,00;0;;;2;;FALSO;FALSO;0;
7630;7630;19;OX 8050-0553 PITCHMAN;aro - acetato;;;620,00;0;;;2;;FALSO;FALSO;0;
7631;7631;19;OY 8002-0351 CROSSLINK XS;aro - acetato;;;380,00;0;;;2;;FALSO;FALSO;0;
7632;7632;19;OY8003-0550;aro - acetato;;;450,00;1;;;2;;FALSO;FALSO;0;
7633;7633;55;;;;;;0;;;3;;FALSO;FALSO;0;
7634;7634;128;Multifocal Varilux Comfort Short 360 3.0 orma;;;;;0;;;3;;FALSO;FALSO;0;
7635;7635;19;OX8081-0253 PLANK;aro - acetato;;;405,00;0;;;2;;FALSO;FALSO;0;
7636;7636;22;RB 3522 004/9A;aro - metal;;;720,00;0;;;1;;FALSO;FALSO;0;
7637;7637;19;OX8121-0355 55 AIRDROP MNP;aro - acetato;;;670,00;0;;;2;;FALSO;FALSO;0;
7638;7638;19;OX5118-0153 WINGFOLD EVR;Parafusada;;;570,00;0;;;2;;FALSO;FALSO;0;
7639;7639;128;VS AR 1.74;másc - metal;;;;0;;;2;;FALSO;FALSO;0;
7641;7641;132;SD5607;aro - acetato;;;240,00;0;;;2;;FALSO;FALSO;0;
7642;7642;132;FD5005;aro - metal;;;240,00;0;;;2;;FALSO;FALSO;0;
7643;7643;132;DS17011;aro - metal;;;240,00;0;;;2;;FALSO;FALSO;0;
7644;7644;132;MB2628;aro - acetato;;;240,00;0;;;2;;FALSO;FALSO;0;
7645;7645;132;FD6066;aro - acetato;;;240,00;0;;;2;;FALSO;FALSO;0;
7646;7646;132;SL3145;aro - acetato;;;240,00;0;;;2;;FALSO;FALSO;0;
7647;7647;132;SL5297;aro - acetato;;;240,00;0;;;2;;FALSO;FALSO;0;
7648;7648;132;MT2588;aro - acetato;;;240,00;0;;;2;;FALSO;FALSO;0;
7649;7649;132;2826;aro - acetato;;;240,00;0;;;2;;FALSO;FALSO;0;
7650;7650;132;MC3222;aro - acetato;;;290,00;0;;;1;;FALSO;FALSO;0;
7651;7651;132;TS601;aro - acetato;;;290,00;0;;;1;;FALSO;FALSO;0;
7652;7652;132;17215;másc - acetato;;;240,00;0;;;1;;FALSO;FALSO;0;
7653;7653;132;DST6619;másc - acetato;;;240,00;0;;;1;;FALSO;FALSO;0;
7654;7654;132;DST6608;másc - acetato;;;240,00;0;;;1;;FALSO;FALSO;0;
7655;7655;132;B88-2057;aro - metal;;;240,00;0;;;1;;FALSO;FALSO;0;
7656;7656;132;JF105;másc - acetato;;;240,00;0;;;1;;FALSO;FALSO;0;
7657;7657;284;;;;;;0;;;2;;FALSO;FALSO;0;
7658;7658;284;AP024;aro - acetato;;;290,00;0;;;1;;FALSO;FALSO;0;
7659;7659;284;DST6610;aro - acetato;;;290,00;0;;;1;;FALSO;FALSO;0;
7660;7660;284;ZY-1005;aro - acetato;;;290,00;0;;;1;;FALSO;FALSO;0;
7661;7661;284;CO1-128;aro - acetato;;;230,00;0;;;2;;FALSO;FALSO;0;
7662;7662;284;A028;aro - acetato;;;290,00;-1;;;1;;FALSO;FALSO;0;
7663;7663;284;SL5206;aro - acetato;;;230,00;0;;;2;;FALSO;FALSO;0;
7664;7664;284;5773;aro - acetato;;;260,00;-2;;;1;;FALSO;FALSO;0;
7665;7665;284;HT11029;aro - acetato;;;230,00;0;;;2;;FALSO;FALSO;0;
7666;7666;284;MZ12-03;aro - acetato;;;230,00;0;;;2;;FALSO;FALSO;0;
7667;7667;284;M018;aro - acetato;;;260,00;-1;;;1;;FALSO;FALSO;0;
7668;7668;284;HX6-17004;aro - acetato;;;230,00;0;;;2;;FALSO;FALSO;0;
7669;7669;284;X8001;aro - acetato;;;230,00;0;;;2;;FALSO;FALSO;0;
7670;7670;284;T18735;aro - acetato;;;230,00;0;;;2;;FALSO;FALSO;0;
7671;7671;284;MZ13-06;aro - acetato;;;230,00;0;;;2;;FALSO;FALSO;0;
7672;7672;284;17202;aro - metal;;;260,00;-2;;;1;;FALSO;FALSO;0;
7673;7673;284;80606;aro - acetato;;;230,00;0;;;2;;FALSO;FALSO;0;
7674;7674;284;MY6036;aro - acetato;;;230,00;0;;;2;;FALSO;FALSO;0;
7675;7675;284;TP17428;aro - acetato;;;260,00;0;;;1;;FALSO;FALSO;0;
7676;7676;284;MY6069;aro - acetato;;;230,00;1;;;2;;FALSO;FALSO;0;
7677;7677;284;SL3108;aro - acetato;;;230,00;0;;;2;;FALSO;FALSO;0;
7678;7678;284;S 846 P;aro - acetato;;;260,00;0;;;1;;FALSO;FALSO;0;
7679;7679;284;B2233-TR;aro - acetato;;;230,00;0;;;2;;FALSO;FALSO;0;
7680;7680;284;AB55101;aro - acetato;;;260,00;0;;;1;;FALSO;FALSO;0;
7681;7681;284;WD5502;fio - metal;;;230,00;0;;;2;;FALSO;FALSO;0;
7683;7683;284;172022;aro - acetato;;;290,00;0;;;1;;FALSO;FALSO;0;
7684;7684;284;ZY-1002;aro - acetato;;;260,00;0;;;2;;FALSO;FALSO;0;
7687;7687;284;172031;aro - acetato;;;260,00;-1;;;1;;FALSO;FALSO;0;
7691;7691;284;MB01-04;aro - acetato;;;230,00;0;;;2;;FALSO;FALSO;0;
7692;7692;284;ZY-1008;aro - acetato;;;260,00;0;;;1;;FALSO;FALSO;0;
7693;7693;284;172023;aro - acetato;;;260,00;0;;;1;;FALSO;FALSO;0;
7694;7694;284;172028;aro - acetato;;;260,00;0;;;1;;FALSO;FALSO;0;
7695;7695;284;DB1002;aro - acetato;;;260,00;0;;;1;;FALSO;FALSO;0;
7696;7696;284;S891P;aro - acetato;;;260,00;0;;;1;;FALSO;FALSO;0;
7697;7697;284;172016;aro - acetato;;;260,00;-1;;;1;;FALSO;FALSO;0;
7698;7698;284;172012;aro - acetato;;;260,00;0;;;1;;FALSO;FALSO;0;
7699;7699;284;B2250-TR;aro - acetato;;;230,00;0;;;2;;FALSO;FALSO;0;
7700;7700;284;AP006;aro - acetato;;;260,00;0;;;1;;FALSO;FALSO;0;
7701;7701;284;172024;aro - acetato;;;260,00;0;;;1;;FALSO;FALSO;0;
7705;7705;284;S 919P;aro - acetato;;;260,00;0;;;1;;FALSO;FALSO;0;
7710;7710;284;MP022;aro - metal;;;260,00;0;;;1;;FALSO;FALSO;0;
7712;7712;284;ZZ4019;aro - acetato;;;230,00;0;;;2;;FALSO;FALSO;0;
7713;7713;284;BC8209;aro - acetato;;;230,00;0;;;2;;FALSO;FALSO;0;
7714;7714;284;CO1-127;aro - acetato;;;230,00;-2;;;2;;FALSO;FALSO;0;
7715;7715;284;TP010;aro - acetato;;;260,00;0;;;1;;FALSO;FALSO;0;
7716;7716;284;CO1-128;aro - acetato;;;230,00;0;;;2;;FALSO;FALSO;0;
7717;7717;284;TP17428;aro - acetato;;;260,00;0;;;1;;FALSO;FALSO;0;
7718;7718;284;8988;aro - acetato;;;230,00;0;;;2;;FALSO;FALSO;0;
7719;7719;284;16209;aro - acetato;;;260,00;-10;;;1;;FALSO;FALSO;0;
7720;7720;284;FD09073;aro - acetato;;;230,00;-1;;;2;;FALSO;FALSO;0;
7721;7721;284;17020;aro - acetato;;;260,00;0;;;1;;FALSO;FALSO;0;
7722;7722;284;8947;aro - acetato;;;230,00;0;;;2;;FALSO;FALSO;0;
7723;7723;284;FD09099;aro - acetato;;;230,00;0;;;2;;FALSO;FALSO;0;
7724;7724;284;SL5235;aro - acetato;;;230,00;-1;;;2;;FALSO;FALSO;0;
7725;7725;284;MZ01-05;aro - acetato;;;230,00;0;;;2;;FALSO;FALSO;0;
7726;7726;284;MY6022;aro - acetato;;;230,00;-2;;;2;;FALSO;FALSO;0;
7727;7727;284;5031;aro - acetato;;;230,00;-3;;;2;;FALSO;FALSO;0;
7728;7728;284;T18735;aro - acetato;;;230,00;0;;;2;;FALSO;FALSO;0;
7729;7729;284;TP001;aro - acetato;;;260,00;-1;;;1;;FALSO;FALSO;0;
7730;7730;284;BR3030;aro - acetato;;;260,00;0;;;1;;FALSO;FALSO;0;
7731;7731;284;DC16138;aro - acetato;;;230,00;0;;;2;;FALSO;FALSO;0;
7732;7732;284;A020;aro - acetato;;;290,00;-1;;;1;;FALSO;FALSO;0;
7733;7733;284;5033;aro - acetato;;;230,00;-1;;;2;;FALSO;FALSO;0;
7735;7735;284;S 826 P;aro - acetato;;;260,00;-1;;;1;;FALSO;FALSO;0;
7736;7736;284;WD5502;fio - metal;;;230,00;0;;;2;;FALSO;FALSO;0;
7737;7737;284;GFA2070;aro - acetato;;;230,00;0;;;2;;FALSO;FALSO;0;
7738;7738;284;MP035;aro - acetato;;;290,00;0;;;1;;FALSO;FALSO;0;
7739;7739;284;ZZ4019;aro - acetato;;;230,00;0;;;2;;FALSO;FALSO;0;
7740;7740;284;JC6304;aro - acetato;;;230,00;-3;;;2;;FALSO;FALSO;0;
7741;7741;284;MY6069;aro - acetato;;;230,00;-1;;;2;;FALSO;FALSO;0;
7742;7742;284;2579;aro - acetato;;;260,00;-2;;;1;;FALSO;FALSO;0;
7743;7743;284;5051;aro - acetato;;;230,00;-2;;;2;;FALSO;FALSO;0;
7744;7744;284;AP022;aro - acetato;;;290,00;0;;;1;;FALSO;FALSO;0;
7745;7745;284;B88-2069;aro - acetato;;;260,00;0;;;1;;FALSO;FALSO;0;
7746;7746;284;SSJ1462;aro - acetato;;;290,00;0;;;1;;FALSO;FALSO;0;
7747;7747;284;ZY-1008;aro - acetato;;;290,00;0;;;1;;FALSO;FALSO;0;
7748;7748;284;TP004;aro - acetato;;;290,00;0;;;1;;FALSO;FALSO;0;
7749;7749;284;TP17432;aro - acetato;;;290,00;0;;;1;;FALSO;FALSO;0;
7750;7750;284;DST6612;aro - acetato;;;290,00;0;;;1;;FALSO;FALSO;0;
7751;7751;284;TP17430;aro - acetato;;;290,00;0;;;1;;FALSO;FALSO;0;
7752;7752;284;AP027;aro - acetato;;;290,00;-1;;;1;;FALSO;FALSO;0;
7753;7753;284;DB1001;aro - acetato;;;290,00;0;;;1;;FALSO;FALSO;0;
7754;7754;284;AP022;aro - acetato;;;290,00;0;;;1;;FALSO;FALSO;0;
7755;7755;284;ZY-1008;aro - acetato;;;290,00;0;;;1;;FALSO;FALSO;0;
7756;7756;284;TP17433;aro - acetato;;;290,00;0;;;1;;FALSO;FALSO;0;
7757;7757;284;S827 P;aro - acetato;;;290,00;0;;;1;;FALSO;FALSO;0;
7758;7758;284;S 919P;aro - acetato;;;290,00;0;;;1;;FALSO;FALSO;0;
7759;7759;284;172017;aro - acetato;;;290,00;-1;;;1;;FALSO;FALSO;0;
7760;7760;284;S 911P;aro - acetato;;;260,00;0;;;1;;FALSO;FALSO;0;
7761;7761;284;172029;aro - acetato;;;290,00;0;;;1;;FALSO;FALSO;0;
7762;7762;19;OO9380-0166 Double Edge;Aro Fechado;;;530,00;0;;;1;;FALSO;FALSO;0;
7763;7763;19;OO9367-0860 DropPoint;Aro Fechado;;;740,00;0;;;1;;FALSO;FALSO;0;
7764;7764;;Hoya Argos Trivex;;;;;0;;;3;;FALSO;FALSO;0;
7766;7766;285;Multifocal Kodak;aro - metal;;;299,00;0;;;3;;FALSO;FALSO;0;
7767;7767;128;Hoyalux Wide Clean Extra;;;;;0;;;3;;FALSO;FALSO;0;
7769;7769;128;KODAK MULTIFOCAL AR;;;;;0;;;3;;FALSO;FALSO;0;
7770;7770;261;A005;aro - acetato;;;150,00;0;;;1;;FALSO;FALSO;0;
7771;7771;261;A003;aro - acetato;;;150,00;0;;;1;;FALSO;FALSO;0;
7772;7772;261;A002;aro - acetato;;;150,00;0;;;1;;FALSO;FALSO;0;
7773;7773;261;A001;aro - acetato;;;150,00;-8;;;1;;FALSO;FALSO;0;
7774;7774;95;MOD 6007;aro - acetato;;;150,00;1;;;2;;FALSO;FALSO;0;
7775;7775;261;A004;aro - acetato;;;150,00;0;;;1;;FALSO;FALSO;0;
7776;7776;95;MOD 6003;aro - acetato;;;230,00;-1;;;2;;FALSO;FALSO;0;
7777;7777;277;YS26021;aro - metal;2,00;;220,00;0;;;1;;FALSO;FALSO;0;
7778;7778;95;MOD 6004;aro - acetato;;;150,00;0;;;2;;FALSO;FALSO;0;
7779;7779;261;MS8170;aro - acetato;;;150,00;0;;;2;;FALSO;FALSO;0;
7780;7780;261;A009;aro - acetato;;;150,00;0;;;2;;FALSO;FALSO;0;
7781;7781;261;A006;aro - acetato;;;150,00;0;;;2;;FALSO;FALSO;0;
7782;7782;261;A007;aro - acetato;;;150,00;0;;;2;;FALSO;FALSO;0;
7783;7783;261;A007;aro - acetato;;;150,00;0;;;2;;FALSO;FALSO;0;
7784;7784;102;2771;aro - acetato;;;150,00;0;;;2;;FALSO;FALSO;0;
7786;7786;286;E004;aro - acetato;;;150,00;0;;;2;;FALSO;FALSO;0;
7787;7787;95;MOD 6009;aro - acetato;;;180,00;0;;;2;;FALSO;FALSO;0;
7788;7788;95;MOD 6013;aro - acetato;;;230,00;0;;;2;;FALSO;FALSO;0;
7789;7789;261;MY 3030;aro - acetato;;;150,00;0;;;2;;FALSO;FALSO;0;
7790;7790;95;6005;aro - acetato;;;150,00;0;;;2;;FALSO;FALSO;0;
7791;7791;261;MS8170;aro - acetato;;;150,00;1;;;2;;FALSO;FALSO;0;
7792;7792;95;6007;aro - acetato;;;150,00;0;;;1;;FALSO;FALSO;0;
7793;7793;261;S22160;aro - metal;;;150,00;0;;;2;;FALSO;FALSO;0;
7794;7794;95;6001;aro - acetato;;;150,00;0;;;2;;FALSO;FALSO;0;
7795;7795;286;50202;aro - metal;;;150,00;0;;;2;;FALSO;FALSO;0;
7796;7796;102;2209;fio - metal;;;150,00;0;;;2;;FALSO;FALSO;0;
7797;7797;286;CD6806;aro - metal;;;150,00;0;;;2;;FALSO;FALSO;0;
7798;7798;261;MY7005;aro - acetato;;;150,00;0;;;2;;FALSO;FALSO;0;
7799;7799;277;YS26023;aro - metal;;;220,00;0;;;2;;FALSO;FALSO;0;
7800;7800;277;YS26021;aro - metal;;;220,00;0;;;2;;FALSO;FALSO;0;
7801;7801;22;RB 5298 5549;aro - acetato;;;430,00;0;;;2;;FALSO;FALSO;0;
7802;7802;22;RB 5228 5712;aro - acetato;;;470,00;0;;;2;;FALSO;FALSO;0;
7803;7803;22;RB 5228 5710;aro - acetato;;;1,00;0;;;2;;FALSO;FALSO;0;
7804;7804;22;RB 3025L 181 58;aro - metal;;;550,00;0;;;1;;FALSO;FALSO;0;
7805;7805;19;OX 8121-0155;aro - acetato;;;580,00;0;;;2;;FALSO;FALSO;0;
7806;7806;19;ox8078l-0554 HIPERLINK;aro - acetato;;;440,00;0;;;2;;FALSO;FALSO;0;
7807;7807;19;OX8103-0149 STEEL LINER;aro - acetato;;;590,00;1;;;2;;FALSO;FALSO;0;
7808;7808;128;SPACE SHORT ORMA ACLLIMATES;;;;;;;;3;;FALSO;FALSO;0;
7809;7809;128;VARILUX COMFORT 360 CRIZAL PREVENCIA;;;;;0;;;3;;FALSO;FALSO;0;
7810;7810;128;VS COLORIDO;;;;;0;;;3;;FALSO;FALSO;0;
7812;7812;261;MYJ0023;fio - metal;;;120,00;0;;;2;;FALSO;FALSO;0;
7813;7813;261;MYJ0022;fio - metal;;;120,00;0;;;2;;FALSO;FALSO;0;
7814;7814;102;2589;fio - metal;;;140,00;0;;;2;;FALSO;FALSO;0;
7815;7815;102;2458;fio - metal;;;140,00;0;;;2;;FALSO;FALSO;0;
7816;7816;102;HZ10394;fio - metal;;;140,00;0;;;2;;FALSO;FALSO;0;
7817;7817;102;2618;fio - metal;;;140,00;0;;;2;;FALSO;FALSO;0;
7818;7818;102;DA2012;fio - metal;;;140,00;0;;;2;;FALSO;FALSO;0;
7819;7819;119;277;fio - metal;;;140,00;0;;;2;;FALSO;FALSO;0;
7820;7820;19;ox 3217-0455;aro - metal;;;;0;;;2;;FALSO;FALSO;0;
7821;7821;284;ARMAÇOES MOD. VAR;;;;280,00;-586;;;2;;FALSO;FALSO;0;
7822;7822;128;VS AR cilindro acima de 2;;;;;0;;;3;;FALSO;FALSO;0;
7823;7823;128;KODAL MULTIFOCAL DIGITAL AR;;;;;0;;;3;;FALSO;FALSO;0;
7824;7824;128;ARGOS TRANSITIONS AR HARD;;;;;0;;;3;;FALSO;FALSO;0;
7825;7825;287;1347;fio - metal;;;340,00;0;;;2;;FALSO;FALSO;0;
7826;7826;285;MULTIFOCAL KODALK;;;;;0;;;3;;FALSO;FALSO;0;
7827;7827;128;KODAK MULTIFOCAL;;;;;0;;;3;;FALSO;FALSO;0;
7829;7829;;;;;;;0;;;2;;FALSO;FALSO;0;
7830;7830;288;MK4029;;;;;0;;;2;;FALSO;FALSO;0;
7831;7831;289;5052 48;;;;;0;;;2;;FALSO;FALSO;0;
7832;7832;128;VS AR 1,59;;;;;0;;;3;;FALSO;FALSO;0;
7833;7833;2;AN 7133L 2499;aro - acetato;;;320,00;0;;;2;;FALSO;FALSO;0;
7834;7834;2;AN 7088L 2216;aro - acetato;;;320,00;0;;;2;;FALSO;FALSO;0;
7835;7835;2;AN 7088L 2535;aro - acetato;;;320,00;0;;;2;;FALSO;FALSO;0;
7836;7836;2;AN 7088L 2298;aro - acetato;;;320,00;0;;;2;;FALSO;FALSO;0;
7837;7837;2;AN 7149L 01;aro - acetato;;;320,00;0;;;2;;FALSO;FALSO;0;
7838;7838;2;AN 7146L 41;aro - acetato;;;320,00;0;;;2;;FALSO;FALSO;0;
7839;7839;2;AN 7154L 2556;aro - acetato;;;320,00;0;;;2;;FALSO;FALSO;0;
7840;7840;2;AN 7115L 2445;aro - acetato;;;320,00;0;;;2;;FALSO;FALSO;0;
7841;7841;2;AN 7133L 2375;aro - acetato;;;320,00;0;;;2;;FALSO;FALSO;0;
7842;7842;2;WOOT 6116 696 53;aro - metal;;;380,00;0;;;2;;FALSO;FALSO;0;
7843;7843;2;AN 7125L 2468;aro - acetato;;;320,00;0;;;2;;FALSO;FALSO;0;
7844;7844;2;AN 7105L 2316;aro - acetato;;;320,00;0;;;2;;FALSO;FALSO;0;
7845;7845;2;AN 7156L 2556;aro - acetato;;;320,00;0;;;2;;FALSO;FALSO;0;
7846;7846;2;AN 7149L 2534;aro - acetato;;;320,00;0;;;2;;FALSO;FALSO;0;
7847;7847;2;AN 7112L 2403;aro - acetato;;;340,00;0;;;2;;FALSO;FALSO;0;
7848;7848;2;AN 7075L 2248;aro - acetato;;;340,00;0;;;2;;FALSO;FALSO;0;
7849;7849;2;AN 7075L 2216;aro - acetato;;;340,00;0;;;2;;FALSO;FALSO;0;
7850;7850;2;AN 7125L 2472;aro - acetato;;;340,00;0;;;2;;FALSO;FALSO;0;
7851;7851;2;AN 7069L 2248;aro - acetato;;;340,00;-1;;;2;;FALSO;FALSO;0;
7852;7852;2;AN 7125L 01;aro - acetato;;;340,00;0;;;2;;FALSO;FALSO;0;
7853;7853;2;AN 7154L 2557;aro - acetato;;;340,00;0;;;2;;FALSO;FALSO;0;
7854;7854;2;AN 7133L 2556;aro - acetato;;;340,00;0;;;2;;FALSO;FALSO;0;
7855;7855;2;AN 7146L 01;aro - acetato;;;340,00;0;;;2;;FALSO;FALSO;0;
7856;7856;2;AN 7115L 447;aro - acetato;;;340,00;0;;;2;;FALSO;FALSO;0;
7857;7857;2;AN 7073L 2216;aro - acetato;;;340,00;0;;;2;;FALSO;FALSO;0;
7858;7858;2;AN 7069L 2444;aro - acetato;;;340,00;0;;;2;;FALSO;FALSO;0;
7859;7859;2;AN 7073L 2248;aro - acetato;;;340,00;0;;;2;;FALSO;FALSO;0;
7860;7860;2;AN 7105L 01;aro - acetato;;;340,00;0;;;2;;FALSO;FALSO;0;
7861;7861;2;AN 7070L 01;aro - acetato;;;340,00;-1;;;2;;FALSO;FALSO;0;
7862;7862;2;AN 7075L 2318;aro - acetato;;;340,00;0;;;2;;FALSO;FALSO;0;
7863;7863;2;AN 7115L 2240;aro - acetato;;;340,00;0;;;2;;FALSO;FALSO;0;
7864;7864;128;VARILUX COMFORT 360 3.0 ORMA AR;;;;;0;;;3;;FALSO;FALSO;0;
7865;7865;79;JL5006 51;aro - acetato;;;180,00;0;;;2;;FALSO;FALSO;0;
7866;7866;79;TY5020 46;aro - acetato;;;180,00;2;;;2;;FALSO;FALSO;0;
7867;7867;79;TY5012 52;aro - acetato;;;180,00;0;;;2;;FALSO;FALSO;0;
7868;7868;79;TY5009;aro - acetato;;;180,00;0;;;2;;FALSO;FALSO;0;
7869;7869;79;TY5014 53;aro - acetato;;;180,00;0;;;2;;FALSO;FALSO;0;
7870;7870;79;T222-B;aro - acetato;;;180,00;0;;;2;;FALSO;FALSO;0;
7871;7871;79;TY5013 53;aro - acetato;;;180,00;0;;;2;;FALSO;FALSO;0;
7872;7872;79;TY5003;aro - acetato;;;180,00;0;;;2;;FALSO;FALSO;0;
7873;7873;79;TY5004;aro - acetato;;;180,00;0;;;2;;FALSO;FALSO;0;
7874;7874;79;TY5008;aro - acetato;;;180,00;0;;;2;;FALSO;FALSO;0;
7875;7875;79;TY5001;aro - acetato;;;180,00;0;;;2;;FALSO;FALSO;0;
7876;7876;79;TY5007;aro - acetato;;;180,00;0;;;2;;FALSO;FALSO;0;
7877;7877;79;TY5011;aro - acetato;;;180,00;0;;;2;;FALSO;FALSO;0;
7878;7878;79;HI8025;aro - acetato;;;180,00;-6;;;2;;FALSO;FALSO;0;
7879;7879;79;SK967;fio - metal;;;180,00;0;;;2;;FALSO;FALSO;0;
7880;7880;79;SK952;fio - metal;;;180,00;0;;;2;;FALSO;FALSO;0;
7881;7881;290;GZ1012 F692 52;fio - metal;;;380,00;0;;;2;;FALSO;FALSO;0;
7882;7882;290;GZ3001B F108 54;aro - acetato;;;380,00;0;;;2;;FALSO;FALSO;0;
7883;7883;290;GZ3049B F710 52;aro - acetato;;;380,00;0;;;2;;FALSO;FALSO;0;
7884;7884;290;GZ3016 D826 53;aro - acetato;;;380,00;1;;;2;;FALSO;FALSO;0;
7885;7885;290;GZ3027 F344 54;aro - acetato;;;380,00;0;;;2;;FALSO;FALSO;0;
7886;7886;290;GZ3042 F247 54;aro - acetato;;;380,00;0;;;2;;FALSO;FALSO;0;
7887;7887;290;GZ3022B E101 53;aro - acetato;;;380,00;0;;;2;;FALSO;FALSO;0;
7888;7888;290;GZ3048B F708 52;aro - acetato;;;380,00;0;;;2;;FALSO;FALSO;0;
7889;7889;290;GZ3016 D830 53;aro - acetato;;;380,00;0;;;2;;FALSO;FALSO;0;
7890;7890;290;GZ3031B F625 53;aro - acetato;;;380,00;0;;;2;;FALSO;FALSO;0;
7891;7891;290;GZ3049B F711 52;aro - acetato;;;380,00;-1;;;2;;FALSO;FALSO;0;
7892;7892;290;GZ3027B E402;aro - acetato;;;380,00;0;;;2;;FALSO;FALSO;0;
7893;7893;290;GZ3026B E399;aro - acetato;;;380,00;0;;;2;;FALSO;FALSO;0;
7894;7894;290;GZ3043 F249;aro - acetato;;;380,00;0;;;2;;FALSO;FALSO;0;
7895;7895;290;GZ3025 E391 53;aro - acetato;;;380,00;1;;;2;;FALSO;FALSO;0;
7896;7896;290;GZ3016 D829 53;aro - acetato;;;380,00;0;;;2;;FALSO;FALSO;0;
7897;7897;290;GZ3032B F731;aro - acetato;;;380,00;0;;;2;;FALSO;FALSO;0;
7898;7898;290;GZ3001B D394 54;aro - acetato;;;380,00;0;;;2;;FALSO;FALSO;0;
7899;7899;290;GZ3047 F703 52;aro - acetato;;;380,00;-1;;;2;;FALSO;FALSO;0;
7900;7900;290;GZ3022B F106 53;aro - acetato;;;380,00;0;;;2;;FALSO;FALSO;0;
7901;7901;290;GZ3042 F246 54;aro - acetato;;;380,00;-1;;;2;;FALSO;FALSO;0;
7902;7902;290;GZ3048B F706;aro - acetato;;;380,00;0;;;2;;FALSO;FALSO;0;
7903;7903;290;GZ3038 F068;aro - acetato;;;380,00;0;;;2;;FALSO;FALSO;0;
7904;7904;290;GZ3049B F709 52;aro - acetato;;;380,00;0;;;2;;FALSO;FALSO;0;
7905;7905;290;GZ3041 F242 52;aro - acetato;;;380,00;0;;;2;;FALSO;FALSO;0;
7906;7906;290;GZ3032B E806 52;aro - acetato;;;380,00;0;;;2;;FALSO;FALSO;0;
7907;7907;290;GZ3029B E413;aro - acetato;;;380,00;0;;;2;;FALSO;FALSO;0;
7908;7908;290;GZ3020 E082 53;aro - acetato;;;380,00;0;;;2;;FALSO;FALSO;0;
7909;7909;290;GZ3026B E398 52;aro - acetato;;;380,00;0;;;2;;FALSO;FALSO;0;
7910;7910;290;GZ3020 F107 53;aro - acetato;;;380,00;0;;;2;;FALSO;FALSO;0;
7911;7911;290;GZ3048B F707 50;aro - acetato;;;380,00;0;;;2;;FALSO;FALSO;0;
7912;7912;290;GZ3036 F058 52;aro - acetato;;;380,00;0;;;2;;FALSO;FALSO;0;
7913;7913;290;GZ3017 D831 52;aro - acetato;;;380,00;0;;;2;;FALSO;FALSO;0;
7914;7914;290;GZ3041 F241;aro - acetato;;;380,00;0;;;2;;FALSO;FALSO;0;
7915;7915;290;GZ3033 F647 51;aro - acetato;;;380,00;0;;;2;;FALSO;FALSO;0;
7916;7916;290;GZ3050 F713 50;aro - acetato;;;380,00;0;;;2;;FALSO;FALSO;0;
7917;7917;290;GZ3036 F059;aro - acetato;;;380,00;0;;;2;;FALSO;FALSO;0;
7918;7918;290;GZ3029B E414 52;aro - acetato;;;380,00;0;;;2;;FALSO;FALSO;0;
7919;7919;290;GZ3038 F067 53;aro - acetato;;;380,00;0;;;2;;FALSO;FALSO;0;
7920;7920;290;GZ3026B F334 52;aro - acetato;;;380,00;0;;;2;;FALSO;FALSO;0;
7921;7921;290;GZ1013 F920 52;aro - metal;;;380,00;0;;;2;;FALSO;FALSO;0;
7922;7922;290;GZ3054 F913 53;aro - acetato;;;380,00;0;;;2;;FALSO;FALSO;0;
7923;7923;290;GZ3027B E403 54;aro - acetato;;;380,00;0;;;2;;FALSO;FALSO;0;
7924;7924;290;GZ3042 F935 54;aro - acetato;;;380,00;1;;;2;;FALSO;FALSO;0;
7925;7925;290;GZ3055 G823 53;aro - acetato;;;380,00;1;;;2;;FALSO;FALSO;0;
7926;7926;290;GZ3036 F061 52;aro - acetato;;;380,00;0;;;2;;FALSO;FALSO;0;
7927;7927;290;GZ3048B F705 50;aro - acetato;;;380,00;0;;;2;;FALSO;FALSO;0;
7928;7928;290;GZ3032B E805 52;aro - acetato;;;380,00;0;;;2;;FALSO;FALSO;0;
7929;7929;290;GZ3041 F243 52;aro - acetato;;;380,00;0;;;2;;FALSO;FALSO;0;
7930;7930;290;GZ3054 F912 53;aro - acetato;;;380,00;0;;;2;;FALSO;FALSO;0;
7931;7931;290;GZ3051 G449 52;aro - acetato;;;380,00;1;;;2;;FALSO;FALSO;0;
7932;7932;290;GZ3022B E102 53;aro - acetato;;;380,00;0;;;2;;FALSO;FALSO;0;
7933;7933;290;GZ1010B E816 52;aro - acetato;;;380,00;-1;;;2;;FALSO;FALSO;0;
7934;7934;290;GZ3047 F701 52;aro - acetato;;;380,00;0;;;2;;FALSO;FALSO;0;
7935;7935;290;GZ3033 F648 51;aro - acetato;;;380,00;0;;;2;;FALSO;FALSO;0;
7936;7936;290;GZ3033 E809 51;aro - acetato;;;380,00;0;;;2;;FALSO;FALSO;0;
7937;7937;290;GZ3029B E412 52;aro - acetato;;;380,00;0;;;2;;FALSO;FALSO;0;
7938;7938;290;GZ3034B E812 53;aro - acetato;;;380,00;0;;;2;;FALSO;FALSO;0;
7939;7939;290;GZ3028B E410 51;aro - acetato;;;380,00;0;;;2;;FALSO;FALSO;0;
7940;7940;290;GZ3031B E802 53;aro - acetato;;;380,00;0;;;2;;FALSO;FALSO;0;
7941;7941;290;GZ3025 E392 53;aro - acetato;;;380,00;0;;;2;;FALSO;FALSO;0;
7942;7942;290;GZ3031B E799;aro - acetato;;;380,00;0;;;2;;FALSO;FALSO;0;
7943;7943;290;GZ3028B F347 51;aro - acetato;;;380,00;0;;;2;;FALSO;FALSO;0;
7944;7944;290;GZ3032B E803 52;aro - acetato;;;380,00;0;;;2;;FALSO;FALSO;0;
7945;7945;290;GZ1013 F921 52;aro - acetato;;;380,00;-2;;;2;;FALSO;FALSO;0;
7946;7946;128;KODAK MULTIFOCAL TRANSITIONS AR;;;;;0;;;2;;FALSO;FALSO;0;
7948;7948;2;ZIPLINE 6119 706;aro - metal;;;340,00;0;;;2;;FALSO;FALSO;0;
7949;7949;290;GZ3053 F910 51;aro - acetato;;;340,00;0;;;2;;FALSO;FALSO;0;
7950;7950;290;GZ1011B F076;Parafusada;;;340,00;0;;;2;;FALSO;FALSO;0;
7951;7951;290;GZ1011B F074;Parafusada;;;340,00;0;;;2;;FALSO;FALSO;0;
7952;7952;290;GZ1010B E815;aro - metal;;;340,00;-3;;;2;;FALSO;FALSO;0;
7953;7953;128;VS AR FILTRO AZUL;;;;;0;;;3;;FALSO;FALSO;0;
7954;7954;19;OX8089-0456 CHAMFER MNP;aro - acetato;;;570,00;0;;;2;;FALSO;FALSO;0;
7955;7955;128;HOYA ID LIFESTYLE V+ BLUCONTROL/LONGLIFE;;;;;0;;;3;;FALSO;FALSO;0;
7956;7956;128;PG DIGITAL;;;;;0;;;3;;FALSO;FALSO;0;
7957;7957;128;HOYA ARGOS TRANSITIONS AR;;;;;0;;;3;;FALSO;FALSO;0;
7958;7958;22;RB 3016L 990/9J 51;aro - metal;;;605,00;0;;;1;;FALSO;FALSO;0;
7959;7959;22;RB 4440-NL 601S71 145;aro - acetato;;;790,00;1;;;1;;FALSO;FALSO;0;
7960;7960;22;RB 4440-N 710/13;aro - acetato;;;625,00;0;;;1;;FALSO;FALSO;0;
7961;7961;22;RB 3584-N 9050/71 61;aro - acetato;;;880,00;1;;;1;;FALSO;FALSO;0;
7962;7962;22;RB 3548-NL 001/Z2 54;aro - metal;;;605,00;0;;;1;;FALSO;FALSO;0;
7963;7963;;;;;;;0;;;1;;FALSO;FALSO;0;
7964;7964;22;;;;;;0;;;1;;FALSO;FALSO;0;
7965;7965;22;RB 4165L 620955 55;aro - acetato;;;650,00;1;;;1;;FALSO;FALSO;0;
7966;7966;22;RB 4165L 622/2V 57;aro - acetato;;;790,00;0;;;1;;FALSO;FALSO;0;
7967;7967;22;RB 3567L /;;;;;0;;;1;;FALSO;FALSO;0;
7968;7968;22;RB;;;;;0;;;1;;FALSO;FALSO;0;
7969;7969;22;RB 3567L 041/9A 66;aro - metal;;;570,00;0;;;1;;FALSO;FALSO;0;
7970;7970;22;RB 4317L 601/8G 56;aro - acetato;;;520,00;0;;;1;;FALSO;FALSO;0;
7971;7971;22;RB 4317L 710/13 56;aro - acetato;;;520,00;0;;;1;;FALSO;FALSO;0;
7972;7972;284;OCULOS SOLAR MOD VAR;aro - acetato;;;280,00;-29;;;1;;FALSO;FALSO;0;
7973;7973;22;RB 3584-N 9140/OR 61;aro - metal;;;620,00;0;;;1;;FALSO;FALSO;0;
7974;7974;22;RB 4179 601-S/9A 62;aro - acetato;;;1.030,00;1;;;1;;FALSO;FALSO;0;
7975;7975;22;;;;;;0;;;1;;FALSO;FALSO;0;
7976;7976;22;RB 4187L 622/8G 54;aro - acetato;;;690,00;1;;;1;;FALSO;FALSO;0;
7977;7977;33;UT2835-VN C1;aro - acetato;;;480,00;0;;;1;;FALSO;FALSO;0;
7978;7978;33;UT2644 C1 GUARD;aro - acetato;;;480,00;0;;;1;;FALSO;FALSO;0;
7979;7979;33;UT2722-VN C3 TURN;aro - acetato;;;480,00;0;;;1;;FALSO;FALSO;0;
7980;7980;33;T195-VN C1 DOUBLE;aro - acetato;;;480,00;0;;;1;;FALSO;FALSO;0;
7981;7981;33;T195-VN DOUBLE;aro - acetato;;;480,00;0;;;1;;FALSO;FALSO;0;
7982;7982;33;T197-VN C6 BLAST;aro - acetato;;;480,00;0;;;1;;FALSO;FALSO;0;
7983;7983;33;T198-VN C5 MELLOW;aro - acetato;;;480,00;0;;;1;;FALSO;FALSO;0;
7984;7984;33;UT2835-VN C2 BLAKE;aro - acetato;;;480,00;0;;;1;;FALSO;FALSO;0;
7985;7985;33;UT2835-VN C1 BLAKE;aro - acetato;;;480,00;0;;;1;;FALSO;FALSO;0;
7986;7986;33;UT2718-VN C3 DUPLEX;aro - acetato;;;480,00;0;;;1;;FALSO;FALSO;0;
7987;7987;128;VS FOTO AR;;;;;0;;;3;;FALSO;FALSO;0;
7988;7988;128;KODAK MULTIFOCAL DIGITAL POLY AR;;;;;0;;;3;;FALSO;FALSO;0;
7989;7989;19;CROSSRANGE OO9361-0657;aro - acetato;;;780,00;0;;;1;;FALSO;FALSO;0;
7990;7990;19;CATALYST OO9272-2355;aro - acetato;;;520,00;0;;;1;;FALSO;FALSO;0;
7991;7991;128;HOYALUX WIDE PRO CLEANEXTRA;;;;;0;;;2;;FALSO;FALSO;0;
7993;7993;128;HOYA LUX WIDE PRO TRANSITIONS AR;;;;;0;;;3;;FALSO;FALSO;0;
7995;7995;22;RB 5228 2000;aro - acetato;;;490,00;0;;;2;;FALSO;FALSO;0;
7996;7996;22;RB 5362 5082 52;aro - acetato;;;490,00;0;;;2;;FALSO;FALSO;0;
7997;7997;22;RB 7121L 2301 53;aro - acetato;;;490,00;0;;;2;;FALSO;FALSO;0;
7998;7998;22;RB 5360 5713 54;aro - acetato;;;550,00;1;;;2;;FALSO;FALSO;0;
7999;7999;22;RB 5360 2034 54;aro - acetato;;;490,00;-1;;;2;;FALSO;FALSO;0;
8000;8000;234;;;;;;0;;;2;;FALSO;FALSO;0;
8001;8001;291;RA 7020 601 52;aro - acetato;;;620,00;0;;;2;;FALSO;FALSO;0;
8002;8002;291;RA 7095 5679 53;aro - acetato;;;620,00;0;;;2;;FALSO;FALSO;0;
8003;8003;291;RA 7099 5695 51;aro - acetato;;;620,00;-1;;;2;;FALSO;FALSO;0;
8004;8004;291;RA 7096 5712 54;aro - acetato;;;620,00;0;;;2;;FALSO;FALSO;0;
8005;8005;291;RA 7097 5713 54;aro - acetato;;;620,00;0;;;2;;FALSO;FALSO;0;
8006;8006;291;RA 7095 5678 53;aro - acetato;;;620,00;0;;;2;;FALSO;FALSO;0;
8007;8007;291;RA 7090 601 53;aro - acetato;;;620,00;-1;;;2;;FALSO;FALSO;0;
8008;8008;291;RA 7099 601 51;aro - acetato;;;620,00;1;;;2;;FALSO;FALSO;0;
8009;8009;291;RA7101 5001 51;aro - acetato;;;1,00;0;;;2;;FALSO;FALSO;0;
8010;8010;291;RA7101 5737 51;aro - acetato;;;620,00;0;;;2;;FALSO;FALSO;0;
8011;8011;291;RA7104 5002 54;aro - acetato;;;620,00;0;;;2;;FALSO;FALSO;0;
8012;8012;291;RA5249 5737/7B 55;aro - acetato;;;620,00;0;;;1;;FALSO;FALSO;0;
8013;8013;19;OX8097-0154;aro - acetato;;;480,00;0;;;2;;FALSO;FALSO;0;
8014;8014;128;SPACE PLUS ORMA AR ACCLIMATES;;;;;0;;;3;;FALSO;FALSO;0;
8015;8015;128;SPACE PLUS ORMA AR FOTO;;;;;0;;;3;;FALSO;FALSO;0;
8016;8016;128;ESPACE PLUS ORMA AR FOTO;;;;;0;;;3;;FALSO;FALSO;0;
8017;8017;19;SLIVER 009341 1757;aro - acetato;;;530,00;0;;;1;;FALSO;FALSO;0;
8018;8018;290;GZ4021 F223;aro - acetato;;;390,00;0;;;1;;FALSO;FALSO;0;
8019;8019;290;GZ4027 F726;aro - acetato;;;390,00;0;;;1;;FALSO;FALSO;0;
8020;8020;290;GZ4027 F725;aro - acetato;;;390,00;0;;;1;;FALSO;FALSO;0;
8021;8021;290;GZ2003 F924;aro - metal;;;390,00;0;;;1;;FALSO;FALSO;0;
8022;8022;290;GZ4029 F928;aro - acetato;;;390,00;0;;;1;;FALSO;FALSO;0;
8023;8023;290;GZ2003 F927;aro - metal;;;390,00;-1;;;1;;FALSO;FALSO;0;
8024;8024;290;GZ4032 G102;aro - acetato;;;390,00;0;;;1;;FALSO;FALSO;0;
8025;8025;290;GZ4030 G095;aro - acetato;;;390,00;0;;;1;;FALSO;FALSO;0;
8026;8026;290;GZ4020 E823;aro - acetato;;;390,00;0;;;1;;FALSO;FALSO;0;
8027;8027;290;GZ4020 F742;aro - acetato;;;390,00;0;;;1;;FALSO;FALSO;0;
8028;8028;290;GZ4026 F720;aro - acetato;;;390,00;0;;;1;;FALSO;FALSO;0;
8029;8029;290;GZ3053 F909;aro - acetato;;;380,00;-1;;;2;;FALSO;FALSO;0;
8030;8030;189;GZ3036 F060;aro - acetato;;;380,00;0;;;2;;FALSO;FALSO;0;
8031;8031;290;GZ3055 F916;aro - acetato;;;380,00;0;;;2;;FALSO;FALSO;0;
8032;8032;290;GZ3047 F703;aro - acetato;;;380,00;1;;;2;;FALSO;FALSO;0;
8033;8033;290;GZ3029B E415;aro - acetato;;;380,00;0;;;2;;FALSO;FALSO;0;
8034;8034;290;GZ3041 F934;aro - acetato;;;380,00;0;;;2;;FALSO;FALSO;0;
8035;8035;290;GZ3022B E102;aro - acetato;;;380,00;0;;;2;;FALSO;FALSO;0;
8036;8036;290;GZ3022B E103;aro - acetato;;;380,00;0;;;2;;FALSO;FALSO;0;
8037;8037;290;GZ3042 F247;aro - acetato;;;380,00;0;;;2;;FALSO;FALSO;0;
8038;8038;290;GZ3046 F698;aro - acetato;;;380,00;0;;;2;;FALSO;FALSO;0;
8039;8039;290;GZ3001B D137;aro - acetato;;;380,00;0;;;2;;FALSO;FALSO;0;
8040;8040;290;GZ3033 E809;aro - acetato;;;380,00;0;;;2;;FALSO;FALSO;0;
8041;8041;290;GZ3022B E101;aro - acetato;;;380,00;0;;;2;;FALSO;FALSO;0;
8042;8042;290;GZ3037 F063;aro - acetato;;;380,00;0;;;2;;FALSO;FALSO;0;
8043;8043;290;GZ3001B D139;aro - acetato;;;380,00;0;;;2;;FALSO;FALSO;0;
8044;8044;290;GZ3025 E394;aro - acetato;;;380,00;0;;;2;;FALSO;FALSO;0;
8045;8045;290;GZ3042 F244;aro - acetato;;;380,00;0;;;2;;FALSO;FALSO;0;
8046;8046;290;GZ1010B E815;aro - acetato;;;380,00;-2;;;2;;FALSO;FALSO;0;
8047;8047;290;GZ3033 E808;aro - acetato;;;380,00;0;;;2;;FALSO;FALSO;0;
8048;8048;290;GZ3041 F243;aro - acetato;;;380,00;0;;;2;;FALSO;FALSO;0;
8049;8049;290;GZ3028B E406;aro - acetato;;;380,00;0;;;2;;FALSO;FALSO;0;
8050;8050;290;GZ3021B E097;aro - acetato;;;380,00;0;;;2;;FALSO;FALSO;0;
8051;8051;290;GZ3047 F702;aro - acetato;;;380,00;0;;;2;;FALSO;FALSO;0;
8052;8052;290;GZ3031B E802;aro - acetato;;;380,00;0;;;2;;FALSO;FALSO;0;
8054;8054;290;GZ3041 F242;aro - acetato;;;380,00;0;;;2;;FALSO;FALSO;0;
8055;8055;128;ARGOS TRIVEX CLEANEXTRA;;;;;0;;;3;;FALSO;FALSO;0;
8056;8056;2;BUSHING 4244-01/55 62;aro - acetato;;;;-1;;;1;;FALSO;FALSO;0;
8057;8057;2;PRYDZ 4253-2153/25 61;aro - acetato;;;380,00;0;;;1;;FALSO;FALSO;0;
8058;8058;2;BUSHING 4244-01/55 62;aro - acetato;;;380,00;0;;;1;;FALSO;FALSO;0;
8059;8059;2;SWINDLE 4218-01/87 57;aro - acetato;;;380,00;0;;;1;;FALSO;FALSO;0;
8060;8060;2;PRYDZ 4253-01/87 61;aro - acetato;;;380,00;-1;;;1;;FALSO;FALSO;0;
8061;8061;2;BUSHING 4244-01/81 62;aro - acetato;;;420,00;0;;;1;;FALSO;FALSO;0;
8062;8062;2;FASTBALL 4202-2266/87;aro - acetato;;;380,00;0;;;1;;FALSO;FALSO;0;
8063;8063;2;CHENGA 4240-01/81 56;aro - acetato;;;420,00;0;;;1;;FALSO;FALSO;0;
8064;8064;2;SILENTIO 4250-41/87 56;aro - metal;;;380,00;1;;;1;;FALSO;FALSO;0;
8065;8065;2;BURNSIDE 4236-01/8N 56;aro - acetato;;;380,00;0;;;1;;FALSO;FALSO;0;
8066;8066;2;COMPLEMENTARY 4233-01/87;aro - acetato;;;380,00;0;;;1;;FALSO;FALSO;0;
8067;8067;2;CHENGA 4240-01/55;aro - acetato;;;380,00;0;;;1;;FALSO;FALSO;0;
8068;8068;2;BURNSIDE 4236-01/81 56 3P;aro - acetato;;;420,00;0;;;1;;FALSO;FALSO;0;
8069;8069;2;BURNOUT 4225-447/81 64 3P;aro - acetato;;;420,00;0;;;1;;FALSO;FALSO;0;
8071;8071;2;AN7184L 2697 56 LIT;aro - acetato;;;380,00;0;;;2;;FALSO;FALSO;0;
8072;8072;2;AN7069L 2248;aro - acetato;;;340,00;0;;;1;;FALSO;FALSO;0;
8073;8073;2;AN7105L 2320;aro - acetato;;;340,00;0;;;2;;FALSO;FALSO;0;
8074;8074;2;AN7180L 2646 58 MOMOCHI;aro - acetato;;;380,00;1;;;2;;FALSO;FALSO;0;
8075;8075;2;AN7115L 447;aro - acetato;;;340,00;0;;;2;;FALSO;FALSO;0;
8076;8076;2;AN7141L 2516;aro - acetato;;;340,00;0;;;2;;FALSO;FALSO;0;
8077;8077;2;AN7162L 2578;aro - acetato;;;340,00;0;;;2;;FALSO;FALSO;0;
8078;8078;2;AN7141L 2516;aro - acetato;;;340,00;0;;;2;;FALSO;FALSO;0;
8079;8079;2;AN7142L 01;aro - acetato;;;340,00;0;;;2;;FALSO;FALSO;0;
8080;8080;2;AN7141L 01;aro - acetato;;;340,00;0;;;2;;FALSO;FALSO;0;
8081;8081;2;AN7113L 2398;aro - acetato;;;340,00;0;;;2;;FALSO;FALSO;0;
8082;8082;2;AN7083L 2398;aro - acetato;;;340,00;0;;;2;;FALSO;FALSO;0;
8083;8083;2;AN7105L 2320;aro - metal;;;340,00;0;;;2;;FALSO;FALSO;0;
8084;8084;2;AN7141L 2578;aro - acetato;;;340,00;0;;;2;;FALSO;FALSO;0;
8085;8085;2;AN7142L 2555;;;;;0;;;2;;FALSO;FALSO;0;
8086;8086;2;AN7157L 2580;aro - acetato;;;340,00;0;;;2;;FALSO;FALSO;0;
8087;8087;2;AN7089L 2299;aro - acetato;;;340,00;0;;;2;;FALSO;FALSO;0;
8088;8088;2;AN7157L 2573;aro - acetato;;;340,00;0;;;2;;FALSO;FALSO;0;
8089;8089;2;AN7089L 2216;aro - acetato;;;340,00;0;;;2;;FALSO;FALSO;0;
8090;8090;2;FASTBALL 2.0 4242-251/6R;aro - acetato;;;380,00;-1;;;1;;FALSO;FALSO;0;
8091;8091;2;SANDBANK 4229-447/87;aro - acetato;;;380,00;-1;;;1;;FALSO;FALSO;0;
8092;8092;2;BOOGER 4234-01/81;aro - acetato;;;420,00;0;;;1;;FALSO;FALSO;0;
8093;8093;2;BRAPP 4239-01/81;aro - acetato;;;420,00;0;;;1;;FALSO;FALSO;0;
8094;8094;288;33448H 61;aro - acetato;;;520,00;0;;;1;;FALSO;FALSO;0;
8095;8095;290;GZ4013 D925;aro - acetato;;;380,00;0;;;1;;FALSO;FALSO;0;
8096;8096;290;GZ3025 E391;aro - acetato;;;380,00;-1;;;2;;FALSO;FALSO;0;
8097;8097;290;GZ3028B E407;aro - acetato;;;380,00;0;;;2;;FALSO;FALSO;0;
8098;8098;290;GZ3058 G091;aro - acetato;;;380,00;0;;;2;;FALSO;FALSO;0;
8099;8099;288;3354 54;aro - acetato;;;520,00;0;;;2;;FALSO;FALSO;0;
8101;8101;22;RB3548-NL 001 51;aro - metal;;;550,00;0;;;1;;FALSO;FALSO;0;
8102;8102;128;VS AR 1.67;;;;;0;;;3;;FALSO;FALSO;0;
8103;8103;290;GZ3058 G092;aro - acetato;;;380,00;0;;;2;;FALSO;FALSO;0;
8104;8104;290;GZ3029B E411;aro - metal;;;380,00;0;;;2;;FALSO;FALSO;0;
8105;8105;290;GZ3028B E408;aro - acetato;;;380,00;0;;;2;;FALSO;FALSO;0;
8106;8106;290;GZ4022 F261;aro - acetato;;;380,00;0;;;1;;FALSO;FALSO;0;
8107;8107;290;GZ4020 E824;aro - acetato;;;380,00;0;;;1;;FALSO;FALSO;0;
8108;8108;290;GZ4029 F930;aro - acetato;;;380,00;0;;;3;;FALSO;FALSO;0;
8109;8109;128;VS POLY TRANSITIONS 1.67;;;;;0;;;3;;FALSO;FALSO;0;
8110;8110;128;VS TRANSITIONS 1.6;;;;;0;;;3;;FALSO;FALSO;0;
8112;8112;292;YS 5802;aro - acetato;;;;0;;;2;;FALSO;FALSO;0;
8113;8113;22;RB4171L 601/2P;aro - acetato;;;500,00;0;;;1;;FALSO;FALSO;0;
8115;8115;128;VS TRANSITIONS 1.67;;;;;0;;;2;;FALSO;FALSO;0;
8116;8116;128;Hoya Lux Transitions AR;;;;1.680,00;0;;;3;;FALSO;FALSO;0;
8117;8117;19;OX8097-0254;aro - acetato;;;460,00;0;;;2;;FALSO;FALSO;0;
8118;8118;22;RB3507 137/40 51;aro - metal;;;730,00;0;;;1;;FALSO;FALSO;0;
8119;8119;22;RB 5228 5405 53;aro - acetato;;;470,00;0;;;2;;FALSO;FALSO;0;
8120;8120;22;RB 6356 2861 52;aro - metal;;;490,00;0;;;1;;FALSO;FALSO;0;
8121;8121;22;RB 7136L 5743;aro - acetato;;;470,00;0;;;1;;FALSO;FALSO;0;
8122;8122;22;RB 5355 5674 50;aro - acetato;;;520,00;1;;;1;;FALSO;FALSO;0;
8123;8123;22;RB 3455E 002/71;másc - metal;;;370,00;1;;;1;;FALSO;FALSO;0;
8124;8124;22;RB 4346 901 51;aro - acetato;;;480,00;1;;;1;;FALSO;FALSO;0;
8125;8125;22;RB 3466 006/55;másc - metal;;;590,00;1;;;1;;FALSO;FALSO;0;
8126;8126;22;RB 4286 601/9A 55;aro - acetato;;;890,00;1;;;1;;FALSO;FALSO;0;
8127;8127;22;RB 4298 6333/YO;aro - acetato;;;580,00;0;;;1;;FALSO;FALSO;0;
8128;8128;22;RB 4077 601/71;aro - acetato;;;510,00;1;;;1;;FALSO;FALSO;0;
8129;8129;22;RB 3507 137/40;aro - acetato;;;550,00;0;;;1;;FALSO;FALSO;0;
8130;8130;22;RB 3561 001 57;aro - metal;;;510,00;0;;;1;;FALSO;FALSO;0;
8131;8131;22;RB 3584-N 153/11;;;;630,00;0;;;1;;FALSO;FALSO;0;
8132;8132;22;RB 3560 001 61;;;;540,00;0;;;1;;FALSO;FALSO;0;
8134;8134;22;RB 7044L 5475;aro - acetato;;;470,00;1;;;2;;FALSO;FALSO;0;
8135;8135;22;RB 5228 5057 50;aro - acetato;;;470,00;0;;;2;;FALSO;FALSO;0;
8136;8136;22;RB 5228 2012 53;aro - acetato;;;470,00;0;;;2;;FALSO;FALSO;0;
8137;8137;22;;;;;;0;;;1;;FALSO;FALSO;0;
8138;8138;22;W2650 ORAS;aro - metal;;;490,00;0;;;1;;FALSO;FALSO;0;
8139;8139;22;RB 3361 142/8G;aro - metal;;;675,00;0;;;1;;FALSO;FALSO;0;
8140;8140;22;RB 4298 6335/S 57;aro - acetato;;;640,00;1;;;1;;FALSO;FALSO;0;
8141;8141;128;KODAK MULTIFOCAL DIGITAL TRANSITIONS;;;;;0;;;3;;FALSO;FALSO;0;
8142;8142;22;RB 4253 601/71 53;aro - acetato;;;630,00;-1;;;1;;FALSO;FALSO;0;
8143;8143;22;RB 3588 9055/13 55;aro - metal;;;630,00;0;;;1;;FALSO;FALSO;0;
8144;8144;22;RB 3609 9140/71 54;aro - metal;;;560,00;0;;;1;;FALSO;FALSO;0;
8145;8145;22;RB 3588 9055/13 55;aro - metal;;;560,00;0;;;1;;FALSO;FALSO;0;
8146;8146;22;;;;;;0;;;1;;FALSO;FALSO;0;
8147;8147;22;RB 3025 9155AI 58;aro - metal;;;680,00;0;;;1;;FALSO;FALSO;0;
8148;8148;22;RB 4316L 622/8G 56;aro - acetato;;;490,00;0;;;1;;FALSO;FALSO;0;
8149;8149;22;RB 4264 601-S/A1 58;aro - acetato;;;1.080,00;0;;;1;;FALSO;FALSO;0;
8150;8150;22;RB 4289L 639413 53;aro - acetato;;;560,00;0;;;1;;FALSO;FALSO;0;
8151;8151;22;RB 3447L 001 50;aro - metal;;;560,00;0;;;1;;FALSO;FALSO;0;
8152;8152;22;RB 3606 9076/E8 59;aro - metal;;;690,00;1;;;1;;FALSO;FALSO;0;
8153;8153;22;RB 4316L 621087 56;aro - acetato;;;620,00;1;;;1;;FALSO;FALSO;0;
8154;8154;22;RB 3648L 001/3F 54;aro - metal;;;830,00;0;;;1;;FALSO;FALSO;0;
8155;8155;22;RB 3447-N 001/3F 53;aro - metal;;;;0;;;1;;FALSO;FALSO;0;
8156;8156;22;RB 3447-N 001/3F 53;aro - metal;;;590,00;0;;;1;;FALSO;FALSO;0;
8157;8157;22;RB 3546 9009/85 52;aro - metal;;;650,00;0;;;1;;FALSO;FALSO;0;
8158;8158;22;RB 4171L 601/5A 54;aro - acetato;;;560,00;0;;;1;;FALSO;FALSO;0;
8159;8159;22;RB 4320-CH 601-S/5J;aro - acetato;;;1.030,00;0;;;1;;FALSO;FALSO;0;
8160;8160;22;RB 2140 901 54;aro - acetato;;;560,00;0;;;1;;FALSO;FALSO;0;
8161;8161;22;RB 4253 710/A5 53;aro - acetato;;;590,00;1;;;1;;FALSO;FALSO;0;
8162;8162;22;RB 4387 6399/80 56;aro - acetato;;;490,00;0;;;1;;FALSO;FALSO;0;
8163;8163;22;RB 4380-N 601/71 145;aro - acetato;;;780,00;1;;;1;;FALSO;FALSO;0;
8164;8164;22;RB 4171 6316/E8 54;aro - acetato;;;560,00;-1;;;1;;FALSO;FALSO;0;
8165;8165;22;RB 2132LL 901L 55;aro - acetato;;;520,00;0;;;1;;FALSO;FALSO;0;
8166;8166;22;RB 3025L W3277 58;aro - metal;;;890,00;2;;;1;;FALSO;FALSO;0;
8167;8167;22;RB 3026L L2846 62;aro - metal;;;790,00;1;;;1;;FALSO;FALSO;0;
8168;8168;22;RB 3025L L0205 58;aro - metal;;;940,00;1;;;1;;FALSO;FALSO;0;
8169;8169;22;RB 7046L 5364 53;aro - acetato;;;580,00;1;;;1;;FALSO;FALSO;0;
8170;8170;22;RB 7135L 5823 54;aro - acetato;;;450,00;0;;;2;;FALSO;FALSO;0;
8171;8171;22;RB 6422 3001 51;fio - metal;;;520,00;0;;;2;;FALSO;FALSO;0;
8172;8172;22;RB 7134L 5412 53;aro - acetato;;;420,00;0;;;2;;FALSO;FALSO;0;
8173;8173;22;RB 6589 2500 59;fio - metal;;;690,00;0;;;2;;FALSO;FALSO;0;
8174;8174;128;MULTIFOCAL VARILUX DIGITAL DIGITIME NEAR;;;;;0;;;3;;FALSO;FALSO;0;
8175;8175;128;VARILUX LIBERTY 3.0 TRIO EASY CLEAN  BLUE UV;;;;;0;;;3;;FALSO;FALSO;0;
8176;8176;128;HOYA AMPLUS ASPHERIC FOTO AR;;;;;0;;;3;;FALSO;FALSO;0;
8177;8177;128;HOYA ARGOS AR;;;;;0;;;3;;FALSO;FALSO;0;
8178;8178;128;HOYA AMPLUS ASPHERIC AR;;;;;0;;;3;;FALSO;FALSO;0;
8179;8179;261;FIO DE NYLON;;;;;0;;;2;;FALSO;FALSO;0;
8180;8180;22;RB;;;;;0;;;2;;FALSO;FALSO;0;
8181;8181;22;RB 4246 1160 145 3N;Aro Fechado;;;530,00;0;;;2;;FALSO;FALSO;0;
8182;8182;128;HOYA LUX SUMMIT BKS;;;;1.259,00;0;;;3;;FALSO;FALSO;0;
8183;8183;128;PG POLY;;;;;0;;;3;;FALSO;FALSO;0;
8184;8184;128;VS AR CRIZAL EASY;;;;;0;;;3;;FALSO;FALSO;0;
8185;8185;128;VS AR FILTRO AZUL FOTOCROMATICA;;;;;0;;;3;;FALSO;FALSO;0;
8186;8186;128;VS AR TRANSITIONS EXTRA-ACTIVE;;;;;0;;;3;;FALSO;FALSO;0;
8187;8187;292;CL41026/S AEAZ3;Aro Fechado;;;;0;;;1;;FALSO;FALSO;0;
8188;8188;292;CL41398/S 807W2;aro - acetato;;;;0;;;1;;FALSO;FALSO;0;
8189;8189;128;VS AR TRANSITIONS;;;;;0;;;3;;FALSO;FALSO;0;
8190;8190;22;RB 3576-N 153-11 140 3N;Parafusada;;;760,00;1;;;1;;FALSO;FALSO;0;
8191;8191;128;HOYA ARGOS TRUEFORM AR;;;;;0;;;3;;FALSO;FALSO;0;
8192;8192;;;;;;;0;;;2;;FALSO;FALSO;0;
8193;8193;293;ARMAÇÃO MOD. VAR;aro - acetato;;;190,00;-12;;;2;;FALSO;FALSO;0;
8194;8194;22;RB3546 917551 52;aro - metal;;;630,00;0;;;1;;FALSO;FALSO;0;
8195;8195;22;RB 3546 187/71 52;aro - metal;;;630,00;-1;;;1;;FALSO;FALSO;0;
8196;8196;22;RB 3447-NL 001 53;aro - metal;;;740,00;-2;;;1;;FALSO;FALSO;0;
8197;8197;22;RB 3548-NL 002/58 54;aro - metal;;;690,00;0;;;1;;FALSO;FALSO;0;
8198;8198;22;RB 3548-NL 001 51-21;aro - metal;;;940,00;2;;;1;;FALSO;FALSO;0;
8200;8200;128;VS SOLAR POLARIZADA COM FILTRO AZUL;;;;;0;;;3;;FALSO;FALSO;0;
8201;8201;128;DIRECT VISION AR;;;;;0;;;3;;FALSO;FALSO;0;
8202;8202;128;VS TRANSITIONS;;;;;0;;;3;;FALSO;FALSO;0;
8203;8203;128;WOYALUX WIDE BKS;;;;;0;;;3;;FALSO;FALSO;0;
8204;8204;128;HOYALUX WIDE BKS;;;;;0;;;3;;FALSO;FALSO;0;
8205;8205;128;HOYA ARGOS TRANSITIONS;;;;;0;;;3;;FALSO;FALSO;0;
8206;8206;128;HOYALUX SUMMIT BKS FOTO;;;;;0;;;3;;FALSO;FALSO;0;
8207;8207;128;VS AR 1.74 TRANSITIONS;;;;;0;;;3;;FALSO;FALSO;0;
8208;8208;290;GZ3061 G442 52;aro - acetato;;;380,00;1;;;2;;FALSO;FALSO;0;
8209;8209;22;RB3947V 2500 51;fio - metal;;;560,00;0;;;2;;FALSO;FALSO;0;
8210;8210;22;RB 8415 2848 55;aro - metal;;;730,00;0;;;2;;FALSO;FALSO;0;
8211;8211;128;VS HOYA CLEANEXTRA;;;;;0;;;3;;FALSO;FALSO;0;
8212;8212;290;GZ3059B G432 51;aro - acetato;;;380,00;0;;;2;;FALSO;FALSO;0;
8213;8213;290;GZ3057 G824 51;;;;;0;;;2;;FALSO;FALSO;0;
8215;8215;19;STRINGER 009315-1455 55;aro - acetato;;;520,00;0;;;1;;FALSO;FALSO;0;
8216;8216;19;GARAGE ROCK 009175L-01 55;aro - acetato;;;490,00;0;;;1;;FALSO;FALSO;0;
8217;8217;19;OX8130-0152 TRILLBEX;aro - acetato;;;540,00;0;;;1;;FALSO;FALSO;0;
8218;8218;19;ELMONT L 004119-0660 60;fio - metal;;;770,00;0;;;1;;FALSO;FALSO;0;
8219;8219;19;GAUGE 8 004124-0262 136;aro - metal;;;870,00;0;;;1;;FALSO;FALSO;0;
8220;8220;19;CROSSHAIR 004060-03;aro - metal;;;650,00;-1;;;1;;FALSO;FALSO;0;
8221;8221;128;INTERVIEW AR VARILUX;;;;;0;;;3;;FALSO;FALSO;0;
8222;8222;22;RB 3025L 002/58 62 3P;aro - metal;;;790,00;0;;;1;;FALSO;FALSO;0;
8223;8223;128;VS HOYA SENSITY NO RISK + BC;;;;;0;;;3;;FALSO;FALSO;0;
8224;8224;128;HOYA VS TRANSITONS;;;;;0;;;3;;FALSO;FALSO;0;
8225;8225;128;SPACE TRANSITIONS;;;;;0;;;2;;FALSO;FALSO;0;
8226;8226;22;RB 3576-N 153/11 140;fio - metal;;;720,00;-1;;;1;;FALSO;FALSO;0;
8227;8227;22;RB 1971 SQUARE 9147/31 54;aro - metal;;;730,00;1;;;1;;FALSO;FALSO;0;
8228;8228;128;HOYALUX WIDE PRO BKS NO RISK-BC;;;;;0;;;3;;FALSO;FALSO;0;
8229;8229;128;HOYA AMPLUS ASPHERIC SENSITY;;;;;0;;;3;;FALSO;FALSO;0;
8230;8230;128;VS AR HOYA SENSITY;;;;;0;;;3;;FALSO;FALSO;0;
8231;8231;242;FF 0395/F/S DDB 60HA;aro - metal;;;1.400,00;0;;;1;;FALSO;FALSO;0;
8232;8232;128;VS AR 1.67 FILTRO AZUL;;;;;0;;;3;;FALSO;FALSO;0;
8233;8233;22;RB 4313 601-S E/8;aro - acetato;;;;0;;;1;;FALSO;FALSO;0;
8234;8234;128;VARILUX COMFORT 3.0 360 +BLUE UV;;;;;0;;;3;;FALSO;FALSO;0;
8235;8235;128;VARILUX COMFORT AR 3.0 360 +BLUE UV;;;;;0;;;3;;FALSO;FALSO;0;
8236;8236;22;RB 3556-N 001 53 21;aro - metal;;;590,00;0;;;1;;FALSO;FALSO;0;
8237;8237;22;RB 6434 2500 55-16;aro - metal;;;;0;;;2;;FALSO;FALSO;0;
8238;8238;128;HOYA AMPLUS  AR SENSITY;;;;;0;;;3;;FALSO;FALSO;0;
8239;8239;128;HOYA ARGOS AR SENSITY;;;;;0;;;3;;FALSO;FALSO;0;
8240;8240;128;HOYA AMPLUS ASPHERIC;;;;;0;;;3;;FALSO;FALSO;0;
8241;8241;128;HOYALUX GP;;;;;0;;;3;;FALSO;FALSO;0;
8242;8242;128;HOYALUX iD MYSTYLE V+;;;;;0;;;3;;FALSO;FALSO;0;
8244;8244;128;HOYALUX iD MYSTYLE V+ TRIVEX SENSITY LONGLIFE;;;;;0;;;3;;FALSO;FALSO;0;
8246;8246;22;RB 7023 2012 55;;;;;0;;;2;;FALSO;FALSO;0;
8247;8247;22;RB 3556 004/71 53;aro - metal;;;630,00;0;;;1;;FALSO;FALSO;0;
8248;8248;1;AH6373 H02 55;aro - acetato;;;590,00;0;;;2;;FALSO;FALSO;0;
8249;8249;1;AH6326 H02 52;aro - acetato;;;590,00;0;;;2;;FALSO;FALSO;0;
8250;8250;128;VS AR 1.74 FILTRO AZUL;;;;;0;;;3;;FALSO;FALSO;0;
8251;8251;128;HOYA AMPLUS ASPHERIC AR TRIVEX;;;;;0;;;3;;FALSO;FALSO;0;
8252;8252;1;AH1407 01A 58.5;;;;;0;;;2;;FALSO;FALSO;0;
8253;8253;128;HOYA SENSITY;;;;;0;;;3;;FALSO;FALSO;0;
8254;8254;128;HOYA DESKTOP PREMIUM CLEAMEXTRA;;;;;0;;;3;;FALSO;FALSO;0;
8255;8255;128;;;;;;0;;;3;;FALSO;FALSO;0;
8256;8256;128;VS HOYA SENSITY AR;fio - metal;;;;0;;;3;;FALSO;FALSO;0;
8257;8257;128;HOYALUX WIDE BKS SENSITY AR;;;;;0;;;3;;FALSO;FALSO;0;
8258;8258;1;AH 3205 05A 60.5;;;;;0;;;1;;FALSO;FALSO;0;
8259;8259;22;RB 4187L CHRIS 6066G 54;aro - acetato;;;590,00;0;;;1;;FALSO;FALSO;0;
8260;8260;22;RB 4165L JUSTIN 622/T3 57;aro - acetato;;;660,00;0;;;1;;FALSO;FALSO;0;
8261;8261;22;RB 3548-NL 912443 54;aro - metal;;;790,00;-1;;;1;;FALSO;FALSO;0;
8262;8262;22;RB 3689 9148/31 58;aro - metal;;;730,00;1;;;1;;FALSO;FALSO;0;
8263;8263;22;RB 4325L 601/71 59;aro - acetato;;;690,00;1;;;1;;FALSO;FALSO;0;
8264;8264;22;RB 4327L 601/11 54;aro - acetato;;;550,00;0;;;1;;FALSO;FALSO;0;
8265;8265;22;RB 4340 601 50;aro - acetato;;;590,00;0;;;1;;FALSO;FALSO;0;
8266;8266;22;RJ 9506S 223/71 50;aro - metal;;;350,00;0;;;1;;FALSO;FALSO;0;
8267;8267;22;RJ 9070S 100/71 46;aro - acetato;;;350,00;0;;;1;;FALSO;FALSO;0;
8268;8268;22;RB 4202 ANDY 6073/13;aro - acetato;;;650,00;0;;;1;;FALSO;FALSO;0;
8269;8269;22;RB 3716 9008/51 51;aro - metal;;;660,00;0;;;1;;FALSO;FALSO;0;
8270;8270;22;RB 7135L 5930;aro - acetato;;;590,00;0;;;2;;FALSO;FALSO;0;
8271;8271;128;HOYALUX WIDE BKS AR;;;;;0;;;3;;FALSO;FALSO;0;
8272;8272;128;HOYA AMPLUS ASPHERIC NO-RISK+BC;;;;;0;;;3;;FALSO;FALSO;0;
8273;8273;128;PG AR FILTRO AZUL;;;;;0;;;3;;FALSO;FALSO;0;
8274;8274;22;RB 7106L 5932 53;aro - acetato;;;590,00;0;;;2;;FALSO;FALSO;0;
8275;8275;22;RB 4314-V 8080;aro - acetato;;;720,00;0;;;2;;FALSO;FALSO;0;
8276;8276;22;RJ 9064S 7052/V0;aro - acetato;;;370,00;0;;;2;;FALSO;FALSO;0;
8277;8277;22;RJ 9052S 100/11 48;aro - acetato;;;350,00;0;;;1;;FALSO;FALSO;0;
8278;8278;22;RB 6375 3051 53;aro - metal;;;650,00;0;;;2;;FALSO;FALSO;0;
8279;8279;22;RB 6465L 2991;aro - metal;;;690,00;0;;;2;;FALSO;FALSO;0;
8280;8280;22;RB 4314-V NINA 5943 54;aro - acetato;;;740,00;1;;;2;;FALSO;FALSO;0;
8281;8281;22;RB 6422 3005;fio - metal;;;560,00;0;;;2;;FALSO;FALSO;0;
8283;8283;22;RB 3857-V 3107;aro - metal;;;560,00;0;;;2;;FALSO;FALSO;0;
8284;8284;22;RB 3946-V 8057 52;aro - metal;;;720,00;1;;;2;;FALSO;FALSO;0;
8285;8285;128;VARILUX COMFORT TRIO EASY CLEAN MAX BLUE UV;;;;;0;;;3;;FALSO;FALSO;0;
8286;8286;242;FF 0308 LHF 140;aro - metal;;;1.670,00;1;;;2;;FALSO;FALSO;0;
8287;8287;242;FF 0027 70T 135;aro - acetato;;;1.239,00;0;;;1;;FALSO;FALSO;0;
8288;8288;;;;;;;0;;;2;;FALSO;FALSO;0;
8289;8289;22;RB 3447VL 2500 50;aro - metal;;;540,00;0;;;2;;FALSO;FALSO;0;
8290;8290;242;FF 0237/S LHFNQ 49;aro - acetato;;;1.257,00;0;;;1;;FALSO;FALSO;0;
8291;8291;288;MK2062 LISBOM;aro - acetato;;;495,00;0;;;1;;FALSO;FALSO;0;
8292;8292;288;MK2088 MONACO;aro - acetato;;;890,00;-1;;;1;;FALSO;FALSO;0;
8293;8293;9;EA 3038 5063 56;aro - acetato;;;660,00;0;;;2;;FALSO;FALSO;0;
8294;8294;288;MK 1045 SAN DIEGO;aro - metal;;;600,00;-1;;;1;;FALSO;FALSO;0;
8295;8295;16;RUSH;aro - acetato;;;650,00;0;;;2;;FALSO;FALSO;0;
8296;8296;22;RB 2447 1160/70 52;;;;;0;;;1;;FALSO;FALSO;0;
8297;8297;128;VARILUX LIVERTY TRANSITIONS;;;;;0;;;3;;FALSO;FALSO;0;
8298;8298;128;VARILUX LIBERTY TRANSITIONS;;;;;0;;;3;;FALSO;FALSO;0;
8299;8299;128;VS AR  HOYA SENSITY BLUECONTROL;;;;;0;;;3;;FALSO;FALSO;0;
8300;8300;128;VS AR FILTRO AZUL 1.67;;;;;0;;;3;;FALSO;FALSO;0;
8301;8301;128;HOYALUX WIDE BKS BLUECONTROL;;;;;0;;;3;;FALSO;FALSO;0;
8302;8302;128;HOYALUX ID LIFESTYLE BLUECONTROL;;;;;0;;;2;;FALSO;FALSO;0;
8303;8303;128;HOYALUX ID LIFESTYLE SENSITY NO-RISK+BC;;;;;0;;;3;;FALSO;FALSO;0;
8304;8304;128;VS FOTO AR 1.67;;;;;0;;;2;;FALSO;FALSO;0;
8305;8305;128;VS AR FILTRO AZUL 1.74;;;;;0;;;3;;FALSO;FALSO;0;
8307;8307;128;PG 1.67;másc - metal;;;;0;;;3;;FALSO;FALSO;0;
8308;8308;37;CORRENTINHAS;;;;;-4;;;4;;FALSO;FALSO;0;
8309;8309;128;VS POLI;;;;;0;;;3;;FALSO;FALSO;0;
8310;8310;128;BIFOCAL ULTEX FOTO;;;;;0;;;1;;FALSO;FALSO;0;
8311;8311;16;QUAD X MATTE BLACK RED CHROME;másc - acetato;;;450,00;0;;;1;;FALSO;FALSO;0;
8312;8312;127;HONEY;;;;;-7;;;1;;FALSO;FALSO;0;
8313;8313;128;HOYALUX WIDE BKS BLUECONTROL 1.67;;;;;0;;;3;;FALSO;FALSO;0;
8314;8314;128;HOYA ARGOS BLUECONTROL;;;;;0;;;3;;FALSO;FALSO;0;
8315;8315;128;HOYA DESKTOP PREMIUM AR;;;;;0;;;3;;FALSO;FALSO;0;
8316;8316;128;HOYALUX WIDE BKS NO-RISK;;;;;0;;;3;;FALSO;FALSO;0;
8317;8317;294;CAIT/S NS8 IC 54;aro - acetato;;;1.063,00;0;;;1;;FALSO;FALSO;0;
8318;8318;128;HOYALUX ID IFESTYLE CLEANEXTRA SENSITY;;;;;0;;;3;;FALSO;FALSO;0;
8319;8319;22;RB 4339VL 2000 56;aro - acetato;;;;0;;;2;;FALSO;FALSO;0;
8320;8320;128;PG CURVA 8;;;;;0;;;3;;FALSO;FALSO;0;
8321;8321;28;VA 3038 5097 54;aro - acetato;;;1.890,00;1;;;2;;FALSO;FALSO;0;
8322;8322;9;EA 3034 5229 55;aro - acetato;;;690,00;0;;;2;;FALSO;FALSO;0;
8323;8323;128;HOYA SENSITY AR;;;;;0;;;3;;FALSO;FALSO;0;
8324;8324;242;FF 0025/S 70OAED 50-22;aro - acetato;;;1.100,00;0;;;1;;FALSO;FALSO;0;
8326;8326;295;ARMACÃO MOD. VARIOS;aro - acetato;;;140,00;32;;;2;;FALSO;FALSO;0;
8327;8327;22;RB 4339VL 8047 56 18;aro - acetato;;;1,00;0;;;2;;FALSO;FALSO;0;
8328;8328;22;RB 2186 state street 901/31 49;aro - acetato;;;1,00;0;;;1;;FALSO;FALSO;0;
8329;8329;128;HOYA VS MIO/HIPERLIGHT TRUEFORM BLUECONTROL SENSITY;;;;2.136,00;0;;;3;;FALSO;FALSO;0;
8330;8330;242;FF 0021/S 7UPHD 51;aro - acetato;;;890,00;0;;;1;;FALSO;FALSO;0;
8331;8331;242;FF 0339/F 807 140;aro - acetato;;;1.290,00;1;;;2;;FALSO;FALSO;0;
8332;8332;242;FF 0235 LHF 140;aro - acetato;;;1.170,00;0;;;2;;FALSO;FALSO;0;
8333;8333;242;FF 0023 7UU 140;aro - acetato;;;990,00;0;;;2;;FALSO;FALSO;0;
8334;8334;242;FF 0087/S CU1DX 53;aro - acetato;;;1.298,00;0;;;1;;FALSO;FALSO;0;
8335;8335;242;FF 0132/S N7FV6 51;aro - metal;;;1.170,00;0;;;1;;FALSO;FALSO;0;
8337;8337;1;AH3198 A01 53;aro - acetato;;;410,00;1;;;1;;FALSO;FALSO;0;
8338;8338;1;AH3202 05A 63;Parafusada;;;540,00;1;;;1;;FALSO;FALSO;0;
8339;8339;1;AH6384 G21 54.5;aro - acetato;;;620,00;0;;;2;;FALSO;FALSO;0;
8340;8340;1;AH1378 D01 53;fio - metal;;;590,00;0;;;2;;FALSO;FALSO;0;
8341;8341;16;M.010001 59;Aro Fechado;;;380,00;-5;;;1;;FALSO;FALSO;0;
8342;8342;16;M.93158 46 DOUTECH;Aro Fechado;;;440,00;1;;;2;;FALSO;FALSO;0;
8343;8343;16;H-BOMB 2.0 010321;aro - acetato;;;380,00;1;;;1;;FALSO;FALSO;0;
8344;8344;16;STAB 90173;Aro Fechado;;;450,00;0;;;1;;FALSO;FALSO;0;
8345;8345;16;QUAD X 010375;másc - acetato;;;380,00;1;;;1;;FALSO;FALSO;0;
8346;8346;16;RUSH 010276;Aro Fechado;;;650,00;1;;;2;;FALSO;FALSO;0;
8347;8347;290;GZ3066 G693 51;aro - acetato;;;380,00;1;;;2;;FALSO;FALSO;0;
8348;8348;290;GZ3078 H614 54;aro - acetato;;;380,00;1;;;2;;FALSO;FALSO;0;
8349;8349;290;GZ3053 F909 51;aro - acetato;;;380,00;1;;;2;;FALSO;FALSO;0;
8350;8350;290;GZ3072 H255 54;aro - acetato;;;380,00;0;;;2;;FALSO;FALSO;0;
8351;8351;290;GZ4042 H927 52;aro - acetato;;;380,00;0;;;1;;FALSO;FALSO;0;
8352;8352;290;GZ3052 G080 50;Aro Fechado;;;380,00;1;;;2;;FALSO;FALSO;0;
8353;8353;290;GZ4031 G097 54;Aro Fechado;;;380,00;1;;;1;;FALSO;FALSO;0;
8354;8354;284;;;;;;;;;2;;FALSO;FALSO;0;
8355;8355;284;CLI-PON MOD. VARIOS;Aro Fechado;;;380,00;-182;;;1;;FALSO;FALSO;0;
8356;8356;16;SWITCH M.010351 52.2;Aro Fechado;;;580,00;0;;;2;;FALSO;FALSO;0;
8357;8357;16;SWITCH M.93160 53;Aro Fechado;;;580,00;0;;;2;;FALSO;FALSO;0;
8358;8358;16;RUSH 010276;Aro Fechado;;;620,00;0;;;2;;FALSO;FALSO;0;
8359;8359;16;SWITCH M.010253 49;Aro Fechado;;;590,00;0;;;2;;FALSO;FALSO;0;
8360;8360;16;SWITCH M.010379 55;Aro Fechado;;;590,00;-1;;;2;;FALSO;FALSO;0;
8361;8361;288;311613 55;Aro Fechado;;;910,00;1;;;1;;FALSO;FALSO;0;
8362;8362;288;MK5017 KENDALL II;aro - metal;;;840,00;1;;;1;;FALSO;FALSO;0;
8363;8363;288;300987 56;Aro Fechado;;;890,00;1;;;1;;FALSO;FALSO;0;
8364;8364;288;300613 65;Aro Fechado;;;980,00;1;;;1;;FALSO;FALSO;0;
8365;8365;288;323913 54;Aro Fechado;;;790,00;0;;;1;;FALSO;FALSO;0;
8366;8366;242;FF0124/S D28BN 52;Aro Fechado;;;1.120,00;0;;;1;;FALSO;FALSO;0;
8367;8367;291;RA5249 5737/7B 55;Aro Fechado;;;590,00;0;;;1;;FALSO;FALSO;0;
8368;8368;242;FF 0240/S 40G9O 47;Aro Fechado;;;1.459,00;1;;;1;;FALSO;FALSO;0;
8370;8370;296;MM HOOKS DDB9R 61;Parafusada;;;990,00;1;;;1;;FALSO;FALSO;0;
8371;8371;294;GEMA/S 086FQ 59;aro - metal;;;1.989,00;1;;;1;;FALSO;FALSO;0;
8372;8372;294;ORA/S PSU9C 51;aro - metal;;;1.390,00;1;;;1;;FALSO;FALSO;0;
8373;8373;294;ORA/S PSU3 51;aro - metal;;;1.390,00;0;;;1;;FALSO;FALSO;0;
8374;8374;294;JESS/S 010HD 60;Fio de Nylon;;;1.240,00;1;;;1;;FALSO;FALSO;0;
8375;8375;22;RB 5206 2034 54;aro - acetato;;;670,00;0;;;2;;FALSO;FALSO;0;
8376;8376;5;J5GCC 62;aro - metal;;;650,00;1;;;1;;FALSO;FALSO;0;
8377;8377;288;MK1010 ADRIANNA I;Aro Fechado;;;890,00;0;;;1;;FALSO;FALSO;0;
8378;8378;288;MK2020 ADELAIDE II;aro - acetato;;;912,00;0;;;1;;FALSO;FALSO;0;
8379;8379;288;MK2019 ADELAIDE I;aro - acetato;;;990,00;1;;;1;;FALSO;FALSO;0;
8380;8380;288;MK1045 SAN DIEGO;aro - metal;;;540,00;1;;;1;;FALSO;FALSO;0;
8381;8381;288;MK2072 BARBADOS;aro - acetato;;;550,00;1;;;1;;FALSO;FALSO;0;
8382;8382;288;MK1038 MELBOURNE;aro - metal;;;780,00;0;;;1;;FALSO;FALSO;0;
8383;8383;288;MK1038 MELBOURNE;aro - metal;;;780,00;1;;;1;;FALSO;FALSO;0;
8384;8384;288;MK6026 TABITHA I;aro - acetato;;;790,00;0;;;1;;FALSO;FALSO;0;
8385;8385;288;MK1021 LON;aro - metal;;;580,00;0;;;1;;FALSO;FALSO;0;
8386;8386;294;CAIT/S JOJ GY 54;aro - acetato;;;1.063,00;0;;;1;;FALSO;FALSO;0;
8387;8387;294;ROSY/S IXAFU 51;aro - metal;;;1.290,00;1;;;1;;FALSO;FALSO;0;
8388;8388;294;MAYELA/S 18U VH 50;aro - acetato;;;1.450,00;-1;;;1;;FALSO;FALSO;0;
8389;8389;288;FLASH/S FI7HD 52;aro - acetato;;;990,00;1;;;1;;FALSO;FALSO;0;
8390;8390;294;FLASH/S FI7HD 52;aro - acetato;;;990,00;0;;;1;;FALSO;FALSO;0;
8391;8391;16;M.93139;aro - acetato;;;380,00;1;;;2;;FALSO;FALSO;0;
8392;8392;16;M.93146;aro - acetato;;;380,00;2;;;2;;FALSO;FALSO;0;
8393;8393;16;M.0279 57.4;aro - acetato;;;380,00;0;;;2;;FALSO;FALSO;0;
8394;8394;16;M.93154 52;aro - acetato;;;380,00;1;;;2;;FALSO;FALSO;0;
8395;8395;16;M.93108 52;aro - acetato;;;380,00;1;;;2;;FALSO;FALSO;0;
8396;8396;16;M.93152 56;aro - acetato;;;380,00;0;;;2;;FALSO;FALSO;0;
8397;8397;16;M.93147;aro - acetato;;;380,00;2;;;2;;FALSO;FALSO;0;
8398;8398;16;M.93159;aro - acetato;;;380,00;1;;;2;;FALSO;FALSO;0;
8399;8399;16;M. 93119;aro - acetato;;;380,00;-6;;;2;;FALSO;FALSO;0;
8400;8400;16;M.0277 55;aro - acetato;;;380,00;1;;;2;;FALSO;FALSO;0;
8401;8401;16;M.93136;aro - acetato;;;380,00;0;;;2;;FALSO;FALSO;0;
8402;8402;16;M.93422;aro - metal;;;490,00;0;;;2;;FALSO;FALSO;0;
8403;8403;16;M.93139 54;aro - acetato;;;380,00;1;;;2;;FALSO;FALSO;0;
8404;8404;16;M.93110;aro - acetato;;;380,00;1;;;2;;FALSO;FALSO;0;
8405;8405;16;M.93142;aro - acetato;;;380,00;2;;;2;;FALSO;FALSO;0;
8406;8406;16;M.93055;aro - acetato;;;380,00;1;;;2;;FALSO;FALSO;0;
8407;8407;16;M.93104;aro - acetato;;;380,00;1;;;2;;FALSO;FALSO;0;
8409;8409;22;RB 6182 2509 55;fio - metal;;;450,00;1;;;2;;FALSO;FALSO;0;
8412;8412;22;RB 6284 2758 55;aro - metal;;;390,00;0;;;2;;FALSO;FALSO;0;
8413;8413;21;PH 1171 9038 55;aro - metal;;;690,00;1;;;2;;FALSO;FALSO;0;
8414;8414;21;PH 1171 9157 55;aro - metal;;;690,00;0;;;2;;FALSO;FALSO;0;
8415;8415;21;PH 2155 5284 58;aro - acetato;;;690,00;1;;;2;;FALSO;FALSO;0;
8416;8416;21;PH 2155 5284 58;aro - acetato;;;690,00;1;;;2;;FALSO;FALSO;0;
8417;8417;21;PH 2199 5523 55;aro - acetato;;;690,00;1;;;2;;FALSO;FALSO;0;
8418;8418;9;EA 3165 5754 55;aro - acetato;;;690,00;0;;;2;;FALSO;FALSO;0;
8419;8419;9;EA 3140 5719 55;aro - acetato;;;690,00;1;;;2;;FALSO;FALSO;0;
8420;8420;22;RB 7158L 5828 56;aro - acetato;;;590,00;0;;;2;;FALSO;FALSO;0;
8421;8421;22;RB 5394 JHON 2000 51;aro - acetato;;;670,00;0;;;2;;FALSO;FALSO;0;
8422;8422;22;RB 7176L 2000 54;aro - acetato;;;580,00;0;;;2;;FALSO;FALSO;0;
8423;8423;22;RB 4339VL 5196 56;aro - acetato;;;580,00;0;;;2;;FALSO;FALSO;0;
8424;8424;22;RB 7049 5439 56;aro - acetato;;;590,00;1;;;2;;FALSO;FALSO;0;
8425;8425;298;CD 3202;aro - acetato;;;1.650,00;0;;;2;;FALSO;FALSO;0;
8426;8426;242;FF 0009 EDJ 135;aro - acetato;;;1.230,00;0;;;2;;FALSO;FALSO;0;
8427;8427;242;FF 0008 7RI 135;aro - acetato;;;1.230,00;0;;;2;;FALSO;FALSO;0;
8428;8428;242;FF 0008 7RK 135;aro - acetato;;;1.249,00;1;;;2;;FALSO;FALSO;0;
8429;8429;242;FF 0027 7OT 135;aro - acetato;;;1.350,00;1;;;2;;FALSO;FALSO;0;
8430;8430;22;RB 7044L 5476;aro - acetato;;;490,00;1;;;2;;FALSO;FALSO;0;
8431;8431;242;FF 0052 MNX 140;aro - metal;;;1.100,00;1;;;2;;FALSO;FALSO;0;
8432;8432;242;FF 0308 LHF;;;;;;;;2;;FALSO;FALSO;0;
8434;8434;294;71 XF2 140;aro - metal;;;1.270,00;0;;;2;;FALSO;FALSO;0;
8435;8435;294;JC212 807 140;aro - metal;;;1.730,00;0;;;2;;FALSO;FALSO;0;
8436;8436;22;RB 6489 3086 58;aro - metal;;;690,00;1;;;2;;FALSO;FALSO;0;
8437;8437;22;RB 6489 3033 58 14;aro - metal;;;690,00;1;;;2;;FALSO;FALSO;0;
8438;8438;22;RB 1971-V SQUARE 2500 54;aro - metal;;;670,00;0;;;2;;FALSO;FALSO;0;
8439;8439;22;RB 5154 2001 51;aro - metal;;;720,00;0;;;2;;FALSO;FALSO;0;
8440;8440;22;RB 1972V OCTAGON 3104 54;aro - metal;;;670,00;1;;;2;;FALSO;FALSO;0;
8441;8441;1;AH6421 A01 53;aro - acetato;;;590,00;0;;;2;;FALSO;FALSO;0;
8442;8442;1;AH6343 H01 54;aro - acetato;;;590,00;1;;;2;;FALSO;FALSO;0;
8443;8443;1;PARIS/NIGHT 54 18;aro - acetato;;;640,00;0;;;2;;FALSO;FALSO;0;
8444;8444;1;AH6365 G21 53;aro - acetato;;;620,00;0;;;2;;FALSO;FALSO;0;
8445;8445;1;AH6284 G21 57;aro - acetato;;;590,00;1;;;2;;FALSO;FALSO;0;
8446;8446;1;AH6318 G21 53;aro - acetato;;;650,00;1;;;2;;FALSO;FALSO;0;
8447;8447;1;AH6413 G21 53;aro - acetato;;;620,00;1;;;2;;FALSO;FALSO;0;
8448;8448;1;AH6342 C03 57;aro - acetato;;;590,00;1;;;2;;FALSO;FALSO;0;
8449;8449;1;AH6274 G22 53;aro - acetato;;;590,00;0;;;2;;FALSO;FALSO;0;
8450;8450;1;AH6254 A01 55;aro - acetato;;;590,00;1;;;2;;FALSO;FALSO;0;
8451;8451;1;AH6378 A01 53.5;aro - acetato;;;620,00;1;;;2;;FALSO;FALSO;0;
8452;8452;1;AH6378 G22 53.5;aro - acetato;;;620,00;0;;;2;;FALSO;FALSO;0;
8453;8453;1;AH6363 H02 54;aro - acetato;;;620,00;0;;;2;;FALSO;FALSO;0;
8454;8454;1;AH6378 C02 53.5;aro - acetato;;;620,00;1;;;2;;FALSO;FALSO;0;
8455;8455;288;333913 54-18 140;aro - metal;;;530,00;1;;;2;;FALSO;FALSO;0;
8456;8456;16;M.010255 52;aro - acetato;;;380,00;-3;;;2;;FALSO;FALSO;0;
8457;8457;1;AH1352 04A 54;fio - metal;;;590,00;0;;;2;;FALSO;FALSO;0;
8458;8458;1;AH1206 08C 56;aro - metal;;;590,00;0;;;2;;FALSO;FALSO;0;
8459;8459;1;AH1367 01A 55;aro - metal;;;650,00;0;;;2;;FALSO;FALSO;0;
8460;8460;1;AH6368 H01 54;aro - acetato;;;590,00;1;;;2;;FALSO;FALSO;0;
8461;8461;1;AH6321 C01 53;aro - acetato;;;590,00;0;;;2;;FALSO;FALSO;0;
8462;8462;1;AH6428 H03;aro - acetato;;;590,00;0;;;2;;FALSO;FALSO;0;
8463;8463;294;95 J93 140;aro - acetato;;;1.470,00;1;;;2;;FALSO;FALSO;0;
8464;8464;294;105 INN 135;aro - acetato;;;1.390,00;0;;;2;;FALSO;FALSO;0;
8465;8465;290;GZ3077 H611 53;aro - acetato;;;380,00;0;;;2;;FALSO;FALSO;0;
8466;8466;;;;;;;;;;2;;FALSO;FALSO;0;
8467;8467;290;GZ3075 H268 52;aro - acetato;;;380,00;0;;;2;;FALSO;FALSO;0;
8468;8468;290;GZ3050 F715 50;aro - acetato;;;380,00;0;;;2;;FALSO;FALSO;0;
8469;8469;290;GZ3048B F704 50;aro - acetato;;;380,00;1;;;2;;FALSO;FALSO;0;
8470;8470;290;GZ3077 H610 53;aro - acetato;;;380,00;0;;;2;;FALSO;FALSO;0;
8471;8471;290;GZ3060B G438 53;aro - acetato;;;380,00;0;;;2;;FALSO;FALSO;0;
8472;8472;290;GZ3062 G445 51;aro - acetato;;;380,00;0;;;2;;FALSO;FALSO;0;
8473;8473;290;GZ3064 G682;aro - acetato;;;380,00;0;;;2;;FALSO;FALSO;0;
8474;8474;273;OX1085/S HWGCC;aro - acetato;;;380,00;0;;;1;;FALSO;FALSO;0;
8475;8475;290;GZ3069 G905 52;aro - acetato;;;380,00;1;;;2;;FALSO;FALSO;0;
8476;8476;290;GZ3073 H259 52;aro - acetato;;;380,00;0;;;2;;FALSO;FALSO;0;
8477;8477;290;GZ3056 H037 52;aro - acetato;;;380,00;2;;;2;;FALSO;FALSO;0;
8478;8478;290;GZ3069 G906 52;aro - acetato;;;380,00;-1;;;2;;FALSO;FALSO;0;
8479;8479;290;GZ3063 G681 52;aro - acetato;;;380,00;0;;;2;;FALSO;FALSO;0;
8480;8480;290;GZ3078 H613 54;aro - acetato;;;380,00;0;;;2;;FALSO;FALSO;0;
8481;8481;290;GZ3067 G697;aro - acetato;;;380,00;0;;;2;;FALSO;FALSO;0;
8482;8482;290;GZ3064 G685;aro - acetato;;;380,00;1;;;2;;FALSO;FALSO;0;
8483;8483;290;GZ3082 H923 54;aro - acetato;;;380,00;1;;;2;;FALSO;FALSO;0;
8484;8484;290;GZ3077 H612 53;aro - acetato;;;380,00;1;;;2;;FALSO;FALSO;0;
8485;8485;290;GZ3056 G082 52;aro - acetato;;;380,00;1;;;2;;FALSO;FALSO;0;
8486;8486;290;GZ3051 F905 52;aro - acetato;;;380,00;0;;;2;;FALSO;FALSO;0;
8487;8487;290;GZ3056 G081 52;aro - acetato;;;380,00;0;;;2;;FALSO;FALSO;0;
8488;8488;290;GZ3052 G079 50;aro - acetato;;;380,00;0;;;2;;FALSO;FALSO;0;
8489;8489;290;GZ3070 G910 53;aro - acetato;;;380,00;0;;;2;;FALSO;FALSO;0;
8490;8490;290;GZ3062 G446;aro - acetato;;;380,00;0;;;2;;FALSO;FALSO;0;
8491;8491;290;GZ3083 H919 51;aro - acetato;;;380,00;1;;;2;;FALSO;FALSO;0;
8492;8492;;;;;;;;;;2;;FALSO;FALSO;0;
8493;8493;16;M.93132 48;aro - acetato;;;380,00;0;;;2;;FALSO;FALSO;0;
8494;8494;16;M.93143 49;aro - acetato;;;380,00;0;;;2;;FALSO;FALSO;0;
8495;8495;36;YX1212 58;aro - acetato;;;260,00;1;;;2;;FALSO;FALSO;0;
8496;8496;79;FK610 54;aro - acetato;;;180,00;1;;;2;;FALSO;FALSO;0;
8498;8498;261;MODELOS VARIOS;Aro Fechado;;;100,00;2;;;2;;FALSO;FALSO;0;
8499;8499;45;S209;fio - metal;;;290,00;0;;;2;;FALSO;FALSO;0;
8500;8500;16;M.93412;aro - acetato;;;380,00;2;;;2;;FALSO;FALSO;0;
8501;8501;16;M.93112;aro - acetato;;;380,00;3;;;2;;FALSO;FALSO;0;
8503;8503;16;M.90124;aro - acetato;;;380,00;2;;;2;;FALSO;FALSO;0;
8504;8504;16;M.0952 52;Parafusada;;;450,00;1;;;2;;FALSO;FALSO;0;
8505;8505;16;M.93130;aro - acetato;;;380,00;1;;;2;;FALSO;FALSO;0;
8506;8506;16;;;;;;;;;2;;FALSO;FALSO;0;
8507;8507;22;RB 1040L 4032;aro - metal;;;320,00;1;;;2;;FALSO;FALSO;0;
8509;8509;22;RB 1538L 3608 47;aro - acetato;;;350,00;0;;;2;;FALSO;FALSO;0;
8510;8510;279;MODELOS VARIOS;aro - acetato;;;180,00;0;;;2;;FALSO;FALSO;0;
8511;8511;22;RB 1540 3616 48;aro - acetato;;;330,00;0;;;2;;FALSO;FALSO;0;
8512;8512;22;RB 1542L 36;aro - acetato;;;350,00;1;;;2;;FALSO;FALSO;0;
8513;8513;22;RB 1539L 3613;aro - acetato;;;340,00;1;;;2;;FALSO;FALSO;0;
8514;8514;1;AH1396N 01A 54;aro - metal;;;690,00;0;;;2;;FALSO;FALSO;0;
8515;8515;1;AH1397N 01C 54;aro - metal;;;690,00;-1;;;2;;FALSO;FALSO;0;
8516;8516;1;AH1397N 05A 54;aro - metal;;;690,00;0;;;2;;FALSO;FALSO;0;
8517;8517;1;AH6414N H02 53.5;aro - acetato;;;690,00;0;;;2;;FALSO;FALSO;0;
8518;8518;1;AH6413N A01 53.5;aro - acetato;;;690,00;0;;;2;;FALSO;FALSO;0;
8519;8519;1;AH6414N A01 53.5;aro - acetato;;;690,00;0;;;2;;FALSO;FALSO;0;
8520;8520;1;AH6414N H03 53.5;aro - acetato;;;690,00;0;;;2;;FALSO;FALSO;0;
8521;8521;1;AH1423N A01 55.5;aro - acetato;;;690,00;0;;;2;;FALSO;FALSO;0;
8522;8522;1;AH1423N H02 55.5;aro - acetato;;;690,00;0;;;2;;FALSO;FALSO;0;
8523;8523;1;AH1423N G21 55.5;aro - acetato;;;690,00;0;;;2;;FALSO;FALSO;0;
8524;8524;40;;;;;;;;;1;;FALSO;FALSO;0;
8526;8526;16;SWITCH M.010380 50;másc - acetato;;;650,00;1;;;1;;FALSO;FALSO;0;
8527;8527;15;GM117 TO 53;aro - acetato;;;350,00;1;;;2;;FALSO;FALSO;0;
8528;8528;261;SH8881 60;aro - acetato;;;190,00;1;;;1;;FALSO;FALSO;0;
8529;8529;36;1014;aro - acetato;;;100,00;1;;;2;;FALSO;FALSO;0;
8531;8531;;;;;;;;;;2;;FALSO;FALSO;0;
8532;8532;29;MOD 4014 101/73;aro - acetato;;;100,00;1;;;1;;FALSO;FALSO;0;
8533;8533;128;HOYA ARGOS POLI NO-RISK+BC;;;;;;;;3;;FALSO;FALSO;0;
8534;8534;128;MIO/HIPERLIGHT 1.67 NO-RISK+BC;;;;;;;;3;;FALSO;FALSO;0;
8535;8535;14;GG 2887/S UYZS6 61;aro - metal;;;1.579,00;0;;;1;;FALSO;FALSO;0;
8536;8536;14;GG 3814/S RKQDX 53;aro - acetato;;;1.349,00;0;;;1;;FALSO;FALSO;0;
8537;8537;22;RB 1582L 3797;aro - acetato;;;350,00;0;;;2;;FALSO;FALSO;0;
8541;8541;;;;;;;;;;2;;FALSO;FALSO;0;
8542;8542;128;HOYALUX ID LIFESTYLE V+ BLUECONTROL;;;;;;;;3;;FALSO;FALSO;0;
8543;8543;36;CLI-PON MOD. VAR;;;;390,00;5;;;1;;FALSO;FALSO;0;
8544;8544;1;AH10002 05A 56;Aro Fechado;;;690,00;-1;;;2;;FALSO;FALSO;0;
8545;8545;1;AH10002 09A 56;Aro Fechado;;;690,00;1;;;2;;FALSO;FALSO;0;
8546;8546;1;AH60012 A01 54;aro - acetato;;;690,00;1;;;2;;FALSO;FALSO;0;
8547;8547;1;AH60011 A01 52;aro - acetato;;;690,00;1;;;2;;FALSO;FALSO;0;
8548;8548;1;AH60012 G22 54;aro - acetato;;;690,00;1;;;2;;FALSO;FALSO;0;
8549;8549;128;HOYA ARGOS TRIVEX SENSITY NO-RISK+BC;;;;;;;;2;;FALSO;FALSO;0;
8550;8550;128;HOYALUX ID MYSTYLE V+ BLUECONTROL;;;;;;;;3;;FALSO;FALSO;0;
8552;8552;79;Modelos Varios (2);aro - acetato;;;190,00;-457;;;2;;FALSO;FALSO;0;
8553;8553;79;CLI-PON Modelos Varios;aro - acetato;25,00;;290,00;;;;1;;FALSO;FALSO;0;
8554;8554;128;Orma Crizal Easy Pro Transitions Gen8 Cinza Blue Uv;;;;909,00;;;;1;;FALSO;FALSO;0;
8555;8555;128;HOYA SYNC III 13 BLUECONTROL;;;;;;;;3;;FALSO;FALSO;0;
8556;8556;1;AH10007 08A 56-15;aro - metal;;;690,00;0;;;2;;FALSO;FALSO;0;
8557;8557;1;AH10001 08A 55;aro - metal;;;690,00;0;;;2;;FALSO;FALSO;0;
8558;8558;1;AH6314N T01 53.5;aro - acetato;;;690,00;2;;;2;;FALSO;FALSO;0;
8559;8559;1;AH6414L H03 56;aro - acetato;;;690,00;0;;;2;;FALSO;FALSO;0;
8560;8560;1;AH6407N A01 53 15.5;aro - acetato;;;690,00;0;;;2;;FALSO;FALSO;0;
8561;8561;1;AH10006 01A 54;aro - metal;;;690,00;1;;;2;;FALSO;FALSO;0;
8563;8563;1;AH10009 12A 53;aro - metal;;;690,00;0;;;2;;FALSO;FALSO;0;
8564;8564;1;AH6414L A01 56;aro - acetato;;;690,00;0;;;2;;FALSO;FALSO;0;
8565;8565;1;AH60001 H01 54;aro - acetato;;;690,00;1;;;2;;FALSO;FALSO;0;
8566;8566;1;AH60001 N01 54;aro - acetato;;;690,00;0;;;2;;FALSO;FALSO;0;
8567;8567;1;AH10001 09A 55;aro - metal;;;690,00;-1;;;2;;FALSO;FALSO;0;
8568;8568;1;AH60002 H01 55;aro - acetato;;;690,00;1;;;2;;FALSO;FALSO;0;
8569;8569;1;AH6407N N01 53;aro - acetato;;;690,00;1;;;2;;FALSO;FALSO;0;
8570;8570;1;AH60003 H01 54-17;aro - acetato;;;690,00;0;;;2;;FALSO;FALSO;0;
8571;8571;1;AH10011 09A 56-19;aro - metal;;;690,00;0;;;2;;FALSO;FALSO;0;
8572;8572;1;AH6413N T01 53.5;aro - acetato;;;690,00;-1;;;2;;FALSO;FALSO;0;
8573;8573;49;SOLAR MODELOS VARIOS;aro - acetato;;;260,00;-1;;;1;;FALSO;FALSO;0;
8574;8574;1;AH60009 G23 55-16;aro - acetato;;;690,00;1;;;2;;FALSO;FALSO;0;
8575;8575;1;AH60009 G22 55-16;aro - acetato;;;690,00;1;;;2;;FALSO;FALSO;0;
8576;8576;1;AH10009 09A 53-18;aro - metal;;;690,00;-1;;;2;;FALSO;FALSO;0;
8577;8577;22;RB 3647-NL 9069-A5 51-22;aro - metal;;;830,00;0;;;1;;FALSO;FALSO;0;
8578;8578;1;AH6387N A01 54.5;aro - acetato;;;690,00;0;;;2;;FALSO;FALSO;0;
8579;8579;1;AH60014 G21 53;aro - acetato;;;690,00;0;;;2;;FALSO;FALSO;0;
8580;8580;1;AH6428N K01 54;aro - acetato;;;690,00;0;;;1;;FALSO;FALSO;0;
8581;8581;1;AH60010 G21 53;aro - acetato;;;690,00;0;;;2;;FALSO;FALSO;0;
8582;8582;1;AH6387N G01 54;aro - acetato;;;690,00;0;;;2;;FALSO;FALSO;0;
8583;8583;1;AH6428N H01 54.5;aro - acetato;;;690,00;0;;;2;;FALSO;FALSO;0;
8584;8584;1;AH60014 G21 53;aro - acetato;;;690,00;0;;;2;;FALSO;FALSO;0;
8585;8585;1;AH10013 09A 53;aro - metal;;;690,00;0;;;2;;FALSO;FALSO;0;
8586;8586;1;AH6384N A01 54.5;aro - acetato;;;690,00;1;;;2;;FALSO;FALSO;0;
8587;8587;1;AH10006 09A 54;aro - metal;;;690,00;-1;;;2;;FALSO;FALSO;0;
8588;8588;1;AH10013 07A 53;aro - metal;;;690,00;0;;;2;;FALSO;FALSO;0;
8589;8589;22;RB 7120L 5196 55;aro - acetato;;;590,00;0;;;2;;FALSO;FALSO;0;
8590;8590;128;VARILUX COMFORT MAX TRIO EASY CLEAN;;;;;;;;3;;FALSO;FALSO;0;
8591;8591;22;RB 6448 2500 51;aro - metal;;;690,00;0;;;2;;FALSO;FALSO;0;
8592;8592;1;AH 110006 01A 54;aro - metal;;;690,00;0;;;2;;FALSO;FALSO;0;
8593;8593;128;VS AR FOTO 1.67;;;;590,00;1;;;2;;FALSO;FALSO;0;
8595;8595;128;PG POLARIZADO CINZA POLI;;;;1.000,00;;;;3;;FALSO;FALSO;0;
8596;8596;128;HOYALUX VXT WIDE;;;;;;;;3;;FALSO;FALSO;0;
8597;8597;128;HOYALUX BKS WIDE AR;;;;;;;;3;;FALSO;FALSO;0;
8598;8598;128;EYEZEN BOOST STAND AR;;;;;;;;3;;FALSO;FALSO;0;
8600;8600;128;HOYA SYNC III 9 BLUECONTROL;;;;;;;;3;;FALSO;FALSO;0;
8601;8601;282;KB 8212 C1 52;aro - acetato;;;350,00;-1;;;2;;FALSO;FALSO;0;
8602;8602;282;KB 2019 C2 48;aro - acetato;;;350,00;0;;;2;;FALSO;FALSO;0;
8603;8603;282;KB 2030 C2 54;aro - acetato;;;350,00;0;;;2;;FALSO;FALSO;0;
8604;8604;282;KB 2030 C3 54;aro - acetato;;;350,00;0;;;2;;FALSO;FALSO;0;
8605;8605;282;KB 2021 C6 52;aro - acetato;;;350,00;0;;;2;;FALSO;FALSO;0;
8606;8606;282;KB 2042 C1 54;aro - acetato;;;350,00;0;;;2;;FALSO;FALSO;0;
8607;8607;282;KB 2047 C1 54;aro - acetato;;;350,00;0;;;2;;FALSO;FALSO;0;
8608;8608;282;KB 2047 C3 54;aro - acetato;;;350,00;0;;;2;;FALSO;FALSO;0;
8609;8609;282;KB 2047 C2 54;aro - acetato;;;350,00;0;;;2;;FALSO;FALSO;0;
8610;8610;282;KB 2018 C6;aro - acetato;;;350,00;1;;;2;;FALSO;FALSO;0;
8611;8611;282;KB 2059 C1 53;aro - acetato;;;350,00;-1;;;2;;FALSO;FALSO;0;
8612;8612;282;KB 2062 C3 52;aro - acetato;;;350,00;0;;;2;;FALSO;FALSO;0;
8613;8613;282;KB 2062 C2 52;aro - acetato;;;350,00;0;;;2;;FALSO;FALSO;0;
8614;8614;282;KB 2064 C4 54;aro - acetato;;;350,00;0;;;2;;FALSO;FALSO;0;
8615;8615;282;KB 2056;aro - acetato;;;350,00;0;;;2;;FALSO;FALSO;0;
8616;8616;282;KB 2024 C7 52;aro - acetato;;;350,00;0;;;2;;FALSO;FALSO;0;
8617;8617;282;KB 2055 C7 55;aro - acetato;;;350,00;0;;;2;;FALSO;FALSO;0;
8618;8618;282;KB 2071 C1 53;aro - acetato;;;350,00;0;;;2;;FALSO;FALSO;0;
8619;8619;282;KB 2069 C6 57;aro - acetato;;;350,00;0;;;2;;FALSO;FALSO;0;
8620;8620;282;KB 8212 C6 52;aro - acetato;;;350,00;1;;;2;;FALSO;FALSO;0;
8621;8621;282;KB 8212 C7 52;aro - acetato;;;350,00;1;;;2;;FALSO;FALSO;0;
8622;8622;282;KB 2062 C5 52;aro - acetato;;;350,00;0;;;2;;FALSO;FALSO;0;
8623;8623;282;KB 2070 C8 55;aro - acetato;;;350,00;0;;;2;;FALSO;FALSO;0;
8624;8624;282;KB 2074 C6 62;aro - acetato;;;350,00;1;;;2;;FALSO;FALSO;0;
8625;8625;282;KB 2059 C7 53;aro - acetato;;;350,00;1;;;2;;FALSO;FALSO;0;
8626;8626;282;KB 2008 C7 51;aro - acetato;;;350,00;1;;;2;;FALSO;FALSO;0;
8627;8627;282;KB 2075 C1 50;aro - acetato;;;350,00;1;;;2;;FALSO;FALSO;0;
8628;8628;282;KB 2075 C1 50;aro - acetato;;;350,00;0;;;2;;FALSO;FALSO;0;
8629;8629;282;KB 2076 C2;aro - acetato;;;350,00;1;;;2;;FALSO;FALSO;0;
8630;8630;282;KB 2077 C1 51;aro - acetato;;;350,00;1;;;2;;FALSO;FALSO;0;
8631;8631;282;KB 2078 C1 52;aro - acetato;;;350,00;-2;;;2;;FALSO;FALSO;0;
8632;8632;282;KB 2079 C2;aro - acetato;;;350,00;0;;;2;;FALSO;FALSO;0;
8633;8633;282;KK 4004 C3 45;aro - acetato;;;350,00;0;;;2;;FALSO;FALSO;0;
8634;8634;282;KK 4004 C4 45;aro - acetato;;;350,00;0;;;2;;FALSO;FALSO;0;
8635;8635;282;KK 4012 C4 45;aro - acetato;;;350,00;1;;;2;;FALSO;FALSO;0;
8636;8636;282;KK 4012 C5 45;másc - acetato;;;350,00;-1;;;2;;FALSO;FALSO;0;
8637;8637;282;KP 8411 C2 53;aro - metal;;;350,00;1;;;2;;FALSO;FALSO;0;
8638;8638;282;KP 8492 C1 55;aro - acetato;;;350,00;1;;;2;;FALSO;FALSO;0;
8639;8639;282;KP 8494 C2 54;aro - acetato;;;350,00;0;;;2;;FALSO;FALSO;0;
8640;8640;282;KP 8502 CLIPON C1 54;aro - acetato;;;450,00;0;;;2;;FALSO;FALSO;0;
8641;8641;282;KP 8507 CLIPON C1 50;aro - acetato;;;450,00;0;;;2;;FALSO;FALSO;0;
8642;8642;282;KP 8511 C2 55;aro - metal;;;350,00;0;;;2;;FALSO;FALSO;0;
8643;8643;282;KS 3831 C4 55;aro - acetato;;;350,00;0;;;2;;FALSO;FALSO;0;
8644;8644;282;KS 3838 C8 59;aro - acetato;;;350,00;0;;;2;;FALSO;FALSO;0;
8645;8645;282;KS 3842 C6 50;aro - acetato;;;350,00;0;;;2;;FALSO;FALSO;0;
8646;8646;282;KW 7383 C6 50;aro - acetato;;;350,00;0;;;2;;FALSO;FALSO;0;
8647;8647;282;KW 7472 C4 53;aro - acetato;;;350,00;0;;;2;;FALSO;FALSO;0;
8648;8648;282;KW 7538 C1 56;aro - metal;;;350,00;0;;;2;;FALSO;FALSO;0;
8649;8649;282;KW 7569 C2 52;aro - acetato;;;350,00;0;;;2;;FALSO;FALSO;0;
8650;8650;282;KW 7570 C5 48;aro - acetato;;;350,00;0;;;2;;FALSO;FALSO;0;
8651;8651;282;KW 7573 C1 55;aro - acetato;;;350,00;0;;;2;;FALSO;FALSO;0;
8652;8652;282;KW 7576 C2 56;aro - metal;;;350,00;0;;;2;;FALSO;FALSO;0;
8653;8653;282;KW 7586 C3 52;aro - acetato;;;350,00;1;;;2;;FALSO;FALSO;0;
8654;8654;282;KW 7588 C3 53;aro - acetato;;;350,00;1;;;2;;FALSO;FALSO;0;
8655;8655;282;KW 7591 C1 54;aro - metal;;;350,00;0;;;2;;FALSO;FALSO;0;
8656;8656;282;KW 7594 CLIPON C5 55;aro - acetato;;;450,00;0;;;2;;FALSO;FALSO;0;
8657;8657;282;KW 7594 CLIPON C4 55;aro - acetato;;;450,00;0;;;2;;FALSO;FALSO;0;
8658;8658;282;KW 7595 C5 56;aro - acetato;;;350,00;0;;;2;;FALSO;FALSO;0;
8659;8659;282;KW 7596 C4 54;aro - acetato;;;350,00;1;;;2;;FALSO;FALSO;0;
8660;8660;282;KW 7596 C3 54;aro - acetato;;;350,00;-1;;;2;;FALSO;FALSO;0;
8661;8661;282;KW 7597 C2 55;aro - acetato;;;350,00;0;;;2;;FALSO;FALSO;0;
8662;8662;282;KW 7555 C6 55;aro - metal;;;350,00;0;;;2;;FALSO;FALSO;0;
8663;8663;282;KW 7655 C1 56;aro - acetato;;;390,00;0;;;1;;FALSO;FALSO;0;
8664;8664;16;H-BOMB 2.0;aro - acetato;;;390,00;-1;;;1;;FALSO;FALSO;0;
8665;8665;16;;;;;;;;;1;;FALSO;FALSO;0;
8666;8666;128;HOYALUX ID LIFESTYLE V+ SENSITY 2 NO-RISK BLUE;;;;;;;;3;;FALSO;FALSO;0;
8667;8667;128;ORMA CRIZAL SAPPHIRE TRANSITIONS GEN 8 CINZA BLUE UV;;;;;;;;3;;FALSO;FALSO;0;
8668;8668;37;CORRENTINHA;;;;;;;;4;;FALSO;FALSO;0;
8669;8669;128;GAMAVISION FREEFORM 1.56 SIGMA BLUE;;;;;;;;3;;FALSO;FALSO;0;
8670;8670;16;DOUTECH 010427 57;;;;;;;;2;;FALSO;FALSO;0;
8671;8671;16;POLYTECH M.040410 51;;;;;;;;2;;FALSO;FALSO;0;
8672;8672;128;HOYALUX VXT WIDE 1.67 SENSITY2 CLEANEXTRA;;;;;;;;3;;FALSO;FALSO;0;
8674;8674;128;OPTILIGHT 1.67 TRIO EASY CLEAN;;;;;;;;3;;FALSO;FALSO;0;
8675;8675;37;PRODUTOS DIVERSOS;;;;;;;;4;;FALSO;FALSO;0;
8676;8676;16;DUOTECH METAL+POLYTECH 93424 55;;;;;;;;2;;FALSO;FALSO;0;
8677;8677;128;HOYALUX BKS WIDE CLEAN EXTRA;;;;;;;;3;;FALSO;FALSO;0;
8678;8678;128;HOYA ARGOS BLUECONTROL SENSITY 2;;;;;;;;3;;FALSO;FALSO;0;
8679;8679;128;PG AR 1.67;;;;;;;;3;;FALSO;FALSO;0;
8680;8680;128;VARILUX LIBERTY 3.0 TRIO EASY CLEAN;;;;;;;;3;;FALSO;FALSO;0;
8681;8681;22;RB 3025 W3400 58;aro - metal;;;940,00;1;;;1;;FALSO;FALSO;0;
8682;8682;22;RB 2132 NEW WAYFARER 6462/31 58;aro - acetato;;;780,00;0;;;1;;FALSO;FALSO;0;
8683;8683;22;RB 4340 601 50;aro - acetato;;;1.080,00;0;;;1;;FALSO;FALSO;0;
8684;8684;22;RB 4340-V 2000 50;aro - acetato;;;740,00;1;;;2;;FALSO;FALSO;0;
8685;8685;22;RB 2140 901 54;aro - acetato;;;890,00;1;;;1;;FALSO;FALSO;0;
8686;8686;128;ORMA CRIZAL PREVENCIA BLUE UV;;;;;;;;3;;FALSO;FALSO;0;
8687;8687;128;HOYA SYNC III 13 NO-RISK BLUE;;;;;;;;3;;FALSO;FALSO;0;
8688;8688;16;DUCTENIUN M010390 59;;;;;;;;2;;FALSO;FALSO;0;
8690;8690;299;MR 175/SL C100 56-19;aro - acetato;;;690,00;0;;;1;;FALSO;FALSO;0;
8691;8691;128;MIO/HIPERLIGHT 1.67 CLEANEXTRA;;;;;;;;3;;FALSO;FALSO;0;
8692;8692;128;VARILUX COMFORT TRANSITIONS GEN8 BLUE UV TRIO EASY CLEAN;;;;;;;;3;;FALSO;FALSO;0;
8693;8693;128;HOYA AMPLUS NRBL SENSITY 2;;;;;;;;3;;FALSO;FALSO;0;
8694;8694;128;HOYALUX BKS WIDE BC;;;;;;;;3;;FALSO;FALSO;0;
8695;8695;128;HOYALUX BKS WIDE BC;;;;;;;;3;;FALSO;FALSO;0;
8696;8696;22;RB 3548-NL 001 54-21 145 3N;aro - metal;;;800,00;-2;;;1;;FALSO;FALSO;0;
8697;8697;128;AMPLUS STANDARD;;;;;;;;3;;FALSO;FALSO;0;
8698;8698;16;DUOTECH M.93422 55-20 140;;;;;;;;2;;FALSO;FALSO;0;
8700;8700;128;ORMA CRIZAL SAPPHIRE HR TRANSITIONS GEN8 CINZA BLUE UV;;;;;;;;3;;FALSO;FALSO;0;
8701;8701;22;RB 4306L 601/71 54-19;aro - acetato;;;760,00;0;;;1;;FALSO;FALSO;0;
8702;8702;14;GG 3788/S LWDDX 49-28;aro - acetato;;;1.690,00;0;;;1;;FALSO;FALSO;0;
8703;8703;128;DESKTOP PREMIUM NO-RISK BLUECONTROL;;;;;;;;3;;FALSO;FALSO;0;
8704;8704;128;DESKTOP PREMUIM CLEANEXTRA ORGANIC;;;;;;;;3;;FALSO;FALSO;0;
8705;8705;128;ARGOS SENSITY NO-RISK BLUECONTROL ORGANIC;;;;;;;;3;;FALSO;FALSO;0;
8706;8706;128;VARILUX COMFORT TRIO EASY CLEAN TRANSITIONS;;;;;;;;3;;FALSO;FALSO;0;
8707;8707;128;HOYA ARGOS NO-RISK BLUECONTROL;;;;;;;;3;;FALSO;FALSO;0;
8708;8708;9;EA4115 5854/1W 54;Aro Fechado;;;1.490,00;0;;;2;;FALSO;FALSO;0;
8709;8709;128;HOYALUX ID LIFESTYLE 3 EYNOA 1.67 BLUECONTROL;;;;;;;;3;;FALSO;FALSO;0;
8710;8710;128;ARGOS NO-RISKBLUECONTROL EYNOA 1.67;;;;;;;;3;;FALSO;FALSO;0;
8711;8711;22;RB 3531L 041/87 64;aro - metal;;;540,00;0;;;1;;FALSO;FALSO;0;
8712;8712;128;HOYALUX BALANSIS NO-RISK BLUECONTROL PNX;;;;;;;;3;;FALSO;FALSO;0;
8713;8713;16;CODY;;;;;;;;1;;FALSO;FALSO;0;
8714;8714;128;NULUX EYNOA 1.67 HARD;;;;;;;;3;;FALSO;FALSO;0;
8715;8715;128;ORMA CRIZAL EASY PRO BLUE UV;;;;;;;;3;;FALSO;FALSO;0;
8716;8716;128;HOYALUX DAYNAMIC EYNOA 1.67 BLUECONTROL SENSITY2;;;;;;;;3;;FALSO;FALSO;0;
8717;8717;128;HOYALUX DAYNAMIC PNX CLEANEXTRA;;;;;;;;3;;FALSO;FALSO;0;
8718;8718;128;VS AR FILTRO AZUL 1.59;;;;;;;;3;;FALSO;FALSO;0;
8719;8719;16;SPLIT CARVIN 0243;;;;;;;;1;;FALSO;FALSO;0;
8720;8720;128;VS AR 1.59 FILTRO AZUL;;;;;;;;3;;FALSO;FALSO;0;
8721;8721;128;HILUX VS PREMIUM SENSITY LONGLIFE UV;;;;;;;;3;;FALSO;FALSO;0;
8722;8722;128;GAMAVISION FREEFORM ACCLIMATES;;;;;;;;3;;FALSO;FALSO;0;
8723;8723;128;DYNAMIC PREMUIM FOTO 1.56 SIGMA LIGHT;;;;;;;;3;;FALSO;FALSO;0;
8724;8724;22;RB 4306L 710/73 54;;;;;;;;1;;FALSO;FALSO;0;
8725;8725;16;OVERKILL;;;;;;;;1;;FALSO;FALSO;0;
8726;8726;128;GAMAVISION FREEFORM ACCLIMATES SIGMA LIGHT;;;;;;;;3;;FALSO;FALSO;0;
8727;8727;128;HOYA ARGOS NO-RISK BLUECONTROL SENSITY;;;;;;;;3;;FALSO;FALSO;0;
8728;8728;128;DYNAMIC PRO 1.67 SIGMA BLUE;;;;;;;;3;;FALSO;FALSO;0;
8729;8729;128;HOYALUX BALANSIS NO-RISK BLUECONTROL SENSITY;;;;;;;;3;;FALSO;FALSO;0;
8731;8731;;;;;;;;;;3;;FALSO;FALSO;0;
8732;8732;22;RB 2195 THALIA 902/31 53;aro - acetato;;;860,00;0;;;1;;FALSO;FALSO;0;
8733;8733;16;NAZA;aro - acetato;;;499,00;0;;;2;;FALSO;FALSO;0;
8734;8734;288;MK 4083U BERGEN;aro - acetato;;;890,00;0;;;2;;FALSO;FALSO;0;
8735;8735;128;HOYALUX DAYNAMIC HARD ORGANIC;;;;;;;;3;;FALSO;FALSO;0;
8737;8737;128;HOYALUX BALANSIS NO-RISK BLUECONTROL SENSITY;;;;;;;;3;;FALSO;FALSO;0;
8738;8738;1;AH 6383N A01;;;;;;;;2;;FALSO;FALSO;0;
8739;8739;128;HILUX ULTRAX & THINHARD ORGANIC SENSITY;;;;;;;;3;;FALSO;FALSO;0;
8740;8740;128;HOYA SYNC III PNX NO-RISK BLUECONTROL SENSITY;;;;;;;;3;;FALSO;FALSO;0;
8741;8741;290;GZ 3080 H933 53;aro - acetato;;;480,00;-1;;;2;;FALSO;FALSO;0;
8742;8742;290;GZ 3093 K165 53;aro - acetato;;;480,00;0;;;2;;FALSO;FALSO;0;
8743;8743;290;GZ 3106 K414 55;aro - acetato;;;480,00;0;;;2;;FALSO;FALSO;0;
8744;8744;2;AN6131L 737 54 16 140;aro - metal;;;480,00;1;;;2;;FALSO;FALSO;0;
8745;8745;2;AN6135-737 54;aro - metal;;;480,00;1;;;2;;FALSO;FALSO;0;
8748;8748;2;AN6130L 501 56 17;fio - metal;;;480,00;1;;;2;;FALSO;FALSO;0;
8749;8749;2;AN7226 2758 49;aro - acetato;;;480,00;-1;;;2;;FALSO;FALSO;0;
8750;8750;18;JOACA II 445 117 89;aro - acetato;;;590,00;0;;;1;;FALSO;FALSO;0;
8751;8751;18;M0049A1 CARMEL;aro - acetato;;;590,00;1;;;1;;FALSO;FALSO;0;
8752;8752;18;M0146AAS09 SAN JUAN;aro - acetato;;;590,00;1;;;1;;FALSO;FALSO;0;
8753;8753;18;M0129APF96 SMASH;aro - acetato;;;590,00;1;;;1;;FALSO;FALSO;0;
8754;8754;18;M6047AAS56 CALIFA;aro - acetato;;;590,00;1;;;2;;FALSO;FALSO;0;
8755;8755;18;M0135APJ01 SAN DIEGO;aro - acetato;;;590,00;0;;;1;;FALSO;FALSO;0;
8756;8756;18;M0129KF197 SMASH;aro - acetato;;;790,00;1;;;1;;FALSO;FALSO;0;
8757;8757;18;M6044DJ955 PRANA;aro - acetato;;;590,00;0;;;2;;FALSO;FALSO;0;
8758;8758;18;M6044A9455 PRANA;aro - acetato;;;590,00;1;;;2;;FALSO;FALSO;0;
8759;8759;18;M6083A1457 KYOTO;aro - acetato;;;590,00;1;;;2;;FALSO;FALSO;0;
8760;8760;18;M6107ABC55 ISTAMBUL;aro - acetato;;;590,00;0;;;2;;FALSO;FALSO;0;
8761;8761;18;M6047KC656 CALIFA;aro - acetato;;;590,00;0;;;2;;FALSO;FALSO;0;
8762;8762;18;M6048A9653 OCEANSIDE;aro - acetato;;;590,00;1;;;2;;FALSO;FALSO;0;
8763;8763;18;M6098KCH56 SWAP NG DUO;aro - acetato;;;790,00;1;;;2;;FALSO;FALSO;0;
8764;8764;18;M6098A1456 SWAP NG DUO;aro - metal;;;790,00;1;;;2;;FALSO;FALSO;0;
8765;8765;18;M6075A1454 NAGOIA;aro - acetato;;;590,00;0;;;2;;FALSO;FALSO;0;
8766;8766;18;M6107KC655 ISTAMBUL;aro - acetato;;;790,00;1;;;2;;FALSO;FALSO;0;
8767;8767;18;M6099DC758 OSLO;aro - acetato;;;790,00;0;;;2;;FALSO;FALSO;0;
8768;8768;18;M6099A1458 OSLO;aro - acetato;;;590,00;1;;;2;;FALSO;FALSO;0;
8769;8769;18;M6083K0457 KYOTO;aro - acetato;;;590,00;1;;;2;;FALSO;FALSO;0;
8770;8770;18;M6075DE954 NAGOIA;aro - acetato;;;590,00;0;;;2;;FALSO;FALSO;0;
8771;8771;18;M6071ABC51 AWSP2;aro - acetato;;;590,00;1;;;2;;FALSO;FALSO;0;
8772;8772;18;M6098AGA56 SWAP NG DUO;aro - acetato;;;790,00;1;;;2;;FALSO;FALSO;0;
8773;8773;18;M6098K2656 SWAP NG DUO;aro - acetato;;;790,00;1;;;2;;FALSO;FALSO;0;
8774;8774;18;M6048ACE53 OCEANSIDE;aro - acetato;;;590,00;0;;;2;;FALSO;FALSO;0;
8775;8775;18;M6138KB151 CANNES;aro - acetato;;;790,00;1;;;2;;FALSO;FALSO;0;
8776;8776;18;M6138DH451 CANNES;aro - acetato;;;790,00;1;;;2;;FALSO;FALSO;0;
8777;8777;18;M6112AFE55 SWAP 4;aro - acetato;;;790,00;1;;;2;;FALSO;FALSO;0;
8778;8778;18;M6132K3355 SWAP 6;aro - acetato;;;790,00;1;;;2;;FALSO;FALSO;0;
8779;8779;18;M6139KC655 ATENAS;aro - acetato;;;590,00;1;;;2;;FALSO;FALSO;0;
8780;8780;18;M6118A1461 JAKARTA;aro - acetato;;;590,00;1;;;2;;FALSO;FALSO;0;
8781;8781;18;M6112A1455 SWAP 4;aro - acetato;;;790,00;1;;;2;;FALSO;FALSO;0;
8782;8782;18;M6119A1452 TURIM;aro - acetato;;;590,00;0;;;2;;FALSO;FALSO;0;
8783;8783;18;M6127K0457 SWAP 5;aro - acetato;;;790,00;1;;;2;;FALSO;FALSO;0;
8784;8784;18;M6132D1355 SWAP 6;aro - acetato;;;790,00;1;;;2;;FALSO;FALSO;0;
8785;8785;18;M6135KCP58 ISTAMBUL 2;aro - acetato;;;590,00;1;;;2;;FALSO;FALSO;0;
8786;8786;18;M6134AFE56 BUDAPESTE;aro - acetato;;;590,00;1;;;2;;FALSO;FALSO;0;
8787;8787;18;M6125DJ952 VANCOUVER;aro - acetato;;;590,00;1;;;2;;FALSO;FALSO;0;
8788;8788;18;M6135A1458 ISTAMBUL 2;aro - acetato;;;590,00;1;;;2;;FALSO;FALSO;0;
8789;8789;18;M6133AEH54 TOLEDO;aro - acetato;;;590,00;1;;;2;;FALSO;FALSO;0;
8790;8790;18;M6119D1352 TURIM;aro - acetato;;;590,00;1;;;2;;FALSO;FALSO;0;
8791;8791;18;M6139A1455 ATENAS;aro - acetato;;;590,00;1;;;2;;FALSO;FALSO;0;
8792;8792;18;M6134KB256 BUDAPESTE;aro - acetato;;;590,00;1;;;2;;FALSO;FALSO;0;
8793;8793;18;M6132K0455 SWAP 6;aro - acetato;;;790,00;1;;;2;;FALSO;FALSO;0;
8794;8794;18;M6133K3354 TOLEDO;aro - acetato;;;590,00;1;;;2;;FALSO;FALSO;0;
8795;8795;18;M6133DM754 TOLEDO;aro - acetato;;;590,00;0;;;2;;FALSO;FALSO;0;
8796;8796;18;M6132A1455 SWAP 6;aro - acetato;;;790,00;1;;;2;;FALSO;FALSO;0;
8797;8797;18;M6112KC655 SWAP 4;aro - acetato;;;790,00;1;;;2;;FALSO;FALSO;0;
8798;8798;2;AN7226 2758 49;aro - acetato;;;480,00;1;;;2;;FALSO;FALSO;0;
8799;8799;2;AN6131L 737 54;aro - metal;;;480,00;0;;;2;;FALSO;FALSO;0;
8800;8800;2;AN6135-737 54;aro - metal;;;480,00;1;;;2;;FALSO;FALSO;0;
8801;8801;2;AN6130L 501 56;fio - metal;;;480,00;1;;;2;;FALSO;FALSO;0;
8802;8802;290;GZ1022 K396 56;aro - metal;;;480,00;1;;;2;;FALSO;FALSO;0;
8803;8803;290;GZ3093 J039 53;aro - acetato;;;480,00;1;;;2;;FALSO;FALSO;0;
8804;8804;2;AN7069L 01 53;aro - acetato;;;480,00;0;;;2;;FALSO;FALSO;0;
8805;8805;2;AN7070L 01 54;aro - acetato;;;480,00;1;;;2;;FALSO;FALSO;0;
8806;8806;128;KODAK BLUE;másc - metal;;;;;;;3;;FALSO;FALSO;0;
8807;8807;16;HB ARMAÇÃO 93423 55;;;;;;;;2;;FALSO;FALSO;0;
8808;8808;;;;;;;;;;2;;FALSO;FALSO;0;
8809;8809;300;TH 1836 FLL 140;aro - acetato;;;900,00;0;;;2;;FALSO;FALSO;0;
8810;8810;300;TH 1905 FLL 145;fio - metal;;;940,00;0;;;2;;FALSO;FALSO;0;
8811;8811;300;TH 1905 003 145;fio - metal;;;940,00;0;;;2;;FALSO;FALSO;0;
8812;8812;300;TH 1827 003 145;aro - metal;;;1.090,00;-5;;;2;;FALSO;FALSO;0;
8813;8813;300;TH 1946 R80 145;aro - metal;;;1.190,00;0;;;2;;FALSO;FALSO;0;
8814;8814;300;TH 1895 TI7 145;aro - metal;;;990,00;1;;;2;;FALSO;FALSO;0;
8815;8815;300;TH 1918 4IN 145;aro - metal;;;1.170,00;-1;;;2;;FALSO;FALSO;0;
8816;8816;300;TH 1919 003 145;aro - metal;;;1.090,00;1;;;2;;FALSO;FALSO;0;
8817;8817;300;TH 1861 003 145;aro - metal;;;980,00;0;;;2;;FALSO;FALSO;0;
8818;8818;300;TH 1787 FLL 140;aro - acetato;;;890,00;0;;;2;;FALSO;FALSO;0;
8819;8819;300;TH 1956 WIR 140;aro - acetato;;;890,00;0;;;2;;FALSO;FALSO;0;
8820;8820;300;TJ 0018/CS 00399 55-16;aro - acetato;;;1.189,00;-1;;;2;;FALSO;FALSO;0;
8821;8821;300;TH 1718/S 0JUIR 56-16;aro - acetato;;;990,00;1;;;1;;FALSO;FALSO;0;
8822;8822;300;TH 1974/S 003IR 57-19;aro - acetato;;;990,00;1;;;1;;FALSO;FALSO;0;
8823;8823;300;TH 1556/S 08AIR 56/18;aro - acetato;;;990,00;1;;;1;;FALSO;FALSO;0;
8824;8824;300;TH 1445/S LCNNR 57/17;aro - acetato;;;990,00;0;;;1;;FALSO;FALSO;0;
8825;8825;300;TH 1971/S 086QT 53-20;aro - acetato;;;1.170,00;0;;;1;;FALSO;FALSO;0;
8826;8826;18;SMASH M0129 KF1 97 CAT 03;másc - acetato;;;590,00;0;;;1;;FALSO;FALSO;0;
8827;8827;18;SMASH M;;;;;;;;1;;FALSO;FALSO;0;
8828;8828;18;SAN JUAN M0146 ASS 09 CAT03;aro - acetato;;;590,00;1;;;1;;FALSO;FALSO;0;
8829;8829;18;SMASH M0129 APF 96 CAT03;másc - acetato;;;590,00;-1;;;1;;FALSO;FALSO;0;
8830;8830;300;TH 1785 FLL 145;aro - acetato;;;890,00;0;;;2;;FALSO;FALSO;0;
8831;8831;300;TH 1696 06W 145;aro - acetato;;;920,00;1;;;2;;FALSO;FALSO;0;
8832;8832;128;MIYOSMART ANTIRREFLEXO;;;;;;;;3;;FALSO;FALSO;0;
8833;8833;290;GZ 4048 J046 54 20;aro - acetato;;;540,00;0;;;1;;FALSO;FALSO;0;
8834;8834;290;GZ 2013 K271 59-16;aro - acetato;;;540,00;-1;;;1;;FALSO;FALSO;0;
8835;8835;2;AN 6136-760 53 MAYBE MAE;aro - metal;;;590,00;0;;;2;;FALSO;FALSO;0;
8836;8836;2;AN 7186L 2680 56 CLANG;aro - acetato;;;590,00;1;;;2;;FALSO;FALSO;0;
8837;8837;2;AN6131L 737 54;aro - metal;;;490,00;1;;;2;;FALSO;FALSO;0;
8838;8838;300;TH 1968 FWM 140;aro - acetato;;;990,00;-1;;;2;;FALSO;FALSO;0;
8839;8839;18;CALIFA M6047 AAS 56;aro - acetato;;;590,00;0;;;2;;FALSO;FALSO;0;
8840;8840;290;GZ1019 J065 55-16;aro - metal;;;570,00;0;;;2;;FALSO;FALSO;0;
8841;8841;18;SWAP 6 M6132 K04 55 55;aro - acetato;;;790,00;-1;;;2;;FALSO;FALSO;0;
8842;8842;9;EA 4189U 5058/1W 55-17;aro - acetato;;;1,00;1489;;;2;;FALSO;FALSO;0;
8844;8844;290;GZ 1022 K396 56-15;aro - metal;;;570,00;0;;;2;;FALSO;FALSO;0;
8845;8845;9;EA 4189U 5060/1W 55;aro - acetato;;;1.490,00;0;;;1;;FALSO;FALSO;0;
8846;8846;20;VPR 18W 54-17 15D-101;aro - acetato;;;2.290,00;0;;;2;;FALSO;FALSO;0;
8847;8847;6;DG 5075 502 51-19 140;aro - acetato;;;1.790,00;0;;;2;;FALSO;FALSO;0;
8848;8848;22;RB 2194 JOHN;;;;;;;;1;;FALSO;FALSO;0;
8849;8849;22;RB 2194 JOHN 901/31 53/18;aro - acetato;;;800,00;0;;;1;;FALSO;FALSO;0;
8850;8850;300;TH 1742 08A 145;aro - acetato;;;980,00;0;;;2;;FALSO;FALSO;0;
8851;8851;128;LONGLIFE UV;aro - acetato;;;1.050,00;;;;3;;FALSO;FALSO;0;
8852;8852;128;VS SURFAÇADAS ORMA COM OPTIFOG;;;;;;;;3;;FALSO;FALSO;0;
8853;8853;18;SWAP 2 M6071 ABC 51;aro - acetato;;;690,00;-1;;;2;;FALSO;FALSO;0;
8854;8854;18;SWAP NG DUO M6098 K26 56;;;;;;;;2;;FALSO;FALSO;0;
8855;8855;300;TH 1906 05L 145;aro - acetato;;;980,00;0;;;2;;FALSO;FALSO;0;
8856;8856;2;AN 6130L 501 56;aro - acetato;;;570,00;-1;;;2;;FALSO;FALSO;0;
8857;8857;300;TH 2000 807 140;aro - acetato;;;980,00;1;;;2;;FALSO;FALSO;0;
8858;8858;300;TH 1989 003 145;aro - acetato;;;950,00;1;;;2;;FALSO;FALSO;0;
8859;8859;128;VS AR 1.59 FOTO;;;;;;;;3;;FALSO;FALSO;0;
8860;8860;300;TH 1881 FWM 140;aro - acetato;;;950,00;0;;;2;;FALSO;FALSO;0;
8861;8861;300;TH 1694 003 145;aro - acetato;;;890,00;0;;;2;;FALSO;FALSO;0;
8862;8862;128;VS TRANSITIONS GEN 8 BLUE UV VERNIZ;;;;;;;;3;;FALSO;FALSO;0;
8863;8863;301;FIO DE NYLON;;;;;;;;2;;FALSO;FALSO;0;
8864;8864;18;ISTAMBUL M6107 KC6 55;aro - acetato;;;590,00;0;;;2;;FALSO;FALSO;0;
8865;8865;18;SWAP NG DUO M6098 KCH 56;;;;;;;;2;;FALSO;FALSO;0;
8866;8866;300;TH 2000 KB7 140;aro - acetato;;;980,00;0;;;2;;FALSO;FALSO;0;
8867;8867;18;SWAP 6 M6132 A14 55 16 133;aro - acetato;;;790,00;0;;;2;;FALSO;FALSO;0;
8868;8868;128;HOYA ARGOS NO-RISK BLUECONTROL SENSITY 2;;;;;;;;3;;FALSO;FALSO;0;
8869;8869;290;GZ 3056 G084 52-16;aro - acetato;;;390,00;0;;;2;;FALSO;FALSO;0;
8870;8870;300;TH 1843 5MO 145;aro - metal;;;980,00;0;;;2;;FALSO;FALSO;0;
8871;8871;18;SWAP 5 M6127 K04 57;;;;;;;;2;;FALSO;FALSO;0;
8872;8872;300;TH 1974/S 0031R 57-19;;;;;;;;2;;FALSO;FALSO;0;
8873;8873;128;VR AR FOTO 1.67;;;;;;;;3;;FALSO;FALSO;0;
8874;8874;302;LV5034 086 145 HEXETATE;aro - acetato;;;;1;;;2;;FALSO;FALSO;0;
8875;8875;302;LV 5046 003 145;aro - acetato;;;;1;;;2;;FALSO;FALSO;0;
8876;8876;302;LV 1036 YF5 145;aro - acetato;;;;1;;;2;;FALSO;FALSO;0;
8877;8877;302;LV 1036 807 145;aro - acetato;;;;1;;;2;;FALSO;FALSO;0;
8878;8878;302;LV 5048 35J 145;aro - acetato;;;;0;;;2;;FALSO;FALSO;0;
8879;8879;302;LV 5019 807 145;aro - acetato;;;;0;;;2;;FALSO;FALSO;0;
8880;8880;302;LV 5046 RIW 145;aro - acetato;;;;1;;;2;;FALSO;FALSO;0;
8881;8881;302;LV 5040 086 145;aro - acetato;;;;1;;;2;;FALSO;FALSO;0;
8882;8882;302;LV 5034 KB7 145;aro - acetato;;;;1;;;2;;FALSO;FALSO;0;
8883;8883;302;LV 5038 6CR 140;aro - metal;;;;0;;;2;;FALSO;FALSO;0;
8884;8884;302;LV 1059 PY3 140;aro - metal;;;;0;;;2;;FALSO;FALSO;0;
8885;8885;302;LV 5024 FWM 145;aro - metal;;;;0;;;2;;FALSO;FALSO;0;
8886;8886;;;;;;;1;;;2;;FALSO;FALSO;0;
8887;8887;302;LV 5042 807 145;aro - acetato;;;;1;;;2;;FALSO;FALSO;0;
8888;8888;302;LV 1058 807 140;aro - acetato;;;;0;;;2;;FALSO;FALSO;0;
8889;8889;302;LV 5045 FLL 145;fio - metal;;;;-1;;;2;;FALSO;FALSO;0;
8890;8890;302;LV 5045 SVK 145;fio - metal;;;;1;;;2;;FALSO;FALSO;0;
8891;8891;300;TH 1839 KB7 140;aro - acetato;;;990,00;0;;;2;;FALSO;FALSO;0;
8892;8892;300;TH 2008 086 140;aro - acetato;;;890,00;0;;;2;;FALSO;FALSO;0;
8893;8893;2;CLANG AN 7186L 2680 56;aro - acetato;;;450,00;0;;;2;;FALSO;FALSO;0;
8894;8894;290;GZ 3093 J039 53-19;aro - acetato;;;450,00;0;;;2;;FALSO;FALSO;0;
8895;8895;302;LV 549 FLL 55-17;aro - acetato;;;750,00;1;;;2;;FALSO;FALSO;0;
8896;8896;302;LV 5050 SE8 54-16;aro - acetato;;;750,00;1;;;2;;FALSO;FALSO;0;
8897;8897;300;TH 1864 807 140;aro - acetato;;;980,00;0;;;2;;FALSO;FALSO;0;
8898;8898;229;MMJ 469/S 5E6Y1 49;aro - acetato;;;1.434,00;0;;;1;;FALSO;FALSO;0;
8899;8899;128;VS 1.67;;;;;;;;3;;FALSO;FALSO;0;
8900;8900;302;LV 5034 PJP 145;aro - acetato;;;980,00;1;;;2;;FALSO;FALSO;0;
8901;8901;302;LV 1045 MVU 1401;aro - acetato;;;980,00;1;;;2;;FALSO;FALSO;0;
8902;8902;;;;;;;;;;2;;FALSO;FALSO;0;
8903;8903;302;LV 1045 FMW 140;aro - acetato;;;980,00;1;;;2;;FALSO;FALSO;0;
8904;8904;302;LV 5047 2M4 145;aro - acetato;;;980,00;0;;;2;;FALSO;FALSO;0;
8905;8905;302;LV 5001 146;aro - metal;;;980,00;0;;;2;;FALSO;FALSO;0;
8906;8906;302;LV 5047 003 145;aro - acetato;;;890,00;1;;;2;;FALSO;FALSO;0;
8907;8907;302;LV 5049 RIW 55;aro - acetato;;;890,00;1;;;2;;FALSO;FALSO;0;
8908;8908;128;DESKTOP PREMIUM CLEANEXTRA;;;;;;;;3;;FALSO;FALSO;0;
8909;8909;18;SWAP NG DUO M6098 A14 56;aro - acetato;;;730,00;0;;;2;;FALSO;FALSO;0;
8910;8910;128;HOYALUX BALANSIS NO-RISK BLUECONTROL;;;;;;;;3;;FALSO;FALSO;0;
8911;8911;18;SWAP 6 M6132 K33 55;aro - acetato;;;690,00;0;;;2;;FALSO;FALSO;0;
8912;8912;302;LV 1058 05L 140;aro - acetato;;;890,00;1;;;2;;FALSO;FALSO;0;
8913;8913;128;HOYA ARGOS NO-RISK BLUECONTROL;;;;;;;;3;;FALSO;FALSO;0;
8915;8915;128;KODAK POLY POLYPOWER TRIO EASY CLEAN;;;;1.067,00;1;;;2;;FALSO;FALSO;0;
8916;8916;302;LV 1035/S 010 IR;aro - metal;;;890,00;0;;;1;;FALSO;FALSO;0;
8917;8917;300;TH 1995 PJP 145;aro - acetato;;;990,00;0;;;2;;FALSO;FALSO;0;
8918;8918;22;RB 4258 710/73;aro - acetato;;;680,00;1;;;1;;FALSO;FALSO;0;
8919;8919;22;RB;;;;;;;;1;;FALSO;FALSO;0;
8920;8920;22;RB 3548 NL-9069 A5;aro - metal;;;860,00;0;;;1;;FALSO;FALSO;0;
8921;8921;128;VARILUX E DESIGN TRANSITIONS CRIZAL EASY PRO;;;;;;;;3;;FALSO;FALSO;0;
8922;8922;2;AN 6135-737 54-17;aro - metal;;;580,00;0;;;2;;FALSO;FALSO;0;
8923;8923;20;SPR 24Z 56-16 07R-0A6 140 2N;aro - acetato;;;2.250,00;1;;;2;;FALSO;FALSO;0;
8924;8924;128;VARILUX XR DESIGN CRIZAL EASY PRO;aro - acetato;;;;;;;3;;FALSO;FALSO;0;
8925;8925;22;RB R0101S 002/GS 59;aro - metal;;;930,00;1;;;1;;FALSO;FALSO;0;
8926;8926;22;RB 3548-NL 001/30 51-21;aro - metal;;;830,00;1;;;1;;FALSO;FALSO;0;
8927;8927;22;RB 3584-N 9051/30 61;aro - metal;;;860,00;0;;;1;;FALSO;FALSO;0;
8928;8928;22;RB 3611 001/31 60;aro - metal;;;730,00;0;;;1;;FALSO;FALSO;0;
8929;8929;22;RB 3548-NL 001/Z2 54;aro - metal;;;910,00;0;;;1;;FALSO;FALSO;0;
8930;8930;22;;;;;;;;;1;;FALSO;FALSO;0;
8932;8932;22;RB 3447-NL 001/22 50;aro - metal;;;680,00;1;;;1;;FALSO;FALSO;0;
8933;8933;22;RB 3447-NL 001/3F 53-21;aro - metal;;;1.000,00;1;;;1;;FALSO;FALSO;0;
8934;8934;22;RB 4171 ERIKA 6339/D0 54-18;aro - acetato;;;640,00;1;;;1;;FALSO;FALSO;0;
8935;8935;22;RB 4171L ERIKA 601/5A 54-18;aro - acetato;;;860,00;1;;;1;;FALSO;FALSO;0;
8936;8936;22;RB 2194 JOHN 902/31 53;aro - acetato;;;800,00;0;;;1;;FALSO;FALSO;0;
8937;8937;22;RB 4371 710/73 55/18;aro - acetato;;;690,00;1;;;1;;FALSO;FALSO;0;
8938;8938;22;RB 3584-N 153/11 61-13;fio - metal;;;880,00;1;;;1;;FALSO;FALSO;0;
8939;8939;22;RB 3857 FRANK 9199/31 51-20;aro - metal;;;840,00;1;;;1;;FALSO;FALSO;0;
8940;8940;128;ORMA CRIZAL SAPPHIRE HR TRANSITIONS GEN 8 CINZA BLUE CONTROL;;;;;;;;3;;FALSO;FALSO;0;
8941;8941;22;RB;;;;;;;;1;;FALSO;FALSO;0;
8942;8942;22;;RB 4264 601S/A1 58/18;;;1.080,00;1;;;1;;FALSO;FALSO;0;
8943;8943;16;POLYTECH 93147 MATTE BLACH DEMO;;;;;;;;2;;FALSO;FALSO;0;
8944;8944;18;SWAP NG DUO M6098 AGA 56;aro - acetato;;;750,00;1;;;1;;FALSO;FALSO;0;
8945;8945;19;;;;;;;;;2;;FALSO;FALSO;0;
8947;8947;300;TH 1889 L93 140;aro - acetato;;;980,00;0;;;2;;FALSO;FALSO;0;
8948;8948;300;TH 1803/CS 00399 58/17;aro - metal;;;1.160,00;0;;;2;;FALSO;FALSO;0;
8949;8949;22;RB 4395 KILIANE 6677/71 54-21;aro - acetato;;;760,00;-1;;;1;;FALSO;FALSO;0;
8950;8950;300;TH 1903/CS 80799 54/18;aro - acetato;;;1.100,00;0;;;1;;FALSO;FALSO;0;
8951;8951;16;M.93422 55-20;aro - acetato;;;450,00;0;;;2;;FALSO;FALSO;0;
8952;8952;37;MOLA;;;;;;;;4;;FALSO;FALSO;0;
8953;8953;288;MK 2067 DESTIN;másc - acetato;;;890,00;0;;;1;;FALSO;FALSO;0;
8954;8954;300;TH 1996 003 145;aro - metal;;;980,00;0;;;2;;FALSO;FALSO;0;
8955;8955;128;VARILUX LIBERTY TRANSITIONS;;;;;;;;3;;FALSO;FALSO;0;
8956;8956;22;RB 6422 3046 51;fio - metal;;;880,00;1;;;2;;FALSO;FALSO;0;
8957;8957;22;RB 5369 2034 52;aro - acetato;;;880,00;1;;;2;;FALSO;FALSO;0;
8959;8959;22;RB 6465 JACK 3136 51;fio - metal;;;880,00;0;;;2;;FALSO;FALSO;0;
8960;8960;22;RB 3958V ELON 3120 50;aro - metal;;;830,00;1;;;2;;FALSO;FALSO;0;
8961;8961;22;RB 1969V RECTANGLE 2509 54;aro - metal;;;830,00;1;;;2;;FALSO;FALSO;0;
8962;8962;22;RB 5394 JOHN 8055 51;aro - acetato;;;880,00;1;;;2;;FALSO;FALSO;0;
8963;8963;22;RB 0880 2144 49;aro - acetato;;;830,00;0;;;2;;FALSO;FALSO;0;
8964;8964;22;RB 5362 5777 54;aro - acetato;;;930,00;1;;;2;;FALSO;FALSO;0;
8965;8965;22;RB 3716-V-M 3054 50;fio - metal;;;930,00;1;;;2;;FALSO;FALSO;0;
8966;8966;22;RB 7189L 5445 54;aro - acetato;;;640,00;1;;;2;;FALSO;FALSO;0;
8967;8967;22;RB 5393 LEONARD 5883 49;aro - acetato;;;830,00;0;;;2;;FALSO;FALSO;0;
8969;8969;22;RB 5362 5082 54;aro - acetato;;;880,00;1;;;2;;FALSO;FALSO;0;
8970;8970;22;RB 5369 2034 52;aro - acetato;;;880,00;0;;;2;;FALSO;FALSO;0;
8971;8971;22;RB 7157L 5857 52;aro - acetato;;;870,00;1;;;2;;FALSO;FALSO;0;
8972;8972;22;RB 7195L 5679 55;aro - acetato;;;690,00;1;;;2;;FALSO;FALSO;0;
8973;8973;22;RB 1970V OVAL 2509 54;aro - metal;;;670,00;1;;;2;;FALSO;FALSO;0;
8974;8974;22;RB 5370 2012 51;aro - acetato;;;830,00;1;;;2;;FALSO;FALSO;0;
8975;8975;22;RB 7140 2000 51;aro - acetato;;;830,00;1;;;2;;FALSO;FALSO;0;
8976;8976;17;OMU 06VV 7885;aro - acetato;;;2.190,00;1;;;2;;FALSO;FALSO;0;
8977;8977;18;SWAP 4 M6112 AFE 55;aro - acetato;;;750,00;0;;;1;;FALSO;FALSO;0;
8978;8978;128;VARILUX LIBERTY TRIO EASY CLEAN TRANSITIONS BLUE;;;;;;;;3;;FALSO;FALSO;0;
8979;8979;128;PG BLUE UV 1.56 C/AR EXTERNO;;;;;;;;3;;FALSO;FALSO;0;
8982;8982;128;PANOP FOTO SIGMA PREMIUM;;;;;;;;3;;FALSO;FALSO;0;
8986;8986;300;TH 1863 086 140;aro - acetato;;;980,00;0;;;2;;FALSO;FALSO;0;
8987;8987;128;PG FOTO AR EXTERNO;;;;;;;;3;;FALSO;FALSO;0;
8988;8988;17;SMU 53W 58/18 ZVN-5SO 135 3N;aro - metal;;;3.000,00;0;;;1;;FALSO;FALSO;0;
8989;8989;128;DESKTOP NO-RISK BLUECONTROL;;;;;;;;3;;FALSO;FALSO;0;
8990;8990;303;PLD D484 807 145;aro - acetato;;;690,00;0;;;2;;FALSO;FALSO;0;
8991;8991;128;Hoyalux Daynamic Bluecontrol;fio - acetato;;;;;;;3;;FALSO;FALSO;0;
8994;8994;303;PLD 2109/S 807 55M9 S;aro - acetato;;;690,00;1;;;2;;FALSO;FALSO;0;
8995;8995;303;PLD 2159/G/S/X 003 58M9;aro - acetato;;;690,00;0;;;2;;FALSO;FALSO;0;
8996;8996;303;PLD 2093/G/S J5G 54M9;aro - acetato;;;690,00;1;;;2;;FALSO;FALSO;0;
8997;8997;303;PLD 6147/S/X 10A 56C3;aro - acetato;;;690,00;0;;;2;;FALSO;FALSO;0;
8998;8998;303;PLD 6164/G/S RHL 59M9;aro - acetato;;;690,00;0;;;2;;FALSO;FALSO;0;
8999;8999;303;PLD 2159/G/S/X R80 58UC;aro - acetato;;;690,00;-1;;;2;;FALSO;FALSO;0;
9000;9000;303;PLD 6192/S 086 54SP;aro - acetato;;;690,00;0;;;2;;FALSO;FALSO;0;
9001;9001;303;PLD 2088/S 0VK 55M9;aro - acetato;;;690,00;0;;;2;;FALSO;FALSO;0;
9002;9002;303;PLD 4170/G/S/X J5G 56LA;aro - acetato;;;690,00;0;;;2;;FALSO;FALSO;0;
9003;9003;303;PLD 4153/S 09Q 50M9;aro - acetato;;;690,00;0;;;2;;FALSO;FALSO;0;
9004;9004;303;PLD 6139/CS 807 54M9;aro - acetato;;;690,00;1;;;2;;FALSO;FALSO;0;
9005;9005;303;PLD 2147/CS 06W 55M9;aro - acetato;;;690,00;0;;;2;;FALSO;FALSO;0;
9006;9006;303;PLD 2148/CS 06W 54M9;aro - acetato;;;690,00;0;;;2;;FALSO;FALSO;0;
9007;9007;303;PLD 2141/S BLX 56M9;aro - acetato;;;690,00;1;;;2;;FALSO;FALSO;0;
9008;9008;303;07886 9CA 70RC;aro - acetato;;;690,00;0;;;2;;FALSO;FALSO;0;
9009;9009;303;PLD D487 FWM 5515;aro - acetato;;;690,00;0;;;2;;FALSO;FALSO;0;
9011;9011;303;PLD D417 DOF 5416;aro - acetato;;;690,00;1;;;2;;FALSO;FALSO;0;
9012;9012;303;PLD D417 9N7 5416;aro - acetato;;;690,00;1;;;2;;FALSO;FALSO;0;
9013;9013;303;PLD D492 086 4821;aro - acetato;;;690,00;0;;;2;;FALSO;FALSO;0;
9014;9014;303;PLD D534/G R80 5715;aro - acetato;;;690,00;0;;;2;;FALSO;FALSO;0;
9015;9015;303;PLD D493 LHF 5516;aro - acetato;;;690,00;0;;;2;;FALSO;FALSO;0;
9016;9016;303;PLD D489/G 900 5217;aro - acetato;;;690,00;0;;;2;;FALSO;FALSO;0;
9017;9017;303;PLD D447 VKM 5417;aro - acetato;;;690,00;1;;;2;;FALSO;FALSO;0;
9019;9019;303;PLD D496 10A 5018;aro - acetato;;;690,00;0;;;2;;FALSO;FALSO;0;
9020;9020;303;PLD D461/G 900 5018;aro - acetato;;;690,00;0;;;2;;FALSO;FALSO;0;
9021;9021;303;PLD D482 086 5319;aro - acetato;;;690,00;1;;;2;;FALSO;FALSO;0;
9022;9022;303;PLD D528 MVU 5318;aro - acetato;;;690,00;1;;;2;;FALSO;FALSO;0;
9023;9023;303;PLD D528 IED 5318;aro - acetato;;;690,00;0;;;2;;FALSO;FALSO;0;
9024;9024;303;PLD D496 086 5018;aro - acetato;;;690,00;0;;;2;;FALSO;FALSO;0;
9025;9025;303;PLD D478 7ZJ 5417;aro - acetato;;;690,00;1;;;2;;FALSO;FALSO;0;
9026;9026;303;PLD D458/G KB7 5417;aro - acetato;;;690,00;0;;;2;;FALSO;FALSO;0;
9027;9027;303;PLD D458/G PJP 5417;aro - acetato;;;690,00;1;;;2;;FALSO;FALSO;0;
9028;9028;303;PLD D520 086 5419;aro - acetato;;;690,00;1;;;2;;FALSO;FALSO;0;
9029;9029;303;PLD D520 35J 5419;aro - acetato;;;690,00;1;;;2;;FALSO;FALSO;0;
9030;9030;303;PLD D510/G KB7 4918;aro - acetato;;;690,00;0;;;2;;FALSO;FALSO;0;
9031;9031;303;PLD D510/G 807 4918;aro - acetato;;;690,00;1;;;2;;FALSO;FALSO;0;
9032;9032;303;PLD D394 ZX9 5515;aro - acetato;;;690,00;0;;;2;;FALSO;FALSO;0;
9033;9033;303;PLD 8049/S 465 49M9;aro - acetato;;;690,00;1;;;2;;FALSO;FALSO;0;
9034;9034;303;PLD D831 PJP 4416;aro - acetato;;;690,00;1;;;2;;FALSO;FALSO;0;
9035;9035;303;PLD D836 35J 4914;aro - acetato;;;690,00;1;;;2;;FALSO;FALSO;0;
9036;9036;303;PLD K001 SIV 3613;aro - acetato;;;690,00;0;;;2;;FALSO;FALSO;0;
9037;9037;303;PLD K001 8RU 3613;aro - acetato;;;690,00;1;;;2;;FALSO;FALSO;0;
9038;9038;16;DUCTENIUM M 010349 54;aro - metal;;;560,00;0;;;2;;FALSO;FALSO;0;
9039;9039;300;TII 1879 J5G 5318 R;aro - metal;;;1,00;980;;;2;;FALSO;FALSO;0;
9040;9040;303;PLD 4177/S/X 086 55LA;aro - acetato;;;650,00;0;;;2;;FALSO;FALSO;0;
9041;9041;303;PLD 6229/CS B3V 55WJ S;aro - acetato;;;750,00;0;;;2;;FALSO;FALSO;0;
9042;9042;303;PLD 6229/CS 086 55UC S;aro - acetato;;;750,00;-1;;;2;;FALSO;FALSO;0;
9043;9043;303;PLD 6229/CS 807 55M9 S;aro - acetato;;;750,00;1;;;2;;FALSO;FALSO;0;
9044;9044;303;PLD 6014/S YYV 56Y2 S;aro - acetato;;;750,00;1;;;2;;FALSO;FALSO;0;
9045;9045;303;PLD D542 086 5616 R;aro - acetato;;;590,00;1;;;2;;FALSO;FALSO;0;
9046;9046;303;PLD D545 086 5516 R;aro - acetato;;;590,00;1;;;2;;FALSO;FALSO;0;
9047;9047;303;PLD D545 PJP 5516 R;aro - acetato;;;650,00;2;;;2;;FALSO;FALSO;0;
9048;9048;303;PLD D841 PJP 4317 R;aro - acetato;;;650,00;0;;;2;;FALSO;FALSO;0;
9049;9049;303;PLD D841 789 4317 R;aro - acetato;;;590,00;1;;;2;;FALSO;FALSO;0;
9050;9050;303;PLD D840 900 4614 R;aro - acetato;;;590,00;1;;;2;;FALSO;FALSO;0;
9051;9051;128;Orma Crizal Sapphire Hr Transitions Gen 8 Cinza Blue UV;aro - metal;;;;;;;3;;FALSO;FALSO;0;
9052;9052;128;Kodak Precise Transitions;;;;;;;;3;;FALSO;FALSO;0;
9053;9053;303;PLD D428/G 06J;aro - metal;;;650,00;0;;;2;;FALSO;FALSO;0;
9054;9054;29;2250 1486/93 63/13;aro - metal;;;1.600,00;0;;;1;;FALSO;FALSO;0;
9055;9055;128;Haytec Smart AR;;;;;;;;3;;FALSO;FALSO;0;
9056;9056;300;TH 1984 086 150;aro - acetato;;;980,00;0;;;2;;FALSO;FALSO;0;
9057;9057;128;HAYTEK LIGHT AR;aro - acetato;;;;;;;3;;FALSO;FALSO;0;
9058;9058;128;VS POLY TRANSITIONS CRIZAL EASY BLUE UV;;;;;;;;3;;FALSO;FALSO;0;
9059;9059;303;PLD D542 AVS 145;aro - acetato;;;590,00;0;;;2;;FALSO;FALSO;0;
9060;9060;303;PLD D545 C9A 145;aro - acetato;;;590,00;1;;;2;;FALSO;FALSO;0;
9061;9061;303;PLD D484 086 145;aro - acetato;;;590,00;-1;;;2;;FALSO;FALSO;0;
9062;9062;303;PLD 8049/S 8LZM9 49-16;aro - acetato;;;599,00;0;;;1;;FALSO;FALSO;0;
9063;9063;303;PLD D477 7ZJ 145;aro - acetato;;;590,00;1;;;2;;FALSO;FALSO;0;
9064;9064;300;TH 1879 J5G 140;aro - metal;;;980,00;0;;;2;;FALSO;FALSO;0;
9065;9065;128;HAYTEK LIGHT FOTO AR;Fio de Nylon;;;;;;;3;;FALSO;FALSO;0;
9066;9066;128;PG FOTO BLUE UV AR EXTERNO;;;;;;;;3;;FALSO;FALSO;0;
9067;9067;128;MEIRYO 1.67;;;;;;;;3;;FALSO;FALSO;0;
9068;9068;128;HOYA ARGOS 1.67 NO-RISK BLUECONTRO;;;;;;;;3;;FALSO;FALSO;0;
9069;9069;300;;;;;;;;;2;;FALSO;FALSO;0;
9070;9070;300;TH 1747 003 140;Aro Fechado;;;880,00;0;;;2;;FALSO;FALSO;0;
9071;9071;9;EA 4160 5042/1W 55;aro - acetato;;;1.490,00;0;;;2;;FALSO;FALSO;0;
9072;9072;285;PG Precise TRANSITIONS  BLUE UV TRIO EASYT CLEAN;;;;;;;;3;;FALSO;FALSO;0;
9073;9073;128;KODAK Precise Transitions Blue Trio Easy Clean;Aro Fechado;;;;;;;3;;FALSO;FALSO;0;
9074;9074;128;PG AR EXTERNO;;;;;;;;3;;FALSO;FALSO;0;
9075;9075;128;PG AR EXTERNO;;;;;;;;3;;FALSO;FALSO;0;
9076;9076;128;HAYTEC SMART FILTRO AZUL FOTOSESSENSIVEL;;;;;;;;3;;FALSO;FALSO;0;
9077;9077;128;HAYTEK LIGHT FILTRO AZUL FOTO;;;;;;;;3;;FALSO;FALSO;0;
9078;9078;18;SWAP 4 M6112 AI4 55;Aro Fechado;;;690,00;0;;;2;;FALSO;FALSO;0;
9079;9079;20;;;;;;;;;1;;FALSO;FALSO;0;
9080;9080;20;;;;;;;;;1;;FALSO;FALSO;0;
9081;9081;20;SPR 65Z 55-20 ZVN-09TS;aro - acetato;;;2.590,00;0;;;1;;FALSO;FALSO;0;
9082;9082;304;OURO 99/RZ AV123 55/18;aro - acetato;;;690,00;1;;;2;;FALSO;FALSO;0;
9083;9083;304;OURO 179/RX;aro - acetato;;;690,00;0;;;2;;FALSO;FALSO;0;
9084;9084;304;OURO 60/RX;aro - metal;;;690,00;0;;;2;;FALSO;FALSO;0;
9085;9085;304;DIAMON OA AV456 55;aro - acetato;;;690,00;1;;;2;;FALSO;FALSO;0;
9086;9086;304;OURO 87/RX AV;;;;;;;;2;;FALSO;FALSO;0;
9087;9087;304;OURO 87/RX AV234 55;aro - metal;;;690,00;1;;;2;;FALSO;FALSO;0;
9088;9088;304;OURO 138/RX AV234 51;fio - metal;;;690,00;0;;;2;;FALSO;FALSO;0;
9089;9089;304;OURO 160/RX AV123 49;aro - acetato;;;650,00;1;;;2;;FALSO;FALSO;0;
9090;9090;304;OURO 87/RX AV345 55;aro - metal;;;750,00;0;;;2;;FALSO;FALSO;0;
9091;9091;304;OURO 138/RX AV123 51;fio - metal;;;690,00;0;;;2;;FALSO;FALSO;0;
9092;9092;304;OURO 58/RX AV345 54;fio - metal;;;690,00;1;;;2;;FALSO;FALSO;0;
9093;9093;304;OURO 69/RX AV345 51;fio - metal;;;750,00;0;;;2;;FALSO;FALSO;0;
9094;9094;304;ALEXANDRITA 456 54;aro - acetato;;;650,00;1;;;2;;FALSO;FALSO;0;
9095;9095;304;OURO 72/RX AV345 51;aro - acetato;;;650,00;0;;;2;;FALSO;FALSO;0;
9096;9096;304;ALEXANDRITA 567 54;aro - acetato;;;650,00;0;;;2;;FALSO;FALSO;0;
9097;9097;304;OURO 177/RX AV123 53;aro - acetato;;;650,00;-1;;;2;;FALSO;FALSO;0;
9098;9098;304;SERPENTINITA AV345 54;aro - metal;;;690,00;1;;;2;;FALSO;FALSO;0;
9099;9099;304;OURO 157/RX AV123 52;aro - acetato;;;650,00;0;;;2;;FALSO;FALSO;0;
9100;9100;304;OURO 82/RX AV123 50;aro - acetato;;;690,00;1;;;2;;FALSO;FALSO;0;
9101;9101;304;OURO 70/RX AV234 51;aro - metal;;;690,00;1;;;2;;FALSO;FALSO;0;
9102;9102;304;SERPENTINITA AV345 54;aro - metal;;;690,00;1;;;2;;FALSO;FALSO;0;
9103;9103;304;OURO 146/RX AV123 54;fio - metal;;;640,00;0;;;2;;FALSO;FALSO;0;
9104;9104;304;OURO 71/RX AV345 52;aro - acetato;;;690,00;0;;;2;;FALSO;FALSO;0;
9105;9105;304;ARAGONITA 234 52/17;aro - acetato;;;650,00;1;;;2;;FALSO;FALSO;0;
9106;9106;304;EUCLÁSIO AV456 53;aro - acetato;;;650,00;0;;;2;;FALSO;FALSO;0;
9107;9107;304;ALEXANDRITA 789 54;aro - acetato;;;650,00;1;;;2;;FALSO;FALSO;0;
9108;9108;22;RB 4105 601-S/2K 50;aro - acetato;;;1.230,00;1;;;1;;FALSO;FALSO;0;
9110;9110;22;RB 2140 902 54*18;aro - acetato;;;940,00;1;;;1;;FALSO;FALSO;0;
9111;9111;128;VARILUX E DESING TRANSITIONS CRIZAL PREVENCIA;;;;;;;;3;;FALSO;FALSO;0;
9113;9113;22;RB 3016 CLUBMASTER 1305/B1 51;aro - metal;;;940,00;1;;;1;;FALSO;FALSO;0;
9114;9114;22;RB 1971L SQUARE 9150/B1 54;aro - metal;;;840,00;1;;;1;;FALSO;FALSO;0;
9115;9115;22;RB 4328L 64579A 63;aro - acetato;;;980,00;1;;;1;;FALSO;FALSO;0;
9116;9116;22;RB 3025 9002/A6 58;aro - metal;;;980,00;1;;;1;;FALSO;FALSO;0;
9117;9117;22;RB 2132LL NEW WAYFARER 901/58 58;aro - acetato;;;1.160,00;1;;;1;;FALSO;FALSO;0;
9118;9118;29;4377 GB1/87 52-19 140 3N;aro - acetato;;;1.298,00;0;;;1;;FALSO;FALSO;0;
9119;9119;303;PLD 6198/S/X 086SP 52-18;aro - acetato;;;690,00;0;;;1;;FALSO;FALSO;0;
9120;9120;128;BIFOCAL ULTEX AR 1.67;;;;;;;;3;;FALSO;FALSO;0;
9121;9121;128;HOYA ARGOS SENSITY 2 LONGLIFE BLUECONTROL;;;;;;;;3;;FALSO;FALSO;0;
9122;9122;128;HAYTEK TOP FREEFORM AR;;;;;;;;3;;FALSO;FALSO;0;
9123;9123;128;SYNC III LONGLIFE BLUECONTROL;;;;;;;;3;;FALSO;FALSO;0;
9124;9124;128;HAYTEK TOP FREEFORM AR;;;;;;;;3;;FALSO;FALSO;0;
9125;9125;290;GZ 3069 H804 52;aro - acetato;;;390,00;0;;;2;;FALSO;FALSO;0;
9126;9126;22;RB 7248D 8411 55;aro - acetato;;;790,00;0;;;2;;FALSO;FALSO;0;
9127;9127;128;VARILUX XR DESING STYLIS 1.74 CRIZAL SAPPHIRE TRANSITIONS;;;;;;;;3;;FALSO;FALSO;0;
9128;9128;128;HOYA ARGOS SENSITY CLEANEXTRA;;;;;;;;3;;FALSO;FALSO;0;
9129;9129;128;;;;;;;;;3;;FALSO;FALSO;0;
9130;9130;18;SWAP 6 M613213-55;aro - acetato;;;750,00;0;;;2;;FALSO;FALSO;0;
9131;9131;128;VARILUX XR DESING TRANSITIONS CRIZAL SAPPHIRE;;;;;;;;3;;FALSO;FALSO;0;
9132;9132;305;MOD. VARIOS;;;;;;;;2;;FALSO;FALSO;0;
9133;9133;128;HAYTEK SMART ANTIRREFLEXO FILTRO AZUL;;;;;;;;3;;FALSO;FALSO;0;
9134;9134;128;HOYALUX ID LIFESTYLE MEIRYO;;;;;;;;3;;FALSO;FALSO;0;
9135;9135;21;PH 1165 9267 55;aro - metal;;;1.690,00;1;;;2;;FALSO;FALSO;0;
9136;9136;128;HAYTEK LIGHT 1.59 FILTRO AZUL;;;;;;;;3;;FALSO;FALSO;0;
9137;9137;128;WORKSMART CLEANEXTRA;;;;;;;;3;;FALSO;FALSO;0;
9138;9138;305;ARMAÇÃO MOD. VAR;;;;;;;;2;;FALSO;FALSO;0;
9139;9139;306;ARMAÇÃO MOD. VAR;;;;;;;;2;;FALSO;FALSO;0;
9140;9140;128;VARILUX COM;;;;;;;;3;;FALSO;FALSO;0;
9141;9141;128;VARILUX COMFORT MAX;;;;;;;;3;;FALSO;FALSO;0;
9142;9142;22;;;;;;;;;1;;FALSO;FALSO;0;
9143;9143;22;RB 3447L ROUND 001 53 21;aro - metal;;;;0;;;1;;FALSO;FALSO;0;
9144;9144;128;HAYTEK LIGHT FREERORM AR;;;;;;;;3;;FALSO;FALSO;0;
9145;9145;128;VS POLARIZADO CINZA AR;aro - acetato;;;;;;;3;;FALSO;FALSO;0;
9147;9147;16;LOUD MATTE BLACK;;;;;;;;1;;FALSO;FALSO;0;
9148;9148;128;HAYTEK SMART FREEFORM AR FOTO;;;;;;;;3;;FALSO;FALSO;0;
9149;9149;22;RB 3757 9213/87 59-15;aro - metal;;;790,00;0;;;1;;FALSO;FALSO;0;
9150;9150;18;SWAP4 M6112 KC6 55-16;aro - acetato;;;750,00;0;;;1;;FALSO;FALSO;0;
9151;9151;128;HILUX LONGLIFE UVCONTROL SENSITY2;;;;;;;;3;;FALSO;FALSO;0;
9152;9152;128;PG BLUE UV;;;;;;;;3;;FALSO;FALSO;0;
9154;9154;307;HER 0257 086 140;aro - acetato;;;1.690,00;0;;;2;;FALSO;FALSO;0;
9155;9155;128;VARILUX XR DESIGN CRIZAL PREVENCIA;;;;3.000,00;1;;;3;;FALSO;FALSO;0;
9157;9157;128;HAYTEK LIGHT FREEFORM AR FILTROAZUL;;;;;;;;3;;FALSO;FALSO;0;
9158;9158;128;HOYA ARGOS LONGLIFE BLUECONTROL;;;;;;;;3;;FALSO;FALSO;0;
9161;9161;128;HAYTEK TOP FREEFORM AR FOTO;;;;;;;;3;;FALSO;FALSO;0;
9162;9162;284;76064 55-17;;;;;;;;2;;FALSO;FALSO;0;
9164;9164;284;PRIME;;;;;;;;3;;FALSO;FALSO;0;
9167;9167;22;RB 3547 001/51 54-21;aro - metal;;;860,00;0;;;1;;FALSO;FALSO;0;
