ID_Item;ID_Venda_CSV;ID_Produto_CSV;Qtd;Valor;DIAGNOSTICO
51;46;6116;1;240,00;Venda Pai Nao Existe no Banco
52;46;1534;1;110,00;Venda Pai Nao Existe no Banco
53;47;1542;1;200,00;Venda Pai Nao Existe no Banco
1289;830;1760;1;430,00;Venda Pai Nao Existe no Banco
1364;886;1542;1;200,00;Venda Pai Nao Existe no Banco
1860;1219;1534;1;160,00;Venda Pai Nao Existe no Banco
1862;1219;6567;1;100,00;Venda Pai Nao Existe no Banco
1863;1222;1542;1;260,00;Venda Pai Nao Existe no Banco
1864;1223;4680;1;300,00;Venda Pai Nao Existe no Banco
1865;1223;5926;1;240,00;Venda Pai Nao Existe no Banco
1866;1225;1542;1;200,00;Venda Pai Nao Existe no Banco
1867;1226;6696;1;460,00;Venda Pai Nao Existe no Banco
1868;1226;5459;1;-115,00;Venda Pai Nao Existe no Banco
1869;1227;5133;1;98,00;Venda Pai Nao Existe no Banco
1871;1228;3425;1;110,00;Venda Pai Nao Existe no Banco
1872;1228;1542;1;220,00;Venda Pai Nao Existe no Banco
1874;1229;1760;1;430,00;Venda Pai Nao Existe no Banco
1875;1229;6442;1;415,00;Venda Pai Nao Existe no Banco
1876;1230;1534;1;140,00;Venda Pai Nao Existe no Banco
1877;1230;6056;1;100,00;Venda Pai Nao Existe no Banco
1878;1230;5627;1;440,00;Venda Pai Nao Existe no Banco
1879;1231;1533;1;280,00;Venda Pai Nao Existe no Banco
1881;1231;2287;1;140,00;Venda Pai Nao Existe no Banco
1882;1232;1370;1;160,00;Venda Pai Nao Existe no Banco
1883;1233;1533;1;90,00;Venda Pai Nao Existe no Banco
1884;1234;5521;1;360,00;Venda Pai Nao Existe no Banco
1886;1235;1542;1;260,00;Venda Pai Nao Existe no Banco
1888;1236;5966;1;100,00;Venda Pai Nao Existe no Banco
1889;1237;6113;1;200,00;Venda Pai Nao Existe no Banco
1891;1237;4969;1;105,00;Venda Pai Nao Existe no Banco
1892;1238;4514;1;280,00;Venda Pai Nao Existe no Banco
1895;1241;1540;1;60,00;Venda Pai Nao Existe no Banco
1896;1242;3397;1;90,00;Venda Pai Nao Existe no Banco
1897;1244;1542;1;230,00;Venda Pai Nao Existe no Banco
1898;1245;1552;1;180,00;Venda Pai Nao Existe no Banco
1899;1245;5614;1;220,00;Venda Pai Nao Existe no Banco
1900;1247;6347;1;440,00;Venda Pai Nao Existe no Banco
1901;1247;4763;1;380,00;Venda Pai Nao Existe no Banco
1904;1248;1542;1;245,00;Venda Pai Nao Existe no Banco
1906;1249;1534;1;320,00;Venda Pai Nao Existe no Banco
1907;1248;6942;1;250,00;Venda Pai Nao Existe no Banco
1908;1250;1533;1;90,00;Venda Pai Nao Existe no Banco
1909;1250;6486;1;210,00;Venda Pai Nao Existe no Banco
1910;1235;6983;1;390,00;Venda Pai Nao Existe no Banco
1912;1253;6825;1;100,00;Venda Pai Nao Existe no Banco
1913;1254;1562;1;520,00;Venda Pai Nao Existe no Banco
1914;1255;1542;1;245,00;Venda Pai Nao Existe no Banco
1915;1255;7114;1;100,00;Venda Pai Nao Existe no Banco
1916;1256;1534;1;145,00;Venda Pai Nao Existe no Banco
1917;1256;6948;1;190,00;Venda Pai Nao Existe no Banco
1918;1258;6476;1;240,00;Venda Pai Nao Existe no Banco
1919;1260;1534;1;90,00;Venda Pai Nao Existe no Banco
1920;1261;1560;1;260,00;Venda Pai Nao Existe no Banco
1921;1261;5175;1;520,00;Venda Pai Nao Existe no Banco
1923;1262;930;2;1.060,00;Venda Pai Nao Existe no Banco
1924;1263;1533;1;90,00;Venda Pai Nao Existe no Banco
1925;1263;7004;1;210,00;Venda Pai Nao Existe no Banco
1926;1265;7402;1;200,00;Venda Pai Nao Existe no Banco
1927;1266;1534;1;160,00;Venda Pai Nao Existe no Banco
1928;1267;6478;1;190,00;Venda Pai Nao Existe no Banco
1929;1268;1534;1;160,00;Venda Pai Nao Existe no Banco
1930;1268;7125;1;380,00;Venda Pai Nao Existe no Banco
1931;1269;1752;1;250,00;Venda Pai Nao Existe no Banco
1932;1269;6855;1;180,00;Venda Pai Nao Existe no Banco
1933;1270;4654;1;70,00;Venda Pai Nao Existe no Banco
1934;1272;1533;1;90,00;Venda Pai Nao Existe no Banco
1935;1272;7224;1;200,00;Venda Pai Nao Existe no Banco
1936;1273;5708;1;100,00;Venda Pai Nao Existe no Banco
1937;1274;1533;1;90,00;Venda Pai Nao Existe no Banco
1938;1274;7058;1;100,00;Venda Pai Nao Existe no Banco
1939;1275;6964;1;240,00;Venda Pai Nao Existe no Banco
1940;1275;1533;1;90,00;Venda Pai Nao Existe no Banco
1941;1276;1804;1;600,00;Venda Pai Nao Existe no Banco
1942;1277;1805;1;600,00;Venda Pai Nao Existe no Banco
1943;1278;1533;1;90,00;Venda Pai Nao Existe no Banco
1944;1278;7227;1;260,00;Venda Pai Nao Existe no Banco
1945;1279;4581;1;205,00;Venda Pai Nao Existe no Banco
1946;1280;6771;1;300,00;Venda Pai Nao Existe no Banco
1948;1282;1533;1;90,00;Venda Pai Nao Existe no Banco
1949;1282;6835;1;240,00;Venda Pai Nao Existe no Banco
1950;1283;7366;1;265,00;Venda Pai Nao Existe no Banco
1951;1283;7465;1;435,00;Venda Pai Nao Existe no Banco
1952;1284;1533;1;90,00;Venda Pai Nao Existe no Banco
1953;1284;6883;1;220,00;Venda Pai Nao Existe no Banco
1954;1285;1534;1;160,00;Venda Pai Nao Existe no Banco
1955;1285;6738;1;490,00;Venda Pai Nao Existe no Banco
1956;1286;5046;1;200,00;Venda Pai Nao Existe no Banco
1957;1287;1542;1;260,00;Venda Pai Nao Existe no Banco
1958;1287;6258;1;210,00;Venda Pai Nao Existe no Banco
1959;1288;7114;1;100,00;Venda Pai Nao Existe no Banco
1960;1289;1533;1;90,00;Venda Pai Nao Existe no Banco
1961;1291;2403;1;198,00;Venda Pai Nao Existe no Banco
1962;1292;1542;1;260,00;Venda Pai Nao Existe no Banco
1963;1293;1533;1;90,00;Venda Pai Nao Existe no Banco
1964;1293;6472;1;100,00;Venda Pai Nao Existe no Banco
1965;1294;1533;1;90,00;Venda Pai Nao Existe no Banco
1966;1294;7218;1;210,00;Venda Pai Nao Existe no Banco
1967;1295;1552;1;190,00;Venda Pai Nao Existe no Banco
1968;1295;7108;1;350,00;Venda Pai Nao Existe no Banco
1969;1296;4200;1;260,00;Venda Pai Nao Existe no Banco
1970;1297;1533;1;70,00;Venda Pai Nao Existe no Banco
1971;1297;1534;1;125,00;Venda Pai Nao Existe no Banco
1972;1297;4681;1;160,00;Venda Pai Nao Existe no Banco
1973;1297;1534;1;100,00;Venda Pai Nao Existe no Banco
1974;1297;7273;1;290,00;Venda Pai Nao Existe no Banco
1975;1297;6512;1;370,00;Venda Pai Nao Existe no Banco
1976;1298;2403;1;298,00;Venda Pai Nao Existe no Banco
1977;1300;1542;1;260,00;Venda Pai Nao Existe no Banco
1978;1301;1370;1;160,00;Venda Pai Nao Existe no Banco
1979;1302;1534;1;150,00;Venda Pai Nao Existe no Banco
1980;1303;1542;1;260,00;Venda Pai Nao Existe no Banco
1981;1303;7312;1;380,00;Venda Pai Nao Existe no Banco
1982;1304;7395;1;150,00;Venda Pai Nao Existe no Banco
1983;1305;1552;1;180,00;Venda Pai Nao Existe no Banco
1985;1306;1321;1;100,00;Venda Pai Nao Existe no Banco
1986;1307;6856;1;200,00;Venda Pai Nao Existe no Banco
1987;1308;1533;1;70,00;Venda Pai Nao Existe no Banco
1988;1308;1370;1;100,00;Venda Pai Nao Existe no Banco
1989;1309;1534;1;160,00;Venda Pai Nao Existe no Banco
1990;1309;6518;1;420,00;Venda Pai Nao Existe no Banco
1991;1310;1562;1;580,00;Venda Pai Nao Existe no Banco
1992;1310;1534;1;160,00;Venda Pai Nao Existe no Banco
1993;1310;7442;1;470,00;Venda Pai Nao Existe no Banco
1994;1311;1533;1;90,00;Venda Pai Nao Existe no Banco
1995;1313;5530;1;280,00;Venda Pai Nao Existe no Banco
1996;1315;1534;1;140,00;Venda Pai Nao Existe no Banco
1997;1315;1370;1;100,00;Venda Pai Nao Existe no Banco
1998;1316;1552;1;190,00;Venda Pai Nao Existe no Banco
1999;1316;7316;1;340,00;Venda Pai Nao Existe no Banco
2000;1317;1534;1;160,00;Venda Pai Nao Existe no Banco
2001;1317;7438;1;430,00;Venda Pai Nao Existe no Banco
2002;1318;1533;1;90,00;Venda Pai Nao Existe no Banco
2003;1319;4056;1;100,00;Venda Pai Nao Existe no Banco
2004;1321;7392;1;220,00;Venda Pai Nao Existe no Banco
2007;1322;2403;2;596,00;Venda Pai Nao Existe no Banco
2008;1323;1534;1;160,00;Venda Pai Nao Existe no Banco
2009;1324;1542;1;130,00;Venda Pai Nao Existe no Banco
2010;1324;1534;1;90,00;Venda Pai Nao Existe no Banco
2011;1325;1542;1;180,00;Venda Pai Nao Existe no Banco
2012;1325;1542;1;180,00;Venda Pai Nao Existe no Banco
2013;1326;4680;1;220,00;Venda Pai Nao Existe no Banco
2014;1326;7463;1;400,00;Venda Pai Nao Existe no Banco
2015;1327;1370;1;165,00;Venda Pai Nao Existe no Banco
2016;1328;7385;2;20,00;Venda Pai Nao Existe no Banco
2017;1329;1370;1;80,00;Venda Pai Nao Existe no Banco
2018;1330;1552;1;170,00;Venda Pai Nao Existe no Banco
2019;1330;7011;1;200,00;Venda Pai Nao Existe no Banco
2020;1331;1542;1;220,00;Venda Pai Nao Existe no Banco
2022;1332;6479;1;160,00;Venda Pai Nao Existe no Banco
2023;1332;1752;1;250,00;Venda Pai Nao Existe no Banco
2024;1333;1534;1;160,00;Venda Pai Nao Existe no Banco
2025;1333;3498;1;100,00;Venda Pai Nao Existe no Banco
2027;1334;5804;1;100,00;Venda Pai Nao Existe no Banco
2028;1334;1752;1;230,00;Venda Pai Nao Existe no Banco
2029;1335;1721;1;480,00;Venda Pai Nao Existe no Banco
2031;1335;4327;1;180,00;Venda Pai Nao Existe no Banco
2032;1336;1534;1;145,00;Venda Pai Nao Existe no Banco
2034;1337;7292;1;300,00;Venda Pai Nao Existe no Banco
2035;1337;1721;1;880,00;Venda Pai Nao Existe no Banco
2036;1338;5837;1;100,00;Venda Pai Nao Existe no Banco
2037;1338;1533;1;90,00;Venda Pai Nao Existe no Banco
2038;1339;6525;1;450,00;Venda Pai Nao Existe no Banco
2039;1339;1542;1;0,00;Venda Pai Nao Existe no Banco
2040;1341;4055;1;100,00;Venda Pai Nao Existe no Banco
2041;1343;1754;1;1.000,00;Venda Pai Nao Existe no Banco
2042;1343;7432;1;500,00;Venda Pai Nao Existe no Banco
2043;1344;6016;1;440,00;Venda Pai Nao Existe no Banco
2044;1345;1673;1;66,00;Venda Pai Nao Existe no Banco
2046;1346;7227;1;220,00;Venda Pai Nao Existe no Banco
2047;1346;1752;1;220,00;Venda Pai Nao Existe no Banco
2048;1347;1534;1;160,00;Venda Pai Nao Existe no Banco
2049;1347;5838;1;140,00;Venda Pai Nao Existe no Banco
2050;1348;5835;1;100,00;Venda Pai Nao Existe no Banco
2051;1348;1533;1;80,00;Venda Pai Nao Existe no Banco
2052;1349;1533;1;90,00;Venda Pai Nao Existe no Banco
2053;1349;7504;1;390,00;Venda Pai Nao Existe no Banco
2054;1350;7466;1;470,00;Venda Pai Nao Existe no Banco
2055;1350;1534;1;160,00;Venda Pai Nao Existe no Banco
2056;1351;1533;1;90,00;Venda Pai Nao Existe no Banco
2057;1353;1552;1;145,00;Venda Pai Nao Existe no Banco
2058;1354;1562;1;480,00;Venda Pai Nao Existe no Banco
2060;1354;7514;1;300,00;Venda Pai Nao Existe no Banco
2061;1355;5784;1;530,00;Venda Pai Nao Existe no Banco
2062;1355;1534;1;110,00;Venda Pai Nao Existe no Banco
2063;1355;7369;1;550,00;Venda Pai Nao Existe no Banco
2064;1354;7521;1;300,00;Venda Pai Nao Existe no Banco
2065;1354;1562;1;480,00;Venda Pai Nao Existe no Banco
2066;1356;1533;1;90,00;Venda Pai Nao Existe no Banco
2067;1356;6286;1;100,00;Venda Pai Nao Existe no Banco
2068;1358;4118;1;120,00;Venda Pai Nao Existe no Banco
2069;1359;3514;1;100,00;Venda Pai Nao Existe no Banco
2070;1360;7348;1;350,00;Venda Pai Nao Existe no Banco
2071;1361;1534;1;160,00;Venda Pai Nao Existe no Banco
2073;1362;7527;1;250,00;Venda Pai Nao Existe no Banco
2074;1364;1534;1;140,00;Venda Pai Nao Existe no Banco
2075;1365;1533;1;90,00;Venda Pai Nao Existe no Banco
2076;1365;6155;1;250,00;Venda Pai Nao Existe no Banco
2077;1366;1542;1;260,00;Venda Pai Nao Existe no Banco
2078;1366;4330;1;220,00;Venda Pai Nao Existe no Banco
2079;1367;1721;1;500,00;Venda Pai Nao Existe no Banco
2080;1367;7323;1;250,00;Venda Pai Nao Existe no Banco
2081;1368;7366;1;280,00;Venda Pai Nao Existe no Banco
2082;1368;6518;1;390,00;Venda Pai Nao Existe no Banco
2083;1369;6825;1;100,00;Venda Pai Nao Existe no Banco
2084;1370;1542;1;225,00;Venda Pai Nao Existe no Banco
2085;1370;7421;1;405,00;Venda Pai Nao Existe no Banco
2087;1371;1721;1;450,00;Venda Pai Nao Existe no Banco
2088;1372;5501;1;530,00;Venda Pai Nao Existe no Banco
2089;1373;2287;1;60,00;Venda Pai Nao Existe no Banco
2090;1374;1534;1;128,00;Venda Pai Nao Existe no Banco
2091;1376;2403;2;360,00;Venda Pai Nao Existe no Banco
2093;1377;6347;0,5;160,00;Venda Pai Nao Existe no Banco
2094;1377;4680;0,5;120,00;Venda Pai Nao Existe no Banco
2095;1378;2403;2;700,00;Venda Pai Nao Existe no Banco
2096;1379;1533;1;150,00;Venda Pai Nao Existe no Banco
2097;1380;1533;1;90,00;Venda Pai Nao Existe no Banco
2098;1381;1534;1;70,00;Venda Pai Nao Existe no Banco
2100;1382;5691;1;100,00;Venda Pai Nao Existe no Banco
2101;1382;1552;1;190,00;Venda Pai Nao Existe no Banco
2102;1383;1533;1;80,00;Venda Pai Nao Existe no Banco
2103;1383;7114;1;100,00;Venda Pai Nao Existe no Banco
2104;1384;1542;1;260,00;Venda Pai Nao Existe no Banco
2105;1384;6197;1;220,00;Venda Pai Nao Existe no Banco
2106;1385;1534;1;145,00;Venda Pai Nao Existe no Banco
2107;1386;6261;1;150,00;Venda Pai Nao Existe no Banco
2108;1388;1533;1;90,00;Venda Pai Nao Existe no Banco
2109;1389;1542;1;280,00;Venda Pai Nao Existe no Banco
2110;1390;930;1;500,00;Venda Pai Nao Existe no Banco
2113;1391;1542;1;245,00;Venda Pai Nao Existe no Banco
2114;1391;6856;1;190,00;Venda Pai Nao Existe no Banco
2116;1392;1554;0,5;80,00;Venda Pai Nao Existe no Banco
2117;1393;1542;1;260,00;Venda Pai Nao Existe no Banco
2119;1396;5051;1;160,00;Venda Pai Nao Existe no Banco
2120;1397;1542;1;225,00;Venda Pai Nao Existe no Banco
2121;1398;1534;1;160,00;Venda Pai Nao Existe no Banco
2122;1398;5915;1;100,00;Venda Pai Nao Existe no Banco
2124;1399;1534;2;320,00;Venda Pai Nao Existe no Banco
2125;1399;7460;1;460,00;Venda Pai Nao Existe no Banco
2126;1399;7443;1;320,00;Venda Pai Nao Existe no Banco
2127;1400;7550;1;550,00;Venda Pai Nao Existe no Banco
2128;1401;1534;1;320,00;Venda Pai Nao Existe no Banco
2129;1401;7491;1;480,00;Venda Pai Nao Existe no Banco
2130;1401;7492;1;480,00;Venda Pai Nao Existe no Banco
2132;1402;6361;1;340,00;Venda Pai Nao Existe no Banco
2133;1402;0;1;340,00;Venda Pai Nao Existe no Banco
2134;1402;1752;1;260,00;Venda Pai Nao Existe no Banco
2135;1403;1533;1;90,00;Venda Pai Nao Existe no Banco
2136;1403;6903;1;150,00;Venda Pai Nao Existe no Banco
2137;1405;1562;1;430,00;Venda Pai Nao Existe no Banco
2138;1406;1554;1;160,00;Venda Pai Nao Existe no Banco
2139;1407;1370;1;100,00;Venda Pai Nao Existe no Banco
2140;1408;1534;1;160,00;Venda Pai Nao Existe no Banco
2141;1408;7543;1;220,00;Venda Pai Nao Existe no Banco
2142;1409;1554;1;180,00;Venda Pai Nao Existe no Banco
2143;1409;6155;1;100,00;Venda Pai Nao Existe no Banco
2144;1410;1534;1;140,00;Venda Pai Nao Existe no Banco
2145;1411;1554;0,5;90,00;Venda Pai Nao Existe no Banco
2146;1412;1534;1;155,00;Venda Pai Nao Existe no Banco
2147;1412;6626;1;250,00;Venda Pai Nao Existe no Banco
2148;1413;4710;1;1.200,00;Venda Pai Nao Existe no Banco
2149;1413;7270;1;200,00;Venda Pai Nao Existe no Banco
2150;1414;1534;1;160,00;Venda Pai Nao Existe no Banco
2152;1415;1760;1;350,00;Venda Pai Nao Existe no Banco
2153;1415;7471;1;320,00;Venda Pai Nao Existe no Banco
2154;1414;7145;1;380,00;Venda Pai Nao Existe no Banco
2156;1416;7170;1;380,00;Venda Pai Nao Existe no Banco
2157;1416;5578;1;900,00;Venda Pai Nao Existe no Banco
2158;1417;6853;1;190,00;Venda Pai Nao Existe no Banco
2159;1418;3447;1;150,00;Venda Pai Nao Existe no Banco
2160;1419;1533;1;80,00;Venda Pai Nao Existe no Banco
2161;1419;1370;1;90,00;Venda Pai Nao Existe no Banco
2162;1420;1534;1;160,00;Venda Pai Nao Existe no Banco
2163;1420;4221;1;300,00;Venda Pai Nao Existe no Banco
2164;1421;1542;1;180,00;Venda Pai Nao Existe no Banco
2165;1422;1552;1;190,00;Venda Pai Nao Existe no Banco
2166;1423;5133;1;95,00;Venda Pai Nao Existe no Banco
2167;1424;1760;1;460,00;Venda Pai Nao Existe no Banco
2169;1425;4587;0,5;260,00;Venda Pai Nao Existe no Banco
2170;1426;1542;1;260,00;Venda Pai Nao Existe no Banco
2171;1427;6347;1;240,00;Venda Pai Nao Existe no Banco
2172;1427;6510;1;460,00;Venda Pai Nao Existe no Banco
2173;1428;1533;1;170,00;Venda Pai Nao Existe no Banco
2174;1428;6018;1;490,00;Venda Pai Nao Existe no Banco
2175;1429;1533;1;90,00;Venda Pai Nao Existe no Banco
2177;1430;1542;1;260,00;Venda Pai Nao Existe no Banco
2178;1430;3512;1;220,00;Venda Pai Nao Existe no Banco
2179;1429;7045;1;250,00;Venda Pai Nao Existe no Banco
2180;1429;1533;1;90,00;Venda Pai Nao Existe no Banco
2181;1429;7233;1;250,00;Venda Pai Nao Existe no Banco
2182;1431;1542;1;260,00;Venda Pai Nao Existe no Banco
2183;1431;3254;1;180,00;Venda Pai Nao Existe no Banco
2184;1432;1721;0,5;230,00;Venda Pai Nao Existe no Banco
2185;1433;1533;1;90,00;Venda Pai Nao Existe no Banco
2186;1433;7265;1;380,00;Venda Pai Nao Existe no Banco
2187;1435;2403;1;198,00;Venda Pai Nao Existe no Banco
2188;1436;1542;1;260,00;Venda Pai Nao Existe no Banco
2189;1437;1552;1;180,00;Venda Pai Nao Existe no Banco
2190;1438;1533;1;90,00;Venda Pai Nao Existe no Banco
2191;1438;5600;1;180,00;Venda Pai Nao Existe no Banco
2192;1439;1560;1;290,00;Venda Pai Nao Existe no Banco
2193;1439;7490;1;346,00;Venda Pai Nao Existe no Banco
2194;1440;1540;1;60,00;Venda Pai Nao Existe no Banco
2195;1441;1534;1;130,00;Venda Pai Nao Existe no Banco
2196;1442;1542;1;260,00;Venda Pai Nao Existe no Banco
2197;1442;6025;1;280,00;Venda Pai Nao Existe no Banco
2198;1443;1534;1;160,00;Venda Pai Nao Existe no Banco
2199;1444;1534;1;160,00;Venda Pai Nao Existe no Banco
2200;1444;5928;1;420,00;Venda Pai Nao Existe no Banco
2201;1445;6863;1;250,00;Venda Pai Nao Existe no Banco
2202;1446;1760;1;480,00;Venda Pai Nao Existe no Banco
2203;1446;6355;1;390,00;Venda Pai Nao Existe no Banco
2204;1447;2403;1;65,00;Venda Pai Nao Existe no Banco
2205;1449;1542;1;210,00;Venda Pai Nao Existe no Banco
2206;1449;6953;1;190,00;Venda Pai Nao Existe no Banco
2207;1451;1534;1;160,00;Venda Pai Nao Existe no Banco
2208;1451;7537;1;220,00;Venda Pai Nao Existe no Banco
2209;1452;1533;1;90,00;Venda Pai Nao Existe no Banco
2210;1453;1562;1;300,00;Venda Pai Nao Existe no Banco
2211;1453;6668;1;350,00;Venda Pai Nao Existe no Banco
2212;1454;1534;1;160,00;Venda Pai Nao Existe no Banco
2213;1454;5927;1;390,00;Venda Pai Nao Existe no Banco
2214;1456;1533;1;80,00;Venda Pai Nao Existe no Banco
2215;1456;1370;1;100,00;Venda Pai Nao Existe no Banco
2216;1457;1534;1;160,00;Venda Pai Nao Existe no Banco
2217;1457;6356;1;390,00;Venda Pai Nao Existe no Banco
2218;1458;1526;1;98,00;Venda Pai Nao Existe no Banco
2219;1459;1533;1;90,00;Venda Pai Nao Existe no Banco
2220;1460;1534;1;160,00;Venda Pai Nao Existe no Banco
2221;1460;7430;1;470,00;Venda Pai Nao Existe no Banco
2222;1460;1533;1;100,00;Venda Pai Nao Existe no Banco
2223;1461;1542;1;260,00;Venda Pai Nao Existe no Banco
2224;1461;2287;1;110,00;Venda Pai Nao Existe no Banco
2225;1460;1534;1;320,00;Venda Pai Nao Existe no Banco
2226;1462;1534;1;145,00;Venda Pai Nao Existe no Banco
2227;1464;5609;1;390,00;Venda Pai Nao Existe no Banco
2228;1465;1533;1;90,00;Venda Pai Nao Existe no Banco
2229;1465;1370;1;100,00;Venda Pai Nao Existe no Banco
2230;1466;1542;1;250,00;Venda Pai Nao Existe no Banco
2231;1466;7443;1;300,00;Venda Pai Nao Existe no Banco
2233;1468;7529;1;190,00;Venda Pai Nao Existe no Banco
2234;1468;1721;1;550,00;Venda Pai Nao Existe no Banco
2235;1469;1534;1;160,00;Venda Pai Nao Existe no Banco
2236;1470;1760;1;415,00;Venda Pai Nao Existe no Banco
2237;1470;7549;1;190,00;Venda Pai Nao Existe no Banco
2238;1472;2287;1;60,00;Venda Pai Nao Existe no Banco
2239;1473;1533;1;90,00;Venda Pai Nao Existe no Banco
2240;1473;5451;1;20,00;Venda Pai Nao Existe no Banco
2241;1474;3447;1;150,00;Venda Pai Nao Existe no Banco
2242;1475;7086;1;100,00;Venda Pai Nao Existe no Banco
2243;1476;4089;1;100,00;Venda Pai Nao Existe no Banco
2244;1477;1534;1;160,00;Venda Pai Nao Existe no Banco
2245;1477;7541;1;190,00;Venda Pai Nao Existe no Banco
2248;1478;1320;1;90,00;Venda Pai Nao Existe no Banco
2249;1479;1533;1;110,00;Venda Pai Nao Existe no Banco
2250;1480;1534;1;160,00;Venda Pai Nao Existe no Banco
2251;1480;7491;1;390,00;Venda Pai Nao Existe no Banco
2253;1481;1534;0,5;80,00;Venda Pai Nao Existe no Banco
2254;1481;6702;1;700,00;Venda Pai Nao Existe no Banco
2255;1482;1534;1;160,00;Venda Pai Nao Existe no Banco
2256;1482;6798;1;620,00;Venda Pai Nao Existe no Banco
2257;1483;6347;1;155,00;Venda Pai Nao Existe no Banco
2258;1484;5734;1;420,00;Venda Pai Nao Existe no Banco
2259;1484;7554;1;540,00;Venda Pai Nao Existe no Banco
2261;1486;4680;1;190,00;Venda Pai Nao Existe no Banco
2262;1486;7377;1;480,00;Venda Pai Nao Existe no Banco
2263;1488;1542;1;260,00;Venda Pai Nao Existe no Banco
2264;1488;7535;1;220,00;Venda Pai Nao Existe no Banco
2265;1489;1560;0,5;250,00;Venda Pai Nao Existe no Banco
2266;1489;1672;0,5;170,00;Venda Pai Nao Existe no Banco
2267;1490;4062;1;100,00;Venda Pai Nao Existe no Banco
2268;1492;1534;1;160,00;Venda Pai Nao Existe no Banco
2269;1492;7541;1;210,00;Venda Pai Nao Existe no Banco
2270;1493;1534;1;160,00;Venda Pai Nao Existe no Banco
2271;1493;7512;1;390,00;Venda Pai Nao Existe no Banco
2273;1496;1534;1;190,00;Venda Pai Nao Existe no Banco
2274;1497;1542;0,5;115,00;Venda Pai Nao Existe no Banco
2275;1494;4953;1;470,00;Venda Pai Nao Existe no Banco
2276;1498;1533;1;90,00;Venda Pai Nao Existe no Banco
2280;1501;4680;1;200,00;Venda Pai Nao Existe no Banco
2281;1501;7530;1;170,00;Venda Pai Nao Existe no Banco
2282;1502;1534;1;160,00;Venda Pai Nao Existe no Banco
2283;1502;7422;1;410,00;Venda Pai Nao Existe no Banco
2284;1503;1533;1;90,00;Venda Pai Nao Existe no Banco
2285;1503;1370;1;100,00;Venda Pai Nao Existe no Banco
2286;1506;1533;1;90,00;Venda Pai Nao Existe no Banco
2287;1507;7558;1;590,00;Venda Pai Nao Existe no Banco
2288;1509;1562;1;500,00;Venda Pai Nao Existe no Banco
2289;1510;6398;1;250,00;Venda Pai Nao Existe no Banco
2290;1489;1370;1;130,00;Venda Pai Nao Existe no Banco
2291;1512;1534;1;160,00;Venda Pai Nao Existe no Banco
2292;1512;1542;1;260,00;Venda Pai Nao Existe no Banco
2293;1512;1545;1;320,00;Venda Pai Nao Existe no Banco
2294;1513;1673;1;66,00;Venda Pai Nao Existe no Banco
2296;1506;5268;1;110,00;Venda Pai Nao Existe no Banco
2297;1513;1231;1;160,00;Venda Pai Nao Existe no Banco
2298;1514;1534;1;140,00;Venda Pai Nao Existe no Banco
2299;1515;7448;1;340,00;Venda Pai Nao Existe no Banco
2300;1515;1534;1;140,00;Venda Pai Nao Existe no Banco
2301;1516;1533;1;70,00;Venda Pai Nao Existe no Banco
2303;1516;1370;1;100,00;Venda Pai Nao Existe no Banco
2304;1517;3663;1;150,00;Venda Pai Nao Existe no Banco
2305;1518;6145;1;80,00;Venda Pai Nao Existe no Banco
2306;1519;1534;1;120,00;Venda Pai Nao Existe no Banco
2307;1519;7367;1;200,00;Venda Pai Nao Existe no Banco
2308;1520;5221;0,5;197,00;Venda Pai Nao Existe no Banco
2309;1521;1552;1;190,00;Venda Pai Nao Existe no Banco
2310;1522;1721;1;550,00;Venda Pai Nao Existe no Banco
2311;1522;5095;1;190,00;Venda Pai Nao Existe no Banco
2312;1523;1534;1;160,00;Venda Pai Nao Existe no Banco
2313;1523;7527;1;220,00;Venda Pai Nao Existe no Banco
2314;1524;1542;1;260,00;Venda Pai Nao Existe no Banco
2315;1524;1370;1;100,00;Venda Pai Nao Existe no Banco
2316;1525;1542;1;240,00;Venda Pai Nao Existe no Banco
2317;1526;6763;1;250,00;Venda Pai Nao Existe no Banco
2320;1527;333;1;200,00;Venda Pai Nao Existe no Banco
2322;1529;5906;1;280,00;Venda Pai Nao Existe no Banco
2323;1529;4514;1;260,00;Venda Pai Nao Existe no Banco
2324;1530;1552;1;190,00;Venda Pai Nao Existe no Banco
2325;1530;7011;1;230,00;Venda Pai Nao Existe no Banco
2326;1531;1533;1;90,00;Venda Pai Nao Existe no Banco
2327;1531;5760;1;100,00;Venda Pai Nao Existe no Banco
2328;1533;1534;1;160,00;Venda Pai Nao Existe no Banco
2329;1534;1533;1;110,00;Venda Pai Nao Existe no Banco
2330;1535;1533;1;90,00;Venda Pai Nao Existe no Banco
2332;1536;5133;1;98,00;Venda Pai Nao Existe no Banco
2333;1537;1542;1;250,00;Venda Pai Nao Existe no Banco
2334;1538;1721;1;490,00;Venda Pai Nao Existe no Banco
2335;1539;1534;1;140,00;Venda Pai Nao Existe no Banco
2336;1540;6822;1;220,00;Venda Pai Nao Existe no Banco
2337;1542;1542;1;260,00;Venda Pai Nao Existe no Banco
2338;1542;5840;1;260,00;Venda Pai Nao Existe no Banco
2339;1543;1672;1;175,00;Venda Pai Nao Existe no Banco
2340;1544;5451;1;20,00;Venda Pai Nao Existe no Banco
2341;1534;1370;1;90,00;Venda Pai Nao Existe no Banco
2342;1546;1542;1;210,00;Venda Pai Nao Existe no Banco
2343;1546;6059;1;190,00;Venda Pai Nao Existe no Banco
2344;1550;4587;1;480,00;Venda Pai Nao Existe no Banco
2345;1550;1370;1;190,00;Venda Pai Nao Existe no Banco
2346;1551;1533;1;80,00;Venda Pai Nao Existe no Banco
2347;1551;7498;1;320,00;Venda Pai Nao Existe no Banco
2348;1552;3992;1;100,00;Venda Pai Nao Existe no Banco
2349;1553;1534;1;160,00;Venda Pai Nao Existe no Banco
2350;1553;7526;1;190,00;Venda Pai Nao Existe no Banco
2351;1554;1533;1;90,00;Venda Pai Nao Existe no Banco
2352;1554;7532;1;190,00;Venda Pai Nao Existe no Banco
2353;1555;1721;1;505,00;Venda Pai Nao Existe no Banco
2354;1555;7328;1;370,00;Venda Pai Nao Existe no Banco
2355;1556;1533;1;90,00;Venda Pai Nao Existe no Banco
2356;1557;5995;1;200,00;Venda Pai Nao Existe no Banco
2357;1558;1720;1;150,00;Venda Pai Nao Existe no Banco
2358;1558;3440;1;150,00;Venda Pai Nao Existe no Banco
2359;1559;1534;1;160,00;Venda Pai Nao Existe no Banco
2360;1559;7527;1;210,00;Venda Pai Nao Existe no Banco
2361;1561;5231;1;350,00;Venda Pai Nao Existe no Banco
2362;1560;7523;1;620,00;Venda Pai Nao Existe no Banco
2363;1560;7409;1;480,00;Venda Pai Nao Existe no Banco
2364;1562;1534;1;160,00;Venda Pai Nao Existe no Banco
2365;1563;1534;1;160,00;Venda Pai Nao Existe no Banco
2366;1563;7541;1;230,00;Venda Pai Nao Existe no Banco
2367;1564;1534;1;160,00;Venda Pai Nao Existe no Banco
2368;1564;7080;1;250,00;Venda Pai Nao Existe no Banco
2369;1565;1542;1;260,00;Venda Pai Nao Existe no Banco
2370;1568;1533;1;90,00;Venda Pai Nao Existe no Banco
2372;1569;1370;1;80,00;Venda Pai Nao Existe no Banco
2373;1570;1534;0,5;120,00;Venda Pai Nao Existe no Banco
2374;1570;1672;0,5;185,00;Venda Pai Nao Existe no Banco
2375;1570;6438;1;525,00;Venda Pai Nao Existe no Banco
2376;1571;1542;1;260,00;Venda Pai Nao Existe no Banco
2377;1571;7538;1;190,00;Venda Pai Nao Existe no Banco
2378;1572;5504;1;670,00;Venda Pai Nao Existe no Banco
2379;1573;1542;1;230,00;Venda Pai Nao Existe no Banco
2380;1575;2403;2;400,00;Venda Pai Nao Existe no Banco
2381;1576;4953;1;258,00;Venda Pai Nao Existe no Banco
2382;1577;1534;1;140,00;Venda Pai Nao Existe no Banco
2383;1579;1534;1;160,00;Venda Pai Nao Existe no Banco
2384;1573;3829;1;210,00;Venda Pai Nao Existe no Banco
2386;1580;5451;1;20,00;Venda Pai Nao Existe no Banco
2387;1580;1534;1;160,00;Venda Pai Nao Existe no Banco
2390;1582;5578;1;350,00;Venda Pai Nao Existe no Banco
2391;1583;1552;1;150,00;Venda Pai Nao Existe no Banco
2392;1584;1554;1;150,00;Venda Pai Nao Existe no Banco
2394;1585;1370;2;200,00;Venda Pai Nao Existe no Banco
2395;1586;1562;0,5;220,00;Venda Pai Nao Existe no Banco
2396;1586;7060;1;180,00;Venda Pai Nao Existe no Banco
2397;1587;1672;1;190,00;Venda Pai Nao Existe no Banco
2398;1587;7472;1;420,00;Venda Pai Nao Existe no Banco
2399;1590;1533;1;80,00;Venda Pai Nao Existe no Banco
2400;1590;1320;1;70,00;Venda Pai Nao Existe no Banco
2401;1591;2287;1;10,00;Venda Pai Nao Existe no Banco
2402;1592;1533;2;130,00;Venda Pai Nao Existe no Banco
2403;1592;1370;1;140,00;Venda Pai Nao Existe no Banco
2404;1592;7042;1;180,00;Venda Pai Nao Existe no Banco
2405;1593;1542;1;260,00;Venda Pai Nao Existe no Banco
2406;1593;7116;1;120,00;Venda Pai Nao Existe no Banco
2407;1594;1370;1;100,00;Venda Pai Nao Existe no Banco
2408;1595;1534;1;160,00;Venda Pai Nao Existe no Banco
2409;1595;6148;1;190,00;Venda Pai Nao Existe no Banco
2410;1597;1533;1;50,00;Venda Pai Nao Existe no Banco
2411;1598;1534;1;160,00;Venda Pai Nao Existe no Banco
2413;1581;4514;1;230,00;Venda Pai Nao Existe no Banco
2414;1581;1542;1;230,00;Venda Pai Nao Existe no Banco
2415;1599;1534;1;160,00;Venda Pai Nao Existe no Banco
2416;1599;7537;1;190,00;Venda Pai Nao Existe no Banco
2417;1600;3011;1;220,00;Venda Pai Nao Existe no Banco
2418;1601;1370;1;100,00;Venda Pai Nao Existe no Banco
2419;1602;1533;1;50,00;Venda Pai Nao Existe no Banco
2420;1604;1534;1;130,00;Venda Pai Nao Existe no Banco
2421;1604;1542;1;260,00;Venda Pai Nao Existe no Banco
2422;1605;1672;1;205,00;Venda Pai Nao Existe no Banco
2423;1606;1554;1;180,00;Venda Pai Nao Existe no Banco
2425;1606;1321;1;100,00;Venda Pai Nao Existe no Banco
2426;1607;1370;1;100,00;Venda Pai Nao Existe no Banco
2427;1611;2411;1;290,00;Venda Pai Nao Existe no Banco
2428;1611;5759;1;340,00;Venda Pai Nao Existe no Banco
2429;1614;1534;1;160,00;Venda Pai Nao Existe no Banco
2430;1614;7431;1;430,00;Venda Pai Nao Existe no Banco
2431;1616;1542;1;260,00;Venda Pai Nao Existe no Banco
2432;1619;1554;1;130,00;Venda Pai Nao Existe no Banco
2433;1620;1534;1;160,00;Venda Pai Nao Existe no Banco
2434;1621;7377;1;288,00;Venda Pai Nao Existe no Banco
2437;1623;1370;1;250,00;Venda Pai Nao Existe no Banco
2442;1625;1673;1;66,00;Venda Pai Nao Existe no Banco
2443;1626;4514;1;230,00;Venda Pai Nao Existe no Banco
2444;1626;5966;1;0,00;Venda Pai Nao Existe no Banco
2446;1626;7572;1;1.250,00;Venda Pai Nao Existe no Banco
2447;1626;7235;1;240,00;Venda Pai Nao Existe no Banco
2448;1627;1542;1;260,00;Venda Pai Nao Existe no Banco
2449;1627;4357;1;220,00;Venda Pai Nao Existe no Banco
2450;1628;1534;1;160,00;Venda Pai Nao Existe no Banco
2451;1629;5734;1;460,00;Venda Pai Nao Existe no Banco
2452;1629;2690;1;220,00;Venda Pai Nao Existe no Banco
2453;1630;1534;1;160,00;Venda Pai Nao Existe no Banco
2454;1631;1533;0,5;50,00;Venda Pai Nao Existe no Banco
2455;1633;6768;1;350,00;Venda Pai Nao Existe no Banco
2456;1634;1554;1;180,00;Venda Pai Nao Existe no Banco
2458;1636;7411;1;440,00;Venda Pai Nao Existe no Banco
2459;1636;7574;1;490,00;Venda Pai Nao Existe no Banco
2460;1637;1760;1;414,00;Venda Pai Nao Existe no Banco
2461;1638;1560;2;460,00;Venda Pai Nao Existe no Banco
2462;1638;7332;1;300,00;Venda Pai Nao Existe no Banco
2463;1639;1534;1;160,00;Venda Pai Nao Existe no Banco
2464;1639;5535;1;350,00;Venda Pai Nao Existe no Banco
2465;1641;1534;1;160,00;Venda Pai Nao Existe no Banco
2466;1642;1534;1;160,00;Venda Pai Nao Existe no Banco
2467;1643;6015;1;315,00;Venda Pai Nao Existe no Banco
2468;1644;1533;1;90,00;Venda Pai Nao Existe no Banco
2469;1644;2287;1;70,00;Venda Pai Nao Existe no Banco
2470;1645;1533;1;80,00;Venda Pai Nao Existe no Banco
2471;1645;6011;1;250,00;Venda Pai Nao Existe no Banco
2472;1581;1370;1;240,00;Venda Pai Nao Existe no Banco
2473;1646;5727;1;200,00;Venda Pai Nao Existe no Banco
2474;1647;1533;1;90,00;Venda Pai Nao Existe no Banco
2475;1647;7492;1;350,00;Venda Pai Nao Existe no Banco
2476;1648;1542;1;260,00;Venda Pai Nao Existe no Banco
2477;1648;1370;1;180,00;Venda Pai Nao Existe no Banco
2479;1649;1542;1;260,00;Venda Pai Nao Existe no Banco
2480;1650;4575;1;480,00;Venda Pai Nao Existe no Banco
2481;1650;7502;1;320,00;Venda Pai Nao Existe no Banco
2482;1651;4514;1;280,00;Venda Pai Nao Existe no Banco
2483;1651;6951;1;190,00;Venda Pai Nao Existe no Banco
2484;1653;1534;1;160,00;Venda Pai Nao Existe no Banco
2485;1654;1542;1;250,00;Venda Pai Nao Existe no Banco
2486;1654;7232;1;250,00;Venda Pai Nao Existe no Banco
2488;1656;5578;0,5;240,00;Venda Pai Nao Existe no Banco
2489;1656;1534;0,5;70,00;Venda Pai Nao Existe no Banco
2490;1656;7527;1;190,00;Venda Pai Nao Existe no Banco
2491;1657;1533;2;90,00;Venda Pai Nao Existe no Banco
2492;1657;7531;1;220,00;Venda Pai Nao Existe no Banco
2493;1658;1552;1;190,00;Venda Pai Nao Existe no Banco
2494;1658;2287;1;60,00;Venda Pai Nao Existe no Banco
2495;1659;1534;1;160,00;Venda Pai Nao Existe no Banco
2496;1659;7526;1;230,00;Venda Pai Nao Existe no Banco
2498;1660;7575;1;920,00;Venda Pai Nao Existe no Banco
2499;1660;6234;1;160,00;Venda Pai Nao Existe no Banco
2500;1662;1534;1;140,00;Venda Pai Nao Existe no Banco
2501;1663;1534;1;175,00;Venda Pai Nao Existe no Banco
2502;1663;1370;1;100,00;Venda Pai Nao Existe no Banco
2503;1664;1721;1;460,00;Venda Pai Nao Existe no Banco
2504;1664;7536;1;180,00;Venda Pai Nao Existe no Banco
2505;1665;1533;1;90,00;Venda Pai Nao Existe no Banco
2506;1665;7362;1;210,00;Venda Pai Nao Existe no Banco
2507;1666;1760;1;440,00;Venda Pai Nao Existe no Banco
2508;1667;4514;1;290,00;Venda Pai Nao Existe no Banco
2510;1669;7527;1;220,00;Venda Pai Nao Existe no Banco
2511;1669;1778;1;310,00;Venda Pai Nao Existe no Banco
2513;1670;7080;1;100,00;Venda Pai Nao Existe no Banco
2514;1671;4253;1;230,00;Venda Pai Nao Existe no Banco
2515;1671;1752;1;110,00;Venda Pai Nao Existe no Banco
2516;1673;6280;1;200,00;Venda Pai Nao Existe no Banco
2517;1675;1542;1;260,00;Venda Pai Nao Existe no Banco
2518;1676;1533;1;65,00;Venda Pai Nao Existe no Banco
2519;1677;6425;1;440,00;Venda Pai Nao Existe no Banco
2520;1677;4680;0,5;90,00;Venda Pai Nao Existe no Banco
2523;1677;7576;0,5;640,00;Venda Pai Nao Existe no Banco
2524;1678;1673;1;66,00;Venda Pai Nao Existe no Banco
2525;1679;1562;1;570,00;Venda Pai Nao Existe no Banco
2526;1680;6627;1;530,00;Venda Pai Nao Existe no Banco
2527;1682;1534;1;160,00;Venda Pai Nao Existe no Banco
2528;1683;1542;1;200,00;Venda Pai Nao Existe no Banco
2529;1684;1542;1;260,00;Venda Pai Nao Existe no Banco
2530;1685;1760;1;480,00;Venda Pai Nao Existe no Banco
2531;1685;5588;1;200,00;Venda Pai Nao Existe no Banco
2532;1687;1534;1;160,00;Venda Pai Nao Existe no Banco
2533;1687;6461;1;470,00;Venda Pai Nao Existe no Banco
2534;1688;1534;2;240,00;Venda Pai Nao Existe no Banco
2535;1689;1534;1;160,00;Venda Pai Nao Existe no Banco
2537;1689;7055;1;220,00;Venda Pai Nao Existe no Banco
2538;1689;6785;1;250,00;Venda Pai Nao Existe no Banco
2539;1690;1760;1;400,00;Venda Pai Nao Existe no Banco
2540;1690;7548;1;200,00;Venda Pai Nao Existe no Banco
2541;1692;1542;1;260,00;Venda Pai Nao Existe no Banco
2542;1692;3566;1;260,00;Venda Pai Nao Existe no Banco
2543;1693;1533;1;80,00;Venda Pai Nao Existe no Banco
2544;1693;2693;1;100,00;Venda Pai Nao Existe no Banco
2547;1624;1542;1;260,00;Venda Pai Nao Existe no Banco
2548;1696;1542;1;260,00;Venda Pai Nao Existe no Banco
2549;1696;7547;1;180,00;Venda Pai Nao Existe no Banco
2550;1697;1533;1;90,00;Venda Pai Nao Existe no Banco
2551;1697;7543;1;220,00;Venda Pai Nao Existe no Banco
2552;1698;1534;1;140,00;Venda Pai Nao Existe no Banco
2553;1698;7480;1;350,00;Venda Pai Nao Existe no Banco
2554;1699;5133;1;98,00;Venda Pai Nao Existe no Banco
2555;1700;1533;1;90,00;Venda Pai Nao Existe no Banco
2557;1701;1721;1;460,00;Venda Pai Nao Existe no Banco
2558;1701;7045;1;380,00;Venda Pai Nao Existe no Banco
2559;1702;1534;1;160,00;Venda Pai Nao Existe no Banco
2560;1702;1533;1;160,00;Venda Pai Nao Existe no Banco
2561;1704;1533;1;90,00;Venda Pai Nao Existe no Banco
2562;1705;1533;1;90,00;Venda Pai Nao Existe no Banco
2563;1705;4130;1;60,00;Venda Pai Nao Existe no Banco
2564;1706;1542;1;169,00;Venda Pai Nao Existe no Banco
2565;1707;1542;1;245,00;Venda Pai Nao Existe no Banco
2566;1708;1542;1;280,00;Venda Pai Nao Existe no Banco
2567;1709;1534;1;160,00;Venda Pai Nao Existe no Banco
2568;1709;6487;1;180,00;Venda Pai Nao Existe no Banco
2569;1710;1542;1;280,00;Venda Pai Nao Existe no Banco
2570;1712;2403;2;396,00;Venda Pai Nao Existe no Banco
2571;1713;1760;1;390,00;Venda Pai Nao Existe no Banco
2572;1714;6454;1;380,00;Venda Pai Nao Existe no Banco
2574;1715;2287;1;20,00;Venda Pai Nao Existe no Banco
2575;1715;7553;1;600,00;Venda Pai Nao Existe no Banco
2578;1716;6805;1;260,00;Venda Pai Nao Existe no Banco
2581;1716;1534;0,5;80,00;Venda Pai Nao Existe no Banco
2582;1716;7578;0,5;155,00;Venda Pai Nao Existe no Banco
2583;1717;5627;1;680,00;Venda Pai Nao Existe no Banco
2584;1718;1542;1;260,00;Venda Pai Nao Existe no Banco
2585;1718;1540;1;60,00;Venda Pai Nao Existe no Banco
2586;1720;1534;1;160,00;Venda Pai Nao Existe no Banco
2587;1720;7429;1;400,00;Venda Pai Nao Existe no Banco
2588;1721;1534;1;160,00;Venda Pai Nao Existe no Banco
2589;1721;7306;1;272,00;Venda Pai Nao Existe no Banco
2590;1722;1533;2;180,00;Venda Pai Nao Existe no Banco
2591;1723;1534;1;160,00;Venda Pai Nao Existe no Banco
2592;1724;7114;1;120,00;Venda Pai Nao Existe no Banco
2593;1726;1534;1;180,00;Venda Pai Nao Existe no Banco
2594;1727;5582;1;450,00;Venda Pai Nao Existe no Banco
2595;1728;6144;1;70,00;Venda Pai Nao Existe no Banco
2596;1729;1533;1;100,00;Venda Pai Nao Existe no Banco
2597;1729;4791;1;100,00;Venda Pai Nao Existe no Banco
2598;1728;1533;1;45,00;Venda Pai Nao Existe no Banco
2599;1730;5515;1;500,00;Venda Pai Nao Existe no Banco
2602;1730;7400;-1;-300,00;Venda Pai Nao Existe no Banco
2603;1731;1534;1;160,00;Venda Pai Nao Existe no Banco
2604;1731;7033;1;380,00;Venda Pai Nao Existe no Banco
2605;1732;4105;1;180,00;Venda Pai Nao Existe no Banco
2606;1733;5212;2;550,00;Venda Pai Nao Existe no Banco
2607;1735;6733;1;550,00;Venda Pai Nao Existe no Banco
2608;1736;1534;1;140,00;Venda Pai Nao Existe no Banco
2609;1736;4357;1;164,00;Venda Pai Nao Existe no Banco
2610;1737;1534;1;140,00;Venda Pai Nao Existe no Banco
2611;1738;1552;1;190,00;Venda Pai Nao Existe no Banco
2612;1739;1534;1;140,00;Venda Pai Nao Existe no Banco
2613;1740;1534;1;150,00;Venda Pai Nao Existe no Banco
2615;1741;4998;1;350,00;Venda Pai Nao Existe no Banco
2616;1741;1752;1;260,00;Venda Pai Nao Existe no Banco
2617;1742;7262;1;290,00;Venda Pai Nao Existe no Banco
2618;1742;1533;1;90,00;Venda Pai Nao Existe no Banco
2619;1743;7068;1;100,00;Venda Pai Nao Existe no Banco
2620;1744;1534;1;160,00;Venda Pai Nao Existe no Banco
2621;1744;7540;1;184,00;Venda Pai Nao Existe no Banco
2622;1745;1542;1;260,00;Venda Pai Nao Existe no Banco
2623;1748;1668;1;140,00;Venda Pai Nao Existe no Banco
2624;1748;7454;1;220,00;Venda Pai Nao Existe no Banco
2625;1749;2287;1;60,00;Venda Pai Nao Existe no Banco
2626;1750;1534;1;160,00;Venda Pai Nao Existe no Banco
2627;1750;7286;1;350,00;Venda Pai Nao Existe no Banco
2628;1751;4680;1;190,00;Venda Pai Nao Existe no Banco
2629;1751;7518;1;320,00;Venda Pai Nao Existe no Banco
2630;1752;1760;1;470,00;Venda Pai Nao Existe no Banco
2631;1752;7425;1;440,00;Venda Pai Nao Existe no Banco
2632;1753;4575;1;500,00;Venda Pai Nao Existe no Banco
2633;1755;1534;1;90,00;Venda Pai Nao Existe no Banco
2634;1756;4514;0,5;115,00;Venda Pai Nao Existe no Banco
2636;1757;7141;1;490,00;Venda Pai Nao Existe no Banco
2638;1757;7579;1;550,00;Venda Pai Nao Existe no Banco
2639;1758;7027;1;320,00;Venda Pai Nao Existe no Banco
2640;1759;1534;1;160,00;Venda Pai Nao Existe no Banco
2641;1760;5066;1;560,00;Venda Pai Nao Existe no Banco
2642;1761;5627;1;580,00;Venda Pai Nao Existe no Banco
2644;1762;1752;1;260,00;Venda Pai Nao Existe no Banco
2645;1763;1554;1;170,00;Venda Pai Nao Existe no Banco
2646;1764;2403;1;198,00;Venda Pai Nao Existe no Banco
2647;1766;7346;1;290,00;Venda Pai Nao Existe no Banco
2648;1767;1534;1;140,00;Venda Pai Nao Existe no Banco
2649;1768;1760;1;420,00;Venda Pai Nao Existe no Banco
2650;1768;7515;1;340,00;Venda Pai Nao Existe no Banco
2651;1769;7191;1;440,00;Venda Pai Nao Existe no Banco
2652;1770;1542;2;0,00;Venda Pai Nao Existe no Banco
2653;1770;6418;1;480,00;Venda Pai Nao Existe no Banco
2654;1771;1534;1;160,00;Venda Pai Nao Existe no Banco
2655;1771;7527;1;220,00;Venda Pai Nao Existe no Banco
2656;1772;1534;1;145,00;Venda Pai Nao Existe no Banco
2657;1773;1533;1;90,00;Venda Pai Nao Existe no Banco
2658;1773;2287;1;140,00;Venda Pai Nao Existe no Banco
2659;1774;1542;0,5;120,00;Venda Pai Nao Existe no Banco
2660;1775;1542;1;260,00;Venda Pai Nao Existe no Banco
2661;1775;6641;1;220,00;Venda Pai Nao Existe no Banco
2662;1776;5578;1;498,00;Venda Pai Nao Existe no Banco
2663;1777;1534;1;160,00;Venda Pai Nao Existe no Banco
2664;1777;7418;1;430,00;Venda Pai Nao Existe no Banco
2665;1779;1533;1;90,00;Venda Pai Nao Existe no Banco
2666;1779;6766;1;290,00;Venda Pai Nao Existe no Banco
2668;1780;7580;0,5;750,00;Venda Pai Nao Existe no Banco
2669;1780;1562;0,5;210,00;Venda Pai Nao Existe no Banco
2671;1782;1542;1;260,00;Venda Pai Nao Existe no Banco
2672;1781;1533;0,5;45,00;Venda Pai Nao Existe no Banco
2673;1781;1672;0,5;125,00;Venda Pai Nao Existe no Banco
2674;1781;2287;1;100,00;Venda Pai Nao Existe no Banco
2675;1783;1752;1;270,00;Venda Pai Nao Existe no Banco
2676;1784;1534;1;160,00;Venda Pai Nao Existe no Banco
2677;1785;1533;1;90,00;Venda Pai Nao Existe no Banco
2678;1785;7233;1;220,00;Venda Pai Nao Existe no Banco
2679;1786;1534;1;145,00;Venda Pai Nao Existe no Banco
2680;1786;2287;1;20,00;Venda Pai Nao Existe no Banco
2681;1788;1534;1;160,00;Venda Pai Nao Existe no Banco
2682;1788;4448;1;99,00;Venda Pai Nao Existe no Banco
2683;1789;5816;1;150,00;Venda Pai Nao Existe no Banco
2684;1790;1534;1;160,00;Venda Pai Nao Existe no Banco
2685;1790;7473;1;470,00;Venda Pai Nao Existe no Banco
2686;1791;1534;1;160,00;Venda Pai Nao Existe no Banco
2687;1791;7494;1;198,00;Venda Pai Nao Existe no Banco
2688;1792;1721;1;550,00;Venda Pai Nao Existe no Banco
2689;1793;1542;1;230,00;Venda Pai Nao Existe no Banco
2690;1794;1533;1;90,00;Venda Pai Nao Existe no Banco
2691;1794;4448;1;100,00;Venda Pai Nao Existe no Banco
2692;1795;1370;1;90,00;Venda Pai Nao Existe no Banco
2693;1797;1554;1;170,00;Venda Pai Nao Existe no Banco
2694;1797;6879;1;210,00;Venda Pai Nao Existe no Banco
2696;1798;7327;1;380,00;Venda Pai Nao Existe no Banco
2697;1798;4514;1;260,00;Venda Pai Nao Existe no Banco
2698;1800;6816;1;340,00;Venda Pai Nao Existe no Banco
2699;1800;1533;1;210,00;Venda Pai Nao Existe no Banco
2700;1801;1533;1;80,00;Venda Pai Nao Existe no Banco
2701;1801;7043;1;170,00;Venda Pai Nao Existe no Banco
2702;1802;1760;1;420,00;Venda Pai Nao Existe no Banco
2703;1802;7515;1;198,00;Venda Pai Nao Existe no Banco
2705;1803;1752;1;290,00;Venda Pai Nao Existe no Banco
2706;1804;6077;1;240,00;Venda Pai Nao Existe no Banco
2707;1805;1554;1;170,00;Venda Pai Nao Existe no Banco
2708;1805;7545;1;99,00;Venda Pai Nao Existe no Banco
2709;1806;1554;1;190,00;Venda Pai Nao Existe no Banco
2710;1806;6487;1;99,00;Venda Pai Nao Existe no Banco
2711;1807;1533;1;110,00;Venda Pai Nao Existe no Banco
2712;1808;7564;1;430,00;Venda Pai Nao Existe no Banco
2713;1808;7380;1;560,00;Venda Pai Nao Existe no Banco
2714;1808;6814;1;300,00;Venda Pai Nao Existe no Banco
2715;1810;1760;1;440,00;Venda Pai Nao Existe no Banco
2716;1810;7494;1;190,00;Venda Pai Nao Existe no Banco
2717;1810;1562;1;480,00;Venda Pai Nao Existe no Banco
2718;1810;7484;1;190,00;Venda Pai Nao Existe no Banco
2719;1811;1533;1;90,00;Venda Pai Nao Existe no Banco
2720;1811;7541;1;99,00;Venda Pai Nao Existe no Banco
2721;1812;4680;1;180,00;Venda Pai Nao Existe no Banco
2722;1812;7530;1;120,00;Venda Pai Nao Existe no Banco
2723;1814;1533;1;90,00;Venda Pai Nao Existe no Banco
2724;1814;6505;1;99,00;Venda Pai Nao Existe no Banco
2725;1815;6489;1;99,00;Venda Pai Nao Existe no Banco
2726;1816;1533;1;90,00;Venda Pai Nao Existe no Banco
2727;1816;7055;1;99,00;Venda Pai Nao Existe no Banco
2728;1817;1534;1;141,00;Venda Pai Nao Existe no Banco
2729;1817;5966;1;99,00;Venda Pai Nao Existe no Banco
2730;1818;1554;0,5;80,00;Venda Pai Nao Existe no Banco
2731;1819;1760;1;390,00;Venda Pai Nao Existe no Banco
2732;1820;1542;1;135,00;Venda Pai Nao Existe no Banco
2733;1820;7539;1;99,00;Venda Pai Nao Existe no Banco
2734;1822;1533;1;110,00;Venda Pai Nao Existe no Banco
2735;1823;1534;1;160,00;Venda Pai Nao Existe no Banco
2736;1823;6839;1;100,00;Venda Pai Nao Existe no Banco
2737;1825;1534;1;160,00;Venda Pai Nao Existe no Banco
2738;1826;1542;1;245,00;Venda Pai Nao Existe no Banco
2739;1827;1542;1;220,00;Venda Pai Nao Existe no Banco
2740;1827;1533;1;130,00;Venda Pai Nao Existe no Banco
2741;1827;7541;1;100,00;Venda Pai Nao Existe no Banco
2742;1828;7578;1;290,00;Venda Pai Nao Existe no Banco
2743;1828;6706;1;410,00;Venda Pai Nao Existe no Banco
2744;1829;7511;1;290,00;Venda Pai Nao Existe no Banco
2745;1830;1760;1;490,00;Venda Pai Nao Existe no Banco
2746;1830;7482;1;220,00;Venda Pai Nao Existe no Banco
2747;1831;1533;1;45,00;Venda Pai Nao Existe no Banco
2748;1831;7545;1;99,00;Venda Pai Nao Existe no Banco
2749;1832;1552;1;190,00;Venda Pai Nao Existe no Banco
2750;1832;7530;1;100,00;Venda Pai Nao Existe no Banco
2751;1833;4039;1;100,00;Venda Pai Nao Existe no Banco
2752;1834;1534;1;160,00;Venda Pai Nao Existe no Banco
2754;1836;1533;1;90,00;Venda Pai Nao Existe no Banco
2755;1836;7224;1;190,00;Venda Pai Nao Existe no Banco
2756;1837;1554;1;190,00;Venda Pai Nao Existe no Banco
2757;1837;3836;1;100,00;Venda Pai Nao Existe no Banco
2758;1837;1554;1;190,00;Venda Pai Nao Existe no Banco
2759;1837;7498;1;190,00;Venda Pai Nao Existe no Banco
2760;1839;1562;1;280,00;Venda Pai Nao Existe no Banco
2761;1839;7328;1;260,00;Venda Pai Nao Existe no Banco
2762;1840;1760;1;490,00;Venda Pai Nao Existe no Banco
2763;1840;7527;1;100,00;Venda Pai Nao Existe no Banco
2764;1816;5203;1;380,00;Venda Pai Nao Existe no Banco
2765;1841;4680;1;240,00;Venda Pai Nao Existe no Banco
2766;1841;6489;1;140,00;Venda Pai Nao Existe no Banco
2767;1841;4680;1;240,00;Venda Pai Nao Existe no Banco
2768;1841;7503;1;220,00;Venda Pai Nao Existe no Banco
2775;1843;1554;1;180,00;Venda Pai Nao Existe no Banco
2776;1843;1370;1;100,00;Venda Pai Nao Existe no Banco
2778;1845;7586;1;390,00;Venda Pai Nao Existe no Banco
2779;1845;7516;1;198,00;Venda Pai Nao Existe no Banco
2780;1846;1534;1;160,00;Venda Pai Nao Existe no Banco
2781;1846;7254;1;380,00;Venda Pai Nao Existe no Banco
2782;1847;7487;1;150,00;Venda Pai Nao Existe no Banco
2783;1847;1542;1;250,00;Venda Pai Nao Existe no Banco
2784;1848;1554;1;190,00;Venda Pai Nao Existe no Banco
2785;1848;6966;1;120,00;Venda Pai Nao Existe no Banco
2786;1849;1321;1;220,00;Venda Pai Nao Existe no Banco
2788;1850;3514;1;80,00;Venda Pai Nao Existe no Banco
2789;1851;1370;1;90,00;Venda Pai Nao Existe no Banco
2790;1852;7476;1;300,00;Venda Pai Nao Existe no Banco
2791;1853;3514;1;80,00;Venda Pai Nao Existe no Banco
2792;1854;1533;1;90,00;Venda Pai Nao Existe no Banco
2793;1854;1370;1;120,00;Venda Pai Nao Existe no Banco
2794;1854;4497;1;540,00;Venda Pai Nao Existe no Banco
2795;1854;5940;1;490,00;Venda Pai Nao Existe no Banco
2796;1856;1534;1;160,00;Venda Pai Nao Existe no Banco
2797;1856;7411;1;470,00;Venda Pai Nao Existe no Banco
2798;1857;1533;1;165,00;Venda Pai Nao Existe no Banco
2799;1857;6603;1;320,00;Venda Pai Nao Existe no Banco
2800;1859;2403;1;240,00;Venda Pai Nao Existe no Banco
2801;1860;5578;1;330,00;Venda Pai Nao Existe no Banco
2802;1861;1542;1;250,00;Venda Pai Nao Existe no Banco
2803;1862;1542;1;290,00;Venda Pai Nao Existe no Banco
2805;1862;1370;1;100,00;Venda Pai Nao Existe no Banco
2808;1863;1560;1;320,00;Venda Pai Nao Existe no Banco
2809;1863;7493;1;190,00;Venda Pai Nao Existe no Banco
2810;1864;5578;1;1.500,00;Venda Pai Nao Existe no Banco
2811;1864;7498;1;200,00;Venda Pai Nao Existe no Banco
2813;1866;7490;1;198,00;Venda Pai Nao Existe no Banco
2814;1866;1534;1;160,00;Venda Pai Nao Existe no Banco
2815;1867;4515;1;550,00;Venda Pai Nao Existe no Banco
2816;1865;7587;1;930,00;Venda Pai Nao Existe no Banco
2817;1868;7013;0,5;460,00;Venda Pai Nao Existe no Banco
2820;1870;1752;1;270,00;Venda Pai Nao Existe no Banco
2821;1870;7507;1;190,00;Venda Pai Nao Existe no Banco
2822;1870;1533;1;90,00;Venda Pai Nao Existe no Banco
2823;1870;1552;1;190,00;Venda Pai Nao Existe no Banco
2824;1870;7520;1;220,00;Venda Pai Nao Existe no Banco
2825;1872;5132;1;640,00;Venda Pai Nao Existe no Banco
2826;1873;7527;1;99,00;Venda Pai Nao Existe no Banco
2827;1874;6847;1;99,00;Venda Pai Nao Existe no Banco
2828;1874;7531;1;99,00;Venda Pai Nao Existe no Banco
2829;1875;1534;1;160,00;Venda Pai Nao Existe no Banco
2830;1875;7506;1;220,00;Venda Pai Nao Existe no Banco
2831;1866;1534;0,5;80,00;Venda Pai Nao Existe no Banco
2832;1876;1533;1;90,00;Venda Pai Nao Existe no Banco
2833;1876;7539;1;120,00;Venda Pai Nao Existe no Banco
2834;1877;1533;1;90,00;Venda Pai Nao Existe no Banco
2835;1877;7332;1;190,00;Venda Pai Nao Existe no Banco
2836;1878;5268;1;100,00;Venda Pai Nao Existe no Banco
2837;1879;1533;1;110,00;Venda Pai Nao Existe no Banco
2838;1879;7055;1;100,00;Venda Pai Nao Existe no Banco
2840;1880;6696;1;470,00;Venda Pai Nao Existe no Banco
2841;1880;7586;1;1.165,00;Venda Pai Nao Existe no Banco
2842;1881;1760;1;490,00;Venda Pai Nao Existe no Banco
2843;1881;7474;1;470,00;Venda Pai Nao Existe no Banco
2844;1882;5578;1;450,00;Venda Pai Nao Existe no Banco
2845;1882;7486;1;190,00;Venda Pai Nao Existe no Banco
2846;1883;7570;1;580,00;Venda Pai Nao Existe no Banco
2847;1885;1552;1;180,00;Venda Pai Nao Existe no Banco
2848;1887;3514;1;100,00;Venda Pai Nao Existe no Banco
2849;1888;1560;1;320,00;Venda Pai Nao Existe no Banco
2850;1889;6624;1;260,00;Venda Pai Nao Existe no Banco
2851;1890;1542;1;260,00;Venda Pai Nao Existe no Banco
2852;1890;6572;1;100,00;Venda Pai Nao Existe no Banco
2853;1891;6770;1;470,00;Venda Pai Nao Existe no Banco
2854;1892;4206;1;90,00;Venda Pai Nao Existe no Banco
2855;1893;1552;1;190,00;Venda Pai Nao Existe no Banco
2856;1894;1533;1;120,00;Venda Pai Nao Existe no Banco
2857;1863;7076;-1;-260,00;Venda Pai Nao Existe no Banco
2859;1895;5609;1;580,00;Venda Pai Nao Existe no Banco
2860;1896;1534;1;160,00;Venda Pai Nao Existe no Banco
2861;1896;2693;1;100,00;Venda Pai Nao Existe no Banco
2862;1898;6956;1;130,00;Venda Pai Nao Existe no Banco
2863;1898;6657;1;440,00;Venda Pai Nao Existe no Banco
2864;1898;6285;1;230,00;Venda Pai Nao Existe no Banco
2865;1899;5006;1;250,00;Venda Pai Nao Existe no Banco
2866;1900;1533;1;90,00;Venda Pai Nao Existe no Banco
2867;1900;5432;1;220,00;Venda Pai Nao Existe no Banco
2868;1901;1542;1;260,00;Venda Pai Nao Existe no Banco
2869;1901;1320;1;100,00;Venda Pai Nao Existe no Banco
2870;1903;3447;1;100,00;Venda Pai Nao Existe no Banco
2871;1904;6732;1;580,00;Venda Pai Nao Existe no Banco
2872;1905;7525;1;99,00;Venda Pai Nao Existe no Banco
2873;1906;3514;1;90,00;Venda Pai Nao Existe no Banco
2874;1908;1533;1;210,00;Venda Pai Nao Existe no Banco
2875;1908;6816;1;340,00;Venda Pai Nao Existe no Banco
2878;1910;1534;1;146,00;Venda Pai Nao Existe no Banco
2879;1910;7547;1;99,00;Venda Pai Nao Existe no Banco
2880;1911;1761;1;780,00;Venda Pai Nao Existe no Banco
2881;1912;4983;1;150,00;Venda Pai Nao Existe no Banco
2882;1913;1552;1;190,00;Venda Pai Nao Existe no Banco
2883;1913;7549;1;100,00;Venda Pai Nao Existe no Banco
2884;1914;1552;1;190,00;Venda Pai Nao Existe no Banco
2885;1909;1534;0,5;80,00;Venda Pai Nao Existe no Banco
2886;1915;1534;1;160,00;Venda Pai Nao Existe no Banco
2887;1915;7446;1;410,00;Venda Pai Nao Existe no Banco
2888;1916;7090;1;250,00;Venda Pai Nao Existe no Banco
2890;1917;3397;1;340,00;Venda Pai Nao Existe no Banco
2891;1918;1542;1;225,00;Venda Pai Nao Existe no Banco
2892;1918;7513;1;225,00;Venda Pai Nao Existe no Banco
2894;1920;7456;1;320,00;Venda Pai Nao Existe no Banco
2895;1920;0;1;0,00;Venda Pai Nao Existe no Banco
2898;1920;7594;1;390,00;Venda Pai Nao Existe no Banco
2899;1921;3183;1;160,00;Venda Pai Nao Existe no Banco
2900;1922;5814;1;100,00;Venda Pai Nao Existe no Banco
2902;1922;4514;1;280,00;Venda Pai Nao Existe no Banco
2903;1923;5627;1;650,00;Venda Pai Nao Existe no Banco
2904;1923;6544;1;400,00;Venda Pai Nao Existe no Banco
2905;1924;1542;1;220,00;Venda Pai Nao Existe no Banco
2906;1924;6756;1;180,00;Venda Pai Nao Existe no Banco
2908;1926;2122;1;520,00;Venda Pai Nao Existe no Banco
2909;1927;1542;1;250,00;Venda Pai Nao Existe no Banco
2910;1927;7144;1;450,00;Venda Pai Nao Existe no Banco
2912;1930;6010;1;100,00;Venda Pai Nao Existe no Banco
2914;1932;7415;1;380,00;Venda Pai Nao Existe no Banco
2917;1931;7565;1;530,00;Venda Pai Nao Existe no Banco
2919;1925;7597;1;675,00;Venda Pai Nao Existe no Banco
2920;1933;5578;0,5;210,00;Venda Pai Nao Existe no Banco
2921;1933;1534;0,5;90,00;Venda Pai Nao Existe no Banco
2922;1933;6966;1;100,00;Venda Pai Nao Existe no Banco
2924;1934;1370;1;90,00;Venda Pai Nao Existe no Banco
2925;1935;1534;1;180,00;Venda Pai Nao Existe no Banco
2926;1936;1534;0,5;68,00;Venda Pai Nao Existe no Banco
2927;1937;1534;1;160,00;Venda Pai Nao Existe no Banco
2929;1938;7599;1;600,00;Venda Pai Nao Existe no Banco
2932;1939;1560;0,5;160,00;Venda Pai Nao Existe no Banco
2934;1939;7600;0,5;475,00;Venda Pai Nao Existe no Banco
2935;1939;7356;1;320,00;Venda Pai Nao Existe no Banco
2936;1940;1542;1;260,00;Venda Pai Nao Existe no Banco
2937;1940;2705;1;100,00;Venda Pai Nao Existe no Banco
2938;1941;1534;1;160,00;Venda Pai Nao Existe no Banco
2939;1941;7520;1;190,00;Venda Pai Nao Existe no Banco
2940;1942;1534;1;140,00;Venda Pai Nao Existe no Banco
2942;1942;7607;1;510,00;Venda Pai Nao Existe no Banco
2943;1943;1542;1;260,00;Venda Pai Nao Existe no Banco
2944;1943;7542;1;100,00;Venda Pai Nao Existe no Banco
2945;1944;1534;1;190,00;Venda Pai Nao Existe no Banco
2946;1944;7532;1;100,00;Venda Pai Nao Existe no Banco
2947;1945;1542;1;200,00;Venda Pai Nao Existe no Banco
2948;1945;7114;1;100,00;Venda Pai Nao Existe no Banco
2949;1946;5627;1;790,00;Venda Pai Nao Existe no Banco
2950;1946;6144;1;100,00;Venda Pai Nao Existe no Banco
2951;1947;1721;1;630,00;Venda Pai Nao Existe no Banco
2952;1948;3180;1;450,00;Venda Pai Nao Existe no Banco
2953;1948;7327;1;290,00;Venda Pai Nao Existe no Banco
2955;1948;1560;1;260,00;Venda Pai Nao Existe no Banco
2956;1949;5060;1;180,00;Venda Pai Nao Existe no Banco
2957;1950;1554;1;180,00;Venda Pai Nao Existe no Banco
2958;1952;1542;1;230,00;Venda Pai Nao Existe no Banco
2959;1953;1542;1;220,00;Venda Pai Nao Existe no Banco
2960;1953;7505;1;150,00;Venda Pai Nao Existe no Banco
2961;1954;1554;1;180,00;Venda Pai Nao Existe no Banco
2962;1954;5451;1;20,00;Venda Pai Nao Existe no Banco
2963;1955;1721;1;630,00;Venda Pai Nao Existe no Banco
2964;1956;4616;1;100,00;Venda Pai Nao Existe no Banco
2965;1957;1534;1;140,00;Venda Pai Nao Existe no Banco
2966;1958;1770;1;120,00;Venda Pai Nao Existe no Banco
2967;1959;5504;1;590,00;Venda Pai Nao Existe no Banco
2969;1962;1534;1;220,00;Venda Pai Nao Existe no Banco
2970;1962;7055;1;130,00;Venda Pai Nao Existe no Banco
2972;1965;1542;1;220,00;Venda Pai Nao Existe no Banco
2973;1965;6819;1;100,00;Venda Pai Nao Existe no Banco
2974;1966;1534;1;140,00;Venda Pai Nao Existe no Banco
2975;1966;2705;1;100,00;Venda Pai Nao Existe no Banco
2976;1967;1562;1;450,00;Venda Pai Nao Existe no Banco
2977;1967;7489;1;180,00;Venda Pai Nao Existe no Banco
2979;1968;6656;1;530,00;Venda Pai Nao Existe no Banco
2980;1968;4514;1;260,00;Venda Pai Nao Existe no Banco
2981;1969;1542;1;260,00;Venda Pai Nao Existe no Banco
2982;1969;7493;1;190,00;Venda Pai Nao Existe no Banco
2983;1971;1542;1;260,00;Venda Pai Nao Existe no Banco
2984;1971;6944;1;190,00;Venda Pai Nao Existe no Banco
2985;1972;4460;1;320,00;Venda Pai Nao Existe no Banco
2986;1972;6237;1;100,00;Venda Pai Nao Existe no Banco
2987;1973;5578;1;380,00;Venda Pai Nao Existe no Banco
2988;1950;7542;1;100,00;Venda Pai Nao Existe no Banco
2989;1932;7389;1;490,00;Venda Pai Nao Existe no Banco
2990;1974;7370;1;550,00;Venda Pai Nao Existe no Banco
2991;1975;7541;1;100,00;Venda Pai Nao Existe no Banco
2992;1976;1542;1;260,00;Venda Pai Nao Existe no Banco
2993;1976;7536;1;100,00;Venda Pai Nao Existe no Banco
2994;1977;3447;1;100,00;Venda Pai Nao Existe no Banco
2995;1978;5964;1;100,00;Venda Pai Nao Existe no Banco
2996;1979;2725;1;100,00;Venda Pai Nao Existe no Banco
2997;1980;7578;1;260,00;Venda Pai Nao Existe no Banco
2998;1981;1542;1;260,00;Venda Pai Nao Existe no Banco
2999;1981;7528;1;100,00;Venda Pai Nao Existe no Banco
3000;1982;5142;1;150,00;Venda Pai Nao Existe no Banco
3001;1986;1534;1;160,00;Venda Pai Nao Existe no Banco
3002;1987;1534;1;120,00;Venda Pai Nao Existe no Banco
3003;1987;6905;1;90,00;Venda Pai Nao Existe no Banco
3004;1989;1534;1;160,00;Venda Pai Nao Existe no Banco
3005;1989;4357;1;100,00;Venda Pai Nao Existe no Banco
3007;1991;1534;1;190,00;Venda Pai Nao Existe no Banco
3008;1991;7631;1;380,00;Venda Pai Nao Existe no Banco
3009;1991;1533;1;90,00;Venda Pai Nao Existe no Banco
3010;1991;5868;1;120,00;Venda Pai Nao Existe no Banco
3011;1992;7627;1;270,00;Venda Pai Nao Existe no Banco
3012;1993;1533;1;90,00;Venda Pai Nao Existe no Banco
3013;1994;1552;1;210,00;Venda Pai Nao Existe no Banco
3014;1995;1534;1;160,00;Venda Pai Nao Existe no Banco
3015;1997;1534;1;145,00;Venda Pai Nao Existe no Banco
3016;1998;4203;1;100,00;Venda Pai Nao Existe no Banco
3017;1999;7568;1;630,00;Venda Pai Nao Existe no Banco
3018;2000;1534;1;0,00;Venda Pai Nao Existe no Banco
3019;2000;1542;1;208,00;Venda Pai Nao Existe no Banco
3020;2000;7294;1;380,00;Venda Pai Nao Existe no Banco
3021;2002;1534;1;160,00;Venda Pai Nao Existe no Banco
3022;2002;7507;1;190,00;Venda Pai Nao Existe no Banco
3023;2003;1533;1;210,00;Venda Pai Nao Existe no Banco
3024;2003;1534;1;160,00;Venda Pai Nao Existe no Banco
3025;2003;5451;1;30,00;Venda Pai Nao Existe no Banco
3026;2004;1534;1;163,00;Venda Pai Nao Existe no Banco
3028;2004;1760;1;432,00;Venda Pai Nao Existe no Banco
3029;2005;1552;1;170,00;Venda Pai Nao Existe no Banco
3030;2007;7586;1;420,00;Venda Pai Nao Existe no Banco
3031;2007;7500;1;140,00;Venda Pai Nao Existe no Banco
3032;2005;1534;1;145,00;Venda Pai Nao Existe no Banco
3033;2009;1534;1;0,00;Venda Pai Nao Existe no Banco
3035;2009;7632;1;380,00;Venda Pai Nao Existe no Banco
3036;2010;1534;1;120,00;Venda Pai Nao Existe no Banco
3037;2010;4206;1;100,00;Venda Pai Nao Existe no Banco
3039;2004;7634;1;1.125,00;Venda Pai Nao Existe no Banco
3040;2011;3514;1;90,00;Venda Pai Nao Existe no Banco
3041;2013;1534;1;160,00;Venda Pai Nao Existe no Banco
3042;2013;5916;1;100,00;Venda Pai Nao Existe no Banco
3043;2014;1321;1;285,00;Venda Pai Nao Existe no Banco
3044;2015;3314;1;210,00;Venda Pai Nao Existe no Banco
3046;2016;3706;1;540,00;Venda Pai Nao Existe no Banco
3047;2017;1533;1;120,00;Venda Pai Nao Existe no Banco
3048;2018;5540;1;370,00;Venda Pai Nao Existe no Banco
3050;2018;7379;1;530,00;Venda Pai Nao Existe no Banco
3052;2019;6037;1;120,00;Venda Pai Nao Existe no Banco
3053;2019;7579;1;790,00;Venda Pai Nao Existe no Banco
3054;2020;7501;1;150,00;Venda Pai Nao Existe no Banco
3055;2021;1533;1;90,00;Venda Pai Nao Existe no Banco
3056;2022;1542;1;260,00;Venda Pai Nao Existe no Banco
3057;2022;7505;1;180,00;Venda Pai Nao Existe no Banco
3058;2023;1533;1;120,00;Venda Pai Nao Existe no Banco
3059;2024;1534;1;130,00;Venda Pai Nao Existe no Banco
3060;2024;7613;1;200,00;Venda Pai Nao Existe no Banco
3061;2025;6056;1;100,00;Venda Pai Nao Existe no Banco
3062;2026;1760;1;490,00;Venda Pai Nao Existe no Banco
3063;2026;2742;1;290,00;Venda Pai Nao Existe no Banco
3064;2027;7498;1;150,00;Venda Pai Nao Existe no Banco
3065;2028;6673;1;390,00;Venda Pai Nao Existe no Banco
3066;2029;1534;1;140,00;Venda Pai Nao Existe no Banco
3067;2029;6743;1;560,00;Venda Pai Nao Existe no Banco
3070;2030;7455;1;290,00;Venda Pai Nao Existe no Banco
3071;2030;4680;1;190,00;Venda Pai Nao Existe no Banco
3072;2031;1534;1;140,00;Venda Pai Nao Existe no Banco
3074;2031;7635;1;370,00;Venda Pai Nao Existe no Banco
3075;2032;1534;1;160,00;Venda Pai Nao Existe no Banco
3076;2033;1534;1;140,00;Venda Pai Nao Existe no Banco
3077;2034;3963;1;290,00;Venda Pai Nao Existe no Banco
3078;2035;6760;1;120,00;Venda Pai Nao Existe no Banco
3080;2037;1562;1;350,00;Venda Pai Nao Existe no Banco
3081;2037;6964;1;150,00;Venda Pai Nao Existe no Banco
3082;2038;1542;1;245,00;Venda Pai Nao Existe no Banco
3083;2038;7542;1;100,00;Venda Pai Nao Existe no Banco
3085;2039;7542;1;100,00;Venda Pai Nao Existe no Banco
3086;2039;1534;1;145,00;Venda Pai Nao Existe no Banco
3087;2040;7097;1;100,00;Venda Pai Nao Existe no Banco
3088;2041;7544;1;100,00;Venda Pai Nao Existe no Banco
3089;2043;1321;1;100,00;Venda Pai Nao Existe no Banco
3090;2044;7260;1;320,00;Venda Pai Nao Existe no Banco
3091;2045;3095;1;100,00;Venda Pai Nao Existe no Banco
3092;2045;1534;1;140,00;Venda Pai Nao Existe no Banco
3094;2046;6681;1;520,00;Venda Pai Nao Existe no Banco
3095;2047;1542;1;240,00;Venda Pai Nao Existe no Banco
3096;2047;4205;1;100,00;Venda Pai Nao Existe no Banco
3097;2048;1534;1;160,00;Venda Pai Nao Existe no Banco
3098;2049;5504;1;550,00;Venda Pai Nao Existe no Banco
3099;2051;1534;1;145,00;Venda Pai Nao Existe no Banco
3100;2052;1562;1;360,00;Venda Pai Nao Existe no Banco
3101;2053;1533;1;90,00;Venda Pai Nao Existe no Banco
3102;2053;7488;1;190,00;Venda Pai Nao Existe no Banco
3103;2053;1552;1;190,00;Venda Pai Nao Existe no Banco
3104;2053;7620;1;220,00;Venda Pai Nao Existe no Banco
3105;2054;1542;1;260,00;Venda Pai Nao Existe no Banco
3106;2054;3328;1;100,00;Venda Pai Nao Existe no Banco
3107;2056;7402;1;150,00;Venda Pai Nao Existe no Banco
3108;2057;1552;1;40,00;Venda Pai Nao Existe no Banco
3109;2058;1552;1;190,00;Venda Pai Nao Existe no Banco
3110;2058;1533;1;90,00;Venda Pai Nao Existe no Banco
3112;2059;1534;1;145,00;Venda Pai Nao Existe no Banco
3113;2033;4357;1;100,00;Venda Pai Nao Existe no Banco
3114;2033;1534;1;140,00;Venda Pai Nao Existe no Banco
3115;2060;1533;1;110,00;Venda Pai Nao Existe no Banco
3116;2060;6724;1;530,00;Venda Pai Nao Existe no Banco
3117;2061;6984;1;380,00;Venda Pai Nao Existe no Banco
3118;2061;1552;1;190,00;Venda Pai Nao Existe no Banco
3119;2062;1534;1;140,00;Venda Pai Nao Existe no Banco
3120;2062;4798;1;100,00;Venda Pai Nao Existe no Banco
3121;2063;1533;1;80,00;Venda Pai Nao Existe no Banco
3122;2063;379;1;300,00;Venda Pai Nao Existe no Banco
3123;2064;6591;1;290,00;Venda Pai Nao Existe no Banco
3124;2065;2181;1;460,00;Venda Pai Nao Existe no Banco
3125;2066;1542;1;260,00;Venda Pai Nao Existe no Banco
3126;2067;4680;1;210,00;Venda Pai Nao Existe no Banco
3127;2067;7505;1;190,00;Venda Pai Nao Existe no Banco
3129;2068;4514;1;235,00;Venda Pai Nao Existe no Banco
3130;2069;1552;1;190,00;Venda Pai Nao Existe no Banco
3132;2069;6820;1;110,00;Venda Pai Nao Existe no Banco
3133;2071;1542;1;260,00;Venda Pai Nao Existe no Banco
3134;2071;7055;1;105,00;Venda Pai Nao Existe no Banco
3135;2073;1534;1;160,00;Venda Pai Nao Existe no Banco
3137;2073;7547;1;120,00;Venda Pai Nao Existe no Banco
3138;2074;1534;1;150,00;Venda Pai Nao Existe no Banco
3139;2074;7504;1;200,00;Venda Pai Nao Existe no Banco
3140;2074;1534;1;150,00;Venda Pai Nao Existe no Banco
3141;2074;7497;1;200,00;Venda Pai Nao Existe no Banco
3142;2075;4514;1;260,00;Venda Pai Nao Existe no Banco
3143;2075;7318;1;280,00;Venda Pai Nao Existe no Banco
3144;2076;1542;1;240,00;Venda Pai Nao Existe no Banco
3145;2076;7505;1;200,00;Venda Pai Nao Existe no Banco
3146;2077;1542;0,5;80,00;Venda Pai Nao Existe no Banco
3147;2079;1533;1;90,00;Venda Pai Nao Existe no Banco
3148;2080;1542;1;250,00;Venda Pai Nao Existe no Banco
3149;2080;7614;1;190,00;Venda Pai Nao Existe no Banco
3150;2080;1542;1;250,00;Venda Pai Nao Existe no Banco
3151;2080;7621;1;190,00;Venda Pai Nao Existe no Banco
3152;2081;1554;1;180,00;Venda Pai Nao Existe no Banco
3153;2081;5861;1;100,00;Venda Pai Nao Existe no Banco
3154;2083;3583;1;630,00;Venda Pai Nao Existe no Banco
3155;2083;7525;1;100,00;Venda Pai Nao Existe no Banco
3156;2084;1721;1;475,00;Venda Pai Nao Existe no Banco
3157;2084;2086;1;100,00;Venda Pai Nao Existe no Banco
3158;2085;1534;1;160,00;Venda Pai Nao Existe no Banco
3159;2085;7534;1;100,00;Venda Pai Nao Existe no Banco
3160;2086;1542;1;260,00;Venda Pai Nao Existe no Banco
3161;2086;7525;1;100,00;Venda Pai Nao Existe no Banco
3162;2087;7013;1;1.100,00;Venda Pai Nao Existe no Banco
3163;2089;7114;1;100,00;Venda Pai Nao Existe no Banco
3164;2090;1534;1;160,00;Venda Pai Nao Existe no Banco
3165;2090;7542;1;100,00;Venda Pai Nao Existe no Banco
3166;2091;5939;1;320,00;Venda Pai Nao Existe no Banco
3167;2091;5982;1;320,00;Venda Pai Nao Existe no Banco
3168;2092;5180;1;280,00;Venda Pai Nao Existe no Banco
3169;2092;5167;1;460,00;Venda Pai Nao Existe no Banco
3170;2093;7462;1;425,00;Venda Pai Nao Existe no Banco
3171;2094;5940;1;375,00;Venda Pai Nao Existe no Banco
3172;2095;1554;1;150,00;Venda Pai Nao Existe no Banco
3174;2096;1533;1;50,00;Venda Pai Nao Existe no Banco
3175;2097;1534;1;160,00;Venda Pai Nao Existe no Banco
3176;2097;6885;1;120,00;Venda Pai Nao Existe no Banco
3177;2098;1542;1;260,00;Venda Pai Nao Existe no Banco
3178;2099;5977;1;340,00;Venda Pai Nao Existe no Banco
3179;2100;1534;1;160,00;Venda Pai Nao Existe no Banco
3180;2101;1542;0,5;130,00;Venda Pai Nao Existe no Banco
3181;2103;5939;1;340,00;Venda Pai Nao Existe no Banco
3182;2104;1533;1;90,00;Venda Pai Nao Existe no Banco
3183;2104;1534;1;160,00;Venda Pai Nao Existe no Banco
3185;2105;7576;1;1.800,00;Venda Pai Nao Existe no Banco
3186;2105;1370;1;550,00;Venda Pai Nao Existe no Banco
3187;2106;1542;2;490,00;Venda Pai Nao Existe no Banco
3188;2106;7526;1;100,00;Venda Pai Nao Existe no Banco
3189;2107;1534;1;160,00;Venda Pai Nao Existe no Banco
3190;2107;2626;1;100,00;Venda Pai Nao Existe no Banco
3191;2108;7114;1;100,00;Venda Pai Nao Existe no Banco
3192;2108;1534;1;160,00;Venda Pai Nao Existe no Banco
3193;2109;1534;1;160,00;Venda Pai Nao Existe no Banco
3194;2109;3978;1;100,00;Venda Pai Nao Existe no Banco
3195;2110;4448;1;200,00;Venda Pai Nao Existe no Banco
3196;2111;1542;1;220,00;Venda Pai Nao Existe no Banco
3197;2114;1533;1;90,00;Venda Pai Nao Existe no Banco
3198;2114;2287;1;100,00;Venda Pai Nao Existe no Banco
3199;2115;1534;1;140,00;Venda Pai Nao Existe no Banco
3200;2115;4701;1;100,00;Venda Pai Nao Existe no Banco
3201;2116;4203;1;190,00;Venda Pai Nao Existe no Banco
3202;2117;3583;1;510,00;Venda Pai Nao Existe no Banco
3203;2117;7251;1;340,00;Venda Pai Nao Existe no Banco
3205;2118;6665;1;315,00;Venda Pai Nao Existe no Banco
3206;2118;7579;1;785,00;Venda Pai Nao Existe no Banco
3207;2119;1542;1;235,00;Venda Pai Nao Existe no Banco
3208;2119;5716;1;190,00;Venda Pai Nao Existe no Banco
3209;2120;1552;0,5;90,00;Venda Pai Nao Existe no Banco
3210;2121;1721;1;520,00;Venda Pai Nao Existe no Banco
3211;2121;7270;1;260,00;Venda Pai Nao Existe no Banco
3212;2123;1542;1;260,00;Venda Pai Nao Existe no Banco
3213;2123;6638;1;190,00;Venda Pai Nao Existe no Banco
3214;2124;6688;1;690,00;Venda Pai Nao Existe no Banco
3215;2125;7578;1;270,00;Venda Pai Nao Existe no Banco
3216;2125;7529;1;100,00;Venda Pai Nao Existe no Banco
3217;2126;7427;1;420,00;Venda Pai Nao Existe no Banco
3219;2126;5627;1;700,00;Venda Pai Nao Existe no Banco
3220;2127;1534;1;140,00;Venda Pai Nao Existe no Banco
3221;2127;7525;1;100,00;Venda Pai Nao Existe no Banco
3222;2127;2287;1;5,00;Venda Pai Nao Existe no Banco
3223;2128;1534;0,5;80,00;Venda Pai Nao Existe no Banco
3224;2130;1760;1;490,00;Venda Pai Nao Existe no Banco
3225;2130;7538;1;100,00;Venda Pai Nao Existe no Banco
3226;2131;7533;1;100,00;Venda Pai Nao Existe no Banco
3229;2134;4798;1;100,00;Venda Pai Nao Existe no Banco
3230;2120;2287;1;20,00;Venda Pai Nao Existe no Banco
3231;2135;1534;1;160,00;Venda Pai Nao Existe no Banco
3232;2135;7490;1;190,00;Venda Pai Nao Existe no Banco
3233;2136;6160;1;680,00;Venda Pai Nao Existe no Banco
3234;2137;7389;1;936,00;Venda Pai Nao Existe no Banco
3235;2137;7480;1;198,00;Venda Pai Nao Existe no Banco
3236;2138;6230;1;100,00;Venda Pai Nao Existe no Banco
3237;2139;1552;1;190,00;Venda Pai Nao Existe no Banco
3238;2139;6190;1;100,00;Venda Pai Nao Existe no Banco
3239;2140;1534;1;160,00;Venda Pai Nao Existe no Banco
3240;2140;1534;1;250,00;Venda Pai Nao Existe no Banco
3241;2142;1721;1;480,00;Venda Pai Nao Existe no Banco
3242;2142;7528;1;100,00;Venda Pai Nao Existe no Banco
3243;2143;4706;1;100,00;Venda Pai Nao Existe no Banco
3245;2144;7369;1;500,00;Venda Pai Nao Existe no Banco
3246;2145;1534;1;140,00;Venda Pai Nao Existe no Banco
3247;2126;4680;1;160,00;Venda Pai Nao Existe no Banco
3248;2146;1554;1;190,00;Venda Pai Nao Existe no Banco
3249;2146;7531;1;100,00;Venda Pai Nao Existe no Banco
3250;2147;1542;1;260,00;Venda Pai Nao Existe no Banco
3251;2147;7647;1;230,00;Venda Pai Nao Existe no Banco
3253;2148;2403;2;780,00;Venda Pai Nao Existe no Banco
3254;2149;4514;1;280,00;Venda Pai Nao Existe no Banco
3255;2149;7437;1;380,00;Venda Pai Nao Existe no Banco
3256;2150;7562;1;480,00;Venda Pai Nao Existe no Banco
3257;2151;4514;1;280,00;Venda Pai Nao Existe no Banco
3258;2151;7290;1;260,00;Venda Pai Nao Existe no Banco
3261;2155;1542;1;260,00;Venda Pai Nao Existe no Banco
3262;2155;7512;1;180,00;Venda Pai Nao Existe no Banco
3263;2156;1542;1;260,00;Venda Pai Nao Existe no Banco
3264;2156;7618;1;160,00;Venda Pai Nao Existe no Banco
3265;2157;816;1;245,00;Venda Pai Nao Existe no Banco
3266;2158;1534;1;130,00;Venda Pai Nao Existe no Banco
3267;2158;5754;1;100,00;Venda Pai Nao Existe no Banco
3268;2159;1533;1;90,00;Venda Pai Nao Existe no Banco
3269;2159;7548;1;100,00;Venda Pai Nao Existe no Banco
3270;2160;1560;1;300,00;Venda Pai Nao Existe no Banco
3271;2160;7720;1;240,00;Venda Pai Nao Existe no Banco
3272;2161;7729;1;210,00;Venda Pai Nao Existe no Banco
3273;2162;1533;1;90,00;Venda Pai Nao Existe no Banco
3274;2162;1534;1;160,00;Venda Pai Nao Existe no Banco
3275;2164;7693;1;250,00;Venda Pai Nao Existe no Banco
3276;2165;1533;1;80,00;Venda Pai Nao Existe no Banco
3277;2166;4514;1;260,00;Venda Pai Nao Existe no Banco
3278;2166;5877;1;100,00;Venda Pai Nao Existe no Banco
3281;2169;1534;1;145,00;Venda Pai Nao Existe no Banco
3282;2170;2411;1;369,00;Venda Pai Nao Existe no Banco
3283;2170;7740;1;216,00;Venda Pai Nao Existe no Banco
3284;2171;5133;1;110,00;Venda Pai Nao Existe no Banco
3285;2126;6462;1;300,00;Venda Pai Nao Existe no Banco
3286;2174;1542;1;260,00;Venda Pai Nao Existe no Banco
3287;2174;7699;1;230,00;Venda Pai Nao Existe no Banco
3288;2175;1533;1;95,00;Venda Pai Nao Existe no Banco
3289;2176;1405;1;80,00;Venda Pai Nao Existe no Banco
3290;2177;5627;1;670,00;Venda Pai Nao Existe no Banco
3291;2179;1534;1;160,00;Venda Pai Nao Existe no Banco
3292;2179;7612;1;210,00;Venda Pai Nao Existe no Banco
3293;2180;1534;1;160,00;Venda Pai Nao Existe no Banco
3294;2181;4680;1;170,00;Venda Pai Nao Existe no Banco
3295;2181;7329;1;180,00;Venda Pai Nao Existe no Banco
3296;2182;7747;1;290,00;Venda Pai Nao Existe no Banco
3297;2183;2122;1;580,00;Venda Pai Nao Existe no Banco
3298;2184;1540;1;60,00;Venda Pai Nao Existe no Banco
3299;2185;2398;1;500,00;Venda Pai Nao Existe no Banco
3300;2186;1534;0,5;80,00;Venda Pai Nao Existe no Banco
3301;2187;2403;1;110,00;Venda Pai Nao Existe no Banco
3302;2188;7662;1;290,00;Venda Pai Nao Existe no Banco
3303;2189;4514;1;230,00;Venda Pai Nao Existe no Banco
3304;2189;3660;1;170,00;Venda Pai Nao Existe no Banco
3305;2190;1552;1;190,00;Venda Pai Nao Existe no Banco
3306;2190;7540;1;100,00;Venda Pai Nao Existe no Banco
3307;2191;1534;1;145,00;Venda Pai Nao Existe no Banco
3308;2191;6305;1;100,00;Venda Pai Nao Existe no Banco
3309;2192;6678;1;600,00;Venda Pai Nao Existe no Banco
3310;2193;7748;1;270,00;Venda Pai Nao Existe no Banco
3311;2194;418;1;120,00;Venda Pai Nao Existe no Banco
3312;2195;1542;1;260,00;Venda Pai Nao Existe no Banco
3313;2196;1542;1;260,00;Venda Pai Nao Existe no Banco
3314;2197;1370;1;80,00;Venda Pai Nao Existe no Banco
3315;2198;5479;1;680,00;Venda Pai Nao Existe no Banco
3316;2201;1531;1;110,00;Venda Pai Nao Existe no Banco
3317;2202;7712;1;100,00;Venda Pai Nao Existe no Banco
3318;2195;7263;1;150,00;Venda Pai Nao Existe no Banco
3319;2195;1542;1;260,00;Venda Pai Nao Existe no Banco
3320;2203;1552;1;190,00;Venda Pai Nao Existe no Banco
3321;2205;7604;1;250,00;Venda Pai Nao Existe no Banco
3322;2206;7469;1;470,00;Venda Pai Nao Existe no Banco
3323;2206;4680;1;220,00;Venda Pai Nao Existe no Banco
3325;2208;1534;1,5;240,00;Venda Pai Nao Existe no Banco
3326;2208;7616;1;100,00;Venda Pai Nao Existe no Banco
3327;2209;1911;2;680,00;Venda Pai Nao Existe no Banco
3328;2210;1760;1;420,00;Venda Pai Nao Existe no Banco
3329;2210;7740;1;220,00;Venda Pai Nao Existe no Banco
3330;2211;7710;1;220,00;Venda Pai Nao Existe no Banco
3331;2212;1534;1;140,00;Venda Pai Nao Existe no Banco
3332;2212;6988;1;360,00;Venda Pai Nao Existe no Banco
3334;2213;1760;0,5;170,00;Venda Pai Nao Existe no Banco
3335;2215;7741;1;170,00;Venda Pai Nao Existe no Banco
3336;2218;1370;1;80,00;Venda Pai Nao Existe no Banco
3337;2219;7389;1;490,00;Venda Pai Nao Existe no Banco
3338;2219;6607;1;380,00;Venda Pai Nao Existe no Banco
3339;2220;4514;1;260,00;Venda Pai Nao Existe no Banco
3340;2220;7025;1;290,00;Venda Pai Nao Existe no Banco
3342;2221;1554;1;170,00;Venda Pai Nao Existe no Banco
3343;2222;1534;1;110,00;Venda Pai Nao Existe no Banco
3344;2222;4529;1;190,00;Venda Pai Nao Existe no Banco
3345;2223;1542;1;260,00;Venda Pai Nao Existe no Banco
3346;2223;7642;1;190,00;Venda Pai Nao Existe no Banco
3347;2224;5734;1;420,00;Venda Pai Nao Existe no Banco
3348;2225;1534;1;150,00;Venda Pai Nao Existe no Banco
3349;2225;7723;1;190,00;Venda Pai Nao Existe no Banco
3350;2226;7561;1;470,00;Venda Pai Nao Existe no Banco
3351;2228;1534;1;130,00;Venda Pai Nao Existe no Banco
3352;2228;1370;1;100,00;Venda Pai Nao Existe no Banco
3353;2229;7710;1;199,00;Venda Pai Nao Existe no Banco
3354;2230;1534;1;130,00;Venda Pai Nao Existe no Banco
3356;2231;1534;1;144,00;Venda Pai Nao Existe no Banco
3357;2231;7546;1;100,00;Venda Pai Nao Existe no Banco
3358;2232;7758;1;199,00;Venda Pai Nao Existe no Banco
3359;2233;5079;1;450,00;Venda Pai Nao Existe no Banco
3360;2233;1533;1;180,00;Venda Pai Nao Existe no Banco
3361;2234;7687;1;230,00;Venda Pai Nao Existe no Banco
3362;2235;1554;1;170,00;Venda Pai Nao Existe no Banco
3363;2237;4148;1;79,00;Venda Pai Nao Existe no Banco
3364;2168;1542;1;240,00;Venda Pai Nao Existe no Banco
3365;2238;7759;1;220,00;Venda Pai Nao Existe no Banco
3366;2239;1534;1;160,00;Venda Pai Nao Existe no Banco
3367;2240;2287;1;60,00;Venda Pai Nao Existe no Banco
3368;2241;2403;1;220,00;Venda Pai Nao Existe no Banco
3369;2242;7697;1;200,00;Venda Pai Nao Existe no Banco
3370;2242;7664;1;200,00;Venda Pai Nao Existe no Banco
3371;2244;4581;1;240,00;Venda Pai Nao Existe no Banco
3372;2245;1534;2;290,00;Venda Pai Nao Existe no Banco
3373;2246;1542;1;260,00;Venda Pai Nao Existe no Banco
3374;2246;7103;1;100,00;Venda Pai Nao Existe no Banco
3375;2248;1370;1;125,00;Venda Pai Nao Existe no Banco
3376;2249;1533;1;90,00;Venda Pai Nao Existe no Banco
3377;2250;6202;1;79,00;Venda Pai Nao Existe no Banco
3378;2250;6759;1;79,00;Venda Pai Nao Existe no Banco
3379;2251;1542;1;260,00;Venda Pai Nao Existe no Banco
3380;2251;7548;1;100,00;Venda Pai Nao Existe no Banco
3381;2251;7683;1;190,00;Venda Pai Nao Existe no Banco
3382;2252;7564;1;580,00;Venda Pai Nao Existe no Banco
3383;2253;1542;1;260,00;Venda Pai Nao Existe no Banco
3385;2254;7738;1;240,00;Venda Pai Nao Existe no Banco
3386;2256;6397;1;220,00;Venda Pai Nao Existe no Banco
3387;2258;5579;1;480,00;Venda Pai Nao Existe no Banco
3388;2258;7680;1180;180,00;Venda Pai Nao Existe no Banco
3389;2259;1534;1;160,00;Venda Pai Nao Existe no Banco
3390;2259;7643;1;220,00;Venda Pai Nao Existe no Banco
3391;2254;3802;1;375,00;Venda Pai Nao Existe no Banco
3392;2249;7542;1;100,00;Venda Pai Nao Existe no Banco
3393;2260;7573;1;720,00;Venda Pai Nao Existe no Banco
3394;2261;5759;1;79,00;Venda Pai Nao Existe no Banco
3395;2262;7715;1;240,00;Venda Pai Nao Existe no Banco
3396;2263;1534;1;145,00;Venda Pai Nao Existe no Banco
3397;2264;1534;0,5;72,00;Venda Pai Nao Existe no Banco
3398;2265;7696;1;190,00;Venda Pai Nao Existe no Banco
3399;2266;1542;1;240,00;Venda Pai Nao Existe no Banco
3400;2266;7669;1;190,00;Venda Pai Nao Existe no Banco
3402;2267;7763;1;670,00;Venda Pai Nao Existe no Banco
3403;2268;1533;1;90,00;Venda Pai Nao Existe no Banco
3404;2268;1370;1;100,00;Venda Pai Nao Existe no Banco
3405;2269;1721;1;550,00;Venda Pai Nao Existe no Banco
3406;2270;4796;1;79,00;Venda Pai Nao Existe no Banco
3408;2271;7673;1;240,00;Venda Pai Nao Existe no Banco
3409;2272;7385;2;20,00;Venda Pai Nao Existe no Banco
3410;2273;1542;1;235,00;Venda Pai Nao Existe no Banco
3411;2253;6412;1;430,00;Venda Pai Nao Existe no Banco
3412;2276;1552;0,5;70,00;Venda Pai Nao Existe no Banco
3413;2277;1533;1;90,00;Venda Pai Nao Existe no Banco
3414;2278;1534;1;90,00;Venda Pai Nao Existe no Banco
3415;2278;7663;1;200,00;Venda Pai Nao Existe no Banco
3416;2279;7581;1;450,00;Venda Pai Nao Existe no Banco
3417;2281;1534;1;160,00;Venda Pai Nao Existe no Banco
3418;2281;5916;1;100,00;Venda Pai Nao Existe no Banco
3419;2282;4163;1;79,00;Venda Pai Nao Existe no Banco
3420;2282;1335;1;79,00;Venda Pai Nao Existe no Banco
3421;2283;4149;1;79,00;Venda Pai Nao Existe no Banco
3422;2284;1554;1;170,00;Venda Pai Nao Existe no Banco
3423;2284;7241;1;230,00;Venda Pai Nao Existe no Banco
3424;2285;1534;1;180,00;Venda Pai Nao Existe no Banco
3425;2286;4514;1;280,00;Venda Pai Nao Existe no Banco
3426;2286;7506;1;220,00;Venda Pai Nao Existe no Banco
3427;2287;4587;1;510,00;Venda Pai Nao Existe no Banco
3428;2287;5934;1;270,00;Venda Pai Nao Existe no Banco
3429;2288;1533;2;0,00;Venda Pai Nao Existe no Banco
3430;2288;3328;1;190,00;Venda Pai Nao Existe no Banco
3431;2288;6001;1;0,00;Venda Pai Nao Existe no Banco
3432;2288;4278;1;79,00;Venda Pai Nao Existe no Banco
3433;2290;7724;1;170,00;Venda Pai Nao Existe no Banco
3434;2291;1760;1;460,00;Venda Pai Nao Existe no Banco
3435;2291;7508;1;230,00;Venda Pai Nao Existe no Banco
3436;2292;7730;1;220,00;Venda Pai Nao Existe no Banco
3437;2293;7746;1;200,00;Venda Pai Nao Existe no Banco
3439;2033;6879;1;270,00;Venda Pai Nao Existe no Banco
3440;2294;1760;1;470,00;Venda Pai Nao Existe no Banco
3441;2294;7679;1;230,00;Venda Pai Nao Existe no Banco
3442;2295;3514;1;79,00;Venda Pai Nao Existe no Banco
3443;2295;6247;1;79,00;Venda Pai Nao Existe no Banco
3444;2297;5973;1;650,00;Venda Pai Nao Existe no Banco
3445;2298;1542;1;260,00;Venda Pai Nao Existe no Banco
3446;2298;7534;1;100,00;Venda Pai Nao Existe no Banco
3447;2299;1542;1;230,00;Venda Pai Nao Existe no Banco
3448;2299;7519;1;170,00;Venda Pai Nao Existe no Banco
3449;2300;7389;1;525,00;Venda Pai Nao Existe no Banco
3450;2300;5530;1;335,00;Venda Pai Nao Existe no Banco
3451;2301;7762;1;520,00;Venda Pai Nao Existe no Banco
3454;2301;7746;-1;-200,00;Venda Pai Nao Existe no Banco
3455;2302;7638;1;570,00;Venda Pai Nao Existe no Banco
3456;2302;1668;1;180,00;Venda Pai Nao Existe no Banco
3457;2303;1534;1;160,00;Venda Pai Nao Existe no Banco
3458;2303;7497;1;160,00;Venda Pai Nao Existe no Banco
3460;2304;4514;1;250,00;Venda Pai Nao Existe no Banco
3461;2306;4107;1;79,00;Venda Pai Nao Existe no Banco
3462;2307;1534;1;160,00;Venda Pai Nao Existe no Banco
3463;2307;7725;1;160,00;Venda Pai Nao Existe no Banco
3464;2308;1542;1;260,00;Venda Pai Nao Existe no Banco
3465;2309;1534;1;140,00;Venda Pai Nao Existe no Banco
3466;2309;7244;1;360,00;Venda Pai Nao Existe no Banco
3467;2310;1533;1;100,00;Venda Pai Nao Existe no Banco
3468;2310;7389;1;530,00;Venda Pai Nao Existe no Banco
3470;2310;7645;1;170,00;Venda Pai Nao Existe no Banco
3471;2311;1672;1;180,00;Venda Pai Nao Existe no Banco
3472;2311;7736;1;200,00;Venda Pai Nao Existe no Banco
3473;2312;5627;1;500,00;Venda Pai Nao Existe no Banco
3474;2313;4680;0,5;110,00;Venda Pai Nao Existe no Banco
3475;2314;1533;1;90,00;Venda Pai Nao Existe no Banco
3478;2316;1542;1;260,00;Venda Pai Nao Existe no Banco
3479;2316;7712;1;220,00;Venda Pai Nao Existe no Banco
3480;2318;1542;1;260,00;Venda Pai Nao Existe no Banco
3481;2319;1533;1;100,00;Venda Pai Nao Existe no Banco
3482;2320;7479;1;220,00;Venda Pai Nao Existe no Banco
3483;2320;1534;1;160,00;Venda Pai Nao Existe no Banco
3484;2321;1534;1;160,00;Venda Pai Nao Existe no Banco
3485;2322;1534;1;160,00;Venda Pai Nao Existe no Banco
3486;2323;1533;1;90,00;Venda Pai Nao Existe no Banco
3489;2324;1769;1;720,00;Venda Pai Nao Existe no Banco
3490;2324;7638;1;570,00;Venda Pai Nao Existe no Banco
3491;2325;1533;1;90,00;Venda Pai Nao Existe no Banco
3492;2325;7730;1;200,00;Venda Pai Nao Existe no Banco
3493;2327;1370;1;100,00;Venda Pai Nao Existe no Banco
3494;2328;1994;1;900,00;Venda Pai Nao Existe no Banco
3496;2329;7586;1;260,00;Venda Pai Nao Existe no Banco
3499;2329;7737;1;120,00;Venda Pai Nao Existe no Banco
3500;2332;7678;1;200,00;Venda Pai Nao Existe no Banco
3501;2333;1534;1;130,00;Venda Pai Nao Existe no Banco
3502;2333;7103;1;90,00;Venda Pai Nao Existe no Banco
3503;2335;1542;1;230,00;Venda Pai Nao Existe no Banco
3504;2335;7646;1;170,00;Venda Pai Nao Existe no Banco
3505;2336;7586;1;410,00;Venda Pai Nao Existe no Banco
3506;2337;5018;1;60,00;Venda Pai Nao Existe no Banco
3507;2338;1542;1;230,00;Venda Pai Nao Existe no Banco
3508;2339;1542;1;260,00;Venda Pai Nao Existe no Banco
3509;2339;2287;1;100,00;Venda Pai Nao Existe no Banco
3510;2339;7760;1;190,00;Venda Pai Nao Existe no Banco
3512;2341;1752;1;230,00;Venda Pai Nao Existe no Banco
3513;2340;7389;0,5;220,00;Venda Pai Nao Existe no Banco
3514;2341;2705;1;100,00;Venda Pai Nao Existe no Banco
3515;2342;5578;1;480,00;Venda Pai Nao Existe no Banco
3516;2342;7276;1;350,00;Venda Pai Nao Existe no Banco
3517;2343;1542;1;260,00;Venda Pai Nao Existe no Banco
3518;2343;7736;1;220,00;Venda Pai Nao Existe no Banco
3519;2344;4680;1;230,00;Venda Pai Nao Existe no Banco
3521;2345;7767;1;1.200,00;Venda Pai Nao Existe no Banco
3522;2346;7751;1;200,00;Venda Pai Nao Existe no Banco
3523;2346;1891;-1;-100,00;Venda Pai Nao Existe no Banco
3524;2347;7667;1;200,00;Venda Pai Nao Existe no Banco
3525;2348;5913;1;130,00;Venda Pai Nao Existe no Banco
3526;2349;6796;1;530,00;Venda Pai Nao Existe no Banco
3527;2351;1533;1;80,00;Venda Pai Nao Existe no Banco
3528;2351;1370;1;100,00;Venda Pai Nao Existe no Banco
3529;2352;6736;1;550,00;Venda Pai Nao Existe no Banco
3532;2354;4205;1;200,00;Venda Pai Nao Existe no Banco
3533;2338;7713;1;190,00;Venda Pai Nao Existe no Banco
3534;2355;1526;1;120,00;Venda Pai Nao Existe no Banco
3535;2356;7114;1;100,00;Venda Pai Nao Existe no Banco
3536;2357;7728;1;100,00;Venda Pai Nao Existe no Banco
3537;2359;1542;1;260,00;Venda Pai Nao Existe no Banco
3538;2360;7687;1;220,00;Venda Pai Nao Existe no Banco
3539;2361;6215;1;79,00;Venda Pai Nao Existe no Banco
3540;2361;1335;1;79,00;Venda Pai Nao Existe no Banco
3541;2362;1760;1;480,00;Venda Pai Nao Existe no Banco
3542;2362;1542;1;-280,00;Venda Pai Nao Existe no Banco
3543;2363;5908;1;100,00;Venda Pai Nao Existe no Banco
3545;2366;1534;1;140,00;Venda Pai Nao Existe no Banco
3546;2367;4587;1;310,00;Venda Pai Nao Existe no Banco
3547;2367;6605;1;340,00;Venda Pai Nao Existe no Banco
3548;2368;4983;1;90,00;Venda Pai Nao Existe no Banco
3549;2370;1534;1;180,00;Venda Pai Nao Existe no Banco
3550;2369;7323;1;100,00;Venda Pai Nao Existe no Banco
3551;2371;2519;1;230,00;Venda Pai Nao Existe no Banco
3552;2371;1533;1;90,00;Venda Pai Nao Existe no Banco
3553;2372;1533;1;110,00;Venda Pai Nao Existe no Banco
3554;2373;7684;1;200,00;Venda Pai Nao Existe no Banco
3555;2374;1370;1;100,00;Venda Pai Nao Existe no Banco
3556;2374;1321;1;79,90;Venda Pai Nao Existe no Banco
3557;2375;1533;1;90,00;Venda Pai Nao Existe no Banco
3559;2375;7494;1;160,00;Venda Pai Nao Existe no Banco
3560;2376;1552;1;190,00;Venda Pai Nao Existe no Banco
3561;2376;7232;1;320,00;Venda Pai Nao Existe no Banco
3562;2344;7499;1;220,00;Venda Pai Nao Existe no Banco
3563;2378;1533;1;80,00;Venda Pai Nao Existe no Banco
3564;2378;1370;1;125,00;Venda Pai Nao Existe no Banco
3565;2379;6457;1;410,00;Venda Pai Nao Existe no Banco
3566;2380;1542;1;260,00;Venda Pai Nao Existe no Banco
3567;2380;7665;1;230,00;Venda Pai Nao Existe no Banco
3568;2381;1554;0,5;95,00;Venda Pai Nao Existe no Banco
3569;2382;1534;1;180,00;Venda Pai Nao Existe no Banco
3571;2384;7501;1;200,00;Venda Pai Nao Existe no Banco
3572;2385;1809;1;79,00;Venda Pai Nao Existe no Banco
3574;2386;4206;1;100,00;Venda Pai Nao Existe no Banco
3575;2387;5467;1;100,00;Venda Pai Nao Existe no Banco
3576;2388;1721;1;590,00;Venda Pai Nao Existe no Banco
3577;2388;7506;1;230,00;Venda Pai Nao Existe no Banco
3578;2388;1721;1;650,00;Venda Pai Nao Existe no Banco
3579;2388;7727;1;250,00;Venda Pai Nao Existe no Banco
3580;2389;1533;1;90,00;Venda Pai Nao Existe no Banco
3581;2390;5060;1;150,00;Venda Pai Nao Existe no Banco
3582;2390;3902;1;100,00;Venda Pai Nao Existe no Banco
3583;2391;1534;1;160,00;Venda Pai Nao Existe no Banco
3584;2391;7116;1;120,00;Venda Pai Nao Existe no Banco
3585;2392;1534;1;160,00;Venda Pai Nao Existe no Banco
3586;2392;6419;1;290,00;Venda Pai Nao Existe no Banco
3587;2393;5627;1;580,00;Venda Pai Nao Existe no Banco
3588;2394;7714;1;190,00;Venda Pai Nao Existe no Banco
3589;2394;1721;1;540,00;Venda Pai Nao Existe no Banco
3590;2395;1534;1;130,00;Venda Pai Nao Existe no Banco
3591;2395;7694;1;180,00;Venda Pai Nao Existe no Banco
3592;2395;7391;1;190,00;Venda Pai Nao Existe no Banco
3593;2396;7389;1;490,00;Venda Pai Nao Existe no Banco
3594;2396;7699;1;220,00;Venda Pai Nao Existe no Banco
3595;2397;6505;1;120,00;Venda Pai Nao Existe no Banco
3596;2364;1542;1;270,00;Venda Pai Nao Existe no Banco
3599;2398;7769;1;440,00;Venda Pai Nao Existe no Banco
3600;2399;1533;1;90,00;Venda Pai Nao Existe no Banco
3601;2399;3387;1;100,00;Venda Pai Nao Existe no Banco
3602;2400;5916;1;120,00;Venda Pai Nao Existe no Banco
3603;2402;1804;1;750,00;Venda Pai Nao Existe no Banco
3604;2402;7737;1;200,00;Venda Pai Nao Existe no Banco
3605;2403;3318;1;79,00;Venda Pai Nao Existe no Banco
3606;2404;1752;1;230,00;Venda Pai Nao Existe no Banco
3607;2404;1370;1;100,00;Venda Pai Nao Existe no Banco
3608;2405;1540;1;60,00;Venda Pai Nao Existe no Banco
3609;2408;7586;1;450,00;Venda Pai Nao Existe no Banco
3610;2408;7438;1;340,00;Venda Pai Nao Existe no Banco
3611;2410;1534;1;160,00;Venda Pai Nao Existe no Banco
3613;2411;6792;1;220,00;Venda Pai Nao Existe no Banco
3614;2412;1534;1;160,00;Venda Pai Nao Existe no Banco
3615;2412;1370;1;100,00;Venda Pai Nao Existe no Banco
3617;2413;5734;1;360,00;Venda Pai Nao Existe no Banco
3618;2413;6717;1;527,00;Venda Pai Nao Existe no Banco
3619;2414;1370;1;100,00;Venda Pai Nao Existe no Banco
3620;2415;1527;1;120,00;Venda Pai Nao Existe no Banco
3621;2416;2403;2;640,00;Venda Pai Nao Existe no Banco
3622;2417;1542;1;130,00;Venda Pai Nao Existe no Banco
3623;2418;7188;1;480,00;Venda Pai Nao Existe no Banco
3624;2419;1534;1;160,00;Venda Pai Nao Existe no Banco
3625;2419;5908;1;100,00;Venda Pai Nao Existe no Banco
3626;2420;1534;1;140,00;Venda Pai Nao Existe no Banco
3627;2420;2588;1;280,00;Venda Pai Nao Existe no Banco
3628;2421;1534;1;160,00;Venda Pai Nao Existe no Banco
3629;2421;7497;1;190,00;Venda Pai Nao Existe no Banco
3630;2422;1542;1;260,00;Venda Pai Nao Existe no Banco
3631;2423;5515;1;440,00;Venda Pai Nao Existe no Banco
3632;2424;7745;1;190,00;Venda Pai Nao Existe no Banco
3634;2425;7761;1;250,00;Venda Pai Nao Existe no Banco
3635;2426;6605;1;340,00;Venda Pai Nao Existe no Banco
3637;2426;1752;0,5;130,00;Venda Pai Nao Existe no Banco
3638;2425;4497;1;480,00;Venda Pai Nao Existe no Banco
3639;2423;5078;1;630,00;Venda Pai Nao Existe no Banco
3640;2427;1752;1;260,00;Venda Pai Nao Existe no Banco
3641;2427;6562;1;480,00;Venda Pai Nao Existe no Banco
3642;2428;7608;1;190,00;Venda Pai Nao Existe no Banco
3643;2429;1533;1;85,00;Venda Pai Nao Existe no Banco
3644;2429;7103;1;100,00;Venda Pai Nao Existe no Banco
3645;2430;1542;1;260,00;Venda Pai Nao Existe no Banco
3646;2430;5118;1;200,00;Venda Pai Nao Existe no Banco
3647;2431;7450;1;390,00;Venda Pai Nao Existe no Banco
3648;2431;1562;1;550,00;Venda Pai Nao Existe no Banco
3649;2432;3180;1;480,00;Venda Pai Nao Existe no Banco
3650;2433;1533;1;100,00;Venda Pai Nao Existe no Banco
3651;2433;1533;1;100,00;Venda Pai Nao Existe no Banco
3652;2434;1542;1;250,00;Venda Pai Nao Existe no Banco
3653;2435;1534;1;160,00;Venda Pai Nao Existe no Banco
3654;2436;1540;1;80,00;Venda Pai Nao Existe no Banco
3655;2437;7653;1;220,00;Venda Pai Nao Existe no Banco
3656;2437;7626;1;220,00;Venda Pai Nao Existe no Banco
3657;2438;1533;1;90,00;Venda Pai Nao Existe no Banco
3658;2438;1534;1;160,00;Venda Pai Nao Existe no Banco
3659;2438;6827;1;120,00;Venda Pai Nao Existe no Banco
3660;2439;1534;1;120,00;Venda Pai Nao Existe no Banco
3661;2440;1554;1;190,00;Venda Pai Nao Existe no Banco
3662;2440;7776;1;140,00;Venda Pai Nao Existe no Banco
3663;2442;1534;1;160,00;Venda Pai Nao Existe no Banco
3664;2442;7641;1;220,00;Venda Pai Nao Existe no Banco
3665;2384;7769;1;400,00;Venda Pai Nao Existe no Banco
3666;2443;7323;1;290,00;Venda Pai Nao Existe no Banco
3667;2444;1721;1;650,00;Venda Pai Nao Existe no Banco
3668;2446;7750;1;200,00;Venda Pai Nao Existe no Banco
3669;2447;1533;1;90,00;Venda Pai Nao Existe no Banco
3670;2447;6948;1;100,00;Venda Pai Nao Existe no Banco
3672;2448;1370;1;100,00;Venda Pai Nao Existe no Banco
3673;2449;1534;1;150,00;Venda Pai Nao Existe no Banco
3674;2449;1534;1;150,00;Venda Pai Nao Existe no Banco
3675;2449;7741;1;190,00;Venda Pai Nao Existe no Banco
3676;2449;7669;1;190,00;Venda Pai Nao Existe no Banco
3677;2449;7733;1;190,00;Venda Pai Nao Existe no Banco
3678;2450;1542;1;260,00;Venda Pai Nao Existe no Banco
3680;2452;1554;1;190,00;Venda Pai Nao Existe no Banco
3682;2455;1534;1;120,00;Venda Pai Nao Existe no Banco
3683;2455;7683;1;250,00;Venda Pai Nao Existe no Banco
3684;2456;1534;1;160,00;Venda Pai Nao Existe no Banco
3685;2456;7532;1;110,00;Venda Pai Nao Existe no Banco
3686;2457;1534;1;160,00;Venda Pai Nao Existe no Banco
3687;2458;1534;1;130,00;Venda Pai Nao Existe no Banco
3688;2459;4514;1;280,00;Venda Pai Nao Existe no Banco
3692;2462;1542;1;260,00;Venda Pai Nao Existe no Banco
3693;2462;6534;1;100,00;Venda Pai Nao Existe no Banco
3694;2464;1534;1;145,00;Venda Pai Nao Existe no Banco
3695;2465;1534;1;160,00;Venda Pai Nao Existe no Banco
3696;2465;6608;1;430,00;Venda Pai Nao Existe no Banco
3698;2466;6178;1;520,00;Venda Pai Nao Existe no Banco
3699;2467;1534;1;160,00;Venda Pai Nao Existe no Banco
3700;2468;5734;1;430,00;Venda Pai Nao Existe no Banco
3701;2468;3075;1;100,00;Venda Pai Nao Existe no Banco
3702;2469;4147;1;80,00;Venda Pai Nao Existe no Banco
3703;2470;5521;1;480,00;Venda Pai Nao Existe no Banco
3704;2472;1534;1;160,00;Venda Pai Nao Existe no Banco
3705;2472;5488;1;290,00;Venda Pai Nao Existe no Banco
3706;2473;6700;1;570,00;Venda Pai Nao Existe no Banco
3707;2473;1534;1;160,00;Venda Pai Nao Existe no Banco
3708;2474;1533;1;80,00;Venda Pai Nao Existe no Banco
3709;2475;7651;1;320,00;Venda Pai Nao Existe no Banco
3710;2475;1542;1;260,00;Venda Pai Nao Existe no Banco
3711;2476;1562;1;500,00;Venda Pai Nao Existe no Banco
3712;2477;4581;1;240,00;Venda Pai Nao Existe no Banco
3713;2478;1672;1;215,00;Venda Pai Nao Existe no Banco
3714;2479;1534;1;160,00;Venda Pai Nao Existe no Banco
3715;2479;5872;1;100,00;Venda Pai Nao Existe no Banco
3716;2480;1816;1;79,00;Venda Pai Nao Existe no Banco
3717;2481;7790;1;100,00;Venda Pai Nao Existe no Banco
3718;2482;1534;1;90,00;Venda Pai Nao Existe no Banco
3719;2481;1534;1;130,00;Venda Pai Nao Existe no Banco
3720;2483;1540;1;60,00;Venda Pai Nao Existe no Banco
3721;2485;2403;2;680,00;Venda Pai Nao Existe no Banco
3722;2486;1542;1;260,00;Venda Pai Nao Existe no Banco
3723;2486;7677;1;190,00;Venda Pai Nao Existe no Banco
3725;2488;7453;1;420,00;Venda Pai Nao Existe no Banco
3726;2488;1554;1;180,00;Venda Pai Nao Existe no Banco
3727;2489;1542;0,5;140,00;Venda Pai Nao Existe no Banco
3729;2490;6679;1;660,00;Venda Pai Nao Existe no Banco
3730;2491;7330;1;240,00;Venda Pai Nao Existe no Banco
3731;2492;5360;1;200,00;Venda Pai Nao Existe no Banco
3732;2493;3907;1;78,00;Venda Pai Nao Existe no Banco
3733;2494;1554;1;190,00;Venda Pai Nao Existe no Banco
3734;2494;7770;1;100,00;Venda Pai Nao Existe no Banco
3735;2495;7044;1;100,00;Venda Pai Nao Existe no Banco
3736;2496;2122;1;660,00;Venda Pai Nao Existe no Banco
3737;2496;4339;1;250,00;Venda Pai Nao Existe no Banco
3738;2497;7419;1;395,00;Venda Pai Nao Existe no Banco
3739;2498;1534;1;160,00;Venda Pai Nao Existe no Banco
3740;2498;7336;1;340,00;Venda Pai Nao Existe no Banco
3741;2499;4514;1;240,00;Venda Pai Nao Existe no Banco
3742;2499;6058;1;100,00;Venda Pai Nao Existe no Banco
3744;2500;1533;1;100,00;Venda Pai Nao Existe no Banco
3745;2500;1534;1;160,00;Venda Pai Nao Existe no Banco
3746;2503;2287;1;200,00;Venda Pai Nao Existe no Banco
3747;2504;1542;1;280,00;Venda Pai Nao Existe no Banco
3749;2504;7771;1;100,00;Venda Pai Nao Existe no Banco
3750;2505;1542;1;280,00;Venda Pai Nao Existe no Banco
3751;2506;1534;1;160,00;Venda Pai Nao Existe no Banco
3752;2506;7671;1;190,00;Venda Pai Nao Existe no Banco
3753;2507;1534;1;130,00;Venda Pai Nao Existe no Banco
3757;2509;7795;1;100,00;Venda Pai Nao Existe no Banco
3758;2510;1752;1;260,00;Venda Pai Nao Existe no Banco
3759;2510;5716;1;190,00;Venda Pai Nao Existe no Banco
3760;2511;1542;1;270,00;Venda Pai Nao Existe no Banco
3761;2511;6964;1;130,00;Venda Pai Nao Existe no Banco
3762;2512;6539;1;370,00;Venda Pai Nao Existe no Banco
3763;2512;2897;1;80,00;Venda Pai Nao Existe no Banco
3765;2514;1552;1;190,00;Venda Pai Nao Existe no Banco
3766;2514;3960;1;100,00;Venda Pai Nao Existe no Banco
3767;2514;7797;1;100,00;Venda Pai Nao Existe no Banco
3769;2514;3706;1;470,00;Venda Pai Nao Existe no Banco
3771;2513;7807;1;410,00;Venda Pai Nao Existe no Banco
3772;2513;7635;1;390,00;Venda Pai Nao Existe no Banco
3774;2515;1534;2;360,00;Venda Pai Nao Existe no Banco
3775;2517;1542;1;260,00;Venda Pai Nao Existe no Banco
3776;2517;7034;1;340,00;Venda Pai Nao Existe no Banco
3777;2519;1542;1;260,00;Venda Pai Nao Existe no Banco
3778;2519;7788;1;130,00;Venda Pai Nao Existe no Banco
3779;2520;1534;1;160,00;Venda Pai Nao Existe no Banco
3780;2520;7468;1;470,00;Venda Pai Nao Existe no Banco
3781;2521;1533;1;80,00;Venda Pai Nao Existe no Banco
3782;2522;7302;1;50,00;Venda Pai Nao Existe no Banco
3784;2523;1534;1;160,00;Venda Pai Nao Existe no Banco
3785;2523;6627;1;530,00;Venda Pai Nao Existe no Banco
3786;2524;1534;1;160,00;Venda Pai Nao Existe no Banco
3787;2524;7775;1;120,00;Venda Pai Nao Existe no Banco
3788;2525;1542;1;260,00;Venda Pai Nao Existe no Banco
3789;2525;7145;1;340,00;Venda Pai Nao Existe no Banco
3790;2526;1534;1;160,00;Venda Pai Nao Existe no Banco
3791;2526;7718;1;140,00;Venda Pai Nao Existe no Banco
3792;2527;1534;1;70,00;Venda Pai Nao Existe no Banco
3793;2528;1542;1;230,00;Venda Pai Nao Existe no Banco
3794;2529;4765;1;90,00;Venda Pai Nao Existe no Banco
3796;2530;7808;1;650,00;Venda Pai Nao Existe no Banco
3797;2531;1533;0,5;60,00;Venda Pai Nao Existe no Banco
3798;2532;7598;1;490,00;Venda Pai Nao Existe no Banco
3799;2532;7773;1;170,00;Venda Pai Nao Existe no Banco
3800;2533;1542;1;250,00;Venda Pai Nao Existe no Banco
3801;2533;4238;1;100,00;Venda Pai Nao Existe no Banco
3802;2534;7756;1;240,00;Venda Pai Nao Existe no Banco
3803;2534;7627;1;220,00;Venda Pai Nao Existe no Banco
3804;2535;7649;1;180,00;Venda Pai Nao Existe no Banco
3805;2538;1721;1;540,00;Venda Pai Nao Existe no Banco
3806;2539;7342;1;290,00;Venda Pai Nao Existe no Banco
3807;2539;1534;1;160,00;Venda Pai Nao Existe no Banco
3809;2513;7809;1;1.620,00;Venda Pai Nao Existe no Banco
3811;2540;7810;1;90,00;Venda Pai Nao Existe no Banco
3812;2541;7237;1;290,00;Venda Pai Nao Existe no Banco
3813;2542;7343;1;290,00;Venda Pai Nao Existe no Banco
3814;2543;1542;1;260,00;Venda Pai Nao Existe no Banco
3815;2545;1542;1;200,00;Venda Pai Nao Existe no Banco
3816;2546;1672;1;220,00;Venda Pai Nao Existe no Banco
3818;2546;7820;1;480,00;Venda Pai Nao Existe no Banco
3819;2546;1544;1;350,00;Venda Pai Nao Existe no Banco
3820;2547;6450;1;310,00;Venda Pai Nao Existe no Banco
3821;2547;7693;1;200,00;Venda Pai Nao Existe no Banco
3822;2548;7776;1;100,00;Venda Pai Nao Existe no Banco
3823;2548;1534;2;260,00;Venda Pai Nao Existe no Banco
3824;2548;7261;1;190,00;Venda Pai Nao Existe no Banco
3825;2549;1542;1;260,00;Venda Pai Nao Existe no Banco
3826;2549;7789;1;130,00;Venda Pai Nao Existe no Banco
3827;2550;7340;1;250,00;Venda Pai Nao Existe no Banco
3828;2551;1761;1;800,00;Venda Pai Nao Existe no Banco
3829;2552;7821;1;190,00;Venda Pai Nao Existe no Banco
3830;2553;1534;1;160,00;Venda Pai Nao Existe no Banco
3831;2554;4680;1;190,00;Venda Pai Nao Existe no Banco
3832;2555;1534;0,5;80,00;Venda Pai Nao Existe no Banco
3834;2555;1760;0,5;270,00;Venda Pai Nao Existe no Banco
3835;2556;1668;1;140,00;Venda Pai Nao Existe no Banco
3836;2556;7821;1;120,00;Venda Pai Nao Existe no Banco
3839;2557;7810;1;165,00;Venda Pai Nao Existe no Banco
3840;2557;7823;1;570,00;Venda Pai Nao Existe no Banco
3841;2558;1552;1;180,00;Venda Pai Nao Existe no Banco
3842;2560;1533;1;90,00;Venda Pai Nao Existe no Banco
3843;2561;1534;1;170,00;Venda Pai Nao Existe no Banco
3844;2561;7821;1;220,00;Venda Pai Nao Existe no Banco
3845;2560;6358;1;310,00;Venda Pai Nao Existe no Banco
3846;2560;1559;1;-150,00;Venda Pai Nao Existe no Banco
3847;2562;7821;1;120,00;Venda Pai Nao Existe no Banco
3848;2563;1554;1;190,00;Venda Pai Nao Existe no Banco
3851;2564;7147;1;320,00;Venda Pai Nao Existe no Banco
3852;2564;7824;1;1.180,00;Venda Pai Nao Existe no Banco
3853;2565;7821;1;220,00;Venda Pai Nao Existe no Banco
3854;2566;6259;1;320,00;Venda Pai Nao Existe no Banco
3855;2567;1533;1;90,00;Venda Pai Nao Existe no Banco
3856;2568;1562;1;540,00;Venda Pai Nao Existe no Banco
3857;2568;7821;1;190,00;Venda Pai Nao Existe no Banco
3858;2569;1534;1;160,00;Venda Pai Nao Existe no Banco
3859;2571;1534;1;40,00;Venda Pai Nao Existe no Banco
3862;2572;1542;1;235,00;Venda Pai Nao Existe no Banco
3863;2555;1534;1;160,00;Venda Pai Nao Existe no Banco
3864;2573;1542;0,5;130,00;Venda Pai Nao Existe no Banco
3865;2543;6292;1;100,00;Venda Pai Nao Existe no Banco
3866;2574;1552;1;170,00;Venda Pai Nao Existe no Banco
3867;2575;1542;1;235,00;Venda Pai Nao Existe no Banco
3868;2575;7821;1;190,00;Venda Pai Nao Existe no Banco
3869;2576;7580;0,5;750,00;Venda Pai Nao Existe no Banco
3870;2577;1534;1;180,00;Venda Pai Nao Existe no Banco
3871;2571;6311;1;50,00;Venda Pai Nao Existe no Banco
3873;2578;7742;1;160,00;Venda Pai Nao Existe no Banco
3874;2578;1534;1;90,00;Venda Pai Nao Existe no Banco
3875;2579;1554;1;180,00;Venda Pai Nao Existe no Banco
3876;2580;1534;1;160,00;Venda Pai Nao Existe no Banco
3877;2580;7821;1;180,00;Venda Pai Nao Existe no Banco
3878;2581;3583;1;600,00;Venda Pai Nao Existe no Banco
3879;2581;6536;1;300,00;Venda Pai Nao Existe no Banco
3880;2582;3259;1;960,00;Venda Pai Nao Existe no Banco
3881;2582;7821;1;180,00;Venda Pai Nao Existe no Banco
3882;2583;5760;1;120,00;Venda Pai Nao Existe no Banco
3883;2584;1411;1;130,00;Venda Pai Nao Existe no Banco
3884;2585;7821;2;360,00;Venda Pai Nao Existe no Banco
3885;2585;1552;0,5;180,00;Venda Pai Nao Existe no Banco
3886;2586;1534;1;160,00;Venda Pai Nao Existe no Banco
3887;2587;1554;1;180,00;Venda Pai Nao Existe no Banco
3888;2587;1450;1;100,00;Venda Pai Nao Existe no Banco
3889;2588;1534;1;160,00;Venda Pai Nao Existe no Banco
3890;2590;1533;1;90,00;Venda Pai Nao Existe no Banco
3891;2590;7821;1;120,00;Venda Pai Nao Existe no Banco
3892;2591;5734;1;380,00;Venda Pai Nao Existe no Banco
3893;2591;1405;1;100,00;Venda Pai Nao Existe no Banco
3894;2592;1542;1;250,00;Venda Pai Nao Existe no Banco
3895;2592;7821;1;150,00;Venda Pai Nao Existe no Banco
3896;2593;1542;0,5;130,00;Venda Pai Nao Existe no Banco
3898;2594;1752;1;260,00;Venda Pai Nao Existe no Banco
3899;2595;1542;1;260,00;Venda Pai Nao Existe no Banco
3900;2595;1405;1;120,00;Venda Pai Nao Existe no Banco
3901;2596;1554;1;140,00;Venda Pai Nao Existe no Banco
3902;2598;1760;1;368,00;Venda Pai Nao Existe no Banco
3903;2598;1534;1;120,00;Venda Pai Nao Existe no Banco
3904;2598;7821;1;100,00;Venda Pai Nao Existe no Banco
3905;2598;7821;1;100,00;Venda Pai Nao Existe no Banco
3906;2599;7821;1;190,00;Venda Pai Nao Existe no Banco
3907;2599;1721;1;505,00;Venda Pai Nao Existe no Banco
3908;2600;1552;0,5;90,00;Venda Pai Nao Existe no Banco
3909;2603;1542;1;220,00;Venda Pai Nao Existe no Banco
3910;2604;4581;1;240,00;Venda Pai Nao Existe no Banco
3911;2605;7444;1;400,00;Venda Pai Nao Existe no Banco
3912;2605;1542;1;220,00;Venda Pai Nao Existe no Banco
3913;2607;1534;1;160,00;Venda Pai Nao Existe no Banco
3914;2607;7821;1;190,00;Venda Pai Nao Existe no Banco
3915;2609;1554;1;140,00;Venda Pai Nao Existe no Banco
3916;2610;1372;1;79,00;Venda Pai Nao Existe no Banco
3918;2612;7821;1;200,00;Venda Pai Nao Existe no Banco
3919;2612;1542;1;210,00;Venda Pai Nao Existe no Banco
3920;2613;1534;1;130,00;Venda Pai Nao Existe no Banco
3921;2613;7821;1;220,00;Venda Pai Nao Existe no Banco
3922;2614;7470;1;470,00;Venda Pai Nao Existe no Banco
3923;2615;4108;1;79,00;Venda Pai Nao Existe no Banco
3925;2616;1534;1;160,00;Venda Pai Nao Existe no Banco
3927;2617;1721;1;500,00;Venda Pai Nao Existe no Banco
3928;2618;1533;1;140,00;Venda Pai Nao Existe no Banco
3929;2603;1370;1;80,00;Venda Pai Nao Existe no Banco
3930;2619;5457;1;500,00;Venda Pai Nao Existe no Banco
3931;2620;1533;1;90,00;Venda Pai Nao Existe no Banco
3932;2621;7821;1;200,00;Venda Pai Nao Existe no Banco
3933;2621;5734;1;400,00;Venda Pai Nao Existe no Banco
3934;2622;2086;1;100,00;Venda Pai Nao Existe no Banco
3935;2624;1321;1;140,00;Venda Pai Nao Existe no Banco
3936;2625;5622;1;250,00;Venda Pai Nao Existe no Banco
3937;2625;1542;1;280,00;Venda Pai Nao Existe no Banco
3938;2626;7505;1;150,00;Venda Pai Nao Existe no Banco
3939;2626;1542;1;230,00;Venda Pai Nao Existe no Banco
3940;2630;1542;1;260,00;Venda Pai Nao Existe no Banco
3941;2630;7821;1;180,00;Venda Pai Nao Existe no Banco
3942;2631;1321;1;150,00;Venda Pai Nao Existe no Banco
3943;2631;1534;1;150,00;Venda Pai Nao Existe no Banco
3944;2632;4514;1;250,00;Venda Pai Nao Existe no Banco
3945;2633;1534;1;160,00;Venda Pai Nao Existe no Banco
3946;2633;7821;1;110,00;Venda Pai Nao Existe no Banco
3947;2634;1336;1;79,00;Venda Pai Nao Existe no Banco
3948;2635;1542;0,5;130,00;Venda Pai Nao Existe no Banco
3949;2635;1533;1;130,00;Venda Pai Nao Existe no Banco
3950;2636;4935;1;467,00;Venda Pai Nao Existe no Banco
3953;2636;0;2;160,00;Venda Pai Nao Existe no Banco
3954;2636;1534;1;160,00;Venda Pai Nao Existe no Banco
3955;2637;1534;1;160,00;Venda Pai Nao Existe no Banco
3956;2638;6347;1;200,00;Venda Pai Nao Existe no Banco
3957;2639;7717;1;280,00;Venda Pai Nao Existe no Banco
3958;2641;1554;1;160,00;Venda Pai Nao Existe no Banco
3959;2641;1405;1;90,00;Venda Pai Nao Existe no Banco
3960;2642;1534;1;100,00;Venda Pai Nao Existe no Banco
3961;2643;1542;1;260,00;Venda Pai Nao Existe no Banco
3962;2644;2588;1;290,00;Venda Pai Nao Existe no Banco
3963;2644;1534;1;110,00;Venda Pai Nao Existe no Banco
3964;2645;1534;1;160,00;Venda Pai Nao Existe no Banco
3965;2646;7566;1;530,00;Venda Pai Nao Existe no Banco
3966;2646;7577;1;580,00;Venda Pai Nao Existe no Banco
3968;2647;1534;1;140,00;Venda Pai Nao Existe no Banco
3969;2647;7409;1;300,00;Venda Pai Nao Existe no Banco
3970;2648;1534;1;170,00;Venda Pai Nao Existe no Banco
3971;2648;7821;1;130,00;Venda Pai Nao Existe no Banco
3972;2649;6698;1;460,00;Venda Pai Nao Existe no Banco
3973;2649;1534;1;160,00;Venda Pai Nao Existe no Banco
3974;2650;1534;1;140,00;Venda Pai Nao Existe no Banco
3975;2650;7821;1;247,00;Venda Pai Nao Existe no Banco
3976;2651;5627;1;700,00;Venda Pai Nao Existe no Banco
3977;2651;1411;1;280,00;Venda Pai Nao Existe no Banco
3978;2652;1405;1;80,00;Venda Pai Nao Existe no Banco
3979;2653;1534;1;160,00;Venda Pai Nao Existe no Banco
3981;2654;4581;1;240,00;Venda Pai Nao Existe no Banco
3982;2655;6347;1;480,00;Venda Pai Nao Existe no Banco
3983;2656;1405;1;100,00;Venda Pai Nao Existe no Banco
3984;2659;7554;1;585,00;Venda Pai Nao Existe no Banco
3985;2660;1534;1;160,00;Venda Pai Nao Existe no Banco
3986;2661;1542;1;260,00;Venda Pai Nao Existe no Banco
3988;2662;7672;1;230,00;Venda Pai Nao Existe no Banco
3990;2663;1533;2;150,00;Venda Pai Nao Existe no Banco
3991;2664;7505;1;180,00;Venda Pai Nao Existe no Banco
3992;2664;1760;1;410,00;Venda Pai Nao Existe no Banco
3993;2665;4581;1;240,00;Venda Pai Nao Existe no Banco
3995;2666;7821;1;230,00;Venda Pai Nao Existe no Banco
3996;2666;1721;1;505,00;Venda Pai Nao Existe no Banco
3997;2667;1534;1;230,00;Venda Pai Nao Existe no Banco
3998;2668;1534;1;150,00;Venda Pai Nao Existe no Banco
4000;2673;1534;1;160,00;Venda Pai Nao Existe no Banco
4001;2673;7821;1;120,00;Venda Pai Nao Existe no Banco
4002;2674;1542;1;260,00;Venda Pai Nao Existe no Banco
4004;2672;1554;1;180,00;Venda Pai Nao Existe no Banco
4005;2675;1533;1;80,00;Venda Pai Nao Existe no Banco
4006;2676;1534;0,5;80,00;Venda Pai Nao Existe no Banco
4007;2678;7821;1;180,00;Venda Pai Nao Existe no Banco
4008;2679;4396;1;600,00;Venda Pai Nao Existe no Banco
4010;2680;7726;1;230,00;Venda Pai Nao Existe no Banco
4011;2680;4680;1;250,00;Venda Pai Nao Existe no Banco
4012;2681;7814;1;140,00;Venda Pai Nao Existe no Banco
4014;2682;7586;2;530,00;Venda Pai Nao Existe no Banco
4015;2682;7508;1;190,00;Venda Pai Nao Existe no Banco
4016;2683;1552;1;180,00;Venda Pai Nao Existe no Banco
4017;2683;7679;1;120,00;Venda Pai Nao Existe no Banco
4018;2685;7769;1;470,00;Venda Pai Nao Existe no Banco
4019;2686;6143;1;100,00;Venda Pai Nao Existe no Banco
4020;2687;1542;1;230,00;Venda Pai Nao Existe no Banco
4021;2687;7821;1;220,00;Venda Pai Nao Existe no Banco
4022;2689;1534;2;300,00;Venda Pai Nao Existe no Banco
4023;2689;7821;1;120,00;Venda Pai Nao Existe no Banco
4024;2690;7821;1;120,00;Venda Pai Nao Existe no Banco
4025;2691;7821;1;100,00;Venda Pai Nao Existe no Banco
4026;2692;1721;1;620,00;Venda Pai Nao Existe no Banco
4027;2692;7821;1;120,00;Venda Pai Nao Existe no Banco
4028;2693;7656;1;180,00;Venda Pai Nao Existe no Banco
4029;2694;1761;1;800,00;Venda Pai Nao Existe no Banco
4030;2695;1534;1;145,00;Venda Pai Nao Existe no Banco
4031;2695;7821;1;120,00;Venda Pai Nao Existe no Banco
4033;2696;4149;1;79,00;Venda Pai Nao Existe no Banco
4034;2697;1534;1;160,00;Venda Pai Nao Existe no Banco
4035;2697;7777;1;220,00;Venda Pai Nao Existe no Banco
4036;2698;1542;1;230,00;Venda Pai Nao Existe no Banco
4037;2698;7679;1;120,00;Venda Pai Nao Existe no Banco
4038;2698;4153;1;80,00;Venda Pai Nao Existe no Banco
4039;2699;7810;1;160,00;Venda Pai Nao Existe no Banco
4040;2700;1554;1;190,00;Venda Pai Nao Existe no Banco
4041;2700;7821;1;220,00;Venda Pai Nao Existe no Banco
4042;2701;1533;1;0,00;Venda Pai Nao Existe no Banco
4043;2701;7773;1;100,00;Venda Pai Nao Existe no Banco
4044;2702;7821;1;150,00;Venda Pai Nao Existe no Banco
4045;2702;1534;1;150,00;Venda Pai Nao Existe no Banco
4047;2703;6389;1;380,00;Venda Pai Nao Existe no Banco
4048;2703;1760;1;460,00;Venda Pai Nao Existe no Banco
4049;2704;7810;1;130,00;Venda Pai Nao Existe no Banco
4050;2705;1752;1;290,00;Venda Pai Nao Existe no Banco
4051;2706;1554;1;190,00;Venda Pai Nao Existe no Banco
4052;2706;7329;1;290,00;Venda Pai Nao Existe no Banco
4053;2707;1533;1;80,00;Venda Pai Nao Existe no Banco
4054;2709;1552;1;170,00;Venda Pai Nao Existe no Banco
4055;2709;7821;1;190,00;Venda Pai Nao Existe no Banco
4056;2710;1554;1;190,00;Venda Pai Nao Existe no Banco
4058;2710;6823;1;100,00;Venda Pai Nao Existe no Banco
4059;2711;6404;1;290,00;Venda Pai Nao Existe no Banco
4060;2712;5627;1;780,00;Venda Pai Nao Existe no Banco
4061;2713;7701;1;200,00;Venda Pai Nao Existe no Banco
4062;2714;7117;1;100,00;Venda Pai Nao Existe no Banco
4063;2715;1542;1;200,00;Venda Pai Nao Existe no Banco
4064;2716;7821;1;180,00;Venda Pai Nao Existe no Banco
4065;2717;5627;1;820,00;Venda Pai Nao Existe no Banco
4066;2717;7821;1;150,00;Venda Pai Nao Existe no Banco
4067;2718;7821;1;100,00;Venda Pai Nao Existe no Banco
4068;2719;1534;1;145,00;Venda Pai Nao Existe no Banco
4069;2513;7809;1;0,00;Venda Pai Nao Existe no Banco
4070;2720;1534;1;160,00;Venda Pai Nao Existe no Banco
4071;2720;7821;1;120,00;Venda Pai Nao Existe no Banco
4072;2721;3447;1;79,00;Venda Pai Nao Existe no Banco
4073;2722;1540;1;70,00;Venda Pai Nao Existe no Banco
4074;2723;1534;1;145,00;Venda Pai Nao Existe no Banco
4077;2725;1533;1;90,00;Venda Pai Nao Existe no Banco
4078;2725;4412;1;230,00;Venda Pai Nao Existe no Banco
4079;2726;4680;0,5;120,00;Venda Pai Nao Existe no Banco
4081;2726;1534;0,5;80,00;Venda Pai Nao Existe no Banco
4082;2726;7230;1;290,00;Venda Pai Nao Existe no Banco
4083;2727;1533;1;90,00;Venda Pai Nao Existe no Banco
4084;2727;2693;1;190,00;Venda Pai Nao Existe no Banco
4085;2728;1542;1;260,00;Venda Pai Nao Existe no Banco
4086;2728;7821;1;130,00;Venda Pai Nao Existe no Banco
4087;2729;1534;1;145,00;Venda Pai Nao Existe no Banco
4088;2730;1534;1;120,00;Venda Pai Nao Existe no Banco
4089;2730;6398;1;250,00;Venda Pai Nao Existe no Banco
4090;2731;1542;1;260,00;Venda Pai Nao Existe no Banco
4091;2731;7821;1;180,00;Venda Pai Nao Existe no Banco
4092;2732;6627;1;495,00;Venda Pai Nao Existe no Banco
4093;2732;1542;1;285,00;Venda Pai Nao Existe no Banco
4094;2734;1542;1;260,00;Venda Pai Nao Existe no Banco
4095;2734;7821;1;190,00;Venda Pai Nao Existe no Banco
4096;2735;5986;1;280,00;Venda Pai Nao Existe no Banco
4097;2736;1534;0,5;80,00;Venda Pai Nao Existe no Banco
4098;2737;1760;1;390,00;Venda Pai Nao Existe no Banco
4100;2738;1534;1;145,00;Venda Pai Nao Existe no Banco
4101;2738;3566;1;290,00;Venda Pai Nao Existe no Banco
4102;2738;1534;1;145,00;Venda Pai Nao Existe no Banco
4103;2738;6823;1;100,00;Venda Pai Nao Existe no Banco
4104;2740;1542;1;250,00;Venda Pai Nao Existe no Banco
4105;2741;1554;1;190,00;Venda Pai Nao Existe no Banco
4106;2742;7697;1;260,00;Venda Pai Nao Existe no Banco
4107;2743;1534;0,5;80,00;Venda Pai Nao Existe no Banco
4108;2744;1534;1;145,00;Venda Pai Nao Existe no Banco
4109;2744;7045;1;255,00;Venda Pai Nao Existe no Banco
4110;2745;1534;1;160,00;Venda Pai Nao Existe no Banco
4111;2745;7287;1;270,00;Venda Pai Nao Existe no Banco
4112;2746;1533;0,5;80,00;Venda Pai Nao Existe no Banco
4113;2747;1533;1;90,00;Venda Pai Nao Existe no Banco
4114;2748;3514;1;80,00;Venda Pai Nao Existe no Banco
4115;2749;1534;1;160,00;Venda Pai Nao Existe no Banco
4116;2750;1542;0,5;130,00;Venda Pai Nao Existe no Banco
4118;2750;7821;1;120,00;Venda Pai Nao Existe no Banco
4119;2750;1533;0,5;45,00;Venda Pai Nao Existe no Banco
4120;2751;1533;0,5;60,00;Venda Pai Nao Existe no Banco
4121;2752;4078;1;400,00;Venda Pai Nao Existe no Banco
4122;2753;1721;1;560,00;Venda Pai Nao Existe no Banco
4123;2753;7821;1;100,00;Venda Pai Nao Existe no Banco
4124;2754;1552;1;160,00;Venda Pai Nao Existe no Banco
4125;2513;2058;1;1.200,00;Venda Pai Nao Existe no Banco
4126;2755;1542;1;260,00;Venda Pai Nao Existe no Banco
4127;2755;7815;1;100,00;Venda Pai Nao Existe no Banco
4128;2757;7821;1;120,00;Venda Pai Nao Existe no Banco
4129;2759;7821;1;220,00;Venda Pai Nao Existe no Banco
4130;2759;1534;1;140,00;Venda Pai Nao Existe no Banco
4131;2761;1542;1;220,00;Venda Pai Nao Existe no Banco
4133;2763;1542;1;260,00;Venda Pai Nao Existe no Banco
4134;2764;1534;1;160,00;Venda Pai Nao Existe no Banco
4135;2766;7821;1;120,00;Venda Pai Nao Existe no Banco
4136;2769;5627;1;500,00;Venda Pai Nao Existe no Banco
4137;2769;7821;1;100,00;Venda Pai Nao Existe no Banco
4138;2770;1752;1;270,00;Venda Pai Nao Existe no Banco
4139;2770;6445;1;350,00;Venda Pai Nao Existe no Banco
4140;2771;1534;1;160,00;Venda Pai Nao Existe no Banco
4141;2771;7461;1;470,00;Venda Pai Nao Existe no Banco
4142;2772;1721;1;550,00;Venda Pai Nao Existe no Banco
4143;2772;6621;1;430,00;Venda Pai Nao Existe no Banco
4144;2773;7514;1;220,00;Venda Pai Nao Existe no Banco
4145;2774;1542;1;260,00;Venda Pai Nao Existe no Banco
4146;2774;7821;1;180,00;Venda Pai Nao Existe no Banco
4147;2775;6067;1;220,00;Venda Pai Nao Existe no Banco
4148;2777;1542;1;490,00;Venda Pai Nao Existe no Banco
4150;2777;7288;1;210,00;Venda Pai Nao Existe no Banco
4151;2778;1540;1;60,00;Venda Pai Nao Existe no Banco
4153;2779;3447;1;79,00;Venda Pai Nao Existe no Banco
4154;2780;1534;1;160,00;Venda Pai Nao Existe no Banco
4155;2780;7257;1;220,00;Venda Pai Nao Existe no Banco
4156;2781;7821;1;120,00;Venda Pai Nao Existe no Banco
4157;2782;7369;1;495,00;Venda Pai Nao Existe no Banco
4158;2784;1534;1;140,00;Venda Pai Nao Existe no Banco
4159;2786;1760;1;420,00;Venda Pai Nao Existe no Banco
4160;2786;7825;1;320,00;Venda Pai Nao Existe no Banco
4161;2787;1534;1;120,00;Venda Pai Nao Existe no Banco
4162;2787;7821;1;120,00;Venda Pai Nao Existe no Banco
4163;2513;6724;1;400,00;Venda Pai Nao Existe no Banco
4164;2788;1534;1;160,00;Venda Pai Nao Existe no Banco
4165;2788;7334;1;280,00;Venda Pai Nao Existe no Banco
4166;2789;1534;1;160,00;Venda Pai Nao Existe no Banco
4167;2789;6862;1;390,00;Venda Pai Nao Existe no Banco
4168;2790;1534;1;160,00;Venda Pai Nao Existe no Banco
4169;2791;1534;1;160,00;Venda Pai Nao Existe no Banco
4170;2791;7821;1;220,00;Venda Pai Nao Existe no Banco
4171;2793;2673;1;160,00;Venda Pai Nao Existe no Banco
4172;2793;1542;1;240,00;Venda Pai Nao Existe no Banco
4173;2794;7698;1;220,00;Venda Pai Nao Existe no Banco
4174;2794;1542;1;380,00;Venda Pai Nao Existe no Banco
4175;2795;1554;1;190,00;Venda Pai Nao Existe no Banco
4176;2795;7821;1;120,00;Venda Pai Nao Existe no Banco
4177;2796;1534;1;145,00;Venda Pai Nao Existe no Banco
4178;2796;7821;1;100,00;Venda Pai Nao Existe no Banco
4179;2797;1534;1;145,00;Venda Pai Nao Existe no Banco
4180;2797;7787;1;120,00;Venda Pai Nao Existe no Banco
4181;2798;5925;1;342,00;Venda Pai Nao Existe no Banco
4182;2799;1542;1;260,00;Venda Pai Nao Existe no Banco
4183;2799;7821;1;140,00;Venda Pai Nao Existe no Banco
4185;2801;1534;1;145,00;Venda Pai Nao Existe no Banco
4187;2800;0;1;0,00;Venda Pai Nao Existe no Banco
4188;2800;7827;1;300,00;Venda Pai Nao Existe no Banco
4189;2802;1534;1;160,00;Venda Pai Nao Existe no Banco
4190;2802;7821;1;180,00;Venda Pai Nao Existe no Banco
4191;2803;1534;1;160,00;Venda Pai Nao Existe no Banco
4192;2803;6417;1;470,00;Venda Pai Nao Existe no Banco
4193;2804;7821;1;120,00;Venda Pai Nao Existe no Banco
4194;2804;7628;1;120,00;Venda Pai Nao Existe no Banco
4196;2805;7777;1;190,00;Venda Pai Nao Existe no Banco
4197;2805;1761;1;700,00;Venda Pai Nao Existe no Banco
4198;2806;1534;1;220,00;Venda Pai Nao Existe no Banco
4199;2806;7774;1;100,00;Venda Pai Nao Existe no Banco
4200;2807;1542;1;380,00;Venda Pai Nao Existe no Banco
4201;2808;1554;1;190,00;Venda Pai Nao Existe no Banco
4202;2808;7325;1;280,00;Venda Pai Nao Existe no Banco
4203;2810;1534;1;130,00;Venda Pai Nao Existe no Banco
4204;2810;1349;1;120,00;Venda Pai Nao Existe no Banco
4205;2811;4497;1;160,00;Venda Pai Nao Existe no Banco
4206;2812;1533;1;90,00;Venda Pai Nao Existe no Banco
4207;2812;4798;1;100,00;Venda Pai Nao Existe no Banco
4208;2813;1542;0,5;130,00;Venda Pai Nao Existe no Banco
4209;2737;7126;1;300,00;Venda Pai Nao Existe no Banco
4210;2814;1721;1;500,00;Venda Pai Nao Existe no Banco
4211;2816;1533;1;90,00;Venda Pai Nao Existe no Banco
4212;2819;5734;1;450,00;Venda Pai Nao Existe no Banco
4214;2820;1752;1;210,00;Venda Pai Nao Existe no Banco
4215;2821;1542;1;260,00;Venda Pai Nao Existe no Banco
4216;2821;7821;1;120,00;Venda Pai Nao Existe no Banco
4217;2823;1554;1;190,00;Venda Pai Nao Existe no Banco
4218;2824;1672;1;240,00;Venda Pai Nao Existe no Banco
4219;2824;7821;1;120,00;Venda Pai Nao Existe no Banco
4220;2825;5135;1;120,00;Venda Pai Nao Existe no Banco
4221;2826;1752;1;290,00;Venda Pai Nao Existe no Banco
4222;2828;1542;1;260,00;Venda Pai Nao Existe no Banco
4223;2828;7610;1;120,00;Venda Pai Nao Existe no Banco
4224;2829;1534;1;160,00;Venda Pai Nao Existe no Banco
4225;2829;6238;1;120,00;Venda Pai Nao Existe no Banco
4226;2829;7821;1;120,00;Venda Pai Nao Existe no Banco
4227;2829;1533;1;90,00;Venda Pai Nao Existe no Banco
4228;2830;1534;1;160,00;Venda Pai Nao Existe no Banco
4229;2830;7644;1;220,00;Venda Pai Nao Existe no Banco
4230;2830;3520;1;158,00;Venda Pai Nao Existe no Banco
4231;2832;1760;1;350,00;Venda Pai Nao Existe no Banco
4232;2832;7830;1;500,00;Venda Pai Nao Existe no Banco
4233;2833;1533;1;80,00;Venda Pai Nao Existe no Banco
4234;2833;7821;1;120,00;Venda Pai Nao Existe no Banco
4235;2834;1529;1;120,00;Venda Pai Nao Existe no Banco
4236;2836;1533;1;90,00;Venda Pai Nao Existe no Banco
4237;2836;7821;1;120,00;Venda Pai Nao Existe no Banco
4238;2837;7378;1;396,00;Venda Pai Nao Existe no Banco
4239;2838;1534;1;160,00;Venda Pai Nao Existe no Banco
4241;2839;1542;1;260,00;Venda Pai Nao Existe no Banco
4242;2840;1542;1;235,00;Venda Pai Nao Existe no Banco
4243;2840;1534;1;145,00;Venda Pai Nao Existe no Banco
4244;2840;7821;1;120,00;Venda Pai Nao Existe no Banco
4245;2840;7468;1;400,00;Venda Pai Nao Existe no Banco
4246;2840;1960;1;690,00;Venda Pai Nao Existe no Banco
4247;2841;5135;1;120,00;Venda Pai Nao Existe no Banco
4248;2842;1534;1;160,00;Venda Pai Nao Existe no Banco
4249;2842;7821;1;120,00;Venda Pai Nao Existe no Banco
4250;2843;1542;1;240,00;Venda Pai Nao Existe no Banco
4251;2844;1542;1;235,00;Venda Pai Nao Existe no Banco
4252;2845;1533;1;90,00;Venda Pai Nao Existe no Banco
4253;2846;1534;1;160,00;Venda Pai Nao Existe no Banco
4254;2846;7821;1;120,00;Venda Pai Nao Existe no Banco
4255;2847;1534;1;160,00;Venda Pai Nao Existe no Banco
4256;2847;7821;1;120,00;Venda Pai Nao Existe no Banco
4257;2848;1534;1;145,00;Venda Pai Nao Existe no Banco
4258;2849;5627;1;620,00;Venda Pai Nao Existe no Banco
4259;2849;7821;1;120,00;Venda Pai Nao Existe no Banco
4260;2850;1534;1;90,00;Venda Pai Nao Existe no Banco
4261;2851;7821;1;120,00;Venda Pai Nao Existe no Banco
4262;2852;1534;1;160,00;Venda Pai Nao Existe no Banco
4263;2852;6948;1;120,00;Venda Pai Nao Existe no Banco
4264;2852;1534;1;160,00;Venda Pai Nao Existe no Banco
4266;2852;7831;1;280,00;Venda Pai Nao Existe no Banco
4267;2853;7821;1;120,00;Venda Pai Nao Existe no Banco
4268;2854;1752;1;280,00;Venda Pai Nao Existe no Banco
4269;2854;7821;1;90,00;Venda Pai Nao Existe no Banco
4270;2855;2588;1;260,00;Venda Pai Nao Existe no Banco
4271;2855;1552;1;165,00;Venda Pai Nao Existe no Banco
4272;2856;1542;1;260,00;Venda Pai Nao Existe no Banco
4273;2856;7821;1;180,00;Venda Pai Nao Existe no Banco
4274;2857;1721;1;450,00;Venda Pai Nao Existe no Banco
4275;2857;7821;1;100,00;Venda Pai Nao Existe no Banco
4277;2858;1542;1;300,00;Venda Pai Nao Existe no Banco
4278;2859;1534;0,5;70,00;Venda Pai Nao Existe no Banco
4279;2860;1534;1;110,00;Venda Pai Nao Existe no Banco
4280;2860;7821;1;120,00;Venda Pai Nao Existe no Banco
4281;2861;4581;1;240,00;Venda Pai Nao Existe no Banco
4282;2862;1534;1;120,00;Venda Pai Nao Existe no Banco
4283;2863;1534;1;120,00;Venda Pai Nao Existe no Banco
4284;2864;1534;1;90,00;Venda Pai Nao Existe no Banco
4285;2864;1534;1;90,00;Venda Pai Nao Existe no Banco
4287;2864;7832;1;280,00;Venda Pai Nao Existe no Banco
4288;2864;7821;1;120,00;Venda Pai Nao Existe no Banco
4289;2865;1542;1;260,00;Venda Pai Nao Existe no Banco
4290;2865;7821;1;120,00;Venda Pai Nao Existe no Banco
4291;2866;1534;1;120,00;Venda Pai Nao Existe no Banco
4292;2867;1534;1;130,00;Venda Pai Nao Existe no Banco
4294;2867;7614;1;150,00;Venda Pai Nao Existe no Banco
4296;2868;7230;1;200,00;Venda Pai Nao Existe no Banco
4297;2868;1534;0,5;45,00;Venda Pai Nao Existe no Banco
4298;2868;6347;0,5;95,00;Venda Pai Nao Existe no Banco
4299;2869;1542;0,5;120,00;Venda Pai Nao Existe no Banco
4301;2870;1534;1;130,00;Venda Pai Nao Existe no Banco
4302;2870;1534;1;130,00;Venda Pai Nao Existe no Banco
4303;2870;1542;1;240,00;Venda Pai Nao Existe no Banco
4304;2871;1534;1;120,00;Venda Pai Nao Existe no Banco
4305;2871;7821;1;120,00;Venda Pai Nao Existe no Banco
4306;2872;1721;1;430,00;Venda Pai Nao Existe no Banco
4307;2872;7821;1;90,00;Venda Pai Nao Existe no Banco
4308;2873;1534;1;160,00;Venda Pai Nao Existe no Banco
4309;2873;7821;1;220,00;Venda Pai Nao Existe no Banco
4312;2874;2403;2;680,00;Venda Pai Nao Existe no Banco
4313;2875;1542;1;260,00;Venda Pai Nao Existe no Banco
4314;2875;7821;1;140,00;Venda Pai Nao Existe no Banco
4315;2876;7610;1;220,00;Venda Pai Nao Existe no Banco
4316;2876;1534;1;110,00;Venda Pai Nao Existe no Banco
4317;2877;7794;1;100,00;Venda Pai Nao Existe no Banco
4318;2878;5578;0,5;249,00;Venda Pai Nao Existe no Banco
4319;2878;1534;0,5;80,00;Venda Pai Nao Existe no Banco
4320;2878;6439;1;430,00;Venda Pai Nao Existe no Banco
4321;2879;1534;1;120,00;Venda Pai Nao Existe no Banco
4322;2879;7821;1;120,00;Venda Pai Nao Existe no Banco
4323;2880;1534;1;120,00;Venda Pai Nao Existe no Banco
4325;2881;7864;1;1.150,00;Venda Pai Nao Existe no Banco
4326;2882;1534;1;160,00;Venda Pai Nao Existe no Banco
4327;2883;1534;1;160,00;Venda Pai Nao Existe no Banco
4328;2884;7821;1;100,00;Venda Pai Nao Existe no Banco
4329;2884;1534;1;160,00;Venda Pai Nao Existe no Banco
4330;2885;5627;1;730,00;Venda Pai Nao Existe no Banco
4331;2886;4307;1;79,00;Venda Pai Nao Existe no Banco
4332;2887;2371;1;320,00;Venda Pai Nao Existe no Banco
4334;2888;7821;1;130,00;Venda Pai Nao Existe no Banco
4335;2889;1534;1;160,00;Venda Pai Nao Existe no Banco
4336;2889;7775;1;100,00;Venda Pai Nao Existe no Banco
4337;2890;1542;1;200,00;Venda Pai Nao Existe no Banco
4338;2891;1554;1;190,00;Venda Pai Nao Existe no Banco
4339;2891;3157;1;100,00;Venda Pai Nao Existe no Banco
4340;2892;1562;1;500,00;Venda Pai Nao Existe no Banco
4341;2892;7863;1;300,00;Venda Pai Nao Existe no Banco
4342;2893;430;1;80,00;Venda Pai Nao Existe no Banco
4343;2894;1542;1;260,00;Venda Pai Nao Existe no Banco
4344;2896;1534;1;140,00;Venda Pai Nao Existe no Banco
4345;2896;5937;1;310,00;Venda Pai Nao Existe no Banco
4346;2897;1534;1;160,00;Venda Pai Nao Existe no Banco
4347;2898;1534;2;280,00;Venda Pai Nao Existe no Banco
4348;2898;7719;1;200,00;Venda Pai Nao Existe no Banco
4349;2898;7436;1;430,00;Venda Pai Nao Existe no Banco
4350;2899;1534;0,5;70,00;Venda Pai Nao Existe no Banco
4351;2900;1534;1;160,00;Venda Pai Nao Existe no Banco
4352;2900;7845;1;340,00;Venda Pai Nao Existe no Banco
4353;2902;1534;1;140,00;Venda Pai Nao Existe no Banco
4354;2903;2403;1;240,00;Venda Pai Nao Existe no Banco
4355;2904;7140;1;440,00;Venda Pai Nao Existe no Banco
4356;2905;1534;0,5;40,00;Venda Pai Nao Existe no Banco
4357;2906;4657;1;550,00;Venda Pai Nao Existe no Banco
4358;2906;6807;1;100,00;Venda Pai Nao Existe no Banco
4359;2907;4581;2;480,00;Venda Pai Nao Existe no Banco
4360;2908;6247;1;79,00;Venda Pai Nao Existe no Banco
4361;2909;1534;1;100,00;Venda Pai Nao Existe no Banco
4362;2909;5932;1;225,00;Venda Pai Nao Existe no Banco
4363;2910;1562;1;520,00;Venda Pai Nao Existe no Banco
4364;2910;7821;1;120,00;Venda Pai Nao Existe no Banco
4365;2911;1534;1;160,00;Venda Pai Nao Existe no Banco
4366;2913;1534;1;140,00;Venda Pai Nao Existe no Banco
4367;2913;7821;1;100,00;Venda Pai Nao Existe no Banco
4369;2914;7821;1;130,00;Venda Pai Nao Existe no Banco
4370;2914;7946;1;1.100,00;Venda Pai Nao Existe no Banco
4371;2915;1542;1;210,00;Venda Pai Nao Existe no Banco
4372;2916;7821;1;160,00;Venda Pai Nao Existe no Banco
4373;2917;1760;1;450,00;Venda Pai Nao Existe no Banco
4374;2918;1534;1;120,00;Venda Pai Nao Existe no Banco
4375;2919;1534;1;140,00;Venda Pai Nao Existe no Banco
4376;2919;6577;1;160,00;Venda Pai Nao Existe no Banco
4377;2920;1542;1;250,00;Venda Pai Nao Existe no Banco
4378;2920;7821;1;120,00;Venda Pai Nao Existe no Banco
4379;2921;5578;1;380,00;Venda Pai Nao Existe no Banco
4380;2921;7821;1;120,00;Venda Pai Nao Existe no Banco
4381;2922;1760;1;490,00;Venda Pai Nao Existe no Banco
4382;2922;7821;1;180,00;Venda Pai Nao Existe no Banco
4383;2923;1534;1;120,00;Venda Pai Nao Existe no Banco
4384;2923;7836;1;340,00;Venda Pai Nao Existe no Banco
4385;2924;3706;1;540,00;Venda Pai Nao Existe no Banco
4386;2925;1534;1;150,00;Venda Pai Nao Existe no Banco
4387;2925;7821;1;180,00;Venda Pai Nao Existe no Banco
4388;2926;7821;1;140,00;Venda Pai Nao Existe no Banco
4389;2927;4147;1;79,00;Venda Pai Nao Existe no Banco
4390;2928;1760;1;490,00;Venda Pai Nao Existe no Banco
4391;2928;7821;1;220,00;Venda Pai Nao Existe no Banco
4392;2929;7380;1;680,00;Venda Pai Nao Existe no Banco
4393;2930;1533;1;90,00;Venda Pai Nao Existe no Banco
4394;2931;1760;1;490,00;Venda Pai Nao Existe no Banco
4395;2931;7238;1;290,00;Venda Pai Nao Existe no Banco
4396;2932;1542;1;260,00;Venda Pai Nao Existe no Banco
4397;2932;7821;1;200,00;Venda Pai Nao Existe no Banco
4399;2934;7821;1;220,00;Venda Pai Nao Existe no Banco
4400;2933;4497;1;90,00;Venda Pai Nao Existe no Banco
4401;2936;1534;1;140,00;Venda Pai Nao Existe no Banco
4402;2936;7821;1;140,00;Venda Pai Nao Existe no Banco
4403;2937;1534;1;180,00;Venda Pai Nao Existe no Banco
4404;2937;6144;1;100,00;Venda Pai Nao Existe no Banco
4405;2940;1534;1;150,00;Venda Pai Nao Existe no Banco
4406;2942;1534;1;160,00;Venda Pai Nao Existe no Banco
4407;2942;6950;1;180,00;Venda Pai Nao Existe no Banco
4408;2943;5734;1;350,00;Venda Pai Nao Existe no Banco
4409;2943;7821;1;120,00;Venda Pai Nao Existe no Banco
4411;2944;1534;1;160,00;Venda Pai Nao Existe no Banco
4412;2945;7836;1;340,00;Venda Pai Nao Existe no Banco
4413;2946;1554;1;190,00;Venda Pai Nao Existe no Banco
4414;2947;1721;1;460,00;Venda Pai Nao Existe no Banco
4415;2947;6257;1;120,00;Venda Pai Nao Existe no Banco
4416;2948;6820;1;90,00;Venda Pai Nao Existe no Banco
4417;2949;7578;1;320,00;Venda Pai Nao Existe no Banco
4418;2950;7485;1;200,00;Venda Pai Nao Existe no Banco
4419;2951;1533;1;90,00;Venda Pai Nao Existe no Banco
4420;2952;1534;0,5;60,00;Venda Pai Nao Existe no Banco
4421;2952;7024;1;290,00;Venda Pai Nao Existe no Banco
4422;2953;1810;1;79,00;Venda Pai Nao Existe no Banco
4423;2953;6788;1;220,00;Venda Pai Nao Existe no Banco
4424;2954;3978;1;120,00;Venda Pai Nao Existe no Banco
4425;2956;1542;1;260,00;Venda Pai Nao Existe no Banco
4426;2957;7013;1;1.075,00;Venda Pai Nao Existe no Banco
4427;2957;6985;1;305,00;Venda Pai Nao Existe no Banco
4428;2959;7810;1;160,00;Venda Pai Nao Existe no Banco
4429;2960;1534;1;160,00;Venda Pai Nao Existe no Banco
4430;2960;7821;1;120,00;Venda Pai Nao Existe no Banco
4431;2961;2403;1;240,00;Venda Pai Nao Existe no Banco
4432;2962;1534;1;160,00;Venda Pai Nao Existe no Banco
4433;2962;7839;1;340,00;Venda Pai Nao Existe no Banco
4434;2962;7821;1;220,00;Venda Pai Nao Existe no Banco
4435;2963;1534;1;140,00;Venda Pai Nao Existe no Banco
4436;2963;7821;1;90,00;Venda Pai Nao Existe no Banco
4437;2964;5734;1;430,00;Venda Pai Nao Existe no Banco
4438;2964;7927;1;340,00;Venda Pai Nao Existe no Banco
4439;2965;1534;1;160,00;Venda Pai Nao Existe no Banco
4440;2965;7821;1;120,00;Venda Pai Nao Existe no Banco
4441;2966;7821;1;120,00;Venda Pai Nao Existe no Banco
4442;2967;7854;1;340,00;Venda Pai Nao Existe no Banco
4443;2968;1554;1;190,00;Venda Pai Nao Existe no Banco
4444;2968;7821;1;180,00;Venda Pai Nao Existe no Banco
4445;2969;7658;1;220,00;Venda Pai Nao Existe no Banco
4446;2970;5627;1;540,00;Venda Pai Nao Existe no Banco
4447;2970;7940;1;340,00;Venda Pai Nao Existe no Banco
4448;2971;1562;1;540,00;Venda Pai Nao Existe no Banco
4450;2972;7821;1;140,00;Venda Pai Nao Existe no Banco
4451;2972;1533;1;90,00;Venda Pai Nao Existe no Banco
4452;2973;1542;1;260,00;Venda Pai Nao Existe no Banco
4453;2973;7821;1;140,00;Venda Pai Nao Existe no Banco
4454;2975;7821;1;110,00;Venda Pai Nao Existe no Banco
4455;2975;5627;1;690,00;Venda Pai Nao Existe no Banco
4456;2977;6690;1;605,00;Venda Pai Nao Existe no Banco
4457;2977;7821;1;-280,00;Venda Pai Nao Existe no Banco
4460;2978;7578;0,5;160,00;Venda Pai Nao Existe no Banco
4461;2978;1534;0,5;80,00;Venda Pai Nao Existe no Banco
4462;2978;7821;1;120,00;Venda Pai Nao Existe no Banco
4463;2979;5627;1;680,00;Venda Pai Nao Existe no Banco
4464;2979;5930;1;320,00;Venda Pai Nao Existe no Banco
4465;2980;7698;1;220,00;Venda Pai Nao Existe no Banco
4467;2981;7302;1;280,00;Venda Pai Nao Existe no Banco
4468;2982;1534;1;160,00;Venda Pai Nao Existe no Banco
4469;2982;7821;1;120,00;Venda Pai Nao Existe no Banco
4470;2983;1554;1;190,00;Venda Pai Nao Existe no Banco
4471;2983;7821;1;120,00;Venda Pai Nao Existe no Banco
4472;2984;1534;1;160,00;Venda Pai Nao Existe no Banco
4473;2984;7821;1;120,00;Venda Pai Nao Existe no Banco
4474;2983;1534;1;130,00;Venda Pai Nao Existe no Banco
4475;2985;1534;1;145,00;Venda Pai Nao Existe no Banco
4476;2985;7821;1;120,00;Venda Pai Nao Existe no Banco
4477;2986;1760;1;450,00;Venda Pai Nao Existe no Banco
4478;2986;7821;1;120,00;Venda Pai Nao Existe no Banco
4479;2987;1534;1;130,00;Venda Pai Nao Existe no Banco
4480;2987;7821;1;100,00;Venda Pai Nao Existe no Banco
4481;2988;1534;0,5;60,00;Venda Pai Nao Existe no Banco
4482;2989;1534;1;150,00;Venda Pai Nao Existe no Banco
4483;2990;7698;1;220,00;Venda Pai Nao Existe no Banco
4485;2991;7821;1;120,00;Venda Pai Nao Existe no Banco
4486;2991;1752;1;260,00;Venda Pai Nao Existe no Banco
4487;2992;1534;1;145,00;Venda Pai Nao Existe no Banco
4488;2992;7873;1;100,00;Venda Pai Nao Existe no Banco
4489;2993;1534;1;120,00;Venda Pai Nao Existe no Banco
4490;2994;5966;1;120,00;Venda Pai Nao Existe no Banco
4491;2995;1534;0,5;80,00;Venda Pai Nao Existe no Banco
4492;2996;1534;1;125,00;Venda Pai Nao Existe no Banco
4493;2997;1542;1;235,00;Venda Pai Nao Existe no Banco
4494;2998;1542;1;240,00;Venda Pai Nao Existe no Banco
4495;2998;7821;1;120,00;Venda Pai Nao Existe no Banco
4498;2999;5504;1;520,00;Venda Pai Nao Existe no Banco
4500;3002;1534;1;120,00;Venda Pai Nao Existe no Banco
4501;3002;6807;1;100,00;Venda Pai Nao Existe no Banco
4502;3003;1752;1;280,00;Venda Pai Nao Existe no Banco
4503;3003;7867;1;100,00;Venda Pai Nao Existe no Banco
4504;3000;1752;1;260,00;Venda Pai Nao Existe no Banco
4506;3004;7432;1;490,00;Venda Pai Nao Existe no Banco
4507;3004;7953;1;300,00;Venda Pai Nao Existe no Banco
4508;3005;7821;1;180,00;Venda Pai Nao Existe no Banco
4509;3006;1668;1;145,00;Venda Pai Nao Existe no Banco
4510;3006;7821;1;120,00;Venda Pai Nao Existe no Banco
4511;3008;1721;1;480,00;Venda Pai Nao Existe no Banco
4512;3008;7821;1;120,00;Venda Pai Nao Existe no Banco
4513;3009;7810;1;110,00;Venda Pai Nao Existe no Banco
4514;3009;6809;1;190,00;Venda Pai Nao Existe no Banco
4515;3010;1542;1;260,00;Venda Pai Nao Existe no Banco
4517;3010;7821;1;120,00;Venda Pai Nao Existe no Banco
4518;3011;7732;1;190,00;Venda Pai Nao Existe no Banco
4519;3012;6899;1;570,00;Venda Pai Nao Existe no Banco
4520;3013;1760;1;450,00;Venda Pai Nao Existe no Banco
4521;3013;7155;1;340,00;Venda Pai Nao Existe no Banco
4522;3014;2411;1;376,00;Venda Pai Nao Existe no Banco
4523;3014;7951;1;304,00;Venda Pai Nao Existe no Banco
4524;3014;7563;1;420,00;Venda Pai Nao Existe no Banco
4525;3015;1534;2;220,00;Venda Pai Nao Existe no Banco
4526;3015;7821;2;220,00;Venda Pai Nao Existe no Banco
4527;3016;1760;1;400,00;Venda Pai Nao Existe no Banco
4528;3016;7882;1;300,00;Venda Pai Nao Existe no Banco
4529;3017;7953;1;300,00;Venda Pai Nao Existe no Banco
4530;3017;7821;1;120,00;Venda Pai Nao Existe no Banco
4531;3018;1534;1;130,00;Venda Pai Nao Existe no Banco
4532;3019;1540;1;50,00;Venda Pai Nao Existe no Banco
4533;3020;1542;1;260,00;Venda Pai Nao Existe no Banco
4534;3020;7821;1;120,00;Venda Pai Nao Existe no Banco
4535;3022;1760;1;380,00;Venda Pai Nao Existe no Banco
4536;3024;5066;1;520,00;Venda Pai Nao Existe no Banco
4537;3025;7835;1;340,00;Venda Pai Nao Existe no Banco
4538;3026;1554;1;170,00;Venda Pai Nao Existe no Banco
4539;3026;7892;1;310,00;Venda Pai Nao Existe no Banco
4540;3027;1534;1;160,00;Venda Pai Nao Existe no Banco
4541;3029;7953;1;320,00;Venda Pai Nao Existe no Banco
4542;3029;7821;1;99,00;Venda Pai Nao Existe no Banco
4543;3030;1542;1;230,00;Venda Pai Nao Existe no Banco
4544;3030;7821;1;120,00;Venda Pai Nao Existe no Banco
4545;3031;7746;1;190,00;Venda Pai Nao Existe no Banco
4546;3033;1534;1;130,00;Venda Pai Nao Existe no Banco
4547;3034;1542;1;225,00;Venda Pai Nao Existe no Banco
4549;3034;7865;1;100,00;Venda Pai Nao Existe no Banco
4550;3035;7868;1;100,00;Venda Pai Nao Existe no Banco
4552;3036;4680;1;280,00;Venda Pai Nao Existe no Banco
4554;3036;7954;1;445,00;Venda Pai Nao Existe no Banco
4555;3037;1533;0,5;45,00;Venda Pai Nao Existe no Banco
4556;3037;1542;0,5;130,00;Venda Pai Nao Existe no Banco
4557;3038;1534;1;160,00;Venda Pai Nao Existe no Banco
4559;3040;7348;1;240,00;Venda Pai Nao Existe no Banco
4560;3041;1542;0,5;130,00;Venda Pai Nao Existe no Banco
4561;3042;1554;1;175,00;Venda Pai Nao Existe no Banco
4562;3042;6192;1;100,00;Venda Pai Nao Existe no Banco
4563;3043;7744;1;215,00;Venda Pai Nao Existe no Banco
4564;3044;1534;1;130,00;Venda Pai Nao Existe no Banco
4565;3045;7477;1;430,00;Venda Pai Nao Existe no Banco
4566;3045;1534;1;120,00;Venda Pai Nao Existe no Banco
4567;3046;1533;1;90,00;Venda Pai Nao Existe no Banco
4568;3047;7821;1;180,00;Venda Pai Nao Existe no Banco
4569;3048;1542;1;230,00;Venda Pai Nao Existe no Banco
4570;3050;1760;1;350,00;Venda Pai Nao Existe no Banco
4571;3050;7952;1;300,00;Venda Pai Nao Existe no Banco
4572;3050;7953;1;250,00;Venda Pai Nao Existe no Banco
4573;3051;5454;1;612,00;Venda Pai Nao Existe no Banco
4574;3050;7945;1;300,00;Venda Pai Nao Existe no Banco
4575;3053;1542;1;260,00;Venda Pai Nao Existe no Banco
4576;3053;6600;1;380,00;Venda Pai Nao Existe no Banco
4577;3054;1804;1;800,00;Venda Pai Nao Existe no Banco
4578;3054;7246;1;280,00;Venda Pai Nao Existe no Banco
4579;3055;1534;1;120,00;Venda Pai Nao Existe no Banco
4580;3055;7821;1;120,00;Venda Pai Nao Existe no Banco
4581;3055;5627;1;690,00;Venda Pai Nao Existe no Banco
4582;3055;7898;1;340,00;Venda Pai Nao Existe no Banco
4583;3056;4497;1;180,00;Venda Pai Nao Existe no Banco
4584;3057;7821;1;120,00;Venda Pai Nao Existe no Banco
4585;3058;1542;1;200,00;Venda Pai Nao Existe no Banco
4586;3058;5627;1;550,00;Venda Pai Nao Existe no Banco
4587;3058;7821;1;100,00;Venda Pai Nao Existe no Banco
4588;3058;7799;1;150,00;Venda Pai Nao Existe no Banco
4589;3059;1760;1;400,00;Venda Pai Nao Existe no Banco
4590;3059;7872;1;100,00;Venda Pai Nao Existe no Banco
4591;3060;1540;1;60,00;Venda Pai Nao Existe no Banco
4592;3061;7953;1;290,00;Venda Pai Nao Existe no Banco
4593;3061;1562;1;380,00;Venda Pai Nao Existe no Banco
4594;3062;1552;1;190,00;Venda Pai Nao Existe no Banco
4595;3063;1721;1;560,00;Venda Pai Nao Existe no Banco
4596;3063;7821;1;120,00;Venda Pai Nao Existe no Banco
4597;3064;1534;1;130,00;Venda Pai Nao Existe no Banco
4599;3066;7866;1;100,00;Venda Pai Nao Existe no Banco
4600;3065;7955;1;2.865,00;Venda Pai Nao Existe no Banco
4601;3065;7156;1;379,00;Venda Pai Nao Existe no Banco
4602;3065;7953;1;320,00;Venda Pai Nao Existe no Banco
4605;3069;6178;1;490,00;Venda Pai Nao Existe no Banco
4606;3068;7953;1;320,00;Venda Pai Nao Existe no Banco
4607;3070;1534;1;160,00;Venda Pai Nao Existe no Banco
4608;3071;1534;1;140,00;Venda Pai Nao Existe no Banco
4609;3073;1721;1;500,00;Venda Pai Nao Existe no Banco
4610;3075;1760;1;400,00;Venda Pai Nao Existe no Banco
4611;3075;7821;1;120,00;Venda Pai Nao Existe no Banco
4612;3075;7810;1;100,00;Venda Pai Nao Existe no Banco
4613;3076;1534;1;160,00;Venda Pai Nao Existe no Banco
4614;3076;7821;1;140,00;Venda Pai Nao Existe no Banco
4616;3077;7821;1;180,00;Venda Pai Nao Existe no Banco
4617;3077;7956;1;360,00;Venda Pai Nao Existe no Banco
4618;3078;1752;1;260,00;Venda Pai Nao Existe no Banco
4619;3078;7821;1;120,00;Venda Pai Nao Existe no Banco
4620;3079;2403;2;680,00;Venda Pai Nao Existe no Banco
4621;3080;1534;1;140,00;Venda Pai Nao Existe no Banco
4623;3081;7821;1;120,00;Venda Pai Nao Existe no Banco
4624;3081;1752;1;260,00;Venda Pai Nao Existe no Banco
4625;3082;1534;1;160,00;Venda Pai Nao Existe no Banco
4626;3082;7821;1;120,00;Venda Pai Nao Existe no Banco
4627;3083;1554;1;190,00;Venda Pai Nao Existe no Banco
4628;3084;7953;1;320,00;Venda Pai Nao Existe no Banco
4629;3084;7886;1;330,00;Venda Pai Nao Existe no Banco
4633;3085;3520;1;79,00;Venda Pai Nao Existe no Banco
4634;3085;3587;1;79,00;Venda Pai Nao Existe no Banco
4635;3085;7291;1;280,00;Venda Pai Nao Existe no Banco
4637;3086;7870;1;100,00;Venda Pai Nao Existe no Banco
4638;3086;7379;1;570,00;Venda Pai Nao Existe no Banco
4640;3085;7957;1;1.230,00;Venda Pai Nao Existe no Banco
4641;3087;4939;1;460,00;Venda Pai Nao Existe no Banco
4642;3087;7821;1;120,00;Venda Pai Nao Existe no Banco
4643;3088;1534;1;130,00;Venda Pai Nao Existe no Banco
4644;3088;7821;1;120,00;Venda Pai Nao Existe no Banco
4645;3089;1884;1;70,00;Venda Pai Nao Existe no Banco
4646;3090;7953;1;270,00;Venda Pai Nao Existe no Banco
4647;3090;7821;1;100,00;Venda Pai Nao Existe no Banco
4648;3092;1534;1;160,00;Venda Pai Nao Existe no Banco
4649;3093;1534;1;130,00;Venda Pai Nao Existe no Banco
4650;3095;7260;1;250,00;Venda Pai Nao Existe no Banco
4651;3096;6208;1;70,00;Venda Pai Nao Existe no Banco
4652;3097;1542;0,5;130,00;Venda Pai Nao Existe no Banco
4653;3098;7555;1;495,00;Venda Pai Nao Existe no Banco
4654;3098;3316;1;190,00;Venda Pai Nao Existe no Banco
4655;3099;7198;1;340,00;Venda Pai Nao Existe no Banco
4656;3099;1542;1;260,00;Venda Pai Nao Existe no Banco
4657;3101;1534;1;110,00;Venda Pai Nao Existe no Banco
4658;3102;7895;1;300,00;Venda Pai Nao Existe no Banco
4659;3103;1534;1;160,00;Venda Pai Nao Existe no Banco
4660;3103;7821;1;120,00;Venda Pai Nao Existe no Banco
4661;3104;1760;1;450,00;Venda Pai Nao Existe no Banco
4663;3104;7937;1;320,00;Venda Pai Nao Existe no Banco
4664;3105;1534;1;130,00;Venda Pai Nao Existe no Banco
4665;3105;7948;1;300,00;Venda Pai Nao Existe no Banco
4666;3106;1534;1;130,00;Venda Pai Nao Existe no Banco
4667;3107;7821;1;180,00;Venda Pai Nao Existe no Banco
4668;3108;7821;1;100,00;Venda Pai Nao Existe no Banco
4669;3109;5609;1;380,00;Venda Pai Nao Existe no Banco
4670;3110;1321;1;180,00;Venda Pai Nao Existe no Banco
4671;3110;1542;1;260,00;Venda Pai Nao Existe no Banco
4672;3111;1534;1;145,00;Venda Pai Nao Existe no Banco
4673;3111;7821;1;105,00;Venda Pai Nao Existe no Banco
4674;3112;7821;1;100,00;Venda Pai Nao Existe no Banco
4675;3113;7405;1;190,00;Venda Pai Nao Existe no Banco
4676;3113;6247;1;90,00;Venda Pai Nao Existe no Banco
4677;3114;7754;1;190,00;Venda Pai Nao Existe no Banco
4678;3115;1552;1;150,00;Venda Pai Nao Existe no Banco
4679;3115;7821;1;100,00;Venda Pai Nao Existe no Banco
4680;3116;1721;1;490,00;Venda Pai Nao Existe no Banco
4681;3116;7880;1;100,00;Venda Pai Nao Existe no Banco
4682;3117;4939;1;611,00;Venda Pai Nao Existe no Banco
4683;3118;1760;1;300,00;Venda Pai Nao Existe no Banco
4684;3118;7880;1;100,00;Venda Pai Nao Existe no Banco
4685;3119;7821;1;120,00;Venda Pai Nao Existe no Banco
4686;3120;1540;1;60,00;Venda Pai Nao Existe no Banco
4687;3121;1542;1;230,00;Venda Pai Nao Existe no Banco
4688;3121;7821;1;120,00;Venda Pai Nao Existe no Banco
4689;3122;7935;1;350,00;Venda Pai Nao Existe no Banco
4690;3122;1542;1;250,00;Venda Pai Nao Existe no Banco
4691;3123;5627;1;720,00;Venda Pai Nao Existe no Banco
4692;3123;7821;1;120,00;Venda Pai Nao Existe no Banco
4693;3124;7909;1;380,00;Venda Pai Nao Existe no Banco
4694;3125;1534;1;160,00;Venda Pai Nao Existe no Banco
4695;3125;7387;1;100,00;Venda Pai Nao Existe no Banco
4697;3126;1752;1;190,00;Venda Pai Nao Existe no Banco
4698;3127;7821;1;120,00;Venda Pai Nao Existe no Banco
4699;3128;1542;1;235,00;Venda Pai Nao Existe no Banco
4700;3128;6191;1;120,00;Venda Pai Nao Existe no Banco
4701;3130;1542;1;260,00;Venda Pai Nao Existe no Banco
4702;3130;5794;1;120,00;Venda Pai Nao Existe no Banco
4703;3131;2403;1;70,00;Venda Pai Nao Existe no Banco
4704;3132;1562;1;550,00;Venda Pai Nao Existe no Banco
4705;3132;7855;1;340,00;Venda Pai Nao Existe no Banco
4706;3133;1534;1;130,00;Venda Pai Nao Existe no Banco
4707;3133;7869;1;100,00;Venda Pai Nao Existe no Banco
4708;3134;1542;2;520,00;Venda Pai Nao Existe no Banco
4709;3134;7866;1;120,00;Venda Pai Nao Existe no Banco
4711;3135;1554;1;160,00;Venda Pai Nao Existe no Banco
4712;3136;1534;1;120,00;Venda Pai Nao Existe no Banco
4713;3136;7821;1;120,00;Venda Pai Nao Existe no Banco
4714;3138;1554;1;210,00;Venda Pai Nao Existe no Banco
4715;3138;2656;1;120,00;Venda Pai Nao Existe no Banco
4716;3139;5627;1;610,00;Venda Pai Nao Existe no Banco
4717;3139;7821;1;120,00;Venda Pai Nao Existe no Banco
4718;3117;7821;1;180,00;Venda Pai Nao Existe no Banco
4719;3140;1560;1;320,00;Venda Pai Nao Existe no Banco
4720;3141;1554;1;190,00;Venda Pai Nao Existe no Banco
4721;3142;7821;1;180,00;Venda Pai Nao Existe no Banco
4722;3142;1542;1;260,00;Venda Pai Nao Existe no Banco
4723;3143;5940;1;380,00;Venda Pai Nao Existe no Banco
4724;3144;1534;1;160,00;Venda Pai Nao Existe no Banco
4725;3144;7821;1;180,00;Venda Pai Nao Existe no Banco
4726;3145;1534;1;160,00;Venda Pai Nao Existe no Banco
4727;3146;1534;1;150,00;Venda Pai Nao Existe no Banco
4728;3148;1552;1;190,00;Venda Pai Nao Existe no Banco
4729;3149;1542;1;230,00;Venda Pai Nao Existe no Banco
4730;3150;1542;1;260,00;Venda Pai Nao Existe no Banco
4731;3150;7775;1;120,00;Venda Pai Nao Existe no Banco
4732;3151;7639;1;440,00;Venda Pai Nao Existe no Banco
4733;3151;7821;1;120,00;Venda Pai Nao Existe no Banco
4734;3152;7810;1;210,00;Venda Pai Nao Existe no Banco
4735;3153;7966;1;580,00;Venda Pai Nao Existe no Banco
4736;3154;7958;1;570,00;Venda Pai Nao Existe no Banco
4737;3156;7762;1;530,00;Venda Pai Nao Existe no Banco
4738;3157;1534;1;110,00;Venda Pai Nao Existe no Banco
4739;3158;1534;1;160,00;Venda Pai Nao Existe no Banco
4740;3159;1542;1;210,00;Venda Pai Nao Existe no Banco
4741;3160;1752;1;270,00;Venda Pai Nao Existe no Banco
4742;3161;1534;1;120,00;Venda Pai Nao Existe no Banco
4743;3161;6576;1;100,00;Venda Pai Nao Existe no Banco
4744;3162;1534;1;130,00;Venda Pai Nao Existe no Banco
4745;3163;7821;1;120,00;Venda Pai Nao Existe no Banco
4746;3164;7972;1;280,00;Venda Pai Nao Existe no Banco
4747;3165;1534;1;160,00;Venda Pai Nao Existe no Banco
4748;3166;7606;1;260,00;Venda Pai Nao Existe no Banco
4749;3167;1542;1;200,00;Venda Pai Nao Existe no Banco
4750;3168;1760;1;420,00;Venda Pai Nao Existe no Banco
4751;3168;7821;1;120,00;Venda Pai Nao Existe no Banco
4752;3169;1540;1;60,00;Venda Pai Nao Existe no Banco
4753;3170;1542;1;260,00;Venda Pai Nao Existe no Banco
4754;3171;6298;1;120,00;Venda Pai Nao Existe no Banco
4755;3172;6645;1;225,00;Venda Pai Nao Existe no Banco
4756;3173;1721;1;470,00;Venda Pai Nao Existe no Banco
4757;3173;1721;1;470,00;Venda Pai Nao Existe no Banco
4758;3173;7821;1;120,00;Venda Pai Nao Existe no Banco
4759;3173;7821;1;120,00;Venda Pai Nao Existe no Banco
4760;3173;7972;1;240,00;Venda Pai Nao Existe no Banco
4761;3173;7972;1;240,00;Venda Pai Nao Existe no Banco
4762;3174;1533;1;90,00;Venda Pai Nao Existe no Banco
4763;3174;7821;1;180,00;Venda Pai Nao Existe no Banco
4764;3175;1542;1;235,00;Venda Pai Nao Existe no Banco
4765;3175;7821;1;140,00;Venda Pai Nao Existe no Banco
4766;3176;6420;1;350,00;Venda Pai Nao Existe no Banco
4767;3178;7972;1;260,00;Venda Pai Nao Existe no Banco
4768;3179;7972;1;250,00;Venda Pai Nao Existe no Banco
4769;3180;3034;1;80,00;Venda Pai Nao Existe no Banco
4770;3181;6215;1;79,00;Venda Pai Nao Existe no Banco
4771;3182;7871;1;100,00;Venda Pai Nao Existe no Banco
4772;3182;1542;1;260,00;Venda Pai Nao Existe no Banco
4773;3183;7114;1;100,00;Venda Pai Nao Existe no Banco
4774;3184;5627;1;780,00;Venda Pai Nao Existe no Banco
4775;3185;1534;1;160,00;Venda Pai Nao Existe no Banco
4776;3185;7929;1;380,00;Venda Pai Nao Existe no Banco
4777;3186;1542;1;210,00;Venda Pai Nao Existe no Banco
4778;3187;1534;1;140,00;Venda Pai Nao Existe no Banco
4779;3188;6901;1;440,00;Venda Pai Nao Existe no Banco
4780;3189;1526;1;120,00;Venda Pai Nao Existe no Banco
4781;3190;1534;1;160,00;Venda Pai Nao Existe no Banco
4782;3190;7821;1;120,00;Venda Pai Nao Existe no Banco
4783;3191;1540;1;30,00;Venda Pai Nao Existe no Banco
4784;3192;1534;1;130,00;Venda Pai Nao Existe no Banco
4785;3192;7234;1;210,00;Venda Pai Nao Existe no Banco
4786;3193;1552;1;170,00;Venda Pai Nao Existe no Banco
4787;3194;7810;1;120,00;Venda Pai Nao Existe no Banco
4788;3195;1534;1;160,00;Venda Pai Nao Existe no Banco
4789;3195;7821;1;180,00;Venda Pai Nao Existe no Banco
4790;3196;1534;1;145,00;Venda Pai Nao Existe no Banco
4791;3196;6703;1;485,00;Venda Pai Nao Existe no Banco
4792;3197;7821;1;120,00;Venda Pai Nao Existe no Banco
4793;3198;7836;1;320,00;Venda Pai Nao Existe no Banco
4794;3198;1534;1;0,00;Venda Pai Nao Existe no Banco
4795;3199;5535;1;380,00;Venda Pai Nao Existe no Banco
4796;3200;3447;1;70,00;Venda Pai Nao Existe no Banco
4797;3201;7897;1;300,00;Venda Pai Nao Existe no Banco
4798;3202;1534;1;145,00;Venda Pai Nao Existe no Banco
4799;3202;7942;1;345,00;Venda Pai Nao Existe no Banco
4800;3203;1542;1;260,00;Venda Pai Nao Existe no Banco
4801;3203;7869;1;120,00;Venda Pai Nao Existe no Banco
4802;3204;1542;1;260,00;Venda Pai Nao Existe no Banco
4803;3204;7821;1;180,00;Venda Pai Nao Existe no Banco
4804;3205;1534;1;145,00;Venda Pai Nao Existe no Banco
4805;3205;1542;1;235,00;Venda Pai Nao Existe no Banco
4806;3205;7821;1;120,00;Venda Pai Nao Existe no Banco
4807;3205;7776;1;120,00;Venda Pai Nao Existe no Banco
4808;3206;1534;1;120,00;Venda Pai Nao Existe no Banco
4809;3206;7821;1;100,00;Venda Pai Nao Existe no Banco
4810;3207;1534;1;120,00;Venda Pai Nao Existe no Banco
4811;3207;7821;1;100,00;Venda Pai Nao Existe no Banco
4812;3208;1542;1;260,00;Venda Pai Nao Existe no Banco
4813;3152;1534;1;160,00;Venda Pai Nao Existe no Banco
4814;3209;1542;1;230,00;Venda Pai Nao Existe no Banco
4815;3209;7821;1;120,00;Venda Pai Nao Existe no Banco
4816;3210;7953;2;520,00;Venda Pai Nao Existe no Banco
4817;3210;7821;1;100,00;Venda Pai Nao Existe no Banco
4818;3211;1542;1;230,00;Venda Pai Nao Existe no Banco
4819;3212;1760;1;450,00;Venda Pai Nao Existe no Banco
4820;3212;7821;1;120,00;Venda Pai Nao Existe no Banco
4821;3213;7893;1;380,00;Venda Pai Nao Existe no Banco
4822;3214;2411;1;480,00;Venda Pai Nao Existe no Banco
4823;3215;1405;1;50,00;Venda Pai Nao Existe no Banco
4824;3216;1542;1;260,00;Venda Pai Nao Existe no Banco
4825;3216;7853;1;320,00;Venda Pai Nao Existe no Banco
4826;3217;1534;1;100,00;Venda Pai Nao Existe no Banco
4827;3218;7821;1;140,00;Venda Pai Nao Existe no Banco
4828;3217;7821;1;100,00;Venda Pai Nao Existe no Banco
4829;3219;5759;1;100,00;Venda Pai Nao Existe no Banco
4830;3220;7972;1;220,00;Venda Pai Nao Existe no Banco
4831;3221;1534;1;100,00;Venda Pai Nao Existe no Banco
4832;3222;7969;1;570,00;Venda Pai Nao Existe no Banco
4833;3221;5538;1;100,00;Venda Pai Nao Existe no Banco
4834;3223;1405;1;280,00;Venda Pai Nao Existe no Banco
4835;3224;7769;1;490,00;Venda Pai Nao Existe no Banco
4836;3225;1534;1;145,00;Venda Pai Nao Existe no Banco
4837;3226;1760;1;400,00;Venda Pai Nao Existe no Banco
4839;3227;7821;1;140,00;Venda Pai Nao Existe no Banco
4840;3227;1752;1;260,00;Venda Pai Nao Existe no Banco
4841;3229;1534;1;160,00;Venda Pai Nao Existe no Banco
4842;3229;3736;1;120,00;Venda Pai Nao Existe no Banco
4844;3232;1542;1;230,00;Venda Pai Nao Existe no Banco
4845;3233;1542;1;260,00;Venda Pai Nao Existe no Banco
4846;3233;7821;1;100,00;Venda Pai Nao Existe no Banco
4847;3234;6065;1;180,00;Venda Pai Nao Existe no Banco
4848;3235;1542;1;100,00;Venda Pai Nao Existe no Banco
4849;3237;1554;1;190,00;Venda Pai Nao Existe no Banco
4850;3237;7624;1;120,00;Venda Pai Nao Existe no Banco
4852;3238;7972;1;240,00;Venda Pai Nao Existe no Banco
4854;3238;1752;1;240,00;Venda Pai Nao Existe no Banco
4855;3239;1542;1;240,00;Venda Pai Nao Existe no Banco
4856;3240;1721;1;590,00;Venda Pai Nao Existe no Banco
4857;3241;1542;1;100,00;Venda Pai Nao Existe no Banco
4858;3241;7972;1;100,00;Venda Pai Nao Existe no Banco
4859;3242;7972;1;120,00;Venda Pai Nao Existe no Banco
4860;3243;1542;1;200,00;Venda Pai Nao Existe no Banco
4861;3247;1534;1;160,00;Venda Pai Nao Existe no Banco
4862;3247;7986;1;480,00;Venda Pai Nao Existe no Banco
4863;3248;1721;1;500,00;Venda Pai Nao Existe no Banco
4864;3249;1534;1;160,00;Venda Pai Nao Existe no Banco
4865;3235;7821;1;100,00;Venda Pai Nao Existe no Banco
4866;3249;1349;1;100,00;Venda Pai Nao Existe no Banco
4867;3250;1542;1;240,00;Venda Pai Nao Existe no Banco
4868;3250;7944;1;340,00;Venda Pai Nao Existe no Banco
4869;3251;1562;1;420,00;Venda Pai Nao Existe no Banco
4870;3251;7854;1;320,00;Venda Pai Nao Existe no Banco
4871;3252;1534;1;160,00;Venda Pai Nao Existe no Banco
4872;3252;7821;1;140,00;Venda Pai Nao Existe no Banco
4873;3253;7490;1;220,00;Venda Pai Nao Existe no Banco
4874;3253;1534;1;160,00;Venda Pai Nao Existe no Banco
4875;3254;1534;1;160,00;Venda Pai Nao Existe no Banco
4876;3254;7533;1;220,00;Venda Pai Nao Existe no Banco
4878;3255;7987;1;450,00;Venda Pai Nao Existe no Banco
4879;3256;7044;1;240,00;Venda Pai Nao Existe no Banco
4880;3257;7972;1;220,00;Venda Pai Nao Existe no Banco
4881;3258;7972;1;190,00;Venda Pai Nao Existe no Banco
4883;3259;7939;1;340,00;Venda Pai Nao Existe no Banco
4884;3259;1752;1;260,00;Venda Pai Nao Existe no Banco
4885;3259;1534;1;140,00;Venda Pai Nao Existe no Banco
4886;3259;7821;1;120,00;Venda Pai Nao Existe no Banco
4887;3218;1542;1;260,00;Venda Pai Nao Existe no Banco
4888;3218;1534;1;140,00;Venda Pai Nao Existe no Banco
4889;3218;7821;1;140,00;Venda Pai Nao Existe no Banco
4890;3260;3991;1;100,00;Venda Pai Nao Existe no Banco
4891;3261;6181;1;180,00;Venda Pai Nao Existe no Banco
4892;3261;1542;1;260,00;Venda Pai Nao Existe no Banco
4893;3262;1534;1;160,00;Venda Pai Nao Existe no Banco
4894;3262;7821;1;120,00;Venda Pai Nao Existe no Banco
4895;3263;1534;2;250,00;Venda Pai Nao Existe no Banco
4896;3263;7872;1;100,00;Venda Pai Nao Existe no Banco
4897;3263;7821;1;100,00;Venda Pai Nao Existe no Banco
4898;3264;1542;1;200,00;Venda Pai Nao Existe no Banco
4899;3265;1534;1;145,00;Venda Pai Nao Existe no Banco
4900;3266;7987;1;450,00;Venda Pai Nao Existe no Banco
4901;3269;1542;1;260,00;Venda Pai Nao Existe no Banco
4902;3269;4203;1;100,00;Venda Pai Nao Existe no Banco
4903;3270;1321;1;80,00;Venda Pai Nao Existe no Banco
4904;3271;1534;1;160,00;Venda Pai Nao Existe no Banco
4905;3271;7887;1;380,00;Venda Pai Nao Existe no Banco
4906;3272;1534;1;160,00;Venda Pai Nao Existe no Banco
4907;3273;1760;1;560,00;Venda Pai Nao Existe no Banco
4908;3274;7610;1;150,00;Venda Pai Nao Existe no Banco
4909;3275;2403;2;640,00;Venda Pai Nao Existe no Banco
4910;3276;6178;1;490,00;Venda Pai Nao Existe no Banco
4911;3277;7821;1;100,00;Venda Pai Nao Existe no Banco
4912;3278;7823;1;690,00;Venda Pai Nao Existe no Banco
4914;3278;7988;1;780,00;Venda Pai Nao Existe no Banco
4915;3279;7872;1;100,00;Venda Pai Nao Existe no Banco
4916;3279;1534;1;140,00;Venda Pai Nao Existe no Banco
4917;3280;1534;1;160,00;Venda Pai Nao Existe no Banco
4918;3280;7821;1;180,00;Venda Pai Nao Existe no Banco
4919;3281;7953;1;340,00;Venda Pai Nao Existe no Banco
4920;3281;7046;1;220,00;Venda Pai Nao Existe no Banco
4921;3272;2287;1;25,00;Venda Pai Nao Existe no Banco
4923;3284;7972;1;240,00;Venda Pai Nao Existe no Banco
4924;3283;1534;1;145,00;Venda Pai Nao Existe no Banco
4925;3285;7344;1;240,00;Venda Pai Nao Existe no Banco
4926;3286;7972;1;240,00;Venda Pai Nao Existe no Banco
4927;3287;7972;1;190,00;Venda Pai Nao Existe no Banco
4933;3289;7821;1;158,00;Venda Pai Nao Existe no Banco
4934;3289;7993;1;2.842,00;Venda Pai Nao Existe no Banco
4935;3290;1534;1;100,00;Venda Pai Nao Existe no Banco
4936;3290;6145;1;100,00;Venda Pai Nao Existe no Banco
4937;3291;7970;1;520,00;Venda Pai Nao Existe no Banco
4938;3292;1540;1;50,00;Venda Pai Nao Existe no Banco
4939;3293;7961;1;620,00;Venda Pai Nao Existe no Banco
4940;3294;7769;1;536,00;Venda Pai Nao Existe no Banco
4941;3295;1534;1;160,00;Venda Pai Nao Existe no Banco
4942;3295;1405;1;390,00;Venda Pai Nao Existe no Banco
4943;3296;3514;1;80,00;Venda Pai Nao Existe no Banco
4944;3297;1552;1;190,00;Venda Pai Nao Existe no Banco
4945;3297;4622;1;150,00;Venda Pai Nao Existe no Banco
4946;3298;7861;1;204,00;Venda Pai Nao Existe no Banco
4947;3298;1534;1;90,00;Venda Pai Nao Existe no Banco
4948;3300;7972;1;220,00;Venda Pai Nao Existe no Banco
4950;3301;7821;1;0,00;Venda Pai Nao Existe no Banco
4951;3301;7379;1;590,00;Venda Pai Nao Existe no Banco
4952;3302;1554;1;150,00;Venda Pai Nao Existe no Banco
4953;3304;930;1;580,00;Venda Pai Nao Existe no Banco
4954;3305;1542;1;220,00;Venda Pai Nao Existe no Banco
4955;3305;7134;1;300,00;Venda Pai Nao Existe no Banco
4956;3307;3419;1;350,00;Venda Pai Nao Existe no Banco
4957;3308;1721;1;275,00;Venda Pai Nao Existe no Banco
4958;3309;1349;1;90,00;Venda Pai Nao Existe no Banco
4959;3310;1349;1;100,00;Venda Pai Nao Existe no Banco
4961;3311;8013;1;432,00;Venda Pai Nao Existe no Banco
4962;3311;1534;1;144,00;Venda Pai Nao Existe no Banco
4963;3312;5627;1;700,00;Venda Pai Nao Existe no Banco
4967;3315;4939;1;280,00;Venda Pai Nao Existe no Banco
4970;3313;8016;1;1.200,00;Venda Pai Nao Existe no Banco
4971;3316;1534;1;160,00;Venda Pai Nao Existe no Banco
4972;3316;7815;1;220,00;Venda Pai Nao Existe no Banco
4973;3317;1552;1;190,00;Venda Pai Nao Existe no Banco
4974;3317;3157;1;100,00;Venda Pai Nao Existe no Banco
4975;3318;3500;1;140,00;Venda Pai Nao Existe no Banco
4976;3319;4253;1;530,00;Venda Pai Nao Existe no Banco
4977;3320;1542;1;240,00;Venda Pai Nao Existe no Banco
4978;3320;7821;1;120,00;Venda Pai Nao Existe no Banco
4979;3321;7990;1;480,00;Venda Pai Nao Existe no Banco
4980;3322;1955;1;540,00;Venda Pai Nao Existe no Banco
4981;3323;7987;1;480,00;Venda Pai Nao Existe no Banco
4982;3323;7825;1;380,00;Venda Pai Nao Existe no Banco
4983;3324;7977;1;440,00;Venda Pai Nao Existe no Banco
4984;3324;7822;1;160,00;Venda Pai Nao Existe no Banco
4985;3325;1534;1;160,00;Venda Pai Nao Existe no Banco
4986;3325;6018;1;480,00;Venda Pai Nao Existe no Banco
4987;3326;7834;1;310,00;Venda Pai Nao Existe no Banco
4989;3327;8017;1;530,00;Venda Pai Nao Existe no Banco
4990;3328;1533;1;90,00;Venda Pai Nao Existe no Banco
4991;3329;7821;1;120,00;Venda Pai Nao Existe no Banco
4992;3330;1760;1;490,00;Venda Pai Nao Existe no Banco
4993;3331;7987;1;220,00;Venda Pai Nao Existe no Banco
4994;3331;6601;1;260,00;Venda Pai Nao Existe no Banco
4995;3332;7810;1;90,00;Venda Pai Nao Existe no Banco
4996;3333;1554;1;165,00;Venda Pai Nao Existe no Banco
4998;3335;7821;1;120,00;Venda Pai Nao Existe no Banco
5000;3336;6347;1;240,00;Venda Pai Nao Existe no Banco
5001;3337;1534;1;160,00;Venda Pai Nao Existe no Banco
5002;3337;7901;1;380,00;Venda Pai Nao Existe no Banco
5003;3338;7972;1;240,00;Venda Pai Nao Existe no Banco
5004;3339;5627;1;820,00;Venda Pai Nao Existe no Banco
5005;3339;5072;1;120,00;Venda Pai Nao Existe no Banco
5006;3340;7821;1;160,00;Venda Pai Nao Existe no Banco
5007;3335;1542;1;260,00;Venda Pai Nao Existe no Banco
5009;3341;7943;1;380,00;Venda Pai Nao Existe no Banco
5010;3341;4939;1;550,00;Venda Pai Nao Existe no Banco
5011;3342;5135;1;110,00;Venda Pai Nao Existe no Banco
5012;3343;2287;1;80,00;Venda Pai Nao Existe no Banco
5013;3344;7810;1;160,00;Venda Pai Nao Existe no Banco
5014;3345;1542;1;260,00;Venda Pai Nao Existe no Banco
5015;3345;7772;1;120,00;Venda Pai Nao Existe no Banco
5017;3346;7080;1;180,00;Venda Pai Nao Existe no Banco
5018;3346;7271;1;280,00;Venda Pai Nao Existe no Banco
5019;3347;5627;1;790,00;Venda Pai Nao Existe no Banco
5020;3348;7777;1;220,00;Venda Pai Nao Existe no Banco
5021;3348;1534;1;160,00;Venda Pai Nao Existe no Banco
5022;3349;1760;1;540,00;Venda Pai Nao Existe no Banco
5023;3313;7983;1;480,00;Venda Pai Nao Existe no Banco
5024;3350;7972;1;240,00;Venda Pai Nao Existe no Banco
5025;3350;7810;1;160,00;Venda Pai Nao Existe no Banco
5026;3352;5521;1;360,00;Venda Pai Nao Existe no Banco
5027;3328;6910;1;330,00;Venda Pai Nao Existe no Banco
5028;3353;1542;1;245,00;Venda Pai Nao Existe no Banco
5030;3354;7821;1;110,00;Venda Pai Nao Existe no Banco
5031;3354;1533;1;90,00;Venda Pai Nao Existe no Banco
5032;3355;7972;1;190,00;Venda Pai Nao Existe no Banco
5033;3356;1534;1;150,00;Venda Pai Nao Existe no Banco
5034;3356;6292;1;100,00;Venda Pai Nao Existe no Banco
5035;3357;7821;1;100,00;Venda Pai Nao Existe no Banco
5036;3357;1534;1;160,00;Venda Pai Nao Existe no Banco
5037;3358;1534;1;145,00;Venda Pai Nao Existe no Banco
5038;3360;7972;2;480,00;Venda Pai Nao Existe no Banco
5039;3315;1533;1;40,00;Venda Pai Nao Existe no Banco
5040;3361;7972;1;220,00;Venda Pai Nao Existe no Banco
5041;3362;1534;1;160,00;Venda Pai Nao Existe no Banco
5042;3362;7926;1;380,00;Venda Pai Nao Existe no Banco
5043;3363;7821;1;100,00;Venda Pai Nao Existe no Banco
5044;3364;7832;1;390,00;Venda Pai Nao Existe no Banco
5045;3365;7851;1;340,00;Venda Pai Nao Existe no Banco
5046;3366;1533;1;90,00;Venda Pai Nao Existe no Banco
5048;3367;7950;1;380,00;Venda Pai Nao Existe no Banco
5049;3368;1534;1;130,00;Venda Pai Nao Existe no Banco
5050;3368;7934;1;350,00;Venda Pai Nao Existe no Banco
5051;3369;7972;1;200,00;Venda Pai Nao Existe no Banco
5054;3370;1542;1;260,00;Venda Pai Nao Existe no Banco
5055;3370;7874;1;100,00;Venda Pai Nao Existe no Banco
5056;3371;4514;1;235,00;Venda Pai Nao Existe no Banco
5057;3371;7821;1;165,00;Venda Pai Nao Existe no Banco
5058;3371;3514;1;79,00;Venda Pai Nao Existe no Banco
5059;3372;7977;1;480,00;Venda Pai Nao Existe no Banco
5060;3373;1534;1;100,00;Venda Pai Nao Existe no Banco
5061;3373;3736;1;100,00;Venda Pai Nao Existe no Banco
5062;3374;5627;1;820,00;Venda Pai Nao Existe no Banco
5063;3374;4198;1;180,00;Venda Pai Nao Existe no Banco
5064;3375;1721;1;620,00;Venda Pai Nao Existe no Banco
5065;3375;7821;1;180,00;Venda Pai Nao Existe no Banco
5066;3376;7834;1;340,00;Venda Pai Nao Existe no Banco
5067;3376;1534;1;160,00;Venda Pai Nao Existe no Banco
5068;3378;1534;1;145,00;Venda Pai Nao Existe no Banco
5069;3378;7821;1;120,00;Venda Pai Nao Existe no Banco
5070;3379;3397;1;160,00;Venda Pai Nao Existe no Banco
5071;3380;1534;1;100,00;Venda Pai Nao Existe no Banco
5072;3380;5930;1;100,00;Venda Pai Nao Existe no Banco
5073;3381;5930;1;240,00;Venda Pai Nao Existe no Banco
5074;3382;1534;1;130,00;Venda Pai Nao Existe no Banco
5075;3382;4198;1;120,00;Venda Pai Nao Existe no Banco
5076;3383;1542;0,5;130,00;Venda Pai Nao Existe no Banco
5077;3383;7611;1;220,00;Venda Pai Nao Existe no Banco
5078;3383;1533;0,5;45,00;Venda Pai Nao Existe no Banco
5079;3384;1542;0,5;100,00;Venda Pai Nao Existe no Banco
5080;3384;7821;1;100,00;Venda Pai Nao Existe no Banco
5081;3384;1533;0,5;0,00;Venda Pai Nao Existe no Banco
5082;3385;7821;1;100,00;Venda Pai Nao Existe no Banco
5083;3386;7972;1;215,00;Venda Pai Nao Existe no Banco
5084;3387;7877;1;100,00;Venda Pai Nao Existe no Banco
5085;3387;1552;1;190,00;Venda Pai Nao Existe no Banco
5086;3388;1534;1;100,00;Venda Pai Nao Existe no Banco
5087;3388;2693;1;100,00;Venda Pai Nao Existe no Banco
5088;3389;1534;1;100,00;Venda Pai Nao Existe no Banco
5089;3389;8082;1;100,00;Venda Pai Nao Existe no Banco
5092;3392;7972;1;200,00;Venda Pai Nao Existe no Banco
5093;3393;8082;1;240,00;Venda Pai Nao Existe no Banco
5094;3394;7821;1;100,00;Venda Pai Nao Existe no Banco
5095;3394;1534;1;100,00;Venda Pai Nao Existe no Banco
5096;3395;1534;1;100,00;Venda Pai Nao Existe no Banco
5097;3395;7821;1;100,00;Venda Pai Nao Existe no Banco
5098;3396;4205;1;100,00;Venda Pai Nao Existe no Banco
5099;3397;1542;1;260,00;Venda Pai Nao Existe no Banco
5100;3398;1542;1;245,00;Venda Pai Nao Existe no Banco
5101;3400;7426;1;400,00;Venda Pai Nao Existe no Banco
5102;3401;7972;1;220,00;Venda Pai Nao Existe no Banco
5103;3402;1552;1;190,00;Venda Pai Nao Existe no Banco
5104;3402;4615;1;160,00;Venda Pai Nao Existe no Banco
5105;3403;1760;1;540,00;Venda Pai Nao Existe no Banco
5106;3404;1534;1;140,00;Venda Pai Nao Existe no Banco
5107;3405;1534;1;100,00;Venda Pai Nao Existe no Banco
5108;3405;7086;1;100,00;Venda Pai Nao Existe no Banco
5109;3406;7972;1;220,00;Venda Pai Nao Existe no Banco
5110;3406;7972;1;236,00;Venda Pai Nao Existe no Banco
5111;3408;1760;1;540,00;Venda Pai Nao Existe no Banco
5112;3408;7821;1;100,00;Venda Pai Nao Existe no Banco
5113;3408;3315;1;190,00;Venda Pai Nao Existe no Banco
5115;3409;4514;1;234,00;Venda Pai Nao Existe no Banco
5116;3411;1542;1;260,00;Venda Pai Nao Existe no Banco
5117;3411;7821;1;200,00;Venda Pai Nao Existe no Banco
5118;3412;7628;1;120,00;Venda Pai Nao Existe no Banco
5119;3413;6179;1;500,00;Venda Pai Nao Existe no Banco
5120;3414;7972;1;220,00;Venda Pai Nao Existe no Banco
5121;3414;1533;1;90,00;Venda Pai Nao Existe no Banco
5122;3414;7972;1;190,00;Venda Pai Nao Existe no Banco
5123;3415;4149;1;80,00;Venda Pai Nao Existe no Banco
5124;3416;7972;1;200,00;Venda Pai Nao Existe no Banco
5125;3417;2527;1;100,00;Venda Pai Nao Existe no Banco
5126;3418;7735;3;680,00;Venda Pai Nao Existe no Banco
5127;3419;1534;1;136,00;Venda Pai Nao Existe no Banco
5128;3419;3515;1;414,00;Venda Pai Nao Existe no Banco
5129;3420;7223;1;250,00;Venda Pai Nao Existe no Banco
5130;3421;1542;1;240,00;Venda Pai Nao Existe no Banco
5131;3422;2287;1;80,00;Venda Pai Nao Existe no Banco
5132;3423;1760;1;490,00;Venda Pai Nao Existe no Banco
5133;3423;7821;1;0,00;Venda Pai Nao Existe no Banco
5134;3424;8101;1;550,00;Venda Pai Nao Existe no Banco
5135;3425;7369;1;468,00;Venda Pai Nao Existe no Banco
5136;3426;1534;1;160,00;Venda Pai Nao Existe no Banco
5137;3427;7976;1;416,00;Venda Pai Nao Existe no Banco
5138;3428;3114;1;300,00;Venda Pai Nao Existe no Banco
5139;3428;7987;1;450,00;Venda Pai Nao Existe no Banco
5141;3430;1976;1;79,00;Venda Pai Nao Existe no Banco
5142;3431;7429;1;425,00;Venda Pai Nao Existe no Banco
5143;3432;7578;0,5;160,00;Venda Pai Nao Existe no Banco
5146;3432;8102;0,5;220,00;Venda Pai Nao Existe no Banco
5147;3432;7821;1;180,00;Venda Pai Nao Existe no Banco
5148;3433;2287;1;100,00;Venda Pai Nao Existe no Banco
5149;3434;3447;3;237,00;Venda Pai Nao Existe no Banco
5150;3435;1534;1;80,00;Venda Pai Nao Existe no Banco
5151;3436;1542;1;260,00;Venda Pai Nao Existe no Banco
5152;3436;7821;1;100,00;Venda Pai Nao Existe no Banco
5153;3437;1752;1;290,00;Venda Pai Nao Existe no Banco
5154;3438;7959;1;590,00;Venda Pai Nao Existe no Banco
5155;3439;1534;1;160,00;Venda Pai Nao Existe no Banco
5156;3439;7925;1;380,00;Venda Pai Nao Existe no Banco
5157;3440;1349;1;100,00;Venda Pai Nao Existe no Banco
5158;3441;7859;1;300,00;Venda Pai Nao Existe no Banco
5159;3441;1534;1;160,00;Venda Pai Nao Existe no Banco
5160;3442;1349;1;100,00;Venda Pai Nao Existe no Banco
5161;3443;3447;1;79,00;Venda Pai Nao Existe no Banco
5162;3444;7578;1;290,00;Venda Pai Nao Existe no Banco
5163;3445;1542;1;260,00;Venda Pai Nao Existe no Banco
5164;3446;7373;1;650,00;Venda Pai Nao Existe no Banco
5165;3447;1542;1;200,00;Venda Pai Nao Existe no Banco
5166;3447;7821;1;100,00;Venda Pai Nao Existe no Banco
5167;3448;1534;1;160,00;Venda Pai Nao Existe no Banco
5168;3448;8078;1;340,00;Venda Pai Nao Existe no Banco
5169;3450;1534;1;160,00;Venda Pai Nao Existe no Banco
5171;3450;8079;1;340,00;Venda Pai Nao Existe no Banco
5172;3451;7821;1;220,00;Venda Pai Nao Existe no Banco
5173;3452;7972;2;380,00;Venda Pai Nao Existe no Banco
5174;3453;5504;1;550,00;Venda Pai Nao Existe no Banco
5175;3454;1721;1;690,00;Venda Pai Nao Existe no Banco
5176;3454;7900;1;380,00;Venda Pai Nao Existe no Banco
5177;3455;1534;1;120,00;Venda Pai Nao Existe no Banco
5178;3455;3075;1;100,00;Venda Pai Nao Existe no Banco
5182;3457;3448;1;150,00;Venda Pai Nao Existe no Banco
5183;3458;4991;1;80,00;Venda Pai Nao Existe no Banco
5184;3459;1554;1;190,00;Venda Pai Nao Existe no Banco
5185;3461;7972;2;480,00;Venda Pai Nao Existe no Banco
5186;3462;1542;1;260,00;Venda Pai Nao Existe no Banco
5187;3462;7821;1;180,00;Venda Pai Nao Existe no Banco
5189;3463;7821;1;100,00;Venda Pai Nao Existe no Banco
5190;3463;1562;1;485,00;Venda Pai Nao Existe no Banco
5191;3464;3706;1;540,00;Venda Pai Nao Existe no Banco
5192;3464;7821;1;120,00;Venda Pai Nao Existe no Banco
5193;3465;1542;1;260,00;Venda Pai Nao Existe no Banco
5194;3465;7821;1;100,00;Venda Pai Nao Existe no Banco
5195;3466;7849;1;340,00;Venda Pai Nao Existe no Banco
5197;3466;8109;1;1.860,00;Venda Pai Nao Existe no Banco
5198;3467;8112;1;100,00;Venda Pai Nao Existe no Banco
5199;3468;8112;1;100,00;Venda Pai Nao Existe no Banco
5201;3469;8113;1;200,00;Venda Pai Nao Existe no Banco
5203;3470;7856;1;300,00;Venda Pai Nao Existe no Banco
5204;3470;8115;1;1.700,00;Venda Pai Nao Existe no Banco
5205;3472;7972;1;240,00;Venda Pai Nao Existe no Banco
5206;3473;7987;1;390,00;Venda Pai Nao Existe no Banco
5207;3473;6813;1;460,00;Venda Pai Nao Existe no Banco
5208;3474;1533;1;90,00;Venda Pai Nao Existe no Banco
5209;3475;7972;1;280,00;Venda Pai Nao Existe no Banco
5210;3369;8104;1;380,00;Venda Pai Nao Existe no Banco
5211;3476;1542;1;240,00;Venda Pai Nao Existe no Banco
5212;3477;1534;0,5;50,00;Venda Pai Nao Existe no Banco
5215;3478;7257;1;240,00;Venda Pai Nao Existe no Banco
5216;3479;7810;2;400,00;Venda Pai Nao Existe no Banco
5217;3480;1542;1;230,00;Venda Pai Nao Existe no Banco
5218;3480;7982;1;440,00;Venda Pai Nao Existe no Banco
5219;3480;7183;1;330,00;Venda Pai Nao Existe no Banco
5220;3481;1533;1;80,00;Venda Pai Nao Existe no Banco
5221;3482;1534;1;160,00;Venda Pai Nao Existe no Banco
5222;3482;7871;1;100,00;Venda Pai Nao Existe no Banco
5223;3483;1554;1;170,00;Venda Pai Nao Existe no Banco
5224;3483;7871;1;100,00;Venda Pai Nao Existe no Banco
5225;3484;1752;1;290,00;Venda Pai Nao Existe no Banco
5226;3485;1542;1;230,00;Venda Pai Nao Existe no Banco
5227;3485;7322;1;220,00;Venda Pai Nao Existe no Banco
5228;3486;7531;1;120,00;Venda Pai Nao Existe no Banco
5229;3487;1721;1;480,00;Venda Pai Nao Existe no Banco
5230;3488;2403;2;780,00;Venda Pai Nao Existe no Banco
5231;3489;7972;1;350,00;Venda Pai Nao Existe no Banco
5232;3489;1542;1;260,00;Venda Pai Nao Existe no Banco
5233;3490;5627;1;800,00;Venda Pai Nao Existe no Banco
5234;3490;3124;1;194,00;Venda Pai Nao Existe no Banco
5235;3491;7973;1;620,00;Venda Pai Nao Existe no Banco
5236;3491;7678;1;240,00;Venda Pai Nao Existe no Banco
5237;3493;1534;1;160,00;Venda Pai Nao Existe no Banco
5238;3493;7972;1;350,00;Venda Pai Nao Existe no Banco
5239;3494;1542;0,5;115,00;Venda Pai Nao Existe no Banco
5240;3495;1542;1;230,00;Venda Pai Nao Existe no Banco
5241;3495;7821;1;120,00;Venda Pai Nao Existe no Banco
5242;3496;7639;1;1.050,00;Venda Pai Nao Existe no Banco
5243;3496;7857;1;300,00;Venda Pai Nao Existe no Banco
5244;3498;1542;1;260,00;Venda Pai Nao Existe no Banco
5245;3498;7925;1;380,00;Venda Pai Nao Existe no Banco
5246;3499;1533;1;90,00;Venda Pai Nao Existe no Banco
5247;3500;1529;1;100,00;Venda Pai Nao Existe no Banco
5248;3501;7972;1;260,00;Venda Pai Nao Existe no Banco
5249;3502;7972;1;240,00;Venda Pai Nao Existe no Banco
5250;3503;1542;1;240,00;Venda Pai Nao Existe no Banco
5251;3503;8071;1;310,00;Venda Pai Nao Existe no Banco
5252;3504;1542;1;260,00;Venda Pai Nao Existe no Banco
5253;3504;7972;1;280,00;Venda Pai Nao Existe no Banco
5254;3505;1542;1;240,00;Venda Pai Nao Existe no Banco
5256;3506;1533;1;80,00;Venda Pai Nao Existe no Banco
5257;3506;6145;1;70,00;Venda Pai Nao Existe no Banco
5258;3508;7810;1;100,00;Venda Pai Nao Existe no Banco
5259;3505;7972;1;240,00;Venda Pai Nao Existe no Banco
5261;3509;1534;1;90,00;Venda Pai Nao Existe no Banco
5263;3509;7810;1;90,00;Venda Pai Nao Existe no Banco
5264;3510;4514;1;260,00;Venda Pai Nao Existe no Banco
5266;3510;7977;1;480,00;Venda Pai Nao Existe no Banco
5267;3511;7821;1;100,00;Venda Pai Nao Existe no Banco
5268;3511;1533;1;90,00;Venda Pai Nao Existe no Banco
5269;3512;1542;1;235,00;Venda Pai Nao Existe no Banco
5270;3512;7925;1;340,00;Venda Pai Nao Existe no Banco
5271;3514;1721;1;522,00;Venda Pai Nao Existe no Banco
5272;3515;7972;1;280,00;Venda Pai Nao Existe no Banco
5273;3516;1534;1;130,00;Venda Pai Nao Existe no Banco
5274;3516;7856;1;300,00;Venda Pai Nao Existe no Banco
5275;3517;0;1;100,00;Venda Pai Nao Existe no Banco
5276;3517;1534;1;160,00;Venda Pai Nao Existe no Banco
5277;3517;1349;1;100,00;Venda Pai Nao Existe no Banco
5278;3517;5768;1;100,00;Venda Pai Nao Existe no Banco
5279;3518;1721;1;580,00;Venda Pai Nao Existe no Banco
5280;3519;7987;1;420,00;Venda Pai Nao Existe no Banco
5281;3519;7972;1;220,00;Venda Pai Nao Existe no Banco
5282;3520;1411;1;250,00;Venda Pai Nao Existe no Banco
5283;3521;1542;1;260,00;Venda Pai Nao Existe no Banco
5284;3521;7941;1;380,00;Venda Pai Nao Existe no Banco
5285;3523;1526;1;120,00;Venda Pai Nao Existe no Banco
5286;3524;7821;1;100,00;Venda Pai Nao Existe no Banco
5287;3527;1534;1;160,00;Venda Pai Nao Existe no Banco
5288;3528;3447;1;79,00;Venda Pai Nao Existe no Banco
5289;3529;7821;1;120,00;Venda Pai Nao Existe no Banco
5290;3530;1542;1;220,00;Venda Pai Nao Existe no Banco
5291;3530;7814;1;120,00;Venda Pai Nao Existe no Banco
5292;3531;1534;1;90,00;Venda Pai Nao Existe no Banco
5293;3532;1534;1;145,00;Venda Pai Nao Existe no Banco
5294;3533;1562;1;540,00;Venda Pai Nao Existe no Banco
5295;3533;1349;1;120,00;Venda Pai Nao Existe no Banco
5296;3534;4998;1;380,00;Venda Pai Nao Existe no Banco
5298;3535;7821;1;-90,00;Venda Pai Nao Existe no Banco
5299;3536;1760;1;540,00;Venda Pai Nao Existe no Banco
5300;3536;8018;1;380,00;Venda Pai Nao Existe no Banco
5301;3537;7821;1;100,00;Venda Pai Nao Existe no Banco
5302;3538;1562;1;430,00;Venda Pai Nao Existe no Banco
5303;3538;2953;1;100,00;Venda Pai Nao Existe no Banco
5304;3539;1533;1;80,00;Venda Pai Nao Existe no Banco
5305;3539;3520;1;79,00;Venda Pai Nao Existe no Banco
5306;3540;1542;1;230,00;Venda Pai Nao Existe no Banco
5307;3540;7821;1;100,00;Venda Pai Nao Existe no Banco
5308;3541;7937;1;340,00;Venda Pai Nao Existe no Banco
5309;3542;1542;1;260,00;Venda Pai Nao Existe no Banco
5310;3542;5936;1;490,00;Venda Pai Nao Existe no Banco
5311;3543;6600;1;380,00;Venda Pai Nao Existe no Banco
5312;3544;1542;1;376,00;Venda Pai Nao Existe no Banco
5313;3544;5980;1;380,00;Venda Pai Nao Existe no Banco
5314;3545;7821;1;80,00;Venda Pai Nao Existe no Banco
5315;3546;1542;1;260,00;Venda Pai Nao Existe no Banco
5316;3547;1534;1;160,00;Venda Pai Nao Existe no Banco
5317;3547;7556;1;540,00;Venda Pai Nao Existe no Banco
5319;3548;8112;1;100,00;Venda Pai Nao Existe no Banco
5320;3549;1552;1;70,00;Venda Pai Nao Existe no Banco
5321;3548;1554;1;100,00;Venda Pai Nao Existe no Banco
5322;3550;7972;1;280,00;Venda Pai Nao Existe no Banco
5323;3551;1562;1;485,00;Venda Pai Nao Existe no Banco
5324;3552;1534;1;120,00;Venda Pai Nao Existe no Banco
5325;3552;7821;1;80,00;Venda Pai Nao Existe no Banco
5326;3553;1542;1;260,00;Venda Pai Nao Existe no Banco
5327;3535;7557;1;530,00;Venda Pai Nao Existe no Banco
5328;3554;1542;1;260,00;Venda Pai Nao Existe no Banco
5329;3554;1349;1;100,00;Venda Pai Nao Existe no Banco
5330;3555;7972;1;280,00;Venda Pai Nao Existe no Banco
5333;3556;8116;1;1.680,00;Venda Pai Nao Existe no Banco
5334;3556;7996;1;480,00;Venda Pai Nao Existe no Banco
5335;3557;1534;1;140,00;Venda Pai Nao Existe no Banco
5336;3557;7821;1;120,00;Venda Pai Nao Existe no Banco
5337;3557;1534;1;140,00;Venda Pai Nao Existe no Banco
5338;3557;7821;1;120,00;Venda Pai Nao Existe no Banco
5339;3557;1534;1;140,00;Venda Pai Nao Existe no Banco
5340;3557;7821;1;120,00;Venda Pai Nao Existe no Banco
5341;3558;7525;1;120,00;Venda Pai Nao Existe no Banco
5342;3559;1542;1;290,00;Venda Pai Nao Existe no Banco
5343;3559;7821;1;140,00;Venda Pai Nao Existe no Banco
5345;3560;7894;1;380,00;Venda Pai Nao Existe no Banco
5346;3560;1752;1;260,00;Venda Pai Nao Existe no Banco
5347;3561;1542;1;260,00;Venda Pai Nao Existe no Banco
5348;3562;4205;1;100,00;Venda Pai Nao Existe no Banco
5349;3563;7972;1;100,00;Venda Pai Nao Existe no Banco
5350;3564;7804;1;550,00;Venda Pai Nao Existe no Banco
5351;3565;1542;1;230,00;Venda Pai Nao Existe no Banco
5352;3566;1542;1;250,00;Venda Pai Nao Existe no Banco
5353;3567;6292;1;50,00;Venda Pai Nao Existe no Banco
5354;3568;1534;1;160,00;Venda Pai Nao Existe no Banco
5355;3568;7821;1;120,00;Venda Pai Nao Existe no Banco
5356;3569;7271;1;240,00;Venda Pai Nao Existe no Banco
5357;3288;1534;0,5;100,00;Venda Pai Nao Existe no Banco
5358;3288;7821;1;100,00;Venda Pai Nao Existe no Banco
5359;3570;1542;1;260,00;Venda Pai Nao Existe no Banco
5360;3570;1540;1;60,00;Venda Pai Nao Existe no Banco
5361;3570;8038;1;380,00;Venda Pai Nao Existe no Banco
5362;3570;1534;1;160,00;Venda Pai Nao Existe no Banco
5363;3570;7821;1;180,00;Venda Pai Nao Existe no Banco
5364;3571;1552;1;150,00;Venda Pai Nao Existe no Banco
5366;3572;4514;1;260,00;Venda Pai Nao Existe no Banco
5367;3573;1534;1;140,00;Venda Pai Nao Existe no Banco
5368;3573;4161;1;50,00;Venda Pai Nao Existe no Banco
5369;3574;1321;1;50,00;Venda Pai Nao Existe no Banco
5370;3575;1542;1;260,00;Venda Pai Nao Existe no Banco
5371;3575;8112;1;100,00;Venda Pai Nao Existe no Banco
5372;3576;1533;1;80,00;Venda Pai Nao Existe no Banco
5373;3577;1542;1;260,00;Venda Pai Nao Existe no Banco
5374;3577;4221;1;350,00;Venda Pai Nao Existe no Banco
5375;3578;1542;1;260,00;Venda Pai Nao Existe no Banco
5376;3578;7821;1;100,00;Venda Pai Nao Existe no Banco
5377;3579;1554;1;180,00;Venda Pai Nao Existe no Banco
5378;3579;5832;1;100,00;Venda Pai Nao Existe no Banco
5379;3580;7960;1;610,00;Venda Pai Nao Existe no Banco
5380;3581;5378;1;98,00;Venda Pai Nao Existe no Banco
5381;3582;1370;1;100,00;Venda Pai Nao Existe no Banco
5382;3582;1542;1;260,00;Venda Pai Nao Existe no Banco
5383;3583;7769;1;450,00;Venda Pai Nao Existe no Banco
5384;3583;7903;1;320,00;Venda Pai Nao Existe no Banco
5385;3585;1534;1;130,00;Venda Pai Nao Existe no Banco
5386;3585;8080;1;300,00;Venda Pai Nao Existe no Banco
5387;3586;1552;1;190,00;Venda Pai Nao Existe no Banco
5388;3587;1534;1;160,00;Venda Pai Nao Existe no Banco
5389;3588;1534;1;160,00;Venda Pai Nao Existe no Banco
5390;3588;7821;1;120,00;Venda Pai Nao Existe no Banco
5391;3589;1534;1;220,00;Venda Pai Nao Existe no Banco
5392;3589;7821;1;180,00;Venda Pai Nao Existe no Banco
5393;3590;1534;1;130,00;Venda Pai Nao Existe no Banco
5394;3591;1542;1;260,00;Venda Pai Nao Existe no Banco
5395;3591;1349;1;100,00;Venda Pai Nao Existe no Banco
5396;3592;7946;1;1.100,00;Venda Pai Nao Existe no Banco
5397;3593;1534;1;160,00;Venda Pai Nao Existe no Banco
5398;3594;1534;1;160,00;Venda Pai Nao Existe no Banco
5399;3594;8096;1;380,00;Venda Pai Nao Existe no Banco
5400;3597;1533;1;100,00;Venda Pai Nao Existe no Banco
5401;3597;1370;1;90,00;Venda Pai Nao Existe no Banco
5402;3598;1542;1;260,00;Venda Pai Nao Existe no Banco
5403;3599;7821;1;100,00;Venda Pai Nao Existe no Banco
5404;3600;1534;1;160,00;Venda Pai Nao Existe no Banco
5405;3601;1534;1;145,00;Venda Pai Nao Existe no Banco
5406;3602;7769;1;540,00;Venda Pai Nao Existe no Banco
5407;3603;1534;1;130,00;Venda Pai Nao Existe no Banco
5408;3603;7821;1;100,00;Venda Pai Nao Existe no Banco
5409;3603;4514;1;230,00;Venda Pai Nao Existe no Banco
5410;3603;7821;1;100,00;Venda Pai Nao Existe no Banco
5412;3604;8048;1;320,00;Venda Pai Nao Existe no Banco
5414;3606;1542;1;260,00;Venda Pai Nao Existe no Banco
5415;3606;7821;1;100,00;Venda Pai Nao Existe no Banco
5416;3607;1542;1;260,00;Venda Pai Nao Existe no Banco
5417;3607;2653;1;180,00;Venda Pai Nao Existe no Banco
5418;3608;1534;1;140,00;Venda Pai Nao Existe no Banco
5419;3608;8049;1;310,00;Venda Pai Nao Existe no Banco
5420;3609;4514;1;260,00;Venda Pai Nao Existe no Banco
5422;3610;7995;1;425,00;Venda Pai Nao Existe no Banco
5423;3610;4514;1;235,00;Venda Pai Nao Existe no Banco
5424;3611;1554;1;190,00;Venda Pai Nao Existe no Banco
5425;3612;7972;1;240,00;Venda Pai Nao Existe no Banco
5426;3613;7344;1;150,00;Venda Pai Nao Existe no Banco
5427;3614;7916;1;370,00;Venda Pai Nao Existe no Banco
5428;3615;1533;0,5;40,00;Venda Pai Nao Existe no Banco
5429;3616;1542;1;260,00;Venda Pai Nao Existe no Banco
5430;3617;7953;1;260,00;Venda Pai Nao Existe no Banco
5432;3618;1542;1;0,00;Venda Pai Nao Existe no Banco
5433;3618;6140;1;0,00;Venda Pai Nao Existe no Banco
5434;3619;1554;1;160,00;Venda Pai Nao Existe no Banco
5436;3617;8117;1;430,00;Venda Pai Nao Existe no Banco
5437;3620;1554;1;190,00;Venda Pai Nao Existe no Banco
5438;3621;6820;1;100,00;Venda Pai Nao Existe no Banco
5439;3622;1542;1;260,00;Venda Pai Nao Existe no Banco
5440;3622;7890;1;380,00;Venda Pai Nao Existe no Banco
5441;3623;6820;1;120,00;Venda Pai Nao Existe no Banco
5442;3624;7987;0,5;240,00;Venda Pai Nao Existe no Banco
5443;3625;8049;1;380,00;Venda Pai Nao Existe no Banco
5444;3629;1534;1;130,00;Venda Pai Nao Existe no Banco
5445;3630;2131;1;80,00;Venda Pai Nao Existe no Banco
5447;3631;7821;1;190,00;Venda Pai Nao Existe no Banco
5448;3631;1552;1;190,00;Venda Pai Nao Existe no Banco
5449;3632;1533;1;80,00;Venda Pai Nao Existe no Banco
5450;3633;7972;1;240,00;Venda Pai Nao Existe no Banco
5451;3634;1534;1;160,00;Venda Pai Nao Existe no Banco
5452;3635;1534;1;160,00;Venda Pai Nao Existe no Banco
5453;3635;7821;1;150,00;Venda Pai Nao Existe no Banco
5454;3636;1534;1;160,00;Venda Pai Nao Existe no Banco
5455;3636;7821;1;150,00;Venda Pai Nao Existe no Banco
5456;3637;7821;1;140,00;Venda Pai Nao Existe no Banco
5457;3638;5378;1;100,00;Venda Pai Nao Existe no Banco
5458;3639;1752;1;235,00;Venda Pai Nao Existe no Banco
5459;3640;1533;1;90,00;Venda Pai Nao Existe no Banco
5460;3640;5531;1;360,00;Venda Pai Nao Existe no Banco
5461;3641;7980;1;480,00;Venda Pai Nao Existe no Banco
5462;3641;1542;1;260,00;Venda Pai Nao Existe no Banco
5463;3642;1534;1;145,00;Venda Pai Nao Existe no Banco
5464;3643;1542;1;290,00;Venda Pai Nao Existe no Banco
5465;3645;8118;1;730,00;Venda Pai Nao Existe no Banco
5466;3647;7972;1;190,00;Venda Pai Nao Existe no Banco
5467;3648;1534;1;145,00;Venda Pai Nao Existe no Banco
5468;3649;1534;1;145,00;Venda Pai Nao Existe no Banco
5469;3650;7972;1;240,00;Venda Pai Nao Existe no Banco
5470;3650;8107;1;350,00;Venda Pai Nao Existe no Banco
5471;3651;3514;1;79,00;Venda Pai Nao Existe no Banco
5472;3652;1534;1;160,00;Venda Pai Nao Existe no Banco
5473;3652;7821;1;190,00;Venda Pai Nao Existe no Banco
5474;3653;1533;1;90,00;Venda Pai Nao Existe no Banco
5475;3654;1542;1;470,00;Venda Pai Nao Existe no Banco
5476;3655;7821;1;170,00;Venda Pai Nao Existe no Banco
5477;3656;1534;1;120,00;Venda Pai Nao Existe no Banco
5478;3656;7821;1;160,00;Venda Pai Nao Existe no Banco
5479;3657;1542;0,5;130,00;Venda Pai Nao Existe no Banco
5480;3657;1533;0,5;45,00;Venda Pai Nao Existe no Banco
5481;3657;8037;1;380,00;Venda Pai Nao Existe no Banco
5482;3658;2403;2;680,00;Venda Pai Nao Existe no Banco
5485;3659;1534;1;220,00;Venda Pai Nao Existe no Banco
5486;3660;7769;1;540,00;Venda Pai Nao Existe no Banco
5487;3660;7952;1;380,00;Venda Pai Nao Existe no Banco
5488;3661;1534;1;160,00;Venda Pai Nao Existe no Banco
5489;3661;7821;1;140,00;Venda Pai Nao Existe no Banco
5490;3662;1534;1;160,00;Venda Pai Nao Existe no Banco
5491;3662;7821;1;190,00;Venda Pai Nao Existe no Banco
5492;3659;7821;1;120,00;Venda Pai Nao Existe no Banco
5493;3663;1542;1;260,00;Venda Pai Nao Existe no Banco
5494;3664;7840;1;290,00;Venda Pai Nao Existe no Banco
5495;3665;7884;1;340,00;Venda Pai Nao Existe no Banco
5496;3664;1542;1;240,00;Venda Pai Nao Existe no Banco
5498;3666;7421;1;328,00;Venda Pai Nao Existe no Banco
5500;3666;8141;1;1.022,00;Venda Pai Nao Existe no Banco
5501;3667;1534;1;145,00;Venda Pai Nao Existe no Banco
5502;3667;7921;1;345,00;Venda Pai Nao Existe no Banco
5503;3668;1534;1;160,00;Venda Pai Nao Existe no Banco
5504;3668;7821;1;140,00;Venda Pai Nao Existe no Banco
5505;3669;1542;0,5;130,00;Venda Pai Nao Existe no Banco
5506;3670;6522;1;490,00;Venda Pai Nao Existe no Banco
5507;3670;1534;1;160,00;Venda Pai Nao Existe no Banco
5508;3671;2403;1;240,00;Venda Pai Nao Existe no Banco
5509;3672;1534;1;160,00;Venda Pai Nao Existe no Banco
5510;3673;3316;1;280,00;Venda Pai Nao Existe no Banco
5511;3674;1534;1;150,00;Venda Pai Nao Existe no Banco
5512;3675;1534;1;160,00;Venda Pai Nao Existe no Banco
5513;3675;8119;1;470,00;Venda Pai Nao Existe no Banco
5514;3676;1542;1;260,00;Venda Pai Nao Existe no Banco
5515;3677;1534;1;145,00;Venda Pai Nao Existe no Banco
5516;3677;7821;1;100,00;Venda Pai Nao Existe no Banco
5517;3678;3447;1;79,00;Venda Pai Nao Existe no Banco
5518;3679;1554;1;190,00;Venda Pai Nao Existe no Banco
5519;3679;6828;1;170,00;Venda Pai Nao Existe no Banco
5520;3680;1542;1;200,00;Venda Pai Nao Existe no Banco
5521;3680;7821;1;100,00;Venda Pai Nao Existe no Banco
5522;3681;8102;1;498,00;Venda Pai Nao Existe no Banco
5523;3681;7821;1;100,00;Venda Pai Nao Existe no Banco
5524;3682;1526;1;100,00;Venda Pai Nao Existe no Banco
5525;3683;1534;1;140,00;Venda Pai Nao Existe no Banco
5526;3683;1534;1;140,00;Venda Pai Nao Existe no Banco
5527;3684;1534;1;140,00;Venda Pai Nao Existe no Banco
5528;3685;3512;1;120,00;Venda Pai Nao Existe no Banco
5529;3686;1542;1;230,00;Venda Pai Nao Existe no Banco
5530;3687;1542;1;260,00;Venda Pai Nao Existe no Banco
5531;3687;7934;1;380,00;Venda Pai Nao Existe no Banco
5532;3688;1562;1;530,00;Venda Pai Nao Existe no Banco
5533;3688;7821;1;190,00;Venda Pai Nao Existe no Banco
5535;3689;6602;1;320,00;Venda Pai Nao Existe no Banco
5536;3689;4514;1;260,00;Venda Pai Nao Existe no Banco
5537;3690;1542;1;260,00;Venda Pai Nao Existe no Banco
5538;3691;7821;1;220,00;Venda Pai Nao Existe no Banco
5539;3692;1542;1;260,00;Venda Pai Nao Existe no Banco
5540;3692;7821;1;220,00;Venda Pai Nao Existe no Banco
5541;3693;1542;1;260,00;Venda Pai Nao Existe no Banco
5542;3693;4953;1;480,00;Venda Pai Nao Existe no Banco
5543;3694;1534;1;160,00;Venda Pai Nao Existe no Banco
5544;3694;7821;1;220,00;Venda Pai Nao Existe no Banco
5545;3695;1542;1;260,00;Venda Pai Nao Existe no Banco
5546;3695;7821;1;100,00;Venda Pai Nao Existe no Banco
5547;3696;1542;0,5;130,00;Venda Pai Nao Existe no Banco
5548;3697;1533;1;80,00;Venda Pai Nao Existe no Banco
5549;3697;1542;1;220,00;Venda Pai Nao Existe no Banco
5550;3698;7821;1;150,00;Venda Pai Nao Existe no Banco
5551;3700;1534;1;160,00;Venda Pai Nao Existe no Banco
5552;3701;1542;1;220,00;Venda Pai Nao Existe no Banco
5553;3701;7821;1;160,00;Venda Pai Nao Existe no Banco
5554;3702;1542;1;260,00;Venda Pai Nao Existe no Banco
5555;3702;8047;1;380,00;Venda Pai Nao Existe no Banco
5556;3703;3514;1;80,00;Venda Pai Nao Existe no Banco
5557;3704;1554;1;190,00;Venda Pai Nao Existe no Banco
5558;3705;7821;1;200,00;Venda Pai Nao Existe no Banco
5559;3705;1542;1;260,00;Venda Pai Nao Existe no Banco
5560;3706;1542;0,5;140,00;Venda Pai Nao Existe no Banco
5561;3707;1534;2;320,00;Venda Pai Nao Existe no Banco
5562;3707;7821;1;220,00;Venda Pai Nao Existe no Banco
5563;3707;2287;1;5,00;Venda Pai Nao Existe no Banco
5564;3708;7972;1;210,00;Venda Pai Nao Existe no Banco
5565;3709;1533;0,5;50,00;Venda Pai Nao Existe no Banco
5566;3710;2287;1;40,00;Venda Pai Nao Existe no Banco
5567;3712;1534;1;160,00;Venda Pai Nao Existe no Banco
5568;3712;7821;1;220,00;Venda Pai Nao Existe no Banco
5569;3713;1779;1;440,00;Venda Pai Nao Existe no Banco
5570;3713;1534;1;160,00;Venda Pai Nao Existe no Banco
5571;3714;5504;1;580,00;Venda Pai Nao Existe no Banco
5572;3715;7875;1;90,00;Venda Pai Nao Existe no Banco
5573;3716;7821;1;220,00;Venda Pai Nao Existe no Banco
5574;3716;1534;1;160,00;Venda Pai Nao Existe no Banco
5575;3718;7972;1;250,00;Venda Pai Nao Existe no Banco
5576;3719;7920;1;280,00;Venda Pai Nao Existe no Banco
5577;3720;3706;1;490,00;Venda Pai Nao Existe no Banco
5578;3721;7972;1;340,00;Venda Pai Nao Existe no Banco
5579;3721;1542;1;240,00;Venda Pai Nao Existe no Banco
5580;3722;1554;1;190,00;Venda Pai Nao Existe no Banco
5581;3723;1542;1;180,00;Venda Pai Nao Existe no Banco
5582;3724;1542;1;260,00;Venda Pai Nao Existe no Banco
5583;3724;7821;1;140,00;Venda Pai Nao Existe no Banco
5584;3725;1534;1;110,00;Venda Pai Nao Existe no Banco
5585;3725;7821;1;190,00;Venda Pai Nao Existe no Banco
5586;3726;7972;1;280,00;Venda Pai Nao Existe no Banco
5587;3727;1542;1;250,00;Venda Pai Nao Existe no Banco
5588;3727;7821;1;140,00;Venda Pai Nao Existe no Banco
5589;3728;1533;1;110,00;Venda Pai Nao Existe no Banco
5590;3729;7957;1;988,00;Venda Pai Nao Existe no Banco
5591;3730;1534;1;160,00;Venda Pai Nao Existe no Banco
5592;3731;1534;1;145,00;Venda Pai Nao Existe no Banco
5593;3732;1542;1;250,00;Venda Pai Nao Existe no Banco
5594;3732;7821;1;120,00;Venda Pai Nao Existe no Banco
5595;3733;1534;1;160,00;Venda Pai Nao Existe no Banco
5596;3733;7821;1;120,00;Venda Pai Nao Existe no Banco
5597;3734;1534;1;130,00;Venda Pai Nao Existe no Banco
5598;3734;7837;1;300,00;Venda Pai Nao Existe no Banco
5599;3735;7821;1;140,00;Venda Pai Nao Existe no Banco
5600;3736;1534;1;140,00;Venda Pai Nao Existe no Banco
5601;3736;6665;1;330,00;Venda Pai Nao Existe no Banco
5602;3737;1534;1;160,00;Venda Pai Nao Existe no Banco
5603;3737;7972;1;230,00;Venda Pai Nao Existe no Banco
5604;3738;1534;1;160,00;Venda Pai Nao Existe no Banco
5605;3738;1349;1;100,00;Venda Pai Nao Existe no Banco
5606;3739;1534;1;160,00;Venda Pai Nao Existe no Banco
5607;3739;7821;1;120,00;Venda Pai Nao Existe no Banco
5608;3740;1534;1;150,00;Venda Pai Nao Existe no Banco
5609;3740;7821;1;140,00;Venda Pai Nao Existe no Banco
5610;3741;1542;1;260,00;Venda Pai Nao Existe no Banco
5611;3743;1534;1;160,00;Venda Pai Nao Existe no Banco
5612;3743;7821;1;190,00;Venda Pai Nao Existe no Banco
5613;3744;1554;1;190,00;Venda Pai Nao Existe no Banco
5617;3745;7508;1;380,00;Venda Pai Nao Existe no Banco
5618;3746;1542;1;230,00;Venda Pai Nao Existe no Banco
5619;3746;7821;1;120,00;Venda Pai Nao Existe no Banco
5620;3746;1554;1;170,00;Venda Pai Nao Existe no Banco
5621;3746;7972;1;250,00;Venda Pai Nao Existe no Banco
5622;3747;8156;1;590,00;Venda Pai Nao Existe no Banco
5623;3747;3316;1;-280,00;Venda Pai Nao Existe no Banco
5624;3748;1542;1;220,00;Venda Pai Nao Existe no Banco
5625;3749;7483;1;220,00;Venda Pai Nao Existe no Banco
5626;3749;1534;1;160,00;Venda Pai Nao Existe no Banco
5627;3750;7956;1;350,00;Venda Pai Nao Existe no Banco
5628;3750;6628;1;350,00;Venda Pai Nao Existe no Banco
5629;3751;1529;1;100,00;Venda Pai Nao Existe no Banco
5630;3752;1542;1;230,00;Venda Pai Nao Existe no Banco
5631;3752;1349;1;120,00;Venda Pai Nao Existe no Banco
5632;3753;1542;1;240,00;Venda Pai Nao Existe no Banco
5633;3753;8045;1;330,00;Venda Pai Nao Existe no Banco
5634;3754;1534;1;140,00;Venda Pai Nao Existe no Banco
5635;3754;7821;1;140,00;Venda Pai Nao Existe no Banco
5636;3755;1533;1;80,00;Venda Pai Nao Existe no Banco
5637;3755;1766;1;180,00;Venda Pai Nao Existe no Banco
5638;3756;1420;1;50,00;Venda Pai Nao Existe no Banco
5639;3757;7835;1;250,00;Venda Pai Nao Existe no Banco
5640;3758;1554;1;170,00;Venda Pai Nao Existe no Banco
5641;3758;8171;1;420,00;Venda Pai Nao Existe no Banco
5642;3759;3995;1;140,00;Venda Pai Nao Existe no Banco
5643;3760;1534;1;160,00;Venda Pai Nao Existe no Banco
5644;3760;1349;1;154,00;Venda Pai Nao Existe no Banco
5645;3761;1534;1;220,00;Venda Pai Nao Existe no Banco
5646;3761;7821;1;190,00;Venda Pai Nao Existe no Banco
5647;3762;1752;1;260,00;Venda Pai Nao Existe no Banco
5648;3762;8104;1;390,00;Venda Pai Nao Existe no Banco
5649;3763;1527;1;120,00;Venda Pai Nao Existe no Banco
5650;3764;1554;0,5;80,00;Venda Pai Nao Existe no Banco
5651;3765;1534;1;290,00;Venda Pai Nao Existe no Banco
5652;3767;1534;1;160,00;Venda Pai Nao Existe no Banco
5653;3767;7821;1;180,00;Venda Pai Nao Existe no Banco
5654;3768;7639;1;1.160,00;Venda Pai Nao Existe no Banco
5655;3768;7917;1;320,00;Venda Pai Nao Existe no Banco
5656;3771;4657;1;580,00;Venda Pai Nao Existe no Banco
5657;3771;8023;1;390,00;Venda Pai Nao Existe no Banco
5658;3772;1534;1;145,00;Venda Pai Nao Existe no Banco
5659;3772;7821;1;155,00;Venda Pai Nao Existe no Banco
5660;3773;1534;1;120,00;Venda Pai Nao Existe no Banco
5661;3773;7424;1;450,00;Venda Pai Nao Existe no Banco
5662;3774;7972;1;280,00;Venda Pai Nao Existe no Banco
5663;3775;7821;1;190,00;Venda Pai Nao Existe no Banco
5664;3778;7465;1;510,00;Venda Pai Nao Existe no Banco
5665;3779;1760;1;420,00;Venda Pai Nao Existe no Banco
5666;3783;5627;1;580,00;Venda Pai Nao Existe no Banco
5667;3784;7972;1;190,00;Venda Pai Nao Existe no Banco
5668;3785;1721;1;590,00;Venda Pai Nao Existe no Banco
5670;3786;7263;1;220,00;Venda Pai Nao Existe no Banco
5672;3787;1534;1;150,00;Venda Pai Nao Existe no Banco
5674;3789;1534;1;145,00;Venda Pai Nao Existe no Banco
5675;3790;1758;1;800,00;Venda Pai Nao Existe no Banco
5676;3783;7821;1;120,00;Venda Pai Nao Existe no Banco
5677;3786;7389;1;570,00;Venda Pai Nao Existe no Banco
5678;3791;1534;1;140,00;Venda Pai Nao Existe no Banco
5679;3791;1533;1;80,00;Venda Pai Nao Existe no Banco
5680;3791;8097;1;330,00;Venda Pai Nao Existe no Banco
5681;3791;7821;1;100,00;Venda Pai Nao Existe no Banco
5682;3787;7931;1;330,00;Venda Pai Nao Existe no Banco
5683;3792;1552;1;170,00;Venda Pai Nao Existe no Banco
5684;3792;8172;1;350,00;Venda Pai Nao Existe no Banco
5685;3793;7639;1;1.340,00;Venda Pai Nao Existe no Banco
5686;3793;7972;1;290,00;Venda Pai Nao Existe no Banco
5687;3794;1554;1;170,00;Venda Pai Nao Existe no Banco
5688;3796;1533;1;90,00;Venda Pai Nao Existe no Banco
5689;3797;1534;1;130,00;Venda Pai Nao Existe no Banco
5690;3797;1349;1;100,00;Venda Pai Nao Existe no Banco
5691;3798;1533;1;90,00;Venda Pai Nao Existe no Banco
5692;3798;7795;1;90,00;Venda Pai Nao Existe no Banco
5693;3799;1534;1;130,00;Venda Pai Nao Existe no Banco
5694;3799;7821;1;130,00;Venda Pai Nao Existe no Banco
5695;3800;1542;1;260,00;Venda Pai Nao Existe no Banco
5696;3800;7972;1;380,00;Venda Pai Nao Existe no Banco
5697;3801;1533;1;90,00;Venda Pai Nao Existe no Banco
5698;3801;7821;1;140,00;Venda Pai Nao Existe no Banco
5699;3802;7710;1;190,00;Venda Pai Nao Existe no Banco
5700;3803;1534;1;160,00;Venda Pai Nao Existe no Banco
5701;3803;1349;1;100,00;Venda Pai Nao Existe no Banco
5702;3804;1534;1;90,00;Venda Pai Nao Existe no Banco
5703;3804;7821;1;140,00;Venda Pai Nao Existe no Banco
5704;3805;7972;1;140,00;Venda Pai Nao Existe no Banco
5705;3806;1721;1;480,00;Venda Pai Nao Existe no Banco
5706;3807;1534;1;160,00;Venda Pai Nao Existe no Banco
5707;3808;1540;1;60,00;Venda Pai Nao Existe no Banco
5708;3810;1760;1;540,00;Venda Pai Nao Existe no Banco
5709;3810;7821;1;140,00;Venda Pai Nao Existe no Banco
5710;3812;1534;1;160,00;Venda Pai Nao Existe no Banco
5711;3812;7821;1;190,00;Venda Pai Nao Existe no Banco
5713;3813;1349;1;100,00;Venda Pai Nao Existe no Banco
5714;3813;1552;1;100,00;Venda Pai Nao Existe no Banco
5715;3814;1552;1;70,00;Venda Pai Nao Existe no Banco
5716;3815;1534;1;100,00;Venda Pai Nao Existe no Banco
5717;3815;1349;1;100,00;Venda Pai Nao Existe no Banco
5718;3816;1534;1;140,00;Venda Pai Nao Existe no Banco
5719;3816;7821;1;140,00;Venda Pai Nao Existe no Banco
5720;3817;1534;1;140,00;Venda Pai Nao Existe no Banco
5721;3817;7821;1;140,00;Venda Pai Nao Existe no Banco
5722;3818;2058;1;800,00;Venda Pai Nao Existe no Banco
5723;3819;1542;1;200,00;Venda Pai Nao Existe no Banco
5724;3820;1760;1;400,00;Venda Pai Nao Existe no Banco
5725;3820;7926;1;330,00;Venda Pai Nao Existe no Banco
5726;3821;7969;1;470,00;Venda Pai Nao Existe no Banco
5727;3822;7505;1;190,00;Venda Pai Nao Existe no Banco
5728;3822;1542;1;260,00;Venda Pai Nao Existe no Banco
5729;3823;1542;1;260,00;Venda Pai Nao Existe no Banco
5730;3823;7821;1;190,00;Venda Pai Nao Existe no Banco
5731;3824;1534;1;100,00;Venda Pai Nao Existe no Banco
5732;3824;1349;1;100,00;Venda Pai Nao Existe no Banco
5733;3825;1349;1;100,00;Venda Pai Nao Existe no Banco
5734;3825;1534;1;100,00;Venda Pai Nao Existe no Banco
5735;3826;1534;1;100,00;Venda Pai Nao Existe no Banco
5736;3826;1349;1;100,00;Venda Pai Nao Existe no Banco
5737;3827;1534;1;100,00;Venda Pai Nao Existe no Banco
5738;3827;1349;1;100,00;Venda Pai Nao Existe no Banco
5739;3828;1349;1;100,00;Venda Pai Nao Existe no Banco
5740;3829;1534;1;100,00;Venda Pai Nao Existe no Banco
5741;3829;1349;1;100,00;Venda Pai Nao Existe no Banco
5742;3830;1534;1;100,00;Venda Pai Nao Existe no Banco
5743;3830;1349;1;100,00;Venda Pai Nao Existe no Banco
5744;3831;1534;1;100,00;Venda Pai Nao Existe no Banco
5745;3831;1349;1;100,00;Venda Pai Nao Existe no Banco
5746;3832;7972;1;220,00;Venda Pai Nao Existe no Banco
5747;3833;1534;1;150,00;Venda Pai Nao Existe no Banco
5748;3833;7972;1;340,00;Venda Pai Nao Existe no Banco
5749;3834;1542;1;100,00;Venda Pai Nao Existe no Banco
5750;3834;1349;1;100,00;Venda Pai Nao Existe no Banco
5751;3835;1560;1;200,00;Venda Pai Nao Existe no Banco
5752;3836;1560;1;90,00;Venda Pai Nao Existe no Banco
5753;3837;1534;1;100,00;Venda Pai Nao Existe no Banco
5754;3837;1349;1;100,00;Venda Pai Nao Existe no Banco
5755;3838;1760;1;540,00;Venda Pai Nao Existe no Banco
5756;3839;1542;1;270,00;Venda Pai Nao Existe no Banco
5757;3839;7232;1;220,00;Venda Pai Nao Existe no Banco
5758;3840;1542;1;235,00;Venda Pai Nao Existe no Banco
5759;3840;1349;1;100,00;Venda Pai Nao Existe no Banco
5760;3841;1534;1;150,00;Venda Pai Nao Existe no Banco
5761;3841;7821;1;130,00;Venda Pai Nao Existe no Banco
5762;3843;1534;1;160,00;Venda Pai Nao Existe no Banco
5763;3843;7888;1;380,00;Venda Pai Nao Existe no Banco
5764;3844;1758;1;730,00;Venda Pai Nao Existe no Banco
5765;3844;7926;1;330,00;Venda Pai Nao Existe no Banco
5766;3845;8102;0,5;245,00;Venda Pai Nao Existe no Banco
5767;3845;1534;0,5;80,00;Venda Pai Nao Existe no Banco
5768;3845;7821;1;155,00;Venda Pai Nao Existe no Banco
5769;3846;1534;1;160,00;Venda Pai Nao Existe no Banco
5770;3847;1542;1;200,00;Venda Pai Nao Existe no Banco
5771;3848;1542;1;200,00;Venda Pai Nao Existe no Banco
5772;3849;1554;1;190,00;Venda Pai Nao Existe no Banco
5773;3849;7972;1;290,00;Venda Pai Nao Existe no Banco
5774;3850;7821;1;190,00;Venda Pai Nao Existe no Banco
5775;3851;7567;1;630,00;Venda Pai Nao Existe no Banco
5776;3852;1534;1;160,00;Venda Pai Nao Existe no Banco
5777;3852;1349;1;100,00;Venda Pai Nao Existe no Banco
5778;3853;1534;1;100,00;Venda Pai Nao Existe no Banco
5779;3853;1349;1;100,00;Venda Pai Nao Existe no Banco
5780;3854;1542;1;260,00;Venda Pai Nao Existe no Banco
5781;3854;7923;1;380,00;Venda Pai Nao Existe no Banco
5782;3855;7578;0,5;170,00;Venda Pai Nao Existe no Banco
5783;3855;7821;1;120,00;Venda Pai Nao Existe no Banco
5784;3856;1534;1;140,00;Venda Pai Nao Existe no Banco
5785;3856;7821;1;120,00;Venda Pai Nao Existe no Banco
5786;3857;1542;1;320,00;Venda Pai Nao Existe no Banco
5787;3857;7821;1;220,00;Venda Pai Nao Existe no Banco
5788;3858;8;1;290,00;Venda Pai Nao Existe no Banco
5789;3859;5066;1;550,00;Venda Pai Nao Existe no Banco
5791;3860;1534;1;120,00;Venda Pai Nao Existe no Banco
5792;3862;1542;1;200,00;Venda Pai Nao Existe no Banco
5793;3862;7125;1;260,00;Venda Pai Nao Existe no Banco
5794;3863;1542;1;200,00;Venda Pai Nao Existe no Banco
5795;3863;8112;1;100,00;Venda Pai Nao Existe no Banco
5796;3864;1760;1;540,00;Venda Pai Nao Existe no Banco
5798;3864;1375;1;210,00;Venda Pai Nao Existe no Banco
5799;3866;1534;1;140,00;Venda Pai Nao Existe no Banco
5800;3866;1349;1;100,00;Venda Pai Nao Existe no Banco
5801;3867;1554;1;160,00;Venda Pai Nao Existe no Banco
5802;3868;1349;1;100,00;Venda Pai Nao Existe no Banco
5803;3869;1542;1;260,00;Venda Pai Nao Existe no Banco
5804;3869;1349;1;100,00;Venda Pai Nao Existe no Banco
5806;3847;1349;1;100,00;Venda Pai Nao Existe no Banco
5807;3870;1534;1;130,00;Venda Pai Nao Existe no Banco
5808;3871;5819;1;240,00;Venda Pai Nao Existe no Banco
5809;3872;1542;1;160,00;Venda Pai Nao Existe no Banco
5810;3874;1760;1;450,00;Venda Pai Nao Existe no Banco
5811;3875;1542;1;400,00;Venda Pai Nao Existe no Banco
5812;3876;1534;1;160,00;Venda Pai Nao Existe no Banco
5813;3876;3973;1;240,00;Venda Pai Nao Existe no Banco
5814;3877;1375;1;240,00;Venda Pai Nao Existe no Banco
5815;3878;3447;1;90,00;Venda Pai Nao Existe no Banco
5816;3879;1534;1;160,00;Venda Pai Nao Existe no Banco
5817;3880;1534;1;140,00;Venda Pai Nao Existe no Banco
5818;3880;1375;1;100,00;Venda Pai Nao Existe no Banco
5819;3880;1534;1;140,00;Venda Pai Nao Existe no Banco
5820;3881;3409;1;70,00;Venda Pai Nao Existe no Banco
5822;3885;1534;1;140,00;Venda Pai Nao Existe no Banco
5823;3886;1752;1;280,00;Venda Pai Nao Existe no Banco
5824;3886;7821;1;190,00;Venda Pai Nao Existe no Banco
5825;3887;7287;1;250,00;Venda Pai Nao Existe no Banco
5826;3888;1534;1;140,00;Venda Pai Nao Existe no Banco
5827;3888;7821;1;160,00;Venda Pai Nao Existe no Banco
5829;3889;8173;1;550,00;Venda Pai Nao Existe no Banco
5831;3890;8112;1;100,00;Venda Pai Nao Existe no Banco
5832;3889;8175;1;1.120,00;Venda Pai Nao Existe no Banco
5833;3892;1554;1;190,00;Venda Pai Nao Existe no Banco
5834;3892;7821;1;190,00;Venda Pai Nao Existe no Banco
5835;3879;7972;1;330,00;Venda Pai Nao Existe no Banco
5836;3894;1534;1;160,00;Venda Pai Nao Existe no Banco
5837;3894;7821;1;190,00;Venda Pai Nao Existe no Banco
5838;3895;1562;1;490,00;Venda Pai Nao Existe no Banco
5839;3896;1672;1;340,00;Venda Pai Nao Existe no Banco
5840;3896;7821;1;190,00;Venda Pai Nao Existe no Banco
5841;3897;8112;1;90,00;Venda Pai Nao Existe no Banco
5842;3819;8112;1;100,00;Venda Pai Nao Existe no Banco
5843;3898;1542;1;260,00;Venda Pai Nao Existe no Banco
5844;3899;1542;1;260,00;Venda Pai Nao Existe no Banco
5845;3883;1533;1;90,00;Venda Pai Nao Existe no Banco
5847;3901;1542;1;250,00;Venda Pai Nao Existe no Banco
5848;3901;5912;1;100,00;Venda Pai Nao Existe no Banco
5849;3902;1534;1;160,00;Venda Pai Nao Existe no Banco
5850;3902;7821;1;160,00;Venda Pai Nao Existe no Banco
5851;3903;1552;1;190,00;Venda Pai Nao Existe no Banco
5852;3903;7821;1;190,00;Venda Pai Nao Existe no Banco
5853;3904;1760;1;540,00;Venda Pai Nao Existe no Banco
5854;3904;7844;1;320,00;Venda Pai Nao Existe no Banco
5856;3906;1542;1;230,00;Venda Pai Nao Existe no Banco
5857;3906;1542;1;230,00;Venda Pai Nao Existe no Banco
5858;3906;7997;1;420,00;Venda Pai Nao Existe no Banco
5859;3906;7972;1;280,00;Venda Pai Nao Existe no Banco
5860;3907;1529;1;120,00;Venda Pai Nao Existe no Banco
5861;3908;1552;1;190,00;Venda Pai Nao Existe no Banco
5862;3908;7325;1;280,00;Venda Pai Nao Existe no Banco
5863;3909;1534;1;130,00;Venda Pai Nao Existe no Banco
5864;3910;1542;1;290,00;Venda Pai Nao Existe no Banco
5865;3911;1542;1;260,00;Venda Pai Nao Existe no Banco
5866;3911;7773;1;100,00;Venda Pai Nao Existe no Banco
5867;3913;1542;1;230,00;Venda Pai Nao Existe no Banco
5868;3913;7821;1;130,00;Venda Pai Nao Existe no Banco
5869;3915;1534;1;160,00;Venda Pai Nao Existe no Banco
5870;3915;1349;1;100,00;Venda Pai Nao Existe no Banco
5871;3916;1534;1;160,00;Venda Pai Nao Existe no Banco
5872;3916;1349;1;100,00;Venda Pai Nao Existe no Banco
5873;3917;1349;1;100,00;Venda Pai Nao Existe no Banco
5874;3919;1552;0,5;90,00;Venda Pai Nao Existe no Banco
5875;3920;1542;1;260,00;Venda Pai Nao Existe no Banco
5876;3920;7934;1;380,00;Venda Pai Nao Existe no Banco
5877;3921;1542;1;260,00;Venda Pai Nao Existe no Banco
5879;3921;5861;1;130,00;Venda Pai Nao Existe no Banco
5880;3922;1721;1;620,00;Venda Pai Nao Existe no Banco
5881;3922;7821;1;190,00;Venda Pai Nao Existe no Banco
5882;3923;1542;1;260,00;Venda Pai Nao Existe no Banco
5883;3923;2674;1;220,00;Venda Pai Nao Existe no Banco
5884;3924;1534;1;160,00;Venda Pai Nao Existe no Banco
5885;3924;7821;1;220,00;Venda Pai Nao Existe no Banco
5886;3925;1554;1;190,00;Venda Pai Nao Existe no Banco
5887;3926;7972;1;340,00;Venda Pai Nao Existe no Banco
5888;3926;7953;1;250,00;Venda Pai Nao Existe no Banco
5890;3927;7950;1;380,00;Venda Pai Nao Existe no Banco
5891;3928;1533;1;90,00;Venda Pai Nao Existe no Banco
5892;3927;1769;1;439,00;Venda Pai Nao Existe no Banco
5893;3929;1534;1;90,00;Venda Pai Nao Existe no Banco
5894;3929;7821;1;260,00;Venda Pai Nao Existe no Banco
5895;3930;7821;1;340,00;Venda Pai Nao Existe no Banco
5896;3931;2403;2;680,00;Venda Pai Nao Existe no Banco
5897;3932;1533;1;90,00;Venda Pai Nao Existe no Banco
5898;3932;7821;1;190,00;Venda Pai Nao Existe no Banco
5899;3933;1534;1;160,00;Venda Pai Nao Existe no Banco
5900;3933;7972;1;290,00;Venda Pai Nao Existe no Banco
5901;3934;1542;1;260,00;Venda Pai Nao Existe no Banco
5902;3935;1672;1;200,00;Venda Pai Nao Existe no Banco
5903;3935;7848;1;300,00;Venda Pai Nao Existe no Banco
5904;3936;7961;1;570,00;Venda Pai Nao Existe no Banco
5906;3937;8176;1;854,00;Venda Pai Nao Existe no Banco
5907;3938;1534;1;145,00;Venda Pai Nao Existe no Banco
5908;3938;7821;1;250,00;Venda Pai Nao Existe no Banco
5910;3939;8177;1;535,00;Venda Pai Nao Existe no Banco
5911;3940;1534;1;160,00;Venda Pai Nao Existe no Banco
5912;3940;7972;1;190,00;Venda Pai Nao Existe no Banco
5914;3941;8102;1;440,00;Venda Pai Nao Existe no Banco
5915;3941;7821;1;220,00;Venda Pai Nao Existe no Banco
5916;3943;7972;1;260,00;Venda Pai Nao Existe no Banco
5918;3944;5541;1;360,00;Venda Pai Nao Existe no Banco
5919;3944;8178;1;440,00;Venda Pai Nao Existe no Banco
5920;3945;8178;1;350,00;Venda Pai Nao Existe no Banco
5921;3945;7821;1;150,00;Venda Pai Nao Existe no Banco
5922;3946;7024;1;270,00;Venda Pai Nao Existe no Banco
5923;3947;1542;1;230,00;Venda Pai Nao Existe no Banco
5924;3947;1375;1;220,00;Venda Pai Nao Existe no Banco
5925;3948;1534;1;140,00;Venda Pai Nao Existe no Banco
5926;3948;7821;1;220,00;Venda Pai Nao Existe no Banco
5927;3949;5504;1;500,00;Venda Pai Nao Existe no Banco
5928;3950;7987;1;450,00;Venda Pai Nao Existe no Banco
5929;3950;7834;1;300,00;Venda Pai Nao Existe no Banco
5930;3951;6627;1;490,00;Venda Pai Nao Existe no Banco
5931;3952;1534;1;160,00;Venda Pai Nao Existe no Banco
5932;3953;7821;1;220,00;Venda Pai Nao Existe no Banco
5933;3954;7821;1;240,00;Venda Pai Nao Existe no Banco
5935;3955;7821;1;260,00;Venda Pai Nao Existe no Banco
5936;3956;1533;1;40,00;Venda Pai Nao Existe no Banco
5937;3957;1540;1;60,00;Venda Pai Nao Existe no Banco
5938;3958;1534;0,5;80,00;Venda Pai Nao Existe no Banco
5940;3960;8179;1;100,00;Venda Pai Nao Existe no Banco
5941;3961;7953;1;270,00;Venda Pai Nao Existe no Banco
5943;3962;7263;1;280,00;Venda Pai Nao Existe no Banco
5944;3962;1752;1;260,00;Venda Pai Nao Existe no Banco
5945;3963;1542;1;230,00;Venda Pai Nao Existe no Banco
5946;3963;7773;1;120,00;Venda Pai Nao Existe no Banco
5947;3964;1554;1;190,00;Venda Pai Nao Existe no Banco
5948;3964;8112;1;100,00;Venda Pai Nao Existe no Banco
5949;3968;1542;1;240,00;Venda Pai Nao Existe no Banco
5950;3968;7821;1;210,00;Venda Pai Nao Existe no Banco
5951;3969;1534;1;160,00;Venda Pai Nao Existe no Banco
5952;3969;7860;1;340,00;Venda Pai Nao Existe no Banco
5953;3970;5627;1;768,00;Venda Pai Nao Existe no Banco
5954;3947;4205;1;100,00;Venda Pai Nao Existe no Banco
5955;3971;7821;1;220,00;Venda Pai Nao Existe no Banco
5956;3955;7953;1;270,00;Venda Pai Nao Existe no Banco
5957;3972;7596;1;470,00;Venda Pai Nao Existe no Banco
5958;3973;1760;1;534,00;Venda Pai Nao Existe no Banco
5959;3973;6707;1;416,00;Venda Pai Nao Existe no Banco
5960;3974;1534;1;160,00;Venda Pai Nao Existe no Banco
5961;3975;7345;1;270,00;Venda Pai Nao Existe no Banco
5962;3976;1552;1;280,00;Venda Pai Nao Existe no Banco
5963;3977;7953;1;270,00;Venda Pai Nao Existe no Banco
5964;3977;7821;1;260,00;Venda Pai Nao Existe no Banco
5965;3978;1721;1;615,00;Venda Pai Nao Existe no Banco
5966;3979;4581;1;240,00;Venda Pai Nao Existe no Banco
5967;3980;1527;1;120,00;Venda Pai Nao Existe no Banco
5968;3981;8112;1;100,00;Venda Pai Nao Existe no Banco
5969;3982;1534;1;160,00;Venda Pai Nao Existe no Banco
5970;3983;1534;1;160,00;Venda Pai Nao Existe no Banco
5971;3983;8112;1;190,00;Venda Pai Nao Existe no Banco
5972;3984;1534;1;145,00;Venda Pai Nao Existe no Banco
5973;3985;8131;1;630,00;Venda Pai Nao Existe no Banco
5974;3986;932;1;310,00;Venda Pai Nao Existe no Banco
5975;3987;1552;1;190,00;Venda Pai Nao Existe no Banco
5976;3987;6603;1;380,00;Venda Pai Nao Existe no Banco
5977;3988;2403;1;240,00;Venda Pai Nao Existe no Banco
5978;3989;1534;1;140,00;Venda Pai Nao Existe no Banco
5979;3989;7821;1;220,00;Venda Pai Nao Existe no Banco
5980;3990;1542;1;260,00;Venda Pai Nao Existe no Banco
5981;3990;8098;1;340,00;Venda Pai Nao Existe no Banco
5982;3991;1534;1;160,00;Venda Pai Nao Existe no Banco
5983;3991;8120;1;470,00;Venda Pai Nao Existe no Banco
5984;3992;1542;1;260,00;Venda Pai Nao Existe no Banco
5985;3993;1534;1;160,00;Venda Pai Nao Existe no Banco
5986;3993;7821;1;260,00;Venda Pai Nao Existe no Banco
5987;3994;1542;1;340,00;Venda Pai Nao Existe no Banco
5988;3994;7972;1;260,00;Venda Pai Nao Existe no Banco
5989;3995;8176;1;750,00;Venda Pai Nao Existe no Banco
5990;3996;7389;1;480,00;Venda Pai Nao Existe no Banco
5991;3996;6139;1;120,00;Venda Pai Nao Existe no Banco
5992;3997;7791;1;100,00;Venda Pai Nao Existe no Banco
5993;3998;7773;1;100,00;Venda Pai Nao Existe no Banco
5994;3999;7972;1;235,00;Venda Pai Nao Existe no Banco
5995;4000;7821;1;105,00;Venda Pai Nao Existe no Banco
5996;4001;7505;1;260,00;Venda Pai Nao Existe no Banco
5997;4001;1554;1;190,00;Venda Pai Nao Existe no Banco
5998;4002;7972;1;250,00;Venda Pai Nao Existe no Banco
5999;4004;7987;1;380,00;Venda Pai Nao Existe no Banco
6001;4004;7571;1;530,00;Venda Pai Nao Existe no Banco
6002;4005;7987;1;380,00;Venda Pai Nao Existe no Banco
6003;4005;5919;1;520,00;Venda Pai Nao Existe no Banco
6004;4006;1779;1;440,00;Venda Pai Nao Existe no Banco
6005;4006;1534;1;160,00;Venda Pai Nao Existe no Banco
6006;4007;7505;1;200,00;Venda Pai Nao Existe no Banco
6007;4007;1534;1;130,00;Venda Pai Nao Existe no Banco
6014;4009;1534;2;330,00;Venda Pai Nao Existe no Banco
6015;4009;7821;2;330,00;Venda Pai Nao Existe no Banco
6016;4010;8041;1;380,00;Venda Pai Nao Existe no Banco
6017;4011;8112;1;140,00;Venda Pai Nao Existe no Banco
6018;4011;1533;1;160,00;Venda Pai Nao Existe no Banco
6019;4012;1534;1;160,00;Venda Pai Nao Existe no Banco
6020;4012;2733;1;150,00;Venda Pai Nao Existe no Banco
6023;4012;8182;1;1.200,00;Venda Pai Nao Existe no Banco
6024;4013;1534;1;260,00;Venda Pai Nao Existe no Banco
6025;4014;1534;1;140,00;Venda Pai Nao Existe no Banco
6026;4014;7821;1;250,00;Venda Pai Nao Existe no Banco
6027;4017;1554;1;180,00;Venda Pai Nao Existe no Banco
6028;4017;7821;1;200,00;Venda Pai Nao Existe no Banco
6029;4018;7821;1;260,00;Venda Pai Nao Existe no Banco
6030;4019;1542;1;260,00;Venda Pai Nao Existe no Banco
6032;4020;7810;1;200,00;Venda Pai Nao Existe no Banco
6033;4021;1554;1;170,00;Venda Pai Nao Existe no Banco
6034;4022;1533;1;90,00;Venda Pai Nao Existe no Banco
6035;4023;8148;1;490,00;Venda Pai Nao Existe no Banco
6036;4024;3447;1;79,00;Venda Pai Nao Existe no Banco
6037;4025;1542;1;260,00;Venda Pai Nao Existe no Banco
6038;4025;7234;1;270,00;Venda Pai Nao Existe no Banco
6039;4026;1534;3;432,00;Venda Pai Nao Existe no Banco
6040;4026;7810;1;153,00;Venda Pai Nao Existe no Banco
6041;4027;6347;1;220,00;Venda Pai Nao Existe no Banco
6042;4027;7234;1;230,00;Venda Pai Nao Existe no Banco
6043;4028;1552;1;190,00;Venda Pai Nao Existe no Banco
6044;4028;7248;1;280,00;Venda Pai Nao Existe no Banco
6045;4029;7165;1;250,00;Venda Pai Nao Existe no Banco
6046;4030;1534;1;140,00;Venda Pai Nao Existe no Banco
6047;4030;7265;1;250,00;Venda Pai Nao Existe no Banco
6048;4031;4383;1;50,00;Venda Pai Nao Existe no Banco
6049;4032;1534;1;180,00;Venda Pai Nao Existe no Banco
6050;4033;1542;1;240,00;Venda Pai Nao Existe no Banco
6051;4033;7972;1;310,00;Venda Pai Nao Existe no Banco
6052;4034;6819;1;100,00;Venda Pai Nao Existe no Banco
6053;4035;1534;1;160,00;Venda Pai Nao Existe no Banco
6054;4032;1534;1;160,00;Venda Pai Nao Existe no Banco
6055;4036;1542;1;400,00;Venda Pai Nao Existe no Banco
6056;4037;1542;1;260,00;Venda Pai Nao Existe no Banco
6057;4038;4460;1;390,00;Venda Pai Nao Existe no Banco
6058;4038;7972;1;380,00;Venda Pai Nao Existe no Banco
6059;4041;1534;1;160,00;Venda Pai Nao Existe no Banco
6060;4041;7821;1;260,00;Venda Pai Nao Existe no Banco
6061;4042;1761;1;800,00;Venda Pai Nao Existe no Banco
6062;4043;7972;1;380,00;Venda Pai Nao Existe no Banco
6063;4043;1542;1;260,00;Venda Pai Nao Existe no Banco
6064;4044;1542;1;220,00;Venda Pai Nao Existe no Banco
6065;4044;1349;1;100,00;Venda Pai Nao Existe no Banco
6066;4045;1534;;140,00;Venda Pai Nao Existe no Banco
6067;4045;7821;1;200,00;Venda Pai Nao Existe no Banco
6068;4046;1542;1;260,00;Venda Pai Nao Existe no Banco
6069;4046;6144;1;100,00;Venda Pai Nao Existe no Banco
6070;4047;5966;1;150,00;Venda Pai Nao Existe no Banco
6071;4048;1533;1;90,00;Venda Pai Nao Existe no Banco
6072;4048;7821;1;235,00;Venda Pai Nao Existe no Banco
6073;4049;1534;1;170,00;Venda Pai Nao Existe no Banco
6075;4050;7972;1;350,00;Venda Pai Nao Existe no Banco
6076;4050;1542;1;260,00;Venda Pai Nao Existe no Banco
6077;4051;7263;1;220,00;Venda Pai Nao Existe no Banco
6078;4052;1534;1;140,00;Venda Pai Nao Existe no Banco
6079;4052;7483;1;200,00;Venda Pai Nao Existe no Banco
6080;4053;8094;1;590,00;Venda Pai Nao Existe no Banco
6081;4052;8154;1;608,00;Venda Pai Nao Existe no Banco
6082;4054;1534;1;140,00;Venda Pai Nao Existe no Banco
6083;4054;7821;1;200,00;Venda Pai Nao Existe no Banco
6084;4054;7972;1;220,00;Venda Pai Nao Existe no Banco
6085;4055;1534;1;150,00;Venda Pai Nao Existe no Banco
6086;4056;1554;1;190,00;Venda Pai Nao Existe no Banco
6087;4057;1554;1;230,00;Venda Pai Nao Existe no Banco
6088;4057;7773;1;140,00;Venda Pai Nao Existe no Banco
6089;4058;1534;1;160,00;Venda Pai Nao Existe no Banco
6090;4058;7972;1;380,00;Venda Pai Nao Existe no Banco
6091;4059;7821;1;150,00;Venda Pai Nao Existe no Banco
6093;4060;1554;1;190,00;Venda Pai Nao Existe no Banco
6094;4061;1554;1;190,00;Venda Pai Nao Existe no Banco
6095;4061;8112;1;100,00;Venda Pai Nao Existe no Banco
6096;4062;1542;1;300,00;Venda Pai Nao Existe no Banco
6097;4062;5966;1;100,00;Venda Pai Nao Existe no Banco
6098;4063;1752;1;0,00;Venda Pai Nao Existe no Banco
6099;4063;7919;1;170,00;Venda Pai Nao Existe no Banco
6100;4064;1542;1;280,00;Venda Pai Nao Existe no Banco
6101;4066;1554;1;190,00;Venda Pai Nao Existe no Banco
6102;4066;5538;1;330,00;Venda Pai Nao Existe no Banco
6103;4067;8085;1;330,00;Venda Pai Nao Existe no Banco
6104;4068;1554;1;190,00;Venda Pai Nao Existe no Banco
6105;4068;3468;1;100,00;Venda Pai Nao Existe no Banco
6106;4069;1534;1;136,00;Venda Pai Nao Existe no Banco
6107;4069;7615;1;221,00;Venda Pai Nao Existe no Banco
6108;4070;1533;1;220,00;Venda Pai Nao Existe no Banco
6110;4071;1534;1;120,00;Venda Pai Nao Existe no Banco
6111;4072;1542;1;240,00;Venda Pai Nao Existe no Banco
6112;4072;7773;1;140,00;Venda Pai Nao Existe no Banco
6113;4073;1534;1;160,00;Venda Pai Nao Existe no Banco
6114;4073;8077;1;320,00;Venda Pai Nao Existe no Banco
6115;4074;1554;1;190,00;Venda Pai Nao Existe no Banco
6116;4075;7821;1;200,00;Venda Pai Nao Existe no Banco
6117;4076;1534;1;140,00;Venda Pai Nao Existe no Banco
6118;4076;7972;1;310,00;Venda Pai Nao Existe no Banco
6119;4077;1534;1;140,00;Venda Pai Nao Existe no Banco
6120;4077;7972;1;310,00;Venda Pai Nao Existe no Banco
6121;4078;7858;1;270,00;Venda Pai Nao Existe no Banco
6122;4079;1769;1;484,00;Venda Pai Nao Existe no Banco
6123;4079;7972;1;260,00;Venda Pai Nao Existe no Banco
6125;4080;7821;1;190,00;Venda Pai Nao Existe no Banco
6126;4080;1542;1;260,00;Venda Pai Nao Existe no Banco
6127;4081;1552;1;190,00;Venda Pai Nao Existe no Banco
6128;4081;7821;1;210,00;Venda Pai Nao Existe no Banco
6129;4082;1534;1;110,00;Venda Pai Nao Existe no Banco
6130;4083;1534;1;135,00;Venda Pai Nao Existe no Banco
6131;4083;8007;1;540,00;Venda Pai Nao Existe no Banco
6132;4084;1554;1;230,00;Venda Pai Nao Existe no Banco
6133;4084;7821;1;220,00;Venda Pai Nao Existe no Banco
6134;4086;1769;1;470,00;Venda Pai Nao Existe no Banco
6135;4086;1349;1;100,00;Venda Pai Nao Existe no Banco
6136;4087;7773;1;100,00;Venda Pai Nao Existe no Banco
6137;4088;1534;1;160,00;Venda Pai Nao Existe no Banco
6138;4088;7821;1;220,00;Venda Pai Nao Existe no Banco
6139;4089;1769;1;530,00;Venda Pai Nao Existe no Banco
6140;4089;7972;1;330,00;Venda Pai Nao Existe no Banco
6141;4090;1533;1;90,00;Venda Pai Nao Existe no Banco
6142;4090;7104;1;100,00;Venda Pai Nao Existe no Banco
6143;4091;1542;1;260,00;Venda Pai Nao Existe no Banco
6144;4091;8112;1;100,00;Venda Pai Nao Existe no Banco
6145;4092;1760;1;325,00;Venda Pai Nao Existe no Banco
6146;4092;7972;1;300,00;Venda Pai Nao Existe no Banco
6147;4093;7953;1;260,00;Venda Pai Nao Existe no Banco
6148;4093;6598;1;340,00;Venda Pai Nao Existe no Banco
6149;4091;2287;1;15,00;Venda Pai Nao Existe no Banco
6150;4094;1534;1;160,00;Venda Pai Nao Existe no Banco
6151;4094;7821;1;220,00;Venda Pai Nao Existe no Banco
6152;4095;1554;1;170,00;Venda Pai Nao Existe no Banco
6153;4095;7784;1;190,00;Venda Pai Nao Existe no Banco
6154;4095;1554;1;170,00;Venda Pai Nao Existe no Banco
6155;4096;1721;1;615,00;Venda Pai Nao Existe no Banco
6157;4099;7821;1;150,00;Venda Pai Nao Existe no Banco
6158;4099;1752;1;250,00;Venda Pai Nao Existe no Banco
6159;4100;1534;1;220,00;Venda Pai Nao Existe no Banco
6160;4101;1534;1;180,00;Venda Pai Nao Existe no Banco
6161;4101;2733;1;100,00;Venda Pai Nao Existe no Banco
6163;4102;8136;1;490,00;Venda Pai Nao Existe no Banco
6164;4102;1752;1;260,00;Venda Pai Nao Existe no Banco
6165;4103;1542;1;260,00;Venda Pai Nao Existe no Banco
6166;4103;7972;1;340,00;Venda Pai Nao Existe no Banco
6167;4104;6347;1;240,00;Venda Pai Nao Existe no Banco
6168;4104;7972;1;320,00;Venda Pai Nao Existe no Banco
6169;4105;7821;1;100,00;Venda Pai Nao Existe no Banco
6170;4106;1534;1;150,00;Venda Pai Nao Existe no Banco
6171;4106;8121;1;460,00;Venda Pai Nao Existe no Banco
6173;4108;4497;1;250,00;Venda Pai Nao Existe no Banco
6174;4109;7972;1;190,00;Venda Pai Nao Existe no Banco
6175;4110;1542;1;0,00;Venda Pai Nao Existe no Banco
6176;4110;1542;1;0,00;Venda Pai Nao Existe no Banco
6177;4110;7972;1;150,00;Venda Pai Nao Existe no Banco
6178;4110;7972;1;150,00;Venda Pai Nao Existe no Banco
6179;4111;7962;1;590,00;Venda Pai Nao Existe no Banco
6180;4113;1769;1;420,00;Venda Pai Nao Existe no Banco
6181;4113;1349;1;100,00;Venda Pai Nao Existe no Banco
6183;4114;7821;1;260,00;Venda Pai Nao Existe no Banco
6184;4115;1534;1;160,00;Venda Pai Nao Existe no Banco
6185;4107;1534;0,5;80,00;Venda Pai Nao Existe no Banco
6186;4116;1770;1;360,00;Venda Pai Nao Existe no Banco
6187;4117;1542;1;260,00;Venda Pai Nao Existe no Banco
6188;4117;7972;1;380,00;Venda Pai Nao Existe no Banco
6189;4119;1760;1;450,00;Venda Pai Nao Existe no Banco
6190;4119;1349;1;110,00;Venda Pai Nao Existe no Banco
6191;4120;1533;1;90,00;Venda Pai Nao Existe no Banco
6192;4120;8112;1;100,00;Venda Pai Nao Existe no Banco
6193;4120;1534;1;160,00;Venda Pai Nao Existe no Banco
6194;4120;7972;1;330,00;Venda Pai Nao Existe no Banco
6195;4121;7953;1;260,00;Venda Pai Nao Existe no Banco
6196;4121;8165;1;490,00;Venda Pai Nao Existe no Banco
6197;4122;1534;1;140,00;Venda Pai Nao Existe no Banco
6198;4123;1534;1;160,00;Venda Pai Nao Existe no Banco
6199;4123;1349;1;100,00;Venda Pai Nao Existe no Banco
6200;4124;7953;1;290,00;Venda Pai Nao Existe no Banco
6202;4125;1760;1;440,00;Venda Pai Nao Existe no Banco
6203;4126;1534;1;110,00;Venda Pai Nao Existe no Banco
6204;4126;8170;1;410,00;Venda Pai Nao Existe no Banco
6205;4127;1542;1;260,00;Venda Pai Nao Existe no Banco
6206;4127;7972;1;380,00;Venda Pai Nao Existe no Banco
6207;4128;1542;1;220,00;Venda Pai Nao Existe no Banco
6208;4128;7821;1;180,00;Venda Pai Nao Existe no Banco
6210;4130;8183;1;490,00;Venda Pai Nao Existe no Banco
6211;4130;5138;1;400,00;Venda Pai Nao Existe no Banco
6212;4130;6820;1;100,00;Venda Pai Nao Existe no Banco
6213;4131;1534;1;180,00;Venda Pai Nao Existe no Banco
6214;4132;1533;1;90,00;Venda Pai Nao Existe no Banco
6215;4133;1349;1;90,00;Venda Pai Nao Existe no Banco
6216;4134;1349;1;100,00;Venda Pai Nao Existe no Banco
6217;4134;1760;1;440,00;Venda Pai Nao Existe no Banco
6218;4135;1760;1;440,00;Venda Pai Nao Existe no Banco
6219;4135;7972;1;330,00;Venda Pai Nao Existe no Banco
6220;4137;1760;1;390,00;Venda Pai Nao Existe no Banco
6221;4137;7821;1;140,00;Venda Pai Nao Existe no Banco
6222;4138;2403;2;440,00;Venda Pai Nao Existe no Banco
6223;4139;1534;1;150,00;Venda Pai Nao Existe no Banco
6224;4139;7905;1;330,00;Venda Pai Nao Existe no Banco
6225;4140;1533;1;90,00;Venda Pai Nao Existe no Banco
6228;4141;8184;2;600,00;Venda Pai Nao Existe no Banco
6229;4142;6347;1;220,00;Venda Pai Nao Existe no Banco
6230;4142;1349;1;100,00;Venda Pai Nao Existe no Banco
6231;4143;1534;1;220,00;Venda Pai Nao Existe no Banco
6232;4144;8127;1;570,00;Venda Pai Nao Existe no Banco
6233;4144;1534;1;160,00;Venda Pai Nao Existe no Banco
6235;4145;7972;1;300,00;Venda Pai Nao Existe no Banco
6236;4146;1349;1;120,00;Venda Pai Nao Existe no Banco
6237;4146;1760;1;460,00;Venda Pai Nao Existe no Banco
6238;4147;1554;1;190,00;Venda Pai Nao Existe no Banco
6239;4147;1349;1;130,00;Venda Pai Nao Existe no Banco
6240;4145;1752;1;230,00;Venda Pai Nao Existe no Banco
6241;4148;1542;1;260,00;Venda Pai Nao Existe no Banco
6242;4149;1534;1;160,00;Venda Pai Nao Existe no Banco
6243;4149;7944;1;380,00;Venda Pai Nao Existe no Banco
6244;4150;1542;1;260,00;Venda Pai Nao Existe no Banco
6245;4150;7821;1;220,00;Venda Pai Nao Existe no Banco
6246;4151;1694;1;500,00;Venda Pai Nao Existe no Banco
6247;4152;1534;1;140,00;Venda Pai Nao Existe no Banco
6248;4152;7821;1;220,00;Venda Pai Nao Existe no Banco
6249;4153;7927;1;80,00;Venda Pai Nao Existe no Banco
6250;4155;1534;1;160,00;Venda Pai Nao Existe no Banco
6251;4156;1534;1;160,00;Venda Pai Nao Existe no Banco
6252;4156;8151;1;560,00;Venda Pai Nao Existe no Banco
6254;4157;7232;1;220,00;Venda Pai Nao Existe no Banco
6255;4158;1760;1;450,00;Venda Pai Nao Existe no Banco
6256;4158;7821;1;220,00;Venda Pai Nao Existe no Banco
6257;4159;1534;1;160,00;Venda Pai Nao Existe no Banco
6258;4159;7821;1;220,00;Venda Pai Nao Existe no Banco
6259;4160;1542;1;260,00;Venda Pai Nao Existe no Banco
6260;4161;8185;1;900,00;Venda Pai Nao Existe no Banco
6261;4161;7232;1;220,00;Venda Pai Nao Existe no Banco
6262;4162;3468;1;120,00;Venda Pai Nao Existe no Banco
6263;4163;1542;1;225,00;Venda Pai Nao Existe no Banco
6264;4163;1349;1;100,00;Venda Pai Nao Existe no Banco
6265;4163;1542;1;225,00;Venda Pai Nao Existe no Banco
6266;4163;1349;1;100,00;Venda Pai Nao Existe no Banco
6268;4164;1349;1;100,00;Venda Pai Nao Existe no Banco
6269;4164;1752;1;230,00;Venda Pai Nao Existe no Banco
6270;4165;1542;1;260,00;Venda Pai Nao Existe no Banco
6271;4165;7972;1;320,00;Venda Pai Nao Existe no Banco
6272;4166;1542;1;210,00;Venda Pai Nao Existe no Banco
6273;4166;1533;1;90,00;Venda Pai Nao Existe no Banco
6274;4167;1534;1;160,00;Venda Pai Nao Existe no Banco
6275;4167;7972;1;340,00;Venda Pai Nao Existe no Banco
6276;4168;1533;1;90,00;Venda Pai Nao Existe no Banco
6278;4170;1752;1;220,00;Venda Pai Nao Existe no Banco
6279;4171;1552;1;150,00;Venda Pai Nao Existe no Banco
6280;4171;7869;1;100,00;Venda Pai Nao Existe no Banco
6281;4172;1534;1;160,00;Venda Pai Nao Existe no Banco
6282;4172;7821;1;190,00;Venda Pai Nao Existe no Banco
6283;4173;1534;1;160,00;Venda Pai Nao Existe no Banco
6284;4173;1349;1;140,00;Venda Pai Nao Existe no Banco
6285;4174;1721;1;660,00;Venda Pai Nao Existe no Banco
6286;4174;7915;1;340,00;Venda Pai Nao Existe no Banco
6287;4175;1542;1;230,00;Venda Pai Nao Existe no Banco
6288;4175;7972;1;340,00;Venda Pai Nao Existe no Banco
6289;4176;4581;2;680,00;Venda Pai Nao Existe no Banco
6290;4177;1534;1;140,00;Venda Pai Nao Existe no Banco
6291;4177;7972;1;330,00;Venda Pai Nao Existe no Banco
6292;4179;1760;1;450,00;Venda Pai Nao Existe no Banco
6293;4179;7821;1;220,00;Venda Pai Nao Existe no Banco
6294;4180;2403;1;240,00;Venda Pai Nao Existe no Banco
6295;4181;1542;1;260,00;Venda Pai Nao Existe no Banco
6296;4181;2733;1;120,00;Venda Pai Nao Existe no Banco
6297;4182;1721;1;196,00;Venda Pai Nao Existe no Banco
6298;4183;7821;1;220,00;Venda Pai Nao Existe no Banco
6299;4185;5627;1;780,00;Venda Pai Nao Existe no Banco
6300;4185;8179;1;120,00;Venda Pai Nao Existe no Banco
6301;4186;7972;1;190,00;Venda Pai Nao Existe no Banco
6302;4187;1542;1;0,00;Venda Pai Nao Existe no Banco
6303;4187;1542;1;0,00;Venda Pai Nao Existe no Banco
6304;4187;1760;1;200,00;Venda Pai Nao Existe no Banco
6305;4187;7972;1;200,00;Venda Pai Nao Existe no Banco
6306;4187;1349;1;0,00;Venda Pai Nao Existe no Banco
6307;4189;1534;1;160,00;Venda Pai Nao Existe no Banco
6308;4189;8089;1;320,00;Venda Pai Nao Existe no Banco
6309;4191;1542;1;230,00;Venda Pai Nao Existe no Banco
6310;4191;1349;1;100,00;Venda Pai Nao Existe no Banco
6311;4193;4657;1;570,00;Venda Pai Nao Existe no Banco
6312;4193;7821;1;220,00;Venda Pai Nao Existe no Banco
6313;4194;1533;1;80,00;Venda Pai Nao Existe no Banco
6314;4195;1542;1;230,00;Venda Pai Nao Existe no Banco
6316;4197;7719;1;220,00;Venda Pai Nao Existe no Banco
6317;4197;1542;1;230,00;Venda Pai Nao Existe no Banco
6318;4196;8186;1;950,00;Venda Pai Nao Existe no Banco
6319;4198;1760;1;450,00;Venda Pai Nao Existe no Banco
6320;4198;7821;1;220,00;Venda Pai Nao Existe no Banco
6321;4199;1542;1;230,00;Venda Pai Nao Existe no Banco
6322;4199;7367;1;220,00;Venda Pai Nao Existe no Banco
6323;4200;7972;1;190,00;Venda Pai Nao Existe no Banco
6324;4200;3447;1;79,00;Venda Pai Nao Existe no Banco
6325;4201;5940;1;380,00;Venda Pai Nao Existe no Banco
6326;4202;8102;1;425,00;Venda Pai Nao Existe no Banco
6327;4203;1721;1;590,00;Venda Pai Nao Existe no Banco
6328;4203;7821;1;210,00;Venda Pai Nao Existe no Banco
6329;4204;1534;1;130,00;Venda Pai Nao Existe no Banco
6330;4205;7903;1;380,00;Venda Pai Nao Existe no Banco
6331;4205;5627;1;650,00;Venda Pai Nao Existe no Banco
6332;4206;1533;1;90,00;Venda Pai Nao Existe no Banco
6333;4207;1534;1;160,00;Venda Pai Nao Existe no Banco
6334;4207;7972;1;340,00;Venda Pai Nao Existe no Banco
6335;4208;1534;1;140,00;Venda Pai Nao Existe no Banco
6336;4208;7972;1;230,00;Venda Pai Nao Existe no Banco
6337;4209;7952;1;330,00;Venda Pai Nao Existe no Banco
6338;4210;7821;1;210,00;Venda Pai Nao Existe no Banco
6339;4211;1542;1;260,00;Venda Pai Nao Existe no Banco
6340;4211;8031;1;340,00;Venda Pai Nao Existe no Banco
6341;4213;8187;1;1.470,00;Venda Pai Nao Existe no Banco
6342;4213;8188;1;1.560,00;Venda Pai Nao Existe no Banco
6343;4214;1542;1;240,00;Venda Pai Nao Existe no Banco
6344;4214;7821;1;220,00;Venda Pai Nao Existe no Banco
6345;4215;3447;1;79,00;Venda Pai Nao Existe no Banco
6346;4216;1349;1;100,00;Venda Pai Nao Existe no Banco
6347;4217;8105;1;330,00;Venda Pai Nao Existe no Banco
6349;4218;6987;1;390,00;Venda Pai Nao Existe no Banco
6350;4218;8189;1;540,00;Venda Pai Nao Existe no Banco
6351;4219;1349;1;100,00;Venda Pai Nao Existe no Banco
6352;4220;8176;1;800,00;Venda Pai Nao Existe no Banco
6353;4220;7821;1;200,00;Venda Pai Nao Existe no Banco
6354;4208;7972;1;230,00;Venda Pai Nao Existe no Banco
6355;4221;1534;1;140,00;Venda Pai Nao Existe no Banco
6356;4222;1752;1;280,00;Venda Pai Nao Existe no Banco
6357;4222;7821;1;240,00;Venda Pai Nao Existe no Banco
6358;4223;1534;1;160,00;Venda Pai Nao Existe no Banco
6359;4223;7781;1;100,00;Venda Pai Nao Existe no Banco
6360;4224;1533;1;80,00;Venda Pai Nao Existe no Banco
6361;4225;1534;1;160,00;Venda Pai Nao Existe no Banco
6362;4225;7821;1;220,00;Venda Pai Nao Existe no Banco
6363;4226;1534;1;140,00;Venda Pai Nao Existe no Banco
6364;4226;7821;1;200,00;Venda Pai Nao Existe no Banco
6365;4227;1542;1;260,00;Venda Pai Nao Existe no Banco
6366;4228;2403;1;240,00;Venda Pai Nao Existe no Banco
6368;4229;7579;1;684,00;Venda Pai Nao Existe no Banco
6369;4229;7821;1;190,00;Venda Pai Nao Existe no Banco
6370;4230;1534;0,5;40,00;Venda Pai Nao Existe no Banco
6371;4232;1533;1;80,00;Venda Pai Nao Existe no Banco
6372;4232;7821;1;120,00;Venda Pai Nao Existe no Banco
6373;4233;1542;1;130,00;Venda Pai Nao Existe no Banco
6374;4234;1752;1;260,00;Venda Pai Nao Existe no Banco
6375;4234;7904;1;320,00;Venda Pai Nao Existe no Banco
6376;4235;1542;1;260,00;Venda Pai Nao Existe no Banco
6377;4235;1349;1;120,00;Venda Pai Nao Existe no Banco
6378;4236;7865;1;100,00;Venda Pai Nao Existe no Banco
6379;4237;1760;1;450,00;Venda Pai Nao Existe no Banco
6380;4238;7972;1;190,00;Venda Pai Nao Existe no Banco
6381;4239;1349;1;100,00;Venda Pai Nao Existe no Banco
6382;4240;1552;1;170,00;Venda Pai Nao Existe no Banco
6383;4240;1542;1;230,00;Venda Pai Nao Existe no Banco
6384;4241;7972;1;200,00;Venda Pai Nao Existe no Banco
6385;4242;1542;1;260,00;Venda Pai Nao Existe no Banco
6386;4242;7952;1;310,00;Venda Pai Nao Existe no Banco
6388;4243;6822;1;100,00;Venda Pai Nao Existe no Banco
6389;4243;1554;1;190,00;Venda Pai Nao Existe no Banco
6390;4244;1554;1;190,00;Venda Pai Nao Existe no Banco
6391;4244;6819;1;100,00;Venda Pai Nao Existe no Banco
6392;4245;1534;1;160,00;Venda Pai Nao Existe no Banco
6393;4245;7949;1;380,00;Venda Pai Nao Existe no Banco
6394;4248;1760;1;450,00;Venda Pai Nao Existe no Banco
6395;4250;8151;1;580,00;Venda Pai Nao Existe no Banco
6396;4252;1534;1;160,00;Venda Pai Nao Existe no Banco
6397;4252;7821;1;220,00;Venda Pai Nao Existe no Banco
6398;4253;1534;1;160,00;Venda Pai Nao Existe no Banco
6399;4253;8097;1;380,00;Venda Pai Nao Existe no Banco
6400;4254;6347;1;240,00;Venda Pai Nao Existe no Banco
6401;4254;7972;1;350,00;Venda Pai Nao Existe no Banco
6402;4255;8190;1;630,00;Venda Pai Nao Existe no Banco
6403;4257;8176;1;760,00;Venda Pai Nao Existe no Banco
6404;4257;1349;1;100,00;Venda Pai Nao Existe no Banco
6405;4258;1552;1;190,00;Venda Pai Nao Existe no Banco
6406;4259;1349;1;90,00;Venda Pai Nao Existe no Banco
6407;4260;1534;1;160,00;Venda Pai Nao Existe no Banco
6408;4260;7821;1;220,00;Venda Pai Nao Existe no Banco
6409;4261;1542;1;250,00;Venda Pai Nao Existe no Banco
6410;4262;1542;1;220,00;Venda Pai Nao Existe no Banco
6411;4263;1542;1;235,00;Venda Pai Nao Existe no Banco
6412;4263;7972;1;315,00;Venda Pai Nao Existe no Banco
6413;4264;1534;1;140,00;Venda Pai Nao Existe no Banco
6414;4265;1534;1;160,00;Venda Pai Nao Existe no Banco
6415;4266;1554;1;190,00;Venda Pai Nao Existe no Banco
6416;4266;7821;1;240,00;Venda Pai Nao Existe no Banco
6417;4267;1542;1;260,00;Venda Pai Nao Existe no Banco
6418;4267;7821;1;240,00;Venda Pai Nao Existe no Banco
6419;4268;1534;1;160,00;Venda Pai Nao Existe no Banco
6420;4268;7999;1;490,00;Venda Pai Nao Existe no Banco
6421;4269;7489;1;220,00;Venda Pai Nao Existe no Banco
6422;4269;1542;1;260,00;Venda Pai Nao Existe no Banco
6423;4270;1534;1;160,00;Venda Pai Nao Existe no Banco
6425;4270;1349;1;100,00;Venda Pai Nao Existe no Banco
6426;4271;1542;1;250,00;Venda Pai Nao Existe no Banco
6427;4271;4797;1;120,00;Venda Pai Nao Existe no Banco
6428;4272;1534;1;160,00;Venda Pai Nao Existe no Banco
6429;4272;8039;1;380,00;Venda Pai Nao Existe no Banco
6430;4273;7972;1;350,00;Venda Pai Nao Existe no Banco
6431;4273;7972;1;250,00;Venda Pai Nao Existe no Banco
6433;4274;8085;1;222,00;Venda Pai Nao Existe no Banco
6434;4063;1760;1;200,00;Venda Pai Nao Existe no Banco
6435;4063;7972;1;200,00;Venda Pai Nao Existe no Banco
6436;4274;8191;1;828,00;Venda Pai Nao Existe no Banco
6437;4275;8022;1;340,00;Venda Pai Nao Existe no Banco
6438;4276;1554;1;170,00;Venda Pai Nao Existe no Banco
6439;4276;7821;1;210,00;Venda Pai Nao Existe no Banco
6440;4277;2403;2;680,00;Venda Pai Nao Existe no Banco
6441;4278;1542;1;230,00;Venda Pai Nao Existe no Banco
6442;4278;7821;1;220,00;Venda Pai Nao Existe no Banco
6443;4279;1526;1;120,00;Venda Pai Nao Existe no Banco
6444;4280;1542;1;230,00;Venda Pai Nao Existe no Banco
6445;4280;7821;1;160,00;Venda Pai Nao Existe no Banco
6446;4281;1542;1;234,00;Venda Pai Nao Existe no Banco
6447;4281;6948;1;100,00;Venda Pai Nao Existe no Banco
6448;4282;1554;1;170,00;Venda Pai Nao Existe no Banco
6449;4283;1542;1;260,00;Venda Pai Nao Existe no Banco
6450;4284;1534;1;160,00;Venda Pai Nao Existe no Banco
6451;4284;8193;1;200,00;Venda Pai Nao Existe no Banco
6452;4285;6627;1;550,00;Venda Pai Nao Existe no Banco
6453;4286;8193;1;120,00;Venda Pai Nao Existe no Banco
6454;4287;1534;1;160,00;Venda Pai Nao Existe no Banco
6455;4287;1534;1;160,00;Venda Pai Nao Existe no Banco
6456;4288;1554;1;190,00;Venda Pai Nao Existe no Banco
6457;4288;7821;1;210,00;Venda Pai Nao Existe no Banco
6458;4289;7821;1;200,00;Venda Pai Nao Existe no Banco
6459;4290;8193;1;220,00;Venda Pai Nao Existe no Banco
6460;4290;1542;1;260,00;Venda Pai Nao Existe no Banco
6461;4291;1542;1;235,00;Venda Pai Nao Existe no Banco
6462;4291;7942;1;335,00;Venda Pai Nao Existe no Banco
6463;4292;1534;1;140,00;Venda Pai Nao Existe no Banco
6464;4292;7972;1;330,00;Venda Pai Nao Existe no Banco
6465;4295;1760;1;405,00;Venda Pai Nao Existe no Banco
6466;4295;7972;1;315,00;Venda Pai Nao Existe no Banco
6467;4296;1534;1;140,00;Venda Pai Nao Existe no Banco
6468;4297;2403;1;190,00;Venda Pai Nao Existe no Banco
6469;4298;6347;1;240,00;Venda Pai Nao Existe no Banco
6470;4299;1534;1;160,00;Venda Pai Nao Existe no Banco
6471;4300;1760;1;450,00;Venda Pai Nao Existe no Banco
6472;4301;6347;1;240,00;Venda Pai Nao Existe no Banco
6473;4301;8039;1;340,00;Venda Pai Nao Existe no Banco
6474;4304;7864;1;1.250,00;Venda Pai Nao Existe no Banco
6475;4304;8045;1;300,00;Venda Pai Nao Existe no Banco
6476;4305;7972;1;220,00;Venda Pai Nao Existe no Banco
6477;4306;1542;1;230,00;Venda Pai Nao Existe no Banco
6478;4306;5015;1;100,00;Venda Pai Nao Existe no Banco
6479;4307;7821;1;180,00;Venda Pai Nao Existe no Banco
6480;4308;8193;1;200,00;Venda Pai Nao Existe no Banco
6481;4309;1534;1;160,00;Venda Pai Nao Existe no Banco
6482;4309;7821;1;190,00;Venda Pai Nao Existe no Banco
6484;4310;7821;1;100,00;Venda Pai Nao Existe no Banco
6485;4311;1542;1;230,00;Venda Pai Nao Existe no Banco
6486;4311;7972;1;320,00;Venda Pai Nao Existe no Banco
6487;4312;1534;1;160,00;Venda Pai Nao Existe no Banco
6488;4313;1769;1;390,00;Venda Pai Nao Existe no Banco
6489;4313;7821;1;200,00;Venda Pai Nao Existe no Banco
6490;4314;1542;0,5;130,00;Venda Pai Nao Existe no Banco
6491;4315;1534;1;90,00;Venda Pai Nao Existe no Banco
6492;4316;1534;1;130,00;Venda Pai Nao Existe no Banco
6493;4316;4206;1;100,00;Venda Pai Nao Existe no Banco
6494;4317;7810;1;190,00;Venda Pai Nao Existe no Banco
6495;4318;1534;1;130,00;Venda Pai Nao Existe no Banco
6496;4318;7773;1;100,00;Venda Pai Nao Existe no Banco
6497;4319;1533;1;140,00;Venda Pai Nao Existe no Banco
6498;4320;8198;1;560,00;Venda Pai Nao Existe no Banco
6499;4321;2403;1;240,00;Venda Pai Nao Existe no Banco
6500;4322;1542;1;260,00;Venda Pai Nao Existe no Banco
6501;4322;7773;1;100,00;Venda Pai Nao Existe no Banco
6502;4323;1534;1;140,00;Venda Pai Nao Existe no Banco
6506;4325;8200;1;900,00;Venda Pai Nao Existe no Banco
6507;4325;8162;1;440,00;Venda Pai Nao Existe no Banco
6508;4326;1752;1;280,00;Venda Pai Nao Existe no Banco
6509;4326;7525;1;120,00;Venda Pai Nao Existe no Banco
6510;4327;7972;1;230,00;Venda Pai Nao Existe no Banco
6511;4328;5133;1;120,00;Venda Pai Nao Existe no Banco
6512;4329;1752;1;200,00;Venda Pai Nao Existe no Banco
6513;4329;7972;1;300,00;Venda Pai Nao Existe no Banco
6514;4330;7791;1;120,00;Venda Pai Nao Existe no Banco
6515;4331;8102;1;520,00;Venda Pai Nao Existe no Banco
6517;4332;7972;1;220,00;Venda Pai Nao Existe no Banco
6518;4332;8201;1;450,00;Venda Pai Nao Existe no Banco
6519;4333;1542;1;260,00;Venda Pai Nao Existe no Banco
6520;4333;7821;1;190,00;Venda Pai Nao Existe no Banco
6521;4334;1533;1;90,00;Venda Pai Nao Existe no Banco
6522;4334;7773;1;100,00;Venda Pai Nao Existe no Banco
6523;4335;1534;1;160,00;Venda Pai Nao Existe no Banco
6524;4335;7972;1;350,00;Venda Pai Nao Existe no Banco
6525;4336;1295;1;380,00;Venda Pai Nao Existe no Banco
6526;4337;1542;1;260,00;Venda Pai Nao Existe no Banco
6527;4340;1349;1;110,00;Venda Pai Nao Existe no Banco
6528;4340;1534;1;160,00;Venda Pai Nao Existe no Banco
6529;4343;1404;1;79,00;Venda Pai Nao Existe no Banco
6530;4344;4335;1;150,00;Venda Pai Nao Existe no Banco
6531;4345;5627;1;650,00;Venda Pai Nao Existe no Banco
6532;4345;7914;1;300,00;Venda Pai Nao Existe no Banco
6533;4346;8104;1;320,00;Venda Pai Nao Existe no Banco
6534;4346;1721;1;480,00;Venda Pai Nao Existe no Banco
6535;4347;1542;1;130,00;Venda Pai Nao Existe no Banco
6536;4348;1529;1;120,00;Venda Pai Nao Existe no Banco
6537;4349;1321;1;180,00;Venda Pai Nao Existe no Banco
6538;4350;1534;1;160,00;Venda Pai Nao Existe no Banco
6539;4350;7821;1;220,00;Venda Pai Nao Existe no Banco
6540;4351;1534;1;160,00;Venda Pai Nao Existe no Banco
6541;4351;7821;1;140,00;Venda Pai Nao Existe no Banco
6542;4352;6708;1;460,00;Venda Pai Nao Existe no Banco
6544;4352;6602;-1;-390,00;Venda Pai Nao Existe no Banco
6545;4353;1534;1;160,00;Venda Pai Nao Existe no Banco
6546;4353;8072;1;320,00;Venda Pai Nao Existe no Banco
6547;4354;1349;1;100,00;Venda Pai Nao Existe no Banco
6549;4356;1542;1;230,00;Venda Pai Nao Existe no Banco
6550;4355;7957;1;1.050,00;Venda Pai Nao Existe no Banco
6551;4359;1562;1;540,00;Venda Pai Nao Existe no Banco
6552;4359;6740;1;460,00;Venda Pai Nao Existe no Banco
6553;4360;7663;1;260,00;Venda Pai Nao Existe no Banco
6555;4361;7908;1;340,00;Venda Pai Nao Existe no Banco
6556;4361;1534;1;145,00;Venda Pai Nao Existe no Banco
6557;4363;1552;1;160,00;Venda Pai Nao Existe no Banco
6558;4364;8093;1;390,00;Venda Pai Nao Existe no Banco
6559;4365;1533;1;90,00;Venda Pai Nao Existe no Banco
6560;4365;7821;1;190,00;Venda Pai Nao Existe no Banco
6561;4366;1534;1;160,00;Venda Pai Nao Existe no Banco
6562;4367;1526;1;120,00;Venda Pai Nao Existe no Banco
6563;4368;1534;1;160,00;Venda Pai Nao Existe no Banco
6564;4368;7821;1;190,00;Venda Pai Nao Existe no Banco
6565;4370;2411;1;280,00;Venda Pai Nao Existe no Banco
6566;4371;4581;1;200,00;Venda Pai Nao Existe no Banco
6567;4372;1542;1;260,00;Venda Pai Nao Existe no Banco
6568;4373;1534;1;160,00;Venda Pai Nao Existe no Banco
6569;4375;716;1;240,00;Venda Pai Nao Existe no Banco
6570;4376;1534;1;140,00;Venda Pai Nao Existe no Banco
6571;4376;8097;1;360,00;Venda Pai Nao Existe no Banco
6572;4377;7953;1;340,00;Venda Pai Nao Existe no Banco
6573;4377;7821;1;200,00;Venda Pai Nao Existe no Banco
6574;4378;1721;1;650,00;Venda Pai Nao Existe no Banco
6575;4378;7821;1;190,00;Venda Pai Nao Existe no Banco
6576;4379;1554;1;180,00;Venda Pai Nao Existe no Banco
6577;4379;7821;1;190,00;Venda Pai Nao Existe no Banco
6578;4380;1542;1;260,00;Venda Pai Nao Existe no Banco
6579;4383;7508;1;100,00;Venda Pai Nao Existe no Banco
6580;4383;1542;1;260,00;Venda Pai Nao Existe no Banco
6582;4384;8202;1;350,00;Venda Pai Nao Existe no Banco
6583;4384;7805;1;580,00;Venda Pai Nao Existe no Banco
6584;4385;1533;1;90,00;Venda Pai Nao Existe no Banco
6585;4385;7821;1;250,00;Venda Pai Nao Existe no Banco
6586;4386;7821;1;190,00;Venda Pai Nao Existe no Banco
6587;4387;1534;1;160,00;Venda Pai Nao Existe no Banco
6588;4387;1349;1;100,00;Venda Pai Nao Existe no Banco
6589;4388;8177;1;535,00;Venda Pai Nao Existe no Banco
6590;4388;8039;1;340,00;Venda Pai Nao Existe no Banco
6591;4389;7323;1;250,00;Venda Pai Nao Existe no Banco
6592;4389;1552;1;190,00;Venda Pai Nao Existe no Banco
6593;4390;1349;1;100,00;Venda Pai Nao Existe no Banco
6594;4391;5573;1;800,00;Venda Pai Nao Existe no Banco
6595;4391;7972;1;280,00;Venda Pai Nao Existe no Banco
6596;4392;1760;1;420,00;Venda Pai Nao Existe no Banco
6597;4393;7971;1;490,00;Venda Pai Nao Existe no Banco
6598;4394;7295;1;280,00;Venda Pai Nao Existe no Banco
6599;4395;5627;1;690,00;Venda Pai Nao Existe no Banco
6600;4395;7950;1;310,00;Venda Pai Nao Existe no Banco
6601;4396;1533;1;90,00;Venda Pai Nao Existe no Banco
6605;4397;7821;1;190,00;Venda Pai Nao Existe no Banco
6606;4397;8204;0,5;450,00;Venda Pai Nao Existe no Banco
6607;4397;1533;0,5;45,00;Venda Pai Nao Existe no Banco
6608;4398;1534;1;160,00;Venda Pai Nao Existe no Banco
6609;4399;8155;1;590,00;Venda Pai Nao Existe no Banco
6610;4400;1534;1;160,00;Venda Pai Nao Existe no Banco
6611;4400;7821;1;140,00;Venda Pai Nao Existe no Banco
6612;4402;1542;1;240,00;Venda Pai Nao Existe no Banco
6613;4402;7972;1;310,00;Venda Pai Nao Existe no Banco
6614;4403;1760;1;450,00;Venda Pai Nao Existe no Banco
6615;4403;7821;1;190,00;Venda Pai Nao Existe no Banco
6616;4403;1534;1;160,00;Venda Pai Nao Existe no Banco
6617;4403;8193;1;200,00;Venda Pai Nao Existe no Banco
6618;4404;7952;1;240,00;Venda Pai Nao Existe no Banco
6620;4405;6599;1;209,00;Venda Pai Nao Existe no Banco
6621;4406;1534;1;160,00;Venda Pai Nao Existe no Banco
6622;4407;1534;1;140,00;Venda Pai Nao Existe no Banco
6624;4408;8097;1;380,00;Venda Pai Nao Existe no Banco
6625;4408;8205;1;1.054,00;Venda Pai Nao Existe no Banco
6626;4409;8205;1;970,00;Venda Pai Nao Existe no Banco
6627;4409;7894;1;320,00;Venda Pai Nao Existe no Banco
6628;4412;7821;1;190,00;Venda Pai Nao Existe no Banco
6629;4413;1721;1;490,00;Venda Pai Nao Existe no Banco
6630;4413;7821;1;160,00;Venda Pai Nao Existe no Banco
6631;4414;7972;1;290,00;Venda Pai Nao Existe no Banco
6632;4415;1752;1;280,00;Venda Pai Nao Existe no Banco
6633;4415;1349;1;100,00;Venda Pai Nao Existe no Banco
6634;4416;7553;1;690,00;Venda Pai Nao Existe no Banco
6635;4417;7628;1;100,00;Venda Pai Nao Existe no Banco
6636;4418;8102;1;570,00;Venda Pai Nao Existe no Banco
6637;4418;4402;1;140,00;Venda Pai Nao Existe no Banco
6638;4419;1752;1;280,00;Venda Pai Nao Existe no Banco
6639;4420;1534;1;160,00;Venda Pai Nao Existe no Banco
6640;4421;7773;1;80,00;Venda Pai Nao Existe no Banco
6641;4422;1533;1;80,00;Venda Pai Nao Existe no Banco
6642;4422;1349;1;100,00;Venda Pai Nao Existe no Banco
6643;4423;6292;1;90,00;Venda Pai Nao Existe no Banco
6644;4424;1534;1;120,00;Venda Pai Nao Existe no Banco
6646;4424;1534;1;120,00;Venda Pai Nao Existe no Banco
6647;4424;8193;1;200,00;Venda Pai Nao Existe no Banco
6648;4425;1533;1;100,00;Venda Pai Nao Existe no Banco
6649;4426;1977;1;70,00;Venda Pai Nao Existe no Banco
6650;4427;1554;1;190,00;Venda Pai Nao Existe no Banco
6651;4428;1534;1;70,00;Venda Pai Nao Existe no Banco
6652;4429;3447;1;79,00;Venda Pai Nao Existe no Banco
6653;4430;1554;1;130,00;Venda Pai Nao Existe no Banco
6654;4431;1534;1;180,00;Venda Pai Nao Existe no Banco
6655;4431;7821;1;260,00;Venda Pai Nao Existe no Banco
6656;4432;3907;1;50,00;Venda Pai Nao Existe no Banco
6657;4433;3514;1;200,00;Venda Pai Nao Existe no Banco
6658;4434;8106;1;340,00;Venda Pai Nao Existe no Banco
6659;4434;8158;1;430,00;Venda Pai Nao Existe no Banco
6660;4435;3514;1;79,00;Venda Pai Nao Existe no Banco
6661;4436;8178;1;439,00;Venda Pai Nao Existe no Banco
6662;4436;7952;1;380,00;Venda Pai Nao Existe no Banco
6663;4437;1534;1;140,00;Venda Pai Nao Existe no Banco
6664;4437;7821;1;200,00;Venda Pai Nao Existe no Banco
6665;4438;1533;1;90,00;Venda Pai Nao Existe no Banco
6666;4439;1552;1;140,00;Venda Pai Nao Existe no Banco
6668;4440;1542;1;260,00;Venda Pai Nao Existe no Banco
6669;4441;7652;1;260,00;Venda Pai Nao Existe no Banco
6670;4443;1554;1;170,00;Venda Pai Nao Existe no Banco
6671;4443;7912;1;330,00;Venda Pai Nao Existe no Banco
6672;4444;7773;1;100,00;Venda Pai Nao Existe no Banco
6673;4445;1534;1;145,00;Venda Pai Nao Existe no Banco
6674;4446;1542;1;260,00;Venda Pai Nao Existe no Banco
6675;4539;8206;1;1.855,00;Venda Pai Nao Existe no Banco
6676;4539;8004;1;435,00;Venda Pai Nao Existe no Banco
6677;4449;1534;3;290,00;Venda Pai Nao Existe no Banco
6678;4449;8097;1;330,00;Venda Pai Nao Existe no Banco
6679;4450;7369;1;560,00;Venda Pai Nao Existe no Banco
6680;4451;7801;1;430,00;Venda Pai Nao Existe no Banco
6681;4452;1540;1;50,00;Venda Pai Nao Existe no Banco
6682;4453;1540;1;60,00;Venda Pai Nao Existe no Banco
6683;4454;1542;1;245,00;Venda Pai Nao Existe no Banco
6684;4454;7949;1;330,00;Venda Pai Nao Existe no Banco
6685;4455;5135;1;100,00;Venda Pai Nao Existe no Banco
6686;4456;1534;1;160,00;Venda Pai Nao Existe no Banco
6687;4456;7972;1;300,00;Venda Pai Nao Existe no Banco
6688;4457;1534;0,5;80,00;Venda Pai Nao Existe no Banco
6689;4458;8205;1;600,00;Venda Pai Nao Existe no Banco
6690;4458;7916;1;330,00;Venda Pai Nao Existe no Banco
6691;4459;1760;1;450,00;Venda Pai Nao Existe no Banco
6692;4459;7821;1;240,00;Venda Pai Nao Existe no Banco
6693;4460;7953;1;250,00;Venda Pai Nao Existe no Banco
6694;4463;1542;1;245,00;Venda Pai Nao Existe no Banco
6695;4463;7972;1;340,00;Venda Pai Nao Existe no Banco
6696;4464;1534;1;120,00;Venda Pai Nao Existe no Banco
6697;4465;7821;1;160,00;Venda Pai Nao Existe no Banco
6698;4466;1534;1;160,00;Venda Pai Nao Existe no Banco
6699;4466;7821;1;220,00;Venda Pai Nao Existe no Banco
6700;4467;1533;1;90,00;Venda Pai Nao Existe no Banco
6701;4467;7821;1;190,00;Venda Pai Nao Existe no Banco
6702;4468;1533;1;100,00;Venda Pai Nao Existe no Banco
6703;4469;7952;1;340,00;Venda Pai Nao Existe no Banco
6704;4470;7821;1;220,00;Venda Pai Nao Existe no Banco
6705;4471;8189;1;480,00;Venda Pai Nao Existe no Banco
6706;4472;1542;1;245,00;Venda Pai Nao Existe no Banco
6707;4472;7821;1;185,00;Venda Pai Nao Existe no Banco
6708;4473;7773;1;100,00;Venda Pai Nao Existe no Banco
6709;4474;8096;1;380,00;Venda Pai Nao Existe no Banco
6710;4601;5627;1;750,00;Venda Pai Nao Existe no Banco
6711;4601;7821;1;150,00;Venda Pai Nao Existe no Banco
6712;4476;1534;1;130,00;Venda Pai Nao Existe no Banco
6713;4476;7821;1;220,00;Venda Pai Nao Existe no Banco
6714;4477;1760;0,5;203,00;Venda Pai Nao Existe no Banco
6716;4477;7821;1;190,00;Venda Pai Nao Existe no Banco
6718;4478;1533;1;90,00;Venda Pai Nao Existe no Banco
6719;4478;1533;1;90,00;Venda Pai Nao Existe no Banco
6720;4477;1534;0,5;73,00;Venda Pai Nao Existe no Banco
6721;4479;1534;1;160,00;Venda Pai Nao Existe no Banco
6722;4479;8096;1;380,00;Venda Pai Nao Existe no Banco
6723;4480;1542;1;245,00;Venda Pai Nao Existe no Banco
6724;4480;7821;1;185,00;Venda Pai Nao Existe no Banco
6725;4481;1534;1;140,00;Venda Pai Nao Existe no Banco
6726;4481;7821;1;190,00;Venda Pai Nao Existe no Banco
6727;4482;7972;1;250,00;Venda Pai Nao Existe no Banco
6728;4483;1534;1;145,00;Venda Pai Nao Existe no Banco
6729;4483;1534;1;145,00;Venda Pai Nao Existe no Banco
6730;4484;1533;1;90,00;Venda Pai Nao Existe no Banco
6731;4486;1554;1;180,00;Venda Pai Nao Existe no Banco
6732;4486;7821;1;220,00;Venda Pai Nao Existe no Banco
6733;4487;1534;1;140,00;Venda Pai Nao Existe no Banco
6734;4487;7821;1;160,00;Venda Pai Nao Existe no Banco
6735;4489;1534;1;145,00;Venda Pai Nao Existe no Banco
6736;4489;7972;1;251,00;Venda Pai Nao Existe no Banco
6737;4490;8178;1;780,00;Venda Pai Nao Existe no Banco
6738;4490;7821;1;180,00;Venda Pai Nao Existe no Banco
6740;4492;1534;1;160,00;Venda Pai Nao Existe no Banco
6741;4492;7821;1;190,00;Venda Pai Nao Existe no Banco
6742;4494;1534;1;160,00;Venda Pai Nao Existe no Banco
6743;4494;7821;1;220,00;Venda Pai Nao Existe no Banco
6744;4495;1533;1;120,00;Venda Pai Nao Existe no Banco
6745;4496;1534;1;145,00;Venda Pai Nao Existe no Banco
6746;4496;8193;1;200,00;Venda Pai Nao Existe no Banco
6747;4497;2287;1;40,00;Venda Pai Nao Existe no Banco
6748;4498;7953;1;250,00;Venda Pai Nao Existe no Banco
6749;4498;7821;1;190,00;Venda Pai Nao Existe no Banco
6750;4500;1533;1;90,00;Venda Pai Nao Existe no Banco
6751;4501;2403;2;680,00;Venda Pai Nao Existe no Banco
6752;4502;1534;1;160,00;Venda Pai Nao Existe no Banco
6753;4502;7821;1;220,00;Venda Pai Nao Existe no Banco
6754;4503;3907;1;79,00;Venda Pai Nao Existe no Banco
6755;4504;1534;1;160,00;Venda Pai Nao Existe no Banco
6756;4504;7821;1;190,00;Venda Pai Nao Existe no Banco
6760;4491;1534;0,5;80,00;Venda Pai Nao Existe no Banco
6761;4491;1542;0,5;225,00;Venda Pai Nao Existe no Banco
6762;4491;7821;1;190,00;Venda Pai Nao Existe no Banco
6763;4507;1760;1;400,00;Venda Pai Nao Existe no Banco
6766;4508;7821;1;190,00;Venda Pai Nao Existe no Banco
6767;4508;1542;1;240,00;Venda Pai Nao Existe no Banco
6768;4509;1760;1;420,00;Venda Pai Nao Existe no Banco
6769;4509;1349;1;100,00;Venda Pai Nao Existe no Banco
6770;4510;8177;1;594,00;Venda Pai Nao Existe no Banco
6772;4511;7972;1;260,00;Venda Pai Nao Existe no Banco
6773;4512;1542;1;260,00;Venda Pai Nao Existe no Banco
6774;4513;1534;1;160,00;Venda Pai Nao Existe no Banco
6775;4514;1554;1;190,00;Venda Pai Nao Existe no Banco
6776;4514;7821;1;190,00;Venda Pai Nao Existe no Banco
6777;4515;3907;1;80,00;Venda Pai Nao Existe no Banco
6778;4516;1533;1;90,00;Venda Pai Nao Existe no Banco
6779;4516;7597;1;580,00;Venda Pai Nao Existe no Banco
6781;4516;2287;1;20,00;Venda Pai Nao Existe no Banco
6782;4517;7855;1;300,00;Venda Pai Nao Existe no Banco
6785;4517;6347;0,5;110,00;Venda Pai Nao Existe no Banco
6786;4517;8102;0,5;590,00;Venda Pai Nao Existe no Banco
6787;4518;1534;1;160,00;Venda Pai Nao Existe no Banco
6788;4518;1349;1;100,00;Venda Pai Nao Existe no Banco
6789;4519;1760;1;400,00;Venda Pai Nao Existe no Banco
6790;4519;7821;1;190,00;Venda Pai Nao Existe no Banco
6791;4520;1534;1;150,00;Venda Pai Nao Existe no Banco
6792;4520;8193;1;200,00;Venda Pai Nao Existe no Banco
6793;4520;8028;1;350,00;Venda Pai Nao Existe no Banco
6794;4522;7952;1;380,00;Venda Pai Nao Existe no Banco
6795;4523;1349;1;100,00;Venda Pai Nao Existe no Banco
6796;4524;1533;1;80,00;Venda Pai Nao Existe no Banco
6797;4525;1349;1;100,00;Venda Pai Nao Existe no Banco
6798;4526;1542;1;260,00;Venda Pai Nao Existe no Banco
6799;4526;7821;1;220,00;Venda Pai Nao Existe no Banco
6800;4527;2058;1;750,00;Venda Pai Nao Existe no Banco
6801;4527;8098;1;330,00;Venda Pai Nao Existe no Banco
6802;4529;5627;1;850,00;Venda Pai Nao Existe no Banco
6803;4530;8205;1;950,00;Venda Pai Nao Existe no Banco
6804;4530;7916;1;300,00;Venda Pai Nao Existe no Banco
6805;4531;7972;1;70,00;Venda Pai Nao Existe no Banco
6806;4531;1542;1;200,00;Venda Pai Nao Existe no Banco
6807;4532;1552;1;190,00;Venda Pai Nao Existe no Banco
6808;4532;5015;1;100,00;Venda Pai Nao Existe no Banco
6809;4533;1554;1;190,00;Venda Pai Nao Existe no Banco
6810;4533;7773;1;100,00;Venda Pai Nao Existe no Banco
6811;4534;1534;1;140,00;Venda Pai Nao Existe no Banco
6812;4534;7821;1;217,00;Venda Pai Nao Existe no Banco
6813;4535;1760;1;450,00;Venda Pai Nao Existe no Banco
6815;4536;8207;1;1.930,00;Venda Pai Nao Existe no Banco
6817;4536;8208;1;300,00;Venda Pai Nao Existe no Banco
6819;4540;1534;1;160,00;Venda Pai Nao Existe no Banco
6820;4541;1542;1;260,00;Venda Pai Nao Existe no Banco
6821;4541;7821;1;190,00;Venda Pai Nao Existe no Banco
6822;4542;1542;1;260,00;Venda Pai Nao Existe no Banco
6823;4543;1534;1;160,00;Venda Pai Nao Existe no Banco
6826;4545;1760;1;400,00;Venda Pai Nao Existe no Banco
6827;4545;7914;1;300,00;Venda Pai Nao Existe no Banco
6828;4546;1542;1;260,00;Venda Pai Nao Existe no Banco
6829;4546;7821;1;190,00;Venda Pai Nao Existe no Banco
6830;4546;1533;0,5;40,00;Venda Pai Nao Existe no Banco
6831;4546;1542;0,5;120,00;Venda Pai Nao Existe no Banco
6832;4546;7821;1;190,00;Venda Pai Nao Existe no Banco
6833;4547;1534;1;160,00;Venda Pai Nao Existe no Banco
6834;4547;7832;1;260,00;Venda Pai Nao Existe no Banco
6835;4548;1534;1;90,00;Venda Pai Nao Existe no Banco
6836;4548;7821;1;140,00;Venda Pai Nao Existe no Banco
6838;4550;1554;1;190,00;Venda Pai Nao Existe no Banco
6839;4551;1542;1;260,00;Venda Pai Nao Existe no Banco
6840;4551;7821;1;190,00;Venda Pai Nao Existe no Banco
6841;4552;1534;1;160,00;Venda Pai Nao Existe no Banco
6842;4553;1534;1;160,00;Venda Pai Nao Existe no Banco
6843;4554;1534;1;160,00;Venda Pai Nao Existe no Banco
6844;4554;7810;1;100,00;Venda Pai Nao Existe no Banco
6845;4556;1542;1;280,00;Venda Pai Nao Existe no Banco
6846;4556;2287;1;20,00;Venda Pai Nao Existe no Banco
6847;4557;1760;1;400,00;Venda Pai Nao Existe no Banco
6848;4558;7329;1;250,00;Venda Pai Nao Existe no Banco
6849;4560;1542;0,5;130,00;Venda Pai Nao Existe no Banco
6850;4560;1533;0,5;45,00;Venda Pai Nao Existe no Banco
6851;4560;7821;1;190,00;Venda Pai Nao Existe no Banco
6852;4561;1760;1;590,00;Venda Pai Nao Existe no Banco
6853;4561;8097;1;330,00;Venda Pai Nao Existe no Banco
6854;4563;5627;1;850,00;Venda Pai Nao Existe no Banco
6855;4563;7821;1;150,00;Venda Pai Nao Existe no Banco
6856;4563;1534;1;145,00;Venda Pai Nao Existe no Banco
6857;4563;7821;1;155,00;Venda Pai Nao Existe no Banco
6858;4564;8193;1;240,00;Venda Pai Nao Existe no Banco
6859;4564;1542;1;260,00;Venda Pai Nao Existe no Banco
6860;4565;7773;1;100,00;Venda Pai Nao Existe no Banco
6861;4566;1542;1;180,00;Venda Pai Nao Existe no Banco
6862;4567;2403;1;240,00;Venda Pai Nao Existe no Banco
6863;4568;1534;1;160,00;Venda Pai Nao Existe no Banco
6864;4569;7578;1;360,00;Venda Pai Nao Existe no Banco
6865;4569;7821;1;220,00;Venda Pai Nao Existe no Banco
6866;4570;7851;1;290,00;Venda Pai Nao Existe no Banco
6867;4570;1534;1;160,00;Venda Pai Nao Existe no Banco
6868;4571;6741;1;550,00;Venda Pai Nao Existe no Banco
6869;4572;2403;1;210,00;Venda Pai Nao Existe no Banco
6870;4573;1554;1;190,00;Venda Pai Nao Existe no Banco
6871;4573;7821;1;190,00;Venda Pai Nao Existe no Banco
6872;4574;1534;1;160,00;Venda Pai Nao Existe no Banco
6873;4575;1552;1;190,00;Venda Pai Nao Existe no Banco
6874;4575;7821;1;180,00;Venda Pai Nao Existe no Banco
6875;4576;1534;1;160,00;Venda Pai Nao Existe no Banco
6876;4576;7930;1;300,00;Venda Pai Nao Existe no Banco
6877;4578;7972;1;230,00;Venda Pai Nao Existe no Banco
6878;4578;7972;1;170,00;Venda Pai Nao Existe no Banco
6879;4579;1534;0,5;80,00;Venda Pai Nao Existe no Banco
6880;4580;1760;1;400,00;Venda Pai Nao Existe no Banco
6881;4580;7972;1;350,00;Venda Pai Nao Existe no Banco
6882;4581;7296;1;230,00;Venda Pai Nao Existe no Banco
6885;4583;1554;1;190,00;Venda Pai Nao Existe no Banco
6886;4583;7972;1;290,00;Venda Pai Nao Existe no Banco
6887;4584;1542;1;230,00;Venda Pai Nao Existe no Banco
6888;4584;7821;1;170,00;Venda Pai Nao Existe no Banco
6890;4587;1534;1;160,00;Venda Pai Nao Existe no Banco
6891;4587;8208;1;330,00;Venda Pai Nao Existe no Banco
6892;4588;1552;1;600,00;Venda Pai Nao Existe no Banco
6893;4587;7972;1;290,00;Venda Pai Nao Existe no Banco
6895;4587;8177;1;590,00;Venda Pai Nao Existe no Banco
6896;4590;1534;1;145,00;Venda Pai Nao Existe no Banco
6897;4590;7821;1;190,00;Venda Pai Nao Existe no Banco
6898;4591;7578;1;400,00;Venda Pai Nao Existe no Banco
6899;4591;7821;1;190,00;Venda Pai Nao Existe no Banco
6900;4592;1540;1;80,00;Venda Pai Nao Existe no Banco
6901;4592;1540;1;80,00;Venda Pai Nao Existe no Banco
6902;4593;1540;1;80,00;Venda Pai Nao Existe no Banco
6903;4594;6347;1;220,00;Venda Pai Nao Existe no Banco
6904;4594;7942;1;330,00;Venda Pai Nao Existe no Banco
6906;4595;2403;1;240,00;Venda Pai Nao Existe no Banco
6907;4596;1769;1;405,00;Venda Pai Nao Existe no Banco
6908;4596;8097;1;320,00;Venda Pai Nao Existe no Banco
6909;4597;1542;1;260,00;Venda Pai Nao Existe no Banco
6910;4597;8104;1;340,00;Venda Pai Nao Existe no Banco
6912;4599;3394;1;79,00;Venda Pai Nao Existe no Banco
6913;4600;7821;1;220,00;Venda Pai Nao Existe no Banco
6914;4602;1534;1;160,00;Venda Pai Nao Existe no Banco
6915;4603;1554;1;190,00;Venda Pai Nao Existe no Banco
6916;4603;7821;1;190,00;Venda Pai Nao Existe no Banco
6917;4604;5627;1;580,00;Venda Pai Nao Existe no Banco
6918;4605;1760;1;438,00;Venda Pai Nao Existe no Banco
6919;4606;1542;1;230,00;Venda Pai Nao Existe no Banco
6920;4606;7821;1;120,00;Venda Pai Nao Existe no Banco
6921;4607;8195;1;630,00;Venda Pai Nao Existe no Banco
6923;4607;7556;1;-540,00;Venda Pai Nao Existe no Banco
6924;4608;2141;1;149,00;Venda Pai Nao Existe no Banco
6925;4609;4581;1;200,00;Venda Pai Nao Existe no Banco
6926;4610;6297;1;49,00;Venda Pai Nao Existe no Banco
6931;4615;1554;1;190,00;Venda Pai Nao Existe no Banco
6932;4616;1554;1;190,00;Venda Pai Nao Existe no Banco
6933;4619;3598;1;149,00;Venda Pai Nao Existe no Banco
6935;4619;1542;1;260,00;Venda Pai Nao Existe no Banco
6936;4621;7821;1;220,00;Venda Pai Nao Existe no Banco
6938;4621;1534;1;160,00;Venda Pai Nao Existe no Banco
6939;4622;8195;1;630,00;Venda Pai Nao Existe no Banco
6940;4624;1542;1;200,00;Venda Pai Nao Existe no Banco
6941;4623;7821;1;220,00;Venda Pai Nao Existe no Banco
6942;4623;1533;1;90,00;Venda Pai Nao Existe no Banco
6943;4623;7821;1;200,00;Venda Pai Nao Existe no Banco
6944;4623;1760;1;520,00;Venda Pai Nao Existe no Banco
6945;4625;5768;1;49,00;Venda Pai Nao Existe no Banco
6946;4626;1542;1;260,00;Venda Pai Nao Existe no Banco
6947;4628;3447;1;49,00;Venda Pai Nao Existe no Banco
6948;4627;1321;1;200,00;Venda Pai Nao Existe no Banco
6950;4629;7446;1;490,00;Venda Pai Nao Existe no Banco
6951;4629;1534;1;160,00;Venda Pai Nao Existe no Banco
6952;4630;7972;1;290,00;Venda Pai Nao Existe no Banco
6953;4630;1552;1;190,00;Venda Pai Nao Existe no Banco
6954;4631;1321;1;320,00;Venda Pai Nao Existe no Banco
6955;4632;2403;1;120,00;Venda Pai Nao Existe no Banco
6956;4632;1533;1;100,00;Venda Pai Nao Existe no Banco
6957;4633;7851;1;320,00;Venda Pai Nao Existe no Banco
6958;4633;7576;1;1.290,00;Venda Pai Nao Existe no Banco
6959;4634;7022;1;149,00;Venda Pai Nao Existe no Banco
6960;4635;4581;1;240,00;Venda Pai Nao Existe no Banco
6961;4636;1721;1;678,00;Venda Pai Nao Existe no Banco
6962;4637;137;2;298,00;Venda Pai Nao Existe no Banco
6963;4638;6203;1;149,00;Venda Pai Nao Existe no Banco
6964;4639;1321;1;280,00;Venda Pai Nao Existe no Banco
6965;4640;1760;1;440,00;Venda Pai Nao Existe no Banco
6966;4640;7821;1;190,00;Venda Pai Nao Existe no Banco
6967;4641;7949;1;324,00;Venda Pai Nao Existe no Banco
6968;4642;794;1;690,00;Venda Pai Nao Existe no Banco
6969;4643;2403;1;210,00;Venda Pai Nao Existe no Banco
6971;4647;8138;1;440,00;Venda Pai Nao Existe no Banco
6972;4648;5378;1;100,00;Venda Pai Nao Existe no Banco
6973;4649;7972;1;260,00;Venda Pai Nao Existe no Banco
6974;4650;5106;1;179,00;Venda Pai Nao Existe no Banco
6975;4651;7972;1;230,00;Venda Pai Nao Existe no Banco
6976;4652;7821;1;200,00;Venda Pai Nao Existe no Banco
6977;4652;1534;1;140,00;Venda Pai Nao Existe no Banco
6978;4652;1321;1;360,00;Venda Pai Nao Existe no Banco
6979;4653;6292;1;49,00;Venda Pai Nao Existe no Banco
6980;4655;7821;1;200,00;Venda Pai Nao Existe no Banco
6981;4655;1554;1;180,00;Venda Pai Nao Existe no Banco
6982;4657;1542;1;235,00;Venda Pai Nao Existe no Banco
6983;4659;7821;1;200,00;Venda Pai Nao Existe no Banco
6984;4659;1534;1;160,00;Venda Pai Nao Existe no Banco
6985;4660;1321;1;640,00;Venda Pai Nao Existe no Banco
6986;4661;5161;1;260,00;Venda Pai Nao Existe no Banco
6987;4662;4581;1;50,00;Venda Pai Nao Existe no Banco
6988;4663;7810;1;120,00;Venda Pai Nao Existe no Banco
6989;4664;1321;1;199,00;Venda Pai Nao Existe no Banco
6990;4666;5015;1;150,00;Venda Pai Nao Existe no Banco
6991;4666;1554;1;150,00;Venda Pai Nao Existe no Banco
6992;4667;3512;1;100,00;Venda Pai Nao Existe no Banco
6993;4668;7810;1;160,00;Venda Pai Nao Existe no Banco
6994;4669;7483;1;190,00;Venda Pai Nao Existe no Banco
6996;4671;7821;1;270,00;Venda Pai Nao Existe no Banco
6997;4671;8102;1;540,00;Venda Pai Nao Existe no Banco
6998;4671;8099;1;490,00;Venda Pai Nao Existe no Banco
6999;4674;1321;1;220,00;Venda Pai Nao Existe no Banco
7000;4675;1321;1;50,00;Venda Pai Nao Existe no Banco
7001;4676;1321;1;190,00;Venda Pai Nao Existe no Banco
7002;4678;1321;1;300,00;Venda Pai Nao Existe no Banco
7003;4679;1534;1;140,00;Venda Pai Nao Existe no Banco
7004;4681;7323;1;250,00;Venda Pai Nao Existe no Banco
7005;4682;1321;1;570,00;Venda Pai Nao Existe no Banco
7006;4683;5122;1;98,00;Venda Pai Nao Existe no Banco
7007;4684;8097;1;400,00;Venda Pai Nao Existe no Banco
7008;4684;8204;1;800,00;Venda Pai Nao Existe no Banco
7009;4685;7732;1;190,00;Venda Pai Nao Existe no Banco
7010;4687;7810;1;200,00;Venda Pai Nao Existe no Banco
7011;4687;6986;1;370,00;Venda Pai Nao Existe no Banco
7012;4688;1534;1;150,00;Venda Pai Nao Existe no Banco
7013;4688;7821;1;180,00;Venda Pai Nao Existe no Banco
7014;4689;4581;1;240,00;Venda Pai Nao Existe no Banco
7015;4692;1534;1;160,00;Venda Pai Nao Existe no Banco
7016;4694;4907;1;200,00;Venda Pai Nao Existe no Banco
7018;4695;1554;1;190,00;Venda Pai Nao Existe no Banco
7019;4696;1321;1;560,00;Venda Pai Nao Existe no Banco
7020;4697;7773;1;100,00;Venda Pai Nao Existe no Banco
7021;4698;1321;1;280,00;Venda Pai Nao Existe no Banco
7022;4700;1554;1;160,00;Venda Pai Nao Existe no Banco
7023;4700;7821;1;190,00;Venda Pai Nao Existe no Banco
7024;4702;1534;1;120,00;Venda Pai Nao Existe no Banco
7025;4703;7732;1;170,00;Venda Pai Nao Existe no Banco
7026;4704;3447;1;49,00;Venda Pai Nao Existe no Banco
7027;4705;1534;1;160,00;Venda Pai Nao Existe no Banco
7028;4705;7493;1;190,00;Venda Pai Nao Existe no Banco
7029;4707;7821;1;195,00;Venda Pai Nao Existe no Banco
7030;4707;1542;1;235,00;Venda Pai Nao Existe no Banco
7031;4708;3589;1;100,00;Venda Pai Nao Existe no Banco
7032;4710;1554;1;170,00;Venda Pai Nao Existe no Banco
7033;4711;8208;1;450,00;Venda Pai Nao Existe no Banco
7034;4711;1533;1;90,00;Venda Pai Nao Existe no Banco
7035;4712;1534;1;160,00;Venda Pai Nao Existe no Banco
7036;4712;6819;1;290,00;Venda Pai Nao Existe no Banco
7037;4714;1542;1;260,00;Venda Pai Nao Existe no Banco
7038;4715;1542;1;260,00;Venda Pai Nao Existe no Banco
7039;4716;1321;1;260,00;Venda Pai Nao Existe no Banco
7040;4717;1321;1;100,00;Venda Pai Nao Existe no Banco
7041;4718;7773;1;100,00;Venda Pai Nao Existe no Banco
7042;4720;7821;1;220,00;Venda Pai Nao Existe no Banco
7043;4720;8178;1;580,00;Venda Pai Nao Existe no Banco
7044;4720;7957;1;980,00;Venda Pai Nao Existe no Banco
7045;4720;7821;1;220,00;Venda Pai Nao Existe no Banco
7046;4722;1321;1;390,00;Venda Pai Nao Existe no Banco
7047;4724;8189;1;540,00;Venda Pai Nao Existe no Banco
7048;4724;7821;1;220,00;Venda Pai Nao Existe no Banco
7051;4726;7576;1;710,00;Venda Pai Nao Existe no Banco
7052;4726;1534;1;160,00;Venda Pai Nao Existe no Banco
7053;4728;1321;1;225,00;Venda Pai Nao Existe no Banco
7054;4727;7922;1;320,00;Venda Pai Nao Existe no Banco
7055;4727;4514;1;260,00;Venda Pai Nao Existe no Banco
7056;4729;8055;1;500,00;Venda Pai Nao Existe no Banco
7057;4730;1321;1;120,00;Venda Pai Nao Existe no Banco
7058;4731;1769;1;530,00;Venda Pai Nao Existe no Banco
7059;4731;7821;1;290,00;Venda Pai Nao Existe no Banco
7060;4732;1534;1;160,00;Venda Pai Nao Existe no Banco
7061;4733;7821;1;100,00;Venda Pai Nao Existe no Banco
7062;4734;3591;1;99,00;Venda Pai Nao Existe no Banco
7063;4736;1552;1;190,00;Venda Pai Nao Existe no Banco
7064;4736;7821;1;220,00;Venda Pai Nao Existe no Banco
7065;4737;5135;1;100,00;Venda Pai Nao Existe no Banco
7066;4738;2403;1;300,00;Venda Pai Nao Existe no Banco
7067;4739;7851;1;280,00;Venda Pai Nao Existe no Banco
7069;4739;8102;1;430,00;Venda Pai Nao Existe no Banco
7070;4740;1542;1;260,00;Venda Pai Nao Existe no Banco
7071;4740;7773;1;100,00;Venda Pai Nao Existe no Banco
7072;4646;2287;1;130,00;Venda Pai Nao Existe no Banco
7074;4742;7952;1;250,00;Venda Pai Nao Existe no Banco
7075;4742;7953;1;340,00;Venda Pai Nao Existe no Banco
7076;4744;8208;1;300,00;Venda Pai Nao Existe no Banco
7077;4744;8178;1;500,00;Venda Pai Nao Existe no Banco
7078;4747;1534;1;160,00;Venda Pai Nao Existe no Banco
7079;4747;1752;1;290,00;Venda Pai Nao Existe no Banco
7080;4749;1769;1;670,00;Venda Pai Nao Existe no Banco
7081;4749;7952;1;330,00;Venda Pai Nao Existe no Banco
7082;4750;1321;1;500,00;Venda Pai Nao Existe no Banco
7083;4751;1534;1;180,00;Venda Pai Nao Existe no Banco
7084;4752;1542;1;100,00;Venda Pai Nao Existe no Banco
7085;4752;7972;1;100,00;Venda Pai Nao Existe no Banco
7086;4753;5940;1;99,00;Venda Pai Nao Existe no Banco
7087;4754;1542;1;260,00;Venda Pai Nao Existe no Banco
7088;4754;3907;1;255,00;Venda Pai Nao Existe no Banco
7089;4755;1542;1;260,00;Venda Pai Nao Existe no Banco
7090;4757;1760;1;380,00;Venda Pai Nao Existe no Banco
7091;4757;7952;1;220,00;Venda Pai Nao Existe no Banco
7092;4758;1721;1;690,00;Venda Pai Nao Existe no Banco
7093;4758;8104;1;310,00;Venda Pai Nao Existe no Banco
7094;4759;1321;1;470,00;Venda Pai Nao Existe no Banco
7095;4762;7810;1;160,00;Venda Pai Nao Existe no Banco
7096;4762;8151;1;560,00;Venda Pai Nao Existe no Banco
7097;4763;1552;1;370,00;Venda Pai Nao Existe no Banco
7098;4764;1542;1;250,00;Venda Pai Nao Existe no Banco
7099;4764;8047;1;320,00;Venda Pai Nao Existe no Banco
7100;4767;1554;1;190,00;Venda Pai Nao Existe no Banco
7101;4767;7821;1;180,00;Venda Pai Nao Existe no Banco
7102;4768;7288;1;220,00;Venda Pai Nao Existe no Banco
7103;4768;7821;1;120,00;Venda Pai Nao Existe no Banco
7104;4768;1542;1;230,00;Venda Pai Nao Existe no Banco
7105;4768;1542;1;230,00;Venda Pai Nao Existe no Banco
7106;4769;7821;1;100,00;Venda Pai Nao Existe no Banco
7107;4770;3907;1;140,00;Venda Pai Nao Existe no Banco
7108;4771;1321;1;60,00;Venda Pai Nao Existe no Banco
7109;4772;1542;1;260,00;Venda Pai Nao Existe no Banco
7110;4772;8097;1;340,00;Venda Pai Nao Existe no Banco
7111;4773;8180;1;590,00;Venda Pai Nao Existe no Banco
7112;4774;7972;1;270,00;Venda Pai Nao Existe no Banco
7113;4774;5015;1;240,00;Venda Pai Nao Existe no Banco
7114;4774;1760;1;490,00;Venda Pai Nao Existe no Banco
7115;4776;1542;1;260,00;Venda Pai Nao Existe no Banco
7116;4776;1321;1;100,00;Venda Pai Nao Existe no Banco
7117;4777;1542;1;230,00;Venda Pai Nao Existe no Banco
7118;4777;7821;1;200,00;Venda Pai Nao Existe no Banco
7119;4779;1349;1;200,00;Venda Pai Nao Existe no Banco
7120;4779;1534;1;150,00;Venda Pai Nao Existe no Banco
7121;4780;1321;1;80,00;Venda Pai Nao Existe no Banco
7122;4781;3551;1;49,00;Venda Pai Nao Existe no Banco
7123;4782;7972;1;230,00;Venda Pai Nao Existe no Banco
7124;4783;1542;1;260,00;Venda Pai Nao Existe no Banco
7125;4741;1542;1;290,00;Venda Pai Nao Existe no Banco
7126;4784;1542;1;260,00;Venda Pai Nao Existe no Banco
7127;4784;7987;1;500,00;Venda Pai Nao Existe no Banco
7128;4785;8165;1;460,00;Venda Pai Nao Existe no Banco
7130;4785;1533;1;100,00;Venda Pai Nao Existe no Banco
7131;4786;8193;1;200,00;Venda Pai Nao Existe no Banco
7132;4786;8177;1;1.500,00;Venda Pai Nao Existe no Banco
7133;4788;1542;1;250,00;Venda Pai Nao Existe no Banco
7134;4788;7851;1;330,00;Venda Pai Nao Existe no Banco
7135;4789;7987;1;380,00;Venda Pai Nao Existe no Banco
7136;4789;7821;1;140,00;Venda Pai Nao Existe no Banco
7137;4790;2287;1;110,00;Venda Pai Nao Existe no Banco
7139;4792;1321;1;240,00;Venda Pai Nao Existe no Banco
7140;4794;7576;1;1.290,00;Venda Pai Nao Existe no Banco
7141;4794;7851;1;320,00;Venda Pai Nao Existe no Banco
7142;4795;7825;1;340,00;Venda Pai Nao Existe no Banco
7143;4795;5627;1;710,00;Venda Pai Nao Existe no Banco
7144;4797;6722;1;490,00;Venda Pai Nao Existe no Banco
7145;4797;1534;1;210,00;Venda Pai Nao Existe no Banco
7146;4798;7987;1;390,00;Venda Pai Nao Existe no Banco
7147;4798;1349;1;100,00;Venda Pai Nao Existe no Banco
7148;4800;1542;1;280,00;Venda Pai Nao Existe no Banco
7149;4802;1542;1;260,00;Venda Pai Nao Existe no Banco
7150;4802;4197;1;310,00;Venda Pai Nao Existe no Banco
7151;4804;1534;1;280,00;Venda Pai Nao Existe no Banco
7152;4803;8031;1;340,00;Venda Pai Nao Existe no Banco
7153;4803;1760;1;520,00;Venda Pai Nao Existe no Banco
7154;4805;6820;1;100,00;Venda Pai Nao Existe no Banco
7156;4806;1534;1;180,00;Venda Pai Nao Existe no Banco
7157;4806;7821;1;190,00;Venda Pai Nao Existe no Banco
7159;4803;7719;1;240,00;Venda Pai Nao Existe no Banco
7160;4808;1542;1;280,00;Venda Pai Nao Existe no Banco
7161;4808;7352;1;250,00;Venda Pai Nao Existe no Banco
7162;4810;8177;1;760,00;Venda Pai Nao Existe no Banco
7163;4811;1533;1;100,00;Venda Pai Nao Existe no Banco
7165;4813;6738;1;490,00;Venda Pai Nao Existe no Banco
7167;4813;1752;1;290,00;Venda Pai Nao Existe no Banco
7168;4813;7756;1;190,00;Venda Pai Nao Existe no Banco
7169;4814;1321;1;100,00;Venda Pai Nao Existe no Banco
7170;4815;1533;1;90,00;Venda Pai Nao Existe no Banco
7171;4815;2173;1;100,00;Venda Pai Nao Existe no Banco
7172;4816;2287;1;70,00;Venda Pai Nao Existe no Banco
7173;4816;1760;1;450,00;Venda Pai Nao Existe no Banco
7174;4817;4581;1;240,00;Venda Pai Nao Existe no Banco
7175;4818;1321;1;140,00;Venda Pai Nao Existe no Banco
7176;4819;7810;1;190,00;Venda Pai Nao Existe no Banco
7177;4819;8026;1;390,00;Venda Pai Nao Existe no Banco
7179;4820;8107;1;380,00;Venda Pai Nao Existe no Banco
7180;4821;2403;1;240,00;Venda Pai Nao Existe no Banco
7181;4823;1534;1;160,00;Venda Pai Nao Existe no Banco
7182;4823;8193;1;220,00;Venda Pai Nao Existe no Banco
7183;4824;1349;1;100,00;Venda Pai Nao Existe no Banco
7184;4824;1534;1;150,00;Venda Pai Nao Existe no Banco
7185;4825;2287;1;100,00;Venda Pai Nao Existe no Banco
7186;4826;1349;1;100,00;Venda Pai Nao Existe no Banco
7187;4826;1542;1;260,00;Venda Pai Nao Existe no Banco
7188;4826;1828;1;220,00;Venda Pai Nao Existe no Banco
7189;4828;1542;1;180,00;Venda Pai Nao Existe no Banco
7190;4828;6713;1;620,00;Venda Pai Nao Existe no Banco
7191;4829;1542;1;280,00;Venda Pai Nao Existe no Banco
7192;4830;1554;1;190,00;Venda Pai Nao Existe no Banco
7194;4830;7878;1;280,00;Venda Pai Nao Existe no Banco
7195;4832;8045;1;380,00;Venda Pai Nao Existe no Banco
7196;4832;7578;1;590,00;Venda Pai Nao Existe no Banco
7197;4833;1321;1;290,00;Venda Pai Nao Existe no Banco
7198;4834;1752;1;280,00;Venda Pai Nao Existe no Banco
7199;4834;7821;1;220,00;Venda Pai Nao Existe no Banco
7200;4835;1321;1;340,00;Venda Pai Nao Existe no Banco
7201;4837;1752;1;290,00;Venda Pai Nao Existe no Banco
7202;4838;8031;1;340,00;Venda Pai Nao Existe no Banco
7203;4838;3259;1;1.056,00;Venda Pai Nao Existe no Banco
7205;4839;1542;1;260,00;Venda Pai Nao Existe no Banco
7206;4840;8201;1;220,00;Venda Pai Nao Existe no Banco
7207;4840;8020;1;340,00;Venda Pai Nao Existe no Banco
7208;4841;8193;1;300,00;Venda Pai Nao Existe no Banco
7209;4841;5627;1;800,00;Venda Pai Nao Existe no Banco
7210;4842;3512;1;100,00;Venda Pai Nao Existe no Banco
7211;4843;8193;1;190,00;Venda Pai Nao Existe no Banco
7212;4844;1534;0,5;70,00;Venda Pai Nao Existe no Banco
7213;4845;7821;1;220,00;Venda Pai Nao Existe no Banco
7214;4845;1534;1;160,00;Venda Pai Nao Existe no Banco
7215;4847;1349;1;100,00;Venda Pai Nao Existe no Banco
7216;4847;1534;1;150,00;Venda Pai Nao Existe no Banco
7217;4848;7987;1;540,00;Venda Pai Nao Existe no Banco
7218;4848;1779;1;490,00;Venda Pai Nao Existe no Banco
7219;4849;5627;1;790,00;Venda Pai Nao Existe no Banco
7220;4849;7914;1;380,00;Venda Pai Nao Existe no Banco
7221;4850;1321;1;220,00;Venda Pai Nao Existe no Banco
7222;4851;1554;1;170,00;Venda Pai Nao Existe no Banco
7223;4852;1533;1;90,00;Venda Pai Nao Existe no Banco
7224;4854;1760;1;550,00;Venda Pai Nao Existe no Banco
7225;4856;7821;1;270,00;Venda Pai Nao Existe no Banco
7228;4856;7810;1;200,00;Venda Pai Nao Existe no Banco
7229;4856;1668;1;190,00;Venda Pai Nao Existe no Banco
7230;4856;7821;1;270,00;Venda Pai Nao Existe no Banco
7231;4857;7773;1;190,00;Venda Pai Nao Existe no Banco
7232;4857;1542;1;260,00;Venda Pai Nao Existe no Banco
7233;4858;1321;1;280,00;Venda Pai Nao Existe no Banco
7235;4859;1552;0,5;90,00;Venda Pai Nao Existe no Banco
7236;4860;1321;1;230,00;Venda Pai Nao Existe no Banco
7237;4861;1721;1;690,00;Venda Pai Nao Existe no Banco
7238;4861;1349;1;110,00;Venda Pai Nao Existe no Banco
7239;4861;7972;1;280,00;Venda Pai Nao Existe no Banco
7240;4862;7972;1;280,00;Venda Pai Nao Existe no Banco
7241;4864;7987;1;350,00;Venda Pai Nao Existe no Banco
7242;4864;8193;1;100,00;Venda Pai Nao Existe no Banco
7243;4864;1760;1;470,00;Venda Pai Nao Existe no Banco
7244;4866;1534;1;160,00;Venda Pai Nao Existe no Banco
7245;4866;7821;1;270,00;Venda Pai Nao Existe no Banco
7246;4867;1540;1;300,00;Venda Pai Nao Existe no Banco
7247;4869;7952;1;340,00;Venda Pai Nao Existe no Banco
7248;4869;1542;1;260,00;Venda Pai Nao Existe no Banco
7249;4870;3512;1;80,00;Venda Pai Nao Existe no Banco
7250;4871;1534;1;160,00;Venda Pai Nao Existe no Banco
7251;4872;1552;1;190,00;Venda Pai Nao Existe no Banco
7252;4873;4581;1;340,00;Venda Pai Nao Existe no Banco
7253;4874;6011;1;590,00;Venda Pai Nao Existe no Banco
7254;4874;1760;1;490,00;Venda Pai Nao Existe no Banco
7255;4875;1534;1;100,00;Venda Pai Nao Existe no Banco
7256;4875;1349;1;100,00;Venda Pai Nao Existe no Banco
7257;4877;1542;1;230,00;Venda Pai Nao Existe no Banco
7258;4878;1534;1;145,00;Venda Pai Nao Existe no Banco
7259;4880;1349;1;100,00;Venda Pai Nao Existe no Banco
7260;4880;1542;1;280,00;Venda Pai Nao Existe no Banco
7261;4881;1528;1;90,00;Venda Pai Nao Existe no Banco
7262;4882;1321;1;1.380,00;Venda Pai Nao Existe no Banco
7263;4883;1534;1;140,00;Venda Pai Nao Existe no Banco
7264;4883;1349;1;100,00;Venda Pai Nao Existe no Banco
7265;4884;1321;1;190,00;Venda Pai Nao Existe no Banco
7266;4886;1534;1;100,00;Venda Pai Nao Existe no Banco
7267;4886;1534;1;140,00;Venda Pai Nao Existe no Banco
7268;4887;1534;1;160,00;Venda Pai Nao Existe no Banco
7269;4888;5990;1;99,00;Venda Pai Nao Existe no Banco
7270;4889;1321;1;360,00;Venda Pai Nao Existe no Banco
7271;4890;7810;0,5;40,00;Venda Pai Nao Existe no Banco
7272;4891;1554;1;215,00;Venda Pai Nao Existe no Banco
7273;4891;8135;1;455,00;Venda Pai Nao Existe no Banco
7274;4893;1321;1;550,00;Venda Pai Nao Existe no Banco
7275;4895;1542;1;250,00;Venda Pai Nao Existe no Banco
7276;4896;1534;1;160,00;Venda Pai Nao Existe no Banco
7277;4896;3512;1;100,00;Venda Pai Nao Existe no Banco
7278;4897;7972;1;260,00;Venda Pai Nao Existe no Banco
7280;4898;1534;1;160,00;Venda Pai Nao Existe no Banco
7281;4898;1534;1;160,00;Venda Pai Nao Existe no Banco
7282;4898;1349;1;100,00;Venda Pai Nao Existe no Banco
7283;4898;8173;1;560,00;Venda Pai Nao Existe no Banco
7284;4898;7972;1;190,00;Venda Pai Nao Existe no Banco
7285;4899;1321;1;600,00;Venda Pai Nao Existe no Banco
7286;4900;1321;1;480,00;Venda Pai Nao Existe no Banco
7287;4901;1760;1;490,00;Venda Pai Nao Existe no Banco
7288;4901;1022;1;730,00;Venda Pai Nao Existe no Banco
7289;4902;7953;1;280,00;Venda Pai Nao Existe no Banco
7290;4903;1542;1;200,00;Venda Pai Nao Existe no Banco
7291;4904;1534;1;150,00;Venda Pai Nao Existe no Banco
7292;4905;1542;1;290,00;Venda Pai Nao Existe no Banco
7293;4906;1760;1;482,00;Venda Pai Nao Existe no Banco
7294;4906;2123;1;598,00;Venda Pai Nao Existe no Banco
7295;4907;4907;1;49,00;Venda Pai Nao Existe no Banco
7296;4908;7952;1;370,00;Venda Pai Nao Existe no Banco
7297;4908;1542;1;200,00;Venda Pai Nao Existe no Banco
7298;4908;1760;1;440,00;Venda Pai Nao Existe no Banco
7299;4908;7996;1;490,00;Venda Pai Nao Existe no Banco
7300;4909;1534;1;160,00;Venda Pai Nao Existe no Banco
7301;4910;7972;1;190,00;Venda Pai Nao Existe no Banco
7302;4912;6347;1;230,00;Venda Pai Nao Existe no Banco
7303;4913;1321;1;120,00;Venda Pai Nao Existe no Banco
7304;4914;1349;1;49,00;Venda Pai Nao Existe no Banco
7305;4915;1321;1;540,00;Venda Pai Nao Existe no Banco
7306;4916;1788;1;380,00;Venda Pai Nao Existe no Banco
7307;4916;7578;1;590,00;Venda Pai Nao Existe no Banco
7308;4917;4581;1;200,00;Venda Pai Nao Existe no Banco
7309;4918;1321;1;520,00;Venda Pai Nao Existe no Banco
7310;4920;3316;1;160,00;Venda Pai Nao Existe no Banco
7311;4921;2734;1;90,00;Venda Pai Nao Existe no Banco
7312;4921;1542;1;260,00;Venda Pai Nao Existe no Banco
7313;4923;7375;1;590,00;Venda Pai Nao Existe no Banco
7314;4925;7821;1;200,00;Venda Pai Nao Existe no Banco
7315;4925;1534;1;160,00;Venda Pai Nao Existe no Banco
7316;4926;1554;1;180,00;Venda Pai Nao Existe no Banco
7317;4927;1534;1;160,00;Venda Pai Nao Existe no Banco
7318;4928;1760;1;540,00;Venda Pai Nao Existe no Banco
7319;4928;7821;1;260,00;Venda Pai Nao Existe no Banco
7320;4931;7821;1;140,00;Venda Pai Nao Existe no Banco
7321;4931;1534;1;160,00;Venda Pai Nao Existe no Banco
7322;4932;6429;1;300,00;Venda Pai Nao Existe no Banco
7323;4932;1534;1;160,00;Venda Pai Nao Existe no Banco
7324;4933;1542;1;250,00;Venda Pai Nao Existe no Banco
7325;4840;1542;1;260,00;Venda Pai Nao Existe no Banco
7326;4934;1760;1;760,00;Venda Pai Nao Existe no Banco
7327;4934;7732;1;180,00;Venda Pai Nao Existe no Banco
7328;4935;4581;1;240,00;Venda Pai Nao Existe no Banco
7329;4936;1534;0,5;80,00;Venda Pai Nao Existe no Banco
7330;4936;1760;0,5;275,00;Venda Pai Nao Existe no Banco
7331;4937;5367;1;584,00;Venda Pai Nao Existe no Banco
7332;4938;466;1;500,00;Venda Pai Nao Existe no Banco
7333;4938;5015;1;45,00;Venda Pai Nao Existe no Banco
7334;4938;5015;1;45,00;Venda Pai Nao Existe no Banco
7335;4939;6602;1;349,00;Venda Pai Nao Existe no Banco
7336;4939;8189;1;385,00;Venda Pai Nao Existe no Banco
7337;4940;1534;1;160,00;Venda Pai Nao Existe no Banco
7338;4941;1542;1;270,00;Venda Pai Nao Existe no Banco
7339;4941;8098;1;380,00;Venda Pai Nao Existe no Banco
7340;4941;7821;1;230,00;Venda Pai Nao Existe no Banco
7341;4941;1542;1;270,00;Venda Pai Nao Existe no Banco
7342;4942;1760;1;495,00;Venda Pai Nao Existe no Banco
7343;4943;7636;1;684,00;Venda Pai Nao Existe no Banco
7344;4944;1534;1;130,00;Venda Pai Nao Existe no Banco
7346;4947;1321;1;280,00;Venda Pai Nao Existe no Banco
7348;4952;1534;1;140,00;Venda Pai Nao Existe no Banco
7349;4955;1542;1;260,00;Venda Pai Nao Existe no Banco
7350;4955;7833;1;240,00;Venda Pai Nao Existe no Banco
7351;4956;7698;1;180,00;Venda Pai Nao Existe no Banco
7352;4957;1534;1;160,00;Venda Pai Nao Existe no Banco
7353;4957;1349;1;100,00;Venda Pai Nao Existe no Banco
7354;4958;1349;1;120,00;Venda Pai Nao Existe no Banco
7355;4959;8132;1;540,00;Venda Pai Nao Existe no Banco
7356;4960;1534;1;160,00;Venda Pai Nao Existe no Banco
7357;4960;8193;1;220,00;Venda Pai Nao Existe no Banco
7358;4961;1542;1;260,00;Venda Pai Nao Existe no Banco
7359;4963;7981;1;340,00;Venda Pai Nao Existe no Banco
7360;4963;1542;1;260,00;Venda Pai Nao Existe no Banco
7361;4963;1760;1;450,00;Venda Pai Nao Existe no Banco
7362;4963;7942;1;350,00;Venda Pai Nao Existe no Banco
7363;4964;1554;1;150,00;Venda Pai Nao Existe no Banco
7364;4965;1370;1;80,00;Venda Pai Nao Existe no Banco
7365;4966;7821;1;200,00;Venda Pai Nao Existe no Banco
7366;4966;1534;1;150,00;Venda Pai Nao Existe no Banco
7367;4967;2287;1;25,00;Venda Pai Nao Existe no Banco
7368;4968;3420;1;150,00;Venda Pai Nao Existe no Banco
7369;4969;7953;2;520,00;Venda Pai Nao Existe no Banco
7370;4969;7433;1;540,00;Venda Pai Nao Existe no Banco
7371;4969;7850;1;340,00;Venda Pai Nao Existe no Banco
7372;4970;1554;1;200,00;Venda Pai Nao Existe no Banco
7373;4971;1534;2;320,00;Venda Pai Nao Existe no Banco
7374;4971;7821;1;200,00;Venda Pai Nao Existe no Banco
7375;4971;7773;1;100,00;Venda Pai Nao Existe no Banco
7376;4972;1542;1;250,00;Venda Pai Nao Existe no Banco
7377;4972;7821;1;200,00;Venda Pai Nao Existe no Banco
7378;4973;1542;1;270,00;Venda Pai Nao Existe no Banco
7379;4974;1542;1;280,00;Venda Pai Nao Existe no Banco
7380;4974;3907;1;120,00;Venda Pai Nao Existe no Banco
7381;4975;1760;1;450,00;Venda Pai Nao Existe no Banco
7382;4975;8041;1;340,00;Venda Pai Nao Existe no Banco
7383;4976;1542;1;260,00;Venda Pai Nao Existe no Banco
7384;4976;7914;1;340,00;Venda Pai Nao Existe no Banco
7385;4977;1534;1;140,00;Venda Pai Nao Existe no Banco
7386;4977;7821;1;140,00;Venda Pai Nao Existe no Banco
7388;4977;1533;1;90,00;Venda Pai Nao Existe no Banco
7389;4979;6347;0,5;110,00;Venda Pai Nao Existe no Banco
7390;4979;1534;0,5;80,00;Venda Pai Nao Existe no Banco
7391;4979;5777;1;480,00;Venda Pai Nao Existe no Banco
7392;4980;7810;1;150,00;Venda Pai Nao Existe no Banco
7393;4981;1534;1;160,00;Venda Pai Nao Existe no Banco
7394;4981;1534;1;160,00;Venda Pai Nao Existe no Banco
7395;4981;7821;1;190,00;Venda Pai Nao Existe no Banco
7396;4981;1349;1;100,00;Venda Pai Nao Existe no Banco
7397;4982;1542;1;260,00;Venda Pai Nao Existe no Banco
7398;4982;8006;1;490,00;Venda Pai Nao Existe no Banco
7399;4983;4514;1;260,00;Venda Pai Nao Existe no Banco
7400;4984;4581;1;240,00;Venda Pai Nao Existe no Banco
7401;4985;7972;1;260,00;Venda Pai Nao Existe no Banco
7402;4985;7972;1;260,00;Venda Pai Nao Existe no Banco
7403;4986;1534;1;140,00;Venda Pai Nao Existe no Banco
7404;4987;1534;1;140,00;Venda Pai Nao Existe no Banco
7405;4987;8209;1;500,00;Venda Pai Nao Existe no Banco
7407;4989;1534;1;160,00;Venda Pai Nao Existe no Banco
7408;4991;1760;1;410,00;Venda Pai Nao Existe no Banco
7409;4991;7273;1;220,00;Venda Pai Nao Existe no Banco
7411;4992;8193;1;200,00;Venda Pai Nao Existe no Banco
7412;4992;4514;1;230,00;Venda Pai Nao Existe no Banco
7413;4993;1542;1;260,00;Venda Pai Nao Existe no Banco
7414;4993;5926;1;380,00;Venda Pai Nao Existe no Banco
7415;4994;3587;1;49,00;Venda Pai Nao Existe no Banco
7416;4995;1552;1;190,00;Venda Pai Nao Existe no Banco
7417;4996;1542;1;230,00;Venda Pai Nao Existe no Banco
7418;4996;7821;1;160,00;Venda Pai Nao Existe no Banco
7419;4997;7810;1;100,00;Venda Pai Nao Existe no Banco
7420;4998;1534;1;160,00;Venda Pai Nao Existe no Banco
7421;4998;8105;1;380,00;Venda Pai Nao Existe no Banco
7422;4999;1534;1;140,00;Venda Pai Nao Existe no Banco
7423;4999;7305;1;250,00;Venda Pai Nao Existe no Banco
7424;5001;7471;1;480,00;Venda Pai Nao Existe no Banco
7428;5001;1534;0,5;40,00;Venda Pai Nao Existe no Banco
7429;5001;1760;0,5;230,00;Venda Pai Nao Existe no Banco
7430;5002;1534;1;120,00;Venda Pai Nao Existe no Banco
7431;5002;8013;1;440,00;Venda Pai Nao Existe no Banco
7432;5002;1542;1;220,00;Venda Pai Nao Existe no Banco
7433;5002;7972;1;220,00;Venda Pai Nao Existe no Banco
7434;5003;7972;1;290,00;Venda Pai Nao Existe no Banco
7435;5003;1534;1;160,00;Venda Pai Nao Existe no Banco
7436;5004;1721;1;580,00;Venda Pai Nao Existe no Banco
7437;5004;8193;1;200,00;Venda Pai Nao Existe no Banco
7438;5005;8156;1;640,00;Venda Pai Nao Existe no Banco
7439;5005;1534;1;160,00;Venda Pai Nao Existe no Banco
7440;5006;8193;1;190,00;Venda Pai Nao Existe no Banco
7441;5006;1534;1;120,00;Venda Pai Nao Existe no Banco
7442;5007;1534;1;120,00;Venda Pai Nao Existe no Banco
7443;5007;1349;1;90,00;Venda Pai Nao Existe no Banco
7444;5008;1534;1;130,00;Venda Pai Nao Existe no Banco
7445;5009;1552;1;190,00;Venda Pai Nao Existe no Banco
7446;5009;7821;1;140,00;Venda Pai Nao Existe no Banco
7447;5010;1349;1;100,00;Venda Pai Nao Existe no Banco
7448;5011;1533;1;45,00;Venda Pai Nao Existe no Banco
7449;5012;1483;1;480,00;Venda Pai Nao Existe no Banco
7450;5012;1542;1;260,00;Venda Pai Nao Existe no Banco
7451;5013;7345;1;250,00;Venda Pai Nao Existe no Banco
7452;5014;1349;1;100,00;Venda Pai Nao Existe no Banco
7453;5018;1552;1;190,00;Venda Pai Nao Existe no Banco
7454;5018;8193;1;200,00;Venda Pai Nao Existe no Banco
7455;5019;1534;1;120,00;Venda Pai Nao Existe no Banco
7456;5019;7323;1;230,00;Venda Pai Nao Existe no Banco
7457;5020;8201;1;430,00;Venda Pai Nao Existe no Banco
7458;5020;7176;1;220,00;Venda Pai Nao Existe no Banco
7459;5021;1752;1;280,00;Venda Pai Nao Existe no Banco
7460;5022;7972;1;300,00;Venda Pai Nao Existe no Banco
7461;5022;1542;1;220,00;Venda Pai Nao Existe no Banco
7462;5022;1534;0,5;70,00;Venda Pai Nao Existe no Banco
7463;5023;1534;1;160,00;Venda Pai Nao Existe no Banco
7464;5023;1349;1;100,00;Venda Pai Nao Existe no Banco
7465;5024;1534;0,5;70,00;Venda Pai Nao Existe no Banco
7466;5026;1534;1;160,00;Venda Pai Nao Existe no Banco
7467;5026;8193;1;200,00;Venda Pai Nao Existe no Banco
7468;5028;7972;1;280,00;Venda Pai Nao Existe no Banco
7469;5029;1552;1;170,00;Venda Pai Nao Existe no Banco
7470;5024;5231;1;100,00;Venda Pai Nao Existe no Banco
7471;5030;1554;1;170,00;Venda Pai Nao Existe no Banco
7472;5030;1542;0,5;110,00;Venda Pai Nao Existe no Banco
7473;5031;1542;1;260,00;Venda Pai Nao Existe no Banco
7474;5031;7821;1;260,00;Venda Pai Nao Existe no Banco
7475;5032;1534;1;160,00;Venda Pai Nao Existe no Banco
7476;5033;7517;1;260,00;Venda Pai Nao Existe no Banco
7477;5033;1542;1;260,00;Venda Pai Nao Existe no Banco
7478;5034;1529;1;120,00;Venda Pai Nao Existe no Banco
7479;5035;1721;1;400,00;Venda Pai Nao Existe no Banco
7480;5035;7345;1;180,00;Venda Pai Nao Existe no Banco
7481;5036;8143;1;350,00;Venda Pai Nao Existe no Banco
7482;5037;5983;1;450,00;Venda Pai Nao Existe no Banco
7483;5038;1533;1;130,00;Venda Pai Nao Existe no Banco
7484;5039;1542;1;260,00;Venda Pai Nao Existe no Banco
7485;5039;7972;1;340,00;Venda Pai Nao Existe no Banco
7486;5040;7821;1;260,00;Venda Pai Nao Existe no Banco
7487;5040;1534;1;160,00;Venda Pai Nao Existe no Banco
7488;5041;7953;1;270,00;Venda Pai Nao Existe no Banco
7489;5041;7821;1;260,00;Venda Pai Nao Existe no Banco
7490;5042;1534;1;160,00;Venda Pai Nao Existe no Banco
7491;5042;7821;1;200,00;Venda Pai Nao Existe no Banco
7492;5043;1534;1;130,00;Venda Pai Nao Existe no Banco
7493;5043;7821;1;240,00;Venda Pai Nao Existe no Banco
7494;5044;1542;1;260,00;Venda Pai Nao Existe no Banco
7495;5044;2;1;470,00;Venda Pai Nao Existe no Banco
7496;5045;7953;1;160,00;Venda Pai Nao Existe no Banco
7497;5045;7821;1;260,00;Venda Pai Nao Existe no Banco
7499;5046;8210;1;730,00;Venda Pai Nao Existe no Banco
7500;5046;1534;0,5;110,00;Venda Pai Nao Existe no Banco
7501;5046;8102;0,5;590,00;Venda Pai Nao Existe no Banco
7502;5047;1534;1;160,00;Venda Pai Nao Existe no Banco
7504;5047;8173;1;520,00;Venda Pai Nao Existe no Banco
7505;5048;4581;1;240,00;Venda Pai Nao Existe no Banco
7506;5049;6347;1;230,00;Venda Pai Nao Existe no Banco
7507;5049;7821;1;230,00;Venda Pai Nao Existe no Banco
7508;5050;1526;1;90,00;Venda Pai Nao Existe no Banco
7509;5051;1534;1;160,00;Venda Pai Nao Existe no Banco
7510;5052;1533;1;70,00;Venda Pai Nao Existe no Banco
7511;5053;1534;1;170,00;Venda Pai Nao Existe no Banco
7512;5054;5133;1;100,00;Venda Pai Nao Existe no Banco
7513;5055;1760;1;450,00;Venda Pai Nao Existe no Banco
7514;5055;7821;1;250,00;Venda Pai Nao Existe no Banco
7515;5056;7972;1;300,00;Venda Pai Nao Existe no Banco
7516;5057;1542;1;220,00;Venda Pai Nao Existe no Banco
7517;5057;8193;1;160,00;Venda Pai Nao Existe no Banco
7518;5058;1542;1;210,00;Venda Pai Nao Existe no Banco
7519;5059;5627;1;700,00;Venda Pai Nao Existe no Banco
7520;5059;7821;1;200,00;Venda Pai Nao Existe no Banco
7521;5060;1534;1;120,00;Venda Pai Nao Existe no Banco
7522;5061;1534;1;160,00;Venda Pai Nao Existe no Banco
7523;5061;7821;1;260,00;Venda Pai Nao Existe no Banco
7524;5062;1534;1;140,00;Venda Pai Nao Existe no Banco
7525;5063;1534;1;160,00;Venda Pai Nao Existe no Banco
7526;5063;7821;1;260,00;Venda Pai Nao Existe no Banco
7527;5064;7821;1;260,00;Venda Pai Nao Existe no Banco
7528;5065;7578;1;340,00;Venda Pai Nao Existe no Banco
7529;5065;8011;1;490,00;Venda Pai Nao Existe no Banco
7531;5066;1349;1;120,00;Venda Pai Nao Existe no Banco
7532;5068;7569;1;396,00;Venda Pai Nao Existe no Banco
7533;5069;1542;1;260,00;Venda Pai Nao Existe no Banco
7534;5069;1349;1;100,00;Venda Pai Nao Existe no Banco
7535;5070;7972;1;250,00;Venda Pai Nao Existe no Banco
7536;5071;1349;1;100,00;Venda Pai Nao Existe no Banco
7537;5072;1534;1;140,00;Venda Pai Nao Existe no Banco
7538;5072;7821;1;190,00;Venda Pai Nao Existe no Banco
7539;5073;1554;1;190,00;Venda Pai Nao Existe no Banco
7540;5074;1554;1;190,00;Venda Pai Nao Existe no Banco
7541;5074;7821;1;240,00;Venda Pai Nao Existe no Banco
7542;5075;2403;1;250,00;Venda Pai Nao Existe no Banco
7543;5076;1534;1;150,00;Venda Pai Nao Existe no Banco
7544;5076;7821;1;200,00;Venda Pai Nao Existe no Banco
7545;5077;1426;1;90,00;Venda Pai Nao Existe no Banco
7546;5078;1349;1;100,00;Venda Pai Nao Existe no Banco
7547;5078;1542;1;260,00;Venda Pai Nao Existe no Banco
7548;5079;1534;1;160,00;Venda Pai Nao Existe no Banco
7549;5079;1349;1;140,00;Venda Pai Nao Existe no Banco
7550;5080;1534;1;100,00;Venda Pai Nao Existe no Banco
7551;5081;1554;1;190,00;Venda Pai Nao Existe no Banco
7552;5081;7821;1;190,00;Venda Pai Nao Existe no Banco
7553;5083;4473;1;690,00;Venda Pai Nao Existe no Banco
7554;5084;1533;1;90,00;Venda Pai Nao Existe no Banco
7555;5084;5015;1;100,00;Venda Pai Nao Existe no Banco
7557;5085;7972;1;290,00;Venda Pai Nao Existe no Banco
7558;5085;8211;1;300,00;Venda Pai Nao Existe no Banco
7559;5086;4049;1;100,00;Venda Pai Nao Existe no Banco
7560;5088;6347;1;310,00;Venda Pai Nao Existe no Banco
7561;5088;7821;1;190,00;Venda Pai Nao Existe no Banco
7562;5090;1534;1;160,00;Venda Pai Nao Existe no Banco
7563;5090;7773;1;100,00;Venda Pai Nao Existe no Banco
7564;5091;1542;1;260,00;Venda Pai Nao Existe no Banco
7565;5093;1554;1;190,00;Venda Pai Nao Existe no Banco
7567;5094;8213;1;380,00;Venda Pai Nao Existe no Banco
7569;5094;7576;1;2.062,00;Venda Pai Nao Existe no Banco
7570;5095;7821;1;200,00;Venda Pai Nao Existe no Banco
7571;5096;1542;1;260,00;Venda Pai Nao Existe no Banco
7572;5097;1534;1;90,00;Venda Pai Nao Existe no Banco
7573;5097;7972;1;230,00;Venda Pai Nao Existe no Banco
7574;5098;7821;1;200,00;Venda Pai Nao Existe no Banco
7575;5099;1542;1;260,00;Venda Pai Nao Existe no Banco
7576;5099;3109;1;260,00;Venda Pai Nao Existe no Banco
7577;5100;5049;1;49,00;Venda Pai Nao Existe no Banco
7578;5101;1540;1;60,00;Venda Pai Nao Existe no Banco
7579;5101;1540;1;60,00;Venda Pai Nao Existe no Banco
7580;5102;1540;1;60,00;Venda Pai Nao Existe no Banco
7581;5103;1534;1;160,00;Venda Pai Nao Existe no Banco
7582;5103;7952;1;380,00;Venda Pai Nao Existe no Banco
7583;5104;1534;1;150,00;Venda Pai Nao Existe no Banco
7584;5104;7821;1;220,00;Venda Pai Nao Existe no Banco
7585;5105;1540;1;60,00;Venda Pai Nao Existe no Banco
7586;5106;7821;1;250,00;Venda Pai Nao Existe no Banco
7587;5107;1554;1;160,00;Venda Pai Nao Existe no Banco
7588;5109;7821;1;210,00;Venda Pai Nao Existe no Banco
7589;5110;1760;1;190,00;Venda Pai Nao Existe no Banco
7590;5111;1405;1;140,00;Venda Pai Nao Existe no Banco
7591;5111;1534;1;160,00;Venda Pai Nao Existe no Banco
7592;5112;1760;1;190,00;Venda Pai Nao Existe no Banco
7593;5113;1534;1;160,00;Venda Pai Nao Existe no Banco
7594;5113;7952;1;380,00;Venda Pai Nao Existe no Banco
7595;5114;1540;1;60,00;Venda Pai Nao Existe no Banco
7596;5116;1534;1;0,00;Venda Pai Nao Existe no Banco
7597;5116;7951;1;270,00;Venda Pai Nao Existe no Banco
7598;5117;2403;1;110,00;Venda Pai Nao Existe no Banco
7599;5118;1534;1;100,00;Venda Pai Nao Existe no Banco
7600;5118;7773;1;90,00;Venda Pai Nao Existe no Banco
7601;5119;1534;1;160,00;Venda Pai Nao Existe no Banco
7602;5119;7821;1;200,00;Venda Pai Nao Existe no Banco
7603;5120;8193;1;120,00;Venda Pai Nao Existe no Banco
7604;5120;1542;1;260,00;Venda Pai Nao Existe no Banco
7605;5120;7972;1;380,00;Venda Pai Nao Existe no Banco
7606;5121;1554;1;160,00;Venda Pai Nao Existe no Banco
7607;5122;1534;1;160,00;Venda Pai Nao Existe no Banco
7608;5122;7951;1;380,00;Venda Pai Nao Existe no Banco
7609;5123;6347;1;290,00;Venda Pai Nao Existe no Banco
7610;5123;7821;1;190,00;Venda Pai Nao Existe no Banco
7612;5124;7821;1;260,00;Venda Pai Nao Existe no Banco
7613;5124;1534;1;160,00;Venda Pai Nao Existe no Banco
7614;5125;1534;1;160,00;Venda Pai Nao Existe no Banco
7615;5125;7980;1;440,00;Venda Pai Nao Existe no Banco
7616;5126;1542;1;240,00;Venda Pai Nao Existe no Banco
7617;5127;1760;1;190,00;Venda Pai Nao Existe no Banco
7618;5128;7821;1;170,00;Venda Pai Nao Existe no Banco
7619;5129;1554;1;170,00;Venda Pai Nao Existe no Banco
7620;5129;7821;1;200,00;Venda Pai Nao Existe no Banco
7621;5130;1542;1;260,00;Venda Pai Nao Existe no Banco
7622;5131;1760;1;200,00;Venda Pai Nao Existe no Banco
7623;5131;8193;1;0,00;Venda Pai Nao Existe no Banco
7624;5132;1760;1;600,00;Venda Pai Nao Existe no Banco
7625;5132;7972;1;250,00;Venda Pai Nao Existe no Banco
7626;5133;1542;1;260,00;Venda Pai Nao Existe no Banco
7627;5134;1721;1;420,00;Venda Pai Nao Existe no Banco
7628;5135;5066;1;500,00;Venda Pai Nao Existe no Banco
7629;5136;1534;1;160,00;Venda Pai Nao Existe no Banco
7630;5136;7916;1;380,00;Venda Pai Nao Existe no Banco
7631;5137;1534;1;160,00;Venda Pai Nao Existe no Banco
7632;5137;7916;1;380,00;Venda Pai Nao Existe no Banco
7633;5138;5627;1;750,00;Venda Pai Nao Existe no Banco
7634;5138;7820;1;470,00;Venda Pai Nao Existe no Banco
7635;5139;1542;1;260,00;Venda Pai Nao Existe no Banco
7636;5139;8213;1;380,00;Venda Pai Nao Existe no Banco
7637;5140;5627;1;790,00;Venda Pai Nao Existe no Banco
7638;5140;7821;1;210,00;Venda Pai Nao Existe no Banco
7639;5141;5627;1;790,00;Venda Pai Nao Existe no Banco
7640;5141;7821;1;210,00;Venda Pai Nao Existe no Banco
7641;5142;7810;1;100,00;Venda Pai Nao Existe no Banco
7642;5143;1760;1;490,00;Venda Pai Nao Existe no Banco
7643;5143;8193;1;200,00;Venda Pai Nao Existe no Banco
7644;5144;8193;1;220,00;Venda Pai Nao Existe no Banco
7645;5144;8193;1;220,00;Venda Pai Nao Existe no Banco
7646;5144;1562;1;540,00;Venda Pai Nao Existe no Banco
7647;5144;1534;1;160,00;Venda Pai Nao Existe no Banco
7648;5146;1542;1;260,00;Venda Pai Nao Existe no Banco
7649;5146;7821;1;240,00;Venda Pai Nao Existe no Banco
7650;5147;1542;1;260,00;Venda Pai Nao Existe no Banco
7651;5147;7821;1;240,00;Venda Pai Nao Existe no Banco
7652;5148;7972;1;260,00;Venda Pai Nao Existe no Banco
7654;5150;8221;1;530,00;Venda Pai Nao Existe no Banco
7655;5151;7380;1;790,00;Venda Pai Nao Existe no Banco
7656;5151;6627;1;590,00;Venda Pai Nao Existe no Banco
7657;5152;1542;1;260,00;Venda Pai Nao Existe no Banco
7658;5152;8193;1;100,00;Venda Pai Nao Existe no Banco
7659;5154;1542;1;230,00;Venda Pai Nao Existe no Banco
7660;5154;7986;1;400,00;Venda Pai Nao Existe no Banco
7661;5155;1349;1;90,00;Venda Pai Nao Existe no Banco
7662;5156;1528;1;105,00;Venda Pai Nao Existe no Banco
7664;5158;1534;1;130,00;Venda Pai Nao Existe no Banco
7665;5159;1349;1;100,00;Venda Pai Nao Existe no Banco
7666;5160;8193;1;100,00;Venda Pai Nao Existe no Banco
7667;5161;1542;1;260,00;Venda Pai Nao Existe no Banco
7668;5161;8212;1;380,00;Venda Pai Nao Existe no Banco
7669;5162;1542;1;230,00;Venda Pai Nao Existe no Banco
7670;5162;8009;1;490,00;Venda Pai Nao Existe no Banco
7672;5164;1534;1;160,00;Venda Pai Nao Existe no Banco
7673;5165;1760;1;400,00;Venda Pai Nao Existe no Banco
7674;5165;7773;1;90,00;Venda Pai Nao Existe no Banco
7675;5166;1531;1;110,00;Venda Pai Nao Existe no Banco
7676;5167;7369;1;500,00;Venda Pai Nao Existe no Banco
7677;5168;1760;1;190,00;Venda Pai Nao Existe no Banco
7678;5169;1349;1;100,00;Venda Pai Nao Existe no Banco
7679;5170;7830;1;580,00;Venda Pai Nao Existe no Banco
7680;5171;7864;1;1.455,00;Venda Pai Nao Existe no Banco
7681;5171;7951;1;330,00;Venda Pai Nao Existe no Banco
7682;5172;3529;1;340,00;Venda Pai Nao Existe no Banco
7683;5173;7821;1;220,00;Venda Pai Nao Existe no Banco
7684;5174;1534;1;160,00;Venda Pai Nao Existe no Banco
7685;5175;4119;1;250,00;Venda Pai Nao Existe no Banco
7686;5176;1534;1;160,00;Venda Pai Nao Existe no Banco
7687;5177;1542;1;260,00;Venda Pai Nao Existe no Banco
7688;5177;8213;1;380,00;Venda Pai Nao Existe no Banco
7689;5178;8223;1;1.180,00;Venda Pai Nao Existe no Banco
7690;5178;8193;1;240,00;Venda Pai Nao Existe no Banco
7691;5179;1552;0,5;80,00;Venda Pai Nao Existe no Banco
7692;5180;1349;1;100,00;Venda Pai Nao Existe no Banco
7693;5181;1534;1;160,00;Venda Pai Nao Existe no Banco
7694;5182;7987;1;390,00;Venda Pai Nao Existe no Banco
7695;5182;7821;1;260,00;Venda Pai Nao Existe no Banco
7696;5184;1534;0,5;80,00;Venda Pai Nao Existe no Banco
7697;5185;1534;1;0,00;Venda Pai Nao Existe no Banco
7698;5185;7821;1;260,00;Venda Pai Nao Existe no Banco
7699;5188;1542;1;260,00;Venda Pai Nao Existe no Banco
7700;5188;7952;1;380,00;Venda Pai Nao Existe no Banco
7701;5189;6601;1;250,00;Venda Pai Nao Existe no Banco
7702;5190;1534;1;160,00;Venda Pai Nao Existe no Banco
7703;5190;7821;1;260,00;Venda Pai Nao Existe no Banco
7704;5191;5135;1;100,00;Venda Pai Nao Existe no Banco
7705;5192;1752;1;280,00;Venda Pai Nao Existe no Banco
7706;5193;1554;1;190,00;Venda Pai Nao Existe no Banco
7707;5193;1349;1;110,00;Venda Pai Nao Existe no Banco
7708;5194;8193;1;180,00;Venda Pai Nao Existe no Banco
7709;5195;1554;1;170,00;Venda Pai Nao Existe no Banco
7710;5195;7821;1;130,00;Venda Pai Nao Existe no Banco
7712;5196;8224;1;349,00;Venda Pai Nao Existe no Banco
7713;5197;8224;1;349,00;Venda Pai Nao Existe no Banco
7714;5198;1540;1;70,00;Venda Pai Nao Existe no Banco
7715;5199;1542;1;280,00;Venda Pai Nao Existe no Banco
7716;5200;1542;1;230,00;Venda Pai Nao Existe no Banco
7717;5201;7773;1;100,00;Venda Pai Nao Existe no Banco
7718;5202;1542;1;260,00;Venda Pai Nao Existe no Banco
7719;5202;7952;1;380,00;Venda Pai Nao Existe no Banco
7720;5203;1349;1;100,00;Venda Pai Nao Existe no Banco
7725;5204;8225;1;530,00;Venda Pai Nao Existe no Banco
7726;5205;1534;1;130,00;Venda Pai Nao Existe no Banco
7727;5206;1721;1;590,00;Venda Pai Nao Existe no Banco
7728;5207;1542;1;260,00;Venda Pai Nao Existe no Banco
7729;5208;1760;1;450,00;Venda Pai Nao Existe no Banco
7730;5209;1534;1;160,00;Venda Pai Nao Existe no Banco
7731;5209;7952;1;380,00;Venda Pai Nao Existe no Banco
7732;5210;1554;1;190,00;Venda Pai Nao Existe no Banco
7733;5210;8193;1;190,00;Venda Pai Nao Existe no Banco
7734;5211;3062;1;290,00;Venda Pai Nao Existe no Banco
7735;5212;1769;1;590,00;Venda Pai Nao Existe no Banco
7736;5212;1534;1;160,00;Venda Pai Nao Existe no Banco
7737;5212;7821;1;260,00;Venda Pai Nao Existe no Banco
7738;5213;1815;1;49,00;Venda Pai Nao Existe no Banco
7739;5214;8193;1;100,00;Venda Pai Nao Existe no Banco
7740;5215;1542;1;245,00;Venda Pai Nao Existe no Banco
7741;5215;1542;1;245,00;Venda Pai Nao Existe no Banco
7742;5216;1760;1;400,00;Venda Pai Nao Existe no Banco
7743;5216;7821;1;190,00;Venda Pai Nao Existe no Banco
7744;5217;1534;1;120,00;Venda Pai Nao Existe no Banco
7746;5218;1752;0,5;140,00;Venda Pai Nao Existe no Banco
7749;5218;1752;1;280,00;Venda Pai Nao Existe no Banco
7750;5218;7904;1;380,00;Venda Pai Nao Existe no Banco
7752;5219;1562;1;540,00;Venda Pai Nao Existe no Banco
7753;5219;7821;1;260,00;Venda Pai Nao Existe no Banco
7754;5220;1534;1;150,00;Venda Pai Nao Existe no Banco
7755;5221;4383;1;49,00;Venda Pai Nao Existe no Banco
7756;5222;6601;1;290,00;Venda Pai Nao Existe no Banco
7757;5223;1542;1;180,00;Venda Pai Nao Existe no Banco
7758;5224;5201;1;290,00;Venda Pai Nao Existe no Banco
7759;5225;1534;1;160,00;Venda Pai Nao Existe no Banco
7760;5226;1554;1;190,00;Venda Pai Nao Existe no Banco
7761;5227;3907;1;49,00;Venda Pai Nao Existe no Banco
7762;5228;5135;1;110,00;Venda Pai Nao Existe no Banco
7763;5228;2287;1;20,00;Venda Pai Nao Existe no Banco
7764;5230;1542;1;260,00;Venda Pai Nao Existe no Banco
7765;5231;1542;1;260,00;Venda Pai Nao Existe no Banco
7766;5232;1760;1;400,00;Venda Pai Nao Existe no Banco
7767;5232;1349;1;100,00;Venda Pai Nao Existe no Banco
7768;5233;1542;1;260,00;Venda Pai Nao Existe no Banco
7769;5233;5865;1;140,00;Venda Pai Nao Existe no Banco
7770;5234;1534;1;160,00;Venda Pai Nao Existe no Banco
7771;5234;7949;1;380,00;Venda Pai Nao Existe no Banco
7772;5235;1534;1;160,00;Venda Pai Nao Existe no Banco
7773;5236;7821;1;220,00;Venda Pai Nao Existe no Banco
7774;5237;2403;1;240,00;Venda Pai Nao Existe no Banco
7775;5238;5627;1;860,00;Venda Pai Nao Existe no Banco
7776;5239;7952;1;330,00;Venda Pai Nao Existe no Banco
7777;5239;1534;1;90,00;Venda Pai Nao Existe no Banco
7780;5241;4145;1;250,00;Venda Pai Nao Existe no Banco
7781;5243;5378;1;120,00;Venda Pai Nao Existe no Banco
7782;5245;1542;1;410,00;Venda Pai Nao Existe no Banco
7784;5245;765;1;290,00;Venda Pai Nao Existe no Banco
7785;5246;1554;1;190,00;Venda Pai Nao Existe no Banco
7786;5247;1349;1;100,00;Venda Pai Nao Existe no Banco
7787;5248;1542;1;260,00;Venda Pai Nao Existe no Banco
7788;5249;7972;1;240,00;Venda Pai Nao Existe no Banco
7789;5250;1534;1;130,00;Venda Pai Nao Existe no Banco
7790;5250;7821;1;210,00;Venda Pai Nao Existe no Banco
7791;5251;7959;1;640,00;Venda Pai Nao Existe no Banco
7792;5252;6599;1;290,00;Venda Pai Nao Existe no Banco
7793;5253;1542;1;260,00;Venda Pai Nao Existe no Banco
7794;5253;7821;1;220,00;Venda Pai Nao Existe no Banco
7795;5254;8197;1;690,00;Venda Pai Nao Existe no Banco
7796;5254;7959;-1;640,00;Venda Pai Nao Existe no Banco
7797;5255;7959;-1;-640,00;Venda Pai Nao Existe no Banco
7798;5255;8197;1;690,00;Venda Pai Nao Existe no Banco
7799;5256;1554;0,5;95,00;Venda Pai Nao Existe no Banco
7800;5257;8193;1;100,00;Venda Pai Nao Existe no Banco
7801;5258;1542;1;260,00;Venda Pai Nao Existe no Banco
7802;5259;1530;1;125,00;Venda Pai Nao Existe no Banco
7803;5260;7024;1;160,00;Venda Pai Nao Existe no Banco
7804;5261;1534;1;160,00;Venda Pai Nao Existe no Banco
7805;5261;7921;1;380,00;Venda Pai Nao Existe no Banco
7806;5262;1542;1;260,00;Venda Pai Nao Existe no Banco
7808;5263;7773;1;100,00;Venda Pai Nao Existe no Banco
7809;5263;1752;1;260,00;Venda Pai Nao Existe no Banco
7810;5262;1349;1;100,00;Venda Pai Nao Existe no Banco
7811;5264;1542;1;240,00;Venda Pai Nao Existe no Banco
7813;5264;7795;1;150,00;Venda Pai Nao Existe no Banco
7814;5265;1721;1;600,00;Venda Pai Nao Existe no Banco
7815;5266;8198;1;610,00;Venda Pai Nao Existe no Banco
7816;5266;1534;1;160,00;Venda Pai Nao Existe no Banco
7817;5267;1542;1;220,00;Venda Pai Nao Existe no Banco
7818;5268;1542;1;230,00;Venda Pai Nao Existe no Banco
7820;5268;7821;1;200,00;Venda Pai Nao Existe no Banco
7821;5269;1349;1;100,00;Venda Pai Nao Existe no Banco
7822;5270;1534;1;120,00;Venda Pai Nao Existe no Banco
7824;5270;7434;1;370,00;Venda Pai Nao Existe no Banco
7825;5271;4657;1;790,00;Venda Pai Nao Existe no Banco
7826;5272;1349;1;100,00;Venda Pai Nao Existe no Banco
7827;5273;1542;1;230,00;Venda Pai Nao Existe no Banco
7828;5273;7821;1;230,00;Venda Pai Nao Existe no Banco
7829;5274;4497;1;100,00;Venda Pai Nao Existe no Banco
7830;5275;1542;1;260,00;Venda Pai Nao Existe no Banco
7831;5275;1349;1;100,00;Venda Pai Nao Existe no Banco
7832;5276;1721;1;678,00;Venda Pai Nao Existe no Banco
7833;5277;1752;1;280,00;Venda Pai Nao Existe no Banco
7834;5277;8041;1;380,00;Venda Pai Nao Existe no Banco
7835;5278;7821;1;190,00;Venda Pai Nao Existe no Banco
7836;5279;1533;0,5;40,00;Venda Pai Nao Existe no Banco
7837;5280;1534;1;120,00;Venda Pai Nao Existe no Banco
7838;5280;1349;1;100,00;Venda Pai Nao Existe no Banco
7839;5281;1554;1;190,00;Venda Pai Nao Existe no Banco
7840;5282;7510;1;240,00;Venda Pai Nao Existe no Banco
7841;5282;1534;1;120,00;Venda Pai Nao Existe no Banco
7842;5283;1534;1;160,00;Venda Pai Nao Existe no Banco
7843;5283;8193;1;230,00;Venda Pai Nao Existe no Banco
7844;5285;5463;1;500,00;Venda Pai Nao Existe no Banco
7845;5286;1349;1;100,00;Venda Pai Nao Existe no Banco
7846;5286;7972;1;200,00;Venda Pai Nao Existe no Banco
7847;5287;5578;1;260,00;Venda Pai Nao Existe no Banco
7848;5287;7859;1;340,00;Venda Pai Nao Existe no Banco
7849;5288;1760;1;200,00;Venda Pai Nao Existe no Banco
7850;5289;1542;1;290,00;Venda Pai Nao Existe no Banco
7851;5290;1542;1;250,00;Venda Pai Nao Existe no Banco
7852;5292;1554;1;190,00;Venda Pai Nao Existe no Banco
7853;5292;1349;1;100,00;Venda Pai Nao Existe no Banco
7854;5294;1542;1;260,00;Venda Pai Nao Existe no Banco
7855;5295;4581;1;250,00;Venda Pai Nao Existe no Banco
7856;5296;1534;1;160,00;Venda Pai Nao Existe no Banco
7857;5296;1349;1;100,00;Venda Pai Nao Existe no Banco
7858;5297;7953;1;250,00;Venda Pai Nao Existe no Banco
7859;5298;1760;1;450,00;Venda Pai Nao Existe no Banco
7860;5299;1534;1;160,00;Venda Pai Nao Existe no Banco
7861;5299;7821;1;220,00;Venda Pai Nao Existe no Banco
7862;5300;7821;1;230,00;Venda Pai Nao Existe no Banco
7863;5302;7821;1;200,00;Venda Pai Nao Existe no Banco
7864;5303;1534;1;120,00;Venda Pai Nao Existe no Banco
7865;5303;7821;1;230,00;Venda Pai Nao Existe no Banco
7866;5304;4125;1;550,00;Venda Pai Nao Existe no Banco
7867;5304;7972;;260,00;Venda Pai Nao Existe no Banco
7868;5305;7972;1;260,00;Venda Pai Nao Existe no Banco
7871;5308;8228;0,5;1.135,00;Venda Pai Nao Existe no Banco
7872;5309;7821;1;280,00;Venda Pai Nao Existe no Banco
7873;5310;5133;1;130,00;Venda Pai Nao Existe no Banco
7874;5311;5940;1;340,00;Venda Pai Nao Existe no Banco
7875;5312;1542;1;420,00;Venda Pai Nao Existe no Banco
7876;5312;7972;1;290,00;Venda Pai Nao Existe no Banco
7877;5313;1542;1;260,00;Venda Pai Nao Existe no Banco
7878;5314;1542;1;200,00;Venda Pai Nao Existe no Banco
7879;5315;1534;1;160,00;Venda Pai Nao Existe no Banco
7880;5316;8177;1;840,00;Venda Pai Nao Existe no Banco
7881;5316;4145;1;340,00;Venda Pai Nao Existe no Banco
7883;5317;4145;1;320,00;Venda Pai Nao Existe no Banco
7884;5317;8229;1;900,00;Venda Pai Nao Existe no Banco
7885;5318;1534;1;120,00;Venda Pai Nao Existe no Banco
7886;5318;7957;1;1.070,00;Venda Pai Nao Existe no Banco
7889;5318;1349;1;100,00;Venda Pai Nao Existe no Banco
7890;5318;8193;1;100,00;Venda Pai Nao Existe no Banco
7891;5318;5832;1;100,00;Venda Pai Nao Existe no Banco
7892;5318;8230;1;550,00;Venda Pai Nao Existe no Banco
7893;5318;8230;1;550,00;Venda Pai Nao Existe no Banco
7897;5319;1542;1;230,00;Venda Pai Nao Existe no Banco
7898;5319;7345;1;270,00;Venda Pai Nao Existe no Banco
7899;5320;1349;1;100,00;Venda Pai Nao Existe no Banco
7900;5320;1534;1;130,00;Venda Pai Nao Existe no Banco
7901;5318;1534;1;160,00;Venda Pai Nao Existe no Banco
7902;5318;1349;1;100,00;Venda Pai Nao Existe no Banco
7903;5321;1534;1;130,00;Venda Pai Nao Existe no Banco
7904;5321;1349;1;100,00;Venda Pai Nao Existe no Banco
7905;5322;8176;1;290,00;Venda Pai Nao Existe no Banco
7907;5323;7953;1;225,00;Venda Pai Nao Existe no Banco
7908;5323;7821;1;235,00;Venda Pai Nao Existe no Banco
7909;5323;7821;1;250,00;Venda Pai Nao Existe no Banco
7910;5323;7953;1;250,00;Venda Pai Nao Existe no Banco
7911;5324;1534;1;160,00;Venda Pai Nao Existe no Banco
7912;5324;1349;1;120,00;Venda Pai Nao Existe no Banco
7913;5325;5966;1;180,00;Venda Pai Nao Existe no Banco
7914;5325;1554;1;190,00;Venda Pai Nao Existe no Banco
7915;5326;1534;1;160,00;Venda Pai Nao Existe no Banco
7916;5326;7821;1;220,00;Venda Pai Nao Existe no Banco
7917;5327;1534;1;140,00;Venda Pai Nao Existe no Banco
7918;5327;7821;1;220,00;Venda Pai Nao Existe no Banco
7919;5328;1349;1;100,00;Venda Pai Nao Existe no Banco
7920;5329;1534;1;160,00;Venda Pai Nao Existe no Banco
7921;5329;7821;1;220,00;Venda Pai Nao Existe no Banco
7922;5330;1349;1;120,00;Venda Pai Nao Existe no Banco
7923;5330;1534;1;160,00;Venda Pai Nao Existe no Banco
7924;5331;1552;1;160,00;Venda Pai Nao Existe no Banco
7925;5332;1554;1;240,00;Venda Pai Nao Existe no Banco
7927;5333;7821;1;220,00;Venda Pai Nao Existe no Banco
7928;5333;4514;1;240,00;Venda Pai Nao Existe no Banco
7930;5335;1534;1;140,00;Venda Pai Nao Existe no Banco
7931;5335;1534;1;140,00;Venda Pai Nao Existe no Banco
7932;5335;7821;1;230,00;Venda Pai Nao Existe no Banco
7933;5335;8193;1;190,00;Venda Pai Nao Existe no Banco
7934;5335;2411;1;550,00;Venda Pai Nao Existe no Banco
7935;5336;8177;1;840,00;Venda Pai Nao Existe no Banco
7936;5336;7952;1;360,00;Venda Pai Nao Existe no Banco
7937;5334;8231;1;1.400,00;Venda Pai Nao Existe no Banco
7938;5337;1534;1;100,00;Venda Pai Nao Existe no Banco
7939;5337;7821;1;200,00;Venda Pai Nao Existe no Banco
7940;5338;1534;1;160,00;Venda Pai Nao Existe no Banco
7941;5308;1534;0,5;80,00;Venda Pai Nao Existe no Banco
7942;5339;1760;1;350,00;Venda Pai Nao Existe no Banco
7943;5339;8212;1;330,00;Venda Pai Nao Existe no Banco
7944;5340;1534;1;160,00;Venda Pai Nao Existe no Banco
7945;5335;1760;1;450,00;Venda Pai Nao Existe no Banco
7946;5335;7821;1;150,00;Venda Pai Nao Existe no Banco
7947;5341;7821;1;190,00;Venda Pai Nao Existe no Banco
7948;5342;1542;1;260,00;Venda Pai Nao Existe no Banco
7949;5342;8208;1;380,00;Venda Pai Nao Existe no Banco
7950;5343;1534;0,5;80,00;Venda Pai Nao Existe no Banco
7951;5343;8102;0,5;375,00;Venda Pai Nao Existe no Banco
7952;5343;1554;1;190,00;Venda Pai Nao Existe no Banco
7953;5344;7821;1;190,00;Venda Pai Nao Existe no Banco
7954;5345;1531;1;130,00;Venda Pai Nao Existe no Banco
7955;5346;1554;1;190,00;Venda Pai Nao Existe no Banco
7956;5346;7821;1;260,00;Venda Pai Nao Existe no Banco
7957;5347;7810;1;100,00;Venda Pai Nao Existe no Banco
7958;5348;1542;1;220,00;Venda Pai Nao Existe no Banco
7959;5349;1534;1;120,00;Venda Pai Nao Existe no Banco
7960;5350;7821;1;200,00;Venda Pai Nao Existe no Banco
7961;5351;7773;1;49,00;Venda Pai Nao Existe no Banco
7962;5352;1542;1;260,00;Venda Pai Nao Existe no Banco
7963;5353;8102;1;290,00;Venda Pai Nao Existe no Banco
7964;5353;7821;1;200,00;Venda Pai Nao Existe no Banco
7965;5354;1534;1;120,00;Venda Pai Nao Existe no Banco
7966;5355;1534;1;120,00;Venda Pai Nao Existe no Banco
7967;5356;8102;1;450,00;Venda Pai Nao Existe no Banco
7968;5356;7628;1;189,00;Venda Pai Nao Existe no Banco
7970;5358;8233;1;510,00;Venda Pai Nao Existe no Banco
7971;5359;1542;1;260,00;Venda Pai Nao Existe no Banco
7972;5359;1349;1;120,00;Venda Pai Nao Existe no Banco
7973;5360;1554;1;180,00;Venda Pai Nao Existe no Banco
7974;5360;7821;1;220,00;Venda Pai Nao Existe no Banco
7975;5361;8102;1;340,00;Venda Pai Nao Existe no Banco
7976;5361;7821;1;200,00;Venda Pai Nao Existe no Banco
7977;5362;7821;1;260,00;Venda Pai Nao Existe no Banco
7978;5363;5015;1;190,00;Venda Pai Nao Existe no Banco
7979;5365;1554;1;190,00;Venda Pai Nao Existe no Banco
7980;5367;7822;1;220,00;Venda Pai Nao Existe no Banco
7981;5367;7821;1;260,00;Venda Pai Nao Existe no Banco
7982;5368;1529;1;110,00;Venda Pai Nao Existe no Banco
7983;5369;1542;1;280,00;Venda Pai Nao Existe no Banco
7984;5370;1542;1;260,00;Venda Pai Nao Existe no Banco
7985;5370;7972;1;340,00;Venda Pai Nao Existe no Banco
7986;5371;8229;1;830,00;Venda Pai Nao Existe no Banco
7987;5372;1542;1;260,00;Venda Pai Nao Existe no Banco
7988;5372;7821;1;260,00;Venda Pai Nao Existe no Banco
7989;5373;1554;1;170,00;Venda Pai Nao Existe no Banco
7990;5374;1542;1;260,00;Venda Pai Nao Existe no Banco
7991;5374;7821;1;240,00;Venda Pai Nao Existe no Banco
7992;5375;1542;1;260,00;Venda Pai Nao Existe no Banco
7993;5375;7952;1;390,00;Venda Pai Nao Existe no Banco
7994;5376;1357;1;100,00;Venda Pai Nao Existe no Banco
7995;5376;1534;1;160,00;Venda Pai Nao Existe no Banco
7996;5377;6167;1;420,00;Venda Pai Nao Existe no Banco
7997;5379;1534;1;160,00;Venda Pai Nao Existe no Banco
7998;5379;7821;1;220,00;Venda Pai Nao Existe no Banco
7999;5380;1534;1;140,00;Venda Pai Nao Existe no Banco
8000;5380;7821;1;230,00;Venda Pai Nao Existe no Banco
8001;5381;8102;1;330,00;Venda Pai Nao Existe no Banco
8002;5381;4581;1;240,00;Venda Pai Nao Existe no Banco
8003;5382;1534;1;160,00;Venda Pai Nao Existe no Banco
8004;5382;7821;1;260,00;Venda Pai Nao Existe no Banco
8006;5383;7952;1;320,00;Venda Pai Nao Existe no Banco
8008;5383;8235;1;1.215,00;Venda Pai Nao Existe no Banco
8009;5384;1533;2;300,00;Venda Pai Nao Existe no Banco
8010;5386;1542;1;260,00;Venda Pai Nao Existe no Banco
8011;5386;7952;1;315,00;Venda Pai Nao Existe no Banco
8012;5387;1534;1;120,00;Venda Pai Nao Existe no Banco
8013;5387;7821;1;220,00;Venda Pai Nao Existe no Banco
8015;5384;8236;1;500,00;Venda Pai Nao Existe no Banco
8016;5388;7821;1;240,00;Venda Pai Nao Existe no Banco
8017;5389;8177;1;540,00;Venda Pai Nao Existe no Banco
8018;5389;7972;1;200,00;Venda Pai Nao Existe no Banco
8019;5389;1534;1;0,00;Venda Pai Nao Existe no Banco
8020;5389;7821;1;0,00;Venda Pai Nao Existe no Banco
8021;5392;1542;1;220,00;Venda Pai Nao Existe no Banco
8022;5392;7821;1;200,00;Venda Pai Nao Existe no Banco
8023;5393;1526;1;100,00;Venda Pai Nao Existe no Banco
8024;5394;1542;1;250,00;Venda Pai Nao Existe no Banco
8025;5394;7821;1;250,00;Venda Pai Nao Existe no Banco
8026;5395;5574;0,5;530,00;Venda Pai Nao Existe no Banco
8027;5395;1534;0,5;80,00;Venda Pai Nao Existe no Banco
8028;5395;7821;1;260,00;Venda Pai Nao Existe no Banco
8029;5396;4581;1;190,00;Venda Pai Nao Existe no Banco
8030;5398;5135;1;120,00;Venda Pai Nao Existe no Banco
8031;5399;1542;1;300,00;Venda Pai Nao Existe no Banco
8034;5401;1534;1;130,00;Venda Pai Nao Existe no Banco
8035;5402;1552;0,5;90,00;Venda Pai Nao Existe no Banco
8036;5404;7821;1;230,00;Venda Pai Nao Existe no Banco
8038;5394;4114;1;50,00;Venda Pai Nao Existe no Banco
8039;5406;1760;1;490,00;Venda Pai Nao Existe no Banco
8040;5406;7821;1;260,00;Venda Pai Nao Existe no Banco
8041;5407;1534;1;160,00;Venda Pai Nao Existe no Banco
8042;5407;7821;1;230,00;Venda Pai Nao Existe no Banco
8043;5408;1542;1;270,00;Venda Pai Nao Existe no Banco
8044;5408;1349;1;120,00;Venda Pai Nao Existe no Banco
8045;5409;1534;1;160,00;Venda Pai Nao Existe no Banco
8046;5409;2976;1;190,00;Venda Pai Nao Existe no Banco
8047;5411;7821;1;220,00;Venda Pai Nao Existe no Banco
8048;5412;1534;1;160,00;Venda Pai Nao Existe no Banco
8049;5412;7950;1;380,00;Venda Pai Nao Existe no Banco
8050;5413;1534;1;160,00;Venda Pai Nao Existe no Banco
8051;5413;7972;1;280,00;Venda Pai Nao Existe no Banco
8052;5414;1760;1;400,00;Venda Pai Nao Existe no Banco
8054;5414;8237;1;500,00;Venda Pai Nao Existe no Banco
8055;5415;1534;1;160,00;Venda Pai Nao Existe no Banco
8056;5415;5015;1;120,00;Venda Pai Nao Existe no Banco
8057;5416;2287;1;40,00;Venda Pai Nao Existe no Banco
8058;5417;1668;1;220,00;Venda Pai Nao Existe no Banco
8059;5418;5627;1;880,00;Venda Pai Nao Existe no Banco
8060;5418;7821;1;220,00;Venda Pai Nao Existe no Banco
8063;5420;7972;1;340,00;Venda Pai Nao Existe no Banco
8064;5421;2287;1;130,00;Venda Pai Nao Existe no Banco
8065;5422;1891;1;350,00;Venda Pai Nao Existe no Banco
8066;5423;1760;1;490,00;Venda Pai Nao Existe no Banco
8067;5424;1542;1;290,00;Venda Pai Nao Existe no Banco
8068;5425;2403;1;240,00;Venda Pai Nao Existe no Banco
8069;5426;5940;1;340,00;Venda Pai Nao Existe no Banco
8070;5427;8130;1;600,00;Venda Pai Nao Existe no Banco
8071;5428;7953;1;250,00;Venda Pai Nao Existe no Banco
8072;5428;8193;1;130,00;Venda Pai Nao Existe no Banco
8073;5429;8230;1;350,00;Venda Pai Nao Existe no Banco
8074;5431;1554;1;170,00;Venda Pai Nao Existe no Banco
8075;5431;7773;1;90,00;Venda Pai Nao Existe no Banco
8076;5432;1534;1;160,00;Venda Pai Nao Existe no Banco
8077;5432;1349;1;100,00;Venda Pai Nao Existe no Banco
8079;5433;1752;1;260,00;Venda Pai Nao Existe no Banco
8080;5433;7821;1;260,00;Venda Pai Nao Existe no Banco
8081;5434;1534;1;170,00;Venda Pai Nao Existe no Banco
8082;5434;1542;1;260,00;Venda Pai Nao Existe no Banco
8083;5434;7821;1;260,00;Venda Pai Nao Existe no Banco
8084;5438;7949;1;390,00;Venda Pai Nao Existe no Banco
8085;5438;1542;1;260,00;Venda Pai Nao Existe no Banco
8086;5439;1760;1;440,00;Venda Pai Nao Existe no Banco
8087;5439;7942;1;360,00;Venda Pai Nao Existe no Banco
8088;5440;1760;1;290,00;Venda Pai Nao Existe no Banco
8089;5440;6819;1;100,00;Venda Pai Nao Existe no Banco
8090;5441;1542;1;260,00;Venda Pai Nao Existe no Banco
8091;5441;7972;1;340,00;Venda Pai Nao Existe no Banco
8092;5442;7972;1;340,00;Venda Pai Nao Existe no Banco
8093;5442;1534;1;120,00;Venda Pai Nao Existe no Banco
8094;5443;1534;1;160,00;Venda Pai Nao Existe no Banco
8095;5443;7821;1;260,00;Venda Pai Nao Existe no Banco
8096;5444;7773;1;100,00;Venda Pai Nao Existe no Banco
8097;5445;6347;1;220,00;Venda Pai Nao Existe no Banco
8098;5445;7972;1;340,00;Venda Pai Nao Existe no Banco
8099;5446;1534;1;100,00;Venda Pai Nao Existe no Banco
8100;5447;1534;1;140,00;Venda Pai Nao Existe no Banco
8101;5448;1534;1;100,00;Venda Pai Nao Existe no Banco
8102;5448;7821;1;120,00;Venda Pai Nao Existe no Banco
8103;5449;1534;1;130,00;Venda Pai Nao Existe no Banco
8104;5449;1534;1;130,00;Venda Pai Nao Existe no Banco
8106;5450;7952;1;305,00;Venda Pai Nao Existe no Banco
8107;5450;8238;1;1.000,00;Venda Pai Nao Existe no Banco
8108;5451;7972;1;220,00;Venda Pai Nao Existe no Banco
8109;5452;6174;1;530,00;Venda Pai Nao Existe no Banco
8110;5453;1534;1;160,00;Venda Pai Nao Existe no Banco
8112;5454;8239;1;1.503,00;Venda Pai Nao Existe no Banco
8113;5454;6541;1;350,00;Venda Pai Nao Existe no Banco
8114;5454;7821;1;147,00;Venda Pai Nao Existe no Banco
8115;5455;1534;1;160,00;Venda Pai Nao Existe no Banco
8116;5455;1349;1;190,00;Venda Pai Nao Existe no Banco
8119;5441;1542;1;260,00;Venda Pai Nao Existe no Banco
8120;5441;5015;1;180,00;Venda Pai Nao Existe no Banco
8121;5457;4514;1;280,00;Venda Pai Nao Existe no Banco
8122;5457;7821;1;200,00;Venda Pai Nao Existe no Banco
8123;5458;1542;1;230,00;Venda Pai Nao Existe no Banco
8124;5459;4206;1;260,00;Venda Pai Nao Existe no Banco
8125;5459;7821;1;260,00;Venda Pai Nao Existe no Banco
8126;5459;1534;2;320,00;Venda Pai Nao Existe no Banco
8127;5461;1534;1;150,00;Venda Pai Nao Existe no Banco
8128;5460;7821;1;220,00;Venda Pai Nao Existe no Banco
8130;5460;1533;1;180,00;Venda Pai Nao Existe no Banco
8131;5462;1995;1;49,00;Venda Pai Nao Existe no Banco
8132;5463;1534;1;145,00;Venda Pai Nao Existe no Banco
8133;5463;7821;1;233,00;Venda Pai Nao Existe no Banco
8134;5464;1534;1;140,00;Venda Pai Nao Existe no Banco
8135;5465;1534;2;300,00;Venda Pai Nao Existe no Banco
8136;5466;1554;1;190,00;Venda Pai Nao Existe no Banco
8137;5466;1349;1;100,00;Venda Pai Nao Existe no Banco
8138;5467;1526;1;140,00;Venda Pai Nao Existe no Banco
8139;5468;8102;1;480,00;Venda Pai Nao Existe no Banco
8140;5468;7821;1;260,00;Venda Pai Nao Existe no Banco
8141;5469;7972;1;260,00;Venda Pai Nao Existe no Banco
8143;5471;7152;1;250,00;Venda Pai Nao Existe no Banco
8144;5472;1534;1;130,00;Venda Pai Nao Existe no Banco
8145;5472;1534;1;130,00;Venda Pai Nao Existe no Banco
8146;5473;1534;1;120,00;Venda Pai Nao Existe no Banco
8147;5473;7821;1;200,00;Venda Pai Nao Existe no Banco
8148;5474;1533;1;90,00;Venda Pai Nao Existe no Banco
8149;5474;1349;1;100,00;Venda Pai Nao Existe no Banco
8151;5475;1534;1;100,00;Venda Pai Nao Existe no Banco
8152;5475;7732;1;130,00;Venda Pai Nao Existe no Banco
8153;5476;1534;1;150,00;Venda Pai Nao Existe no Banco
8154;5476;7104;1;100,00;Venda Pai Nao Existe no Banco
8155;5477;7821;1;200,00;Venda Pai Nao Existe no Banco
8156;5478;1554;1;190,00;Venda Pai Nao Existe no Banco
8157;5478;4206;1;180,00;Venda Pai Nao Existe no Banco
8158;5479;1349;1;140,00;Venda Pai Nao Existe no Banco
8159;5480;1542;1;260,00;Venda Pai Nao Existe no Banco
8160;5480;8193;1;180,00;Venda Pai Nao Existe no Banco
8162;5482;7952;1;380,00;Venda Pai Nao Existe no Banco
8163;5482;4514;1;260,00;Venda Pai Nao Existe no Banco
8164;5484;3898;1;49,00;Venda Pai Nao Existe no Banco
8165;5485;1534;1;140,00;Venda Pai Nao Existe no Banco
8166;5485;6602;1;340,00;Venda Pai Nao Existe no Banco
8167;5486;1534;1;120,00;Venda Pai Nao Existe no Banco
8168;5486;7821;1;260,00;Venda Pai Nao Existe no Banco
8169;5488;1542;0,5;150,00;Venda Pai Nao Existe no Banco
8170;5488;1533;0,5;45,00;Venda Pai Nao Existe no Banco
8171;5488;7821;1;260,00;Venda Pai Nao Existe no Banco
8172;5489;1542;1;140,00;Venda Pai Nao Existe no Banco
8174;5490;1534;1;140,00;Venda Pai Nao Existe no Banco
8175;5490;7821;1;235,00;Venda Pai Nao Existe no Banco
8180;5491;7972;1;340,00;Venda Pai Nao Existe no Banco
8182;5491;1533;0,5;90,00;Venda Pai Nao Existe no Banco
8183;5491;8241;0,5;470,00;Venda Pai Nao Existe no Banco
8184;5492;1534;1;160,00;Venda Pai Nao Existe no Banco
8185;5492;7821;1;160,00;Venda Pai Nao Existe no Banco
8186;5493;3447;1;49,00;Venda Pai Nao Existe no Banco
8187;5494;7810;1;100,00;Venda Pai Nao Existe no Banco
8188;5495;7821;1;190,00;Venda Pai Nao Existe no Banco
8189;5497;1404;1;190,00;Venda Pai Nao Existe no Banco
8190;5498;1534;1;130,00;Venda Pai Nao Existe no Banco
8191;5498;3512;1;100,00;Venda Pai Nao Existe no Banco
8192;5499;1554;1;170,00;Venda Pai Nao Existe no Banco
8193;5499;7821;1;230,00;Venda Pai Nao Existe no Banco
8194;5500;8239;1;1.670,00;Venda Pai Nao Existe no Banco
8195;5500;8097;1;330,00;Venda Pai Nao Existe no Banco
8196;5501;8229;1;930,00;Venda Pai Nao Existe no Banco
8197;5501;1534;1;150,00;Venda Pai Nao Existe no Banco
8198;5501;7821;1;260,00;Venda Pai Nao Existe no Banco
8199;5501;7821;1;260,00;Venda Pai Nao Existe no Banco
8200;5502;1542;1;240,00;Venda Pai Nao Existe no Banco
8202;5502;7952;1;340,00;Venda Pai Nao Existe no Banco
8204;5502;8201;1;410,00;Venda Pai Nao Existe no Banco
8205;5503;1534;1;140,00;Venda Pai Nao Existe no Banco
8206;5503;7773;1;190,00;Venda Pai Nao Existe no Banco
8207;5503;1534;1;140,00;Venda Pai Nao Existe no Banco
8208;5505;7953;1;220,00;Venda Pai Nao Existe no Banco
8210;5506;8244;1;4.316,00;Venda Pai Nao Existe no Banco
8211;5506;7181;1;380,00;Venda Pai Nao Existe no Banco
8212;5507;7719;1;280,00;Venda Pai Nao Existe no Banco
8213;5508;6658;1;450,00;Venda Pai Nao Existe no Banco
8214;5470;8189;1;390,00;Venda Pai Nao Existe no Banco
8215;5470;7972;1;340,00;Venda Pai Nao Existe no Banco
8216;5509;1760;1;490,00;Venda Pai Nao Existe no Banco
8217;5510;5627;1;790,00;Venda Pai Nao Existe no Banco
8218;5510;5015;1;160,00;Venda Pai Nao Existe no Banco
8219;5511;1534;1;160,00;Venda Pai Nao Existe no Banco
8220;5511;7821;1;220,00;Venda Pai Nao Existe no Banco
8221;5513;1534;2;320,00;Venda Pai Nao Existe no Banco
8222;5513;7821;1;260,00;Venda Pai Nao Existe no Banco
8224;5503;8246;1;420,00;Venda Pai Nao Existe no Banco
8225;5514;1534;1;100,00;Venda Pai Nao Existe no Banco
8226;5514;1534;1;100,00;Venda Pai Nao Existe no Banco
8227;5514;7972;1;200,00;Venda Pai Nao Existe no Banco
8228;5514;7773;1;100,00;Venda Pai Nao Existe no Banco
8229;5515;1542;1;260,00;Venda Pai Nao Existe no Banco
8230;5515;7972;1;340,00;Venda Pai Nao Existe no Banco
8231;5516;1552;1;170,00;Venda Pai Nao Existe no Banco
8232;5516;6189;1;120,00;Venda Pai Nao Existe no Banco
8233;5517;1554;1;190,00;Venda Pai Nao Existe no Banco
8234;5517;8193;1;140,00;Venda Pai Nao Existe no Banco
8235;5518;1721;1;500,00;Venda Pai Nao Existe no Banco
8236;5519;5015;1;220,00;Venda Pai Nao Existe no Banco
8237;5521;1534;1;120,00;Venda Pai Nao Existe no Banco
8238;5522;7953;1;200,00;Venda Pai Nao Existe no Banco
8239;5522;8097;1;330,00;Venda Pai Nao Existe no Banco
8240;5523;1760;0,5;225,00;Venda Pai Nao Existe no Banco
8241;5524;7953;1;250,00;Venda Pai Nao Existe no Banco
8242;5524;7972;1;340,00;Venda Pai Nao Existe no Banco
8243;5525;7979;1;450,00;Venda Pai Nao Existe no Banco
8244;5525;7953;1;220,00;Venda Pai Nao Existe no Banco
8245;5527;7958;1;590,00;Venda Pai Nao Existe no Banco
8246;5528;3447;1;50,00;Venda Pai Nao Existe no Banco
8247;5529;2287;1;50,00;Venda Pai Nao Existe no Banco
8248;5530;7953;1;240,00;Venda Pai Nao Existe no Banco
8249;5530;7821;1;260,00;Venda Pai Nao Existe no Banco
8250;5531;1542;1;260,00;Venda Pai Nao Existe no Banco
8251;5531;6311;1;180,00;Venda Pai Nao Existe no Banco
8252;5533;1542;1;260,00;Venda Pai Nao Existe no Banco
8253;5533;1349;1;140,00;Venda Pai Nao Existe no Banco
8254;5533;4912;1;49,00;Venda Pai Nao Existe no Banco
8255;5534;7962;1;670,00;Venda Pai Nao Existe no Banco
8256;5535;2693;1;50,00;Venda Pai Nao Existe no Banco
8257;5536;1542;1;240,00;Venda Pai Nao Existe no Banco
8258;5536;7821;1;260,00;Venda Pai Nao Existe no Banco
8259;5537;7810;1;100,00;Venda Pai Nao Existe no Banco
8260;5538;8167;1;590,00;Venda Pai Nao Existe no Banco
8261;5538;8215;1;490,00;Venda Pai Nao Existe no Banco
8262;5539;1554;1;190,00;Venda Pai Nao Existe no Banco
8263;5539;1349;1;160,00;Venda Pai Nao Existe no Banco
8264;5540;2411;1;590,00;Venda Pai Nao Existe no Banco
8265;5540;7825;1;390,00;Venda Pai Nao Existe no Banco
8266;5541;1542;1;260,00;Venda Pai Nao Existe no Banco
8267;5542;1534;1;140,00;Venda Pai Nao Existe no Banco
8268;5542;1552;1;170,00;Venda Pai Nao Existe no Banco
8269;5542;6991;1;446,00;Venda Pai Nao Existe no Banco
8270;5543;7810;1;140,00;Venda Pai Nao Existe no Banco
8271;5544;2287;1;20,00;Venda Pai Nao Existe no Banco
8272;5546;1552;1;190,00;Venda Pai Nao Existe no Banco
8273;5546;7952;1;380,00;Venda Pai Nao Existe no Banco
8275;5547;5231;1;360,00;Venda Pai Nao Existe no Banco
8276;5548;1534;1;160,00;Venda Pai Nao Existe no Banco
8277;5548;7821;1;280,00;Venda Pai Nao Existe no Banco
8278;5549;8232;1;370,00;Venda Pai Nao Existe no Banco
8279;5550;1531;1;120,00;Venda Pai Nao Existe no Banco
8280;5551;1542;1;230,00;Venda Pai Nao Existe no Banco
8281;5551;7821;1;240,00;Venda Pai Nao Existe no Banco
8282;5552;7810;1;190,00;Venda Pai Nao Existe no Banco
8283;5552;7821;1;250,00;Venda Pai Nao Existe no Banco
8284;5552;7972;1;250,00;Venda Pai Nao Existe no Banco
8285;5552;8232;1;390,00;Venda Pai Nao Existe no Banco
8286;5553;1534;1;160,00;Venda Pai Nao Existe no Banco
8287;5553;7821;1;280,00;Venda Pai Nao Existe no Banco
8288;5554;7972;1;280,00;Venda Pai Nao Existe no Banco
8290;5555;8247;1;630,00;Venda Pai Nao Existe no Banco
8291;5556;1349;1;180,00;Venda Pai Nao Existe no Banco
8292;5557;8230;1;550,00;Venda Pai Nao Existe no Banco
8293;5557;7821;1;280,00;Venda Pai Nao Existe no Banco
8294;5558;7821;1;260,00;Venda Pai Nao Existe no Banco
8295;5559;7821;1;260,00;Venda Pai Nao Existe no Banco
8296;5562;1534;1;160,00;Venda Pai Nao Existe no Banco
8297;5562;7821;1;260,00;Venda Pai Nao Existe no Banco
8298;5563;8177;1;840,00;Venda Pai Nao Existe no Banco
8299;5563;7821;1;260,00;Venda Pai Nao Existe no Banco
8301;5565;1534;1;170,00;Venda Pai Nao Existe no Banco
8302;5566;6768;1;340,00;Venda Pai Nao Existe no Banco
8303;5567;1769;1;530,00;Venda Pai Nao Existe no Banco
8304;5568;1542;1;260,00;Venda Pai Nao Existe no Banco
8305;5568;7821;1;260,00;Venda Pai Nao Existe no Banco
8306;5569;1542;1;230,00;Venda Pai Nao Existe no Banco
8307;5569;7821;1;240,00;Venda Pai Nao Existe no Banco
8308;5570;1534;1;140,00;Venda Pai Nao Existe no Banco
8309;5570;7949;1;340,00;Venda Pai Nao Existe no Banco
8310;5571;1534;1;160,00;Venda Pai Nao Existe no Banco
8311;5571;8248;1;590,00;Venda Pai Nao Existe no Banco
8312;5572;5133;1;120,00;Venda Pai Nao Existe no Banco
8313;5573;7821;1;130,00;Venda Pai Nao Existe no Banco
8314;5574;1788;1;500,00;Venda Pai Nao Existe no Banco
8315;5574;8232;1;315,00;Venda Pai Nao Existe no Banco
8316;5575;1542;1;260,00;Venda Pai Nao Existe no Banco
8317;5575;7952;1;380,00;Venda Pai Nao Existe no Banco
8319;5578;1534;1;120,00;Venda Pai Nao Existe no Banco
8321;5578;8249;1;530,00;Venda Pai Nao Existe no Banco
8322;5579;7810;1;100,00;Venda Pai Nao Existe no Banco
8323;5580;7972;1;340,00;Venda Pai Nao Existe no Banco
8324;5581;1994;1;1.300,00;Venda Pai Nao Existe no Banco
8325;5581;1552;1;190,00;Venda Pai Nao Existe no Banco
8326;5581;7821;1;240,00;Venda Pai Nao Existe no Banco
8327;5582;1534;1;160,00;Venda Pai Nao Existe no Banco
8328;5582;8208;1;380,00;Venda Pai Nao Existe no Banco
8329;5584;1542;1;260,00;Venda Pai Nao Existe no Banco
8330;5584;7821;1;260,00;Venda Pai Nao Existe no Banco
8331;5585;1542;1;260,00;Venda Pai Nao Existe no Banco
8332;5585;7972;1;340,00;Venda Pai Nao Existe no Banco
8333;5586;1534;1;120,00;Venda Pai Nao Existe no Banco
8334;5586;7821;1;229,00;Venda Pai Nao Existe no Banco
8335;5587;1349;1;190,00;Venda Pai Nao Existe no Banco
8336;5587;1542;1;260,00;Venda Pai Nao Existe no Banco
8337;5588;1721;0,5;220,00;Venda Pai Nao Existe no Banco
8339;5589;7972;1;300,00;Venda Pai Nao Existe no Banco
8340;5589;8250;1;1.000,00;Venda Pai Nao Existe no Banco
8342;5590;1760;1;450,00;Venda Pai Nao Existe no Banco
8343;5590;7821;1;250,00;Venda Pai Nao Existe no Banco
8344;5591;7821;1;260,00;Venda Pai Nao Existe no Banco
8346;5592;6874;1;380,00;Venda Pai Nao Existe no Banco
8347;5594;1534;1;120,00;Venda Pai Nao Existe no Banco
8350;5595;8251;1;960,00;Venda Pai Nao Existe no Banco
8351;5595;8252;1;790,00;Venda Pai Nao Existe no Banco
8352;5596;1542;1;230,00;Venda Pai Nao Existe no Banco
8353;5596;7821;1;230,00;Venda Pai Nao Existe no Banco
8354;5598;1542;1;200,00;Venda Pai Nao Existe no Banco
8355;5598;4205;1;100,00;Venda Pai Nao Existe no Banco
8356;5599;1534;2;260,00;Venda Pai Nao Existe no Banco
8357;5599;7821;1;220,00;Venda Pai Nao Existe no Banco
8358;5600;1565;1;150,00;Venda Pai Nao Existe no Banco
8359;5601;1554;1;220,00;Venda Pai Nao Existe no Banco
8360;5601;3512;1;140,00;Venda Pai Nao Existe no Banco
8361;5602;6554;1;390,00;Venda Pai Nao Existe no Banco
8362;5603;1534;1;160,00;Venda Pai Nao Existe no Banco
8363;5605;1769;1;530,00;Venda Pai Nao Existe no Banco
8364;5605;7972;1;340,00;Venda Pai Nao Existe no Banco
8365;5606;1534;1;140,00;Venda Pai Nao Existe no Banco
8367;5607;8253;1;370,00;Venda Pai Nao Existe no Banco
8368;5608;1542;1;180,00;Venda Pai Nao Existe no Banco
8369;5609;1542;1;260,00;Venda Pai Nao Existe no Banco
8370;5609;5015;1;230,00;Venda Pai Nao Existe no Banco
8371;5504;1534;1;160,00;Venda Pai Nao Existe no Banco
8373;5610;8254;1;1.053,00;Venda Pai Nao Existe no Banco
8374;5612;7953;1;90,00;Venda Pai Nao Existe no Banco
8375;5612;2123;1;400,00;Venda Pai Nao Existe no Banco
8376;5613;7972;1;280,00;Venda Pai Nao Existe no Banco
8377;5614;7810;1;140,00;Venda Pai Nao Existe no Banco
8378;5614;7821;1;260,00;Venda Pai Nao Existe no Banco
8379;5615;1534;1;130,00;Venda Pai Nao Existe no Banco
8380;5615;7972;1;350,00;Venda Pai Nao Existe no Banco
8381;5615;1542;1;230,00;Venda Pai Nao Existe no Banco
8382;5615;7972;1;350,00;Venda Pai Nao Existe no Banco
8383;5615;7953;1;225,00;Venda Pai Nao Existe no Banco
8384;5616;7987;1;390,00;Venda Pai Nao Existe no Banco
8385;5616;7198;1;340,00;Venda Pai Nao Existe no Banco
8386;5617;1554;1;160,00;Venda Pai Nao Existe no Banco
8387;5618;7953;1;250,00;Venda Pai Nao Existe no Banco
8388;5618;7821;1;270,00;Venda Pai Nao Existe no Banco
8389;5619;1534;1;160,00;Venda Pai Nao Existe no Banco
8390;5620;1527;1;130,00;Venda Pai Nao Existe no Banco
8391;5621;1534;1;160,00;Venda Pai Nao Existe no Banco
8392;5622;4514;1;280,00;Venda Pai Nao Existe no Banco
8393;5622;7972;1;260,00;Venda Pai Nao Existe no Banco
8394;5623;7953;1;250,00;Venda Pai Nao Existe no Banco
8395;5623;7821;1;260,00;Venda Pai Nao Existe no Banco
8396;5624;3512;1;100,00;Venda Pai Nao Existe no Banco
8397;5625;5933;1;380,00;Venda Pai Nao Existe no Banco
8398;5626;1534;1;160,00;Venda Pai Nao Existe no Banco
8399;5626;7821;1;380,00;Venda Pai Nao Existe no Banco
8400;5627;1542;1;220,00;Venda Pai Nao Existe no Banco
8401;5627;5015;1;180,00;Venda Pai Nao Existe no Banco
8402;5629;1554;1;170,00;Venda Pai Nao Existe no Banco
8403;5629;1349;1;100,00;Venda Pai Nao Existe no Banco
8404;5630;7972;1;260,00;Venda Pai Nao Existe no Banco
8405;5631;6742;1;300,00;Venda Pai Nao Existe no Banco
8406;5632;1534;1;160,00;Venda Pai Nao Existe no Banco
8407;5632;7821;1;280,00;Venda Pai Nao Existe no Banco
8408;5633;1534;1;160,00;Venda Pai Nao Existe no Banco
8409;5634;1760;1;405,00;Venda Pai Nao Existe no Banco
8410;5634;8249;1;555,00;Venda Pai Nao Existe no Banco
8411;5634;3907;1;49,00;Venda Pai Nao Existe no Banco
8412;5635;7821;1;260,00;Venda Pai Nao Existe no Banco
8413;5636;1349;1;100,00;Venda Pai Nao Existe no Banco
8414;5637;1534;1;140,00;Venda Pai Nao Existe no Banco
8415;5638;7987;1;390,00;Venda Pai Nao Existe no Banco
8416;5639;8241;1;1.060,00;Venda Pai Nao Existe no Banco
8417;5639;8004;1;390,00;Venda Pai Nao Existe no Banco
8418;5640;1534;1;120,00;Venda Pai Nao Existe no Banco
8419;5641;1542;1;260,00;Venda Pai Nao Existe no Banco
8420;5641;1349;1;100,00;Venda Pai Nao Existe no Banco
8421;5642;4581;1;220,00;Venda Pai Nao Existe no Banco
8422;5644;7953;1;220,00;Venda Pai Nao Existe no Banco
8424;5644;6902;1;460,00;Venda Pai Nao Existe no Banco
8425;5644;7821;1;220,00;Venda Pai Nao Existe no Banco
8426;5645;1528;1;120,00;Venda Pai Nao Existe no Banco
8427;5646;1542;1;220,00;Venda Pai Nao Existe no Banco
8428;5646;7821;1;210,00;Venda Pai Nao Existe no Banco
8429;5647;1316;1;50,00;Venda Pai Nao Existe no Banco
8430;5648;7972;1;260,00;Venda Pai Nao Existe no Banco
8431;5649;7953;1;225,00;Venda Pai Nao Existe no Banco
8432;5650;1542;1;230,00;Venda Pai Nao Existe no Banco
8433;5650;7972;1;270,00;Venda Pai Nao Existe no Banco
8434;5651;1534;1;160,00;Venda Pai Nao Existe no Banco
8435;5655;1760;1;380,00;Venda Pai Nao Existe no Banco
8436;5656;8189;1;810,00;Venda Pai Nao Existe no Banco
8437;5656;7773;1;140,00;Venda Pai Nao Existe no Banco
8438;5657;7972;1;270,00;Venda Pai Nao Existe no Banco
8439;5658;1815;1;49,00;Venda Pai Nao Existe no Banco
8440;5660;8008;1;400,00;Venda Pai Nao Existe no Banco
8441;5661;1542;1;260,00;Venda Pai Nao Existe no Banco
8442;5663;1534;1;130,00;Venda Pai Nao Existe no Banco
8443;5664;1534;1;120,00;Venda Pai Nao Existe no Banco
8444;5664;1349;1;100,00;Venda Pai Nao Existe no Banco
8445;5663;7821;1;220,00;Venda Pai Nao Existe no Banco
8446;5666;2287;1;180,00;Venda Pai Nao Existe no Banco
8447;5667;7114;1;100,00;Venda Pai Nao Existe no Banco
8449;5668;2287;1;30,00;Venda Pai Nao Existe no Banco
8450;5670;5609;1;490,00;Venda Pai Nao Existe no Banco
8451;5671;1534;1;120,00;Venda Pai Nao Existe no Banco
8452;5671;7821;1;230,00;Venda Pai Nao Existe no Banco
8453;5672;2287;1;30,00;Venda Pai Nao Existe no Banco
8454;5673;7773;1;100,00;Venda Pai Nao Existe no Banco
8456;5674;7821;1;210,00;Venda Pai Nao Existe no Banco
8457;5674;1554;1;190,00;Venda Pai Nao Existe no Banco
8458;5675;1534;1;140,00;Venda Pai Nao Existe no Banco
8459;5675;7821;1;230,00;Venda Pai Nao Existe no Banco
8460;5678;1721;1;480,00;Venda Pai Nao Existe no Banco
8462;5679;8256;1;550,00;Venda Pai Nao Existe no Banco
8463;5679;7821;1;260,00;Venda Pai Nao Existe no Banco
8464;5680;1534;1;130,00;Venda Pai Nao Existe no Banco
8465;5680;7821;1;220,00;Venda Pai Nao Existe no Banco
8466;5681;5627;1;830,00;Venda Pai Nao Existe no Banco
8467;5682;1761;1;400,00;Venda Pai Nao Existe no Banco
8469;5685;1542;1;260,00;Venda Pai Nao Existe no Banco
8470;5685;5015;1;190,00;Venda Pai Nao Existe no Banco
8471;5686;8257;1;2.120,00;Venda Pai Nao Existe no Banco
8472;5686;7821;1;180,00;Venda Pai Nao Existe no Banco
8473;5687;7953;1;230,00;Venda Pai Nao Existe no Banco
8474;5687;7821;1;230,00;Venda Pai Nao Existe no Banco
8475;5688;5578;1;280,00;Venda Pai Nao Existe no Banco
8476;5689;1542;1;260,00;Venda Pai Nao Existe no Banco
8477;5689;8193;1;220,00;Venda Pai Nao Existe no Banco
8478;5690;1534;1;145,00;Venda Pai Nao Existe no Banco
8479;5691;1533;1;180,00;Venda Pai Nao Existe no Banco
8480;5691;8258;1;420,00;Venda Pai Nao Existe no Banco
8481;5692;1760;1;450,00;Venda Pai Nao Existe no Banco
8482;5693;2287;1;30,00;Venda Pai Nao Existe no Banco
8483;5694;1534;1;160,00;Venda Pai Nao Existe no Banco
8484;5694;1426;1;120,00;Venda Pai Nao Existe no Banco
8485;5695;1372;1;190,00;Venda Pai Nao Existe no Banco
8486;5696;8060;1;380,00;Venda Pai Nao Existe no Banco
8487;5696;5940;1;240,00;Venda Pai Nao Existe no Banco
8488;5634;4616;1;100,00;Venda Pai Nao Existe no Banco
8489;5697;2287;1;30,00;Venda Pai Nao Existe no Banco
8490;5697;4991;1;260,00;Venda Pai Nao Existe no Banco
8491;5698;3907;1;190,00;Venda Pai Nao Existe no Banco
8492;5699;1534;1;140,00;Venda Pai Nao Existe no Banco
8493;5700;1542;1;260,00;Venda Pai Nao Existe no Banco
8494;5701;1542;1;230,00;Venda Pai Nao Existe no Banco
8495;5701;7821;1;220,00;Venda Pai Nao Existe no Banco
8496;5703;1534;1;160,00;Venda Pai Nao Existe no Banco
8497;5704;1534;1;160,00;Venda Pai Nao Existe no Banco
8498;5705;1534;1;150,00;Venda Pai Nao Existe no Banco
8499;5706;5015;1;60,00;Venda Pai Nao Existe no Banco
8500;5707;1769;1;590,00;Venda Pai Nao Existe no Banco
8501;5708;1542;1;260,00;Venda Pai Nao Existe no Banco
8502;5709;1542;1;190,00;Venda Pai Nao Existe no Banco
8503;5710;5015;1;160,00;Venda Pai Nao Existe no Banco
8504;5711;7952;1;380,00;Venda Pai Nao Existe no Banco
8505;5712;5015;1;100,00;Venda Pai Nao Existe no Banco
8506;5713;2123;1;590,00;Venda Pai Nao Existe no Banco
8507;5714;1534;1;160,00;Venda Pai Nao Existe no Banco
8508;5714;7821;1;260,00;Venda Pai Nao Existe no Banco
8509;5715;8261;1;610,00;Venda Pai Nao Existe no Banco
8512;5716;7821;1;260,00;Venda Pai Nao Existe no Banco
8513;5716;7987;1;390,00;Venda Pai Nao Existe no Banco
8514;5715;8232;1;390,00;Venda Pai Nao Existe no Banco
8515;5717;4769;1;150,00;Venda Pai Nao Existe no Banco
8516;5718;1534;1;160,00;Venda Pai Nao Existe no Banco
8517;5718;8193;1;100,00;Venda Pai Nao Existe no Banco
8518;5719;1542;1;230,00;Venda Pai Nao Existe no Banco
8519;5720;5940;1;290,00;Venda Pai Nao Existe no Banco
8520;5714;1534;1;100,00;Venda Pai Nao Existe no Banco
8521;5721;8105;1;380,00;Venda Pai Nao Existe no Banco
8522;5721;1554;1;190,00;Venda Pai Nao Existe no Banco
8524;5722;8269;1;660,00;Venda Pai Nao Existe no Banco
8525;5723;1542;1;260,00;Venda Pai Nao Existe no Banco
8526;5724;1542;1;260,00;Venda Pai Nao Existe no Banco
8527;5724;7952;1;380,00;Venda Pai Nao Existe no Banco
8528;5725;1534;1;130,00;Venda Pai Nao Existe no Banco
8529;5725;3907;1;100,00;Venda Pai Nao Existe no Banco
8530;5725;1766;1;49,00;Venda Pai Nao Existe no Banco
8531;5726;1542;1;260,00;Venda Pai Nao Existe no Banco
8532;5727;8102;1;390,00;Venda Pai Nao Existe no Banco
8533;5727;7821;1;188,00;Venda Pai Nao Existe no Banco
8535;5728;8170;1;490,00;Venda Pai Nao Existe no Banco
8536;5728;1542;1;260,00;Venda Pai Nao Existe no Banco
8537;5729;3512;1;150,00;Venda Pai Nao Existe no Banco
8538;5728;8271;1;1.400,00;Venda Pai Nao Existe no Banco
8539;5731;5627;1;530,00;Venda Pai Nao Existe no Banco
8540;5731;7821;1;220,00;Venda Pai Nao Existe no Banco
8541;5732;1542;1;190,00;Venda Pai Nao Existe no Banco
8542;5708;1372;1;180,00;Venda Pai Nao Existe no Banco
8543;5688;1372;1;49,00;Venda Pai Nao Existe no Banco
8544;5688;6170;1;150,00;Venda Pai Nao Existe no Banco
8545;5688;1533;1;90,00;Venda Pai Nao Existe no Banco
8546;5688;1534;1;120,00;Venda Pai Nao Existe no Banco
8547;5688;7972;1;270,00;Venda Pai Nao Existe no Banco
8549;5733;7821;1;220,00;Venda Pai Nao Existe no Banco
8550;5733;1752;1;230,00;Venda Pai Nao Existe no Banco
8551;5734;7953;1;250,00;Venda Pai Nao Existe no Banco
8552;5734;1349;1;140,00;Venda Pai Nao Existe no Banco
8553;5735;1534;1;160,00;Venda Pai Nao Existe no Banco
8554;5735;1375;1;190,00;Venda Pai Nao Existe no Banco
8555;5736;3447;1;49,00;Venda Pai Nao Existe no Banco
8556;5737;7953;1;250,00;Venda Pai Nao Existe no Banco
8557;5738;1554;1;190,00;Venda Pai Nao Existe no Banco
8558;5738;7773;1;100,00;Venda Pai Nao Existe no Banco
8559;5739;5133;1;120,00;Venda Pai Nao Existe no Banco
8560;5740;7953;1;220,00;Venda Pai Nao Existe no Banco
8561;5740;7821;1;200,00;Venda Pai Nao Existe no Banco
8562;5741;7821;1;260,00;Venda Pai Nao Existe no Banco
8563;5742;1534;1;160,00;Venda Pai Nao Existe no Banco
8564;5742;7821;1;260,00;Venda Pai Nao Existe no Banco
8565;5743;1375;1;100,00;Venda Pai Nao Existe no Banco
8566;5743;1542;1;250,00;Venda Pai Nao Existe no Banco
8567;5744;8232;1;430,00;Venda Pai Nao Existe no Banco
8568;5744;1668;1;160,00;Venda Pai Nao Existe no Banco
8569;5744;7247;1;170,00;Venda Pai Nao Existe no Banco
8572;5746;6011;1;540,00;Venda Pai Nao Existe no Banco
8574;5746;5627;1;690,00;Venda Pai Nao Existe no Banco
8580;5747;1721;1;540,00;Venda Pai Nao Existe no Banco
8581;5747;7821;1;260,00;Venda Pai Nao Existe no Banco
8582;5748;8250;1;990,00;Venda Pai Nao Existe no Banco
8583;5748;8258;1;540,00;Venda Pai Nao Existe no Banco
8584;5749;7821;1;220,00;Venda Pai Nao Existe no Banco
8585;5750;1269;1;150,00;Venda Pai Nao Existe no Banco
8586;5751;1534;1;120,00;Venda Pai Nao Existe no Banco
8587;5752;1542;1;260,00;Venda Pai Nao Existe no Banco
8588;5752;1372;1;190,00;Venda Pai Nao Existe no Banco
8589;5753;2093;1;50,00;Venda Pai Nao Existe no Banco
8590;5753;1534;1;140,00;Venda Pai Nao Existe no Banco
8591;5754;2090;1;100,00;Venda Pai Nao Existe no Banco
8592;5755;7953;1;220,00;Venda Pai Nao Existe no Banco
8593;5755;7891;1;330,00;Venda Pai Nao Existe no Banco
8594;5756;7953;1;220,00;Venda Pai Nao Existe no Banco
8595;5756;8258;1;530,00;Venda Pai Nao Existe no Banco
8596;5756;5122;1;50,00;Venda Pai Nao Existe no Banco
8597;5757;7860;1;200,00;Venda Pai Nao Existe no Banco
8598;5758;1542;1;280,00;Venda Pai Nao Existe no Banco
8599;5758;1375;1;190,00;Venda Pai Nao Existe no Banco
8600;5759;1349;1;100,00;Venda Pai Nao Existe no Banco
8601;5760;7821;1;220,00;Venda Pai Nao Existe no Banco
8602;5761;8177;1;750,00;Venda Pai Nao Existe no Banco
8603;5761;1349;1;100,00;Venda Pai Nao Existe no Banco
8605;5763;7952;1;300,00;Venda Pai Nao Existe no Banco
8606;5763;8285;1;1.450,00;Venda Pai Nao Existe no Banco
8607;5764;1542;1;280,00;Venda Pai Nao Existe no Banco
8608;5764;1426;1;150,00;Venda Pai Nao Existe no Banco
8610;5731;1533;1;70,00;Venda Pai Nao Existe no Banco
8611;5765;1752;1;290,00;Venda Pai Nao Existe no Banco
8612;5765;8208;1;380,00;Venda Pai Nao Existe no Banco
8613;5765;7821;1;260,00;Venda Pai Nao Existe no Banco
8614;5765;1542;1;260,00;Venda Pai Nao Existe no Banco
8615;5766;3632;1;150,00;Venda Pai Nao Existe no Banco
8616;5767;2937;1;150,00;Venda Pai Nao Existe no Banco
8617;5768;1554;1;220,00;Venda Pai Nao Existe no Banco
8618;5768;1349;1;140,00;Venda Pai Nao Existe no Banco
8619;5769;8204;1;1.050,00;Venda Pai Nao Existe no Banco
8620;5771;4;1;590,00;Venda Pai Nao Existe no Banco
8621;5772;7821;1;230,00;Venda Pai Nao Existe no Banco
8623;5773;7821;1;240,00;Venda Pai Nao Existe no Banco
8624;5773;1534;1;160,00;Venda Pai Nao Existe no Banco
8625;5775;1534;1;140,00;Venda Pai Nao Existe no Banco
8626;5775;7821;1;190,00;Venda Pai Nao Existe no Banco
8627;5773;1752;1;250,00;Venda Pai Nao Existe no Banco
8628;5776;5747;1;190,00;Venda Pai Nao Existe no Banco
8629;5715;7972;1;190,00;Venda Pai Nao Existe no Banco
8630;5777;7972;1;290,00;Venda Pai Nao Existe no Banco
8631;5778;1554;1;220,00;Venda Pai Nao Existe no Banco
8632;5778;3907;1;100,00;Venda Pai Nao Existe no Banco
8633;5779;5627;1;690,00;Venda Pai Nao Existe no Banco
8634;5779;7948;1;390,00;Venda Pai Nao Existe no Banco
8635;5781;1542;1;420,00;Venda Pai Nao Existe no Banco
8636;5781;7972;1;290,00;Venda Pai Nao Existe no Banco
8637;5782;8236;1;590,00;Venda Pai Nao Existe no Banco
8638;5783;1752;1;280,00;Venda Pai Nao Existe no Banco
8639;5783;7821;1;220,00;Venda Pai Nao Existe no Banco
8640;5784;1529;1;120,00;Venda Pai Nao Existe no Banco
8641;5785;7972;1;190,00;Venda Pai Nao Existe no Banco
8642;5786;1552;1;180,00;Venda Pai Nao Existe no Banco
8643;5786;7821;1;260,00;Venda Pai Nao Existe no Banco
8644;5787;6347;1;160,00;Venda Pai Nao Existe no Banco
8645;5787;8258;1;540,00;Venda Pai Nao Existe no Banco
8646;5788;8198;1;630,00;Venda Pai Nao Existe no Banco
8647;5789;8283;1;560,00;Venda Pai Nao Existe no Banco
8648;5789;1534;1;90,00;Venda Pai Nao Existe no Banco
8649;5791;1542;1;400,00;Venda Pai Nao Existe no Banco
8650;5792;1372;1;190,00;Venda Pai Nao Existe no Banco
8651;5792;1542;1;260,00;Venda Pai Nao Existe no Banco
8652;5793;7821;1;260,00;Venda Pai Nao Existe no Banco
8653;5794;1721;1;500,00;Venda Pai Nao Existe no Banco
8654;5794;1349;1;100,00;Venda Pai Nao Existe no Banco
8655;5795;7863;1;380,00;Venda Pai Nao Existe no Banco
8656;5796;1534;1;160,00;Venda Pai Nao Existe no Banco
8657;5797;7851;1;380,00;Venda Pai Nao Existe no Banco
8658;5798;4460;1;480,00;Venda Pai Nao Existe no Banco
8659;5798;7952;1;380,00;Venda Pai Nao Existe no Banco
8660;5799;7821;1;350,00;Venda Pai Nao Existe no Banco
8661;5802;8258;1;590,00;Venda Pai Nao Existe no Banco
8662;5803;1534;1;130,00;Venda Pai Nao Existe no Banco
8663;5803;7821;1;140,00;Venda Pai Nao Existe no Banco
8664;5804;1534;1;160,00;Venda Pai Nao Existe no Banco
8665;5804;7821;1;260,00;Venda Pai Nao Existe no Banco
8666;5805;1534;1;160,00;Venda Pai Nao Existe no Banco
8668;5805;8289;1;540,00;Venda Pai Nao Existe no Banco
8669;5806;1526;1;140,00;Venda Pai Nao Existe no Banco
8670;5807;1552;1;180,00;Venda Pai Nao Existe no Banco
8671;5808;6177;1;550,00;Venda Pai Nao Existe no Banco
8672;5809;6607;1;350,00;Venda Pai Nao Existe no Banco
8673;5809;1542;1;280,00;Venda Pai Nao Existe no Banco
8675;5810;7951;1;120,00;Venda Pai Nao Existe no Banco
8676;5810;7972;1;280,00;Venda Pai Nao Existe no Banco
8677;5811;7821;1;220,00;Venda Pai Nao Existe no Banco
8678;5812;1349;1;90,00;Venda Pai Nao Existe no Banco
8679;5813;1533;1;140,00;Venda Pai Nao Existe no Banco
8680;5813;1977;1;50,00;Venda Pai Nao Existe no Banco
8681;5814;1328;1;110,00;Venda Pai Nao Existe no Banco
8682;5815;1534;1;130,00;Venda Pai Nao Existe no Banco
8683;5815;1349;1;100,00;Venda Pai Nao Existe no Banco
8684;5816;8177;1;840,00;Venda Pai Nao Existe no Banco
8685;5816;8258;1;590,00;Venda Pai Nao Existe no Banco
8686;5817;7952;1;350,00;Venda Pai Nao Existe no Banco
8687;5818;1552;1;190,00;Venda Pai Nao Existe no Banco
8688;5818;7952;1;380,00;Venda Pai Nao Existe no Banco
8689;5819;1534;1;160,00;Venda Pai Nao Existe no Banco
8690;5819;5015;1;190,00;Venda Pai Nao Existe no Banco
8692;5821;8232;1;400,00;Venda Pai Nao Existe no Banco
8693;5821;7821;1;190,00;Venda Pai Nao Existe no Banco
8694;5822;1534;1;120,00;Venda Pai Nao Existe no Banco
8695;5822;4696;1;180,00;Venda Pai Nao Existe no Banco
8696;5823;1554;1;180,00;Venda Pai Nao Existe no Banco
8697;5823;5015;1;170,00;Venda Pai Nao Existe no Banco
8698;5824;1527;1;140,00;Venda Pai Nao Existe no Banco
8699;5825;7959;1;590,00;Venda Pai Nao Existe no Banco
8700;5825;7972;1;260,00;Venda Pai Nao Existe no Banco
8701;5826;3512;1;100,00;Venda Pai Nao Existe no Banco
8705;5827;8290;1;1.150,00;Venda Pai Nao Existe no Banco
8707;5828;7821;1;220,00;Venda Pai Nao Existe no Banco
8708;5828;7953;1;250,00;Venda Pai Nao Existe no Banco
8709;5829;8271;1;1.260,00;Venda Pai Nao Existe no Banco
8710;5830;8291;1;495,00;Venda Pai Nao Existe no Banco
8711;5745;1760;1;450,00;Venda Pai Nao Existe no Banco
8712;5831;7821;1;160,00;Venda Pai Nao Existe no Banco
8713;5832;7773;1;160,00;Venda Pai Nao Existe no Banco
8714;5833;1534;1;145,00;Venda Pai Nao Existe no Banco
8715;5833;7949;1;350,00;Venda Pai Nao Existe no Banco
8716;5834;1534;1;160,00;Venda Pai Nao Existe no Banco
8717;5834;7821;1;240,00;Venda Pai Nao Existe no Banco
8718;5835;1534;1;160,00;Venda Pai Nao Existe no Banco
8719;5835;1349;1;100,00;Venda Pai Nao Existe no Banco
8720;5836;7972;1;255,00;Venda Pai Nao Existe no Banco
8721;5837;0;1;100,00;Venda Pai Nao Existe no Banco
8723;5838;5015;1;100,00;Venda Pai Nao Existe no Banco
8724;5840;7953;1;220,00;Venda Pai Nao Existe no Banco
8725;5840;5461;1;440,00;Venda Pai Nao Existe no Banco
8726;5841;1533;1;160,00;Venda Pai Nao Existe no Banco
8727;5842;1542;1;260,00;Venda Pai Nao Existe no Banco
8728;5842;7821;1;260,00;Venda Pai Nao Existe no Banco
8729;5843;6603;1;380,00;Venda Pai Nao Existe no Banco
8730;5844;5231;1;280,00;Venda Pai Nao Existe no Banco
8731;5845;1534;1;145,00;Venda Pai Nao Existe no Banco
8732;5845;0;1;390,00;Venda Pai Nao Existe no Banco
8733;5845;6599;1;350,00;Venda Pai Nao Existe no Banco
8734;5846;7953;1;200,00;Venda Pai Nao Existe no Banco
8735;5846;7821;1;200,00;Venda Pai Nao Existe no Banco
8736;5847;4581;1;50,00;Venda Pai Nao Existe no Banco
8737;5849;1528;2;240,00;Venda Pai Nao Existe no Banco
8738;5851;1760;1;420,00;Venda Pai Nao Existe no Banco
8739;5851;7861;1;340,00;Venda Pai Nao Existe no Banco
8740;5852;1542;1;280,00;Venda Pai Nao Existe no Banco
8741;5854;8276;1;370,00;Venda Pai Nao Existe no Banco
8742;5855;8276;1;370,00;Venda Pai Nao Existe no Banco
8743;5856;7972;1;260,00;Venda Pai Nao Existe no Banco
8744;5857;8197;1;700,00;Venda Pai Nao Existe no Banco
8745;5858;7972;1;260,00;Venda Pai Nao Existe no Banco
8746;5859;7953;1;250,00;Venda Pai Nao Existe no Banco
8747;5859;1372;1;190,00;Venda Pai Nao Existe no Banco
8748;5860;7851;1;350,00;Venda Pai Nao Existe no Banco
8749;5862;1526;1;120,00;Venda Pai Nao Existe no Banco
8750;5863;7972;1;260,00;Venda Pai Nao Existe no Banco
8751;5864;8198;1;530,00;Venda Pai Nao Existe no Banco
8752;5865;1542;1;230,00;Venda Pai Nao Existe no Banco
8753;5865;5015;1;170,00;Venda Pai Nao Existe no Banco
8755;5866;1542;1;260,00;Venda Pai Nao Existe no Banco
8756;5868;1872;1;150,00;Venda Pai Nao Existe no Banco
8757;5868;7972;1;260,00;Venda Pai Nao Existe no Banco
8758;5869;7952;1;390,00;Venda Pai Nao Existe no Banco
8759;5870;1542;1;230,00;Venda Pai Nao Existe no Banco
8760;5872;5015;1;100,00;Venda Pai Nao Existe no Banco
8761;5873;1534;1;160,00;Venda Pai Nao Existe no Banco
8762;5874;1542;1;230,00;Venda Pai Nao Existe no Banco
8763;5874;1375;1;170,00;Venda Pai Nao Existe no Banco
8764;5875;5133;1;140,00;Venda Pai Nao Existe no Banco
8765;5876;7851;1;350,00;Venda Pai Nao Existe no Banco
8766;5877;1542;1;260,00;Venda Pai Nao Existe no Banco
8767;5878;7952;1;390,00;Venda Pai Nao Existe no Banco
8768;5881;5134;1;140,00;Venda Pai Nao Existe no Banco
8769;5882;7952;1;380,00;Venda Pai Nao Existe no Banco
8770;5884;1477;1;400,00;Venda Pai Nao Existe no Banco
8771;5885;7851;1;390,00;Venda Pai Nao Existe no Banco
8772;5885;8256;1;500,00;Venda Pai Nao Existe no Banco
8773;5886;8095;1;350,00;Venda Pai Nao Existe no Banco
8774;5887;5134;1;140,00;Venda Pai Nao Existe no Banco
8775;5890;1530;1;140,00;Venda Pai Nao Existe no Banco
8778;5892;2403;2;680,00;Venda Pai Nao Existe no Banco
8779;5893;8292;1;780,00;Venda Pai Nao Existe no Banco
8780;5894;1534;1;130,00;Venda Pai Nao Existe no Banco
8781;5895;1769;0,5;270,00;Venda Pai Nao Existe no Banco
8782;5896;1534;1;160,00;Venda Pai Nao Existe no Banco
8783;5897;1542;1;230,00;Venda Pai Nao Existe no Banco
8784;5897;1349;1;100,00;Venda Pai Nao Existe no Banco
8785;5898;7861;1;350,00;Venda Pai Nao Existe no Banco
8786;5899;1760;1;450,00;Venda Pai Nao Existe no Banco
8787;5899;7181;1;450,00;Venda Pai Nao Existe no Banco
8788;5900;1534;1;160,00;Venda Pai Nao Existe no Banco
8789;5901;2287;1;20,00;Venda Pai Nao Existe no Banco
8790;5745;7851;1;460,00;Venda Pai Nao Existe no Banco
8791;5902;1534;1;260,00;Venda Pai Nao Existe no Banco
8792;5902;7821;1;220,00;Venda Pai Nao Existe no Banco
8793;5903;8273;1;650,00;Venda Pai Nao Existe no Banco
8794;5903;5015;1;100,00;Venda Pai Nao Existe no Banco
8795;5904;7952;1;340,00;Venda Pai Nao Existe no Banco
8796;5905;1534;1;160,00;Venda Pai Nao Existe no Banco
8797;5905;7821;1;260,00;Venda Pai Nao Existe no Banco
8798;5906;1542;1;260,00;Venda Pai Nao Existe no Banco
8799;5906;7187;1;390,00;Venda Pai Nao Existe no Banco
8800;5907;1534;1;160,00;Venda Pai Nao Existe no Banco
8801;5908;591;1;590,00;Venda Pai Nao Existe no Banco
8802;5908;1534;1;140,00;Venda Pai Nao Existe no Banco
8803;5909;1534;1;160,00;Venda Pai Nao Existe no Banco
8804;5910;7391;1;196,00;Venda Pai Nao Existe no Banco
8806;5910;8239;1;1.100,00;Venda Pai Nao Existe no Banco
8807;5913;1526;1;160,00;Venda Pai Nao Existe no Banco
8808;5914;7953;2;450,00;Venda Pai Nao Existe no Banco
8809;5914;7821;1;260,00;Venda Pai Nao Existe no Banco
8810;5914;7972;1;260,00;Venda Pai Nao Existe no Banco
8811;5915;6176;1;550,00;Venda Pai Nao Existe no Banco
8813;5916;8294;1;600,00;Venda Pai Nao Existe no Banco
8814;5917;1884;1;50,00;Venda Pai Nao Existe no Banco
8815;5918;1760;1;450,00;Venda Pai Nao Existe no Banco
8816;5919;1542;1;250,00;Venda Pai Nao Existe no Banco
8817;5919;7952;1;340,00;Venda Pai Nao Existe no Banco
8818;5920;3512;1;100,00;Venda Pai Nao Existe no Banco
8819;5921;1542;1;260,00;Venda Pai Nao Existe no Banco
8820;5921;2;1;590,00;Venda Pai Nao Existe no Banco
8821;5922;7773;1;100,00;Venda Pai Nao Existe no Banco
8822;5923;1542;1;230,00;Venda Pai Nao Existe no Banco
8823;5923;5794;1;220,00;Venda Pai Nao Existe no Banco
8825;5924;7821;1;260,00;Venda Pai Nao Existe no Banco
8826;5924;7987;1;390,00;Venda Pai Nao Existe no Banco
8827;5924;7821;1;260,00;Venda Pai Nao Existe no Banco
8828;5924;1534;1;160,00;Venda Pai Nao Existe no Banco
8829;5925;4225;1;100,00;Venda Pai Nao Existe no Banco
8830;5926;1552;1;200,00;Venda Pai Nao Existe no Banco
8831;5926;7916;1;330,00;Venda Pai Nao Existe no Banco
8832;5929;1554;1;180,00;Venda Pai Nao Existe no Banco
8833;5929;1554;1;180,00;Venda Pai Nao Existe no Banco
8834;5929;1372;1;190,00;Venda Pai Nao Existe no Banco
8835;5929;7821;1;200,00;Venda Pai Nao Existe no Banco
8836;5930;556;1;150,00;Venda Pai Nao Existe no Banco
8837;5931;1534;1;160,00;Venda Pai Nao Existe no Banco
8838;5932;1769;1;590,00;Venda Pai Nao Existe no Banco
8839;5932;8258;1;620,00;Venda Pai Nao Existe no Banco
8840;5933;1752;1;260,00;Venda Pai Nao Existe no Banco
8842;5934;1804;1;900,00;Venda Pai Nao Existe no Banco
8843;5935;1542;1;260,00;Venda Pai Nao Existe no Banco
8844;5935;8258;1;590,00;Venda Pai Nao Existe no Banco
8845;5936;8258;1;580,00;Venda Pai Nao Existe no Banco
8846;5936;1534;1;140,00;Venda Pai Nao Existe no Banco
8847;5937;1552;1;190,00;Venda Pai Nao Existe no Banco
8848;5938;2058;1;900,00;Venda Pai Nao Existe no Banco
8849;5938;7952;1;300,00;Venda Pai Nao Existe no Banco
8850;5940;1534;1;100,00;Venda Pai Nao Existe no Banco
8851;5941;7821;1;260,00;Venda Pai Nao Existe no Banco
8852;5942;8079;1;350,00;Venda Pai Nao Existe no Banco
8853;5943;1760;1;450,00;Venda Pai Nao Existe no Banco
8854;5943;7821;1;250,00;Venda Pai Nao Existe no Banco
8855;5944;1533;0,5;50,00;Venda Pai Nao Existe no Banco
8856;5945;1769;1;530,00;Venda Pai Nao Existe no Banco
8857;5945;8258;1;530,00;Venda Pai Nao Existe no Banco
8858;5946;1540;1;60,00;Venda Pai Nao Existe no Banco
8860;5947;8177;1;630,00;Venda Pai Nao Existe no Banco
8861;5948;1534;1;140,00;Venda Pai Nao Existe no Banco
8862;5949;7380;1;800,00;Venda Pai Nao Existe no Banco
8863;5950;1534;1;100,00;Venda Pai Nao Existe no Banco
8864;5951;7953;1;270,00;Venda Pai Nao Existe no Banco
8865;5951;7952;1;390,00;Venda Pai Nao Existe no Banco
8866;5952;7851;1;390,00;Venda Pai Nao Existe no Banco
8867;5953;1752;1;350,00;Venda Pai Nao Existe no Banco
8868;5954;7187;1;450,00;Venda Pai Nao Existe no Banco
8869;5955;1760;1;450,00;Venda Pai Nao Existe no Banco
8870;5955;8258;1;590,00;Venda Pai Nao Existe no Banco
8871;5956;5627;1;662,00;Venda Pai Nao Existe no Banco
8872;5956;8002;1;490,00;Venda Pai Nao Existe no Banco
8873;5957;1542;1;260,00;Venda Pai Nao Existe no Banco
8874;5957;7181;1;490,00;Venda Pai Nao Existe no Banco
8875;5959;1554;1;190,00;Venda Pai Nao Existe no Banco
8876;5960;1534;1;160,00;Venda Pai Nao Existe no Banco
8877;5961;1552;1;190,00;Venda Pai Nao Existe no Banco
8878;5961;8258;1;590,00;Venda Pai Nao Existe no Banco
8879;5962;7972;1;290,00;Venda Pai Nao Existe no Banco
8880;5963;1349;1;90,00;Venda Pai Nao Existe no Banco
8881;5965;1534;1;160,00;Venda Pai Nao Existe no Banco
8882;5965;8089;1;380,00;Venda Pai Nao Existe no Banco
8883;5966;1534;1;160,00;Venda Pai Nao Existe no Banco
8884;5966;7821;1;220,00;Venda Pai Nao Existe no Banco
8885;5967;1542;1;230,00;Venda Pai Nao Existe no Banco
8886;5968;8193;1;140,00;Venda Pai Nao Existe no Banco
8887;5969;1542;1;245,00;Venda Pai Nao Existe no Banco
8888;5970;7821;1;260,00;Venda Pai Nao Existe no Banco
8889;5971;7953;1;250,00;Venda Pai Nao Existe no Banco
8890;5971;7821;1;260,00;Venda Pai Nao Existe no Banco
8891;5972;8258;1;590,00;Venda Pai Nao Existe no Banco
8892;5972;7953;1;250,00;Venda Pai Nao Existe no Banco
8894;5975;1534;1;160,00;Venda Pai Nao Existe no Banco
8895;5975;5015;1;140,00;Venda Pai Nao Existe no Banco
8896;5976;7972;1;260,00;Venda Pai Nao Existe no Banco
8897;5700;8193;1;140,00;Venda Pai Nao Existe no Banco
8898;5977;8144;1;560,00;Venda Pai Nao Existe no Banco
8899;5978;1760;1;460,00;Venda Pai Nao Existe no Banco
8900;5979;8177;1;840,00;Venda Pai Nao Existe no Banco
8901;5979;5015;1;210,00;Venda Pai Nao Existe no Banco
8902;5980;7953;1;250,00;Venda Pai Nao Existe no Banco
8903;5981;1554;1;190,00;Venda Pai Nao Existe no Banco
8906;5982;5940;1;360,00;Venda Pai Nao Existe no Banco
8907;5982;1542;1;300,00;Venda Pai Nao Existe no Banco
8908;5983;8189;1;810,00;Venda Pai Nao Existe no Banco
8909;5984;1552;1;200,00;Venda Pai Nao Existe no Banco
8910;5984;8278;1;520,00;Venda Pai Nao Existe no Banco
8911;5986;1533;1;80,00;Venda Pai Nao Existe no Banco
8912;5988;8232;1;450,00;Venda Pai Nao Existe no Banco
8913;5988;8089;1;390,00;Venda Pai Nao Existe no Banco
8914;5989;1542;1;230,00;Venda Pai Nao Existe no Banco
8915;5989;1752;1;340,00;Venda Pai Nao Existe no Banco
8916;5990;1534;1;140,00;Venda Pai Nao Existe no Banco
8917;5991;7821;1;220,00;Venda Pai Nao Existe no Banco
8918;5992;1534;1;160,00;Venda Pai Nao Existe no Banco
8919;5992;7821;1;220,00;Venda Pai Nao Existe no Banco
8920;5993;1534;1;150,00;Venda Pai Nao Existe no Banco
8921;5995;1534;1;160,00;Venda Pai Nao Existe no Banco
8922;5996;7952;1;380,00;Venda Pai Nao Existe no Banco
8923;5996;1534;1;160,00;Venda Pai Nao Existe no Banco
8924;5997;2819;1;150,00;Venda Pai Nao Existe no Banco
8925;5998;4948;1;150,00;Venda Pai Nao Existe no Banco
8926;5998;1534;1;160,00;Venda Pai Nao Existe no Banco
8927;5998;5966;1;190,00;Venda Pai Nao Existe no Banco
8928;5999;7952;1;330,00;Venda Pai Nao Existe no Banco
8929;6000;1752;1;270,00;Venda Pai Nao Existe no Banco
8930;6001;8253;1;1.150,00;Venda Pai Nao Existe no Banco
8931;6001;1372;1;190,00;Venda Pai Nao Existe no Banco
8932;6002;5940;1;490,00;Venda Pai Nao Existe no Banco
8933;6003;1542;1;260,00;Venda Pai Nao Existe no Banco
8934;6003;8208;1;390,00;Venda Pai Nao Existe no Banco
8935;6004;8265;1;650,00;Venda Pai Nao Existe no Banco
8936;6004;7821;1;170,00;Venda Pai Nao Existe no Banco
8937;6005;2986;1;150,00;Venda Pai Nao Existe no Banco
8938;6006;1534;1;140,00;Venda Pai Nao Existe no Banco
8939;6006;5015;1;100,00;Venda Pai Nao Existe no Banco
8940;6006;4178;1;150,00;Venda Pai Nao Existe no Banco
8941;6007;1554;1;230,00;Venda Pai Nao Existe no Banco
8942;6007;1349;1;100,00;Venda Pai Nao Existe no Banco
8944;6008;76;1;150,00;Venda Pai Nao Existe no Banco
8945;6009;7821;1;260,00;Venda Pai Nao Existe no Banco
8946;6010;1534;1;155,00;Venda Pai Nao Existe no Banco
8947;6010;1534;1;130,00;Venda Pai Nao Existe no Banco
8948;6010;1375;1;130,00;Venda Pai Nao Existe no Banco
8949;6010;1349;1;100,00;Venda Pai Nao Existe no Banco
8950;6010;1542;1;230,00;Venda Pai Nao Existe no Banco
8951;6010;7953;1;220,00;Venda Pai Nao Existe no Banco
8952;6010;7810;1;120,00;Venda Pai Nao Existe no Banco
8953;6011;7987;1;360,00;Venda Pai Nao Existe no Banco
8954;6011;7952;1;340,00;Venda Pai Nao Existe no Banco
8955;6012;1760;1;420,00;Venda Pai Nao Existe no Banco
8956;6013;8278;1;585,00;Venda Pai Nao Existe no Banco
8957;6013;5138;-1;-400,00;Venda Pai Nao Existe no Banco
8958;6014;7851;1;350,00;Venda Pai Nao Existe no Banco
8959;6014;7732;-1;-220,00;Venda Pai Nao Existe no Banco
8960;6015;1721;1;540,00;Venda Pai Nao Existe no Banco
8961;6015;7732;1;220,00;Venda Pai Nao Existe no Banco
8962;6016;7953;1;200,00;Venda Pai Nao Existe no Banco
8963;6016;7952;1;330,00;Venda Pai Nao Existe no Banco
8964;6017;1534;1;160,00;Venda Pai Nao Existe no Banco
8965;6017;7952;1;380,00;Venda Pai Nao Existe no Banco
8966;6018;1554;0,5;120,00;Venda Pai Nao Existe no Banco
8968;6019;8296;1;640,00;Venda Pai Nao Existe no Banco
8970;6019;6144;1;100,00;Venda Pai Nao Existe no Banco
8971;6019;1534;1;160,00;Venda Pai Nao Existe no Banco
8972;6020;1534;1;160,00;Venda Pai Nao Existe no Banco
8973;6020;7821;1;220,00;Venda Pai Nao Existe no Banco
8974;6021;1542;1;280,00;Venda Pai Nao Existe no Banco
8975;6022;1534;1;160,00;Venda Pai Nao Existe no Banco
8976;6022;7952;1;380,00;Venda Pai Nao Existe no Banco
8978;6023;6;1;590,00;Venda Pai Nao Existe no Banco
8979;6016;8208;1;330,00;Venda Pai Nao Existe no Banco
8980;6016;8274;1;530,00;Venda Pai Nao Existe no Banco
8981;6024;1534;1;140,00;Venda Pai Nao Existe no Banco
8982;6024;7821;1;140,00;Venda Pai Nao Existe no Banco
8983;6016;7953;1;200,00;Venda Pai Nao Existe no Banco
8984;6016;1754;1;745,00;Venda Pai Nao Existe no Banco
8985;6025;1769;1;530,00;Venda Pai Nao Existe no Banco
8986;6025;7821;1;210,00;Venda Pai Nao Existe no Banco
8987;6027;4514;1;300,00;Venda Pai Nao Existe no Banco
8988;6027;7187;1;350,00;Venda Pai Nao Existe no Banco
8989;6028;8273;1;585,00;Venda Pai Nao Existe no Banco
8990;6029;1372;1;100,00;Venda Pai Nao Existe no Banco
8991;6030;1533;1;90,00;Venda Pai Nao Existe no Banco
8992;6031;7953;1;0,00;Venda Pai Nao Existe no Banco
8993;6031;7952;1;195,00;Venda Pai Nao Existe no Banco
8994;6032;1554;1;210,00;Venda Pai Nao Existe no Banco
8995;6032;7834;1;390,00;Venda Pai Nao Existe no Banco
8996;6033;1769;1;550,00;Venda Pai Nao Existe no Banco
8997;6033;7451;1;512,00;Venda Pai Nao Existe no Banco
8998;6035;7810;1;100,00;Venda Pai Nao Existe no Banco
8999;6036;1542;1;150,00;Venda Pai Nao Existe no Banco
9000;6037;1804;1;300,00;Venda Pai Nao Existe no Banco
9001;6037;1554;1;190,00;Venda Pai Nao Existe no Banco
9003;6039;5609;1;1.200,00;Venda Pai Nao Existe no Banco
9004;6040;7754;1;200,00;Venda Pai Nao Existe no Banco
9005;6040;1542;1;250,00;Venda Pai Nao Existe no Banco
9007;6041;1760;1;480,00;Venda Pai Nao Existe no Banco
9009;6043;1405;1;100,00;Venda Pai Nao Existe no Banco
9010;6044;7851;1;480,00;Venda Pai Nao Existe no Banco
9012;6044;7987;1;380,00;Venda Pai Nao Existe no Banco
9013;6046;7186;1;340,00;Venda Pai Nao Existe no Banco
9014;6046;1562;1;810,00;Venda Pai Nao Existe no Banco
9016;6049;4514;1;340,00;Venda Pai Nao Existe no Banco
9017;6050;1534;1;100,00;Venda Pai Nao Existe no Banco
9018;6050;8193;1;100,00;Venda Pai Nao Existe no Banco
9019;6051;7972;1;240,00;Venda Pai Nao Existe no Banco
9020;6052;1534;1;160,00;Venda Pai Nao Existe no Banco
9021;6053;2403;1;200,00;Venda Pai Nao Existe no Banco
9022;6054;7972;1;230,00;Venda Pai Nao Existe no Banco
9023;6054;1370;1;100,00;Venda Pai Nao Existe no Banco
9024;6035;7821;1;260,00;Venda Pai Nao Existe no Banco
9025;6035;7987;1;450,00;Venda Pai Nao Existe no Banco
9026;6055;8103;1;470,00;Venda Pai Nao Existe no Banco
9027;6055;1534;1;170,00;Venda Pai Nao Existe no Banco
9028;6056;1534;1;160,00;Venda Pai Nao Existe no Banco
9029;6057;7821;1;280,00;Venda Pai Nao Existe no Banco
9030;6057;1542;1;280,00;Venda Pai Nao Existe no Banco
9031;6058;7746;1;290,00;Venda Pai Nao Existe no Banco
9032;6058;1534;1;170,00;Venda Pai Nao Existe no Banco
9033;6059;5059;1;780,00;Venda Pai Nao Existe no Banco
9034;6060;2733;1;120,00;Venda Pai Nao Existe no Banco
9035;6060;5627;1;780,00;Venda Pai Nao Existe no Banco
9036;6062;7972;1;290,00;Venda Pai Nao Existe no Banco
9037;6063;1349;1;150,00;Venda Pai Nao Existe no Banco
9039;6063;5609;1;490,00;Venda Pai Nao Existe no Banco
9040;6064;4150;1;200,00;Venda Pai Nao Existe no Banco
9041;6066;1526;1;160,00;Venda Pai Nao Existe no Banco
9042;6067;8289;1;600,00;Venda Pai Nao Existe no Banco
9043;6067;7953;1;230,00;Venda Pai Nao Existe no Banco
9044;6068;1349;1;100,00;Venda Pai Nao Existe no Banco
9045;6069;1534;1;160,00;Venda Pai Nao Existe no Banco
9046;6070;1534;1;140,00;Venda Pai Nao Existe no Banco
9047;6070;1349;1;140,00;Venda Pai Nao Existe no Banco
9048;6071;1769;1;530,00;Venda Pai Nao Existe no Banco
9049;6071;1349;1;130,00;Venda Pai Nao Existe no Banco
9050;6072;1542;1;260,00;Venda Pai Nao Existe no Banco
9051;6073;7972;1;200,00;Venda Pai Nao Existe no Banco
9052;6074;1534;1;180,00;Venda Pai Nao Existe no Banco
9053;6074;8193;1;200,00;Venda Pai Nao Existe no Banco
9054;6075;1554;1;190,00;Venda Pai Nao Existe no Banco
9055;6075;1349;1;140,00;Venda Pai Nao Existe no Banco
9056;6076;1528;2;240,00;Venda Pai Nao Existe no Banco
9057;6077;7821;1;235,00;Venda Pai Nao Existe no Banco
9058;6077;2287;1;15,00;Venda Pai Nao Existe no Banco
9059;6079;7773;1;40,00;Venda Pai Nao Existe no Banco
9060;6080;7187;1;340,00;Venda Pai Nao Existe no Banco
9061;6081;1534;1;220,00;Venda Pai Nao Existe no Banco
9062;6082;1534;1;160,00;Venda Pai Nao Existe no Banco
9063;6082;7821;1;240,00;Venda Pai Nao Existe no Banco
9064;6083;1542;1;260,00;Venda Pai Nao Existe no Banco
9065;6083;7821;1;240,00;Venda Pai Nao Existe no Banco
9066;6084;1760;1;450,00;Venda Pai Nao Existe no Banco
9069;6085;1542;1;260,00;Venda Pai Nao Existe no Banco
9070;6086;7953;1;220,00;Venda Pai Nao Existe no Banco
9071;6086;8193;1;220,00;Venda Pai Nao Existe no Banco
9072;6088;1349;1;140,00;Venda Pai Nao Existe no Banco
9073;6088;1542;1;260,00;Venda Pai Nao Existe no Banco
9074;6089;7955;1;4.560,00;Venda Pai Nao Existe no Banco
9075;6089;7953;1;250,00;Venda Pai Nao Existe no Banco
9076;6089;7821;1;280,00;Venda Pai Nao Existe no Banco
9077;6091;1721;1;540,00;Venda Pai Nao Existe no Banco
9078;6092;5627;1;550,00;Venda Pai Nao Existe no Banco
9079;6092;7821;1;200,00;Venda Pai Nao Existe no Banco
9083;6096;8298;1;1.995,00;Venda Pai Nao Existe no Banco
9084;6096;7821;1;260,00;Venda Pai Nao Existe no Banco
9085;6097;7953;1;240,00;Venda Pai Nao Existe no Banco
9086;6097;7821;;260,00;Venda Pai Nao Existe no Banco
9087;6098;1769;1;530,00;Venda Pai Nao Existe no Banco
9088;6098;1349;1;140,00;Venda Pai Nao Existe no Banco
9090;6100;7972;1;260,00;Venda Pai Nao Existe no Banco
9091;6101;1542;1;270,00;Venda Pai Nao Existe no Banco
9092;6102;3588;1;150,00;Venda Pai Nao Existe no Banco
9093;6103;1534;1;160,00;Venda Pai Nao Existe no Banco
9094;6103;7821;1;260,00;Venda Pai Nao Existe no Banco
9095;6104;1554;1;190,00;Venda Pai Nao Existe no Banco
9096;6104;1349;1;125,00;Venda Pai Nao Existe no Banco
9097;6106;1534;1;160,00;Venda Pai Nao Existe no Banco
9098;6106;7821;1;260,00;Venda Pai Nao Existe no Banco
9099;6107;1534;1;160,00;Venda Pai Nao Existe no Banco
9100;6107;7821;1;260,00;Venda Pai Nao Existe no Banco
9101;6108;1554;0,5;100,00;Venda Pai Nao Existe no Banco
9102;6109;4581;1;240,00;Venda Pai Nao Existe no Banco
9103;6110;1534;1;160,00;Venda Pai Nao Existe no Banco
9104;6110;3512;1;190,00;Venda Pai Nao Existe no Banco
9105;6112;8197;1;980,00;Venda Pai Nao Existe no Banco
9106;6113;1534;1;160,00;Venda Pai Nao Existe no Banco
9107;6114;1534;1;160,00;Venda Pai Nao Existe no Banco
9108;6114;7821;1;240,00;Venda Pai Nao Existe no Banco
9110;6115;7851;1;390,00;Venda Pai Nao Existe no Banco
9111;6116;1534;1;160,00;Venda Pai Nao Existe no Banco
9112;6116;7821;1;260,00;Venda Pai Nao Existe no Banco
9113;6115;8299;1;1.690,00;Venda Pai Nao Existe no Banco
9114;6117;7953;1;250,00;Venda Pai Nao Existe no Banco
9115;6117;7972;1;340,00;Venda Pai Nao Existe no Banco
9116;6117;1349;1;140,00;Venda Pai Nao Existe no Banco
9117;6117;1534;1;160,00;Venda Pai Nao Existe no Banco
9118;6099;1542;1;250,00;Venda Pai Nao Existe no Banco
9119;6118;7851;1;340,00;Venda Pai Nao Existe no Banco
9120;6120;7972;1;260,00;Venda Pai Nao Existe no Banco
9121;6121;1534;1;160,00;Venda Pai Nao Existe no Banco
9122;6123;1534;1;160,00;Venda Pai Nao Existe no Banco
9123;6126;1534;2;280,00;Venda Pai Nao Existe no Banco
9124;6126;7821;1;260,00;Venda Pai Nao Existe no Banco
9125;6127;1534;1;160,00;Venda Pai Nao Existe no Banco
9126;6127;7972;1;340,00;Venda Pai Nao Existe no Banco
9127;6128;1542;1;170,00;Venda Pai Nao Existe no Banco
9128;6129;7987;1;390,00;Venda Pai Nao Existe no Banco
9129;6129;7851;1;390,00;Venda Pai Nao Existe no Banco
9130;6130;7953;1;250,00;Venda Pai Nao Existe no Banco
9132;6130;8258;1;590,00;Venda Pai Nao Existe no Banco
9133;6130;7810;1;140,00;Venda Pai Nao Existe no Banco
9135;6130;8300;1;390,00;Venda Pai Nao Existe no Banco
9136;6132;1554;1;190,00;Venda Pai Nao Existe no Banco
9137;6132;7821;1;210,00;Venda Pai Nao Existe no Banco
9138;6133;1769;1;590,00;Venda Pai Nao Existe no Banco
9139;6133;7821;1;260,00;Venda Pai Nao Existe no Banco
9142;6134;8102;1;290,00;Venda Pai Nao Existe no Banco
9143;6134;7972;1;340,00;Venda Pai Nao Existe no Banco
9144;6135;7821;1;150,00;Venda Pai Nao Existe no Banco
9145;6136;8241;1;730,00;Venda Pai Nao Existe no Banco
9146;6136;6595;1;420,00;Venda Pai Nao Existe no Banco
9147;6137;7987;1;390,00;Venda Pai Nao Existe no Banco
9148;6137;7821;1;260,00;Venda Pai Nao Existe no Banco
9149;6138;1534;1;130,00;Venda Pai Nao Existe no Banco
9150;6139;1752;1;320,00;Venda Pai Nao Existe no Banco
9151;6139;1542;1;260,00;Venda Pai Nao Existe no Banco
9152;6139;5015;1;190,00;Venda Pai Nao Existe no Banco
9153;6141;1542;1;210,00;Venda Pai Nao Existe no Banco
9154;6141;1760;1;400,00;Venda Pai Nao Existe no Banco
9155;6141;7952;1;300,00;Venda Pai Nao Existe no Banco
9156;6141;7151;1;340,00;Venda Pai Nao Existe no Banco
9158;6142;5521;1;400,00;Venda Pai Nao Existe no Banco
9159;6143;7987;1;390,00;Venda Pai Nao Existe no Banco
9160;6143;7821;1;210,00;Venda Pai Nao Existe no Banco
9161;6144;1534;1;160,00;Venda Pai Nao Existe no Banco
9162;6145;8193;1;100,00;Venda Pai Nao Existe no Banco
9163;6147;1534;1;140,00;Venda Pai Nao Existe no Banco
9164;6147;7821;1;240,00;Venda Pai Nao Existe no Banco
9165;6149;1534;1;160,00;Venda Pai Nao Existe no Banco
9166;6149;8212;1;390,00;Venda Pai Nao Existe no Banco
9167;6151;8300;1;390,00;Venda Pai Nao Existe no Banco
9168;6031;6178;1;220,00;Venda Pai Nao Existe no Banco
9170;6155;7987;1;390,00;Venda Pai Nao Existe no Banco
9171;6155;7821;1;220,00;Venda Pai Nao Existe no Banco
9172;6152;1769;1;590,00;Venda Pai Nao Existe no Banco
9173;6152;7821;1;260,00;Venda Pai Nao Existe no Banco
9174;6156;1542;1;240,00;Venda Pai Nao Existe no Banco
9175;6156;1542;1;240,00;Venda Pai Nao Existe no Banco
9176;6156;7821;1;220,00;Venda Pai Nao Existe no Banco
9177;6157;1542;1;260,00;Venda Pai Nao Existe no Banco
9178;6158;1542;1;260,00;Venda Pai Nao Existe no Banco
9179;6158;7821;1;240,00;Venda Pai Nao Existe no Banco
9180;6160;1542;1;240,00;Venda Pai Nao Existe no Banco
9181;6160;7972;1;240,00;Venda Pai Nao Existe no Banco
9182;6161;1760;1;450,00;Venda Pai Nao Existe no Banco
9183;6162;7953;1;250,00;Venda Pai Nao Existe no Banco
9184;6162;7953;1;250,00;Venda Pai Nao Existe no Banco
9185;6162;1349;1;100,00;Venda Pai Nao Existe no Banco
9186;6162;1349;1;140,00;Venda Pai Nao Existe no Banco
9187;6163;7578;1;220,00;Venda Pai Nao Existe no Banco
9188;6163;8102;1;290,00;Venda Pai Nao Existe no Banco
9189;6163;7972;1;340,00;Venda Pai Nao Existe no Banco
9190;6163;8258;1;590,00;Venda Pai Nao Existe no Banco
9191;6164;1534;1;90,00;Venda Pai Nao Existe no Banco
9193;6165;1554;1;220,00;Venda Pai Nao Existe no Banco
9194;6167;7953;1;220,00;Venda Pai Nao Existe no Banco
9195;6168;1542;1;230,00;Venda Pai Nao Existe no Banco
9196;6168;7821;1;240,00;Venda Pai Nao Existe no Banco
9197;6169;1542;1;235,00;Venda Pai Nao Existe no Banco
9198;6170;1349;1;100,00;Venda Pai Nao Existe no Banco
9199;6171;7972;1;200,00;Venda Pai Nao Existe no Banco
9200;6171;7972;1;200,00;Venda Pai Nao Existe no Banco
9202;6172;1534;1;120,00;Venda Pai Nao Existe no Banco
9203;6173;1554;1;190,00;Venda Pai Nao Existe no Banco
9204;6173;1349;1;160,00;Venda Pai Nao Existe no Banco
9205;6175;1349;1;100,00;Venda Pai Nao Existe no Banco
9206;6176;1542;1;280,00;Venda Pai Nao Existe no Banco
9207;6176;7851;1;420,00;Venda Pai Nao Existe no Banco
9208;6177;1534;1;160,00;Venda Pai Nao Existe no Banco
9209;6178;1554;1;190,00;Venda Pai Nao Existe no Banco
9210;6178;1349;1;100,00;Venda Pai Nao Existe no Banco
9211;6179;1721;1;620,00;Venda Pai Nao Existe no Banco
9212;6179;7821;1;260,00;Venda Pai Nao Existe no Banco
9213;6181;7972;1;340,00;Venda Pai Nao Existe no Banco
9214;6182;1542;1;260,00;Venda Pai Nao Existe no Banco
9215;6183;1554;1;190,00;Venda Pai Nao Existe no Banco
9216;6183;1349;1;140,00;Venda Pai Nao Existe no Banco
9217;6184;1534;1;130,00;Venda Pai Nao Existe no Banco
9218;6184;1349;1;160,00;Venda Pai Nao Existe no Banco
9219;6186;1534;1;160,00;Venda Pai Nao Existe no Banco
9220;6187;1534;1;160,00;Venda Pai Nao Existe no Banco
9221;6187;1349;1;160,00;Venda Pai Nao Existe no Banco
9222;6189;1554;1;200,00;Venda Pai Nao Existe no Banco
9223;6189;1349;1;100,00;Venda Pai Nao Existe no Banco
9224;6190;7821;1;220,00;Venda Pai Nao Existe no Banco
9225;6191;7945;1;380,00;Venda Pai Nao Existe no Banco
9226;6191;1534;1;120,00;Venda Pai Nao Existe no Banco
9227;6193;7952;1;120,00;Venda Pai Nao Existe no Banco
9228;6195;1542;1;280,00;Venda Pai Nao Existe no Banco
9229;6195;8098;1;380,00;Venda Pai Nao Existe no Banco
9230;6196;7810;1;100,00;Venda Pai Nao Existe no Banco
9231;6197;1534;1;160,00;Venda Pai Nao Existe no Banco
9232;6197;1349;1;140,00;Venda Pai Nao Existe no Banco
9233;6198;1534;1;160,00;Venda Pai Nao Existe no Banco
9234;6198;8193;1;100,00;Venda Pai Nao Existe no Banco
9235;6199;7181;1;440,00;Venda Pai Nao Existe no Banco
9237;6199;5627;1;710,00;Venda Pai Nao Existe no Banco
9238;6200;1534;1;150,00;Venda Pai Nao Existe no Banco
9239;6200;1349;1;100,00;Venda Pai Nao Existe no Banco
9240;6202;1760;1;450,00;Venda Pai Nao Existe no Banco
9241;6202;7972;1;340,00;Venda Pai Nao Existe no Banco
9242;6203;8102;1;355,00;Venda Pai Nao Existe no Banco
9243;6204;7953;1;220,00;Venda Pai Nao Existe no Banco
9244;6204;4179;1;680,00;Venda Pai Nao Existe no Banco
9245;6206;1542;1;280,00;Venda Pai Nao Existe no Banco
9246;6207;1349;1;80,00;Venda Pai Nao Existe no Banco
9247;6208;1534;1;140,00;Venda Pai Nao Existe no Banco
9248;6208;1349;1;140,00;Venda Pai Nao Existe no Banco
9249;6209;1554;1;110,00;Venda Pai Nao Existe no Banco
9250;6210;1554;1;220,00;Venda Pai Nao Existe no Banco
9251;6211;1552;1;190,00;Venda Pai Nao Existe no Banco
9252;6212;1534;1;160,00;Venda Pai Nao Existe no Banco
9253;6213;7658;1;250,00;Venda Pai Nao Existe no Banco
9255;6213;1534;1;120,00;Venda Pai Nao Existe no Banco
9256;6214;1534;1;120,00;Venda Pai Nao Existe no Banco
9257;6214;7921;1;330,00;Venda Pai Nao Existe no Banco
9258;6216;7821;1;260,00;Venda Pai Nao Existe no Banco
9259;6216;1534;1;190,00;Venda Pai Nao Existe no Banco
9260;6217;7953;1;220,00;Venda Pai Nao Existe no Banco
9261;6217;8193;1;220,00;Venda Pai Nao Existe no Banco
9262;6218;8177;1;820,00;Venda Pai Nao Existe no Banco
9263;6219;1542;1;260,00;Venda Pai Nao Existe no Banco
9264;6220;1542;1;260,00;Venda Pai Nao Existe no Banco
9265;6220;5015;1;160,00;Venda Pai Nao Existe no Banco
9266;6222;1534;1;160,00;Venda Pai Nao Existe no Banco
9267;6222;7821;1;200,00;Venda Pai Nao Existe no Banco
9269;6222;8288;1;1.096,00;Venda Pai Nao Existe no Banco
9270;6223;1534;1;170,00;Venda Pai Nao Existe no Banco
9271;6222;8301;1;2.418,00;Venda Pai Nao Existe no Banco
9272;6224;1534;1;140,00;Venda Pai Nao Existe no Banco
9273;6224;7821;1;220,00;Venda Pai Nao Existe no Banco
9274;6226;1542;1;260,00;Venda Pai Nao Existe no Banco
9275;6227;7821;1;220,00;Venda Pai Nao Existe no Banco
9276;6228;7972;1;200,00;Venda Pai Nao Existe no Banco
9277;6229;1534;1;150,00;Venda Pai Nao Existe no Banco
9278;6230;7320;1;250,00;Venda Pai Nao Existe no Banco
9279;6231;1542;1;280,00;Venda Pai Nao Existe no Banco
9280;6231;1349;1;140,00;Venda Pai Nao Existe no Banco
9282;6232;7821;1;260,00;Venda Pai Nao Existe no Banco
9283;6232;4514;1;300,00;Venda Pai Nao Existe no Banco
9284;6233;1534;1;120,00;Venda Pai Nao Existe no Banco
9285;6233;7187;1;370,00;Venda Pai Nao Existe no Banco
9286;6233;2287;1;10,00;Venda Pai Nao Existe no Banco
9288;6236;1721;1;680,00;Venda Pai Nao Existe no Banco
9289;6236;5015;1;100,00;Venda Pai Nao Existe no Banco
9291;6235;8302;1;3.530,00;Venda Pai Nao Existe no Banco
9292;6235;8031;1;330,00;Venda Pai Nao Existe no Banco
9293;6235;1534;1;90,00;Venda Pai Nao Existe no Banco
9294;6237;5940;1;330,00;Venda Pai Nao Existe no Banco
9295;6238;7821;1;200,00;Venda Pai Nao Existe no Banco
9296;6239;7953;1;190,00;Venda Pai Nao Existe no Banco
9297;6240;1552;1;310,00;Venda Pai Nao Existe no Banco
9298;6240;1349;1;140,00;Venda Pai Nao Existe no Banco
9299;6241;2287;1;50,00;Venda Pai Nao Existe no Banco
9300;6243;1534;1;140,00;Venda Pai Nao Existe no Banco
9301;6243;6011;1;535,00;Venda Pai Nao Existe no Banco
9302;6244;1528;1;160,00;Venda Pai Nao Existe no Banco
9303;6245;7953;1;220,00;Venda Pai Nao Existe no Banco
9304;6245;2;1;620,00;Venda Pai Nao Existe no Banco
9306;6247;7953;0,5;90,00;Venda Pai Nao Existe no Banco
9307;6246;1534;5;450,00;Venda Pai Nao Existe no Banco
9309;6248;1552;1;200,00;Venda Pai Nao Existe no Banco
9310;6248;1349;1;180,00;Venda Pai Nao Existe no Banco
9311;6249;1721;1;500,00;Venda Pai Nao Existe no Banco
9312;6251;7953;1;250,00;Venda Pai Nao Existe no Banco
9313;6252;1534;1;160,00;Venda Pai Nao Existe no Banco
9315;6253;8258;1;590,00;Venda Pai Nao Existe no Banco
9318;6255;7821;1;300,00;Venda Pai Nao Existe no Banco
9319;6256;7953;1;250,00;Venda Pai Nao Existe no Banco
9320;6256;1375;1;140,00;Venda Pai Nao Existe no Banco
9321;6257;1542;1;280,00;Venda Pai Nao Existe no Banco
9322;6257;7027;1;270,00;Venda Pai Nao Existe no Banco
9323;6258;1534;1;140,00;Venda Pai Nao Existe no Banco
9324;6258;8193;1;200,00;Venda Pai Nao Existe no Banco
9325;6259;1542;1;260,00;Venda Pai Nao Existe no Banco
9326;6259;8193;1;140,00;Venda Pai Nao Existe no Banco
9327;6253;1542;1;260,00;Venda Pai Nao Existe no Banco
9328;6260;1534;1;160,00;Venda Pai Nao Existe no Banco
9329;6260;3512;1;100,00;Venda Pai Nao Existe no Banco
9331;6262;1552;1;190,00;Venda Pai Nao Existe no Banco
9332;6262;1349;1;100,00;Venda Pai Nao Existe no Banco
9335;6262;8303;1;2.385,00;Venda Pai Nao Existe no Banco
9336;6263;1542;1;240,00;Venda Pai Nao Existe no Banco
9337;6263;7821;1;260,00;Venda Pai Nao Existe no Banco
9338;6264;1534;1;160,00;Venda Pai Nao Existe no Banco
9339;6264;7821;1;260,00;Venda Pai Nao Existe no Banco
9340;6265;1760;1;540,00;Venda Pai Nao Existe no Banco
9341;6265;2025;1;380,00;Venda Pai Nao Existe no Banco
9342;6268;1552;1;200,00;Venda Pai Nao Existe no Banco
9343;6268;7821;1;200,00;Venda Pai Nao Existe no Banco
9344;6269;1534;1;140,00;Venda Pai Nao Existe no Banco
9345;6270;1552;1;200,00;Venda Pai Nao Existe no Banco
9346;6270;1534;1;140,00;Venda Pai Nao Existe no Banco
9347;6270;1349;1;180,00;Venda Pai Nao Existe no Banco
9348;6271;7972;1;230,00;Venda Pai Nao Existe no Banco
9349;6272;6416;1;390,00;Venda Pai Nao Existe no Banco
9350;6273;8227;1;780,00;Venda Pai Nao Existe no Banco
9351;6274;3512;1;140,00;Venda Pai Nao Existe no Banco
9352;6275;1534;2;240,00;Venda Pai Nao Existe no Banco
9354;6277;7953;1;250,00;Venda Pai Nao Existe no Banco
9355;6277;7821;1;260,00;Venda Pai Nao Existe no Banco
9356;6276;1560;0,5;190,00;Venda Pai Nao Existe no Banco
9358;6278;7953;1;225,00;Venda Pai Nao Existe no Banco
9359;6280;7953;1;280,00;Venda Pai Nao Existe no Banco
9360;6280;8289;1;670,00;Venda Pai Nao Existe no Banco
9361;6281;8193;1;200,00;Venda Pai Nao Existe no Banco
9363;6281;8232;1;380,00;Venda Pai Nao Existe no Banco
9364;6282;7972;1;260,00;Venda Pai Nao Existe no Banco
9365;6283;7151;1;380,00;Venda Pai Nao Existe no Banco
9366;6284;1534;1;160,00;Venda Pai Nao Existe no Banco
9367;6285;7827;1;390,00;Venda Pai Nao Existe no Banco
9368;6285;8209;1;590,00;Venda Pai Nao Existe no Banco
9369;6286;7953;1;225,00;Venda Pai Nao Existe no Banco
9370;6286;7;1;555,00;Venda Pai Nao Existe no Banco
9371;6286;8264;1;550,00;Venda Pai Nao Existe no Banco
9372;6287;1534;1;160,00;Venda Pai Nao Existe no Banco
9373;6288;1554;1;220,00;Venda Pai Nao Existe no Banco
9374;6289;7821;1;130,00;Venda Pai Nao Existe no Banco
9375;6290;7810;1;100,00;Venda Pai Nao Existe no Banco
9376;6291;1343;1;220,00;Venda Pai Nao Existe no Banco
9377;6292;1401;1;50,00;Venda Pai Nao Existe no Banco
9378;6292;1311;1;50,00;Venda Pai Nao Existe no Banco
9380;6293;7181;1;480,00;Venda Pai Nao Existe no Banco
9381;6294;1542;1;260,00;Venda Pai Nao Existe no Banco
9382;6294;7821;1;260,00;Venda Pai Nao Existe no Banco
9383;6295;1534;0,5;90,00;Venda Pai Nao Existe no Banco
9384;6295;6347;0,5;110,00;Venda Pai Nao Existe no Banco
9385;6297;7446;1;490,00;Venda Pai Nao Existe no Banco
9386;6297;1534;1;110,00;Venda Pai Nao Existe no Banco
9387;6298;1554;0,5;90,00;Venda Pai Nao Existe no Banco
9388;6299;1542;1;580,00;Venda Pai Nao Existe no Banco
9389;6299;5229;1;350,00;Venda Pai Nao Existe no Banco
9390;6300;1542;1;260,00;Venda Pai Nao Existe no Banco
9391;6300;1349;1;190,00;Venda Pai Nao Existe no Banco
9392;6301;8261;1;780,00;Venda Pai Nao Existe no Banco
9393;6262;7952;1;330,00;Venda Pai Nao Existe no Banco
9395;6262;8304;1;870,00;Venda Pai Nao Existe no Banco
9396;6262;7845;1;330,00;Venda Pai Nao Existe no Banco
9397;6293;1300;1;50,00;Venda Pai Nao Existe no Banco
9398;6302;1760;1;450,00;Venda Pai Nao Existe no Banco
9399;6302;7178;1;380,00;Venda Pai Nao Existe no Banco
9400;6303;1534;1;160,00;Venda Pai Nao Existe no Banco
9401;6303;7821;1;260,00;Venda Pai Nao Existe no Banco
9402;6304;1542;1;280,00;Venda Pai Nao Existe no Banco
9403;6305;1534;1;160,00;Venda Pai Nao Existe no Banco
9404;6305;7842;1;390,00;Venda Pai Nao Existe no Banco
9405;6306;1721;1;540,00;Venda Pai Nao Existe no Banco
9406;6306;3468;1;190,00;Venda Pai Nao Existe no Banco
9407;6307;8256;1;540,00;Venda Pai Nao Existe no Banco
9408;6307;5940;1;330,00;Venda Pai Nao Existe no Banco
9409;6308;1332;1;50,00;Venda Pai Nao Existe no Banco
9410;6309;1534;1;160,00;Venda Pai Nao Existe no Banco
9411;6309;7821;1;260,00;Venda Pai Nao Existe no Banco
9412;6310;1554;1;230,00;Venda Pai Nao Existe no Banco
9413;6311;8304;1;870,00;Venda Pai Nao Existe no Banco
9414;6311;7151;1;390,00;Venda Pai Nao Existe no Banco
9416;6312;7821;1;250,00;Venda Pai Nao Existe no Banco
9417;6313;1534;1;160,00;Venda Pai Nao Existe no Banco
9418;6313;5360;1;370,00;Venda Pai Nao Existe no Banco
9419;6314;7952;1;390,00;Venda Pai Nao Existe no Banco
9420;6314;1534;1;160,00;Venda Pai Nao Existe no Banco
9421;6315;1534;1;140,00;Venda Pai Nao Existe no Banco
9422;6315;1413;1;150,00;Venda Pai Nao Existe no Banco
9424;6316;1721;1;690,00;Venda Pai Nao Existe no Banco
9425;6317;1554;1;200,00;Venda Pai Nao Existe no Banco
9426;6317;2380;1;100,00;Venda Pai Nao Existe no Banco
9427;6318;10;1;100,00;Venda Pai Nao Existe no Banco
9428;6321;1542;1;260,00;Venda Pai Nao Existe no Banco
9429;6321;5015;1;260,00;Venda Pai Nao Existe no Banco
9430;6322;7773;1;100,00;Venda Pai Nao Existe no Banco
9431;6323;8218;1;770,00;Venda Pai Nao Existe no Banco
9433;6324;1349;1;190,00;Venda Pai Nao Existe no Banco
9435;6324;7953;1;220,00;Venda Pai Nao Existe no Banco
9436;6325;1554;1;190,00;Venda Pai Nao Existe no Banco
9437;6325;7821;1;260,00;Venda Pai Nao Existe no Banco
9438;6326;1542;1;290,00;Venda Pai Nao Existe no Banco
9439;6327;7953;1;220,00;Venda Pai Nao Existe no Banco
9440;6327;7821;1;150,00;Venda Pai Nao Existe no Banco
9441;6312;1534;1;140,00;Venda Pai Nao Existe no Banco
9443;6328;8305;1;1.010,00;Venda Pai Nao Existe no Banco
9444;6328;7952;1;320,00;Venda Pai Nao Existe no Banco
9445;6329;5015;1;120,00;Venda Pai Nao Existe no Banco
9446;6330;1533;1;100,00;Venda Pai Nao Existe no Banco
9447;6330;4178;1;150,00;Venda Pai Nao Existe no Banco
9448;6331;1534;1;160,00;Venda Pai Nao Existe no Banco
9449;6330;3005;1;150,00;Venda Pai Nao Existe no Banco
9450;6332;7953;1;250,00;Venda Pai Nao Existe no Banco
9451;6332;7151;1;290,00;Venda Pai Nao Existe no Banco
9452;6333;8175;1;1.140,00;Venda Pai Nao Existe no Banco
9453;6333;8103;1;330,00;Venda Pai Nao Existe no Banco
9454;6334;1534;1;140,00;Venda Pai Nao Existe no Banco
9455;6336;1542;1;240,00;Venda Pai Nao Existe no Banco
9456;6337;7953;1;250,00;Venda Pai Nao Existe no Banco
9457;6337;10;1;620,00;Venda Pai Nao Existe no Banco
9459;6338;1554;0,5;110,00;Venda Pai Nao Existe no Banco
9460;6339;7810;1;100,00;Venda Pai Nao Existe no Banco
9461;6340;1534;1;130,00;Venda Pai Nao Existe no Banco
9462;6340;7821;1;210,00;Venda Pai Nao Existe no Banco
9463;6341;1534;1;140,00;Venda Pai Nao Existe no Banco
9464;6341;8193;1;200,00;Venda Pai Nao Existe no Banco
9465;6342;1534;1;160,00;Venda Pai Nao Existe no Banco
9466;6342;7773;1;100,00;Venda Pai Nao Existe no Banco
9467;6343;1542;1;260,00;Venda Pai Nao Existe no Banco
9468;6343;7732;1;260,00;Venda Pai Nao Existe no Banco
9469;6343;1542;1;260,00;Venda Pai Nao Existe no Banco
9470;6343;7972;1;380,00;Venda Pai Nao Existe no Banco
9472;6344;7972;1;340,00;Venda Pai Nao Existe no Banco
9474;6344;1760;1;460,00;Venda Pai Nao Existe no Banco
9475;6345;1542;1;260,00;Venda Pai Nao Existe no Banco
9476;6345;1349;1;140,00;Venda Pai Nao Existe no Banco
9477;6346;7952;1;390,00;Venda Pai Nao Existe no Banco
9478;6346;1534;1;160,00;Venda Pai Nao Existe no Banco
9479;6347;7821;1;220,00;Venda Pai Nao Existe no Banco
9480;6347;1542;1;260,00;Venda Pai Nao Existe no Banco
9481;6348;2287;1;20,00;Venda Pai Nao Existe no Banco
9482;6348;1534;1;160,00;Venda Pai Nao Existe no Banco
9483;6348;7972;1;340,00;Venda Pai Nao Existe no Banco
9484;6350;1721;1;345,00;Venda Pai Nao Existe no Banco
9486;6351;7181;1;450,00;Venda Pai Nao Existe no Banco
9487;6352;7953;1;250,00;Venda Pai Nao Existe no Banco
9488;6353;1760;1;540,00;Venda Pai Nao Existe no Banco
9489;6354;7953;1;220,00;Venda Pai Nao Existe no Banco
9490;6354;7953;1;220,00;Venda Pai Nao Existe no Banco
9491;6354;7439;1;460,00;Venda Pai Nao Existe no Banco
9492;6354;8256;1;750,00;Venda Pai Nao Existe no Banco
9493;6355;1305;1;100,00;Venda Pai Nao Existe no Banco
9494;6351;7953;1;225,00;Venda Pai Nao Existe no Banco
9495;6356;1534;1;160,00;Venda Pai Nao Existe no Banco
9496;6357;7972;1;300,00;Venda Pai Nao Existe no Banco
9497;6358;1721;1;490,00;Venda Pai Nao Existe no Banco
9498;6358;7187;;350,00;Venda Pai Nao Existe no Banco
9499;6359;1534;1;140,00;Venda Pai Nao Existe no Banco
9500;6359;1370;1;100,00;Venda Pai Nao Existe no Banco
9501;6361;1671;1;300,00;Venda Pai Nao Existe no Banco
9503;6362;1534;0,5;80,00;Venda Pai Nao Existe no Banco
9504;6362;1760;0,5;225,00;Venda Pai Nao Existe no Banco
9505;6363;1542;1;270,00;Venda Pai Nao Existe no Banco
9506;6364;3706;1;600,00;Venda Pai Nao Existe no Banco
9507;6364;7851;1;350,00;Venda Pai Nao Existe no Banco
9508;6365;1534;1;160,00;Venda Pai Nao Existe no Banco
9509;6365;7821;1;220,00;Venda Pai Nao Existe no Banco
9510;6366;7953;1;220,00;Venda Pai Nao Existe no Banco
9511;6366;7953;1;220,00;Venda Pai Nao Existe no Banco
9512;6366;8208;1;330,00;Venda Pai Nao Existe no Banco
9513;6366;8258;1;550,00;Venda Pai Nao Existe no Banco
9514;6367;7821;1;260,00;Venda Pai Nao Existe no Banco
9515;6368;1534;1;180,00;Venda Pai Nao Existe no Banco
9516;6369;1534;1;160,00;Venda Pai Nao Existe no Banco
9517;6369;7821;1;260,00;Venda Pai Nao Existe no Banco
9518;6370;8201;1;440,00;Venda Pai Nao Existe no Banco
9519;6370;10;1;530,00;Venda Pai Nao Existe no Banco
9520;6371;1542;1;250,00;Venda Pai Nao Existe no Banco
9521;6372;7952;1;330,00;Venda Pai Nao Existe no Banco
9522;6373;1542;1;670,00;Venda Pai Nao Existe no Banco
9523;6373;6011;1;600,00;Venda Pai Nao Existe no Banco
9524;6374;4672;1;350,00;Venda Pai Nao Existe no Banco
9525;6375;4657;1;670,00;Venda Pai Nao Existe no Banco
9526;6375;8171;1;600,00;Venda Pai Nao Existe no Banco
9527;6376;1542;1;280,00;Venda Pai Nao Existe no Banco
9528;6376;7821;1;260,00;Venda Pai Nao Existe no Banco
9529;6377;4119;1;290,00;Venda Pai Nao Existe no Banco
9530;6378;7187;1;350,00;Venda Pai Nao Existe no Banco
9531;6379;1534;1;160,00;Venda Pai Nao Existe no Banco
9532;6380;1534;1;140,00;Venda Pai Nao Existe no Banco
9533;6380;8289;1;610,00;Venda Pai Nao Existe no Banco
9534;6381;1721;1;430,00;Venda Pai Nao Existe no Banco
9535;6382;1542;1;240,00;Venda Pai Nao Existe no Banco
9536;6383;1542;1;240,00;Venda Pai Nao Existe no Banco
9537;6383;7821;1;230,00;Venda Pai Nao Existe no Banco
9538;6384;1534;1;140,00;Venda Pai Nao Existe no Banco
9539;6384;8193;1;140,00;Venda Pai Nao Existe no Banco
9540;6386;7987;1;390,00;Venda Pai Nao Existe no Banco
9541;6387;7953;1;220,00;Venda Pai Nao Existe no Banco
9542;6387;7950;1;350,00;Venda Pai Nao Existe no Banco
9543;6388;8300;1;450,00;Venda Pai Nao Existe no Banco
9544;6388;7446;1;590,00;Venda Pai Nao Existe no Banco
9545;6390;1533;1;90,00;Venda Pai Nao Existe no Banco
9546;6391;1542;1;280,00;Venda Pai Nao Existe no Banco
9548;6393;8307;1;890,00;Venda Pai Nao Existe no Banco
9549;6393;7851;1;390,00;Venda Pai Nao Existe no Banco
9550;6394;1542;1;288,00;Venda Pai Nao Existe no Banco
9551;6395;1542;1;280,00;Venda Pai Nao Existe no Banco
9552;6395;7821;1;220,00;Venda Pai Nao Existe no Banco
9553;6396;8204;1;1.278,00;Venda Pai Nao Existe no Banco
9554;6396;6748;1;580,00;Venda Pai Nao Existe no Banco
9555;6397;1534;1;160,00;Venda Pai Nao Existe no Banco
9556;6397;7821;1;200,00;Venda Pai Nao Existe no Banco
9557;6398;7953;1;220,00;Venda Pai Nao Existe no Banco
9558;6398;7821;1;200,00;Venda Pai Nao Existe no Banco
9559;6399;1552;1;350,00;Venda Pai Nao Existe no Banco
9560;6399;7821;1;220,00;Venda Pai Nao Existe no Banco
9561;6400;8294;1;580,00;Venda Pai Nao Existe no Banco
9562;6401;7953;1;180,00;Venda Pai Nao Existe no Banco
9563;6402;5627;1;750,00;Venda Pai Nao Existe no Banco
9564;6402;5627;1;750,00;Venda Pai Nao Existe no Banco
9565;6402;5015;1;190,00;Venda Pai Nao Existe no Banco
9566;6402;7821;1;220,00;Venda Pai Nao Existe no Banco
9567;6403;1760;1;420,00;Venda Pai Nao Existe no Banco
9568;6403;7931;1;330,00;Venda Pai Nao Existe no Banco
9570;6404;7953;1;250,00;Venda Pai Nao Existe no Banco
9571;6405;3259;1;1.000,00;Venda Pai Nao Existe no Banco
9572;6406;8258;1;620,00;Venda Pai Nao Existe no Banco
9573;6406;1542;1;260,00;Venda Pai Nao Existe no Banco
9574;6407;1554;1;190,00;Venda Pai Nao Existe no Banco
9575;6408;1542;1;260,00;Venda Pai Nao Existe no Banco
9576;6408;7821;1;220,00;Venda Pai Nao Existe no Banco
9577;6409;1349;1;140,00;Venda Pai Nao Existe no Banco
9578;6409;1554;1;190,00;Venda Pai Nao Existe no Banco
9579;6412;1554;1;190,00;Venda Pai Nao Existe no Banco
9580;6412;1426;1;100,00;Venda Pai Nao Existe no Banco
9581;6413;1540;1;30,00;Venda Pai Nao Existe no Banco
9582;6414;1542;1;240,00;Venda Pai Nao Existe no Banco
9583;6414;8287;1;1.260,00;Venda Pai Nao Existe no Banco
9584;6415;7953;1;230,00;Venda Pai Nao Existe no Banco
9585;6415;7821;1;220,00;Venda Pai Nao Existe no Banco
9586;6416;1542;1;260,00;Venda Pai Nao Existe no Banco
9587;6416;7952;1;390,00;Venda Pai Nao Existe no Banco
9589;6417;8308;1;49,00;Venda Pai Nao Existe no Banco
9590;6418;3109;1;190,00;Venda Pai Nao Existe no Banco
9592;6419;8309;1;100,00;Venda Pai Nao Existe no Banco
9593;6419;1349;1;100,00;Venda Pai Nao Existe no Banco
9595;6421;8310;1;600,00;Venda Pai Nao Existe no Banco
9596;6422;7953;1;250,00;Venda Pai Nao Existe no Banco
9597;6423;1542;1;250,00;Venda Pai Nao Existe no Banco
9598;6424;1534;0,5;70,00;Venda Pai Nao Existe no Banco
9599;4310;1534;1;140,00;Venda Pai Nao Existe no Banco
9600;6426;7821;1;260,00;Venda Pai Nao Existe no Banco
9601;6427;8300;1;390,00;Venda Pai Nao Existe no Banco
9602;6427;7821;1;260,00;Venda Pai Nao Existe no Banco
9603;6428;7821;1;260,00;Venda Pai Nao Existe no Banco
9604;6429;7953;1;225,00;Venda Pai Nao Existe no Banco
9605;6429;7953;1;225,00;Venda Pai Nao Existe no Banco
9606;6429;7821;1;234,00;Venda Pai Nao Existe no Banco
9607;6429;7821;1;234,00;Venda Pai Nao Existe no Banco
9608;6423;7151;1;330,00;Venda Pai Nao Existe no Banco
9609;6430;8311;1;450,00;Venda Pai Nao Existe no Banco
9610;6431;1542;1;280,00;Venda Pai Nao Existe no Banco
9611;6431;1372;1;100,00;Venda Pai Nao Existe no Banco
9612;6432;1534;1;160,00;Venda Pai Nao Existe no Banco
9613;6434;1534;1;120,00;Venda Pai Nao Existe no Banco
9615;6435;8312;1;125,00;Venda Pai Nao Existe no Banco
9616;6436;8312;1;125,00;Venda Pai Nao Existe no Banco
9617;6437;130;1;100,00;Venda Pai Nao Existe no Banco
9618;6438;7953;1;320,00;Venda Pai Nao Existe no Banco
9619;6438;7821;1;230,00;Venda Pai Nao Existe no Banco
9620;6439;7972;1;320,00;Venda Pai Nao Existe no Banco
9621;6440;4639;1;260,00;Venda Pai Nao Existe no Banco
9622;6441;1542;1;230,00;Venda Pai Nao Existe no Banco
9623;6441;1534;1;140,00;Venda Pai Nao Existe no Banco
9624;6442;6158;1;590,00;Venda Pai Nao Existe no Banco
9625;6442;1542;1;260,00;Venda Pai Nao Existe no Banco
9626;6443;7628;1;190,00;Venda Pai Nao Existe no Banco
9627;6444;8250;1;1.050,00;Venda Pai Nao Existe no Banco
9628;6445;1534;1;160,00;Venda Pai Nao Existe no Banco
9629;6445;7821;1;260,00;Venda Pai Nao Existe no Banco
9630;6446;1552;1;220,00;Venda Pai Nao Existe no Banco
9631;6446;7952;1;390,00;Venda Pai Nao Existe no Banco
9632;6449;1760;1;450,00;Venda Pai Nao Existe no Banco
9633;6447;1760;1;460,00;Venda Pai Nao Existe no Banco
9634;6450;7953;1;220,00;Venda Pai Nao Existe no Banco
9635;6450;7140;1;530,00;Venda Pai Nao Existe no Banco
9636;6452;7821;1;250,00;Venda Pai Nao Existe no Banco
9637;6453;8312;1;125,00;Venda Pai Nao Existe no Banco
9638;6454;4581;1;240,00;Venda Pai Nao Existe no Banco
9639;6455;8102;1;800,00;Venda Pai Nao Existe no Banco
9640;6455;7952;1;320,00;Venda Pai Nao Existe no Banco
9642;6457;4581;2;680,00;Venda Pai Nao Existe no Banco
9643;6458;6603;1;300,00;Venda Pai Nao Existe no Banco
9644;6458;1542;1;200,00;Venda Pai Nao Existe no Banco
9645;6459;7966;1;594,00;Venda Pai Nao Existe no Banco
9646;6460;1542;1;250,00;Venda Pai Nao Existe no Banco
9647;6460;8258;1;530,00;Venda Pai Nao Existe no Banco
9648;6461;7821;1;220,00;Venda Pai Nao Existe no Banco
9649;6462;5627;1;730,00;Venda Pai Nao Existe no Banco
9650;6462;7821;1;220,00;Venda Pai Nao Existe no Banco
9652;6463;1760;1;225,00;Venda Pai Nao Existe no Banco
9653;6463;7821;1;150,00;Venda Pai Nao Existe no Banco
9654;6464;1534;1;140,00;Venda Pai Nao Existe no Banco
9655;6464;7880;1;150,00;Venda Pai Nao Existe no Banco
9656;6465;1760;1;365,00;Venda Pai Nao Existe no Banco
9657;6465;1760;1;365,00;Venda Pai Nao Existe no Banco
9658;6466;1554;1;180,00;Venda Pai Nao Existe no Banco
9659;6468;1552;1;180,00;Venda Pai Nao Existe no Banco
9660;6468;1349;1;159,00;Venda Pai Nao Existe no Banco
9661;6469;7972;1;260,00;Venda Pai Nao Existe no Banco
9662;6470;1534;1;120,00;Venda Pai Nao Existe no Banco
9663;6470;7821;1;230,00;Venda Pai Nao Existe no Banco
9664;6471;1534;1;120,00;Venda Pai Nao Existe no Banco
9665;6471;7953;1;220,00;Venda Pai Nao Existe no Banco
9666;6471;1349;1;100,00;Venda Pai Nao Existe no Banco
9667;6472;1534;1;120,00;Venda Pai Nao Existe no Banco
9668;6472;865;1;580,00;Venda Pai Nao Existe no Banco
9669;6473;7952;1;350,00;Venda Pai Nao Existe no Banco
9670;6474;5472;1;120,00;Venda Pai Nao Existe no Banco
9674;6475;1721;1;585,00;Venda Pai Nao Existe no Banco
9675;6476;7953;1;250,00;Venda Pai Nao Existe no Banco
9676;6476;1349;1;190,00;Venda Pai Nao Existe no Banco
9678;6477;8258;1;530,00;Venda Pai Nao Existe no Banco
9679;6477;8313;1;2.500,00;Venda Pai Nao Existe no Banco
9680;6478;8300;1;350,00;Venda Pai Nao Existe no Banco
9682;6480;1542;1;280,00;Venda Pai Nao Existe no Banco
9683;6481;1542;1;290,00;Venda Pai Nao Existe no Banco
9685;6481;8314;1;891,00;Venda Pai Nao Existe no Banco
9687;6483;2733;1;170,00;Venda Pai Nao Existe no Banco
9688;6483;1542;1;270,00;Venda Pai Nao Existe no Banco
9689;6484;1542;1;260,00;Venda Pai Nao Existe no Banco
9690;6484;0;1;980,00;Venda Pai Nao Existe no Banco
9691;6484;8290;1;980,00;Venda Pai Nao Existe no Banco
9692;6485;1554;1;200,00;Venda Pai Nao Existe no Banco
9693;6487;7953;1;190,00;Venda Pai Nao Existe no Banco
9694;6487;7952;1;350,00;Venda Pai Nao Existe no Banco
9697;6489;1542;1;250,00;Venda Pai Nao Existe no Banco
9698;6489;2733;1;150,00;Venda Pai Nao Existe no Banco
9699;6490;7972;1;190,00;Venda Pai Nao Existe no Banco
9700;6491;8301;1;1.210,00;Venda Pai Nao Existe no Banco
9701;6492;8315;1;580,00;Venda Pai Nao Existe no Banco
9702;6492;8193;1;190,00;Venda Pai Nao Existe no Banco
9703;6492;1534;1;160,00;Venda Pai Nao Existe no Banco
9704;6493;1542;1;230,00;Venda Pai Nao Existe no Banco
9705;6493;1349;1;170,00;Venda Pai Nao Existe no Banco
9706;6494;1534;1;140,00;Venda Pai Nao Existe no Banco
9707;6494;7821;1;240,00;Venda Pai Nao Existe no Banco
9709;6496;8316;0,5;496,00;Venda Pai Nao Existe no Banco
9710;6497;1534;1;160,00;Venda Pai Nao Existe no Banco
9711;6497;7821;1;260,00;Venda Pai Nao Existe no Banco
9712;6498;7953;1;240,00;Venda Pai Nao Existe no Banco
9713;6498;7821;1;260,00;Venda Pai Nao Existe no Banco
9714;6499;1760;1;450,00;Venda Pai Nao Existe no Banco
9715;6499;1349;1;150,00;Venda Pai Nao Existe no Banco
9716;6500;1534;1;160,00;Venda Pai Nao Existe no Banco
9717;6500;7821;1;260,00;Venda Pai Nao Existe no Banco
9718;6482;7972;1;190,00;Venda Pai Nao Existe no Banco
9719;6501;7972;2;380,00;Venda Pai Nao Existe no Banco
9720;6502;1534;1;160,00;Venda Pai Nao Existe no Banco
9721;6502;8193;1;190,00;Venda Pai Nao Existe no Banco
9722;6506;1554;1;190,00;Venda Pai Nao Existe no Banco
9723;6506;7821;1;250,00;Venda Pai Nao Existe no Banco
9726;6506;1542;1;250,00;Venda Pai Nao Existe no Banco
9727;6506;7821;1;250,00;Venda Pai Nao Existe no Banco
9728;6507;7810;1;100,00;Venda Pai Nao Existe no Banco
9729;6508;1760;1;450,00;Venda Pai Nao Existe no Banco
9730;6508;7821;1;250,00;Venda Pai Nao Existe no Banco
9731;4505;1760;1;450,00;Venda Pai Nao Existe no Banco
9732;4505;7821;1;260,00;Venda Pai Nao Existe no Banco
9733;6510;1349;1;100,00;Venda Pai Nao Existe no Banco
9734;6509;1721;1;518,00;Venda Pai Nao Existe no Banco
9735;6510;1542;1;230,00;Venda Pai Nao Existe no Banco
9736;6509;7821;1;290,00;Venda Pai Nao Existe no Banco
9737;6509;1349;1;100,00;Venda Pai Nao Existe no Banco
9738;6509;1534;1;120,00;Venda Pai Nao Existe no Banco
9739;6509;1554;1;190,00;Venda Pai Nao Existe no Banco
9740;6509;7972;1;200,00;Venda Pai Nao Existe no Banco
9741;6511;7953;1;250,00;Venda Pai Nao Existe no Banco
9742;6511;7181;1;480,00;Venda Pai Nao Existe no Banco
9743;6511;8317;1;1.063,00;Venda Pai Nao Existe no Banco
9744;6511;8302;1;1.962,00;Venda Pai Nao Existe no Banco
9745;6512;1554;1;190,00;Venda Pai Nao Existe no Banco
9746;6512;1349;1;100,00;Venda Pai Nao Existe no Banco
9747;6513;1554;1;190,00;Venda Pai Nao Existe no Banco
9748;6514;1554;1;180,00;Venda Pai Nao Existe no Banco
9750;6516;1721;1;450,00;Venda Pai Nao Existe no Banco
9751;6517;1534;1;120,00;Venda Pai Nao Existe no Banco
9752;6517;7821;1;280,00;Venda Pai Nao Existe no Banco
9753;6518;7953;1;250,00;Venda Pai Nao Existe no Banco
9754;6519;1542;1;260,00;Venda Pai Nao Existe no Banco
9755;6519;1349;1;120,00;Venda Pai Nao Existe no Banco
9756;6520;7972;1;100,00;Venda Pai Nao Existe no Banco
9757;6521;1542;1;260,00;Venda Pai Nao Existe no Banco
9758;6521;1349;1;140,00;Venda Pai Nao Existe no Banco
9759;6522;1528;1;160,00;Venda Pai Nao Existe no Banco
9760;6523;1721;1;540,00;Venda Pai Nao Existe no Banco
9761;6523;7821;1;260,00;Venda Pai Nao Existe no Banco
9763;6524;8318;1;2.163,00;Venda Pai Nao Existe no Banco
9764;6524;1760;0,5;225,00;Venda Pai Nao Existe no Banco
9765;6524;1534;0,5;80,00;Venda Pai Nao Existe no Banco
9766;6524;1534;1;160,00;Venda Pai Nao Existe no Banco
9767;6524;7952;1;390,00;Venda Pai Nao Existe no Banco
9768;6524;3109;1;190,00;Venda Pai Nao Existe no Banco
9769;6526;1534;1;140,00;Venda Pai Nao Existe no Banco
9770;6526;1349;1;140,00;Venda Pai Nao Existe no Banco
9771;6525;1534;2;200,00;Venda Pai Nao Existe no Banco
9772;6525;1349;1;100,00;Venda Pai Nao Existe no Banco
9773;6528;1534;1;120,00;Venda Pai Nao Existe no Banco
9774;6528;7821;1;230,00;Venda Pai Nao Existe no Banco
9776;6478;8319;1;495,00;Venda Pai Nao Existe no Banco
9777;6529;7953;1;250,00;Venda Pai Nao Existe no Banco
9779;6530;1534;1;180,00;Venda Pai Nao Existe no Banco
9780;6532;7953;1;220,00;Venda Pai Nao Existe no Banco
9781;6532;7821;1;230,00;Venda Pai Nao Existe no Banco
9782;6524;1760;1;450,00;Venda Pai Nao Existe no Banco
9783;6524;1349;1;140,00;Venda Pai Nao Existe no Banco
9784;6524;7953;1;250,00;Venda Pai Nao Existe no Banco
9785;6533;1534;1;160,00;Venda Pai Nao Existe no Banco
9786;6533;1349;1;140,00;Venda Pai Nao Existe no Banco
9787;6534;1534;1;140,00;Venda Pai Nao Existe no Banco
9788;6534;1534;1;140,00;Venda Pai Nao Existe no Banco
9789;6534;1349;1;140,00;Venda Pai Nao Existe no Banco
9790;6534;7821;1;240,00;Venda Pai Nao Existe no Banco
9791;6535;1760;1;450,00;Venda Pai Nao Existe no Banco
9792;6535;7140;1;490,00;Venda Pai Nao Existe no Banco
9793;6536;1542;1;260,00;Venda Pai Nao Existe no Banco
9794;6536;1349;1;140,00;Venda Pai Nao Existe no Banco
9795;6538;1721;1;490,00;Venda Pai Nao Existe no Banco
9796;6538;8001;1;510,00;Venda Pai Nao Existe no Banco
9797;6539;7953;1;250,00;Venda Pai Nao Existe no Banco
9798;6539;7972;1;380,00;Venda Pai Nao Existe no Banco
9799;6541;1542;1;240,00;Venda Pai Nao Existe no Banco
9800;6541;7821;1;230,00;Venda Pai Nao Existe no Banco
9801;6542;7821;1;260,00;Venda Pai Nao Existe no Banco
9802;6543;1534;1;110,00;Venda Pai Nao Existe no Banco
9803;6543;7187;1;340,00;Venda Pai Nao Existe no Banco
9804;6545;1534;1;160,00;Venda Pai Nao Existe no Banco
9805;6545;5015;1;220,00;Venda Pai Nao Existe no Banco
9806;6546;1554;0,5;90,00;Venda Pai Nao Existe no Banco
9807;6547;7966;1;630,00;Venda Pai Nao Existe no Banco
9808;6548;1760;1;450,00;Venda Pai Nao Existe no Banco
9809;6549;1752;1;350,00;Venda Pai Nao Existe no Banco
9810;6549;7821;1;260,00;Venda Pai Nao Existe no Banco
9811;6550;7821;1;240,00;Venda Pai Nao Existe no Banco
9812;6551;8312;1;120,00;Venda Pai Nao Existe no Banco
9813;6552;7953;1;250,00;Venda Pai Nao Existe no Banco
9814;6552;7821;1;260,00;Venda Pai Nao Existe no Banco
9815;6553;1554;1;190,00;Venda Pai Nao Existe no Banco
9816;6553;7972;1;380,00;Venda Pai Nao Existe no Banco
9817;6554;1534;1;160,00;Venda Pai Nao Existe no Banco
9818;6555;7972;1;260,00;Venda Pai Nao Existe no Banco
9819;6556;8273;1;650,00;Venda Pai Nao Existe no Banco
9820;6557;1542;1;260,00;Venda Pai Nao Existe no Banco
9822;6558;7953;1;250,00;Venda Pai Nao Existe no Banco
9823;6559;7953;1;250,00;Venda Pai Nao Existe no Banco
9824;6560;1534;1;160,00;Venda Pai Nao Existe no Banco
9825;6561;7972;1;220,00;Venda Pai Nao Existe no Banco
9826;6562;7821;1;200,00;Venda Pai Nao Existe no Banco
9827;6563;1760;1;450,00;Venda Pai Nao Existe no Banco
9828;6564;8273;1;600,00;Venda Pai Nao Existe no Banco
9829;6565;1534;1;160,00;Venda Pai Nao Existe no Banco
9830;6565;7953;1;250,00;Venda Pai Nao Existe no Banco
9831;6566;7953;1;230,00;Venda Pai Nao Existe no Banco
9832;6566;7821;1;230,00;Venda Pai Nao Existe no Banco
9833;6567;7953;1;250,00;Venda Pai Nao Existe no Banco
9834;6568;1542;1;260,00;Venda Pai Nao Existe no Banco
9835;6569;1534;1;150,00;Venda Pai Nao Existe no Banco
9836;6569;7821;1;140,00;Venda Pai Nao Existe no Banco
9837;6570;6599;1;380,00;Venda Pai Nao Existe no Banco
9839;6570;4514;1;300,00;Venda Pai Nao Existe no Banco
9840;6571;1534;1;180,00;Venda Pai Nao Existe no Banco
9841;6571;1534;1;160,00;Venda Pai Nao Existe no Banco
9842;6572;1534;1;120,00;Venda Pai Nao Existe no Banco
9843;6573;7953;1;250,00;Venda Pai Nao Existe no Banco
9844;6573;1349;1;100,00;Venda Pai Nao Existe no Banco
9845;6574;1760;1;400,00;Venda Pai Nao Existe no Banco
9846;6574;7821;1;200,00;Venda Pai Nao Existe no Banco
9847;6575;1542;1;230,00;Venda Pai Nao Existe no Banco
9848;6575;7821;1;230,00;Venda Pai Nao Existe no Banco
9849;6576;5484;1;230,00;Venda Pai Nao Existe no Banco
9850;6577;1760;1;450,00;Venda Pai Nao Existe no Banco
9851;6578;1349;1;100,00;Venda Pai Nao Existe no Banco
9852;6579;1349;1;100,00;Venda Pai Nao Existe no Banco
9853;6577;1534;1;160,00;Venda Pai Nao Existe no Banco
9854;6577;7821;1;190,00;Venda Pai Nao Existe no Banco
9855;6580;7953;1;250,00;Venda Pai Nao Existe no Banco
9856;6580;2287;1;20,00;Venda Pai Nao Existe no Banco
9857;6581;1534;1;110,00;Venda Pai Nao Existe no Banco
9858;6581;1349;1;100,00;Venda Pai Nao Existe no Banco
9859;6582;1542;0,5;120,00;Venda Pai Nao Existe no Banco
9860;6583;1534;1;160,00;Venda Pai Nao Existe no Banco
9861;6583;7821;1;260,00;Venda Pai Nao Existe no Banco
9862;6584;1534;1;140,00;Venda Pai Nao Existe no Banco
9863;6584;1349;1;100,00;Venda Pai Nao Existe no Banco
9864;6583;7953;1;250,00;Venda Pai Nao Existe no Banco
9865;6583;7821;1;260,00;Venda Pai Nao Existe no Banco
9866;6585;7821;1;190,00;Venda Pai Nao Existe no Banco
9867;6586;7972;1;260,00;Venda Pai Nao Existe no Banco
9868;6587;1534;1;160,00;Venda Pai Nao Existe no Banco
9869;6587;7821;1;240,00;Venda Pai Nao Existe no Banco
9871;6589;8258;1;500,00;Venda Pai Nao Existe no Banco
9872;6590;1542;0,5;120,00;Venda Pai Nao Existe no Banco
9873;6588;1760;1;450,00;Venda Pai Nao Existe no Banco
9874;6591;1540;1;50,00;Venda Pai Nao Existe no Banco
9877;6593;5059;1;780,00;Venda Pai Nao Existe no Banco
9878;6594;1542;1;210,00;Venda Pai Nao Existe no Banco
9879;6594;7821;1;190,00;Venda Pai Nao Existe no Banco
9880;6595;1534;1;140,00;Venda Pai Nao Existe no Banco
9881;6595;7821;1;240,00;Venda Pai Nao Existe no Banco
9882;6596;1760;1;400,00;Venda Pai Nao Existe no Banco
9883;6597;1534;0,5;70,00;Venda Pai Nao Existe no Banco
9884;6598;7972;1;280,00;Venda Pai Nao Existe no Banco
9885;6599;2403;1;240,00;Venda Pai Nao Existe no Banco
9886;6600;1534;1;160,00;Venda Pai Nao Existe no Banco
9887;6600;7187;1;380,00;Venda Pai Nao Existe no Banco
9888;6601;1760;1;420,00;Venda Pai Nao Existe no Banco
9889;6602;8102;1;290,00;Venda Pai Nao Existe no Banco
9890;6603;1349;1;100,00;Venda Pai Nao Existe no Banco
9891;6604;1761;1;690,00;Venda Pai Nao Existe no Banco
9892;6604;8154;1;720,00;Venda Pai Nao Existe no Banco
9894;6605;4473;1;682,00;Venda Pai Nao Existe no Banco
9895;6605;1542;1;260,00;Venda Pai Nao Existe no Banco
9896;6606;7953;1;0,00;Venda Pai Nao Existe no Banco
9897;6606;8258;1;500,00;Venda Pai Nao Existe no Banco
9899;6605;8320;1;600,00;Venda Pai Nao Existe no Banco
9900;6607;1534;1;120,00;Venda Pai Nao Existe no Banco
9901;6607;7972;1;340,00;Venda Pai Nao Existe no Banco
9902;6607;2287;1;40,00;Venda Pai Nao Existe no Banco
9903;6608;1542;1;220,00;Venda Pai Nao Existe no Banco
9904;6610;1542;1;260,00;Venda Pai Nao Existe no Banco
9905;6610;7972;1;260,00;Venda Pai Nao Existe no Banco
9906;6610;7972;1;260,00;Venda Pai Nao Existe no Banco
9907;6610;1534;1;160,00;Venda Pai Nao Existe no Banco
9908;6611;1534;1;170,00;Venda Pai Nao Existe no Banco
9909;6611;6983;1;390,00;Venda Pai Nao Existe no Banco
9910;6612;2287;1;20,00;Venda Pai Nao Existe no Banco
9911;6613;1542;1;280,00;Venda Pai Nao Existe no Banco
9912;6614;1534;1;135,00;Venda Pai Nao Existe no Banco
9913;6614;1349;1;120,00;Venda Pai Nao Existe no Banco
9914;6616;7953;1;250,00;Venda Pai Nao Existe no Banco
9915;6616;7821;1;260,00;Venda Pai Nao Existe no Banco
9916;6618;1349;1;100,00;Venda Pai Nao Existe no Banco
9917;6618;1554;1;170,00;Venda Pai Nao Existe no Banco
9918;6619;2287;1;25,00;Venda Pai Nao Existe no Banco
9919;6620;1534;1;160,00;Venda Pai Nao Existe no Banco
9920;6621;1534;1;180,00;Venda Pai Nao Existe no Banco
9921;6622;1760;1;460,00;Venda Pai Nao Existe no Banco
9922;6622;7821;1;260,00;Venda Pai Nao Existe no Banco
9923;6624;7636;1;690,00;Venda Pai Nao Existe no Banco
9924;6626;1534;1;140,00;Venda Pai Nao Existe no Banco
9925;6627;1542;1;260,00;Venda Pai Nao Existe no Banco
9926;6627;7821;1;280,00;Venda Pai Nao Existe no Banco
9927;6628;1534;1;100,00;Venda Pai Nao Existe no Banco
9928;6629;1554;1;190,00;Venda Pai Nao Existe no Banco
9929;6629;1458;1;100,00;Venda Pai Nao Existe no Banco
9930;6631;1542;1;260,00;Venda Pai Nao Existe no Banco
9931;6631;1349;1;100,00;Venda Pai Nao Existe no Banco
9932;6632;1534;1;150,00;Venda Pai Nao Existe no Banco
9933;6632;7821;1;240,00;Venda Pai Nao Existe no Banco
9934;6633;7953;1;260,00;Venda Pai Nao Existe no Banco
9935;6633;7821;1;250,00;Venda Pai Nao Existe no Banco
9936;6633;2403;1;240,00;Venda Pai Nao Existe no Banco
9937;6634;7953;1;250,00;Venda Pai Nao Existe no Banco
9938;6634;1349;1;100,00;Venda Pai Nao Existe no Banco
9939;6635;8308;1;60,00;Venda Pai Nao Existe no Banco
9940;6636;1534;1;160,00;Venda Pai Nao Existe no Banco
9941;6636;7972;1;380,00;Venda Pai Nao Existe no Banco
9942;6637;8273;1;50,00;Venda Pai Nao Existe no Banco
9943;6637;4145;1;200,00;Venda Pai Nao Existe no Banco
9944;6638;1542;1;270,00;Venda Pai Nao Existe no Banco
9945;6639;7827;1;360,00;Venda Pai Nao Existe no Banco
9946;6639;1349;1;120,00;Venda Pai Nao Existe no Banco
9947;6640;6599;1;340,00;Venda Pai Nao Existe no Banco
9949;6643;7972;1;240,00;Venda Pai Nao Existe no Banco
9950;6644;7972;1;240,00;Venda Pai Nao Existe no Banco
9951;6645;1534;1;160,00;Venda Pai Nao Existe no Banco
9952;6647;7987;1;350,00;Venda Pai Nao Existe no Banco
9953;6647;2287;1;20,00;Venda Pai Nao Existe no Banco
9954;6648;1534;1;160,00;Venda Pai Nao Existe no Banco
9955;6648;1349;1;140,00;Venda Pai Nao Existe no Banco
9956;6649;1534;1;160,00;Venda Pai Nao Existe no Banco
9957;6650;2287;1;260,00;Venda Pai Nao Existe no Banco
9958;6651;7972;1;280,00;Venda Pai Nao Existe no Banco
9959;6652;1534;1;160,00;Venda Pai Nao Existe no Banco
9960;6652;7821;1;260,00;Venda Pai Nao Existe no Banco
9961;6653;1534;1;200,00;Venda Pai Nao Existe no Banco
9962;6653;1349;1;100,00;Venda Pai Nao Existe no Banco
9963;6654;1761;1;690,00;Venda Pai Nao Existe no Banco
9964;6654;8193;1;160,00;Venda Pai Nao Existe no Banco
9965;6656;1542;1;260,00;Venda Pai Nao Existe no Banco
9966;6657;7972;1;160,00;Venda Pai Nao Existe no Banco
9967;6658;1760;1;405,00;Venda Pai Nao Existe no Banco
9968;6658;7821;1;255,00;Venda Pai Nao Existe no Banco
9969;6659;1542;1;230,00;Venda Pai Nao Existe no Banco
9970;6659;7972;1;340,00;Venda Pai Nao Existe no Banco
9971;6659;1534;1;130,00;Venda Pai Nao Existe no Banco
9972;6660;1534;1;140,00;Venda Pai Nao Existe no Banco
9973;6660;7821;1;260,00;Venda Pai Nao Existe no Banco
9974;6660;8294;1;790,00;Venda Pai Nao Existe no Banco
9975;6661;1534;1;160,00;Venda Pai Nao Existe no Banco
9976;6661;8193;1;100,00;Venda Pai Nao Existe no Banco
9978;6662;1534;1;130,00;Venda Pai Nao Existe no Banco
9979;6662;8322;1;640,00;Venda Pai Nao Existe no Banco
9980;6665;1542;1;230,00;Venda Pai Nao Existe no Banco
9981;6665;7821;1;230,00;Venda Pai Nao Existe no Banco
9982;6666;1534;1;160,00;Venda Pai Nao Existe no Banco
9983;6666;7972;1;260,00;Venda Pai Nao Existe no Banco
9984;6667;1534;1;100,00;Venda Pai Nao Existe no Banco
9985;6667;1349;1;160,00;Venda Pai Nao Existe no Banco
9986;6668;1534;1;130,00;Venda Pai Nao Existe no Banco
9988;6669;7972;1;320,00;Venda Pai Nao Existe no Banco
9989;6669;1542;1;260,00;Venda Pai Nao Existe no Banco
9990;6670;7821;1;130,00;Venda Pai Nao Existe no Banco
9991;6671;7952;1;330,00;Venda Pai Nao Existe no Banco
9992;6672;1534;1;130,00;Venda Pai Nao Existe no Banco
9993;6672;1349;1;100,00;Venda Pai Nao Existe no Banco
9994;6673;1534;1;160,00;Venda Pai Nao Existe no Banco
9995;6673;8039;1;380,00;Venda Pai Nao Existe no Banco
9996;6674;1554;1;180,00;Venda Pai Nao Existe no Banco
9997;6674;1554;1;180,00;Venda Pai Nao Existe no Banco
9998;6674;1349;1;100,00;Venda Pai Nao Existe no Banco
9999;6674;1349;1;100,00;Venda Pai Nao Existe no Banco
10000;6675;1721;1;540,00;Venda Pai Nao Existe no Banco
10001;6675;5015;1;260,00;Venda Pai Nao Existe no Banco
10002;6676;1760;1;330,00;Venda Pai Nao Existe no Banco
10003;6677;7953;1;190,00;Venda Pai Nao Existe no Banco
10004;6677;7821;1;200,00;Venda Pai Nao Existe no Banco
10005;6678;1542;1;230,00;Venda Pai Nao Existe no Banco
10006;6678;7972;1;320,00;Venda Pai Nao Existe no Banco
10007;6679;1542;0,5;115,00;Venda Pai Nao Existe no Banco
10008;6680;1534;1;160,00;Venda Pai Nao Existe no Banco
10009;6680;7821;1;220,00;Venda Pai Nao Existe no Banco
10010;6681;4513;1;350,00;Venda Pai Nao Existe no Banco
10012;6681;8323;1;640,00;Venda Pai Nao Existe no Banco
10013;6682;7987;1;350,00;Venda Pai Nao Existe no Banco
10014;6682;2705;1;200,00;Venda Pai Nao Existe no Banco
10015;6684;1542;1;260,00;Venda Pai Nao Existe no Banco
10016;6684;1542;1;260,00;Venda Pai Nao Existe no Banco
10017;6684;6475;1;140,00;Venda Pai Nao Existe no Banco
10018;6684;5015;1;190,00;Venda Pai Nao Existe no Banco
10019;6685;1534;1;160,00;Venda Pai Nao Existe no Banco
10020;6685;8193;1;220,00;Venda Pai Nao Existe no Banco
10021;6686;1534;1;160,00;Venda Pai Nao Existe no Banco
10022;6686;1349;1;100,00;Venda Pai Nao Existe no Banco
10023;6687;8185;1;450,00;Venda Pai Nao Existe no Banco
10024;6687;8279;1;690,00;Venda Pai Nao Existe no Banco
10025;6688;7720;1;280,00;Venda Pai Nao Existe no Banco
10026;6688;1542;1;260,00;Venda Pai Nao Existe no Banco
10027;6689;1534;1;160,00;Venda Pai Nao Existe no Banco
10028;6690;1349;1;105,00;Venda Pai Nao Existe no Banco
10029;6691;1542;1;230,00;Venda Pai Nao Existe no Banco
10030;6691;1534;1;160,00;Venda Pai Nao Existe no Banco
10031;6691;1349;1;100,00;Venda Pai Nao Existe no Banco
10032;6693;7972;1;280,00;Venda Pai Nao Existe no Banco
10033;6694;7821;1;190,00;Venda Pai Nao Existe no Banco
10034;6695;1534;1;160,00;Venda Pai Nao Existe no Banco
10035;6696;2287;1;20,00;Venda Pai Nao Existe no Banco
10036;6698;1554;1;220,00;Venda Pai Nao Existe no Banco
10037;6699;2287;1;40,00;Venda Pai Nao Existe no Banco
10038;6700;1534;1;160,00;Venda Pai Nao Existe no Banco
10039;6701;1542;1;230,00;Venda Pai Nao Existe no Banco
10040;6701;1426;1;220,00;Venda Pai Nao Existe no Banco
10041;6702;1540;1;40,00;Venda Pai Nao Existe no Banco
10042;6703;1534;1;160,00;Venda Pai Nao Existe no Banco
10043;6703;7821;1;280,00;Venda Pai Nao Existe no Banco
10044;6704;8301;1;1.210,00;Venda Pai Nao Existe no Banco
10045;6704;7821;1;280,00;Venda Pai Nao Existe no Banco
10046;6704;7953;1;250,00;Venda Pai Nao Existe no Banco
10047;6704;7972;1;380,00;Venda Pai Nao Existe no Banco
10048;6705;8315;1;580,00;Venda Pai Nao Existe no Banco
10049;6705;8258;1;570,00;Venda Pai Nao Existe no Banco
10050;6706;1349;1;100,00;Venda Pai Nao Existe no Banco
10051;6708;7952;1;380,00;Venda Pai Nao Existe no Banco
10054;6709;7181;1;430,00;Venda Pai Nao Existe no Banco
10056;6709;8238;1;1.170,00;Venda Pai Nao Existe no Banco
10058;6710;1752;1;290,00;Venda Pai Nao Existe no Banco
10059;6711;1542;1;230,00;Venda Pai Nao Existe no Banco
10060;6711;7821;1;200,00;Venda Pai Nao Existe no Banco
10061;6712;1534;1;200,00;Venda Pai Nao Existe no Banco
10063;6713;8324;1;1.100,00;Venda Pai Nao Existe no Banco
10064;6714;1534;1;160,00;Venda Pai Nao Existe no Banco
10065;6715;1542;0,5;115,00;Venda Pai Nao Existe no Banco
10066;6716;1534;1;160,00;Venda Pai Nao Existe no Banco
10067;6716;7821;1;260,00;Venda Pai Nao Existe no Banco
10068;6717;7710;1;280,00;Venda Pai Nao Existe no Banco
10069;6718;5627;1;690,00;Venda Pai Nao Existe no Banco
10070;6718;1349;1;140,00;Venda Pai Nao Existe no Banco
10071;6719;1542;1;260,00;Venda Pai Nao Existe no Banco
10072;6719;7972;1;280,00;Venda Pai Nao Existe no Banco
10073;6720;1554;1;200,00;Venda Pai Nao Existe no Banco
10075;6720;8326;1;140,00;Venda Pai Nao Existe no Banco
10076;6721;7953;1;250,00;Venda Pai Nao Existe no Banco
10077;6721;7821;1;250,00;Venda Pai Nao Existe no Banco
10078;6722;1760;1;470,00;Venda Pai Nao Existe no Banco
10079;6722;7821;1;260,00;Venda Pai Nao Existe no Banco
10080;6723;6771;1;300,00;Venda Pai Nao Existe no Banco
10081;6724;6177;1;780,00;Venda Pai Nao Existe no Banco
10082;6725;1534;1;160,00;Venda Pai Nao Existe no Banco
10083;6725;7821;1;260,00;Venda Pai Nao Existe no Banco
10084;6726;5940;1;380,00;Venda Pai Nao Existe no Banco
10085;6727;1534;1;80,00;Venda Pai Nao Existe no Banco
10086;6728;7953;1;250,00;Venda Pai Nao Existe no Banco
10087;6729;7821;1;190,00;Venda Pai Nao Existe no Banco
10088;6730;7953;1;250,00;Venda Pai Nao Existe no Banco
10089;6730;392;1;540,00;Venda Pai Nao Existe no Banco
10090;6731;1542;1;260,00;Venda Pai Nao Existe no Banco
10091;6731;1349;1;100,00;Venda Pai Nao Existe no Banco
10092;6732;1542;1;260,00;Venda Pai Nao Existe no Banco
10093;6732;8326;1;120,00;Venda Pai Nao Existe no Banco
10094;6733;1761;1;690,00;Venda Pai Nao Existe no Banco
10095;6734;1554;1;220,00;Venda Pai Nao Existe no Banco
10096;6734;7821;1;260,00;Venda Pai Nao Existe no Banco
10097;6735;1760;1;470,00;Venda Pai Nao Existe no Banco
10098;6735;7821;1;260,00;Venda Pai Nao Existe no Banco
10099;6736;1542;1;260,00;Venda Pai Nao Existe no Banco
10100;6736;7821;1;260,00;Venda Pai Nao Existe no Banco
10101;6737;1552;1;220,00;Venda Pai Nao Existe no Banco
10102;6737;7972;1;290,00;Venda Pai Nao Existe no Banco
10103;6738;4292;1;280,00;Venda Pai Nao Existe no Banco
10104;6739;7987;1;350,00;Venda Pai Nao Existe no Banco
10105;6739;7821;1;210,00;Venda Pai Nao Existe no Banco
10106;6740;1721;1;480,00;Venda Pai Nao Existe no Banco
10107;6740;7821;1;220,00;Venda Pai Nao Existe no Banco
10108;6741;1534;1;140,00;Venda Pai Nao Existe no Banco
10109;6741;1349;1;100,00;Venda Pai Nao Existe no Banco
10110;6741;7972;1;260,00;Venda Pai Nao Existe no Banco
10112;6742;1671;1;100,00;Venda Pai Nao Existe no Banco
10113;6736;8308;1;50,00;Venda Pai Nao Existe no Banco
10114;6743;7953;1;250,00;Venda Pai Nao Existe no Banco
10115;6743;7187;1;380,00;Venda Pai Nao Existe no Banco
10117;6745;7953;1;220,00;Venda Pai Nao Existe no Banco
10120;6745;8327;1;530,00;Venda Pai Nao Existe no Banco
10121;6746;1534;1;160,00;Venda Pai Nao Existe no Banco
10122;6746;1534;1;160,00;Venda Pai Nao Existe no Banco
10123;6746;1533;1;180,00;Venda Pai Nao Existe no Banco
10124;6747;1534;1;160,00;Venda Pai Nao Existe no Banco
10125;6744;8328;1;780,00;Venda Pai Nao Existe no Banco
10126;6748;8234;1;1.680,00;Venda Pai Nao Existe no Banco
10127;6748;7997;1;520,00;Venda Pai Nao Existe no Banco
10128;6749;1349;1;120,00;Venda Pai Nao Existe no Banco
10129;6745;7972;1;250,00;Venda Pai Nao Existe no Banco
10130;6745;7953;1;220,00;Venda Pai Nao Existe no Banco
10131;6745;8171;1;550,00;Venda Pai Nao Existe no Banco
10133;6750;7821;1;250,00;Venda Pai Nao Existe no Banco
10134;6751;1760;1;225,00;Venda Pai Nao Existe no Banco
10135;6751;7181;1;190,00;Venda Pai Nao Existe no Banco
10136;6752;7953;1;230,00;Venda Pai Nao Existe no Banco
10137;6752;1766;1;220,00;Venda Pai Nao Existe no Banco
10138;6752;1542;0,5;110,00;Venda Pai Nao Existe no Banco
10139;6752;1533;0,5;40,00;Venda Pai Nao Existe no Banco
10140;6752;7022;1;190,00;Venda Pai Nao Existe no Banco
10141;6753;1542;1;260,00;Venda Pai Nao Existe no Banco
10142;6753;7972;1;380,00;Venda Pai Nao Existe no Banco
10143;6754;7953;1;290,00;Venda Pai Nao Existe no Banco
10144;6754;1372;1;140,00;Venda Pai Nao Existe no Banco
10145;6755;1542;0,5;130,00;Venda Pai Nao Existe no Banco
10146;6750;8329;1;1.070,00;Venda Pai Nao Existe no Banco
10147;6756;5627;1;890,00;Venda Pai Nao Existe no Banco
10148;6756;7952;1;330,00;Venda Pai Nao Existe no Banco
10149;6757;7810;1;190,00;Venda Pai Nao Existe no Banco
10150;6758;1760;1;225,00;Venda Pai Nao Existe no Banco
10152;6758;7972;1;130,00;Venda Pai Nao Existe no Banco
10153;6758;1349;1;0,00;Venda Pai Nao Existe no Banco
10154;6760;7972;1;260,00;Venda Pai Nao Existe no Banco
10155;6758;5627;1;225,00;Venda Pai Nao Existe no Banco
10157;6761;8310;1;600,00;Venda Pai Nao Existe no Banco
10158;6762;1534;1;120,00;Venda Pai Nao Existe no Banco
10159;6762;8326;1;140,00;Venda Pai Nao Existe no Banco
10160;6763;7953;1;350,00;Venda Pai Nao Existe no Banco
10161;6763;8258;1;590,00;Venda Pai Nao Existe no Banco
10162;6764;8300;1;550,00;Venda Pai Nao Existe no Banco
10163;6765;8300;1;450,00;Venda Pai Nao Existe no Banco
10164;6765;7821;1;250,00;Venda Pai Nao Existe no Banco
10165;6766;7953;1;250,00;Venda Pai Nao Existe no Banco
10166;6766;7821;1;250,00;Venda Pai Nao Existe no Banco
10167;6767;1542;1;180,00;Venda Pai Nao Existe no Banco
10168;6768;1769;1;645,00;Venda Pai Nao Existe no Banco
10169;6768;7821;1;255,00;Venda Pai Nao Existe no Banco
10170;6769;1349;1;100,00;Venda Pai Nao Existe no Banco
10171;6770;1554;1;220,00;Venda Pai Nao Existe no Banco
10172;6770;1349;1;140,00;Venda Pai Nao Existe no Banco
10173;6771;1760;1;450,00;Venda Pai Nao Existe no Banco
10174;6772;7972;1;260,00;Venda Pai Nao Existe no Banco
10175;6774;1534;1;160,00;Venda Pai Nao Existe no Banco
10176;6774;7810;1;180,00;Venda Pai Nao Existe no Banco
10177;6774;7821;1;260,00;Venda Pai Nao Existe no Banco
10178;6774;8021;1;390,00;Venda Pai Nao Existe no Banco
10179;6775;8193;1;150,00;Venda Pai Nao Existe no Banco
10180;6775;7953;1;250,00;Venda Pai Nao Existe no Banco
10181;6776;3706;1;550,00;Venda Pai Nao Existe no Banco
10182;6776;7821;1;260,00;Venda Pai Nao Existe no Banco
10183;6778;8326;1;100,00;Venda Pai Nao Existe no Banco
10184;6779;8102;1;450,00;Venda Pai Nao Existe no Banco
10185;6779;7821;1;220,00;Venda Pai Nao Existe no Banco
10186;6780;1554;1;190,00;Venda Pai Nao Existe no Banco
10187;6781;1542;1;280,00;Venda Pai Nao Existe no Banco
10188;6783;1534;0,5;90,00;Venda Pai Nao Existe no Banco
10189;6784;7821;1;130,00;Venda Pai Nao Existe no Banco
10191;6785;7821;1;230,00;Venda Pai Nao Existe no Banco
10192;6786;8273;1;650,00;Venda Pai Nao Existe no Banco
10193;6787;7953;1;220,00;Venda Pai Nao Existe no Banco
10194;6787;7952;1;340,00;Venda Pai Nao Existe no Banco
10195;6788;5934;1;320,00;Venda Pai Nao Existe no Banco
10196;6789;1542;1;220,00;Venda Pai Nao Existe no Banco
10197;6789;1349;1;80,00;Venda Pai Nao Existe no Banco
10199;6790;1554;2;380,00;Venda Pai Nao Existe no Banco
10200;6791;1542;1;260,00;Venda Pai Nao Existe no Banco
10201;6791;7821;1;220,00;Venda Pai Nao Existe no Banco
10202;6792;1554;1;190,00;Venda Pai Nao Existe no Banco
10204;6793;1554;1;190,00;Venda Pai Nao Existe no Banco
10205;6794;7953;1;250,00;Venda Pai Nao Existe no Banco
10206;6795;1760;1;540,00;Venda Pai Nao Existe no Banco
10207;6795;1349;1;100,00;Venda Pai Nao Existe no Banco
10208;6796;4959;1;730,00;Venda Pai Nao Existe no Banco
10209;6797;1542;1;260,00;Venda Pai Nao Existe no Banco
10210;6797;1349;1;100,00;Venda Pai Nao Existe no Banco
10211;6798;7953;1;290,00;Venda Pai Nao Existe no Banco
10212;6799;5627;1;125,00;Venda Pai Nao Existe no Banco
10213;6800;7953;1;210,00;Venda Pai Nao Existe no Banco
10214;6800;5940;1;320,00;Venda Pai Nao Existe no Banco
10216;6801;7821;1;250,00;Venda Pai Nao Existe no Banco
10217;6801;7953;1;250,00;Venda Pai Nao Existe no Banco
10218;6802;7953;1;200,00;Venda Pai Nao Existe no Banco
10219;6803;1534;1;150,00;Venda Pai Nao Existe no Banco
10220;6803;1349;1;100,00;Venda Pai Nao Existe no Banco
10221;6804;1534;1;160,00;Venda Pai Nao Existe no Banco
10222;6804;1349;1;100,00;Venda Pai Nao Existe no Banco
10223;6804;4581;1;240,00;Venda Pai Nao Existe no Banco
10224;6805;7972;1;260,00;Venda Pai Nao Existe no Banco
10225;6806;1534;1;160,00;Venda Pai Nao Existe no Banco
10226;6807;8317;1;815,00;Venda Pai Nao Existe no Banco
10227;6808;1542;1;260,00;Venda Pai Nao Existe no Banco
10228;6809;1760;1;420,00;Venda Pai Nao Existe no Banco
10229;6809;7821;1;200,00;Venda Pai Nao Existe no Banco
10230;6810;7972;1;260,00;Venda Pai Nao Existe no Banco
10232;6812;1542;1;220,00;Venda Pai Nao Existe no Banco
10233;6812;4145;1;330,00;Venda Pai Nao Existe no Banco
10234;6813;1534;1;160,00;Venda Pai Nao Existe no Banco
10235;6813;1349;1;100,00;Venda Pai Nao Existe no Banco
10236;6814;8102;1;290,00;Venda Pai Nao Existe no Banco
10237;6815;1534;1;160,00;Venda Pai Nao Existe no Banco
10238;6815;8326;1;110,00;Venda Pai Nao Existe no Banco
10239;6816;1542;1;260,00;Venda Pai Nao Existe no Banco
10240;6816;1349;1;160,00;Venda Pai Nao Existe no Banco
10241;6818;5008;1;250,00;Venda Pai Nao Existe no Banco
10242;6821;1534;1;160,00;Venda Pai Nao Existe no Banco
10243;6821;8326;1;120,00;Venda Pai Nao Existe no Banco
10244;6822;1534;1;150,00;Venda Pai Nao Existe no Banco
10245;6823;1534;1;160,00;Venda Pai Nao Existe no Banco
10246;6823;1534;1;160,00;Venda Pai Nao Existe no Banco
10247;6823;7411;1;590,00;Venda Pai Nao Existe no Banco
10248;6825;1542;1;260,00;Venda Pai Nao Existe no Banco
10249;6825;7821;1;380,00;Venda Pai Nao Existe no Banco
10250;6826;1542;1;260,00;Venda Pai Nao Existe no Banco
10251;6826;7773;1;120,00;Venda Pai Nao Existe no Banco
10253;6827;8375;1;670,00;Venda Pai Nao Existe no Banco
10254;6828;1534;1;160,00;Venda Pai Nao Existe no Banco
10255;6828;5185;1;290,00;Venda Pai Nao Existe no Banco
10256;6829;1534;1;140,00;Venda Pai Nao Existe no Banco
10257;6830;1534;1;160,00;Venda Pai Nao Existe no Banco
10258;6830;6606;1;490,00;Venda Pai Nao Existe no Banco
10259;6831;1534;1;160,00;Venda Pai Nao Existe no Banco
10261;6831;8326;1;100,00;Venda Pai Nao Existe no Banco
10264;6832;8474;1;240,00;Venda Pai Nao Existe no Banco
10266;6833;8355;1;340,00;Venda Pai Nao Existe no Banco
10267;6834;1534;1;160,00;Venda Pai Nao Existe no Banco
10268;6834;7821;1;260,00;Venda Pai Nao Existe no Banco
10269;6835;1534;1;60,00;Venda Pai Nao Existe no Banco
10270;6835;7810;1;70,00;Venda Pai Nao Existe no Banco
10271;6836;1534;1;90,00;Venda Pai Nao Existe no Banco
10272;6838;6491;1;220,00;Venda Pai Nao Existe no Banco
10273;6838;1542;1;260,00;Venda Pai Nao Existe no Banco
10274;6839;7810;1;220,00;Venda Pai Nao Existe no Banco
10275;6839;1401;1;100,00;Venda Pai Nao Existe no Banco
10276;6840;1542;1;260,00;Venda Pai Nao Existe no Banco
10277;6840;1349;1;100,00;Venda Pai Nao Existe no Banco
10279;6841;8533;1;992,00;Venda Pai Nao Existe no Banco
10281;6844;8534;1;990,00;Venda Pai Nao Existe no Banco
10282;6845;1534;1;140,00;Venda Pai Nao Existe no Banco
10283;6846;1760;1;450,00;Venda Pai Nao Existe no Banco
10284;6846;7821;1;260,00;Venda Pai Nao Existe no Banco
10286;6847;1542;1;260,00;Venda Pai Nao Existe no Banco
10287;6848;1542;1;260,00;Venda Pai Nao Existe no Banco
10288;6848;7821;1;280,00;Venda Pai Nao Existe no Banco
10289;6850;1542;1;220,00;Venda Pai Nao Existe no Banco
10290;6850;7821;1;230,00;Venda Pai Nao Existe no Banco
10291;6851;1534;1;150,00;Venda Pai Nao Existe no Banco
10292;6852;8326;1;100,00;Venda Pai Nao Existe no Banco
10293;6853;8271;1;1.550,00;Venda Pai Nao Existe no Banco
10294;6853;8515;1;690,00;Venda Pai Nao Existe no Banco
10295;6854;1534;1;140,00;Venda Pai Nao Existe no Banco
10296;6854;8193;1;190,00;Venda Pai Nao Existe no Banco
10297;6855;1554;1;170,00;Venda Pai Nao Existe no Banco
10299;6856;7821;1;330,00;Venda Pai Nao Existe no Banco
10300;6857;1554;1;170,00;Venda Pai Nao Existe no Banco
10301;6857;1349;1;100,00;Venda Pai Nao Existe no Banco
10302;6856;1542;1;240,00;Venda Pai Nao Existe no Banco
10303;6858;1542;1;280,00;Venda Pai Nao Existe no Banco
10304;6858;7972;1;380,00;Venda Pai Nao Existe no Banco
10305;6859;1542;1;260,00;Venda Pai Nao Existe no Banco
10306;6859;8489;1;340,00;Venda Pai Nao Existe no Banco
10307;6859;8493;1;340,00;Venda Pai Nao Existe no Banco
10308;6859;1721;1;640,00;Venda Pai Nao Existe no Banco
10309;6861;8326;1;100,00;Venda Pai Nao Existe no Banco
10310;6862;1534;1;160,00;Venda Pai Nao Existe no Banco
10311;6863;7821;1;220,00;Venda Pai Nao Existe no Banco
10312;6865;1534;1;160,00;Venda Pai Nao Existe no Banco
10313;6865;8405;1;390,00;Venda Pai Nao Existe no Banco
10314;6866;6174;1;530,00;Venda Pai Nao Existe no Banco
10315;6867;1534;1;160,00;Venda Pai Nao Existe no Banco
10316;6868;1554;1;190,00;Venda Pai Nao Existe no Banco
10317;6868;8193;1;190,00;Venda Pai Nao Existe no Banco
10318;6869;8365;1;550,00;Venda Pai Nao Existe no Banco
10319;6870;1534;1;160,00;Venda Pai Nao Existe no Banco
10320;6870;8326;1;100,00;Venda Pai Nao Existe no Banco
10321;6871;5524;1;390,00;Venda Pai Nao Existe no Banco
10322;6872;1721;1;540,00;Venda Pai Nao Existe no Banco
10323;6872;1349;1;180,00;Venda Pai Nao Existe no Banco
10324;6872;1542;1;260,00;Venda Pai Nao Existe no Banco
10325;6872;1349;1;160,00;Venda Pai Nao Existe no Banco
10327;6873;1542;1;260,00;Venda Pai Nao Existe no Banco
10329;6874;5263;1;440,00;Venda Pai Nao Existe no Banco
10330;6874;8542;1;2.347,00;Venda Pai Nao Existe no Banco
10331;6873;1349;1;180,00;Venda Pai Nao Existe no Banco
10332;6876;1542;1;250,00;Venda Pai Nao Existe no Banco
10333;6877;1534;1;160,00;Venda Pai Nao Existe no Banco
10334;6878;1542;1;260,00;Venda Pai Nao Existe no Banco
10335;6878;8355;1;390,00;Venda Pai Nao Existe no Banco
10336;6879;1542;1;260,00;Venda Pai Nao Existe no Banco
10337;6879;1349;1;160,00;Venda Pai Nao Existe no Banco
10339;6880;1349;1;104,00;Venda Pai Nao Existe no Banco
10340;6880;8549;1;1.296,00;Venda Pai Nao Existe no Banco
10341;6881;2403;1;220,00;Venda Pai Nao Existe no Banco
10342;6882;1534;1;130,00;Venda Pai Nao Existe no Banco
10343;6882;1349;1;160,00;Venda Pai Nao Existe no Banco
10344;6883;7953;1;290,00;Venda Pai Nao Existe no Banco
10345;6885;7953;1;250,00;Venda Pai Nao Existe no Banco
10346;6885;7821;1;260,00;Venda Pai Nao Existe no Banco
10347;6886;1721;1;480,00;Venda Pai Nao Existe no Banco
10349;6887;1349;1;180,00;Venda Pai Nao Existe no Banco
10350;6887;1349;1;140,00;Venda Pai Nao Existe no Banco
10351;6887;8185;1;420,00;Venda Pai Nao Existe no Banco
10353;6888;5627;1;890,00;Venda Pai Nao Existe no Banco
10354;6889;1760;1;450,00;Venda Pai Nao Existe no Banco
10355;6889;1349;1;140,00;Venda Pai Nao Existe no Banco
10356;6891;1534;1;160,00;Venda Pai Nao Existe no Banco
10357;6883;1349;1;180,00;Venda Pai Nao Existe no Banco
10358;6892;1534;1;160,00;Venda Pai Nao Existe no Banco
10359;6893;8312;1;160,00;Venda Pai Nao Existe no Banco
10360;6894;1542;1;390,00;Venda Pai Nao Existe no Banco
10361;6894;8273;1;550,00;Venda Pai Nao Existe no Banco
10362;6895;5627;1;690,00;Venda Pai Nao Existe no Banco
10363;6895;8523;1;690,00;Venda Pai Nao Existe no Banco
10364;6896;6084;1;190,00;Venda Pai Nao Existe no Banco
10365;6897;1542;1;230,00;Venda Pai Nao Existe no Banco
10367;6898;8357;1;650,00;Venda Pai Nao Existe no Banco
10368;6898;8550;1;3.426,00;Venda Pai Nao Existe no Banco
10369;6899;8302;1;1.960,00;Venda Pai Nao Existe no Banco
10370;6862;1349;1;100,00;Venda Pai Nao Existe no Banco
10371;6900;1760;1;450,00;Venda Pai Nao Existe no Banco
10373;6901;1721;1;540,00;Venda Pai Nao Existe no Banco
10374;6902;1542;1;260,00;Venda Pai Nao Existe no Banco
10375;6902;1349;1;190,00;Venda Pai Nao Existe no Banco
10376;6903;1542;1;260,00;Venda Pai Nao Existe no Banco
10377;6904;1534;0,5;80,00;Venda Pai Nao Existe no Banco
10378;6905;1542;1;160,00;Venda Pai Nao Existe no Banco
10379;6906;7966;1;840,00;Venda Pai Nao Existe no Banco
10380;6907;4598;1;50,00;Venda Pai Nao Existe no Banco
10381;6908;1534;0,5;80,00;Venda Pai Nao Existe no Banco
10382;6910;7953;1;125,00;Venda Pai Nao Existe no Banco
10383;6910;8355;1;190,00;Venda Pai Nao Existe no Banco
10384;6911;8071;1;330,00;Venda Pai Nao Existe no Banco
10385;6912;1554;1;200,00;Venda Pai Nao Existe no Banco
10386;6912;8355;1;380,00;Venda Pai Nao Existe no Banco
10387;6913;8069;1;390,00;Venda Pai Nao Existe no Banco
10388;6913;8378;1;630,00;Venda Pai Nao Existe no Banco
10389;6914;1534;1;160,00;Venda Pai Nao Existe no Banco
10390;6914;7821;1;260,00;Venda Pai Nao Existe no Banco
10391;6915;1552;1;200,00;Venda Pai Nao Existe no Banco
10392;6916;1552;1;200,00;Venda Pai Nao Existe no Banco
10393;6916;1349;1;200,00;Venda Pai Nao Existe no Banco
10394;6917;7821;1;280,00;Venda Pai Nao Existe no Banco
10395;6917;1542;1;260,00;Venda Pai Nao Existe no Banco
10396;6918;7953;1;250,00;Venda Pai Nao Existe no Banco
10397;6918;7972;1;390,00;Venda Pai Nao Existe no Banco
10398;6919;1349;1;100,00;Venda Pai Nao Existe no Banco
10399;6920;7953;1;250,00;Venda Pai Nao Existe no Banco
10400;6920;1349;1;100,00;Venda Pai Nao Existe no Banco
10401;6920;1542;1;260,00;Venda Pai Nao Existe no Banco
10402;6921;7972;1;220,00;Venda Pai Nao Existe no Banco
10403;6922;6599;1;150,00;Venda Pai Nao Existe no Banco
10404;6922;4852;1;150,00;Venda Pai Nao Existe no Banco
10405;6922;1416;1;0,00;Venda Pai Nao Existe no Banco
10406;6922;7810;5;580,00;Venda Pai Nao Existe no Banco
10407;6922;3619;1;250,00;Venda Pai Nao Existe no Banco
10408;6922;1534;2;320,00;Venda Pai Nao Existe no Banco
10409;6922;149;1;250,00;Venda Pai Nao Existe no Banco
10410;6922;5105;1;300,00;Venda Pai Nao Existe no Banco
10411;6922;301;1;100,00;Venda Pai Nao Existe no Banco
10412;6894;3315;1;260,00;Venda Pai Nao Existe no Banco
10413;6923;1542;1;280,00;Venda Pai Nao Existe no Banco
10414;6924;1542;1;280,00;Venda Pai Nao Existe no Banco
10415;6925;1534;1;120,00;Venda Pai Nao Existe no Banco
10416;6925;7821;1;230,00;Venda Pai Nao Existe no Banco
10417;6926;7987;1;350,00;Venda Pai Nao Existe no Banco
10418;6926;7821;1;250,00;Venda Pai Nao Existe no Banco
10419;6928;1542;1;400,00;Venda Pai Nao Existe no Banco
10420;6928;7972;1;350,00;Venda Pai Nao Existe no Banco
10421;6929;1542;1;260,00;Venda Pai Nao Existe no Banco
10422;6929;7821;1;290,00;Venda Pai Nao Existe no Banco
10423;6930;1534;1;140,00;Venda Pai Nao Existe no Banco
10424;6930;1349;1;175,00;Venda Pai Nao Existe no Banco
10425;6933;1534;1;250,00;Venda Pai Nao Existe no Banco
10426;6934;8542;1;2.820,00;Venda Pai Nao Existe no Banco
10427;6934;8514;1;690,00;Venda Pai Nao Existe no Banco
10428;6935;8366;1;700,00;Venda Pai Nao Existe no Banco
10429;6935;1542;1;300,00;Venda Pai Nao Existe no Banco
10430;6936;1534;1;150,00;Venda Pai Nao Existe no Banco
10431;6936;1349;1;200,00;Venda Pai Nao Existe no Banco
10432;6938;7953;1;250,00;Venda Pai Nao Existe no Banco
10433;6938;1349;1;140,00;Venda Pai Nao Existe no Banco
10434;6939;1721;1;540,00;Venda Pai Nao Existe no Banco
10435;6939;8277;1;330,00;Venda Pai Nao Existe no Banco
10436;6940;1534;1;160,00;Venda Pai Nao Existe no Banco
10437;6940;8173;1;690,00;Venda Pai Nao Existe no Banco
10438;6942;1542;1;280,00;Venda Pai Nao Existe no Banco
10439;6942;7821;1;280,00;Venda Pai Nao Existe no Banco
10440;6943;5768;1;80,00;Venda Pai Nao Existe no Banco
10441;6944;3850;1;100,00;Venda Pai Nao Existe no Banco
10442;6945;8355;1;380,00;Venda Pai Nao Existe no Banco
10443;6945;1542;1;300,00;Venda Pai Nao Existe no Banco
10444;6946;1542;1;300,00;Venda Pai Nao Existe no Banco
10445;6946;7714;1;300,00;Venda Pai Nao Existe no Banco
10446;6947;8355;1;390,00;Venda Pai Nao Existe no Banco
10447;6900;8519;1;690,00;Venda Pai Nao Existe no Banco
10448;6948;1769;1;580,00;Venda Pai Nao Existe no Banco
10449;6949;1760;1;400,00;Venda Pai Nao Existe no Banco
10450;6949;7821;1;250,00;Venda Pai Nao Existe no Banco
10451;6950;1552;1;290,00;Venda Pai Nao Existe no Banco
10453;6950;1556;1;450,00;Venda Pai Nao Existe no Banco
10454;6933;1349;1;140,00;Venda Pai Nao Existe no Banco
10455;6951;1721;1;450,00;Venda Pai Nao Existe no Banco
10456;6951;8552;1;140,00;Venda Pai Nao Existe no Banco
10457;6953;1542;1;280,00;Venda Pai Nao Existe no Banco
10458;6954;7972;1;290,00;Venda Pai Nao Existe no Banco
10459;6955;1542;0,5;120,00;Venda Pai Nao Existe no Banco
10460;6956;1552;1;290,00;Venda Pai Nao Existe no Banco
10461;6958;8535;1;780,00;Venda Pai Nao Existe no Banco
10462;6956;8552;1;100,00;Venda Pai Nao Existe no Banco
10463;6959;1534;1;180,00;Venda Pai Nao Existe no Banco
10464;6960;1534;1;280,00;Venda Pai Nao Existe no Banco
10467;6964;1757;0,5;480,00;Venda Pai Nao Existe no Banco
10468;6964;1542;0,5;130,00;Venda Pai Nao Existe no Banco
10469;6964;7821;1;290,00;Venda Pai Nao Existe no Banco
10470;6961;8517;1;620,00;Venda Pai Nao Existe no Banco
10471;6961;7821;1;-240,00;Venda Pai Nao Existe no Banco
10472;6965;5926;1;380,00;Venda Pai Nao Existe no Banco
10474;6965;8554;1;909,00;Venda Pai Nao Existe no Banco
10475;6966;1556;1;230,00;Venda Pai Nao Existe no Banco
10477;6967;8555;1;796,00;Venda Pai Nao Existe no Banco
10478;6967;8472;1;350,00;Venda Pai Nao Existe no Banco
10479;6968;1760;1;400,00;Venda Pai Nao Existe no Banco
10481;6968;8360;1;590,00;Venda Pai Nao Existe no Banco
10482;6971;1542;1;280,00;Venda Pai Nao Existe no Banco
10483;6972;5627;1;800,00;Venda Pai Nao Existe no Banco
10484;6972;8521;1;600,00;Venda Pai Nao Existe no Banco
10485;6973;1534;1;160,00;Venda Pai Nao Existe no Banco
10486;6973;8552;1;120,00;Venda Pai Nao Existe no Banco
10487;6974;1349;1;190,00;Venda Pai Nao Existe no Banco
10488;6975;1349;1;190,00;Venda Pai Nao Existe no Banco
10489;6976;1542;0,5;130,00;Venda Pai Nao Existe no Banco
10490;6977;1534;1;140,00;Venda Pai Nao Existe no Banco
10491;6977;8552;1;130,00;Venda Pai Nao Existe no Banco
10492;6978;1542;1;240,00;Venda Pai Nao Existe no Banco
10493;6978;1349;1;156,00;Venda Pai Nao Existe no Banco
10494;6979;1542;1;250,00;Venda Pai Nao Existe no Banco
10495;6979;8553;1;250,00;Venda Pai Nao Existe no Banco
10496;6980;8552;1;140,00;Venda Pai Nao Existe no Banco
10497;6981;1534;1;160,00;Venda Pai Nao Existe no Banco
10498;6983;7972;1;240,00;Venda Pai Nao Existe no Banco
10502;6985;5940;1;220,00;Venda Pai Nao Existe no Banco
10503;6986;1534;1;120,00;Venda Pai Nao Existe no Banco
10504;6986;8552;1;100,00;Venda Pai Nao Existe no Banco
10505;6844;8096;1;380,00;Venda Pai Nao Existe no Banco
10506;6987;7972;1;290,00;Venda Pai Nao Existe no Banco
10507;6988;1542;1;250,00;Venda Pai Nao Existe no Banco
10508;6988;7732;1;250,00;Venda Pai Nao Existe no Banco
10509;6989;8177;1;918,00;Venda Pai Nao Existe no Banco
10511;6990;8232;1;390,00;Venda Pai Nao Existe no Banco
10512;6990;8556;1;690,00;Venda Pai Nao Existe no Banco
10513;6989;8572;1;690,00;Venda Pai Nao Existe no Banco
10514;6991;7741;1;230,00;Venda Pai Nao Existe no Banco
10515;6992;1542;1;130,00;Venda Pai Nao Existe no Banco
10516;6993;2403;2;780,00;Venda Pai Nao Existe no Banco
10517;6994;1534;1;130,00;Venda Pai Nao Existe no Banco
10518;6994;8355;1;365,00;Venda Pai Nao Existe no Banco
10519;6996;8250;1;1.300,00;Venda Pai Nao Existe no Banco
10520;6996;8385;1;580,00;Venda Pai Nao Existe no Banco
10522;6997;1534;1;140,00;Venda Pai Nao Existe no Banco
10524;6997;7842;1;340,00;Venda Pai Nao Existe no Banco
10525;6998;1534;1;140,00;Venda Pai Nao Existe no Banco
10528;6999;7821;1;280,00;Venda Pai Nao Existe no Banco
10529;7000;8414;1;750,00;Venda Pai Nao Existe no Banco
10530;7000;1534;1;160,00;Venda Pai Nao Existe no Banco
10531;7001;7200;1;450,00;Venda Pai Nao Existe no Banco
10532;7002;1534;1;130,00;Venda Pai Nao Existe no Banco
10533;7002;1349;1;170,00;Venda Pai Nao Existe no Banco
10534;7003;7972;1;290,00;Venda Pai Nao Existe no Banco
10535;7005;8185;1;350,00;Venda Pai Nao Existe no Banco
10536;7007;8552;1;120,00;Venda Pai Nao Existe no Banco
10537;7008;8239;1;1.100,00;Venda Pai Nao Existe no Banco
10538;7009;8178;1;730,00;Venda Pai Nao Existe no Banco
10539;7009;7972;1;240,00;Venda Pai Nao Existe no Banco
10540;7010;1534;1;160,00;Venda Pai Nao Existe no Banco
10541;7010;1349;1;170,00;Venda Pai Nao Existe no Banco
10542;7011;1542;1;250,00;Venda Pai Nao Existe no Banco
10543;7011;8355;1;350,00;Venda Pai Nao Existe no Banco
10544;7012;2403;1;430,00;Venda Pai Nao Existe no Banco
10545;7013;1321;1;190,00;Venda Pai Nao Existe no Banco
10546;7014;1534;1;160,00;Venda Pai Nao Existe no Banco
10548;7016;1534;1;160,00;Venda Pai Nao Existe no Banco
10549;7016;8552;1;100,00;Venda Pai Nao Existe no Banco
10550;7017;8384;1;490,00;Venda Pai Nao Existe no Banco
10551;7018;1554;1;280,00;Venda Pai Nao Existe no Banco
10552;7018;7821;1;260,00;Venda Pai Nao Existe no Banco
10553;7019;4514;1;310,00;Venda Pai Nao Existe no Banco
10554;7020;1721;1;440,00;Venda Pai Nao Existe no Banco
10556;7020;1349;1;190,00;Venda Pai Nao Existe no Banco
10557;7019;8355;1;390,00;Venda Pai Nao Existe no Banco
10558;7021;7953;1;250,00;Venda Pai Nao Existe no Banco
10559;7021;8494;1;380,00;Venda Pai Nao Existe no Banco
10560;7022;1554;1;280,00;Venda Pai Nao Existe no Banco
10561;7023;1542;1;260,00;Venda Pai Nao Existe no Banco
10562;7023;7821;1;290,00;Venda Pai Nao Existe no Banco
10563;7024;1534;1;110,00;Venda Pai Nao Existe no Banco
10564;7025;1552;1;280,00;Venda Pai Nao Existe no Banco
10565;7025;8553;1;290,00;Venda Pai Nao Existe no Banco
10566;7027;8552;1;100,00;Venda Pai Nao Existe no Banco
10567;7028;1548;1;150,00;Venda Pai Nao Existe no Banco
10568;7029;8304;1;590,00;Venda Pai Nao Existe no Banco
10569;7029;8571;1;690,00;Venda Pai Nao Existe no Banco
10570;7030;1542;1;160,00;Venda Pai Nao Existe no Banco
10571;7031;1534;1;160,00;Venda Pai Nao Existe no Banco
10572;7033;1542;1;240,00;Venda Pai Nao Existe no Banco
10573;7033;8552;1;140,00;Venda Pai Nao Existe no Banco
10574;7034;7972;1;290,00;Venda Pai Nao Existe no Banco
10575;7034;7953;1;250,00;Venda Pai Nao Existe no Banco
10576;7035;1531;1;160,00;Venda Pai Nao Existe no Banco
10577;7036;1760;1;450,00;Venda Pai Nao Existe no Banco
10578;7036;7821;1;290,00;Venda Pai Nao Existe no Banco
10579;7037;1542;1;260,00;Venda Pai Nao Existe no Banco
10581;7037;8553;1;290,00;Venda Pai Nao Existe no Banco
10582;7038;7972;1;220,00;Venda Pai Nao Existe no Banco
10583;7039;1534;1;140,00;Venda Pai Nao Existe no Banco
10584;7039;8355;1;350,00;Venda Pai Nao Existe no Banco
10585;7040;1534;1;160,00;Venda Pai Nao Existe no Banco
10586;7040;5358;1;300,00;Venda Pai Nao Existe no Banco
10587;7041;7972;1;190,00;Venda Pai Nao Existe no Banco
10588;7042;8232;1;540,00;Venda Pai Nao Existe no Banco
10590;7043;1534;1;150,00;Venda Pai Nao Existe no Banco
10591;7043;8355;1;350,00;Venda Pai Nao Existe no Banco
10592;7044;769;1;150,00;Venda Pai Nao Existe no Banco
10593;7045;7953;1;200,00;Venda Pai Nao Existe no Banco
10594;7045;5239;1;367,00;Venda Pai Nao Existe no Banco
10595;7046;1321;1;140,00;Venda Pai Nao Existe no Banco
10596;7046;1554;1;280,00;Venda Pai Nao Existe no Banco
10597;7047;1534;1;160,00;Venda Pai Nao Existe no Banco
10598;7047;7743;1;290,00;Venda Pai Nao Existe no Banco
10599;7048;8193;1;120,00;Venda Pai Nao Existe no Banco
10600;7049;7407;1;250,00;Venda Pai Nao Existe no Banco
10601;7051;1534;1;120,00;Venda Pai Nao Existe no Banco
10602;7052;1542;0,5;120,00;Venda Pai Nao Existe no Banco
10603;7052;1533;0,5;40,00;Venda Pai Nao Existe no Banco
10604;7052;7727;1;240,00;Venda Pai Nao Existe no Banco
10605;7053;7664;1;260,00;Venda Pai Nao Existe no Banco
10606;7054;1534;1;130,00;Venda Pai Nao Existe no Banco
10608;7054;8394;1;340,00;Venda Pai Nao Existe no Banco
10609;7055;1542;1;280,00;Venda Pai Nao Existe no Banco
10610;7055;7821;1;280,00;Venda Pai Nao Existe no Banco
10611;7056;1534;1;160,00;Venda Pai Nao Existe no Banco
10612;7057;1542;1;240,00;Venda Pai Nao Existe no Banco
10613;7057;7628;1;360,00;Venda Pai Nao Existe no Banco
10614;7060;1760;1;460,00;Venda Pai Nao Existe no Banco
10615;7060;7821;1;280,00;Venda Pai Nao Existe no Banco
10616;7061;8553;1;240,00;Venda Pai Nao Existe no Banco
10617;7062;1534;1;140,00;Venda Pai Nao Existe no Banco
10618;7062;1349;1;160,00;Venda Pai Nao Existe no Banco
10619;7064;1534;1;150,00;Venda Pai Nao Existe no Banco
10621;6984;1542;3;480,00;Venda Pai Nao Existe no Banco
10622;7065;1349;1;120,00;Venda Pai Nao Existe no Banco
10623;7067;1769;1;580,00;Venda Pai Nao Existe no Banco
10624;7068;1530;1;130,00;Venda Pai Nao Existe no Banco
10625;7042;8487;1;330,00;Venda Pai Nao Existe no Banco
10626;7069;1552;1;280,00;Venda Pai Nao Existe no Banco
10627;7070;1552;1;350,00;Venda Pai Nao Existe no Banco
10628;7070;5860;1;160,00;Venda Pai Nao Existe no Banco
10629;7073;7953;1;230,00;Venda Pai Nao Existe no Banco
10630;7074;1542;1;260,00;Venda Pai Nao Existe no Banco
10631;7074;7821;1;280,00;Venda Pai Nao Existe no Banco
10632;7075;1552;1;280,00;Venda Pai Nao Existe no Banco
10633;7076;3968;1;150,00;Venda Pai Nao Existe no Banco
10634;7077;8573;1;270,00;Venda Pai Nao Existe no Banco
10635;7078;1542;1;280,00;Venda Pai Nao Existe no Banco
10636;7078;8470;1;380,00;Venda Pai Nao Existe no Banco
10637;7079;1554;1;170,00;Venda Pai Nao Existe no Banco
10638;7080;8386;1;740,00;Venda Pai Nao Existe no Banco
10639;7081;3315;1;190,00;Venda Pai Nao Existe no Banco
10640;7082;8226;1;760,00;Venda Pai Nao Existe no Banco
10641;7083;4581;1;240,00;Venda Pai Nao Existe no Banco
10642;7084;8573;1;200,00;Venda Pai Nao Existe no Banco
10643;7086;5437;1;330,00;Venda Pai Nao Existe no Banco
10644;7087;4764;1;400,00;Venda Pai Nao Existe no Banco
10645;7088;1542;1;230,00;Venda Pai Nao Existe no Banco
10646;7088;7483;1;200,00;Venda Pai Nao Existe no Banco
10647;7089;5504;1;700,00;Venda Pai Nao Existe no Banco
10648;7091;1534;1;110,00;Venda Pai Nao Existe no Banco
10651;7094;5627;1;890,00;Venda Pai Nao Existe no Banco
10652;7094;7493;1;290,00;Venda Pai Nao Existe no Banco
10653;7095;7972;1;260,00;Venda Pai Nao Existe no Banco
10654;7096;7821;1;290,00;Venda Pai Nao Existe no Banco
10655;7098;8552;1;120,00;Venda Pai Nao Existe no Banco
10656;7098;1534;1;160,00;Venda Pai Nao Existe no Banco
10657;7099;5904;1;790,00;Venda Pai Nao Existe no Banco
10658;7100;1534;1;160,00;Venda Pai Nao Existe no Banco
10659;7100;7821;1;200,00;Venda Pai Nao Existe no Banco
10660;7101;1542;1;260,00;Venda Pai Nao Existe no Banco
10661;7101;7821;1;280,00;Venda Pai Nao Existe no Banco
10662;7102;8390;1;590,00;Venda Pai Nao Existe no Banco
10663;7103;7821;1;230,00;Venda Pai Nao Existe no Banco
10664;7104;8552;1;100,00;Venda Pai Nao Existe no Banco
10665;7105;1760;1;400,00;Venda Pai Nao Existe no Banco
10666;7105;8552;1;100,00;Venda Pai Nao Existe no Banco
10667;7106;8577;1;750,00;Venda Pai Nao Existe no Banco
10668;7107;8334;1;650,00;Venda Pai Nao Existe no Banco
10669;7109;7405;1;290,00;Venda Pai Nao Existe no Banco
10670;7109;1534;1;160,00;Venda Pai Nao Existe no Banco
10671;7110;1542;1;280,00;Venda Pai Nao Existe no Banco
10672;7110;8552;1;190,00;Venda Pai Nao Existe no Banco
10673;7112;1534;1;120,00;Venda Pai Nao Existe no Banco
10674;7113;1760;0,5;200,00;Venda Pai Nao Existe no Banco
10675;7114;1542;1;280,00;Venda Pai Nao Existe no Banco
10676;7114;8355;1;390,00;Venda Pai Nao Existe no Banco
10677;7115;1540;1;50,00;Venda Pai Nao Existe no Banco
10678;7117;7827;1;430,00;Venda Pai Nao Existe no Banco
10679;7118;8573;1;340,00;Venda Pai Nao Existe no Banco
10680;7119;1534;1;160,00;Venda Pai Nao Existe no Banco
10682;7119;8589;1;590,00;Venda Pai Nao Existe no Banco
10683;7120;5542;1;380,00;Venda Pai Nao Existe no Banco
10684;7120;1542;1;260,00;Venda Pai Nao Existe no Banco
10685;7121;1534;1;160,00;Venda Pai Nao Existe no Banco
10686;7122;1534;1;160,00;Venda Pai Nao Existe no Banco
10687;7122;8355;1;380,00;Venda Pai Nao Existe no Banco
10688;7123;1752;1;350,00;Venda Pai Nao Existe no Banco
10691;7124;1349;1;120,00;Venda Pai Nao Existe no Banco
10692;7124;1554;1;250,00;Venda Pai Nao Existe no Banco
10693;7125;7373;1;540,00;Venda Pai Nao Existe no Banco
10694;7126;1760;1;450,00;Venda Pai Nao Existe no Banco
10695;7126;7821;1;260,00;Venda Pai Nao Existe no Banco
10697;7127;1542;1;260,00;Venda Pai Nao Existe no Banco
10698;7127;8553;1;200,00;Venda Pai Nao Existe no Banco
10699;7128;7953;1;250,00;Venda Pai Nao Existe no Banco
10700;7128;7821;1;280,00;Venda Pai Nao Existe no Banco
10701;7128;7953;1;250,00;Venda Pai Nao Existe no Banco
10702;7128;8402;1;590,00;Venda Pai Nao Existe no Banco
10703;7129;8552;1;100,00;Venda Pai Nao Existe no Banco
10705;7130;7821;1;280,00;Venda Pai Nao Existe no Banco
10706;7131;1540;1;50,00;Venda Pai Nao Existe no Banco
10707;7130;8590;1;1.710,00;Venda Pai Nao Existe no Banco
10708;7132;1534;1;160,00;Venda Pai Nao Existe no Banco
10709;7132;7821;1;280,00;Venda Pai Nao Existe no Banco
10710;7133;1534;1;150,00;Venda Pai Nao Existe no Banco
10711;7133;7821;1;246,00;Venda Pai Nao Existe no Banco
10712;7134;1542;1;280,00;Venda Pai Nao Existe no Banco
10713;7135;1760;1;980,00;Venda Pai Nao Existe no Banco
10714;7135;6598;1;380,00;Venda Pai Nao Existe no Banco
10715;7136;7953;1;220,00;Venda Pai Nao Existe no Banco
10717;7136;8591;1;690,00;Venda Pai Nao Existe no Banco
10718;7137;1534;1;160,00;Venda Pai Nao Existe no Banco
10720;7137;7821;1;280,00;Venda Pai Nao Existe no Banco
10721;7140;1534;1;160,00;Venda Pai Nao Existe no Banco
10722;7140;7623;1;120,00;Venda Pai Nao Existe no Banco
10723;7141;1534;1;220,00;Venda Pai Nao Existe no Banco
10724;7141;8552;1;100,00;Venda Pai Nao Existe no Banco
10725;7142;1349;1;100,00;Venda Pai Nao Existe no Banco
10727;7143;1542;1;300,00;Venda Pai Nao Existe no Banco
10729;7146;1542;1;0,00;Venda Pai Nao Existe no Banco
10730;7146;8355;1;200,00;Venda Pai Nao Existe no Banco
10731;7146;1542;1;0,00;Venda Pai Nao Existe no Banco
10732;7146;8355;1;200,00;Venda Pai Nao Existe no Banco
10733;7147;1542;1;280,00;Venda Pai Nao Existe no Banco
10734;7147;1349;1;190,00;Venda Pai Nao Existe no Banco
10735;7148;6347;1;220,00;Venda Pai Nao Existe no Banco
10736;7148;8396;1;330,00;Venda Pai Nao Existe no Banco
10737;7143;7952;1;330,00;Venda Pai Nao Existe no Banco
10738;7150;1542;1;280,00;Venda Pai Nao Existe no Banco
10739;7150;8393;1;380,00;Venda Pai Nao Existe no Banco
10740;7151;8552;1;120,00;Venda Pai Nao Existe no Banco
10741;7152;1760;1;450,00;Venda Pai Nao Existe no Banco
10742;7152;8552;1;190,00;Venda Pai Nao Existe no Banco
10743;7152;8355;1;380,00;Venda Pai Nao Existe no Banco
10744;7152;1542;1;260,00;Venda Pai Nao Existe no Banco
10745;7156;7972;1;280,00;Venda Pai Nao Existe no Banco
10746;7158;7972;1;260,00;Venda Pai Nao Existe no Banco
10747;7159;7972;1;260,00;Venda Pai Nao Existe no Banco
10748;7160;7821;1;280,00;Venda Pai Nao Existe no Banco
10749;7161;7972;1;390,00;Venda Pai Nao Existe no Banco
10750;7162;1542;1;230,00;Venda Pai Nao Existe no Banco
10751;7162;1542;1;230,00;Venda Pai Nao Existe no Banco
10752;7162;7851;1;330,00;Venda Pai Nao Existe no Banco
10753;7162;7821;1;210,00;Venda Pai Nao Existe no Banco
10754;7163;7953;1;250,00;Venda Pai Nao Existe no Banco
10755;7164;8552;1;140,00;Venda Pai Nao Existe no Banco
10756;7164;1534;1;160,00;Venda Pai Nao Existe no Banco
10757;7165;1534;1;160,00;Venda Pai Nao Existe no Banco
10758;7165;7821;1;280,00;Venda Pai Nao Existe no Banco
10759;7165;8553;1;200,00;Venda Pai Nao Existe no Banco
10760;7165;1542;1;260,00;Venda Pai Nao Existe no Banco
10761;7166;1534;1;150,00;Venda Pai Nao Existe no Banco
10762;7168;8490;1;350,00;Venda Pai Nao Existe no Banco
10763;7169;1534;1;140,00;Venda Pai Nao Existe no Banco
10764;7170;1760;1;420,00;Venda Pai Nao Existe no Banco
10765;7171;8185;1;450,00;Venda Pai Nao Existe no Banco
10766;7171;8552;1;280,00;Venda Pai Nao Existe no Banco
10767;7173;8300;1;450,00;Venda Pai Nao Existe no Banco
10768;7173;1534;1;160,00;Venda Pai Nao Existe no Banco
10769;7173;8553;1;200,00;Venda Pai Nao Existe no Banco
10770;7174;1534;1;100,00;Venda Pai Nao Existe no Banco
10771;7174;8355;1;300,00;Venda Pai Nao Existe no Banco
10772;7175;8355;1;330,00;Venda Pai Nao Existe no Banco
10773;7176;1760;1;410,00;Venda Pai Nao Existe no Banco
10774;7176;8486;1;350,00;Venda Pai Nao Existe no Banco
10775;7177;1542;1;230,00;Venda Pai Nao Existe no Banco
10776;7177;8355;1;350,00;Venda Pai Nao Existe no Banco
10779;7178;1086;1;150,00;Venda Pai Nao Existe no Banco
10781;7180;1760;1;490,00;Venda Pai Nao Existe no Banco
10782;7180;8552;1;140,00;Venda Pai Nao Existe no Banco
10783;7181;8552;1;120,00;Venda Pai Nao Existe no Banco
10784;7182;8177;1;1.029,00;Venda Pai Nao Existe no Banco
10785;7183;1534;1;160,00;Venda Pai Nao Existe no Banco
10786;7183;8355;1;280,00;Venda Pai Nao Existe no Banco
10787;7184;1534;1;160,00;Venda Pai Nao Existe no Banco
10788;7184;8552;1;190,00;Venda Pai Nao Existe no Banco
10789;7185;1554;1;290,00;Venda Pai Nao Existe no Banco
10790;7186;1542;1;280,00;Venda Pai Nao Existe no Banco
10791;7186;8355;1;390,00;Venda Pai Nao Existe no Banco
10792;7188;1534;1;170,00;Venda Pai Nao Existe no Banco
10793;7188;6120;1;100,00;Venda Pai Nao Existe no Banco
10794;7189;1760;1;490,00;Venda Pai Nao Existe no Banco
10795;7189;8553;1;220,00;Venda Pai Nao Existe no Banco
10796;7190;1534;1;160,00;Venda Pai Nao Existe no Banco
10797;7191;7821;1;250,00;Venda Pai Nao Existe no Banco
10798;7192;1542;1;250,00;Venda Pai Nao Existe no Banco
10799;7193;7953;1;250,00;Venda Pai Nao Existe no Banco
10800;7194;7953;1;220,00;Venda Pai Nao Existe no Banco
10801;7194;7821;1;260,00;Venda Pai Nao Existe no Banco
10802;7195;8250;1;1.000,00;Venda Pai Nao Existe no Banco
10803;7195;7821;1;240,00;Venda Pai Nao Existe no Banco
10805;7197;1534;1;160,00;Venda Pai Nao Existe no Banco
10806;7197;7465;1;590,00;Venda Pai Nao Existe no Banco
10807;7198;1542;1;280,00;Venda Pai Nao Existe no Banco
10808;7196;8573;1;200,00;Venda Pai Nao Existe no Banco
10809;7199;8553;1;200,00;Venda Pai Nao Existe no Banco
10810;7200;8355;1;320,00;Venda Pai Nao Existe no Banco
10811;7201;1534;1;190,00;Venda Pai Nao Existe no Banco
10812;7201;8552;1;140,00;Venda Pai Nao Existe no Banco
10813;7202;8177;1;600,00;Venda Pai Nao Existe no Banco
10814;7202;7810;1;190,00;Venda Pai Nao Existe no Banco
10815;7202;7821;1;290,00;Venda Pai Nao Existe no Banco
10816;7203;8300;1;450,00;Venda Pai Nao Existe no Banco
10817;7203;7182;1;590,00;Venda Pai Nao Existe no Banco
10818;7204;8300;1;450,00;Venda Pai Nao Existe no Banco
10820;7204;8341;1;590,00;Venda Pai Nao Existe no Banco
10821;7205;7953;1;250,00;Venda Pai Nao Existe no Banco
10822;7205;7821;1;290,00;Venda Pai Nao Existe no Banco
10823;7208;7953;1;250,00;Venda Pai Nao Existe no Banco
10824;7208;7821;1;260,00;Venda Pai Nao Existe no Banco
10825;7209;7953;1;220,00;Venda Pai Nao Existe no Banco
10826;7209;8587;1;680,00;Venda Pai Nao Existe no Banco
10827;7210;6627;1;690,00;Venda Pai Nao Existe no Banco
10828;7210;8261;1;690,00;Venda Pai Nao Existe no Banco
10829;7210;7972;1;170,00;Venda Pai Nao Existe no Banco
10830;7211;1542;0,5;140,00;Venda Pai Nao Existe no Banco
10831;7212;1542;1;260,00;Venda Pai Nao Existe no Banco
10832;7212;8552;1;140,00;Venda Pai Nao Existe no Banco
10833;7213;1542;1;260,00;Venda Pai Nao Existe no Banco
10834;7213;8552;1;160,00;Venda Pai Nao Existe no Banco
10835;7214;1534;1;220,00;Venda Pai Nao Existe no Banco
10836;7214;8552;1;190,00;Venda Pai Nao Existe no Banco
10837;7215;8552;1;100,00;Venda Pai Nao Existe no Banco
10838;7215;1542;1;260,00;Venda Pai Nao Existe no Banco
10839;7216;8552;1;100,00;Venda Pai Nao Existe no Banco
10840;7218;1542;1;280,00;Venda Pai Nao Existe no Banco
10841;7218;1349;1;160,00;Venda Pai Nao Existe no Banco
10842;7219;1554;1;280,00;Venda Pai Nao Existe no Banco
10843;7220;1534;1;160,00;Venda Pai Nao Existe no Banco
10844;7220;7821;1;280,00;Venda Pai Nao Existe no Banco
10845;7221;8310;1;900,00;Venda Pai Nao Existe no Banco
10846;7221;8552;1;160,00;Venda Pai Nao Existe no Banco
10847;7221;7953;1;250,00;Venda Pai Nao Existe no Banco
10848;7221;8552;1;160,00;Venda Pai Nao Existe no Banco
10849;7222;1542;1;280,00;Venda Pai Nao Existe no Banco
10850;7223;1534;1;140,00;Venda Pai Nao Existe no Banco
10851;7224;1349;1;100,00;Venda Pai Nao Existe no Banco
10852;7225;8189;1;510,00;Venda Pai Nao Existe no Banco
10853;7227;1542;1;230,00;Venda Pai Nao Existe no Banco
10854;7227;8552;1;170,00;Venda Pai Nao Existe no Banco
10855;7228;7369;1;790,00;Venda Pai Nao Existe no Banco
10856;7231;1534;1;140,00;Venda Pai Nao Existe no Banco
10857;7232;2733;1;190,00;Venda Pai Nao Existe no Banco
10858;7233;1534;2;220,00;Venda Pai Nao Existe no Banco
10859;7234;1528;1;160,00;Venda Pai Nao Existe no Banco
10860;7235;1542;0,5;130,00;Venda Pai Nao Existe no Banco
10861;7235;1533;0,5;130,00;Venda Pai Nao Existe no Banco
10862;7235;8553;1;200,00;Venda Pai Nao Existe no Banco
10864;7236;8177;1;680,00;Venda Pai Nao Existe no Banco
10865;7237;1349;1;140,00;Venda Pai Nao Existe no Banco
10866;7238;1526;1;160,00;Venda Pai Nao Existe no Banco
10867;7239;1760;1;490,00;Venda Pai Nao Existe no Banco
10868;7240;1760;1;490,00;Venda Pai Nao Existe no Banco
10869;7241;8318;1;2.625,00;Venda Pai Nao Existe no Banco
10870;7241;7821;1;275,00;Venda Pai Nao Existe no Banco
10871;7241;8238;1;1.430,00;Venda Pai Nao Existe no Banco
10872;7242;7821;1;280,00;Venda Pai Nao Existe no Banco
10873;7244;8147;1;500,00;Venda Pai Nao Existe no Banco
10874;7244;8573;1;260,00;Venda Pai Nao Existe no Banco
10875;7245;8238;1;1.290,00;Venda Pai Nao Existe no Banco
10876;7245;8553;1;200,00;Venda Pai Nao Existe no Banco
10877;7247;8300;1;650,00;Venda Pai Nao Existe no Banco
10878;7247;5924;1;390,00;Venda Pai Nao Existe no Banco
10879;7248;1542;1;180,00;Venda Pai Nao Existe no Banco
10880;7249;8261;1;730,00;Venda Pai Nao Existe no Banco
10881;7250;3259;1;1.100,00;Venda Pai Nao Existe no Banco
10882;7250;8552;1;140,00;Venda Pai Nao Existe no Banco
10883;7251;8318;1;3.148,00;Venda Pai Nao Existe no Banco
10884;7252;1552;1;280,00;Venda Pai Nao Existe no Banco
10885;7252;7821;1;200,00;Venda Pai Nao Existe no Banco
10886;7254;1534;1;160,00;Venda Pai Nao Existe no Banco
10887;7254;8552;1;140,00;Venda Pai Nao Existe no Banco
10889;7255;1554;1;270,00;Venda Pai Nao Existe no Banco
10890;7255;1542;1;270,00;Venda Pai Nao Existe no Banco
10891;7256;7953;1;230,00;Venda Pai Nao Existe no Banco
10892;7256;7821;1;220,00;Venda Pai Nao Existe no Banco
10893;7257;1542;1;280,00;Venda Pai Nao Existe no Banco
10894;7258;8310;1;900,00;Venda Pai Nao Existe no Banco
10895;7258;7821;1;280,00;Venda Pai Nao Existe no Banco
10896;7259;1760;0,5;225,00;Venda Pai Nao Existe no Banco
10897;7260;1534;1;160,00;Venda Pai Nao Existe no Banco
10898;7260;7821;1;280,00;Venda Pai Nao Existe no Banco
10899;7261;8256;1;540,00;Venda Pai Nao Existe no Banco
10900;7261;7637;1;460,00;Venda Pai Nao Existe no Banco
10901;7263;4581;1;340,00;Venda Pai Nao Existe no Banco
10902;7264;4581;2;680,00;Venda Pai Nao Existe no Banco
10903;7266;1534;1;160,00;Venda Pai Nao Existe no Banco
10904;7266;7821;1;280,00;Venda Pai Nao Existe no Banco
10905;7267;1534;1;160,00;Venda Pai Nao Existe no Banco
10906;7267;8355;1;380,00;Venda Pai Nao Existe no Banco
10907;7268;1542;1;280,00;Venda Pai Nao Existe no Banco
10908;7268;8552;1;140,00;Venda Pai Nao Existe no Banco
10909;7269;1542;1;280,00;Venda Pai Nao Existe no Banco
10910;7269;8552;1;200,00;Venda Pai Nao Existe no Banco
10911;7270;7953;1;250,00;Venda Pai Nao Existe no Banco
10912;7270;8516;1;690,00;Venda Pai Nao Existe no Banco
10913;7271;1534;1;160,00;Venda Pai Nao Existe no Banco
10914;7272;1542;1;280,00;Venda Pai Nao Existe no Banco
10915;7272;8552;1;190,00;Venda Pai Nao Existe no Banco
10916;7273;1534;1;140,00;Venda Pai Nao Existe no Banco
10917;7274;1721;1;490,00;Venda Pai Nao Existe no Banco
10918;7274;7821;1;240,00;Venda Pai Nao Existe no Banco
10919;7275;1760;1;280,00;Venda Pai Nao Existe no Banco
10920;7276;1534;1;140,00;Venda Pai Nao Existe no Banco
10921;7277;1534;1;150,00;Venda Pai Nao Existe no Banco
10922;7277;8552;1;100,00;Venda Pai Nao Existe no Banco
10924;7280;1534;1;160,00;Venda Pai Nao Existe no Banco
10925;7281;1542;1;0,00;Venda Pai Nao Existe no Banco
10926;7281;8552;1;140,00;Venda Pai Nao Existe no Banco
10928;7282;7821;1;230,00;Venda Pai Nao Existe no Banco
10929;7283;6215;1;190,00;Venda Pai Nao Existe no Banco
10930;7284;7953;1;250,00;Venda Pai Nao Existe no Banco
10931;7284;7953;1;250,00;Venda Pai Nao Existe no Banco
10932;7284;8553;1;200,00;Venda Pai Nao Existe no Banco
10933;7285;1534;1;160,00;Venda Pai Nao Existe no Banco
10936;7285;8592;1;690,00;Venda Pai Nao Existe no Banco
10937;7286;1554;1;260,00;Venda Pai Nao Existe no Banco
10938;7286;1542;0,5;120,00;Venda Pai Nao Existe no Banco
10939;7287;1542;1;290,00;Venda Pai Nao Existe no Banco
10940;7287;8552;1;140,00;Venda Pai Nao Existe no Banco
10941;7288;1534;1;140,00;Venda Pai Nao Existe no Banco
10942;7288;8553;1;200,00;Venda Pai Nao Existe no Banco
10943;7289;1534;1;160,00;Venda Pai Nao Existe no Banco
10944;7289;1534;1;160,00;Venda Pai Nao Existe no Banco
10945;7289;1534;1;160,00;Venda Pai Nao Existe no Banco
10946;7289;7821;1;280,00;Venda Pai Nao Existe no Banco
10947;7289;7821;1;280,00;Venda Pai Nao Existe no Banco
10948;7289;8552;1;140,00;Venda Pai Nao Existe no Banco
10949;7290;1534;1;144,00;Venda Pai Nao Existe no Banco
10950;7290;7821;1;252,00;Venda Pai Nao Existe no Banco
10951;7291;1534;1;160,00;Venda Pai Nao Existe no Banco
10952;7291;8552;1;190,00;Venda Pai Nao Existe no Banco
10953;7292;1534;1;160,00;Venda Pai Nao Existe no Banco
10954;7292;8552;1;140,00;Venda Pai Nao Existe no Banco
10955;7293;1542;1;280,00;Venda Pai Nao Existe no Banco
10956;7294;8553;1;220,00;Venda Pai Nao Existe no Banco
10957;7295;1760;1;490,00;Venda Pai Nao Existe no Banco
10958;7297;1542;1;260,00;Venda Pai Nao Existe no Banco
10959;7297;8552;1;170,00;Venda Pai Nao Existe no Banco
10960;7293;7896;1;380,00;Venda Pai Nao Existe no Banco
10962;7299;1534;1;120,00;Venda Pai Nao Existe no Banco
10963;7300;7821;1;200,00;Venda Pai Nao Existe no Banco
10964;7301;7953;1;250,00;Venda Pai Nao Existe no Banco
10965;7301;7821;1;280,00;Venda Pai Nao Existe no Banco
10966;7302;6247;1;100,00;Venda Pai Nao Existe no Banco
10967;7303;2403;1;240,00;Venda Pai Nao Existe no Banco
10968;7304;1554;1;280,00;Venda Pai Nao Existe no Banco
10969;7304;8552;1;120,00;Venda Pai Nao Existe no Banco
10970;7305;1542;1;240,00;Venda Pai Nao Existe no Banco
10971;7305;8552;1;160,00;Venda Pai Nao Existe no Banco
10972;7307;8177;1;620,00;Venda Pai Nao Existe no Banco
10973;7307;8355;1;340,00;Venda Pai Nao Existe no Banco
10975;7308;1534;1;160,00;Venda Pai Nao Existe no Banco
10976;7309;1542;1;180,00;Venda Pai Nao Existe no Banco
10977;7310;8355;1;290,00;Venda Pai Nao Existe no Banco
10978;7311;5378;1;180,00;Venda Pai Nao Existe no Banco
10979;7312;8552;1;100,00;Venda Pai Nao Existe no Banco
10980;7313;1542;1;280,00;Venda Pai Nao Existe no Banco
10981;7313;8552;1;180,00;Venda Pai Nao Existe no Banco
10982;7314;1534;1;160,00;Venda Pai Nao Existe no Banco
10983;7315;1533;0,5;40,00;Venda Pai Nao Existe no Banco
10984;7315;2287;1;20,00;Venda Pai Nao Existe no Banco
10985;7316;1534;1;160,00;Venda Pai Nao Existe no Banco
10986;7317;1542;1;210,00;Venda Pai Nao Existe no Banco
10987;7317;8355;1;286,00;Venda Pai Nao Existe no Banco
10988;7318;1534;1;160,00;Venda Pai Nao Existe no Banco
10989;7319;8552;1;120,00;Venda Pai Nao Existe no Banco
10990;7320;1560;1;290,00;Venda Pai Nao Existe no Banco
10991;7320;7821;1;210,00;Venda Pai Nao Existe no Banco
10993;7321;7821;1;250,00;Venda Pai Nao Existe no Banco
10994;7321;8300;1;290,00;Venda Pai Nao Existe no Banco
10995;7322;8573;1;340,00;Venda Pai Nao Existe no Banco
10996;7323;1542;1;260,00;Venda Pai Nao Existe no Banco
10997;7323;7821;1;240,00;Venda Pai Nao Existe no Banco
10999;7325;8553;1;200,00;Venda Pai Nao Existe no Banco
11000;7325;8273;1;550,00;Venda Pai Nao Existe no Banco
11001;7326;7776;1;200,00;Venda Pai Nao Existe no Banco
11002;7327;2403;2;600,00;Venda Pai Nao Existe no Banco
11003;7328;1534;1;140,00;Venda Pai Nao Existe no Banco
11004;7329;8552;1;100,00;Venda Pai Nao Existe no Banco
11005;7330;1721;1;460,00;Venda Pai Nao Existe no Banco
11006;7330;8023;1;320,00;Venda Pai Nao Existe no Banco
11007;7331;7821;1;240,00;Venda Pai Nao Existe no Banco
11008;7332;1542;1;280,00;Venda Pai Nao Existe no Banco
11009;7332;8552;1;190,00;Venda Pai Nao Existe no Banco
11010;7333;1534;1;160,00;Venda Pai Nao Existe no Banco
11011;7334;1554;1;350,00;Venda Pai Nao Existe no Banco
11012;7334;7821;1;260,00;Venda Pai Nao Existe no Banco
11013;7335;8177;1;620,00;Venda Pai Nao Existe no Banco
11015;7335;7151;1;350,00;Venda Pai Nao Existe no Banco
11016;7337;7953;1;220,00;Venda Pai Nao Existe no Banco
11017;7338;5627;1;650,00;Venda Pai Nao Existe no Banco
11018;7335;1542;1;280,00;Venda Pai Nao Existe no Banco
11019;7339;1534;0,5;80,00;Venda Pai Nao Existe no Banco
11021;7340;8438;1;630,00;Venda Pai Nao Existe no Banco
11022;7340;7953;1;210,00;Venda Pai Nao Existe no Banco
11023;7341;7821;1;140,00;Venda Pai Nao Existe no Banco
11024;7342;7953;1;220,00;Venda Pai Nao Existe no Banco
11025;7342;8399;1;340,00;Venda Pai Nao Existe no Banco
11026;7342;8399;1;330,00;Venda Pai Nao Existe no Banco
11027;7342;7953;1;220,00;Venda Pai Nao Existe no Banco
11028;7343;7952;1;50,00;Venda Pai Nao Existe no Banco
11029;7344;7972;1;200,00;Venda Pai Nao Existe no Banco
11030;7345;1542;1;250,00;Venda Pai Nao Existe no Banco
11032;7345;7821;1;250,00;Venda Pai Nao Existe no Banco
11033;7346;1542;1;280,00;Venda Pai Nao Existe no Banco
11034;7347;1760;1;450,00;Venda Pai Nao Existe no Banco
11035;7348;1876;1;190,00;Venda Pai Nao Existe no Banco
11036;7349;5627;1;580,00;Venda Pai Nao Existe no Banco
11037;7350;1542;1;240,00;Venda Pai Nao Existe no Banco
11038;7350;7821;1;240,00;Venda Pai Nao Existe no Banco
11040;7351;8552;1;100,00;Venda Pai Nao Existe no Banco
11041;7352;1542;1;250,00;Venda Pai Nao Existe no Banco
11042;7352;7821;1;240,00;Venda Pai Nao Existe no Banco
11043;7353;1542;1;280,00;Venda Pai Nao Existe no Banco
11044;7353;7972;1;260,00;Venda Pai Nao Existe no Banco
11045;7354;7953;1;225,00;Venda Pai Nao Existe no Banco
11046;7355;7953;1;250,00;Venda Pai Nao Existe no Banco
11047;7355;7821;1;280,00;Venda Pai Nao Existe no Banco
11048;7356;8238;1;1.420,00;Venda Pai Nao Existe no Banco
11049;7356;7821;1;260,00;Venda Pai Nao Existe no Banco
11050;7357;1534;1;160,00;Venda Pai Nao Existe no Banco
11051;7357;7821;1;280,00;Venda Pai Nao Existe no Banco
11052;7359;7953;1;220,00;Venda Pai Nao Existe no Banco
11053;7360;1534;1;160,00;Venda Pai Nao Existe no Banco
11054;7361;7953;1;250,00;Venda Pai Nao Existe no Banco
11055;7361;8553;1;250,00;Venda Pai Nao Existe no Banco
11056;7362;1534;1;180,00;Venda Pai Nao Existe no Banco
11057;7362;7821;1;280,00;Venda Pai Nao Existe no Banco
11058;7363;8300;1;390,00;Venda Pai Nao Existe no Banco
11061;7364;8418;1;575,00;Venda Pai Nao Existe no Banco
11062;7364;8593;1;525,00;Venda Pai Nao Existe no Banco
11064;7365;8326;1;140,00;Venda Pai Nao Existe no Banco
11065;7365;8314;1;1.000,00;Venda Pai Nao Existe no Banco
11066;7363;8582;1;530,00;Venda Pai Nao Existe no Banco
11067;7366;7972;1;260,00;Venda Pai Nao Existe no Banco
11068;7367;7821;1;220,00;Venda Pai Nao Existe no Banco
11069;7368;1542;1;280,00;Venda Pai Nao Existe no Banco
11070;7369;1542;1;250,00;Venda Pai Nao Existe no Banco
11071;7371;1542;1;240,00;Venda Pai Nao Existe no Banco
11072;7371;7821;1;260,00;Venda Pai Nao Existe no Banco
11073;7373;1542;1;280,00;Venda Pai Nao Existe no Banco
11074;7373;8498;1;100,00;Venda Pai Nao Existe no Banco
11075;7374;1760;1;450,00;Venda Pai Nao Existe no Banco
11076;7375;8552;1;100,00;Venda Pai Nao Existe no Banco
11078;7377;7821;1;260,00;Venda Pai Nao Existe no Banco
11079;7379;8273;1;550,00;Venda Pai Nao Existe no Banco
11080;7379;8552;1;120,00;Venda Pai Nao Existe no Banco
11081;7380;7953;1;220,00;Venda Pai Nao Existe no Banco
11082;7380;8355;1;330,00;Venda Pai Nao Existe no Banco
11083;7381;1542;1;260,00;Venda Pai Nao Existe no Banco
11084;7381;1542;1;260,00;Venda Pai Nao Existe no Banco
11085;7382;1542;1;230,00;Venda Pai Nao Existe no Banco
11086;7383;1760;1;450,00;Venda Pai Nao Existe no Banco
11087;7383;7821;1;280,00;Venda Pai Nao Existe no Banco
11088;7384;1760;1;450,00;Venda Pai Nao Existe no Banco
11089;7384;8355;1;320,00;Venda Pai Nao Existe no Banco
11090;7385;3180;1;650,00;Venda Pai Nao Existe no Banco
11091;7386;8177;1;1.029,00;Venda Pai Nao Existe no Banco
11092;7387;8102;1;250,00;Venda Pai Nao Existe no Banco
11093;7387;7821;1;220,00;Venda Pai Nao Existe no Banco
11094;7388;1534;1;100,00;Venda Pai Nao Existe no Banco
11095;7389;1534;1;160,00;Venda Pai Nao Existe no Banco
11096;7389;8553;1;250,00;Venda Pai Nao Existe no Banco
11097;7390;1554;1;280,00;Venda Pai Nao Existe no Banco
11098;7390;7821;1;220,00;Venda Pai Nao Existe no Banco
11099;7391;1760;1;1.250,00;Venda Pai Nao Existe no Banco
11100;7392;1534;1;220,00;Venda Pai Nao Existe no Banco
11101;7394;1534;1;160,00;Venda Pai Nao Existe no Banco
11102;7395;1552;1;260,00;Venda Pai Nao Existe no Banco
11103;7396;1534;1;140,00;Venda Pai Nao Existe no Banco
11104;7396;7972;1;260,00;Venda Pai Nao Existe no Banco
11105;7397;8563;1;490,00;Venda Pai Nao Existe no Banco
11107;7397;7821;1;240,00;Venda Pai Nao Existe no Banco
11109;7397;1760;1;425,00;Venda Pai Nao Existe no Banco
11110;7397;1760;1;425,00;Venda Pai Nao Existe no Banco
11111;7398;1552;1;300,00;Venda Pai Nao Existe no Banco
11112;7398;7821;1;280,00;Venda Pai Nao Existe no Banco
11113;7399;7953;1;250,00;Venda Pai Nao Existe no Banco
11114;7399;7953;1;250,00;Venda Pai Nao Existe no Banco
11115;7400;3291;1;240,00;Venda Pai Nao Existe no Banco
11116;7401;1534;1;160,00;Venda Pai Nao Existe no Banco
11117;7401;3784;1;340,00;Venda Pai Nao Existe no Banco
11118;7402;1542;1;280,00;Venda Pai Nao Existe no Banco
11119;7403;1533;1;60,00;Venda Pai Nao Existe no Banco
11120;7404;7512;1;380,00;Venda Pai Nao Existe no Banco
11121;7404;1542;1;280,00;Venda Pai Nao Existe no Banco
11122;7405;7821;1;280,00;Venda Pai Nao Existe no Banco
11123;7405;1534;1;160,00;Venda Pai Nao Existe no Banco
11124;7406;7483;1;280,00;Venda Pai Nao Existe no Banco
11125;7406;1542;1;220,00;Venda Pai Nao Existe no Banco
11126;7407;1760;1;400,00;Venda Pai Nao Existe no Banco
11127;7407;1534;1;140,00;Venda Pai Nao Existe no Banco
11128;7407;1349;1;100,00;Venda Pai Nao Existe no Banco
11129;7407;8399;1;360,00;Venda Pai Nao Existe no Banco
11130;7402;7821;1;280,00;Venda Pai Nao Existe no Banco
11132;7409;1542;1;280,00;Venda Pai Nao Existe no Banco
11133;7409;7821;1;280,00;Venda Pai Nao Existe no Banco
11134;7410;8552;1;100,00;Venda Pai Nao Existe no Banco
11137;7412;1534;1;150,00;Venda Pai Nao Existe no Banco
11138;7412;2546;1;100,00;Venda Pai Nao Existe no Banco
11139;7415;1534;1;140,00;Venda Pai Nao Existe no Banco
11140;7415;7821;1;250,00;Venda Pai Nao Existe no Banco
11142;7417;1534;1;160,00;Venda Pai Nao Existe no Banco
11143;7418;1542;1;280,00;Venda Pai Nao Existe no Banco
11144;7418;8552;1;190,00;Venda Pai Nao Existe no Banco
11145;7422;1542;1;250,00;Venda Pai Nao Existe no Banco
11146;7422;8552;1;190,00;Venda Pai Nao Existe no Banco
11147;7423;8010;1;530,00;Venda Pai Nao Existe no Banco
11148;7425;1349;1;190,00;Venda Pai Nao Existe no Banco
11149;7425;1534;1;160,00;Venda Pai Nao Existe no Banco
11150;7426;1542;1;300,00;Venda Pai Nao Existe no Banco
11151;7427;5627;1;600,00;Venda Pai Nao Existe no Banco
11152;7427;8552;1;100,00;Venda Pai Nao Existe no Banco
11153;7428;1542;1;280,00;Venda Pai Nao Existe no Banco
11154;7430;7972;1;280,00;Venda Pai Nao Existe no Banco
11155;7431;1534;1;120,00;Venda Pai Nao Existe no Banco
11156;7431;8476;1;330,00;Venda Pai Nao Existe no Banco
11157;7432;1534;1;140,00;Venda Pai Nao Existe no Banco
11158;7433;7821;1;140,00;Venda Pai Nao Existe no Banco
11159;7433;8552;1;190,00;Venda Pai Nao Existe no Banco
11160;7434;1552;1;250,00;Venda Pai Nao Existe no Banco
11161;7432;1542;1;250,00;Venda Pai Nao Existe no Banco
11162;7432;8552;1;120,00;Venda Pai Nao Existe no Banco
11163;7435;8189;1;509,00;Venda Pai Nao Existe no Banco
11164;7436;8421;1;690,00;Venda Pai Nao Existe no Banco
11165;7438;1534;1;120,00;Venda Pai Nao Existe no Banco
11166;7439;1534;1;160,00;Venda Pai Nao Existe no Banco
11167;7440;7628;1;260,00;Venda Pai Nao Existe no Banco
11168;7441;7151;1;380,00;Venda Pai Nao Existe no Banco
11169;7442;8595;1;2.000,00;Venda Pai Nao Existe no Banco
11170;7444;1534;1;160,00;Venda Pai Nao Existe no Banco
11171;7444;7628;1;260,00;Venda Pai Nao Existe no Banco
11172;7445;1542;1;280,00;Venda Pai Nao Existe no Banco
11174;7446;1542;1;0,00;Venda Pai Nao Existe no Banco
11175;7447;1760;1;190,00;Venda Pai Nao Existe no Banco
11176;7448;1542;1;290,00;Venda Pai Nao Existe no Banco
11177;7449;8177;1;926,00;Venda Pai Nao Existe no Banco
11178;7449;7628;1;252,00;Venda Pai Nao Existe no Banco
11179;7451;1534;1;160,00;Venda Pai Nao Existe no Banco
11180;7452;1554;1;280,00;Venda Pai Nao Existe no Banco
11181;7452;7821;1;280,00;Venda Pai Nao Existe no Banco
11182;7454;8342;1;340,00;Venda Pai Nao Existe no Banco
11183;7454;1534;1;140,00;Venda Pai Nao Existe no Banco
11184;7454;7953;1;210,00;Venda Pai Nao Existe no Banco
11186;7454;7628;1;290,00;Venda Pai Nao Existe no Banco
11187;7456;8238;1;1.300,00;Venda Pai Nao Existe no Banco
11188;7456;8456;1;330,00;Venda Pai Nao Existe no Banco
11189;7457;1542;1;280,00;Venda Pai Nao Existe no Banco
11190;7457;7628;1;280,00;Venda Pai Nao Existe no Banco
11191;7458;1554;1;330,00;Venda Pai Nao Existe no Banco
11192;7458;7628;1;190,00;Venda Pai Nao Existe no Banco
11194;7460;7953;1;250,00;Venda Pai Nao Existe no Banco
11195;7462;1760;1;660,00;Venda Pai Nao Existe no Banco
11196;7462;7628;1;290,00;Venda Pai Nao Existe no Banco
11197;7463;1534;1;160,00;Venda Pai Nao Existe no Banco
11198;7463;7628;1;290,00;Venda Pai Nao Existe no Banco
11199;7464;1542;1;280,00;Venda Pai Nao Existe no Banco
11200;7464;8355;1;340,00;Venda Pai Nao Existe no Banco
11201;7465;1542;1;265,00;Venda Pai Nao Existe no Banco
11202;7465;1542;1;265,00;Venda Pai Nao Existe no Banco
11203;7466;1534;1;160,00;Venda Pai Nao Existe no Banco
11205;7466;7628;1;290,00;Venda Pai Nao Existe no Banco
11206;7469;1542;1;310,00;Venda Pai Nao Existe no Banco
11207;7469;4327;1;190,00;Venda Pai Nao Existe no Banco
11208;7470;1554;1;290,00;Venda Pai Nao Existe no Banco
11209;7470;7628;1;290,00;Venda Pai Nao Existe no Banco
11210;7471;1554;1;260,00;Venda Pai Nao Existe no Banco
11211;7471;7628;1;260,00;Venda Pai Nao Existe no Banco
11212;7472;7810;1;100,00;Venda Pai Nao Existe no Banco
11213;7473;7972;1;290,00;Venda Pai Nao Existe no Banco
11214;7474;7258;1;290,00;Venda Pai Nao Existe no Banco
11215;7475;1534;1;160,00;Venda Pai Nao Existe no Banco
11216;7475;8552;1;140,00;Venda Pai Nao Existe no Banco
11217;7476;1534;1;160,00;Venda Pai Nao Existe no Banco
11218;7476;7628;1;290,00;Venda Pai Nao Existe no Banco
11219;7477;1554;1;250,00;Venda Pai Nao Existe no Banco
11220;7477;8552;1;100,00;Venda Pai Nao Existe no Banco
11221;7478;1534;1;160,00;Venda Pai Nao Existe no Banco
11223;7480;8596;1;1.690,00;Venda Pai Nao Existe no Banco
11224;7480;7821;1;250,00;Venda Pai Nao Existe no Banco
11225;7481;1542;1;290,00;Venda Pai Nao Existe no Banco
11227;7481;7628;1;290,00;Venda Pai Nao Existe no Banco
11228;7446;1542;1;0,00;Venda Pai Nao Existe no Banco
11230;7482;8597;0,5;800,00;Venda Pai Nao Existe no Banco
11231;7483;8426;1;860,00;Venda Pai Nao Existe no Banco
11232;7483;8598;1;780,00;Venda Pai Nao Existe no Banco
11233;7485;1534;1;160,00;Venda Pai Nao Existe no Banco
11234;7486;5627;1;580,00;Venda Pai Nao Existe no Banco
11235;7487;1542;1;290,00;Venda Pai Nao Existe no Banco
11236;7487;8572;1;690,00;Venda Pai Nao Existe no Banco
11237;7488;1554;1;270,00;Venda Pai Nao Existe no Banco
11238;7488;7821;1;270,00;Venda Pai Nao Existe no Banco
11239;7489;1760;1;790,00;Venda Pai Nao Existe no Banco
11240;7490;1540;1;40,00;Venda Pai Nao Existe no Banco
11241;7491;2287;1;25,00;Venda Pai Nao Existe no Banco
11242;7492;2403;1;240,00;Venda Pai Nao Existe no Banco
11243;7493;1542;0,5;140,00;Venda Pai Nao Existe no Banco
11244;7494;7628;1;290,00;Venda Pai Nao Existe no Banco
11245;7496;8267;1;400,00;Venda Pai Nao Existe no Banco
11246;7497;8189;1;400,00;Venda Pai Nao Existe no Banco
11247;7499;7953;1;250,00;Venda Pai Nao Existe no Banco
11248;7499;5542;1;380,00;Venda Pai Nao Existe no Banco
11249;7500;7953;1;250,00;Venda Pai Nao Existe no Banco
11250;7500;8399;1;380,00;Venda Pai Nao Existe no Banco
11251;7501;1534;1;160,00;Venda Pai Nao Existe no Banco
11252;7502;1534;1;140,00;Venda Pai Nao Existe no Banco
11253;7502;7972;1;355,00;Venda Pai Nao Existe no Banco
11254;7504;1542;1;290,00;Venda Pai Nao Existe no Banco
11255;7504;7773;1;100,00;Venda Pai Nao Existe no Banco
11256;7505;1542;1;260,00;Venda Pai Nao Existe no Banco
11257;7505;7821;1;260,00;Venda Pai Nao Existe no Banco
11258;7507;1542;1;270,00;Venda Pai Nao Existe no Banco
11259;7507;8552;1;130,00;Venda Pai Nao Existe no Banco
11260;7508;1721;1;540,00;Venda Pai Nao Existe no Banco
11261;7508;5671;1;260,00;Venda Pai Nao Existe no Banco
11263;7509;8600;1;1.315,00;Venda Pai Nao Existe no Banco
11264;7509;8552;1;110,00;Venda Pai Nao Existe no Banco
11265;7510;1534;1;160,00;Venda Pai Nao Existe no Banco
11266;7511;1542;1;290,00;Venda Pai Nao Existe no Banco
11267;7512;1534;1;160,00;Venda Pai Nao Existe no Banco
11268;7512;7821;1;280,00;Venda Pai Nao Existe no Banco
11269;7513;1534;1;160,00;Venda Pai Nao Existe no Banco
11270;7514;1534;1;160,00;Venda Pai Nao Existe no Banco
11271;7515;8552;1;140,00;Venda Pai Nao Existe no Banco
11272;7516;1542;0,5;145,00;Venda Pai Nao Existe no Banco
11273;7518;7821;1;290,00;Venda Pai Nao Existe no Banco
11274;7519;1534;1;160,00;Venda Pai Nao Existe no Banco
11275;7520;8552;1;120,00;Venda Pai Nao Existe no Banco
11276;7522;1760;1;400,00;Venda Pai Nao Existe no Banco
11277;7523;1542;1;270,00;Venda Pai Nao Existe no Banco
11278;7523;8552;1;160,00;Venda Pai Nao Existe no Banco
11279;7524;7953;1;220,00;Venda Pai Nao Existe no Banco
11280;7524;7953;1;220,00;Venda Pai Nao Existe no Banco
11281;7524;7628;1;260,00;Venda Pai Nao Existe no Banco
11282;7525;1534;1;160,00;Venda Pai Nao Existe no Banco
11283;7526;7953;1;250,00;Venda Pai Nao Existe no Banco
11284;7526;7628;1;290,00;Venda Pai Nao Existe no Banco
11285;7527;1534;1;130,00;Venda Pai Nao Existe no Banco
11286;7527;8552;1;130,00;Venda Pai Nao Existe no Banco
11287;7528;1534;1;130,00;Venda Pai Nao Existe no Banco
11288;7528;8193;1;160,00;Venda Pai Nao Existe no Banco
11289;7529;7821;1;190,00;Venda Pai Nao Existe no Banco
11290;7530;1752;1;350,00;Venda Pai Nao Existe no Banco
11291;7530;7628;1;290,00;Venda Pai Nao Existe no Banco
11292;7531;8552;1;190,00;Venda Pai Nao Existe no Banco
11293;7534;1542;1;250,00;Venda Pai Nao Existe no Banco
11294;7534;8552;1;190,00;Venda Pai Nao Existe no Banco
11295;7536;1534;1;140,00;Venda Pai Nao Existe no Banco
11296;7537;1542;1;50,00;Venda Pai Nao Existe no Banco
11297;7538;7953;1;250,00;Venda Pai Nao Existe no Banco
11298;7538;7628;1;290,00;Venda Pai Nao Existe no Banco
11299;7539;1542;1;270,00;Venda Pai Nao Existe no Banco
11300;7540;1542;1;290,00;Venda Pai Nao Existe no Banco
11301;7540;7821;1;280,00;Venda Pai Nao Existe no Banco
11302;7541;1542;1;290,00;Venda Pai Nao Existe no Banco
11303;7541;8552;1;160,00;Venda Pai Nao Existe no Banco
11304;7542;1542;1;290,00;Venda Pai Nao Existe no Banco
11305;7542;8552;1;190,00;Venda Pai Nao Existe no Banco
11306;7543;1542;1;290,00;Venda Pai Nao Existe no Banco
11307;7544;1542;1;290,00;Venda Pai Nao Existe no Banco
11308;7545;1526;1;180,00;Venda Pai Nao Existe no Banco
11309;7547;1534;1;130,00;Venda Pai Nao Existe no Banco
11310;7547;7628;1;270,00;Venda Pai Nao Existe no Banco
11311;7548;1534;1;160,00;Venda Pai Nao Existe no Banco
11312;7548;7628;1;280,00;Venda Pai Nao Existe no Banco
11313;7549;4769;1;150,00;Venda Pai Nao Existe no Banco
11314;7549;6384;1;590,00;Venda Pai Nao Existe no Banco
11315;7549;767;1;150,00;Venda Pai Nao Existe no Banco
11317;7549;577;1;500,00;Venda Pai Nao Existe no Banco
11319;7550;1542;1;260,00;Venda Pai Nao Existe no Banco
11321;7549;7810;2;220,00;Venda Pai Nao Existe no Banco
11322;7551;7972;1;220,00;Venda Pai Nao Existe no Banco
11323;7553;8614;1;350,00;Venda Pai Nao Existe no Banco
11324;7553;1534;1;150,00;Venda Pai Nao Existe no Banco
11325;7549;1534;8;720,00;Venda Pai Nao Existe no Banco
11326;7554;7953;1;250,00;Venda Pai Nao Existe no Banco
11327;7555;7953;1;250,00;Venda Pai Nao Existe no Banco
11329;7555;8656;1;350,00;Venda Pai Nao Existe no Banco
11330;7556;7821;1;280,00;Venda Pai Nao Existe no Banco
11331;7557;1721;1;540,00;Venda Pai Nao Existe no Banco
11332;7557;8642;1;350,00;Venda Pai Nao Existe no Banco
11333;7558;7821;1;240,00;Venda Pai Nao Existe no Banco
11334;7559;1534;1;160,00;Venda Pai Nao Existe no Banco
11335;7559;7821;1;290,00;Venda Pai Nao Existe no Banco
11336;7560;1542;1;290,00;Venda Pai Nao Existe no Banco
11337;7560;7821;1;280,00;Venda Pai Nao Existe no Banco
11338;7561;8240;1;460,00;Venda Pai Nao Existe no Banco
11339;7561;7628;1;290,00;Venda Pai Nao Existe no Banco
11341;7562;8464;1;700,00;Venda Pai Nao Existe no Banco
11342;7562;8666;1;5.300,00;Venda Pai Nao Existe no Banco
11343;7563;7987;1;390,00;Venda Pai Nao Existe no Banco
11344;7563;1534;1;90,00;Venda Pai Nao Existe no Banco
11345;7564;8300;1;150,00;Venda Pai Nao Existe no Banco
11346;7564;7821;1;100,00;Venda Pai Nao Existe no Banco
11348;7563;1534;1;90,00;Venda Pai Nao Existe no Banco
11349;7566;1534;1;160,00;Venda Pai Nao Existe no Banco
11350;7567;1774;1;90,00;Venda Pai Nao Existe no Banco
11351;7570;5060;1;150,00;Venda Pai Nao Existe no Banco
11352;7571;1554;0,5;130,00;Venda Pai Nao Existe no Banco
11353;7572;1542;1;260,00;Venda Pai Nao Existe no Banco
11354;7572;8619;1;340,00;Venda Pai Nao Existe no Banco
11355;7573;1534;1;150,00;Venda Pai Nao Existe no Banco
11356;7574;8618;1;350,00;Venda Pai Nao Existe no Banco
11357;7575;4581;1;240,00;Venda Pai Nao Existe no Banco
11358;7576;1534;1;160,00;Venda Pai Nao Existe no Banco
11359;7576;8552;1;160,00;Venda Pai Nao Existe no Banco
11360;7577;1542;1;260,00;Venda Pai Nao Existe no Banco
11362;7577;7281;1;320,00;Venda Pai Nao Existe no Banco
11363;7578;7454;1;300,00;Venda Pai Nao Existe no Banco
11364;7578;6347;1;150,00;Venda Pai Nao Existe no Banco
11365;7579;1542;1;240,00;Venda Pai Nao Existe no Banco
11366;7580;1534;1;160,00;Venda Pai Nao Existe no Banco
11367;7580;8355;1;350,00;Venda Pai Nao Existe no Banco
11368;7581;1534;1;160,00;Venda Pai Nao Existe no Banco
11369;7581;8355;1;350,00;Venda Pai Nao Existe no Banco
11370;7582;1554;1;350,00;Venda Pai Nao Existe no Banco
11371;7582;8552;1;160,00;Venda Pai Nao Existe no Banco
11372;7583;1542;1;260,00;Venda Pai Nao Existe no Banco
11374;7583;7821;1;290,00;Venda Pai Nao Existe no Banco
11375;7584;8102;1;390,00;Venda Pai Nao Existe no Banco
11376;7584;8647;1;350,00;Venda Pai Nao Existe no Banco
11377;7585;1554;1;290,00;Venda Pai Nao Existe no Banco
11378;7586;1542;1;290,00;Venda Pai Nao Existe no Banco
11379;7586;7931;1;380,00;Venda Pai Nao Existe no Banco
11380;7587;1534;1;160,00;Venda Pai Nao Existe no Banco
11381;7588;1542;1;290,00;Venda Pai Nao Existe no Banco
11382;7589;1534;1;160,00;Venda Pai Nao Existe no Banco
11384;7587;7628;1;290,00;Venda Pai Nao Existe no Banco
11385;7591;8266;1;480,00;Venda Pai Nao Existe no Banco
11387;7591;7953;1;250,00;Venda Pai Nao Existe no Banco
11388;7593;8646;1;350,00;Venda Pai Nao Existe no Banco
11389;7595;1542;1;260,00;Venda Pai Nao Existe no Banco
11390;7596;8593;1;550,00;Venda Pai Nao Existe no Banco
11391;7596;6292;1;150,00;Venda Pai Nao Existe no Banco
11392;7597;1542;1;290,00;Venda Pai Nao Existe no Banco
11393;7597;6292;1;160,00;Venda Pai Nao Existe no Banco
11394;7563;1752;1;370,00;Venda Pai Nao Existe no Banco
11395;7599;1542;1;290,00;Venda Pai Nao Existe no Banco
11396;7599;6292;1;160,00;Venda Pai Nao Existe no Banco
11397;7600;1554;0,5;140,00;Venda Pai Nao Existe no Banco
11398;7601;1542;1;290,00;Venda Pai Nao Existe no Banco
11399;7601;7953;1;250,00;Venda Pai Nao Existe no Banco
11400;7601;8552;1;170,00;Venda Pai Nao Existe no Banco
11401;7601;8553;1;290,00;Venda Pai Nao Existe no Banco
11402;7602;7827;1;460,00;Venda Pai Nao Existe no Banco
11403;7603;1542;1;290,00;Venda Pai Nao Existe no Banco
11404;7603;8355;1;390,00;Venda Pai Nao Existe no Banco
11405;7604;7953;1;250,00;Venda Pai Nao Existe no Banco
11406;7605;1534;1;160,00;Venda Pai Nao Existe no Banco
11407;7605;7821;1;290,00;Venda Pai Nao Existe no Banco
11408;7606;7953;1;250,00;Venda Pai Nao Existe no Banco
11409;7606;7821;1;290,00;Venda Pai Nao Existe no Banco
11410;7607;8573;1;230,00;Venda Pai Nao Existe no Banco
11411;7608;1534;1;160,00;Venda Pai Nao Existe no Banco
11412;7609;1534;1;160,00;Venda Pai Nao Existe no Banco
11414;7610;1534;1;160,00;Venda Pai Nao Existe no Banco
11415;7610;7773;1;130,00;Venda Pai Nao Existe no Banco
11416;7609;7628;1;290,00;Venda Pai Nao Existe no Banco
11417;7611;1534;1;120,00;Venda Pai Nao Existe no Banco
11418;7611;7821;1;260,00;Venda Pai Nao Existe no Banco
11419;7612;7972;1;260,00;Venda Pai Nao Existe no Banco
11420;7614;1542;1;290,00;Venda Pai Nao Existe no Banco
11421;7614;7821;1;290,00;Venda Pai Nao Existe no Banco
11422;7615;1554;1;270,00;Venda Pai Nao Existe no Banco
11425;7616;8667;1;908,00;Venda Pai Nao Existe no Banco
11426;7617;7953;1;250,00;Venda Pai Nao Existe no Banco
11427;7617;8660;1;550,00;Venda Pai Nao Existe no Banco
11428;7619;1534;1;160,00;Venda Pai Nao Existe no Banco
11429;7620;1552;1;290,00;Venda Pai Nao Existe no Banco
11430;7620;7821;1;290,00;Venda Pai Nao Existe no Banco
11432;7621;8669;1;1.320,00;Venda Pai Nao Existe no Banco
11433;7622;8661;1;550,00;Venda Pai Nao Existe no Banco
11434;7623;1542;1;290,00;Venda Pai Nao Existe no Banco
11435;7623;8552;1;100,00;Venda Pai Nao Existe no Banco
11436;7624;1534;1;160,00;Venda Pai Nao Existe no Banco
11437;7624;7628;1;290,00;Venda Pai Nao Existe no Banco
11439;7626;8177;1;950,00;Venda Pai Nao Existe no Banco
11440;7627;7953;1;250,00;Venda Pai Nao Existe no Banco
11441;7627;7821;1;290,00;Venda Pai Nao Existe no Banco
11442;7628;7987;1;450,00;Venda Pai Nao Existe no Banco
11443;7629;8552;1;190,00;Venda Pai Nao Existe no Banco
11444;7630;8552;1;190,00;Venda Pai Nao Existe no Banco
11445;7631;8355;1;350,00;Venda Pai Nao Existe no Banco
11446;7631;1542;1;250,00;Venda Pai Nao Existe no Banco
11447;7632;7953;1;250,00;Venda Pai Nao Existe no Banco
11448;7633;8358;1;690,00;Venda Pai Nao Existe no Banco
11449;7633;7810;1;100,00;Venda Pai Nao Existe no Banco
11450;7634;5627;1;790,00;Venda Pai Nao Existe no Banco
11453;7634;8670;1;590,00;Venda Pai Nao Existe no Banco
11454;7635;7821;1;290,00;Venda Pai Nao Existe no Banco
11455;7636;1542;1;290,00;Venda Pai Nao Existe no Banco
11457;7637;8481;1;390,00;Venda Pai Nao Existe no Banco
11458;7639;1534;1;160,00;Venda Pai Nao Existe no Banco
11459;7640;1534;1;160,00;Venda Pai Nao Existe no Banco
11460;7641;1552;1;290,00;Venda Pai Nao Existe no Banco
11461;7641;8552;1;190,00;Venda Pai Nao Existe no Banco
11462;7642;1534;1;130,00;Venda Pai Nao Existe no Banco
11463;7642;1534;1;130,00;Venda Pai Nao Existe no Banco
11464;7642;7821;1;277,00;Venda Pai Nao Existe no Banco
11465;7642;8355;1;390,00;Venda Pai Nao Existe no Banco
11466;7644;7773;1;100,00;Venda Pai Nao Existe no Banco
11467;7645;2733;1;100,00;Venda Pai Nao Existe no Banco
11468;7645;7953;1;190,00;Venda Pai Nao Existe no Banco
11469;7646;5627;1;1.300,00;Venda Pai Nao Existe no Banco
11470;7646;8557;1;690,00;Venda Pai Nao Existe no Banco
11471;7647;1554;1;250,00;Venda Pai Nao Existe no Banco
11472;7647;7628;1;250,00;Venda Pai Nao Existe no Banco
11473;7646;8668;1;26,00;Venda Pai Nao Existe no Banco
11474;7650;1542;1;290,00;Venda Pai Nao Existe no Banco
11475;7650;8552;1;130,00;Venda Pai Nao Existe no Banco
11476;7359;8359;1;520,00;Venda Pai Nao Existe no Banco
11477;7651;1534;1;120,00;Venda Pai Nao Existe no Banco
11479;7651;8671;1;430,00;Venda Pai Nao Existe no Banco
11480;7652;8240;1;450,00;Venda Pai Nao Existe no Banco
11481;7653;1760;1;650,00;Venda Pai Nao Existe no Banco
11482;7654;7953;1;250,00;Venda Pai Nao Existe no Banco
11483;7655;7953;1;250,00;Venda Pai Nao Existe no Banco
11484;7655;7628;1;290,00;Venda Pai Nao Existe no Banco
11485;7657;3180;1;600,00;Venda Pai Nao Existe no Banco
11486;7657;7628;1;240,00;Venda Pai Nao Existe no Banco
11487;7658;8239;1;2.070,00;Venda Pai Nao Existe no Banco
11488;7658;8522;1;620,00;Venda Pai Nao Existe no Banco
11489;7659;8590;1;1.550,00;Venda Pai Nao Existe no Banco
11491;7660;8672;1;5.265,00;Venda Pai Nao Existe no Banco
11493;7662;1526;1;160,00;Venda Pai Nao Existe no Banco
11494;7663;1534;1;160,00;Venda Pai Nao Existe no Banco
11495;7663;7821;1;290,00;Venda Pai Nao Existe no Banco
11496;7664;7953;1;250,00;Venda Pai Nao Existe no Banco
11497;7665;1554;1;250,00;Venda Pai Nao Existe no Banco
11498;7665;8552;1;130,00;Venda Pai Nao Existe no Banco
11499;7666;1752;1;350,00;Venda Pai Nao Existe no Banco
11500;7666;6292;1;160,00;Venda Pai Nao Existe no Banco
11501;7667;8157;1;585,00;Venda Pai Nao Existe no Banco
11502;7668;5218;1;580,00;Venda Pai Nao Existe no Banco
11503;7669;7953;1;210,00;Venda Pai Nao Existe no Banco
11504;7669;8588;1;590,00;Venda Pai Nao Existe no Banco
11505;7670;7953;1;220,00;Venda Pai Nao Existe no Banco
11506;7670;8552;1;180,00;Venda Pai Nao Existe no Banco
11507;7653;8668;1;90,00;Venda Pai Nao Existe no Banco
11508;7671;7987;1;390,00;Venda Pai Nao Existe no Banco
11511;7671;7810;1;220,00;Venda Pai Nao Existe no Banco
11512;7671;1534;1;90,00;Venda Pai Nao Existe no Banco
11513;7671;1534;1;90,00;Venda Pai Nao Existe no Banco
11515;7660;8031;1;351,00;Venda Pai Nao Existe no Banco
11516;7671;7810;1;220,00;Venda Pai Nao Existe no Banco
11517;7672;1542;1;290,00;Venda Pai Nao Existe no Banco
11519;7672;8662;1;550,00;Venda Pai Nao Existe no Banco
11520;7673;1534;1;160,00;Venda Pai Nao Existe no Banco
11521;7673;6292;1;160,00;Venda Pai Nao Existe no Banco
11522;7674;1534;1;160,00;Venda Pai Nao Existe no Banco
11523;7676;2403;2;480,00;Venda Pai Nao Existe no Banco
11524;7671;1534;1;90,00;Venda Pai Nao Existe no Banco
11525;7671;1534;1;90,00;Venda Pai Nao Existe no Banco
11526;7677;1534;1;160,00;Venda Pai Nao Existe no Banco
11527;7680;8250;1;1.400,00;Venda Pai Nao Existe no Banco
11528;7680;8468;1;390,00;Venda Pai Nao Existe no Banco
11529;7681;8552;1;170,00;Venda Pai Nao Existe no Banco
11530;7682;1542;1;260,00;Venda Pai Nao Existe no Banco
11531;7682;7972;1;280,00;Venda Pai Nao Existe no Banco
11532;7683;1534;1;160,00;Venda Pai Nao Existe no Banco
11533;7684;1542;1;260,00;Venda Pai Nao Existe no Banco
11534;7684;8355;1;340,00;Venda Pai Nao Existe no Banco
11535;7685;1542;1;290,00;Venda Pai Nao Existe no Banco
11536;7685;7628;1;290,00;Venda Pai Nao Existe no Banco
11537;7686;8674;1;1.360,00;Venda Pai Nao Existe no Banco
11538;7686;8420;1;690,00;Venda Pai Nao Existe no Banco
11539;7687;1542;1;290,00;Venda Pai Nao Existe no Banco
11540;7688;8314;1;1.000,00;Venda Pai Nao Existe no Banco
11541;7689;7953;1;250,00;Venda Pai Nao Existe no Banco
11542;7689;7821;1;290,00;Venda Pai Nao Existe no Banco
11543;7690;8583;1;600,00;Venda Pai Nao Existe no Banco
11544;7691;8355;1;390,00;Venda Pai Nao Existe no Banco
11545;7692;1534;1;120,00;Venda Pai Nao Existe no Banco
11546;7692;8552;1;140,00;Venda Pai Nao Existe no Banco
11547;7693;1534;1;160,00;Venda Pai Nao Existe no Banco
11548;7694;1534;1;140,00;Venda Pai Nao Existe no Banco
11549;7694;6292;1;140,00;Venda Pai Nao Existe no Banco
11550;7696;6292;1;160,00;Venda Pai Nao Existe no Banco
11551;7697;1552;1;290,00;Venda Pai Nao Existe no Banco
11552;7697;8552;1;190,00;Venda Pai Nao Existe no Banco
11553;7698;1542;1;290,00;Venda Pai Nao Existe no Banco
11554;7698;7821;1;280,00;Venda Pai Nao Existe no Banco
11555;7699;1542;1;280,00;Venda Pai Nao Existe no Banco
11556;7699;7512;1;260,00;Venda Pai Nao Existe no Banco
11557;7700;1554;1;190,00;Venda Pai Nao Existe no Banco
11558;7701;1542;1;260,00;Venda Pai Nao Existe no Banco
11559;7701;7821;1;280,00;Venda Pai Nao Existe no Banco
11560;7702;8668;1;89,90;Venda Pai Nao Existe no Banco
11561;7703;8668;1;26,00;Venda Pai Nao Existe no Banco
11562;7704;7953;1;250,00;Venda Pai Nao Existe no Banco
11563;7704;7953;1;250,00;Venda Pai Nao Existe no Banco
11564;7704;7821;1;280,00;Venda Pai Nao Existe no Banco
11565;7705;1760;1;650,00;Venda Pai Nao Existe no Banco
11566;7706;8552;1;120,00;Venda Pai Nao Existe no Banco
11567;7706;8606;1;550,00;Venda Pai Nao Existe no Banco
11568;7707;1534;1;150,00;Venda Pai Nao Existe no Banco
11573;7709;8676;1;515,00;Venda Pai Nao Existe no Banco
11574;7709;1534;1;160,00;Venda Pai Nao Existe no Banco
11575;7710;1542;1;290,00;Venda Pai Nao Existe no Banco
11576;7710;7628;1;280,00;Venda Pai Nao Existe no Banco
11577;7711;8554;1;850,00;Venda Pai Nao Existe no Banco
11578;7712;1534;1;140,00;Venda Pai Nao Existe no Banco
11579;7712;7821;1;220,00;Venda Pai Nao Existe no Banco
11580;7712;2287;1;25,00;Venda Pai Nao Existe no Banco
11581;7713;1721;1;486,00;Venda Pai Nao Existe no Banco
11582;7713;8003;1;531,00;Venda Pai Nao Existe no Banco
11583;7714;7459;1;690,00;Venda Pai Nao Existe no Banco
11584;7715;1534;1;160,00;Venda Pai Nao Existe no Banco
11585;7715;1349;1;260,00;Venda Pai Nao Existe no Banco
11586;7716;1534;1;120,00;Venda Pai Nao Existe no Banco
11587;7716;1375;1;230,00;Venda Pai Nao Existe no Banco
11588;7717;1542;1;280,00;Venda Pai Nao Existe no Banco
11590;7717;8560;1;600,00;Venda Pai Nao Existe no Banco
11591;7718;7511;1;260,00;Venda Pai Nao Existe no Banco
11592;7718;1542;1;290,00;Venda Pai Nao Existe no Banco
11593;7719;8314;1;1.000,00;Venda Pai Nao Existe no Banco
11594;7719;8552;1;160,00;Venda Pai Nao Existe no Banco
11595;7720;1542;1;290,00;Venda Pai Nao Existe no Banco
11596;7721;8573;1;290,00;Venda Pai Nao Existe no Banco
11597;7723;7628;1;260,00;Venda Pai Nao Existe no Banco
11598;7724;7953;1;220,00;Venda Pai Nao Existe no Banco
11599;7724;7821;1;266,00;Venda Pai Nao Existe no Banco
11600;7725;5454;1;800,00;Venda Pai Nao Existe no Banco
11601;7726;7953;1;250,00;Venda Pai Nao Existe no Banco
11602;7726;8520;1;690,00;Venda Pai Nao Existe no Banco
11603;7727;1760;1;590,00;Venda Pai Nao Existe no Banco
11604;7728;1542;1;150,00;Venda Pai Nao Existe no Banco
11605;7729;1534;1;130,00;Venda Pai Nao Existe no Banco
11606;7729;6292;1;100,00;Venda Pai Nao Existe no Banco
11607;7730;7198;1;450,00;Venda Pai Nao Existe no Banco
11608;7731;7628;1;250,00;Venda Pai Nao Existe no Banco
11610;7732;7821;1;215,00;Venda Pai Nao Existe no Banco
11611;7733;7972;1;280,00;Venda Pai Nao Existe no Banco
11612;7732;8677;1;1.500,00;Venda Pai Nao Existe no Banco
11613;7734;8164;1;495,00;Venda Pai Nao Existe no Banco
11614;7735;7953;1;236,00;Venda Pai Nao Existe no Banco
11615;7735;7628;1;250,00;Venda Pai Nao Existe no Banco
11616;7736;7953;1;230,00;Venda Pai Nao Existe no Banco
11617;7737;1534;1;160,00;Venda Pai Nao Existe no Banco
11618;7737;7821;1;240,00;Venda Pai Nao Existe no Banco
11619;7739;7821;1;200,00;Venda Pai Nao Existe no Banco
11620;7739;1534;1;180,00;Venda Pai Nao Existe no Banco
11621;7740;7773;1;120,00;Venda Pai Nao Existe no Banco
11622;7741;1542;1;260,00;Venda Pai Nao Existe no Banco
11623;7741;7821;1;260,00;Venda Pai Nao Existe no Banco
11624;7742;1534;1;140,00;Venda Pai Nao Existe no Banco
11625;7742;7821;1;260,00;Venda Pai Nao Existe no Banco
11626;7743;4514;1;350,00;Venda Pai Nao Existe no Banco
11627;7743;8634;1;450,00;Venda Pai Nao Existe no Banco
11628;7745;7628;1;250,00;Venda Pai Nao Existe no Banco
11630;7746;8645;1;510,00;Venda Pai Nao Existe no Banco
11631;7746;1542;1;290,00;Venda Pai Nao Existe no Banco
11633;7747;8573;1;380,00;Venda Pai Nao Existe no Banco
11634;7748;1534;1;160,00;Venda Pai Nao Existe no Banco
11635;7748;8552;1;140,00;Venda Pai Nao Existe no Banco
11637;7751;8678;1;1.650,00;Venda Pai Nao Existe no Banco
11638;7751;7181;1;440,00;Venda Pai Nao Existe no Banco
11639;7752;1349;1;100,00;Venda Pai Nao Existe no Banco
11640;7753;1721;1;490,00;Venda Pai Nao Existe no Banco
11641;7753;7821;1;260,00;Venda Pai Nao Existe no Banco
11643;7755;8679;1;2.800,00;Venda Pai Nao Existe no Banco
11644;7755;7821;1;260,00;Venda Pai Nao Existe no Banco
11645;7755;1542;1;280,00;Venda Pai Nao Existe no Banco
11646;7756;1534;1;150,00;Venda Pai Nao Existe no Banco
11647;7757;1534;1;140,00;Venda Pai Nao Existe no Banco
11648;7757;7821;1;260,00;Venda Pai Nao Existe no Banco
11649;7758;1534;1;160,00;Venda Pai Nao Existe no Banco
11650;7758;7821;1;290,00;Venda Pai Nao Existe no Banco
11651;7759;7953;1;280,00;Venda Pai Nao Existe no Banco
11652;7760;1534;1;160,00;Venda Pai Nao Existe no Banco
11653;7760;7821;1;240,00;Venda Pai Nao Existe no Banco
11654;7761;7953;1;350,00;Venda Pai Nao Existe no Banco
11655;7762;8268;1;650,00;Venda Pai Nao Existe no Banco
11656;7763;8573;1;220,00;Venda Pai Nao Existe no Banco
11657;7764;1542;1;250,00;Venda Pai Nao Existe no Banco
11658;7764;7628;1;250,00;Venda Pai Nao Existe no Banco
11659;7765;7953;1;250,00;Venda Pai Nao Existe no Banco
11660;7765;7628;1;390,00;Venda Pai Nao Existe no Banco
11661;7766;8300;1;490,00;Venda Pai Nao Existe no Banco
11662;7766;8559;1;690,00;Venda Pai Nao Existe no Banco
11663;7767;1534;;140,00;Venda Pai Nao Existe no Banco
11664;7767;8552;1;150,00;Venda Pai Nao Existe no Banco
11665;7768;1542;1;250,00;Venda Pai Nao Existe no Banco
11666;7768;7821;1;250,00;Venda Pai Nao Existe no Banco
11667;7769;1542;1;290,00;Venda Pai Nao Existe no Banco
11669;7769;7628;1;290,00;Venda Pai Nao Existe no Banco
11671;7772;7773;1;120,00;Venda Pai Nao Existe no Banco
11672;7771;8680;1;1.100,00;Venda Pai Nao Existe no Banco
11673;7773;7628;1;280,00;Venda Pai Nao Existe no Banco
11674;7774;1542;1;290,00;Venda Pai Nao Existe no Banco
11675;7775;1534;1;160,00;Venda Pai Nao Existe no Banco
11676;7775;7628;1;290,00;Venda Pai Nao Existe no Banco
11677;7776;1542;1;250,00;Venda Pai Nao Existe no Banco
11678;7778;1534;1;130,00;Venda Pai Nao Existe no Banco
11679;7779;7810;1;180,00;Venda Pai Nao Existe no Banco
11681;7781;1534;1;160,00;Venda Pai Nao Existe no Banco
11682;7782;1554;1;290,00;Venda Pai Nao Existe no Banco
11683;7782;7821;1;290,00;Venda Pai Nao Existe no Banco
11684;7783;1534;1;140,00;Venda Pai Nao Existe no Banco
11685;7783;7628;1;260,00;Venda Pai Nao Existe no Banco
11686;7784;5627;1;800,00;Venda Pai Nao Existe no Banco
11687;7784;8655;1;590,00;Venda Pai Nao Existe no Banco
11688;7784;5991;1;490,00;Venda Pai Nao Existe no Banco
11689;7785;1534;1;160,00;Venda Pai Nao Existe no Banco
11690;7785;6292;1;100,00;Venda Pai Nao Existe no Banco
11691;7786;6159;1;290,00;Venda Pai Nao Existe no Banco
11692;7787;1534;1;160,00;Venda Pai Nao Existe no Banco
11693;7787;7821;1;290,00;Venda Pai Nao Existe no Banco
11694;7788;4514;1;350,00;Venda Pai Nao Existe no Banco
11695;7789;1534;1;160,00;Venda Pai Nao Existe no Banco
11696;7789;7821;1;290,00;Venda Pai Nao Existe no Banco
11697;7790;1534;1;120,00;Venda Pai Nao Existe no Banco
11698;7790;8552;1;110,00;Venda Pai Nao Existe no Banco
11700;7791;7953;1;250,00;Venda Pai Nao Existe no Banco
11701;7791;7628;1;290,00;Venda Pai Nao Existe no Banco
11702;7793;7953;1;250,00;Venda Pai Nao Existe no Banco
11703;7793;7628;1;290,00;Venda Pai Nao Existe no Banco
11705;7795;1534;1;160,00;Venda Pai Nao Existe no Banco
11706;7795;7821;1;290,00;Venda Pai Nao Existe no Banco
11707;7794;1534;1;130,00;Venda Pai Nao Existe no Banco
11708;7796;1542;1;290,00;Venda Pai Nao Existe no Banco
11709;7797;1534;1;160,00;Venda Pai Nao Existe no Banco
11710;7798;7773;1;100,00;Venda Pai Nao Existe no Banco
11711;7798;1534;1;130,00;Venda Pai Nao Existe no Banco
11712;7799;1760;1;650,00;Venda Pai Nao Existe no Banco
11713;7800;8314;1;1.000,00;Venda Pai Nao Existe no Banco
11714;7800;8553;1;290,00;Venda Pai Nao Existe no Banco
11716;7801;7578;1;390,00;Venda Pai Nao Existe no Banco
11717;7803;1534;1;120,00;Venda Pai Nao Existe no Banco
11718;7803;8552;1;100,00;Venda Pai Nao Existe no Banco
11719;7804;7953;1;220,00;Venda Pai Nao Existe no Banco
11720;7805;7952;1;360,00;Venda Pai Nao Existe no Banco
11721;7806;4991;1;250,00;Venda Pai Nao Existe no Banco
11723;7807;1542;1;290,00;Venda Pai Nao Existe no Banco
11724;7807;7821;1;280,00;Venda Pai Nao Existe no Banco
11725;7809;7953;1;250,00;Venda Pai Nao Existe no Banco
11726;7809;7187;1;590,00;Venda Pai Nao Existe no Banco
11727;7811;8312;1;160,00;Venda Pai Nao Existe no Banco
11728;7811;8312;1;240,00;Venda Pai Nao Existe no Banco
11729;7812;1760;1;490,00;Venda Pai Nao Existe no Banco
11730;7812;8552;1;160,00;Venda Pai Nao Existe no Banco
11731;7813;7953;0,5;85,00;Venda Pai Nao Existe no Banco
11732;7814;1534;1;180,00;Venda Pai Nao Existe no Banco
11733;7815;1542;1;250,00;Venda Pai Nao Existe no Banco
11734;7816;1542;1;250,00;Venda Pai Nao Existe no Banco
11735;7816;7821;1;250,00;Venda Pai Nao Existe no Banco
11736;7818;8552;1;100,00;Venda Pai Nao Existe no Banco
11737;7820;1534;1;160,00;Venda Pai Nao Existe no Banco
11738;7821;1554;1;290,00;Venda Pai Nao Existe no Banco
11739;7821;8552;1;160,00;Venda Pai Nao Existe no Banco
11740;7822;1534;1;120,00;Venda Pai Nao Existe no Banco
11741;7822;6158;1;400,00;Venda Pai Nao Existe no Banco
11742;7823;1542;1;270,00;Venda Pai Nao Existe no Banco
11743;7824;2403;1;240,00;Venda Pai Nao Existe no Banco
11744;7825;1534;1;160,00;Venda Pai Nao Existe no Banco
11745;7826;4581;2;430,00;Venda Pai Nao Existe no Banco
11748;7828;8300;1;540,00;Venda Pai Nao Existe no Banco
11749;7828;7821;1;280,00;Venda Pai Nao Existe no Banco
11750;7829;1534;1;160,00;Venda Pai Nao Existe no Banco
11751;7829;8552;1;100,00;Venda Pai Nao Existe no Banco
11752;7830;2403;1;240,00;Venda Pai Nao Existe no Banco
11753;7831;8185;1;390,00;Venda Pai Nao Existe no Banco
11754;7831;8612;1;390,00;Venda Pai Nao Existe no Banco
11755;7833;1542;1;290,00;Venda Pai Nao Existe no Banco
11756;7833;6292;1;100,00;Venda Pai Nao Existe no Banco
11757;7835;8355;1;390,00;Venda Pai Nao Existe no Banco
11758;7837;1542;1;290,00;Venda Pai Nao Existe no Banco
11759;7837;8639;1;490,00;Venda Pai Nao Existe no Banco
11761;7838;8553;1;260,00;Venda Pai Nao Existe no Banco
11762;7839;7953;1;250,00;Venda Pai Nao Existe no Banco
11763;7840;1542;1;260,00;Venda Pai Nao Existe no Banco
11764;7804;8341;1;520,00;Venda Pai Nao Existe no Banco
11765;7841;8552;1;100,00;Venda Pai Nao Existe no Banco
11766;7842;1533;1;40,00;Venda Pai Nao Existe no Banco
11767;7843;8668;1;25,00;Venda Pai Nao Existe no Banco
11768;7844;7987;1;575,00;Venda Pai Nao Existe no Banco
11769;7844;8668;1;38,00;Venda Pai Nao Existe no Banco
11770;7847;1542;1;250,00;Venda Pai Nao Existe no Banco
11772;7851;7824;1;;Venda Pai Nao Existe no Banco
11778;7854;8178;1;790,00;Venda Pai Nao Existe no Banco
11779;7854;6720;1;570,00;Venda Pai Nao Existe no Banco
11780;7856;8567;1;690,00;Venda Pai Nao Existe no Banco
11781;7857;1997;1;140,00;Venda Pai Nao Existe no Banco
11783;7859;2287;1;15,00;Venda Pai Nao Existe no Banco
11784;7860;8544;1;690,00;Venda Pai Nao Existe no Banco
11786;7860;7953;1;210,00;Venda Pai Nao Existe no Banco
11788;7862;4797;1;270,00;Venda Pai Nao Existe no Banco
11789;7862;1534;1;130,00;Venda Pai Nao Existe no Banco
11790;7864;1542;1;280,00;Venda Pai Nao Existe no Banco
11791;7864;1371;1;120,00;Venda Pai Nao Existe no Banco
11792;7865;1405;1;120,00;Venda Pai Nao Existe no Banco
11793;7865;7953;1;250,00;Venda Pai Nao Existe no Banco
11794;7867;1405;1;120,00;Venda Pai Nao Existe no Banco
11795;7867;1534;1;160,00;Venda Pai Nao Existe no Banco
11796;7868;1552;1;390,00;Venda Pai Nao Existe no Banco
11797;7868;8641;1;490,00;Venda Pai Nao Existe no Banco
11798;7869;1671;1;120,00;Venda Pai Nao Existe no Banco
11799;7870;1542;1;260,00;Venda Pai Nao Existe no Banco
11800;7870;8552;1;100,00;Venda Pai Nao Existe no Banco
11801;7871;7953;1;200,00;Venda Pai Nao Existe no Banco
11802;7871;7628;1;200,00;Venda Pai Nao Existe no Banco
11803;7872;8552;1;100,00;Venda Pai Nao Existe no Banco
11804;7873;1542;1;290,00;Venda Pai Nao Existe no Banco
11805;7873;8552;1;190,00;Venda Pai Nao Existe no Banco
11806;7874;7821;1;280,00;Venda Pai Nao Existe no Banco
11807;7874;1534;1;160,00;Venda Pai Nao Existe no Banco
11808;7875;1542;1;290,00;Venda Pai Nao Existe no Banco
11811;7875;8686;1;689,00;Venda Pai Nao Existe no Banco
11812;7758;2403;2;440,00;Venda Pai Nao Existe no Banco
11813;7875;5977;1;450,00;Venda Pai Nao Existe no Banco
11814;7876;7972;1;190,00;Venda Pai Nao Existe no Banco
11815;7877;1542;1;250,00;Venda Pai Nao Existe no Banco
11816;7877;1542;1;250,00;Venda Pai Nao Existe no Banco
11817;7877;7628;1;200,00;Venda Pai Nao Existe no Banco
11818;7877;8552;1;100,00;Venda Pai Nao Existe no Banco
11819;7878;5940;1;380,00;Venda Pai Nao Existe no Banco
11820;7879;7821;1;290,00;Venda Pai Nao Existe no Banco
11821;7880;5521;1;540,00;Venda Pai Nao Existe no Banco
11822;7882;7953;1;180,00;Venda Pai Nao Existe no Banco
11823;7883;1534;1;160,00;Venda Pai Nao Existe no Banco
11825;7885;8676;1;560,00;Venda Pai Nao Existe no Banco
11826;7885;7953;1;220,00;Venda Pai Nao Existe no Banco
11827;7883;7628;1;280,00;Venda Pai Nao Existe no Banco
11828;7886;1542;1;290,00;Venda Pai Nao Existe no Banco
11829;7887;1554;1;290,00;Venda Pai Nao Existe no Banco
11830;7887;7821;1;280,00;Venda Pai Nao Existe no Banco
11831;7888;7953;1;160,00;Venda Pai Nao Existe no Banco
11832;7888;8553;1;250,00;Venda Pai Nao Existe no Banco
11833;7890;1534;1;120,00;Venda Pai Nao Existe no Banco
11834;7890;7821;1;180,00;Venda Pai Nao Existe no Banco
11835;7891;1534;1;130,00;Venda Pai Nao Existe no Banco
11836;7891;8355;1;365,00;Venda Pai Nao Existe no Banco
11837;7892;7953;1;250,00;Venda Pai Nao Existe no Banco
11838;7892;8544;1;690,00;Venda Pai Nao Existe no Banco
11839;7893;7953;1;240,00;Venda Pai Nao Existe no Banco
11840;7893;7821;1;240,00;Venda Pai Nao Existe no Banco
11841;7895;7953;1;220,00;Venda Pai Nao Existe no Banco
11842;7895;7821;1;240,00;Venda Pai Nao Existe no Banco
11843;7896;1542;1;280,00;Venda Pai Nao Existe no Banco
11844;7896;7821;1;290,00;Venda Pai Nao Existe no Banco
11845;7897;1760;1;650,00;Venda Pai Nao Existe no Banco
11848;7899;8552;1;190,00;Venda Pai Nao Existe no Banco
11849;7899;1534;1;160,00;Venda Pai Nao Existe no Banco
11850;7900;1534;1;160,00;Venda Pai Nao Existe no Banco
11851;7901;7821;1;280,00;Venda Pai Nao Existe no Banco
11852;7901;8668;1;40,00;Venda Pai Nao Existe no Banco
11853;7902;1534;1;160,00;Venda Pai Nao Existe no Banco
11854;7902;8552;1;100,00;Venda Pai Nao Existe no Banco
11855;7904;1349;1;160,00;Venda Pai Nao Existe no Banco
11856;7904;1542;1;290,00;Venda Pai Nao Existe no Banco
11857;7905;1534;1;140,00;Venda Pai Nao Existe no Banco
11858;7905;7628;1;290,00;Venda Pai Nao Existe no Banco
11859;7905;1534;1;120,00;Venda Pai Nao Existe no Banco
11860;7897;8564;1;690,00;Venda Pai Nao Existe no Banco
11861;7906;1542;1;290,00;Venda Pai Nao Existe no Banco
11862;7906;8341;1;490,00;Venda Pai Nao Existe no Banco
11863;7907;1721;1;550,00;Venda Pai Nao Existe no Banco
11864;7908;1534;1;120,00;Venda Pai Nao Existe no Banco
11865;7908;7987;1;430,00;Venda Pai Nao Existe no Banco
11866;7909;8552;1;190,00;Venda Pai Nao Existe no Banco
11867;7909;1534;1;160,00;Venda Pai Nao Existe no Banco
11868;7910;8150;1;620,00;Venda Pai Nao Existe no Banco
11869;7911;1542;1;290,00;Venda Pai Nao Existe no Banco
11870;7912;5542;1;390,00;Venda Pai Nao Existe no Banco
11871;7913;1760;1;490,00;Venda Pai Nao Existe no Banco
11872;7915;1542;290;290,00;Venda Pai Nao Existe no Banco
11873;7917;1534;1;140,00;Venda Pai Nao Existe no Banco
11874;7917;8355;1;320,00;Venda Pai Nao Existe no Banco
11875;7796;3649;1;40,00;Venda Pai Nao Existe no Banco
11876;7918;4514;1;320,00;Venda Pai Nao Existe no Banco
11877;7918;7402;1;260,00;Venda Pai Nao Existe no Banco
11878;7918;480;1;599,00;Venda Pai Nao Existe no Banco
11879;7918;8687;1;985,00;Venda Pai Nao Existe no Banco
11880;7919;6018;1;420,00;Venda Pai Nao Existe no Banco
11881;7920;1534;1;160,00;Venda Pai Nao Existe no Banco
11882;7920;5531;1;560,00;Venda Pai Nao Existe no Banco
11883;7921;7687;1;260,00;Venda Pai Nao Existe no Banco
11884;7921;1542;1;290,00;Venda Pai Nao Existe no Banco
11885;7923;1534;1;160,00;Venda Pai Nao Existe no Banco
11886;7924;1534;1;160,00;Venda Pai Nao Existe no Banco
11888;7925;1760;1;480,00;Venda Pai Nao Existe no Banco
11889;7925;1542;1;280,00;Venda Pai Nao Existe no Banco
11890;7927;7821;1;260,00;Venda Pai Nao Existe no Banco
11891;7927;8176;1;1.125,00;Venda Pai Nao Existe no Banco
11892;7928;7953;1;250,00;Venda Pai Nao Existe no Banco
11893;7929;1542;1;280,00;Venda Pai Nao Existe no Banco
11894;7929;7566;1;580,00;Venda Pai Nao Existe no Banco
11895;7930;1534;1;160,00;Venda Pai Nao Existe no Banco
11896;7932;1542;1;280,00;Venda Pai Nao Existe no Banco
11897;7932;3197;1;250,00;Venda Pai Nao Existe no Banco
11898;7934;7933;1;380,00;Venda Pai Nao Existe no Banco
11899;7934;1542;1;280,00;Venda Pai Nao Existe no Banco
11900;7935;1534;1;150,00;Venda Pai Nao Existe no Banco
11901;7936;1405;1;100,00;Venda Pai Nao Existe no Banco
11902;7938;1349;1;100,00;Venda Pai Nao Existe no Banco
11903;7938;1534;1;150,00;Venda Pai Nao Existe no Banco
11904;7940;7727;1;360,00;Venda Pai Nao Existe no Banco
11905;7940;6347;1;450,00;Venda Pai Nao Existe no Banco
11906;7941;1805;1;450,00;Venda Pai Nao Existe no Banco
11908;7944;7512;1;230,00;Venda Pai Nao Existe no Banco
11909;7944;7953;1;230,00;Venda Pai Nao Existe no Banco
11910;7945;1542;1;300,00;Venda Pai Nao Existe no Banco
11911;7947;1534;1;160,00;Venda Pai Nao Existe no Banco
11912;7948;1534;1;90,00;Venda Pai Nao Existe no Banco
11913;7949;8552;1;100,00;Venda Pai Nao Existe no Banco
11914;7950;7810;2;380,00;Venda Pai Nao Existe no Banco
11915;7951;1542;1;290,00;Venda Pai Nao Existe no Banco
11916;7951;8552;1;100,00;Venda Pai Nao Existe no Banco
11919;7953;7953;1;250,00;Venda Pai Nao Existe no Banco
11920;7953;8566;1;690,00;Venda Pai Nao Existe no Banco
11921;7954;1542;1;290,00;Venda Pai Nao Existe no Banco
11922;7955;1542;1;250,00;Venda Pai Nao Existe no Banco
11923;7955;7628;1;245,00;Venda Pai Nao Existe no Banco
11924;7957;1534;1;160,00;Venda Pai Nao Existe no Banco
11925;7957;8552;1;120,00;Venda Pai Nao Existe no Banco
11926;7958;1542;1;290,00;Venda Pai Nao Existe no Banco
11927;7958;1542;1;290,00;Venda Pai Nao Existe no Banco
11928;7958;7628;1;280,00;Venda Pai Nao Existe no Banco
11929;7958;7821;1;280,00;Venda Pai Nao Existe no Banco
11930;7959;1534;1;100,00;Venda Pai Nao Existe no Banco
11931;7961;1552;1;290,00;Venda Pai Nao Existe no Banco
11932;7962;1542;1;290,00;Venda Pai Nao Existe no Banco
11933;7962;8552;1;160,00;Venda Pai Nao Existe no Banco
11934;7963;7987;1;490,00;Venda Pai Nao Existe no Banco
11936;7963;8688;1;570,00;Venda Pai Nao Existe no Banco
11937;7965;5627;1;800,00;Venda Pai Nao Existe no Banco
11938;7965;8552;1;100,00;Venda Pai Nao Existe no Banco
11940;7966;8449;1;590,00;Venda Pai Nao Existe no Banco
11941;7966;8300;1;690,00;Venda Pai Nao Existe no Banco
11942;7968;6347;1;220,00;Venda Pai Nao Existe no Banco
11943;7968;7821;1;280,00;Venda Pai Nao Existe no Banco
11944;7969;1760;1;400,00;Venda Pai Nao Existe no Banco
11945;7969;8444;1;600,00;Venda Pai Nao Existe no Banco
11946;7970;8690;1;690,00;Venda Pai Nao Existe no Banco
11947;7972;7972;1;220,00;Venda Pai Nao Existe no Banco
11948;7972;1534;1;160,00;Venda Pai Nao Existe no Banco
11949;7974;1534;1;140,00;Venda Pai Nao Existe no Banco
11950;7976;5135;1;160,00;Venda Pai Nao Existe no Banco
11951;7978;7628;1;200,00;Venda Pai Nao Existe no Banco
11952;7979;8687;1;985,00;Venda Pai Nao Existe no Banco
11953;7979;8355;1;380,00;Venda Pai Nao Existe no Banco
11958;7981;8552;1;100,00;Venda Pai Nao Existe no Banco
11959;7982;8278;1;690,00;Venda Pai Nao Existe no Banco
11960;7983;1534;1;130,00;Venda Pai Nao Existe no Banco
11964;7985;1542;1;260,00;Venda Pai Nao Existe no Banco
11965;7985;8552;1;100,00;Venda Pai Nao Existe no Banco
11966;7986;5627;1;750,00;Venda Pai Nao Existe no Banco
11968;7986;8601;1;410,00;Venda Pai Nao Existe no Banco
11971;7987;1542;1;240,00;Venda Pai Nao Existe no Banco
11972;7987;8355;1;360,00;Venda Pai Nao Existe no Banco
11973;7952;1534;4;450,00;Venda Pai Nao Existe no Banco
11974;7952;8007;1;250,00;Venda Pai Nao Existe no Banco
11975;7988;1542;1;260,00;Venda Pai Nao Existe no Banco
11976;7988;1554;1;260,00;Venda Pai Nao Existe no Banco
11977;7989;1542;1;290,00;Venda Pai Nao Existe no Banco
11978;7989;7821;1;280,00;Venda Pai Nao Existe no Banco
11979;7990;1542;1;290,00;Venda Pai Nao Existe no Banco
11980;7990;8459;1;690,00;Venda Pai Nao Existe no Banco
11983;7992;8691;1;1.829,00;Venda Pai Nao Existe no Banco
11984;7992;5940;1;570,00;Venda Pai Nao Existe no Banco
11985;7993;7124;1;450,00;Venda Pai Nao Existe no Banco
11989;7994;8692;1;3.240,00;Venda Pai Nao Existe no Banco
11990;7994;7972;1;199,00;Venda Pai Nao Existe no Banco
11992;7995;8185;1;450,00;Venda Pai Nao Existe no Banco
11993;7997;1976;1;50,00;Venda Pai Nao Existe no Banco
11994;7998;1534;1;160,00;Venda Pai Nao Existe no Banco
11995;7998;7935;1;380,00;Venda Pai Nao Existe no Banco
11997;7999;8185;1;570,00;Venda Pai Nao Existe no Banco
11998;7999;7821;1;290,00;Venda Pai Nao Existe no Banco
11999;8001;7821;1;220,00;Venda Pai Nao Existe no Banco
12000;8003;7953;1;215,00;Venda Pai Nao Existe no Banco
12001;8003;7953;1;210,00;Venda Pai Nao Existe no Banco
12002;8003;8648;1;430,00;Venda Pai Nao Existe no Banco
12003;8004;1038;1;150,00;Venda Pai Nao Existe no Banco
12004;8005;8220;1;520,00;Venda Pai Nao Existe no Banco
12005;8006;7953;1;250,00;Venda Pai Nao Existe no Banco
12006;8006;8567;1;690,00;Venda Pai Nao Existe no Banco
12007;8007;5627;1;750,00;Venda Pai Nao Existe no Banco
12008;8009;1760;1;650,00;Venda Pai Nao Existe no Banco
12009;8010;1534;1;120,00;Venda Pai Nao Existe no Banco
12010;8010;8552;1;130,00;Venda Pai Nao Existe no Banco
12013;8012;1542;1;280,00;Venda Pai Nao Existe no Banco
12014;8012;7821;1;270,00;Venda Pai Nao Existe no Banco
12015;8012;8178;1;800,00;Venda Pai Nao Existe no Banco
12016;8012;8470;1;380,00;Venda Pai Nao Existe no Banco
12017;8011;8693;1;1.950,00;Venda Pai Nao Existe no Banco
12018;8013;8292;1;530,00;Venda Pai Nao Existe no Banco
12019;8011;7628;1;280,00;Venda Pai Nao Existe no Banco
12022;8016;8573;1;230,00;Venda Pai Nao Existe no Banco
12024;8017;7821;1;220,00;Venda Pai Nao Existe no Banco
12025;7970;8695;1;2.495,00;Venda Pai Nao Existe no Banco
12026;8018;1533;1;90,00;Venda Pai Nao Existe no Banco
12028;8019;8696;1;750,00;Venda Pai Nao Existe no Banco
12029;8020;7953;1;220,00;Venda Pai Nao Existe no Banco
12030;8020;7821;1;180,00;Venda Pai Nao Existe no Banco
12031;8022;1534;1;160,00;Venda Pai Nao Existe no Banco
12032;8023;8314;1;1.100,00;Venda Pai Nao Existe no Banco
12033;8023;7124;1;450,00;Venda Pai Nao Existe no Banco
12034;8024;8668;1;25,00;Venda Pai Nao Existe no Banco
12035;8025;1534;1;220,00;Venda Pai Nao Existe no Banco
12036;8025;7953;1;250,00;Venda Pai Nao Existe no Banco
12037;8025;7972;1;200,00;Venda Pai Nao Existe no Banco
12038;8025;7187;1;390,00;Venda Pai Nao Existe no Banco
12039;8026;7821;1;190,00;Venda Pai Nao Existe no Banco
12040;8027;1542;1;250,00;Venda Pai Nao Existe no Banco
12041;8028;1542;1;290,00;Venda Pai Nao Existe no Banco
12042;8028;7821;1;280,00;Venda Pai Nao Existe no Banco
12043;8029;1542;1;290,00;Venda Pai Nao Existe no Banco
12044;8029;8552;1;100,00;Venda Pai Nao Existe no Banco
12045;8030;1760;1;600,00;Venda Pai Nao Existe no Banco
12046;8030;7628;1;250,00;Venda Pai Nao Existe no Banco
12047;8031;7953;1;220,00;Venda Pai Nao Existe no Banco
12048;8032;5627;1;950,00;Venda Pai Nao Existe no Banco
12049;8032;7821;1;220,00;Venda Pai Nao Existe no Banco
12050;8033;1554;1;260,00;Venda Pai Nao Existe no Banco
12051;8028;8668;1;25,00;Venda Pai Nao Existe no Banco
12052;8034;7953;1;220,00;Venda Pai Nao Existe no Banco
12053;8035;1534;1;160,00;Venda Pai Nao Existe no Banco
12054;8037;1542;1;290,00;Venda Pai Nao Existe no Banco
12055;8037;8553;1;250,00;Venda Pai Nao Existe no Banco
12056;8035;8341;1;650,00;Venda Pai Nao Existe no Banco
12057;8034;8616;1;410,00;Venda Pai Nao Existe no Banco
12058;8038;7953;1;250,00;Venda Pai Nao Existe no Banco
12059;8038;8573;1;350,00;Venda Pai Nao Existe no Banco
12060;8040;1534;1;140,00;Venda Pai Nao Existe no Banco
12061;8041;1542;1;250,00;Venda Pai Nao Existe no Banco
12062;8041;7821;1;250,00;Venda Pai Nao Existe no Banco
12063;8042;1542;1;290,00;Venda Pai Nao Existe no Banco
12064;8042;8552;1;100,00;Venda Pai Nao Existe no Banco
12065;8043;7821;1;280,00;Venda Pai Nao Existe no Banco
12066;8044;6292;1;60,00;Venda Pai Nao Existe no Banco
12067;8045;1542;1;280,00;Venda Pai Nao Existe no Banco
12068;8046;8552;1;100,00;Venda Pai Nao Existe no Banco
12069;8048;1529;1;150,00;Venda Pai Nao Existe no Banco
12070;8048;1527;1;150,00;Venda Pai Nao Existe no Banco
12071;8049;1542;1;290,00;Venda Pai Nao Existe no Banco
12072;8051;5135;1;160,00;Venda Pai Nao Existe no Banco
12073;8052;1552;1;290,00;Venda Pai Nao Existe no Banco
12074;8053;1542;1;290,00;Venda Pai Nao Existe no Banco
12075;8053;7821;1;280,00;Venda Pai Nao Existe no Banco
12076;8054;8593;1;770,00;Venda Pai Nao Existe no Banco
12077;8055;1534;1;160,00;Venda Pai Nao Existe no Banco
12078;8056;1542;1;100,00;Venda Pai Nao Existe no Banco
12079;8056;8552;1;80,00;Venda Pai Nao Existe no Banco
12080;8058;5133;1;160,00;Venda Pai Nao Existe no Banco
12081;8059;5627;1;650,00;Venda Pai Nao Existe no Banco
12082;8061;7953;1;250,00;Venda Pai Nao Existe no Banco
12083;8061;7954;1;570,00;Venda Pai Nao Existe no Banco
12084;8062;1542;1;290,00;Venda Pai Nao Existe no Banco
12085;8062;8657;1;490,00;Venda Pai Nao Existe no Banco
12086;8064;1534;1;100,00;Venda Pai Nao Existe no Banco
12089;8066;7821;1;280,00;Venda Pai Nao Existe no Banco
12090;8066;6347;1;834,00;Venda Pai Nao Existe no Banco
12091;8067;1534;1;145,00;Venda Pai Nao Existe no Banco
12092;8068;1542;0,5;145,00;Venda Pai Nao Existe no Banco
12093;8069;8142;1;650,00;Venda Pai Nao Existe no Banco
12094;8070;1542;1;280,00;Venda Pai Nao Existe no Banco
12095;8070;8355;1;380,00;Venda Pai Nao Existe no Banco
12096;8071;5133;1;240,00;Venda Pai Nao Existe no Banco
12097;8071;5134;1;240,00;Venda Pai Nao Existe no Banco
12098;8072;7430;1;590,00;Venda Pai Nao Existe no Banco
12099;8073;7821;1;190,00;Venda Pai Nao Existe no Banco
12100;8074;8312;1;160,00;Venda Pai Nao Existe no Banco
12101;8075;8552;1;170,00;Venda Pai Nao Existe no Banco
12103;8076;1542;1;280,00;Venda Pai Nao Existe no Banco
12104;8076;7821;1;300,00;Venda Pai Nao Existe no Banco
12105;8077;1855;1;150,00;Venda Pai Nao Existe no Banco
12106;8080;1534;1;160,00;Venda Pai Nao Existe no Banco
12107;8080;7972;1;190,00;Venda Pai Nao Existe no Banco
12108;8081;7972;1;220,00;Venda Pai Nao Existe no Banco
12109;8083;5627;1;590,00;Venda Pai Nao Existe no Banco
12110;8083;8552;1;100,00;Venda Pai Nao Existe no Banco
12111;8085;5627;1;790,00;Venda Pai Nao Existe no Banco
12112;8086;8536;1;670,00;Venda Pai Nao Existe no Banco
12114;8086;7810;1;190,00;Venda Pai Nao Existe no Banco
12115;8087;1534;1;150,00;Venda Pai Nao Existe no Banco
12116;8087;8552;1;100,00;Venda Pai Nao Existe no Banco
12117;8088;7953;1;220,00;Venda Pai Nao Existe no Banco
12118;8089;1542;1;240,00;Venda Pai Nao Existe no Banco
12119;8089;7821;1;210,00;Venda Pai Nao Existe no Banco
12120;8090;8552;1;50,00;Venda Pai Nao Existe no Banco
12121;8092;1552;1;290,00;Venda Pai Nao Existe no Banco
12122;8092;6533;1;350,00;Venda Pai Nao Existe no Banco
12123;8093;8314;1;950,00;Venda Pai Nao Existe no Banco
12124;8093;7821;1;280,00;Venda Pai Nao Existe no Banco
12125;8094;1552;1;280,00;Venda Pai Nao Existe no Banco
12126;8094;1349;1;100,00;Venda Pai Nao Existe no Banco
12127;8095;8314;1;950,00;Venda Pai Nao Existe no Banco
12128;8095;8472;1;380,00;Venda Pai Nao Existe no Banco
12129;8096;1542;1;260,00;Venda Pai Nao Existe no Banco
12130;8097;1534;0,5;80,00;Venda Pai Nao Existe no Banco
12131;8099;1349;1;100,00;Venda Pai Nao Existe no Banco
12132;8099;1349;1;120,00;Venda Pai Nao Existe no Banco
12133;8100;7953;1;240,00;Venda Pai Nao Existe no Banco
12134;8100;7821;1;260,00;Venda Pai Nao Existe no Banco
12135;8101;7044;1;220,00;Venda Pai Nao Existe no Banco
12136;8102;930;1;700,00;Venda Pai Nao Existe no Banco
12137;8104;5627;1;790,00;Venda Pai Nao Existe no Banco
12138;8104;8471;1;390,00;Venda Pai Nao Existe no Banco
12139;8105;5133;1;160,00;Venda Pai Nao Existe no Banco
12140;8106;7719;1;140,00;Venda Pai Nao Existe no Banco
12141;8107;1534;1;160,00;Venda Pai Nao Existe no Banco
12142;8108;7821;1;280,00;Venda Pai Nao Existe no Banco
12143;8054;8423;1;650,00;Venda Pai Nao Existe no Banco
12144;8109;1534;1;160,00;Venda Pai Nao Existe no Banco
12145;8109;8552;1;190,00;Venda Pai Nao Existe no Banco
12146;8110;8552;1;190,00;Venda Pai Nao Existe no Banco
12147;8111;1542;1;290,00;Venda Pai Nao Existe no Banco
12148;8112;7323;1;220,00;Venda Pai Nao Existe no Banco
12149;8113;1534;1;160,00;Venda Pai Nao Existe no Banco
12150;8114;8273;1;500,00;Venda Pai Nao Existe no Banco
12151;8114;7821;1;200,00;Venda Pai Nao Existe no Banco
12153;8115;7953;1;250,00;Venda Pai Nao Existe no Banco
12154;8115;7821;1;280,00;Venda Pai Nao Existe no Banco
12155;8116;7953;1;315,00;Venda Pai Nao Existe no Banco
12158;8116;7810;1;306,00;Venda Pai Nao Existe no Banco
12159;8116;5933;1;351,00;Venda Pai Nao Existe no Banco
12160;8116;8698;1;513,00;Venda Pai Nao Existe no Banco
12161;8117;1534;1;160,00;Venda Pai Nao Existe no Banco
12162;8118;1534;1;160,00;Venda Pai Nao Existe no Banco
12163;8118;7628;1;280,00;Venda Pai Nao Existe no Banco
12165;8120;7821;1;280,00;Venda Pai Nao Existe no Banco
12166;8121;1534;1;160,00;Venda Pai Nao Existe no Banco
12167;8121;1372;1;190,00;Venda Pai Nao Existe no Banco
12168;8122;7385;2;20,00;Venda Pai Nao Existe no Banco
12169;8123;1534;1;160,00;Venda Pai Nao Existe no Banco
12170;8124;1721;1;503,00;Venda Pai Nao Existe no Banco
12171;8124;8552;1;190,00;Venda Pai Nao Existe no Banco
12172;8125;7821;1;252,00;Venda Pai Nao Existe no Banco
12173;8125;1721;1;522,00;Venda Pai Nao Existe no Banco
12174;8126;8177;1;900,00;Venda Pai Nao Existe no Banco
12175;8126;7972;1;300,00;Venda Pai Nao Existe no Banco
12176;8127;1542;1;280,00;Venda Pai Nao Existe no Banco
12177;8127;8355;1;390,00;Venda Pai Nao Existe no Banco
12178;8128;1534;2;320,00;Venda Pai Nao Existe no Banco
12179;8128;1349;1;100,00;Venda Pai Nao Existe no Banco
12180;8129;8177;1;950,00;Venda Pai Nao Existe no Banco
12181;8129;8552;1;100,00;Venda Pai Nao Existe no Banco
12183;8130;7821;1;280,00;Venda Pai Nao Existe no Banco
12184;8080;8668;1;20,00;Venda Pai Nao Existe no Banco
12185;8130;8687;1;1.185,00;Venda Pai Nao Existe no Banco
12186;8131;8310;1;650,00;Venda Pai Nao Existe no Banco
12187;8131;7891;1;380,00;Venda Pai Nao Existe no Banco
12188;8132;1534;1;160,00;Venda Pai Nao Existe no Banco
12189;8132;5220;1;380,00;Venda Pai Nao Existe no Banco
12190;8132;8668;1;10,00;Venda Pai Nao Existe no Banco
12191;8133;7821;1;280,00;Venda Pai Nao Existe no Banco
12192;8134;1534;0,5;60,00;Venda Pai Nao Existe no Banco
12193;8135;1534;1;160,00;Venda Pai Nao Existe no Banco
12194;8135;8552;1;100,00;Venda Pai Nao Existe no Banco
12195;8136;8683;1;980,00;Venda Pai Nao Existe no Banco
12196;8137;1534;1;160,00;Venda Pai Nao Existe no Banco
12197;8137;7628;1;280,00;Venda Pai Nao Existe no Banco
12198;8138;1534;1;160,00;Venda Pai Nao Existe no Banco
12199;8138;8552;1;190,00;Venda Pai Nao Existe no Banco
12201;8140;7821;1;220,00;Venda Pai Nao Existe no Banco
12202;8141;1534;1;170,00;Venda Pai Nao Existe no Banco
12203;8141;7821;1;280,00;Venda Pai Nao Existe no Banco
12204;8142;1533;1;150,00;Venda Pai Nao Existe no Banco
12205;8144;1534;1;130,00;Venda Pai Nao Existe no Banco
12206;8145;1534;1;160,00;Venda Pai Nao Existe no Banco
12207;8146;1534;1;130,00;Venda Pai Nao Existe no Banco
12208;8147;1534;1;160,00;Venda Pai Nao Existe no Banco
12211;8147;8640;1;450,00;Venda Pai Nao Existe no Banco
12212;8148;7953;2;400,00;Venda Pai Nao Existe no Banco
12213;8148;8355;1;300,00;Venda Pai Nao Existe no Banco
12214;8149;1760;1;170,00;Venda Pai Nao Existe no Banco
12215;8150;8552;1;100,00;Venda Pai Nao Existe no Banco
12216;8151;8185;1;540,00;Venda Pai Nao Existe no Banco
12217;8151;1534;1;160,00;Venda Pai Nao Existe no Banco
12219;8152;8700;1;1.189,00;Venda Pai Nao Existe no Banco
12220;8154;1534;1;120,00;Venda Pai Nao Existe no Banco
12221;8154;7821;1;240,00;Venda Pai Nao Existe no Banco
12222;8156;5627;1;675,00;Venda Pai Nao Existe no Banco
12223;8157;8552;1;190,00;Venda Pai Nao Existe no Banco
12224;8157;1542;1;290,00;Venda Pai Nao Existe no Banco
12225;8158;8177;1;960,00;Venda Pai Nao Existe no Banco
12226;8158;7821;1;240,00;Venda Pai Nao Existe no Banco
12227;8159;1554;1;290,00;Venda Pai Nao Existe no Banco
12228;8159;8552;1;100,00;Venda Pai Nao Existe no Banco
12229;8160;8552;1;100,00;Venda Pai Nao Existe no Banco
12230;8161;1534;1;160,00;Venda Pai Nao Existe no Banco
12231;8161;8552;1;100,00;Venda Pai Nao Existe no Banco
12232;8161;7987;1;350,00;Venda Pai Nao Existe no Banco
12233;8162;8312;1;160,00;Venda Pai Nao Existe no Banco
12234;8163;8552;1;160,00;Venda Pai Nao Existe no Banco
12235;8164;7953;1;250,00;Venda Pai Nao Existe no Banco
12236;8164;8609;1;450,00;Venda Pai Nao Existe no Banco
12237;8165;8552;1;100,00;Venda Pai Nao Existe no Banco
12238;8166;7810;1;100,00;Venda Pai Nao Existe no Banco
12239;8167;1542;1;250,00;Venda Pai Nao Existe no Banco
12240;8167;8552;1;100,00;Venda Pai Nao Existe no Banco
12241;8168;8668;1;25,00;Venda Pai Nao Existe no Banco
12242;8169;1528;1;160,00;Venda Pai Nao Existe no Banco
12243;8172;1534;1;110,00;Venda Pai Nao Existe no Banco
12244;8172;7821;1;190,00;Venda Pai Nao Existe no Banco
12245;8173;7810;1;190,00;Venda Pai Nao Existe no Banco
12246;8173;8701;1;760,00;Venda Pai Nao Existe no Banco
12247;8175;8552;1;140,00;Venda Pai Nao Existe no Banco
12248;8176;1534;1;110,00;Venda Pai Nao Existe no Banco
12249;8177;4581;2;440,00;Venda Pai Nao Existe no Banco
12250;8178;7821;1;220,00;Venda Pai Nao Existe no Banco
12251;8180;8552;1;100,00;Venda Pai Nao Existe no Banco
12252;8181;1534;1;160,00;Venda Pai Nao Existe no Banco
12253;8181;7821;1;260,00;Venda Pai Nao Existe no Banco
12254;8183;1534;0,5;90,00;Venda Pai Nao Existe no Banco
12255;8183;8643;1;450,00;Venda Pai Nao Existe no Banco
12256;8185;8355;1;320,00;Venda Pai Nao Existe no Banco
12257;8186;7953;1;250,00;Venda Pai Nao Existe no Banco
12258;8187;1760;1;680,00;Venda Pai Nao Existe no Banco
12259;8188;7972;1;190,00;Venda Pai Nao Existe no Banco
12260;8189;8177;1;890,00;Venda Pai Nao Existe no Banco
12261;8189;1534;1;160,00;Venda Pai Nao Existe no Banco
12262;8189;6292;1;100,00;Venda Pai Nao Existe no Banco
12263;8190;1542;1;290,00;Venda Pai Nao Existe no Banco
12264;8190;7972;1;190,00;Venda Pai Nao Existe no Banco
12265;8191;7553;1;980,00;Venda Pai Nao Existe no Banco
12266;8192;7216;1;345,00;Venda Pai Nao Existe no Banco
12267;8193;1534;1;160,00;Venda Pai Nao Existe no Banco
12268;8193;8552;1;170,00;Venda Pai Nao Existe no Banco
12269;8194;8185;1;430,00;Venda Pai Nao Existe no Banco
12270;8194;7987;1;350,00;Venda Pai Nao Existe no Banco
12271;8194;8185;1;430,00;Venda Pai Nao Existe no Banco
12272;8195;4581;1;240,00;Venda Pai Nao Existe no Banco
12273;8195;4581;1;240,00;Venda Pai Nao Existe no Banco
12274;8196;8664;1;450,00;Venda Pai Nao Existe no Banco
12275;8197;8663;1;450,00;Venda Pai Nao Existe no Banco
12276;8200;1534;1;240,00;Venda Pai Nao Existe no Banco
12277;8201;7810;1;100,00;Venda Pai Nao Existe no Banco
12278;8202;7821;1;250,00;Venda Pai Nao Existe no Banco
12279;8203;8552;1;100,00;Venda Pai Nao Existe no Banco
12280;8205;1542;1;250,00;Venda Pai Nao Existe no Banco
12281;8205;7821;1;245,00;Venda Pai Nao Existe no Banco
12282;8206;1542;1;190,00;Venda Pai Nao Existe no Banco
12283;8206;7821;1;260,00;Venda Pai Nao Existe no Banco
12284;8194;583;1;150,00;Venda Pai Nao Existe no Banco
12285;8207;8555;1;717,50;Venda Pai Nao Existe no Banco
12286;8208;1754;1;950,00;Venda Pai Nao Existe no Banco
12287;8209;1534;1;150,00;Venda Pai Nao Existe no Banco
12288;8209;8355;1;330,00;Venda Pai Nao Existe no Banco
12289;8210;8552;1;100,00;Venda Pai Nao Existe no Banco
12290;8194;8702;1;490,00;Venda Pai Nao Existe no Banco
12291;8212;7953;1;0,00;Venda Pai Nao Existe no Banco
12292;8212;8552;1;0,00;Venda Pai Nao Existe no Banco
12293;8213;1534;1;160,00;Venda Pai Nao Existe no Banco
12294;8213;7972;1;390,00;Venda Pai Nao Existe no Banco
12295;8213;7810;1;100,00;Venda Pai Nao Existe no Banco
12296;8214;2287;1;90,00;Venda Pai Nao Existe no Banco
12297;8216;1542;1;290,00;Venda Pai Nao Existe no Banco
12298;8217;1534;1;140,00;Venda Pai Nao Existe no Banco
12299;8217;8552;1;100,00;Venda Pai Nao Existe no Banco
12300;8218;8377;1;445,00;Venda Pai Nao Existe no Banco
12301;8220;1526;1;160,00;Venda Pai Nao Existe no Banco
12302;8221;1542;1;260,00;Venda Pai Nao Existe no Banco
12303;8223;1542;1;260,00;Venda Pai Nao Existe no Banco
12304;8224;1542;1;220,00;Venda Pai Nao Existe no Banco
12305;8224;8355;1;280,00;Venda Pai Nao Existe no Banco
12306;8224;1542;1;220,00;Venda Pai Nao Existe no Banco
12307;8224;8355;1;280,00;Venda Pai Nao Existe no Banco
12308;8225;8356;1;540,00;Venda Pai Nao Existe no Banco
12309;8225;8300;1;450,00;Venda Pai Nao Existe no Banco
12310;8226;7953;1;250,00;Venda Pai Nao Existe no Banco
12311;8226;7821;1;280,00;Venda Pai Nao Existe no Banco
12312;8228;8552;1;160,00;Venda Pai Nao Existe no Banco
12313;8230;1534;1;160,00;Venda Pai Nao Existe no Banco
12314;8234;1542;1;290,00;Venda Pai Nao Existe no Banco
12315;8234;1372;1;280,00;Venda Pai Nao Existe no Banco
12316;8236;1534;1;160,00;Venda Pai Nao Existe no Banco
12317;8237;8552;1;160,00;Venda Pai Nao Existe no Banco
12318;8238;1534;1;160,00;Venda Pai Nao Existe no Banco
12319;8239;7953;1;220,00;Venda Pai Nao Existe no Banco
12320;8239;8552;1;100,00;Venda Pai Nao Existe no Banco
12321;8239;2287;1;40,00;Venda Pai Nao Existe no Banco
12322;8240;7972;1;199,00;Venda Pai Nao Existe no Banco
12323;8240;7953;1;250,00;Venda Pai Nao Existe no Banco
12324;8241;1542;1;290,00;Venda Pai Nao Existe no Banco
12325;8241;7436;1;380,00;Venda Pai Nao Existe no Banco
12326;8243;1542;1;240,00;Venda Pai Nao Existe no Banco
12327;8243;8355;1;350,00;Venda Pai Nao Existe no Banco
12328;8244;5627;1;790,00;Venda Pai Nao Existe no Banco
12329;8244;7821;1;280,00;Venda Pai Nao Existe no Banco
12330;8245;2733;1;100,00;Venda Pai Nao Existe no Banco
12331;8245;1552;1;220,00;Venda Pai Nao Existe no Banco
12334;8246;8703;1;1.260,00;Venda Pai Nao Existe no Banco
12337;8247;8300;1;450,00;Venda Pai Nao Existe no Banco
12338;8247;8552;1;190,00;Venda Pai Nao Existe no Banco
12339;8248;1534;1;250,00;Venda Pai Nao Existe no Banco
12340;8248;7878;1;100,00;Venda Pai Nao Existe no Banco
12341;8250;2287;1;30,00;Venda Pai Nao Existe no Banco
12342;8252;8435;1;870,00;Venda Pai Nao Existe no Banco
12343;8252;1542;1;280,00;Venda Pai Nao Existe no Banco
12344;8253;7821;1;199,00;Venda Pai Nao Existe no Banco
12345;8253;8573;1;260,00;Venda Pai Nao Existe no Banco
12346;8255;7821;1;260,00;Venda Pai Nao Existe no Banco
12347;8256;7821;1;200,00;Venda Pai Nao Existe no Banco
12348;8258;7953;1;250,00;Venda Pai Nao Existe no Banco
12349;8259;1534;1;160,00;Venda Pai Nao Existe no Banco
12350;8259;7821;1;220,00;Venda Pai Nao Existe no Banco
12351;8260;8102;1;350,00;Venda Pai Nao Existe no Banco
12352;8260;7821;1;280,00;Venda Pai Nao Existe no Banco
12354;8260;1760;1;680,00;Venda Pai Nao Existe no Banco
12355;8261;1542;1;290,00;Venda Pai Nao Existe no Banco
12356;8262;7972;1;190,00;Venda Pai Nao Existe no Banco
12359;8264;7953;1;250,00;Venda Pai Nao Existe no Banco
12360;8264;7972;1;280,00;Venda Pai Nao Existe no Banco
12362;8265;8704;0,5;480,00;Venda Pai Nao Existe no Banco
12363;8265;1534;0,5;60,00;Venda Pai Nao Existe no Banco
12364;8266;7821;1;260,00;Venda Pai Nao Existe no Banco
12365;8267;1542;1;280,00;Venda Pai Nao Existe no Banco
12366;8267;8552;1;100,00;Venda Pai Nao Existe no Banco
12368;8268;8705;1;1.448,00;Venda Pai Nao Existe no Banco
12369;8269;8232;1;480,00;Venda Pai Nao Existe no Banco
12370;8269;8193;1;190,00;Venda Pai Nao Existe no Banco
12371;8270;7953;1;250,00;Venda Pai Nao Existe no Banco
12372;8270;8552;1;190,00;Venda Pai Nao Existe no Banco
12373;8271;1542;1;260,00;Venda Pai Nao Existe no Banco
12374;8271;8552;1;100,00;Venda Pai Nao Existe no Banco
12375;8265;7821;1;240,00;Venda Pai Nao Existe no Banco
12376;8272;5940;1;390,00;Venda Pai Nao Existe no Banco
12377;8274;7972;1;199,00;Venda Pai Nao Existe no Banco
12379;8275;8706;1;2.530,00;Venda Pai Nao Existe no Banco
12380;8275;7821;1;250,00;Venda Pai Nao Existe no Banco
12381;8276;1542;1;260,00;Venda Pai Nao Existe no Banco
12382;8277;1542;1;250,00;Venda Pai Nao Existe no Banco
12383;8278;1542;1;140,00;Venda Pai Nao Existe no Banco
12385;8279;7187;1;450,00;Venda Pai Nao Existe no Banco
12386;8279;8707;1;980,00;Venda Pai Nao Existe no Banco
12387;8280;3649;1;35,00;Venda Pai Nao Existe no Banco
12388;8281;1534;1;160,00;Venda Pai Nao Existe no Banco
12389;8282;5627;1;850,00;Venda Pai Nao Existe no Banco
12390;8282;7821;1;220,00;Venda Pai Nao Existe no Banco
12391;8283;8185;1;430,00;Venda Pai Nao Existe no Banco
12392;8283;7821;1;260,00;Venda Pai Nao Existe no Banco
12393;8284;1554;1;260,00;Venda Pai Nao Existe no Banco
12394;8284;7628;1;240,00;Venda Pai Nao Existe no Banco
12395;8285;1542;1;260,00;Venda Pai Nao Existe no Banco
12396;8285;7821;1;240,00;Venda Pai Nao Existe no Banco
12397;8288;7821;1;290,00;Venda Pai Nao Existe no Banco
12398;8289;2403;1;340,00;Venda Pai Nao Existe no Banco
12399;8290;8091;1;250,00;Venda Pai Nao Existe no Banco
12400;8291;1554;1;290,00;Venda Pai Nao Existe no Banco
12402;8291;8708;1;1.490,00;Venda Pai Nao Existe no Banco
12403;8292;1540;1;60,00;Venda Pai Nao Existe no Banco
12405;8293;8709;1;3.335,00;Venda Pai Nao Existe no Banco
12406;8293;8576;1;590,00;Venda Pai Nao Existe no Banco
12407;8294;8664;1;390,00;Venda Pai Nao Existe no Banco
12408;8294;8573;1;210,00;Venda Pai Nao Existe no Banco
12409;8295;7821;1;250,00;Venda Pai Nao Existe no Banco
12410;8296;7810;1;200,00;Venda Pai Nao Existe no Banco
12411;8296;8552;1;190,00;Venda Pai Nao Existe no Banco
12412;8297;7821;1;270,00;Venda Pai Nao Existe no Banco
12413;8298;7972;1;199,00;Venda Pai Nao Existe no Banco
12414;8299;1534;1;190,00;Venda Pai Nao Existe no Banco
12415;8300;7953;1;220,00;Venda Pai Nao Existe no Banco
12416;8300;7821;1;230,00;Venda Pai Nao Existe no Banco
12417;8300;7972;1;199,00;Venda Pai Nao Existe no Banco
12418;8301;7972;1;199,00;Venda Pai Nao Existe no Banco
12419;8302;8274;1;600,00;Venda Pai Nao Existe no Banco
12420;8302;8710;1;1.900,00;Venda Pai Nao Existe no Banco
12421;8303;1542;1;290,00;Venda Pai Nao Existe no Banco
12422;8303;7821;1;260,00;Venda Pai Nao Existe no Banco
12423;8304;1534;1;160,00;Venda Pai Nao Existe no Banco
12424;8305;7810;1;200,00;Venda Pai Nao Existe no Banco
12425;8306;1554;1;180,00;Venda Pai Nao Existe no Banco
12426;8307;8232;1;490,00;Venda Pai Nao Existe no Banco
12427;8307;7821;1;280,00;Venda Pai Nao Existe no Banco
12428;8308;1534;1;160,00;Venda Pai Nao Existe no Banco
12429;8308;7735;1;280,00;Venda Pai Nao Existe no Banco
12434;8310;7810;1;100,00;Venda Pai Nao Existe no Banco
12435;8310;7972;1;280,00;Venda Pai Nao Existe no Banco
12436;8311;1542;1;290,00;Venda Pai Nao Existe no Banco
12437;8311;8552;1;100,00;Venda Pai Nao Existe no Banco
12438;8312;7953;1;250,00;Venda Pai Nao Existe no Banco
12439;8312;7485;1;290,00;Venda Pai Nao Existe no Banco
12440;8313;8552;1;100,00;Venda Pai Nao Existe no Banco
12442;8314;8711;1;540,00;Venda Pai Nao Existe no Banco
12443;8315;8102;1;350,00;Venda Pai Nao Existe no Banco
12444;8316;7953;1;220,00;Venda Pai Nao Existe no Banco
12445;8316;7628;1;180,00;Venda Pai Nao Existe no Banco
12446;8317;7945;1;380,00;Venda Pai Nao Existe no Banco
12447;8318;7810;1;50,00;Venda Pai Nao Existe no Banco
12448;8319;1760;1;430,00;Venda Pai Nao Existe no Banco
12449;8320;1534;1;160,00;Venda Pai Nao Existe no Banco
12450;8321;7187;1;405,00;Venda Pai Nao Existe no Banco
12451;8322;4065;1;49,00;Venda Pai Nao Existe no Banco
12452;8323;1534;1;160,00;Venda Pai Nao Existe no Banco
12453;8323;8552;1;120,00;Venda Pai Nao Existe no Banco
12454;8324;1554;1;260,00;Venda Pai Nao Existe no Banco
12455;8324;7628;1;100,00;Venda Pai Nao Existe no Banco
12456;8325;7987;1;390,00;Venda Pai Nao Existe no Banco
12457;8326;1548;1;90,00;Venda Pai Nao Existe no Banco
12458;8327;2403;1;240,00;Venda Pai Nao Existe no Banco
12459;8328;3291;1;89,90;Venda Pai Nao Existe no Banco
12460;8328;2287;1;25,00;Venda Pai Nao Existe no Banco
12461;8329;5060;1;490,00;Venda Pai Nao Existe no Banco
12462;8329;7945;1;390,00;Venda Pai Nao Existe no Banco
12463;8330;7972;1;350,00;Venda Pai Nao Existe no Banco
12464;8331;8552;1;100,00;Venda Pai Nao Existe no Banco
12465;8332;1335;1;180,00;Venda Pai Nao Existe no Banco
12466;8333;1326;1;89,90;Venda Pai Nao Existe no Banco
12467;8334;4087;1;50,00;Venda Pai Nao Existe no Banco
12468;8335;1542;1;290,00;Venda Pai Nao Existe no Banco
12469;8335;8552;1;190,00;Venda Pai Nao Existe no Banco
12470;8336;1534;1;140,00;Venda Pai Nao Existe no Banco
12471;8336;8355;1;370,00;Venda Pai Nao Existe no Banco
12472;8337;1401;2;179,80;Venda Pai Nao Existe no Banco
12473;8338;5627;1;980,00;Venda Pai Nao Existe no Banco
12474;8338;7628;1;260,00;Venda Pai Nao Existe no Banco
12475;8338;2539;1;160,00;Venda Pai Nao Existe no Banco
12476;8339;1326;1;89,90;Venda Pai Nao Existe no Banco
12477;8336;7628;1;180,00;Venda Pai Nao Existe no Banco
12479;8342;8678;1;1.598,00;Venda Pai Nao Existe no Banco
12480;8341;8712;1;1.825,00;Venda Pai Nao Existe no Banco
12481;8343;1343;1;150,00;Venda Pai Nao Existe no Banco
12482;8344;6292;1;100,00;Venda Pai Nao Existe no Banco
12483;8348;1534;1;160,00;Venda Pai Nao Existe no Banco
12484;8348;8552;1;100,00;Venda Pai Nao Existe no Banco
12485;8349;8300;1;450,00;Venda Pai Nao Existe no Banco
12486;8349;8355;1;380,00;Venda Pai Nao Existe no Banco
12488;8293;7821;1;260,00;Venda Pai Nao Existe no Banco
12489;8350;8056;1;390,00;Venda Pai Nao Existe no Banco
12490;8351;7953;1;200,00;Venda Pai Nao Existe no Banco
12491;8352;8310;1;650,00;Venda Pai Nao Existe no Banco
12492;8352;7773;1;100,00;Venda Pai Nao Existe no Banco
12493;8353;1534;1;140,00;Venda Pai Nao Existe no Banco
12494;8355;1542;1;270,00;Venda Pai Nao Existe no Banco
12495;8355;7821;1;260,00;Venda Pai Nao Existe no Banco
12496;8356;8552;1;100,00;Venda Pai Nao Existe no Banco
12498;8357;8351;1;260,00;Venda Pai Nao Existe no Banco
12499;8357;8713;1;230,00;Venda Pai Nao Existe no Banco
12500;8358;1552;1;290,00;Venda Pai Nao Existe no Banco
12502;8359;8714;1;1.660,00;Venda Pai Nao Existe no Banco
12503;8360;7628;1;260,00;Venda Pai Nao Existe no Banco
12504;8361;8552;1;100,00;Venda Pai Nao Existe no Banco
12505;8362;8707;1;980,00;Venda Pai Nao Existe no Banco
12506;8363;1326;2;179,80;Venda Pai Nao Existe no Banco
12507;8364;8678;1;980,00;Venda Pai Nao Existe no Banco
12508;8364;7821;1;280,00;Venda Pai Nao Existe no Banco
12510;8365;1526;1;160,00;Venda Pai Nao Existe no Banco
12511;8366;1326;1;89,90;Venda Pai Nao Existe no Banco
12512;8367;4665;1;40,00;Venda Pai Nao Existe no Banco
12518;8369;1542;1;280,00;Venda Pai Nao Existe no Banco
12519;8369;7740;1;260,00;Venda Pai Nao Existe no Banco
12520;8315;1349;1;100,00;Venda Pai Nao Existe no Banco
12521;8370;8341;1;390,00;Venda Pai Nao Existe no Banco
12522;8371;1542;1;240,00;Venda Pai Nao Existe no Banco
12523;8371;7724;1;240,00;Venda Pai Nao Existe no Banco
12524;8372;1534;1;160,00;Venda Pai Nao Existe no Banco
12525;8372;1326;2;180,00;Venda Pai Nao Existe no Banco
12527;8375;7821;1;260,00;Venda Pai Nao Existe no Banco
12528;8376;8573;1;150,00;Venda Pai Nao Existe no Banco
12529;8376;8573;1;50,00;Venda Pai Nao Existe no Banco
12530;8377;1534;1;140,00;Venda Pai Nao Existe no Banco
12531;8378;0;1;50,00;Venda Pai Nao Existe no Banco
12532;8378;5759;1;50,00;Venda Pai Nao Existe no Banco
12533;8379;7483;1;280,00;Venda Pai Nao Existe no Banco
12534;8379;7953;1;250,00;Venda Pai Nao Existe no Banco
12535;8380;8046;1;380,00;Venda Pai Nao Existe no Banco
12536;8380;7953;1;220,00;Venda Pai Nao Existe no Banco
12537;8381;1321;1;100,00;Venda Pai Nao Existe no Banco
12538;8383;7485;1;260,00;Venda Pai Nao Existe no Banco
12539;8383;1552;1;260,00;Venda Pai Nao Existe no Banco
12540;8384;7953;2;450,00;Venda Pai Nao Existe no Banco
12541;8384;1349;1;190,00;Venda Pai Nao Existe no Banco
12542;8384;8552;1;190,00;Venda Pai Nao Existe no Banco
12544;8386;3859;1;160,00;Venda Pai Nao Existe no Banco
12545;8387;1760;1;450,00;Venda Pai Nao Existe no Banco
12546;8387;1349;1;100,00;Venda Pai Nao Existe no Banco
12547;8388;1349;1;100,00;Venda Pai Nao Existe no Banco
12548;8390;1370;1;140,00;Venda Pai Nao Existe no Banco
12549;8391;1534;1;160,00;Venda Pai Nao Existe no Banco
12550;8392;1542;1;290,00;Venda Pai Nao Existe no Banco
12551;8392;8439;1;790,00;Venda Pai Nao Existe no Banco
12552;8393;7662;1;290,00;Venda Pai Nao Existe no Banco
12553;8394;1721;1;450,00;Venda Pai Nao Existe no Banco
12554;8395;1534;2;280,00;Venda Pai Nao Existe no Banco
12555;8396;3784;1;380,00;Venda Pai Nao Existe no Banco
12556;8396;7574;1;750,00;Venda Pai Nao Existe no Banco
12557;8397;8193;1;130,00;Venda Pai Nao Existe no Banco
12559;8397;1721;1;500,00;Venda Pai Nao Existe no Banco
12560;8398;1326;1;89,00;Venda Pai Nao Existe no Banco
12561;8399;1534;1;160,00;Venda Pai Nao Existe no Banco
12562;8399;8193;1;130,00;Venda Pai Nao Existe no Banco
12563;8401;1534;1;160,00;Venda Pai Nao Existe no Banco
12564;8401;1349;1;190,00;Venda Pai Nao Existe no Banco
12565;8402;6347;1;190,00;Venda Pai Nao Existe no Banco
12566;8402;8355;1;380,00;Venda Pai Nao Existe no Banco
12567;8403;1326;1;90,00;Venda Pai Nao Existe no Banco
12568;8404;4808;1;100,00;Venda Pai Nao Existe no Banco
12569;8404;1542;1;290,00;Venda Pai Nao Existe no Banco
12570;8405;7953;1;250,00;Venda Pai Nao Existe no Banco
12571;8405;7821;1;290,00;Venda Pai Nao Existe no Banco
12572;8406;7883;1;380,00;Venda Pai Nao Existe no Banco
12573;8406;5627;1;900,00;Venda Pai Nao Existe no Banco
12574;8407;7510;1;280,00;Venda Pai Nao Existe no Banco
12575;8407;1760;1;980,00;Venda Pai Nao Existe no Banco
12576;8384;7953;1;220,00;Venda Pai Nao Existe no Banco
12577;8408;7953;1;250,00;Venda Pai Nao Existe no Banco
12578;8409;1320;1;200,00;Venda Pai Nao Existe no Banco
12579;8409;7953;1;250,00;Venda Pai Nao Existe no Banco
12581;8410;7821;1;280,00;Venda Pai Nao Existe no Banco
12583;8410;1542;2;290,00;Venda Pai Nao Existe no Banco
12584;8411;1349;1;160,00;Venda Pai Nao Existe no Banco
12585;8412;1552;1;250,00;Venda Pai Nao Existe no Banco
12586;8412;7720;1;230,00;Venda Pai Nao Existe no Banco
12587;8413;1534;1;160,00;Venda Pai Nao Existe no Banco
12588;8413;1320;1;90,00;Venda Pai Nao Existe no Banco
12590;8414;1525;1;160,00;Venda Pai Nao Existe no Banco
12591;8415;8434;1;610,00;Venda Pai Nao Existe no Banco
12592;8415;1542;1;290,00;Venda Pai Nao Existe no Banco
12593;8416;1534;1;70,00;Venda Pai Nao Existe no Banco
12594;8417;1534;1;150,00;Venda Pai Nao Existe no Banco
12595;8418;5578;1;450,00;Venda Pai Nao Existe no Banco
12596;8418;7821;1;200,00;Venda Pai Nao Existe no Banco
12597;8385;7953;1;260,00;Venda Pai Nao Existe no Banco
12598;8419;1542;1;290,00;Venda Pai Nao Existe no Banco
12599;8420;1542;1;250,00;Venda Pai Nao Existe no Banco
12600;8420;1760;1;420,00;Venda Pai Nao Existe no Banco
12601;8421;1326;1;90,00;Venda Pai Nao Existe no Banco
12602;8422;1370;1;190,00;Venda Pai Nao Existe no Banco
12604;8422;8177;1;980,00;Venda Pai Nao Existe no Banco
12605;8423;1326;1;90,00;Venda Pai Nao Existe no Banco
12606;8410;1542;1;200,00;Venda Pai Nao Existe no Banco
12607;8424;1554;0,5;140,00;Venda Pai Nao Existe no Banco
12608;8426;7972;1;190,00;Venda Pai Nao Existe no Banco
12610;8427;1372;1;100,00;Venda Pai Nao Existe no Banco
12612;8427;8715;1;350,00;Venda Pai Nao Existe no Banco
12613;8428;1760;1;440,00;Venda Pai Nao Existe no Banco
12614;8428;8425;1;825,00;Venda Pai Nao Existe no Banco
12615;8429;7953;1;250,00;Venda Pai Nao Existe no Banco
12616;8429;8628;1;390,00;Venda Pai Nao Existe no Banco
12617;8430;8310;1;500,00;Venda Pai Nao Existe no Banco
12618;8431;7953;1;250,00;Venda Pai Nao Existe no Banco
12619;8431;7181;1;420,00;Venda Pai Nao Existe no Banco
12620;8432;7821;1;0,00;Venda Pai Nao Existe no Banco
12621;8432;8707;1;972,00;Venda Pai Nao Existe no Banco
12622;8432;8355;1;200,00;Venda Pai Nao Existe no Banco
12623;8432;7972;1;140,00;Venda Pai Nao Existe no Banco
12624;8434;6551;1;235,00;Venda Pai Nao Existe no Banco
12625;8435;8573;1;230,00;Venda Pai Nao Existe no Banco
12626;8436;7821;1;260,00;Venda Pai Nao Existe no Banco
12627;8437;1542;1;260,00;Venda Pai Nao Existe no Banco
12628;8438;7972;1;200,00;Venda Pai Nao Existe no Banco
12629;8439;5627;1;500,00;Venda Pai Nao Existe no Banco
12630;8440;8613;1;350,00;Venda Pai Nao Existe no Banco
12631;8441;2287;1;22,00;Venda Pai Nao Existe no Banco
12632;8443;1542;1;250,00;Venda Pai Nao Existe no Banco
12633;8444;8090;1;380,00;Venda Pai Nao Existe no Banco
12635;8445;8716;1;5.719,50;Venda Pai Nao Existe no Banco
12636;8445;8350;1;280,50;Venda Pai Nao Existe no Banco
12638;8446;8717;1;2.405,00;Venda Pai Nao Existe no Banco
12639;8446;8552;1;190,00;Venda Pai Nao Existe no Banco
12640;8447;1534;1;160,00;Venda Pai Nao Existe no Banco
12642;8448;8707;1;1.167,00;Venda Pai Nao Existe no Banco
12644;8449;2287;1;30,00;Venda Pai Nao Existe no Banco
12645;8450;1542;1;200,00;Venda Pai Nao Existe no Banco
12646;8450;7628;1;180,00;Venda Pai Nao Existe no Banco
12647;8452;1534;1;160,00;Venda Pai Nao Existe no Banco
12648;8368;1401;2;180,00;Venda Pai Nao Existe no Banco
12651;8453;8707;1;1.170,00;Venda Pai Nao Existe no Banco
12652;8454;2403;1;80,00;Venda Pai Nao Existe no Banco
12653;8455;7385;1;10,00;Venda Pai Nao Existe no Banco
12654;8456;1326;1;89,90;Venda Pai Nao Existe no Banco
12655;8457;1534;;160,00;Venda Pai Nao Existe no Banco
12656;8459;1534;1;160,00;Venda Pai Nao Existe no Banco
12657;8459;8193;1;190,00;Venda Pai Nao Existe no Banco
12658;8459;1326;1;89,90;Venda Pai Nao Existe no Banco
12660;8460;8552;1;180,00;Venda Pai Nao Existe no Banco
12661;8460;8718;1;260,00;Venda Pai Nao Existe no Banco
12663;8461;7821;1;200,00;Venda Pai Nao Existe no Banco
12664;8461;5627;1;585,00;Venda Pai Nao Existe no Banco
12665;8462;8552;1;160,00;Venda Pai Nao Existe no Banco
12666;8463;8333;1;495,00;Venda Pai Nao Existe no Banco
12667;8464;1534;1;140,00;Venda Pai Nao Existe no Banco
12668;8464;7821;1;256,00;Venda Pai Nao Existe no Banco
12670;8464;8719;1;486,00;Venda Pai Nao Existe no Banco
12671;8464;7810;1;342,00;Venda Pai Nao Existe no Banco
12672;8465;1534;1;140,00;Venda Pai Nao Existe no Banco
12673;8465;7821;1;240,00;Venda Pai Nao Existe no Banco
12674;8466;8552;1;100,00;Venda Pai Nao Existe no Banco
12675;8468;1534;1;160,00;Venda Pai Nao Existe no Banco
12676;8468;7821;1;260,00;Venda Pai Nao Existe no Banco
12677;8469;1534;1;320,00;Venda Pai Nao Existe no Banco
12678;8470;7821;1;260,00;Venda Pai Nao Existe no Banco
12679;8471;2023;1;50,00;Venda Pai Nao Existe no Banco
12680;8472;1542;1;290,00;Venda Pai Nao Existe no Banco
12681;8472;7628;1;280,00;Venda Pai Nao Existe no Banco
12682;8464;1534;1;144,00;Venda Pai Nao Existe no Banco
12684;8474;7821;1;240,00;Venda Pai Nao Existe no Banco
12685;8474;8720;1;220,00;Venda Pai Nao Existe no Banco
12686;8475;1760;1;600,00;Venda Pai Nao Existe no Banco
12687;8476;1534;1;160,00;Venda Pai Nao Existe no Banco
12688;8476;8622;1;420,00;Venda Pai Nao Existe no Banco
12689;8477;8552;1;100,00;Venda Pai Nao Existe no Banco
12691;8478;7821;1;200,00;Venda Pai Nao Existe no Banco
12692;8478;1542;1;240,00;Venda Pai Nao Existe no Banco
12693;8480;1534;1;160,00;Venda Pai Nao Existe no Banco
12694;8481;7821;1;170,00;Venda Pai Nao Existe no Banco
12695;8482;7628;1;260,00;Venda Pai Nao Existe no Banco
12696;8483;1534;1;160,00;Venda Pai Nao Existe no Banco
12697;8483;7821;1;260,00;Venda Pai Nao Existe no Banco
12698;8484;1534;1;140,00;Venda Pai Nao Existe no Banco
12699;8484;8652;1;410,00;Venda Pai Nao Existe no Banco
12700;8485;8552;1;90,00;Venda Pai Nao Existe no Banco
12702;8486;8003;1;620,00;Venda Pai Nao Existe no Banco
12703;8487;1326;1;89,90;Venda Pai Nao Existe no Banco
12704;8487;1554;1;290,00;Venda Pai Nao Existe no Banco
12705;8487;7821;1;280,00;Venda Pai Nao Existe no Banco
12706;8487;1326;1;89,90;Venda Pai Nao Existe no Banco
12707;8489;1542;1;290,00;Venda Pai Nao Existe no Banco
12708;8489;8552;1;190,00;Venda Pai Nao Existe no Banco
12709;8490;1534;1;160,00;Venda Pai Nao Existe no Banco
12710;8490;7499;1;280,00;Venda Pai Nao Existe no Banco
12711;8491;1542;1;350,00;Venda Pai Nao Existe no Banco
12712;8492;2403;2;680,00;Venda Pai Nao Existe no Banco
12713;8493;7953;1;125,00;Venda Pai Nao Existe no Banco
12714;8494;5627;1;990,00;Venda Pai Nao Existe no Banco
12715;8494;8552;1;190,00;Venda Pai Nao Existe no Banco
12716;8496;7972;1;280,00;Venda Pai Nao Existe no Banco
12717;8497;7953;1;280,00;Venda Pai Nao Existe no Banco
12718;8497;7821;1;260,00;Venda Pai Nao Existe no Banco
12720;8498;7628;1;200,00;Venda Pai Nao Existe no Banco
12721;8498;1554;1;200,00;Venda Pai Nao Existe no Banco
12722;8499;1760;0,5;300,00;Venda Pai Nao Existe no Banco
12723;8500;2287;1;25,00;Venda Pai Nao Existe no Banco
12724;8501;1326;1;89,90;Venda Pai Nao Existe no Banco
12725;8501;4071;1;49,00;Venda Pai Nao Existe no Banco
12726;8503;7953;1;250,00;Venda Pai Nao Existe no Banco
12727;8503;7628;1;260,00;Venda Pai Nao Existe no Banco
12728;8504;7953;1;250,00;Venda Pai Nao Existe no Banco
12729;8504;7628;1;280,00;Venda Pai Nao Existe no Banco
12730;8505;8312;1;160,00;Venda Pai Nao Existe no Banco
12731;8506;1554;1;350,00;Venda Pai Nao Existe no Banco
12732;8506;1326;1;90,00;Venda Pai Nao Existe no Banco
12733;8507;7810;1;100,00;Venda Pai Nao Existe no Banco
12734;8509;1534;1;160,00;Venda Pai Nao Existe no Banco
12735;8510;1542;1;290,00;Venda Pai Nao Existe no Banco
12736;8511;7628;1;190,00;Venda Pai Nao Existe no Banco
12737;8512;1534;1;160,00;Venda Pai Nao Existe no Banco
12738;8512;7821;1;280,00;Venda Pai Nao Existe no Banco
12739;8513;4080;1;190,00;Venda Pai Nao Existe no Banco
12740;8513;8573;1;49,00;Venda Pai Nao Existe no Banco
12741;8514;1401;1;260,00;Venda Pai Nao Existe no Banco
12742;8516;5627;1;585,00;Venda Pai Nao Existe no Banco
12743;8516;8552;1;100,00;Venda Pai Nao Existe no Banco
12744;8518;5627;1;790,00;Venda Pai Nao Existe no Banco
12745;8518;8552;1;100,00;Venda Pai Nao Existe no Banco
12746;8519;7953;1;250,00;Venda Pai Nao Existe no Banco
12747;8519;7821;1;280,00;Venda Pai Nao Existe no Banco
12748;8520;8611;1;390,00;Venda Pai Nao Existe no Banco
12749;8521;8355;1;390,00;Venda Pai Nao Existe no Banco
12750;8521;1542;1;290,00;Venda Pai Nao Existe no Banco
12751;8522;5521;1;340,00;Venda Pai Nao Existe no Banco
12753;8523;8721;1;820,00;Venda Pai Nao Existe no Banco
12754;8525;1534;1;160,00;Venda Pai Nao Existe no Banco
12755;8527;1534;1;160,00;Venda Pai Nao Existe no Banco
12756;8527;8552;1;190,00;Venda Pai Nao Existe no Banco
12757;8528;1534;1;160,00;Venda Pai Nao Existe no Banco
12758;8528;5926;1;450,00;Venda Pai Nao Existe no Banco
12759;8529;1542;0,5;130,00;Venda Pai Nao Existe no Banco
12760;8530;1542;1;290,00;Venda Pai Nao Existe no Banco
12761;8530;7821;1;260,00;Venda Pai Nao Existe no Banco
12762;8532;7953;1;250,00;Venda Pai Nao Existe no Banco
12763;8532;7821;1;280,00;Venda Pai Nao Existe no Banco
12764;8533;5627;1;790,00;Venda Pai Nao Existe no Banco
12765;8533;8480;1;390,00;Venda Pai Nao Existe no Banco
12766;8534;4066;1;50,00;Venda Pai Nao Existe no Banco
12767;8535;7972;1;230,00;Venda Pai Nao Existe no Banco
12768;8536;1534;1;160,00;Venda Pai Nao Existe no Banco
12769;8536;8552;1;130,00;Venda Pai Nao Existe no Banco
12770;8537;7953;1;250,00;Venda Pai Nao Existe no Banco
12771;8537;8576;1;690,00;Venda Pai Nao Existe no Banco
12772;8538;1542;1;290,00;Venda Pai Nao Existe no Banco
12773;8538;8552;1;150,00;Venda Pai Nao Existe no Banco
12774;8539;8552;1;150,00;Venda Pai Nao Existe no Banco
12775;8540;1542;1;290,00;Venda Pai Nao Existe no Banco
12776;8540;8553;1;250,00;Venda Pai Nao Existe no Banco
12777;8541;1534;1;160,00;Venda Pai Nao Existe no Banco
12778;8542;1554;1;290,00;Venda Pai Nao Existe no Banco
12779;8543;1534;1;120,00;Venda Pai Nao Existe no Banco
12780;8543;7821;1;235,00;Venda Pai Nao Existe no Banco
12785;8545;8552;1;210,00;Venda Pai Nao Existe no Banco
12786;8545;4514;1;390,00;Venda Pai Nao Existe no Banco
12787;8546;1534;1;160,00;Venda Pai Nao Existe no Banco
12788;8546;7821;1;240,00;Venda Pai Nao Existe no Banco
12789;8547;5134;1;160,00;Venda Pai Nao Existe no Banco
12791;8548;1509;1;199,00;Venda Pai Nao Existe no Banco
12792;8549;8102;1;490,00;Venda Pai Nao Existe no Banco
12793;8550;5627;1;750,00;Venda Pai Nao Existe no Banco
12794;8552;1534;1;160,00;Venda Pai Nao Existe no Banco
12795;8552;7821;1;260,00;Venda Pai Nao Existe no Banco
12796;8553;8344;1;450,00;Venda Pai Nao Existe no Banco
12797;8554;1761;1;620,00;Venda Pai Nao Existe no Banco
12799;8555;7821;1;280,00;Venda Pai Nao Existe no Banco
12800;8555;7953;1;250,00;Venda Pai Nao Existe no Banco
12801;8557;7821;1;260,00;Venda Pai Nao Existe no Banco
12805;8558;8722;1;990,00;Venda Pai Nao Existe no Banco
12806;8558;8649;1;450,00;Venda Pai Nao Existe no Banco
12807;8560;8707;1;990,00;Venda Pai Nao Existe no Banco
12808;8560;8373;1;695,00;Venda Pai Nao Existe no Banco
12809;8561;1721;1;690,00;Venda Pai Nao Existe no Banco
12810;8561;7821;1;260,00;Venda Pai Nao Existe no Banco
12811;8564;7953;1;250,00;Venda Pai Nao Existe no Banco
12812;8565;7821;1;200,00;Venda Pai Nao Existe no Banco
12813;8566;1721;1;450,00;Venda Pai Nao Existe no Banco
12814;8566;7821;1;190,00;Venda Pai Nao Existe no Banco
12815;8567;8388;1;725,00;Venda Pai Nao Existe no Banco
12816;8568;8552;1;100,00;Venda Pai Nao Existe no Banco
12817;8570;1542;1;260,00;Venda Pai Nao Existe no Banco
12818;8570;7821;1;235,00;Venda Pai Nao Existe no Banco
12819;8571;1542;1;290,00;Venda Pai Nao Existe no Banco
12820;8571;8552;1;100,00;Venda Pai Nao Existe no Banco
12821;8572;1534;1;180,00;Venda Pai Nao Existe no Banco
12822;8572;272;1;50,00;Venda Pai Nao Existe no Banco
12823;8573;7263;1;250,00;Venda Pai Nao Existe no Banco
12824;8574;7821;1;200,00;Venda Pai Nao Existe no Banco
12825;8575;8552;1;100,00;Venda Pai Nao Existe no Banco
12826;8576;1542;1;290,00;Venda Pai Nao Existe no Banco
12827;8576;7821;1;260,00;Venda Pai Nao Existe no Banco
12828;8577;1534;1;120,00;Venda Pai Nao Existe no Banco
12829;8578;1542;1;290,00;Venda Pai Nao Existe no Banco
12831;8579;6666;1;380,00;Venda Pai Nao Existe no Banco
12832;8580;2377;1;250,00;Venda Pai Nao Existe no Banco
12833;8581;1534;1;145,00;Venda Pai Nao Existe no Banco
12834;8582;1534;1;160,00;Venda Pai Nao Existe no Banco
12835;8583;1534;1;160,00;Venda Pai Nao Existe no Banco
12836;8583;8552;1;100,00;Venda Pai Nao Existe no Banco
12837;8584;8707;1;990,00;Venda Pai Nao Existe no Banco
12839;8585;1534;1;160,00;Venda Pai Nao Existe no Banco
12840;8585;7821;1;260,00;Venda Pai Nao Existe no Banco
12841;8583;1534;1;160,00;Venda Pai Nao Existe no Banco
12842;8583;8552;1;100,00;Venda Pai Nao Existe no Banco
12843;8586;1760;1;750,00;Venda Pai Nao Existe no Banco
12844;8586;8355;1;340,00;Venda Pai Nao Existe no Banco
12845;8587;7953;1;250,00;Venda Pai Nao Existe no Banco
12846;8588;6384;1;650,00;Venda Pai Nao Existe no Banco
12847;8588;7953;1;250,00;Venda Pai Nao Existe no Banco
12848;8589;1534;1;160,00;Venda Pai Nao Existe no Banco
12850;8590;8570;1;690,00;Venda Pai Nao Existe no Banco
12852;8590;8707;1;973,00;Venda Pai Nao Existe no Banco
12853;8591;1554;1;290,00;Venda Pai Nao Existe no Banco
12854;8592;7821;1;260,00;Venda Pai Nao Existe no Banco
12855;8593;2403;1;240,00;Venda Pai Nao Existe no Banco
12856;8594;1542;1;290,00;Venda Pai Nao Existe no Banco
12857;8594;7628;1;200,00;Venda Pai Nao Existe no Banco
12858;8596;1552;1;290,00;Venda Pai Nao Existe no Banco
12859;8597;1542;1;290,00;Venda Pai Nao Existe no Banco
12860;8598;7953;1;250,00;Venda Pai Nao Existe no Banco
12861;8598;8355;1;390,00;Venda Pai Nao Existe no Banco
12862;8599;1760;1;650,00;Venda Pai Nao Existe no Banco
12863;8599;7821;1;220,00;Venda Pai Nao Existe no Banco
12864;8554;7260;1;280,00;Venda Pai Nao Existe no Banco
12865;8600;1528;3;360,00;Venda Pai Nao Existe no Banco
12866;8601;7821;1;260,00;Venda Pai Nao Existe no Banco
12867;8602;3649;1;40,00;Venda Pai Nao Existe no Banco
12868;8603;1326;1;89,90;Venda Pai Nao Existe no Banco
12869;8604;7953;1;250,00;Venda Pai Nao Existe no Banco
12871;8604;7204;1;380,00;Venda Pai Nao Existe no Banco
12872;8606;1534;1;140,00;Venda Pai Nao Existe no Banco
12873;8606;7821;1;240,00;Venda Pai Nao Existe no Banco
12874;8607;1534;1;160,00;Venda Pai Nao Existe no Banco
12875;8608;7821;1;199,00;Venda Pai Nao Existe no Banco
12876;8609;7821;1;260,00;Venda Pai Nao Existe no Banco
12877;8610;8552;1;49,00;Venda Pai Nao Existe no Banco
12878;8612;1542;1;290,00;Venda Pai Nao Existe no Banco
12882;8615;8723;1;1.400,00;Venda Pai Nao Existe no Banco
12885;8616;8724;1;760,00;Venda Pai Nao Existe no Banco
12887;8617;1534;1;160,00;Venda Pai Nao Existe no Banco
12888;8617;7821;1;280,00;Venda Pai Nao Existe no Banco
12889;8616;8102;1;440,00;Venda Pai Nao Existe no Banco
12890;8618;1534;1;160,00;Venda Pai Nao Existe no Banco
12891;8618;7821;1;260,00;Venda Pai Nao Existe no Banco
12893;8619;6068;1;490,00;Venda Pai Nao Existe no Banco
12894;8620;1554;1;270,00;Venda Pai Nao Existe no Banco
12895;8620;8552;1;100,00;Venda Pai Nao Existe no Banco
12896;8621;7953;1;250,00;Venda Pai Nao Existe no Banco
12897;8622;7821;1;280,00;Venda Pai Nao Existe no Banco
12898;8622;4657;1;650,00;Venda Pai Nao Existe no Banco
12899;8623;1760;1;680,00;Venda Pai Nao Existe no Banco
12900;8623;7821;1;280,00;Venda Pai Nao Existe no Banco
12902;8624;1316;1;49,00;Venda Pai Nao Existe no Banco
12903;8625;7953;1;250,00;Venda Pai Nao Existe no Banco
12904;8625;8355;1;390,00;Venda Pai Nao Existe no Banco
12905;8625;8707;1;990,00;Venda Pai Nao Existe no Banco
12906;8625;7972;1;260,00;Venda Pai Nao Existe no Banco
12907;8626;1326;1;90,00;Venda Pai Nao Existe no Banco
12908;8627;7821;1;290,00;Venda Pai Nao Existe no Banco
12909;8627;7953;1;200,00;Venda Pai Nao Existe no Banco
12910;8627;1401;1;250,00;Venda Pai Nao Existe no Banco
12911;8630;1760;1;345,00;Venda Pai Nao Existe no Banco
12913;8630;8725;1;294,00;Venda Pai Nao Existe no Banco
12914;8631;1760;1;450,00;Venda Pai Nao Existe no Banco
12915;8631;8355;1;450,00;Venda Pai Nao Existe no Banco
12916;8632;1326;1;90,00;Venda Pai Nao Existe no Banco
12917;8634;1401;1;100,00;Venda Pai Nao Existe no Banco
12918;8635;5940;1;490,00;Venda Pai Nao Existe no Banco
12925;8636;8727;1;1.672,00;Venda Pai Nao Existe no Banco
12926;8637;1534;1;250,00;Venda Pai Nao Existe no Banco
12927;8639;1534;1;160,00;Venda Pai Nao Existe no Banco
12928;8639;8355;1;390,00;Venda Pai Nao Existe no Banco
12929;8640;8585;1;620,00;Venda Pai Nao Existe no Banco
12930;8640;8728;1;1.480,00;Venda Pai Nao Existe no Banco
12931;8641;7821;1;290,00;Venda Pai Nao Existe no Banco
12936;8641;8729;1;2.300,00;Venda Pai Nao Existe no Banco
12937;8642;1542;1;230,00;Venda Pai Nao Existe no Banco
12938;8643;1534;1;130,00;Venda Pai Nao Existe no Banco
12939;8643;8552;1;100,00;Venda Pai Nao Existe no Banco
12940;8643;1534;1;130,00;Venda Pai Nao Existe no Banco
12941;8643;8552;1;100,00;Venda Pai Nao Existe no Banco
12943;8646;8732;1;780,00;Venda Pai Nao Existe no Banco
12944;8647;1542;1;260,00;Venda Pai Nao Existe no Banco
12945;8647;8552;1;190,00;Venda Pai Nao Existe no Banco
12946;8648;8355;1;390,00;Venda Pai Nao Existe no Banco
12947;8648;1542;1;290,00;Venda Pai Nao Existe no Banco
12948;8649;7821;1;260,00;Venda Pai Nao Existe no Banco
12949;8650;1542;1;290,00;Venda Pai Nao Existe no Banco
12950;8650;7821;1;280,00;Venda Pai Nao Existe no Banco
12951;8651;8335;1;585,00;Venda Pai Nao Existe no Banco
12952;8584;8581;1;695,00;Venda Pai Nao Existe no Banco
12954;8653;1542;1;260,00;Venda Pai Nao Existe no Banco
12955;8653;1542;1;260,00;Venda Pai Nao Existe no Banco
12956;8654;1534;1;160,00;Venda Pai Nao Existe no Banco
12957;8654;8552;1;100,00;Venda Pai Nao Existe no Banco
12958;8655;1542;1;260,00;Venda Pai Nao Existe no Banco
12959;8656;1542;1;290,00;Venda Pai Nao Existe no Banco
12960;8656;7080;1;100,00;Venda Pai Nao Existe no Banco
12961;8658;1804;1;600,00;Venda Pai Nao Existe no Banco
12962;8658;7821;1;246,00;Venda Pai Nao Existe no Banco
12963;8660;0;1;30,00;Venda Pai Nao Existe no Banco
12964;8660;1540;1;30,00;Venda Pai Nao Existe no Banco
12965;8661;7821;1;280,00;Venda Pai Nao Existe no Banco
12966;8661;7953;1;250,00;Venda Pai Nao Existe no Banco
12967;8662;7953;1;220,00;Venda Pai Nao Existe no Banco
12968;8662;7821;1;390,00;Venda Pai Nao Existe no Banco
12969;8663;7821;1;230,00;Venda Pai Nao Existe no Banco
12970;8664;4230;1;440,00;Venda Pai Nao Existe no Banco
12971;8664;1542;1;280,00;Venda Pai Nao Existe no Banco
12972;8665;7628;1;49,00;Venda Pai Nao Existe no Banco
12973;8666;5378;1;160,00;Venda Pai Nao Existe no Banco
12975;8667;8729;1;2.450,00;Venda Pai Nao Existe no Banco
12976;8667;8734;1;800,00;Venda Pai Nao Existe no Banco
12977;8668;8552;1;190,00;Venda Pai Nao Existe no Banco
12978;8669;1542;1;290,00;Venda Pai Nao Existe no Banco
12979;8669;8552;1;190,00;Venda Pai Nao Existe no Banco
12980;8670;1540;1;40,00;Venda Pai Nao Existe no Banco
12981;8671;8675;4;60,00;Venda Pai Nao Existe no Banco
12982;8672;8300;1;490,00;Venda Pai Nao Existe no Banco
12983;8672;8355;1;390,00;Venda Pai Nao Existe no Banco
12984;8673;7821;1;280,00;Venda Pai Nao Existe no Banco
12985;8674;7510;1;320,00;Venda Pai Nao Existe no Banco
12986;8674;1760;1;490,00;Venda Pai Nao Existe no Banco
12987;8676;7628;1;140,00;Venda Pai Nao Existe no Banco
12988;8678;1533;1;140,00;Venda Pai Nao Existe no Banco
12989;8678;1326;1;90,00;Venda Pai Nao Existe no Banco
12990;8625;8355;1;390,00;Venda Pai Nao Existe no Banco
12992;8679;1534;1;160,00;Venda Pai Nao Existe no Banco
12993;8680;1554;1;290,00;Venda Pai Nao Existe no Banco
12994;8680;7821;1;280,00;Venda Pai Nao Existe no Banco
12995;8680;1554;1;290,00;Venda Pai Nao Existe no Banco
12997;8680;8552;1;190,00;Venda Pai Nao Existe no Banco
13000;8681;8735;1;1.755,00;Venda Pai Nao Existe no Banco
13001;8681;8552;1;190,00;Venda Pai Nao Existe no Banco
13003;8682;7972;1;260,00;Venda Pai Nao Existe no Banco
13004;8683;1542;1;315,00;Venda Pai Nao Existe no Banco
13005;8684;7953;1;220,00;Venda Pai Nao Existe no Banco
13006;8684;8552;1;100,00;Venda Pai Nao Existe no Banco
13008;8685;8737;1;2.450,00;Venda Pai Nao Existe no Banco
13010;8685;8738;1;675,00;Venda Pai Nao Existe no Banco
13011;8686;1552;1;260,00;Venda Pai Nao Existe no Banco
13012;8686;8552;1;190,00;Venda Pai Nao Existe no Banco
13013;8686;8185;1;530,00;Venda Pai Nao Existe no Banco
13014;8687;5627;0,5;415,00;Venda Pai Nao Existe no Banco
13015;8688;1534;1;120,00;Venda Pai Nao Existe no Banco
13016;8690;1721;1;500,00;Venda Pai Nao Existe no Banco
13017;8690;8552;1;100,00;Venda Pai Nao Existe no Banco
13018;8691;7821;1;260,00;Venda Pai Nao Existe no Banco
13019;8692;1534;1;160,00;Venda Pai Nao Existe no Banco
13020;8692;7821;1;280,00;Venda Pai Nao Existe no Banco
13021;8694;7953;1;250,00;Venda Pai Nao Existe no Banco
13022;8694;8552;1;190,00;Venda Pai Nao Existe no Banco
13023;8695;1534;1;160,00;Venda Pai Nao Existe no Banco
13024;8695;1534;1;150,00;Venda Pai Nao Existe no Banco
13025;8695;8355;1;340,00;Venda Pai Nao Existe no Banco
13026;8695;7821;1;240,00;Venda Pai Nao Existe no Banco
13027;8696;1326;1;90,00;Venda Pai Nao Existe no Banco
13028;8697;5627;1;990,00;Venda Pai Nao Existe no Banco
13029;8697;8552;1;170,00;Venda Pai Nao Existe no Banco
13030;8698;1760;1;490,00;Venda Pai Nao Existe no Banco
13031;8698;8355;1;450,00;Venda Pai Nao Existe no Banco
13033;8699;8739;1;450,00;Venda Pai Nao Existe no Banco
13034;8699;7821;1;230,00;Venda Pai Nao Existe no Banco
13035;8700;1540;1;30,00;Venda Pai Nao Existe no Banco
13036;8702;2403;2;480,00;Venda Pai Nao Existe no Banco
13037;8703;1312;1;50,00;Venda Pai Nao Existe no Banco
13038;8704;8552;1;190,00;Venda Pai Nao Existe no Banco
13041;8707;8102;1;450,00;Venda Pai Nao Existe no Banco
13042;8707;8102;1;450,00;Venda Pai Nao Existe no Banco
13043;8708;7953;1;250,00;Venda Pai Nao Existe no Banco
13044;8708;8355;1;390,00;Venda Pai Nao Existe no Banco
13045;8709;7953;1;225,00;Venda Pai Nao Existe no Banco
13046;8711;1401;1;260,00;Venda Pai Nao Existe no Banco
13047;8712;8601;1;450,00;Venda Pai Nao Existe no Banco
13048;8713;8552;1;100,00;Venda Pai Nao Existe no Banco
13049;8714;7821;1;140,00;Venda Pai Nao Existe no Banco
13050;8715;8552;1;100,00;Venda Pai Nao Existe no Banco
13051;8716;1326;1;90,00;Venda Pai Nao Existe no Banco
13052;8717;8300;1;540,00;Venda Pai Nao Existe no Banco
13053;8717;8102;1;390,00;Venda Pai Nao Existe no Banco
13054;8718;2058;0,5;650,00;Venda Pai Nao Existe no Banco
13055;8718;1533;1;50,00;Venda Pai Nao Existe no Banco
13056;8718;8552;1;100,00;Venda Pai Nao Existe no Banco
13057;8719;7953;1;210,00;Venda Pai Nao Existe no Banco
13058;8719;7821;1;260,00;Venda Pai Nao Existe no Banco
13059;8720;1534;1;160,00;Venda Pai Nao Existe no Banco
13060;8720;8651;1;450,00;Venda Pai Nao Existe no Banco
13061;8721;1326;1;89,90;Venda Pai Nao Existe no Banco
13062;8722;7953;1;250,00;Venda Pai Nao Existe no Banco
13063;8722;8355;1;420,00;Venda Pai Nao Existe no Banco
13064;8722;1326;1;90,00;Venda Pai Nao Existe no Banco
13065;8723;8102;1;390,00;Venda Pai Nao Existe no Banco
13067;8723;8623;1;390,00;Venda Pai Nao Existe no Banco
13068;8724;1760;1;490,00;Venda Pai Nao Existe no Banco
13069;8724;7821;1;280,00;Venda Pai Nao Existe no Banco
13070;8725;1554;1;305,00;Venda Pai Nao Existe no Banco
13071;8725;6076;1;395,00;Venda Pai Nao Existe no Banco
13072;8726;1542;1;260,00;Venda Pai Nao Existe no Banco
13073;8726;1401;1;235,00;Venda Pai Nao Existe no Banco
13074;8727;1534;1;160,00;Venda Pai Nao Existe no Banco
13075;8728;8580;1;690,00;Venda Pai Nao Existe no Banco
13076;8729;1760;1;420,00;Venda Pai Nao Existe no Banco
13077;8729;8355;1;330,00;Venda Pai Nao Existe no Banco
13078;8730;8552;1;100,00;Venda Pai Nao Existe no Banco
13079;8731;2058;1;1.570,00;Venda Pai Nao Existe no Banco
13080;8732;1411;1;180,00;Venda Pai Nao Existe no Banco
13081;8733;8603;1;380,00;Venda Pai Nao Existe no Banco
13082;8733;2125;1;49,00;Venda Pai Nao Existe no Banco
13083;8734;1542;1;280,00;Venda Pai Nao Existe no Banco
13084;8734;7821;1;240,00;Venda Pai Nao Existe no Banco
13086;8735;8727;1;1.598,00;Venda Pai Nao Existe no Banco
13087;8735;8422;1;530,00;Venda Pai Nao Existe no Banco
13088;8735;7821;1;260,00;Venda Pai Nao Existe no Banco
13090;8735;8740;1;2.100,00;Venda Pai Nao Existe no Banco
13091;8735;8185;1;495,00;Venda Pai Nao Existe no Banco
13092;8735;8552;1;171,00;Venda Pai Nao Existe no Banco
13093;8736;8707;1;990,00;Venda Pai Nao Existe no Banco
13094;8736;7821;1;250,00;Venda Pai Nao Existe no Banco
13095;8738;1326;1;90,00;Venda Pai Nao Existe no Banco
13096;8739;1542;1;320,00;Venda Pai Nao Existe no Banco
13097;8739;7821;1;280,00;Venda Pai Nao Existe no Banco
13098;8740;1552;1;320,00;Venda Pai Nao Existe no Banco
13099;8740;7821;1;290,00;Venda Pai Nao Existe no Banco
13100;8741;1534;1;160,00;Venda Pai Nao Existe no Banco
13101;8742;1542;1;290,00;Venda Pai Nao Existe no Banco
13102;8743;1534;1;160,00;Venda Pai Nao Existe no Banco
13103;8743;8741;1;480,00;Venda Pai Nao Existe no Banco
13104;8744;7821;1;290,00;Venda Pai Nao Existe no Banco
13105;8744;7953;1;250,00;Venda Pai Nao Existe no Banco
13106;8745;1542;0,5;150,00;Venda Pai Nao Existe no Banco
13107;8748;1542;1;240,00;Venda Pai Nao Existe no Banco
13108;8749;7953;1;250,00;Venda Pai Nao Existe no Banco
13109;8750;7953;1;225,00;Venda Pai Nao Existe no Banco
13110;8750;7953;1;225,00;Venda Pai Nao Existe no Banco
13111;8750;7953;1;225,00;Venda Pai Nao Existe no Banco
13112;8751;8185;1;440,00;Venda Pai Nao Existe no Banco
13113;8752;1534;1;160,00;Venda Pai Nao Existe no Banco
13114;8754;8707;1;990,00;Venda Pai Nao Existe no Banco
13115;8755;1542;1;290,00;Venda Pai Nao Existe no Banco
13116;8756;1534;1;160,00;Venda Pai Nao Existe no Banco
13117;8756;7821;1;350,00;Venda Pai Nao Existe no Banco
13118;8757;1542;1;290,00;Venda Pai Nao Existe no Banco
13119;8759;1542;1;290,00;Venda Pai Nao Existe no Banco
13120;8759;7821;1;290,00;Venda Pai Nao Existe no Banco
13121;8759;1534;1;160,00;Venda Pai Nao Existe no Banco
13122;8759;8552;1;210,00;Venda Pai Nao Existe no Banco
13123;8750;8668;1;70,00;Venda Pai Nao Existe no Banco
13124;8760;8355;1;300,00;Venda Pai Nao Existe no Banco
13125;8761;8707;1;990,00;Venda Pai Nao Existe no Banco
13126;8761;8742;1;490,00;Venda Pai Nao Existe no Banco
13127;8762;1326;1;90,00;Venda Pai Nao Existe no Banco
13128;8763;1552;1;390,00;Venda Pai Nao Existe no Banco
13130;8763;8617;1;450,00;Venda Pai Nao Existe no Banco
13131;8764;1542;1;290,00;Venda Pai Nao Existe no Banco
13132;8764;7821;1;290,00;Venda Pai Nao Existe no Banco
13133;8765;8185;1;680,00;Venda Pai Nao Existe no Banco
13134;8765;8461;1;590,00;Venda Pai Nao Existe no Banco
13135;8766;1306;1;49,00;Venda Pai Nao Existe no Banco
13136;8767;2287;1;20,00;Venda Pai Nao Existe no Banco
13137;8768;7821;1;350,00;Venda Pai Nao Existe no Banco
13138;8357;8456;1;250,00;Venda Pai Nao Existe no Banco
13139;8357;7953;1;80,00;Venda Pai Nao Existe no Banco
13140;8357;7810;1;80,00;Venda Pai Nao Existe no Banco
13142;8770;8552;1;190,00;Venda Pai Nao Existe no Banco
13143;8771;1534;1;160,00;Venda Pai Nao Existe no Banco
13144;8771;8552;1;100,00;Venda Pai Nao Existe no Banco
13145;8773;1534;1;160,00;Venda Pai Nao Existe no Banco
13146;8774;1542;1;160,00;Venda Pai Nao Existe no Banco
13147;8775;8750;1;590,00;Venda Pai Nao Existe no Banco
13148;8776;4657;1;600,00;Venda Pai Nao Existe no Banco
13149;8776;7821;1;260,00;Venda Pai Nao Existe no Banco
13151;8776;4657;1;600,00;Venda Pai Nao Existe no Banco
13152;8777;8707;1;990,00;Venda Pai Nao Existe no Banco
13153;8777;7821;1;260,00;Venda Pai Nao Existe no Banco
13154;8778;1534;1;120,00;Venda Pai Nao Existe no Banco
13155;8778;7821;1;180,00;Venda Pai Nao Existe no Banco
13156;8779;7953;1;250,00;Venda Pai Nao Existe no Banco
13157;8780;1760;1;690,00;Venda Pai Nao Existe no Banco
13158;8780;8453;1;590,00;Venda Pai Nao Existe no Banco
13159;8781;7953;1;250,00;Venda Pai Nao Existe no Banco
13160;8781;7821;1;290,00;Venda Pai Nao Existe no Banco
13161;8782;1542;1;290,00;Venda Pai Nao Existe no Banco
13162;8782;7821;1;290,00;Venda Pai Nao Existe no Banco
13163;8783;1554;1;350,00;Venda Pai Nao Existe no Banco
13164;8784;7987;1;650,00;Venda Pai Nao Existe no Banco
13165;8784;8631;1;450,00;Venda Pai Nao Existe no Banco
13166;8785;1554;1;320,00;Venda Pai Nao Existe no Banco
13167;8785;1552;1;310,00;Venda Pai Nao Existe no Banco
13168;8786;1534;1;160,00;Venda Pai Nao Existe no Banco
13169;8786;8552;1;100,00;Venda Pai Nao Existe no Banco
13170;8787;1534;0,5;90,00;Venda Pai Nao Existe no Banco
13171;8787;8102;0,5;350,00;Venda Pai Nao Existe no Banco
13172;8787;7821;1;260,00;Venda Pai Nao Existe no Banco
13174;8788;8154;1;850,00;Venda Pai Nao Existe no Banco
13175;8788;8388;1;-725,00;Venda Pai Nao Existe no Banco
13176;8789;4497;1;150,00;Venda Pai Nao Existe no Banco
13177;8790;7953;1;250,00;Venda Pai Nao Existe no Banco
13178;8790;8552;1;190,00;Venda Pai Nao Existe no Banco
13179;8791;8552;1;190,00;Venda Pai Nao Existe no Banco
13180;8792;1534;1;160,00;Venda Pai Nao Existe no Banco
13181;8792;1349;1;140,00;Venda Pai Nao Existe no Banco
13182;8751;8552;1;100,00;Venda Pai Nao Existe no Banco
13183;8793;1534;1;160,00;Venda Pai Nao Existe no Banco
13184;8794;1326;1;90,00;Venda Pai Nao Existe no Banco
13185;7402;1534;1;160,00;Venda Pai Nao Existe no Banco
13186;8795;1761;1;790,00;Venda Pai Nao Existe no Banco
13187;8796;1542;1;350,00;Venda Pai Nao Existe no Banco
13189;8797;1534;1;160,00;Venda Pai Nao Existe no Banco
13190;8797;8552;1;160,00;Venda Pai Nao Existe no Banco
13191;8798;1542;1;290,00;Venda Pai Nao Existe no Banco
13192;8799;7385;4;40,00;Venda Pai Nao Existe no Banco
13193;8800;8232;1;450,00;Venda Pai Nao Existe no Banco
13194;8800;7821;1;260,00;Venda Pai Nao Existe no Banco
13195;8801;7953;1;225,00;Venda Pai Nao Existe no Banco
13196;8802;1721;1;680,00;Venda Pai Nao Existe no Banco
13197;8803;1534;1;145,00;Venda Pai Nao Existe no Banco
13198;8805;1542;1;350,00;Venda Pai Nao Existe no Banco
13199;8805;8552;1;220,00;Venda Pai Nao Existe no Banco
13200;8806;1560;1;1.250,00;Venda Pai Nao Existe no Banco
13203;8807;7953;1;250,00;Venda Pai Nao Existe no Banco
13204;8807;7821;1;290,00;Venda Pai Nao Existe no Banco
13205;8808;1760;1;525,00;Venda Pai Nao Existe no Banco
13206;8811;1542;1;290,00;Venda Pai Nao Existe no Banco
13207;8811;8552;1;190,00;Venda Pai Nao Existe no Banco
13208;8812;7953;1;250,00;Venda Pai Nao Existe no Banco
13209;8812;7821;1;280,00;Venda Pai Nao Existe no Banco
13211;8813;8806;1;199,00;Venda Pai Nao Existe no Banco
13212;8814;1534;1;160,00;Venda Pai Nao Existe no Banco
13213;8814;7821;1;290,00;Venda Pai Nao Existe no Banco
13214;8815;1534;1;140,00;Venda Pai Nao Existe no Banco
13215;8815;8552;1;175,00;Venda Pai Nao Existe no Banco
13216;8816;1534;1;160,00;Venda Pai Nao Existe no Banco
13217;8816;7821;1;290,00;Venda Pai Nao Existe no Banco
13218;8817;1534;1;160,00;Venda Pai Nao Existe no Banco
13219;8817;8193;1;160,00;Venda Pai Nao Existe no Banco
13220;8818;1542;1;350,00;Venda Pai Nao Existe no Banco
13221;8818;8552;1;190,00;Venda Pai Nao Existe no Banco
13222;8819;7987;1;550,00;Venda Pai Nao Existe no Banco
13223;8819;7821;1;290,00;Venda Pai Nao Existe no Banco
13224;8820;7821;1;260,00;Venda Pai Nao Existe no Banco
13225;8821;1554;1;350,00;Venda Pai Nao Existe no Banco
13226;8822;7821;1;145,00;Venda Pai Nao Existe no Banco
13227;8824;8608;1;450,00;Venda Pai Nao Existe no Banco
13228;8825;1542;1;290,00;Venda Pai Nao Existe no Banco
13229;8826;2733;1;190,00;Venda Pai Nao Existe no Banco
13230;8827;7405;1;240,00;Venda Pai Nao Existe no Banco
13231;8827;1534;1;160,00;Venda Pai Nao Existe no Banco
13232;8828;3468;1;160,00;Venda Pai Nao Existe no Banco
13233;8828;1534;1;160,00;Venda Pai Nao Existe no Banco
13234;8829;2733;1;190,00;Venda Pai Nao Existe no Banco
13235;8829;1534;1;160,00;Venda Pai Nao Existe no Banco
13236;8831;7742;1;260,00;Venda Pai Nao Existe no Banco
13237;8831;1542;1;320,00;Venda Pai Nao Existe no Banco
13238;8832;1542;1;260,00;Venda Pai Nao Existe no Banco
13239;8832;1349;1;120,00;Venda Pai Nao Existe no Banco
13240;8833;1534;1;160,00;Venda Pai Nao Existe no Banco
13241;8834;1534;1;140,00;Venda Pai Nao Existe no Banco
13242;8834;7821;1;265,00;Venda Pai Nao Existe no Banco
13243;8835;7822;1;350,00;Venda Pai Nao Existe no Banco
13247;8836;1534;1;160,00;Venda Pai Nao Existe no Banco
13248;8836;7821;1;290,00;Venda Pai Nao Existe no Banco
13249;8837;1349;1;100,00;Venda Pai Nao Existe no Banco
13250;8838;1542;1;270,00;Venda Pai Nao Existe no Banco
13251;8840;8807;1;390,00;Venda Pai Nao Existe no Banco
13252;8841;7821;1;250,00;Venda Pai Nao Existe no Banco
13253;8842;1542;1;310,00;Venda Pai Nao Existe no Banco
13254;8842;7821;1;290,00;Venda Pai Nao Existe no Banco
13255;8844;1534;1;160,00;Venda Pai Nao Existe no Banco
13256;8845;1542;1;0,00;Venda Pai Nao Existe no Banco
13257;8845;8809;1;990,00;Venda Pai Nao Existe no Banco
13258;8846;1542;1;290,00;Venda Pai Nao Existe no Banco
13259;8847;1326;1;190,00;Venda Pai Nao Existe no Banco
13260;8848;1534;1;190,00;Venda Pai Nao Existe no Banco
13261;8848;8355;1;332,00;Venda Pai Nao Existe no Banco
13262;8850;8355;1;350,00;Venda Pai Nao Existe no Banco
13263;8852;7987;1;690,00;Venda Pai Nao Existe no Banco
13264;8852;7821;1;290,00;Venda Pai Nao Existe no Banco
13265;8853;7987;1;450,00;Venda Pai Nao Existe no Banco
13266;8853;7821;1;290,00;Venda Pai Nao Existe no Banco
13267;8854;1534;1;160,00;Venda Pai Nao Existe no Banco
13268;8854;7821;1;290,00;Venda Pai Nao Existe no Banco
13269;8856;8326;1;90,00;Venda Pai Nao Existe no Banco
13270;8857;7953;1;220,00;Venda Pai Nao Existe no Banco
13271;8857;7821;1;250,00;Venda Pai Nao Existe no Banco
13272;8858;8102;1;420,00;Venda Pai Nao Existe no Banco
13273;8858;8552;1;120,00;Venda Pai Nao Existe no Banco
13274;8859;8707;1;1.100,00;Venda Pai Nao Existe no Banco
13275;8859;7821;1;290,00;Venda Pai Nao Existe no Banco
13276;8860;8341;1;450,00;Venda Pai Nao Existe no Banco
13277;8860;1554;1;280,00;Venda Pai Nao Existe no Banco
13278;8861;1542;1;0,00;Venda Pai Nao Existe no Banco
13279;8861;7821;1;145,00;Venda Pai Nao Existe no Banco
13280;8861;7987;1;245,00;Venda Pai Nao Existe no Banco
13281;8861;1362;1;0,00;Venda Pai Nao Existe no Banco
13282;8862;7953;1;250,00;Venda Pai Nao Existe no Banco
13283;8862;8552;1;190,00;Venda Pai Nao Existe no Banco
13284;8863;1326;1;90,00;Venda Pai Nao Existe no Banco
13286;8863;4063;1;-49,00;Venda Pai Nao Existe no Banco
13287;8864;1534;0,5;80,00;Venda Pai Nao Existe no Banco
13288;8865;8102;1;598,00;Venda Pai Nao Existe no Banco
13289;8865;7821;1;290,00;Venda Pai Nao Existe no Banco
13291;8867;1542;1;290,00;Venda Pai Nao Existe no Banco
13292;8868;7953;1;250,00;Venda Pai Nao Existe no Banco
13293;8868;7821;1;290,00;Venda Pai Nao Existe no Banco
13294;8870;1534;1;160,00;Venda Pai Nao Existe no Banco
13295;8870;7861;1;515,00;Venda Pai Nao Existe no Banco
13298;8871;8552;1;190,00;Venda Pai Nao Existe no Banco
13299;8872;8552;1;100,00;Venda Pai Nao Existe no Banco
13300;8873;1534;1;160,00;Venda Pai Nao Existe no Banco
13301;8873;8552;1;190,00;Venda Pai Nao Existe no Banco
13302;8871;7953;1;250,00;Venda Pai Nao Existe no Banco
13303;8874;1554;1;350,00;Venda Pai Nao Existe no Banco
13304;8874;8552;1;190,00;Venda Pai Nao Existe no Banco
13305;8875;1534;1;160,00;Venda Pai Nao Existe no Banco
13306;8875;7821;1;280,00;Venda Pai Nao Existe no Banco
13307;8876;1542;1;260,00;Venda Pai Nao Existe no Banco
13308;8877;1534;1;160,00;Venda Pai Nao Existe no Banco
13309;8878;1534;1;160,00;Venda Pai Nao Existe no Banco
13311;8878;8636;1;450,00;Venda Pai Nao Existe no Banco
13312;8880;1534;1;144,00;Venda Pai Nao Existe no Banco
13313;8880;8658;1;405,00;Venda Pai Nao Existe no Banco
13314;8882;1534;1;160,00;Venda Pai Nao Existe no Banco
13316;8883;7953;1;250,00;Venda Pai Nao Existe no Banco
13317;8883;6292;1;100,00;Venda Pai Nao Existe no Banco
13318;8882;7821;1;290,00;Venda Pai Nao Existe no Banco
13319;8884;1534;1;160,00;Venda Pai Nao Existe no Banco
13320;8884;8443;1;690,00;Venda Pai Nao Existe no Banco
13321;8885;1534;1;125,00;Venda Pai Nao Existe no Banco
13322;8885;7953;1;225,00;Venda Pai Nao Existe no Banco
13323;8886;1534;1;140,00;Venda Pai Nao Existe no Banco
13324;8886;7821;1;260,00;Venda Pai Nao Existe no Banco
13325;8887;8273;1;550,00;Venda Pai Nao Existe no Banco
13326;8887;8767;1;450,00;Venda Pai Nao Existe no Banco
13327;8888;8412;1;300,00;Venda Pai Nao Existe no Banco
13330;8889;8102;1;598,00;Venda Pai Nao Existe no Banco
13331;8890;1526;1;160,00;Venda Pai Nao Existe no Banco
13332;8892;1534;1;120,00;Venda Pai Nao Existe no Banco
13333;8892;7821;1;240,00;Venda Pai Nao Existe no Banco
13334;8893;8552;1;100,00;Venda Pai Nao Existe no Banco
13335;8894;1534;1;160,00;Venda Pai Nao Existe no Banco
13336;8895;7953;1;250,00;Venda Pai Nao Existe no Banco
13337;8895;7821;1;290,00;Venda Pai Nao Existe no Banco
13338;8896;5627;1;700,00;Venda Pai Nao Existe no Banco
13339;8897;2403;2;680,00;Venda Pai Nao Existe no Banco
13340;8899;8804;1;440,00;Venda Pai Nao Existe no Banco
13341;8901;1534;1;160,00;Venda Pai Nao Existe no Banco
13342;8901;8552;1;190,00;Venda Pai Nao Existe no Banco
13344;8903;8799;1;490,00;Venda Pai Nao Existe no Banco
13345;8904;7740;1;250,00;Venda Pai Nao Existe no Banco
13346;8904;1534;1;130,00;Venda Pai Nao Existe no Banco
13347;8905;7821;1;250,00;Venda Pai Nao Existe no Banco
13348;8906;6522;1;300,00;Venda Pai Nao Existe no Banco
13349;8909;7821;1;260,00;Venda Pai Nao Existe no Banco
13350;8911;7821;1;290,00;Venda Pai Nao Existe no Banco
13351;8911;1760;1;778,00;Venda Pai Nao Existe no Banco
13352;8912;3649;1;40,00;Venda Pai Nao Existe no Banco
13353;8914;7953;1;250,00;Venda Pai Nao Existe no Banco
13354;8916;7628;1;190,00;Venda Pai Nao Existe no Banco
13355;8917;1120;1;290,00;Venda Pai Nao Existe no Banco
13356;8918;1401;1;170,00;Venda Pai Nao Existe no Banco
13357;8920;1542;1;350,00;Venda Pai Nao Existe no Banco
13358;8921;7953;1;225,00;Venda Pai Nao Existe no Banco
13359;8921;1540;1;20,00;Venda Pai Nao Existe no Banco
13360;8922;1542;1;350,00;Venda Pai Nao Existe no Banco
13361;8923;1542;0,5;145,00;Venda Pai Nao Existe no Banco
13362;8924;1534;1;140,00;Venda Pai Nao Existe no Banco
13363;8925;8300;1;890,00;Venda Pai Nao Existe no Banco
13364;8928;7953;1;200,00;Venda Pai Nao Existe no Banco
13365;8928;7821;1;200,00;Venda Pai Nao Existe no Banco
13366;8924;8552;1;100,00;Venda Pai Nao Existe no Banco
13368;8930;8607;1;450,00;Venda Pai Nao Existe no Banco
13369;8930;8185;1;750,00;Venda Pai Nao Existe no Banco
13370;8931;7821;1;290,00;Venda Pai Nao Existe no Banco
13371;8932;1554;0,5;145,00;Venda Pai Nao Existe no Banco
13372;8934;1554;1;350,00;Venda Pai Nao Existe no Banco
13373;8934;7821;1;290,00;Venda Pai Nao Existe no Banco
13374;8935;8573;1;280,00;Venda Pai Nao Existe no Banco
13375;8938;8707;1;1.150,00;Venda Pai Nao Existe no Banco
13376;8938;7821;1;280,00;Venda Pai Nao Existe no Banco
13377;8939;1542;1;350,00;Venda Pai Nao Existe no Banco
13378;8939;7628;1;190,00;Venda Pai Nao Existe no Banco
13379;8940;4581;2;680,00;Venda Pai Nao Existe no Banco
13380;8941;1542;1;290,00;Venda Pai Nao Existe no Banco
13381;8942;8555;1;1.886,00;Venda Pai Nao Existe no Banco
13382;8942;7821;1;290,00;Venda Pai Nao Existe no Banco
13383;8942;8509;1;480,00;Venda Pai Nao Existe no Banco
13384;8942;7953;1;250,00;Venda Pai Nao Existe no Banco
13386;8944;1534;1;160,00;Venda Pai Nao Existe no Banco
13387;8944;7821;1;260,00;Venda Pai Nao Existe no Banco
13388;8945;8552;1;100,00;Venda Pai Nao Existe no Banco
13389;8945;7821;1;100,00;Venda Pai Nao Existe no Banco
13390;8946;7953;1;220,00;Venda Pai Nao Existe no Banco
13391;8946;8838;1;880,00;Venda Pai Nao Existe no Banco
13392;8947;1542;1;350,00;Venda Pai Nao Existe no Banco
13393;8948;8741;1;450,00;Venda Pai Nao Existe no Banco
13394;8948;1542;0,5;150,00;Venda Pai Nao Existe no Banco
13395;8948;1533;0,5;80,00;Venda Pai Nao Existe no Banco
13396;8949;7953;1;250,00;Venda Pai Nao Existe no Banco
13397;8950;1534;1;160,00;Venda Pai Nao Existe no Banco
13398;8951;2403;1;340,00;Venda Pai Nao Existe no Banco
13399;8952;1554;1;310,00;Venda Pai Nao Existe no Banco
13400;8952;8355;1;390,00;Venda Pai Nao Existe no Banco
13401;8953;7953;1;250,00;Venda Pai Nao Existe no Banco
13402;8955;1542;1;350,00;Venda Pai Nao Existe no Banco
13404;8955;8355;1;450,00;Venda Pai Nao Existe no Banco
13405;8956;1534;1;160,00;Venda Pai Nao Existe no Banco
13407;8956;8839;1;590,00;Venda Pai Nao Existe no Banco
13408;8957;1760;1;750,00;Venda Pai Nao Existe no Banco
13410;8957;8840;1;570,00;Venda Pai Nao Existe no Banco
13411;8958;8553;1;175,00;Venda Pai Nao Existe no Banco
13413;8959;8256;1;620,00;Venda Pai Nao Existe no Banco
13414;8960;7953;1;220,00;Venda Pai Nao Existe no Banco
13415;8960;7821;1;230,00;Venda Pai Nao Existe no Banco
13416;8961;8552;1;100,00;Venda Pai Nao Existe no Banco
13417;8961;1542;1;300,00;Venda Pai Nao Existe no Banco
13419;8959;8842;1;1.490,00;Venda Pai Nao Existe no Banco
13420;8962;2403;1;386,00;Venda Pai Nao Existe no Banco
13421;8963;8300;1;690,00;Venda Pai Nao Existe no Banco
13422;8963;7821;1;290,00;Venda Pai Nao Existe no Banco
13423;8964;8552;1;150,00;Venda Pai Nao Existe no Banco
13424;8965;1326;1;90,00;Venda Pai Nao Existe no Banco
13425;8966;1542;1;350,00;Venda Pai Nao Existe no Banco
13426;8967;7953;1;350,00;Venda Pai Nao Existe no Banco
13428;8967;8844;1;550,00;Venda Pai Nao Existe no Banco
13429;8968;1977;1;49,00;Venda Pai Nao Existe no Banco
13430;8970;1534;1;160,00;Venda Pai Nao Existe no Banco
13431;8970;8552;1;140,00;Venda Pai Nao Existe no Banco
13432;8971;1534;1;160,00;Venda Pai Nao Existe no Banco
13433;8971;1349;1;190,00;Venda Pai Nao Existe no Banco
13434;8972;1534;1;130,00;Venda Pai Nao Existe no Banco
13435;8972;8355;1;340,00;Venda Pai Nao Existe no Banco
13436;8973;1534;1;130,00;Venda Pai Nao Existe no Banco
13437;8974;1534;1;120,00;Venda Pai Nao Existe no Banco
13438;8975;6347;1;240,00;Venda Pai Nao Existe no Banco
13440;8976;8552;1;160,00;Venda Pai Nao Existe no Banco
13442;8975;8845;1;1.340,00;Venda Pai Nao Existe no Banco
13443;8978;7821;1;230,00;Venda Pai Nao Existe no Banco
13444;8979;1542;1;350,00;Venda Pai Nao Existe no Banco
13445;8980;5627;1;990,00;Venda Pai Nao Existe no Banco
13446;8980;7810;1;150,00;Venda Pai Nao Existe no Banco
13447;8981;7821;1;280,00;Venda Pai Nao Existe no Banco
13448;8981;1534;1;130,00;Venda Pai Nao Existe no Banco
13449;8982;1542;1;350,00;Venda Pai Nao Existe no Banco
13450;8982;7821;1;260,00;Venda Pai Nao Existe no Banco
13451;8984;7953;1;240,00;Venda Pai Nao Existe no Banco
13452;8984;8355;1;330,00;Venda Pai Nao Existe no Banco
13453;8986;1542;1;260,00;Venda Pai Nao Existe no Banco
13455;8987;1554;0,5;145,00;Venda Pai Nao Existe no Banco
13456;8989;8552;1;170,00;Venda Pai Nao Existe no Banco
13457;8990;1534;1;160,00;Venda Pai Nao Existe no Banco
13458;8990;8552;1;190,00;Venda Pai Nao Existe no Banco
13459;8991;7953;1;200,00;Venda Pai Nao Existe no Banco
13460;8991;8650;1;400,00;Venda Pai Nao Existe no Banco
13461;8992;7953;1;250,00;Venda Pai Nao Existe no Banco
13462;8993;7987;1;390,00;Venda Pai Nao Existe no Banco
13463;8993;7821;1;260,00;Venda Pai Nao Existe no Banco
13464;8994;7953;2;500,00;Venda Pai Nao Existe no Banco
13465;8994;8847;1;1.790,00;Venda Pai Nao Existe no Banco
13466;8994;8846;1;2.290,00;Venda Pai Nao Existe no Banco
13467;8995;8552;1;90,00;Venda Pai Nao Existe no Banco
13468;8996;1760;1;680,00;Venda Pai Nao Existe no Banco
13469;8997;1542;1;290,00;Venda Pai Nao Existe no Banco
13470;8997;7821;1;260,00;Venda Pai Nao Existe no Banco
13472;8998;8849;1;800,00;Venda Pai Nao Existe no Banco
13473;8999;7821;1;230,00;Venda Pai Nao Existe no Banco
13474;9000;8552;1;160,00;Venda Pai Nao Existe no Banco
13475;9001;1529;1;180,00;Venda Pai Nao Existe no Banco
13476;9003;7953;1;225,00;Venda Pai Nao Existe no Banco
13477;9004;1721;1;594,00;Venda Pai Nao Existe no Banco
13478;9005;5903;1;700,00;Venda Pai Nao Existe no Banco
13479;9006;7953;0,5;125,00;Venda Pai Nao Existe no Banco
13480;9006;8232;0,5;370,00;Venda Pai Nao Existe no Banco
13481;9010;1534;1;160,00;Venda Pai Nao Existe no Banco
13483;9010;8850;1;840,00;Venda Pai Nao Existe no Banco
13484;9011;1534;1;140,00;Venda Pai Nao Existe no Banco
13485;9013;1534;1;110,00;Venda Pai Nao Existe no Banco
13486;9013;6292;1;40,00;Venda Pai Nao Existe no Banco
13487;9014;1542;1;290,00;Venda Pai Nao Existe no Banco
13489;9014;8458;1;590,00;Venda Pai Nao Existe no Banco
13492;9015;8355;1;390,00;Venda Pai Nao Existe no Banco
13493;9016;1534;1;160,00;Venda Pai Nao Existe no Banco
13494;9018;1542;1;280,00;Venda Pai Nao Existe no Banco
13495;9018;7821;1;260,00;Venda Pai Nao Existe no Banco
13496;9019;1542;1;190,00;Venda Pai Nao Existe no Banco
13497;9015;8852;1;1.050,00;Venda Pai Nao Existe no Banco
13498;9020;7953;1;250,00;Venda Pai Nao Existe no Banco
13500;9020;8853;1;690,00;Venda Pai Nao Existe no Banco
13501;9021;1534;1;100,00;Venda Pai Nao Existe no Banco
13502;9022;1542;1;350,00;Venda Pai Nao Existe no Banco
13503;9022;7821;1;300,00;Venda Pai Nao Existe no Banco
13504;9023;7821;1;220,00;Venda Pai Nao Existe no Banco
13505;9024;1542;1;290,00;Venda Pai Nao Existe no Banco
13506;9024;8552;1;160,00;Venda Pai Nao Existe no Banco
13507;9026;1542;1;350,00;Venda Pai Nao Existe no Banco
13508;9026;1401;1;99,00;Venda Pai Nao Existe no Banco
13509;9027;1401;1;90,00;Venda Pai Nao Existe no Banco
13511;9029;8552;1;151,00;Venda Pai Nao Existe no Banco
13512;9030;7953;1;200,00;Venda Pai Nao Existe no Banco
13514;9029;1326;1;49,00;Venda Pai Nao Existe no Banco
13515;9030;8854;1;690,00;Venda Pai Nao Existe no Banco
13516;9031;7953;1;250,00;Venda Pai Nao Existe no Banco
13517;9032;1534;1;160,00;Venda Pai Nao Existe no Banco
13518;9032;6292;1;100,00;Venda Pai Nao Existe no Banco
13519;9034;7821;1;350,00;Venda Pai Nao Existe no Banco
13520;9035;1542;1;290,00;Venda Pai Nao Existe no Banco
13521;9036;1534;1;160,00;Venda Pai Nao Existe no Banco
13522;9036;7821;1;260,00;Venda Pai Nao Existe no Banco
13523;9038;7972;1;140,00;Venda Pai Nao Existe no Banco
13524;9039;7821;1;260,00;Venda Pai Nao Existe no Banco
13525;9040;7810;1;140,00;Venda Pai Nao Existe no Banco
13526;9042;1534;1;140,00;Venda Pai Nao Existe no Banco
13527;9043;1534;2;320,00;Venda Pai Nao Existe no Banco
13528;9043;6292;1;90,00;Venda Pai Nao Existe no Banco
13529;9043;1326;1;90,00;Venda Pai Nao Existe no Banco
13530;8357;1554;1;100,00;Venda Pai Nao Existe no Banco
13531;8357;1410;1;100,00;Venda Pai Nao Existe no Banco
13532;9045;1326;1;100,00;Venda Pai Nao Existe no Banco
13533;9046;1542;1;290,00;Venda Pai Nao Existe no Banco
13534;9047;8855;1;980,00;Venda Pai Nao Existe no Banco
13535;9047;1994;1;1.144,00;Venda Pai Nao Existe no Banco
13536;9048;7821;1;260,00;Venda Pai Nao Existe no Banco
13537;9048;7953;1;240,00;Venda Pai Nao Existe no Banco
13538;9049;1542;1;290,00;Venda Pai Nao Existe no Banco
13539;9049;7821;1;260,00;Venda Pai Nao Existe no Banco
13540;9050;7953;1;250,00;Venda Pai Nao Existe no Banco
13542;9051;1760;1;360,00;Venda Pai Nao Existe no Banco
13543;9051;8355;1;300,00;Venda Pai Nao Existe no Banco
13544;9050;8856;1;570,00;Venda Pai Nao Existe no Banco
13545;9052;7821;1;200,00;Venda Pai Nao Existe no Banco
13546;9053;8552;1;170,00;Venda Pai Nao Existe no Banco
13547;9054;7628;1;190,00;Venda Pai Nao Existe no Banco
13548;9056;8310;1;520,00;Venda Pai Nao Existe no Banco
13549;9056;8552;1;160,00;Venda Pai Nao Existe no Banco
13550;9058;2403;1;280,00;Venda Pai Nao Existe no Banco
13551;9059;1534;1;160,00;Venda Pai Nao Existe no Banco
13552;9060;1534;1;160,00;Venda Pai Nao Existe no Banco
13553;9060;6292;1;100,00;Venda Pai Nao Existe no Banco
13554;9061;1552;1;290,00;Venda Pai Nao Existe no Banco
13555;9061;8552;1;100,00;Venda Pai Nao Existe no Banco
13556;9062;8273;1;750,00;Venda Pai Nao Existe no Banco
13557;9062;7821;1;290,00;Venda Pai Nao Existe no Banco
13560;9063;1534;1;160,00;Venda Pai Nao Existe no Banco
13562;9063;8479;1;390,00;Venda Pai Nao Existe no Banco
13563;9064;1760;1;430,00;Venda Pai Nao Existe no Banco
13564;9066;7953;1;230,00;Venda Pai Nao Existe no Banco
13565;9066;7821;1;250,00;Venda Pai Nao Existe no Banco
13566;9067;8733;1;570,00;Venda Pai Nao Existe no Banco
13567;9068;5627;1;690,00;Venda Pai Nao Existe no Banco
13568;9068;1542;1;-290,00;Venda Pai Nao Existe no Banco
13569;9070;8102;1;598,00;Venda Pai Nao Existe no Banco
13570;9072;1534;1;160,00;Venda Pai Nao Existe no Banco
13571;9072;8552;1;190,00;Venda Pai Nao Existe no Banco
13572;9073;1534;1;160,00;Venda Pai Nao Existe no Banco
13573;9074;8046;1;450,00;Venda Pai Nao Existe no Banco
13575;9076;5627;1;640,00;Venda Pai Nao Existe no Banco
13576;9077;7740;1;250,00;Venda Pai Nao Existe no Banco
13577;9077;1542;1;300,00;Venda Pai Nao Existe no Banco
13579;9079;8859;1;930,00;Venda Pai Nao Existe no Banco
13580;9080;7953;1;200,00;Venda Pai Nao Existe no Banco
13581;9080;8321;1;1.600,00;Venda Pai Nao Existe no Banco
13582;9079;5451;1;50,00;Venda Pai Nao Existe no Banco
13583;9081;1542;1;300,00;Venda Pai Nao Existe no Banco
13584;9081;7821;1;250,00;Venda Pai Nao Existe no Banco
13585;9082;7953;1;230,00;Venda Pai Nao Existe no Banco
13586;9082;7821;1;250,00;Venda Pai Nao Existe no Banco
13587;9083;1542;1;261,00;Venda Pai Nao Existe no Banco
13589;9085;1037;1;49,00;Venda Pai Nao Existe no Banco
13590;9086;1721;1;750,00;Venda Pai Nao Existe no Banco
13591;9086;7628;1;220,00;Venda Pai Nao Existe no Banco
13592;9083;8860;1;855,00;Venda Pai Nao Existe no Banco
13593;9087;1542;1;130,00;Venda Pai Nao Existe no Banco
13594;9088;8273;1;850,00;Venda Pai Nao Existe no Banco
13595;9089;1534;1;165,00;Venda Pai Nao Existe no Banco
13596;9090;7987;1;530,00;Venda Pai Nao Existe no Banco
13597;9090;7953;1;250,00;Venda Pai Nao Existe no Banco
13599;9091;8631;1;400,00;Venda Pai Nao Existe no Banco
13602;9092;8861;1;890,00;Venda Pai Nao Existe no Banco
13604;9092;8862;1;1.470,00;Venda Pai Nao Existe no Banco
13605;9093;1554;1;300,00;Venda Pai Nao Existe no Banco
13607;9095;1534;1;160,00;Venda Pai Nao Existe no Banco
13608;9096;1534;1;160,00;Venda Pai Nao Existe no Banco
13609;9096;8552;1;130,00;Venda Pai Nao Existe no Banco
13610;9097;7441;1;490,00;Venda Pai Nao Existe no Banco
13612;9098;8706;1;2.948,00;Venda Pai Nao Existe no Banco
13613;9100;8552;1;100,00;Venda Pai Nao Existe no Banco
13614;9100;1534;1;150,00;Venda Pai Nao Existe no Banco
13615;9101;1721;1;330,00;Venda Pai Nao Existe no Banco
13617;9101;8863;1;50,00;Venda Pai Nao Existe no Banco
13619;9103;1349;1;100,00;Venda Pai Nao Existe no Banco
13620;9103;1534;1;160,00;Venda Pai Nao Existe no Banco
13621;9104;7953;1;250,00;Venda Pai Nao Existe no Banco
13623;9104;8864;1;590,00;Venda Pai Nao Existe no Banco
13624;9105;7442;1;450,00;Venda Pai Nao Existe no Banco
13625;9106;7953;1;250,00;Venda Pai Nao Existe no Banco
13626;9106;8355;1;390,00;Venda Pai Nao Existe no Banco
13629;9108;1534;1;190,00;Venda Pai Nao Existe no Banco
13630;9108;8552;1;100,00;Venda Pai Nao Existe no Banco
13631;9109;1769;1;1.021,00;Venda Pai Nao Existe no Banco
13632;9109;8355;1;379,00;Venda Pai Nao Existe no Banco
13633;9111;1534;2;280,00;Venda Pai Nao Existe no Banco
13634;9111;8552;1;170,00;Venda Pai Nao Existe no Banco
13635;9111;6292;1;100,00;Venda Pai Nao Existe no Banco
13636;9112;5627;1;650,00;Venda Pai Nao Existe no Banco
13637;9112;8355;1;390,00;Venda Pai Nao Existe no Banco
13638;9113;7953;1;250,00;Venda Pai Nao Existe no Banco
13639;9113;8355;1;390,00;Venda Pai Nao Existe no Banco
13640;9114;7821;1;240,00;Venda Pai Nao Existe no Banco
13641;9114;7953;1;250,00;Venda Pai Nao Existe no Banco
13642;9115;8833;1;570,00;Venda Pai Nao Existe no Banco
13643;9116;1752;1;480,00;Venda Pai Nao Existe no Banco
13644;9117;1401;1;230,00;Venda Pai Nao Existe no Banco
13645;9118;7385;2;20,00;Venda Pai Nao Existe no Banco
13646;9119;1542;1;350,00;Venda Pai Nao Existe no Banco
13647;9090;8865;1;690,00;Venda Pai Nao Existe no Banco
13651;9120;377;1;500,00;Venda Pai Nao Existe no Banco
13652;9120;1534;1;400,00;Venda Pai Nao Existe no Banco
13653;9121;7953;1;250,00;Venda Pai Nao Existe no Banco
13654;9122;2287;1;20,00;Venda Pai Nao Existe no Banco
13655;9123;1534;1;160,00;Venda Pai Nao Existe no Banco
13656;9123;6595;1;280,00;Venda Pai Nao Existe no Banco
13657;9124;7953;1;250,00;Venda Pai Nao Existe no Banco
13658;9125;7821;1;220,00;Venda Pai Nao Existe no Banco
13659;9127;8573;1;280,00;Venda Pai Nao Existe no Banco
13660;9128;1534;1;136,00;Venda Pai Nao Existe no Banco
13661;9128;3448;1;260,00;Venda Pai Nao Existe no Banco
13662;9129;1534;0,5;80,00;Venda Pai Nao Existe no Banco
13663;9130;1534;1;140,00;Venda Pai Nao Existe no Banco
13664;9131;7953;1;250,00;Venda Pai Nao Existe no Banco
13665;9131;8355;1;390,00;Venda Pai Nao Existe no Banco
13666;9132;8679;1;1.200,00;Venda Pai Nao Existe no Banco
13667;9132;7999;1;550,00;Venda Pai Nao Existe no Banco
13669;9133;1540;1;45,00;Venda Pai Nao Existe no Banco
13670;9134;1534;1;160,00;Venda Pai Nao Existe no Banco
13671;9134;6292;1;100,00;Venda Pai Nao Existe no Banco
13672;9135;1542;1;350,00;Venda Pai Nao Existe no Banco
13673;9136;1542;1;350,00;Venda Pai Nao Existe no Banco
13674;9136;8355;1;390,00;Venda Pai Nao Existe no Banco
13675;9137;1540;1;20,00;Venda Pai Nao Existe no Banco
13676;9138;1534;1;160,00;Venda Pai Nao Existe no Banco
13677;9139;8707;1;1.100,00;Venda Pai Nao Existe no Banco
13679;9139;8543;1;290,00;Venda Pai Nao Existe no Banco
13680;9139;1542;1;260,00;Venda Pai Nao Existe no Banco
13681;9140;7953;1;250,00;Venda Pai Nao Existe no Banco
13682;9140;7821;1;280,00;Venda Pai Nao Existe no Banco
13683;9141;8573;1;260,00;Venda Pai Nao Existe no Banco
13684;9142;1283;1;790,00;Venda Pai Nao Existe no Banco
13685;9142;8841;1;790,00;Venda Pai Nao Existe no Banco
13686;9143;8867;1;790,00;Venda Pai Nao Existe no Banco
13687;9146;1534;1;150,00;Venda Pai Nao Existe no Banco
13688;9146;8552;1;140,00;Venda Pai Nao Existe no Banco
13689;9147;8573;1;145,00;Venda Pai Nao Existe no Banco
13690;9148;1401;1;90,00;Venda Pai Nao Existe no Banco
13692;9149;7821;1;240,00;Venda Pai Nao Existe no Banco
13693;9149;7953;1;230,00;Venda Pai Nao Existe no Banco
13694;9150;7953;1;250,00;Venda Pai Nao Existe no Banco
13695;9150;1401;2;180,00;Venda Pai Nao Existe no Banco
13696;9150;7810;1;150,00;Venda Pai Nao Existe no Banco
13697;9152;8552;1;100,00;Venda Pai Nao Existe no Banco
13698;9154;8102;1;598,00;Venda Pai Nao Existe no Banco
13699;9154;8552;1;160,00;Venda Pai Nao Existe no Banco
13701;9155;8868;1;1.726,00;Venda Pai Nao Existe no Banco
13703;9155;8869;1;390,00;Venda Pai Nao Existe no Banco
13704;9157;1542;0,5;175,00;Venda Pai Nao Existe no Banco
13705;9157;1533;0,5;85,00;Venda Pai Nao Existe no Banco
13706;9158;6292;1;90,00;Venda Pai Nao Existe no Banco
13707;9159;6292;1;100,00;Venda Pai Nao Existe no Banco
13708;9160;7953;1;250,00;Venda Pai Nao Existe no Banco
13710;9160;8870;1;980,00;Venda Pai Nao Existe no Banco
13711;9161;5627;1;1.200,00;Venda Pai Nao Existe no Banco
13712;9162;1401;1;90,00;Venda Pai Nao Existe no Banco
13713;9163;1534;1;160,00;Venda Pai Nao Existe no Banco
13714;9163;1401;1;90,00;Venda Pai Nao Existe no Banco
13715;9164;1542;1;260,00;Venda Pai Nao Existe no Banco
13716;9165;1542;1;350,00;Venda Pai Nao Existe no Banco
13717;9165;6292;1;100,00;Venda Pai Nao Existe no Banco
13720;9167;1534;0,5;70,00;Venda Pai Nao Existe no Banco
13721;9168;1542;1;350,00;Venda Pai Nao Existe no Banco
13722;9168;1349;1;190,00;Venda Pai Nao Existe no Banco
13723;9169;6292;1;100,00;Venda Pai Nao Existe no Banco
13724;9170;2403;2;760,00;Venda Pai Nao Existe no Banco
13725;9171;1534;1;250,00;Venda Pai Nao Existe no Banco
13726;9171;8029;1;350,00;Venda Pai Nao Existe no Banco
13727;9173;1542;1;280,00;Venda Pai Nao Existe no Banco
13728;9175;7953;1;250,00;Venda Pai Nao Existe no Banco
13729;9175;7821;1;260,00;Venda Pai Nao Existe no Banco
13731;9176;8871;1;660,00;Venda Pai Nao Existe no Banco
13732;9176;1542;1;290,00;Venda Pai Nao Existe no Banco
13733;9177;4229;1;150,00;Venda Pai Nao Existe no Banco
13734;9178;1534;1;160,00;Venda Pai Nao Existe no Banco
13735;9179;1534;1;160,00;Venda Pai Nao Existe no Banco
13736;9180;1721;1;590,00;Venda Pai Nao Existe no Banco
13738;9180;8872;1;990,00;Venda Pai Nao Existe no Banco
13739;9181;7953;1;250,00;Venda Pai Nao Existe no Banco
13740;9182;1760;1;450,00;Venda Pai Nao Existe no Banco
13741;9182;7628;1;250,00;Venda Pai Nao Existe no Banco
13742;9183;7953;1;250,00;Venda Pai Nao Existe no Banco
13744;9183;1534;1;160,00;Venda Pai Nao Existe no Banco
13745;9184;7953;1;250,00;Venda Pai Nao Existe no Banco
13746;9185;8668;1;25,00;Venda Pai Nao Existe no Banco
13747;9186;7953;1;250,00;Venda Pai Nao Existe no Banco
13748;9186;8552;1;100,00;Venda Pai Nao Existe no Banco
13749;9187;1542;1;350,00;Venda Pai Nao Existe no Banco
13750;9187;8339;1;650,00;Venda Pai Nao Existe no Banco
13751;9188;2287;1;10,00;Venda Pai Nao Existe no Banco
13752;9189;1534;1;220,00;Venda Pai Nao Existe no Banco
13753;9190;1552;1;170,00;Venda Pai Nao Existe no Banco
13754;9191;4412;1;150,00;Venda Pai Nao Existe no Banco
13755;9192;8102;1;300,00;Venda Pai Nao Existe no Banco
13756;9193;1721;1;600,00;Venda Pai Nao Existe no Banco
13757;9194;7821;1;280,00;Venda Pai Nao Existe no Banco
13758;9195;7628;1;160,00;Venda Pai Nao Existe no Banco
13759;9132;5451;1;250,00;Venda Pai Nao Existe no Banco
13760;9196;7953;1;250,00;Venda Pai Nao Existe no Banco
13761;9196;8552;1;100,00;Venda Pai Nao Existe no Banco
13762;9198;7810;1;160,00;Venda Pai Nao Existe no Banco
13763;9200;1349;1;100,00;Venda Pai Nao Existe no Banco
13766;9201;7953;1;390,00;Venda Pai Nao Existe no Banco
13767;9202;8707;1;1.360,00;Venda Pai Nao Existe no Banco
13768;9203;7953;1;250,00;Venda Pai Nao Existe no Banco
13769;9203;8355;1;390,00;Venda Pai Nao Existe no Banco
13770;9094;1542;1;200,00;Venda Pai Nao Existe no Banco
13771;9204;1534;1;160,00;Venda Pai Nao Existe no Banco
13772;9206;7953;1;250,00;Venda Pai Nao Existe no Banco
13773;9206;8355;1;390,00;Venda Pai Nao Existe no Banco
13774;9207;1534;1;144,00;Venda Pai Nao Existe no Banco
13775;9207;8552;1;153,00;Venda Pai Nao Existe no Banco
13776;9208;1760;1;690,00;Venda Pai Nao Existe no Banco
13778;9209;7821;1;280,00;Venda Pai Nao Existe no Banco
13779;9209;8593;1;1.050,00;Venda Pai Nao Existe no Banco
13780;9210;1542;1;250,00;Venda Pai Nao Existe no Banco
13781;9210;8552;1;100,00;Venda Pai Nao Existe no Banco
13782;9211;8552;1;150,00;Venda Pai Nao Existe no Banco
13783;9212;1542;1;410,00;Venda Pai Nao Existe no Banco
13784;9212;8193;1;190,00;Venda Pai Nao Existe no Banco
13786;9213;7204;1;250,00;Venda Pai Nao Existe no Banco
13787;9214;7953;1;250,00;Venda Pai Nao Existe no Banco
13788;9214;7821;1;220,00;Venda Pai Nao Existe no Banco
13789;9215;1534;1;160,00;Venda Pai Nao Existe no Banco
13790;9215;8552;1;100,00;Venda Pai Nao Existe no Banco
13792;9216;3022;1;1.698,00;Venda Pai Nao Existe no Banco
13793;9216;8856;1;690,00;Venda Pai Nao Existe no Banco
13794;9216;7628;1;100,00;Venda Pai Nao Existe no Banco
13795;9217;8552;1;100,00;Venda Pai Nao Existe no Banco
13796;9218;8273;1;650,00;Venda Pai Nao Existe no Banco
13797;9220;1531;1;160,00;Venda Pai Nao Existe no Banco
13798;9221;8707;1;1.050,00;Venda Pai Nao Existe no Banco
13799;9222;8552;1;190,00;Venda Pai Nao Existe no Banco
13800;9224;7821;1;190,00;Venda Pai Nao Existe no Banco
13801;9226;7953;1;250,00;Venda Pai Nao Existe no Banco
13802;9227;7953;1;250,00;Venda Pai Nao Existe no Banco
13803;9228;7628;1;170,00;Venda Pai Nao Existe no Banco
13804;9229;8679;1;1.570,00;Venda Pai Nao Existe no Banco
13805;9230;2403;1;380,00;Venda Pai Nao Existe no Banco
13807;9201;8743;1;450,00;Venda Pai Nao Existe no Banco
13808;9232;1534;1;160,00;Venda Pai Nao Existe no Banco
13809;9233;1534;1;0,00;Venda Pai Nao Existe no Banco
13810;9233;7821;1;265,00;Venda Pai Nao Existe no Banco
13811;9234;1542;1;350,00;Venda Pai Nao Existe no Banco
13812;9234;7821;1;270,00;Venda Pai Nao Existe no Banco
13813;9235;7953;1;250,00;Venda Pai Nao Existe no Banco
13814;9236;8884;1;750,00;Venda Pai Nao Existe no Banco
13816;9237;1542;1;350,00;Venda Pai Nao Existe no Banco
13817;9238;8868;1;1.780,00;Venda Pai Nao Existe no Banco
13819;9238;8891;1;990,00;Venda Pai Nao Existe no Banco
13820;9239;1534;1;160,00;Venda Pai Nao Existe no Banco
13822;9236;7953;1;250,00;Venda Pai Nao Existe no Banco
13823;9240;8678;1;1.800,00;Venda Pai Nao Existe no Banco
13824;9240;8552;1;190,00;Venda Pai Nao Existe no Banco
13826;9241;8892;1;890,00;Venda Pai Nao Existe no Banco
13827;9242;7953;1;200,00;Venda Pai Nao Existe no Banco
13828;9243;1542;1;300,00;Venda Pai Nao Existe no Banco
13829;9244;1542;1;260,00;Venda Pai Nao Existe no Banco
13831;9243;8893;1;400,00;Venda Pai Nao Existe no Banco
13832;9245;1528;3;330,00;Venda Pai Nao Existe no Banco
13833;9246;2287;1;60,00;Venda Pai Nao Existe no Banco
13834;9247;8587;1;690,00;Venda Pai Nao Existe no Banco
13835;9248;1326;1;90,00;Venda Pai Nao Existe no Banco
13836;9249;1760;1;550,00;Venda Pai Nao Existe no Banco
13839;9250;3259;1;1.200,00;Venda Pai Nao Existe no Banco
13840;9251;4497;1;100,00;Venda Pai Nao Existe no Banco
13841;9252;8605;1;390,00;Venda Pai Nao Existe no Banco
13842;9253;1534;1;160,00;Venda Pai Nao Existe no Banco
13843;9253;8584;1;690,00;Venda Pai Nao Existe no Banco
13844;9254;1542;1;350,00;Venda Pai Nao Existe no Banco
13845;9254;7821;1;280,00;Venda Pai Nao Existe no Banco
13846;9255;8668;1;25,00;Venda Pai Nao Existe no Banco
13848;9256;6604;1;420,00;Venda Pai Nao Existe no Banco
13849;9256;1534;1;160,00;Venda Pai Nao Existe no Banco
13850;9257;7953;1;250,00;Venda Pai Nao Existe no Banco
13851;9257;8552;1;100,00;Venda Pai Nao Existe no Banco
13852;9258;7628;1;200,00;Venda Pai Nao Existe no Banco
13853;9259;1534;1;250,00;Venda Pai Nao Existe no Banco
13854;9259;7628;1;200,00;Venda Pai Nao Existe no Banco
13855;9260;7953;1;250,00;Venda Pai Nao Existe no Banco
13856;9261;7953;1;280,00;Venda Pai Nao Existe no Banco
13857;9261;8552;1;100,00;Venda Pai Nao Existe no Banco
13859;9262;1542;1;290,00;Venda Pai Nao Existe no Banco
13860;9263;1552;1;350,00;Venda Pai Nao Existe no Banco
13861;9264;1542;0,5;150,00;Venda Pai Nao Existe no Banco
13862;9265;1534;1;160,00;Venda Pai Nao Existe no Banco
13863;9266;8552;1;100,00;Venda Pai Nao Existe no Banco
13864;9267;1542;1;290,00;Venda Pai Nao Existe no Banco
13865;9268;1542;1;315,00;Venda Pai Nao Existe no Banco
13866;9268;7821;1;225,00;Venda Pai Nao Existe no Banco
13867;9269;1542;1;250,00;Venda Pai Nao Existe no Banco
13868;9270;1542;1;350,00;Venda Pai Nao Existe no Banco
13869;9270;1542;1;350,00;Venda Pai Nao Existe no Banco
13870;9270;5521;1;390,00;Venda Pai Nao Existe no Banco
13871;9270;7821;1;290,00;Venda Pai Nao Existe no Banco
13872;9272;7810;1;150,00;Venda Pai Nao Existe no Banco
13873;9273;8552;1;140,00;Venda Pai Nao Existe no Banco
13874;9274;8355;1;390,00;Venda Pai Nao Existe no Banco
13875;9250;7821;1;320,00;Venda Pai Nao Existe no Banco
13876;9275;1534;1;144,00;Venda Pai Nao Existe no Banco
13877;9275;8885;1;675,00;Venda Pai Nao Existe no Banco
13878;9276;8308;1;25,00;Venda Pai Nao Existe no Banco
13879;9277;7899;1;390,00;Venda Pai Nao Existe no Banco
13880;9277;1542;1;350,00;Venda Pai Nao Existe no Banco
13881;9278;8707;1;1.050,00;Venda Pai Nao Existe no Banco
13882;9279;1760;1;650,00;Venda Pai Nao Existe no Banco
13883;9279;8355;1;350,00;Venda Pai Nao Existe no Banco
13884;9280;1542;1;290,00;Venda Pai Nao Existe no Banco
13887;9280;8707;1;1.050,00;Venda Pai Nao Existe no Banco
13888;9281;1529;1;160,00;Venda Pai Nao Existe no Banco
13889;9281;5133;1;160,00;Venda Pai Nao Existe no Banco
13890;9282;7953;1;220,00;Venda Pai Nao Existe no Banco
13891;9282;7821;1;230,00;Venda Pai Nao Existe no Banco
13892;9282;7821;1;270,00;Venda Pai Nao Existe no Banco
13893;9282;8707;1;1.050,00;Venda Pai Nao Existe no Banco
13894;9282;8552;1;180,00;Venda Pai Nao Existe no Banco
13895;9282;8273;1;650,00;Venda Pai Nao Existe no Banco
13896;9283;2403;1;190,00;Venda Pai Nao Existe no Banco
13897;9283;7821;1;230,00;Venda Pai Nao Existe no Banco
13898;9284;7953;1;250,00;Venda Pai Nao Existe no Banco
13899;9284;8552;1;190,00;Venda Pai Nao Existe no Banco
13900;9285;979;1;380,00;Venda Pai Nao Existe no Banco
13901;9286;8707;1;1.050,00;Venda Pai Nao Existe no Banco
13902;9286;8552;1;190,00;Venda Pai Nao Existe no Banco
13903;9287;1534;1;140,00;Venda Pai Nao Existe no Banco
13904;9288;1534;1;160,00;Venda Pai Nao Existe no Banco
13905;9288;8552;1;120,00;Venda Pai Nao Existe no Banco
13906;9289;1542;1;350,00;Venda Pai Nao Existe no Banco
13907;9289;8355;1;350,00;Venda Pai Nao Existe no Banco
13908;9290;8707;1;1.100,00;Venda Pai Nao Existe no Banco
13910;9290;8897;1;980,00;Venda Pai Nao Existe no Banco
13911;9291;1534;0,5;60,00;Venda Pai Nao Existe no Banco
13912;9292;8552;1;190,00;Venda Pai Nao Existe no Banco
13913;9293;8185;1;610,00;Venda Pai Nao Existe no Banco
13914;9293;7821;1;260,00;Venda Pai Nao Existe no Banco
13915;9294;1542;1;450,00;Venda Pai Nao Existe no Banco
13916;9294;8355;1;390,00;Venda Pai Nao Existe no Banco
13917;9295;7953;1;250,00;Venda Pai Nao Existe no Banco
13918;9296;1760;1;675,00;Venda Pai Nao Existe no Banco
13919;9297;8552;1;170,00;Venda Pai Nao Existe no Banco
13920;9298;6184;1;50,00;Venda Pai Nao Existe no Banco
13921;9299;8552;1;160,00;Venda Pai Nao Existe no Banco
13922;9300;7953;1;250,00;Venda Pai Nao Existe no Banco
13923;9300;7821;1;280,00;Venda Pai Nao Existe no Banco
13924;9301;1542;1;290,00;Venda Pai Nao Existe no Banco
13925;9304;1534;1;160,00;Venda Pai Nao Existe no Banco
13926;9306;1554;1;340,00;Venda Pai Nao Existe no Banco
13927;9306;8355;1;340,00;Venda Pai Nao Existe no Banco
13928;9308;1554;1;350,00;Venda Pai Nao Existe no Banco
13929;9308;7821;1;280,00;Venda Pai Nao Existe no Banco
13930;9309;1534;1;160,00;Venda Pai Nao Existe no Banco
13931;9309;5787;1;475,00;Venda Pai Nao Existe no Banco
13932;9309;1534;1;160,00;Venda Pai Nao Existe no Banco
13933;9309;7987;1;450,00;Venda Pai Nao Existe no Banco
13934;9310;8696;1;800,00;Venda Pai Nao Existe no Banco
13935;9311;4581;1;190,00;Venda Pai Nao Existe no Banco
13936;9309;1534;1;160,00;Venda Pai Nao Existe no Banco
13938;9309;8898;1;717,00;Venda Pai Nao Existe no Banco
13940;9312;8185;1;720,00;Venda Pai Nao Existe no Banco
13941;9312;8355;1;340,00;Venda Pai Nao Existe no Banco
13942;9312;1534;1;140,00;Venda Pai Nao Existe no Banco
13943;9313;8552;1;120,00;Venda Pai Nao Existe no Banco
13944;9314;1534;1;160,00;Venda Pai Nao Existe no Banco
13945;9314;1534;1;160,00;Venda Pai Nao Existe no Banco
13946;9314;8552;1;190,00;Venda Pai Nao Existe no Banco
13947;9315;8552;1;120,00;Venda Pai Nao Existe no Banco
13948;9316;1534;1;160,00;Venda Pai Nao Existe no Banco
13949;9317;1534;1;140,00;Venda Pai Nao Existe no Banco
13950;9317;7821;1;240,00;Venda Pai Nao Existe no Banco
13951;9318;7821;1;190,00;Venda Pai Nao Existe no Banco
13952;9319;8102;0,5;300,00;Venda Pai Nao Existe no Banco
13953;9319;1534;0,5;80,00;Venda Pai Nao Existe no Banco
13954;9319;8355;1;450,00;Venda Pai Nao Existe no Banco
13955;9320;7628;1;210,00;Venda Pai Nao Existe no Banco
13957;9321;8899;1;998,00;Venda Pai Nao Existe no Banco
13958;9322;1542;1;290,00;Venda Pai Nao Existe no Banco
13959;9322;7821;1;210,00;Venda Pai Nao Existe no Banco
13960;9324;1534;1;160,00;Venda Pai Nao Existe no Banco
13961;9326;8552;1;100,00;Venda Pai Nao Existe no Banco
13962;9327;1534;1;160,00;Venda Pai Nao Existe no Banco
13963;9328;1534;1;160,00;Venda Pai Nao Existe no Banco
13964;9328;1534;1;160,00;Venda Pai Nao Existe no Banco
13965;9328;8552;1;100,00;Venda Pai Nao Existe no Banco
13966;9328;7628;1;280,00;Venda Pai Nao Existe no Banco
13967;9329;1542;1;350,00;Venda Pai Nao Existe no Banco
13968;9329;7821;1;280,00;Venda Pai Nao Existe no Banco
13970;9330;8573;1;250,00;Venda Pai Nao Existe no Banco
13971;9331;1534;1;160,00;Venda Pai Nao Existe no Banco
13972;9331;6292;1;100,00;Venda Pai Nao Existe no Banco
13973;9332;1542;1;290,00;Venda Pai Nao Existe no Banco
13974;9332;6292;1;100,00;Venda Pai Nao Existe no Banco
13976;9333;8813;1;1.190,00;Venda Pai Nao Existe no Banco
13977;9333;8908;1;1.469,00;Venda Pai Nao Existe no Banco
13978;9334;1534;1;160,00;Venda Pai Nao Existe no Banco
13979;9334;1542;1;350,00;Venda Pai Nao Existe no Banco
13981;9321;8909;1;730,00;Venda Pai Nao Existe no Banco
13982;9335;1534;1;160,00;Venda Pai Nao Existe no Banco
13983;9336;1534;2;580,00;Venda Pai Nao Existe no Banco
13984;9333;0;1;1,00;Venda Pai Nao Existe no Banco
13985;9337;7405;1;260,00;Venda Pai Nao Existe no Banco
13986;9338;1542;1;350,00;Venda Pai Nao Existe no Banco
13987;9338;7821;1;280,00;Venda Pai Nao Existe no Banco
13989;9339;7821;1;290,00;Venda Pai Nao Existe no Banco
13990;9339;1760;1;690,00;Venda Pai Nao Existe no Banco
13991;9340;1534;1;140,00;Venda Pai Nao Existe no Banco
13992;9340;8552;1;160,00;Venda Pai Nao Existe no Banco
13994;9341;8712;1;3.976,00;Venda Pai Nao Existe no Banco
13996;9341;8812;1;1.090,00;Venda Pai Nao Existe no Banco
13997;9342;7953;1;250,00;Venda Pai Nao Existe no Banco
13998;9343;7821;1;230,00;Venda Pai Nao Existe no Banco
13999;9344;1534;1;160,00;Venda Pai Nao Existe no Banco
14000;9345;1542;1;290,00;Venda Pai Nao Existe no Banco
14001;9345;8552;1;100,00;Venda Pai Nao Existe no Banco
14002;9348;1760;1;590,00;Venda Pai Nao Existe no Banco
14003;9349;7953;1;250,00;Venda Pai Nao Existe no Banco
14005;9349;8911;1;690,00;Venda Pai Nao Existe no Banco
14006;9350;7953;1;250,00;Venda Pai Nao Existe no Banco
14007;9350;7821;1;260,00;Venda Pai Nao Existe no Banco
14008;9351;8552;1;90,00;Venda Pai Nao Existe no Banco
14009;9353;6178;1;675,00;Venda Pai Nao Existe no Banco
14010;9355;1534;1;110,00;Venda Pai Nao Existe no Banco
14011;9356;1542;1;350,00;Venda Pai Nao Existe no Banco
14012;9356;7821;1;290,00;Venda Pai Nao Existe no Banco
14013;9357;1542;1;350,00;Venda Pai Nao Existe no Banco
14014;9357;8552;1;190,00;Venda Pai Nao Existe no Banco
14015;9357;8552;1;190,00;Venda Pai Nao Existe no Banco
14016;9358;7953;1;250,00;Venda Pai Nao Existe no Banco
14017;9358;7821;1;260,00;Venda Pai Nao Existe no Banco
14018;9359;1534;1;160,00;Venda Pai Nao Existe no Banco
14019;9359;7821;1;330,00;Venda Pai Nao Existe no Banco
14020;9359;7821;1;290,00;Venda Pai Nao Existe no Banco
14021;9359;1760;1;690,00;Venda Pai Nao Existe no Banco
14022;9360;1721;1;790,00;Venda Pai Nao Existe no Banco
14023;9361;1554;1;350,00;Venda Pai Nao Existe no Banco
14024;9361;1372;1;280,00;Venda Pai Nao Existe no Banco
14025;9362;7953;1;250,00;Venda Pai Nao Existe no Banco
14026;9362;7821;1;220,00;Venda Pai Nao Existe no Banco
14027;9364;7953;1;250,00;Venda Pai Nao Existe no Banco
14028;9364;8355;1;450,00;Venda Pai Nao Existe no Banco
14029;9366;1534;0,5;80,00;Venda Pai Nao Existe no Banco
14030;9368;1760;1;420,00;Venda Pai Nao Existe no Banco
14031;9368;8355;1;330,00;Venda Pai Nao Existe no Banco
14032;9369;1534;1;140,00;Venda Pai Nao Existe no Banco
14033;9369;8552;1;100,00;Venda Pai Nao Existe no Banco
14034;9371;1542;1;260,00;Venda Pai Nao Existe no Banco
14035;9371;7821;1;240,00;Venda Pai Nao Existe no Banco
14036;9372;7972;1;250,00;Venda Pai Nao Existe no Banco
14037;9373;8908;1;1.469,00;Venda Pai Nao Existe no Banco
14038;9374;1552;1;350,00;Venda Pai Nao Existe no Banco
14039;9375;1534;1;140,00;Venda Pai Nao Existe no Banco
14040;9376;1542;1;350,00;Venda Pai Nao Existe no Banco
14041;9376;7821;1;260,00;Venda Pai Nao Existe no Banco
14042;9378;1401;1;90,00;Venda Pai Nao Existe no Banco
14043;9381;1752;1;450,00;Venda Pai Nao Existe no Banco
14044;9381;8355;1;390,00;Venda Pai Nao Existe no Banco
14045;9383;1534;1;160,00;Venda Pai Nao Existe no Banco
14046;9386;1760;1;690,00;Venda Pai Nao Existe no Banco
14047;9387;7821;1;260,00;Venda Pai Nao Existe no Banco
14052;9388;8795;1;530,00;Venda Pai Nao Existe no Banco
14054;9388;8913;1;1.600,00;Venda Pai Nao Existe no Banco
14055;9390;1554;1;240,00;Venda Pai Nao Existe no Banco
14056;9390;1349;1;100,00;Venda Pai Nao Existe no Banco
14057;9391;8185;1;610,00;Venda Pai Nao Existe no Banco
14058;9393;8749;1;530,00;Venda Pai Nao Existe no Banco
14059;9393;1534;1;160,00;Venda Pai Nao Existe no Banco
14060;9394;8894;1;400,00;Venda Pai Nao Existe no Banco
14061;9394;1760;1;600,00;Venda Pai Nao Existe no Banco
14062;9396;1534;1;150,00;Venda Pai Nao Existe no Banco
14063;9396;8193;1;150,00;Venda Pai Nao Existe no Banco
14064;9397;7878;1;180,00;Venda Pai Nao Existe no Banco
14065;9397;1542;1;350,00;Venda Pai Nao Existe no Banco
14066;9398;5926;1;380,00;Venda Pai Nao Existe no Banco
14067;9398;1542;1;350,00;Venda Pai Nao Existe no Banco
14068;9400;8552;1;190,00;Venda Pai Nao Existe no Banco
14069;9401;7628;1;190,00;Venda Pai Nao Existe no Banco
14070;9403;1552;1;350,00;Venda Pai Nao Existe no Banco
14071;9404;7821;1;260,00;Venda Pai Nao Existe no Banco
14072;9405;7821;1;260,00;Venda Pai Nao Existe no Banco
14073;9407;8102;1;585,00;Venda Pai Nao Existe no Banco
14074;9408;1542;1;350,00;Venda Pai Nao Existe no Banco
14075;9409;1372;1;170,00;Venda Pai Nao Existe no Banco
14076;9410;1552;1;350,00;Venda Pai Nao Existe no Banco
14077;9410;8552;1;120,00;Venda Pai Nao Existe no Banco
14078;9412;1534;1;140,00;Venda Pai Nao Existe no Banco
14079;9412;7114;1;100,00;Venda Pai Nao Existe no Banco
14080;9414;1542;1;350,00;Venda Pai Nao Existe no Banco
14081;9414;8552;1;160,00;Venda Pai Nao Existe no Banco
14082;9415;1552;1;350,00;Venda Pai Nao Existe no Banco
14083;9415;7821;1;270,00;Venda Pai Nao Existe no Banco
14085;9416;8915;1;1.067,00;Venda Pai Nao Existe no Banco
14086;9373;8908;1;1.469,00;Venda Pai Nao Existe no Banco
14087;9417;8159;1;1.180,00;Venda Pai Nao Existe no Banco
14089;9419;1534;1;140,00;Venda Pai Nao Existe no Banco
14090;9419;8552;1;150,00;Venda Pai Nao Existe no Banco
14091;9418;7953;1;250,00;Venda Pai Nao Existe no Banco
14092;9418;8905;1;850,00;Venda Pai Nao Existe no Banco
14093;9420;1534;1;160,00;Venda Pai Nao Existe no Banco
14094;9420;7385;1;10,00;Venda Pai Nao Existe no Banco
14095;9421;1752;1;350,00;Venda Pai Nao Existe no Banco
14096;9422;7628;1;170,00;Venda Pai Nao Existe no Banco
14097;9423;1534;1;160,00;Venda Pai Nao Existe no Banco
14098;9423;7821;1;280,00;Venda Pai Nao Existe no Banco
14099;9425;1542;1;290,00;Venda Pai Nao Existe no Banco
14100;9426;7953;1;250,00;Venda Pai Nao Existe no Banco
14101;9426;8193;1;150,00;Venda Pai Nao Existe no Banco
14102;9428;7823;1;1.000,00;Venda Pai Nao Existe no Banco
14103;9429;7953;1;220,00;Venda Pai Nao Existe no Banco
14104;9429;7821;1;230,00;Venda Pai Nao Existe no Banco
14105;9430;7821;1;250,00;Venda Pai Nao Existe no Banco
14106;9431;1531;1;150,00;Venda Pai Nao Existe no Banco
14107;9432;8806;1;199,00;Venda Pai Nao Existe no Banco
14108;9432;7821;1;260,00;Venda Pai Nao Existe no Banco
14109;9432;8916;1;890,00;Venda Pai Nao Existe no Banco
14110;9433;7953;0,5;140,00;Venda Pai Nao Existe no Banco
14111;9434;4996;1;140,00;Venda Pai Nao Existe no Banco
14112;9436;7953;1;225,00;Venda Pai Nao Existe no Banco
14113;9436;8552;1;100,00;Venda Pai Nao Existe no Banco
14114;9437;1542;1;250,00;Venda Pai Nao Existe no Banco
14115;9438;8193;1;160,00;Venda Pai Nao Existe no Banco
14117;9439;8184;1;200,00;Venda Pai Nao Existe no Banco
14119;9441;1533;1;40,00;Venda Pai Nao Existe no Banco
14120;9442;7953;1;225,00;Venda Pai Nao Existe no Banco
14121;9445;7628;1;150,00;Venda Pai Nao Existe no Banco
14122;9446;7972;1;290,00;Venda Pai Nao Existe no Banco
14123;9447;8696;1;1.100,00;Venda Pai Nao Existe no Banco
14124;9450;7821;1;350,00;Venda Pai Nao Existe no Banco
14126;9451;8917;1;890,00;Venda Pai Nao Existe no Banco
14127;9452;1554;1;350,00;Venda Pai Nao Existe no Banco
14129;9453;8920;1;860,00;Venda Pai Nao Existe no Banco
14130;9454;1760;1;390,00;Venda Pai Nao Existe no Banco
14132;9455;8921;1;3.000,00;Venda Pai Nao Existe no Banco
14134;9455;8922;1;464,00;Venda Pai Nao Existe no Banco
14136;9456;1554;1;280,00;Venda Pai Nao Existe no Banco
14137;9457;8552;1;170,00;Venda Pai Nao Existe no Banco
14138;9458;1534;0,5;50,00;Venda Pai Nao Existe no Banco
14139;9460;1534;1;160,00;Venda Pai Nao Existe no Banco
14140;9460;8552;1;180,00;Venda Pai Nao Existe no Banco
14141;9461;8488;1;390,00;Venda Pai Nao Existe no Banco
14142;9462;1554;1;280,00;Venda Pai Nao Existe no Banco
14143;9463;1534;1;160,00;Venda Pai Nao Existe no Banco
14144;9464;7953;1;250,00;Venda Pai Nao Existe no Banco
14145;9464;7821;1;280,00;Venda Pai Nao Existe no Banco
14146;9465;7628;1;160,00;Venda Pai Nao Existe no Banco
14147;9468;7953;1;250,00;Venda Pai Nao Existe no Banco
14148;9468;8355;1;390,00;Venda Pai Nao Existe no Banco
14149;9464;4078;1;2.250,00;Venda Pai Nao Existe no Banco
14150;9469;1528;1;180,00;Venda Pai Nao Existe no Banco
14151;9470;1534;1;160,00;Venda Pai Nao Existe no Banco
14152;9470;7821;1;260,00;Venda Pai Nao Existe no Banco
14153;9471;1760;1;490,00;Venda Pai Nao Existe no Banco
14154;9471;8552;1;100,00;Venda Pai Nao Existe no Banco
14155;9473;6292;1;100,00;Venda Pai Nao Existe no Banco
14156;9474;1542;1;350,00;Venda Pai Nao Existe no Banco
14157;9474;7821;1;280,00;Venda Pai Nao Existe no Banco
14158;9475;7628;1;150,00;Venda Pai Nao Existe no Banco
14159;9476;7821;1;290,00;Venda Pai Nao Existe no Banco
14160;9477;1534;1;160,00;Venda Pai Nao Existe no Banco
14161;9477;7821;1;280,00;Venda Pai Nao Existe no Banco
14162;9478;7263;1;180,00;Venda Pai Nao Existe no Banco
14163;9480;3583;1;941,00;Venda Pai Nao Existe no Banco
14164;9481;1542;1;350,00;Venda Pai Nao Existe no Banco
14165;9481;7821;1;290,00;Venda Pai Nao Existe no Banco
14166;9482;7953;1;175,00;Venda Pai Nao Existe no Banco
14167;9483;4581;1;280,00;Venda Pai Nao Existe no Banco
14168;9487;7953;1;250,00;Venda Pai Nao Existe no Banco
14169;9487;8355;1;320,00;Venda Pai Nao Existe no Banco
14170;9489;8720;1;250,00;Venda Pai Nao Existe no Banco
14171;9489;7953;1;220,00;Venda Pai Nao Existe no Banco
14172;9492;1542;1;350,00;Venda Pai Nao Existe no Banco
14173;9492;8488;1;390,00;Venda Pai Nao Existe no Banco
14176;9494;7628;1;160,00;Venda Pai Nao Existe no Banco
14177;9497;5939;1;450,00;Venda Pai Nao Existe no Banco
14178;9498;7953;1;225,00;Venda Pai Nao Existe no Banco
14179;9498;8553;1;265,00;Venda Pai Nao Existe no Banco
14180;9499;7953;1;250,00;Venda Pai Nao Existe no Banco
14181;9499;7821;1;280,00;Venda Pai Nao Existe no Banco
14182;9500;8552;1;190,00;Venda Pai Nao Existe no Banco
14183;9501;1534;1;160,00;Venda Pai Nao Existe no Banco
14184;9502;7953;1;250,00;Venda Pai Nao Existe no Banco
14185;9502;7821;1;260,00;Venda Pai Nao Existe no Banco
14186;9503;7953;1;250,00;Venda Pai Nao Existe no Banco
14187;9503;8552;1;190,00;Venda Pai Nao Existe no Banco
14188;9504;1534;1;145,00;Venda Pai Nao Existe no Banco
14189;9506;8573;1;280,00;Venda Pai Nao Existe no Banco
14190;9507;1760;1;750,00;Venda Pai Nao Existe no Banco
14191;9507;8355;1;390,00;Venda Pai Nao Existe no Banco
14192;9507;5940;1;290,00;Venda Pai Nao Existe no Banco
14193;9507;8573;1;280,00;Venda Pai Nao Existe no Banco
14194;9508;1534;1;160,00;Venda Pai Nao Existe no Banco
14195;9509;8198;1;733,00;Venda Pai Nao Existe no Banco
14196;9509;7953;1;230,00;Venda Pai Nao Existe no Banco
14197;9510;8552;1;100,00;Venda Pai Nao Existe no Banco
14198;9511;7953;1;250,00;Venda Pai Nao Existe no Banco
14199;9512;7972;1;350,00;Venda Pai Nao Existe no Banco
14200;9511;8501;1;450,00;Venda Pai Nao Existe no Banco
14201;9513;7628;1;200,00;Venda Pai Nao Existe no Banco
14203;9514;8820;1;1.070,00;Venda Pai Nao Existe no Banco
14204;9514;8924;1;3.000,00;Venda Pai Nao Existe no Banco
14205;9515;1542;1;350,00;Venda Pai Nao Existe no Banco
14206;9515;8552;1;190,00;Venda Pai Nao Existe no Banco
14207;9516;8185;1;650,00;Venda Pai Nao Existe no Banco
14208;9516;8668;1;26,00;Venda Pai Nao Existe no Banco
14209;9516;8552;1;170,00;Venda Pai Nao Existe no Banco
14210;9517;7972;1;100,00;Venda Pai Nao Existe no Banco
14211;9518;7953;1;450,00;Venda Pai Nao Existe no Banco
14212;9518;8552;1;190,00;Venda Pai Nao Existe no Banco
14215;9520;1534;1;150,00;Venda Pai Nao Existe no Banco
14216;9521;1534;1;140,00;Venda Pai Nao Existe no Banco
14217;9524;7953;1;225,00;Venda Pai Nao Existe no Banco
14218;9524;8552;1;170,00;Venda Pai Nao Existe no Banco
14221;9525;5521;1;450,00;Venda Pai Nao Existe no Banco
14223;9525;8593;1;1.190,00;Venda Pai Nao Existe no Banco
14224;9526;1554;1;290,00;Venda Pai Nao Existe no Banco
14225;9526;7801;1;410,00;Venda Pai Nao Existe no Banco
14226;9527;1534;1;160,00;Venda Pai Nao Existe no Banco
14227;9527;8552;1;120,00;Venda Pai Nao Existe no Banco
14228;9528;8834;1;570,00;Venda Pai Nao Existe no Banco
14229;9529;7719;1;190,00;Venda Pai Nao Existe no Banco
14230;9530;1542;1;350,00;Venda Pai Nao Existe no Banco
14231;9530;8355;1;280,00;Venda Pai Nao Existe no Banco
14232;9531;1534;1;160,00;Venda Pai Nao Existe no Banco
14233;9532;7953;1;250,00;Venda Pai Nao Existe no Banco
14234;9533;1326;1;80,00;Venda Pai Nao Existe no Banco
14235;9535;1534;1;160,00;Venda Pai Nao Existe no Banco
14236;9536;1534;1;120,00;Venda Pai Nao Existe no Banco
14238;9536;8552;1;140,00;Venda Pai Nao Existe no Banco
14239;9536;5627;1;690,00;Venda Pai Nao Existe no Banco
14240;9536;7628;1;0,00;Venda Pai Nao Existe no Banco
14241;9537;1552;1;350,00;Venda Pai Nao Existe no Banco
14242;9537;8552;1;120,00;Venda Pai Nao Existe no Banco
14243;9538;7953;1;250,00;Venda Pai Nao Existe no Banco
14244;9538;8552;1;170,00;Venda Pai Nao Existe no Banco
14245;9540;1542;1;288,00;Venda Pai Nao Existe no Banco
14246;9489;8552;1;140,00;Venda Pai Nao Existe no Banco
14247;9489;7821;1;220,00;Venda Pai Nao Existe no Banco
14248;9541;7555;1;800,00;Venda Pai Nao Existe no Banco
14249;9542;7953;1;250,00;Venda Pai Nao Existe no Banco
14250;9544;5933;1;440,00;Venda Pai Nao Existe no Banco
14251;9545;8552;1;190,00;Venda Pai Nao Existe no Banco
14253;9546;8149;1;900,00;Venda Pai Nao Existe no Banco
14254;9547;7821;1;250,00;Venda Pai Nao Existe no Banco
14255;9548;8355;1;260,00;Venda Pai Nao Existe no Banco
14257;9549;5933;1;380,00;Venda Pai Nao Existe no Banco
14258;9550;7953;1;250,00;Venda Pai Nao Existe no Banco
14261;9550;8943;1;450,00;Venda Pai Nao Existe no Banco
14262;9552;1754;1;1.071,00;Venda Pai Nao Existe no Banco
14263;9552;7821;1;261,00;Venda Pai Nao Existe no Banco
14264;9554;5627;1;900,00;Venda Pai Nao Existe no Banco
14265;9554;7821;1;225,00;Venda Pai Nao Existe no Banco
14268;9556;6292;1;100,00;Venda Pai Nao Existe no Banco
14269;9557;7198;1;340,00;Venda Pai Nao Existe no Banco
14270;9558;1542;1;350,00;Venda Pai Nao Existe no Banco
14271;9558;8552;1;250,00;Venda Pai Nao Existe no Banco
14272;9559;1542;1;315,00;Venda Pai Nao Existe no Banco
14273;9559;8355;1;355,00;Venda Pai Nao Existe no Banco
14274;9559;5627;1;800,00;Venda Pai Nao Existe no Banco
14275;9559;8552;1;145,00;Venda Pai Nao Existe no Banco
14276;9561;1534;1;160,00;Venda Pai Nao Existe no Banco
14277;9561;7821;1;260,00;Venda Pai Nao Existe no Banco
14278;9562;8680;1;1.380,00;Venda Pai Nao Existe no Banco
14279;9563;7953;1;220,00;Venda Pai Nao Existe no Banco
14280;9563;7821;1;250,00;Venda Pai Nao Existe no Banco
14281;9564;8680;1;1.380,00;Venda Pai Nao Existe no Banco
14282;9564;7821;1;240,00;Venda Pai Nao Existe no Banco
14283;9555;7628;1;280,00;Venda Pai Nao Existe no Banco
14284;9555;1760;1;790,00;Venda Pai Nao Existe no Banco
14285;9565;1534;1;140,00;Venda Pai Nao Existe no Banco
14286;9565;8552;1;100,00;Venda Pai Nao Existe no Banco
14287;9567;7953;1;220,00;Venda Pai Nao Existe no Banco
14288;9568;1534;1;160,00;Venda Pai Nao Existe no Banco
14289;9569;7628;1;150,00;Venda Pai Nao Existe no Banco
14290;9570;8273;1;550,00;Venda Pai Nao Existe no Banco
14292;9570;8853;1;600,00;Venda Pai Nao Existe no Banco
14293;9571;5133;1;180,00;Venda Pai Nao Existe no Banco
14294;9572;8062;1;190,00;Venda Pai Nao Existe no Banco
14295;9573;8310;1;777,00;Venda Pai Nao Existe no Banco
14296;9573;8835;1;513,00;Venda Pai Nao Existe no Banco
14297;9574;1542;1;280,00;Venda Pai Nao Existe no Banco
14299;9575;385;1;700,00;Venda Pai Nao Existe no Banco
14301;9575;8700;1;1.070,00;Venda Pai Nao Existe no Banco
14302;9576;7628;1;150,00;Venda Pai Nao Existe no Banco
14303;9578;7821;1;190,00;Venda Pai Nao Existe no Banco
14304;9578;2287;1;20,00;Venda Pai Nao Existe no Banco
14305;9579;8552;1;190,00;Venda Pai Nao Existe no Banco
14306;9580;1534;1;160,00;Venda Pai Nao Existe no Banco
14307;9581;2088;1;1.100,00;Venda Pai Nao Existe no Banco
14308;9581;7821;1;260,00;Venda Pai Nao Existe no Banco
14309;9582;1534;1;160,00;Venda Pai Nao Existe no Banco
14310;9582;7821;1;260,00;Venda Pai Nao Existe no Banco
14311;9583;8427;1;780,00;Venda Pai Nao Existe no Banco
14313;9585;1542;1;120,00;Venda Pai Nao Existe no Banco
14314;9586;4497;1;120,00;Venda Pai Nao Existe no Banco
14315;9587;7953;1;250,00;Venda Pai Nao Existe no Banco
14316;9587;6519;1;570,00;Venda Pai Nao Existe no Banco
14317;9588;7953;1;250,00;Venda Pai Nao Existe no Banco
14318;9588;8579;1;690,00;Venda Pai Nao Existe no Banco
14319;9589;7953;1;250,00;Venda Pai Nao Existe no Banco
14320;9589;8578;1;690,00;Venda Pai Nao Existe no Banco
14321;9591;1534;1;220,00;Venda Pai Nao Existe no Banco
14322;9592;7953;1;450,00;Venda Pai Nao Existe no Banco
14324;9593;7953;1;250,00;Venda Pai Nao Existe no Banco
14325;9593;7821;1;280,00;Venda Pai Nao Existe no Banco
14326;9595;1534;1;120,00;Venda Pai Nao Existe no Banco
14327;9592;8196;1;800,00;Venda Pai Nao Existe no Banco
14328;9597;7953;1;220,00;Venda Pai Nao Existe no Banco
14331;9598;8355;1;590,00;Venda Pai Nao Existe no Banco
14332;9598;1534;0,5;80,00;Venda Pai Nao Existe no Banco
14333;9598;8273;0,5;370,00;Venda Pai Nao Existe no Banco
14334;9599;8185;1;550,00;Venda Pai Nao Existe no Banco
14335;9599;7821;1;260,00;Venda Pai Nao Existe no Banco
14336;9600;8552;1;260,00;Venda Pai Nao Existe no Banco
14337;9601;1534;1;120,00;Venda Pai Nao Existe no Banco
14338;9607;1534;1;160,00;Venda Pai Nao Existe no Banco
14339;9607;7821;1;280,00;Venda Pai Nao Existe no Banco
14340;9608;8552;1;100,00;Venda Pai Nao Existe no Banco
14341;9609;1534;1;120,00;Venda Pai Nao Existe no Banco
14342;9611;1534;1;160,00;Venda Pai Nao Existe no Banco
14343;9611;6292;1;100,00;Venda Pai Nao Existe no Banco
14344;9611;1526;1;180,00;Venda Pai Nao Existe no Banco
14345;9612;8102;1;650,00;Venda Pai Nao Existe no Banco
14346;9612;7821;1;290,00;Venda Pai Nao Existe no Banco
14347;9613;7953;1;225,00;Venda Pai Nao Existe no Banco
14348;9615;5627;1;880,00;Venda Pai Nao Existe no Banco
14349;9615;7821;1;220,00;Venda Pai Nao Existe no Banco
14350;9616;1542;1;150,00;Venda Pai Nao Existe no Banco
14351;9617;6292;1;100,00;Venda Pai Nao Existe no Banco
14352;9618;1534;1;160,00;Venda Pai Nao Existe no Banco
14353;9619;4581;1;80,00;Venda Pai Nao Existe no Banco
14354;9620;1542;1;350,00;Venda Pai Nao Existe no Banco
14355;9621;1760;1;550,00;Venda Pai Nao Existe no Banco
14356;9620;8552;1;190,00;Venda Pai Nao Existe no Banco
14357;9622;7821;1;260,00;Venda Pai Nao Existe no Banco
14358;9624;1542;1;540,00;Venda Pai Nao Existe no Banco
14359;9624;1542;1;540,00;Venda Pai Nao Existe no Banco
14360;9624;7821;1;280,00;Venda Pai Nao Existe no Banco
14361;9626;1542;1;300,00;Venda Pai Nao Existe no Banco
14362;9626;7821;1;250,00;Venda Pai Nao Existe no Banco
14363;9627;1542;1;350,00;Venda Pai Nao Existe no Banco
14364;9628;1534;1;160,00;Venda Pai Nao Existe no Banco
14365;9628;8355;1;590,00;Venda Pai Nao Existe no Banco
14366;9629;1760;1;780,00;Venda Pai Nao Existe no Banco
14367;9630;1534;1;160,00;Venda Pai Nao Existe no Banco
14369;9631;1534;1;160,00;Venda Pai Nao Existe no Banco
14370;9629;8947;1;980,00;Venda Pai Nao Existe no Banco
14372;9633;6292;1;100,00;Venda Pai Nao Existe no Banco
14373;9634;7821;1;280,00;Venda Pai Nao Existe no Banco
14374;9627;7485;1;130,00;Venda Pai Nao Existe no Banco
14375;9636;1554;1;350,00;Venda Pai Nao Existe no Banco
14376;9636;7269;1;290,00;Venda Pai Nao Existe no Banco
14377;9637;7972;1;270,00;Venda Pai Nao Existe no Banco
14378;9638;1542;1;290,00;Venda Pai Nao Existe no Banco
14379;9638;7628;1;190,00;Venda Pai Nao Existe no Banco
14380;9640;1534;1;160,00;Venda Pai Nao Existe no Banco
14381;9641;7953;1;250,00;Venda Pai Nao Existe no Banco
14383;9641;8948;1;1.160,00;Venda Pai Nao Existe no Banco
14384;9642;1321;1;140,00;Venda Pai Nao Existe no Banco
14385;9642;1534;1;160,00;Venda Pai Nao Existe no Banco
14386;9643;1760;1;390,00;Venda Pai Nao Existe no Banco
14387;9644;7953;2;500,00;Venda Pai Nao Existe no Banco
14388;9645;1534;1;160,00;Venda Pai Nao Existe no Banco
14389;9647;7953;1;220,00;Venda Pai Nao Existe no Banco
14390;9647;7821;1;220,00;Venda Pai Nao Existe no Banco
14391;9648;3649;1;35,00;Venda Pai Nao Existe no Banco
14392;9649;6292;1;100,00;Venda Pai Nao Existe no Banco
14393;9650;1534;1;290,00;Venda Pai Nao Existe no Banco
14394;9650;7821;1;260,00;Venda Pai Nao Existe no Banco
14395;9651;4115;1;199,00;Venda Pai Nao Existe no Banco
14396;9652;8949;1;760,00;Venda Pai Nao Existe no Banco
14397;9653;7953;1;250,00;Venda Pai Nao Existe no Banco
14398;9653;8462;1;690,00;Venda Pai Nao Existe no Banco
14400;9654;8949;1;760,00;Venda Pai Nao Existe no Banco
14401;9655;8552;1;160,00;Venda Pai Nao Existe no Banco
14402;9656;1534;1;310,00;Venda Pai Nao Existe no Banco
14403;9657;1534;1;140,00;Venda Pai Nao Existe no Banco
14404;9657;8552;1;90,00;Venda Pai Nao Existe no Banco
14405;9658;3291;1;250,00;Venda Pai Nao Existe no Banco
14407;9656;1542;1;350,00;Venda Pai Nao Existe no Banco
14408;9661;7821;1;190,00;Venda Pai Nao Existe no Banco
14409;9662;1542;1;350,00;Venda Pai Nao Existe no Banco
14410;9663;1769;1;920,00;Venda Pai Nao Existe no Banco
14411;9663;8484;1;378,00;Venda Pai Nao Existe no Banco
14412;9664;8707;1;1.723,00;Venda Pai Nao Existe no Banco
14413;9664;7821;1;280,00;Venda Pai Nao Existe no Banco
14415;9665;8285;1;1.528,00;Venda Pai Nao Existe no Banco
14416;9665;7821;1;252,00;Venda Pai Nao Existe no Banco
14417;9666;7953;1;250,00;Venda Pai Nao Existe no Banco
14418;9667;7821;1;290,00;Venda Pai Nao Existe no Banco
14419;9649;1542;1;320,00;Venda Pai Nao Existe no Banco
14421;9668;8950;1;1.100,00;Venda Pai Nao Existe no Banco
14422;9668;8355;1;-590,00;Venda Pai Nao Existe no Banco
14423;9669;1542;1;350,00;Venda Pai Nao Existe no Banco
14424;9670;1760;1;750,00;Venda Pai Nao Existe no Banco
14425;9671;6292;1;100,00;Venda Pai Nao Existe no Banco
14426;9672;7953;1;250,00;Venda Pai Nao Existe no Banco
14427;9673;1534;1;140,00;Venda Pai Nao Existe no Banco
14428;9673;8552;1;160,00;Venda Pai Nao Existe no Banco
14429;9674;7987;1;540,00;Venda Pai Nao Existe no Banco
14430;9676;8924;1;3.000,00;Venda Pai Nao Existe no Banco
14431;9676;8820;1;1.070,00;Venda Pai Nao Existe no Banco
14432;9677;7901;1;300,00;Venda Pai Nao Existe no Banco
14433;9678;5627;1;980,00;Venda Pai Nao Existe no Banco
14434;9680;7821;1;240,00;Venda Pai Nao Existe no Banco
14435;9681;1534;1;390,00;Venda Pai Nao Existe no Banco
14436;9682;1554;1;350,00;Venda Pai Nao Existe no Banco
14437;9682;8552;1;220,00;Venda Pai Nao Existe no Banco
14439;9687;7953;1;250,00;Venda Pai Nao Existe no Banco
14440;9687;1349;1;100,00;Venda Pai Nao Existe no Banco
14441;9688;8355;1;270,00;Venda Pai Nao Existe no Banco
14442;9689;1760;1;850,00;Venda Pai Nao Existe no Banco
14443;9689;8340;1;590,00;Venda Pai Nao Existe no Banco
14444;9690;1542;0,5;135,00;Venda Pai Nao Existe no Banco
14447;9691;1760;1;495,00;Venda Pai Nao Existe no Banco
14448;9692;1760;1;675,00;Venda Pai Nao Existe no Banco
14449;9692;8660;1;325,00;Venda Pai Nao Existe no Banco
14450;9693;7953;1;220,00;Venda Pai Nao Existe no Banco
14451;9693;7821;1;260,00;Venda Pai Nao Existe no Banco
14452;9694;1534;1;160,00;Venda Pai Nao Existe no Banco
14453;9694;6292;1;140,00;Venda Pai Nao Existe no Banco
14454;9695;7953;2;400,00;Venda Pai Nao Existe no Banco
14455;9696;7953;0,5;60,00;Venda Pai Nao Existe no Banco
14458;9697;7821;1;280,00;Venda Pai Nao Existe no Banco
14459;9697;8185;1;780,00;Venda Pai Nao Existe no Banco
14460;9698;8552;1;190,00;Venda Pai Nao Existe no Banco
14461;9699;1542;1;350,00;Venda Pai Nao Existe no Banco
14462;9699;8552;1;160,00;Venda Pai Nao Existe no Banco
14464;9700;7953;1;250,00;Venda Pai Nao Existe no Banco
14465;9700;8761;1;550,00;Venda Pai Nao Existe no Banco
14466;9701;2287;1;10,00;Venda Pai Nao Existe no Banco
14468;9702;7821;1;250,00;Venda Pai Nao Existe no Banco
14469;9703;8232;1;980,00;Venda Pai Nao Existe no Banco
14470;9703;8841;1;750,00;Venda Pai Nao Existe no Banco
14471;9704;7953;1;250,00;Venda Pai Nao Existe no Banco
14472;9706;2403;1;210,00;Venda Pai Nao Existe no Banco
14473;9707;7953;1;250,00;Venda Pai Nao Existe no Banco
14474;9707;7821;1;260,00;Venda Pai Nao Existe no Banco
14476;9709;8404;1;390,00;Venda Pai Nao Existe no Banco
14477;9681;7821;1;260,00;Venda Pai Nao Existe no Banco
14478;9710;7953;1;250,00;Venda Pai Nao Existe no Banco
14479;9710;7821;1;290,00;Venda Pai Nao Existe no Banco
14480;9708;8707;1;750,00;Venda Pai Nao Existe no Banco
14481;9711;4497;1;150,00;Venda Pai Nao Existe no Banco
14482;9712;8707;1;1.050,00;Venda Pai Nao Existe no Banco
14483;9712;1760;1;-750,00;Venda Pai Nao Existe no Banco
14484;9713;1542;1;790,00;Venda Pai Nao Existe no Banco
14485;9714;1534;1;150,00;Venda Pai Nao Existe no Banco
14486;9715;1534;1;144,00;Venda Pai Nao Existe no Banco
14487;9715;1534;1;144,00;Venda Pai Nao Existe no Banco
14488;9715;7821;1;261,00;Venda Pai Nao Existe no Banco
14489;9715;8552;1;171,00;Venda Pai Nao Existe no Banco
14490;9716;8552;1;220,00;Venda Pai Nao Existe no Banco
14491;9715;1534;1;144,00;Venda Pai Nao Existe no Banco
14492;9715;8355;1;405,00;Venda Pai Nao Existe no Banco
14493;9717;7628;1;190,00;Venda Pai Nao Existe no Banco
14494;9718;1552;1;350,00;Venda Pai Nao Existe no Banco
14495;9718;7628;1;220,00;Venda Pai Nao Existe no Banco
14496;9719;1534;1;160,00;Venda Pai Nao Existe no Banco
14497;9719;8552;1;190,00;Venda Pai Nao Existe no Banco
14498;9720;1534;1;145,00;Venda Pai Nao Existe no Banco
14499;9721;5183;1;590,00;Venda Pai Nao Existe no Banco
14500;9722;2403;2;780,00;Venda Pai Nao Existe no Banco
14501;9723;8552;1;160,00;Venda Pai Nao Existe no Banco
14502;9724;7821;1;260,00;Venda Pai Nao Existe no Banco
14503;9725;7953;1;225,00;Venda Pai Nao Existe no Banco
14504;9725;7821;1;351,00;Venda Pai Nao Existe no Banco
14505;9727;1534;1;160,00;Venda Pai Nao Existe no Banco
14506;9729;7832;1;310,00;Venda Pai Nao Existe no Banco
14507;9729;4997;1;250,00;Venda Pai Nao Existe no Banco
14508;9730;7821;1;280,00;Venda Pai Nao Existe no Banco
14509;9730;1534;1;160,00;Venda Pai Nao Existe no Banco
14510;9731;1542;1;350,00;Venda Pai Nao Existe no Banco
14511;9731;8355;1;430,00;Venda Pai Nao Existe no Banco
14512;9732;1542;1;380,00;Venda Pai Nao Existe no Banco
14513;9733;8552;1;150,00;Venda Pai Nao Existe no Banco
14515;9734;8552;1;200,00;Venda Pai Nao Existe no Banco
14516;9734;1760;1;550,00;Venda Pai Nao Existe no Banco
14517;9735;7953;1;250,00;Venda Pai Nao Existe no Banco
14518;9736;8552;1;190,00;Venda Pai Nao Existe no Banco
14519;9736;7821;1;280,00;Venda Pai Nao Existe no Banco
14520;9737;1760;1;490,00;Venda Pai Nao Existe no Banco
14521;9737;7821;1;250,00;Venda Pai Nao Existe no Banco
14522;9738;1542;1;290,00;Venda Pai Nao Existe no Banco
14523;9739;1542;1;290,00;Venda Pai Nao Existe no Banco
14524;9739;8552;1;170,00;Venda Pai Nao Existe no Banco
14525;9740;1760;1;750,00;Venda Pai Nao Existe no Banco
14526;9740;8355;1;450,00;Venda Pai Nao Existe no Banco
14527;9741;1542;1;340,00;Venda Pai Nao Existe no Banco
14528;9741;7821;1;260,00;Venda Pai Nao Existe no Banco
14529;9742;5254;1;50,00;Venda Pai Nao Existe no Banco
14530;9742;1534;1;160,00;Venda Pai Nao Existe no Banco
14531;9743;2287;1;50,00;Venda Pai Nao Existe no Banco
14532;9744;7628;1;170,00;Venda Pai Nao Existe no Banco
14533;9745;7953;1;250,00;Venda Pai Nao Existe no Banco
14534;9745;7821;1;260,00;Venda Pai Nao Existe no Banco
14535;9746;8668;1;10,00;Venda Pai Nao Existe no Banco
14536;9747;8102;1;590,00;Venda Pai Nao Existe no Banco
14537;9748;1534;1;200,00;Venda Pai Nao Existe no Banco
14538;9749;7953;1;217,00;Venda Pai Nao Existe no Banco
14539;9749;7821;1;260,00;Venda Pai Nao Existe no Banco
14540;9750;1542;1;260,00;Venda Pai Nao Existe no Banco
14541;9750;7821;1;240,00;Venda Pai Nao Existe no Banco
14542;9751;1534;1;150,00;Venda Pai Nao Existe no Banco
14543;9752;6292;1;170,00;Venda Pai Nao Existe no Banco
14544;9755;1534;1;160,00;Venda Pai Nao Existe no Banco
14545;9755;6292;1;100,00;Venda Pai Nao Existe no Banco
14546;9757;1534;1;160,00;Venda Pai Nao Existe no Banco
14547;9760;1534;1;160,00;Venda Pai Nao Existe no Banco
14548;9760;7821;1;280,00;Venda Pai Nao Existe no Banco
14549;9761;1349;1;160,00;Venda Pai Nao Existe no Banco
14550;9761;1534;1;160,00;Venda Pai Nao Existe no Banco
14551;9762;2403;1;280,00;Venda Pai Nao Existe no Banco
14554;9763;8552;1;189,00;Venda Pai Nao Existe no Banco
14555;9764;8537;1;280,00;Venda Pai Nao Existe no Banco
14556;9765;8832;1;1.989,00;Venda Pai Nao Existe no Banco
14557;9765;7821;1;280,00;Venda Pai Nao Existe no Banco
14558;9766;8604;1;380,00;Venda Pai Nao Existe no Banco
14559;9765;7821;1;280,00;Venda Pai Nao Existe no Banco
14560;9767;7972;1;261,00;Venda Pai Nao Existe no Banco
14561;9769;8687;1;1.616,00;Venda Pai Nao Existe no Banco
14562;9769;8355;1;390,00;Venda Pai Nao Existe no Banco
14563;9772;7972;1;350,00;Venda Pai Nao Existe no Banco
14564;9774;1534;1;0,00;Venda Pai Nao Existe no Banco
14565;9775;7821;1;250,00;Venda Pai Nao Existe no Banco
14566;9776;7821;1;250,00;Venda Pai Nao Existe no Banco
14567;9777;1760;1;550,00;Venda Pai Nao Existe no Banco
14568;9778;1554;1;350,00;Venda Pai Nao Existe no Banco
14569;9778;7821;1;260,00;Venda Pai Nao Existe no Banco
14570;9779;1534;1;120,00;Venda Pai Nao Existe no Banco
14571;9779;8552;1;100,00;Venda Pai Nao Existe no Banco
14572;9780;1534;1;150,00;Venda Pai Nao Existe no Banco
14573;9781;5627;1;700,00;Venda Pai Nao Existe no Banco
14574;9781;8552;1;100,00;Venda Pai Nao Existe no Banco
14575;9782;8270;1;690,00;Venda Pai Nao Existe no Banco
14577;9782;7953;1;250,00;Venda Pai Nao Existe no Banco
14578;9783;8707;1;1.100,00;Venda Pai Nao Existe no Banco
14579;9783;7821;1;260,00;Venda Pai Nao Existe no Banco
14580;9785;7628;1;200,00;Venda Pai Nao Existe no Banco
14581;9786;8273;1;690,00;Venda Pai Nao Existe no Banco
14582;9786;7821;1;260,00;Venda Pai Nao Existe no Banco
14583;9787;1534;1;160,00;Venda Pai Nao Existe no Banco
14584;9788;5627;1;375,00;Venda Pai Nao Existe no Banco
14585;9790;7953;1;250,00;Venda Pai Nao Existe no Banco
14586;9791;8473;1;390,00;Venda Pai Nao Existe no Banco
14587;9791;1760;1;490,00;Venda Pai Nao Existe no Banco
14588;9792;1526;1;180,00;Venda Pai Nao Existe no Banco
14589;9793;7821;1;140,00;Venda Pai Nao Existe no Banco
14590;9793;8308;1;25,00;Venda Pai Nao Existe no Banco
14591;9794;1534;1;160,00;Venda Pai Nao Existe no Banco
14592;9795;7628;1;100,00;Venda Pai Nao Existe no Banco
14593;9796;8668;1;26,00;Venda Pai Nao Existe no Banco
14594;9801;1542;1;260,00;Venda Pai Nao Existe no Banco
14596;9801;8393;1;390,00;Venda Pai Nao Existe no Banco
14597;9802;7628;1;150,00;Venda Pai Nao Existe no Banco
14598;9803;1542;1;300,00;Venda Pai Nao Existe no Banco
14599;9804;1542;1;310,00;Venda Pai Nao Existe no Banco
14600;9804;8573;1;250,00;Venda Pai Nao Existe no Banco
14601;9777;3468;1;220,00;Venda Pai Nao Existe no Banco
14602;9805;4497;1;100,00;Venda Pai Nao Existe no Banco
14603;9807;1721;1;530,00;Venda Pai Nao Existe no Banco
14604;9807;8552;1;190,00;Venda Pai Nao Existe no Banco
14605;9808;5627;1;980,00;Venda Pai Nao Existe no Banco
14606;9809;7628;1;170,00;Venda Pai Nao Existe no Banco
14607;9810;1534;0,5;70,00;Venda Pai Nao Existe no Banco
14608;9811;1534;1;140,00;Venda Pai Nao Existe no Banco
14609;9811;8552;1;200,00;Venda Pai Nao Existe no Banco
14610;9814;1542;1;350,00;Venda Pai Nao Existe no Banco
14611;9814;8355;1;390,00;Venda Pai Nao Existe no Banco
14612;9815;7520;1;250,00;Venda Pai Nao Existe no Banco
14613;9815;3706;1;600,00;Venda Pai Nao Existe no Banco
14614;9816;1542;1;290,00;Venda Pai Nao Existe no Banco
14615;9816;7214;1;300,00;Venda Pai Nao Existe no Banco
14616;9817;1542;1;290,00;Venda Pai Nao Existe no Banco
14617;9817;7821;1;250,00;Venda Pai Nao Existe no Banco
14618;9818;8552;1;190,00;Venda Pai Nao Existe no Banco
14619;9818;7953;1;250,00;Venda Pai Nao Existe no Banco
14620;9819;1534;1;160,00;Venda Pai Nao Existe no Banco
14621;9819;8399;1;450,00;Venda Pai Nao Existe no Banco
14622;9820;1534;1;120,00;Venda Pai Nao Existe no Banco
14623;9820;8552;1;180,00;Venda Pai Nao Existe no Banco
14624;9822;8552;1;100,00;Venda Pai Nao Existe no Banco
14625;9823;1534;1;160,00;Venda Pai Nao Existe no Banco
14626;9823;7821;1;280,00;Venda Pai Nao Existe no Banco
14628;9788;8951;1;290,00;Venda Pai Nao Existe no Banco
14629;9824;7953;1;250,00;Venda Pai Nao Existe no Banco
14630;9824;7821;1;390,00;Venda Pai Nao Existe no Banco
14631;9825;1405;1;180,00;Venda Pai Nao Existe no Banco
14632;9826;3468;1;160,00;Venda Pai Nao Existe no Banco
14633;9826;1542;1;317,00;Venda Pai Nao Existe no Banco
14635;9828;1526;1;115,00;Venda Pai Nao Existe no Banco
14636;9829;1526;1;130,00;Venda Pai Nao Existe no Banco
14637;9830;2733;1;180,00;Venda Pai Nao Existe no Banco
14638;9830;8720;1;250,00;Venda Pai Nao Existe no Banco
14639;9831;2733;1;180,00;Venda Pai Nao Existe no Banco
14640;9832;8185;1;610,00;Venda Pai Nao Existe no Banco
14641;9832;8819;1;800,00;Venda Pai Nao Existe no Banco
14642;9833;3468;1;180,00;Venda Pai Nao Existe no Banco
14643;9833;7953;1;250,00;Venda Pai Nao Existe no Banco
14644;9834;2733;1;180,00;Venda Pai Nao Existe no Banco
14645;9835;1349;1;280,00;Venda Pai Nao Existe no Banco
14646;9835;1542;1;350,00;Venda Pai Nao Existe no Banco
14647;9838;4609;1;320,00;Venda Pai Nao Existe no Banco
14648;9838;1554;1;350,00;Venda Pai Nao Existe no Banco
14649;9839;7953;1;220,00;Venda Pai Nao Existe no Banco
14650;9840;1542;1;300,00;Venda Pai Nao Existe no Banco
14651;9841;1758;1;900,00;Venda Pai Nao Existe no Banco
14652;9842;7953;1;250,00;Venda Pai Nao Existe no Banco
14653;9842;7483;1;280,00;Venda Pai Nao Existe no Banco
14654;9843;1542;1;290,00;Venda Pai Nao Existe no Banco
14655;9844;1349;1;160,00;Venda Pai Nao Existe no Banco
14656;9844;7953;1;230,00;Venda Pai Nao Existe no Banco
14657;9845;7821;1;280,00;Venda Pai Nao Existe no Banco
14658;9845;1542;1;350,00;Venda Pai Nao Existe no Banco
14659;9846;1542;1;350,00;Venda Pai Nao Existe no Banco
14660;9847;7752;1;280,00;Venda Pai Nao Existe no Banco
14661;9847;1542;1;350,00;Venda Pai Nao Existe no Banco
14662;9848;1534;1;140,00;Venda Pai Nao Existe no Banco
14663;9849;1542;1;350,00;Venda Pai Nao Existe no Banco
14664;9851;1534;1;160,00;Venda Pai Nao Existe no Banco
14665;9851;8552;1;220,00;Venda Pai Nao Existe no Banco
14666;9852;7821;1;260,00;Venda Pai Nao Existe no Banco
14667;9854;1542;1;350,00;Venda Pai Nao Existe no Banco
14668;9855;1760;1;400,00;Venda Pai Nao Existe no Banco
14670;9855;1760;1;400,00;Venda Pai Nao Existe no Banco
14671;9856;7821;1;230,00;Venda Pai Nao Existe no Banco
14672;9857;7628;1;220,00;Venda Pai Nao Existe no Banco
14673;9858;1534;1;140,00;Venda Pai Nao Existe no Banco
14674;9846;8552;1;180,00;Venda Pai Nao Existe no Banco
14675;9859;1534;1;160,00;Venda Pai Nao Existe no Banco
14676;9859;8355;1;390,00;Venda Pai Nao Existe no Banco
14677;9860;1534;1;160,00;Venda Pai Nao Existe no Banco
14678;9861;7953;1;250,00;Venda Pai Nao Existe no Banco
14679;9780;8355;1;200,00;Venda Pai Nao Existe no Banco
14680;9862;8552;1;150,00;Venda Pai Nao Existe no Banco
14684;9864;7821;1;260,00;Venda Pai Nao Existe no Banco
14685;9865;8707;1;945,00;Venda Pai Nao Existe no Banco
14686;9865;7628;1;200,00;Venda Pai Nao Existe no Banco
14687;9866;1760;1;375,00;Venda Pai Nao Existe no Banco
14688;9867;8102;1;300,00;Venda Pai Nao Existe no Banco
14689;9868;7953;1;220,00;Venda Pai Nao Existe no Banco
14690;9868;7821;1;240,00;Venda Pai Nao Existe no Banco
14691;9871;7953;1;250,00;Venda Pai Nao Existe no Banco
14692;9872;8552;1;180,00;Venda Pai Nao Existe no Banco
14694;9863;1528;2;220,00;Venda Pai Nao Existe no Banco
14695;9873;8232;1;950,00;Venda Pai Nao Existe no Banco
14696;9873;4998;1;420,00;Venda Pai Nao Existe no Banco
14697;9874;8232;1;675,00;Venda Pai Nao Existe no Banco
14698;9876;8552;1;100,00;Venda Pai Nao Existe no Banco
14699;9877;7953;1;250,00;Venda Pai Nao Existe no Banco
14700;9877;8552;1;190,00;Venda Pai Nao Existe no Banco
14701;9879;1534;1;120,00;Venda Pai Nao Existe no Banco
14703;9880;8201;1;850,00;Venda Pai Nao Existe no Banco
14704;9881;8927;1;570,00;Venda Pai Nao Existe no Banco
14705;9882;7821;1;260,00;Venda Pai Nao Existe no Banco
14706;9883;7953;1;250,00;Venda Pai Nao Existe no Banco
14707;9883;8552;1;190,00;Venda Pai Nao Existe no Banco
14708;9884;6176;1;750,00;Venda Pai Nao Existe no Banco
14710;9885;1349;1;190,00;Venda Pai Nao Existe no Banco
14711;9885;1721;1;790,00;Venda Pai Nao Existe no Banco
14712;9887;1534;1;170,00;Venda Pai Nao Existe no Banco
14713;9888;1534;1;160,00;Venda Pai Nao Existe no Banco
14714;9889;1534;1;160,00;Venda Pai Nao Existe no Banco
14715;9890;5627;1;850,00;Venda Pai Nao Existe no Banco
14716;9891;1534;1;140,00;Venda Pai Nao Existe no Banco
14717;9891;8552;1;100,00;Venda Pai Nao Existe no Banco
14718;9891;1721;1;620,00;Venda Pai Nao Existe no Banco
14719;9891;8185;1;675,00;Venda Pai Nao Existe no Banco
14720;9892;1542;0,5;130,00;Venda Pai Nao Existe no Banco
14721;9893;1534;1;190,00;Venda Pai Nao Existe no Banco
14722;9893;6292;1;100,00;Venda Pai Nao Existe no Banco
14723;9894;1534;1;160,00;Venda Pai Nao Existe no Banco
14724;9894;8552;1;190,00;Venda Pai Nao Existe no Banco
14725;9895;8196;1;750,00;Venda Pai Nao Existe no Banco
14726;9896;2403;1;380,00;Venda Pai Nao Existe no Banco
14727;9897;1534;1;160,00;Venda Pai Nao Existe no Banco
14728;9897;1534;1;190,00;Venda Pai Nao Existe no Banco
14729;9897;8552;1;190,00;Venda Pai Nao Existe no Banco
14730;9899;8590;1;2.160,00;Venda Pai Nao Existe no Banco
14731;9899;8355;1;390,00;Venda Pai Nao Existe no Banco
14732;9900;1542;1;290,00;Venda Pai Nao Existe no Banco
14735;9855;8952;1;20,00;Venda Pai Nao Existe no Banco
14736;9902;1533;1;450,00;Venda Pai Nao Existe no Banco
14737;9903;2733;1;170,00;Venda Pai Nao Existe no Banco
14738;9903;1554;1;280,00;Venda Pai Nao Existe no Banco
14739;9904;3649;1;40,00;Venda Pai Nao Existe no Banco
14740;9906;7953;1;250,00;Venda Pai Nao Existe no Banco
14741;9906;2403;1;380,00;Venda Pai Nao Existe no Banco
14742;9907;7953;0,5;110,00;Venda Pai Nao Existe no Banco
14743;9908;2403;1;240,00;Venda Pai Nao Existe no Banco
14745;9909;8707;1;1.100,00;Venda Pai Nao Existe no Banco
14746;9909;7821;1;280,00;Venda Pai Nao Existe no Banco
14747;9910;1721;1;490,00;Venda Pai Nao Existe no Banco
14748;9910;8355;1;390,00;Venda Pai Nao Existe no Banco
14749;9911;4581;1;240,00;Venda Pai Nao Existe no Banco
14750;9912;8060;1;270,00;Venda Pai Nao Existe no Banco
14752;9913;8953;1;445,00;Venda Pai Nao Existe no Banco
14753;9913;7810;1;100,00;Venda Pai Nao Existe no Banco
14754;9914;8707;1;1.100,00;Venda Pai Nao Existe no Banco
14755;9914;8355;1;350,00;Venda Pai Nao Existe no Banco
14756;9914;8355;1;350,00;Venda Pai Nao Existe no Banco
14757;9914;7953;1;225,00;Venda Pai Nao Existe no Banco
14758;9915;7447;1;390,00;Venda Pai Nao Existe no Banco
14759;9916;1542;1;350,00;Venda Pai Nao Existe no Banco
14760;9916;8355;1;390,00;Venda Pai Nao Existe no Banco
14761;9917;8552;1;170,00;Venda Pai Nao Existe no Banco
14762;9918;7953;1;250,00;Venda Pai Nao Existe no Banco
14763;9918;8552;1;190,00;Venda Pai Nao Existe no Banco
14764;9919;7821;1;280,00;Venda Pai Nao Existe no Banco
14765;9920;8552;1;170,00;Venda Pai Nao Existe no Banco
14766;9921;7821;1;260,00;Venda Pai Nao Existe no Banco
14767;9921;8668;1;10,00;Venda Pai Nao Existe no Banco
14768;9922;7821;1;270,00;Venda Pai Nao Existe no Banco
14769;9922;7953;1;250,00;Venda Pai Nao Existe no Banco
14770;9923;1540;1;40,00;Venda Pai Nao Existe no Banco
14771;9924;1542;1;290,00;Venda Pai Nao Existe no Banco
14772;9925;7628;1;190,00;Venda Pai Nao Existe no Banco
14773;9925;8330;1;445,00;Venda Pai Nao Existe no Banco
14774;9926;7953;1;250,00;Venda Pai Nao Existe no Banco
14775;9927;7953;1;250,00;Venda Pai Nao Existe no Banco
14776;9928;1760;1;0,00;Venda Pai Nao Existe no Banco
14777;9930;1542;1;290,00;Venda Pai Nao Existe no Banco
14778;9931;1540;1;40,00;Venda Pai Nao Existe no Banco
14779;9932;7672;1;250,00;Venda Pai Nao Existe no Banco
14780;9932;1542;1;300,00;Venda Pai Nao Existe no Banco
14781;9933;8196;1;800,00;Venda Pai Nao Existe no Banco
14782;9933;7953;1;250,00;Venda Pai Nao Existe no Banco
14783;9933;7821;1;280,00;Venda Pai Nao Existe no Banco
14784;9934;3468;1;180,00;Venda Pai Nao Existe no Banco
14785;9934;1542;1;350,00;Venda Pai Nao Existe no Banco
14786;9936;8355;1;315,00;Venda Pai Nao Existe no Banco
14787;9938;8399;1;450,00;Venda Pai Nao Existe no Banco
14788;9938;7953;1;250,00;Venda Pai Nao Existe no Banco
14790;9938;7953;1;250,00;Venda Pai Nao Existe no Banco
14791;9938;8552;1;190,00;Venda Pai Nao Existe no Banco
14792;9939;7953;1;220,00;Venda Pai Nao Existe no Banco
14793;9939;7821;1;260,00;Venda Pai Nao Existe no Banco
14794;9940;8707;1;1.500,00;Venda Pai Nao Existe no Banco
14795;9941;7987;1;590,00;Venda Pai Nao Existe no Banco
14799;9942;8913;1;1.560,00;Venda Pai Nao Existe no Banco
14802;9942;8954;1;880,00;Venda Pai Nao Existe no Banco
14804;9945;8552;1;190,00;Venda Pai Nao Existe no Banco
14805;9945;8297;1;2.191,00;Venda Pai Nao Existe no Banco
14806;9946;8441;1;690,00;Venda Pai Nao Existe no Banco
14807;9947;1534;1;160,00;Venda Pai Nao Existe no Banco
14808;9948;1542;1;350,00;Venda Pai Nao Existe no Banco
14809;9950;2403;1;380,00;Venda Pai Nao Existe no Banco
14810;9951;8102;0,5;295,00;Venda Pai Nao Existe no Banco
14811;9951;1534;0,5;80,00;Venda Pai Nao Existe no Banco
14813;9951;4953;1;1.020,00;Venda Pai Nao Existe no Banco
14815;9951;1533;1;190,00;Venda Pai Nao Existe no Banco
14816;9951;8552;1;190,00;Venda Pai Nao Existe no Banco
14817;9952;1554;1;350,00;Venda Pai Nao Existe no Banco
14818;9952;8552;1;180,00;Venda Pai Nao Existe no Banco
14819;9953;1534;1;140,00;Venda Pai Nao Existe no Banco
14821;9954;8707;1;1.400,00;Venda Pai Nao Existe no Banco
14822;9954;1534;1;140,00;Venda Pai Nao Existe no Banco
14823;9954;8552;1;160,00;Venda Pai Nao Existe no Banco
14826;9955;7821;1;270,00;Venda Pai Nao Existe no Banco
14827;9955;1721;1;600,00;Venda Pai Nao Existe no Banco
14828;9957;1534;1;160,00;Venda Pai Nao Existe no Banco
14829;9957;8552;1;190,00;Venda Pai Nao Existe no Banco
14830;9958;1760;1;500,00;Venda Pai Nao Existe no Banco
14831;9959;8552;1;130,00;Venda Pai Nao Existe no Banco
14832;9961;7953;1;250,00;Venda Pai Nao Existe no Banco
14833;9961;7821;1;270,00;Venda Pai Nao Existe no Banco
14834;9961;8273;1;750,00;Venda Pai Nao Existe no Banco
14835;9961;7821;1;270,00;Venda Pai Nao Existe no Banco
14836;9963;1534;1;140,00;Venda Pai Nao Existe no Banco
14837;9965;1542;1;350,00;Venda Pai Nao Existe no Banco
14838;9966;6600;1;450,00;Venda Pai Nao Existe no Banco
14839;9967;7821;1;270,00;Venda Pai Nao Existe no Banco
14840;9968;1534;1;220,00;Venda Pai Nao Existe no Banco
14841;9968;5933;1;380,00;Venda Pai Nao Existe no Banco
14842;9969;8552;1;160,00;Venda Pai Nao Existe no Banco
14843;9971;7953;1;250,00;Venda Pai Nao Existe no Banco
14844;9971;8552;1;190,00;Venda Pai Nao Existe no Banco
14845;9972;1542;1;300,00;Venda Pai Nao Existe no Banco
14846;9973;1534;1;160,00;Venda Pai Nao Existe no Banco
14847;9973;8552;1;140,00;Venda Pai Nao Existe no Banco
14848;9974;1760;1;845,00;Venda Pai Nao Existe no Banco
14849;9974;7821;1;280,00;Venda Pai Nao Existe no Banco
14850;9975;8300;1;890,00;Venda Pai Nao Existe no Banco
14851;9975;7821;1;260,00;Venda Pai Nao Existe no Banco
14853;9976;8707;1;1.560,00;Venda Pai Nao Existe no Banco
14854;9976;7821;1;280,00;Venda Pai Nao Existe no Banco
14855;9978;1760;1;495,00;Venda Pai Nao Existe no Banco
14856;9979;7953;1;220,00;Venda Pai Nao Existe no Banco
14857;9979;7821;1;230,00;Venda Pai Nao Existe no Banco
14858;9980;1534;1;140,00;Venda Pai Nao Existe no Banco
14859;9980;8552;1;175,00;Venda Pai Nao Existe no Banco
14860;9981;1534;1;120,00;Venda Pai Nao Existe no Banco
14861;9981;8552;1;100,00;Venda Pai Nao Existe no Banco
14862;9982;8300;1;890,00;Venda Pai Nao Existe no Banco
14863;9982;8552;1;190,00;Venda Pai Nao Existe no Banco
14864;9983;922;1;550,00;Venda Pai Nao Existe no Banco
14866;9986;7953;1;260,00;Venda Pai Nao Existe no Banco
14867;9986;1534;2;300,00;Venda Pai Nao Existe no Banco
14868;9987;8707;1;1.045,00;Venda Pai Nao Existe no Banco
14869;9987;7953;1;250,00;Venda Pai Nao Existe no Banco
14870;9988;8707;1;1.170,00;Venda Pai Nao Existe no Banco
14871;9988;7821;1;270,00;Venda Pai Nao Existe no Banco
14872;9986;7821;1;220,00;Venda Pai Nao Existe no Banco
14873;9989;7953;1;175,00;Venda Pai Nao Existe no Banco
14874;9990;1534;1;140,00;Venda Pai Nao Existe no Banco
14875;9990;8355;1;355,00;Venda Pai Nao Existe no Banco
14876;9991;7953;1;270,00;Venda Pai Nao Existe no Banco
14877;9991;8552;1;100,00;Venda Pai Nao Existe no Banco
14878;9991;8633;1;450,00;Venda Pai Nao Existe no Banco
14879;9992;8552;1;190,00;Venda Pai Nao Existe no Banco
14880;9991;4497;1;150,00;Venda Pai Nao Existe no Banco
14881;9991;7821;1;280,00;Venda Pai Nao Existe no Banco
14882;9993;1534;1;160,00;Venda Pai Nao Existe no Banco
14884;9994;8959;1;880,00;Venda Pai Nao Existe no Banco
14885;9996;1534;1;160,00;Venda Pai Nao Existe no Banco
14886;9996;8552;1;140,00;Venda Pai Nao Existe no Banco
14887;9999;8552;1;190,00;Venda Pai Nao Existe no Banco
14888;10000;7972;1;260,00;Venda Pai Nao Existe no Banco
14889;10002;8355;1;390,00;Venda Pai Nao Existe no Banco
14890;10003;1534;1;160,00;Venda Pai Nao Existe no Banco
14891;10003;1534;1;160,00;Venda Pai Nao Existe no Banco
14892;10003;7987;1;450,00;Venda Pai Nao Existe no Banco
14893;10003;7987;1;450,00;Venda Pai Nao Existe no Banco
14894;10005;7953;1;225,00;Venda Pai Nao Existe no Banco
14895;10007;6158;1;460,00;Venda Pai Nao Existe no Banco
14896;10008;1542;1;350,00;Venda Pai Nao Existe no Banco
14897;10009;1542;1;290,00;Venda Pai Nao Existe no Banco
14898;10010;7821;1;270,00;Venda Pai Nao Existe no Banco
14899;10011;8552;1;190,00;Venda Pai Nao Existe no Banco
14900;10011;1542;1;350,00;Venda Pai Nao Existe no Banco
14901;10012;7953;0,5;125,00;Venda Pai Nao Existe no Banco
14902;10012;7821;1;270,00;Venda Pai Nao Existe no Banco
14903;10013;7953;1;250,00;Venda Pai Nao Existe no Banco
14904;10013;7821;1;280,00;Venda Pai Nao Existe no Banco
14905;10014;1534;1;140,00;Venda Pai Nao Existe no Banco
14906;10014;4041;1;100,00;Venda Pai Nao Existe no Banco
14907;9984;1534;1;50,00;Venda Pai Nao Existe no Banco
14908;10015;1760;1;650,00;Venda Pai Nao Existe no Banco
14909;10015;7821;1;270,00;Venda Pai Nao Existe no Banco
14910;10016;1721;1;900,00;Venda Pai Nao Existe no Banco
14911;10016;8815;1;1.090,00;Venda Pai Nao Existe no Banco
14912;10017;1542;1;350,00;Venda Pai Nao Existe no Banco
14913;10017;7821;1;280,00;Venda Pai Nao Existe no Banco
14914;10018;1542;1;300,00;Venda Pai Nao Existe no Banco
14915;10019;1542;1;310,00;Venda Pai Nao Existe no Banco
14916;10019;8632;1;350,00;Venda Pai Nao Existe no Banco
14917;10020;7810;1;190,00;Venda Pai Nao Existe no Banco
14918;10020;1534;1;160,00;Venda Pai Nao Existe no Banco
14919;10020;8552;1;190,00;Venda Pai Nao Existe no Banco
14921;10022;1533;1;90,00;Venda Pai Nao Existe no Banco
14922;10022;1534;1;160,00;Venda Pai Nao Existe no Banco
14924;10022;8552;1;190,00;Venda Pai Nao Existe no Banco
14927;10021;8913;1;1.045,00;Venda Pai Nao Existe no Banco
14928;10025;1534;1;160,00;Venda Pai Nao Existe no Banco
14929;10022;8770;1;590,00;Venda Pai Nao Existe no Banco
14930;10026;1542;1;350,00;Venda Pai Nao Existe no Banco
14931;10026;8552;1;190,00;Venda Pai Nao Existe no Banco
14932;10026;8552;1;240,00;Venda Pai Nao Existe no Banco
14934;10027;1542;1;350,00;Venda Pai Nao Existe no Banco
14935;10028;7821;1;250,00;Venda Pai Nao Existe no Banco
14936;10028;7821;1;250,00;Venda Pai Nao Existe no Banco
14939;10028;8102;0,5;400,00;Venda Pai Nao Existe no Banco
14940;10028;1534;1;100,00;Venda Pai Nao Existe no Banco
14941;10029;1542;1;350,00;Venda Pai Nao Existe no Banco
14942;10031;1534;0,5;220,00;Venda Pai Nao Existe no Banco
14945;10032;7821;1;280,00;Venda Pai Nao Existe no Banco
14947;10033;1534;1;160,00;Venda Pai Nao Existe no Banco
14948;10034;4657;1;670,00;Venda Pai Nao Existe no Banco
14949;10034;8552;1;240,00;Venda Pai Nao Existe no Banco
14950;10035;7628;1;380,00;Venda Pai Nao Existe no Banco
14951;10037;1542;1;350,00;Venda Pai Nao Existe no Banco
14952;10037;7821;1;280,00;Venda Pai Nao Existe no Banco
14953;10039;7821;1;280,00;Venda Pai Nao Existe no Banco
14955;10040;7953;1;220,00;Venda Pai Nao Existe no Banco
14956;10041;7953;1;250,00;Venda Pai Nao Existe no Banco
14957;10041;7628;1;240,00;Venda Pai Nao Existe no Banco
14958;10042;1542;1;350,00;Venda Pai Nao Existe no Banco
14962;10044;1554;1;290,00;Venda Pai Nao Existe no Banco
14963;10044;8552;1;100,00;Venda Pai Nao Existe no Banco
14964;10045;1552;1;350,00;Venda Pai Nao Existe no Banco
14965;10045;8355;1;450,00;Venda Pai Nao Existe no Banco
14966;10046;1542;1;0,00;Venda Pai Nao Existe no Banco
14967;10046;1542;1;0,00;Venda Pai Nao Existe no Banco
14968;10046;7821;1;150,00;Venda Pai Nao Existe no Banco
14969;10047;1533;1;40,00;Venda Pai Nao Existe no Banco
14970;10048;1542;1;320,00;Venda Pai Nao Existe no Banco
14971;10049;1534;0,5;80,00;Venda Pai Nao Existe no Banco
14974;10051;1534;1;180,00;Venda Pai Nao Existe no Banco
14975;10051;7821;1;290,00;Venda Pai Nao Existe no Banco
14976;10052;1760;1;700,00;Venda Pai Nao Existe no Banco
14977;10053;1770;1;221,00;Venda Pai Nao Existe no Banco
14978;10054;7953;1;250,00;Venda Pai Nao Existe no Banco
14980;10054;8977;1;750,00;Venda Pai Nao Existe no Banco
14981;10055;7953;1;225,00;Venda Pai Nao Existe no Banco
14982;10056;1534;1;160,00;Venda Pai Nao Existe no Banco
14983;10057;7953;1;250,00;Venda Pai Nao Existe no Banco
14984;10057;7628;1;280,00;Venda Pai Nao Existe no Banco
14985;10058;1760;1;450,00;Venda Pai Nao Existe no Banco
14986;10059;3173;1;120,00;Venda Pai Nao Existe no Banco
14987;10060;1542;1;380,00;Venda Pai Nao Existe no Banco
14988;10061;1534;1;140,00;Venda Pai Nao Existe no Banco
14989;10062;1752;1;450,00;Venda Pai Nao Existe no Banco
14990;10064;1542;1;350,00;Venda Pai Nao Existe no Banco
14991;10065;1542;0,5;150,00;Venda Pai Nao Existe no Banco
14993;10067;1411;1;280,00;Venda Pai Nao Existe no Banco
14994;10048;7821;1;280,00;Venda Pai Nao Existe no Banco
14995;10069;7953;1;250,00;Venda Pai Nao Existe no Banco
14996;10069;7821;1;280,00;Venda Pai Nao Existe no Banco
14997;10071;1528;1;180,00;Venda Pai Nao Existe no Banco
14998;10072;7953;1;280,00;Venda Pai Nao Existe no Banco
14999;10073;1534;1;160,00;Venda Pai Nao Existe no Banco
15000;10073;7821;1;280,00;Venda Pai Nao Existe no Banco
15001;10074;1534;1;160,00;Venda Pai Nao Existe no Banco
15002;10074;8552;1;100,00;Venda Pai Nao Existe no Banco
15003;10075;7953;1;250,00;Venda Pai Nao Existe no Banco
15004;10075;7821;1;280,00;Venda Pai Nao Existe no Banco
15009;10072;8355;1;390,00;Venda Pai Nao Existe no Banco
15010;10078;7953;1;250,00;Venda Pai Nao Existe no Banco
15011;10079;8644;1;320,00;Venda Pai Nao Existe no Banco
15012;10080;1542;1;350,00;Venda Pai Nao Existe no Banco
15013;10080;7628;1;280,00;Venda Pai Nao Existe no Banco
15014;10081;8185;1;750,00;Venda Pai Nao Existe no Banco
15015;10081;8602;1;390,00;Venda Pai Nao Existe no Banco
15016;10082;7953;1;260,00;Venda Pai Nao Existe no Banco
15017;10083;1534;1;160,00;Venda Pai Nao Existe no Banco
15019;10085;7821;1;240,00;Venda Pai Nao Existe no Banco
15020;10086;1534;1;160,00;Venda Pai Nao Existe no Banco
15021;10086;8552;1;180,00;Venda Pai Nao Existe no Banco
15022;10086;1349;1;100,00;Venda Pai Nao Existe no Banco
15023;10088;7821;1;230,00;Venda Pai Nao Existe no Banco
15024;10089;8825;1;1.170,00;Venda Pai Nao Existe no Banco
15025;10090;2403;1;280,00;Venda Pai Nao Existe no Banco
15026;10091;8970;1;880,00;Venda Pai Nao Existe no Banco
15027;10092;8312;1;160,00;Venda Pai Nao Existe no Banco
15028;10093;8952;1;25,00;Venda Pai Nao Existe no Banco
15029;10094;4764;1;430,00;Venda Pai Nao Existe no Banco
15030;10095;1554;1;350,00;Venda Pai Nao Existe no Banco
15031;10095;7821;1;280,00;Venda Pai Nao Existe no Banco
15032;10096;1534;1;160,00;Venda Pai Nao Existe no Banco
15033;10097;6292;1;100,00;Venda Pai Nao Existe no Banco
15035;10098;8978;1;2.190,00;Venda Pai Nao Existe no Banco
15036;10099;8552;1;200,00;Venda Pai Nao Existe no Banco
15037;10067;8720;1;450,00;Venda Pai Nao Existe no Banco
15038;10101;1534;1;160,00;Venda Pai Nao Existe no Banco
15039;10101;7821;1;280,00;Venda Pai Nao Existe no Banco
15040;10102;8273;1;610,00;Venda Pai Nao Existe no Banco
15041;10102;8355;1;350,00;Venda Pai Nao Existe no Banco
15042;10104;1534;1;140,00;Venda Pai Nao Existe no Banco
15043;10105;7953;1;250,00;Venda Pai Nao Existe no Banco
15044;10105;8552;1;190,00;Venda Pai Nao Existe no Banco
15045;10107;1349;1;150,00;Venda Pai Nao Existe no Banco
15046;10105;8399;1;450,00;Venda Pai Nao Existe no Banco
15047;10107;8185;1;750,00;Venda Pai Nao Existe no Banco
15049;10108;7821;1;250,00;Venda Pai Nao Existe no Banco
15050;10109;1542;1;350,00;Venda Pai Nao Existe no Banco
15051;10109;7821;1;280,00;Venda Pai Nao Existe no Banco
15052;10110;6292;1;100,00;Venda Pai Nao Existe no Banco
15053;10112;7821;1;280,00;Venda Pai Nao Existe no Banco
15054;10112;7953;1;270,00;Venda Pai Nao Existe no Banco
15055;10113;8774;1;590,00;Venda Pai Nao Existe no Banco
15056;10114;1542;1;290,00;Venda Pai Nao Existe no Banco
15057;10115;7953;1;250,00;Venda Pai Nao Existe no Banco
15058;10116;7821;1;200,00;Venda Pai Nao Existe no Banco
15059;10117;1534;1;160,00;Venda Pai Nao Existe no Banco
15060;10122;1534;1;229,00;Venda Pai Nao Existe no Banco
15062;10122;3281;1;390,00;Venda Pai Nao Existe no Banco
15063;10123;8232;1;890,00;Venda Pai Nao Existe no Banco
15064;10125;8332;1;820,00;Venda Pai Nao Existe no Banco
15065;10125;1534;1;220,00;Venda Pai Nao Existe no Banco
15066;10126;1534;1;140,00;Venda Pai Nao Existe no Banco
15067;10126;6292;1;100,00;Venda Pai Nao Existe no Banco
15068;10127;8185;1;675,00;Venda Pai Nao Existe no Banco
15069;10127;8967;1;725,00;Venda Pai Nao Existe no Banco
15071;10128;8478;1;450,00;Venda Pai Nao Existe no Banco
15073;10128;8979;1;825,00;Venda Pai Nao Existe no Banco
15074;10130;8834;1;390,00;Venda Pai Nao Existe no Banco
15075;10131;8198;1;800,00;Venda Pai Nao Existe no Banco
15076;10132;7628;1;230,00;Venda Pai Nao Existe no Banco
15077;10134;1534;1;160,00;Venda Pai Nao Existe no Banco
15078;10134;6292;1;100,00;Venda Pai Nao Existe no Banco
15079;10135;7953;1;250,00;Venda Pai Nao Existe no Banco
15080;10136;7953;1;225,00;Venda Pai Nao Existe no Banco
15081;10136;8355;1;350,00;Venda Pai Nao Existe no Banco
15082;10137;1534;1;140,00;Venda Pai Nao Existe no Banco
15083;10137;1534;1;140,00;Venda Pai Nao Existe no Banco
15084;10137;7628;1;160,00;Venda Pai Nao Existe no Banco
15085;10138;5627;1;765,00;Venda Pai Nao Existe no Banco
15086;10139;8552;1;190,00;Venda Pai Nao Existe no Banco
15087;10140;1554;1;315,00;Venda Pai Nao Existe no Banco
15090;10142;1542;1;0,00;Venda Pai Nao Existe no Banco
15091;10142;8355;1;200,00;Venda Pai Nao Existe no Banco
15092;10143;1542;1;290,00;Venda Pai Nao Existe no Banco
15093;10143;8552;1;170,00;Venda Pai Nao Existe no Banco
15094;10144;2287;1;50,00;Venda Pai Nao Existe no Banco
15095;10145;1760;1;495,00;Venda Pai Nao Existe no Banco
15096;10145;7821;1;290,00;Venda Pai Nao Existe no Banco
15097;10146;5627;1;470,00;Venda Pai Nao Existe no Banco
15098;10147;1542;1;350,00;Venda Pai Nao Existe no Banco
15099;10148;1534;1;160,00;Venda Pai Nao Existe no Banco
15100;10148;7821;1;280,00;Venda Pai Nao Existe no Banco
15101;10149;1542;1;350,00;Venda Pai Nao Existe no Banco
15102;10149;1326;1;50,00;Venda Pai Nao Existe no Banco
15103;10150;7490;1;280,00;Venda Pai Nao Existe no Banco
15104;10150;1542;1;350,00;Venda Pai Nao Existe no Banco
15105;10151;7953;1;250,00;Venda Pai Nao Existe no Banco
15106;10151;7821;1;280,00;Venda Pai Nao Existe no Banco
15107;10152;1542;1;350,00;Venda Pai Nao Existe no Banco
15108;10153;8636;1;390,00;Venda Pai Nao Existe no Banco
15109;10153;1534;1;160,00;Venda Pai Nao Existe no Banco
15110;10155;1542;1;315,00;Venda Pai Nao Existe no Banco
15111;10155;8552;1;165,00;Venda Pai Nao Existe no Banco
15112;10156;4497;1;100,00;Venda Pai Nao Existe no Banco
15115;10157;8273;1;585,00;Venda Pai Nao Existe no Banco
15117;10157;8552;1;170,00;Venda Pai Nao Existe no Banco
15118;10159;7953;1;250,00;Venda Pai Nao Existe no Banco
15119;10159;7821;1;290,00;Venda Pai Nao Existe no Banco
15121;10160;7821;1;290,00;Venda Pai Nao Existe no Banco
15122;10161;1534;0,5;80,00;Venda Pai Nao Existe no Banco
15123;10162;1542;1;350,00;Venda Pai Nao Existe no Banco
15124;10162;7821;1;290,00;Venda Pai Nao Existe no Banco
15125;10163;1542;1;290,00;Venda Pai Nao Existe no Banco
15126;10163;7821;1;260,00;Venda Pai Nao Existe no Banco
15127;10165;1760;1;490,00;Venda Pai Nao Existe no Banco
15128;10166;8979;1;740,00;Venda Pai Nao Existe no Banco
15129;10166;8355;1;300,00;Venda Pai Nao Existe no Banco
15130;10167;7953;1;225,00;Venda Pai Nao Existe no Banco
15131;10167;8883;1;765,00;Venda Pai Nao Existe no Banco
15132;10168;1534;1;160,00;Venda Pai Nao Existe no Banco
15133;10168;8552;1;190,00;Venda Pai Nao Existe no Banco
15134;10169;1534;1;860,00;Venda Pai Nao Existe no Banco
15135;10169;8552;1;190,00;Venda Pai Nao Existe no Banco
15136;10171;1534;1;160,00;Venda Pai Nao Existe no Banco
15137;10171;6292;1;100,00;Venda Pai Nao Existe no Banco
15138;10173;1534;1;160,00;Venda Pai Nao Existe no Banco
15139;10174;7953;1;220,00;Venda Pai Nao Existe no Banco
15140;10174;7821;1;250,00;Venda Pai Nao Existe no Banco
15141;10165;8552;1;190,00;Venda Pai Nao Existe no Banco
15142;10175;7953;1;220,00;Venda Pai Nao Existe no Banco
15143;10176;1534;1;160,00;Venda Pai Nao Existe no Banco
15144;10176;7821;1;280,00;Venda Pai Nao Existe no Banco
15145;10138;8552;1;190,00;Venda Pai Nao Existe no Banco
15146;10177;8355;1;450,00;Venda Pai Nao Existe no Banco
15147;10177;5521;1;540,00;Venda Pai Nao Existe no Banco
15148;10178;1534;1;160,00;Venda Pai Nao Existe no Banco
15149;10179;7953;1;250,00;Venda Pai Nao Existe no Banco
15150;10179;7821;1;280,00;Venda Pai Nao Existe no Banco
15151;10180;7953;1;225,00;Venda Pai Nao Existe no Banco
15152;10180;8193;1;100,00;Venda Pai Nao Existe no Banco
15153;10181;1534;1;160,00;Venda Pai Nao Existe no Banco
15154;10181;8552;1;190,00;Venda Pai Nao Existe no Banco
15155;10182;1542;1;290,00;Venda Pai Nao Existe no Banco
15156;10182;8355;1;420,00;Venda Pai Nao Existe no Banco
15157;10184;2403;2;680,00;Venda Pai Nao Existe no Banco
15158;10186;1534;1;160,00;Venda Pai Nao Existe no Banco
15161;10188;3468;1;180,00;Venda Pai Nao Existe no Banco
15162;10188;1542;1;350,00;Venda Pai Nao Existe no Banco
15164;10187;8982;1;1.155,00;Venda Pai Nao Existe no Banco
15165;10189;1533;1;160,00;Venda Pai Nao Existe no Banco
15166;10190;1760;1;410,00;Venda Pai Nao Existe no Banco
15167;10190;7628;1;190,00;Venda Pai Nao Existe no Banco
15168;10191;1542;1;350,00;Venda Pai Nao Existe no Banco
15169;10187;8986;1;880,00;Venda Pai Nao Existe no Banco
15170;10192;1534;1;160,00;Venda Pai Nao Existe no Banco
15171;10193;1542;1;375,00;Venda Pai Nao Existe no Banco
15172;10194;1534;1;160,00;Venda Pai Nao Existe no Banco
15173;10194;8552;1;190,00;Venda Pai Nao Existe no Banco
15174;10195;1542;1;315,00;Venda Pai Nao Existe no Banco
15175;10196;7628;1;190,00;Venda Pai Nao Existe no Banco
15176;10197;7953;1;250,00;Venda Pai Nao Existe no Banco
15177;10197;8355;1;450,00;Venda Pai Nao Existe no Banco
15178;10199;7810;1;100,00;Venda Pai Nao Existe no Banco
15179;10200;8102;1;560,00;Venda Pai Nao Existe no Banco
15183;10201;8987;1;890,00;Venda Pai Nao Existe no Banco
15184;10203;1552;1;315,00;Venda Pai Nao Existe no Banco
15185;10204;1534;1;160,00;Venda Pai Nao Existe no Banco
15187;10205;8552;1;260,00;Venda Pai Nao Existe no Banco
15188;10205;7953;1;250,00;Venda Pai Nao Existe no Banco
15189;10206;2287;1;50,00;Venda Pai Nao Existe no Banco
15190;10207;1542;1;290,00;Venda Pai Nao Existe no Banco
15191;10210;7953;1;700,00;Venda Pai Nao Existe no Banco
15192;10210;7821;1;280,00;Venda Pai Nao Existe no Banco
15193;10211;1542;1;300,00;Venda Pai Nao Existe no Banco
15194;10212;7953;1;125,00;Venda Pai Nao Existe no Banco
15195;10213;5627;1;900,00;Venda Pai Nao Existe no Banco
15196;10214;7953;1;220,00;Venda Pai Nao Existe no Banco
15197;10214;7821;1;230,00;Venda Pai Nao Existe no Banco
15198;10216;1534;1;144,00;Venda Pai Nao Existe no Banco
15199;10216;8552;1;171,00;Venda Pai Nao Existe no Banco
15200;10217;1534;1;160,00;Venda Pai Nao Existe no Banco
15201;10217;8552;1;190,00;Venda Pai Nao Existe no Banco
15202;10218;7953;1;250,00;Venda Pai Nao Existe no Banco
15203;10218;7821;1;290,00;Venda Pai Nao Existe no Banco
15204;10220;1534;1;160,00;Venda Pai Nao Existe no Banco
15205;10218;7953;1;250,00;Venda Pai Nao Existe no Banco
15206;10218;7821;1;290,00;Venda Pai Nao Existe no Banco
15207;10222;1534;1;160,00;Venda Pai Nao Existe no Banco
15208;10222;7821;1;240,00;Venda Pai Nao Existe no Banco
15209;10223;7953;1;220,00;Venda Pai Nao Existe no Banco
15210;10223;8552;1;130,00;Venda Pai Nao Existe no Banco
15211;10224;1542;1;350,00;Venda Pai Nao Existe no Banco
15212;10225;7953;1;250,00;Venda Pai Nao Existe no Banco
15213;10226;1534;1;160,00;Venda Pai Nao Existe no Banco
15214;10226;2287;1;25,00;Venda Pai Nao Existe no Banco
15215;10226;8355;1;450,00;Venda Pai Nao Existe no Banco
15216;10227;7953;1;250,00;Venda Pai Nao Existe no Banco
15217;10227;7821;1;290,00;Venda Pai Nao Existe no Banco
15218;10228;1526;1;290,00;Venda Pai Nao Existe no Banco
15219;10229;8294;1;740,00;Venda Pai Nao Existe no Banco
15220;10228;1526;1;290,00;Venda Pai Nao Existe no Banco
15222;10230;8979;1;740,00;Venda Pai Nao Existe no Banco
15223;10231;1534;1;90,00;Venda Pai Nao Existe no Banco
15224;10232;1534;1;160,00;Venda Pai Nao Existe no Banco
15225;10232;8552;1;170,00;Venda Pai Nao Existe no Banco
15226;10233;7953;1;250,00;Venda Pai Nao Existe no Banco
15227;10234;1542;1;350,00;Venda Pai Nao Existe no Banco
15228;10213;6159;1;380,00;Venda Pai Nao Existe no Banco
15229;10235;1534;1;120,00;Venda Pai Nao Existe no Banco
15230;10237;1542;1;350,00;Venda Pai Nao Existe no Banco
15231;10238;7953;1;250,00;Venda Pai Nao Existe no Banco
15232;10239;8988;1;2.800,00;Venda Pai Nao Existe no Banco
15233;10241;1534;1;160,00;Venda Pai Nao Existe no Banco
15234;10241;1534;1;160,00;Venda Pai Nao Existe no Banco
15235;10241;7821;1;280,00;Venda Pai Nao Existe no Banco
15238;10243;1534;1;150,00;Venda Pai Nao Existe no Banco
15239;10243;7821;1;250,00;Venda Pai Nao Existe no Banco
15240;10244;1542;1;350,00;Venda Pai Nao Existe no Banco
15241;10244;7821;1;280,00;Venda Pai Nao Existe no Banco
15242;10250;7972;1;350,00;Venda Pai Nao Existe no Banco
15243;10251;1542;1;305,00;Venda Pai Nao Existe no Banco
15244;10251;7821;1;275,00;Venda Pai Nao Existe no Banco
15246;10252;8989;1;1.300,00;Venda Pai Nao Existe no Banco
15247;10252;7821;1;200,00;Venda Pai Nao Existe no Banco
15248;10253;7953;1;220,00;Venda Pai Nao Existe no Banco
15249;10253;8888;1;710,00;Venda Pai Nao Existe no Banco
15251;10254;8987;1;990,00;Venda Pai Nao Existe no Banco
15252;10254;7821;1;280,00;Venda Pai Nao Existe no Banco
15253;10255;1542;1;350,00;Venda Pai Nao Existe no Banco
15254;10255;8355;1;390,00;Venda Pai Nao Existe no Banco
15255;10256;1542;1;350,00;Venda Pai Nao Existe no Banco
15256;10258;1542;1;300,00;Venda Pai Nao Existe no Banco
15257;10259;7953;1;250,00;Venda Pai Nao Existe no Banco
15258;10259;7821;1;280,00;Venda Pai Nao Existe no Banco
15259;10260;1534;1;140,00;Venda Pai Nao Existe no Banco
15260;10261;1542;1;350,00;Venda Pai Nao Existe no Banco
15261;10261;7821;1;280,00;Venda Pai Nao Existe no Banco
15262;10262;8552;1;190,00;Venda Pai Nao Existe no Banco
15263;10263;2733;1;160,00;Venda Pai Nao Existe no Banco
15265;10263;8720;1;250,00;Venda Pai Nao Existe no Banco
15266;10266;1671;1;150,00;Venda Pai Nao Existe no Banco
15267;10268;2733;1;125,00;Venda Pai Nao Existe no Banco
15268;10268;1760;1;325,00;Venda Pai Nao Existe no Banco
15269;10269;1371;1;150,00;Venda Pai Nao Existe no Banco
15270;10270;1534;1;140,00;Venda Pai Nao Existe no Banco
15271;10270;2733;1;125,00;Venda Pai Nao Existe no Banco
15272;10271;3468;1;100,00;Venda Pai Nao Existe no Banco
15274;10271;1534;1;100,00;Venda Pai Nao Existe no Banco
15275;10273;1534;1;130,00;Venda Pai Nao Existe no Banco
15276;10275;7953;1;260,00;Venda Pai Nao Existe no Banco
15277;10275;7878;1;190,00;Venda Pai Nao Existe no Banco
15278;10276;2848;1;500,00;Venda Pai Nao Existe no Banco
15279;10277;7719;1;230,00;Venda Pai Nao Existe no Banco
15280;10278;1760;1;690,00;Venda Pai Nao Existe no Banco
15281;10279;1760;1;680,00;Venda Pai Nao Existe no Banco
15282;10279;8879;1;920,00;Venda Pai Nao Existe no Banco
15283;10084;7878;1;170,00;Venda Pai Nao Existe no Banco
15284;10280;1760;1;400,00;Venda Pai Nao Existe no Banco
15285;10280;8355;1;350,00;Venda Pai Nao Existe no Banco
15286;10281;8457;1;590,00;Venda Pai Nao Existe no Banco
15287;10281;5627;1;850,00;Venda Pai Nao Existe no Banco
15288;10282;1760;1;530,00;Venda Pai Nao Existe no Banco
15289;10283;7878;1;150,00;Venda Pai Nao Existe no Banco
15290;10283;7953;1;250,00;Venda Pai Nao Existe no Banco
15291;10284;1534;1;160,00;Venda Pai Nao Existe no Banco
15292;10284;3468;1;150,00;Venda Pai Nao Existe no Banco
15293;10285;7485;1;280,00;Venda Pai Nao Existe no Banco
15294;10285;1542;1;320,00;Venda Pai Nao Existe no Banco
15295;10286;7759;1;260,00;Venda Pai Nao Existe no Banco
15296;10286;7953;1;260,00;Venda Pai Nao Existe no Banco
15297;10287;8720;1;250,00;Venda Pai Nao Existe no Banco
15298;10288;7743;1;280,00;Venda Pai Nao Existe no Banco
15299;10288;7578;1;430,00;Venda Pai Nao Existe no Banco
15300;10289;1552;1;270,00;Venda Pai Nao Existe no Banco
15301;10290;7953;1;200,00;Venda Pai Nao Existe no Banco
15302;10290;7485;1;250,00;Venda Pai Nao Existe no Banco
15303;10292;1721;1;890,00;Venda Pai Nao Existe no Banco
15304;10293;1349;1;210,00;Venda Pai Nao Existe no Banco
15305;10293;8987;1;960,00;Venda Pai Nao Existe no Banco
15306;10294;1542;1;260,00;Venda Pai Nao Existe no Banco
15307;10294;2733;1;169,00;Venda Pai Nao Existe no Banco
15308;10295;1349;1;210,00;Venda Pai Nao Existe no Banco
15309;10296;7878;1;180,00;Venda Pai Nao Existe no Banco
15310;10296;1534;1;160,00;Venda Pai Nao Existe no Banco
15311;10299;7953;1;270,00;Venda Pai Nao Existe no Banco
15312;10300;1542;1;290,00;Venda Pai Nao Existe no Banco
15314;10301;7953;1;220,00;Venda Pai Nao Existe no Banco
15315;10302;5627;1;1.200,00;Venda Pai Nao Existe no Banco
15316;10302;7485;1;280,00;Venda Pai Nao Existe no Banco
15317;10303;1534;1;160,00;Venda Pai Nao Existe no Banco
15318;10304;7953;1;260,00;Venda Pai Nao Existe no Banco
15319;10304;7485;1;280,00;Venda Pai Nao Existe no Banco
15320;10305;7406;1;260,00;Venda Pai Nao Existe no Banco
15321;10306;1534;1;180,00;Venda Pai Nao Existe no Banco
15322;10307;5135;1;120,00;Venda Pai Nao Existe no Banco
15323;10308;1534;1;160,00;Venda Pai Nao Existe no Banco
15324;10309;7672;1;280,00;Venda Pai Nao Existe no Banco
15325;10309;1760;1;450,00;Venda Pai Nao Existe no Banco
15326;10310;7013;1;1.200,00;Venda Pai Nao Existe no Banco
15327;10311;3978;1;250,00;Venda Pai Nao Existe no Banco
15328;10311;5609;1;750,00;Venda Pai Nao Existe no Banco
15330;10312;1542;1;350,00;Venda Pai Nao Existe no Banco
15331;10312;8552;1;150,00;Venda Pai Nao Existe no Banco
15332;10313;1534;1;160,00;Venda Pai Nao Existe no Banco
15333;10313;1534;1;160,00;Venda Pai Nao Existe no Banco
15334;10313;7821;1;350,00;Venda Pai Nao Existe no Banco
15335;10313;7821;1;280,00;Venda Pai Nao Existe no Banco
15336;10313;7810;1;180,00;Venda Pai Nao Existe no Banco
15337;10314;1542;1;350,00;Venda Pai Nao Existe no Banco
15338;10314;8355;1;400,00;Venda Pai Nao Existe no Banco
15339;10315;7953;1;250,00;Venda Pai Nao Existe no Banco
15340;10316;7972;1;290,00;Venda Pai Nao Existe no Banco
15341;10317;7953;1;226,00;Venda Pai Nao Existe no Banco
15342;10317;8830;1;800,00;Venda Pai Nao Existe no Banco
15343;10318;8552;1;260,00;Venda Pai Nao Existe no Banco
15345;10319;7953;1;250,00;Venda Pai Nao Existe no Banco
15346;10320;1534;1;112,00;Venda Pai Nao Existe no Banco
15347;10321;7953;1;250,00;Venda Pai Nao Existe no Banco
15348;10321;8990;1;690,00;Venda Pai Nao Existe no Banco
15349;10322;7953;1;250,00;Venda Pai Nao Existe no Banco
15354;10323;7511;1;280,00;Venda Pai Nao Existe no Banco
15355;10323;1554;1;290,00;Venda Pai Nao Existe no Banco
15357;10325;1542;1;300,00;Venda Pai Nao Existe no Banco
15358;10326;2403;1;280,00;Venda Pai Nao Existe no Banco
15359;10327;7821;1;290,00;Venda Pai Nao Existe no Banco
15360;10328;1534;1;120,00;Venda Pai Nao Existe no Banco
15361;10328;7821;1;170,00;Venda Pai Nao Existe no Banco
15362;10330;7821;1;260,00;Venda Pai Nao Existe no Banco
15363;10332;9014;1;620,00;Venda Pai Nao Existe no Banco
15365;10333;1542;1;350,00;Venda Pai Nao Existe no Banco
15366;10333;8552;1;190,00;Venda Pai Nao Existe no Banco
15367;10332;7953;1;220,00;Venda Pai Nao Existe no Banco
15368;10334;6292;1;90,00;Venda Pai Nao Existe no Banco
15369;10335;8552;1;170,00;Venda Pai Nao Existe no Banco
15370;10337;1534;1;160,00;Venda Pai Nao Existe no Banco
15371;10338;1554;1;320,00;Venda Pai Nao Existe no Banco
15372;10338;8552;1;130,00;Venda Pai Nao Existe no Banco
15373;10339;8979;1;825,00;Venda Pai Nao Existe no Banco
15374;10341;1534;1;150,00;Venda Pai Nao Existe no Banco
15375;10341;8193;1;150,00;Venda Pai Nao Existe no Banco
15376;10342;8552;1;190,00;Venda Pai Nao Existe no Banco
15377;10322;8991;1;1.620,00;Venda Pai Nao Existe no Banco
15378;10322;8991;1;1.620,00;Venda Pai Nao Existe no Banco
15380;10322;7628;1;280,00;Venda Pai Nao Existe no Banco
15381;10343;7832;1;450,00;Venda Pai Nao Existe no Banco
15382;10343;7821;1;210,00;Venda Pai Nao Existe no Banco
15383;10344;7821;1;260,00;Venda Pai Nao Existe no Banco
15384;10345;1534;1;120,00;Venda Pai Nao Existe no Banco
15385;10345;7821;1;240,00;Venda Pai Nao Existe no Banco
15386;10346;6292;1;100,00;Venda Pai Nao Existe no Banco
15387;10347;7953;1;250,00;Venda Pai Nao Existe no Banco
15388;10348;8552;1;190,00;Venda Pai Nao Existe no Banco
15389;10349;7821;1;280,00;Venda Pai Nao Existe no Banco
15391;10350;8355;1;390,00;Venda Pai Nao Existe no Banco
15392;10350;8300;1;1.110,00;Venda Pai Nao Existe no Banco
15395;10352;1534;1;160,00;Venda Pai Nao Existe no Banco
15396;10352;8355;1;335,00;Venda Pai Nao Existe no Banco
15397;10353;7953;1;250,00;Venda Pai Nao Existe no Banco
15398;10353;7821;1;200,00;Venda Pai Nao Existe no Banco
15399;10354;2403;1;250,00;Venda Pai Nao Existe no Banco
15400;10354;1534;1;140,00;Venda Pai Nao Existe no Banco
15401;10361;1534;0,5;90,00;Venda Pai Nao Existe no Banco
15402;10322;8757;1;590,00;Venda Pai Nao Existe no Banco
15403;10362;6292;1;90,00;Venda Pai Nao Existe no Banco
15404;10362;1534;1;140,00;Venda Pai Nao Existe no Banco
15405;10364;7953;1;250,00;Venda Pai Nao Existe no Banco
15406;10364;7821;1;290,00;Venda Pai Nao Existe no Banco
15407;10365;7953;1;250,00;Venda Pai Nao Existe no Banco
15410;10365;9038;1;560,00;Venda Pai Nao Existe no Banco
15411;10366;7810;1;150,00;Venda Pai Nao Existe no Banco
15412;10367;1528;1;180,00;Venda Pai Nao Existe no Banco
15413;10368;9026;1;500,00;Venda Pai Nao Existe no Banco
15414;10369;8355;1;390,00;Venda Pai Nao Existe no Banco
15415;10370;7953;1;280,00;Venda Pai Nao Existe no Banco
15416;10371;1542;1;350,00;Venda Pai Nao Existe no Banco
15417;10372;1534;1;160,00;Venda Pai Nao Existe no Banco
15418;10372;8552;1;100,00;Venda Pai Nao Existe no Banco
15419;10373;7953;1;250,00;Venda Pai Nao Existe no Banco
15420;10374;1534;1;160,00;Venda Pai Nao Existe no Banco
15423;10375;9051;1;1.300,00;Venda Pai Nao Existe no Banco
15424;10375;8760;1;590,00;Venda Pai Nao Existe no Banco
15425;10376;8593;1;750,00;Venda Pai Nao Existe no Banco
15426;10377;1534;1;160,00;Venda Pai Nao Existe no Banco
15427;10377;8552;1;190,00;Venda Pai Nao Existe no Banco
15428;10378;7821;1;240,00;Venda Pai Nao Existe no Banco
15429;10379;8102;1;650,00;Venda Pai Nao Existe no Banco
15430;10379;9019;1;590,00;Venda Pai Nao Existe no Banco
15431;10379;1534;1;160,00;Venda Pai Nao Existe no Banco
15432;10379;8552;1;190,00;Venda Pai Nao Existe no Banco
15433;10381;8552;1;190,00;Venda Pai Nao Existe no Banco
15434;10383;7953;1;250,00;Venda Pai Nao Existe no Banco
15435;10383;8515;1;690,00;Venda Pai Nao Existe no Banco
15436;10384;1748;1;100,00;Venda Pai Nao Existe no Banco
15437;10385;7987;1;650,00;Venda Pai Nao Existe no Banco
15438;10385;7821;1;280,00;Venda Pai Nao Existe no Banco
15439;10386;7810;1;150,00;Venda Pai Nao Existe no Banco
15440;10387;1542;1;315,00;Venda Pai Nao Existe no Banco
15441;10387;8552;1;175,00;Venda Pai Nao Existe no Banco
15442;10388;1542;1;350,00;Venda Pai Nao Existe no Banco
15443;10388;8355;1;350,00;Venda Pai Nao Existe no Banco
15444;10389;1542;1;290,00;Venda Pai Nao Existe no Banco
15445;10390;1534;1;160,00;Venda Pai Nao Existe no Banco
15446;10392;1534;1;160,00;Venda Pai Nao Existe no Banco
15447;10392;9009;1;650,00;Venda Pai Nao Existe no Banco
15448;10393;7953;1;250,00;Venda Pai Nao Existe no Banco
15449;10394;1760;1;490,00;Venda Pai Nao Existe no Banco
15450;10394;9023;1;650,00;Venda Pai Nao Existe no Banco
15451;10395;4063;1;50,00;Venda Pai Nao Existe no Banco
15452;10396;7953;1;70,00;Venda Pai Nao Existe no Banco
15453;10399;1534;1;160,00;Venda Pai Nao Existe no Banco
15454;10400;1542;1;260,00;Venda Pai Nao Existe no Banco
15458;10401;1534;1;160,00;Venda Pai Nao Existe no Banco
15459;10401;7821;1;280,00;Venda Pai Nao Existe no Banco
15460;10404;1542;1;350,00;Venda Pai Nao Existe no Banco
15461;10404;8552;1;180,00;Venda Pai Nao Existe no Banco
15462;10405;7821;1;280,00;Venda Pai Nao Existe no Banco
15463;10406;7821;1;280,00;Venda Pai Nao Existe no Banco
15464;10408;7953;1;220,00;Venda Pai Nao Existe no Banco
15465;10408;8552;1;130,00;Venda Pai Nao Existe no Banco
15466;10409;1554;1;350,00;Venda Pai Nao Existe no Banco
15467;10409;1349;1;190,00;Venda Pai Nao Existe no Banco
15468;10410;7821;1;243,00;Venda Pai Nao Existe no Banco
15470;10410;9052;1;1.692,00;Venda Pai Nao Existe no Banco
15471;10411;8185;1;670,00;Venda Pai Nao Existe no Banco
15472;10411;7821;1;230,00;Venda Pai Nao Existe no Banco
15473;10412;7821;1;260,00;Venda Pai Nao Existe no Banco
15474;10414;1534;1;100,00;Venda Pai Nao Existe no Banco
15475;10414;7485;1;260,00;Venda Pai Nao Existe no Banco
15476;10415;8355;1;-350,00;Venda Pai Nao Existe no Banco
15478;10415;9053;1;585,00;Venda Pai Nao Existe no Banco
15479;10415;1760;1;200,00;Venda Pai Nao Existe no Banco
15480;10416;8273;1;580,00;Venda Pai Nao Existe no Banco
15481;10416;7628;1;170,00;Venda Pai Nao Existe no Banco
15482;10417;1542;1;350,00;Venda Pai Nao Existe no Banco
15483;10417;7821;1;280,00;Venda Pai Nao Existe no Banco
15484;10418;8979;1;825,00;Venda Pai Nao Existe no Banco
15485;10418;7821;1;280,00;Venda Pai Nao Existe no Banco
15486;10419;7953;1;220,00;Venda Pai Nao Existe no Banco
15487;10420;1760;1;550,00;Venda Pai Nao Existe no Banco
15489;10421;8987;1;990,00;Venda Pai Nao Existe no Banco
15491;10421;8518;1;650,00;Venda Pai Nao Existe no Banco
15492;10422;6292;1;70,00;Venda Pai Nao Existe no Banco
15493;10423;1304;1;100,00;Venda Pai Nao Existe no Banco
15494;10424;1542;1;450,00;Venda Pai Nao Existe no Banco
15495;10425;1668;1;380,00;Venda Pai Nao Existe no Banco
15496;10425;7726;1;220,00;Venda Pai Nao Existe no Banco
15497;10426;7628;1;190,00;Venda Pai Nao Existe no Banco
15498;10426;8668;1;99,00;Venda Pai Nao Existe no Banco
15499;10427;8552;1;160,00;Venda Pai Nao Existe no Banco
15500;10428;1534;1;160,00;Venda Pai Nao Existe no Banco
15501;10428;7163;1;290,00;Venda Pai Nao Existe no Banco
15502;10429;1534;1;160,00;Venda Pai Nao Existe no Banco
15504;10429;7164;1;290,00;Venda Pai Nao Existe no Banco
15505;10431;1534;1;160,00;Venda Pai Nao Existe no Banco
15506;10431;8456;1;320,00;Venda Pai Nao Existe no Banco
15507;10432;1542;1;350,00;Venda Pai Nao Existe no Banco
15508;10433;7821;1;250,00;Venda Pai Nao Existe no Banco
15509;10434;6292;1;90,00;Venda Pai Nao Existe no Banco
15510;10435;7953;1;250,00;Venda Pai Nao Existe no Banco
15512;10435;7821;1;280,00;Venda Pai Nao Existe no Banco
15513;10437;9054;1;1.600,00;Venda Pai Nao Existe no Banco
15514;10438;6292;1;100,00;Venda Pai Nao Existe no Banco
15515;10438;1534;1;160,00;Venda Pai Nao Existe no Banco
15517;10439;7953;1;260,00;Venda Pai Nao Existe no Banco
15518;10440;7821;1;280,00;Venda Pai Nao Existe no Banco
15519;10441;7628;1;200,00;Venda Pai Nao Existe no Banco
15520;10442;1542;1;290,00;Venda Pai Nao Existe no Banco
15521;10444;7972;2;560,00;Venda Pai Nao Existe no Banco
15522;10445;1534;1;160,00;Venda Pai Nao Existe no Banco
15523;10445;7821;1;280,00;Venda Pai Nao Existe no Banco
15524;10447;7821;1;260,00;Venda Pai Nao Existe no Banco
15525;10447;9055;1;1.490,00;Venda Pai Nao Existe no Banco
15526;10448;8552;1;190,00;Venda Pai Nao Existe no Banco
15527;10449;8355;1;390,00;Venda Pai Nao Existe no Banco
15528;10449;1534;1;160,00;Venda Pai Nao Existe no Banco
15529;10450;1303;1;50,00;Venda Pai Nao Existe no Banco
15530;10451;7821;1;140,00;Venda Pai Nao Existe no Banco
15531;10452;8185;1;675,00;Venda Pai Nao Existe no Banco
15532;10453;7483;1;250,00;Venda Pai Nao Existe no Banco
15533;10452;7821;1;243,00;Venda Pai Nao Existe no Banco
15535;10453;7987;1;550,00;Venda Pai Nao Existe no Banco
15536;10454;6292;1;100,00;Venda Pai Nao Existe no Banco
15538;10455;8552;1;190,00;Venda Pai Nao Existe no Banco
15539;10455;7953;1;250,00;Venda Pai Nao Existe no Banco
15540;10370;8355;1;450,00;Venda Pai Nao Existe no Banco
15541;10456;1534;1;144,00;Venda Pai Nao Existe no Banco
15542;10456;8765;1;531,00;Venda Pai Nao Existe no Banco
15543;10457;3970;1;199,00;Venda Pai Nao Existe no Banco
15544;10458;1760;1;710,00;Venda Pai Nao Existe no Banco
15545;10458;8355;1;390,00;Venda Pai Nao Existe no Banco
15546;10459;7628;1;190,00;Venda Pai Nao Existe no Banco
15547;10460;7953;1;250,00;Venda Pai Nao Existe no Banco
15548;10460;7821;1;280,00;Venda Pai Nao Existe no Banco
15549;10461;8552;1;100,00;Venda Pai Nao Existe no Banco
15550;10462;7953;1;250,00;Venda Pai Nao Existe no Banco
15552;10462;9056;1;980,00;Venda Pai Nao Existe no Banco
15553;10463;6299;1;50,00;Venda Pai Nao Existe no Banco
15554;10464;7151;1;320,00;Venda Pai Nao Existe no Banco
15555;10466;7987;1;550,00;Venda Pai Nao Existe no Banco
15556;10466;7821;1;280,00;Venda Pai Nao Existe no Banco
15557;10466;1554;1;290,00;Venda Pai Nao Existe no Banco
15558;10466;8552;1;100,00;Venda Pai Nao Existe no Banco
15559;10467;1542;1;290,00;Venda Pai Nao Existe no Banco
15560;10467;8552;1;190,00;Venda Pai Nao Existe no Banco
15562;10469;7821;1;250,00;Venda Pai Nao Existe no Banco
15563;10469;8921;1;3.000,00;Venda Pai Nao Existe no Banco
15564;10470;1371;1;100,00;Venda Pai Nao Existe no Banco
15565;10470;1554;1;300,00;Venda Pai Nao Existe no Banco
15566;10471;8552;1;170,00;Venda Pai Nao Existe no Banco
15567;10472;1554;1;350,00;Venda Pai Nao Existe no Banco
15568;10472;8552;1;190,00;Venda Pai Nao Existe no Banco
15569;10473;7953;1;250,00;Venda Pai Nao Existe no Banco
15570;10474;8355;1;290,00;Venda Pai Nao Existe no Banco
15571;10474;8998;1;650,00;Venda Pai Nao Existe no Banco
15572;10475;7953;1;250,00;Venda Pai Nao Existe no Banco
15574;10477;9042;1;750,00;Venda Pai Nao Existe no Banco
15575;10478;1542;1;350,00;Venda Pai Nao Existe no Banco
15576;10478;1542;1;350,00;Venda Pai Nao Existe no Banco
15578;10478;8676;1;570,00;Venda Pai Nao Existe no Banco
15579;10478;7821;1;350,00;Venda Pai Nao Existe no Banco
15580;10480;1534;1;160,00;Venda Pai Nao Existe no Banco
15581;10480;7832;1;;Venda Pai Nao Existe no Banco
15582;10481;1534;1;160,00;Venda Pai Nao Existe no Banco
15585;10482;8183;1;875,00;Venda Pai Nao Existe no Banco
15587;10482;7821;1;290,00;Venda Pai Nao Existe no Banco
15588;10483;5078;1;860,00;Venda Pai Nao Existe no Banco
15589;10484;1542;1;450,00;Venda Pai Nao Existe no Banco
15590;10484;7821;1;290,00;Venda Pai Nao Existe no Banco
15591;10485;1534;1;160,00;Venda Pai Nao Existe no Banco
15592;10485;7821;1;280,00;Venda Pai Nao Existe no Banco
15593;10487;1542;0,5;180,00;Venda Pai Nao Existe no Banco
15594;10487;7821;1;280,00;Venda Pai Nao Existe no Banco
15595;10488;7821;1;260,00;Venda Pai Nao Existe no Banco
15596;10489;8921;1;3.000,00;Venda Pai Nao Existe no Banco
15597;10490;7821;1;260,00;Venda Pai Nao Existe no Banco
15598;10491;6292;1;140,00;Venda Pai Nao Existe no Banco
15599;10492;1534;1;160,00;Venda Pai Nao Existe no Banco
15600;10492;7821;1;280,00;Venda Pai Nao Existe no Banco
15601;10493;1542;1;400,00;Venda Pai Nao Existe no Banco
15602;10496;7953;1;230,00;Venda Pai Nao Existe no Banco
15603;10496;9020;1;530,00;Venda Pai Nao Existe no Banco
15604;10497;5135;1;160,00;Venda Pai Nao Existe no Banco
15606;10499;1534;0,5;80,00;Venda Pai Nao Existe no Banco
15607;10500;1552;1;350,00;Venda Pai Nao Existe no Banco
15608;10503;1542;1;350,00;Venda Pai Nao Existe no Banco
15609;10503;8552;1;190,00;Venda Pai Nao Existe no Banco
15610;10504;1542;1;400,00;Venda Pai Nao Existe no Banco
15611;10504;7821;1;280,00;Venda Pai Nao Existe no Banco
15612;10505;7953;1;350,00;Venda Pai Nao Existe no Banco
15613;10505;8355;1;390,00;Venda Pai Nao Existe no Banco
15614;10506;7821;1;260,00;Venda Pai Nao Existe no Banco
15615;10507;4497;1;150,00;Venda Pai Nao Existe no Banco
15617;10510;1542;1;320,00;Venda Pai Nao Existe no Banco
15618;10510;8552;1;160,00;Venda Pai Nao Existe no Banco
15619;10511;7953;1;220,00;Venda Pai Nao Existe no Banco
15620;10512;8232;1;890,00;Venda Pai Nao Existe no Banco
15621;10512;8889;1;750,00;Venda Pai Nao Existe no Banco
15622;10513;7953;1;280,00;Venda Pai Nao Existe no Banco
15623;10515;7821;1;180,00;Venda Pai Nao Existe no Banco
15624;10516;1534;1;160,00;Venda Pai Nao Existe no Banco
15625;10517;8355;1;380,00;Venda Pai Nao Existe no Banco
15626;10517;1534;1;160,00;Venda Pai Nao Existe no Banco
15630;10518;7628;1;260,00;Venda Pai Nao Existe no Banco
15631;10518;9057;1;900,00;Venda Pai Nao Existe no Banco
15632;10519;7821;1;280,00;Venda Pai Nao Existe no Banco
15633;10520;5627;1;550,00;Venda Pai Nao Existe no Banco
15635;10521;9058;1;2.620,00;Venda Pai Nao Existe no Banco
15636;10523;1760;1;625,00;Venda Pai Nao Existe no Banco
15637;10523;8552;1;170,00;Venda Pai Nao Existe no Banco
15638;10524;1554;1;350,00;Venda Pai Nao Existe no Banco
15639;10524;7821;1;280,00;Venda Pai Nao Existe no Banco
15640;10526;8552;1;160,00;Venda Pai Nao Existe no Banco
15641;10527;1534;1;160,00;Venda Pai Nao Existe no Banco
15642;10527;8995;1;590,00;Venda Pai Nao Existe no Banco
15643;10528;1542;1;300,00;Venda Pai Nao Existe no Banco
15644;10529;1534;1;160,00;Venda Pai Nao Existe no Banco
15645;10529;7821;1;280,00;Venda Pai Nao Existe no Banco
15646;10530;7726;1;280,00;Venda Pai Nao Existe no Banco
15647;10530;1542;1;350,00;Venda Pai Nao Existe no Banco
15648;10531;1534;1;160,00;Venda Pai Nao Existe no Banco
15649;10531;9059;1;590,00;Venda Pai Nao Existe no Banco
15650;10532;9000;1;570,00;Venda Pai Nao Existe no Banco
15651;10533;7953;1;225,00;Venda Pai Nao Existe no Banco
15653;10533;9064;1;875,00;Venda Pai Nao Existe no Banco
15654;10535;7953;1;250,00;Venda Pai Nao Existe no Banco
15655;10538;1554;1;270,00;Venda Pai Nao Existe no Banco
15656;10538;7821;1;200,00;Venda Pai Nao Existe no Banco
15657;10539;8465;1;300,00;Venda Pai Nao Existe no Banco
15659;10540;8987;1;990,00;Venda Pai Nao Existe no Banco
15660;10541;1760;1;675,00;Venda Pai Nao Existe no Banco
15662;10543;8452;1;500,00;Venda Pai Nao Existe no Banco
15664;10542;8678;1;1.845,00;Venda Pai Nao Existe no Banco
15665;10542;7821;1;290,00;Venda Pai Nao Existe no Banco
15666;10544;1542;1;310,00;Venda Pai Nao Existe no Banco
15667;10544;7821;1;260,00;Venda Pai Nao Existe no Banco
15668;10545;9065;1;1.450,00;Venda Pai Nao Existe no Banco
15669;10545;7821;1;206,00;Venda Pai Nao Existe no Banco
15670;10546;1542;1;350,00;Venda Pai Nao Existe no Banco
15671;10546;1534;1;160,00;Venda Pai Nao Existe no Banco
15672;10546;8573;1;280,00;Venda Pai Nao Existe no Banco
15673;10548;1534;1;140,00;Venda Pai Nao Existe no Banco
15674;10548;7821;1;250,00;Venda Pai Nao Existe no Banco
15675;10549;1769;1;891,00;Venda Pai Nao Existe no Banco
15676;10549;9005;1;675,00;Venda Pai Nao Existe no Banco
15677;10550;1552;1;290,00;Venda Pai Nao Existe no Banco
15678;10550;6292;1;100,00;Venda Pai Nao Existe no Banco
15679;10553;1552;1;350,00;Venda Pai Nao Existe no Banco
15680;10554;8273;1;650,00;Venda Pai Nao Existe no Banco
15681;10555;7821;1;260,00;Venda Pai Nao Existe no Banco
15682;10556;1542;1;350,00;Venda Pai Nao Existe no Banco
15683;10557;1542;1;350,00;Venda Pai Nao Existe no Banco
15684;10557;8904;1;690,00;Venda Pai Nao Existe no Banco
15685;10558;1534;1;130,00;Venda Pai Nao Existe no Banco
15686;10559;1542;1;300,00;Venda Pai Nao Existe no Banco
15690;10561;7821;1;280,00;Venda Pai Nao Existe no Banco
15691;10561;1760;1;490,00;Venda Pai Nao Existe no Banco
15692;10562;9032;1;531,00;Venda Pai Nao Existe no Banco
15693;10562;1554;1;315,00;Venda Pai Nao Existe no Banco
15694;10563;7953;1;250,00;Venda Pai Nao Existe no Banco
15695;10563;7810;1;220,00;Venda Pai Nao Existe no Banco
15696;10563;7821;1;280,00;Venda Pai Nao Existe no Banco
15697;10564;1542;1;310,00;Venda Pai Nao Existe no Banco
15698;10564;1542;1;310,00;Venda Pai Nao Existe no Banco
15699;10565;7953;1;370,00;Venda Pai Nao Existe no Banco
15700;10565;8552;1;160,00;Venda Pai Nao Existe no Banco
15701;10566;7953;1;250,00;Venda Pai Nao Existe no Banco
15702;10567;8326;1;100,00;Venda Pai Nao Existe no Banco
15703;10567;6292;1;100,00;Venda Pai Nao Existe no Banco
15704;10568;7953;1;250,00;Venda Pai Nao Existe no Banco
15705;10568;9042;1;750,00;Venda Pai Nao Existe no Banco
15706;10569;1534;130;130,00;Venda Pai Nao Existe no Banco
15707;10569;5832;1;70,00;Venda Pai Nao Existe no Banco
15708;10570;1552;1;300,00;Venda Pai Nao Existe no Banco
15709;10571;1542;1;380,00;Venda Pai Nao Existe no Banco
15710;10571;1542;1;450,00;Venda Pai Nao Existe no Banco
15711;10571;7972;1;290,00;Venda Pai Nao Existe no Banco
15712;10572;1534;1;160,00;Venda Pai Nao Existe no Banco
15713;10573;1426;1;140,00;Venda Pai Nao Existe no Banco
15714;10575;7628;1;240,00;Venda Pai Nao Existe no Banco
15715;10564;7821;1;260,00;Venda Pai Nao Existe no Banco
15716;10576;7953;1;250,00;Venda Pai Nao Existe no Banco
15717;10578;7953;1;250,00;Venda Pai Nao Existe no Banco
15718;10579;5627;1;680,00;Venda Pai Nao Existe no Banco
15719;10579;7821;1;247,00;Venda Pai Nao Existe no Banco
15720;10581;9006;1;670,00;Venda Pai Nao Existe no Banco
15721;10581;7953;1;230,00;Venda Pai Nao Existe no Banco
15722;10581;4033;1;480,00;Venda Pai Nao Existe no Banco
15723;10583;1542;1;320,00;Venda Pai Nao Existe no Banco
15724;10583;8355;1;330,00;Venda Pai Nao Existe no Banco
15725;10584;1542;1;350,00;Venda Pai Nao Existe no Banco
15727;10588;9066;1;1.200,00;Venda Pai Nao Existe no Banco
15728;10588;8552;1;260,00;Venda Pai Nao Existe no Banco
15729;10589;7821;1;210,00;Venda Pai Nao Existe no Banco
15730;10591;1542;1;350,00;Venda Pai Nao Existe no Banco
15731;10591;6292;1;140,00;Venda Pai Nao Existe no Banco
15732;10592;7151;1;390,00;Venda Pai Nao Existe no Banco
15733;10593;7821;1;290,00;Venda Pai Nao Existe no Banco
15734;10594;8232;1;540,00;Venda Pai Nao Existe no Banco
15735;10594;8838;1;980,00;Venda Pai Nao Existe no Banco
15736;10595;7821;1;280,00;Venda Pai Nao Existe no Banco
15737;10597;1542;1;315,00;Venda Pai Nao Existe no Banco
15738;10599;7628;1;190,00;Venda Pai Nao Existe no Banco
15739;10600;1542;1;350,00;Venda Pai Nao Existe no Banco
15740;10601;8193;1;160,00;Venda Pai Nao Existe no Banco
15741;10602;8552;1;170,00;Venda Pai Nao Existe no Banco
15742;10603;1542;1;350,00;Venda Pai Nao Existe no Banco
15743;10603;7821;1;280,00;Venda Pai Nao Existe no Banco
15744;10604;1721;1;850,00;Venda Pai Nao Existe no Banco
15745;10605;1534;1;160,00;Venda Pai Nao Existe no Banco
15746;10605;7821;1;280,00;Venda Pai Nao Existe no Banco
15747;10606;2287;1;30,00;Venda Pai Nao Existe no Banco
15748;10607;4657;1;670,00;Venda Pai Nao Existe no Banco
15749;10607;8631;1;330,00;Venda Pai Nao Existe no Banco
15750;10609;5463;1;850,00;Venda Pai Nao Existe no Banco
15751;10610;9067;1;1.540,00;Venda Pai Nao Existe no Banco
15752;10610;7628;1;280,00;Venda Pai Nao Existe no Banco
15753;10611;2539;1;160,00;Venda Pai Nao Existe no Banco
15754;10614;8552;1;260,00;Venda Pai Nao Existe no Banco
15755;10616;8382;1;700,00;Venda Pai Nao Existe no Banco
15757;10618;9068;1;2.175,00;Venda Pai Nao Existe no Banco
15758;10618;7821;1;280,00;Venda Pai Nao Existe no Banco
15759;10619;1534;1;160,00;Venda Pai Nao Existe no Banco
15760;10619;8552;1;180,00;Venda Pai Nao Existe no Banco
15761;10620;7953;1;250,00;Venda Pai Nao Existe no Banco
15762;10621;1761;1;690,00;Venda Pai Nao Existe no Banco
15763;10621;9024;1;690,00;Venda Pai Nao Existe no Banco
15764;10624;8065;1;380,00;Venda Pai Nao Existe no Banco
15766;10625;9070;1;880,00;Venda Pai Nao Existe no Banco
15767;10626;7953;1;250,00;Venda Pai Nao Existe no Banco
15768;10626;9061;1;590,00;Venda Pai Nao Existe no Banco
15769;10626;8668;1;50,00;Venda Pai Nao Existe no Banco
15770;10626;7810;1;180,00;Venda Pai Nao Existe no Banco
15771;10627;1761;1;690,00;Venda Pai Nao Existe no Banco
15772;10627;7821;1;280,00;Venda Pai Nao Existe no Banco
15773;10628;2403;1;380,00;Venda Pai Nao Existe no Banco
15774;10629;1760;1;845,00;Venda Pai Nao Existe no Banco
15775;10629;8355;1;550,00;Venda Pai Nao Existe no Banco
15776;10630;8679;1;1.680,00;Venda Pai Nao Existe no Banco
15777;10631;4657;1;744,00;Venda Pai Nao Existe no Banco
15778;10631;9061;1;650,00;Venda Pai Nao Existe no Banco
15779;10631;5627;1;790,00;Venda Pai Nao Existe no Banco
15780;10632;5627;1;790,00;Venda Pai Nao Existe no Banco
15781;10632;9030;1;650,00;Venda Pai Nao Existe no Banco
15782;10633;1542;1;350,00;Venda Pai Nao Existe no Banco
15783;10633;8355;1;550,00;Venda Pai Nao Existe no Banco
15784;10634;7953;1;250,00;Venda Pai Nao Existe no Banco
15785;10634;7821;1;280,00;Venda Pai Nao Existe no Banco
15786;10635;1534;1;160,00;Venda Pai Nao Existe no Banco
15787;10636;1542;1;196,00;Venda Pai Nao Existe no Banco
15788;10637;1534;1;160,00;Venda Pai Nao Existe no Banco
15789;10638;1534;1;160,00;Venda Pai Nao Existe no Banco
15790;10638;8552;1;260,00;Venda Pai Nao Existe no Banco
15791;10640;7827;1;680,00;Venda Pai Nao Existe no Banco
15792;10640;7821;1;280,00;Venda Pai Nao Existe no Banco
15793;10641;1542;1;340,00;Venda Pai Nao Existe no Banco
15794;10641;8552;1;260,00;Venda Pai Nao Existe no Banco
15795;10642;1534;1;140,00;Venda Pai Nao Existe no Banco
15796;10642;1341;1;100,00;Venda Pai Nao Existe no Banco
15797;10643;7953;1;240,00;Venda Pai Nao Existe no Banco
15798;10644;8615;1;390,00;Venda Pai Nao Existe no Banco
15799;10645;1534;1;160,00;Venda Pai Nao Existe no Banco
15800;10645;7114;1;260,00;Venda Pai Nao Existe no Banco
15801;10646;8355;1;550,00;Venda Pai Nao Existe no Banco
15802;10651;1542;1;350,00;Venda Pai Nao Existe no Banco
15803;10652;7821;1;180,00;Venda Pai Nao Existe no Banco
15804;10654;7953;1;250,00;Venda Pai Nao Existe no Banco
15805;10655;1542;1;350,00;Venda Pai Nao Existe no Banco
15806;10656;1534;0,5;80,00;Venda Pai Nao Existe no Banco
15807;10657;8987;1;990,00;Venda Pai Nao Existe no Banco
15808;10657;8552;1;280,00;Venda Pai Nao Existe no Banco
15809;10658;7953;1;200,00;Venda Pai Nao Existe no Banco
15810;10658;8355;1;300,00;Venda Pai Nao Existe no Banco
15811;10659;8552;1;180,00;Venda Pai Nao Existe no Banco
15812;10660;7628;1;190,00;Venda Pai Nao Existe no Banco
15813;10661;1534;1;160,00;Venda Pai Nao Existe no Banco
15814;10661;8552;1;220,00;Venda Pai Nao Existe no Banco
15815;10662;1542;1;350,00;Venda Pai Nao Existe no Banco
15818;10662;9071;1;1.490,00;Venda Pai Nao Existe no Banco
15819;10663;1542;1;350,00;Venda Pai Nao Existe no Banco
15820;10665;1542;1;350,00;Venda Pai Nao Existe no Banco
15821;10665;8355;1;490,00;Venda Pai Nao Existe no Banco
15822;10666;9057;1;894,00;Venda Pai Nao Existe no Banco
15823;10666;8552;1;190,00;Venda Pai Nao Existe no Banco
15824;10667;1534;1;160,00;Venda Pai Nao Existe no Banco
15825;10667;7821;1;290,00;Venda Pai Nao Existe no Banco
15826;10668;8829;1;500,00;Venda Pai Nao Existe no Banco
15827;10669;1534;1;190,00;Venda Pai Nao Existe no Banco
15829;10669;6292;1;100,00;Venda Pai Nao Existe no Banco
15830;10670;7972;1;260,00;Venda Pai Nao Existe no Banco
15831;10670;7628;1;199,00;Venda Pai Nao Existe no Banco
15832;10671;1327;1;80,00;Venda Pai Nao Existe no Banco
15833;10672;8232;1;1.400,00;Venda Pai Nao Existe no Banco
15834;10672;8355;1;290,00;Venda Pai Nao Existe no Banco
15835;10674;7966;1;860,00;Venda Pai Nao Existe no Banco
15836;10674;8573;1;280,00;Venda Pai Nao Existe no Banco
15837;10675;7987;0,5;325,00;Venda Pai Nao Existe no Banco
15838;10676;1534;1;150,00;Venda Pai Nao Existe no Banco
15840;10677;8511;1;300,00;Venda Pai Nao Existe no Banco
15841;10678;7953;1;250,00;Venda Pai Nao Existe no Banco
15842;10678;8552;1;190,00;Venda Pai Nao Existe no Banco
15843;10679;7810;0,5;70,00;Venda Pai Nao Existe no Banco
15844;10680;1542;1;350,00;Venda Pai Nao Existe no Banco
15845;10681;5521;1;340,00;Venda Pai Nao Existe no Banco
15846;10682;6292;1;100,00;Venda Pai Nao Existe no Banco
15847;10683;5832;1;190,00;Venda Pai Nao Existe no Banco
15848;10685;7953;1;250,00;Venda Pai Nao Existe no Banco
15849;10685;7821;1;260,00;Venda Pai Nao Existe no Banco
15850;10686;1554;1;350,00;Venda Pai Nao Existe no Banco
15851;10687;1552;1;350,00;Venda Pai Nao Existe no Banco
15852;10687;8552;1;250,00;Venda Pai Nao Existe no Banco
15853;10688;8552;1;150,00;Venda Pai Nao Existe no Banco
15854;10689;7628;1;290,00;Venda Pai Nao Existe no Banco
15855;10690;1540;2;80,00;Venda Pai Nao Existe no Banco
15856;10691;1554;1;350,00;Venda Pai Nao Existe no Banco
15857;10692;8552;1;150,00;Venda Pai Nao Existe no Banco
15858;10693;1534;1;160,00;Venda Pai Nao Existe no Banco
15859;10693;8552;1;170,00;Venda Pai Nao Existe no Banco
15860;9788;7953;1;0,00;Venda Pai Nao Existe no Banco
15861;9788;8355;1;270,00;Venda Pai Nao Existe no Banco
15862;10694;9001;1;690,00;Venda Pai Nao Existe no Banco
15863;10695;8611;1;340,00;Venda Pai Nao Existe no Banco
15864;10696;1554;1;350,00;Venda Pai Nao Existe no Banco
15865;10697;1534;1;160,00;Venda Pai Nao Existe no Banco
15867;10701;9002;1;690,00;Venda Pai Nao Existe no Banco
15868;10702;7810;1;120,00;Venda Pai Nao Existe no Banco
15869;10703;1721;0,5;300,00;Venda Pai Nao Existe no Banco
15870;10706;8552;1;100,00;Venda Pai Nao Existe no Banco
15871;10709;1534;1;150,00;Venda Pai Nao Existe no Banco
15872;10709;3448;1;150,00;Venda Pai Nao Existe no Banco
15874;10710;7821;1;250,00;Venda Pai Nao Existe no Banco
15877;10710;9073;1;1.940,00;Venda Pai Nao Existe no Banco
15879;10712;1534;1;100,00;Venda Pai Nao Existe no Banco
15880;10713;7953;1;280,00;Venda Pai Nao Existe no Banco
15881;10714;7821;1;250,00;Venda Pai Nao Existe no Banco
15882;10715;7953;1;250,00;Venda Pai Nao Existe no Banco
15883;10716;7953;1;90,00;Venda Pai Nao Existe no Banco
15885;10717;9074;1;650,00;Venda Pai Nao Existe no Banco
15886;10719;7821;1;250,00;Venda Pai Nao Existe no Banco
15887;10720;8552;1;190,00;Venda Pai Nao Existe no Banco
15888;10722;6292;1;100,00;Venda Pai Nao Existe no Banco
15889;10723;7953;0,5;125,00;Venda Pai Nao Existe no Banco
15890;10724;7953;1;230,00;Venda Pai Nao Existe no Banco
15891;10724;8355;1;350,00;Venda Pai Nao Existe no Banco
15892;10725;8552;1;190,00;Venda Pai Nao Existe no Banco
15893;10726;7953;1;250,00;Venda Pai Nao Existe no Banco
15894;10726;7821;1;280,00;Venda Pai Nao Existe no Banco
15895;10727;8552;1;170,00;Venda Pai Nao Existe no Banco
15896;10728;7972;1;280,00;Venda Pai Nao Existe no Banco
15898;10729;7953;1;250,00;Venda Pai Nao Existe no Banco
15899;10730;1542;1;690,00;Venda Pai Nao Existe no Banco
15900;10730;1542;1;380,00;Venda Pai Nao Existe no Banco
15901;10730;5940;1;480,00;Venda Pai Nao Existe no Banco
15902;10731;7953;1;220,00;Venda Pai Nao Existe no Banco
15903;10731;8552;1;200,00;Venda Pai Nao Existe no Banco
15904;10734;1534;1;160,00;Venda Pai Nao Existe no Banco
15905;10734;8552;1;220,00;Venda Pai Nao Existe no Banco
15906;10735;8552;1;190,00;Venda Pai Nao Existe no Banco
15907;10736;7821;1;250,00;Venda Pai Nao Existe no Banco
15908;10738;1542;1;350,00;Venda Pai Nao Existe no Banco
15909;10738;8355;1;450,00;Venda Pai Nao Existe no Banco
15910;10739;1542;1;300,00;Venda Pai Nao Existe no Banco
15911;10740;1349;1;190,00;Venda Pai Nao Existe no Banco
15912;10741;8478;1;390,00;Venda Pai Nao Existe no Banco
15913;10742;7953;1;200,00;Venda Pai Nao Existe no Banco
15914;10743;1542;1;290,00;Venda Pai Nao Existe no Banco
15915;10743;6292;1;90,00;Venda Pai Nao Existe no Banco
15916;10744;8552;1;150,00;Venda Pai Nao Existe no Banco
15917;10745;7821;1;190,00;Venda Pai Nao Existe no Banco
15919;10748;5832;1;300,00;Venda Pai Nao Existe no Banco
15920;10748;9076;1;2.500,00;Venda Pai Nao Existe no Banco
15923;10750;1405;1;190,00;Venda Pai Nao Existe no Banco
15924;10750;1533;1;160,00;Venda Pai Nao Existe no Banco
15925;10753;8355;1;350,00;Venda Pai Nao Existe no Banco
15926;10754;5627;1;790,00;Venda Pai Nao Existe no Banco
15927;10754;7628;1;190,00;Venda Pai Nao Existe no Banco
15928;10755;2287;1;127,00;Venda Pai Nao Existe no Banco
15929;10756;7810;1;150,00;Venda Pai Nao Existe no Banco
15930;10758;7628;1;260,00;Venda Pai Nao Existe no Banco
15931;10758;8806;1;250,00;Venda Pai Nao Existe no Banco
15933;10759;9077;1;1.395,00;Venda Pai Nao Existe no Banco
15934;10760;5627;1;900,00;Venda Pai Nao Existe no Banco
15935;10761;8102;1;690,00;Venda Pai Nao Existe no Banco
15936;10761;7821;1;280,00;Venda Pai Nao Existe no Banco
15937;10762;7821;1;200,00;Venda Pai Nao Existe no Banco
15938;10763;7972;1;350,00;Venda Pai Nao Existe no Banco
15942;10764;7972;1;350,00;Venda Pai Nao Existe no Banco
15943;10765;1341;1;130,00;Venda Pai Nao Existe no Banco
15944;10766;1542;1;690,00;Venda Pai Nao Existe no Banco
15945;10766;8355;1;480,00;Venda Pai Nao Existe no Banco
15946;10767;1542;1;350,00;Venda Pai Nao Existe no Banco
15947;10767;8552;1;120,00;Venda Pai Nao Existe no Banco
15948;10768;1554;1;350,00;Venda Pai Nao Existe no Banco
15949;10768;4437;1;100,00;Venda Pai Nao Existe no Banco
15950;10769;1554;1;350,00;Venda Pai Nao Existe no Banco
15951;10769;8552;1;250,00;Venda Pai Nao Existe no Banco
15954;10771;8552;1;170,00;Venda Pai Nao Existe no Banco
15955;10773;2287;1;50,00;Venda Pai Nao Existe no Banco
15956;10774;1542;1;290,00;Venda Pai Nao Existe no Banco
15957;10774;6292;1;100,00;Venda Pai Nao Existe no Banco
15958;10775;1528;3;360,00;Venda Pai Nao Existe no Banco
15960;10777;7821;1;280,00;Venda Pai Nao Existe no Banco
15961;10778;3062;1;240,00;Venda Pai Nao Existe no Banco
15962;10779;8989;1;1.600,00;Venda Pai Nao Existe no Banco
15963;10779;8552;1;220,00;Venda Pai Nao Existe no Banco
15964;10780;5472;1;100,00;Venda Pai Nao Existe no Banco
15965;10770;7810;4;760,00;Venda Pai Nao Existe no Banco
15966;10781;7821;1;280,00;Venda Pai Nao Existe no Banco
15967;10783;4497;1;150,00;Venda Pai Nao Existe no Banco
15968;10784;1542;0,5;175,00;Venda Pai Nao Existe no Banco
15969;10785;8367;1;590,00;Venda Pai Nao Existe no Banco
15970;10785;8355;-1;-450,00;Venda Pai Nao Existe no Banco
15971;10786;1526;1;298,00;Venda Pai Nao Existe no Banco
15972;10786;5134;1;298,00;Venda Pai Nao Existe no Banco
15973;10787;8552;1;190,00;Venda Pai Nao Existe no Banco
15974;10788;1542;1;350,00;Venda Pai Nao Existe no Banco
15975;10788;8552;1;190,00;Venda Pai Nao Existe no Banco
15976;10789;7821;1;280,00;Venda Pai Nao Existe no Banco
15977;10790;6292;1;100,00;Venda Pai Nao Existe no Banco
15978;10791;1542;1;300,00;Venda Pai Nao Existe no Banco
15979;10792;1542;1;300,00;Venda Pai Nao Existe no Banco
15980;10792;5530;1;400,00;Venda Pai Nao Existe no Banco
15981;10793;8273;1;750,00;Venda Pai Nao Existe no Banco
15982;10793;8355;1;450,00;Venda Pai Nao Existe no Banco
15984;10795;5472;1;100,00;Venda Pai Nao Existe no Banco
15985;10796;1321;1;100,00;Venda Pai Nao Existe no Banco
15986;10797;1534;1;350,00;Venda Pai Nao Existe no Banco
15987;10797;8355;1;450,00;Venda Pai Nao Existe no Banco
15988;10799;1534;1;140,00;Venda Pai Nao Existe no Banco
15989;10799;7821;1;250,00;Venda Pai Nao Existe no Banco
15990;10801;2403;1;240,00;Venda Pai Nao Existe no Banco
15991;10802;1542;1;350,00;Venda Pai Nao Existe no Banco
15993;10802;9078;1;690,00;Venda Pai Nao Existe no Banco
15994;10803;1542;1;350,00;Venda Pai Nao Existe no Banco
15995;10803;8552;1;220,00;Venda Pai Nao Existe no Banco
15996;10804;8307;1;1.400,00;Venda Pai Nao Existe no Banco
15997;10804;7821;1;280,00;Venda Pai Nao Existe no Banco
15998;10805;1760;1;650,00;Venda Pai Nao Existe no Banco
15999;10806;7810;1;150,00;Venda Pai Nao Existe no Banco
16000;10807;7821;1;260,00;Venda Pai Nao Existe no Banco
16001;10809;1534;1;160,00;Venda Pai Nao Existe no Banco
16002;10810;3062;1;170,00;Venda Pai Nao Existe no Banco
16004;10811;8552;1;250,00;Venda Pai Nao Existe no Banco
16005;10811;1542;1;350,00;Venda Pai Nao Existe no Banco
16006;10812;8552;1;100,00;Venda Pai Nao Existe no Banco
16007;10812;1554;1;300,00;Venda Pai Nao Existe no Banco
16008;10813;8355;1;450,00;Venda Pai Nao Existe no Banco
16009;10814;1542;1;320,00;Venda Pai Nao Existe no Banco
16010;10814;8552;1;160,00;Venda Pai Nao Existe no Banco
16012;10815;9081;1;2.590,00;Venda Pai Nao Existe no Banco
16013;10817;1542;1;350,00;Venda Pai Nao Existe no Banco
16014;10817;1372;1;260,00;Venda Pai Nao Existe no Banco
16015;10818;1534;1;160,00;Venda Pai Nao Existe no Banco
16016;10818;7821;1;260,00;Venda Pai Nao Existe no Banco
16017;10806;8681;1;840,00;Venda Pai Nao Existe no Banco
16018;10819;8552;1;200,00;Venda Pai Nao Existe no Banco
16019;10820;7821;1;180,00;Venda Pai Nao Existe no Banco
16021;10821;9016;1;650,00;Venda Pai Nao Existe no Banco
16023;10821;9111;1;3.000,00;Venda Pai Nao Existe no Banco
16024;10822;1542;1;350,00;Venda Pai Nao Existe no Banco
16025;10822;8355;1;450,00;Venda Pai Nao Existe no Banco
16026;10823;1721;1;680,00;Venda Pai Nao Existe no Banco
16027;10824;1528;1;298,00;Venda Pai Nao Existe no Banco
16028;10825;1528;1;160,00;Venda Pai Nao Existe no Banco
16029;10826;1534;1;160,00;Venda Pai Nao Existe no Banco
16030;10826;8552;1;190,00;Venda Pai Nao Existe no Banco
16031;10828;2403;1;280,00;Venda Pai Nao Existe no Banco
16032;10828;2403;1;280,00;Venda Pai Nao Existe no Banco
16033;10829;1534;1;112,00;Venda Pai Nao Existe no Banco
16034;10831;1542;1;350,00;Venda Pai Nao Existe no Banco
16035;10832;1542;1;350,00;Venda Pai Nao Existe no Banco
16038;10832;8212;1;390,00;Venda Pai Nao Existe no Banco
16039;10833;8300;1;980,00;Venda Pai Nao Existe no Banco
16040;10833;9062;1;590,00;Venda Pai Nao Existe no Banco
16041;10834;8552;1;190,00;Venda Pai Nao Existe no Banco
16042;10835;7953;1;250,00;Venda Pai Nao Existe no Banco
16043;10836;8401;1;360,00;Venda Pai Nao Existe no Banco
16044;10838;7953;1;220,00;Venda Pai Nao Existe no Banco
16045;10838;7821;1;260,00;Venda Pai Nao Existe no Banco
16046;10839;7628;1;290,00;Venda Pai Nao Existe no Banco
16048;10840;8499;1;290,00;Venda Pai Nao Existe no Banco
16049;10840;1770;1;290,00;Venda Pai Nao Existe no Banco
16051;10841;8552;1;190,00;Venda Pai Nao Existe no Banco
16052;10831;7080;1;160,00;Venda Pai Nao Existe no Banco
16053;10842;7953;1;220,00;Venda Pai Nao Existe no Banco
16054;10842;9097;1;630,00;Venda Pai Nao Existe no Banco
16056;10843;9118;1;1.298,00;Venda Pai Nao Existe no Banco
16057;10844;1370;1;100,00;Venda Pai Nao Existe no Banco
16058;10845;1542;1;350,00;Venda Pai Nao Existe no Banco
16059;10845;9093;1;650,00;Venda Pai Nao Existe no Banco
16060;10846;1534;1;160,00;Venda Pai Nao Existe no Banco
16061;10848;1534;1;140,00;Venda Pai Nao Existe no Banco
16062;10849;7987;1;550,00;Venda Pai Nao Existe no Banco
16063;10849;7628;1;190,00;Venda Pai Nao Existe no Banco
16064;10850;7821;1;280,00;Venda Pai Nao Existe no Banco
16065;10851;1542;1;245,00;Venda Pai Nao Existe no Banco
16066;10851;7821;1;195,00;Venda Pai Nao Existe no Banco
16067;10852;1554;1;300,00;Venda Pai Nao Existe no Banco
16068;10853;7821;1;280,00;Venda Pai Nao Existe no Banco
16069;10854;1542;1;300,00;Venda Pai Nao Existe no Banco
16070;10854;7628;1;200,00;Venda Pai Nao Existe no Banco
16071;10855;1534;1;160,00;Venda Pai Nao Existe no Banco
16072;10856;8355;1;450,00;Venda Pai Nao Existe no Banco
16073;10857;5521;1;570,00;Venda Pai Nao Existe no Banco
16075;10858;7821;1;280,00;Venda Pai Nao Existe no Banco
16076;10858;9120;1;1.900,00;Venda Pai Nao Existe no Banco
16077;10859;1542;1;340,00;Venda Pai Nao Existe no Banco
16078;10859;3066;1;260,00;Venda Pai Nao Existe no Banco
16079;10860;1534;1;160,00;Venda Pai Nao Existe no Banco
16080;10861;7953;1;250,00;Venda Pai Nao Existe no Banco
16081;10861;8552;1;190,00;Venda Pai Nao Existe no Banco
16082;10864;7953;1;250,00;Venda Pai Nao Existe no Banco
16083;10864;8552;1;190,00;Venda Pai Nao Existe no Banco
16084;10870;8987;1;940,00;Venda Pai Nao Existe no Banco
16085;10870;1542;1;280,00;Venda Pai Nao Existe no Banco
16086;10870;8552;1;190,00;Venda Pai Nao Existe no Banco
16087;10870;8552;1;190,00;Venda Pai Nao Existe no Banco
16088;10871;7953;1;250,00;Venda Pai Nao Existe no Banco
16090;10872;7953;1;250,00;Venda Pai Nao Existe no Banco
16091;10872;7821;1;290,00;Venda Pai Nao Existe no Banco
16092;10873;8355;1;190,00;Venda Pai Nao Existe no Banco
16093;10873;7821;1;140,00;Venda Pai Nao Existe no Banco
16095;10874;7628;1;280,00;Venda Pai Nao Existe no Banco
16096;10874;9121;1;1.845,00;Venda Pai Nao Existe no Banco
16097;10875;7628;1;199,00;Venda Pai Nao Existe no Banco
16098;10877;8185;1;650,00;Venda Pai Nao Existe no Banco
16099;10877;8355;1;390,00;Venda Pai Nao Existe no Banco
16100;10878;7821;1;190,00;Venda Pai Nao Existe no Banco
16101;10879;9075;1;600,00;Venda Pai Nao Existe no Banco
16102;10880;9066;1;990,00;Venda Pai Nao Existe no Banco
16103;10880;7821;1;260,00;Venda Pai Nao Existe no Banco
16104;10881;1534;1;160,00;Venda Pai Nao Existe no Banco
16105;10881;7987;1;490,00;Venda Pai Nao Existe no Banco
16106;10882;7953;1;240,00;Venda Pai Nao Existe no Banco
16107;10882;7821;1;260,00;Venda Pai Nao Existe no Banco
16108;10883;8552;1;100,00;Venda Pai Nao Existe no Banco
16109;10884;7953;1;250,00;Venda Pai Nao Existe no Banco
16110;10884;8552;1;220,00;Venda Pai Nao Existe no Banco
16111;10886;8720;1;450,00;Venda Pai Nao Existe no Banco
16112;10886;7821;1;50,00;Venda Pai Nao Existe no Banco
16113;10887;5627;1;850,00;Venda Pai Nao Existe no Banco
16114;10889;1542;1;315,00;Venda Pai Nao Existe no Banco
16115;10889;8782;1;515,00;Venda Pai Nao Existe no Banco
16116;10890;1552;1;350,00;Venda Pai Nao Existe no Banco
16117;10890;7821;1;280,00;Venda Pai Nao Existe no Banco
16118;10891;7953;1;250,00;Venda Pai Nao Existe no Banco
16119;10891;8552;1;190,00;Venda Pai Nao Existe no Banco
16120;10892;1542;1;300,00;Venda Pai Nao Existe no Banco
16121;10892;1534;1;140,00;Venda Pai Nao Existe no Banco
16122;10893;1534;1;160,00;Venda Pai Nao Existe no Banco
16123;10893;7821;1;280,00;Venda Pai Nao Existe no Banco
16124;10894;8552;1;180,00;Venda Pai Nao Existe no Banco
16125;10895;7953;1;220,00;Venda Pai Nao Existe no Banco
16126;10895;8812;1;930,00;Venda Pai Nao Existe no Banco
16127;10896;1542;1;320,00;Venda Pai Nao Existe no Banco
16128;10896;7821;1;280,00;Venda Pai Nao Existe no Banco
16129;10897;8682;1;700,00;Venda Pai Nao Existe no Banco
16130;10900;8102;1;680,00;Venda Pai Nao Existe no Banco
16131;10900;8552;1;180,00;Venda Pai Nao Existe no Banco
16132;10901;1542;1;350,00;Venda Pai Nao Existe no Banco
16133;10901;8552;1;190,00;Venda Pai Nao Existe no Banco
16134;10902;8720;1;690,00;Venda Pai Nao Existe no Banco
16135;10902;7628;1;290,00;Venda Pai Nao Existe no Banco
16136;10903;8552;1;90,00;Venda Pai Nao Existe no Banco
16137;10905;1552;1;350,00;Venda Pai Nao Existe no Banco
16138;10905;8552;1;190,00;Venda Pai Nao Existe no Banco
16139;10906;8355;1;450,00;Venda Pai Nao Existe no Banco
16140;10907;1542;1;300,00;Venda Pai Nao Existe no Banco
16141;10908;7628;1;280,00;Venda Pai Nao Existe no Banco
16143;10909;9122;0,5;675,00;Venda Pai Nao Existe no Banco
16144;10909;1534;0,5;75,00;Venda Pai Nao Existe no Banco
16146;10911;8987;1;990,00;Venda Pai Nao Existe no Banco
16147;10911;9097;1;650,00;Venda Pai Nao Existe no Banco
16148;10912;1533;1;80,00;Venda Pai Nao Existe no Banco
16149;10913;6292;1;100,00;Venda Pai Nao Existe no Banco
16150;10914;7821;1;280,00;Venda Pai Nao Existe no Banco
16151;10917;7953;1;250,00;Venda Pai Nao Existe no Banco
16152;10917;6292;1;190,00;Venda Pai Nao Existe no Banco
16154;10918;9123;1;1.430,00;Venda Pai Nao Existe no Banco
16155;10918;8355;1;450,00;Venda Pai Nao Existe no Banco
16156;10919;1534;0,5;80,00;Venda Pai Nao Existe no Banco
16157;10920;1542;1;320,00;Venda Pai Nao Existe no Banco
16158;10920;8552;1;180,00;Venda Pai Nao Existe no Banco
16159;10922;1534;2;320,00;Venda Pai Nao Existe no Banco
16160;10923;7953;1;250,00;Venda Pai Nao Existe no Banco
16161;10923;7821;1;260,00;Venda Pai Nao Existe no Banco
16162;10924;8185;1;585,00;Venda Pai Nao Existe no Banco
16164;10924;7821;1;350,00;Venda Pai Nao Existe no Banco
16165;10925;7953;2;500,00;Venda Pai Nao Existe no Banco
16166;10925;7821;1;280,00;Venda Pai Nao Existe no Banco
16167;10927;9124;1;1.445,00;Venda Pai Nao Existe no Banco
16168;10927;7821;1;280,00;Venda Pai Nao Existe no Banco
16169;10927;1372;1;280,00;Venda Pai Nao Existe no Banco
16170;10928;7953;1;220,00;Venda Pai Nao Existe no Banco
16171;10929;1341;1;100,00;Venda Pai Nao Existe no Banco
16172;10930;7953;1;250,00;Venda Pai Nao Existe no Banco
16173;10930;7821;1;290,00;Venda Pai Nao Existe no Banco
16175;10931;9125;1;390,00;Venda Pai Nao Existe no Banco
16177;10935;1534;1;160,00;Venda Pai Nao Existe no Banco
16178;10933;7953;1;240,00;Venda Pai Nao Existe no Banco
16179;10933;7628;1;210,00;Venda Pai Nao Existe no Banco
16180;10937;1534;1;120,00;Venda Pai Nao Existe no Banco
16181;10937;8355;1;380,00;Venda Pai Nao Existe no Banco
16182;10939;1534;1;140,00;Venda Pai Nao Existe no Banco
16183;10940;7953;1;250,00;Venda Pai Nao Existe no Banco
16184;10940;8355;1;380,00;Venda Pai Nao Existe no Banco
16185;10944;1542;1;350,00;Venda Pai Nao Existe no Banco
16186;10945;5378;1;140,00;Venda Pai Nao Existe no Banco
16187;10946;7821;1;190,00;Venda Pai Nao Existe no Banco
16188;10947;1542;1;350,00;Venda Pai Nao Existe no Banco
16189;10947;7821;1;290,00;Venda Pai Nao Existe no Banco
16190;10949;6292;1;100,00;Venda Pai Nao Existe no Banco
16191;10949;7090;1;100,00;Venda Pai Nao Existe no Banco
16192;10951;1534;1;140,00;Venda Pai Nao Existe no Banco
16193;10951;8552;1;160,00;Venda Pai Nao Existe no Banco
16194;10954;1321;1;100,00;Venda Pai Nao Existe no Banco
16195;10955;1534;1;160,00;Venda Pai Nao Existe no Banco
16196;10955;7953;1;250,00;Venda Pai Nao Existe no Banco
16197;10955;8552;2;380,00;Venda Pai Nao Existe no Banco
16198;10956;6292;1;100,00;Venda Pai Nao Existe no Banco
16200;10957;7628;1;190,00;Venda Pai Nao Existe no Banco
16201;10957;1554;1;310,00;Venda Pai Nao Existe no Banco
16202;10958;1542;1;315,00;Venda Pai Nao Existe no Banco
16203;10959;3062;1;100,00;Venda Pai Nao Existe no Banco
16204;10960;9083;1;690,00;Venda Pai Nao Existe no Banco
16205;10960;1534;1;180,00;Venda Pai Nao Existe no Banco
16206;10962;1534;1;140,00;Venda Pai Nao Existe no Banco
16207;10962;7821;1;240,00;Venda Pai Nao Existe no Banco
16208;10968;1542;1;350,00;Venda Pai Nao Existe no Banco
16209;10969;1542;1;315,00;Venda Pai Nao Existe no Banco
16210;10970;7628;1;190,00;Venda Pai Nao Existe no Banco
16211;10971;7953;1;250,00;Venda Pai Nao Existe no Banco
16213;10971;8273;1;650,00;Venda Pai Nao Existe no Banco
16214;10971;8811;1;990,00;Venda Pai Nao Existe no Banco
16215;10971;7953;1;250,00;Venda Pai Nao Existe no Banco
16216;10972;9103;1;690,00;Venda Pai Nao Existe no Banco
16217;10973;6292;1;100,00;Venda Pai Nao Existe no Banco
16218;10974;1534;1;160,00;Venda Pai Nao Existe no Banco
16219;10975;7953;1;250,00;Venda Pai Nao Existe no Banco
16220;10975;7821;1;290,00;Venda Pai Nao Existe no Banco
16221;10976;7953;1;250,00;Venda Pai Nao Existe no Banco
16222;10976;8997;1;650,00;Venda Pai Nao Existe no Banco
16223;10977;1542;1;350,00;Venda Pai Nao Existe no Banco
16224;10977;8552;1;250,00;Venda Pai Nao Existe no Banco
16225;10978;1534;1;160,00;Venda Pai Nao Existe no Banco
16226;10978;7821;1;290,00;Venda Pai Nao Existe no Banco
16227;10979;1542;1;300,00;Venda Pai Nao Existe no Banco
16229;10980;7628;1;280,00;Venda Pai Nao Existe no Banco
16230;10982;2403;1;280,00;Venda Pai Nao Existe no Banco
16231;10983;4542;1;240,00;Venda Pai Nao Existe no Banco
16232;10983;5451;1;150,00;Venda Pai Nao Existe no Banco
16233;10984;2403;1;390,00;Venda Pai Nao Existe no Banco
16234;10985;8987;1;1.200,00;Venda Pai Nao Existe no Banco
16235;10986;1534;1;160,00;Venda Pai Nao Existe no Banco
16236;10987;7821;1;280,00;Venda Pai Nao Existe no Banco
16237;10983;1534;0,5;80,00;Venda Pai Nao Existe no Banco
16238;10988;1552;1;350,00;Venda Pai Nao Existe no Banco
16239;10988;7628;1;290,00;Venda Pai Nao Existe no Banco
16240;10989;8987;1;890,00;Venda Pai Nao Existe no Banco
16241;10989;8355;1;450,00;Venda Pai Nao Existe no Banco
16242;10990;8102;1;750,00;Venda Pai Nao Existe no Banco
16243;10993;1534;1;160,00;Venda Pai Nao Existe no Banco
16244;10994;7953;1;350,00;Venda Pai Nao Existe no Banco
16245;10996;1552;1;350,00;Venda Pai Nao Existe no Banco
16246;10998;8102;1;675,00;Venda Pai Nao Existe no Banco
16247;10999;1760;1;550,00;Venda Pai Nao Existe no Banco
16248;11000;7953;1;250,00;Venda Pai Nao Existe no Banco
16249;11000;8355;1;390,00;Venda Pai Nao Existe no Banco
16250;11001;7953;1;250,00;Venda Pai Nao Existe no Banco
16251;11001;8552;1;240,00;Venda Pai Nao Existe no Banco
16252;11002;7953;1;250,00;Venda Pai Nao Existe no Banco
16253;11002;7821;1;290,00;Venda Pai Nao Existe no Banco
16254;11004;5814;1;100,00;Venda Pai Nao Existe no Banco
16255;11005;1760;1;650,00;Venda Pai Nao Existe no Banco
16256;11005;8195;1;780,00;Venda Pai Nao Existe no Banco
16257;11006;2287;1;40,00;Venda Pai Nao Existe no Banco
16258;11007;7821;1;280,00;Venda Pai Nao Existe no Banco
16259;11008;7832;1;280,00;Venda Pai Nao Existe no Banco
16260;11009;1534;1;160,00;Venda Pai Nao Existe no Banco
16261;11010;7953;1;239,00;Venda Pai Nao Existe no Banco
16262;11010;9126;1;711,00;Venda Pai Nao Existe no Banco
16263;11011;7953;1;250,00;Venda Pai Nao Existe no Banco
16267;11013;9099;1;690,00;Venda Pai Nao Existe no Banco
16269;11013;9127;1;3.000,00;Venda Pai Nao Existe no Banco
16270;11011;9088;1;690,00;Venda Pai Nao Existe no Banco
16271;11015;7953;1;230,00;Venda Pai Nao Existe no Banco
16272;11015;7821;1;270,00;Venda Pai Nao Existe no Banco
16273;11016;7628;1;220,00;Venda Pai Nao Existe no Banco
16274;11017;8999;1;640,00;Venda Pai Nao Existe no Banco
16276;11018;9095;1;650,00;Venda Pai Nao Existe no Banco
16277;11018;9128;1;2.439,00;Venda Pai Nao Existe no Banco
16278;11020;8675;1;40,00;Venda Pai Nao Existe no Banco
16279;11021;1542;1;330,00;Venda Pai Nao Existe no Banco
16280;11021;8355;1;420,00;Venda Pai Nao Existe no Banco
16281;11022;2403;1;250,00;Venda Pai Nao Existe no Banco
16282;11023;1542;1;330,00;Venda Pai Nao Existe no Banco
16283;11023;8355;1;370,00;Venda Pai Nao Existe no Banco
16284;11024;8868;1;2.407,00;Venda Pai Nao Existe no Banco
16285;11025;7953;1;250,00;Venda Pai Nao Existe no Banco
16286;11025;7628;1;290,00;Venda Pai Nao Existe no Banco
16287;11026;7628;1;190,00;Venda Pai Nao Existe no Banco
16288;11027;1534;1;160,00;Venda Pai Nao Existe no Banco
16289;11028;7821;1;260,00;Venda Pai Nao Existe no Banco
16290;11029;1542;1;320,00;Venda Pai Nao Existe no Banco
16291;11029;9084;1;630,00;Venda Pai Nao Existe no Banco
16292;11030;7821;1;280,00;Venda Pai Nao Existe no Banco
16293;11037;7953;1;250,00;Venda Pai Nao Existe no Banco
16294;11039;1542;1;350,00;Venda Pai Nao Existe no Banco
16295;11039;9096;1;690,00;Venda Pai Nao Existe no Banco
16296;11040;1534;1;160,00;Venda Pai Nao Existe no Banco
16297;11040;8355;1;450,00;Venda Pai Nao Existe no Banco
16298;11041;2403;2;780,00;Venda Pai Nao Existe no Banco
16299;11040;8300;1;890,00;Venda Pai Nao Existe no Banco
16301;11040;9130;1;750,00;Venda Pai Nao Existe no Banco
16302;11043;7953;1;220,00;Venda Pai Nao Existe no Banco
16303;11043;8360;1;540,00;Venda Pai Nao Existe no Banco
16304;11044;6292;1;100,00;Venda Pai Nao Existe no Banco
16305;11045;7953;1;250,00;Venda Pai Nao Existe no Banco
16306;11045;7821;1;290,00;Venda Pai Nao Existe no Banco
16307;11046;4497;1;150,00;Venda Pai Nao Existe no Banco
16308;11046;7628;1;290,00;Venda Pai Nao Existe no Banco
16309;11047;9003;1;690,00;Venda Pai Nao Existe no Banco
16313;11047;9131;1;3.000,00;Venda Pai Nao Existe no Banco
16314;11049;1534;1;160,00;Venda Pai Nao Existe no Banco
16315;11051;1542;1;350,00;Venda Pai Nao Existe no Banco
16316;11052;8720;1;250,00;Venda Pai Nao Existe no Banco
16317;11055;1554;1;290,00;Venda Pai Nao Existe no Banco
16318;11055;3468;1;210,00;Venda Pai Nao Existe no Banco
16319;11056;8738;1;350,00;Venda Pai Nao Existe no Banco
16320;11059;7727;1;260,00;Venda Pai Nao Existe no Banco
16321;11061;6292;1;230,00;Venda Pai Nao Existe no Banco
16322;11062;7628;1;240,00;Venda Pai Nao Existe no Banco
16323;11064;1349;1;160,00;Venda Pai Nao Existe no Banco
16324;11065;3860;1;140,00;Venda Pai Nao Existe no Banco
16325;11065;7953;1;230,00;Venda Pai Nao Existe no Banco
16326;11066;7953;1;110,00;Venda Pai Nao Existe no Banco
16327;11067;1542;1;350,00;Venda Pai Nao Existe no Banco
16328;11069;1542;1;350,00;Venda Pai Nao Existe no Banco
16329;11070;8355;1;450,00;Venda Pai Nao Existe no Banco
16330;11070;7953;1;250,00;Venda Pai Nao Existe no Banco
16331;11071;6292;1;100,00;Venda Pai Nao Existe no Banco
16332;11074;1542;1;350,00;Venda Pai Nao Existe no Banco
16333;11077;1542;1;300,00;Venda Pai Nao Existe no Banco
16335;11078;1534;1;160,00;Venda Pai Nao Existe no Banco
16336;11080;1673;1;93,00;Venda Pai Nao Existe no Banco
16337;11082;1844;1;280,00;Venda Pai Nao Existe no Banco
16338;11082;7953;1;250,00;Venda Pai Nao Existe no Banco
16339;11083;1844;1;250,00;Venda Pai Nao Existe no Banco
16340;11084;1349;1;150,00;Venda Pai Nao Existe no Banco
16341;11085;1534;1;160,00;Venda Pai Nao Existe no Banco
16342;11086;9074;1;690,00;Venda Pai Nao Existe no Banco
16343;11086;7714;1;290,00;Venda Pai Nao Existe no Banco
16344;11092;1534;1;160,00;Venda Pai Nao Existe no Banco
16345;11092;5934;1;490,00;Venda Pai Nao Existe no Banco
16346;11093;7510;1;350,00;Venda Pai Nao Existe no Banco
16347;11093;1534;1;250,00;Venda Pai Nao Existe no Banco
16348;11095;1371;1;150,00;Venda Pai Nao Existe no Banco
16349;11097;1760;1;670,00;Venda Pai Nao Existe no Banco
16350;11097;1844;1;230,00;Venda Pai Nao Existe no Banco
16351;11098;7628;1;170,00;Venda Pai Nao Existe no Banco
16352;11098;8552;1;190,00;Venda Pai Nao Existe no Banco
16353;11099;9075;1;550,00;Venda Pai Nao Existe no Banco
16354;11099;9075;1;550,00;Venda Pai Nao Existe no Banco
16355;11100;7821;1;260,00;Venda Pai Nao Existe no Banco
16356;11101;1542;1;196,00;Venda Pai Nao Existe no Banco
16357;11102;1534;1;160,00;Venda Pai Nao Existe no Banco
16358;11104;7953;1;250,00;Venda Pai Nao Existe no Banco
16359;11104;8889;1;750,00;Venda Pai Nao Existe no Banco
16360;11105;1542;2;630,00;Venda Pai Nao Existe no Banco
16361;11105;9106;1;585,00;Venda Pai Nao Existe no Banco
16362;11106;9036;1;550,00;Venda Pai Nao Existe no Banco
16363;11106;1534;1;160,00;Venda Pai Nao Existe no Banco
16364;11107;1534;1;290,00;Venda Pai Nao Existe no Banco
16365;11109;7953;1;230,00;Venda Pai Nao Existe no Banco
16366;11109;8355;1;390,00;Venda Pai Nao Existe no Banco
16367;11110;7953;1;220,00;Venda Pai Nao Existe no Banco
16369;11111;7626;1;216,00;Venda Pai Nao Existe no Banco
16370;11112;8273;1;620,00;Venda Pai Nao Existe no Banco
16371;11112;8273;1;620,00;Venda Pai Nao Existe no Banco
16372;11112;8552;1;190,00;Venda Pai Nao Existe no Banco
16373;11112;8552;1;220,00;Venda Pai Nao Existe no Banco
16374;11112;7821;1;250,00;Venda Pai Nao Existe no Banco
16375;11112;8668;1;90,00;Venda Pai Nao Existe no Banco
16376;11113;8987;1;990,00;Venda Pai Nao Existe no Banco
16377;11113;7628;1;190,00;Venda Pai Nao Existe no Banco
16379;11114;1534;1;160,00;Venda Pai Nao Existe no Banco
16380;11114;9132;1;100,00;Venda Pai Nao Existe no Banco
16381;11116;1554;1;315,00;Venda Pai Nao Existe no Banco
16382;11117;1542;1;350,00;Venda Pai Nao Existe no Banco
16383;11120;5627;1;890,00;Venda Pai Nao Existe no Banco
16384;11120;9104;1;690,00;Venda Pai Nao Existe no Banco
16385;11121;8678;1;2.400,00;Venda Pai Nao Existe no Banco
16386;11121;8355;1;390,00;Venda Pai Nao Existe no Banco
16387;11122;8913;1;1.252,00;Venda Pai Nao Existe no Banco
16388;11124;1534;1;160,00;Venda Pai Nao Existe no Banco
16389;11125;6292;1;190,00;Venda Pai Nao Existe no Banco
16390;11126;8308;1;65,00;Venda Pai Nao Existe no Banco
16391;11127;1542;1;690,00;Venda Pai Nao Existe no Banco
16393;11128;8552;1;190,00;Venda Pai Nao Existe no Banco
16394;11128;9133;1;1.450,00;Venda Pai Nao Existe no Banco
16396;11129;8963;1;747,00;Venda Pai Nao Existe no Banco
16397;11132;7821;1;250,00;Venda Pai Nao Existe no Banco
16398;11129;9134;1;4.715,00;Venda Pai Nao Existe no Banco
16399;11133;7821;1;250,00;Venda Pai Nao Existe no Banco
16400;11135;2403;1;280,00;Venda Pai Nao Existe no Banco
16401;11137;7628;1;260,00;Venda Pai Nao Existe no Banco
16402;11139;8552;1;190,00;Venda Pai Nao Existe no Banco
16403;11140;7953;1;250,00;Venda Pai Nao Existe no Banco
16404;11140;7821;1;290,00;Venda Pai Nao Existe no Banco
16405;11141;7953;1;250,00;Venda Pai Nao Existe no Banco
16406;11141;8817;1;980,00;Venda Pai Nao Existe no Banco
16407;11143;1534;1;160,00;Venda Pai Nao Existe no Banco
16408;11143;7628;1;260,00;Venda Pai Nao Existe no Banco
16409;11145;7628;1;340,00;Venda Pai Nao Existe no Banco
16410;11146;1534;1;156,00;Venda Pai Nao Existe no Banco
16411;11146;7129;1;294,00;Venda Pai Nao Existe no Banco
16412;11147;7953;1;250,00;Venda Pai Nao Existe no Banco
16413;11148;1542;1;315,00;Venda Pai Nao Existe no Banco
16414;11148;7821;1;260,00;Venda Pai Nao Existe no Banco
16415;11149;1542;1;315,00;Venda Pai Nao Existe no Banco
16416;11150;1542;1;390,00;Venda Pai Nao Existe no Banco
16417;11150;8936;1;800,00;Venda Pai Nao Existe no Banco
16418;11151;7953;1;250,00;Venda Pai Nao Existe no Banco
16419;11151;8355;1;350,00;Venda Pai Nao Existe no Banco
16420;11152;7953;1;225,00;Venda Pai Nao Existe no Banco
16421;11153;7953;1;250,00;Venda Pai Nao Existe no Banco
16422;11153;7821;1;250,00;Venda Pai Nao Existe no Banco
16423;11154;1542;1;350,00;Venda Pai Nao Existe no Banco
16424;11155;7953;1;290,00;Venda Pai Nao Existe no Banco
16425;11155;8552;1;260,00;Venda Pai Nao Existe no Banco
16426;11156;7953;1;250,00;Venda Pai Nao Existe no Banco
16427;11157;1534;1;160,00;Venda Pai Nao Existe no Banco
16429;11157;8749;1;490,00;Venda Pai Nao Existe no Banco
16430;11158;1534;1;144,00;Venda Pai Nao Existe no Banco
16431;11158;8552;1;234,00;Venda Pai Nao Existe no Banco
16432;11159;1534;1;140,00;Venda Pai Nao Existe no Banco
16433;11159;1534;1;140,00;Venda Pai Nao Existe no Banco
16434;11159;1760;1;585,00;Venda Pai Nao Existe no Banco
16435;11159;7821;1;220,00;Venda Pai Nao Existe no Banco
16436;11122;8552;1;190,00;Venda Pai Nao Existe no Banco
16437;11160;1405;1;190,00;Venda Pai Nao Existe no Banco
16438;11161;1552;1;350,00;Venda Pai Nao Existe no Banco
16439;11161;7821;1;260,00;Venda Pai Nao Existe no Banco
16440;11162;1552;1;350,00;Venda Pai Nao Existe no Banco
16441;11154;8552;1;190,00;Venda Pai Nao Existe no Banco
16442;11163;7953;1;250,00;Venda Pai Nao Existe no Banco
16443;11163;8552;1;240,00;Venda Pai Nao Existe no Banco
16444;11164;7953;1;250,00;Venda Pai Nao Existe no Banco
16445;11164;7821;1;280,00;Venda Pai Nao Existe no Banco
16446;11165;8824;1;990,00;Venda Pai Nao Existe no Banco
16448;11166;9131;1;3.000,00;Venda Pai Nao Existe no Banco
16449;11167;1542;1;350,00;Venda Pai Nao Existe no Banco
16450;11167;7821;1;280,00;Venda Pai Nao Existe no Banco
16451;11168;1534;1;305,00;Venda Pai Nao Existe no Banco
16452;11168;7821;1;280,00;Venda Pai Nao Existe no Banco
16453;11169;8275;1;790,00;Venda Pai Nao Existe no Banco
16455;11170;1542;0,5;175,00;Venda Pai Nao Existe no Banco
16456;11170;1533;0,5;45,00;Venda Pai Nao Existe no Banco
16457;11171;1534;1;160,00;Venda Pai Nao Existe no Banco
16458;11172;1534;1;160,00;Venda Pai Nao Existe no Banco
16459;11173;8355;1;450,00;Venda Pai Nao Existe no Banco
16460;11174;1542;1;390,00;Venda Pai Nao Existe no Banco
16461;11175;1542;0,5;160,00;Venda Pai Nao Existe no Banco
16462;11175;3448;1;170,00;Venda Pai Nao Existe no Banco
16463;11176;1542;1;350,00;Venda Pai Nao Existe no Banco
16464;11176;7821;1;240,00;Venda Pai Nao Existe no Banco
16465;11178;1542;1;300,00;Venda Pai Nao Existe no Banco
16466;11179;7953;1;250,00;Venda Pai Nao Existe no Banco
16467;11179;9013;1;650,00;Venda Pai Nao Existe no Banco
16468;11180;7953;1;250,00;Venda Pai Nao Existe no Banco
16469;11181;7953;1;250,00;Venda Pai Nao Existe no Banco
16470;11181;8552;1;190,00;Venda Pai Nao Existe no Banco
16471;11182;6292;1;190,00;Venda Pai Nao Existe no Banco
16472;11183;8300;1;690,00;Venda Pai Nao Existe no Banco
16473;11183;8355;1;650,00;Venda Pai Nao Existe no Banco
16474;11184;5627;0,5;445,00;Venda Pai Nao Existe no Banco
16475;11185;1542;1;350,00;Venda Pai Nao Existe no Banco
16476;11187;6292;1;120,00;Venda Pai Nao Existe no Banco
16477;11188;1769;1;1.039,00;Venda Pai Nao Existe no Banco
16478;11189;7953;1;250,00;Venda Pai Nao Existe no Banco
16480;11189;8815;1;1.170,00;Venda Pai Nao Existe no Banco
16481;11191;7628;1;200,00;Venda Pai Nao Existe no Banco
16482;11192;7628;1;230,00;Venda Pai Nao Existe no Banco
16484;11193;9136;1;1.880,00;Venda Pai Nao Existe no Banco
16485;11193;6292;1;280,00;Venda Pai Nao Existe no Banco
16486;11194;1533;1;90,00;Venda Pai Nao Existe no Banco
16487;11194;7821;1;290,00;Venda Pai Nao Existe no Banco
16489;11194;8185;1;540,00;Venda Pai Nao Existe no Banco
16490;11195;2403;2;780,00;Venda Pai Nao Existe no Banco
16491;11196;1542;1;350,00;Venda Pai Nao Existe no Banco
16492;11196;8552;1;250,00;Venda Pai Nao Existe no Banco
16493;11197;8590;1;1.999,00;Venda Pai Nao Existe no Banco
16494;11198;1542;1;350,00;Venda Pai Nao Existe no Banco
16495;11198;1349;1;190,00;Venda Pai Nao Existe no Banco
16496;11199;1542;1;350,00;Venda Pai Nao Existe no Banco
16497;11199;1924;1;290,00;Venda Pai Nao Existe no Banco
16498;11201;1534;1;100,00;Venda Pai Nao Existe no Banco
16499;11202;7821;1;270,00;Venda Pai Nao Existe no Banco
16500;11203;7953;1;250,00;Venda Pai Nao Existe no Banco
16501;11203;7953;1;250,00;Venda Pai Nao Existe no Banco
16502;11203;8355;1;550,00;Venda Pai Nao Existe no Banco
16503;11203;7821;1;350,00;Venda Pai Nao Existe no Banco
16504;11204;7821;1;290,00;Venda Pai Nao Existe no Banco
16505;11207;7953;1;250,00;Venda Pai Nao Existe no Banco
16507;11209;7821;1;290,00;Venda Pai Nao Existe no Banco
16508;11209;9137;1;1.369,00;Venda Pai Nao Existe no Banco
16509;11210;7821;1;290,00;Venda Pai Nao Existe no Banco
16510;11211;1534;1;140,00;Venda Pai Nao Existe no Banco
16511;11212;2403;1;280,00;Venda Pai Nao Existe no Banco
16512;11213;1552;1;350,00;Venda Pai Nao Existe no Banco
16513;11213;5940;1;450,00;Venda Pai Nao Existe no Banco
16515;11214;9138;1;120,00;Venda Pai Nao Existe no Banco
16516;11215;1534;1;160,00;Venda Pai Nao Existe no Banco
16517;11215;4621;1;140,00;Venda Pai Nao Existe no Banco
16518;11216;1542;1;315,00;Venda Pai Nao Existe no Banco
16519;11216;1542;1;315,00;Venda Pai Nao Existe no Banco
16520;11216;2720;1;140,00;Venda Pai Nao Existe no Banco
16521;11216;8552;1;170,00;Venda Pai Nao Existe no Banco
16522;11218;1542;1;350,00;Venda Pai Nao Existe no Banco
16523;11218;8552;1;250,00;Venda Pai Nao Existe no Banco
16525;11219;8552;1;200,00;Venda Pai Nao Existe no Banco
16526;11219;5627;1;860,00;Venda Pai Nao Existe no Banco
16527;11220;2720;1;160,00;Venda Pai Nao Existe no Banco
16528;11222;7821;1;280,00;Venda Pai Nao Existe no Banco
16529;11223;1534;1;160,00;Venda Pai Nao Existe no Banco
16530;11224;9139;1;190,00;Venda Pai Nao Existe no Banco
16531;11225;8552;1;240,00;Venda Pai Nao Existe no Banco
16532;11227;1534;1;160,00;Venda Pai Nao Existe no Banco
16533;11228;9138;1;280,00;Venda Pai Nao Existe no Banco
16534;11229;8552;1;100,00;Venda Pai Nao Existe no Banco
16535;11230;9138;1;260,00;Venda Pai Nao Existe no Banco
16536;11231;1534;1;160,00;Venda Pai Nao Existe no Banco
16537;11231;7821;1;280,00;Venda Pai Nao Existe no Banco
16539;11232;7953;0,5;175,00;Venda Pai Nao Existe no Banco
16540;11232;8300;0,5;445,00;Venda Pai Nao Existe no Banco
16541;11232;7821;1;300,00;Venda Pai Nao Existe no Banco
16542;11233;8552;1;190,00;Venda Pai Nao Existe no Banco
16543;11234;1542;1;350,00;Venda Pai Nao Existe no Banco
16544;11234;7821;1;390,00;Venda Pai Nao Existe no Banco
16545;11235;7953;1;250,00;Venda Pai Nao Existe no Banco
16546;11236;9139;1;100,00;Venda Pai Nao Existe no Banco
16548;11238;4581;1;240,00;Venda Pai Nao Existe no Banco
16549;11239;7953;1;230,00;Venda Pai Nao Existe no Banco
16550;11240;8707;1;1.790,00;Venda Pai Nao Existe no Banco
16551;11240;7821;1;290,00;Venda Pai Nao Existe no Banco
16552;11241;6292;1;100,00;Venda Pai Nao Existe no Banco
16553;11242;9075;1;650,00;Venda Pai Nao Existe no Banco
16554;11242;7821;1;250,00;Venda Pai Nao Existe no Banco
16555;11243;1760;1;550,00;Venda Pai Nao Existe no Banco
16556;11243;7628;1;350,00;Venda Pai Nao Existe no Banco
16558;11244;7821;1;270,00;Venda Pai Nao Existe no Banco
16559;11244;9141;1;1.900,00;Venda Pai Nao Existe no Banco
16560;11245;1554;1;350,00;Venda Pai Nao Existe no Banco
16562;11247;1760;1;550,00;Venda Pai Nao Existe no Banco
16563;11248;8552;1;190,00;Venda Pai Nao Existe no Banco
16564;11249;7821;1;290,00;Venda Pai Nao Existe no Banco
16565;11249;1534;1;160,00;Venda Pai Nao Existe no Banco
16566;11250;7953;1;250,00;Venda Pai Nao Existe no Banco
16567;11250;7821;1;290,00;Venda Pai Nao Existe no Banco
16568;11251;1534;1;160,00;Venda Pai Nao Existe no Banco
16569;11252;2720;1;260,00;Venda Pai Nao Existe no Banco
16570;11237;9143;1;940,00;Venda Pai Nao Existe no Banco
16571;11254;7667;1;280,00;Venda Pai Nao Existe no Banco
16572;11254;7953;1;250,00;Venda Pai Nao Existe no Banco
16573;11255;1671;1;150,00;Venda Pai Nao Existe no Banco
16574;11256;1534;1;160,00;Venda Pai Nao Existe no Banco
16575;11257;1542;1;350,00;Venda Pai Nao Existe no Banco
16576;11259;1542;1;300,00;Venda Pai Nao Existe no Banco
16577;11260;8102;1;590,00;Venda Pai Nao Existe no Banco
16578;11260;7628;1;280,00;Venda Pai Nao Existe no Banco
16579;11261;7821;1;290,00;Venda Pai Nao Existe no Banco
16581;11262;1534;1;160,00;Venda Pai Nao Existe no Banco
16582;11262;9138;1;190,00;Venda Pai Nao Existe no Banco
16583;11261;9144;1;860,00;Venda Pai Nao Existe no Banco
16584;11263;7953;1;250,00;Venda Pai Nao Existe no Banco
16585;11263;7821;1;290,00;Venda Pai Nao Existe no Banco
16586;11263;2403;1;390,00;Venda Pai Nao Existe no Banco
16587;11265;1349;1;150,00;Venda Pai Nao Existe no Banco
16588;11265;1534;1;150,00;Venda Pai Nao Existe no Banco
16589;11267;7491;1;290,00;Venda Pai Nao Existe no Banco
16590;11267;7953;1;250,00;Venda Pai Nao Existe no Banco
16591;11269;7719;1;280,00;Venda Pai Nao Existe no Banco
16592;11269;7953;1;250,00;Venda Pai Nao Existe no Banco
16593;11270;7727;1;280,00;Venda Pai Nao Existe no Banco
16594;11270;7953;1;360,00;Venda Pai Nao Existe no Banco
16595;11271;8189;1;490,00;Venda Pai Nao Existe no Banco
16596;11272;7719;1;450,00;Venda Pai Nao Existe no Banco
16597;11272;1542;1;350,00;Venda Pai Nao Existe no Banco
16598;11273;1371;1;140,00;Venda Pai Nao Existe no Banco
16599;11275;2720;1;280,00;Venda Pai Nao Existe no Banco
16600;11275;1760;1;690,00;Venda Pai Nao Existe no Banco
16601;11276;1542;1;300,00;Venda Pai Nao Existe no Banco
16602;11277;7499;1;290,00;Venda Pai Nao Existe no Banco
16603;11277;7953;1;250,00;Venda Pai Nao Existe no Banco
16604;11272;1542;1;350,00;Venda Pai Nao Existe no Banco
16605;11272;8552;1;280,00;Venda Pai Nao Existe no Banco
16606;11279;7953;1;250,00;Venda Pai Nao Existe no Banco
16607;11279;8355;1;540,00;Venda Pai Nao Existe no Banco
16608;11280;6292;1;100,00;Venda Pai Nao Existe no Banco
16609;11282;1542;1;310,00;Venda Pai Nao Existe no Banco
16610;11282;7821;1;260,00;Venda Pai Nao Existe no Banco
16611;11283;1534;1;160,00;Venda Pai Nao Existe no Banco
16612;11284;2403;1;390,00;Venda Pai Nao Existe no Banco
16613;11286;8552;1;190,00;Venda Pai Nao Existe no Banco
16614;11287;7953;1;240,00;Venda Pai Nao Existe no Banco
16615;11287;7821;1;260,00;Venda Pai Nao Existe no Banco
16616;11289;1542;1;350,00;Venda Pai Nao Existe no Banco
16617;11289;7821;1;280,00;Venda Pai Nao Existe no Banco
16618;11290;7953;1;250,00;Venda Pai Nao Existe no Banco
16619;11290;7821;1;290,00;Venda Pai Nao Existe no Banco
16620;11291;7953;1;250,00;Venda Pai Nao Existe no Banco
16621;11291;8355;1;490,00;Venda Pai Nao Existe no Banco
16623;11293;1534;1;250,00;Venda Pai Nao Existe no Banco
16624;11294;7810;1;150,00;Venda Pai Nao Existe no Banco
16625;11296;1542;1;350,00;Venda Pai Nao Existe no Banco
16628;11297;7987;1;550,00;Venda Pai Nao Existe no Banco
16629;11298;1534;1;160,00;Venda Pai Nao Existe no Banco
16630;11298;8355;1;440,00;Venda Pai Nao Existe no Banco
16631;11299;9139;1;290,00;Venda Pai Nao Existe no Banco
16632;11292;2403;1;390,00;Venda Pai Nao Existe no Banco
16633;11300;5134;1;160,00;Venda Pai Nao Existe no Banco
16634;11301;1171;1;550,00;Venda Pai Nao Existe no Banco
16635;11302;1542;1;315,00;Venda Pai Nao Existe no Banco
16636;11303;7953;1;250,00;Venda Pai Nao Existe no Banco
16637;11303;9145;1;1.595,00;Venda Pai Nao Existe no Banco
16639;11304;1534;1;160,00;Venda Pai Nao Existe no Banco
16640;11304;6292;1;170,00;Venda Pai Nao Existe no Banco
16641;11305;8300;1;690,00;Venda Pai Nao Existe no Banco
16642;11306;1534;1;160,00;Venda Pai Nao Existe no Banco
16643;11309;9075;1;690,00;Venda Pai Nao Existe no Banco
16644;11309;7821;1;290,00;Venda Pai Nao Existe no Banco
16645;11310;7953;1;250,00;Venda Pai Nao Existe no Banco
16646;11311;8668;1;69,90;Venda Pai Nao Existe no Banco
16647;11312;8273;1;650,00;Venda Pai Nao Existe no Banco
16648;11312;7821;1;350,00;Venda Pai Nao Existe no Banco
16649;11314;1542;1;350,00;Venda Pai Nao Existe no Banco
16650;11315;7953;1;220,00;Venda Pai Nao Existe no Banco
16651;11315;8355;1;360,00;Venda Pai Nao Existe no Banco
16654;11303;9147;1;270,00;Venda Pai Nao Existe no Banco
16656;11317;7821;1;290,00;Venda Pai Nao Existe no Banco
16657;11317;9148;1;1.854,00;Venda Pai Nao Existe no Banco
16658;11318;7953;1;250,00;Venda Pai Nao Existe no Banco
16659;11319;8552;1;190,00;Venda Pai Nao Existe no Banco
16661;11320;8868;1;2.230,00;Venda Pai Nao Existe no Banco
16662;11320;7821;1;290,00;Venda Pai Nao Existe no Banco
16663;11321;7810;0,5;95,00;Venda Pai Nao Existe no Banco
16664;11322;2403;1;280,00;Venda Pai Nao Existe no Banco
16665;11323;7821;1;280,00;Venda Pai Nao Existe no Banco
16666;11324;1542;1;350,00;Venda Pai Nao Existe no Banco
16667;11324;8355;1;390,00;Venda Pai Nao Existe no Banco
16668;11325;7953;1;250,00;Venda Pai Nao Existe no Banco
16669;11326;8987;1;990,00;Venda Pai Nao Existe no Banco
16670;11327;7810;1;150,00;Venda Pai Nao Existe no Banco
16671;11327;7461;1;470,00;Venda Pai Nao Existe no Banco
16672;11329;8185;1;675,00;Venda Pai Nao Existe no Banco
16673;11329;7821;1;260,00;Venda Pai Nao Existe no Banco
16674;11330;6292;1;100,00;Venda Pai Nao Existe no Banco
16675;11331;7821;1;260,00;Venda Pai Nao Existe no Banco
16676;11332;9074;1;650,00;Venda Pai Nao Existe no Banco
16677;11332;2720;1;190,00;Venda Pai Nao Existe no Banco
16678;11333;8987;1;800,00;Venda Pai Nao Existe no Banco
16679;11334;1534;1;160,00;Venda Pai Nao Existe no Banco
16680;11334;8552;1;190,00;Venda Pai Nao Existe no Banco
16681;11335;7953;1;250,00;Venda Pai Nao Existe no Banco
16682;11335;7821;1;350,00;Venda Pai Nao Existe no Banco
16683;11337;9074;1;650,00;Venda Pai Nao Existe no Banco
16684;11337;7821;1;290,00;Venda Pai Nao Existe no Banco
16685;11338;7953;1;250,00;Venda Pai Nao Existe no Banco
16686;11338;8928;1;730,00;Venda Pai Nao Existe no Banco
16687;11339;1534;1;160,00;Venda Pai Nao Existe no Banco
16688;11339;6292;1;190,00;Venda Pai Nao Existe no Banco
16689;11340;9074;1;650,00;Venda Pai Nao Existe no Banco
16690;11340;1842;1;200,00;Venda Pai Nao Existe no Banco
16692;11341;1349;1;180,00;Venda Pai Nao Existe no Banco
16693;11341;1534;1;160,00;Venda Pai Nao Existe no Banco
16694;11342;1542;1;310,00;Venda Pai Nao Existe no Banco
16695;11342;1842;1;190,00;Venda Pai Nao Existe no Banco
16696;11343;9057;1;960,00;Venda Pai Nao Existe no Banco
16697;11343;7821;1;380,00;Venda Pai Nao Existe no Banco
16698;11344;9057;1;960,00;Venda Pai Nao Existe no Banco
16699;11344;7821;1;380,00;Venda Pai Nao Existe no Banco
16700;11345;1542;1;320,00;Venda Pai Nao Existe no Banco
16701;11345;1842;1;170,00;Venda Pai Nao Existe no Banco
16702;11346;7953;1;250,00;Venda Pai Nao Existe no Banco
16703;11346;8355;1;450,00;Venda Pai Nao Existe no Banco
16704;11347;9066;1;700,00;Venda Pai Nao Existe no Banco
16705;11347;8552;1;0,00;Venda Pai Nao Existe no Banco
16706;11349;7953;1;80,00;Venda Pai Nao Existe no Banco
16707;11349;8355;1;120,00;Venda Pai Nao Existe no Banco
16708;11349;7953;1;80,00;Venda Pai Nao Existe no Banco
16709;11349;8355;1;120,00;Venda Pai Nao Existe no Banco
16710;11350;1542;1;350,00;Venda Pai Nao Existe no Banco
16711;11350;7821;1;290,00;Venda Pai Nao Existe no Banco
16712;11349;7953;1;80,00;Venda Pai Nao Existe no Banco
16713;11349;7953;1;80,00;Venda Pai Nao Existe no Banco
16714;11351;1528;1;160,00;Venda Pai Nao Existe no Banco
16715;11353;1542;1;190,00;Venda Pai Nao Existe no Banco
16716;11354;7821;1;290,00;Venda Pai Nao Existe no Banco
16717;11355;7953;1;220,00;Venda Pai Nao Existe no Banco
16718;11355;8552;1;176,00;Venda Pai Nao Existe no Banco
16719;11356;1542;0,5;175,00;Venda Pai Nao Existe no Banco
16720;11357;9074;1;650,00;Venda Pai Nao Existe no Banco
16721;11357;8552;1;190,00;Venda Pai Nao Existe no Banco
16722;11358;1534;1;120,00;Venda Pai Nao Existe no Banco
16723;11358;1534;1;120,00;Venda Pai Nao Existe no Banco
16724;11358;9139;1;100,00;Venda Pai Nao Existe no Banco
16725;11358;7821;1;230,00;Venda Pai Nao Existe no Banco
16726;11359;1534;1;110,00;Venda Pai Nao Existe no Banco
16727;11359;3468;1;140,00;Venda Pai Nao Existe no Banco
16728;11360;1542;1;350,00;Venda Pai Nao Existe no Banco
16729;11360;1844;1;260,00;Venda Pai Nao Existe no Banco
16730;11361;1542;0,5;190,00;Venda Pai Nao Existe no Banco
16731;11362;1542;1;350,00;Venda Pai Nao Existe no Banco
16732;11362;7821;1;280,00;Venda Pai Nao Existe no Banco
16733;11363;1534;1;160,00;Venda Pai Nao Existe no Banco
16734;11363;7821;1;240,00;Venda Pai Nao Existe no Banco
16735;11365;1534;1;160,00;Venda Pai Nao Existe no Banco
16736;11366;2542;1;100,00;Venda Pai Nao Existe no Banco
16737;11367;8552;1;140,00;Venda Pai Nao Existe no Banco
16738;11368;7953;1;250,00;Venda Pai Nao Existe no Banco
16739;11368;8355;1;400,00;Venda Pai Nao Existe no Banco
16740;11369;7810;1;90,00;Venda Pai Nao Existe no Banco
16741;11369;1534;1;160,00;Venda Pai Nao Existe no Banco
16742;11370;1542;1;350,00;Venda Pai Nao Existe no Banco
16743;11370;7821;1;290,00;Venda Pai Nao Existe no Banco
16744;11371;8300;1;750,00;Venda Pai Nao Existe no Banco
16745;11371;7821;1;280,00;Venda Pai Nao Existe no Banco
16746;11372;1842;1;190,00;Venda Pai Nao Existe no Banco
16747;11373;7821;1;300,00;Venda Pai Nao Existe no Banco
16748;11374;7810;1;220,00;Venda Pai Nao Existe no Banco
16749;11374;8755;1;580,00;Venda Pai Nao Existe no Banco
16750;11375;8929;1;800,00;Venda Pai Nao Existe no Banco
16751;11376;7821;1;190,00;Venda Pai Nao Existe no Banco
16753;11377;1979;1;280,00;Venda Pai Nao Existe no Banco
16754;11378;8552;1;220,00;Venda Pai Nao Existe no Banco
16755;11380;8687;2;2.412,00;Venda Pai Nao Existe no Banco
16756;11381;1534;1;160,00;Venda Pai Nao Existe no Banco
16757;11381;8552;1;280,00;Venda Pai Nao Existe no Banco
16758;11384;7953;1;220,00;Venda Pai Nao Existe no Banco
16759;11384;8355;1;410,00;Venda Pai Nao Existe no Banco
16760;11386;7953;1;215,00;Venda Pai Nao Existe no Banco
16761;11386;7821;1;320,00;Venda Pai Nao Existe no Banco
16762;11386;1542;1;320,00;Venda Pai Nao Existe no Banco
16763;11387;7953;1;220,00;Venda Pai Nao Existe no Banco
16764;11387;8552;1;150,00;Venda Pai Nao Existe no Banco
16765;11388;7821;1;280,00;Venda Pai Nao Existe no Banco
16766;11389;8552;1;280,00;Venda Pai Nao Existe no Banco
16767;11390;7953;1;250,00;Venda Pai Nao Existe no Banco
16768;11390;1924;1;272,00;Venda Pai Nao Existe no Banco
16769;11391;8355;1;450,00;Venda Pai Nao Existe no Banco
16770;11391;9057;1;960,00;Venda Pai Nao Existe no Banco
16771;11392;1533;0,5;90,00;Venda Pai Nao Existe no Banco
16772;11393;9057;1;960,00;Venda Pai Nao Existe no Banco
16773;11394;1542;1;320,00;Venda Pai Nao Existe no Banco
16774;11395;6292;1;100,00;Venda Pai Nao Existe no Banco
16775;11396;8987;1;890,00;Venda Pai Nao Existe no Banco
16776;11396;8552;1;190,00;Venda Pai Nao Existe no Banco
16777;11397;9148;1;1.860,00;Venda Pai Nao Existe no Banco
16778;11398;1534;1;160,00;Venda Pai Nao Existe no Banco
16779;11399;9040;1;640,00;Venda Pai Nao Existe no Banco
16780;11400;8185;1;520,00;Venda Pai Nao Existe no Banco
16781;11400;7821;1;280,00;Venda Pai Nao Existe no Banco
16782;11401;7628;1;160,00;Venda Pai Nao Existe no Banco
16783;11402;9149;1;790,00;Venda Pai Nao Existe no Banco
16784;11403;9008;1;600,00;Venda Pai Nao Existe no Banco
16785;11404;9139;1;190,00;Venda Pai Nao Existe no Banco
16786;11406;8185;1;750,00;Venda Pai Nao Existe no Banco
16787;11406;7821;1;280,00;Venda Pai Nao Existe no Banco
16788;11407;1542;1;350,00;Venda Pai Nao Existe no Banco
16789;11409;1534;1;160,00;Venda Pai Nao Existe no Banco
16790;11409;6292;1;190,00;Venda Pai Nao Existe no Banco
16791;11410;7953;1;250,00;Venda Pai Nao Existe no Banco
16792;11410;7821;1;290,00;Venda Pai Nao Existe no Banco
16793;11411;1534;1;160,00;Venda Pai Nao Existe no Banco
16794;11411;8552;1;190,00;Venda Pai Nao Existe no Banco
16795;11412;1534;1;160,00;Venda Pai Nao Existe no Banco
16797;11413;7628;1;190,00;Venda Pai Nao Existe no Banco
16798;11413;9148;1;1.850,00;Venda Pai Nao Existe no Banco
16799;11414;7953;1;230,00;Venda Pai Nao Existe no Banco
16800;11414;7821;1;260,00;Venda Pai Nao Existe no Banco
16801;11415;1534;1;140,00;Venda Pai Nao Existe no Banco
16802;11415;6292;1;100,00;Venda Pai Nao Existe no Banco
16803;11416;1534;1;160,00;Venda Pai Nao Existe no Banco
16804;11416;8355;1;390,00;Venda Pai Nao Existe no Banco
16805;11417;8102;1;650,00;Venda Pai Nao Existe no Banco
16806;11417;8552;1;280,00;Venda Pai Nao Existe no Banco
16807;11418;6292;1;190,00;Venda Pai Nao Existe no Banco
16808;11419;1534;1;160,00;Venda Pai Nao Existe no Banco
16810;11421;7953;1;240,00;Venda Pai Nao Existe no Banco
16811;11421;7628;1;240,00;Venda Pai Nao Existe no Banco
16812;11419;9150;1;750,00;Venda Pai Nao Existe no Banco
16813;11423;7821;1;280,00;Venda Pai Nao Existe no Banco
16815;11424;9151;1;1.699,00;Venda Pai Nao Existe no Banco
16816;11425;1542;1;350,00;Venda Pai Nao Existe no Banco
16817;11425;7628;1;280,00;Venda Pai Nao Existe no Banco
16818;11426;9144;1;860,00;Venda Pai Nao Existe no Banco
16819;11426;8552;1;190,00;Venda Pai Nao Existe no Banco
16820;11427;8355;1;390,00;Venda Pai Nao Existe no Banco
16821;11428;1760;1;590,00;Venda Pai Nao Existe no Banco
16822;11428;7628;1;260,00;Venda Pai Nao Existe no Banco
16823;11429;1542;1;390,00;Venda Pai Nao Existe no Banco
16824;11429;8355;1;550,00;Venda Pai Nao Existe no Banco
16825;11430;7953;1;250,00;Venda Pai Nao Existe no Banco
16826;11432;7628;1;230,00;Venda Pai Nao Existe no Banco
16827;11433;6292;1;100,00;Venda Pai Nao Existe no Banco
16828;11435;6292;1;190,00;Venda Pai Nao Existe no Banco
16829;11436;8552;1;190,00;Venda Pai Nao Existe no Banco
16830;11438;7821;1;260,00;Venda Pai Nao Existe no Banco
16831;11439;7953;1;220,00;Venda Pai Nao Existe no Banco
16832;11439;8552;1;170,00;Venda Pai Nao Existe no Banco
16833;11441;1534;1;150,00;Venda Pai Nao Existe no Banco
16835;11444;7821;1;260,00;Venda Pai Nao Existe no Banco
16836;11444;9152;1;640,00;Venda Pai Nao Existe no Banco
16837;11445;1542;1;350,00;Venda Pai Nao Existe no Banco
16838;11446;9075;1;590,00;Venda Pai Nao Existe no Banco
16839;11446;7821;1;250,00;Venda Pai Nao Existe no Banco
16840;11447;1542;1;0,00;Venda Pai Nao Existe no Banco
16841;11447;6292;1;100,00;Venda Pai Nao Existe no Banco
16842;11448;1542;1;300,00;Venda Pai Nao Existe no Banco
16843;11451;7821;1;260,00;Venda Pai Nao Existe no Banco
16844;11453;1542;1;330,00;Venda Pai Nao Existe no Banco
16845;11453;8552;1;170,00;Venda Pai Nao Existe no Banco
16846;11454;9139;1;190,00;Venda Pai Nao Existe no Banco
16847;11455;1534;1;160,00;Venda Pai Nao Existe no Banco
16848;11456;7953;1;250,00;Venda Pai Nao Existe no Banco
16849;11456;7821;1;280,00;Venda Pai Nao Existe no Banco
16850;11457;7953;1;175,00;Venda Pai Nao Existe no Banco
16851;11458;1542;1;350,00;Venda Pai Nao Existe no Banco
16852;11459;1554;1;350,00;Venda Pai Nao Existe no Banco
16853;11460;7821;1;240,00;Venda Pai Nao Existe no Banco
16854;11462;6292;1;120,00;Venda Pai Nao Existe no Banco
16855;11463;6292;1;220,00;Venda Pai Nao Existe no Banco
16856;11464;8707;1;1.250,00;Venda Pai Nao Existe no Banco
16857;11464;9154;1;1.690,00;Venda Pai Nao Existe no Banco
16858;11467;1542;1;300,00;Venda Pai Nao Existe no Banco
16859;11468;1534;1;130,00;Venda Pai Nao Existe no Banco
16860;11468;8355;1;450,00;Venda Pai Nao Existe no Banco
16861;11469;7953;1;340,00;Venda Pai Nao Existe no Banco
16862;11469;8185;1;600,00;Venda Pai Nao Existe no Banco
16863;11470;7953;1;250,00;Venda Pai Nao Existe no Banco
16864;11471;1534;1;160,00;Venda Pai Nao Existe no Banco
16865;11473;1542;1;350,00;Venda Pai Nao Existe no Banco
16866;11424;7810;1;250,00;Venda Pai Nao Existe no Banco
16867;11474;1542;1;270,00;Venda Pai Nao Existe no Banco
16868;11475;1534;1;160,00;Venda Pai Nao Existe no Banco
16869;11473;7821;1;280,00;Venda Pai Nao Existe no Banco
16870;11476;1542;1;330,00;Venda Pai Nao Existe no Banco
16871;11476;7821;1;270,00;Venda Pai Nao Existe no Banco
16872;11477;7953;1;210,00;Venda Pai Nao Existe no Banco
16873;11477;7821;1;250,00;Venda Pai Nao Existe no Banco
16874;11478;7953;1;240,00;Venda Pai Nao Existe no Banco
16875;11478;8355;1;480,00;Venda Pai Nao Existe no Banco
16877;11479;9155;1;3.000,00;Venda Pai Nao Existe no Banco
16878;11479;8355;1;390,00;Venda Pai Nao Existe no Banco
16879;11480;1542;1;350,00;Venda Pai Nao Existe no Banco
16880;11480;7821;1;280,00;Venda Pai Nao Existe no Banco
16881;11481;7810;1;90,00;Venda Pai Nao Existe no Banco
16882;11483;7628;1;150,00;Venda Pai Nao Existe no Banco
16883;11484;7810;1;150,00;Venda Pai Nao Existe no Banco
16884;11484;1542;1;350,00;Venda Pai Nao Existe no Banco
16885;11485;1534;1;130,00;Venda Pai Nao Existe no Banco
16886;11485;6292;1;190,00;Venda Pai Nao Existe no Banco
16887;11486;1534;1;160,00;Venda Pai Nao Existe no Banco
16888;11486;7628;1;390,00;Venda Pai Nao Existe no Banco
16889;11487;8552;1;170,00;Venda Pai Nao Existe no Banco
16890;11488;7953;1;225,00;Venda Pai Nao Existe no Banco
16891;11489;8552;1;170,00;Venda Pai Nao Existe no Banco
16892;11490;6292;1;120,00;Venda Pai Nao Existe no Banco
16893;11491;1526;1;180,00;Venda Pai Nao Existe no Banco
16894;11493;7821;1;390,00;Venda Pai Nao Existe no Banco
16895;11493;1534;1;160,00;Venda Pai Nao Existe no Banco
16896;11494;7821;1;260,00;Venda Pai Nao Existe no Banco
16897;11495;7953;1;250,00;Venda Pai Nao Existe no Banco
16898;11497;7628;1;240,00;Venda Pai Nao Existe no Banco
16899;11497;7953;1;240,00;Venda Pai Nao Existe no Banco
16900;11498;1554;1;350,00;Venda Pai Nao Existe no Banco
16901;11499;7821;1;280,00;Venda Pai Nao Existe no Banco
16902;11500;7953;1;250,00;Venda Pai Nao Existe no Banco
16903;11500;8878;1;750,00;Venda Pai Nao Existe no Banco
16904;11503;286;1;990,00;Venda Pai Nao Existe no Banco
16905;11504;8987;1;990,00;Venda Pai Nao Existe no Banco
16906;11504;7821;1;380,00;Venda Pai Nao Existe no Banco
16907;11505;1542;1;300,00;Venda Pai Nao Existe no Banco
16908;11506;7953;1;250,00;Venda Pai Nao Existe no Banco
16909;11506;7821;1;280,00;Venda Pai Nao Existe no Banco
16910;11507;8456;1;540,00;Venda Pai Nao Existe no Banco
16911;11507;7953;1;250,00;Venda Pai Nao Existe no Banco
16912;11508;5966;1;150,00;Venda Pai Nao Existe no Banco
16913;11509;8987;1;940,00;Venda Pai Nao Existe no Banco
16914;11509;7821;1;260,00;Venda Pai Nao Existe no Banco
16915;11511;8987;1;500,00;Venda Pai Nao Existe no Banco
16916;11511;7821;1;200,00;Venda Pai Nao Existe no Banco
16917;11512;9074;1;675,00;Venda Pai Nao Existe no Banco
16918;11512;7821;1;350,00;Venda Pai Nao Existe no Banco
16920;11513;4625;1;100,00;Venda Pai Nao Existe no Banco
16921;11514;1760;1;690,00;Venda Pai Nao Existe no Banco
16922;11514;7628;1;280,00;Venda Pai Nao Existe no Banco
16923;11515;7953;1;250,00;Venda Pai Nao Existe no Banco
16925;11517;1534;1;160,00;Venda Pai Nao Existe no Banco
16926;11518;1534;1;140,00;Venda Pai Nao Existe no Banco
16927;11521;7953;1;225,00;Venda Pai Nao Existe no Banco
16928;11521;7628;1;252,00;Venda Pai Nao Existe no Banco
16930;11521;9157;1;1.242,00;Venda Pai Nao Existe no Banco
16931;11522;7953;1;250,00;Venda Pai Nao Existe no Banco
16932;11522;7821;1;290,00;Venda Pai Nao Existe no Banco
16933;11523;1554;1;320,00;Venda Pai Nao Existe no Banco
16934;11523;6292;1;140,00;Venda Pai Nao Existe no Banco
16935;11524;1542;1;280,00;Venda Pai Nao Existe no Banco
16936;11526;1542;1;290,00;Venda Pai Nao Existe no Banco
16937;11527;1534;1;140,00;Venda Pai Nao Existe no Banco
16938;11527;8552;1;140,00;Venda Pai Nao Existe no Banco
16939;11528;7953;1;225,00;Venda Pai Nao Existe no Banco
16940;11529;7953;1;250,00;Venda Pai Nao Existe no Banco
16941;11515;7628;1;280,00;Venda Pai Nao Existe no Banco
16942;11530;7953;1;250,00;Venda Pai Nao Existe no Banco
16943;11531;1542;1;350,00;Venda Pai Nao Existe no Banco
16944;11531;1844;1;190,00;Venda Pai Nao Existe no Banco
16945;11532;1542;1;350,00;Venda Pai Nao Existe no Banco
16946;11532;8552;1;190,00;Venda Pai Nao Existe no Banco
16947;11534;4481;1;170,00;Venda Pai Nao Existe no Banco
16948;11536;1349;1;180,00;Venda Pai Nao Existe no Banco
16949;11536;1542;1;350,00;Venda Pai Nao Existe no Banco
16950;11537;8185;1;495,00;Venda Pai Nao Existe no Banco
16951;11538;1534;1;140,00;Venda Pai Nao Existe no Banco
16952;11538;8552;1;150,00;Venda Pai Nao Existe no Banco
16954;11539;1542;1;350,00;Venda Pai Nao Existe no Banco
16955;11539;7628;1;280,00;Venda Pai Nao Existe no Banco
16956;11540;7821;1;280,00;Venda Pai Nao Existe no Banco
16957;11541;1760;1;550,00;Venda Pai Nao Existe no Banco
16958;11541;7821;1;280,00;Venda Pai Nao Existe no Banco
16959;11541;9138;1;140,00;Venda Pai Nao Existe no Banco
16960;11542;1542;1;350,00;Venda Pai Nao Existe no Banco
16961;11542;8552;1;220,00;Venda Pai Nao Existe no Banco
16962;11537;7628;1;190,00;Venda Pai Nao Existe no Banco
16963;11543;1542;1;320,00;Venda Pai Nao Existe no Banco
16964;11543;1844;1;170,00;Venda Pai Nao Existe no Banco
16965;11544;1542;1;350,00;Venda Pai Nao Existe no Banco
16966;11545;6292;1;190,00;Venda Pai Nao Existe no Banco
16967;11546;1542;1;350,00;Venda Pai Nao Existe no Banco
16968;11546;7821;1;280,00;Venda Pai Nao Existe no Banco
16969;11547;1534;1;160,00;Venda Pai Nao Existe no Banco
16970;11547;8552;1;190,00;Venda Pai Nao Existe no Banco
16972;11549;8593;1;895,00;Venda Pai Nao Existe no Banco
16973;11550;7821;1;250,00;Venda Pai Nao Existe no Banco
16974;11552;1534;1;160,00;Venda Pai Nao Existe no Banco
16975;11552;7821;1;190,00;Venda Pai Nao Existe no Banco
16976;11553;9119;1;650,00;Venda Pai Nao Existe no Banco
16977;11553;8668;1;98,90;Venda Pai Nao Existe no Banco
16978;11555;1542;1;350,00;Venda Pai Nao Existe no Banco
16979;11555;7821;1;230,00;Venda Pai Nao Existe no Banco
16980;11557;8355;1;390,00;Venda Pai Nao Existe no Banco
16981;11558;4657;1;805,00;Venda Pai Nao Existe no Banco
16982;11558;7821;1;225,00;Venda Pai Nao Existe no Banco
16983;11559;7953;1;250,00;Venda Pai Nao Existe no Banco
16984;11559;7628;1;280,00;Venda Pai Nao Existe no Banco
16985;11561;1534;1;140,00;Venda Pai Nao Existe no Banco
16986;11562;1529;1;180,00;Venda Pai Nao Existe no Banco
16987;11563;1534;1;144,00;Venda Pai Nao Existe no Banco
16988;11563;7821;1;252,00;Venda Pai Nao Existe no Banco
16989;11564;1542;1;350,00;Venda Pai Nao Existe no Banco
16990;11564;8355;1;420,00;Venda Pai Nao Existe no Banco
16991;11565;1542;1;300,00;Venda Pai Nao Existe no Banco
16992;11565;7821;1;300,00;Venda Pai Nao Existe no Banco
16993;11566;7810;1;410,00;Venda Pai Nao Existe no Banco
16994;11566;8198;1;940,00;Venda Pai Nao Existe no Banco
16995;11567;1534;1;160,00;Venda Pai Nao Existe no Banco
16996;11567;7821;1;280,00;Venda Pai Nao Existe no Banco
16997;11568;8593;1;900,00;Venda Pai Nao Existe no Banco
16998;11569;8552;1;190,00;Venda Pai Nao Existe no Banco
16999;11576;7821;1;280,00;Venda Pai Nao Existe no Banco
17000;11577;4581;1;280,00;Venda Pai Nao Existe no Banco
17001;11578;1542;1;350,00;Venda Pai Nao Existe no Banco
17002;11578;7821;1;280,00;Venda Pai Nao Existe no Banco
17003;11579;1542;1;350,00;Venda Pai Nao Existe no Banco
17004;11579;6292;1;270,00;Venda Pai Nao Existe no Banco
17005;11580;7628;1;280,00;Venda Pai Nao Existe no Banco
17006;11581;7953;1;225,00;Venda Pai Nao Existe no Banco
17007;11582;1542;1;350,00;Venda Pai Nao Existe no Banco
17008;11582;6292;1;190,00;Venda Pai Nao Existe no Banco
17009;11583;6292;1;100,00;Venda Pai Nao Existe no Banco
17010;11584;8552;1;150,00;Venda Pai Nao Existe no Banco
17011;11585;1542;1;340,00;Venda Pai Nao Existe no Banco
17012;11585;8552;1;250,00;Venda Pai Nao Existe no Banco
17013;11586;1534;1;160,00;Venda Pai Nao Existe no Banco
17014;11586;8552;1;190,00;Venda Pai Nao Existe no Banco
17015;11587;9075;1;650,00;Venda Pai Nao Existe no Banco
17016;11587;7821;1;280,00;Venda Pai Nao Existe no Banco
17017;11588;7953;1;226,00;Venda Pai Nao Existe no Banco
17018;11588;2530;1;260,00;Venda Pai Nao Existe no Banco
17019;11589;8552;1;190,00;Venda Pai Nao Existe no Banco
17020;11590;8185;1;780,00;Venda Pai Nao Existe no Banco
17021;11591;1542;1;350,00;Venda Pai Nao Existe no Banco
17022;11591;8552;1;190,00;Venda Pai Nao Existe no Banco
17023;11592;1542;1;350,00;Venda Pai Nao Existe no Banco
17025;11592;8355;1;390,00;Venda Pai Nao Existe no Banco
17026;11593;8552;1;190,00;Venda Pai Nao Existe no Banco
17027;11594;7556;1;800,00;Venda Pai Nao Existe no Banco
17028;11595;8308;1;89,90;Venda Pai Nao Existe no Banco
17029;11597;8707;1;1.255,00;Venda Pai Nao Existe no Banco
17030;11597;8355;1;420,00;Venda Pai Nao Existe no Banco
17031;11599;8552;1;190,00;Venda Pai Nao Existe no Banco
17032;11600;1534;1;160,00;Venda Pai Nao Existe no Banco
17033;11600;8552;1;140,00;Venda Pai Nao Existe no Banco
17034;11601;2403;1;250,00;Venda Pai Nao Existe no Banco
17035;11602;7953;1;250,00;Venda Pai Nao Existe no Banco
17036;11603;4920;1;199,00;Venda Pai Nao Existe no Banco
17037;11604;7953;1;390,00;Venda Pai Nao Existe no Banco
17038;11604;7821;1;350,00;Venda Pai Nao Existe no Banco
17039;11605;7953;1;250,00;Venda Pai Nao Existe no Banco
17040;11605;7628;1;170,00;Venda Pai Nao Existe no Banco
17041;11606;7953;1;250,00;Venda Pai Nao Existe no Banco
17042;11607;1542;1;350,00;Venda Pai Nao Existe no Banco
17043;11609;1542;1;350,00;Venda Pai Nao Existe no Banco
17044;11610;1554;1;350,00;Venda Pai Nao Existe no Banco
17045;11610;8553;1;390,00;Venda Pai Nao Existe no Banco
17046;11611;1542;1;350,00;Venda Pai Nao Existe no Banco
17047;11611;6292;1;190,00;Venda Pai Nao Existe no Banco
17048;11606;8355;1;450,00;Venda Pai Nao Existe no Banco
17049;11612;7821;1;290,00;Venda Pai Nao Existe no Banco
17050;11612;8987;1;990,00;Venda Pai Nao Existe no Banco
17051;11613;5627;1;990,00;Venda Pai Nao Existe no Banco
17052;11613;7821;1;290,00;Venda Pai Nao Existe no Banco
17053;11614;1534;1;160,00;Venda Pai Nao Existe no Banco
17054;11615;7953;1;250,00;Venda Pai Nao Existe no Banco
17055;11616;1534;1;190,00;Venda Pai Nao Existe no Banco
17056;11616;1534;1;190,00;Venda Pai Nao Existe no Banco
17057;11616;8552;1;220,00;Venda Pai Nao Existe no Banco
17058;11616;6292;1;200,00;Venda Pai Nao Existe no Banco
17060;11617;8102;1;1.500,00;Venda Pai Nao Existe no Banco
17061;11617;7821;1;350,00;Venda Pai Nao Existe no Banco
17062;11618;7953;1;240,00;Venda Pai Nao Existe no Banco
17063;11618;7821;1;240,00;Venda Pai Nao Existe no Banco
17064;11620;7821;1;250,00;Venda Pai Nao Existe no Banco
17065;11621;1534;1;160,00;Venda Pai Nao Existe no Banco
17066;11621;6292;1;130,00;Venda Pai Nao Existe no Banco
17067;11622;6292;1;100,00;Venda Pai Nao Existe no Banco
17068;11623;1542;1;350,00;Venda Pai Nao Existe no Banco
17069;11624;1542;1;315,00;Venda Pai Nao Existe no Banco
17071;11625;8355;1;300,00;Venda Pai Nao Existe no Banco
17072;11626;8552;1;150,00;Venda Pai Nao Existe no Banco
17073;11627;1534;1;160,00;Venda Pai Nao Existe no Banco
17074;11628;1542;1;347,00;Venda Pai Nao Existe no Banco
17075;11628;9139;1;220,00;Venda Pai Nao Existe no Banco
17076;11629;1542;1;350,00;Venda Pai Nao Existe no Banco
17077;11629;9091;1;690,00;Venda Pai Nao Existe no Banco
17078;11630;2403;1;280,00;Venda Pai Nao Existe no Banco
17079;11631;7953;1;230,00;Venda Pai Nao Existe no Banco
17080;11631;7821;1;340,00;Venda Pai Nao Existe no Banco
17081;11632;5627;1;990,00;Venda Pai Nao Existe no Banco
17082;11632;7953;1;250,00;Venda Pai Nao Existe no Banco
17083;11632;9015;1;650,00;Venda Pai Nao Existe no Banco
17084;11633;1542;1;330,00;Venda Pai Nao Existe no Banco
17085;11633;6292;1;220,00;Venda Pai Nao Existe no Banco
17086;11634;1554;1;350,00;Venda Pai Nao Existe no Banco
17087;11634;8552;1;190,00;Venda Pai Nao Existe no Banco
17088;11635;1760;1;550,00;Venda Pai Nao Existe no Banco
17089;11636;6292;1;100,00;Venda Pai Nao Existe no Banco
17092;11637;9158;1;2.040,00;Venda Pai Nao Existe no Banco
17093;11637;8355;1;390,00;Venda Pai Nao Existe no Banco
17094;11639;7628;1;170,00;Venda Pai Nao Existe no Banco
17095;11640;1534;1;160,00;Venda Pai Nao Existe no Banco
17096;11640;7821;1;280,00;Venda Pai Nao Existe no Banco
17097;11641;8102;1;650,00;Venda Pai Nao Existe no Banco
17098;11641;7821;1;280,00;Venda Pai Nao Existe no Banco
17099;11642;1534;1;160,00;Venda Pai Nao Existe no Banco
17100;11645;7953;1;250,00;Venda Pai Nao Existe no Banco
17101;11645;8355;1;490,00;Venda Pai Nao Existe no Banco
17102;11646;7953;1;250,00;Venda Pai Nao Existe no Banco
17103;11646;7821;1;280,00;Venda Pai Nao Existe no Banco
17104;11647;7953;1;220,00;Venda Pai Nao Existe no Banco
17105;11648;6292;1;220,00;Venda Pai Nao Existe no Banco
17106;11649;7628;1;180,00;Venda Pai Nao Existe no Banco
17107;11651;1542;1;350,00;Venda Pai Nao Existe no Banco
17108;11651;6292;1;190,00;Venda Pai Nao Existe no Banco
17109;11652;7628;1;160,00;Venda Pai Nao Existe no Banco
17110;11654;1534;1;180,00;Venda Pai Nao Existe no Banco
17111;11654;8552;1;260,00;Venda Pai Nao Existe no Banco
17113;11654;7628;1;260,00;Venda Pai Nao Existe no Banco
17114;11654;7953;1;250,00;Venda Pai Nao Existe no Banco
17117;11655;8273;0,5;370,00;Venda Pai Nao Existe no Banco
17118;11655;7953;0,5;200,00;Venda Pai Nao Existe no Banco
17119;11656;4581;1;280,00;Venda Pai Nao Existe no Banco
17120;11657;7628;1;280,00;Venda Pai Nao Existe no Banco
17121;11658;1542;0,5;175,00;Venda Pai Nao Existe no Banco
17122;11658;1533;0,5;90,00;Venda Pai Nao Existe no Banco
17123;11659;8552;1;170,00;Venda Pai Nao Existe no Banco
17124;11660;6674;1;399,00;Venda Pai Nao Existe no Banco
17125;11661;1534;1;160,00;Venda Pai Nao Existe no Banco
17126;11661;8355;1;480,00;Venda Pai Nao Existe no Banco
17127;11662;8832;1;2.099,00;Venda Pai Nao Existe no Banco
17128;11662;8552;1;280,00;Venda Pai Nao Existe no Banco
17129;11662;7628;1;280,00;Venda Pai Nao Existe no Banco
17130;11664;8552;1;190,00;Venda Pai Nao Existe no Banco
17132;11667;8355;1;490,00;Venda Pai Nao Existe no Banco
17133;11668;7719;1;280,00;Venda Pai Nao Existe no Banco
17134;11669;6859;1;270,00;Venda Pai Nao Existe no Banco
17135;11669;1542;1;300,00;Venda Pai Nao Existe no Banco
17137;11670;7821;1;290,00;Venda Pai Nao Existe no Banco
17138;11670;8314;1;1.290,00;Venda Pai Nao Existe no Banco
17139;11671;7628;1;100,00;Venda Pai Nao Existe no Banco
17140;11673;7596;1;940,00;Venda Pai Nao Existe no Banco
17141;11674;8273;1;720,00;Venda Pai Nao Existe no Banco
17142;11674;1924;1;280,00;Venda Pai Nao Existe no Banco
17143;11675;2403;2;500,00;Venda Pai Nao Existe no Banco
17144;11676;7953;1;250,00;Venda Pai Nao Existe no Banco
17145;11676;1844;1;220,00;Venda Pai Nao Existe no Banco
17146;11677;7953;1;350,00;Venda Pai Nao Existe no Banco
17147;11677;7821;1;310,00;Venda Pai Nao Existe no Banco
17148;11678;7953;1;250,00;Venda Pai Nao Existe no Banco
17149;11678;7821;1;290,00;Venda Pai Nao Existe no Banco
17150;11681;1534;1;160,00;Venda Pai Nao Existe no Banco
17151;11681;7742;1;380,00;Venda Pai Nao Existe no Banco
17152;11682;1542;1;350,00;Venda Pai Nao Existe no Banco
17153;11682;1349;1;100,00;Venda Pai Nao Existe no Banco
17154;11683;1542;1;350,00;Venda Pai Nao Existe no Banco
17155;11683;8355;1;390,00;Venda Pai Nao Existe no Banco
17156;11684;9074;1;650,00;Venda Pai Nao Existe no Banco
17157;11684;8467;1;450,00;Venda Pai Nao Existe no Banco
17158;11685;1542;1;350,00;Venda Pai Nao Existe no Banco
17159;11686;1542;1;315,00;Venda Pai Nao Existe no Banco
17160;11687;6292;1;160,00;Venda Pai Nao Existe no Banco
17161;11688;7628;1;270,00;Venda Pai Nao Existe no Banco
17163;11689;9158;1;2.039,00;Venda Pai Nao Existe no Banco
17164;11690;9139;1;190,00;Venda Pai Nao Existe no Banco
17165;11665;8355;1;390,00;Venda Pai Nao Existe no Banco
17166;11691;7953;1;250,00;Venda Pai Nao Existe no Banco
17167;11691;8552;1;230,00;Venda Pai Nao Existe no Banco
17168;11692;8102;1;750,00;Venda Pai Nao Existe no Banco
17169;11692;7821;1;350,00;Venda Pai Nao Existe no Banco
17170;11693;7628;1;190,00;Venda Pai Nao Existe no Banco
17171;11694;1542;1;350,00;Venda Pai Nao Existe no Banco
17172;11694;2733;1;170,00;Venda Pai Nao Existe no Banco
17173;11694;7697;1;280,00;Venda Pai Nao Existe no Banco
17174;11695;1542;1;350,00;Venda Pai Nao Existe no Banco
17175;11696;5627;1;900,00;Venda Pai Nao Existe no Banco
17176;11696;7664;1;280,00;Venda Pai Nao Existe no Banco
17177;11697;1534;1;160,00;Venda Pai Nao Existe no Banco
17178;11698;1534;1;160,00;Venda Pai Nao Existe no Banco
17179;11698;3468;1;190,00;Venda Pai Nao Existe no Banco
17180;11699;1542;1;350,00;Venda Pai Nao Existe no Banco
17181;11700;1534;1;160,00;Venda Pai Nao Existe no Banco
17182;11700;7719;1;280,00;Venda Pai Nao Existe no Banco
17183;11701;9074;;;Venda Pai Nao Existe no Banco
17184;11703;1534;1;130,00;Venda Pai Nao Existe no Banco
17185;11705;8552;1;190,00;Venda Pai Nao Existe no Banco
17186;11706;5627;1;1.000,00;Venda Pai Nao Existe no Banco
17187;11706;9074;1;400,00;Venda Pai Nao Existe no Banco
17188;11707;1533;1;90,00;Venda Pai Nao Existe no Banco
17189;11708;7821;1;280,00;Venda Pai Nao Existe no Banco
17190;11707;1533;1;90,00;Venda Pai Nao Existe no Banco
17191;11707;1326;1;100,00;Venda Pai Nao Existe no Banco
17192;11709;1542;0,5;175,00;Venda Pai Nao Existe no Banco
17193;11710;7628;1;190,00;Venda Pai Nao Existe no Banco
17194;11712;8300;1;750,00;Venda Pai Nao Existe no Banco
17195;11712;7821;1;290,00;Venda Pai Nao Existe no Banco
17196;11713;8668;1;60,00;Venda Pai Nao Existe no Banco
17197;11714;6292;1;100,00;Venda Pai Nao Existe no Banco
17198;11715;1534;1;290,00;Venda Pai Nao Existe no Banco
17199;11716;6767;1;530,00;Venda Pai Nao Existe no Banco
17200;11718;1534;1;180,00;Venda Pai Nao Existe no Banco
17201;11719;8552;1;190,00;Venda Pai Nao Existe no Banco
17202;11720;8573;1;280,00;Venda Pai Nao Existe no Banco
17204;11721;1542;1;360,00;Venda Pai Nao Existe no Banco
17206;11721;8810;1;890,00;Venda Pai Nao Existe no Banco
17207;11722;1542;1;350,00;Venda Pai Nao Existe no Banco
17208;11723;8310;1;600,00;Venda Pai Nao Existe no Banco
17209;11723;7126;1;530,00;Venda Pai Nao Existe no Banco
17211;11725;1534;1;180,00;Venda Pai Nao Existe no Banco
17212;11725;7821;1;290,00;Venda Pai Nao Existe no Banco
17213;11725;1542;1;350,00;Venda Pai Nao Existe no Banco
17214;11725;9139;1;260,00;Venda Pai Nao Existe no Banco
17218;11696;5627;0,5;450,00;Venda Pai Nao Existe no Banco
17220;11724;8285;1;1.044,00;Venda Pai Nao Existe no Banco
17222;11726;1542;1;350,00;Venda Pai Nao Existe no Banco
17223;11726;8355;1;350,00;Venda Pai Nao Existe no Banco
17224;11727;7628;1;200,00;Venda Pai Nao Existe no Banco
17229;11729;7733;1;280,00;Venda Pai Nao Existe no Banco
17232;11729;9161;1;2.400,00;Venda Pai Nao Existe no Banco
17233;11730;7953;1;200,00;Venda Pai Nao Existe no Banco
17234;11731;7821;1;260,00;Venda Pai Nao Existe no Banco
17235;11732;8725;1;450,00;Venda Pai Nao Existe no Banco
17236;11732;7810;1;220,00;Venda Pai Nao Existe no Banco
17237;11733;7628;1;190,00;Venda Pai Nao Existe no Banco
17238;11735;7821;1;190,00;Venda Pai Nao Existe no Banco
17240;11736;8175;1;1.280,00;Venda Pai Nao Existe no Banco
17241;11737;7972;1;290,00;Venda Pai Nao Existe no Banco
17242;11738;1534;1;160,00;Venda Pai Nao Existe no Banco
17243;11739;1542;2;700,00;Venda Pai Nao Existe no Banco
17244;11739;8355;1;490,00;Venda Pai Nao Existe no Banco
17245;11740;8987;1;990,00;Venda Pai Nao Existe no Banco
17246;11740;7628;1;350,00;Venda Pai Nao Existe no Banco
17247;11742;7628;1;190,00;Venda Pai Nao Existe no Banco
17248;11744;1534;1;160,00;Venda Pai Nao Existe no Banco
17249;11744;8552;1;190,00;Venda Pai Nao Existe no Banco
17250;11745;7953;1;250,00;Venda Pai Nao Existe no Banco
17251;11746;7628;1;190,00;Venda Pai Nao Existe no Banco
17252;11747;7953;1;250,00;Venda Pai Nao Existe no Banco
17253;11747;8866;1;980,00;Venda Pai Nao Existe no Banco
17254;11748;1542;1;330,00;Venda Pai Nao Existe no Banco
17255;11748;7821;1;220,00;Venda Pai Nao Existe no Banco
17256;11749;7953;1;250,00;Venda Pai Nao Existe no Banco
17257;11749;8355;1;450,00;Venda Pai Nao Existe no Banco
17259;11750;1542;0,5;175,00;Venda Pai Nao Existe no Banco
17260;11750;1533;0,5;75,00;Venda Pai Nao Existe no Banco
17261;11751;7953;1;225,00;Venda Pai Nao Existe no Banco
17262;11753;9162;1;450,00;Venda Pai Nao Existe no Banco
17263;11753;8232;1;1.280,00;Venda Pai Nao Existe no Banco
17264;11754;9138;1;160,00;Venda Pai Nao Existe no Banco
17265;11755;7485;1;280,00;Venda Pai Nao Existe no Banco
17266;11757;4568;1;350,00;Venda Pai Nao Existe no Banco
17267;11757;1760;1;950,00;Venda Pai Nao Existe no Banco
17268;11758;7953;1;250,00;Venda Pai Nao Existe no Banco
17269;11759;1405;1;100,00;Venda Pai Nao Existe no Banco
17270;11759;1534;1;220,00;Venda Pai Nao Existe no Banco
17271;11760;1721;1;790,00;Venda Pai Nao Existe no Banco
17272;11762;1534;1;150,00;Venda Pai Nao Existe no Banco
17273;11762;7485;1;250,00;Venda Pai Nao Existe no Banco
17275;11763;1533;1;150,00;Venda Pai Nao Existe no Banco
17276;11764;1533;1;120,00;Venda Pai Nao Existe no Banco
17277;11764;1321;1;160,00;Venda Pai Nao Existe no Banco
17278;11765;7511;1;450,00;Venda Pai Nao Existe no Banco
17279;11765;1760;1;690,00;Venda Pai Nao Existe no Banco
17280;11766;1534;0,5;65,00;Venda Pai Nao Existe no Banco
17281;11767;1542;1;350,00;Venda Pai Nao Existe no Banco
17282;11768;8355;1;450,00;Venda Pai Nao Existe no Banco
17284;11768;7953;1;250,00;Venda Pai Nao Existe no Banco
17285;11769;1534;2;320,00;Venda Pai Nao Existe no Banco
17286;11771;9139;1;350,00;Venda Pai Nao Existe no Banco
17287;11771;1760;1;650,00;Venda Pai Nao Existe no Banco
17288;11773;7953;1;250,00;Venda Pai Nao Existe no Banco
17289;11774;1534;1;180,00;Venda Pai Nao Existe no Banco
17290;11775;7719;1;280,00;Venda Pai Nao Existe no Banco
17293;11776;9164;1;300,00;Venda Pai Nao Existe no Banco
17294;11776;1542;1;300,00;Venda Pai Nao Existe no Banco
17295;11777;1349;1;190,00;Venda Pai Nao Existe no Banco
17296;11777;1542;1;350,00;Venda Pai Nao Existe no Banco
17297;11778;7719;1;280,00;Venda Pai Nao Existe no Banco
17298;11779;7821;1;280,00;Venda Pai Nao Existe no Banco
17299;11779;1534;1;250,00;Venda Pai Nao Existe no Banco
17300;11780;7953;1;250,00;Venda Pai Nao Existe no Banco
17301;11780;5060;1;360,00;Venda Pai Nao Existe no Banco
17302;11780;7628;1;100,00;Venda Pai Nao Existe no Banco
17303;11780;9090;1;690,00;Venda Pai Nao Existe no Banco
17304;11781;1534;1;160,00;Venda Pai Nao Existe no Banco
17305;11781;1542;1;350,00;Venda Pai Nao Existe no Banco
17306;11781;1371;1;180,00;Venda Pai Nao Existe no Banco
17307;11782;1673;1;94,00;Venda Pai Nao Existe no Banco
17308;11783;1349;1;220,00;Venda Pai Nao Existe no Banco
17309;11783;1760;1;590,00;Venda Pai Nao Existe no Banco
17310;11784;7719;1;280,00;Venda Pai Nao Existe no Banco
17311;11785;8818;1;980,00;Venda Pai Nao Existe no Banco
17312;11785;7953;1;160,00;Venda Pai Nao Existe no Banco
17313;11786;7953;1;250,00;Venda Pai Nao Existe no Banco
17314;11786;1349;1;220,00;Venda Pai Nao Existe no Banco
17315;11788;1534;1;160,00;Venda Pai Nao Existe no Banco
17316;11788;7821;1;280,00;Venda Pai Nao Existe no Banco
17317;11789;1542;1;350,00;Venda Pai Nao Existe no Banco
17318;11789;1349;1;180,00;Venda Pai Nao Existe no Banco
17319;11790;1534;1;160,00;Venda Pai Nao Existe no Banco
17320;11790;9048;1;650,00;Venda Pai Nao Existe no Banco
17321;11792;5627;1;1.600,00;Venda Pai Nao Existe no Banco
17322;11792;7402;1;280,00;Venda Pai Nao Existe no Banco
17323;11793;4581;1;280,00;Venda Pai Nao Existe no Banco
17324;11795;1542;1;350,00;Venda Pai Nao Existe no Banco
17325;11796;5134;1;120,00;Venda Pai Nao Existe no Banco
17326;11797;7821;1;280,00;Venda Pai Nao Existe no Banco
17327;11797;1542;1;350,00;Venda Pai Nao Existe no Banco
17328;11797;9132;1;250,00;Venda Pai Nao Existe no Banco
17330;11798;1548;1;180,00;Venda Pai Nao Existe no Banco
17332;11800;1548;1;250,00;Venda Pai Nao Existe no Banco
17333;11801;1542;1;300,00;Venda Pai Nao Existe no Banco
17334;11802;7485;1;380,00;Venda Pai Nao Existe no Banco
17335;11803;7485;1;300,00;Venda Pai Nao Existe no Banco
17336;11803;6347;1;600,00;Venda Pai Nao Existe no Banco
17337;11804;1542;1;290,00;Venda Pai Nao Existe no Banco
17338;11805;1542;1;350,00;Venda Pai Nao Existe no Banco
17339;11805;1843;1;170,00;Venda Pai Nao Existe no Banco
17341;11806;7821;1;390,00;Venda Pai Nao Existe no Banco
17342;11807;7953;1;250,00;Venda Pai Nao Existe no Banco
17343;11807;1349;1;280,00;Venda Pai Nao Existe no Banco
17345;11806;9111;1;3.000,00;Venda Pai Nao Existe no Banco
17347;11808;7821;1;260,00;Venda Pai Nao Existe no Banco
17348;11809;1542;1;280,00;Venda Pai Nao Existe no Banco
17349;11811;1542;1;400,00;Venda Pai Nao Existe no Banco
17350;11812;1542;1;200,00;Venda Pai Nao Existe no Banco
17351;11812;5627;1;820,00;Venda Pai Nao Existe no Banco
17352;11812;7972;1;280,00;Venda Pai Nao Existe no Banco
17353;11816;1534;1;160,00;Venda Pai Nao Existe no Banco
17354;11816;8355;1;450,00;Venda Pai Nao Existe no Banco
17355;11817;1542;0,5;450,00;Venda Pai Nao Existe no Banco
17356;11817;1533;0,5;130,00;Venda Pai Nao Existe no Banco
17357;11818;8987;1;990,00;Venda Pai Nao Existe no Banco
17358;11818;9041;1;750,00;Venda Pai Nao Existe no Banco
17359;11819;1760;1;810,00;Venda Pai Nao Existe no Banco
17360;11819;8552;1;190,00;Venda Pai Nao Existe no Banco
17362;11822;8552;1;170,00;Venda Pai Nao Existe no Banco
17363;11820;1542;1;350,00;Venda Pai Nao Existe no Banco
17364;11820;8355;1;550,00;Venda Pai Nao Existe no Banco
17365;11824;7821;1;280,00;Venda Pai Nao Existe no Banco
17366;11825;5627;1;880,00;Venda Pai Nao Existe no Banco
17367;11827;1534;1;160,00;Venda Pai Nao Existe no Banco
17368;11827;7821;1;280,00;Venda Pai Nao Existe no Banco
17369;11828;1534;1;160,00;Venda Pai Nao Existe no Banco
17371;11799;9167;1;731,00;Venda Pai Nao Existe no Banco
17372;11829;1534;1;160,00;Venda Pai Nao Existe no Banco
17373;11830;7953;1;250,00;Venda Pai Nao Existe no Banco
17374;11830;7821;1;380,00;Venda Pai Nao Existe no Banco
17375;11832;7953;1;250,00;Venda Pai Nao Existe no Banco
17376;11832;7821;1;250,00;Venda Pai Nao Existe no Banco
17377;11833;5627;0,5;370,00;Venda Pai Nao Existe no Banco
17378;11834;1843;1;190,00;Venda Pai Nao Existe no Banco
17379;11835;1542;1;350,00;Venda Pai Nao Existe no Banco
17380;11836;1542;1;350,00;Venda Pai Nao Existe no Banco
17381;11836;6292;1;290,00;Venda Pai Nao Existe no Banco
17382;11837;1542;1;350,00;Venda Pai Nao Existe no Banco
17383;11837;7821;1;380,00;Venda Pai Nao Existe no Banco
17384;11838;7810;1;240,00;Venda Pai Nao Existe no Banco
17385;11838;7987;1;490,00;Venda Pai Nao Existe no Banco
17386;11838;7987;1;490,00;Venda Pai Nao Existe no Banco
17387;11839;7821;1;250,00;Venda Pai Nao Existe no Banco
17388;11840;8175;1;1.280,00;Venda Pai Nao Existe no Banco
17389;11840;8355;1;520,00;Venda Pai Nao Existe no Banco
17390;11841;7972;1;380,00;Venda Pai Nao Existe no Banco
17391;11842;2088;1;1.200,00;Venda Pai Nao Existe no Banco
17392;11842;7821;1;380,00;Venda Pai Nao Existe no Banco
17393;11843;8826;1;590,00;Venda Pai Nao Existe no Banco
17394;11844;7953;1;250,00;Venda Pai Nao Existe no Banco
17395;11844;7821;1;280,00;Venda Pai Nao Existe no Banco
17396;11845;1542;0,5;175,00;Venda Pai Nao Existe no Banco
17397;11846;4991;1;190,00;Venda Pai Nao Existe no Banco
17398;11848;8310;1;650,00;Venda Pai Nao Existe no Banco
17399;11849;1534;1;160,00;Venda Pai Nao Existe no Banco
17400;11849;7821;1;280,00;Venda Pai Nao Existe no Banco
17401;11843;8829;1;590,00;Venda Pai Nao Existe no Banco
17402;11850;7953;1;250,00;Venda Pai Nao Existe no Banco
17403;11850;7821;1;350,00;Venda Pai Nao Existe no Banco
17404;11851;8552;1;170,00;Venda Pai Nao Existe no Banco
17405;11852;8273;0,5;325,00;Venda Pai Nao Existe no Banco
17406;11853;8573;1;180,00;Venda Pai Nao Existe no Banco
17407;11854;7953;1;250,00;Venda Pai Nao Existe no Banco
17408;11854;6292;1;190,00;Venda Pai Nao Existe no Banco
17409;11855;7972;1;380,00;Venda Pai Nao Existe no Banco
17410;11856;9074;1;650,00;Venda Pai Nao Existe no Banco
17411;11856;7821;1;330,00;Venda Pai Nao Existe no Banco
17412;11857;1534;1;160,00;Venda Pai Nao Existe no Banco
17413;11858;9139;1;190,00;Venda Pai Nao Existe no Banco
17414;11859;9074;1;650,00;Venda Pai Nao Existe no Banco
17415;11860;7810;1;220,00;Venda Pai Nao Existe no Banco
17416;11860;7972;1;380,00;Venda Pai Nao Existe no Banco
17417;11861;5378;1;160,00;Venda Pai Nao Existe no Banco
17418;11862;1534;1;160,00;Venda Pai Nao Existe no Banco
17419;11862;6292;1;190,00;Venda Pai Nao Existe no Banco
17420;11863;1542;1;310,00;Venda Pai Nao Existe no Banco
17421;11863;8552;1;160,00;Venda Pai Nao Existe no Banco
17422;11863;8553;1;290,00;Venda Pai Nao Existe no Banco
17423;11865;7821;1;350,00;Venda Pai Nao Existe no Banco
17424;11866;1542;1;300,00;Venda Pai Nao Existe no Banco
17425;11866;8355;1;500,00;Venda Pai Nao Existe no Banco
17426;11867;7821;1;230,00;Venda Pai Nao Existe no Banco
17427;11868;7953;1;250,00;Venda Pai Nao Existe no Banco
17428;11869;1542;1;350,00;Venda Pai Nao Existe no Banco
17429;11870;1542;1;350,00;Venda Pai Nao Existe no Banco
17430;11870;7821;1;380,00;Venda Pai Nao Existe no Banco
17431;11871;8552;1;100,00;Venda Pai Nao Existe no Banco
17432;11872;8355;1;470,00;Venda Pai Nao Existe no Banco
17433;11872;7810;1;80,00;Venda Pai Nao Existe no Banco
17434;11873;1534;1;160,00;Venda Pai Nao Existe no Banco
17435;11873;7821;1;290,00;Venda Pai Nao Existe no Banco
17436;11874;6292;1;170,00;Venda Pai Nao Existe no Banco
17437;11875;1542;1;350,00;Venda Pai Nao Existe no Banco
17438;11875;8355;1;550,00;Venda Pai Nao Existe no Banco
17439;11875;1542;1;350,00;Venda Pai Nao Existe no Banco
17440;11868;7953;1;250,00;Venda Pai Nao Existe no Banco
17441;11868;7821;1;290,00;Venda Pai Nao Existe no Banco
17442;11876;7821;1;250,00;Venda Pai Nao Existe no Banco
17443;11877;7953;1;250,00;Venda Pai Nao Existe no Banco
17444;11877;7821;1;290,00;Venda Pai Nao Existe no Banco
17445;11878;1534;1;160,00;Venda Pai Nao Existe no Banco
17446;11878;7821;1;380,00;Venda Pai Nao Existe no Banco
17447;11879;8217;1;540,00;Venda Pai Nao Existe no Banco
17448;11879;7953;1;230,00;Venda Pai Nao Existe no Banco
17449;11879;1533;1;150,00;Venda Pai Nao Existe no Banco
17450;11880;7953;1;250,00;Venda Pai Nao Existe no Banco
17451;11881;4497;1;150,00;Venda Pai Nao Existe no Banco
17452;11882;7953;1;240,00;Venda Pai Nao Existe no Banco
17453;11882;8355;1;430,00;Venda Pai Nao Existe no Banco
17454;11883;7628;1;280,00;Venda Pai Nao Existe no Banco
17456;11884;1534;1;160,00;Venda Pai Nao Existe no Banco
17457;11884;7821;1;240,00;Venda Pai Nao Existe no Banco
17459;11883;9168;1;800,00;Venda Pai Nao Existe no Banco
17460;11885;7821;1;280,00;Venda Pai Nao Existe no Banco
