fonte_tabela,laboratorio,pagina_pdf,bloco_visual,familia,produto,design,material,indice_refracao,tratamento,treatment_group,treatment_application,transitions,transitions_cores,blue_uv,esferico_min,esferico_max,cilindrico_max,adicao_min,adicao_max,preco_tipo,preco_par_brl,nota_disponibilidade
PVC,Kodak,13,Multifocal Digital,Kodak,Kodak Unique Infinite,Multifocal Digital,Orma,1.50,Crizal Prevencia,Crizal Prevencia,standard,nao,,sim,-10.00,+5.25,-6.00,1.00,3.50,absoluto,1979.00,
PVC,Kodak,13,Multifocal Digital,Kodak,Kodak Unique Infinite,Multifocal Digital,Orma,1.50,Crizal Sapphire HR,Crizal Sapphire HR,standard,nao,,sim,-10.00,+5.25,-6.00,1.00,3.50,absoluto,1979.00,
PVC,Kodak,13,Multifocal Digital,Kodak,Kodak Unique Infinite,Multifocal Digital,Orma,1.50,Crizal Rock,Crizal Rock,standard,nao,,sim,-10.00,+5.25,-6.00,1.00,3.50,absoluto,1709.00,
PVC,Kodak,13,Multifocal Digital,Kodak,Kodak Unique Infinite,Multifocal Digital,Orma,1.50,Crizal Easy Pro,Crizal Easy Pro,standard,nao,,sim,-10.00,+5.25,-6.00,1.00,3.50,absoluto,1359.00,
PVC,Kodak,13,Multifocal Digital,Kodak,Kodak Unique Infinite,Multifocal Digital,Orma,1.50,Optifog,Optifog,standard,nao,,sim,-10.00,+5.25,-6.00,1.00,3.50,absoluto,1599.00,
PVC,Kodak,13,Multifocal Digital,Kodak,Kodak Unique Infinite,Multifocal Digital,Orma,1.50,No Reflex,No Reflex,standard,nao,,sim,-10.00,+5.25,-6.00,1.00,3.50,absoluto,1209.00,
PVC,Kodak,13,Multifocal Digital,Kodak,Kodak Unique Infinite,Multifocal Digital,Orma,1.50,Trio Easy Clean,Trio Easy Clean,standard,nao,,sim,-10.00,+5.25,-6.00,1.00,3.50,absoluto,1159.00,
PVC,Kodak,13,Multifocal Digital,Kodak,Kodak Unique Infinite,Multifocal Digital,Orma,1.50,Verniz HC,Verniz HC,standard,nao,,sim,-10.00,+5.25,-6.00,1.00,3.50,absoluto,959.00,
PVC,Kodak,13,Multifocal Digital,Kodak,Kodak Unique Infinite,Multifocal Digital,Orma,1.50,Crizal Prevencia,Crizal Prevencia,standard,nao,,sim,-10.00,+5.25,-6.00,1.00,3.50,absoluto,2119.00,+Blue UV
PVC,Kodak,13,Multifocal Digital,Kodak,Kodak Unique Infinite,Multifocal Digital,Orma,1.50,Crizal Sapphire HR,Crizal Sapphire HR,standard,nao,,sim,-10.00,+5.25,-6.00,1.00,3.50,absoluto,2119.00,+Blue UV
PVC,Kodak,13,Multifocal Digital,Kodak,Kodak Unique Infinite,Multifocal Digital,Orma,1.50,Crizal Rock,Crizal Rock,standard,nao,,sim,-10.00,+5.25,-6.00,1.00,3.50,absoluto,1849.00,+Blue UV
PVC,Kodak,13,Multifocal Digital,Kodak,Kodak Unique Infinite,Multifocal Digital,Orma,1.50,Crizal Easy Pro,Crizal Easy Pro,standard,nao,,sim,-10.00,+5.25,-6.00,1.00,3.50,absoluto,1499.00,+Blue UV
PVC,Kodak,13,Multifocal Digital,Kodak,Kodak Unique Infinite,Multifocal Digital,Orma,1.50,Optifog,Optifog,standard,nao,,sim,-10.00,+5.25,-6.00,1.00,3.50,absoluto,1739.00,+Blue UV
PVC,Kodak,13,Multifocal Digital,Kodak,Kodak Unique Infinite,Multifocal Digital,Orma,1.50,No Reflex,No Reflex,standard,nao,,sim,-10.00,+5.25,-6.00,1.00,3.50,absoluto,1349.00,+Blue UV
PVC,Kodak,13,Multifocal Digital,Kodak,Kodak Unique Infinite,Multifocal Digital,Orma,1.50,Trio Easy Clean,Trio Easy Clean,standard,nao,,sim,-10.00,+5.25,-6.00,1.00,3.50,absoluto,1299.00,+Blue UV
PVC,Kodak,13,Multifocal Digital,Kodak,Kodak Unique Infinite,Multifocal Digital,Orma,1.50,Verniz HC,Verniz HC,standard,nao,,sim,-10.00,+5.25,-6.00,1.00,3.50,absoluto,1099.00,+Blue UV
PVC,Kodak,13,Multifocal Digital,Kodak,Kodak Unique Infinite,Multifocal Digital,Orma,1.50,Crizal Prevencia,Crizal Prevencia,standard,sim,C/M/V/A/S/R/E,sim,-10.00,+5.25,-6.00,1.00,3.50,absoluto,2919.00,Transitions Gen S
PVC,Kodak,13,Multifocal Digital,Kodak,Kodak Unique Infinite,Multifocal Digital,Orma,1.50,Crizal Sapphire HR,Crizal Sapphire HR,standard,sim,C/M/V/A/S/R/E,sim,-10.00,+5.25,-6.00,1.00,3.50,absoluto,2919.00,Transitions Gen S
PVC,Kodak,13,Multifocal Digital,Kodak,Kodak Unique Infinite,Multifocal Digital,Orma,1.50,Crizal Rock,Crizal Rock,standard,sim,C/M/V/A/S/R/E,sim,-10.00,+5.25,-6.00,1.00,3.50,absoluto,2649.00,Transitions Gen S
PVC,Kodak,13,Multifocal Digital,Kodak,Kodak Unique Infinite,Multifocal Digital,Orma,1.50,Crizal Easy Pro,Crizal Easy Pro,standard,sim,C/M/V/A/S/R/E,sim,-10.00,+5.25,-6.00,1.00,3.50,absoluto,2299.00,Transitions Gen S
PVC,Kodak,13,Multifocal Digital,Kodak,Kodak Unique Infinite,Multifocal Digital,Orma,1.50,Optifog,Optifog,standard,sim,C/M/V/A/S/R/E,sim,-10.00,+5.25,-6.00,1.00,3.50,absoluto,2539.00,Transitions Gen S
PVC,Kodak,13,Multifocal Digital,Kodak,Kodak Unique Infinite,Multifocal Digital,Orma,1.50,No Reflex,No Reflex,standard,sim,C/M/V/A/S/R/E,sim,-10.00,+5.25,-6.00,1.00,3.50,absoluto,2149.00,Transitions Gen S
PVC,Kodak,13,Multifocal Digital,Kodak,Kodak Unique Infinite,Multifocal Digital,Orma,1.50,Trio Easy Clean,Trio Easy Clean,standard,sim,C/M/V/A/S/R/E,sim,-10.00,+5.25,-6.00,1.00,3.50,absoluto,2099.00,Transitions Gen S
PVC,Kodak,13,Multifocal Digital,Kodak,Kodak Unique Infinite,Multifocal Digital,Orma,1.50,Verniz HC,Verniz HC,standard,sim,C/M/V/A/S/R/E,sim,-10.00,+5.25,-6.00,1.00,3.50,absoluto,1899.00,Transitions Gen S
PVC,Kodak,13,Multifocal Digital,Kodak,Kodak Unique Infinite,Multifocal Digital,Orma,1.50,Crizal Prevencia,Crizal Prevencia,standard,sim,C,sim,-10.00,+5.25,-6.00,1.00,3.50,absoluto,2989.00,Transitions Extractive
PVC,Kodak,13,Multifocal Digital,Kodak,Kodak Unique Infinite,Multifocal Digital,Orma,1.50,Crizal Sapphire HR,Crizal Sapphire HR,standard,sim,C,sim,-10.00,+5.25,-6.00,1.00,3.50,absoluto,2989.00,Transitions Extractive
PVC,Kodak,13,Multifocal Digital,Kodak,Kodak Unique Infinite,Multifocal Digital,Orma,1.50,Crizal Rock,Crizal Rock,standard,sim,C,sim,-10.00,+5.25,-6.00,1.00,3.50,absoluto,2719.00,Transitions Extractive
PVC,Kodak,13,Multifocal Digital,Kodak,Kodak Unique Infinite,Multifocal Digital,Orma,1.50,Crizal Easy Pro,Crizal Easy Pro,standard,sim,C,sim,-10.00,+5.25,-6.00,1.00,3.50,absoluto,2369.00,Transitions Extractive
PVC,Kodak,13,Multifocal Digital,Kodak,Kodak Unique Infinite,Multifocal Digital,Orma,1.50,Optifog,Optifog,standard,sim,C,sim,-10.00,+5.25,-6.00,1.00,3.50,absoluto,2609.00,Transitions Extractive
PVC,Kodak,13,Multifocal Digital,Kodak,Kodak Unique Infinite,Multifocal Digital,Orma,1.50,No Reflex,No Reflex,standard,sim,C,sim,-10.00,+5.25,-6.00,1.00,3.50,absoluto,2219.00,Transitions Extractive
PVC,Kodak,13,Multifocal Digital,Kodak,Kodak Unique Infinite,Multifocal Digital,Orma,1.50,Trio Easy Clean,Trio Easy Clean,standard,sim,C,sim,-10.00,+5.25,-6.00,1.00,3.50,absoluto,2169.00,Transitions Extractive
PVC,Kodak,13,Multifocal Digital,Kodak,Kodak Unique Infinite,Multifocal Digital,Orma,1.50,Verniz HC,Verniz HC,standard,sim,C,sim,-10.00,+5.25,-6.00,1.00,3.50,absoluto,1969.00,Transitions Extractive
PVC,Kodak,13,Multifocal Digital,Kodak,Kodak Unique Infinite,Multifocal Digital,Airwear Polypower,Poly,Crizal Prevencia,Crizal Prevencia,standard,nao,,sim,-10.00,+6.50,-6.00,1.00,3.50,absoluto,2199.00,
PVC,Kodak,13,Multifocal Digital,Kodak,Kodak Unique Infinite,Multifocal Digital,Airwear Polypower,Poly,Crizal Sapphire HR,Crizal Sapphire HR,standard,nao,,sim,-10.00,+6.50,-6.00,1.00,3.50,absoluto,2199.00,
PVC,Kodak,13,Multifocal Digital,Kodak,Kodak Unique Infinite,Multifocal Digital,Airwear Polypower,Poly,Crizal Rock,Crizal Rock,standard,nao,,sim,-10.00,+6.50,-6.00,1.00,3.50,absoluto,1929.00,
PVC,Kodak,13,Multifocal Digital,Kodak,Kodak Unique Infinite,Multifocal Digital,Airwear Polypower,Poly,Crizal Easy Pro,Crizal Easy Pro,standard,nao,,sim,-10.00,+6.50,-6.00,1.00,3.50,absoluto,1579.00,
PVC,Kodak,13,Multifocal Digital,Kodak,Kodak Unique Infinite,Multifocal Digital,Airwear Polypower,Poly,Optifog,Optifog,standard,nao,,sim,-10.00,+6.50,-6.00,1.00,3.50,absoluto,1819.00,
PVC,Kodak,13,Multifocal Digital,Kodak,Kodak Unique Infinite,Multifocal Digital,Airwear Polypower,Poly,No Reflex,No Reflex,standard,nao,,sim,-10.00,+6.50,-6.00,1.00,3.50,absoluto,1429.00,
PVC,Kodak,13,Multifocal Digital,Kodak,Kodak Unique Infinite,Multifocal Digital,Airwear Polypower,Poly,Trio Easy Clean,Trio Easy Clean,standard,nao,,sim,-10.00,+6.50,-6.00,1.00,3.50,absoluto,1379.00,
PVC,Kodak,13,Multifocal Digital,Kodak,Kodak Unique Infinite,Multifocal Digital,Airwear Polypower,Poly,Verniz HC,Verniz HC,standard,nao,,sim,-10.00,+6.50,-6.00,1.00,3.50,absoluto,1179.00,
PVC,Kodak,13,Multifocal Digital,Kodak,Kodak Unique Infinite,Multifocal Digital,Airwear Polypower,Poly,Crizal Prevencia,Crizal Prevencia,standard,sim,C/M/V/A/S/R/E,sim,-10.00,+6.50,-6.00,1.00,3.50,absoluto,3139.00,Transitions Gen S
PVC,Kodak,13,Multifocal Digital,Kodak,Kodak Unique Infinite,Multifocal Digital,Airwear Polypower,Poly,Crizal Sapphire HR,Crizal Sapphire HR,standard,sim,C/M/V/A/S/R/E,sim,-10.00,+6.50,-6.00,1.00,3.50,absoluto,3139.00,Transitions Gen S
PVC,Kodak,13,Multifocal Digital,Kodak,Kodak Unique Infinite,Multifocal Digital,Airwear Polypower,Poly,Crizal Rock,Crizal Rock,standard,sim,C/M/V/A/S/R/E,sim,-10.00,+6.50,-6.00,1.00,3.50,absoluto,2869.00,Transitions Gen S
PVC,Kodak,13,Multifocal Digital,Kodak,Kodak Unique Infinite,Multifocal Digital,Airwear Polypower,Poly,Crizal Easy Pro,Crizal Easy Pro,standard,sim,C/M/V/A/S/R/E,sim,-10.00,+6.50,-6.00,1.00,3.50,absoluto,2519.00,Transitions Gen S
PVC,Kodak,13,Multifocal Digital,Kodak,Kodak Unique Infinite,Multifocal Digital,Airwear Polypower,Poly,Optifog,Optifog,standard,sim,C/M/V/A/S/R/E,sim,-10.00,+6.50,-6.00,1.00,3.50,absoluto,2759.00,Transitions Gen S
PVC,Kodak,13,Multifocal Digital,Kodak,Kodak Unique Infinite,Multifocal Digital,Airwear Polypower,Poly,No Reflex,No Reflex,standard,sim,C/M/V/A/S/R/E,sim,-10.00,+6.50,-6.00,1.00,3.50,absoluto,2369.00,Transitions Gen S
PVC,Kodak,13,Multifocal Digital,Kodak,Kodak Unique Infinite,Multifocal Digital,Airwear Polypower,Poly,Trio Easy Clean,Trio Easy Clean,standard,sim,C/M/V/A/S/R/E,sim,-10.00,+6.50,-6.00,1.00,3.50,absoluto,2319.00,Transitions Gen S
PVC,Kodak,13,Multifocal Digital,Kodak,Kodak Unique Infinite,Multifocal Digital,Airwear Polypower,Poly,Verniz HC,Verniz HC,standard,sim,C/M/V/A/S/R/E,sim,-10.00,+6.50,-6.00,1.00,3.50,absoluto,2119.00,Transitions Gen S
PVC,Kodak,13,Multifocal Digital,Kodak,Kodak Unique Infinite,Multifocal Digital,Airwear Polypower,Poly,Crizal Prevencia,Crizal Prevencia,standard,sim,C,sim,-10.00,+6.50,-6.00,1.00,3.50,absoluto,3209.00,Transitions Extractive
PVC,Kodak,13,Multifocal Digital,Kodak,Kodak Unique Infinite,Multifocal Digital,Airwear Polypower,Poly,Crizal Sapphire HR,Crizal Sapphire HR,standard,sim,C,sim,-10.00,+6.50,-6.00,1.00,3.50,absoluto,3209.00,Transitions Extractive
PVC,Kodak,13,Multifocal Digital,Kodak,Kodak Unique Infinite,Multifocal Digital,Airwear Polypower,Poly,Crizal Rock,Crizal Rock,standard,sim,C,sim,-10.00,+6.50,-6.00,1.00,3.50,absoluto,2939.00,Transitions Extractive
PVC,Kodak,13,Multifocal Digital,Kodak,Kodak Unique Infinite,Multifocal Digital,Airwear Polypower,Poly,Crizal Easy Pro,Crizal Easy Pro,standard,sim,C,sim,-10.00,+6.50,-6.00,1.00,3.50,absoluto,2589.00,Transitions Extractive
PVC,Kodak,13,Multifocal Digital,Kodak,Kodak Unique Infinite,Multifocal Digital,Airwear Polypower,Poly,Optifog,Optifog,standard,sim,C,sim,-10.00,+6.50,-6.00,1.00,3.50,absoluto,2829.00,Transitions Extractive
PVC,Kodak,13,Multifocal Digital,Kodak,Kodak Unique Infinite,Multifocal Digital,Airwear Polypower,Poly,No Reflex,No Reflex,standard,sim,C,sim,-10.00,+6.50,-6.00,1.00,3.50,absoluto,2439.00,Transitions Extractive
PVC,Kodak,13,Multifocal Digital,Kodak,Kodak Unique Infinite,Multifocal Digital,Airwear Polypower,Poly,Trio Easy Clean,Trio Easy Clean,standard,sim,C,sim,-10.00,+6.50,-6.00,1.00,3.50,absoluto,2389.00,Transitions Extractive
PVC,Kodak,13,Multifocal Digital,Kodak,Kodak Unique Infinite,Multifocal Digital,Airwear Polypower,Poly,Verniz HC,Verniz HC,standard,sim,C,sim,-10.00,+6.50,-6.00,1.00,3.50,absoluto,2189.00,Transitions Extractive
PVC,Kodak,13,Multifocal Digital,Kodak,Kodak Unique Infinite,Multifocal Digital,Stylis,1.67,Crizal Prevencia,Crizal Prevencia,standard,nao,,sim,-14.00,+8.00,-6.00,1.00,3.50,absoluto,3399.00,
PVC,Kodak,13,Multifocal Digital,Kodak,Kodak Unique Infinite,Multifocal Digital,Stylis,1.67,Crizal Sapphire HR,Crizal Sapphire HR,standard,nao,,sim,-14.00,+8.00,-6.00,1.00,3.50,absoluto,3399.00,
PVC,Kodak,13,Multifocal Digital,Kodak,Kodak Unique Infinite,Multifocal Digital,Stylis,1.67,Crizal Rock,Crizal Rock,standard,nao,,sim,-14.00,+8.00,-6.00,1.00,3.50,absoluto,3129.00,
PVC,Kodak,13,Multifocal Digital,Kodak,Kodak Unique Infinite,Multifocal Digital,Stylis,1.67,Crizal Easy Pro,Crizal Easy Pro,standard,nao,,sim,-14.00,+8.00,-6.00,1.00,3.50,absoluto,2779.00,
PVC,Kodak,13,Multifocal Digital,Kodak,Kodak Unique Infinite,Multifocal Digital,Stylis,1.67,Optifog,Optifog,standard,nao,,sim,-14.00,+8.00,-6.00,1.00,3.50,absoluto,3019.00,
PVC,Kodak,13,Multifocal Digital,Kodak,Kodak Unique Infinite,Multifocal Digital,Stylis,1.67,No Reflex,No Reflex,standard,nao,,sim,-14.00,+8.00,-6.00,1.00,3.50,absoluto,2629.00,
PVC,Kodak,13,Multifocal Digital,Kodak,Kodak Unique Infinite,Multifocal Digital,Stylis,1.67,Trio Easy Clean,Trio Easy Clean,standard,nao,,sim,-14.00,+8.00,-6.00,1.00,3.50,absoluto,2579.00,
PVC,Kodak,13,Multifocal Digital,Kodak,Kodak Unique Infinite,Multifocal Digital,Stylis,1.67,Crizal Prevencia,Crizal Prevencia,standard,sim,C/M/V,sim,-14.00,+8.00,-6.00,1.00,3.50,absoluto,4339.00,Transitions Gen S
PVC,Kodak,13,Multifocal Digital,Kodak,Kodak Unique Infinite,Multifocal Digital,Stylis,1.67,Crizal Sapphire HR,Crizal Sapphire HR,standard,sim,C/M/V,sim,-14.00,+8.00,-6.00,1.00,3.50,absoluto,4339.00,Transitions Gen S
PVC,Kodak,13,Multifocal Digital,Kodak,Kodak Unique Infinite,Multifocal Digital,Stylis,1.67,Crizal Rock,Crizal Rock,standard,sim,C/M/V,sim,-14.00,+8.00,-6.00,1.00,3.50,absoluto,4069.00,Transitions Gen S
PVC,Kodak,13,Multifocal Digital,Kodak,Kodak Unique Infinite,Multifocal Digital,Stylis,1.67,Crizal Easy Pro,Crizal Easy Pro,standard,sim,C/M/V,sim,-14.00,+8.00,-6.00,1.00,3.50,absoluto,3719.00,Transitions Gen S
PVC,Kodak,13,Multifocal Digital,Kodak,Kodak Unique Infinite,Multifocal Digital,Stylis,1.67,Optifog,Optifog,standard,sim,C/M/V,sim,-14.00,+8.00,-6.00,1.00,3.50,absoluto,3959.00,Transitions Gen S
PVC,Kodak,13,Multifocal Digital,Kodak,Kodak Unique Infinite,Multifocal Digital,Stylis,1.67,No Reflex,No Reflex,standard,sim,C/M/V,sim,-14.00,+8.00,-6.00,1.00,3.50,absoluto,3569.00,Transitions Gen S
PVC,Kodak,13,Multifocal Digital,Kodak,Kodak Unique Infinite,Multifocal Digital,Stylis,1.67,Trio Easy Clean,Trio Easy Clean,standard,sim,C/M/V,sim,-14.00,+8.00,-6.00,1.00,3.50,absoluto,3519.00,Transitions Gen S
PVC,Kodak,13,Multifocal Digital,Kodak,Kodak Unique Infinite,Multifocal Digital,Stylis,1.74,Crizal Sapphire HR,Crizal Sapphire HR,standard,nao,,sim,-18.00,+13.00,-6.00,1.00,3.50,absoluto,4179.00,
PVC,Kodak,13,Multifocal Digital,Kodak,Kodak Unique Infinite,Multifocal Digital,Stylis,1.74,Crizal Sapphire HR,Crizal Sapphire HR,standard,sim,C,sim,-18.00,+13.00,-6.00,1.00,3.50,absoluto,5119.00,Transitions Gen S
PVC,Kodak,13,Multifocal Digital,Kodak,Kodak Unique UHD,Multifocal Digital,Orma,1.50,Crizal Prevencia,Crizal Prevencia,standard,nao,,sim,-10.00,+5.25,-6.00,1.00,3.50,absoluto,1849.00,
PVC,Kodak,13,Multifocal Digital,Kodak,Kodak Unique UHD,Multifocal Digital,Orma,1.50,Crizal Sapphire HR,Crizal Sapphire HR,standard,nao,,sim,-10.00,+5.25,-6.00,1.00,3.50,absoluto,1849.00,
PVC,Kodak,13,Multifocal Digital,Kodak,Kodak Unique UHD,Multifocal Digital,Orma,1.50,Crizal Rock,Crizal Rock,standard,nao,,sim,-10.00,+5.25,-6.00,1.00,3.50,absoluto,1579.00,
PVC,Kodak,13,Multifocal Digital,Kodak,Kodak Unique UHD,Multifocal Digital,Orma,1.50,Crizal Easy Pro,Crizal Easy Pro,standard,nao,,sim,-10.00,+5.25,-6.00,1.00,3.50,absoluto,1229.00,
PVC,Kodak,13,Multifocal Digital,Kodak,Kodak Unique UHD,Multifocal Digital,Orma,1.50,Optifog,Optifog,standard,nao,,sim,-10.00,+5.25,-6.00,1.00,3.50,absoluto,1469.00,
PVC,Kodak,13,Multifocal Digital,Kodak,Kodak Unique UHD,Multifocal Digital,Orma,1.50,No Reflex,No Reflex,standard,nao,,sim,-10.00,+5.25,-6.00,1.00,3.50,absoluto,1079.00,
PVC,Kodak,13,Multifocal Digital,Kodak,Kodak Unique UHD,Multifocal Digital,Orma,1.50,Trio Easy Clean,Trio Easy Clean,standard,nao,,sim,-10.00,+5.25,-6.00,1.00,3.50,absoluto,1029.00,
PVC,Kodak,13,Multifocal Digital,Kodak,Kodak Unique UHD,Multifocal Digital,Orma,1.50,Verniz HC,Verniz HC,standard,nao,,sim,-10.00,+5.25,-6.00,1.00,3.50,absoluto,829.00,
PVC,Kodak,13,Multifocal Digital,Kodak,Kodak Unique UHD,Multifocal Digital,Orma,1.50,Crizal Prevencia,Crizal Prevencia,standard,nao,,sim,-10.00,+5.25,-6.00,1.00,3.50,absoluto,1989.00,+Blue UV
PVC,Kodak,13,Multifocal Digital,Kodak,Kodak Unique UHD,Multifocal Digital,Orma,1.50,Crizal Sapphire HR,Crizal Sapphire HR,standard,nao,,sim,-10.00,+5.25,-6.00,1.00,3.50,absoluto,1989.00,+Blue UV
PVC,Kodak,13,Multifocal Digital,Kodak,Kodak Unique UHD,Multifocal Digital,Orma,1.50,Crizal Rock,Crizal Rock,standard,nao,,sim,-10.00,+5.25,-6.00,1.00,3.50,absoluto,1719.00,+Blue UV
PVC,Kodak,13,Multifocal Digital,Kodak,Kodak Unique UHD,Multifocal Digital,Orma,1.50,Crizal Easy Pro,Crizal Easy Pro,standard,nao,,sim,-10.00,+5.25,-6.00,1.00,3.50,absoluto,1369.00,+Blue UV
PVC,Kodak,13,Multifocal Digital,Kodak,Kodak Unique UHD,Multifocal Digital,Orma,1.50,Optifog,Optifog,standard,nao,,sim,-10.00,+5.25,-6.00,1.00,3.50,absoluto,1609.00,+Blue UV
PVC,Kodak,13,Multifocal Digital,Kodak,Kodak Unique UHD,Multifocal Digital,Orma,1.50,No Reflex,No Reflex,standard,nao,,sim,-10.00,+5.25,-6.00,1.00,3.50,absoluto,1219.00,+Blue UV
PVC,Kodak,13,Multifocal Digital,Kodak,Kodak Unique UHD,Multifocal Digital,Orma,1.50,Trio Easy Clean,Trio Easy Clean,standard,nao,,sim,-10.00,+5.25,-6.00,1.00,3.50,absoluto,1169.00,+Blue UV
PVC,Kodak,13,Multifocal Digital,Kodak,Kodak Unique UHD,Multifocal Digital,Orma,1.50,Verniz HC,Verniz HC,standard,nao,,sim,-10.00,+5.25,-6.00,1.00,3.50,absoluto,969.00,+Blue UV
PVC,Kodak,13,Multifocal Digital,Kodak,Kodak Unique UHD,Multifocal Digital,Orma,1.50,Crizal Prevencia,Crizal Prevencia,standard,sim,C/M/V/A/S/R/E,sim,-10.00,+5.25,-6.00,1.00,3.50,absoluto,2789.00,Transitions Gen S
PVC,Kodak,13,Multifocal Digital,Kodak,Kodak Unique UHD,Multifocal Digital,Orma,1.50,Crizal Sapphire HR,Crizal Sapphire HR,standard,sim,C/M/V/A/S/R/E,sim,-10.00,+5.25,-6.00,1.00,3.50,absoluto,2789.00,Transitions Gen S
PVC,Kodak,13,Multifocal Digital,Kodak,Kodak Unique UHD,Multifocal Digital,Orma,1.50,Crizal Rock,Crizal Rock,standard,sim,C/M/V/A/S/R/E,sim,-10.00,+5.25,-6.00,1.00,3.50,absoluto,2519.00,Transitions Gen S
PVC,Kodak,13,Multifocal Digital,Kodak,Kodak Unique UHD,Multifocal Digital,Orma,1.50,Crizal Easy Pro,Crizal Easy Pro,standard,sim,C/M/V/A/S/R/E,sim,-10.00,+5.25,-6.00,1.00,3.50,absoluto,2169.00,Transitions Gen S
PVC,Kodak,13,Multifocal Digital,Kodak,Kodak Unique UHD,Multifocal Digital,Orma,1.50,Optifog,Optifog,standard,sim,C/M/V/A/S/R/E,sim,-10.00,+5.25,-6.00,1.00,3.50,absoluto,2409.00,Transitions Gen S
PVC,Kodak,13,Multifocal Digital,Kodak,Kodak Unique UHD,Multifocal Digital,Orma,1.50,No Reflex,No Reflex,standard,sim,C/M/V/A/S/R/E,sim,-10.00,+5.25,-6.00,1.00,3.50,absoluto,2019.00,Transitions Gen S
PVC,Kodak,13,Multifocal Digital,Kodak,Kodak Unique UHD,Multifocal Digital,Orma,1.50,Trio Easy Clean,Trio Easy Clean,standard,sim,C/M/V/A/S/R/E,sim,-10.00,+5.25,-6.00,1.00,3.50,absoluto,1969.00,Transitions Gen S
PVC,Kodak,13,Multifocal Digital,Kodak,Kodak Unique UHD,Multifocal Digital,Orma,1.50,Verniz HC,Verniz HC,standard,sim,C/M/V/A/S/R/E,sim,-10.00,+5.25,-6.00,1.00,3.50,absoluto,1769.00,Transitions Gen S
PVC,Kodak,13,Multifocal Digital,Kodak,Kodak Unique UHD,Multifocal Digital,Orma,1.50,Crizal Prevencia,Crizal Prevencia,standard,sim,C,sim,-10.00,+5.25,-6.00,1.00,3.50,absoluto,2859.00,Transitions Extractive
PVC,Kodak,13,Multifocal Digital,Kodak,Kodak Unique UHD,Multifocal Digital,Orma,1.50,Crizal Sapphire HR,Crizal Sapphire HR,standard,sim,C,sim,-10.00,+5.25,-6.00,1.00,3.50,absoluto,2859.00,Transitions Extractive
PVC,Kodak,13,Multifocal Digital,Kodak,Kodak Unique UHD,Multifocal Digital,Orma,1.50,Crizal Rock,Crizal Rock,standard,sim,C,sim,-10.00,+5.25,-6.00,1.00,3.50,absoluto,2589.00,Transitions Extractive
PVC,Kodak,13,Multifocal Digital,Kodak,Kodak Unique UHD,Multifocal Digital,Orma,1.50,Crizal Easy Pro,Crizal Easy Pro,standard,sim,C,sim,-10.00,+5.25,-6.00,1.00,3.50,absoluto,2239.00,Transitions Extractive
PVC,Kodak,13,Multifocal Digital,Kodak,Kodak Unique UHD,Multifocal Digital,Orma,1.50,Optifog,Optifog,standard,sim,C,sim,-10.00,+5.25,-6.00,1.00,3.50,absoluto,2479.00,Transitions Extractive
PVC,Kodak,13,Multifocal Digital,Kodak,Kodak Unique UHD,Multifocal Digital,Orma,1.50,No Reflex,No Reflex,standard,sim,C,sim,-10.00,+5.25,-6.00,1.00,3.50,absoluto,2089.00,Transitions Extractive
PVC,Kodak,13,Multifocal Digital,Kodak,Kodak Unique UHD,Multifocal Digital,Orma,1.50,Trio Easy Clean,Trio Easy Clean,standard,sim,C,sim,-10.00,+5.25,-6.00,1.00,3.50,absoluto,2039.00,Transitions Extractive
PVC,Kodak,13,Multifocal Digital,Kodak,Kodak Unique UHD,Multifocal Digital,Orma,1.50,Verniz HC,Verniz HC,standard,sim,C,sim,-10.00,+5.25,-6.00,1.00,3.50,absoluto,1839.00,Transitions Extractive
PVC,Kodak,13,Multifocal Digital,Kodak,Kodak Unique UHD,Multifocal Digital,Airwear Polypower,Poly,Crizal Prevencia,Crizal Prevencia,standard,nao,,sim,-10.00,+6.50,-6.00,1.00,3.50,absoluto,2069.00,
PVC,Kodak,13,Multifocal Digital,Kodak,Kodak Unique UHD,Multifocal Digital,Airwear Polypower,Poly,Crizal Sapphire HR,Crizal Sapphire HR,standard,nao,,sim,-10.00,+6.50,-6.00,1.00,3.50,absoluto,2069.00,
PVC,Kodak,13,Multifocal Digital,Kodak,Kodak Unique UHD,Multifocal Digital,Airwear Polypower,Poly,Crizal Rock,Crizal Rock,standard,nao,,sim,-10.00,+6.50,-6.00,1.00,3.50,absoluto,1799.00,
PVC,Kodak,13,Multifocal Digital,Kodak,Kodak Unique UHD,Multifocal Digital,Airwear Polypower,Poly,Crizal Easy Pro,Crizal Easy Pro,standard,nao,,sim,-10.00,+6.50,-6.00,1.00,3.50,absoluto,1449.00,
PVC,Kodak,13,Multifocal Digital,Kodak,Kodak Unique UHD,Multifocal Digital,Airwear Polypower,Poly,Optifog,Optifog,standard,nao,,sim,-10.00,+6.50,-6.00,1.00,3.50,absoluto,1689.00,
PVC,Kodak,13,Multifocal Digital,Kodak,Kodak Unique UHD,Multifocal Digital,Airwear Polypower,Poly,No Reflex,No Reflex,standard,nao,,sim,-10.00,+6.50,-6.00,1.00,3.50,absoluto,1299.00,
PVC,Kodak,13,Multifocal Digital,Kodak,Kodak Unique UHD,Multifocal Digital,Airwear Polypower,Poly,Trio Easy Clean,Trio Easy Clean,standard,nao,,sim,-10.00,+6.50,-6.00,1.00,3.50,absoluto,1249.00,
PVC,Kodak,13,Multifocal Digital,Kodak,Kodak Unique UHD,Multifocal Digital,Airwear Polypower,Poly,Verniz HC,Verniz HC,standard,nao,,sim,-10.00,+6.50,-6.00,1.00,3.50,absoluto,1049.00,
PVC,Kodak,13,Multifocal Digital,Kodak,Kodak Unique UHD,Multifocal Digital,Airwear Polypower,Poly,Crizal Prevencia,Crizal Prevencia,standard,sim,C/M/V/A/S/R/E,sim,-10.00,+6.50,-6.00,1.00,3.50,absoluto,3009.00,Transitions Gen S
PVC,Kodak,13,Multifocal Digital,Kodak,Kodak Unique UHD,Multifocal Digital,Airwear Polypower,Poly,Crizal Sapphire HR,Crizal Sapphire HR,standard,sim,C/M/V/A/S/R/E,sim,-10.00,+6.50,-6.00,1.00,3.50,absoluto,3009.00,Transitions Gen S
PVC,Kodak,13,Multifocal Digital,Kodak,Kodak Unique UHD,Multifocal Digital,Airwear Polypower,Poly,Crizal Rock,Crizal Rock,standard,sim,C/M/V/A/S/R/E,sim,-10.00,+6.50,-6.00,1.00,3.50,absoluto,2739.00,Transitions Gen S
PVC,Kodak,13,Multifocal Digital,Kodak,Kodak Unique UHD,Multifocal Digital,Airwear Polypower,Poly,Crizal Easy Pro,Crizal Easy Pro,standard,sim,C/M/V/A/S/R/E,sim,-10.00,+6.50,-6.00,1.00,3.50,absoluto,2389.00,Transitions Gen S
PVC,Kodak,13,Multifocal Digital,Kodak,Kodak Unique UHD,Multifocal Digital,Airwear Polypower,Poly,Optifog,Optifog,standard,sim,C/M/V/A/S/R/E,sim,-10.00,+6.50,-6.00,1.00,3.50,absoluto,2629.00,Transitions Gen S
PVC,Kodak,13,Multifocal Digital,Kodak,Kodak Unique UHD,Multifocal Digital,Airwear Polypower,Poly,No Reflex,No Reflex,standard,sim,C/M/V/A/S/R/E,sim,-10.00,+6.50,-6.00,1.00,3.50,absoluto,2239.00,Transitions Gen S
PVC,Kodak,13,Multifocal Digital,Kodak,Kodak Unique UHD,Multifocal Digital,Airwear Polypower,Poly,Trio Easy Clean,Trio Easy Clean,standard,sim,C/M/V/A/S/R/E,sim,-10.00,+6.50,-6.00,1.00,3.50,absoluto,2189.00,Transitions Gen S
PVC,Kodak,13,Multifocal Digital,Kodak,Kodak Unique UHD,Multifocal Digital,Airwear Polypower,Poly,Verniz HC,Verniz HC,standard,sim,C/M/V/A/S/R/E,sim,-10.00,+6.50,-6.00,1.00,3.50,absoluto,1989.00,Transitions Gen S
PVC,Kodak,13,Multifocal Digital,Kodak,Kodak Unique UHD,Multifocal Digital,Airwear Polypower,Poly,Crizal Prevencia,Crizal Prevencia,standard,sim,C,sim,-10.00,+6.50,-6.00,1.00,3.50,absoluto,3079.00,Transitions Extractive
PVC,Kodak,13,Multifocal Digital,Kodak,Kodak Unique UHD,Multifocal Digital,Airwear Polypower,Poly,Crizal Sapphire HR,Crizal Sapphire HR,standard,sim,C,sim,-10.00,+6.50,-6.00,1.00,3.50,absoluto,3079.00,Transitions Extractive
PVC,Kodak,13,Multifocal Digital,Kodak,Kodak Unique UHD,Multifocal Digital,Airwear Polypower,Poly,Crizal Rock,Crizal Rock,standard,sim,C,sim,-10.00,+6.50,-6.00,1.00,3.50,absoluto,2809.00,Transitions Extractive
PVC,Kodak,13,Multifocal Digital,Kodak,Kodak Unique UHD,Multifocal Digital,Airwear Polypower,Poly,Crizal Easy Pro,Crizal Easy Pro,standard,sim,C,sim,-10.00,+6.50,-6.00,1.00,3.50,absoluto,2459.00,Transitions Extractive
PVC,Kodak,13,Multifocal Digital,Kodak,Kodak Unique UHD,Multifocal Digital,Airwear Polypower,Poly,Optifog,Optifog,standard,sim,C,sim,-10.00,+6.50,-6.00,1.00,3.50,absoluto,2699.00,Transitions Extractive
PVC,Kodak,13,Multifocal Digital,Kodak,Kodak Unique UHD,Multifocal Digital,Airwear Polypower,Poly,No Reflex,No Reflex,standard,sim,C,sim,-10.00,+6.50,-6.00,1.00,3.50,absoluto,2309.00,Transitions Extractive
PVC,Kodak,13,Multifocal Digital,Kodak,Kodak Unique UHD,Multifocal Digital,Airwear Polypower,Poly,Trio Easy Clean,Trio Easy Clean,standard,sim,C,sim,-10.00,+6.50,-6.00,1.00,3.50,absoluto,2259.00,Transitions Extractive
PVC,Kodak,13,Multifocal Digital,Kodak,Kodak Unique UHD,Multifocal Digital,Airwear Polypower,Poly,Verniz HC,Verniz HC,standard,sim,C,sim,-10.00,+6.50,-6.00,1.00,3.50,absoluto,2059.00,Transitions Extractive
PVC,Kodak,13,Multifocal Digital,Kodak,Kodak Unique UHD,Multifocal Digital,Stylis,1.67,Crizal Prevencia,Crizal Prevencia,standard,nao,,sim,-14.00,+8.00,-6.00,1.00,3.50,absoluto,3269.00,
PVC,Kodak,13,Multifocal Digital,Kodak,Kodak Unique UHD,Multifocal Digital,Stylis,1.67,Crizal Sapphire HR,Crizal Sapphire HR,standard,nao,,sim,-14.00,+8.00,-6.00,1.00,3.50,absoluto,3269.00,
PVC,Kodak,13,Multifocal Digital,Kodak,Kodak Unique UHD,Multifocal Digital,Stylis,1.67,Crizal Rock,Crizal Rock,standard,nao,,sim,-14.00,+8.00,-6.00,1.00,3.50,absoluto,2999.00,
PVC,Kodak,13,Multifocal Digital,Kodak,Kodak Unique UHD,Multifocal Digital,Stylis,1.67,Crizal Easy Pro,Crizal Easy Pro,standard,nao,,sim,-14.00,+8.00,-6.00,1.00,3.50,absoluto,2649.00,
PVC,Kodak,13,Multifocal Digital,Kodak,Kodak Unique UHD,Multifocal Digital,Stylis,1.67,Optifog,Optifog,standard,nao,,sim,-14.00,+8.00,-6.00,1.00,3.50,absoluto,2889.00,
PVC,Kodak,13,Multifocal Digital,Kodak,Kodak Unique UHD,Multifocal Digital,Stylis,1.67,No Reflex,No Reflex,standard,nao,,sim,-14.00,+8.00,-6.00,1.00,3.50,absoluto,2499.00,
PVC,Kodak,13,Multifocal Digital,Kodak,Kodak Unique UHD,Multifocal Digital,Stylis,1.67,Trio Easy Clean,Trio Easy Clean,standard,nao,,sim,-14.00,+8.00,-6.00,1.00,3.50,absoluto,2449.00,
PVC,Kodak,13,Multifocal Digital,Kodak,Kodak Unique UHD,Multifocal Digital,Stylis,1.67,Crizal Prevencia,Crizal Prevencia,standard,sim,C/M/V,sim,-14.00,+8.00,-6.00,1.00,3.50,absoluto,4209.00,Transitions Gen S
PVC,Kodak,13,Multifocal Digital,Kodak,Kodak Unique UHD,Multifocal Digital,Stylis,1.67,Crizal Sapphire HR,Crizal Sapphire HR,standard,sim,C/M/V,sim,-14.00,+8.00,-6.00,1.00,3.50,absoluto,4209.00,Transitions Gen S
PVC,Kodak,13,Multifocal Digital,Kodak,Kodak Unique UHD,Multifocal Digital,Stylis,1.67,Crizal Rock,Crizal Rock,standard,sim,C/M/V,sim,-14.00,+8.00,-6.00,1.00,3.50,absoluto,3939.00,Transitions Gen S
PVC,Kodak,13,Multifocal Digital,Kodak,Kodak Unique UHD,Multifocal Digital,Stylis,1.67,Crizal Easy Pro,Crizal Easy Pro,standard,sim,C/M/V,sim,-14.00,+8.00,-6.00,1.00,3.50,absoluto,3589.00,Transitions Gen S
PVC,Kodak,13,Multifocal Digital,Kodak,Kodak Unique UHD,Multifocal Digital,Stylis,1.67,Optifog,Optifog,standard,sim,C/M/V,sim,-14.00,+8.00,-6.00,1.00,3.50,absoluto,3829.00,Transitions Gen S
PVC,Kodak,13,Multifocal Digital,Kodak,Kodak Unique UHD,Multifocal Digital,Stylis,1.67,No Reflex,No Reflex,standard,sim,C/M/V,sim,-14.00,+8.00,-6.00,1.00,3.50,absoluto,3439.00,Transitions Gen S
PVC,Kodak,13,Multifocal Digital,Kodak,Kodak Unique UHD,Multifocal Digital,Stylis,1.67,Trio Easy Clean,Trio Easy Clean,standard,sim,C/M/V,sim,-14.00,+8.00,-6.00,1.00,3.50,absoluto,3389.00,Transitions Gen S
PVC,Kodak,13,Multifocal Digital,Kodak,Kodak Unique UHD,Multifocal Digital,Stylis,1.74,Crizal Sapphire HR,Crizal Sapphire HR,standard,nao,,sim,-18.00,+13.00,-6.00,1.00,3.50,absoluto,4049.00,
PVC,Kodak,13,Multifocal Digital,Kodak,Kodak Unique UHD,Multifocal Digital,Stylis,1.74,Crizal Sapphire HR,Crizal Sapphire HR,standard,sim,C,sim,-18.00,+13.00,-6.00,1.00,3.50,absoluto,4989.00,Transitions Gen S
PVC,Kodak,13,Multifocal Digital,Kodak,Kodak Network UHD,Multifocal Digital,Orma,1.50,Crizal Prevencia,Crizal Prevencia,standard,nao,,sim,-10.25,+5.25,-6.00,1.00,3.50,absoluto,1729.00,Network UHD nao disponivel em Stylis 1.74
PVC,Kodak,13,Multifocal Digital,Kodak,Kodak Network UHD,Multifocal Digital,Orma,1.50,Crizal Sapphire HR,Crizal Sapphire HR,standard,nao,,sim,-10.25,+5.25,-6.00,1.00,3.50,absoluto,1729.00,Network UHD nao disponivel em Stylis 1.74
PVC,Kodak,13,Multifocal Digital,Kodak,Kodak Network UHD,Multifocal Digital,Orma,1.50,Crizal Rock,Crizal Rock,standard,nao,,sim,-10.25,+5.25,-6.00,1.00,3.50,absoluto,1459.00,Network UHD nao disponivel em Stylis 1.74
PVC,Kodak,13,Multifocal Digital,Kodak,Kodak Network UHD,Multifocal Digital,Orma,1.50,Crizal Easy Pro,Crizal Easy Pro,standard,nao,,sim,-10.25,+5.25,-6.00,1.00,3.50,absoluto,1109.00,Network UHD nao disponivel em Stylis 1.74
PVC,Kodak,13,Multifocal Digital,Kodak,Kodak Network UHD,Multifocal Digital,Orma,1.50,Optifog,Optifog,standard,nao,,sim,-10.25,+5.25,-6.00,1.00,3.50,absoluto,1349.00,Network UHD nao disponivel em Stylis 1.74
PVC,Kodak,13,Multifocal Digital,Kodak,Kodak Network UHD,Multifocal Digital,Orma,1.50,No Reflex,No Reflex,standard,nao,,sim,-10.25,+5.25,-6.00,1.00,3.50,absoluto,959.00,Network UHD nao disponivel em Stylis 1.74
PVC,Kodak,13,Multifocal Digital,Kodak,Kodak Network UHD,Multifocal Digital,Orma,1.50,Trio Easy Clean,Trio Easy Clean,standard,nao,,sim,-10.25,+5.25,-6.00,1.00,3.50,absoluto,909.00,Network UHD nao disponivel em Stylis 1.74
PVC,Kodak,13,Multifocal Digital,Kodak,Kodak Network UHD,Multifocal Digital,Orma,1.50,Verniz HC,Verniz HC,standard,nao,,sim,-10.25,+5.25,-6.00,1.00,3.50,absoluto,709.00,Network UHD nao disponivel em Stylis 1.74
PVC,Kodak,13,Multifocal Digital,Kodak,Kodak Network UHD,Multifocal Digital,Orma,1.50,Crizal Prevencia,Crizal Prevencia,standard,nao,,sim,-10.25,+5.25,-6.00,1.00,3.50,absoluto,1869.00,Network UHD nao disponivel em Stylis 1.74; +Blue UV
PVC,Kodak,13,Multifocal Digital,Kodak,Kodak Network UHD,Multifocal Digital,Orma,1.50,Crizal Sapphire HR,Crizal Sapphire HR,standard,nao,,sim,-10.25,+5.25,-6.00,1.00,3.50,absoluto,1869.00,Network UHD nao disponivel em Stylis 1.74; +Blue UV
PVC,Kodak,13,Multifocal Digital,Kodak,Kodak Network UHD,Multifocal Digital,Orma,1.50,Crizal Rock,Crizal Rock,standard,nao,,sim,-10.25,+5.25,-6.00,1.00,3.50,absoluto,1599.00,Network UHD nao disponivel em Stylis 1.74; +Blue UV
PVC,Kodak,13,Multifocal Digital,Kodak,Kodak Network UHD,Multifocal Digital,Orma,1.50,Crizal Easy Pro,Crizal Easy Pro,standard,nao,,sim,-10.25,+5.25,-6.00,1.00,3.50,absoluto,1249.00,Network UHD nao disponivel em Stylis 1.74; +Blue UV
PVC,Kodak,13,Multifocal Digital,Kodak,Kodak Network UHD,Multifocal Digital,Orma,1.50,Optifog,Optifog,standard,nao,,sim,-10.25,+5.25,-6.00,1.00,3.50,absoluto,1489.00,Network UHD nao disponivel em Stylis 1.74; +Blue UV
PVC,Kodak,13,Multifocal Digital,Kodak,Kodak Network UHD,Multifocal Digital,Orma,1.50,No Reflex,No Reflex,standard,nao,,sim,-10.25,+5.25,-6.00,1.00,3.50,absoluto,1099.00,Network UHD nao disponivel em Stylis 1.74; +Blue UV
PVC,Kodak,13,Multifocal Digital,Kodak,Kodak Network UHD,Multifocal Digital,Orma,1.50,Trio Easy Clean,Trio Easy Clean,standard,nao,,sim,-10.25,+5.25,-6.00,1.00,3.50,absoluto,1049.00,Network UHD nao disponivel em Stylis 1.74; +Blue UV
PVC,Kodak,13,Multifocal Digital,Kodak,Kodak Network UHD,Multifocal Digital,Orma,1.50,Verniz HC,Verniz HC,standard,nao,,sim,-10.25,+5.25,-6.00,1.00,3.50,absoluto,849.00,Network UHD nao disponivel em Stylis 1.74; +Blue UV
PVC,Kodak,13,Multifocal Digital,Kodak,Kodak Network UHD,Multifocal Digital,Orma,1.50,Crizal Prevencia,Crizal Prevencia,standard,sim,C/M/V/A/S/R/E,sim,-10.25,+5.25,-6.00,1.00,3.50,absoluto,2669.00,Network UHD nao disponivel em Stylis 1.74; Transitions Gen S
PVC,Kodak,13,Multifocal Digital,Kodak,Kodak Network UHD,Multifocal Digital,Orma,1.50,Crizal Sapphire HR,Crizal Sapphire HR,standard,sim,C/M/V/A/S/R/E,sim,-10.25,+5.25,-6.00,1.00,3.50,absoluto,2669.00,Network UHD nao disponivel em Stylis 1.74; Transitions Gen S
PVC,Kodak,13,Multifocal Digital,Kodak,Kodak Network UHD,Multifocal Digital,Orma,1.50,Crizal Rock,Crizal Rock,standard,sim,C/M/V/A/S/R/E,sim,-10.25,+5.25,-6.00,1.00,3.50,absoluto,2399.00,Network UHD nao disponivel em Stylis 1.74; Transitions Gen S
PVC,Kodak,13,Multifocal Digital,Kodak,Kodak Network UHD,Multifocal Digital,Orma,1.50,Crizal Easy Pro,Crizal Easy Pro,standard,sim,C/M/V/A/S/R/E,sim,-10.25,+5.25,-6.00,1.00,3.50,absoluto,2049.00,Network UHD nao disponivel em Stylis 1.74; Transitions Gen S
PVC,Kodak,13,Multifocal Digital,Kodak,Kodak Network UHD,Multifocal Digital,Orma,1.50,Optifog,Optifog,standard,sim,C/M/V/A/S/R/E,sim,-10.25,+5.25,-6.00,1.00,3.50,absoluto,2289.00,Network UHD nao disponivel em Stylis 1.74; Transitions Gen S
PVC,Kodak,13,Multifocal Digital,Kodak,Kodak Network UHD,Multifocal Digital,Orma,1.50,No Reflex,No Reflex,standard,sim,C/M/V/A/S/R/E,sim,-10.25,+5.25,-6.00,1.00,3.50,absoluto,1899.00,Network UHD nao disponivel em Stylis 1.74; Transitions Gen S
PVC,Kodak,13,Multifocal Digital,Kodak,Kodak Network UHD,Multifocal Digital,Orma,1.50,Trio Easy Clean,Trio Easy Clean,standard,sim,C/M/V/A/S/R/E,sim,-10.25,+5.25,-6.00,1.00,3.50,absoluto,1849.00,Network UHD nao disponivel em Stylis 1.74; Transitions Gen S
PVC,Kodak,13,Multifocal Digital,Kodak,Kodak Network UHD,Multifocal Digital,Orma,1.50,Verniz HC,Verniz HC,standard,sim,C/M/V/A/S/R/E,sim,-10.25,+5.25,-6.00,1.00,3.50,absoluto,1649.00,Network UHD nao disponivel em Stylis 1.74; Transitions Gen S
PVC,Kodak,13,Multifocal Digital,Kodak,Kodak Network UHD,Multifocal Digital,Orma,1.50,Crizal Prevencia,Crizal Prevencia,standard,sim,C,sim,-10.25,+5.25,-6.00,1.00,3.50,absoluto,2739.00,Network UHD nao disponivel em Stylis 1.74; Transitions Extractive
PVC,Kodak,13,Multifocal Digital,Kodak,Kodak Network UHD,Multifocal Digital,Orma,1.50,Crizal Sapphire HR,Crizal Sapphire HR,standard,sim,C,sim,-10.25,+5.25,-6.00,1.00,3.50,absoluto,2739.00,Network UHD nao disponivel em Stylis 1.74; Transitions Extractive
PVC,Kodak,13,Multifocal Digital,Kodak,Kodak Network UHD,Multifocal Digital,Orma,1.50,Crizal Rock,Crizal Rock,standard,sim,C,sim,-10.25,+5.25,-6.00,1.00,3.50,absoluto,2469.00,Network UHD nao disponivel em Stylis 1.74; Transitions Extractive
PVC,Kodak,13,Multifocal Digital,Kodak,Kodak Network UHD,Multifocal Digital,Orma,1.50,Crizal Easy Pro,Crizal Easy Pro,standard,sim,C,sim,-10.25,+5.25,-6.00,1.00,3.50,absoluto,2119.00,Network UHD nao disponivel em Stylis 1.74; Transitions Extractive
PVC,Kodak,13,Multifocal Digital,Kodak,Kodak Network UHD,Multifocal Digital,Orma,1.50,Optifog,Optifog,standard,sim,C,sim,-10.25,+5.25,-6.00,1.00,3.50,absoluto,2359.00,Network UHD nao disponivel em Stylis 1.74; Transitions Extractive
PVC,Kodak,13,Multifocal Digital,Kodak,Kodak Network UHD,Multifocal Digital,Orma,1.50,No Reflex,No Reflex,standard,sim,C,sim,-10.25,+5.25,-6.00,1.00,3.50,absoluto,1969.00,Network UHD nao disponivel em Stylis 1.74; Transitions Extractive
PVC,Kodak,13,Multifocal Digital,Kodak,Kodak Network UHD,Multifocal Digital,Orma,1.50,Trio Easy Clean,Trio Easy Clean,standard,sim,C,sim,-10.25,+5.25,-6.00,1.00,3.50,absoluto,1919.00,Network UHD nao disponivel em Stylis 1.74; Transitions Extractive
PVC,Kodak,13,Multifocal Digital,Kodak,Kodak Network UHD,Multifocal Digital,Orma,1.50,Verniz HC,Verniz HC,standard,sim,C,sim,-10.25,+5.25,-6.00,1.00,3.50,absoluto,1719.00,Network UHD nao disponivel em Stylis 1.74; Transitions Extractive
PVC,Kodak,13,Multifocal Digital,Kodak,Kodak Network UHD,Multifocal Digital,Airwear Polypower,Poly,Crizal Prevencia,Crizal Prevencia,standard,nao,,sim,-10.00,+6.50,-6.00,1.00,3.50,absoluto,1949.00,Network UHD nao disponivel em Stylis 1.74
PVC,Kodak,13,Multifocal Digital,Kodak,Kodak Network UHD,Multifocal Digital,Airwear Polypower,Poly,Crizal Sapphire HR,Crizal Sapphire HR,standard,nao,,sim,-10.00,+6.50,-6.00,1.00,3.50,absoluto,1949.00,Network UHD nao disponivel em Stylis 1.74
PVC,Kodak,13,Multifocal Digital,Kodak,Kodak Network UHD,Multifocal Digital,Airwear Polypower,Poly,Crizal Rock,Crizal Rock,standard,nao,,sim,-10.00,+6.50,-6.00,1.00,3.50,absoluto,1679.00,Network UHD nao disponivel em Stylis 1.74
PVC,Kodak,13,Multifocal Digital,Kodak,Kodak Network UHD,Multifocal Digital,Airwear Polypower,Poly,Crizal Easy Pro,Crizal Easy Pro,standard,nao,,sim,-10.00,+6.50,-6.00,1.00,3.50,absoluto,1329.00,Network UHD nao disponivel em Stylis 1.74
PVC,Kodak,13,Multifocal Digital,Kodak,Kodak Network UHD,Multifocal Digital,Airwear Polypower,Poly,Optifog,Optifog,standard,nao,,sim,-10.00,+6.50,-6.00,1.00,3.50,absoluto,1569.00,Network UHD nao disponivel em Stylis 1.74
PVC,Kodak,13,Multifocal Digital,Kodak,Kodak Network UHD,Multifocal Digital,Airwear Polypower,Poly,No Reflex,No Reflex,standard,nao,,sim,-10.00,+6.50,-6.00,1.00,3.50,absoluto,1179.00,Network UHD nao disponivel em Stylis 1.74
PVC,Kodak,13,Multifocal Digital,Kodak,Kodak Network UHD,Multifocal Digital,Airwear Polypower,Poly,Trio Easy Clean,Trio Easy Clean,standard,nao,,sim,-10.00,+6.50,-6.00,1.00,3.50,absoluto,1129.00,Network UHD nao disponivel em Stylis 1.74
PVC,Kodak,13,Multifocal Digital,Kodak,Kodak Network UHD,Multifocal Digital,Airwear Polypower,Poly,Verniz HC,Verniz HC,standard,nao,,sim,-10.00,+6.50,-6.00,1.00,3.50,absoluto,929.00,Network UHD nao disponivel em Stylis 1.74
PVC,Kodak,13,Multifocal Digital,Kodak,Kodak Network UHD,Multifocal Digital,Airwear Polypower,Poly,Crizal Prevencia,Crizal Prevencia,standard,sim,C/M/V/A/S/R/E,sim,-10.00,+6.50,-6.00,1.00,3.50,absoluto,2889.00,Network UHD nao disponivel em Stylis 1.74; Transitions Gen S
PVC,Kodak,13,Multifocal Digital,Kodak,Kodak Network UHD,Multifocal Digital,Airwear Polypower,Poly,Crizal Sapphire HR,Crizal Sapphire HR,standard,sim,C/M/V/A/S/R/E,sim,-10.00,+6.50,-6.00,1.00,3.50,absoluto,2889.00,Network UHD nao disponivel em Stylis 1.74; Transitions Gen S
PVC,Kodak,13,Multifocal Digital,Kodak,Kodak Network UHD,Multifocal Digital,Airwear Polypower,Poly,Crizal Rock,Crizal Rock,standard,sim,C/M/V/A/S/R/E,sim,-10.00,+6.50,-6.00,1.00,3.50,absoluto,2619.00,Network UHD nao disponivel em Stylis 1.74; Transitions Gen S
PVC,Kodak,13,Multifocal Digital,Kodak,Kodak Network UHD,Multifocal Digital,Airwear Polypower,Poly,Crizal Easy Pro,Crizal Easy Pro,standard,sim,C/M/V/A/S/R/E,sim,-10.00,+6.50,-6.00,1.00,3.50,absoluto,2269.00,Network UHD nao disponivel em Stylis 1.74; Transitions Gen S
PVC,Kodak,13,Multifocal Digital,Kodak,Kodak Network UHD,Multifocal Digital,Airwear Polypower,Poly,Optifog,Optifog,standard,sim,C/M/V/A/S/R/E,sim,-10.00,+6.50,-6.00,1.00,3.50,absoluto,2509.00,Network UHD nao disponivel em Stylis 1.74; Transitions Gen S
PVC,Kodak,13,Multifocal Digital,Kodak,Kodak Network UHD,Multifocal Digital,Airwear Polypower,Poly,No Reflex,No Reflex,standard,sim,C/M/V/A/S/R/E,sim,-10.00,+6.50,-6.00,1.00,3.50,absoluto,2119.00,Network UHD nao disponivel em Stylis 1.74; Transitions Gen S
PVC,Kodak,13,Multifocal Digital,Kodak,Kodak Network UHD,Multifocal Digital,Airwear Polypower,Poly,Trio Easy Clean,Trio Easy Clean,standard,sim,C/M/V/A/S/R/E,sim,-10.00,+6.50,-6.00,1.00,3.50,absoluto,2069.00,Network UHD nao disponivel em Stylis 1.74; Transitions Gen S
PVC,Kodak,13,Multifocal Digital,Kodak,Kodak Network UHD,Multifocal Digital,Airwear Polypower,Poly,Verniz HC,Verniz HC,standard,sim,C/M/V/A/S/R/E,sim,-10.00,+6.50,-6.00,1.00,3.50,absoluto,1869.00,Network UHD nao disponivel em Stylis 1.74; Transitions Gen S
PVC,Kodak,13,Multifocal Digital,Kodak,Kodak Network UHD,Multifocal Digital,Airwear Polypower,Poly,Crizal Prevencia,Crizal Prevencia,standard,sim,C,sim,-10.00,+6.50,-6.00,1.00,3.50,absoluto,2959.00,Network UHD nao disponivel em Stylis 1.74; Transitions Extractive
PVC,Kodak,13,Multifocal Digital,Kodak,Kodak Network UHD,Multifocal Digital,Airwear Polypower,Poly,Crizal Sapphire HR,Crizal Sapphire HR,standard,sim,C,sim,-10.00,+6.50,-6.00,1.00,3.50,absoluto,2959.00,Network UHD nao disponivel em Stylis 1.74; Transitions Extractive
PVC,Kodak,13,Multifocal Digital,Kodak,Kodak Network UHD,Multifocal Digital,Airwear Polypower,Poly,Crizal Rock,Crizal Rock,standard,sim,C,sim,-10.00,+6.50,-6.00,1.00,3.50,absoluto,2689.00,Network UHD nao disponivel em Stylis 1.74; Transitions Extractive
PVC,Kodak,13,Multifocal Digital,Kodak,Kodak Network UHD,Multifocal Digital,Airwear Polypower,Poly,Crizal Easy Pro,Crizal Easy Pro,standard,sim,C,sim,-10.00,+6.50,-6.00,1.00,3.50,absoluto,2339.00,Network UHD nao disponivel em Stylis 1.74; Transitions Extractive
PVC,Kodak,13,Multifocal Digital,Kodak,Kodak Network UHD,Multifocal Digital,Airwear Polypower,Poly,Optifog,Optifog,standard,sim,C,sim,-10.00,+6.50,-6.00,1.00,3.50,absoluto,2579.00,Network UHD nao disponivel em Stylis 1.74; Transitions Extractive
PVC,Kodak,13,Multifocal Digital,Kodak,Kodak Network UHD,Multifocal Digital,Airwear Polypower,Poly,No Reflex,No Reflex,standard,sim,C,sim,-10.00,+6.50,-6.00,1.00,3.50,absoluto,2189.00,Network UHD nao disponivel em Stylis 1.74; Transitions Extractive
PVC,Kodak,13,Multifocal Digital,Kodak,Kodak Network UHD,Multifocal Digital,Airwear Polypower,Poly,Trio Easy Clean,Trio Easy Clean,standard,sim,C,sim,-10.00,+6.50,-6.00,1.00,3.50,absoluto,2139.00,Network UHD nao disponivel em Stylis 1.74; Transitions Extractive
PVC,Kodak,13,Multifocal Digital,Kodak,Kodak Network UHD,Multifocal Digital,Airwear Polypower,Poly,Verniz HC,Verniz HC,standard,sim,C,sim,-10.00,+6.50,-6.00,1.00,3.50,absoluto,1939.00,Network UHD nao disponivel em Stylis 1.74; Transitions Extractive
PVC,Kodak,13,Multifocal Digital,Kodak,Kodak Network UHD,Multifocal Digital,Stylis,1.67,Crizal Prevencia,Crizal Prevencia,standard,nao,,sim,-14.00,+8.00,-6.00,1.00,3.50,absoluto,3149.00,Network UHD nao disponivel em Stylis 1.74
PVC,Kodak,13,Multifocal Digital,Kodak,Kodak Network UHD,Multifocal Digital,Stylis,1.67,Crizal Sapphire HR,Crizal Sapphire HR,standard,nao,,sim,-14.00,+8.00,-6.00,1.00,3.50,absoluto,3149.00,Network UHD nao disponivel em Stylis 1.74
PVC,Kodak,13,Multifocal Digital,Kodak,Kodak Network UHD,Multifocal Digital,Stylis,1.67,Crizal Rock,Crizal Rock,standard,nao,,sim,-14.00,+8.00,-6.00,1.00,3.50,absoluto,2879.00,Network UHD nao disponivel em Stylis 1.74
PVC,Kodak,13,Multifocal Digital,Kodak,Kodak Network UHD,Multifocal Digital,Stylis,1.67,Crizal Easy Pro,Crizal Easy Pro,standard,nao,,sim,-14.00,+8.00,-6.00,1.00,3.50,absoluto,2529.00,Network UHD nao disponivel em Stylis 1.74
PVC,Kodak,13,Multifocal Digital,Kodak,Kodak Network UHD,Multifocal Digital,Stylis,1.67,Optifog,Optifog,standard,nao,,sim,-14.00,+8.00,-6.00,1.00,3.50,absoluto,2769.00,Network UHD nao disponivel em Stylis 1.74
PVC,Kodak,13,Multifocal Digital,Kodak,Kodak Network UHD,Multifocal Digital,Stylis,1.67,No Reflex,No Reflex,standard,nao,,sim,-14.00,+8.00,-6.00,1.00,3.50,absoluto,2379.00,Network UHD nao disponivel em Stylis 1.74
PVC,Kodak,13,Multifocal Digital,Kodak,Kodak Network UHD,Multifocal Digital,Stylis,1.67,Trio Easy Clean,Trio Easy Clean,standard,nao,,sim,-14.00,+8.00,-6.00,1.00,3.50,absoluto,2329.00,Network UHD nao disponivel em Stylis 1.74
PVC,Kodak,13,Multifocal Digital,Kodak,Kodak Network UHD,Multifocal Digital,Stylis,1.67,Crizal Prevencia,Crizal Prevencia,standard,sim,C/M/V,sim,-14.00,+8.00,-6.00,1.00,3.50,absoluto,4089.00,Network UHD nao disponivel em Stylis 1.74; Transitions Gen S
PVC,Kodak,13,Multifocal Digital,Kodak,Kodak Network UHD,Multifocal Digital,Stylis,1.67,Crizal Sapphire HR,Crizal Sapphire HR,standard,sim,C/M/V,sim,-14.00,+8.00,-6.00,1.00,3.50,absoluto,4089.00,Network UHD nao disponivel em Stylis 1.74; Transitions Gen S
PVC,Kodak,13,Multifocal Digital,Kodak,Kodak Network UHD,Multifocal Digital,Stylis,1.67,Crizal Rock,Crizal Rock,standard,sim,C/M/V,sim,-14.00,+8.00,-6.00,1.00,3.50,absoluto,3819.00,Network UHD nao disponivel em Stylis 1.74; Transitions Gen S
PVC,Kodak,13,Multifocal Digital,Kodak,Kodak Network UHD,Multifocal Digital,Stylis,1.67,Crizal Easy Pro,Crizal Easy Pro,standard,sim,C/M/V,sim,-14.00,+8.00,-6.00,1.00,3.50,absoluto,3469.00,Network UHD nao disponivel em Stylis 1.74; Transitions Gen S
PVC,Kodak,13,Multifocal Digital,Kodak,Kodak Network UHD,Multifocal Digital,Stylis,1.67,Optifog,Optifog,standard,sim,C/M/V,sim,-14.00,+8.00,-6.00,1.00,3.50,absoluto,3709.00,Network UHD nao disponivel em Stylis 1.74; Transitions Gen S
PVC,Kodak,13,Multifocal Digital,Kodak,Kodak Network UHD,Multifocal Digital,Stylis,1.67,No Reflex,No Reflex,standard,sim,C/M/V,sim,-14.00,+8.00,-6.00,1.00,3.50,absoluto,3319.00,Network UHD nao disponivel em Stylis 1.74; Transitions Gen S
PVC,Kodak,13,Multifocal Digital,Kodak,Kodak Network UHD,Multifocal Digital,Stylis,1.67,Trio Easy Clean,Trio Easy Clean,standard,sim,C/M/V,sim,-14.00,+8.00,-6.00,1.00,3.50,absoluto,3269.00,Network UHD nao disponivel em Stylis 1.74; Transitions Gen S
PVO,Kodak,13,Multifocal Digital,Kodak,Kodak Unique Infinite,Multifocal Digital,Orma,1.50,Crizal Prevencia,Crizal Prevencia,standard,nao,,sim,-10.00,+5.25,-6.00,1.00,3.50,absoluto,904.00,
PVO,Kodak,13,Multifocal Digital,Kodak,Kodak Unique Infinite,Multifocal Digital,Orma,1.50,Crizal Sapphire HR,Crizal Sapphire HR,standard,nao,,sim,-10.00,+5.25,-6.00,1.00,3.50,absoluto,904.00,
PVO,Kodak,13,Multifocal Digital,Kodak,Kodak Unique Infinite,Multifocal Digital,Orma,1.50,Crizal Rock,Crizal Rock,standard,nao,,sim,-10.00,+5.25,-6.00,1.00,3.50,absoluto,782.00,
PVO,Kodak,13,Multifocal Digital,Kodak,Kodak Unique Infinite,Multifocal Digital,Orma,1.50,Crizal Easy Pro,Crizal Easy Pro,standard,nao,,sim,-10.00,+5.25,-6.00,1.00,3.50,absoluto,620.00,
PVO,Kodak,13,Multifocal Digital,Kodak,Kodak Unique Infinite,Multifocal Digital,Orma,1.50,Optifog,Optifog,standard,nao,,sim,-10.00,+5.25,-6.00,1.00,3.50,absoluto,745.00,
PVO,Kodak,13,Multifocal Digital,Kodak,Kodak Unique Infinite,Multifocal Digital,Orma,1.50,No Reflex,No Reflex,standard,nao,,sim,-10.00,+5.25,-6.00,1.00,3.50,absoluto,551.00,
PVO,Kodak,13,Multifocal Digital,Kodak,Kodak Unique Infinite,Multifocal Digital,Orma,1.50,Trio Easy Clean,Trio Easy Clean,standard,nao,,sim,-10.00,+5.25,-6.00,1.00,3.50,absoluto,545.00,
PVO,Kodak,13,Multifocal Digital,Kodak,Kodak Unique Infinite,Multifocal Digital,Orma,1.50,Verniz HC,Verniz HC,standard,nao,,sim,-10.00,+5.25,-6.00,1.00,3.50,absoluto,439.00,
PVO,Kodak,13,Multifocal Digital,Kodak,Kodak Unique Infinite,Multifocal Digital,Orma,1.50,Crizal Prevencia,Crizal Prevencia,standard,nao,,sim,-10.00,+5.25,-6.00,1.00,3.50,absoluto,969.00,+Blue UV
PVO,Kodak,13,Multifocal Digital,Kodak,Kodak Unique Infinite,Multifocal Digital,Orma,1.50,Crizal Sapphire HR,Crizal Sapphire HR,standard,nao,,sim,-10.00,+5.25,-6.00,1.00,3.50,absoluto,969.00,+Blue UV
PVO,Kodak,13,Multifocal Digital,Kodak,Kodak Unique Infinite,Multifocal Digital,Orma,1.50,Crizal Rock,Crizal Rock,standard,nao,,sim,-10.00,+5.25,-6.00,1.00,3.50,absoluto,847.00,+Blue UV
PVO,Kodak,13,Multifocal Digital,Kodak,Kodak Unique Infinite,Multifocal Digital,Orma,1.50,Crizal Easy Pro,Crizal Easy Pro,standard,nao,,sim,-10.00,+5.25,-6.00,1.00,3.50,absoluto,685.00,+Blue UV
PVO,Kodak,13,Multifocal Digital,Kodak,Kodak Unique Infinite,Multifocal Digital,Orma,1.50,Optifog,Optifog,standard,nao,,sim,-10.00,+5.25,-6.00,1.00,3.50,absoluto,810.00,+Blue UV
PVO,Kodak,13,Multifocal Digital,Kodak,Kodak Unique Infinite,Multifocal Digital,Orma,1.50,No Reflex,No Reflex,standard,nao,,sim,-10.00,+5.25,-6.00,1.00,3.50,absoluto,616.00,+Blue UV
PVO,Kodak,13,Multifocal Digital,Kodak,Kodak Unique Infinite,Multifocal Digital,Orma,1.50,Trio Easy Clean,Trio Easy Clean,standard,nao,,sim,-10.00,+5.25,-6.00,1.00,3.50,absoluto,610.00,+Blue UV
PVO,Kodak,13,Multifocal Digital,Kodak,Kodak Unique Infinite,Multifocal Digital,Orma,1.50,Verniz HC,Verniz HC,standard,nao,,sim,-10.00,+5.25,-6.00,1.00,3.50,absoluto,504.00,+Blue UV
PVO,Kodak,13,Multifocal Digital,Kodak,Kodak Unique Infinite,Multifocal Digital,Orma,1.50,Crizal Prevencia,Crizal Prevencia,standard,sim,C/M/V/A/S/R/E,sim,-10.00,+5.25,-6.00,1.00,3.50,absoluto,1256.00,Transitions Gen S
PVO,Kodak,13,Multifocal Digital,Kodak,Kodak Unique Infinite,Multifocal Digital,Orma,1.50,Crizal Sapphire HR,Crizal Sapphire HR,standard,sim,C/M/V/A/S/R/E,sim,-10.00,+5.25,-6.00,1.00,3.50,absoluto,1256.00,Transitions Gen S
PVO,Kodak,13,Multifocal Digital,Kodak,Kodak Unique Infinite,Multifocal Digital,Orma,1.50,Crizal Rock,Crizal Rock,standard,sim,C/M/V/A/S/R/E,sim,-10.00,+5.25,-6.00,1.00,3.50,absoluto,1134.00,Transitions Gen S
PVO,Kodak,13,Multifocal Digital,Kodak,Kodak Unique Infinite,Multifocal Digital,Orma,1.50,Crizal Easy Pro,Crizal Easy Pro,standard,sim,C/M/V/A/S/R/E,sim,-10.00,+5.25,-6.00,1.00,3.50,absoluto,972.00,Transitions Gen S
PVO,Kodak,13,Multifocal Digital,Kodak,Kodak Unique Infinite,Multifocal Digital,Orma,1.50,Optifog,Optifog,standard,sim,C/M/V/A/S/R/E,sim,-10.00,+5.25,-6.00,1.00,3.50,absoluto,1097.00,Transitions Gen S
PVO,Kodak,13,Multifocal Digital,Kodak,Kodak Unique Infinite,Multifocal Digital,Orma,1.50,No Reflex,No Reflex,standard,sim,C/M/V/A/S/R/E,sim,-10.00,+5.25,-6.00,1.00,3.50,absoluto,903.00,Transitions Gen S
PVO,Kodak,13,Multifocal Digital,Kodak,Kodak Unique Infinite,Multifocal Digital,Orma,1.50,Trio Easy Clean,Trio Easy Clean,standard,sim,C/M/V/A/S/R/E,sim,-10.00,+5.25,-6.00,1.00,3.50,absoluto,897.00,Transitions Gen S
PVO,Kodak,13,Multifocal Digital,Kodak,Kodak Unique Infinite,Multifocal Digital,Orma,1.50,Verniz HC,Verniz HC,standard,sim,C/M/V/A/S/R/E,sim,-10.00,+5.25,-6.00,1.00,3.50,absoluto,791.00,Transitions Gen S
PVO,Kodak,13,Multifocal Digital,Kodak,Kodak Unique Infinite,Multifocal Digital,Orma,1.50,Crizal Prevencia,Crizal Prevencia,standard,sim,C,sim,-10.00,+5.25,-6.00,1.00,3.50,absoluto,1287.00,Transitions Extractive
PVO,Kodak,13,Multifocal Digital,Kodak,Kodak Unique Infinite,Multifocal Digital,Orma,1.50,Crizal Sapphire HR,Crizal Sapphire HR,standard,sim,C,sim,-10.00,+5.25,-6.00,1.00,3.50,absoluto,1287.00,Transitions Extractive
PVO,Kodak,13,Multifocal Digital,Kodak,Kodak Unique Infinite,Multifocal Digital,Orma,1.50,Crizal Rock,Crizal Rock,standard,sim,C,sim,-10.00,+5.25,-6.00,1.00,3.50,absoluto,1165.00,Transitions Extractive
PVO,Kodak,13,Multifocal Digital,Kodak,Kodak Unique Infinite,Multifocal Digital,Orma,1.50,Crizal Easy Pro,Crizal Easy Pro,standard,sim,C,sim,-10.00,+5.25,-6.00,1.00,3.50,absoluto,1003.00,Transitions Extractive
PVO,Kodak,13,Multifocal Digital,Kodak,Kodak Unique Infinite,Multifocal Digital,Orma,1.50,Optifog,Optifog,standard,sim,C,sim,-10.00,+5.25,-6.00,1.00,3.50,absoluto,1128.00,Transitions Extractive
PVO,Kodak,13,Multifocal Digital,Kodak,Kodak Unique Infinite,Multifocal Digital,Orma,1.50,No Reflex,No Reflex,standard,sim,C,sim,-10.00,+5.25,-6.00,1.00,3.50,absoluto,934.00,Transitions Extractive
PVO,Kodak,13,Multifocal Digital,Kodak,Kodak Unique Infinite,Multifocal Digital,Orma,1.50,Trio Easy Clean,Trio Easy Clean,standard,sim,C,sim,-10.00,+5.25,-6.00,1.00,3.50,absoluto,928.00,Transitions Extractive
PVO,Kodak,13,Multifocal Digital,Kodak,Kodak Unique Infinite,Multifocal Digital,Orma,1.50,Verniz HC,Verniz HC,standard,sim,C,sim,-10.00,+5.25,-6.00,1.00,3.50,absoluto,822.00,Transitions Extractive
PVO,Kodak,13,Multifocal Digital,Kodak,Kodak Unique Infinite,Multifocal Digital,Airwear Polypower,Poly,Crizal Prevencia,Crizal Prevencia,standard,nao,,sim,-10.00,+6.50,-6.00,1.00,3.50,absoluto,986.00,
PVO,Kodak,13,Multifocal Digital,Kodak,Kodak Unique Infinite,Multifocal Digital,Airwear Polypower,Poly,Crizal Sapphire HR,Crizal Sapphire HR,standard,nao,,sim,-10.00,+6.50,-6.00,1.00,3.50,absoluto,986.00,
PVO,Kodak,13,Multifocal Digital,Kodak,Kodak Unique Infinite,Multifocal Digital,Airwear Polypower,Poly,Crizal Rock,Crizal Rock,standard,nao,,sim,-10.00,+6.50,-6.00,1.00,3.50,absoluto,864.00,
PVO,Kodak,13,Multifocal Digital,Kodak,Kodak Unique Infinite,Multifocal Digital,Airwear Polypower,Poly,Crizal Easy Pro,Crizal Easy Pro,standard,nao,,sim,-10.00,+6.50,-6.00,1.00,3.50,absoluto,702.00,
PVO,Kodak,13,Multifocal Digital,Kodak,Kodak Unique Infinite,Multifocal Digital,Airwear Polypower,Poly,Optifog,Optifog,standard,nao,,sim,-10.00,+6.50,-6.00,1.00,3.50,absoluto,827.00,
PVO,Kodak,13,Multifocal Digital,Kodak,Kodak Unique Infinite,Multifocal Digital,Airwear Polypower,Poly,No Reflex,No Reflex,standard,nao,,sim,-10.00,+6.50,-6.00,1.00,3.50,absoluto,633.00,
PVO,Kodak,13,Multifocal Digital,Kodak,Kodak Unique Infinite,Multifocal Digital,Airwear Polypower,Poly,Trio Easy Clean,Trio Easy Clean,standard,nao,,sim,-10.00,+6.50,-6.00,1.00,3.50,absoluto,627.00,
PVO,Kodak,13,Multifocal Digital,Kodak,Kodak Unique Infinite,Multifocal Digital,Airwear Polypower,Poly,Verniz HC,Verniz HC,standard,nao,,sim,-10.00,+6.50,-6.00,1.00,3.50,absoluto,521.00,
PVO,Kodak,13,Multifocal Digital,Kodak,Kodak Unique Infinite,Multifocal Digital,Airwear Polypower,Poly,Crizal Prevencia,Crizal Prevencia,standard,sim,C/M/V/A/S/R/E,sim,-10.00,+6.50,-6.00,1.00,3.50,absoluto,1339.00,Transitions Gen S
PVO,Kodak,13,Multifocal Digital,Kodak,Kodak Unique Infinite,Multifocal Digital,Airwear Polypower,Poly,Crizal Sapphire HR,Crizal Sapphire HR,standard,sim,C/M/V/A/S/R/E,sim,-10.00,+6.50,-6.00,1.00,3.50,absoluto,1339.00,Transitions Gen S
PVO,Kodak,13,Multifocal Digital,Kodak,Kodak Unique Infinite,Multifocal Digital,Airwear Polypower,Poly,Crizal Rock,Crizal Rock,standard,sim,C/M/V/A/S/R/E,sim,-10.00,+6.50,-6.00,1.00,3.50,absoluto,1217.00,Transitions Gen S
PVO,Kodak,13,Multifocal Digital,Kodak,Kodak Unique Infinite,Multifocal Digital,Airwear Polypower,Poly,Crizal Easy Pro,Crizal Easy Pro,standard,sim,C/M/V/A/S/R/E,sim,-10.00,+6.50,-6.00,1.00,3.50,absoluto,1055.00,Transitions Gen S
PVO,Kodak,13,Multifocal Digital,Kodak,Kodak Unique Infinite,Multifocal Digital,Airwear Polypower,Poly,Optifog,Optifog,standard,sim,C/M/V/A/S/R/E,sim,-10.00,+6.50,-6.00,1.00,3.50,absoluto,1180.00,Transitions Gen S
PVO,Kodak,13,Multifocal Digital,Kodak,Kodak Unique Infinite,Multifocal Digital,Airwear Polypower,Poly,No Reflex,No Reflex,standard,sim,C/M/V/A/S/R/E,sim,-10.00,+6.50,-6.00,1.00,3.50,absoluto,986.00,Transitions Gen S
PVO,Kodak,13,Multifocal Digital,Kodak,Kodak Unique Infinite,Multifocal Digital,Airwear Polypower,Poly,Trio Easy Clean,Trio Easy Clean,standard,sim,C/M/V/A/S/R/E,sim,-10.00,+6.50,-6.00,1.00,3.50,absoluto,980.00,Transitions Gen S
PVO,Kodak,13,Multifocal Digital,Kodak,Kodak Unique Infinite,Multifocal Digital,Airwear Polypower,Poly,Verniz HC,Verniz HC,standard,sim,C/M/V/A/S/R/E,sim,-10.00,+6.50,-6.00,1.00,3.50,absoluto,874.00,Transitions Gen S
PVO,Kodak,13,Multifocal Digital,Kodak,Kodak Unique Infinite,Multifocal Digital,Airwear Polypower,Poly,Crizal Prevencia,Crizal Prevencia,standard,sim,C,sim,-10.00,+6.50,-6.00,1.00,3.50,absoluto,1369.00,Transitions Extractive
PVO,Kodak,13,Multifocal Digital,Kodak,Kodak Unique Infinite,Multifocal Digital,Airwear Polypower,Poly,Crizal Sapphire HR,Crizal Sapphire HR,standard,sim,C,sim,-10.00,+6.50,-6.00,1.00,3.50,absoluto,1369.00,Transitions Extractive
PVO,Kodak,13,Multifocal Digital,Kodak,Kodak Unique Infinite,Multifocal Digital,Airwear Polypower,Poly,Crizal Rock,Crizal Rock,standard,sim,C,sim,-10.00,+6.50,-6.00,1.00,3.50,absoluto,1247.00,Transitions Extractive
PVO,Kodak,13,Multifocal Digital,Kodak,Kodak Unique Infinite,Multifocal Digital,Airwear Polypower,Poly,Crizal Easy Pro,Crizal Easy Pro,standard,sim,C,sim,-10.00,+6.50,-6.00,1.00,3.50,absoluto,1085.00,Transitions Extractive
PVO,Kodak,13,Multifocal Digital,Kodak,Kodak Unique Infinite,Multifocal Digital,Airwear Polypower,Poly,Optifog,Optifog,standard,sim,C,sim,-10.00,+6.50,-6.00,1.00,3.50,absoluto,1210.00,Transitions Extractive
PVO,Kodak,13,Multifocal Digital,Kodak,Kodak Unique Infinite,Multifocal Digital,Airwear Polypower,Poly,No Reflex,No Reflex,standard,sim,C,sim,-10.00,+6.50,-6.00,1.00,3.50,absoluto,1016.00,Transitions Extractive
PVO,Kodak,13,Multifocal Digital,Kodak,Kodak Unique Infinite,Multifocal Digital,Airwear Polypower,Poly,Trio Easy Clean,Trio Easy Clean,standard,sim,C,sim,-10.00,+6.50,-6.00,1.00,3.50,absoluto,1010.00,Transitions Extractive
PVO,Kodak,13,Multifocal Digital,Kodak,Kodak Unique Infinite,Multifocal Digital,Airwear Polypower,Poly,Verniz HC,Verniz HC,standard,sim,C,sim,-10.00,+6.50,-6.00,1.00,3.50,absoluto,904.00,Transitions Extractive
PVO,Kodak,13,Multifocal Digital,Kodak,Kodak Unique Infinite,Multifocal Digital,Stylis,1.67,Crizal Prevencia,Crizal Prevencia,standard,nao,,sim,-14.00,+8.00,-6.00,1.00,3.50,absoluto,1436.00,
PVO,Kodak,13,Multifocal Digital,Kodak,Kodak Unique Infinite,Multifocal Digital,Stylis,1.67,Crizal Sapphire HR,Crizal Sapphire HR,standard,nao,,sim,-14.00,+8.00,-6.00,1.00,3.50,absoluto,1436.00,
PVO,Kodak,13,Multifocal Digital,Kodak,Kodak Unique Infinite,Multifocal Digital,Stylis,1.67,Crizal Rock,Crizal Rock,standard,nao,,sim,-14.00,+8.00,-6.00,1.00,3.50,absoluto,1314.00,
PVO,Kodak,13,Multifocal Digital,Kodak,Kodak Unique Infinite,Multifocal Digital,Stylis,1.67,Crizal Easy Pro,Crizal Easy Pro,standard,nao,,sim,-14.00,+8.00,-6.00,1.00,3.50,absoluto,1152.00,
PVO,Kodak,13,Multifocal Digital,Kodak,Kodak Unique Infinite,Multifocal Digital,Stylis,1.67,Optifog,Optifog,standard,nao,,sim,-14.00,+8.00,-6.00,1.00,3.50,absoluto,1277.00,
PVO,Kodak,13,Multifocal Digital,Kodak,Kodak Unique Infinite,Multifocal Digital,Stylis,1.67,No Reflex,No Reflex,standard,nao,,sim,-14.00,+8.00,-6.00,1.00,3.50,absoluto,1083.00,
PVO,Kodak,13,Multifocal Digital,Kodak,Kodak Unique Infinite,Multifocal Digital,Stylis,1.67,Trio Easy Clean,Trio Easy Clean,standard,nao,,sim,-14.00,+8.00,-6.00,1.00,3.50,absoluto,1077.00,
PVO,Kodak,13,Multifocal Digital,Kodak,Kodak Unique Infinite,Multifocal Digital,Stylis,1.67,Crizal Prevencia,Crizal Prevencia,standard,sim,C/M/V,sim,-14.00,+8.00,-6.00,1.00,3.50,absoluto,1787.00,Transitions Gen S
PVO,Kodak,13,Multifocal Digital,Kodak,Kodak Unique Infinite,Multifocal Digital,Stylis,1.67,Crizal Sapphire HR,Crizal Sapphire HR,standard,sim,C/M/V,sim,-14.00,+8.00,-6.00,1.00,3.50,absoluto,1787.00,Transitions Gen S
PVO,Kodak,13,Multifocal Digital,Kodak,Kodak Unique Infinite,Multifocal Digital,Stylis,1.67,Crizal Rock,Crizal Rock,standard,sim,C/M/V,sim,-14.00,+8.00,-6.00,1.00,3.50,absoluto,1665.00,Transitions Gen S
PVO,Kodak,13,Multifocal Digital,Kodak,Kodak Unique Infinite,Multifocal Digital,Stylis,1.67,Crizal Easy Pro,Crizal Easy Pro,standard,sim,C/M/V,sim,-14.00,+8.00,-6.00,1.00,3.50,absoluto,1503.00,Transitions Gen S
PVO,Kodak,13,Multifocal Digital,Kodak,Kodak Unique Infinite,Multifocal Digital,Stylis,1.67,Optifog,Optifog,standard,sim,C/M/V,sim,-14.00,+8.00,-6.00,1.00,3.50,absoluto,1628.00,Transitions Gen S
PVO,Kodak,13,Multifocal Digital,Kodak,Kodak Unique Infinite,Multifocal Digital,Stylis,1.67,No Reflex,No Reflex,standard,sim,C/M/V,sim,-14.00,+8.00,-6.00,1.00,3.50,absoluto,1434.00,Transitions Gen S
PVO,Kodak,13,Multifocal Digital,Kodak,Kodak Unique Infinite,Multifocal Digital,Stylis,1.67,Trio Easy Clean,Trio Easy Clean,standard,sim,C/M/V,sim,-14.00,+8.00,-6.00,1.00,3.50,absoluto,1428.00,Transitions Gen S
PVO,Kodak,13,Multifocal Digital,Kodak,Kodak Unique Infinite,Multifocal Digital,Stylis,1.74,Crizal Sapphire HR,Crizal Sapphire HR,standard,nao,,sim,-18.00,+13.00,-6.00,1.00,3.50,absoluto,1754.00,
PVO,Kodak,13,Multifocal Digital,Kodak,Kodak Unique Infinite,Multifocal Digital,Stylis,1.74,Crizal Sapphire HR,Crizal Sapphire HR,standard,sim,C,sim,-18.00,+13.00,-6.00,1.00,3.50,absoluto,2137.00,Transitions Gen S
PVO,Kodak,13,Multifocal Digital,Kodak,Kodak Unique UHD,Multifocal Digital,Orma,1.50,Crizal Prevencia,Crizal Prevencia,standard,nao,,sim,-10.00,+5.25,-6.00,1.00,3.50,absoluto,855.00,
PVO,Kodak,13,Multifocal Digital,Kodak,Kodak Unique UHD,Multifocal Digital,Orma,1.50,Crizal Sapphire HR,Crizal Sapphire HR,standard,nao,,sim,-10.00,+5.25,-6.00,1.00,3.50,absoluto,855.00,
PVO,Kodak,13,Multifocal Digital,Kodak,Kodak Unique UHD,Multifocal Digital,Orma,1.50,Crizal Rock,Crizal Rock,standard,nao,,sim,-10.00,+5.25,-6.00,1.00,3.50,absoluto,733.00,
PVO,Kodak,13,Multifocal Digital,Kodak,Kodak Unique UHD,Multifocal Digital,Orma,1.50,Crizal Easy Pro,Crizal Easy Pro,standard,nao,,sim,-10.00,+5.25,-6.00,1.00,3.50,absoluto,571.00,
PVO,Kodak,13,Multifocal Digital,Kodak,Kodak Unique UHD,Multifocal Digital,Orma,1.50,Optifog,Optifog,standard,nao,,sim,-10.00,+5.25,-6.00,1.00,3.50,absoluto,696.00,
PVO,Kodak,13,Multifocal Digital,Kodak,Kodak Unique UHD,Multifocal Digital,Orma,1.50,No Reflex,No Reflex,standard,nao,,sim,-10.00,+5.25,-6.00,1.00,3.50,absoluto,502.00,
PVO,Kodak,13,Multifocal Digital,Kodak,Kodak Unique UHD,Multifocal Digital,Orma,1.50,Trio Easy Clean,Trio Easy Clean,standard,nao,,sim,-10.00,+5.25,-6.00,1.00,3.50,absoluto,496.00,
PVO,Kodak,13,Multifocal Digital,Kodak,Kodak Unique UHD,Multifocal Digital,Orma,1.50,Verniz HC,Verniz HC,standard,nao,,sim,-10.00,+5.25,-6.00,1.00,3.50,absoluto,390.00,
PVO,Kodak,13,Multifocal Digital,Kodak,Kodak Unique UHD,Multifocal Digital,Orma,1.50,Crizal Prevencia,Crizal Prevencia,standard,nao,,sim,-10.00,+5.25,-6.00,1.00,3.50,absoluto,923.00,+Blue UV
PVO,Kodak,13,Multifocal Digital,Kodak,Kodak Unique UHD,Multifocal Digital,Orma,1.50,Crizal Sapphire HR,Crizal Sapphire HR,standard,nao,,sim,-10.00,+5.25,-6.00,1.00,3.50,absoluto,923.00,+Blue UV
PVO,Kodak,13,Multifocal Digital,Kodak,Kodak Unique UHD,Multifocal Digital,Orma,1.50,Crizal Rock,Crizal Rock,standard,nao,,sim,-10.00,+5.25,-6.00,1.00,3.50,absoluto,801.00,+Blue UV
PVO,Kodak,13,Multifocal Digital,Kodak,Kodak Unique UHD,Multifocal Digital,Orma,1.50,Crizal Easy Pro,Crizal Easy Pro,standard,nao,,sim,-10.00,+5.25,-6.00,1.00,3.50,absoluto,639.00,+Blue UV
PVO,Kodak,13,Multifocal Digital,Kodak,Kodak Unique UHD,Multifocal Digital,Orma,1.50,Optifog,Optifog,standard,nao,,sim,-10.00,+5.25,-6.00,1.00,3.50,absoluto,764.00,+Blue UV
PVO,Kodak,13,Multifocal Digital,Kodak,Kodak Unique UHD,Multifocal Digital,Orma,1.50,No Reflex,No Reflex,standard,nao,,sim,-10.00,+5.25,-6.00,1.00,3.50,absoluto,570.00,+Blue UV
PVO,Kodak,13,Multifocal Digital,Kodak,Kodak Unique UHD,Multifocal Digital,Orma,1.50,Trio Easy Clean,Trio Easy Clean,standard,nao,,sim,-10.00,+5.25,-6.00,1.00,3.50,absoluto,564.00,+Blue UV
PVO,Kodak,13,Multifocal Digital,Kodak,Kodak Unique UHD,Multifocal Digital,Orma,1.50,Verniz HC,Verniz HC,standard,nao,,sim,-10.00,+5.25,-6.00,1.00,3.50,absoluto,458.00,+Blue UV
PVO,Kodak,13,Multifocal Digital,Kodak,Kodak Unique UHD,Multifocal Digital,Orma,1.50,Crizal Prevencia,Crizal Prevencia,standard,sim,C/M/V/A/S/R/E,sim,-10.00,+5.25,-6.00,1.00,3.50,absoluto,1207.00,Transitions Gen S
PVO,Kodak,13,Multifocal Digital,Kodak,Kodak Unique UHD,Multifocal Digital,Orma,1.50,Crizal Sapphire HR,Crizal Sapphire HR,standard,sim,C/M/V/A/S/R/E,sim,-10.00,+5.25,-6.00,1.00,3.50,absoluto,1207.00,Transitions Gen S
PVO,Kodak,13,Multifocal Digital,Kodak,Kodak Unique UHD,Multifocal Digital,Orma,1.50,Crizal Rock,Crizal Rock,standard,sim,C/M/V/A/S/R/E,sim,-10.00,+5.25,-6.00,1.00,3.50,absoluto,1085.00,Transitions Gen S
PVO,Kodak,13,Multifocal Digital,Kodak,Kodak Unique UHD,Multifocal Digital,Orma,1.50,Crizal Easy Pro,Crizal Easy Pro,standard,sim,C/M/V/A/S/R/E,sim,-10.00,+5.25,-6.00,1.00,3.50,absoluto,923.00,Transitions Gen S
PVO,Kodak,13,Multifocal Digital,Kodak,Kodak Unique UHD,Multifocal Digital,Orma,1.50,Optifog,Optifog,standard,sim,C/M/V/A/S/R/E,sim,-10.00,+5.25,-6.00,1.00,3.50,absoluto,1048.00,Transitions Gen S
PVO,Kodak,13,Multifocal Digital,Kodak,Kodak Unique UHD,Multifocal Digital,Orma,1.50,No Reflex,No Reflex,standard,sim,C/M/V/A/S/R/E,sim,-10.00,+5.25,-6.00,1.00,3.50,absoluto,854.00,Transitions Gen S
PVO,Kodak,13,Multifocal Digital,Kodak,Kodak Unique UHD,Multifocal Digital,Orma,1.50,Trio Easy Clean,Trio Easy Clean,standard,sim,C/M/V/A/S/R/E,sim,-10.00,+5.25,-6.00,1.00,3.50,absoluto,848.00,Transitions Gen S
PVO,Kodak,13,Multifocal Digital,Kodak,Kodak Unique UHD,Multifocal Digital,Orma,1.50,Verniz HC,Verniz HC,standard,sim,C/M/V/A/S/R/E,sim,-10.00,+5.25,-6.00,1.00,3.50,absoluto,742.00,Transitions Gen S
PVO,Kodak,13,Multifocal Digital,Kodak,Kodak Unique UHD,Multifocal Digital,Orma,1.50,Crizal Prevencia,Crizal Prevencia,standard,sim,C,sim,-10.00,+5.25,-6.00,1.00,3.50,absoluto,1238.00,Transitions Extractive
PVO,Kodak,13,Multifocal Digital,Kodak,Kodak Unique UHD,Multifocal Digital,Orma,1.50,Crizal Sapphire HR,Crizal Sapphire HR,standard,sim,C,sim,-10.00,+5.25,-6.00,1.00,3.50,absoluto,1238.00,Transitions Extractive
PVO,Kodak,13,Multifocal Digital,Kodak,Kodak Unique UHD,Multifocal Digital,Orma,1.50,Crizal Rock,Crizal Rock,standard,sim,C,sim,-10.00,+5.25,-6.00,1.00,3.50,absoluto,1116.00,Transitions Extractive
PVO,Kodak,13,Multifocal Digital,Kodak,Kodak Unique UHD,Multifocal Digital,Orma,1.50,Crizal Easy Pro,Crizal Easy Pro,standard,sim,C,sim,-10.00,+5.25,-6.00,1.00,3.50,absoluto,954.00,Transitions Extractive
PVO,Kodak,13,Multifocal Digital,Kodak,Kodak Unique UHD,Multifocal Digital,Orma,1.50,Optifog,Optifog,standard,sim,C,sim,-10.00,+5.25,-6.00,1.00,3.50,absoluto,1079.00,Transitions Extractive
PVO,Kodak,13,Multifocal Digital,Kodak,Kodak Unique UHD,Multifocal Digital,Orma,1.50,No Reflex,No Reflex,standard,sim,C,sim,-10.00,+5.25,-6.00,1.00,3.50,absoluto,885.00,Transitions Extractive
PVO,Kodak,13,Multifocal Digital,Kodak,Kodak Unique UHD,Multifocal Digital,Orma,1.50,Trio Easy Clean,Trio Easy Clean,standard,sim,C,sim,-10.00,+5.25,-6.00,1.00,3.50,absoluto,879.00,Transitions Extractive
PVO,Kodak,13,Multifocal Digital,Kodak,Kodak Unique UHD,Multifocal Digital,Orma,1.50,Verniz HC,Verniz HC,standard,sim,C,sim,-10.00,+5.25,-6.00,1.00,3.50,absoluto,773.00,Transitions Extractive
PVO,Kodak,13,Multifocal Digital,Kodak,Kodak Unique UHD,Multifocal Digital,Airwear Polypower,Poly,Crizal Prevencia,Crizal Prevencia,standard,nao,,sim,-10.00,+6.50,-6.00,1.00,3.50,absoluto,937.00,
PVO,Kodak,13,Multifocal Digital,Kodak,Kodak Unique UHD,Multifocal Digital,Airwear Polypower,Poly,Crizal Sapphire HR,Crizal Sapphire HR,standard,nao,,sim,-10.00,+6.50,-6.00,1.00,3.50,absoluto,937.00,
PVO,Kodak,13,Multifocal Digital,Kodak,Kodak Unique UHD,Multifocal Digital,Airwear Polypower,Poly,Crizal Rock,Crizal Rock,standard,nao,,sim,-10.00,+6.50,-6.00,1.00,3.50,absoluto,815.00,
PVO,Kodak,13,Multifocal Digital,Kodak,Kodak Unique UHD,Multifocal Digital,Airwear Polypower,Poly,Crizal Easy Pro,Crizal Easy Pro,standard,nao,,sim,-10.00,+6.50,-6.00,1.00,3.50,absoluto,653.00,
PVO,Kodak,13,Multifocal Digital,Kodak,Kodak Unique UHD,Multifocal Digital,Airwear Polypower,Poly,Optifog,Optifog,standard,nao,,sim,-10.00,+6.50,-6.00,1.00,3.50,absoluto,778.00,
PVO,Kodak,13,Multifocal Digital,Kodak,Kodak Unique UHD,Multifocal Digital,Airwear Polypower,Poly,No Reflex,No Reflex,standard,nao,,sim,-10.00,+6.50,-6.00,1.00,3.50,absoluto,584.00,
PVO,Kodak,13,Multifocal Digital,Kodak,Kodak Unique UHD,Multifocal Digital,Airwear Polypower,Poly,Trio Easy Clean,Trio Easy Clean,standard,nao,,sim,-10.00,+6.50,-6.00,1.00,3.50,absoluto,578.00,
PVO,Kodak,13,Multifocal Digital,Kodak,Kodak Unique UHD,Multifocal Digital,Airwear Polypower,Poly,Verniz HC,Verniz HC,standard,nao,,sim,-10.00,+6.50,-6.00,1.00,3.50,absoluto,472.00,
PVO,Kodak,13,Multifocal Digital,Kodak,Kodak Unique UHD,Multifocal Digital,Airwear Polypower,Poly,Crizal Prevencia,Crizal Prevencia,standard,sim,C/M/V/A/S/R/E,sim,-10.00,+6.50,-6.00,1.00,3.50,absoluto,1290.00,Transitions Gen S
PVO,Kodak,13,Multifocal Digital,Kodak,Kodak Unique UHD,Multifocal Digital,Airwear Polypower,Poly,Crizal Sapphire HR,Crizal Sapphire HR,standard,sim,C/M/V/A/S/R/E,sim,-10.00,+6.50,-6.00,1.00,3.50,absoluto,1290.00,Transitions Gen S
PVO,Kodak,13,Multifocal Digital,Kodak,Kodak Unique UHD,Multifocal Digital,Airwear Polypower,Poly,Crizal Rock,Crizal Rock,standard,sim,C/M/V/A/S/R/E,sim,-10.00,+6.50,-6.00,1.00,3.50,absoluto,1168.00,Transitions Gen S
PVO,Kodak,13,Multifocal Digital,Kodak,Kodak Unique UHD,Multifocal Digital,Airwear Polypower,Poly,Crizal Easy Pro,Crizal Easy Pro,standard,sim,C/M/V/A/S/R/E,sim,-10.00,+6.50,-6.00,1.00,3.50,absoluto,1006.00,Transitions Gen S
PVO,Kodak,13,Multifocal Digital,Kodak,Kodak Unique UHD,Multifocal Digital,Airwear Polypower,Poly,Optifog,Optifog,standard,sim,C/M/V/A/S/R/E,sim,-10.00,+6.50,-6.00,1.00,3.50,absoluto,1131.00,Transitions Gen S
PVO,Kodak,13,Multifocal Digital,Kodak,Kodak Unique UHD,Multifocal Digital,Airwear Polypower,Poly,No Reflex,No Reflex,standard,sim,C/M/V/A/S/R/E,sim,-10.00,+6.50,-6.00,1.00,3.50,absoluto,937.00,Transitions Gen S
PVO,Kodak,13,Multifocal Digital,Kodak,Kodak Unique UHD,Multifocal Digital,Airwear Polypower,Poly,Trio Easy Clean,Trio Easy Clean,standard,sim,C/M/V/A/S/R/E,sim,-10.00,+6.50,-6.00,1.00,3.50,absoluto,931.00,Transitions Gen S
PVO,Kodak,13,Multifocal Digital,Kodak,Kodak Unique UHD,Multifocal Digital,Airwear Polypower,Poly,Verniz HC,Verniz HC,standard,sim,C/M/V/A/S/R/E,sim,-10.00,+6.50,-6.00,1.00,3.50,absoluto,825.00,Transitions Gen S
PVO,Kodak,13,Multifocal Digital,Kodak,Kodak Unique UHD,Multifocal Digital,Airwear Polypower,Poly,Crizal Prevencia,Crizal Prevencia,standard,sim,C,sim,-10.00,+6.50,-6.00,1.00,3.50,absoluto,1321.00,Transitions Extractive
PVO,Kodak,13,Multifocal Digital,Kodak,Kodak Unique UHD,Multifocal Digital,Airwear Polypower,Poly,Crizal Sapphire HR,Crizal Sapphire HR,standard,sim,C,sim,-10.00,+6.50,-6.00,1.00,3.50,absoluto,1321.00,Transitions Extractive
PVO,Kodak,13,Multifocal Digital,Kodak,Kodak Unique UHD,Multifocal Digital,Airwear Polypower,Poly,Crizal Rock,Crizal Rock,standard,sim,C,sim,-10.00,+6.50,-6.00,1.00,3.50,absoluto,1199.00,Transitions Extractive
PVO,Kodak,13,Multifocal Digital,Kodak,Kodak Unique UHD,Multifocal Digital,Airwear Polypower,Poly,Crizal Easy Pro,Crizal Easy Pro,standard,sim,C,sim,-10.00,+6.50,-6.00,1.00,3.50,absoluto,1037.00,Transitions Extractive
PVO,Kodak,13,Multifocal Digital,Kodak,Kodak Unique UHD,Multifocal Digital,Airwear Polypower,Poly,Optifog,Optifog,standard,sim,C,sim,-10.00,+6.50,-6.00,1.00,3.50,absoluto,1162.00,Transitions Extractive
PVO,Kodak,13,Multifocal Digital,Kodak,Kodak Unique UHD,Multifocal Digital,Airwear Polypower,Poly,No Reflex,No Reflex,standard,sim,C,sim,-10.00,+6.50,-6.00,1.00,3.50,absoluto,968.00,Transitions Extractive
PVO,Kodak,13,Multifocal Digital,Kodak,Kodak Unique UHD,Multifocal Digital,Airwear Polypower,Poly,Trio Easy Clean,Trio Easy Clean,standard,sim,C,sim,-10.00,+6.50,-6.00,1.00,3.50,absoluto,962.00,Transitions Extractive
PVO,Kodak,13,Multifocal Digital,Kodak,Kodak Unique UHD,Multifocal Digital,Airwear Polypower,Poly,Verniz HC,Verniz HC,standard,sim,C,sim,-10.00,+6.50,-6.00,1.00,3.50,absoluto,856.00,Transitions Extractive
PVO,Kodak,13,Multifocal Digital,Kodak,Kodak Unique UHD,Multifocal Digital,Stylis,1.67,Crizal Prevencia,Crizal Prevencia,standard,nao,,sim,-14.00,+8.00,-6.00,1.00,3.50,absoluto,1387.00,
PVO,Kodak,13,Multifocal Digital,Kodak,Kodak Unique UHD,Multifocal Digital,Stylis,1.67,Crizal Sapphire HR,Crizal Sapphire HR,standard,nao,,sim,-14.00,+8.00,-6.00,1.00,3.50,absoluto,1387.00,
PVO,Kodak,13,Multifocal Digital,Kodak,Kodak Unique UHD,Multifocal Digital,Stylis,1.67,Crizal Rock,Crizal Rock,standard,nao,,sim,-14.00,+8.00,-6.00,1.00,3.50,absoluto,1265.00,
PVO,Kodak,13,Multifocal Digital,Kodak,Kodak Unique UHD,Multifocal Digital,Stylis,1.67,Crizal Easy Pro,Crizal Easy Pro,standard,nao,,sim,-14.00,+8.00,-6.00,1.00,3.50,absoluto,1103.00,
PVO,Kodak,13,Multifocal Digital,Kodak,Kodak Unique UHD,Multifocal Digital,Stylis,1.67,Optifog,Optifog,standard,nao,,sim,-14.00,+8.00,-6.00,1.00,3.50,absoluto,1228.00,
PVO,Kodak,13,Multifocal Digital,Kodak,Kodak Unique UHD,Multifocal Digital,Stylis,1.67,No Reflex,No Reflex,standard,nao,,sim,-14.00,+8.00,-6.00,1.00,3.50,absoluto,1034.00,
PVO,Kodak,13,Multifocal Digital,Kodak,Kodak Unique UHD,Multifocal Digital,Stylis,1.67,Trio Easy Clean,Trio Easy Clean,standard,nao,,sim,-14.00,+8.00,-6.00,1.00,3.50,absoluto,1028.00,
PVO,Kodak,13,Multifocal Digital,Kodak,Kodak Unique UHD,Multifocal Digital,Stylis,1.67,Crizal Prevencia,Crizal Prevencia,standard,sim,C/M/V,sim,-14.00,+8.00,-6.00,1.00,3.50,absoluto,1738.00,Transitions Gen S
PVO,Kodak,13,Multifocal Digital,Kodak,Kodak Unique UHD,Multifocal Digital,Stylis,1.67,Crizal Sapphire HR,Crizal Sapphire HR,standard,sim,C/M/V,sim,-14.00,+8.00,-6.00,1.00,3.50,absoluto,1738.00,Transitions Gen S
PVO,Kodak,13,Multifocal Digital,Kodak,Kodak Unique UHD,Multifocal Digital,Stylis,1.67,Crizal Rock,Crizal Rock,standard,sim,C/M/V,sim,-14.00,+8.00,-6.00,1.00,3.50,absoluto,1616.00,Transitions Gen S
PVO,Kodak,13,Multifocal Digital,Kodak,Kodak Unique UHD,Multifocal Digital,Stylis,1.67,Crizal Easy Pro,Crizal Easy Pro,standard,sim,C/M/V,sim,-14.00,+8.00,-6.00,1.00,3.50,absoluto,1454.00,Transitions Gen S
PVO,Kodak,13,Multifocal Digital,Kodak,Kodak Unique UHD,Multifocal Digital,Stylis,1.67,Optifog,Optifog,standard,sim,C/M/V,sim,-14.00,+8.00,-6.00,1.00,3.50,absoluto,1579.00,Transitions Gen S
PVO,Kodak,13,Multifocal Digital,Kodak,Kodak Unique UHD,Multifocal Digital,Stylis,1.67,No Reflex,No Reflex,standard,sim,C/M/V,sim,-14.00,+8.00,-6.00,1.00,3.50,absoluto,1385.00,Transitions Gen S
PVO,Kodak,13,Multifocal Digital,Kodak,Kodak Unique UHD,Multifocal Digital,Stylis,1.67,Trio Easy Clean,Trio Easy Clean,standard,sim,C/M/V,sim,-14.00,+8.00,-6.00,1.00,3.50,absoluto,1379.00,Transitions Gen S
PVO,Kodak,13,Multifocal Digital,Kodak,Kodak Unique UHD,Multifocal Digital,Stylis,1.74,Crizal Sapphire HR,Crizal Sapphire HR,standard,nao,,sim,-18.00,+13.00,-6.00,1.00,3.50,absoluto,1701.00,
PVO,Kodak,13,Multifocal Digital,Kodak,Kodak Unique UHD,Multifocal Digital,Stylis,1.74,Crizal Sapphire HR,Crizal Sapphire HR,standard,sim,C,sim,-18.00,+13.00,-6.00,1.00,3.50,absoluto,2084.00,Transitions Gen S
PVO,Kodak,13,Multifocal Digital,Kodak,Kodak Network UHD,Multifocal Digital,Orma,1.50,Crizal Prevencia,Crizal Prevencia,standard,nao,,sim,-10.25,+5.25,-6.00,1.00,3.50,absoluto,820.00,Network UHD nao disponivel em Stylis 1.74
PVO,Kodak,13,Multifocal Digital,Kodak,Kodak Network UHD,Multifocal Digital,Orma,1.50,Crizal Sapphire HR,Crizal Sapphire HR,standard,nao,,sim,-10.25,+5.25,-6.00,1.00,3.50,absoluto,820.00,Network UHD nao disponivel em Stylis 1.74
PVO,Kodak,13,Multifocal Digital,Kodak,Kodak Network UHD,Multifocal Digital,Orma,1.50,Crizal Rock,Crizal Rock,standard,nao,,sim,-10.25,+5.25,-6.00,1.00,3.50,absoluto,698.00,Network UHD nao disponivel em Stylis 1.74
PVO,Kodak,13,Multifocal Digital,Kodak,Kodak Network UHD,Multifocal Digital,Orma,1.50,Crizal Easy Pro,Crizal Easy Pro,standard,nao,,sim,-10.25,+5.25,-6.00,1.00,3.50,absoluto,536.00,Network UHD nao disponivel em Stylis 1.74
PVO,Kodak,13,Multifocal Digital,Kodak,Kodak Network UHD,Multifocal Digital,Orma,1.50,Optifog,Optifog,standard,nao,,sim,-10.25,+5.25,-6.00,1.00,3.50,absoluto,661.00,Network UHD nao disponivel em Stylis 1.74
PVO,Kodak,13,Multifocal Digital,Kodak,Kodak Network UHD,Multifocal Digital,Orma,1.50,No Reflex,No Reflex,standard,nao,,sim,-10.25,+5.25,-6.00,1.00,3.50,absoluto,467.00,Network UHD nao disponivel em Stylis 1.74
PVO,Kodak,13,Multifocal Digital,Kodak,Kodak Network UHD,Multifocal Digital,Orma,1.50,Trio Easy Clean,Trio Easy Clean,standard,nao,,sim,-10.25,+5.25,-6.00,1.00,3.50,absoluto,461.00,Network UHD nao disponivel em Stylis 1.74
PVO,Kodak,13,Multifocal Digital,Kodak,Kodak Network UHD,Multifocal Digital,Orma,1.50,Verniz HC,Verniz HC,standard,nao,,sim,-10.25,+5.25,-6.00,1.00,3.50,absoluto,355.00,Network UHD nao disponivel em Stylis 1.74
PVO,Kodak,13,Multifocal Digital,Kodak,Kodak Network UHD,Multifocal Digital,Orma,1.50,Crizal Prevencia,Crizal Prevencia,standard,nao,,sim,-10.25,+5.25,-6.00,1.00,3.50,absoluto,892.00,Network UHD nao disponivel em Stylis 1.74; +Blue UV
PVO,Kodak,13,Multifocal Digital,Kodak,Kodak Network UHD,Multifocal Digital,Orma,1.50,Crizal Sapphire HR,Crizal Sapphire HR,standard,nao,,sim,-10.25,+5.25,-6.00,1.00,3.50,absoluto,892.00,Network UHD nao disponivel em Stylis 1.74; +Blue UV
PVO,Kodak,13,Multifocal Digital,Kodak,Kodak Network UHD,Multifocal Digital,Orma,1.50,Crizal Rock,Crizal Rock,standard,nao,,sim,-10.25,+5.25,-6.00,1.00,3.50,absoluto,770.00,Network UHD nao disponivel em Stylis 1.74; +Blue UV
PVO,Kodak,13,Multifocal Digital,Kodak,Kodak Network UHD,Multifocal Digital,Orma,1.50,Crizal Easy Pro,Crizal Easy Pro,standard,nao,,sim,-10.25,+5.25,-6.00,1.00,3.50,absoluto,608.00,Network UHD nao disponivel em Stylis 1.74; +Blue UV
PVO,Kodak,13,Multifocal Digital,Kodak,Kodak Network UHD,Multifocal Digital,Orma,1.50,Optifog,Optifog,standard,nao,,sim,-10.25,+5.25,-6.00,1.00,3.50,absoluto,733.00,Network UHD nao disponivel em Stylis 1.74; +Blue UV
PVO,Kodak,13,Multifocal Digital,Kodak,Kodak Network UHD,Multifocal Digital,Orma,1.50,No Reflex,No Reflex,standard,nao,,sim,-10.25,+5.25,-6.00,1.00,3.50,absoluto,539.00,Network UHD nao disponivel em Stylis 1.74; +Blue UV
PVO,Kodak,13,Multifocal Digital,Kodak,Kodak Network UHD,Multifocal Digital,Orma,1.50,Trio Easy Clean,Trio Easy Clean,standard,nao,,sim,-10.25,+5.25,-6.00,1.00,3.50,absoluto,533.00,Network UHD nao disponivel em Stylis 1.74; +Blue UV
PVO,Kodak,13,Multifocal Digital,Kodak,Kodak Network UHD,Multifocal Digital,Orma,1.50,Verniz HC,Verniz HC,standard,nao,,sim,-10.25,+5.25,-6.00,1.00,3.50,absoluto,427.00,Network UHD nao disponivel em Stylis 1.74; +Blue UV
PVO,Kodak,13,Multifocal Digital,Kodak,Kodak Network UHD,Multifocal Digital,Orma,1.50,Crizal Prevencia,Crizal Prevencia,standard,sim,C/M/V/A/S/R/E,sim,-10.25,+5.25,-6.00,1.00,3.50,absoluto,1172.00,Network UHD nao disponivel em Stylis 1.74; Transitions Gen S
PVO,Kodak,13,Multifocal Digital,Kodak,Kodak Network UHD,Multifocal Digital,Orma,1.50,Crizal Sapphire HR,Crizal Sapphire HR,standard,sim,C/M/V/A/S/R/E,sim,-10.25,+5.25,-6.00,1.00,3.50,absoluto,1172.00,Network UHD nao disponivel em Stylis 1.74; Transitions Gen S
PVO,Kodak,13,Multifocal Digital,Kodak,Kodak Network UHD,Multifocal Digital,Orma,1.50,Crizal Rock,Crizal Rock,standard,sim,C/M/V/A/S/R/E,sim,-10.25,+5.25,-6.00,1.00,3.50,absoluto,1050.00,Network UHD nao disponivel em Stylis 1.74; Transitions Gen S
PVO,Kodak,13,Multifocal Digital,Kodak,Kodak Network UHD,Multifocal Digital,Orma,1.50,Crizal Easy Pro,Crizal Easy Pro,standard,sim,C/M/V/A/S/R/E,sim,-10.25,+5.25,-6.00,1.00,3.50,absoluto,888.00,Network UHD nao disponivel em Stylis 1.74; Transitions Gen S
PVO,Kodak,13,Multifocal Digital,Kodak,Kodak Network UHD,Multifocal Digital,Orma,1.50,Optifog,Optifog,standard,sim,C/M/V/A/S/R/E,sim,-10.25,+5.25,-6.00,1.00,3.50,absoluto,1013.00,Network UHD nao disponivel em Stylis 1.74; Transitions Gen S
PVO,Kodak,13,Multifocal Digital,Kodak,Kodak Network UHD,Multifocal Digital,Orma,1.50,No Reflex,No Reflex,standard,sim,C/M/V/A/S/R/E,sim,-10.25,+5.25,-6.00,1.00,3.50,absoluto,819.00,Network UHD nao disponivel em Stylis 1.74; Transitions Gen S
PVO,Kodak,13,Multifocal Digital,Kodak,Kodak Network UHD,Multifocal Digital,Orma,1.50,Trio Easy Clean,Trio Easy Clean,standard,sim,C/M/V/A/S/R/E,sim,-10.25,+5.25,-6.00,1.00,3.50,absoluto,813.00,Network UHD nao disponivel em Stylis 1.74; Transitions Gen S
PVO,Kodak,13,Multifocal Digital,Kodak,Kodak Network UHD,Multifocal Digital,Orma,1.50,Verniz HC,Verniz HC,standard,sim,C/M/V/A/S/R/E,sim,-10.25,+5.25,-6.00,1.00,3.50,absoluto,707.00,Network UHD nao disponivel em Stylis 1.74; Transitions Gen S
PVO,Kodak,13,Multifocal Digital,Kodak,Kodak Network UHD,Multifocal Digital,Orma,1.50,Crizal Prevencia,Crizal Prevencia,standard,sim,C,sim,-10.25,+5.25,-6.00,1.00,3.50,absoluto,1202.00,Network UHD nao disponivel em Stylis 1.74; Transitions Extractive
PVO,Kodak,13,Multifocal Digital,Kodak,Kodak Network UHD,Multifocal Digital,Orma,1.50,Crizal Sapphire HR,Crizal Sapphire HR,standard,sim,C,sim,-10.25,+5.25,-6.00,1.00,3.50,absoluto,1202.00,Network UHD nao disponivel em Stylis 1.74; Transitions Extractive
PVO,Kodak,13,Multifocal Digital,Kodak,Kodak Network UHD,Multifocal Digital,Orma,1.50,Crizal Rock,Crizal Rock,standard,sim,C,sim,-10.25,+5.25,-6.00,1.00,3.50,absoluto,1080.00,Network UHD nao disponivel em Stylis 1.74; Transitions Extractive
PVO,Kodak,13,Multifocal Digital,Kodak,Kodak Network UHD,Multifocal Digital,Orma,1.50,Crizal Easy Pro,Crizal Easy Pro,standard,sim,C,sim,-10.25,+5.25,-6.00,1.00,3.50,absoluto,918.00,Network UHD nao disponivel em Stylis 1.74; Transitions Extractive
PVO,Kodak,13,Multifocal Digital,Kodak,Kodak Network UHD,Multifocal Digital,Orma,1.50,Optifog,Optifog,standard,sim,C,sim,-10.25,+5.25,-6.00,1.00,3.50,absoluto,1043.00,Network UHD nao disponivel em Stylis 1.74; Transitions Extractive
PVO,Kodak,13,Multifocal Digital,Kodak,Kodak Network UHD,Multifocal Digital,Orma,1.50,No Reflex,No Reflex,standard,sim,C,sim,-10.25,+5.25,-6.00,1.00,3.50,absoluto,849.00,Network UHD nao disponivel em Stylis 1.74; Transitions Extractive
PVO,Kodak,13,Multifocal Digital,Kodak,Kodak Network UHD,Multifocal Digital,Orma,1.50,Trio Easy Clean,Trio Easy Clean,standard,sim,C,sim,-10.25,+5.25,-6.00,1.00,3.50,absoluto,843.00,Network UHD nao disponivel em Stylis 1.74; Transitions Extractive
PVO,Kodak,13,Multifocal Digital,Kodak,Kodak Network UHD,Multifocal Digital,Orma,1.50,Verniz HC,Verniz HC,standard,sim,C,sim,-10.25,+5.25,-6.00,1.00,3.50,absoluto,737.00,Network UHD nao disponivel em Stylis 1.74; Transitions Extractive
PVO,Kodak,13,Multifocal Digital,Kodak,Kodak Network UHD,Multifocal Digital,Airwear Polypower,Poly,Crizal Prevencia,Crizal Prevencia,standard,nao,,sim,-10.00,+6.50,-6.00,1.00,3.50,absoluto,901.00,Network UHD nao disponivel em Stylis 1.74
PVO,Kodak,13,Multifocal Digital,Kodak,Kodak Network UHD,Multifocal Digital,Airwear Polypower,Poly,Crizal Sapphire HR,Crizal Sapphire HR,standard,nao,,sim,-10.00,+6.50,-6.00,1.00,3.50,absoluto,901.00,Network UHD nao disponivel em Stylis 1.74
PVO,Kodak,13,Multifocal Digital,Kodak,Kodak Network UHD,Multifocal Digital,Airwear Polypower,Poly,Crizal Rock,Crizal Rock,standard,nao,,sim,-10.00,+6.50,-6.00,1.00,3.50,absoluto,779.00,Network UHD nao disponivel em Stylis 1.74
PVO,Kodak,13,Multifocal Digital,Kodak,Kodak Network UHD,Multifocal Digital,Airwear Polypower,Poly,Crizal Easy Pro,Crizal Easy Pro,standard,nao,,sim,-10.00,+6.50,-6.00,1.00,3.50,absoluto,617.00,Network UHD nao disponivel em Stylis 1.74
PVO,Kodak,13,Multifocal Digital,Kodak,Kodak Network UHD,Multifocal Digital,Airwear Polypower,Poly,Optifog,Optifog,standard,nao,,sim,-10.00,+6.50,-6.00,1.00,3.50,absoluto,742.00,Network UHD nao disponivel em Stylis 1.74
PVO,Kodak,13,Multifocal Digital,Kodak,Kodak Network UHD,Multifocal Digital,Airwear Polypower,Poly,No Reflex,No Reflex,standard,nao,,sim,-10.00,+6.50,-6.00,1.00,3.50,absoluto,548.00,Network UHD nao disponivel em Stylis 1.74
PVO,Kodak,13,Multifocal Digital,Kodak,Kodak Network UHD,Multifocal Digital,Airwear Polypower,Poly,Trio Easy Clean,Trio Easy Clean,standard,nao,,sim,-10.00,+6.50,-6.00,1.00,3.50,absoluto,542.00,Network UHD nao disponivel em Stylis 1.74
PVO,Kodak,13,Multifocal Digital,Kodak,Kodak Network UHD,Multifocal Digital,Airwear Polypower,Poly,Verniz HC,Verniz HC,standard,nao,,sim,-10.00,+6.50,-6.00,1.00,3.50,absoluto,436.00,Network UHD nao disponivel em Stylis 1.74
PVO,Kodak,13,Multifocal Digital,Kodak,Kodak Network UHD,Multifocal Digital,Airwear Polypower,Poly,Crizal Prevencia,Crizal Prevencia,standard,sim,C/M/V/A/S/R/E,sim,-10.00,+6.50,-6.00,1.00,3.50,absoluto,1254.00,Network UHD nao disponivel em Stylis 1.74; Transitions Gen S
PVO,Kodak,13,Multifocal Digital,Kodak,Kodak Network UHD,Multifocal Digital,Airwear Polypower,Poly,Crizal Sapphire HR,Crizal Sapphire HR,standard,sim,C/M/V/A/S/R/E,sim,-10.00,+6.50,-6.00,1.00,3.50,absoluto,1254.00,Network UHD nao disponivel em Stylis 1.74; Transitions Gen S
PVO,Kodak,13,Multifocal Digital,Kodak,Kodak Network UHD,Multifocal Digital,Airwear Polypower,Poly,Crizal Rock,Crizal Rock,standard,sim,C/M/V/A/S/R/E,sim,-10.00,+6.50,-6.00,1.00,3.50,absoluto,1132.00,Network UHD nao disponivel em Stylis 1.74; Transitions Gen S
PVO,Kodak,13,Multifocal Digital,Kodak,Kodak Network UHD,Multifocal Digital,Airwear Polypower,Poly,Crizal Easy Pro,Crizal Easy Pro,standard,sim,C/M/V/A/S/R/E,sim,-10.00,+6.50,-6.00,1.00,3.50,absoluto,970.00,Network UHD nao disponivel em Stylis 1.74; Transitions Gen S
PVO,Kodak,13,Multifocal Digital,Kodak,Kodak Network UHD,Multifocal Digital,Airwear Polypower,Poly,Optifog,Optifog,standard,sim,C/M/V/A/S/R/E,sim,-10.00,+6.50,-6.00,1.00,3.50,absoluto,1095.00,Network UHD nao disponivel em Stylis 1.74; Transitions Gen S
PVO,Kodak,13,Multifocal Digital,Kodak,Kodak Network UHD,Multifocal Digital,Airwear Polypower,Poly,No Reflex,No Reflex,standard,sim,C/M/V/A/S/R/E,sim,-10.00,+6.50,-6.00,1.00,3.50,absoluto,901.00,Network UHD nao disponivel em Stylis 1.74; Transitions Gen S
PVO,Kodak,13,Multifocal Digital,Kodak,Kodak Network UHD,Multifocal Digital,Airwear Polypower,Poly,Trio Easy Clean,Trio Easy Clean,standard,sim,C/M/V/A/S/R/E,sim,-10.00,+6.50,-6.00,1.00,3.50,absoluto,895.00,Network UHD nao disponivel em Stylis 1.74; Transitions Gen S
PVO,Kodak,13,Multifocal Digital,Kodak,Kodak Network UHD,Multifocal Digital,Airwear Polypower,Poly,Verniz HC,Verniz HC,standard,sim,C/M/V/A/S/R/E,sim,-10.00,+6.50,-6.00,1.00,3.50,absoluto,789.00,Network UHD nao disponivel em Stylis 1.74; Transitions Gen S
PVO,Kodak,13,Multifocal Digital,Kodak,Kodak Network UHD,Multifocal Digital,Airwear Polypower,Poly,Crizal Prevencia,Crizal Prevencia,standard,sim,C,sim,-10.00,+6.50,-6.00,1.00,3.50,absoluto,1285.00,Network UHD nao disponivel em Stylis 1.74; Transitions Extractive
PVO,Kodak,13,Multifocal Digital,Kodak,Kodak Network UHD,Multifocal Digital,Airwear Polypower,Poly,Crizal Sapphire HR,Crizal Sapphire HR,standard,sim,C,sim,-10.00,+6.50,-6.00,1.00,3.50,absoluto,1285.00,Network UHD nao disponivel em Stylis 1.74; Transitions Extractive
PVO,Kodak,13,Multifocal Digital,Kodak,Kodak Network UHD,Multifocal Digital,Airwear Polypower,Poly,Crizal Rock,Crizal Rock,standard,sim,C,sim,-10.00,+6.50,-6.00,1.00,3.50,absoluto,1163.00,Network UHD nao disponivel em Stylis 1.74; Transitions Extractive
PVO,Kodak,13,Multifocal Digital,Kodak,Kodak Network UHD,Multifocal Digital,Airwear Polypower,Poly,Crizal Easy Pro,Crizal Easy Pro,standard,sim,C,sim,-10.00,+6.50,-6.00,1.00,3.50,absoluto,1001.00,Network UHD nao disponivel em Stylis 1.74; Transitions Extractive
PVO,Kodak,13,Multifocal Digital,Kodak,Kodak Network UHD,Multifocal Digital,Airwear Polypower,Poly,Optifog,Optifog,standard,sim,C,sim,-10.00,+6.50,-6.00,1.00,3.50,absoluto,1126.00,Network UHD nao disponivel em Stylis 1.74; Transitions Extractive
PVO,Kodak,13,Multifocal Digital,Kodak,Kodak Network UHD,Multifocal Digital,Airwear Polypower,Poly,No Reflex,No Reflex,standard,sim,C,sim,-10.00,+6.50,-6.00,1.00,3.50,absoluto,932.00,Network UHD nao disponivel em Stylis 1.74; Transitions Extractive
PVO,Kodak,13,Multifocal Digital,Kodak,Kodak Network UHD,Multifocal Digital,Airwear Polypower,Poly,Trio Easy Clean,Trio Easy Clean,standard,sim,C,sim,-10.00,+6.50,-6.00,1.00,3.50,absoluto,926.00,Network UHD nao disponivel em Stylis 1.74; Transitions Extractive
PVO,Kodak,13,Multifocal Digital,Kodak,Kodak Network UHD,Multifocal Digital,Airwear Polypower,Poly,Verniz HC,Verniz HC,standard,sim,C,sim,-10.00,+6.50,-6.00,1.00,3.50,absoluto,820.00,Network UHD nao disponivel em Stylis 1.74; Transitions Extractive
PVO,Kodak,13,Multifocal Digital,Kodak,Kodak Network UHD,Multifocal Digital,Stylis,1.67,Crizal Prevencia,Crizal Prevencia,standard,nao,,sim,-14.00,+8.00,-6.00,1.00,3.50,absoluto,1351.00,Network UHD nao disponivel em Stylis 1.74
PVO,Kodak,13,Multifocal Digital,Kodak,Kodak Network UHD,Multifocal Digital,Stylis,1.67,Crizal Sapphire HR,Crizal Sapphire HR,standard,nao,,sim,-14.00,+8.00,-6.00,1.00,3.50,absoluto,1351.00,Network UHD nao disponivel em Stylis 1.74
PVO,Kodak,13,Multifocal Digital,Kodak,Kodak Network UHD,Multifocal Digital,Stylis,1.67,Crizal Rock,Crizal Rock,standard,nao,,sim,-14.00,+8.00,-6.00,1.00,3.50,absoluto,1229.00,Network UHD nao disponivel em Stylis 1.74
PVO,Kodak,13,Multifocal Digital,Kodak,Kodak Network UHD,Multifocal Digital,Stylis,1.67,Crizal Easy Pro,Crizal Easy Pro,standard,nao,,sim,-14.00,+8.00,-6.00,1.00,3.50,absoluto,1067.00,Network UHD nao disponivel em Stylis 1.74
PVO,Kodak,13,Multifocal Digital,Kodak,Kodak Network UHD,Multifocal Digital,Stylis,1.67,Optifog,Optifog,standard,nao,,sim,-14.00,+8.00,-6.00,1.00,3.50,absoluto,1192.00,Network UHD nao disponivel em Stylis 1.74
PVO,Kodak,13,Multifocal Digital,Kodak,Kodak Network UHD,Multifocal Digital,Stylis,1.67,No Reflex,No Reflex,standard,nao,,sim,-14.00,+8.00,-6.00,1.00,3.50,absoluto,998.00,Network UHD nao disponivel em Stylis 1.74
PVO,Kodak,13,Multifocal Digital,Kodak,Kodak Network UHD,Multifocal Digital,Stylis,1.67,Trio Easy Clean,Trio Easy Clean,standard,nao,,sim,-14.00,+8.00,-6.00,1.00,3.50,absoluto,992.00,Network UHD nao disponivel em Stylis 1.74
PVO,Kodak,13,Multifocal Digital,Kodak,Kodak Network UHD,Multifocal Digital,Stylis,1.67,Crizal Prevencia,Crizal Prevencia,standard,sim,C/M/V,sim,-14.00,+8.00,-6.00,1.00,3.50,absoluto,1703.00,Network UHD nao disponivel em Stylis 1.74; Transitions Gen S
PVO,Kodak,13,Multifocal Digital,Kodak,Kodak Network UHD,Multifocal Digital,Stylis,1.67,Crizal Sapphire HR,Crizal Sapphire HR,standard,sim,C/M/V,sim,-14.00,+8.00,-6.00,1.00,3.50,absoluto,1703.00,Network UHD nao disponivel em Stylis 1.74; Transitions Gen S
PVO,Kodak,13,Multifocal Digital,Kodak,Kodak Network UHD,Multifocal Digital,Stylis,1.67,Crizal Rock,Crizal Rock,standard,sim,C/M/V,sim,-14.00,+8.00,-6.00,1.00,3.50,absoluto,1581.00,Network UHD nao disponivel em Stylis 1.74; Transitions Gen S
PVO,Kodak,13,Multifocal Digital,Kodak,Kodak Network UHD,Multifocal Digital,Stylis,1.67,Crizal Easy Pro,Crizal Easy Pro,standard,sim,C/M/V,sim,-14.00,+8.00,-6.00,1.00,3.50,absoluto,1419.00,Network UHD nao disponivel em Stylis 1.74; Transitions Gen S
PVO,Kodak,13,Multifocal Digital,Kodak,Kodak Network UHD,Multifocal Digital,Stylis,1.67,Optifog,Optifog,standard,sim,C/M/V,sim,-14.00,+8.00,-6.00,1.00,3.50,absoluto,1544.00,Network UHD nao disponivel em Stylis 1.74; Transitions Gen S
PVO,Kodak,13,Multifocal Digital,Kodak,Kodak Network UHD,Multifocal Digital,Stylis,1.67,No Reflex,No Reflex,standard,sim,C/M/V,sim,-14.00,+8.00,-6.00,1.00,3.50,absoluto,1350.00,Network UHD nao disponivel em Stylis 1.74; Transitions Gen S
PVO,Kodak,13,Multifocal Digital,Kodak,Kodak Network UHD,Multifocal Digital,Stylis,1.67,Trio Easy Clean,Trio Easy Clean,standard,sim,C/M/V,sim,-14.00,+8.00,-6.00,1.00,3.50,absoluto,1344.00,Network UHD nao disponivel em Stylis 1.74; Transitions Gen S
PVC,Kodak,14,Multifocal Digital,Kodak,Kodak Precise UHD,Multifocal Digital,Orma,1.50,Crizal Prevencia,Crizal Prevencia,standard,nao,,sim,-10.25,+5.25,-6.00,1.00,3.50,absoluto,1469.00,short disponivel: adicao max 3.00; gravacao S
PVC,Kodak,14,Multifocal Digital,Kodak,Kodak Precise UHD,Multifocal Digital,Orma,1.50,Crizal Sapphire HR,Crizal Sapphire HR,standard,nao,,sim,-10.25,+5.25,-6.00,1.00,3.50,absoluto,1469.00,short disponivel: adicao max 3.00; gravacao S
PVC,Kodak,14,Multifocal Digital,Kodak,Kodak Precise UHD,Multifocal Digital,Orma,1.50,Crizal Rock,Crizal Rock,standard,nao,,sim,-10.25,+5.25,-6.00,1.00,3.50,absoluto,1199.00,short disponivel: adicao max 3.00; gravacao S
PVC,Kodak,14,Multifocal Digital,Kodak,Kodak Precise UHD,Multifocal Digital,Orma,1.50,Crizal Easy Pro,Crizal Easy Pro,standard,nao,,sim,-10.25,+5.25,-6.00,1.00,3.50,absoluto,849.00,short disponivel: adicao max 3.00; gravacao S
PVC,Kodak,14,Multifocal Digital,Kodak,Kodak Precise UHD,Multifocal Digital,Orma,1.50,Optifog,Optifog,standard,nao,,sim,-10.25,+5.25,-6.00,1.00,3.50,absoluto,1089.00,short disponivel: adicao max 3.00; gravacao S
PVC,Kodak,14,Multifocal Digital,Kodak,Kodak Precise UHD,Multifocal Digital,Orma,1.50,No Reflex,No Reflex,standard,nao,,sim,-10.25,+5.25,-6.00,1.00,3.50,absoluto,699.00,short disponivel: adicao max 3.00; gravacao S
PVC,Kodak,14,Multifocal Digital,Kodak,Kodak Precise UHD,Multifocal Digital,Orma,1.50,Trio Easy Clean,Trio Easy Clean,standard,nao,,sim,-10.25,+5.25,-6.00,1.00,3.50,absoluto,649.00,short disponivel: adicao max 3.00; gravacao S
PVC,Kodak,14,Multifocal Digital,Kodak,Kodak Precise UHD,Multifocal Digital,Orma,1.50,Verniz HC,Verniz HC,standard,nao,,sim,-10.25,+5.25,-6.00,1.00,3.50,absoluto,449.00,short disponivel: adicao max 3.00; gravacao S
PVC,Kodak,14,Multifocal Digital,Kodak,Kodak Precise UHD,Multifocal Digital,Orma,1.50,Crizal Prevencia,Crizal Prevencia,standard,sim,C/M/V/A/S/R/E,sim,-11.75,+6.50,-6.00,1.00,3.50,absoluto,2409.00,short disponivel: adicao max 3.00; gravacao S; Transitions Gen S
PVC,Kodak,14,Multifocal Digital,Kodak,Kodak Precise UHD,Multifocal Digital,Orma,1.50,Crizal Sapphire HR,Crizal Sapphire HR,standard,sim,C/M/V/A/S/R/E,sim,-11.75,+6.50,-6.00,1.00,3.50,absoluto,2409.00,short disponivel: adicao max 3.00; gravacao S; Transitions Gen S
PVC,Kodak,14,Multifocal Digital,Kodak,Kodak Precise UHD,Multifocal Digital,Orma,1.50,Crizal Rock,Crizal Rock,standard,sim,C/M/V/A/S/R/E,sim,-11.75,+6.50,-6.00,1.00,3.50,absoluto,2139.00,short disponivel: adicao max 3.00; gravacao S; Transitions Gen S
PVC,Kodak,14,Multifocal Digital,Kodak,Kodak Precise UHD,Multifocal Digital,Orma,1.50,Crizal Easy Pro,Crizal Easy Pro,standard,sim,C/M/V/A/S/R/E,sim,-11.75,+6.50,-6.00,1.00,3.50,absoluto,1789.00,short disponivel: adicao max 3.00; gravacao S; Transitions Gen S
PVC,Kodak,14,Multifocal Digital,Kodak,Kodak Precise UHD,Multifocal Digital,Orma,1.50,Optifog,Optifog,standard,sim,C/M/V/A/S/R/E,sim,-11.75,+6.50,-6.00,1.00,3.50,absoluto,2029.00,short disponivel: adicao max 3.00; gravacao S; Transitions Gen S
PVC,Kodak,14,Multifocal Digital,Kodak,Kodak Precise UHD,Multifocal Digital,Orma,1.50,No Reflex,No Reflex,standard,sim,C/M/V/A/S/R/E,sim,-11.75,+6.50,-6.00,1.00,3.50,absoluto,1639.00,short disponivel: adicao max 3.00; gravacao S; Transitions Gen S
PVC,Kodak,14,Multifocal Digital,Kodak,Kodak Precise UHD,Multifocal Digital,Orma,1.50,Trio Easy Clean,Trio Easy Clean,standard,sim,C/M/V/A/S/R/E,sim,-11.75,+6.50,-6.00,1.00,3.50,absoluto,1589.00,short disponivel: adicao max 3.00; gravacao S; Transitions Gen S
PVC,Kodak,14,Multifocal Digital,Kodak,Kodak Precise UHD,Multifocal Digital,Orma,1.50,Verniz HC,Verniz HC,standard,sim,C/M/V/A/S/R/E,sim,-11.75,+6.50,-6.00,1.00,3.50,absoluto,1389.00,short disponivel: adicao max 3.00; gravacao S; Transitions Gen S
PVC,Kodak,14,Multifocal Digital,Kodak,Kodak Precise UHD,Multifocal Digital,Airwear Polypower,Poly,Crizal Prevencia,Crizal Prevencia,standard,nao,,sim,-11.75,+6.50,-6.00,1.00,3.50,absoluto,1829.00,short disponivel: adicao max 3.00; gravacao S
PVC,Kodak,14,Multifocal Digital,Kodak,Kodak Precise UHD,Multifocal Digital,Airwear Polypower,Poly,Crizal Sapphire HR,Crizal Sapphire HR,standard,nao,,sim,-11.75,+6.50,-6.00,1.00,3.50,absoluto,1829.00,short disponivel: adicao max 3.00; gravacao S
PVC,Kodak,14,Multifocal Digital,Kodak,Kodak Precise UHD,Multifocal Digital,Airwear Polypower,Poly,Crizal Rock,Crizal Rock,standard,nao,,sim,-11.75,+6.50,-6.00,1.00,3.50,absoluto,1559.00,short disponivel: adicao max 3.00; gravacao S
PVC,Kodak,14,Multifocal Digital,Kodak,Kodak Precise UHD,Multifocal Digital,Airwear Polypower,Poly,Crizal Easy Pro,Crizal Easy Pro,standard,nao,,sim,-11.75,+6.50,-6.00,1.00,3.50,absoluto,1209.00,short disponivel: adicao max 3.00; gravacao S
PVC,Kodak,14,Multifocal Digital,Kodak,Kodak Precise UHD,Multifocal Digital,Airwear Polypower,Poly,Optifog,Optifog,standard,nao,,sim,-11.75,+6.50,-6.00,1.00,3.50,absoluto,1449.00,short disponivel: adicao max 3.00; gravacao S
PVC,Kodak,14,Multifocal Digital,Kodak,Kodak Precise UHD,Multifocal Digital,Airwear Polypower,Poly,No Reflex,No Reflex,standard,nao,,sim,-11.75,+6.50,-6.00,1.00,3.50,absoluto,1059.00,short disponivel: adicao max 3.00; gravacao S
PVC,Kodak,14,Multifocal Digital,Kodak,Kodak Precise UHD,Multifocal Digital,Airwear Polypower,Poly,Trio Easy Clean,Trio Easy Clean,standard,nao,,sim,-11.75,+6.50,-6.00,1.00,3.50,absoluto,1009.00,short disponivel: adicao max 3.00; gravacao S
PVC,Kodak,14,Multifocal Digital,Kodak,Kodak Precise UHD,Multifocal Digital,Airwear Polypower,Poly,Verniz HC,Verniz HC,standard,nao,,sim,-11.75,+6.50,-6.00,1.00,3.50,absoluto,809.00,short disponivel: adicao max 3.00; gravacao S
PVC,Kodak,14,Multifocal Digital,Kodak,Kodak Precise UHD,Multifocal Digital,Airwear Polypower,Poly,Crizal Prevencia,Crizal Prevencia,standard,sim,C/M/V/A/S/R/E,sim,-11.75,+6.50,-6.00,1.00,3.50,absoluto,2629.00,short disponivel: adicao max 3.00; gravacao S; Transitions Gen S
PVC,Kodak,14,Multifocal Digital,Kodak,Kodak Precise UHD,Multifocal Digital,Airwear Polypower,Poly,Crizal Sapphire HR,Crizal Sapphire HR,standard,sim,C/M/V/A/S/R/E,sim,-11.75,+6.50,-6.00,1.00,3.50,absoluto,2629.00,short disponivel: adicao max 3.00; gravacao S; Transitions Gen S
PVC,Kodak,14,Multifocal Digital,Kodak,Kodak Precise UHD,Multifocal Digital,Airwear Polypower,Poly,Crizal Rock,Crizal Rock,standard,sim,C/M/V/A/S/R/E,sim,-11.75,+6.50,-6.00,1.00,3.50,absoluto,2359.00,short disponivel: adicao max 3.00; gravacao S; Transitions Gen S
PVC,Kodak,14,Multifocal Digital,Kodak,Kodak Precise UHD,Multifocal Digital,Airwear Polypower,Poly,Crizal Easy Pro,Crizal Easy Pro,standard,sim,C/M/V/A/S/R/E,sim,-11.75,+6.50,-6.00,1.00,3.50,absoluto,2009.00,short disponivel: adicao max 3.00; gravacao S; Transitions Gen S
PVC,Kodak,14,Multifocal Digital,Kodak,Kodak Precise UHD,Multifocal Digital,Airwear Polypower,Poly,Optifog,Optifog,standard,sim,C/M/V/A/S/R/E,sim,-11.75,+6.50,-6.00,1.00,3.50,absoluto,2249.00,short disponivel: adicao max 3.00; gravacao S; Transitions Gen S
PVC,Kodak,14,Multifocal Digital,Kodak,Kodak Precise UHD,Multifocal Digital,Airwear Polypower,Poly,No Reflex,No Reflex,standard,sim,C/M/V/A/S/R/E,sim,-11.75,+6.50,-6.00,1.00,3.50,absoluto,1859.00,short disponivel: adicao max 3.00; gravacao S; Transitions Gen S
PVC,Kodak,14,Multifocal Digital,Kodak,Kodak Precise UHD,Multifocal Digital,Airwear Polypower,Poly,Trio Easy Clean,Trio Easy Clean,standard,sim,C/M/V/A/S/R/E,sim,-11.75,+6.50,-6.00,1.00,3.50,absoluto,1809.00,short disponivel: adicao max 3.00; gravacao S; Transitions Gen S
PVC,Kodak,14,Multifocal Digital,Kodak,Kodak Precise UHD,Multifocal Digital,Airwear Polypower,Poly,Verniz HC,Verniz HC,standard,sim,C/M/V/A/S/R/E,sim,-11.75,+6.50,-6.00,1.00,3.50,absoluto,1609.00,short disponivel: adicao max 3.00; gravacao S; Transitions Gen S
PVC,Kodak,14,Multifocal Digital,Kodak,Kodak Precise UHD,Multifocal Digital,Stylis,1.67,Crizal Prevencia,Crizal Prevencia,standard,nao,,sim,-14.00,+8.00,-6.00,1.00,3.50,absoluto,3029.00,short disponivel: adicao max 3.00; gravacao S
PVC,Kodak,14,Multifocal Digital,Kodak,Kodak Precise UHD,Multifocal Digital,Stylis,1.67,Crizal Sapphire HR,Crizal Sapphire HR,standard,nao,,sim,-14.00,+8.00,-6.00,1.00,3.50,absoluto,3029.00,short disponivel: adicao max 3.00; gravacao S
PVC,Kodak,14,Multifocal Digital,Kodak,Kodak Precise UHD,Multifocal Digital,Stylis,1.67,Crizal Rock,Crizal Rock,standard,nao,,sim,-14.00,+8.00,-6.00,1.00,3.50,absoluto,2759.00,short disponivel: adicao max 3.00; gravacao S
PVC,Kodak,14,Multifocal Digital,Kodak,Kodak Precise UHD,Multifocal Digital,Stylis,1.67,Crizal Easy Pro,Crizal Easy Pro,standard,nao,,sim,-14.00,+8.00,-6.00,1.00,3.50,absoluto,2409.00,short disponivel: adicao max 3.00; gravacao S
PVC,Kodak,14,Multifocal Digital,Kodak,Kodak Precise UHD,Multifocal Digital,Stylis,1.67,Optifog,Optifog,standard,nao,,sim,-14.00,+8.00,-6.00,1.00,3.50,absoluto,2649.00,short disponivel: adicao max 3.00; gravacao S
PVC,Kodak,14,Multifocal Digital,Kodak,Kodak Precise UHD,Multifocal Digital,Stylis,1.67,No Reflex,No Reflex,standard,nao,,sim,-14.00,+8.00,-6.00,1.00,3.50,absoluto,2259.00,short disponivel: adicao max 3.00; gravacao S
PVC,Kodak,14,Multifocal Digital,Kodak,Kodak Precise UHD,Multifocal Digital,Stylis,1.67,Trio Easy Clean,Trio Easy Clean,standard,nao,,sim,-14.00,+8.00,-6.00,1.00,3.50,absoluto,2209.00,short disponivel: adicao max 3.00; gravacao S
PVC,Kodak,14,Multifocal Digital,Kodak,Kodak Precise UHD,Multifocal Digital,Stylis,1.67,Crizal Prevencia,Crizal Prevencia,standard,sim,C/M/V,sim,-14.00,+8.00,-6.00,1.00,3.50,absoluto,3829.00,short disponivel: adicao max 3.00; gravacao S; Transitions Gen S
PVC,Kodak,14,Multifocal Digital,Kodak,Kodak Precise UHD,Multifocal Digital,Stylis,1.67,Crizal Sapphire HR,Crizal Sapphire HR,standard,sim,C/M/V,sim,-14.00,+8.00,-6.00,1.00,3.50,absoluto,3829.00,short disponivel: adicao max 3.00; gravacao S; Transitions Gen S
PVC,Kodak,14,Multifocal Digital,Kodak,Kodak Precise UHD,Multifocal Digital,Stylis,1.67,Crizal Rock,Crizal Rock,standard,sim,C/M/V,sim,-14.00,+8.00,-6.00,1.00,3.50,absoluto,3559.00,short disponivel: adicao max 3.00; gravacao S; Transitions Gen S
PVC,Kodak,14,Multifocal Digital,Kodak,Kodak Precise UHD,Multifocal Digital,Stylis,1.67,Crizal Easy Pro,Crizal Easy Pro,standard,sim,C/M/V,sim,-14.00,+8.00,-6.00,1.00,3.50,absoluto,3209.00,short disponivel: adicao max 3.00; gravacao S; Transitions Gen S
PVC,Kodak,14,Multifocal Digital,Kodak,Kodak Precise UHD,Multifocal Digital,Stylis,1.67,Optifog,Optifog,standard,sim,C/M/V,sim,-14.00,+8.00,-6.00,1.00,3.50,absoluto,3449.00,short disponivel: adicao max 3.00; gravacao S; Transitions Gen S
PVC,Kodak,14,Multifocal Digital,Kodak,Kodak Precise UHD,Multifocal Digital,Stylis,1.67,No Reflex,No Reflex,standard,sim,C/M/V,sim,-14.00,+8.00,-6.00,1.00,3.50,absoluto,3059.00,short disponivel: adicao max 3.00; gravacao S; Transitions Gen S
PVC,Kodak,14,Multifocal Digital,Kodak,Kodak Precise UHD,Multifocal Digital,Stylis,1.67,Trio Easy Clean,Trio Easy Clean,standard,sim,C/M/V,sim,-14.00,+8.00,-6.00,1.00,3.50,absoluto,3009.00,short disponivel: adicao max 3.00; gravacao S; Transitions Gen S
PVC,Kodak,14,Multifocal Tradicional,Kodak,Kodak Precise,Multifocal Tradicional,Orma,1.50,Crizal Prevencia,Crizal Prevencia,standard,nao,,nao,-9.00,+6.00,-6.00,1.00,3.50,absoluto,1469.00,alt min 14mm
PVC,Kodak,14,Multifocal Tradicional,Kodak,Kodak Precise,Multifocal Tradicional,Orma,1.50,Crizal Sapphire HR,Crizal Sapphire HR,standard,nao,,nao,-9.00,+6.00,-6.00,1.00,3.50,absoluto,1469.00,alt min 14mm
PVC,Kodak,14,Multifocal Tradicional,Kodak,Kodak Precise,Multifocal Tradicional,Orma,1.50,Crizal Rock,Crizal Rock,standard,nao,,nao,-9.00,+6.00,-6.00,1.00,3.50,absoluto,1199.00,alt min 14mm
PVC,Kodak,14,Multifocal Tradicional,Kodak,Kodak Precise,Multifocal Tradicional,Orma,1.50,Crizal Easy Pro,Crizal Easy Pro,standard,nao,,nao,-9.00,+6.00,-6.00,1.00,3.50,absoluto,849.00,alt min 14mm
PVC,Kodak,14,Multifocal Tradicional,Kodak,Kodak Precise,Multifocal Tradicional,Orma,1.50,Optifog,Optifog,standard,nao,,nao,-9.00,+6.00,-6.00,1.00,3.50,absoluto,1089.00,alt min 14mm
PVC,Kodak,14,Multifocal Tradicional,Kodak,Kodak Precise,Multifocal Tradicional,Orma,1.50,No Reflex,No Reflex,standard,nao,,nao,-9.00,+6.00,-6.00,1.00,3.50,absoluto,699.00,alt min 14mm
PVC,Kodak,14,Multifocal Tradicional,Kodak,Kodak Precise,Multifocal Tradicional,Orma,1.50,Trio Easy Clean,Trio Easy Clean,standard,nao,,nao,-9.00,+6.00,-6.00,1.00,3.50,absoluto,649.00,alt min 14mm
PVC,Kodak,14,Multifocal Tradicional,Kodak,Kodak Precise,Multifocal Tradicional,Orma,1.50,Sem AR,Sem AR,standard,nao,,nao,-9.00,+6.00,-6.00,1.00,3.50,absoluto,449.00,alt min 14mm
PVC,Kodak,14,Multifocal Tradicional,Kodak,Kodak Precise,Multifocal Tradicional,Orma,1.50,Crizal Prevencia,Crizal Prevencia,standard,sim,C/M/V/A/S/R/E,sim,-9.00,+6.00,-6.00,1.00,3.50,absoluto,2409.00,alt min 14mm; Transitions Gen S
PVC,Kodak,14,Multifocal Tradicional,Kodak,Kodak Precise,Multifocal Tradicional,Orma,1.50,Crizal Sapphire HR,Crizal Sapphire HR,standard,sim,C/M/V/A/S/R/E,sim,-9.00,+6.00,-6.00,1.00,3.50,absoluto,2409.00,alt min 14mm; Transitions Gen S
PVC,Kodak,14,Multifocal Tradicional,Kodak,Kodak Precise,Multifocal Tradicional,Orma,1.50,Crizal Rock,Crizal Rock,standard,sim,C/M/V/A/S/R/E,sim,-9.00,+6.00,-6.00,1.00,3.50,absoluto,2139.00,alt min 14mm; Transitions Gen S
PVC,Kodak,14,Multifocal Tradicional,Kodak,Kodak Precise,Multifocal Tradicional,Orma,1.50,Crizal Easy Pro,Crizal Easy Pro,standard,sim,C/M/V/A/S/R/E,sim,-9.00,+6.00,-6.00,1.00,3.50,absoluto,1789.00,alt min 14mm; Transitions Gen S
PVC,Kodak,14,Multifocal Tradicional,Kodak,Kodak Precise,Multifocal Tradicional,Orma,1.50,Optifog,Optifog,standard,sim,C/M/V/A/S/R/E,sim,-9.00,+6.00,-6.00,1.00,3.50,absoluto,2029.00,alt min 14mm; Transitions Gen S
PVC,Kodak,14,Multifocal Tradicional,Kodak,Kodak Precise,Multifocal Tradicional,Orma,1.50,No Reflex,No Reflex,standard,sim,C/M/V/A/S/R/E,sim,-9.00,+6.00,-6.00,1.00,3.50,absoluto,1639.00,alt min 14mm; Transitions Gen S
PVC,Kodak,14,Multifocal Tradicional,Kodak,Kodak Precise,Multifocal Tradicional,Orma,1.50,Trio Easy Clean,Trio Easy Clean,standard,sim,C/M/V/A/S/R/E,sim,-9.00,+6.00,-6.00,1.00,3.50,absoluto,1589.00,alt min 14mm; Transitions Gen S
PVC,Kodak,14,Multifocal Tradicional,Kodak,Kodak Precise,Multifocal Tradicional,Orma,1.50,Sem AR,Sem AR,standard,sim,C/M/V/A/S/R/E,sim,-9.00,+6.00,-6.00,1.00,3.50,absoluto,1389.00,alt min 14mm; Transitions Gen S
PVC,Kodak,14,Multifocal Tradicional,Kodak,Kodak Precise,Multifocal Tradicional,Airwear Polypower,Poly,Crizal Prevencia,Crizal Prevencia,standard,nao,,nao,-10.00,+6.00,-6.00,1.00,3.50,absoluto,1689.00,alt min 14mm
PVC,Kodak,14,Multifocal Tradicional,Kodak,Kodak Precise,Multifocal Tradicional,Airwear Polypower,Poly,Crizal Sapphire HR,Crizal Sapphire HR,standard,nao,,nao,-10.00,+6.00,-6.00,1.00,3.50,absoluto,1689.00,alt min 14mm
PVC,Kodak,14,Multifocal Tradicional,Kodak,Kodak Precise,Multifocal Tradicional,Airwear Polypower,Poly,Crizal Rock,Crizal Rock,standard,nao,,nao,-10.00,+6.00,-6.00,1.00,3.50,absoluto,1419.00,alt min 14mm
PVC,Kodak,14,Multifocal Tradicional,Kodak,Kodak Precise,Multifocal Tradicional,Airwear Polypower,Poly,Crizal Easy Pro,Crizal Easy Pro,standard,nao,,nao,-10.00,+6.00,-6.00,1.00,3.50,absoluto,1069.00,alt min 14mm
PVC,Kodak,14,Multifocal Tradicional,Kodak,Kodak Precise,Multifocal Tradicional,Airwear Polypower,Poly,Optifog,Optifog,standard,nao,,nao,-10.00,+6.00,-6.00,1.00,3.50,absoluto,1309.00,alt min 14mm
PVC,Kodak,14,Multifocal Tradicional,Kodak,Kodak Precise,Multifocal Tradicional,Airwear Polypower,Poly,No Reflex,No Reflex,standard,nao,,nao,-10.00,+6.00,-6.00,1.00,3.50,absoluto,919.00,alt min 14mm
PVC,Kodak,14,Multifocal Tradicional,Kodak,Kodak Precise,Multifocal Tradicional,Airwear Polypower,Poly,Trio Easy Clean,Trio Easy Clean,standard,nao,,nao,-10.00,+6.00,-6.00,1.00,3.50,absoluto,869.00,alt min 14mm
PVC,Kodak,14,Multifocal Tradicional,Kodak,Kodak Precise,Multifocal Tradicional,Airwear Polypower,Poly,Sem AR,Sem AR,standard,nao,,nao,-10.00,+6.00,-6.00,1.00,3.50,absoluto,669.00,alt min 14mm
PVC,Kodak,14,Multifocal Tradicional,Kodak,Kodak Precise,Multifocal Tradicional,Airwear Polypower,Poly,Crizal Prevencia,Crizal Prevencia,standard,sim,C/M/V/A/S/R/E,sim,-10.00,+6.00,-6.00,1.00,3.50,absoluto,2629.00,alt min 14mm; Transitions Gen S
PVC,Kodak,14,Multifocal Tradicional,Kodak,Kodak Precise,Multifocal Tradicional,Airwear Polypower,Poly,Crizal Sapphire HR,Crizal Sapphire HR,standard,sim,C/M/V/A/S/R/E,sim,-10.00,+6.00,-6.00,1.00,3.50,absoluto,2629.00,alt min 14mm; Transitions Gen S
PVC,Kodak,14,Multifocal Tradicional,Kodak,Kodak Precise,Multifocal Tradicional,Airwear Polypower,Poly,Crizal Rock,Crizal Rock,standard,sim,C/M/V/A/S/R/E,sim,-10.00,+6.00,-6.00,1.00,3.50,absoluto,2359.00,alt min 14mm; Transitions Gen S
PVC,Kodak,14,Multifocal Tradicional,Kodak,Kodak Precise,Multifocal Tradicional,Airwear Polypower,Poly,Crizal Easy Pro,Crizal Easy Pro,standard,sim,C/M/V/A/S/R/E,sim,-10.00,+6.00,-6.00,1.00,3.50,absoluto,2009.00,alt min 14mm; Transitions Gen S
PVC,Kodak,14,Multifocal Tradicional,Kodak,Kodak Precise,Multifocal Tradicional,Airwear Polypower,Poly,Optifog,Optifog,standard,sim,C/M/V/A/S/R/E,sim,-10.00,+6.00,-6.00,1.00,3.50,absoluto,2249.00,alt min 14mm; Transitions Gen S
PVC,Kodak,14,Multifocal Tradicional,Kodak,Kodak Precise,Multifocal Tradicional,Airwear Polypower,Poly,No Reflex,No Reflex,standard,sim,C/M/V/A/S/R/E,sim,-10.00,+6.00,-6.00,1.00,3.50,absoluto,1859.00,alt min 14mm; Transitions Gen S
PVC,Kodak,14,Multifocal Tradicional,Kodak,Kodak Precise,Multifocal Tradicional,Airwear Polypower,Poly,Trio Easy Clean,Trio Easy Clean,standard,sim,C/M/V/A/S/R/E,sim,-10.00,+6.00,-6.00,1.00,3.50,absoluto,1809.00,alt min 14mm; Transitions Gen S
PVC,Kodak,14,Multifocal Tradicional,Kodak,Kodak Precise,Multifocal Tradicional,Airwear Polypower,Poly,Sem AR,Sem AR,standard,sim,C/M/V/A/S/R/E,sim,-10.00,+6.00,-6.00,1.00,3.50,absoluto,1609.00,alt min 14mm; Transitions Gen S
PVC,Kodak,14,Ocupacional Digital,Kodak,Kodak SoftWear,Ocupacional Digital,Orma,1.50,Crizal Prevencia,Crizal Prevencia,standard,nao,,sim,-10.00,+5.00,-6.00,,,absoluto,1469.00,
PVC,Kodak,14,Ocupacional Digital,Kodak,Kodak SoftWear,Ocupacional Digital,Orma,1.50,Crizal Sapphire HR,Crizal Sapphire HR,standard,nao,,sim,-10.00,+5.00,-6.00,,,absoluto,1469.00,
PVC,Kodak,14,Ocupacional Digital,Kodak,Kodak SoftWear,Ocupacional Digital,Orma,1.50,Crizal Rock,Crizal Rock,standard,nao,,sim,-10.00,+5.00,-6.00,,,absoluto,1199.00,
PVC,Kodak,14,Ocupacional Digital,Kodak,Kodak SoftWear,Ocupacional Digital,Orma,1.50,Crizal Easy Pro,Crizal Easy Pro,standard,nao,,sim,-10.00,+5.00,-6.00,,,absoluto,849.00,
PVC,Kodak,14,Ocupacional Digital,Kodak,Kodak SoftWear,Ocupacional Digital,Orma,1.50,Optifog,Optifog,standard,nao,,sim,-10.00,+5.00,-6.00,,,absoluto,1089.00,
PVC,Kodak,14,Ocupacional Digital,Kodak,Kodak SoftWear,Ocupacional Digital,Orma,1.50,No Reflex,No Reflex,standard,nao,,sim,-10.00,+5.00,-6.00,,,absoluto,699.00,
PVC,Kodak,14,Ocupacional Digital,Kodak,Kodak SoftWear,Ocupacional Digital,Orma,1.50,Trio Easy Clean,Trio Easy Clean,standard,nao,,sim,-10.00,+5.00,-6.00,,,absoluto,649.00,
PVC,Kodak,14,Ocupacional Digital,Kodak,Kodak SoftWear,Ocupacional Digital,Orma,1.50,Verniz HC,Verniz HC,standard,nao,,sim,-10.00,+5.00,-6.00,,,absoluto,449.00,
PVC,Kodak,14,Ocupacional Digital,Kodak,Kodak SoftWear,Ocupacional Digital,Airwear Polypower,Poly,Crizal Prevencia,Crizal Prevencia,standard,nao,,sim,-10.00,+6.00,-6.00,,,absoluto,1689.00,
PVC,Kodak,14,Ocupacional Digital,Kodak,Kodak SoftWear,Ocupacional Digital,Airwear Polypower,Poly,Crizal Sapphire HR,Crizal Sapphire HR,standard,nao,,sim,-10.00,+6.00,-6.00,,,absoluto,1689.00,
PVC,Kodak,14,Ocupacional Digital,Kodak,Kodak SoftWear,Ocupacional Digital,Airwear Polypower,Poly,Crizal Rock,Crizal Rock,standard,nao,,sim,-10.00,+6.00,-6.00,,,absoluto,1419.00,
PVC,Kodak,14,Ocupacional Digital,Kodak,Kodak SoftWear,Ocupacional Digital,Airwear Polypower,Poly,Crizal Easy Pro,Crizal Easy Pro,standard,nao,,sim,-10.00,+6.00,-6.00,,,absoluto,1069.00,
PVC,Kodak,14,Ocupacional Digital,Kodak,Kodak SoftWear,Ocupacional Digital,Airwear Polypower,Poly,Optifog,Optifog,standard,nao,,sim,-10.00,+6.00,-6.00,,,absoluto,1309.00,
PVC,Kodak,14,Ocupacional Digital,Kodak,Kodak SoftWear,Ocupacional Digital,Airwear Polypower,Poly,No Reflex,No Reflex,standard,nao,,sim,-10.00,+6.00,-6.00,,,absoluto,919.00,
PVC,Kodak,14,Ocupacional Digital,Kodak,Kodak SoftWear,Ocupacional Digital,Airwear Polypower,Poly,Trio Easy Clean,Trio Easy Clean,standard,nao,,sim,-10.00,+6.00,-6.00,,,absoluto,869.00,
PVC,Kodak,14,Ocupacional Digital,Kodak,Kodak SoftWear,Ocupacional Digital,Airwear Polypower,Poly,Verniz HC,Verniz HC,standard,nao,,sim,-10.00,+6.00,-6.00,,,absoluto,669.00,
PVC,Kodak,14,Ocupacional Digital,Kodak,Kodak SoftWear,Ocupacional Digital,Stylis,1.67,Crizal Prevencia,Crizal Prevencia,standard,nao,,sim,-14.00,+8.00,-6.00,,,absoluto,2889.00,
PVC,Kodak,14,Ocupacional Digital,Kodak,Kodak SoftWear,Ocupacional Digital,Stylis,1.67,Crizal Sapphire HR,Crizal Sapphire HR,standard,nao,,sim,-14.00,+8.00,-6.00,,,absoluto,2889.00,
PVC,Kodak,14,Ocupacional Digital,Kodak,Kodak SoftWear,Ocupacional Digital,Stylis,1.67,Crizal Rock,Crizal Rock,standard,nao,,sim,-14.00,+8.00,-6.00,,,absoluto,2619.00,
PVC,Kodak,14,Ocupacional Digital,Kodak,Kodak SoftWear,Ocupacional Digital,Stylis,1.67,Crizal Easy Pro,Crizal Easy Pro,standard,nao,,sim,-14.00,+8.00,-6.00,,,absoluto,2269.00,
PVC,Kodak,14,Ocupacional Digital,Kodak,Kodak SoftWear,Ocupacional Digital,Stylis,1.67,Optifog,Optifog,standard,nao,,sim,-14.00,+8.00,-6.00,,,absoluto,2509.00,
PVC,Kodak,14,Ocupacional Digital,Kodak,Kodak SoftWear,Ocupacional Digital,Stylis,1.67,No Reflex,No Reflex,standard,nao,,sim,-14.00,+8.00,-6.00,,,absoluto,2119.00,
PVC,Kodak,14,Ocupacional Digital,Kodak,Kodak SoftWear,Ocupacional Digital,Stylis,1.67,Trio Easy Clean,Trio Easy Clean,standard,nao,,sim,-14.00,+8.00,-6.00,,,absoluto,2069.00,
PVO,Kodak,14,Multifocal Digital,Kodak,Kodak Precise UHD,Multifocal Digital,Orma,1.50,Crizal Prevencia,Crizal Prevencia,standard,nao,,sim,-10.25,+5.25,-6.00,1.00,3.50,absoluto,744.00,short disponivel: adicao max 3.00; gravacao S
PVO,Kodak,14,Multifocal Digital,Kodak,Kodak Precise UHD,Multifocal Digital,Orma,1.50,Crizal Sapphire HR,Crizal Sapphire HR,standard,nao,,sim,-10.25,+5.25,-6.00,1.00,3.50,absoluto,744.00,short disponivel: adicao max 3.00; gravacao S
PVO,Kodak,14,Multifocal Digital,Kodak,Kodak Precise UHD,Multifocal Digital,Orma,1.50,Crizal Rock,Crizal Rock,standard,nao,,sim,-10.25,+5.25,-6.00,1.00,3.50,absoluto,622.00,short disponivel: adicao max 3.00; gravacao S
PVO,Kodak,14,Multifocal Digital,Kodak,Kodak Precise UHD,Multifocal Digital,Orma,1.50,Crizal Easy Pro,Crizal Easy Pro,standard,nao,,sim,-10.25,+5.25,-6.00,1.00,3.50,absoluto,460.00,short disponivel: adicao max 3.00; gravacao S
PVO,Kodak,14,Multifocal Digital,Kodak,Kodak Precise UHD,Multifocal Digital,Orma,1.50,Optifog,Optifog,standard,nao,,sim,-10.25,+5.25,-6.00,1.00,3.50,absoluto,585.00,short disponivel: adicao max 3.00; gravacao S
PVO,Kodak,14,Multifocal Digital,Kodak,Kodak Precise UHD,Multifocal Digital,Orma,1.50,No Reflex,No Reflex,standard,nao,,sim,-10.25,+5.25,-6.00,1.00,3.50,absoluto,391.00,short disponivel: adicao max 3.00; gravacao S
PVO,Kodak,14,Multifocal Digital,Kodak,Kodak Precise UHD,Multifocal Digital,Orma,1.50,Trio Easy Clean,Trio Easy Clean,standard,nao,,sim,-10.25,+5.25,-6.00,1.00,3.50,absoluto,385.00,short disponivel: adicao max 3.00; gravacao S
PVO,Kodak,14,Multifocal Digital,Kodak,Kodak Precise UHD,Multifocal Digital,Orma,1.50,Verniz HC,Verniz HC,standard,nao,,sim,-10.25,+5.25,-6.00,1.00,3.50,absoluto,279.00,short disponivel: adicao max 3.00; gravacao S
PVO,Kodak,14,Multifocal Digital,Kodak,Kodak Precise UHD,Multifocal Digital,Orma,1.50,Crizal Prevencia,Crizal Prevencia,standard,sim,C/M/V/A/S/R/E,sim,-11.75,+6.50,-6.00,1.00,3.50,absoluto,1123.00,short disponivel: adicao max 3.00; gravacao S; Transitions Gen S
PVO,Kodak,14,Multifocal Digital,Kodak,Kodak Precise UHD,Multifocal Digital,Orma,1.50,Crizal Sapphire HR,Crizal Sapphire HR,standard,sim,C/M/V/A/S/R/E,sim,-11.75,+6.50,-6.00,1.00,3.50,absoluto,1123.00,short disponivel: adicao max 3.00; gravacao S; Transitions Gen S
PVO,Kodak,14,Multifocal Digital,Kodak,Kodak Precise UHD,Multifocal Digital,Orma,1.50,Crizal Rock,Crizal Rock,standard,sim,C/M/V/A/S/R/E,sim,-11.75,+6.50,-6.00,1.00,3.50,absoluto,1001.00,short disponivel: adicao max 3.00; gravacao S; Transitions Gen S
PVO,Kodak,14,Multifocal Digital,Kodak,Kodak Precise UHD,Multifocal Digital,Orma,1.50,Crizal Easy Pro,Crizal Easy Pro,standard,sim,C/M/V/A/S/R/E,sim,-11.75,+6.50,-6.00,1.00,3.50,absoluto,839.00,short disponivel: adicao max 3.00; gravacao S; Transitions Gen S
PVO,Kodak,14,Multifocal Digital,Kodak,Kodak Precise UHD,Multifocal Digital,Orma,1.50,Optifog,Optifog,standard,sim,C/M/V/A/S/R/E,sim,-11.75,+6.50,-6.00,1.00,3.50,absoluto,964.00,short disponivel: adicao max 3.00; gravacao S; Transitions Gen S
PVO,Kodak,14,Multifocal Digital,Kodak,Kodak Precise UHD,Multifocal Digital,Orma,1.50,No Reflex,No Reflex,standard,sim,C/M/V/A/S/R/E,sim,-11.75,+6.50,-6.00,1.00,3.50,absoluto,770.00,short disponivel: adicao max 3.00; gravacao S; Transitions Gen S
PVO,Kodak,14,Multifocal Digital,Kodak,Kodak Precise UHD,Multifocal Digital,Orma,1.50,Trio Easy Clean,Trio Easy Clean,standard,sim,C/M/V/A/S/R/E,sim,-11.75,+6.50,-6.00,1.00,3.50,absoluto,764.00,short disponivel: adicao max 3.00; gravacao S; Transitions Gen S
PVO,Kodak,14,Multifocal Digital,Kodak,Kodak Precise UHD,Multifocal Digital,Orma,1.50,Verniz HC,Verniz HC,standard,sim,C/M/V/A/S/R/E,sim,-11.75,+6.50,-6.00,1.00,3.50,absoluto,658.00,short disponivel: adicao max 3.00; gravacao S; Transitions Gen S
PVO,Kodak,14,Multifocal Digital,Kodak,Kodak Precise UHD,Multifocal Digital,Airwear Polypower,Poly,Crizal Prevencia,Crizal Prevencia,standard,nao,,sim,-11.75,+6.50,-6.00,1.00,3.50,absoluto,837.00,short disponivel: adicao max 3.00; gravacao S
PVO,Kodak,14,Multifocal Digital,Kodak,Kodak Precise UHD,Multifocal Digital,Airwear Polypower,Poly,Crizal Sapphire HR,Crizal Sapphire HR,standard,nao,,sim,-11.75,+6.50,-6.00,1.00,3.50,absoluto,837.00,short disponivel: adicao max 3.00; gravacao S
PVO,Kodak,14,Multifocal Digital,Kodak,Kodak Precise UHD,Multifocal Digital,Airwear Polypower,Poly,Crizal Rock,Crizal Rock,standard,nao,,sim,-11.75,+6.50,-6.00,1.00,3.50,absoluto,715.00,short disponivel: adicao max 3.00; gravacao S
PVO,Kodak,14,Multifocal Digital,Kodak,Kodak Precise UHD,Multifocal Digital,Airwear Polypower,Poly,Crizal Easy Pro,Crizal Easy Pro,standard,nao,,sim,-11.75,+6.50,-6.00,1.00,3.50,absoluto,553.00,short disponivel: adicao max 3.00; gravacao S
PVO,Kodak,14,Multifocal Digital,Kodak,Kodak Precise UHD,Multifocal Digital,Airwear Polypower,Poly,Optifog,Optifog,standard,nao,,sim,-11.75,+6.50,-6.00,1.00,3.50,absoluto,678.00,short disponivel: adicao max 3.00; gravacao S
PVO,Kodak,14,Multifocal Digital,Kodak,Kodak Precise UHD,Multifocal Digital,Airwear Polypower,Poly,No Reflex,No Reflex,standard,nao,,sim,-11.75,+6.50,-6.00,1.00,3.50,absoluto,484.00,short disponivel: adicao max 3.00; gravacao S
PVO,Kodak,14,Multifocal Digital,Kodak,Kodak Precise UHD,Multifocal Digital,Airwear Polypower,Poly,Trio Easy Clean,Trio Easy Clean,standard,nao,,sim,-11.75,+6.50,-6.00,1.00,3.50,absoluto,478.00,short disponivel: adicao max 3.00; gravacao S
PVO,Kodak,14,Multifocal Digital,Kodak,Kodak Precise UHD,Multifocal Digital,Airwear Polypower,Poly,Verniz HC,Verniz HC,standard,nao,,sim,-11.75,+6.50,-6.00,1.00,3.50,absoluto,372.00,short disponivel: adicao max 3.00; gravacao S
PVO,Kodak,14,Multifocal Digital,Kodak,Kodak Precise UHD,Multifocal Digital,Airwear Polypower,Poly,Crizal Prevencia,Crizal Prevencia,standard,sim,C/M/V/A/S/R/E,sim,-11.75,+6.50,-6.00,1.00,3.50,absoluto,1211.00,short disponivel: adicao max 3.00; gravacao S; Transitions Gen S
PVO,Kodak,14,Multifocal Digital,Kodak,Kodak Precise UHD,Multifocal Digital,Airwear Polypower,Poly,Crizal Sapphire HR,Crizal Sapphire HR,standard,sim,C/M/V/A/S/R/E,sim,-11.75,+6.50,-6.00,1.00,3.50,absoluto,1211.00,short disponivel: adicao max 3.00; gravacao S; Transitions Gen S
PVO,Kodak,14,Multifocal Digital,Kodak,Kodak Precise UHD,Multifocal Digital,Airwear Polypower,Poly,Crizal Rock,Crizal Rock,standard,sim,C/M/V/A/S/R/E,sim,-11.75,+6.50,-6.00,1.00,3.50,absoluto,1089.00,short disponivel: adicao max 3.00; gravacao S; Transitions Gen S
PVO,Kodak,14,Multifocal Digital,Kodak,Kodak Precise UHD,Multifocal Digital,Airwear Polypower,Poly,Crizal Easy Pro,Crizal Easy Pro,standard,sim,C/M/V/A/S/R/E,sim,-11.75,+6.50,-6.00,1.00,3.50,absoluto,927.00,short disponivel: adicao max 3.00; gravacao S; Transitions Gen S
PVO,Kodak,14,Multifocal Digital,Kodak,Kodak Precise UHD,Multifocal Digital,Airwear Polypower,Poly,Optifog,Optifog,standard,sim,C/M/V/A/S/R/E,sim,-11.75,+6.50,-6.00,1.00,3.50,absoluto,1052.00,short disponivel: adicao max 3.00; gravacao S; Transitions Gen S
PVO,Kodak,14,Multifocal Digital,Kodak,Kodak Precise UHD,Multifocal Digital,Airwear Polypower,Poly,No Reflex,No Reflex,standard,sim,C/M/V/A/S/R/E,sim,-11.75,+6.50,-6.00,1.00,3.50,absoluto,858.00,short disponivel: adicao max 3.00; gravacao S; Transitions Gen S
PVO,Kodak,14,Multifocal Digital,Kodak,Kodak Precise UHD,Multifocal Digital,Airwear Polypower,Poly,Trio Easy Clean,Trio Easy Clean,standard,sim,C/M/V/A/S/R/E,sim,-11.75,+6.50,-6.00,1.00,3.50,absoluto,852.00,short disponivel: adicao max 3.00; gravacao S; Transitions Gen S
PVO,Kodak,14,Multifocal Digital,Kodak,Kodak Precise UHD,Multifocal Digital,Airwear Polypower,Poly,Verniz HC,Verniz HC,standard,sim,C/M/V/A/S/R/E,sim,-11.75,+6.50,-6.00,1.00,3.50,absoluto,746.00,short disponivel: adicao max 3.00; gravacao S; Transitions Gen S
PVO,Kodak,14,Multifocal Digital,Kodak,Kodak Precise UHD,Multifocal Digital,Stylis,1.67,Crizal Prevencia,Crizal Prevencia,standard,nao,,sim,-14.00,+8.00,-6.00,1.00,3.50,absoluto,1380.00,short disponivel: adicao max 3.00; gravacao S
PVO,Kodak,14,Multifocal Digital,Kodak,Kodak Precise UHD,Multifocal Digital,Stylis,1.67,Crizal Sapphire HR,Crizal Sapphire HR,standard,nao,,sim,-14.00,+8.00,-6.00,1.00,3.50,absoluto,1380.00,short disponivel: adicao max 3.00; gravacao S
PVO,Kodak,14,Multifocal Digital,Kodak,Kodak Precise UHD,Multifocal Digital,Stylis,1.67,Crizal Rock,Crizal Rock,standard,nao,,sim,-14.00,+8.00,-6.00,1.00,3.50,absoluto,1258.00,short disponivel: adicao max 3.00; gravacao S
PVO,Kodak,14,Multifocal Digital,Kodak,Kodak Precise UHD,Multifocal Digital,Stylis,1.67,Crizal Easy Pro,Crizal Easy Pro,standard,nao,,sim,-14.00,+8.00,-6.00,1.00,3.50,absoluto,1096.00,short disponivel: adicao max 3.00; gravacao S
PVO,Kodak,14,Multifocal Digital,Kodak,Kodak Precise UHD,Multifocal Digital,Stylis,1.67,Optifog,Optifog,standard,nao,,sim,-14.00,+8.00,-6.00,1.00,3.50,absoluto,1221.00,short disponivel: adicao max 3.00; gravacao S
PVO,Kodak,14,Multifocal Digital,Kodak,Kodak Precise UHD,Multifocal Digital,Stylis,1.67,No Reflex,No Reflex,standard,nao,,sim,-14.00,+8.00,-6.00,1.00,3.50,absoluto,1027.00,short disponivel: adicao max 3.00; gravacao S
PVO,Kodak,14,Multifocal Digital,Kodak,Kodak Precise UHD,Multifocal Digital,Stylis,1.67,Trio Easy Clean,Trio Easy Clean,standard,nao,,sim,-14.00,+8.00,-6.00,1.00,3.50,absoluto,1021.00,short disponivel: adicao max 3.00; gravacao S
PVO,Kodak,14,Multifocal Digital,Kodak,Kodak Precise UHD,Multifocal Digital,Stylis,1.67,Crizal Prevencia,Crizal Prevencia,standard,sim,C/M/V,sim,-14.00,+8.00,-6.00,1.00,3.50,absoluto,1691.00,short disponivel: adicao max 3.00; gravacao S; Transitions Gen S
PVO,Kodak,14,Multifocal Digital,Kodak,Kodak Precise UHD,Multifocal Digital,Stylis,1.67,Crizal Sapphire HR,Crizal Sapphire HR,standard,sim,C/M/V,sim,-14.00,+8.00,-6.00,1.00,3.50,absoluto,1691.00,short disponivel: adicao max 3.00; gravacao S; Transitions Gen S
PVO,Kodak,14,Multifocal Digital,Kodak,Kodak Precise UHD,Multifocal Digital,Stylis,1.67,Crizal Rock,Crizal Rock,standard,sim,C/M/V,sim,-14.00,+8.00,-6.00,1.00,3.50,absoluto,1569.00,short disponivel: adicao max 3.00; gravacao S; Transitions Gen S
PVO,Kodak,14,Multifocal Digital,Kodak,Kodak Precise UHD,Multifocal Digital,Stylis,1.67,Crizal Easy Pro,Crizal Easy Pro,standard,sim,C/M/V,sim,-14.00,+8.00,-6.00,1.00,3.50,absoluto,1407.00,short disponivel: adicao max 3.00; gravacao S; Transitions Gen S
PVO,Kodak,14,Multifocal Digital,Kodak,Kodak Precise UHD,Multifocal Digital,Stylis,1.67,Optifog,Optifog,standard,sim,C/M/V,sim,-14.00,+8.00,-6.00,1.00,3.50,absoluto,1532.00,short disponivel: adicao max 3.00; gravacao S; Transitions Gen S
PVO,Kodak,14,Multifocal Digital,Kodak,Kodak Precise UHD,Multifocal Digital,Stylis,1.67,No Reflex,No Reflex,standard,sim,C/M/V,sim,-14.00,+8.00,-6.00,1.00,3.50,absoluto,1338.00,short disponivel: adicao max 3.00; gravacao S; Transitions Gen S
PVO,Kodak,14,Multifocal Digital,Kodak,Kodak Precise UHD,Multifocal Digital,Stylis,1.67,Trio Easy Clean,Trio Easy Clean,standard,sim,C/M/V,sim,-14.00,+8.00,-6.00,1.00,3.50,absoluto,1332.00,short disponivel: adicao max 3.00; gravacao S; Transitions Gen S
PVO,Kodak,14,Multifocal Tradicional,Kodak,Kodak Precise,Multifocal Tradicional,Orma,1.50,Crizal Prevencia,Crizal Prevencia,standard,nao,,nao,-9.00,+6.00,-6.00,1.00,3.50,absoluto,744.00,alt min 14mm
PVO,Kodak,14,Multifocal Tradicional,Kodak,Kodak Precise,Multifocal Tradicional,Orma,1.50,Crizal Sapphire HR,Crizal Sapphire HR,standard,nao,,nao,-9.00,+6.00,-6.00,1.00,3.50,absoluto,744.00,alt min 14mm
PVO,Kodak,14,Multifocal Tradicional,Kodak,Kodak Precise,Multifocal Tradicional,Orma,1.50,Crizal Rock,Crizal Rock,standard,nao,,nao,-9.00,+6.00,-6.00,1.00,3.50,absoluto,622.00,alt min 14mm
PVO,Kodak,14,Multifocal Tradicional,Kodak,Kodak Precise,Multifocal Tradicional,Orma,1.50,Crizal Easy Pro,Crizal Easy Pro,standard,nao,,nao,-9.00,+6.00,-6.00,1.00,3.50,absoluto,460.00,alt min 14mm
PVO,Kodak,14,Multifocal Tradicional,Kodak,Kodak Precise,Multifocal Tradicional,Orma,1.50,Optifog,Optifog,standard,nao,,nao,-9.00,+6.00,-6.00,1.00,3.50,absoluto,585.00,alt min 14mm
PVO,Kodak,14,Multifocal Tradicional,Kodak,Kodak Precise,Multifocal Tradicional,Orma,1.50,No Reflex,No Reflex,standard,nao,,nao,-9.00,+6.00,-6.00,1.00,3.50,absoluto,391.00,alt min 14mm
PVO,Kodak,14,Multifocal Tradicional,Kodak,Kodak Precise,Multifocal Tradicional,Orma,1.50,Trio Easy Clean,Trio Easy Clean,standard,nao,,nao,-9.00,+6.00,-6.00,1.00,3.50,absoluto,385.00,alt min 14mm
PVO,Kodak,14,Multifocal Tradicional,Kodak,Kodak Precise,Multifocal Tradicional,Orma,1.50,Sem AR,Sem AR,standard,nao,,nao,-9.00,+6.00,-6.00,1.00,3.50,absoluto,279.00,alt min 14mm
PVO,Kodak,14,Multifocal Tradicional,Kodak,Kodak Precise,Multifocal Tradicional,Orma,1.50,Crizal Prevencia,Crizal Prevencia,standard,sim,C/M/V/A/S/R/E,sim,-9.00,+6.00,-6.00,1.00,3.50,absoluto,1123.00,alt min 14mm; Transitions Gen S
PVO,Kodak,14,Multifocal Tradicional,Kodak,Kodak Precise,Multifocal Tradicional,Orma,1.50,Crizal Sapphire HR,Crizal Sapphire HR,standard,sim,C/M/V/A/S/R/E,sim,-9.00,+6.00,-6.00,1.00,3.50,absoluto,1123.00,alt min 14mm; Transitions Gen S
PVO,Kodak,14,Multifocal Tradicional,Kodak,Kodak Precise,Multifocal Tradicional,Orma,1.50,Crizal Rock,Crizal Rock,standard,sim,C/M/V/A/S/R/E,sim,-9.00,+6.00,-6.00,1.00,3.50,absoluto,1001.00,alt min 14mm; Transitions Gen S
PVO,Kodak,14,Multifocal Tradicional,Kodak,Kodak Precise,Multifocal Tradicional,Orma,1.50,Crizal Easy Pro,Crizal Easy Pro,standard,sim,C/M/V/A/S/R/E,sim,-9.00,+6.00,-6.00,1.00,3.50,absoluto,839.00,alt min 14mm; Transitions Gen S
PVO,Kodak,14,Multifocal Tradicional,Kodak,Kodak Precise,Multifocal Tradicional,Orma,1.50,Optifog,Optifog,standard,sim,C/M/V/A/S/R/E,sim,-9.00,+6.00,-6.00,1.00,3.50,absoluto,964.00,alt min 14mm; Transitions Gen S
PVO,Kodak,14,Multifocal Tradicional,Kodak,Kodak Precise,Multifocal Tradicional,Orma,1.50,No Reflex,No Reflex,standard,sim,C/M/V/A/S/R/E,sim,-9.00,+6.00,-6.00,1.00,3.50,absoluto,770.00,alt min 14mm; Transitions Gen S
PVO,Kodak,14,Multifocal Tradicional,Kodak,Kodak Precise,Multifocal Tradicional,Orma,1.50,Trio Easy Clean,Trio Easy Clean,standard,sim,C/M/V/A/S/R/E,sim,-9.00,+6.00,-6.00,1.00,3.50,absoluto,764.00,alt min 14mm; Transitions Gen S
PVO,Kodak,14,Multifocal Tradicional,Kodak,Kodak Precise,Multifocal Tradicional,Orma,1.50,Sem AR,Sem AR,standard,sim,C/M/V/A/S/R/E,sim,-9.00,+6.00,-6.00,1.00,3.50,absoluto,658.00,alt min 14mm; Transitions Gen S
PVO,Kodak,14,Multifocal Tradicional,Kodak,Kodak Precise,Multifocal Tradicional,Airwear Polypower,Poly,Crizal Prevencia,Crizal Prevencia,standard,nao,,nao,-10.00,+6.00,-6.00,1.00,3.50,absoluto,911.00,alt min 14mm
PVO,Kodak,14,Multifocal Tradicional,Kodak,Kodak Precise,Multifocal Tradicional,Airwear Polypower,Poly,Crizal Sapphire HR,Crizal Sapphire HR,standard,nao,,nao,-10.00,+6.00,-6.00,1.00,3.50,absoluto,911.00,alt min 14mm
PVO,Kodak,14,Multifocal Tradicional,Kodak,Kodak Precise,Multifocal Tradicional,Airwear Polypower,Poly,Crizal Rock,Crizal Rock,standard,nao,,nao,-10.00,+6.00,-6.00,1.00,3.50,absoluto,789.00,alt min 14mm
PVO,Kodak,14,Multifocal Tradicional,Kodak,Kodak Precise,Multifocal Tradicional,Airwear Polypower,Poly,Crizal Easy Pro,Crizal Easy Pro,standard,nao,,nao,-10.00,+6.00,-6.00,1.00,3.50,absoluto,627.00,alt min 14mm
PVO,Kodak,14,Multifocal Tradicional,Kodak,Kodak Precise,Multifocal Tradicional,Airwear Polypower,Poly,Optifog,Optifog,standard,nao,,nao,-10.00,+6.00,-6.00,1.00,3.50,absoluto,752.00,alt min 14mm
PVO,Kodak,14,Multifocal Tradicional,Kodak,Kodak Precise,Multifocal Tradicional,Airwear Polypower,Poly,No Reflex,No Reflex,standard,nao,,nao,-10.00,+6.00,-6.00,1.00,3.50,absoluto,558.00,alt min 14mm
PVO,Kodak,14,Multifocal Tradicional,Kodak,Kodak Precise,Multifocal Tradicional,Airwear Polypower,Poly,Trio Easy Clean,Trio Easy Clean,standard,nao,,nao,-10.00,+6.00,-6.00,1.00,3.50,absoluto,552.00,alt min 14mm
PVO,Kodak,14,Multifocal Tradicional,Kodak,Kodak Precise,Multifocal Tradicional,Airwear Polypower,Poly,Sem AR,Sem AR,standard,nao,,nao,-10.00,+6.00,-6.00,1.00,3.50,absoluto,446.00,alt min 14mm
PVO,Kodak,14,Multifocal Tradicional,Kodak,Kodak Precise,Multifocal Tradicional,Airwear Polypower,Poly,Crizal Prevencia,Crizal Prevencia,standard,sim,C/M/V/A/S/R/E,sim,-10.00,+6.00,-6.00,1.00,3.50,absoluto,1211.00,alt min 14mm; Transitions Gen S
PVO,Kodak,14,Multifocal Tradicional,Kodak,Kodak Precise,Multifocal Tradicional,Airwear Polypower,Poly,Crizal Sapphire HR,Crizal Sapphire HR,standard,sim,C/M/V/A/S/R/E,sim,-10.00,+6.00,-6.00,1.00,3.50,absoluto,1211.00,alt min 14mm; Transitions Gen S
PVO,Kodak,14,Multifocal Tradicional,Kodak,Kodak Precise,Multifocal Tradicional,Airwear Polypower,Poly,Crizal Rock,Crizal Rock,standard,sim,C/M/V/A/S/R/E,sim,-10.00,+6.00,-6.00,1.00,3.50,absoluto,1089.00,alt min 14mm; Transitions Gen S
PVO,Kodak,14,Multifocal Tradicional,Kodak,Kodak Precise,Multifocal Tradicional,Airwear Polypower,Poly,Crizal Easy Pro,Crizal Easy Pro,standard,sim,C/M/V/A/S/R/E,sim,-10.00,+6.00,-6.00,1.00,3.50,absoluto,927.00,alt min 14mm; Transitions Gen S
PVO,Kodak,14,Multifocal Tradicional,Kodak,Kodak Precise,Multifocal Tradicional,Airwear Polypower,Poly,Optifog,Optifog,standard,sim,C/M/V/A/S/R/E,sim,-10.00,+6.00,-6.00,1.00,3.50,absoluto,1052.00,alt min 14mm; Transitions Gen S
PVO,Kodak,14,Multifocal Tradicional,Kodak,Kodak Precise,Multifocal Tradicional,Airwear Polypower,Poly,No Reflex,No Reflex,standard,sim,C/M/V/A/S/R/E,sim,-10.00,+6.00,-6.00,1.00,3.50,absoluto,858.00,alt min 14mm; Transitions Gen S
PVO,Kodak,14,Multifocal Tradicional,Kodak,Kodak Precise,Multifocal Tradicional,Airwear Polypower,Poly,Trio Easy Clean,Trio Easy Clean,standard,sim,C/M/V/A/S/R/E,sim,-10.00,+6.00,-6.00,1.00,3.50,absoluto,852.00,alt min 14mm; Transitions Gen S
PVO,Kodak,14,Multifocal Tradicional,Kodak,Kodak Precise,Multifocal Tradicional,Airwear Polypower,Poly,Sem AR,Sem AR,standard,sim,C/M/V/A/S/R/E,sim,-10.00,+6.00,-6.00,1.00,3.50,absoluto,746.00,alt min 14mm; Transitions Gen S
PVO,Kodak,14,Ocupacional Digital,Kodak,Kodak SoftWear,Ocupacional Digital,Orma,1.50,Crizal Prevencia,Crizal Prevencia,standard,nao,,sim,-10.00,+5.00,-6.00,,,absoluto,720.00,
PVO,Kodak,14,Ocupacional Digital,Kodak,Kodak SoftWear,Ocupacional Digital,Orma,1.50,Crizal Sapphire HR,Crizal Sapphire HR,standard,nao,,sim,-10.00,+5.00,-6.00,,,absoluto,720.00,
PVO,Kodak,14,Ocupacional Digital,Kodak,Kodak SoftWear,Ocupacional Digital,Orma,1.50,Crizal Rock,Crizal Rock,standard,nao,,sim,-10.00,+5.00,-6.00,,,absoluto,598.00,
PVO,Kodak,14,Ocupacional Digital,Kodak,Kodak SoftWear,Ocupacional Digital,Orma,1.50,Crizal Easy Pro,Crizal Easy Pro,standard,nao,,sim,-10.00,+5.00,-6.00,,,absoluto,436.00,
PVO,Kodak,14,Ocupacional Digital,Kodak,Kodak SoftWear,Ocupacional Digital,Orma,1.50,Optifog,Optifog,standard,nao,,sim,-10.00,+5.00,-6.00,,,absoluto,561.00,
PVO,Kodak,14,Ocupacional Digital,Kodak,Kodak SoftWear,Ocupacional Digital,Orma,1.50,No Reflex,No Reflex,standard,nao,,sim,-10.00,+5.00,-6.00,,,absoluto,367.00,
PVO,Kodak,14,Ocupacional Digital,Kodak,Kodak SoftWear,Ocupacional Digital,Orma,1.50,Trio Easy Clean,Trio Easy Clean,standard,nao,,sim,-10.00,+5.00,-6.00,,,absoluto,361.00,
PVO,Kodak,14,Ocupacional Digital,Kodak,Kodak SoftWear,Ocupacional Digital,Orma,1.50,Verniz HC,Verniz HC,standard,nao,,sim,-10.00,+5.00,-6.00,,,absoluto,255.00,
PVO,Kodak,14,Ocupacional Digital,Kodak,Kodak SoftWear,Ocupacional Digital,Airwear Polypower,Poly,Crizal Prevencia,Crizal Prevencia,standard,nao,,sim,-10.00,+6.00,-6.00,,,absoluto,802.00,
PVO,Kodak,14,Ocupacional Digital,Kodak,Kodak SoftWear,Ocupacional Digital,Airwear Polypower,Poly,Crizal Sapphire HR,Crizal Sapphire HR,standard,nao,,sim,-10.00,+6.00,-6.00,,,absoluto,802.00,
PVO,Kodak,14,Ocupacional Digital,Kodak,Kodak SoftWear,Ocupacional Digital,Airwear Polypower,Poly,Crizal Rock,Crizal Rock,standard,nao,,sim,-10.00,+6.00,-6.00,,,absoluto,680.00,
PVO,Kodak,14,Ocupacional Digital,Kodak,Kodak SoftWear,Ocupacional Digital,Airwear Polypower,Poly,Crizal Easy Pro,Crizal Easy Pro,standard,nao,,sim,-10.00,+6.00,-6.00,,,absoluto,518.00,
PVO,Kodak,14,Ocupacional Digital,Kodak,Kodak SoftWear,Ocupacional Digital,Airwear Polypower,Poly,Optifog,Optifog,standard,nao,,sim,-10.00,+6.00,-6.00,,,absoluto,643.00,
PVO,Kodak,14,Ocupacional Digital,Kodak,Kodak SoftWear,Ocupacional Digital,Airwear Polypower,Poly,No Reflex,No Reflex,standard,nao,,sim,-10.00,+6.00,-6.00,,,absoluto,449.00,
PVO,Kodak,14,Ocupacional Digital,Kodak,Kodak SoftWear,Ocupacional Digital,Airwear Polypower,Poly,Trio Easy Clean,Trio Easy Clean,standard,nao,,sim,-10.00,+6.00,-6.00,,,absoluto,443.00,
PVO,Kodak,14,Ocupacional Digital,Kodak,Kodak SoftWear,Ocupacional Digital,Airwear Polypower,Poly,Verniz HC,Verniz HC,standard,nao,,sim,-10.00,+6.00,-6.00,,,absoluto,337.00,
PVO,Kodak,14,Ocupacional Digital,Kodak,Kodak SoftWear,Ocupacional Digital,Stylis,1.67,Crizal Prevencia,Crizal Prevencia,standard,nao,,sim,-14.00,+8.00,-6.00,,,absoluto,1252.00,
PVO,Kodak,14,Ocupacional Digital,Kodak,Kodak SoftWear,Ocupacional Digital,Stylis,1.67,Crizal Sapphire HR,Crizal Sapphire HR,standard,nao,,sim,-14.00,+8.00,-6.00,,,absoluto,1252.00,
PVO,Kodak,14,Ocupacional Digital,Kodak,Kodak SoftWear,Ocupacional Digital,Stylis,1.67,Crizal Rock,Crizal Rock,standard,nao,,sim,-14.00,+8.00,-6.00,,,absoluto,1130.00,
PVO,Kodak,14,Ocupacional Digital,Kodak,Kodak SoftWear,Ocupacional Digital,Stylis,1.67,Crizal Easy Pro,Crizal Easy Pro,standard,nao,,sim,-14.00,+8.00,-6.00,,,absoluto,968.00,
PVO,Kodak,14,Ocupacional Digital,Kodak,Kodak SoftWear,Ocupacional Digital,Stylis,1.67,Optifog,Optifog,standard,nao,,sim,-14.00,+8.00,-6.00,,,absoluto,1093.00,
PVO,Kodak,14,Ocupacional Digital,Kodak,Kodak SoftWear,Ocupacional Digital,Stylis,1.67,No Reflex,No Reflex,standard,nao,,sim,-14.00,+8.00,-6.00,,,absoluto,899.00,
PVO,Kodak,14,Ocupacional Digital,Kodak,Kodak SoftWear,Ocupacional Digital,Stylis,1.67,Trio Easy Clean,Trio Easy Clean,standard,nao,,sim,-14.00,+8.00,-6.00,,,absoluto,893.00,
PVC,Kodak,15,Visao Simples Digital,Kodak,Kodak Single,Visao Simples Digital,Orma,1.50,Crizal Prevencia,Crizal Prevencia,standard,nao,,sim,-10.00,+6.00,-6.00,,,absoluto,1259.00,
PVC,Kodak,15,Visao Simples Digital,Kodak,Kodak Single,Visao Simples Digital,Orma,1.50,Crizal Sapphire HR,Crizal Sapphire HR,standard,nao,,sim,-10.00,+6.00,-6.00,,,absoluto,1259.00,
PVC,Kodak,15,Visao Simples Digital,Kodak,Kodak Single,Visao Simples Digital,Orma,1.50,Crizal Rock,Crizal Rock,standard,nao,,sim,-10.00,+6.00,-6.00,,,absoluto,989.00,
PVC,Kodak,15,Visao Simples Digital,Kodak,Kodak Single,Visao Simples Digital,Orma,1.50,Crizal Easy Pro,Crizal Easy Pro,standard,nao,,sim,-10.00,+6.00,-6.00,,,absoluto,639.00,
PVC,Kodak,15,Visao Simples Digital,Kodak,Kodak Single,Visao Simples Digital,Orma,1.50,Optifog,Optifog,standard,nao,,sim,-10.00,+6.00,-6.00,,,absoluto,879.00,
PVC,Kodak,15,Visao Simples Digital,Kodak,Kodak Single,Visao Simples Digital,Orma,1.50,No Reflex,No Reflex,standard,nao,,sim,-10.00,+6.00,-6.00,,,absoluto,489.00,
PVC,Kodak,15,Visao Simples Digital,Kodak,Kodak Single,Visao Simples Digital,Orma,1.50,Trio Easy Clean,Trio Easy Clean,standard,nao,,sim,-10.00,+6.00,-6.00,,,absoluto,439.00,
PVC,Kodak,15,Visao Simples Digital,Kodak,Kodak Single,Visao Simples Digital,Orma,1.50,Verniz HC,Verniz HC,standard,nao,,sim,-10.00,+6.00,-6.00,,,absoluto,239.00,
PVC,Kodak,15,Visao Simples Digital,Kodak,Kodak Single,Visao Simples Digital,Orma,1.50,Crizal Prevencia,Crizal Prevencia,standard,nao,,sim,-10.00,+6.00,-6.00,,,absoluto,1339.00,+Blue UV
PVC,Kodak,15,Visao Simples Digital,Kodak,Kodak Single,Visao Simples Digital,Orma,1.50,Crizal Sapphire HR,Crizal Sapphire HR,standard,nao,,sim,-10.00,+6.00,-6.00,,,absoluto,1339.00,+Blue UV
PVC,Kodak,15,Visao Simples Digital,Kodak,Kodak Single,Visao Simples Digital,Orma,1.50,Crizal Rock,Crizal Rock,standard,nao,,sim,-10.00,+6.00,-6.00,,,absoluto,1069.00,+Blue UV
PVC,Kodak,15,Visao Simples Digital,Kodak,Kodak Single,Visao Simples Digital,Orma,1.50,Crizal Easy Pro,Crizal Easy Pro,standard,nao,,sim,-10.00,+6.00,-6.00,,,absoluto,719.00,+Blue UV
PVC,Kodak,15,Visao Simples Digital,Kodak,Kodak Single,Visao Simples Digital,Orma,1.50,Optifog,Optifog,standard,nao,,sim,-10.00,+6.00,-6.00,,,absoluto,959.00,+Blue UV
PVC,Kodak,15,Visao Simples Digital,Kodak,Kodak Single,Visao Simples Digital,Orma,1.50,No Reflex,No Reflex,standard,nao,,sim,-10.00,+6.00,-6.00,,,absoluto,569.00,+Blue UV
PVC,Kodak,15,Visao Simples Digital,Kodak,Kodak Single,Visao Simples Digital,Orma,1.50,Trio Easy Clean,Trio Easy Clean,standard,nao,,sim,-10.00,+6.00,-6.00,,,absoluto,519.00,+Blue UV
PVC,Kodak,15,Visao Simples Digital,Kodak,Kodak Single,Visao Simples Digital,Orma,1.50,Verniz HC,Verniz HC,standard,nao,,sim,-10.00,+6.00,-6.00,,,absoluto,319.00,+Blue UV
PVC,Kodak,15,Visao Simples Digital,Kodak,Kodak Single,Visao Simples Digital,Orma,1.50,Crizal Prevencia,Crizal Prevencia,standard,sim,C/M/V/A/S/R/E,sim,-10.00,+6.00,-6.00,,,absoluto,2049.00,Transitions Gen S
PVC,Kodak,15,Visao Simples Digital,Kodak,Kodak Single,Visao Simples Digital,Orma,1.50,Crizal Sapphire HR,Crizal Sapphire HR,standard,sim,C/M/V/A/S/R/E,sim,-10.00,+6.00,-6.00,,,absoluto,2049.00,Transitions Gen S
PVC,Kodak,15,Visao Simples Digital,Kodak,Kodak Single,Visao Simples Digital,Orma,1.50,Crizal Rock,Crizal Rock,standard,sim,C/M/V/A/S/R/E,sim,-10.00,+6.00,-6.00,,,absoluto,1779.00,Transitions Gen S
PVC,Kodak,15,Visao Simples Digital,Kodak,Kodak Single,Visao Simples Digital,Orma,1.50,Crizal Easy Pro,Crizal Easy Pro,standard,sim,C/M/V/A/S/R/E,sim,-10.00,+6.00,-6.00,,,absoluto,1429.00,Transitions Gen S
PVC,Kodak,15,Visao Simples Digital,Kodak,Kodak Single,Visao Simples Digital,Orma,1.50,Optifog,Optifog,standard,sim,C/M/V/A/S/R/E,sim,-10.00,+6.00,-6.00,,,absoluto,1669.00,Transitions Gen S
PVC,Kodak,15,Visao Simples Digital,Kodak,Kodak Single,Visao Simples Digital,Orma,1.50,No Reflex,No Reflex,standard,sim,C/M/V/A/S/R/E,sim,-10.00,+6.00,-6.00,,,absoluto,1279.00,Transitions Gen S
PVC,Kodak,15,Visao Simples Digital,Kodak,Kodak Single,Visao Simples Digital,Orma,1.50,Trio Easy Clean,Trio Easy Clean,standard,sim,C/M/V/A/S/R/E,sim,-10.00,+6.00,-6.00,,,absoluto,1229.00,Transitions Gen S
PVC,Kodak,15,Visao Simples Digital,Kodak,Kodak Single,Visao Simples Digital,Orma,1.50,Verniz HC,Verniz HC,standard,sim,C/M/V/A/S/R/E,sim,-10.00,+6.00,-6.00,,,absoluto,1029.00,Transitions Gen S
PVC,Kodak,15,Visao Simples Digital,Kodak,Kodak Single,Visao Simples Digital,Orma,1.50,Crizal Prevencia,Crizal Prevencia,standard,sim,C,sim,-10.00,+6.00,-6.00,,,absoluto,2119.00,Transitions Extractive
PVC,Kodak,15,Visao Simples Digital,Kodak,Kodak Single,Visao Simples Digital,Orma,1.50,Crizal Sapphire HR,Crizal Sapphire HR,standard,sim,C,sim,-10.00,+6.00,-6.00,,,absoluto,2119.00,Transitions Extractive
PVC,Kodak,15,Visao Simples Digital,Kodak,Kodak Single,Visao Simples Digital,Orma,1.50,Crizal Rock,Crizal Rock,standard,sim,C,sim,-10.00,+6.00,-6.00,,,absoluto,1849.00,Transitions Extractive
PVC,Kodak,15,Visao Simples Digital,Kodak,Kodak Single,Visao Simples Digital,Orma,1.50,Crizal Easy Pro,Crizal Easy Pro,standard,sim,C,sim,-10.00,+6.00,-6.00,,,absoluto,1499.00,Transitions Extractive
PVC,Kodak,15,Visao Simples Digital,Kodak,Kodak Single,Visao Simples Digital,Orma,1.50,Optifog,Optifog,standard,sim,C,sim,-10.00,+6.00,-6.00,,,absoluto,1739.00,Transitions Extractive
PVC,Kodak,15,Visao Simples Digital,Kodak,Kodak Single,Visao Simples Digital,Orma,1.50,No Reflex,No Reflex,standard,sim,C,sim,-10.00,+6.00,-6.00,,,absoluto,1349.00,Transitions Extractive
PVC,Kodak,15,Visao Simples Digital,Kodak,Kodak Single,Visao Simples Digital,Orma,1.50,Trio Easy Clean,Trio Easy Clean,standard,sim,C,sim,-10.00,+6.00,-6.00,,,absoluto,1299.00,Transitions Extractive
PVC,Kodak,15,Visao Simples Digital,Kodak,Kodak Single,Visao Simples Digital,Orma,1.50,Verniz HC,Verniz HC,standard,sim,C,sim,-10.00,+6.00,-6.00,,,absoluto,1099.00,Transitions Extractive
PVC,Kodak,15,Visao Simples Digital,Kodak,Kodak Single,Visao Simples Digital,Airwear Polypower,Poly,Crizal Prevencia,Crizal Prevencia,standard,nao,,sim,-10.00,+6.00,-6.00,,,absoluto,1429.00,
PVC,Kodak,15,Visao Simples Digital,Kodak,Kodak Single,Visao Simples Digital,Airwear Polypower,Poly,Crizal Sapphire HR,Crizal Sapphire HR,standard,nao,,sim,-10.00,+6.00,-6.00,,,absoluto,1429.00,
PVC,Kodak,15,Visao Simples Digital,Kodak,Kodak Single,Visao Simples Digital,Airwear Polypower,Poly,Crizal Rock,Crizal Rock,standard,nao,,sim,-10.00,+6.00,-6.00,,,absoluto,1159.00,
PVC,Kodak,15,Visao Simples Digital,Kodak,Kodak Single,Visao Simples Digital,Airwear Polypower,Poly,Crizal Easy Pro,Crizal Easy Pro,standard,nao,,sim,-10.00,+6.00,-6.00,,,absoluto,809.00,
PVC,Kodak,15,Visao Simples Digital,Kodak,Kodak Single,Visao Simples Digital,Airwear Polypower,Poly,Optifog,Optifog,standard,nao,,sim,-10.00,+6.00,-6.00,,,absoluto,1049.00,
PVC,Kodak,15,Visao Simples Digital,Kodak,Kodak Single,Visao Simples Digital,Airwear Polypower,Poly,No Reflex,No Reflex,standard,nao,,sim,-10.00,+6.00,-6.00,,,absoluto,659.00,
PVC,Kodak,15,Visao Simples Digital,Kodak,Kodak Single,Visao Simples Digital,Airwear Polypower,Poly,Trio Easy Clean,Trio Easy Clean,standard,nao,,sim,-10.00,+6.00,-6.00,,,absoluto,609.00,
PVC,Kodak,15,Visao Simples Digital,Kodak,Kodak Single,Visao Simples Digital,Airwear Polypower,Poly,Verniz HC,Verniz HC,standard,nao,,sim,-10.00,+6.00,-6.00,,,absoluto,409.00,
PVC,Kodak,15,Visao Simples Digital,Kodak,Kodak Single,Visao Simples Digital,Airwear Polypower,Poly,Crizal Prevencia,Crizal Prevencia,standard,sim,C/M/V/A/S/R/E,sim,-10.00,+6.00,-6.00,,,absoluto,2219.00,Transitions Gen S
PVC,Kodak,15,Visao Simples Digital,Kodak,Kodak Single,Visao Simples Digital,Airwear Polypower,Poly,Crizal Sapphire HR,Crizal Sapphire HR,standard,sim,C/M/V/A/S/R/E,sim,-10.00,+6.00,-6.00,,,absoluto,2219.00,Transitions Gen S
PVC,Kodak,15,Visao Simples Digital,Kodak,Kodak Single,Visao Simples Digital,Airwear Polypower,Poly,Crizal Rock,Crizal Rock,standard,sim,C/M/V/A/S/R/E,sim,-10.00,+6.00,-6.00,,,absoluto,1949.00,Transitions Gen S
PVC,Kodak,15,Visao Simples Digital,Kodak,Kodak Single,Visao Simples Digital,Airwear Polypower,Poly,Crizal Easy Pro,Crizal Easy Pro,standard,sim,C/M/V/A/S/R/E,sim,-10.00,+6.00,-6.00,,,absoluto,1599.00,Transitions Gen S
PVC,Kodak,15,Visao Simples Digital,Kodak,Kodak Single,Visao Simples Digital,Airwear Polypower,Poly,Optifog,Optifog,standard,sim,C/M/V/A/S/R/E,sim,-10.00,+6.00,-6.00,,,absoluto,1839.00,Transitions Gen S
PVC,Kodak,15,Visao Simples Digital,Kodak,Kodak Single,Visao Simples Digital,Airwear Polypower,Poly,No Reflex,No Reflex,standard,sim,C/M/V/A/S/R/E,sim,-10.00,+6.00,-6.00,,,absoluto,1449.00,Transitions Gen S
PVC,Kodak,15,Visao Simples Digital,Kodak,Kodak Single,Visao Simples Digital,Airwear Polypower,Poly,Trio Easy Clean,Trio Easy Clean,standard,sim,C/M/V/A/S/R/E,sim,-10.00,+6.00,-6.00,,,absoluto,1399.00,Transitions Gen S
PVC,Kodak,15,Visao Simples Digital,Kodak,Kodak Single,Visao Simples Digital,Airwear Polypower,Poly,Verniz HC,Verniz HC,standard,sim,C/M/V/A/S/R/E,sim,-10.00,+6.00,-6.00,,,absoluto,1199.00,Transitions Gen S
PVC,Kodak,15,Visao Simples Digital,Kodak,Kodak Single,Visao Simples Digital,Airwear Polypower,Poly,Crizal Prevencia,Crizal Prevencia,standard,sim,C,sim,-10.00,+6.00,-6.00,,,absoluto,2289.00,Transitions Extractive
PVC,Kodak,15,Visao Simples Digital,Kodak,Kodak Single,Visao Simples Digital,Airwear Polypower,Poly,Crizal Sapphire HR,Crizal Sapphire HR,standard,sim,C,sim,-10.00,+6.00,-6.00,,,absoluto,2289.00,Transitions Extractive
PVC,Kodak,15,Visao Simples Digital,Kodak,Kodak Single,Visao Simples Digital,Airwear Polypower,Poly,Crizal Rock,Crizal Rock,standard,sim,C,sim,-10.00,+6.00,-6.00,,,absoluto,2019.00,Transitions Extractive
PVC,Kodak,15,Visao Simples Digital,Kodak,Kodak Single,Visao Simples Digital,Airwear Polypower,Poly,Crizal Easy Pro,Crizal Easy Pro,standard,sim,C,sim,-10.00,+6.00,-6.00,,,absoluto,1669.00,Transitions Extractive
PVC,Kodak,15,Visao Simples Digital,Kodak,Kodak Single,Visao Simples Digital,Airwear Polypower,Poly,Optifog,Optifog,standard,sim,C,sim,-10.00,+6.00,-6.00,,,absoluto,1909.00,Transitions Extractive
PVC,Kodak,15,Visao Simples Digital,Kodak,Kodak Single,Visao Simples Digital,Airwear Polypower,Poly,No Reflex,No Reflex,standard,sim,C,sim,-10.00,+6.00,-6.00,,,absoluto,1519.00,Transitions Extractive
PVC,Kodak,15,Visao Simples Digital,Kodak,Kodak Single,Visao Simples Digital,Airwear Polypower,Poly,Trio Easy Clean,Trio Easy Clean,standard,sim,C,sim,-10.00,+6.00,-6.00,,,absoluto,1469.00,Transitions Extractive
PVC,Kodak,15,Visao Simples Digital,Kodak,Kodak Single,Visao Simples Digital,Airwear Polypower,Poly,Verniz HC,Verniz HC,standard,sim,C,sim,-10.00,+6.00,-6.00,,,absoluto,1269.00,Transitions Extractive
PVC,Kodak,15,Visao Simples Digital,Kodak,Kodak Single,Visao Simples Digital,Stylis,1.67,Crizal Prevencia,Crizal Prevencia,standard,nao,,sim,-14.00,+8.00,-6.00,,,absoluto,2349.00,
PVC,Kodak,15,Visao Simples Digital,Kodak,Kodak Single,Visao Simples Digital,Stylis,1.67,Crizal Sapphire HR,Crizal Sapphire HR,standard,nao,,sim,-14.00,+8.00,-6.00,,,absoluto,2349.00,
PVC,Kodak,15,Visao Simples Digital,Kodak,Kodak Single,Visao Simples Digital,Stylis,1.67,Crizal Rock,Crizal Rock,standard,nao,,sim,-14.00,+8.00,-6.00,,,absoluto,2079.00,
PVC,Kodak,15,Visao Simples Digital,Kodak,Kodak Single,Visao Simples Digital,Stylis,1.67,Crizal Easy Pro,Crizal Easy Pro,standard,nao,,sim,-14.00,+8.00,-6.00,,,absoluto,1729.00,
PVC,Kodak,15,Visao Simples Digital,Kodak,Kodak Single,Visao Simples Digital,Stylis,1.67,Optifog,Optifog,standard,nao,,sim,-14.00,+8.00,-6.00,,,absoluto,1969.00,
PVC,Kodak,15,Visao Simples Digital,Kodak,Kodak Single,Visao Simples Digital,Stylis,1.67,No Reflex,No Reflex,standard,nao,,sim,-14.00,+8.00,-6.00,,,absoluto,1579.00,
PVC,Kodak,15,Visao Simples Digital,Kodak,Kodak Single,Visao Simples Digital,Stylis,1.67,Trio Easy Clean,Trio Easy Clean,standard,nao,,sim,-14.00,+8.00,-6.00,,,absoluto,1529.00,
PVC,Kodak,15,Visao Simples Digital,Kodak,Kodak Single,Visao Simples Digital,Stylis,1.67,Crizal Prevencia,Crizal Prevencia,standard,sim,C/M/V,sim,-14.00,+8.00,-6.00,,,absoluto,3139.00,Transitions Gen S
PVC,Kodak,15,Visao Simples Digital,Kodak,Kodak Single,Visao Simples Digital,Stylis,1.67,Crizal Sapphire HR,Crizal Sapphire HR,standard,sim,C/M/V,sim,-14.00,+8.00,-6.00,,,absoluto,3139.00,Transitions Gen S
PVC,Kodak,15,Visao Simples Digital,Kodak,Kodak Single,Visao Simples Digital,Stylis,1.67,Crizal Rock,Crizal Rock,standard,sim,C/M/V,sim,-14.00,+8.00,-6.00,,,absoluto,2869.00,Transitions Gen S
PVC,Kodak,15,Visao Simples Digital,Kodak,Kodak Single,Visao Simples Digital,Stylis,1.67,Crizal Easy Pro,Crizal Easy Pro,standard,sim,C/M/V,sim,-14.00,+8.00,-6.00,,,absoluto,2519.00,Transitions Gen S
PVC,Kodak,15,Visao Simples Digital,Kodak,Kodak Single,Visao Simples Digital,Stylis,1.67,Optifog,Optifog,standard,sim,C/M/V,sim,-14.00,+8.00,-6.00,,,absoluto,2759.00,Transitions Gen S
PVC,Kodak,15,Visao Simples Digital,Kodak,Kodak Single,Visao Simples Digital,Stylis,1.67,No Reflex,No Reflex,standard,sim,C/M/V,sim,-14.00,+8.00,-6.00,,,absoluto,2369.00,Transitions Gen S
PVC,Kodak,15,Visao Simples Digital,Kodak,Kodak Single,Visao Simples Digital,Stylis,1.67,Trio Easy Clean,Trio Easy Clean,standard,sim,C/M/V,sim,-14.00,+8.00,-6.00,,,absoluto,2319.00,Transitions Gen S
PVC,Kodak,15,Visao Simples Digital,Kodak,Kodak Single,Visao Simples Digital,Stylis,1.74,Crizal Sapphire HR,Crizal Sapphire HR,standard,nao,,sim,-18.00,+13.00,-6.00,,,absoluto,3059.00,
PVC,Kodak,15,Visao Simples Digital,Kodak,Kodak Single,Visao Simples Digital,Stylis,1.74,Crizal Sapphire HR,Crizal Sapphire HR,standard,sim,C,sim,-18.00,+13.00,-6.00,,,absoluto,3849.00,Transitions Gen S
PVC,Kodak,15,Lentes Prontas,Kodak,Lentes Prontas Kodak,,City 1.67,Stylis,1.67,,,,nao,,sim,-10.00 a 0.00; -12.00 a -10.25,,,-2.00,absoluto,,
PVC,Kodak,15,Lentes Prontas,Kodak,Lentes Prontas Kodak,,City Poly,Airwear Polypower,Poly,,,,nao,,sim,-8.00,+4.00,-2.00,,absoluto,,429.00
PVC,Kodak,15,Lentes Prontas,Kodak,Lentes Prontas Kodak,,City 1.56,,1.56,,,,nao,,sim,-6.00,+6.00,-2.00,,absoluto,,329.00
PVC,Kodak,15,Lentes Prontas,Kodak,Lentes Prontas Kodak,,No Reflex 1.50 Transitions Gen S cinza,Orma,1.50,,,,sim,C,sim,-4.00,+4.00,-2.00,,absoluto,,649.00
PVC,Kodak,15,Lentes Prontas,Kodak,Lentes Prontas Kodak,,Blue 1.67,Stylis,1.67,,,,nao,,sim,-10.00,+6.00,-2.00,,absoluto,,879.00
PVC,Kodak,15,Lentes Prontas,Kodak,Lentes Prontas Kodak,,Blue Poly,Airwear Polypower,Poly,,,,nao,,sim,-8.00,+4.00,-2.00,,absoluto,,319.00
PVC,Kodak,15,Lentes Prontas,Kodak,Lentes Prontas Kodak,,Blue 1.56,,1.56,,,,nao,,sim,-6.00,+4.00,-2.00,,absoluto,,219.00
PVC,Kodak,15,Lentes Prontas,Kodak,Lentes Prontas Kodak,,Intro Poly,Airwear Polypower,Poly,,,,nao,,nao,-8.00,+4.00,-2.00,,absoluto,,209.00
PVC,Kodak,15,Lentes Prontas,Kodak,Lentes Prontas Kodak,,Intro 1.56,,1.56,,,,nao,,nao,-6.00,+6.00,-2.00,,absoluto,,109.00
PVC,Kodak,15,Lentes Coloridas - Multifocal Digital,Kodak,Kodak Easy Sun,Solar,Orma,1.50,Crizal Sapphire HR Face Interna,Crizal Sapphire HR,internal,nao,,nao,-10.00,+5.00,-6.00,1.00,3.50,absoluto,1689.00,Xperio cinza/marrom/verde
PVC,Kodak,15,Lentes Coloridas - Multifocal Digital,Kodak,Kodak Easy Sun,Solar,Orma,1.50,Optifog,Optifog,standard,nao,,nao,-10.00,+5.00,-6.00,1.00,3.50,absoluto,1669.00,Xperio cinza/marrom/verde
PVC,Kodak,15,Lentes Coloridas - Multifocal Digital,Kodak,Kodak Easy Sun,Solar,Orma,1.50,Verniz HC,Verniz HC,standard,nao,,nao,-10.00,+5.00,-6.00,1.00,3.50,absoluto,1029.00,Xperio cinza/marrom/verde
PVC,Kodak,15,Lentes Coloridas - Multifocal Digital,Kodak,Kodak Easy Sun,Solar,Airwear Polypower,Poly,Crizal Sapphire HR Face Interna,Crizal Sapphire HR,internal,nao,,nao,-10.00,+6.00,-6.00,1.00,3.50,absoluto,1909.00,Xperio cinza/marrom/verde
PVC,Kodak,15,Lentes Coloridas - Multifocal Digital,Kodak,Kodak Easy Sun,Solar,Airwear Polypower,Poly,Optifog,Optifog,standard,nao,,nao,-10.00,+6.00,-6.00,1.00,3.50,absoluto,1889.00,Xperio cinza/marrom/verde
PVC,Kodak,15,Lentes Coloridas - Multifocal Digital,Kodak,Kodak Easy Sun,Solar,Airwear Polypower,Poly,Verniz HC,Verniz HC,standard,nao,,nao,-10.00,+6.00,-6.00,1.00,3.50,absoluto,1249.00,Xperio cinza/marrom/verde
PVC,Kodak,15,Lentes Coloridas - Multifocal Digital,Kodak,Kodak Easy Sun,Coloracao padrao,Orma,1.50,Verniz HC,Verniz HC,standard,nao,,nao,-10.00,+5.00,-6.00,1.00,3.50,absoluto,639.00,adicao 1.00 a 3.50; alt min 14mm
PVC,Kodak,15,Lentes Coloridas - Multifocal Digital,Kodak,Kodak Easy Sun,Coloracao especial,Orma,1.50,Verniz HC,Verniz HC,standard,nao,,nao,-10.00,+5.00,-6.00,1.00,3.50,absoluto,749.00,adicao 1.00 a 3.50; alt min 14mm
PVC,Kodak,15,Lentes Coloridas - Multifocal Digital,Kodak,Kodak Easy Sun,Coloracao padrao,Airwear Polypower,Poly,Verniz HC,Verniz HC,standard,nao,,nao,-10.00,+6.00,-6.00,1.00,3.50,absoluto,859.00,adicao 1.00 a 3.50; alt min 14mm
PVC,Kodak,15,Lentes Coloridas - Multifocal Digital,Kodak,Kodak Easy Sun,Coloracao especial,Airwear Polypower,Poly,Verniz HC,Verniz HC,standard,nao,,nao,-10.00,+6.00,-6.00,1.00,3.50,absoluto,969.00,adicao 1.00 a 3.50; alt min 14mm
PVC,Kodak,15,Lentes Coloridas - Visao Simples Digital,Kodak,Kodak Single Sun,Solar,Orma,1.50,Crizal Sapphire HR Face Interna,Crizal Sapphire HR,internal,nao,,nao,-10.00,+6.00,-6.00,,,absoluto,1359.00,Xperio cinza/marrom/verde
PVC,Kodak,15,Lentes Coloridas - Visao Simples Digital,Kodak,Kodak Single Sun,Solar,Orma,1.50,Optifog,Optifog,standard,nao,,nao,-10.00,+6.00,-6.00,,,absoluto,1339.00,Xperio cinza/marrom/verde
PVC,Kodak,15,Lentes Coloridas - Visao Simples Digital,Kodak,Kodak Single Sun,Solar,Orma,1.50,Verniz HC,Verniz HC,standard,nao,,nao,-10.00,+6.00,-6.00,,,absoluto,699.00,Xperio cinza/marrom/verde
PVC,Kodak,15,Lentes Coloridas - Visao Simples Digital,Kodak,Kodak Single Sun,Solar,Airwear Polypower,Poly,Crizal Sapphire HR Face Interna,Crizal Sapphire HR,internal,nao,,nao,-10.00,+6.00,-6.00,,,absoluto,1529.00,Xperio cinza/marrom/verde
PVC,Kodak,15,Lentes Coloridas - Visao Simples Digital,Kodak,Kodak Single Sun,Solar,Airwear Polypower,Poly,Optifog,Optifog,standard,nao,,nao,-10.00,+6.00,-6.00,,,absoluto,1509.00,Xperio cinza/marrom/verde
PVC,Kodak,15,Lentes Coloridas - Visao Simples Digital,Kodak,Kodak Single Sun,Solar,Airwear Polypower,Poly,Verniz HC,Verniz HC,standard,nao,,nao,-10.00,+6.00,-6.00,,,absoluto,869.00,Xperio cinza/marrom/verde
PVC,Kodak,15,Lentes Coloridas - Visao Simples Digital,Kodak,Kodak Single Sun,Coloracao padrao,Orma,1.50,Verniz HC,Verniz HC,standard,nao,,nao,-10.00,+6.00,-6.00,,,absoluto,399.00,
PVC,Kodak,15,Lentes Coloridas - Visao Simples Digital,Kodak,Kodak Single Sun,Coloracao especial,Orma,1.50,Verniz HC,Verniz HC,standard,nao,,nao,-10.00,+6.00,-6.00,,,absoluto,509.00,
PVC,Kodak,15,Lentes Coloridas - Visao Simples Digital,Kodak,Kodak Single Sun,Coloracao padrao,Airwear Polypower,Poly,Verniz HC,Verniz HC,standard,nao,,nao,-10.00,+6.00,-6.00,,,absoluto,569.00,
PVC,Kodak,15,Lentes Coloridas - Visao Simples Digital,Kodak,Kodak Single Sun,Coloracao especial,Airwear Polypower,Poly,Verniz HC,Verniz HC,standard,nao,,nao,-10.00,+6.00,-6.00,,,absoluto,679.00,
PVO,Kodak,15,Visao Simples Digital,Kodak,Kodak Single,Visao Simples Digital,Orma,1.50,Crizal Prevencia,Crizal Prevencia,standard,nao,,sim,-10.00,+6.00,-6.00,,,absoluto,627.00,
PVO,Kodak,15,Visao Simples Digital,Kodak,Kodak Single,Visao Simples Digital,Orma,1.50,Crizal Sapphire HR,Crizal Sapphire HR,standard,nao,,sim,-10.00,+6.00,-6.00,,,absoluto,627.00,
PVO,Kodak,15,Visao Simples Digital,Kodak,Kodak Single,Visao Simples Digital,Orma,1.50,Crizal Rock,Crizal Rock,standard,nao,,sim,-10.00,+6.00,-6.00,,,absoluto,505.00,
PVO,Kodak,15,Visao Simples Digital,Kodak,Kodak Single,Visao Simples Digital,Orma,1.50,Crizal Easy Pro,Crizal Easy Pro,standard,nao,,sim,-10.00,+6.00,-6.00,,,absoluto,343.00,
PVO,Kodak,15,Visao Simples Digital,Kodak,Kodak Single,Visao Simples Digital,Orma,1.50,Optifog,Optifog,standard,nao,,sim,-10.00,+6.00,-6.00,,,absoluto,468.00,
PVO,Kodak,15,Visao Simples Digital,Kodak,Kodak Single,Visao Simples Digital,Orma,1.50,No Reflex,No Reflex,standard,nao,,sim,-10.00,+6.00,-6.00,,,absoluto,274.00,
PVO,Kodak,15,Visao Simples Digital,Kodak,Kodak Single,Visao Simples Digital,Orma,1.50,Trio Easy Clean,Trio Easy Clean,standard,nao,,sim,-10.00,+6.00,-6.00,,,absoluto,268.00,
PVO,Kodak,15,Visao Simples Digital,Kodak,Kodak Single,Visao Simples Digital,Orma,1.50,Verniz HC,Verniz HC,standard,nao,,sim,-10.00,+6.00,-6.00,,,absoluto,162.00,
PVO,Kodak,15,Visao Simples Digital,Kodak,Kodak Single,Visao Simples Digital,Orma,1.50,Crizal Prevencia,Crizal Prevencia,standard,nao,,sim,-10.00,+6.00,-6.00,,,absoluto,675.00,+Blue UV
PVO,Kodak,15,Visao Simples Digital,Kodak,Kodak Single,Visao Simples Digital,Orma,1.50,Crizal Sapphire HR,Crizal Sapphire HR,standard,nao,,sim,-10.00,+6.00,-6.00,,,absoluto,675.00,+Blue UV
PVO,Kodak,15,Visao Simples Digital,Kodak,Kodak Single,Visao Simples Digital,Orma,1.50,Crizal Rock,Crizal Rock,standard,nao,,sim,-10.00,+6.00,-6.00,,,absoluto,553.00,+Blue UV
PVO,Kodak,15,Visao Simples Digital,Kodak,Kodak Single,Visao Simples Digital,Orma,1.50,Crizal Easy Pro,Crizal Easy Pro,standard,nao,,sim,-10.00,+6.00,-6.00,,,absoluto,391.00,+Blue UV
PVO,Kodak,15,Visao Simples Digital,Kodak,Kodak Single,Visao Simples Digital,Orma,1.50,Optifog,Optifog,standard,nao,,sim,-10.00,+6.00,-6.00,,,absoluto,516.00,+Blue UV
PVO,Kodak,15,Visao Simples Digital,Kodak,Kodak Single,Visao Simples Digital,Orma,1.50,No Reflex,No Reflex,standard,nao,,sim,-10.00,+6.00,-6.00,,,absoluto,322.00,+Blue UV
PVO,Kodak,15,Visao Simples Digital,Kodak,Kodak Single,Visao Simples Digital,Orma,1.50,Trio Easy Clean,Trio Easy Clean,standard,nao,,sim,-10.00,+6.00,-6.00,,,absoluto,316.00,+Blue UV
PVO,Kodak,15,Visao Simples Digital,Kodak,Kodak Single,Visao Simples Digital,Orma,1.50,Verniz HC,Verniz HC,standard,nao,,sim,-10.00,+6.00,-6.00,,,absoluto,210.00,+Blue UV
PVO,Kodak,15,Visao Simples Digital,Kodak,Kodak Single,Visao Simples Digital,Orma,1.50,Crizal Prevencia,Crizal Prevencia,standard,sim,C/M/V/A/S/R/E,sim,-10.00,+6.00,-6.00,,,absoluto,916.00,Transitions Gen S
PVO,Kodak,15,Visao Simples Digital,Kodak,Kodak Single,Visao Simples Digital,Orma,1.50,Crizal Sapphire HR,Crizal Sapphire HR,standard,sim,C/M/V/A/S/R/E,sim,-10.00,+6.00,-6.00,,,absoluto,916.00,Transitions Gen S
PVO,Kodak,15,Visao Simples Digital,Kodak,Kodak Single,Visao Simples Digital,Orma,1.50,Crizal Rock,Crizal Rock,standard,sim,C/M/V/A/S/R/E,sim,-10.00,+6.00,-6.00,,,absoluto,794.00,Transitions Gen S
PVO,Kodak,15,Visao Simples Digital,Kodak,Kodak Single,Visao Simples Digital,Orma,1.50,Crizal Easy Pro,Crizal Easy Pro,standard,sim,C/M/V/A/S/R/E,sim,-10.00,+6.00,-6.00,,,absoluto,632.00,Transitions Gen S
PVO,Kodak,15,Visao Simples Digital,Kodak,Kodak Single,Visao Simples Digital,Orma,1.50,Optifog,Optifog,standard,sim,C/M/V/A/S/R/E,sim,-10.00,+6.00,-6.00,,,absoluto,757.00,Transitions Gen S
PVO,Kodak,15,Visao Simples Digital,Kodak,Kodak Single,Visao Simples Digital,Orma,1.50,No Reflex,No Reflex,standard,sim,C/M/V/A/S/R/E,sim,-10.00,+6.00,-6.00,,,absoluto,563.00,Transitions Gen S
PVO,Kodak,15,Visao Simples Digital,Kodak,Kodak Single,Visao Simples Digital,Orma,1.50,Trio Easy Clean,Trio Easy Clean,standard,sim,C/M/V/A/S/R/E,sim,-10.00,+6.00,-6.00,,,absoluto,557.00,Transitions Gen S
PVO,Kodak,15,Visao Simples Digital,Kodak,Kodak Single,Visao Simples Digital,Orma,1.50,Verniz HC,Verniz HC,standard,sim,C/M/V/A/S/R/E,sim,-10.00,+6.00,-6.00,,,absoluto,451.00,Transitions Gen S
PVO,Kodak,15,Visao Simples Digital,Kodak,Kodak Single,Visao Simples Digital,Orma,1.50,Crizal Prevencia,Crizal Prevencia,standard,sim,C,sim,-10.00,+6.00,-6.00,,,absoluto,948.00,Transitions Extractive
PVO,Kodak,15,Visao Simples Digital,Kodak,Kodak Single,Visao Simples Digital,Orma,1.50,Crizal Sapphire HR,Crizal Sapphire HR,standard,sim,C,sim,-10.00,+6.00,-6.00,,,absoluto,948.00,Transitions Extractive
PVO,Kodak,15,Visao Simples Digital,Kodak,Kodak Single,Visao Simples Digital,Orma,1.50,Crizal Rock,Crizal Rock,standard,sim,C,sim,-10.00,+6.00,-6.00,,,absoluto,826.00,Transitions Extractive
PVO,Kodak,15,Visao Simples Digital,Kodak,Kodak Single,Visao Simples Digital,Orma,1.50,Crizal Easy Pro,Crizal Easy Pro,standard,sim,C,sim,-10.00,+6.00,-6.00,,,absoluto,664.00,Transitions Extractive
PVO,Kodak,15,Visao Simples Digital,Kodak,Kodak Single,Visao Simples Digital,Orma,1.50,Optifog,Optifog,standard,sim,C,sim,-10.00,+6.00,-6.00,,,absoluto,789.00,Transitions Extractive
PVO,Kodak,15,Visao Simples Digital,Kodak,Kodak Single,Visao Simples Digital,Orma,1.50,No Reflex,No Reflex,standard,sim,C,sim,-10.00,+6.00,-6.00,,,absoluto,595.00,Transitions Extractive
PVO,Kodak,15,Visao Simples Digital,Kodak,Kodak Single,Visao Simples Digital,Orma,1.50,Trio Easy Clean,Trio Easy Clean,standard,sim,C,sim,-10.00,+6.00,-6.00,,,absoluto,589.00,Transitions Extractive
PVO,Kodak,15,Visao Simples Digital,Kodak,Kodak Single,Visao Simples Digital,Orma,1.50,Verniz HC,Verniz HC,standard,sim,C,sim,-10.00,+6.00,-6.00,,,absoluto,483.00,Transitions Extractive
PVO,Kodak,15,Visao Simples Digital,Kodak,Kodak Single,Visao Simples Digital,Airwear Polypower,Poly,Crizal Prevencia,Crizal Prevencia,standard,nao,,sim,-10.00,+6.00,-6.00,,,absoluto,690.00,
PVO,Kodak,15,Visao Simples Digital,Kodak,Kodak Single,Visao Simples Digital,Airwear Polypower,Poly,Crizal Sapphire HR,Crizal Sapphire HR,standard,nao,,sim,-10.00,+6.00,-6.00,,,absoluto,690.00,
PVO,Kodak,15,Visao Simples Digital,Kodak,Kodak Single,Visao Simples Digital,Airwear Polypower,Poly,Crizal Rock,Crizal Rock,standard,nao,,sim,-10.00,+6.00,-6.00,,,absoluto,568.00,
PVO,Kodak,15,Visao Simples Digital,Kodak,Kodak Single,Visao Simples Digital,Airwear Polypower,Poly,Crizal Easy Pro,Crizal Easy Pro,standard,nao,,sim,-10.00,+6.00,-6.00,,,absoluto,406.00,
PVO,Kodak,15,Visao Simples Digital,Kodak,Kodak Single,Visao Simples Digital,Airwear Polypower,Poly,Optifog,Optifog,standard,nao,,sim,-10.00,+6.00,-6.00,,,absoluto,531.00,
PVO,Kodak,15,Visao Simples Digital,Kodak,Kodak Single,Visao Simples Digital,Airwear Polypower,Poly,No Reflex,No Reflex,standard,nao,,sim,-10.00,+6.00,-6.00,,,absoluto,337.00,
PVO,Kodak,15,Visao Simples Digital,Kodak,Kodak Single,Visao Simples Digital,Airwear Polypower,Poly,Trio Easy Clean,Trio Easy Clean,standard,nao,,sim,-10.00,+6.00,-6.00,,,absoluto,331.00,
PVO,Kodak,15,Visao Simples Digital,Kodak,Kodak Single,Visao Simples Digital,Airwear Polypower,Poly,Verniz HC,Verniz HC,standard,nao,,sim,-10.00,+6.00,-6.00,,,absoluto,225.00,
PVO,Kodak,15,Visao Simples Digital,Kodak,Kodak Single,Visao Simples Digital,Airwear Polypower,Poly,Crizal Prevencia,Crizal Prevencia,standard,sim,C/M/V/A/S/R/E,sim,-10.00,+6.00,-6.00,,,absoluto,986.00,Transitions Gen S
PVO,Kodak,15,Visao Simples Digital,Kodak,Kodak Single,Visao Simples Digital,Airwear Polypower,Poly,Crizal Sapphire HR,Crizal Sapphire HR,standard,sim,C/M/V/A/S/R/E,sim,-10.00,+6.00,-6.00,,,absoluto,986.00,Transitions Gen S
PVO,Kodak,15,Visao Simples Digital,Kodak,Kodak Single,Visao Simples Digital,Airwear Polypower,Poly,Crizal Rock,Crizal Rock,standard,sim,C/M/V/A/S/R/E,sim,-10.00,+6.00,-6.00,,,absoluto,864.00,Transitions Gen S
PVO,Kodak,15,Visao Simples Digital,Kodak,Kodak Single,Visao Simples Digital,Airwear Polypower,Poly,Crizal Easy Pro,Crizal Easy Pro,standard,sim,C/M/V/A/S/R/E,sim,-10.00,+6.00,-6.00,,,absoluto,702.00,Transitions Gen S
PVO,Kodak,15,Visao Simples Digital,Kodak,Kodak Single,Visao Simples Digital,Airwear Polypower,Poly,Optifog,Optifog,standard,sim,C/M/V/A/S/R/E,sim,-10.00,+6.00,-6.00,,,absoluto,827.00,Transitions Gen S
PVO,Kodak,15,Visao Simples Digital,Kodak,Kodak Single,Visao Simples Digital,Airwear Polypower,Poly,No Reflex,No Reflex,standard,sim,C/M/V/A/S/R/E,sim,-10.00,+6.00,-6.00,,,absoluto,633.00,Transitions Gen S
PVO,Kodak,15,Visao Simples Digital,Kodak,Kodak Single,Visao Simples Digital,Airwear Polypower,Poly,Trio Easy Clean,Trio Easy Clean,standard,sim,C/M/V/A/S/R/E,sim,-10.00,+6.00,-6.00,,,absoluto,627.00,Transitions Gen S
PVO,Kodak,15,Visao Simples Digital,Kodak,Kodak Single,Visao Simples Digital,Airwear Polypower,Poly,Verniz HC,Verniz HC,standard,sim,C/M/V/A/S/R/E,sim,-10.00,+6.00,-6.00,,,absoluto,521.00,Transitions Gen S
PVO,Kodak,15,Visao Simples Digital,Kodak,Kodak Single,Visao Simples Digital,Airwear Polypower,Poly,Crizal Prevencia,Crizal Prevencia,standard,sim,C,sim,-10.00,+6.00,-6.00,,,absoluto,1018.00,Transitions Extractive
PVO,Kodak,15,Visao Simples Digital,Kodak,Kodak Single,Visao Simples Digital,Airwear Polypower,Poly,Crizal Sapphire HR,Crizal Sapphire HR,standard,sim,C,sim,-10.00,+6.00,-6.00,,,absoluto,1018.00,Transitions Extractive
PVO,Kodak,15,Visao Simples Digital,Kodak,Kodak Single,Visao Simples Digital,Airwear Polypower,Poly,Crizal Rock,Crizal Rock,standard,sim,C,sim,-10.00,+6.00,-6.00,,,absoluto,896.00,Transitions Extractive
PVO,Kodak,15,Visao Simples Digital,Kodak,Kodak Single,Visao Simples Digital,Airwear Polypower,Poly,Crizal Easy Pro,Crizal Easy Pro,standard,sim,C,sim,-10.00,+6.00,-6.00,,,absoluto,734.00,Transitions Extractive
PVO,Kodak,15,Visao Simples Digital,Kodak,Kodak Single,Visao Simples Digital,Airwear Polypower,Poly,Optifog,Optifog,standard,sim,C,sim,-10.00,+6.00,-6.00,,,absoluto,859.00,Transitions Extractive
PVO,Kodak,15,Visao Simples Digital,Kodak,Kodak Single,Visao Simples Digital,Airwear Polypower,Poly,No Reflex,No Reflex,standard,sim,C,sim,-10.00,+6.00,-6.00,,,absoluto,665.00,Transitions Extractive
PVO,Kodak,15,Visao Simples Digital,Kodak,Kodak Single,Visao Simples Digital,Airwear Polypower,Poly,Trio Easy Clean,Trio Easy Clean,standard,sim,C,sim,-10.00,+6.00,-6.00,,,absoluto,659.00,Transitions Extractive
PVO,Kodak,15,Visao Simples Digital,Kodak,Kodak Single,Visao Simples Digital,Airwear Polypower,Poly,Verniz HC,Verniz HC,standard,sim,C,sim,-10.00,+6.00,-6.00,,,absoluto,553.00,Transitions Extractive
PVO,Kodak,15,Visao Simples Digital,Kodak,Kodak Single,Visao Simples Digital,Stylis,1.67,Crizal Prevencia,Crizal Prevencia,standard,nao,,sim,-14.00,+8.00,-6.00,,,absoluto,1068.00,
PVO,Kodak,15,Visao Simples Digital,Kodak,Kodak Single,Visao Simples Digital,Stylis,1.67,Crizal Sapphire HR,Crizal Sapphire HR,standard,nao,,sim,-14.00,+8.00,-6.00,,,absoluto,1068.00,
PVO,Kodak,15,Visao Simples Digital,Kodak,Kodak Single,Visao Simples Digital,Stylis,1.67,Crizal Rock,Crizal Rock,standard,nao,,sim,-14.00,+8.00,-6.00,,,absoluto,946.00,
PVO,Kodak,15,Visao Simples Digital,Kodak,Kodak Single,Visao Simples Digital,Stylis,1.67,Crizal Easy Pro,Crizal Easy Pro,standard,nao,,sim,-14.00,+8.00,-6.00,,,absoluto,784.00,
PVO,Kodak,15,Visao Simples Digital,Kodak,Kodak Single,Visao Simples Digital,Stylis,1.67,Optifog,Optifog,standard,nao,,sim,-14.00,+8.00,-6.00,,,absoluto,909.00,
PVO,Kodak,15,Visao Simples Digital,Kodak,Kodak Single,Visao Simples Digital,Stylis,1.67,No Reflex,No Reflex,standard,nao,,sim,-14.00,+8.00,-6.00,,,absoluto,715.00,
PVO,Kodak,15,Visao Simples Digital,Kodak,Kodak Single,Visao Simples Digital,Stylis,1.67,Trio Easy Clean,Trio Easy Clean,standard,nao,,sim,-14.00,+8.00,-6.00,,,absoluto,709.00,
PVO,Kodak,15,Visao Simples Digital,Kodak,Kodak Single,Visao Simples Digital,Stylis,1.67,Crizal Prevencia,Crizal Prevencia,standard,sim,C/M/V,sim,-14.00,+8.00,-6.00,,,absoluto,1365.00,Transitions Gen S
PVO,Kodak,15,Visao Simples Digital,Kodak,Kodak Single,Visao Simples Digital,Stylis,1.67,Crizal Sapphire HR,Crizal Sapphire HR,standard,sim,C/M/V,sim,-14.00,+8.00,-6.00,,,absoluto,1365.00,Transitions Gen S
PVO,Kodak,15,Visao Simples Digital,Kodak,Kodak Single,Visao Simples Digital,Stylis,1.67,Crizal Rock,Crizal Rock,standard,sim,C/M/V,sim,-14.00,+8.00,-6.00,,,absoluto,1243.00,Transitions Gen S
PVO,Kodak,15,Visao Simples Digital,Kodak,Kodak Single,Visao Simples Digital,Stylis,1.67,Crizal Easy Pro,Crizal Easy Pro,standard,sim,C/M/V,sim,-14.00,+8.00,-6.00,,,absoluto,1081.00,Transitions Gen S
PVO,Kodak,15,Visao Simples Digital,Kodak,Kodak Single,Visao Simples Digital,Stylis,1.67,Optifog,Optifog,standard,sim,C/M/V,sim,-14.00,+8.00,-6.00,,,absoluto,1206.00,Transitions Gen S
PVO,Kodak,15,Visao Simples Digital,Kodak,Kodak Single,Visao Simples Digital,Stylis,1.67,No Reflex,No Reflex,standard,sim,C/M/V,sim,-14.00,+8.00,-6.00,,,absoluto,1012.00,Transitions Gen S
PVO,Kodak,15,Visao Simples Digital,Kodak,Kodak Single,Visao Simples Digital,Stylis,1.67,Trio Easy Clean,Trio Easy Clean,standard,sim,C/M/V,sim,-14.00,+8.00,-6.00,,,absoluto,1006.00,Transitions Gen S
PVO,Kodak,15,Visao Simples Digital,Kodak,Kodak Single,Visao Simples Digital,Stylis,1.74,Crizal Sapphire HR,Crizal Sapphire HR,standard,nao,,sim,-18.00,+13.00,-6.00,,,absoluto,1391.00,
PVO,Kodak,15,Visao Simples Digital,Kodak,Kodak Single,Visao Simples Digital,Stylis,1.74,Crizal Sapphire HR,Crizal Sapphire HR,standard,sim,C,sim,-18.00,+13.00,-6.00,,,absoluto,1666.00,Transitions Gen S
PVO,Kodak,15,Lentes Prontas,Kodak,Lentes Prontas Kodak,,City 1.67,Stylis,1.67,,,,nao,,sim,-10.00 a 0.00; -12.00 a -10.25,,,-2.00,absoluto,,
PVO,Kodak,15,Lentes Prontas,Kodak,Lentes Prontas Kodak,,City Poly,Airwear Polypower,Poly,,,,nao,,sim,-8.00,+4.00,-2.00,,absoluto,,175.00
PVO,Kodak,15,Lentes Prontas,Kodak,Lentes Prontas Kodak,,City 1.56,,1.56,,,,nao,,sim,-6.00,+6.00,-2.00,,absoluto,,125.00
PVO,Kodak,15,Lentes Prontas,Kodak,Lentes Prontas Kodak,,No Reflex 1.50 Transitions Gen S cinza,Orma,1.50,,,,sim,C,sim,-4.00,+4.00,-2.00,,absoluto,,234.00
PVO,Kodak,15,Lentes Prontas,Kodak,Lentes Prontas Kodak,,Blue 1.67,Stylis,1.67,,,,nao,,sim,-10.00,+6.00,-2.00,,absoluto,,299.00
PVO,Kodak,15,Lentes Prontas,Kodak,Lentes Prontas Kodak,,Blue Poly,Airwear Polypower,Poly,,,,nao,,sim,-8.00,+4.00,-2.00,,absoluto,,113.00
PVO,Kodak,15,Lentes Prontas,Kodak,Lentes Prontas Kodak,,Blue 1.56,,1.56,,,,nao,,sim,-6.00,+4.00,-2.00,,absoluto,,82.00
PVO,Kodak,15,Lentes Prontas,Kodak,Lentes Prontas Kodak,,Intro Poly,Airwear Polypower,Poly,,,,nao,,nao,-8.00,+4.00,-2.00,,absoluto,,82.00
PVO,Kodak,15,Lentes Prontas,Kodak,Lentes Prontas Kodak,,Intro 1.56,,1.56,,,,nao,,nao,-6.00,+6.00,-2.00,,absoluto,,37.00
PVO,Kodak,15,Lentes Coloridas - Multifocal Digital,Kodak,Kodak Easy Sun,Solar,Orma,1.50,Crizal Sapphire HR Face Interna,Crizal Sapphire HR,internal,nao,,nao,-10.00,+5.00,-6.00,1.00,3.50,absoluto,765.00,Xperio cinza/marrom/verde
PVO,Kodak,15,Lentes Coloridas - Multifocal Digital,Kodak,Kodak Easy Sun,Solar,Orma,1.50,Optifog,Optifog,standard,nao,,nao,-10.00,+5.00,-6.00,1.00,3.50,absoluto,771.00,Xperio cinza/marrom/verde
PVO,Kodak,15,Lentes Coloridas - Multifocal Digital,Kodak,Kodak Easy Sun,Solar,Orma,1.50,Verniz HC,Verniz HC,standard,nao,,nao,-10.00,+5.00,-6.00,1.00,3.50,absoluto,465.00,Xperio cinza/marrom/verde
PVO,Kodak,15,Lentes Coloridas - Multifocal Digital,Kodak,Kodak Easy Sun,Solar,Airwear Polypower,Poly,Crizal Sapphire HR Face Interna,Crizal Sapphire HR,internal,nao,,nao,-10.00,+6.00,-6.00,1.00,3.50,absoluto,848.00,Xperio cinza/marrom/verde
PVO,Kodak,15,Lentes Coloridas - Multifocal Digital,Kodak,Kodak Easy Sun,Solar,Airwear Polypower,Poly,Optifog,Optifog,standard,nao,,nao,-10.00,+6.00,-6.00,1.00,3.50,absoluto,854.00,Xperio cinza/marrom/verde
PVO,Kodak,15,Lentes Coloridas - Multifocal Digital,Kodak,Kodak Easy Sun,Solar,Airwear Polypower,Poly,Verniz HC,Verniz HC,standard,nao,,nao,-10.00,+6.00,-6.00,1.00,3.50,absoluto,548.00,Xperio cinza/marrom/verde
PVO,Kodak,15,Lentes Coloridas - Multifocal Digital,Kodak,Kodak Easy Sun,Coloracao padrao,Orma,1.50,Verniz HC,Verniz HC,standard,nao,,nao,-10.00,+5.00,-6.00,1.00,3.50,absoluto,322.00,adicao 1.00 a 3.50; alt min 14mm
PVO,Kodak,15,Lentes Coloridas - Multifocal Digital,Kodak,Kodak Easy Sun,Coloracao especial,Orma,1.50,Verniz HC,Verniz HC,standard,nao,,nao,-10.00,+5.00,-6.00,1.00,3.50,absoluto,361.00,adicao 1.00 a 3.50; alt min 14mm
PVO,Kodak,15,Lentes Coloridas - Multifocal Digital,Kodak,Kodak Easy Sun,Coloracao padrao,Airwear Polypower,Poly,Verniz HC,Verniz HC,standard,nao,,nao,-10.00,+6.00,-6.00,1.00,3.50,absoluto,406.00,adicao 1.00 a 3.50; alt min 14mm
PVO,Kodak,15,Lentes Coloridas - Multifocal Digital,Kodak,Kodak Easy Sun,Coloracao especial,Airwear Polypower,Poly,Verniz HC,Verniz HC,standard,nao,,nao,-10.00,+6.00,-6.00,1.00,3.50,absoluto,445.00,adicao 1.00 a 3.50; alt min 14mm
PVO,Kodak,15,Lentes Coloridas - Visao Simples Digital,Kodak,Kodak Single Sun,Solar,Orma,1.50,Crizal Sapphire HR Face Interna,Crizal Sapphire HR,internal,nao,,nao,-10.00,+6.00,-6.00,,,absoluto,636.00,Xperio cinza/marrom/verde
PVO,Kodak,15,Lentes Coloridas - Visao Simples Digital,Kodak,Kodak Single Sun,Solar,Orma,1.50,Optifog,Optifog,standard,nao,,nao,-10.00,+6.00,-6.00,,,absoluto,642.00,Xperio cinza/marrom/verde
PVO,Kodak,15,Lentes Coloridas - Visao Simples Digital,Kodak,Kodak Single Sun,Solar,Orma,1.50,Verniz HC,Verniz HC,standard,nao,,nao,-10.00,+6.00,-6.00,,,absoluto,336.00,Xperio cinza/marrom/verde
PVO,Kodak,15,Lentes Coloridas - Visao Simples Digital,Kodak,Kodak Single Sun,Solar,Airwear Polypower,Poly,Crizal Sapphire HR Face Interna,Crizal Sapphire HR,internal,nao,,nao,-10.00,+6.00,-6.00,,,absoluto,706.00,Xperio cinza/marrom/verde
PVO,Kodak,15,Lentes Coloridas - Visao Simples Digital,Kodak,Kodak Single Sun,Solar,Airwear Polypower,Poly,Optifog,Optifog,standard,nao,,nao,-10.00,+6.00,-6.00,,,absoluto,712.00,Xperio cinza/marrom/verde
PVO,Kodak,15,Lentes Coloridas - Visao Simples Digital,Kodak,Kodak Single Sun,Solar,Airwear Polypower,Poly,Verniz HC,Verniz HC,standard,nao,,nao,-10.00,+6.00,-6.00,,,absoluto,406.00,Xperio cinza/marrom/verde
PVO,Kodak,15,Lentes Coloridas - Visao Simples Digital,Kodak,Kodak Single Sun,Coloracao padrao,Orma,1.50,Verniz HC,Verniz HC,standard,nao,,nao,-10.00,+6.00,-6.00,,,absoluto,202.00,
PVO,Kodak,15,Lentes Coloridas - Visao Simples Digital,Kodak,Kodak Single Sun,Coloracao especial,Orma,1.50,Verniz HC,Verniz HC,standard,nao,,nao,-10.00,+6.00,-6.00,,,absoluto,241.00,
PVO,Kodak,15,Lentes Coloridas - Visao Simples Digital,Kodak,Kodak Single Sun,Coloracao padrao,Airwear Polypower,Poly,Verniz HC,Verniz HC,standard,nao,,nao,-10.00,+6.00,-6.00,,,absoluto,278.00,
PVO,Kodak,15,Lentes Coloridas - Visao Simples Digital,Kodak,Kodak Single Sun,Coloracao especial,Airwear Polypower,Poly,Verniz HC,Verniz HC,standard,nao,,nao,-10.00,+6.00,-6.00,,,absoluto,317.00,