laboratorio,versao,family_name,family_design,family_clinical_category,offer_id,raw_label,canonical_label,offer_clinical_category,material,indice_refracao,is_atomic_offer,already_includes_treatment,allows_composition,base_price,source_page_reference,treatment_name,treatment_type,price_mode,special_price,final_price,sph_min,sph_max,cyl_min,cyl_max,add_min,add_max,section_name,subsection_name
Optilab,Optilab 06 de abril a 31 de julho de 2026,EYEZEN® START STOCK | LENTES PRONTAS CRIZAL®,Visao Simples,visao_simples,5a15b6a4-df63-4479-a2e0-e2ca0670804b,Airwear Crizal Easy Pro,EYEZEN® START STOCK | LENTES PRONTAS CRIZAL® Airwear Crizal Easy Pro,visao_simples,Policarbonato,1.59,true,true,false,569.00,Pagina 27,null,null,null,null,569.00,-8.00,4.00,0.00,-2.00,null,null,LENTES PRONTAS,null
Optilab,Optilab 06 de abril a 31 de julho de 2026,EYEZEN® START STOCK | LENTES PRONTAS CRIZAL®,Visao Simples,visao_simples,cb38f0b3-493b-4369-a6d7-5d35d3099669,Airwear Crizal Rock,EYEZEN® START STOCK | LENTES PRONTAS CRIZAL® Airwear Crizal Rock,visao_simples,Policarbonato,1.59,true,true,false,819.00,Pagina 27,null,null,null,null,819.00,-5.00,4.00,0.00,-2.00,null,null,LENTES PRONTAS,null
Optilab,Optilab 06 de abril a 31 de julho de 2026,EYEZEN® START STOCK | LENTES PRONTAS CRIZAL®,Visao Simples,visao_simples,28d146be-0495-4f65-8b88-bc32bbaaf071,Airwear Crizal Sapphire HR,EYEZEN® START STOCK | LENTES PRONTAS CRIZAL® Airwear Crizal Sapphire HR,visao_simples,Policarbonato,1.59,true,true,false,929.00,Pagina 27,null,null,null,null,929.00,-5.00,4.00,0.00,-2.00,null,null,LENTES PRONTAS,null
Optilab,Optilab 06 de abril a 31 de julho de 2026,EYEZEN® START STOCK | LENTES PRONTAS CRIZAL®,Visao Simples,visao_simples,7a84c508-f463-46e9-80b1-d232cbec7259,Airwear Crizal Sapphire HR Transitions Gen S Cinza,EYEZEN® START STOCK | LENTES PRONTAS CRIZAL® Airwear Crizal Sapphire HR Transitions Gen S Cinza,visao_simples,Policarbonato,1.59,true,true,false,1349.00,Pagina 27,null,null,null,null,1349.00,-5.00,4.00,0.00,-2.00,null,null,LENTES PRONTAS,null
Optilab,Optilab 06 de abril a 31 de julho de 2026,EYEZEN® START STOCK | LENTES PRONTAS CRIZAL®,Visao Simples,visao_simples,6078dbd0-fc70-4d25-a2b5-ce6aea9539e6,Airwear Transitions Gen S Cinza,EYEZEN® START STOCK | LENTES PRONTAS CRIZAL® Airwear Transitions Gen S Cinza,visao_simples,Policarbonato,1.59,true,false,false,689.00,Pagina 27,null,null,null,null,689.00,-5.00,4.00,0.00,-2.00,null,null,LENTES PRONTAS,null
Optilab,Optilab 06 de abril a 31 de julho de 2026,EYEZEN® START STOCK | LENTES PRONTAS CRIZAL®,Visao Simples,visao_simples,0c29de6e-4bcb-445c-82ca-8e5582808e35,Eyezen Start Stock 1.60 Crizal Sapphire HR,EYEZEN® START STOCK | LENTES PRONTAS CRIZAL® Eyezen Start Stock 1.60 Crizal Sapphire HR,visao_simples,Resina,1.60,true,true,false,1249.00,Pagina 27,null,null,null,null,1249.00,-6.00,3.00,0.00,-2.00,null,null,LENTES PRONTAS,null
Optilab,Optilab 06 de abril a 31 de julho de 2026,EYEZEN® START STOCK | LENTES PRONTAS CRIZAL®,Visao Simples,visao_simples,fa4b8ba3-2af8-4250-8f58-d0e5f8a301dd,Orma Crizal Easy Pro,EYEZEN® START STOCK | LENTES PRONTAS CRIZAL® Orma Crizal Easy Pro,visao_simples,Resina,1.50,true,true,false,439.00,Pagina 27,null,null,null,null,439.00,-4.00,4.00,0.00,-2.00,null,null,LENTES PRONTAS,null
Optilab,Optilab 06 de abril a 31 de julho de 2026,EYEZEN® START STOCK | LENTES PRONTAS CRIZAL®,Visao Simples,visao_simples,33055a5c-7b9f-4365-8bc2-59520b68a4c2,Orma Crizal Easy Pro Transitions Gen S Cinza,EYEZEN® START STOCK | LENTES PRONTAS CRIZAL® Orma Crizal Easy Pro Transitions Gen S Cinza,visao_simples,Resina,1.50,true,true,false,989.00,Pagina 27,null,null,null,null,989.00,-4.00,4.00,0.00,-2.00,null,null,LENTES PRONTAS,null
Optilab,Optilab 06 de abril a 31 de julho de 2026,EYEZEN® START STOCK | LENTES PRONTAS CRIZAL®,Visao Simples,visao_simples,881c4b84-810d-4449-8725-f2e3d943de54,Orma Crizal Prevencia,EYEZEN® START STOCK | LENTES PRONTAS CRIZAL® Orma Crizal Prevencia,visao_simples,Resina,1.50,true,true,false,799.00,Pagina 27,null,null,null,null,799.00,-2.00,2.00,0.00,-1.00,null,null,LENTES PRONTAS,null
Optilab,Optilab 06 de abril a 31 de julho de 2026,EYEZEN® START STOCK | LENTES PRONTAS CRIZAL®,Visao Simples,visao_simples,2f47820a-c999-47dd-94fd-3c4f08cf3787,Orma Crizal Rock,EYEZEN® START STOCK | LENTES PRONTAS CRIZAL® Orma Crizal Rock,visao_simples,Resina,1.50,true,true,false,579.00,Pagina 27,null,null,null,null,579.00,-4.00,4.00,0.00,-2.00,null,null,LENTES PRONTAS,null
Optilab,Optilab 06 de abril a 31 de julho de 2026,EYEZEN® START STOCK | LENTES PRONTAS CRIZAL®,Visao Simples,visao_simples,2a2daa93-3955-4c32-acf7-76660407e478,Orma Crizal Sapphire HR,EYEZEN® START STOCK | LENTES PRONTAS CRIZAL® Orma Crizal Sapphire HR,visao_simples,Resina,1.50,true,true,false,799.00,Pagina 27,null,null,null,null,799.00,-4.00,4.00,0.00,-2.00,null,null,LENTES PRONTAS,null
Optilab,Optilab 06 de abril a 31 de julho de 2026,EYEZEN® START STOCK | LENTES PRONTAS CRIZAL®,Visao Simples,visao_simples,aa1c9b04-d421-438b-bc53-3ea5e41d1adf,Orma Transitions Gen S Cinza,EYEZEN® START STOCK | LENTES PRONTAS CRIZAL® Orma Transitions Gen S Cinza,visao_simples,Resina,1.50,true,false,false,489.00,Pagina 27,null,null,null,null,489.00,-4.00,4.00,0.00,-2.00,null,null,LENTES PRONTAS,null
Optilab,Optilab 06 de abril a 31 de julho de 2026,EYEZEN® START STOCK | LENTES PRONTAS CRIZAL®,Visao Simples,visao_simples,a515c05c-676a-40a5-9705-1e401ebb51e6,Stylis 1.67 Crizal Sapphire HR,EYEZEN® START STOCK | LENTES PRONTAS CRIZAL® Stylis 1.67 Crizal Sapphire HR,visao_simples,Resina High Index,1.67,true,true,false,1479.00,Pagina 27,null,null,null,null,1479.00,-9.00,5.00,0.00,-2.00,null,null,LENTES PRONTAS,null
Optilab,Optilab 06 de abril a 31 de julho de 2026,EYEZEN® START STOCK | LENTES PRONTAS CRIZAL®,Visao Simples,visao_simples,b2b919cc-447b-4b0e-b80f-e56581a539f3,Stylis 1.74 Crizal Sapphire HR,EYEZEN® START STOCK | LENTES PRONTAS CRIZAL® Stylis 1.74 Crizal Sapphire HR,visao_simples,Resina High Index,1.74,true,true,false,2089.00,Pagina 27,null,null,null,null,2089.00,-10.00,-4.00,0.00,-2.00,null,null,LENTES PRONTAS,null
Optilab,Optilab 06 de abril a 31 de julho de 2026,iTop,Mista,mista,00c9260b-29bc-4de7-8a93-328ed8e68af2,1.56,iTop LENTES ACABADAS 1.56,indefinida,Resina,1.56,true,false,false,332.00,Pagina 39,null,null,null,null,332.00,4.00,-4.00,0.00,-2.00,null,null,LENTES ACABADAS,null
Optilab,Optilab 06 de abril a 31 de julho de 2026,iTop,Mista,mista,35c83b01-108d-4663-a2c3-721fddeaea1e,1.56 Cilíndrico Estendido,iTop LENTES ACABADAS 1.56 Cilíndrico Estendido,indefinida,Resina,1.56,true,false,false,405.00,Pagina 39,null,null,null,null,405.00,4.00,-4.00,0.00,-4.00,null,null,LENTES ACABADAS,null
Optilab,Optilab 06 de abril a 31 de julho de 2026,iTop,Mista,mista,3004eef7-0171-46ac-85a3-db87a0872c8f,1.59,iTop LENTES ACABADAS 1.59,indefinida,Policarbonato,1.59,true,false,false,387.00,Pagina 39,null,null,null,null,387.00,4.00,-4.00,0.00,-2.00,null,null,LENTES ACABADAS,null
Optilab,Optilab 06 de abril a 31 de julho de 2026,iTop,Mista,mista,57e00a2e-608f-4bbc-a2b8-0ff827ccf507,1.59 Cilíndrico Estendido,iTop LENTES ACABADAS 1.59 Cilíndrico Estendido,indefinida,Policarbonato,1.59,true,false,false,552.00,Pagina 39,null,null,null,null,552.00,4.00,-4.00,0.00,-4.00,null,null,LENTES ACABADAS,null
Optilab,Optilab 06 de abril a 31 de julho de 2026,iTop,Mista,mista,de38b0f8-4c58-4269-8075-d05ab5eeb8f2,1.67,iTop LENTES ACABADAS 1.67,indefinida,Resina High Index,1.67,true,false,false,932.00,Pagina 39,null,null,null,null,932.00,6.00,-10.00,0.00,-4.00,null,null,LENTES ACABADAS,null
Optilab,Optilab 06 de abril a 31 de julho de 2026,iTop,Mista,mista,73a6ed4a-7461-411e-815a-9f402c1f7b7b,1.67 UV Led Protection Single Digital,iTop LENTES SURFAÇADAS DIGITAIS 1.67 UV Led Protection Single Digital,visao_simples,Resina,1.67,false,false,true,2567.00,Pagina 39,Trio Easy Clean,Antirreflexo,final,2567.00,2567.00,10.00,-10.00,0.00,-8.00,null,null,LENTES SURFAÇADAS DIGITAIS,null
Optilab,Optilab 06 de abril a 31 de julho de 2026,iTop,Mista,mista,73a6ed4a-7461-411e-815a-9f402c1f7b7b,1.67 UV Led Protection Single Digital,iTop LENTES SURFAÇADAS DIGITAIS 1.67 UV Led Protection Single Digital,visao_simples,Resina,1.67,false,false,true,2567.00,Pagina 39,Vert Clair,Antirreflexo,final,2856.00,2856.00,10.00,-10.00,0.00,-8.00,null,null,LENTES SURFAÇADAS DIGITAIS,null
Optilab,Optilab 06 de abril a 31 de julho de 2026,iTop,Mista,mista,f4b255a1-c264-41e0-a91f-1279fe5c8c63,1.74 Digital,iTop LENTES SURFAÇADAS DIGITAIS 1.74 Digital,indefinida,Resina,1.74,false,false,true,2856.00,Pagina 39,Trio Easy Clean,Antirreflexo,final,2856.00,2856.00,25.00,-30.00,0.00,-8.00,null,null,LENTES SURFAÇADAS DIGITAIS,null
Optilab,Optilab 06 de abril a 31 de julho de 2026,iTop,Mista,mista,f4b255a1-c264-41e0-a91f-1279fe5c8c63,1.74 Digital,iTop LENTES SURFAÇADAS DIGITAIS 1.74 Digital,indefinida,Resina,1.74,false,false,true,2856.00,Pagina 39,Vert Clair,Antirreflexo,final,3407.00,3407.00,25.00,-30.00,0.00,-8.00,null,null,LENTES SURFAÇADAS DIGITAIS,null
Optilab,Optilab 06 de abril a 31 de julho de 2026,iTop,Mista,mista,2c68d638-aae9-44ba-802e-8a94488b6550,1.74 Transitions Gen 8 Digital,iTop LENTES SURFAÇADAS DIGITAIS 1.74 Transitions Gen 8 Digital,indefinida,Resina,1.74,false,false,true,5809.00,Pagina 39,Trio Easy Clean,Antirreflexo,final,5809.00,5809.00,25.00,-30.00,0.00,-8.00,null,null,LENTES SURFAÇADAS DIGITAIS,null
Optilab,Optilab 06 de abril a 31 de julho de 2026,iTop,Mista,mista,2c68d638-aae9-44ba-802e-8a94488b6550,1.74 Transitions Gen 8 Digital,iTop LENTES SURFAÇADAS DIGITAIS 1.74 Transitions Gen 8 Digital,indefinida,Resina,1.74,false,false,true,5809.00,Pagina 39,Vert Clair,Antirreflexo,final,6090.00,6090.00,25.00,-30.00,0.00,-8.00,null,null,LENTES SURFAÇADAS DIGITAIS,null
Optilab,Optilab 06 de abril a 31 de julho de 2026,iTop,Mista,mista,e0b3a03a-143b-4eb6-9cc4-b5e0aa3eec09,1.74 UV Led Protection Single Digital,iTop LENTES SURFAÇADAS DIGITAIS 1.74 UV Led Protection Single Digital,visao_simples,Resina,1.74,false,false,true,3249.00,Pagina 39,Trio Easy Clean,Antirreflexo,final,3249.00,3249.00,25.00,-30.00,0.00,-8.00,null,null,LENTES SURFAÇADAS DIGITAIS,null
Optilab,Optilab 06 de abril a 31 de julho de 2026,iTop,Mista,mista,e0b3a03a-143b-4eb6-9cc4-b5e0aa3eec09,1.74 UV Led Protection Single Digital,iTop LENTES SURFAÇADAS DIGITAIS 1.74 UV Led Protection Single Digital,visao_simples,Resina,1.74,false,false,true,3249.00,Pagina 39,Vert Clair,Antirreflexo,final,3853.00,3853.00,25.00,-30.00,0.00,-8.00,null,null,LENTES SURFAÇADAS DIGITAIS,null
Optilab,Optilab 06 de abril a 31 de julho de 2026,iTop,Mista,mista,ed226976-39d3-4ab8-a84b-01fc395f8d55,1.50,iTop PROGRESSIVA 1.50,multifocal,Resina,1.50,false,false,true,998.00,Pagina 40,Trio Easy Clean,Antirreflexo,final,1080.00,1080.00,-9.00,6.00,0.00,0.00,0.50,5.00,PROGRESSIVA,null
Optilab,Optilab 06 de abril a 31 de julho de 2026,iTop,Mista,mista,ed226976-39d3-4ab8-a84b-01fc395f8d55,1.50,iTop PROGRESSIVA 1.50,multifocal,Resina,1.50,false,false,true,998.00,Pagina 40,Verniz Hc,Revestimento,final,998.00,998.00,-9.00,6.00,0.00,0.00,0.50,5.00,PROGRESSIVA,null
Optilab,Optilab 06 de abril a 31 de julho de 2026,iTop,Mista,mista,ed226976-39d3-4ab8-a84b-01fc395f8d55,1.50,iTop PROGRESSIVA 1.50,multifocal,Resina,1.50,false,false,true,998.00,Pagina 40,Vert Clair,Antirreflexo,final,1300.00,1300.00,-9.00,6.00,0.00,0.00,0.50,5.00,PROGRESSIVA,null
Optilab,Optilab 06 de abril a 31 de julho de 2026,iTop,Mista,mista,96986c03-db9a-444c-841f-740cc2a8bd8f,1.50 + Sun Light Photo,iTop PROGRESSIVA 1.50 + Sun Light Photo,multifocal,Resina,1.50,false,false,true,1210.00,Pagina 40,Trio Easy Clean,Antirreflexo,final,1293.00,1293.00,-9.00,6.00,0.00,0.00,0.50,5.00,PROGRESSIVA,null
Optilab,Optilab 06 de abril a 31 de julho de 2026,iTop,Mista,mista,96986c03-db9a-444c-841f-740cc2a8bd8f,1.50 + Sun Light Photo,iTop PROGRESSIVA 1.50 + Sun Light Photo,multifocal,Resina,1.50,false,false,true,1210.00,Pagina 40,Verniz Hc,Revestimento,final,1210.00,1210.00,-9.00,6.00,0.00,0.00,0.50,5.00,PROGRESSIVA,null
Optilab,Optilab 06 de abril a 31 de julho de 2026,iTop,Mista,mista,96986c03-db9a-444c-841f-740cc2a8bd8f,1.50 + Sun Light Photo,iTop PROGRESSIVA 1.50 + Sun Light Photo,multifocal,Resina,1.50,false,false,true,1210.00,Pagina 40,Vert Clair,Antirreflexo,final,1513.00,1513.00,-9.00,6.00,0.00,0.00,0.50,5.00,PROGRESSIVA,null
Optilab,Optilab 06 de abril a 31 de julho de 2026,iTop,Mista,mista,7e300e50-c852-4ac1-b6d5-033f3e16a51c,1.50 + Transitions Gen S,iTop PROGRESSIVA 1.50 + Transitions Gen S,multifocal,Resina,1.50,false,false,true,2278.00,Pagina 40,Trio Easy Clean,Antirreflexo,final,2361.00,2361.00,-9.00,6.00,0.00,0.00,0.50,5.00,PROGRESSIVA,null
Optilab,Optilab 06 de abril a 31 de julho de 2026,iTop,Mista,mista,7e300e50-c852-4ac1-b6d5-033f3e16a51c,1.50 + Transitions Gen S,iTop PROGRESSIVA 1.50 + Transitions Gen S,multifocal,Resina,1.50,false,false,true,2278.00,Pagina 40,Verniz Hc,Revestimento,final,2278.00,2278.00,-9.00,6.00,0.00,0.00,0.50,5.00,PROGRESSIVA,null
Optilab,Optilab 06 de abril a 31 de julho de 2026,iTop,Mista,mista,7e300e50-c852-4ac1-b6d5-033f3e16a51c,1.50 + Transitions Gen S,iTop PROGRESSIVA 1.50 + Transitions Gen S,multifocal,Resina,1.50,false,false,true,2278.00,Pagina 40,Vert Clair,Antirreflexo,final,2581.00,2581.00,-9.00,6.00,0.00,0.00,0.50,5.00,PROGRESSIVA,null
Optilab,Optilab 06 de abril a 31 de julho de 2026,iTop,Mista,mista,854e4a03-1442-4ea7-b333-21e8dd95a7da,1.56 UV Led Protection,iTop PROGRESSIVA 1.56 UV Led Protection,multifocal,Resina,1.56,false,false,true,1813.00,Pagina 40,Trio Easy Clean,Antirreflexo,final,1895.00,1895.00,-8.00,7.00,0.00,0.00,0.50,5.00,PROGRESSIVA,null
Optilab,Optilab 06 de abril a 31 de julho de 2026,iTop,Mista,mista,854e4a03-1442-4ea7-b333-21e8dd95a7da,1.56 UV Led Protection,iTop PROGRESSIVA 1.56 UV Led Protection,multifocal,Resina,1.56,false,false,true,1813.00,Pagina 40,Verniz Hc,Revestimento,final,1813.00,1813.00,-8.00,7.00,0.00,0.00,0.50,5.00,PROGRESSIVA,null
Optilab,Optilab 06 de abril a 31 de julho de 2026,iTop,Mista,mista,854e4a03-1442-4ea7-b333-21e8dd95a7da,1.56 UV Led Protection,iTop PROGRESSIVA 1.56 UV Led Protection,multifocal,Resina,1.56,false,false,true,1813.00,Pagina 40,Vert Clair,Antirreflexo,final,2115.00,2115.00,-8.00,7.00,0.00,0.00,0.50,5.00,PROGRESSIVA,null
Optilab,Optilab 06 de abril a 31 de julho de 2026,iTop,Mista,mista,c3e55d2e-1fc9-448b-ab4d-30b537b1694d,1.59,iTop PROGRESSIVA 1.59,multifocal,Resina,1.59,false,false,true,1140.00,Pagina 40,Trio Easy Clean,Antirreflexo,final,1223.00,1223.00,-10.00,8.00,0.00,0.00,0.50,5.00,PROGRESSIVA,null
Optilab,Optilab 06 de abril a 31 de julho de 2026,iTop,Mista,mista,c3e55d2e-1fc9-448b-ab4d-30b537b1694d,1.59,iTop PROGRESSIVA 1.59,multifocal,Resina,1.59,false,false,true,1140.00,Pagina 40,Verniz Hc,Revestimento,final,1140.00,1140.00,-10.00,8.00,0.00,0.00,0.50,5.00,PROGRESSIVA,null
Optilab,Optilab 06 de abril a 31 de julho de 2026,iTop,Mista,mista,c3e55d2e-1fc9-448b-ab4d-30b537b1694d,1.59,iTop PROGRESSIVA 1.59,multifocal,Resina,1.59,false,false,true,1140.00,Pagina 40,Vert Clair,Antirreflexo,final,1443.00,1443.00,-10.00,8.00,0.00,0.00,0.50,5.00,PROGRESSIVA,null
Optilab,Optilab 06 de abril a 31 de julho de 2026,iTop,Mista,mista,e8992111-ac6c-4f77-bc58-835819192e08,1.59 + Transitions Gen S,iTop PROGRESSIVA 1.59 + Transitions Gen S,multifocal,Resina,1.59,false,false,true,2958.00,Pagina 40,Trio Easy Clean,Antirreflexo,final,3041.00,3041.00,-10.00,8.00,0.00,0.00,0.50,5.00,PROGRESSIVA,null
Optilab,Optilab 06 de abril a 31 de julho de 2026,iTop,Mista,mista,e8992111-ac6c-4f77-bc58-835819192e08,1.59 + Transitions Gen S,iTop PROGRESSIVA 1.59 + Transitions Gen S,multifocal,Resina,1.59,false,false,true,2958.00,Pagina 40,Verniz Hc,Revestimento,final,2958.00,2958.00,-10.00,8.00,0.00,0.00,0.50,5.00,PROGRESSIVA,null
Optilab,Optilab 06 de abril a 31 de julho de 2026,iTop,Mista,mista,e8992111-ac6c-4f77-bc58-835819192e08,1.59 + Transitions Gen S,iTop PROGRESSIVA 1.59 + Transitions Gen S,multifocal,Resina,1.59,false,false,true,2958.00,Pagina 40,Vert Clair,Antirreflexo,final,3261.00,3261.00,-10.00,8.00,0.00,0.00,0.50,5.00,PROGRESSIVA,null
Optilab,Optilab 06 de abril a 31 de julho de 2026,iTop,Mista,mista,a7182c2b-df50-41be-885b-c41a3028213f,1.67,iTop PROGRESSIVA 1.67,multifocal,Resina,1.67,false,false,true,3548.00,Pagina 40,Trio Easy Clean,Antirreflexo,final,3548.00,3548.00,-12.00,9.00,0.00,0.00,0.50,5.00,PROGRESSIVA,null
Optilab,Optilab 06 de abril a 31 de julho de 2026,iTop,Mista,mista,a7182c2b-df50-41be-885b-c41a3028213f,1.67,iTop PROGRESSIVA 1.67,multifocal,Resina,1.67,false,false,true,3548.00,Pagina 40,Vert Clair,Antirreflexo,final,3768.00,3768.00,-12.00,9.00,0.00,0.00,0.50,5.00,PROGRESSIVA,null
Optilab,Optilab 06 de abril a 31 de julho de 2026,iTop,Mista,mista,559ee328-a0d9-4a31-abca-1363b7cd52f3,1.67 + Transitions Gen S,iTop PROGRESSIVA 1.67 + Transitions Gen S,multifocal,Resina,1.67,false,false,true,7480.00,Pagina 40,Trio Easy Clean,Antirreflexo,final,7480.00,7480.00,-12.00,9.00,0.00,0.00,0.50,5.00,PROGRESSIVA,null
Optilab,Optilab 06 de abril a 31 de julho de 2026,iTop,Mista,mista,559ee328-a0d9-4a31-abca-1363b7cd52f3,1.67 + Transitions Gen S,iTop PROGRESSIVA 1.67 + Transitions Gen S,multifocal,Resina,1.67,false,false,true,7480.00,Pagina 40,Vert Clair,Antirreflexo,final,7700.00,7700.00,-12.00,9.00,0.00,0.00,0.50,5.00,PROGRESSIVA,null
Optilab,Optilab 06 de abril a 31 de julho de 2026,iTop,Mista,mista,59354ec6-ecfa-4419-8248-686590c3da3a,1.67 UV Led Protection,iTop PROGRESSIVA 1.67 UV Led Protection,multifocal,Resina,1.67,false,false,true,3890.00,Pagina 40,Trio Easy Clean,Antirreflexo,final,3890.00,3890.00,-12.00,9.00,0.00,0.00,0.50,5.00,PROGRESSIVA,null
Optilab,Optilab 06 de abril a 31 de julho de 2026,iTop,Mista,mista,59354ec6-ecfa-4419-8248-686590c3da3a,1.67 UV Led Protection,iTop PROGRESSIVA 1.67 UV Led Protection,multifocal,Resina,1.67,false,false,true,3890.00,Pagina 40,Vert Clair,Antirreflexo,final,4110.00,4110.00,-12.00,9.00,0.00,0.00,0.50,5.00,PROGRESSIVA,null
Optilab,Optilab 06 de abril a 31 de julho de 2026,iTop,Mista,mista,77876b18-afad-4e64-9bea-377d8d5df5a0,1.74,iTop PROGRESSIVA 1.74,multifocal,Resina,1.74,false,false,true,5647.00,Pagina 40,Trio Easy Clean,Antirreflexo,final,5647.00,5647.00,-15.00,12.00,0.00,0.00,0.50,5.00,PROGRESSIVA,null
Optilab,Optilab 06 de abril a 31 de julho de 2026,iTop,Mista,mista,77876b18-afad-4e64-9bea-377d8d5df5a0,1.74,iTop PROGRESSIVA 1.74,multifocal,Resina,1.74,false,false,true,5647.00,Pagina 40,Vert Clair,Antirreflexo,final,5867.00,5867.00,-15.00,12.00,0.00,0.00,0.50,5.00,PROGRESSIVA,null
Optilab,Optilab 06 de abril a 31 de julho de 2026,iTop,Mista,mista,b980f17a-0877-40e0-8ded-326770af1245,1.74 + Transitions Gen S,iTop PROGRESSIVA 1.74 + Transitions Gen S,multifocal,Resina,1.74,false,false,true,9753.00,Pagina 40,Trio Easy Clean,Antirreflexo,final,9753.00,9753.00,-15.00,12.00,0.00,0.00,0.50,5.00,PROGRESSIVA,null
Optilab,Optilab 06 de abril a 31 de julho de 2026,iTop,Mista,mista,b980f17a-0877-40e0-8ded-326770af1245,1.74 + Transitions Gen S,iTop PROGRESSIVA 1.74 + Transitions Gen S,multifocal,Resina,1.74,false,false,true,9753.00,Pagina 40,Vert Clair,Antirreflexo,final,9973.00,9973.00,-15.00,12.00,0.00,0.00,0.50,5.00,PROGRESSIVA,null
Optilab,Optilab 06 de abril a 31 de julho de 2026,iTop,Mista,mista,7ec8f468-5f02-4453-9b85-da0607074aa9,1.74 UV Led Protection,iTop PROGRESSIVA 1.74 UV Led Protection,multifocal,Resina,1.74,false,false,true,5963.00,Pagina 40,Trio Easy Clean,Antirreflexo,final,5963.00,5963.00,-12.00,9.00,0.00,0.00,0.50,5.00,PROGRESSIVA,null
Optilab,Optilab 06 de abril a 31 de julho de 2026,iTop,Mista,mista,7ec8f468-5f02-4453-9b85-da0607074aa9,1.74 UV Led Protection,iTop PROGRESSIVA 1.74 UV Led Protection,multifocal,Resina,1.74,false,false,true,5963.00,Pagina 40,Vert Clair,Antirreflexo,final,6183.00,6183.00,-12.00,9.00,0.00,0.00,0.50,5.00,PROGRESSIVA,null
Optilab,Optilab 06 de abril a 31 de julho de 2026,iTop,Mista,mista,34d1dbd3-bbe9-41e5-a6cc-bd3668ec9234,1.50 Espelhado,iTop SOLARES / COLORAÇÃO iTop Summer Progressive 1.50 Espelhado,multifocal,Resina,1.50,true,false,false,2640.00,Pagina 41,null,null,null,null,2640.00,-7.00,6.00,0.00,-6.00,0.50,5.00,SOLARES / COLORAÇÃO,iTop Summer Progressive
Optilab,Optilab 06 de abril a 31 de julho de 2026,iTop,Mista,mista,e421b93b-ae75-4571-8e0f-3f2f7d1f65d7,1.50 Espelhado,iTop SOLARES / COLORAÇÃO iTop Summer Single 1.50 Espelhado,visao_simples,Resina,1.50,true,false,false,1506.00,Pagina 41,null,null,null,null,1506.00,-7.00,6.00,0.00,-6.00,null,null,SOLARES / COLORAÇÃO,iTop Summer Single
Optilab,Optilab 06 de abril a 31 de julho de 2026,iTop,Mista,mista,f2daf748-86f3-43d9-9082-1589de165397,1.50 iTop Sun Light Protection Photo,iTop VISÃO SIMPLES Blocos 1.50 iTop Sun Light Protection Photo,visao_simples,Resina,1.50,false,false,true,658.00,Pagina 40,Surf,Antirreflexo,final,658.00,658.00,-10.00,10.00,0.00,0.00,null,null,VISÃO SIMPLES,Blocos
Optilab,Optilab 06 de abril a 31 de julho de 2026,iTop,Mista,mista,f2daf748-86f3-43d9-9082-1589de165397,1.50 iTop Sun Light Protection Photo,iTop VISÃO SIMPLES Blocos 1.50 iTop Sun Light Protection Photo,visao_simples,Resina,1.50,false,false,true,658.00,Pagina 40,Trio Easy Clean,Antirreflexo,final,1006.00,1006.00,-10.00,10.00,0.00,0.00,null,null,VISÃO SIMPLES,Blocos
Optilab,Optilab 06 de abril a 31 de julho de 2026,iTop,Mista,mista,f2daf748-86f3-43d9-9082-1589de165397,1.50 iTop Sun Light Protection Photo,iTop VISÃO SIMPLES Blocos 1.50 iTop Sun Light Protection Photo,visao_simples,Resina,1.50,false,false,true,658.00,Pagina 40,Verniz Hc,Revestimento,final,925.00,925.00,-10.00,10.00,0.00,0.00,null,null,VISÃO SIMPLES,Blocos
Optilab,Optilab 06 de abril a 31 de julho de 2026,iTop,Mista,mista,f2daf748-86f3-43d9-9082-1589de165397,1.50 iTop Sun Light Protection Photo,iTop VISÃO SIMPLES Blocos 1.50 iTop Sun Light Protection Photo,visao_simples,Resina,1.50,false,false,true,658.00,Pagina 40,Vert Clair,Antirreflexo,final,1226.00,1226.00,-10.00,10.00,0.00,0.00,null,null,VISÃO SIMPLES,Blocos
Optilab,Optilab 06 de abril a 31 de julho de 2026,iTop,Mista,mista,8bd5de83-60c3-43a8-a330-0bd5e72f00d1,1.67 iTop Single Clear Esférico,iTop VISÃO SIMPLES Blocos 1.67 iTop Single Clear Esférico,visao_simples,Resina,1.67,false,false,true,1482.00,Pagina 40,Trio Easy Clean,Antirreflexo,final,1862.00,1862.00,-14.00,10.00,0.00,0.00,null,null,VISÃO SIMPLES,Blocos
Optilab,Optilab 06 de abril a 31 de julho de 2026,iTop,Mista,mista,8bd5de83-60c3-43a8-a330-0bd5e72f00d1,1.67 iTop Single Clear Esférico,iTop VISÃO SIMPLES Blocos 1.67 iTop Single Clear Esférico,visao_simples,Resina,1.67,false,false,true,1482.00,Pagina 40,Verniz Hc,Revestimento,final,1482.00,1482.00,-14.00,10.00,0.00,0.00,null,null,VISÃO SIMPLES,Blocos
Optilab,Optilab 06 de abril a 31 de julho de 2026,iTop,Mista,mista,8bd5de83-60c3-43a8-a330-0bd5e72f00d1,1.67 iTop Single Clear Esférico,iTop VISÃO SIMPLES Blocos 1.67 iTop Single Clear Esférico,visao_simples,Resina,1.67,false,false,true,1482.00,Pagina 40,Vert Clair,Antirreflexo,final,2085.00,2085.00,-14.00,10.00,0.00,0.00,null,null,VISÃO SIMPLES,Blocos
Optilab,Optilab 06 de abril a 31 de julho de 2026,LENTES BIFOCAIS,Bifocal,bifocal,dee602f8-766d-4a92-b070-b0e72ffd17ce,Flap Top CR-39,LENTES BIFOCAIS Flap Top CR-39,bifocal,Resina,1.50,false,false,true,746.00,Pagina 38,Trio Easy Clean,Antirreflexo,final,746.00,746.00,-8.00,6.00,0.00,-6.00,1.00,3.50,null,null
Optilab,Optilab 06 de abril a 31 de julho de 2026,LENTES BIFOCAIS,Bifocal,bifocal,dee602f8-766d-4a92-b070-b0e72ffd17ce,Flap Top CR-39,LENTES BIFOCAIS Flap Top CR-39,bifocal,Resina,1.50,false,false,true,746.00,Pagina 38,Verniz Hc,Revestimento,final,748.00,748.00,-8.00,6.00,0.00,-6.00,1.00,3.50,null,null
Optilab,Optilab 06 de abril a 31 de julho de 2026,LENTES BIFOCAIS,Bifocal,bifocal,dee602f8-766d-4a92-b070-b0e72ffd17ce,Flap Top CR-39,LENTES BIFOCAIS Flap Top CR-39,bifocal,Resina,1.50,false,false,true,746.00,Pagina 38,Vert Clair,Antirreflexo,final,1026.00,1026.00,-8.00,6.00,0.00,-6.00,1.00,3.50,null,null
Optilab,Optilab 06 de abril a 31 de julho de 2026,LENTES BIFOCAIS,Bifocal,bifocal,ccf007e9-9824-4df4-90ac-6ee33c459ba4,Flap Top CR-39 + Transitions Gen S,LENTES BIFOCAIS Flap Top CR-39 + Transitions Gen S,bifocal,Resina,1.50,false,false,true,1936.00,Pagina 38,Trio Easy Clean,Antirreflexo,final,1936.00,1936.00,-6.00,7.00,0.00,-6.00,1.00,3.00,null,null
Optilab,Optilab 06 de abril a 31 de julho de 2026,LENTES BIFOCAIS,Bifocal,bifocal,ccf007e9-9824-4df4-90ac-6ee33c459ba4,Flap Top CR-39 + Transitions Gen S,LENTES BIFOCAIS Flap Top CR-39 + Transitions Gen S,bifocal,Resina,1.50,false,false,true,1936.00,Pagina 38,Verniz Hc,Revestimento,final,1939.00,1939.00,-6.00,7.00,0.00,-6.00,1.00,3.00,null,null
Optilab,Optilab 06 de abril a 31 de julho de 2026,LENTES BIFOCAIS,Bifocal,bifocal,ccf007e9-9824-4df4-90ac-6ee33c459ba4,Flap Top CR-39 + Transitions Gen S,LENTES BIFOCAIS Flap Top CR-39 + Transitions Gen S,bifocal,Resina,1.50,false,false,true,1936.00,Pagina 38,Vert Clair,Antirreflexo,final,2217.00,2217.00,-6.00,7.00,0.00,-6.00,1.00,3.00,null,null
Optilab,Optilab 06 de abril a 31 de julho de 2026,LENTES BIFOCAIS,Bifocal,bifocal,d45e5bc3-288a-4aa3-9ac1-c2669cc9474c,iTop Hyper Bifocal 1.60,LENTES BIFOCAIS iTop Hyper Bifocal 1.60,bifocal,Resina,1.60,false,false,true,1306.00,Pagina 38,Trio Easy Clean,Antirreflexo,final,1550.00,1550.00,-6.00,10.00,0.00,-6.00,1.00,3.00,null,null
Optilab,Optilab 06 de abril a 31 de julho de 2026,LENTES BIFOCAIS,Bifocal,bifocal,d45e5bc3-288a-4aa3-9ac1-c2669cc9474c,iTop Hyper Bifocal 1.60,LENTES BIFOCAIS iTop Hyper Bifocal 1.60,bifocal,Resina,1.60,false,false,true,1306.00,Pagina 38,Verniz Hc,Revestimento,final,1306.00,1306.00,-6.00,10.00,0.00,-6.00,1.00,3.00,null,null
Optilab,Optilab 06 de abril a 31 de julho de 2026,LENTES BIFOCAIS,Bifocal,bifocal,d45e5bc3-288a-4aa3-9ac1-c2669cc9474c,iTop Hyper Bifocal 1.60,LENTES BIFOCAIS iTop Hyper Bifocal 1.60,bifocal,Resina,1.60,false,false,true,1306.00,Pagina 38,Vert Clair,Antirreflexo,final,1830.00,1830.00,-6.00,10.00,0.00,-6.00,1.00,3.00,null,null
Optilab,Optilab 06 de abril a 31 de julho de 2026,LENTES BIFOCAIS,Bifocal,bifocal,79c47026-cb66-447b-8df8-ea00d41efb7c,iTop Hyper Bifocal 1.67,LENTES BIFOCAIS iTop Hyper Bifocal 1.67,bifocal,Resina,1.67,false,false,true,1446.00,Pagina 38,Trio Easy Clean,Antirreflexo,final,1690.00,1690.00,-6.00,14.00,0.00,-6.00,1.00,3.00,null,null
Optilab,Optilab 06 de abril a 31 de julho de 2026,LENTES BIFOCAIS,Bifocal,bifocal,79c47026-cb66-447b-8df8-ea00d41efb7c,iTop Hyper Bifocal 1.67,LENTES BIFOCAIS iTop Hyper Bifocal 1.67,bifocal,Resina,1.67,false,false,true,1446.00,Pagina 38,Verniz Hc,Revestimento,final,1446.00,1446.00,-6.00,14.00,0.00,-6.00,1.00,3.00,null,null
Optilab,Optilab 06 de abril a 31 de julho de 2026,LENTES BIFOCAIS,Bifocal,bifocal,79c47026-cb66-447b-8df8-ea00d41efb7c,iTop Hyper Bifocal 1.67,LENTES BIFOCAIS iTop Hyper Bifocal 1.67,bifocal,Resina,1.67,false,false,true,1446.00,Pagina 38,Vert Clair,Antirreflexo,final,1970.00,1970.00,-6.00,14.00,0.00,-6.00,1.00,3.00,null,null
Optilab,Optilab 06 de abril a 31 de julho de 2026,LENTES BIFOCAIS,Bifocal,bifocal,c2f5dc5b-409b-40e1-9bbc-023e6f1271cf,iTop Hyper Bifocal Poly,LENTES BIFOCAIS iTop Hyper Bifocal Poly,bifocal,Policarbonato,1.59,false,false,true,1052.00,Pagina 38,Trio Easy Clean,Antirreflexo,final,1296.00,1296.00,-6.00,9.00,0.00,-6.00,1.00,3.00,null,null
Optilab,Optilab 06 de abril a 31 de julho de 2026,LENTES BIFOCAIS,Bifocal,bifocal,c2f5dc5b-409b-40e1-9bbc-023e6f1271cf,iTop Hyper Bifocal Poly,LENTES BIFOCAIS iTop Hyper Bifocal Poly,bifocal,Policarbonato,1.59,false,false,true,1052.00,Pagina 38,Verniz Hc,Revestimento,final,1052.00,1052.00,-6.00,9.00,0.00,-6.00,1.00,3.00,null,null
Optilab,Optilab 06 de abril a 31 de julho de 2026,LENTES BIFOCAIS,Bifocal,bifocal,c2f5dc5b-409b-40e1-9bbc-023e6f1271cf,iTop Hyper Bifocal Poly,LENTES BIFOCAIS iTop Hyper Bifocal Poly,bifocal,Policarbonato,1.59,false,false,true,1052.00,Pagina 38,Vert Clair,Antirreflexo,final,1577.00,1577.00,-6.00,9.00,0.00,-6.00,1.00,3.00,null,null
Optilab,Optilab 06 de abril a 31 de julho de 2026,LENTES BIFOCAIS,Bifocal,bifocal,1c297d23-17e8-4c01-a577-c9c58a6ea7a0,Ultex CR-39,LENTES BIFOCAIS Ultex CR-39,bifocal,Resina,1.50,false,false,true,603.00,Pagina 38,Trio Easy Clean,Antirreflexo,final,603.00,603.00,-4.00,8.00,0.00,-6.00,1.00,3.50,null,null
Optilab,Optilab 06 de abril a 31 de julho de 2026,LENTES BIFOCAIS,Bifocal,bifocal,1c297d23-17e8-4c01-a577-c9c58a6ea7a0,Ultex CR-39,LENTES BIFOCAIS Ultex CR-39,bifocal,Resina,1.50,false,false,true,603.00,Pagina 38,Verniz Hc,Revestimento,final,605.00,605.00,-4.00,8.00,0.00,-6.00,1.00,3.50,null,null
Optilab,Optilab 06 de abril a 31 de julho de 2026,LENTES BIFOCAIS,Bifocal,bifocal,1c297d23-17e8-4c01-a577-c9c58a6ea7a0,Ultex CR-39,LENTES BIFOCAIS Ultex CR-39,bifocal,Resina,1.50,false,false,true,603.00,Pagina 38,Vert Clair,Antirreflexo,final,884.00,884.00,-4.00,8.00,0.00,-6.00,1.00,3.50,null,null
Optilab,Optilab 06 de abril a 31 de julho de 2026,LENTES BIFOCAIS,Bifocal,bifocal,c11d9820-2d7b-4862-b4d3-65b196c22211,Ultex CR-39 + Transitions Gen S,LENTES BIFOCAIS Ultex CR-39 + Transitions Gen S,bifocal,Resina,1.50,false,false,true,1989.00,Pagina 38,Trio Easy Clean,Antirreflexo,final,1989.00,1989.00,-4.00,8.00,0.00,-6.00,1.00,3.00,null,null
Optilab,Optilab 06 de abril a 31 de julho de 2026,LENTES BIFOCAIS,Bifocal,bifocal,c11d9820-2d7b-4862-b4d3-65b196c22211,Ultex CR-39 + Transitions Gen S,LENTES BIFOCAIS Ultex CR-39 + Transitions Gen S,bifocal,Resina,1.50,false,false,true,1989.00,Pagina 38,Verniz Hc,Revestimento,final,1992.00,1992.00,-4.00,8.00,0.00,-6.00,1.00,3.00,null,null
Optilab,Optilab 06 de abril a 31 de julho de 2026,LENTES BIFOCAIS,Bifocal,bifocal,c11d9820-2d7b-4862-b4d3-65b196c22211,Ultex CR-39 + Transitions Gen S,LENTES BIFOCAIS Ultex CR-39 + Transitions Gen S,bifocal,Resina,1.50,false,false,true,1989.00,Pagina 38,Vert Clair,Antirreflexo,final,2270.00,2270.00,-4.00,8.00,0.00,-6.00,1.00,3.00,null,null
Optilab,Optilab 06 de abril a 31 de julho de 2026,LENTES ESPACE®,Progressiva,mista,3f48fbd0-654b-4413-89bd-d0364d9a01c5,1.67,LENTES ESPACE® DIGITAL 1.67,multifocal,Resina,1.67,false,false,true,2381.00,Pagina 37,Crizal Easy Pro,Antirreflexo,final,2561.00,2561.00,-14.00,8.00,0.00,-6.00,1.00,3.50,DIGITAL,null
Optilab,Optilab 06 de abril a 31 de julho de 2026,LENTES ESPACE®,Progressiva,mista,3f48fbd0-654b-4413-89bd-d0364d9a01c5,1.67,LENTES ESPACE® DIGITAL 1.67,multifocal,Resina,1.67,false,false,true,2381.00,Pagina 37,Crizal Prevencia,Antirreflexo,final,3242.00,3242.00,-14.00,8.00,0.00,-6.00,1.00,3.50,DIGITAL,null
Optilab,Optilab 06 de abril a 31 de julho de 2026,LENTES ESPACE®,Progressiva,mista,3f48fbd0-654b-4413-89bd-d0364d9a01c5,1.67,LENTES ESPACE® DIGITAL 1.67,multifocal,Resina,1.67,false,false,true,2381.00,Pagina 37,Crizal Rock,Antirreflexo,final,2950.00,2950.00,-14.00,8.00,0.00,-6.00,1.00,3.50,DIGITAL,null
Optilab,Optilab 06 de abril a 31 de julho de 2026,LENTES ESPACE®,Progressiva,mista,3f48fbd0-654b-4413-89bd-d0364d9a01c5,1.67,LENTES ESPACE® DIGITAL 1.67,multifocal,Resina,1.67,false,false,true,2381.00,Pagina 37,Crizal Sapphire HR,Antirreflexo,final,3242.00,3242.00,-14.00,8.00,0.00,-6.00,1.00,3.50,DIGITAL,null
Optilab,Optilab 06 de abril a 31 de julho de 2026,LENTES ESPACE®,Progressiva,mista,3f48fbd0-654b-4413-89bd-d0364d9a01c5,1.67,LENTES ESPACE® DIGITAL 1.67,multifocal,Resina,1.67,false,false,true,2381.00,Pagina 37,Optifog,Antirreflexo,final,2861.00,2861.00,-14.00,8.00,0.00,-6.00,1.00,3.50,DIGITAL,null
Optilab,Optilab 06 de abril a 31 de julho de 2026,LENTES ESPACE®,Progressiva,mista,3f48fbd0-654b-4413-89bd-d0364d9a01c5,1.67,LENTES ESPACE® DIGITAL 1.67,multifocal,Resina,1.67,false,false,true,2381.00,Pagina 37,Trio Easy Clean,Antirreflexo,final,2381.00,2381.00,-14.00,8.00,0.00,-6.00,1.00,3.50,DIGITAL,null
Optilab,Optilab 06 de abril a 31 de julho de 2026,LENTES ESPACE®,Progressiva,mista,67ef34d0-4eef-4a9e-bd30-4a45143ef281,1.67 + Transitions Gen S,LENTES ESPACE® DIGITAL 1.67 + Transitions Gen S,multifocal,Resina,1.67,false,false,true,3226.00,Pagina 37,Crizal Easy Pro,Antirreflexo,final,3406.00,3406.00,-14.00,8.00,0.00,-6.00,1.00,3.50,DIGITAL,null
Optilab,Optilab 06 de abril a 31 de julho de 2026,LENTES ESPACE®,Progressiva,mista,67ef34d0-4eef-4a9e-bd30-4a45143ef281,1.67 + Transitions Gen S,LENTES ESPACE® DIGITAL 1.67 + Transitions Gen S,multifocal,Resina,1.67,false,false,true,3226.00,Pagina 37,Crizal Prevencia,Antirreflexo,final,4087.00,4087.00,-14.00,8.00,0.00,-6.00,1.00,3.50,DIGITAL,null
Optilab,Optilab 06 de abril a 31 de julho de 2026,LENTES ESPACE®,Progressiva,mista,67ef34d0-4eef-4a9e-bd30-4a45143ef281,1.67 + Transitions Gen S,LENTES ESPACE® DIGITAL 1.67 + Transitions Gen S,multifocal,Resina,1.67,false,false,true,3226.00,Pagina 37,Crizal Rock,Antirreflexo,final,3794.00,3794.00,-14.00,8.00,0.00,-6.00,1.00,3.50,DIGITAL,null
Optilab,Optilab 06 de abril a 31 de julho de 2026,LENTES ESPACE®,Progressiva,mista,67ef34d0-4eef-4a9e-bd30-4a45143ef281,1.67 + Transitions Gen S,LENTES ESPACE® DIGITAL 1.67 + Transitions Gen S,multifocal,Resina,1.67,false,false,true,3226.00,Pagina 37,Crizal Sapphire HR,Antirreflexo,final,4087.00,4087.00,-14.00,8.00,0.00,-6.00,1.00,3.50,DIGITAL,null
Optilab,Optilab 06 de abril a 31 de julho de 2026,LENTES ESPACE®,Progressiva,mista,67ef34d0-4eef-4a9e-bd30-4a45143ef281,1.67 + Transitions Gen S,LENTES ESPACE® DIGITAL 1.67 + Transitions Gen S,multifocal,Resina,1.67,false,false,true,3226.00,Pagina 37,Optifog,Antirreflexo,final,3706.00,3706.00,-14.00,8.00,0.00,-6.00,1.00,3.50,DIGITAL,null
Optilab,Optilab 06 de abril a 31 de julho de 2026,LENTES ESPACE®,Progressiva,mista,67ef34d0-4eef-4a9e-bd30-4a45143ef281,1.67 + Transitions Gen S,LENTES ESPACE® DIGITAL 1.67 + Transitions Gen S,multifocal,Resina,1.67,false,false,true,3226.00,Pagina 37,Trio Easy Clean,Antirreflexo,final,3226.00,3226.00,-14.00,8.00,0.00,-6.00,1.00,3.50,DIGITAL,null
Optilab,Optilab 06 de abril a 31 de julho de 2026,LENTES ESPACE®,Progressiva,mista,29798e4a-3f04-4f93-9a80-4036e5cd9064,Orma,LENTES ESPACE® DIGITAL Orma,multifocal,Resina,1.50,false,false,true,844.00,Pagina 37,Crizal Easy Pro,Antirreflexo,final,1159.00,1159.00,-10.25,5.25,0.00,-6.00,1.00,3.50,DIGITAL,null
Optilab,Optilab 06 de abril a 31 de julho de 2026,LENTES ESPACE®,Progressiva,mista,29798e4a-3f04-4f93-9a80-4036e5cd9064,Orma,LENTES ESPACE® DIGITAL Orma,multifocal,Resina,1.50,false,false,true,844.00,Pagina 37,Crizal Prevencia,Antirreflexo,final,1937.00,1937.00,-10.25,5.25,0.00,-6.00,1.00,3.50,DIGITAL,null
Optilab,Optilab 06 de abril a 31 de julho de 2026,LENTES ESPACE®,Progressiva,mista,29798e4a-3f04-4f93-9a80-4036e5cd9064,Orma,LENTES ESPACE® DIGITAL Orma,multifocal,Resina,1.50,false,false,true,844.00,Pagina 37,Crizal Rock,Antirreflexo,final,1644.00,1644.00,-10.25,5.25,0.00,-6.00,1.00,3.50,DIGITAL,null
Optilab,Optilab 06 de abril a 31 de julho de 2026,LENTES ESPACE®,Progressiva,mista,29798e4a-3f04-4f93-9a80-4036e5cd9064,Orma,LENTES ESPACE® DIGITAL Orma,multifocal,Resina,1.50,false,false,true,844.00,Pagina 37,Crizal Sapphire HR,Antirreflexo,final,1937.00,1937.00,-10.25,5.25,0.00,-6.00,1.00,3.50,DIGITAL,null
Optilab,Optilab 06 de abril a 31 de julho de 2026,LENTES ESPACE®,Progressiva,mista,29798e4a-3f04-4f93-9a80-4036e5cd9064,Orma,LENTES ESPACE® DIGITAL Orma,multifocal,Resina,1.50,false,false,true,844.00,Pagina 37,Optifog,Antirreflexo,final,1547.00,1547.00,-10.25,5.25,0.00,-6.00,1.00,3.50,DIGITAL,null
Optilab,Optilab 06 de abril a 31 de julho de 2026,LENTES ESPACE®,Progressiva,mista,29798e4a-3f04-4f93-9a80-4036e5cd9064,Orma,LENTES ESPACE® DIGITAL Orma,multifocal,Resina,1.50,false,false,true,844.00,Pagina 37,Trio Easy Clean,Antirreflexo,final,947.00,947.00,-10.25,5.25,0.00,-6.00,1.00,3.50,DIGITAL,null
Optilab,Optilab 06 de abril a 31 de julho de 2026,LENTES ESPACE®,Progressiva,mista,29798e4a-3f04-4f93-9a80-4036e5cd9064,Orma,LENTES ESPACE® DIGITAL Orma,multifocal,Resina,1.50,false,false,true,844.00,Pagina 37,Verniz Hc,Revestimento,final,844.00,844.00,-10.25,5.25,0.00,-6.00,1.00,3.50,DIGITAL,null
Optilab,Optilab 06 de abril a 31 de julho de 2026,LENTES ESPACE®,Progressiva,mista,6ac65f90-6911-455a-bcad-76f84c5692c5,Orma + Blue UV Filter,LENTES ESPACE® DIGITAL Orma + Blue UV Filter,multifocal,Resina,1.50,false,false,true,1066.00,Pagina 37,Crizal Easy Pro,Antirreflexo,final,1255.00,1255.00,-10.25,5.25,0.00,-6.00,1.00,3.50,DIGITAL,null
Optilab,Optilab 06 de abril a 31 de julho de 2026,LENTES ESPACE®,Progressiva,mista,6ac65f90-6911-455a-bcad-76f84c5692c5,Orma + Blue UV Filter,LENTES ESPACE® DIGITAL Orma + Blue UV Filter,multifocal,Resina,1.50,false,false,true,1066.00,Pagina 37,Crizal Prevencia,Antirreflexo,final,2040.00,2040.00,-10.25,5.25,0.00,-6.00,1.00,3.50,DIGITAL,null
Optilab,Optilab 06 de abril a 31 de julho de 2026,LENTES ESPACE®,Progressiva,mista,6ac65f90-6911-455a-bcad-76f84c5692c5,Orma + Blue UV Filter,LENTES ESPACE® DIGITAL Orma + Blue UV Filter,multifocal,Resina,1.50,false,false,true,1066.00,Pagina 37,Crizal Rock,Antirreflexo,final,1656.00,1656.00,-10.25,5.25,0.00,-6.00,1.00,3.50,DIGITAL,null
Optilab,Optilab 06 de abril a 31 de julho de 2026,LENTES ESPACE®,Progressiva,mista,6ac65f90-6911-455a-bcad-76f84c5692c5,Orma + Blue UV Filter,LENTES ESPACE® DIGITAL Orma + Blue UV Filter,multifocal,Resina,1.50,false,false,true,1066.00,Pagina 37,Crizal Sapphire HR,Antirreflexo,final,2040.00,2040.00,-10.25,5.25,0.00,-6.00,1.00,3.50,DIGITAL,null
Optilab,Optilab 06 de abril a 31 de julho de 2026,LENTES ESPACE®,Progressiva,mista,6ac65f90-6911-455a-bcad-76f84c5692c5,Orma + Blue UV Filter,LENTES ESPACE® DIGITAL Orma + Blue UV Filter,multifocal,Resina,1.50,false,false,true,1066.00,Pagina 37,Optifog,Antirreflexo,final,1555.00,1555.00,-10.25,5.25,0.00,-6.00,1.00,3.50,DIGITAL,null
Optilab,Optilab 06 de abril a 31 de julho de 2026,LENTES ESPACE®,Progressiva,mista,6ac65f90-6911-455a-bcad-76f84c5692c5,Orma + Blue UV Filter,LENTES ESPACE® DIGITAL Orma + Blue UV Filter,multifocal,Resina,1.50,false,false,true,1066.00,Pagina 37,Trio Easy Clean,Antirreflexo,final,1075.00,1075.00,-10.25,5.25,0.00,-6.00,1.00,3.50,DIGITAL,null
Optilab,Optilab 06 de abril a 31 de julho de 2026,LENTES ESPACE®,Progressiva,mista,6ac65f90-6911-455a-bcad-76f84c5692c5,Orma + Blue UV Filter,LENTES ESPACE® DIGITAL Orma + Blue UV Filter,multifocal,Resina,1.50,false,false,true,1066.00,Pagina 37,Verniz Hc,Revestimento,final,1066.00,1066.00,-10.25,5.25,0.00,-6.00,1.00,3.50,DIGITAL,null
Optilab,Optilab 06 de abril a 31 de julho de 2026,LENTES ESPACE®,Progressiva,mista,398874b0-1feb-4f3b-8c08-67fedf467846,Orma + Transitions Gen S,LENTES ESPACE® DIGITAL Orma + Transitions Gen S,multifocal,Resina,1.50,false,false,true,1718.00,Pagina 37,Crizal Easy Pro,Antirreflexo,final,2033.00,2033.00,-10.25,5.25,0.00,-6.00,1.00,3.50,DIGITAL,null
Optilab,Optilab 06 de abril a 31 de julho de 2026,LENTES ESPACE®,Progressiva,mista,398874b0-1feb-4f3b-8c08-67fedf467846,Orma + Transitions Gen S,LENTES ESPACE® DIGITAL Orma + Transitions Gen S,multifocal,Resina,1.50,false,false,true,1718.00,Pagina 37,Crizal Prevencia,Antirreflexo,final,2914.00,2914.00,-10.25,5.25,0.00,-6.00,1.00,3.50,DIGITAL,null
Optilab,Optilab 06 de abril a 31 de julho de 2026,LENTES ESPACE®,Progressiva,mista,398874b0-1feb-4f3b-8c08-67fedf467846,Orma + Transitions Gen S,LENTES ESPACE® DIGITAL Orma + Transitions Gen S,multifocal,Resina,1.50,false,false,true,1718.00,Pagina 37,Crizal Rock,Antirreflexo,final,2530.00,2530.00,-10.25,5.25,0.00,-6.00,1.00,3.50,DIGITAL,null
Optilab,Optilab 06 de abril a 31 de julho de 2026,LENTES ESPACE®,Progressiva,mista,398874b0-1feb-4f3b-8c08-67fedf467846,Orma + Transitions Gen S,LENTES ESPACE® DIGITAL Orma + Transitions Gen S,multifocal,Resina,1.50,false,false,true,1718.00,Pagina 37,Crizal Sapphire HR,Antirreflexo,final,2914.00,2914.00,-10.25,5.25,0.00,-6.00,1.00,3.50,DIGITAL,null
Optilab,Optilab 06 de abril a 31 de julho de 2026,LENTES ESPACE®,Progressiva,mista,398874b0-1feb-4f3b-8c08-67fedf467846,Orma + Transitions Gen S,LENTES ESPACE® DIGITAL Orma + Transitions Gen S,multifocal,Resina,1.50,false,false,true,1718.00,Pagina 37,Optifog,Antirreflexo,final,2421.00,2421.00,-10.25,5.25,0.00,-6.00,1.00,3.50,DIGITAL,null
Optilab,Optilab 06 de abril a 31 de julho de 2026,LENTES ESPACE®,Progressiva,mista,398874b0-1feb-4f3b-8c08-67fedf467846,Orma + Transitions Gen S,LENTES ESPACE® DIGITAL Orma + Transitions Gen S,multifocal,Resina,1.50,false,false,true,1718.00,Pagina 37,Trio Easy Clean,Antirreflexo,final,1821.00,1821.00,-10.25,5.25,0.00,-6.00,1.00,3.50,DIGITAL,null
Optilab,Optilab 06 de abril a 31 de julho de 2026,LENTES ESPACE®,Progressiva,mista,398874b0-1feb-4f3b-8c08-67fedf467846,Orma + Transitions Gen S,LENTES ESPACE® DIGITAL Orma + Transitions Gen S,multifocal,Resina,1.50,false,false,true,1718.00,Pagina 37,Verniz Hc,Revestimento,final,1718.00,1718.00,-10.25,5.25,0.00,-6.00,1.00,3.50,DIGITAL,null
Optilab,Optilab 06 de abril a 31 de julho de 2026,LENTES ESPACE®,Progressiva,mista,e42ca74f-d967-48f7-ab6f-3304382fd20b,Orma + Xperio,LENTES ESPACE® DIGITAL Orma + Xperio,multifocal,Resina,1.50,false,false,true,1548.00,Pagina 37,Crizal Sapphire HR,Antirreflexo,final,1836.00,1836.00,-10.00,6.00,0.00,-6.00,1.00,3.50,DIGITAL,null
Optilab,Optilab 06 de abril a 31 de julho de 2026,LENTES ESPACE®,Progressiva,mista,e42ca74f-d967-48f7-ab6f-3304382fd20b,Orma + Xperio,LENTES ESPACE® DIGITAL Orma + Xperio,multifocal,Resina,1.50,false,false,true,1548.00,Pagina 37,Optifog,Antirreflexo,final,1850.00,1850.00,-10.00,6.00,0.00,-6.00,1.00,3.50,DIGITAL,null
Optilab,Optilab 06 de abril a 31 de julho de 2026,LENTES ESPACE®,Progressiva,mista,e42ca74f-d967-48f7-ab6f-3304382fd20b,Orma + Xperio,LENTES ESPACE® DIGITAL Orma + Xperio,multifocal,Resina,1.50,false,false,true,1548.00,Pagina 37,Verniz Hc,Revestimento,final,1548.00,1548.00,-10.00,6.00,0.00,-6.00,1.00,3.50,DIGITAL,null
Optilab,Optilab 06 de abril a 31 de julho de 2026,LENTES ESPACE®,Progressiva,mista,3efde111-db31-42c3-8966-e732b78ae6de,Poly,LENTES ESPACE® DIGITAL Poly,multifocal,Policarbonato,1.59,false,false,true,936.00,Pagina 37,Crizal Easy Pro,Antirreflexo,final,1251.00,1251.00,-11.75,6.50,0.00,-6.00,1.00,3.50,DIGITAL,null
Optilab,Optilab 06 de abril a 31 de julho de 2026,LENTES ESPACE®,Progressiva,mista,3efde111-db31-42c3-8966-e732b78ae6de,Poly,LENTES ESPACE® DIGITAL Poly,multifocal,Policarbonato,1.59,false,false,true,936.00,Pagina 37,Crizal Prevencia,Antirreflexo,final,2132.00,2132.00,-11.75,6.50,0.00,-6.00,1.00,3.50,DIGITAL,null
Optilab,Optilab 06 de abril a 31 de julho de 2026,LENTES ESPACE®,Progressiva,mista,3efde111-db31-42c3-8966-e732b78ae6de,Poly,LENTES ESPACE® DIGITAL Poly,multifocal,Policarbonato,1.59,false,false,true,936.00,Pagina 37,Crizal Rock,Antirreflexo,final,1748.00,1748.00,-11.75,6.50,0.00,-6.00,1.00,3.50,DIGITAL,null
Optilab,Optilab 06 de abril a 31 de julho de 2026,LENTES ESPACE®,Progressiva,mista,3efde111-db31-42c3-8966-e732b78ae6de,Poly,LENTES ESPACE® DIGITAL Poly,multifocal,Policarbonato,1.59,false,false,true,936.00,Pagina 37,Crizal Sapphire HR,Antirreflexo,final,2132.00,2132.00,-11.75,6.50,0.00,-6.00,1.00,3.50,DIGITAL,null
Optilab,Optilab 06 de abril a 31 de julho de 2026,LENTES ESPACE®,Progressiva,mista,3efde111-db31-42c3-8966-e732b78ae6de,Poly,LENTES ESPACE® DIGITAL Poly,multifocal,Policarbonato,1.59,false,false,true,936.00,Pagina 37,Optifog,Antirreflexo,final,1639.00,1639.00,-11.75,6.50,0.00,-6.00,1.00,3.50,DIGITAL,null
Optilab,Optilab 06 de abril a 31 de julho de 2026,LENTES ESPACE®,Progressiva,mista,3efde111-db31-42c3-8966-e732b78ae6de,Poly,LENTES ESPACE® DIGITAL Poly,multifocal,Policarbonato,1.59,false,false,true,936.00,Pagina 37,Trio Easy Clean,Antirreflexo,final,1039.00,1039.00,-11.75,6.50,0.00,-6.00,1.00,3.50,DIGITAL,null
Optilab,Optilab 06 de abril a 31 de julho de 2026,LENTES ESPACE®,Progressiva,mista,3efde111-db31-42c3-8966-e732b78ae6de,Poly,LENTES ESPACE® DIGITAL Poly,multifocal,Policarbonato,1.59,false,false,true,936.00,Pagina 37,Verniz Hc,Revestimento,final,936.00,936.00,-11.75,6.50,0.00,-6.00,1.00,3.50,DIGITAL,null
Optilab,Optilab 06 de abril a 31 de julho de 2026,LENTES ESPACE®,Progressiva,mista,5be3dc76-d784-431a-a703-a4b68a097735,Poly + Transitions Gen S,LENTES ESPACE® DIGITAL Poly + Transitions Gen S,multifocal,Policarbonato,1.59,false,false,true,1984.00,Pagina 37,Crizal Easy Pro,Antirreflexo,final,2300.00,2300.00,-11.75,6.50,0.00,-6.00,1.00,3.50,DIGITAL,null
Optilab,Optilab 06 de abril a 31 de julho de 2026,LENTES ESPACE®,Progressiva,mista,5be3dc76-d784-431a-a703-a4b68a097735,Poly + Transitions Gen S,LENTES ESPACE® DIGITAL Poly + Transitions Gen S,multifocal,Policarbonato,1.59,false,false,true,1984.00,Pagina 37,Crizal Prevencia,Antirreflexo,final,3180.00,3180.00,-11.75,6.50,0.00,-6.00,1.00,3.50,DIGITAL,null
Optilab,Optilab 06 de abril a 31 de julho de 2026,LENTES ESPACE®,Progressiva,mista,5be3dc76-d784-431a-a703-a4b68a097735,Poly + Transitions Gen S,LENTES ESPACE® DIGITAL Poly + Transitions Gen S,multifocal,Policarbonato,1.59,false,false,true,1984.00,Pagina 37,Crizal Rock,Antirreflexo,final,2796.00,2796.00,-11.75,6.50,0.00,-6.00,1.00,3.50,DIGITAL,null
Optilab,Optilab 06 de abril a 31 de julho de 2026,LENTES ESPACE®,Progressiva,mista,5be3dc76-d784-431a-a703-a4b68a097735,Poly + Transitions Gen S,LENTES ESPACE® DIGITAL Poly + Transitions Gen S,multifocal,Policarbonato,1.59,false,false,true,1984.00,Pagina 37,Crizal Sapphire HR,Antirreflexo,final,3180.00,3180.00,-11.75,6.50,0.00,-6.00,1.00,3.50,DIGITAL,null
Optilab,Optilab 06 de abril a 31 de julho de 2026,LENTES ESPACE®,Progressiva,mista,5be3dc76-d784-431a-a703-a4b68a097735,Poly + Transitions Gen S,LENTES ESPACE® DIGITAL Poly + Transitions Gen S,multifocal,Policarbonato,1.59,false,false,true,1984.00,Pagina 37,Optifog,Antirreflexo,final,2688.00,2688.00,-11.75,6.50,0.00,-6.00,1.00,3.50,DIGITAL,null
Optilab,Optilab 06 de abril a 31 de julho de 2026,LENTES ESPACE®,Progressiva,mista,5be3dc76-d784-431a-a703-a4b68a097735,Poly + Transitions Gen S,LENTES ESPACE® DIGITAL Poly + Transitions Gen S,multifocal,Policarbonato,1.59,false,false,true,1984.00,Pagina 37,Trio Easy Clean,Antirreflexo,final,2088.00,2088.00,-11.75,6.50,0.00,-6.00,1.00,3.50,DIGITAL,null
Optilab,Optilab 06 de abril a 31 de julho de 2026,LENTES ESPACE®,Progressiva,mista,5be3dc76-d784-431a-a703-a4b68a097735,Poly + Transitions Gen S,LENTES ESPACE® DIGITAL Poly + Transitions Gen S,multifocal,Policarbonato,1.59,false,false,true,1984.00,Pagina 37,Verniz Hc,Revestimento,final,1984.00,1984.00,-11.75,6.50,0.00,-6.00,1.00,3.50,DIGITAL,null
Optilab,Optilab 06 de abril a 31 de julho de 2026,LENTES ESPACE®,Progressiva,mista,e30672d4-51d8-4dd6-8c40-8222d3c851a6,Poly + Xperio,LENTES ESPACE® DIGITAL Poly + Xperio,multifocal,Policarbonato,1.59,false,false,true,1315.00,Pagina 37,Crizal Sapphire HR,Antirreflexo,final,2035.00,2035.00,-10.00,6.50,0.00,-6.00,1.00,3.50,DIGITAL,null
Optilab,Optilab 06 de abril a 31 de julho de 2026,LENTES ESPACE®,Progressiva,mista,e30672d4-51d8-4dd6-8c40-8222d3c851a6,Poly + Xperio,LENTES ESPACE® DIGITAL Poly + Xperio,multifocal,Policarbonato,1.59,false,false,true,1315.00,Pagina 37,Optifog,Antirreflexo,final,2050.00,2050.00,-10.00,6.50,0.00,-6.00,1.00,3.50,DIGITAL,null
Optilab,Optilab 06 de abril a 31 de julho de 2026,LENTES ESPACE®,Progressiva,mista,e30672d4-51d8-4dd6-8c40-8222d3c851a6,Poly + Xperio,LENTES ESPACE® DIGITAL Poly + Xperio,multifocal,Policarbonato,1.59,false,false,true,1315.00,Pagina 37,Verniz Hc,Revestimento,final,1315.00,1315.00,-10.00,6.50,0.00,-6.00,1.00,3.50,DIGITAL,null
Optilab,Optilab 06 de abril a 31 de julho de 2026,LENTES ESPACE®,Progressiva,mista,4026e38d-9458-459c-abc4-f78a98a6312b,Orma,LENTES ESPACE® TRADICIONAL Espace Plus Tradicional Orma,multifocal,Resina,1.50,false,false,true,886.00,Pagina 37,Crizal Easy Pro,Antirreflexo,final,1056.00,1056.00,-10.25,5.25,0.00,-6.00,1.00,3.50,TRADICIONAL,Espace Plus Tradicional
Optilab,Optilab 06 de abril a 31 de julho de 2026,LENTES ESPACE®,Progressiva,mista,4026e38d-9458-459c-abc4-f78a98a6312b,Orma,LENTES ESPACE® TRADICIONAL Espace Plus Tradicional Orma,multifocal,Resina,1.50,false,false,true,886.00,Pagina 37,Crizal Prevencia,Antirreflexo,final,1709.00,1709.00,-10.25,5.25,0.00,-6.00,1.00,3.50,TRADICIONAL,Espace Plus Tradicional
Optilab,Optilab 06 de abril a 31 de julho de 2026,LENTES ESPACE®,Progressiva,mista,4026e38d-9458-459c-abc4-f78a98a6312b,Orma,LENTES ESPACE® TRADICIONAL Espace Plus Tradicional Orma,multifocal,Resina,1.50,false,false,true,886.00,Pagina 37,Crizal Rock,Antirreflexo,final,1428.00,1428.00,-10.25,5.25,0.00,-6.00,1.00,3.50,TRADICIONAL,Espace Plus Tradicional
Optilab,Optilab 06 de abril a 31 de julho de 2026,LENTES ESPACE®,Progressiva,mista,4026e38d-9458-459c-abc4-f78a98a6312b,Orma,LENTES ESPACE® TRADICIONAL Espace Plus Tradicional Orma,multifocal,Resina,1.50,false,false,true,886.00,Pagina 37,Crizal Sapphire HR,Antirreflexo,final,1709.00,1709.00,-10.25,5.25,0.00,-6.00,1.00,3.50,TRADICIONAL,Espace Plus Tradicional
Optilab,Optilab 06 de abril a 31 de julho de 2026,LENTES ESPACE®,Progressiva,mista,4026e38d-9458-459c-abc4-f78a98a6312b,Orma,LENTES ESPACE® TRADICIONAL Espace Plus Tradicional Orma,multifocal,Resina,1.50,false,false,true,886.00,Pagina 37,Optifog,Antirreflexo,final,1343.00,1343.00,-10.25,5.25,0.00,-6.00,1.00,3.50,TRADICIONAL,Espace Plus Tradicional
Optilab,Optilab 06 de abril a 31 de julho de 2026,LENTES ESPACE®,Progressiva,mista,4026e38d-9458-459c-abc4-f78a98a6312b,Orma,LENTES ESPACE® TRADICIONAL Espace Plus Tradicional Orma,multifocal,Resina,1.50,false,false,true,886.00,Pagina 37,Trio Easy Clean,Antirreflexo,final,883.00,883.00,-10.25,5.25,0.00,-6.00,1.00,3.50,TRADICIONAL,Espace Plus Tradicional
Optilab,Optilab 06 de abril a 31 de julho de 2026,LENTES ESPACE®,Progressiva,mista,4026e38d-9458-459c-abc4-f78a98a6312b,Orma,LENTES ESPACE® TRADICIONAL Espace Plus Tradicional Orma,multifocal,Resina,1.50,false,false,true,886.00,Pagina 37,Verniz Hc,Revestimento,final,886.00,886.00,-10.25,5.25,0.00,-6.00,1.00,3.50,TRADICIONAL,Espace Plus Tradicional
Optilab,Optilab 06 de abril a 31 de julho de 2026,LENTES ESPACE®,Progressiva,mista,44bc5f7e-2876-4ea3-b45a-2948969e2179,Orma + Acclimates III new cinza,LENTES ESPACE® TRADICIONAL Espace Plus Tradicional Orma + Acclimates III new cinza,multifocal,Resina,1.50,false,false,true,901.00,Pagina 37,Crizal Easy Pro,Antirreflexo,final,1191.00,1191.00,-11.75,6.50,0.00,-6.00,1.00,3.50,TRADICIONAL,Espace Plus Tradicional
Optilab,Optilab 06 de abril a 31 de julho de 2026,LENTES ESPACE®,Progressiva,mista,44bc5f7e-2876-4ea3-b45a-2948969e2179,Orma + Acclimates III new cinza,LENTES ESPACE® TRADICIONAL Espace Plus Tradicional Orma + Acclimates III new cinza,multifocal,Resina,1.50,false,false,true,901.00,Pagina 37,Crizal Prevencia,Antirreflexo,final,2003.00,2003.00,-11.75,6.50,0.00,-6.00,1.00,3.50,TRADICIONAL,Espace Plus Tradicional
Optilab,Optilab 06 de abril a 31 de julho de 2026,LENTES ESPACE®,Progressiva,mista,44bc5f7e-2876-4ea3-b45a-2948969e2179,Orma + Acclimates III new cinza,LENTES ESPACE® TRADICIONAL Espace Plus Tradicional Orma + Acclimates III new cinza,multifocal,Resina,1.50,false,false,true,901.00,Pagina 37,Crizal Rock,Antirreflexo,final,1653.00,1653.00,-11.75,6.50,0.00,-6.00,1.00,3.50,TRADICIONAL,Espace Plus Tradicional
Optilab,Optilab 06 de abril a 31 de julho de 2026,LENTES ESPACE®,Progressiva,mista,44bc5f7e-2876-4ea3-b45a-2948969e2179,Orma + Acclimates III new cinza,LENTES ESPACE® TRADICIONAL Espace Plus Tradicional Orma + Acclimates III new cinza,multifocal,Resina,1.50,false,false,true,901.00,Pagina 37,Crizal Sapphire HR,Antirreflexo,final,2003.00,2003.00,-11.75,6.50,0.00,-6.00,1.00,3.50,TRADICIONAL,Espace Plus Tradicional
Optilab,Optilab 06 de abril a 31 de julho de 2026,LENTES ESPACE®,Progressiva,mista,44bc5f7e-2876-4ea3-b45a-2948969e2179,Orma + Acclimates III new cinza,LENTES ESPACE® TRADICIONAL Espace Plus Tradicional Orma + Acclimates III new cinza,multifocal,Resina,1.50,false,false,true,901.00,Pagina 37,Optifog,Antirreflexo,final,1561.00,1561.00,-11.75,6.50,0.00,-6.00,1.00,3.50,TRADICIONAL,Espace Plus Tradicional
Optilab,Optilab 06 de abril a 31 de julho de 2026,LENTES ESPACE®,Progressiva,mista,44bc5f7e-2876-4ea3-b45a-2948969e2179,Orma + Acclimates III new cinza,LENTES ESPACE® TRADICIONAL Espace Plus Tradicional Orma + Acclimates III new cinza,multifocal,Resina,1.50,false,false,true,901.00,Pagina 37,Trio Easy Clean,Antirreflexo,final,989.00,989.00,-11.75,6.50,0.00,-6.00,1.00,3.50,TRADICIONAL,Espace Plus Tradicional
Optilab,Optilab 06 de abril a 31 de julho de 2026,LENTES ESPACE®,Progressiva,mista,44bc5f7e-2876-4ea3-b45a-2948969e2179,Orma + Acclimates III new cinza,LENTES ESPACE® TRADICIONAL Espace Plus Tradicional Orma + Acclimates III new cinza,multifocal,Resina,1.50,false,false,true,901.00,Pagina 37,Verniz Hc,Revestimento,final,901.00,901.00,-11.75,6.50,0.00,-6.00,1.00,3.50,TRADICIONAL,Espace Plus Tradicional
Optilab,Optilab 06 de abril a 31 de julho de 2026,LENTES ESPACE®,Progressiva,mista,6f8ba746-476d-47ab-85bd-89e4bd0b427f,Orma + Transitions Gen S,LENTES ESPACE® TRADICIONAL Espace Plus Tradicional Orma + Transitions Gen S,multifocal,Resina,1.50,false,false,true,1803.00,Pagina 37,Crizal Easy Pro,Antirreflexo,final,1973.00,1973.00,-10.00,6.00,0.00,-6.00,1.00,3.50,TRADICIONAL,Espace Plus Tradicional
Optilab,Optilab 06 de abril a 31 de julho de 2026,LENTES ESPACE®,Progressiva,mista,6f8ba746-476d-47ab-85bd-89e4bd0b427f,Orma + Transitions Gen S,LENTES ESPACE® TRADICIONAL Espace Plus Tradicional Orma + Transitions Gen S,multifocal,Resina,1.50,false,false,true,1803.00,Pagina 37,Crizal Prevencia,Antirreflexo,final,2627.00,2627.00,-10.00,6.00,0.00,-6.00,1.00,3.50,TRADICIONAL,Espace Plus Tradicional
Optilab,Optilab 06 de abril a 31 de julho de 2026,LENTES ESPACE®,Progressiva,mista,6f8ba746-476d-47ab-85bd-89e4bd0b427f,Orma + Transitions Gen S,LENTES ESPACE® TRADICIONAL Espace Plus Tradicional Orma + Transitions Gen S,multifocal,Resina,1.50,false,false,true,1803.00,Pagina 37,Crizal Rock,Antirreflexo,final,2346.00,2346.00,-10.00,6.00,0.00,-6.00,1.00,3.50,TRADICIONAL,Espace Plus Tradicional
Optilab,Optilab 06 de abril a 31 de julho de 2026,LENTES ESPACE®,Progressiva,mista,6f8ba746-476d-47ab-85bd-89e4bd0b427f,Orma + Transitions Gen S,LENTES ESPACE® TRADICIONAL Espace Plus Tradicional Orma + Transitions Gen S,multifocal,Resina,1.50,false,false,true,1803.00,Pagina 37,Crizal Sapphire HR,Antirreflexo,final,2627.00,2627.00,-10.00,6.00,0.00,-6.00,1.00,3.50,TRADICIONAL,Espace Plus Tradicional
Optilab,Optilab 06 de abril a 31 de julho de 2026,LENTES ESPACE®,Progressiva,mista,6f8ba746-476d-47ab-85bd-89e4bd0b427f,Orma + Transitions Gen S,LENTES ESPACE® TRADICIONAL Espace Plus Tradicional Orma + Transitions Gen S,multifocal,Resina,1.50,false,false,true,1803.00,Pagina 37,Optifog,Antirreflexo,final,2261.00,2261.00,-10.00,6.00,0.00,-6.00,1.00,3.50,TRADICIONAL,Espace Plus Tradicional
Optilab,Optilab 06 de abril a 31 de julho de 2026,LENTES ESPACE®,Progressiva,mista,6f8ba746-476d-47ab-85bd-89e4bd0b427f,Orma + Transitions Gen S,LENTES ESPACE® TRADICIONAL Espace Plus Tradicional Orma + Transitions Gen S,multifocal,Resina,1.50,false,false,true,1803.00,Pagina 37,Trio Easy Clean,Antirreflexo,final,1801.00,1801.00,-10.00,6.00,0.00,-6.00,1.00,3.50,TRADICIONAL,Espace Plus Tradicional
Optilab,Optilab 06 de abril a 31 de julho de 2026,LENTES ESPACE®,Progressiva,mista,6f8ba746-476d-47ab-85bd-89e4bd0b427f,Orma + Transitions Gen S,LENTES ESPACE® TRADICIONAL Espace Plus Tradicional Orma + Transitions Gen S,multifocal,Resina,1.50,false,false,true,1803.00,Pagina 37,Verniz Hc,Revestimento,final,1803.00,1803.00,-10.00,6.00,0.00,-6.00,1.00,3.50,TRADICIONAL,Espace Plus Tradicional
Optilab,Optilab 06 de abril a 31 de julho de 2026,LENTES ESPACE®,Progressiva,mista,553dec57-5148-406a-a466-15b6b6d0c6f3,Poly,LENTES ESPACE® TRADICIONAL Espace Plus Tradicional Poly,multifocal,Policarbonato,1.59,false,false,true,1921.00,Pagina 37,Crizal Easy Pro,Antirreflexo,final,2894.00,2894.00,-11.75,6.50,0.00,-6.00,1.00,3.50,TRADICIONAL,Espace Plus Tradicional
Optilab,Optilab 06 de abril a 31 de julho de 2026,LENTES ESPACE®,Progressiva,mista,553dec57-5148-406a-a466-15b6b6d0c6f3,Poly,LENTES ESPACE® TRADICIONAL Espace Plus Tradicional Poly,multifocal,Policarbonato,1.59,false,false,true,1921.00,Pagina 37,Crizal Prevencia,Antirreflexo,final,3547.00,3547.00,-11.75,6.50,0.00,-6.00,1.00,3.50,TRADICIONAL,Espace Plus Tradicional
Optilab,Optilab 06 de abril a 31 de julho de 2026,LENTES ESPACE®,Progressiva,mista,553dec57-5148-406a-a466-15b6b6d0c6f3,Poly,LENTES ESPACE® TRADICIONAL Espace Plus Tradicional Poly,multifocal,Policarbonato,1.59,false,false,true,1921.00,Pagina 37,Crizal Rock,Antirreflexo,final,3266.00,3266.00,-11.75,6.50,0.00,-6.00,1.00,3.50,TRADICIONAL,Espace Plus Tradicional
Optilab,Optilab 06 de abril a 31 de julho de 2026,LENTES ESPACE®,Progressiva,mista,553dec57-5148-406a-a466-15b6b6d0c6f3,Poly,LENTES ESPACE® TRADICIONAL Espace Plus Tradicional Poly,multifocal,Policarbonato,1.59,false,false,true,1921.00,Pagina 37,Crizal Sapphire HR,Antirreflexo,final,3547.00,3547.00,-11.75,6.50,0.00,-6.00,1.00,3.50,TRADICIONAL,Espace Plus Tradicional
Optilab,Optilab 06 de abril a 31 de julho de 2026,LENTES ESPACE®,Progressiva,mista,553dec57-5148-406a-a466-15b6b6d0c6f3,Poly,LENTES ESPACE® TRADICIONAL Espace Plus Tradicional Poly,multifocal,Policarbonato,1.59,false,false,true,1921.00,Pagina 37,Optifog,Antirreflexo,final,3181.00,3181.00,-11.75,6.50,0.00,-6.00,1.00,3.50,TRADICIONAL,Espace Plus Tradicional
Optilab,Optilab 06 de abril a 31 de julho de 2026,LENTES ESPACE®,Progressiva,mista,553dec57-5148-406a-a466-15b6b6d0c6f3,Poly,LENTES ESPACE® TRADICIONAL Espace Plus Tradicional Poly,multifocal,Policarbonato,1.59,false,false,true,1921.00,Pagina 37,Trio Easy Clean,Antirreflexo,final,2721.00,2721.00,-11.75,6.50,0.00,-6.00,1.00,3.50,TRADICIONAL,Espace Plus Tradicional
Optilab,Optilab 06 de abril a 31 de julho de 2026,LENTES ESPACE®,Progressiva,mista,553dec57-5148-406a-a466-15b6b6d0c6f3,Poly,LENTES ESPACE® TRADICIONAL Espace Plus Tradicional Poly,multifocal,Policarbonato,1.59,false,false,true,1921.00,Pagina 37,Verniz Hc,Revestimento,final,1921.00,1921.00,-11.75,6.50,0.00,-6.00,1.00,3.50,TRADICIONAL,Espace Plus Tradicional
Optilab,Optilab 06 de abril a 31 de julho de 2026,LENTES ESPACE®,Progressiva,mista,afdd31c4-348c-43ae-84fa-ad19760f91d6,Orma,LENTES ESPACE® TRADICIONAL Espace Tradicional Orma,multifocal,Resina,1.50,false,false,true,809.00,Pagina 37,Crizal Easy Pro,Antirreflexo,final,979.00,979.00,-11.00,8.00,0.00,-6.00,1.00,3.50,TRADICIONAL,Espace Tradicional
Optilab,Optilab 06 de abril a 31 de julho de 2026,LENTES ESPACE®,Progressiva,mista,afdd31c4-348c-43ae-84fa-ad19760f91d6,Orma,LENTES ESPACE® TRADICIONAL Espace Tradicional Orma,multifocal,Resina,1.50,false,false,true,809.00,Pagina 37,Crizal Prevencia,Antirreflexo,final,1633.00,1633.00,-11.00,8.00,0.00,-6.00,1.00,3.50,TRADICIONAL,Espace Tradicional
Optilab,Optilab 06 de abril a 31 de julho de 2026,LENTES ESPACE®,Progressiva,mista,afdd31c4-348c-43ae-84fa-ad19760f91d6,Orma,LENTES ESPACE® TRADICIONAL Espace Tradicional Orma,multifocal,Resina,1.50,false,false,true,809.00,Pagina 37,Crizal Rock,Antirreflexo,final,1352.00,1352.00,-11.00,8.00,0.00,-6.00,1.00,3.50,TRADICIONAL,Espace Tradicional
Optilab,Optilab 06 de abril a 31 de julho de 2026,LENTES ESPACE®,Progressiva,mista,afdd31c4-348c-43ae-84fa-ad19760f91d6,Orma,LENTES ESPACE® TRADICIONAL Espace Tradicional Orma,multifocal,Resina,1.50,false,false,true,809.00,Pagina 37,Crizal Sapphire HR,Antirreflexo,final,1633.00,1633.00,-11.00,8.00,0.00,-6.00,1.00,3.50,TRADICIONAL,Espace Tradicional
Optilab,Optilab 06 de abril a 31 de julho de 2026,LENTES ESPACE®,Progressiva,mista,afdd31c4-348c-43ae-84fa-ad19760f91d6,Orma,LENTES ESPACE® TRADICIONAL Espace Tradicional Orma,multifocal,Resina,1.50,false,false,true,809.00,Pagina 37,Optifog,Antirreflexo,final,1267.00,1267.00,-11.00,8.00,0.00,-6.00,1.00,3.50,TRADICIONAL,Espace Tradicional
Optilab,Optilab 06 de abril a 31 de julho de 2026,LENTES ESPACE®,Progressiva,mista,afdd31c4-348c-43ae-84fa-ad19760f91d6,Orma,LENTES ESPACE® TRADICIONAL Espace Tradicional Orma,multifocal,Resina,1.50,false,false,true,809.00,Pagina 37,Trio Easy Clean,Antirreflexo,final,807.00,807.00,-11.00,8.00,0.00,-6.00,1.00,3.50,TRADICIONAL,Espace Tradicional
Optilab,Optilab 06 de abril a 31 de julho de 2026,LENTES ESPACE®,Progressiva,mista,afdd31c4-348c-43ae-84fa-ad19760f91d6,Orma,LENTES ESPACE® TRADICIONAL Espace Tradicional Orma,multifocal,Resina,1.50,false,false,true,809.00,Pagina 37,Verniz Hc,Revestimento,final,809.00,809.00,-11.00,8.00,0.00,-6.00,1.00,3.50,TRADICIONAL,Espace Tradicional
Optilab,Optilab 06 de abril a 31 de julho de 2026,LENTES ESPACE®,Progressiva,mista,93e8ab05-b998-479d-86e6-f115675c46b0,Orma + Acclimates III new cinza,LENTES ESPACE® TRADICIONAL Espace Tradicional Orma + Acclimates III new cinza,multifocal,Resina,1.50,false,false,true,1407.00,Pagina 37,Crizal Easy Pro,Antirreflexo,final,1577.00,1577.00,-10.00,6.00,0.00,-6.00,1.00,3.50,TRADICIONAL,Espace Tradicional
Optilab,Optilab 06 de abril a 31 de julho de 2026,LENTES ESPACE®,Progressiva,mista,93e8ab05-b998-479d-86e6-f115675c46b0,Orma + Acclimates III new cinza,LENTES ESPACE® TRADICIONAL Espace Tradicional Orma + Acclimates III new cinza,multifocal,Resina,1.50,false,false,true,1407.00,Pagina 37,Crizal Prevencia,Antirreflexo,final,2231.00,2231.00,-10.00,6.00,0.00,-6.00,1.00,3.50,TRADICIONAL,Espace Tradicional
Optilab,Optilab 06 de abril a 31 de julho de 2026,LENTES ESPACE®,Progressiva,mista,93e8ab05-b998-479d-86e6-f115675c46b0,Orma + Acclimates III new cinza,LENTES ESPACE® TRADICIONAL Espace Tradicional Orma + Acclimates III new cinza,multifocal,Resina,1.50,false,false,true,1407.00,Pagina 37,Crizal Rock,Antirreflexo,final,1950.00,1950.00,-10.00,6.00,0.00,-6.00,1.00,3.50,TRADICIONAL,Espace Tradicional
Optilab,Optilab 06 de abril a 31 de julho de 2026,LENTES ESPACE®,Progressiva,mista,93e8ab05-b998-479d-86e6-f115675c46b0,Orma + Acclimates III new cinza,LENTES ESPACE® TRADICIONAL Espace Tradicional Orma + Acclimates III new cinza,multifocal,Resina,1.50,false,false,true,1407.00,Pagina 37,Crizal Sapphire HR,Antirreflexo,final,2231.00,2231.00,-10.00,6.00,0.00,-6.00,1.00,3.50,TRADICIONAL,Espace Tradicional
Optilab,Optilab 06 de abril a 31 de julho de 2026,LENTES ESPACE®,Progressiva,mista,93e8ab05-b998-479d-86e6-f115675c46b0,Orma + Acclimates III new cinza,LENTES ESPACE® TRADICIONAL Espace Tradicional Orma + Acclimates III new cinza,multifocal,Resina,1.50,false,false,true,1407.00,Pagina 37,Optifog,Antirreflexo,final,1865.00,1865.00,-10.00,6.00,0.00,-6.00,1.00,3.50,TRADICIONAL,Espace Tradicional
Optilab,Optilab 06 de abril a 31 de julho de 2026,LENTES ESPACE®,Progressiva,mista,93e8ab05-b998-479d-86e6-f115675c46b0,Orma + Acclimates III new cinza,LENTES ESPACE® TRADICIONAL Espace Tradicional Orma + Acclimates III new cinza,multifocal,Resina,1.50,false,false,true,1407.00,Pagina 37,Trio Easy Clean,Antirreflexo,final,1405.00,1405.00,-10.00,6.00,0.00,-6.00,1.00,3.50,TRADICIONAL,Espace Tradicional
Optilab,Optilab 06 de abril a 31 de julho de 2026,LENTES ESPACE®,Progressiva,mista,93e8ab05-b998-479d-86e6-f115675c46b0,Orma + Acclimates III new cinza,LENTES ESPACE® TRADICIONAL Espace Tradicional Orma + Acclimates III new cinza,multifocal,Resina,1.50,false,false,true,1407.00,Pagina 37,Verniz Hc,Revestimento,final,1407.00,1407.00,-10.00,6.00,0.00,-6.00,1.00,3.50,TRADICIONAL,Espace Tradicional
Optilab,Optilab 06 de abril a 31 de julho de 2026,LENTES ESPACE®,Progressiva,mista,e8f5aff5-5254-4f2a-ae36-824b19f880af,Poly,LENTES ESPACE® TRADICIONAL Espace Tradicional Poly,multifocal,Policarbonato,1.59,false,false,true,933.00,Pagina 37,Crizal Easy Pro,Antirreflexo,final,1104.00,1104.00,-10.00,6.00,0.00,-6.00,1.00,3.50,TRADICIONAL,Espace Tradicional
Optilab,Optilab 06 de abril a 31 de julho de 2026,LENTES ESPACE®,Progressiva,mista,e8f5aff5-5254-4f2a-ae36-824b19f880af,Poly,LENTES ESPACE® TRADICIONAL Espace Tradicional Poly,multifocal,Policarbonato,1.59,false,false,true,933.00,Pagina 37,Crizal Prevencia,Antirreflexo,final,1757.00,1757.00,-10.00,6.00,0.00,-6.00,1.00,3.50,TRADICIONAL,Espace Tradicional
Optilab,Optilab 06 de abril a 31 de julho de 2026,LENTES ESPACE®,Progressiva,mista,e8f5aff5-5254-4f2a-ae36-824b19f880af,Poly,LENTES ESPACE® TRADICIONAL Espace Tradicional Poly,multifocal,Policarbonato,1.59,false,false,true,933.00,Pagina 37,Crizal Rock,Antirreflexo,final,1476.00,1476.00,-10.00,6.00,0.00,-6.00,1.00,3.50,TRADICIONAL,Espace Tradicional
Optilab,Optilab 06 de abril a 31 de julho de 2026,LENTES ESPACE®,Progressiva,mista,e8f5aff5-5254-4f2a-ae36-824b19f880af,Poly,LENTES ESPACE® TRADICIONAL Espace Tradicional Poly,multifocal,Policarbonato,1.59,false,false,true,933.00,Pagina 37,Crizal Sapphire HR,Antirreflexo,final,1757.00,1757.00,-10.00,6.00,0.00,-6.00,1.00,3.50,TRADICIONAL,Espace Tradicional
Optilab,Optilab 06 de abril a 31 de julho de 2026,LENTES ESPACE®,Progressiva,mista,e8f5aff5-5254-4f2a-ae36-824b19f880af,Poly,LENTES ESPACE® TRADICIONAL Espace Tradicional Poly,multifocal,Policarbonato,1.59,false,false,true,933.00,Pagina 37,Optifog,Antirreflexo,final,1391.00,1391.00,-10.00,6.00,0.00,-6.00,1.00,3.50,TRADICIONAL,Espace Tradicional
Optilab,Optilab 06 de abril a 31 de julho de 2026,LENTES ESPACE®,Progressiva,mista,e8f5aff5-5254-4f2a-ae36-824b19f880af,Poly,LENTES ESPACE® TRADICIONAL Espace Tradicional Poly,multifocal,Policarbonato,1.59,false,false,true,933.00,Pagina 37,Trio Easy Clean,Antirreflexo,final,931.00,931.00,-10.00,6.00,0.00,-6.00,1.00,3.50,TRADICIONAL,Espace Tradicional
Optilab,Optilab 06 de abril a 31 de julho de 2026,LENTES ESPACE®,Progressiva,mista,e8f5aff5-5254-4f2a-ae36-824b19f880af,Poly,LENTES ESPACE® TRADICIONAL Espace Tradicional Poly,multifocal,Policarbonato,1.59,false,false,true,933.00,Pagina 37,Verniz Hc,Revestimento,final,933.00,933.00,-10.00,6.00,0.00,-6.00,1.00,3.50,TRADICIONAL,Espace Tradicional
Optilab,Optilab 06 de abril a 31 de julho de 2026,LENTES ESSILOR®,Mista,mista,c67ff615-bc02-4fba-84ed-338bb05a38ff,Airwear,LENTES ESSILOR® Airwear,indefinida,Policarbonato,1.59,false,false,true,619.00,Pagina 29,Crizal Easy Pro,Antirreflexo,final,1259.00,1259.00,-12.00,9.25,0.00,-6.00,null,null,null,null
Optilab,Optilab 06 de abril a 31 de julho de 2026,LENTES ESSILOR®,Mista,mista,c67ff615-bc02-4fba-84ed-338bb05a38ff,Airwear,LENTES ESSILOR® Airwear,indefinida,Policarbonato,1.59,false,false,true,619.00,Pagina 29,Crizal Sapphire HR Face Interna,Antirreflexo,final,1279.00,1279.00,-12.00,9.25,0.00,-6.00,null,null,null,null
Optilab,Optilab 06 de abril a 31 de julho de 2026,LENTES ESSILOR®,Mista,mista,c67ff615-bc02-4fba-84ed-338bb05a38ff,Airwear,LENTES ESSILOR® Airwear,indefinida,Policarbonato,1.59,false,false,true,619.00,Pagina 29,Trio Easy Clean,Antirreflexo,final,619.00,619.00,-12.00,9.25,0.00,-6.00,null,null,null,null
Optilab,Optilab 06 de abril a 31 de julho de 2026,LENTES ESSILOR®,Mista,mista,ac7fb548-7a01-4ecc-8002-7618b4e08c88,Airwear,LENTES ESSILOR® LENTES VISÃO SIMPLES SURFAÇADAS Airwear,visao_simples,Policarbonato,1.59,false,false,true,599.00,Pagina 28,Crizal Easy Pro,Antirreflexo,final,799.00,799.00,-12.00,9.25,0.00,-4.00,null,null,LENTES VISÃO SIMPLES SURFAÇADAS,null
Optilab,Optilab 06 de abril a 31 de julho de 2026,LENTES ESSILOR®,Mista,mista,ac7fb548-7a01-4ecc-8002-7618b4e08c88,Airwear,LENTES ESSILOR® LENTES VISÃO SIMPLES SURFAÇADAS Airwear,visao_simples,Policarbonato,1.59,false,false,true,599.00,Pagina 28,Crizal Prevencia,Antirreflexo,final,1419.00,1419.00,-12.00,9.25,0.00,-4.00,null,null,LENTES VISÃO SIMPLES SURFAÇADAS,null
Optilab,Optilab 06 de abril a 31 de julho de 2026,LENTES ESSILOR®,Mista,mista,ac7fb548-7a01-4ecc-8002-7618b4e08c88,Airwear,LENTES ESSILOR® LENTES VISÃO SIMPLES SURFAÇADAS Airwear,visao_simples,Policarbonato,1.59,false,false,true,599.00,Pagina 28,Crizal Rock,Antirreflexo,final,1149.00,1149.00,-12.00,9.25,0.00,-4.00,null,null,LENTES VISÃO SIMPLES SURFAÇADAS,null
Optilab,Optilab 06 de abril a 31 de julho de 2026,LENTES ESSILOR®,Mista,mista,ac7fb548-7a01-4ecc-8002-7618b4e08c88,Airwear,LENTES ESSILOR® LENTES VISÃO SIMPLES SURFAÇADAS Airwear,visao_simples,Policarbonato,1.59,false,false,true,599.00,Pagina 28,Crizal Sapphire HR,Antirreflexo,final,1419.00,1419.00,-12.00,9.25,0.00,-4.00,null,null,LENTES VISÃO SIMPLES SURFAÇADAS,null
Optilab,Optilab 06 de abril a 31 de julho de 2026,LENTES ESSILOR®,Mista,mista,ac7fb548-7a01-4ecc-8002-7618b4e08c88,Airwear,LENTES ESSILOR® LENTES VISÃO SIMPLES SURFAÇADAS Airwear,visao_simples,Policarbonato,1.59,false,false,true,599.00,Pagina 28,No Reflex,Antirreflexo,final,649.00,649.00,-12.00,9.25,0.00,-4.00,null,null,LENTES VISÃO SIMPLES SURFAÇADAS,null
Optilab,Optilab 06 de abril a 31 de julho de 2026,LENTES ESSILOR®,Mista,mista,ac7fb548-7a01-4ecc-8002-7618b4e08c88,Airwear,LENTES ESSILOR® LENTES VISÃO SIMPLES SURFAÇADAS Airwear,visao_simples,Policarbonato,1.59,false,false,true,599.00,Pagina 28,Optifog,Antirreflexo,final,1039.00,1039.00,-12.00,9.25,0.00,-4.00,null,null,LENTES VISÃO SIMPLES SURFAÇADAS,null
Optilab,Optilab 06 de abril a 31 de julho de 2026,LENTES ESSILOR®,Mista,mista,ac7fb548-7a01-4ecc-8002-7618b4e08c88,Airwear,LENTES ESSILOR® LENTES VISÃO SIMPLES SURFAÇADAS Airwear,visao_simples,Policarbonato,1.59,false,false,true,599.00,Pagina 28,Trio Easy Clean,Antirreflexo,final,599.00,599.00,-12.00,9.25,0.00,-4.00,null,null,LENTES VISÃO SIMPLES SURFAÇADAS,null
Optilab,Optilab 06 de abril a 31 de julho de 2026,LENTES ESSILOR®,Mista,mista,e3aea100-15ec-4d6e-ad58-bb65422f5d11,Airwear + Blue UV Filter,LENTES ESSILOR® LENTES VISÃO SIMPLES SURFAÇADAS Airwear + Blue UV Filter,visao_simples,Policarbonato,1.59,false,false,true,679.00,Pagina 28,Crizal Easy Pro,Antirreflexo,final,879.00,879.00,-12.00,9.25,0.00,-4.00,null,null,LENTES VISÃO SIMPLES SURFAÇADAS,null
Optilab,Optilab 06 de abril a 31 de julho de 2026,LENTES ESSILOR®,Mista,mista,e3aea100-15ec-4d6e-ad58-bb65422f5d11,Airwear + Blue UV Filter,LENTES ESSILOR® LENTES VISÃO SIMPLES SURFAÇADAS Airwear + Blue UV Filter,visao_simples,Policarbonato,1.59,false,false,true,679.00,Pagina 28,Crizal Prevencia,Antirreflexo,final,1499.00,1499.00,-12.00,9.25,0.00,-4.00,null,null,LENTES VISÃO SIMPLES SURFAÇADAS,null
Optilab,Optilab 06 de abril a 31 de julho de 2026,LENTES ESSILOR®,Mista,mista,e3aea100-15ec-4d6e-ad58-bb65422f5d11,Airwear + Blue UV Filter,LENTES ESSILOR® LENTES VISÃO SIMPLES SURFAÇADAS Airwear + Blue UV Filter,visao_simples,Policarbonato,1.59,false,false,true,679.00,Pagina 28,Crizal Rock,Antirreflexo,final,1229.00,1229.00,-12.00,9.25,0.00,-4.00,null,null,LENTES VISÃO SIMPLES SURFAÇADAS,null
Optilab,Optilab 06 de abril a 31 de julho de 2026,LENTES ESSILOR®,Mista,mista,e3aea100-15ec-4d6e-ad58-bb65422f5d11,Airwear + Blue UV Filter,LENTES ESSILOR® LENTES VISÃO SIMPLES SURFAÇADAS Airwear + Blue UV Filter,visao_simples,Policarbonato,1.59,false,false,true,679.00,Pagina 28,Crizal Sapphire HR,Antirreflexo,final,1499.00,1499.00,-12.00,9.25,0.00,-4.00,null,null,LENTES VISÃO SIMPLES SURFAÇADAS,null
Optilab,Optilab 06 de abril a 31 de julho de 2026,LENTES ESSILOR®,Mista,mista,e3aea100-15ec-4d6e-ad58-bb65422f5d11,Airwear + Blue UV Filter,LENTES ESSILOR® LENTES VISÃO SIMPLES SURFAÇADAS Airwear + Blue UV Filter,visao_simples,Policarbonato,1.59,false,false,true,679.00,Pagina 28,No Reflex,Antirreflexo,final,729.00,729.00,-12.00,9.25,0.00,-4.00,null,null,LENTES VISÃO SIMPLES SURFAÇADAS,null
Optilab,Optilab 06 de abril a 31 de julho de 2026,LENTES ESSILOR®,Mista,mista,e3aea100-15ec-4d6e-ad58-bb65422f5d11,Airwear + Blue UV Filter,LENTES ESSILOR® LENTES VISÃO SIMPLES SURFAÇADAS Airwear + Blue UV Filter,visao_simples,Policarbonato,1.59,false,false,true,679.00,Pagina 28,Optifog,Antirreflexo,final,1119.00,1119.00,-12.00,9.25,0.00,-4.00,null,null,LENTES VISÃO SIMPLES SURFAÇADAS,null
Optilab,Optilab 06 de abril a 31 de julho de 2026,LENTES ESSILOR®,Mista,mista,e3aea100-15ec-4d6e-ad58-bb65422f5d11,Airwear + Blue UV Filter,LENTES ESSILOR® LENTES VISÃO SIMPLES SURFAÇADAS Airwear + Blue UV Filter,visao_simples,Policarbonato,1.59,false,false,true,679.00,Pagina 28,Trio Easy Clean,Antirreflexo,final,679.00,679.00,-12.00,9.25,0.00,-4.00,null,null,LENTES VISÃO SIMPLES SURFAÇADAS,null
Optilab,Optilab 06 de abril a 31 de julho de 2026,LENTES ESSILOR®,Mista,mista,8b3936c9-a5f1-4fbd-a10f-70b84793c5af,Airwear + Transitions Extractive,LENTES ESSILOR® LENTES VISÃO SIMPLES SURFAÇADAS Airwear + Transitions Extractive,visao_simples,Policarbonato,1.59,false,false,true,1259.00,Pagina 28,Crizal Easy Pro,Antirreflexo,final,1659.00,1659.00,-12.00,9.25,0.00,-4.00,null,null,LENTES VISÃO SIMPLES SURFAÇADAS,null
Optilab,Optilab 06 de abril a 31 de julho de 2026,LENTES ESSILOR®,Mista,mista,8b3936c9-a5f1-4fbd-a10f-70b84793c5af,Airwear + Transitions Extractive,LENTES ESSILOR® LENTES VISÃO SIMPLES SURFAÇADAS Airwear + Transitions Extractive,visao_simples,Policarbonato,1.59,false,false,true,1259.00,Pagina 28,Crizal Prevencia,Antirreflexo,final,2279.00,2279.00,-12.00,9.25,0.00,-4.00,null,null,LENTES VISÃO SIMPLES SURFAÇADAS,null
Optilab,Optilab 06 de abril a 31 de julho de 2026,LENTES ESSILOR®,Mista,mista,8b3936c9-a5f1-4fbd-a10f-70b84793c5af,Airwear + Transitions Extractive,LENTES ESSILOR® LENTES VISÃO SIMPLES SURFAÇADAS Airwear + Transitions Extractive,visao_simples,Policarbonato,1.59,false,false,true,1259.00,Pagina 28,Crizal Rock,Antirreflexo,final,2009.00,2009.00,-12.00,9.25,0.00,-4.00,null,null,LENTES VISÃO SIMPLES SURFAÇADAS,null
Optilab,Optilab 06 de abril a 31 de julho de 2026,LENTES ESSILOR®,Mista,mista,8b3936c9-a5f1-4fbd-a10f-70b84793c5af,Airwear + Transitions Extractive,LENTES ESSILOR® LENTES VISÃO SIMPLES SURFAÇADAS Airwear + Transitions Extractive,visao_simples,Policarbonato,1.59,false,false,true,1259.00,Pagina 28,Crizal Sapphire HR,Antirreflexo,final,2279.00,2279.00,-12.00,9.25,0.00,-4.00,null,null,LENTES VISÃO SIMPLES SURFAÇADAS,null
Optilab,Optilab 06 de abril a 31 de julho de 2026,LENTES ESSILOR®,Mista,mista,8b3936c9-a5f1-4fbd-a10f-70b84793c5af,Airwear + Transitions Extractive,LENTES ESSILOR® LENTES VISÃO SIMPLES SURFAÇADAS Airwear + Transitions Extractive,visao_simples,Policarbonato,1.59,false,false,true,1259.00,Pagina 28,No Reflex,Antirreflexo,final,1509.00,1509.00,-12.00,9.25,0.00,-4.00,null,null,LENTES VISÃO SIMPLES SURFAÇADAS,null
Optilab,Optilab 06 de abril a 31 de julho de 2026,LENTES ESSILOR®,Mista,mista,8b3936c9-a5f1-4fbd-a10f-70b84793c5af,Airwear + Transitions Extractive,LENTES ESSILOR® LENTES VISÃO SIMPLES SURFAÇADAS Airwear + Transitions Extractive,visao_simples,Policarbonato,1.59,false,false,true,1259.00,Pagina 28,Optifog,Antirreflexo,final,1899.00,1899.00,-12.00,9.25,0.00,-4.00,null,null,LENTES VISÃO SIMPLES SURFAÇADAS,null
Optilab,Optilab 06 de abril a 31 de julho de 2026,LENTES ESSILOR®,Mista,mista,8b3936c9-a5f1-4fbd-a10f-70b84793c5af,Airwear + Transitions Extractive,LENTES ESSILOR® LENTES VISÃO SIMPLES SURFAÇADAS Airwear + Transitions Extractive,visao_simples,Policarbonato,1.59,false,false,true,1259.00,Pagina 28,Trio Easy Clean,Antirreflexo,final,1459.00,1459.00,-12.00,9.25,0.00,-4.00,null,null,LENTES VISÃO SIMPLES SURFAÇADAS,null
Optilab,Optilab 06 de abril a 31 de julho de 2026,LENTES ESSILOR®,Mista,mista,f3e4212e-6010-4d7b-9930-ec6a5ddf632a,Airwear + Transitions Gen S,LENTES ESSILOR® LENTES VISÃO SIMPLES SURFAÇADAS Airwear + Transitions Gen S,visao_simples,Policarbonato,1.59,false,false,true,1189.00,Pagina 28,Crizal Easy Pro,Antirreflexo,final,1589.00,1589.00,-12.00,9.25,0.00,-4.00,null,null,LENTES VISÃO SIMPLES SURFAÇADAS,null
Optilab,Optilab 06 de abril a 31 de julho de 2026,LENTES ESSILOR®,Mista,mista,f3e4212e-6010-4d7b-9930-ec6a5ddf632a,Airwear + Transitions Gen S,LENTES ESSILOR® LENTES VISÃO SIMPLES SURFAÇADAS Airwear + Transitions Gen S,visao_simples,Policarbonato,1.59,false,false,true,1189.00,Pagina 28,Crizal Prevencia,Antirreflexo,final,2209.00,2209.00,-12.00,9.25,0.00,-4.00,null,null,LENTES VISÃO SIMPLES SURFAÇADAS,null
Optilab,Optilab 06 de abril a 31 de julho de 2026,LENTES ESSILOR®,Mista,mista,f3e4212e-6010-4d7b-9930-ec6a5ddf632a,Airwear + Transitions Gen S,LENTES ESSILOR® LENTES VISÃO SIMPLES SURFAÇADAS Airwear + Transitions Gen S,visao_simples,Policarbonato,1.59,false,false,true,1189.00,Pagina 28,Crizal Rock,Antirreflexo,final,1939.00,1939.00,-12.00,9.25,0.00,-4.00,null,null,LENTES VISÃO SIMPLES SURFAÇADAS,null
Optilab,Optilab 06 de abril a 31 de julho de 2026,LENTES ESSILOR®,Mista,mista,f3e4212e-6010-4d7b-9930-ec6a5ddf632a,Airwear + Transitions Gen S,LENTES ESSILOR® LENTES VISÃO SIMPLES SURFAÇADAS Airwear + Transitions Gen S,visao_simples,Policarbonato,1.59,false,false,true,1189.00,Pagina 28,Crizal Sapphire HR,Antirreflexo,final,2209.00,2209.00,-12.00,9.25,0.00,-4.00,null,null,LENTES VISÃO SIMPLES SURFAÇADAS,null
Optilab,Optilab 06 de abril a 31 de julho de 2026,LENTES ESSILOR®,Mista,mista,f3e4212e-6010-4d7b-9930-ec6a5ddf632a,Airwear + Transitions Gen S,LENTES ESSILOR® LENTES VISÃO SIMPLES SURFAÇADAS Airwear + Transitions Gen S,visao_simples,Policarbonato,1.59,false,false,true,1189.00,Pagina 28,No Reflex,Antirreflexo,final,1439.00,1439.00,-12.00,9.25,0.00,-4.00,null,null,LENTES VISÃO SIMPLES SURFAÇADAS,null
Optilab,Optilab 06 de abril a 31 de julho de 2026,LENTES ESSILOR®,Mista,mista,f3e4212e-6010-4d7b-9930-ec6a5ddf632a,Airwear + Transitions Gen S,LENTES ESSILOR® LENTES VISÃO SIMPLES SURFAÇADAS Airwear + Transitions Gen S,visao_simples,Policarbonato,1.59,false,false,true,1189.00,Pagina 28,Optifog,Antirreflexo,final,1829.00,1829.00,-12.00,9.25,0.00,-4.00,null,null,LENTES VISÃO SIMPLES SURFAÇADAS,null
Optilab,Optilab 06 de abril a 31 de julho de 2026,LENTES ESSILOR®,Mista,mista,f3e4212e-6010-4d7b-9930-ec6a5ddf632a,Airwear + Transitions Gen S,LENTES ESSILOR® LENTES VISÃO SIMPLES SURFAÇADAS Airwear + Transitions Gen S,visao_simples,Policarbonato,1.59,false,false,true,1189.00,Pagina 28,Trio Easy Clean,Antirreflexo,final,1389.00,1389.00,-12.00,9.25,0.00,-4.00,null,null,LENTES VISÃO SIMPLES SURFAÇADAS,null
Optilab,Optilab 06 de abril a 31 de julho de 2026,LENTES ESSILOR®,Mista,mista,33ded356-4cb1-4176-bb91-ba5f21078e1b,Orma,LENTES ESSILOR® LENTES VISÃO SIMPLES SURFAÇADAS Orma,visao_simples,Resina,1.50,false,false,true,399.00,Pagina 28,Crizal Easy Pro,Antirreflexo,final,599.00,599.00,-10.00,7.50,0.00,-4.00,null,null,LENTES VISÃO SIMPLES SURFAÇADAS,null
Optilab,Optilab 06 de abril a 31 de julho de 2026,LENTES ESSILOR®,Mista,mista,33ded356-4cb1-4176-bb91-ba5f21078e1b,Orma,LENTES ESSILOR® LENTES VISÃO SIMPLES SURFAÇADAS Orma,visao_simples,Resina,1.50,false,false,true,399.00,Pagina 28,Crizal Prevencia,Antirreflexo,final,1219.00,1219.00,-10.00,7.50,0.00,-4.00,null,null,LENTES VISÃO SIMPLES SURFAÇADAS,null
Optilab,Optilab 06 de abril a 31 de julho de 2026,LENTES ESSILOR®,Mista,mista,33ded356-4cb1-4176-bb91-ba5f21078e1b,Orma,LENTES ESSILOR® LENTES VISÃO SIMPLES SURFAÇADAS Orma,visao_simples,Resina,1.50,false,false,true,399.00,Pagina 28,Crizal Rock,Antirreflexo,final,949.00,949.00,-10.00,7.50,0.00,-4.00,null,null,LENTES VISÃO SIMPLES SURFAÇADAS,null
Optilab,Optilab 06 de abril a 31 de julho de 2026,LENTES ESSILOR®,Mista,mista,33ded356-4cb1-4176-bb91-ba5f21078e1b,Orma,LENTES ESSILOR® LENTES VISÃO SIMPLES SURFAÇADAS Orma,visao_simples,Resina,1.50,false,false,true,399.00,Pagina 28,Crizal Sapphire HR,Antirreflexo,final,1219.00,1219.00,-10.00,7.50,0.00,-4.00,null,null,LENTES VISÃO SIMPLES SURFAÇADAS,null
Optilab,Optilab 06 de abril a 31 de julho de 2026,LENTES ESSILOR®,Mista,mista,33ded356-4cb1-4176-bb91-ba5f21078e1b,Orma,LENTES ESSILOR® LENTES VISÃO SIMPLES SURFAÇADAS Orma,visao_simples,Resina,1.50,false,false,true,399.00,Pagina 28,No Reflex,Antirreflexo,final,449.00,449.00,-10.00,7.50,0.00,-4.00,null,null,LENTES VISÃO SIMPLES SURFAÇADAS,null
Optilab,Optilab 06 de abril a 31 de julho de 2026,LENTES ESSILOR®,Mista,mista,33ded356-4cb1-4176-bb91-ba5f21078e1b,Orma,LENTES ESSILOR® LENTES VISÃO SIMPLES SURFAÇADAS Orma,visao_simples,Resina,1.50,false,false,true,399.00,Pagina 28,Optifog,Antirreflexo,final,839.00,839.00,-10.00,7.50,0.00,-4.00,null,null,LENTES VISÃO SIMPLES SURFAÇADAS,null
Optilab,Optilab 06 de abril a 31 de julho de 2026,LENTES ESSILOR®,Mista,mista,33ded356-4cb1-4176-bb91-ba5f21078e1b,Orma,LENTES ESSILOR® LENTES VISÃO SIMPLES SURFAÇADAS Orma,visao_simples,Resina,1.50,false,false,true,399.00,Pagina 28,Trio Easy Clean,Antirreflexo,final,399.00,399.00,-10.00,7.50,0.00,-4.00,null,null,LENTES VISÃO SIMPLES SURFAÇADAS,null
Optilab,Optilab 06 de abril a 31 de julho de 2026,LENTES ESSILOR®,Mista,mista,5cd20d93-4010-4e49-9b86-f07ccc58d29b,Orma + Blue UV Filter,LENTES ESSILOR® LENTES VISÃO SIMPLES SURFAÇADAS Orma + Blue UV Filter,visao_simples,Resina,1.50,false,false,true,479.00,Pagina 28,Crizal Easy Pro,Antirreflexo,final,679.00,679.00,-10.00,6.50,0.00,-4.00,null,null,LENTES VISÃO SIMPLES SURFAÇADAS,null
Optilab,Optilab 06 de abril a 31 de julho de 2026,LENTES ESSILOR®,Mista,mista,5cd20d93-4010-4e49-9b86-f07ccc58d29b,Orma + Blue UV Filter,LENTES ESSILOR® LENTES VISÃO SIMPLES SURFAÇADAS Orma + Blue UV Filter,visao_simples,Resina,1.50,false,false,true,479.00,Pagina 28,Crizal Prevencia,Antirreflexo,final,1299.00,1299.00,-10.00,6.50,0.00,-4.00,null,null,LENTES VISÃO SIMPLES SURFAÇADAS,null
Optilab,Optilab 06 de abril a 31 de julho de 2026,LENTES ESSILOR®,Mista,mista,5cd20d93-4010-4e49-9b86-f07ccc58d29b,Orma + Blue UV Filter,LENTES ESSILOR® LENTES VISÃO SIMPLES SURFAÇADAS Orma + Blue UV Filter,visao_simples,Resina,1.50,false,false,true,479.00,Pagina 28,Crizal Rock,Antirreflexo,final,1029.00,1029.00,-10.00,6.50,0.00,-4.00,null,null,LENTES VISÃO SIMPLES SURFAÇADAS,null
Optilab,Optilab 06 de abril a 31 de julho de 2026,LENTES ESSILOR®,Mista,mista,5cd20d93-4010-4e49-9b86-f07ccc58d29b,Orma + Blue UV Filter,LENTES ESSILOR® LENTES VISÃO SIMPLES SURFAÇADAS Orma + Blue UV Filter,visao_simples,Resina,1.50,false,false,true,479.00,Pagina 28,Crizal Sapphire HR,Antirreflexo,final,1299.00,1299.00,-10.00,6.50,0.00,-4.00,null,null,LENTES VISÃO SIMPLES SURFAÇADAS,null
Optilab,Optilab 06 de abril a 31 de julho de 2026,LENTES ESSILOR®,Mista,mista,5cd20d93-4010-4e49-9b86-f07ccc58d29b,Orma + Blue UV Filter,LENTES ESSILOR® LENTES VISÃO SIMPLES SURFAÇADAS Orma + Blue UV Filter,visao_simples,Resina,1.50,false,false,true,479.00,Pagina 28,No Reflex,Antirreflexo,final,529.00,529.00,-10.00,6.50,0.00,-4.00,null,null,LENTES VISÃO SIMPLES SURFAÇADAS,null
Optilab,Optilab 06 de abril a 31 de julho de 2026,LENTES ESSILOR®,Mista,mista,5cd20d93-4010-4e49-9b86-f07ccc58d29b,Orma + Blue UV Filter,LENTES ESSILOR® LENTES VISÃO SIMPLES SURFAÇADAS Orma + Blue UV Filter,visao_simples,Resina,1.50,false,false,true,479.00,Pagina 28,Optifog,Antirreflexo,final,919.00,919.00,-10.00,6.50,0.00,-4.00,null,null,LENTES VISÃO SIMPLES SURFAÇADAS,null
Optilab,Optilab 06 de abril a 31 de julho de 2026,LENTES ESSILOR®,Mista,mista,5cd20d93-4010-4e49-9b86-f07ccc58d29b,Orma + Blue UV Filter,LENTES ESSILOR® LENTES VISÃO SIMPLES SURFAÇADAS Orma + Blue UV Filter,visao_simples,Resina,1.50,false,false,true,479.00,Pagina 28,Trio Easy Clean,Antirreflexo,final,479.00,479.00,-10.00,6.50,0.00,-4.00,null,null,LENTES VISÃO SIMPLES SURFAÇADAS,null
Optilab,Optilab 06 de abril a 31 de julho de 2026,LENTES ESSILOR®,Mista,mista,4cb7779a-b2ab-4015-ab68-b9995800e790,Orma + Transitions Extractive,LENTES ESSILOR® LENTES VISÃO SIMPLES SURFAÇADAS Orma + Transitions Extractive,visao_simples,Resina,1.50,false,false,true,1059.00,Pagina 28,Crizal Easy Pro,Antirreflexo,final,1459.00,1459.00,-10.00,8.25,0.00,-4.00,null,null,LENTES VISÃO SIMPLES SURFAÇADAS,null
Optilab,Optilab 06 de abril a 31 de julho de 2026,LENTES ESSILOR®,Mista,mista,4cb7779a-b2ab-4015-ab68-b9995800e790,Orma + Transitions Extractive,LENTES ESSILOR® LENTES VISÃO SIMPLES SURFAÇADAS Orma + Transitions Extractive,visao_simples,Resina,1.50,false,false,true,1059.00,Pagina 28,Crizal Prevencia,Antirreflexo,final,2079.00,2079.00,-10.00,8.25,0.00,-4.00,null,null,LENTES VISÃO SIMPLES SURFAÇADAS,null
Optilab,Optilab 06 de abril a 31 de julho de 2026,LENTES ESSILOR®,Mista,mista,4cb7779a-b2ab-4015-ab68-b9995800e790,Orma + Transitions Extractive,LENTES ESSILOR® LENTES VISÃO SIMPLES SURFAÇADAS Orma + Transitions Extractive,visao_simples,Resina,1.50,false,false,true,1059.00,Pagina 28,Crizal Rock,Antirreflexo,final,1809.00,1809.00,-10.00,8.25,0.00,-4.00,null,null,LENTES VISÃO SIMPLES SURFAÇADAS,null
Optilab,Optilab 06 de abril a 31 de julho de 2026,LENTES ESSILOR®,Mista,mista,4cb7779a-b2ab-4015-ab68-b9995800e790,Orma + Transitions Extractive,LENTES ESSILOR® LENTES VISÃO SIMPLES SURFAÇADAS Orma + Transitions Extractive,visao_simples,Resina,1.50,false,false,true,1059.00,Pagina 28,Crizal Sapphire HR,Antirreflexo,final,2079.00,2079.00,-10.00,8.25,0.00,-4.00,null,null,LENTES VISÃO SIMPLES SURFAÇADAS,null
Optilab,Optilab 06 de abril a 31 de julho de 2026,LENTES ESSILOR®,Mista,mista,4cb7779a-b2ab-4015-ab68-b9995800e790,Orma + Transitions Extractive,LENTES ESSILOR® LENTES VISÃO SIMPLES SURFAÇADAS Orma + Transitions Extractive,visao_simples,Resina,1.50,false,false,true,1059.00,Pagina 28,No Reflex,Antirreflexo,final,1309.00,1309.00,-10.00,8.25,0.00,-4.00,null,null,LENTES VISÃO SIMPLES SURFAÇADAS,null
Optilab,Optilab 06 de abril a 31 de julho de 2026,LENTES ESSILOR®,Mista,mista,4cb7779a-b2ab-4015-ab68-b9995800e790,Orma + Transitions Extractive,LENTES ESSILOR® LENTES VISÃO SIMPLES SURFAÇADAS Orma + Transitions Extractive,visao_simples,Resina,1.50,false,false,true,1059.00,Pagina 28,Optifog,Antirreflexo,final,1699.00,1699.00,-10.00,8.25,0.00,-4.00,null,null,LENTES VISÃO SIMPLES SURFAÇADAS,null
Optilab,Optilab 06 de abril a 31 de julho de 2026,LENTES ESSILOR®,Mista,mista,4cb7779a-b2ab-4015-ab68-b9995800e790,Orma + Transitions Extractive,LENTES ESSILOR® LENTES VISÃO SIMPLES SURFAÇADAS Orma + Transitions Extractive,visao_simples,Resina,1.50,false,false,true,1059.00,Pagina 28,Trio Easy Clean,Antirreflexo,final,1259.00,1259.00,-10.00,8.25,0.00,-4.00,null,null,LENTES VISÃO SIMPLES SURFAÇADAS,null
Optilab,Optilab 06 de abril a 31 de julho de 2026,LENTES ESSILOR®,Mista,mista,7bfaf09e-1470-4341-bb9c-c37567c2c5e5,Orma + Transitions Gen S,LENTES ESSILOR® LENTES VISÃO SIMPLES SURFAÇADAS Orma + Transitions Gen S,visao_simples,Resina,1.50,false,false,true,989.00,Pagina 28,Crizal Easy Pro,Antirreflexo,final,1389.00,1389.00,-10.00,8.25,0.00,-4.00,null,null,LENTES VISÃO SIMPLES SURFAÇADAS,null
Optilab,Optilab 06 de abril a 31 de julho de 2026,LENTES ESSILOR®,Mista,mista,7bfaf09e-1470-4341-bb9c-c37567c2c5e5,Orma + Transitions Gen S,LENTES ESSILOR® LENTES VISÃO SIMPLES SURFAÇADAS Orma + Transitions Gen S,visao_simples,Resina,1.50,false,false,true,989.00,Pagina 28,Crizal Prevencia,Antirreflexo,final,2009.00,2009.00,-10.00,8.25,0.00,-4.00,null,null,LENTES VISÃO SIMPLES SURFAÇADAS,null
Optilab,Optilab 06 de abril a 31 de julho de 2026,LENTES ESSILOR®,Mista,mista,7bfaf09e-1470-4341-bb9c-c37567c2c5e5,Orma + Transitions Gen S,LENTES ESSILOR® LENTES VISÃO SIMPLES SURFAÇADAS Orma + Transitions Gen S,visao_simples,Resina,1.50,false,false,true,989.00,Pagina 28,Crizal Rock,Antirreflexo,final,1739.00,1739.00,-10.00,8.25,0.00,-4.00,null,null,LENTES VISÃO SIMPLES SURFAÇADAS,null
Optilab,Optilab 06 de abril a 31 de julho de 2026,LENTES ESSILOR®,Mista,mista,7bfaf09e-1470-4341-bb9c-c37567c2c5e5,Orma + Transitions Gen S,LENTES ESSILOR® LENTES VISÃO SIMPLES SURFAÇADAS Orma + Transitions Gen S,visao_simples,Resina,1.50,false,false,true,989.00,Pagina 28,Crizal Sapphire HR,Antirreflexo,final,2009.00,2009.00,-10.00,8.25,0.00,-4.00,null,null,LENTES VISÃO SIMPLES SURFAÇADAS,null
Optilab,Optilab 06 de abril a 31 de julho de 2026,LENTES ESSILOR®,Mista,mista,7bfaf09e-1470-4341-bb9c-c37567c2c5e5,Orma + Transitions Gen S,LENTES ESSILOR® LENTES VISÃO SIMPLES SURFAÇADAS Orma + Transitions Gen S,visao_simples,Resina,1.50,false,false,true,989.00,Pagina 28,No Reflex,Antirreflexo,final,1239.00,1239.00,-10.00,8.25,0.00,-4.00,null,null,LENTES VISÃO SIMPLES SURFAÇADAS,null
Optilab,Optilab 06 de abril a 31 de julho de 2026,LENTES ESSILOR®,Mista,mista,7bfaf09e-1470-4341-bb9c-c37567c2c5e5,Orma + Transitions Gen S,LENTES ESSILOR® LENTES VISÃO SIMPLES SURFAÇADAS Orma + Transitions Gen S,visao_simples,Resina,1.50,false,false,true,989.00,Pagina 28,Optifog,Antirreflexo,final,1629.00,1629.00,-10.00,8.25,0.00,-4.00,null,null,LENTES VISÃO SIMPLES SURFAÇADAS,null
Optilab,Optilab 06 de abril a 31 de julho de 2026,LENTES ESSILOR®,Mista,mista,7bfaf09e-1470-4341-bb9c-c37567c2c5e5,Orma + Transitions Gen S,LENTES ESSILOR® LENTES VISÃO SIMPLES SURFAÇADAS Orma + Transitions Gen S,visao_simples,Resina,1.50,false,false,true,989.00,Pagina 28,Trio Easy Clean,Antirreflexo,final,1189.00,1189.00,-10.00,8.25,0.00,-4.00,null,null,LENTES VISÃO SIMPLES SURFAÇADAS,null
Optilab,Optilab 06 de abril a 31 de julho de 2026,LENTES ESSILOR®,Mista,mista,e324fe76-49f6-4976-b807-027c26a71c42,Stylis 1.67,LENTES ESSILOR® LENTES VISÃO SIMPLES SURFAÇADAS Stylis 1.67,visao_simples,Resina High Index,1.67,false,false,true,1539.00,Pagina 28,Crizal Easy Pro,Antirreflexo,final,1689.00,1689.00,-14.00,10.00,0.00,-4.00,null,null,LENTES VISÃO SIMPLES SURFAÇADAS,null
Optilab,Optilab 06 de abril a 31 de julho de 2026,LENTES ESSILOR®,Mista,mista,e324fe76-49f6-4976-b807-027c26a71c42,Stylis 1.67,LENTES ESSILOR® LENTES VISÃO SIMPLES SURFAÇADAS Stylis 1.67,visao_simples,Resina High Index,1.67,false,false,true,1539.00,Pagina 28,Crizal Prevencia,Antirreflexo,final,2309.00,2309.00,-14.00,10.00,0.00,-4.00,null,null,LENTES VISÃO SIMPLES SURFAÇADAS,null
Optilab,Optilab 06 de abril a 31 de julho de 2026,LENTES ESSILOR®,Mista,mista,e324fe76-49f6-4976-b807-027c26a71c42,Stylis 1.67,LENTES ESSILOR® LENTES VISÃO SIMPLES SURFAÇADAS Stylis 1.67,visao_simples,Resina High Index,1.67,false,false,true,1539.00,Pagina 28,Crizal Rock,Antirreflexo,final,2039.00,2039.00,-14.00,10.00,0.00,-4.00,null,null,LENTES VISÃO SIMPLES SURFAÇADAS,null
Optilab,Optilab 06 de abril a 31 de julho de 2026,LENTES ESSILOR®,Mista,mista,e324fe76-49f6-4976-b807-027c26a71c42,Stylis 1.67,LENTES ESSILOR® LENTES VISÃO SIMPLES SURFAÇADAS Stylis 1.67,visao_simples,Resina High Index,1.67,false,false,true,1539.00,Pagina 28,Crizal Sapphire HR,Antirreflexo,final,2309.00,2309.00,-14.00,10.00,0.00,-4.00,null,null,LENTES VISÃO SIMPLES SURFAÇADAS,null
Optilab,Optilab 06 de abril a 31 de julho de 2026,LENTES ESSILOR®,Mista,mista,e324fe76-49f6-4976-b807-027c26a71c42,Stylis 1.67,LENTES ESSILOR® LENTES VISÃO SIMPLES SURFAÇADAS Stylis 1.67,visao_simples,Resina High Index,1.67,false,false,true,1539.00,Pagina 28,No Reflex,Antirreflexo,final,1539.00,1539.00,-14.00,10.00,0.00,-4.00,null,null,LENTES VISÃO SIMPLES SURFAÇADAS,null
Optilab,Optilab 06 de abril a 31 de julho de 2026,LENTES ESSILOR®,Mista,mista,e324fe76-49f6-4976-b807-027c26a71c42,Stylis 1.67,LENTES ESSILOR® LENTES VISÃO SIMPLES SURFAÇADAS Stylis 1.67,visao_simples,Resina High Index,1.67,false,false,true,1539.00,Pagina 28,Optifog,Antirreflexo,final,1929.00,1929.00,-14.00,10.00,0.00,-4.00,null,null,LENTES VISÃO SIMPLES SURFAÇADAS,null
Optilab,Optilab 06 de abril a 31 de julho de 2026,LENTES ESSILOR®,Mista,mista,5d740fc7-93da-4ec4-b828-70123a9ff8f2,Stylis 1.67 + Transitions Gen S,LENTES ESSILOR® LENTES VISÃO SIMPLES SURFAÇADAS Stylis 1.67 + Transitions Gen S,visao_simples,Resina High Index,1.67,false,false,true,2329.00,Pagina 28,Crizal Easy Pro,Antirreflexo,final,2479.00,2479.00,-14.00,10.00,0.00,-4.00,null,null,LENTES VISÃO SIMPLES SURFAÇADAS,null
Optilab,Optilab 06 de abril a 31 de julho de 2026,LENTES ESSILOR®,Mista,mista,5d740fc7-93da-4ec4-b828-70123a9ff8f2,Stylis 1.67 + Transitions Gen S,LENTES ESSILOR® LENTES VISÃO SIMPLES SURFAÇADAS Stylis 1.67 + Transitions Gen S,visao_simples,Resina High Index,1.67,false,false,true,2329.00,Pagina 28,Crizal Prevencia,Antirreflexo,final,3099.00,3099.00,-14.00,10.00,0.00,-4.00,null,null,LENTES VISÃO SIMPLES SURFAÇADAS,null
Optilab,Optilab 06 de abril a 31 de julho de 2026,LENTES ESSILOR®,Mista,mista,5d740fc7-93da-4ec4-b828-70123a9ff8f2,Stylis 1.67 + Transitions Gen S,LENTES ESSILOR® LENTES VISÃO SIMPLES SURFAÇADAS Stylis 1.67 + Transitions Gen S,visao_simples,Resina High Index,1.67,false,false,true,2329.00,Pagina 28,Crizal Rock,Antirreflexo,final,2829.00,2829.00,-14.00,10.00,0.00,-4.00,null,null,LENTES VISÃO SIMPLES SURFAÇADAS,null
Optilab,Optilab 06 de abril a 31 de julho de 2026,LENTES ESSILOR®,Mista,mista,5d740fc7-93da-4ec4-b828-70123a9ff8f2,Stylis 1.67 + Transitions Gen S,LENTES ESSILOR® LENTES VISÃO SIMPLES SURFAÇADAS Stylis 1.67 + Transitions Gen S,visao_simples,Resina High Index,1.67,false,false,true,2329.00,Pagina 28,Crizal Sapphire HR,Antirreflexo,final,3099.00,3099.00,-14.00,10.00,0.00,-4.00,null,null,LENTES VISÃO SIMPLES SURFAÇADAS,null
Optilab,Optilab 06 de abril a 31 de julho de 2026,LENTES ESSILOR®,Mista,mista,5d740fc7-93da-4ec4-b828-70123a9ff8f2,Stylis 1.67 + Transitions Gen S,LENTES ESSILOR® LENTES VISÃO SIMPLES SURFAÇADAS Stylis 1.67 + Transitions Gen S,visao_simples,Resina High Index,1.67,false,false,true,2329.00,Pagina 28,No Reflex,Antirreflexo,final,2329.00,2329.00,-14.00,10.00,0.00,-4.00,null,null,LENTES VISÃO SIMPLES SURFAÇADAS,null
Optilab,Optilab 06 de abril a 31 de julho de 2026,LENTES ESSILOR®,Mista,mista,5d740fc7-93da-4ec4-b828-70123a9ff8f2,Stylis 1.67 + Transitions Gen S,LENTES ESSILOR® LENTES VISÃO SIMPLES SURFAÇADAS Stylis 1.67 + Transitions Gen S,visao_simples,Resina High Index,1.67,false,false,true,2329.00,Pagina 28,Optifog,Antirreflexo,final,2719.00,2719.00,-14.00,10.00,0.00,-4.00,null,null,LENTES VISÃO SIMPLES SURFAÇADAS,null
Optilab,Optilab 06 de abril a 31 de julho de 2026,LENTES ESSILOR®,Mista,mista,cdfb76e2-6a25-4b8b-8127-d983f190fe5e,Stylis 1.74,LENTES ESSILOR® LENTES VISÃO SIMPLES SURFAÇADAS Stylis 1.74,visao_simples,Resina High Index,1.74,false,false,true,3019.00,Pagina 28,Crizal Sapphire HR,Antirreflexo,final,3019.00,3019.00,-20.00,14.00,0.00,-4.00,null,null,LENTES VISÃO SIMPLES SURFAÇADAS,null
Optilab,Optilab 06 de abril a 31 de julho de 2026,LENTES ESSILOR®,Mista,mista,69cfdd53-c64d-49d8-a2b1-26cdb81e73d6,Stylis 1.74 + Transitions Gen S,LENTES ESSILOR® LENTES VISÃO SIMPLES SURFAÇADAS Stylis 1.74 + Transitions Gen S,visao_simples,Resina High Index,1.74,false,false,true,3809.00,Pagina 28,Crizal Sapphire HR,Antirreflexo,final,3809.00,3809.00,-20.00,14.00,0.00,-4.00,null,null,LENTES VISÃO SIMPLES SURFAÇADAS,null
Optilab,Optilab 06 de abril a 31 de julho de 2026,LENTES ESSILOR®,Mista,mista,906fc55e-3c4b-4270-ade3-d479cf0cd64f,Orma,LENTES ESSILOR® Orma,indefinida,Resina,1.50,false,false,true,419.00,Pagina 29,Crizal Easy Pro,Antirreflexo,final,1059.00,1059.00,-10.00,8.00,0.00,-6.00,null,null,null,null
Optilab,Optilab 06 de abril a 31 de julho de 2026,LENTES ESSILOR®,Mista,mista,906fc55e-3c4b-4270-ade3-d479cf0cd64f,Orma,LENTES ESSILOR® Orma,indefinida,Resina,1.50,false,false,true,419.00,Pagina 29,Crizal Sapphire HR Face Interna,Antirreflexo,final,1079.00,1079.00,-10.00,8.00,0.00,-6.00,null,null,null,null
Optilab,Optilab 06 de abril a 31 de julho de 2026,LENTES ESSILOR®,Mista,mista,906fc55e-3c4b-4270-ade3-d479cf0cd64f,Orma,LENTES ESSILOR® Orma,indefinida,Resina,1.50,false,false,true,419.00,Pagina 29,Trio Easy Clean,Antirreflexo,final,419.00,419.00,-10.00,8.00,0.00,-6.00,null,null,null,null
Optilab,Optilab 06 de abril a 31 de julho de 2026,LENTES ESSILOR®,Mista,mista,44837fa4-d65a-448c-844e-ba71d37c981e,"Orma 0,80","LENTES ESSILOR® VISÃO INTERMEDIÁRIA Essilor Interview Orma 0,80",ocupacional,Resina,1.50,false,false,true,579.00,Pagina 28,Crizal Easy Pro,Antirreflexo,final,979.00,979.00,-2.00,4.00,0.00,-4.00,2.00,3.50,VISÃO INTERMEDIÁRIA,Essilor Interview
Optilab,Optilab 06 de abril a 31 de julho de 2026,LENTES ESSILOR®,Mista,mista,44837fa4-d65a-448c-844e-ba71d37c981e,"Orma 0,80","LENTES ESSILOR® VISÃO INTERMEDIÁRIA Essilor Interview Orma 0,80",ocupacional,Resina,1.50,false,false,true,579.00,Pagina 28,Crizal Prevencia,Antirreflexo,final,1599.00,1599.00,-2.00,4.00,0.00,-4.00,2.00,3.50,VISÃO INTERMEDIÁRIA,Essilor Interview
Optilab,Optilab 06 de abril a 31 de julho de 2026,LENTES ESSILOR®,Mista,mista,44837fa4-d65a-448c-844e-ba71d37c981e,"Orma 0,80","LENTES ESSILOR® VISÃO INTERMEDIÁRIA Essilor Interview Orma 0,80",ocupacional,Resina,1.50,false,false,true,579.00,Pagina 28,Crizal Rock,Antirreflexo,final,1329.00,1329.00,-2.00,4.00,0.00,-4.00,2.00,3.50,VISÃO INTERMEDIÁRIA,Essilor Interview
Optilab,Optilab 06 de abril a 31 de julho de 2026,LENTES ESSILOR®,Mista,mista,44837fa4-d65a-448c-844e-ba71d37c981e,"Orma 0,80","LENTES ESSILOR® VISÃO INTERMEDIÁRIA Essilor Interview Orma 0,80",ocupacional,Resina,1.50,false,false,true,579.00,Pagina 28,Crizal Sapphire HR,Antirreflexo,final,1599.00,1599.00,-2.00,4.00,0.00,-4.00,2.00,3.50,VISÃO INTERMEDIÁRIA,Essilor Interview
Optilab,Optilab 06 de abril a 31 de julho de 2026,LENTES ESSILOR®,Mista,mista,44837fa4-d65a-448c-844e-ba71d37c981e,"Orma 0,80","LENTES ESSILOR® VISÃO INTERMEDIÁRIA Essilor Interview Orma 0,80",ocupacional,Resina,1.50,false,false,true,579.00,Pagina 28,Optifog,Antirreflexo,final,1219.00,1219.00,-2.00,4.00,0.00,-4.00,2.00,3.50,VISÃO INTERMEDIÁRIA,Essilor Interview
Optilab,Optilab 06 de abril a 31 de julho de 2026,LENTES ESSILOR®,Mista,mista,44837fa4-d65a-448c-844e-ba71d37c981e,"Orma 0,80","LENTES ESSILOR® VISÃO INTERMEDIÁRIA Essilor Interview Orma 0,80",ocupacional,Resina,1.50,false,false,true,579.00,Pagina 28,Trio Easy Clean,Antirreflexo,final,779.00,779.00,-2.00,4.00,0.00,-4.00,2.00,3.50,VISÃO INTERMEDIÁRIA,Essilor Interview
Optilab,Optilab 06 de abril a 31 de julho de 2026,LENTES ESSILOR®,Mista,mista,d98a9d98-6db9-4584-962a-35ed8289a048,"Orma 1,30","LENTES ESSILOR® VISÃO INTERMEDIÁRIA Essilor Interview Orma 1,30",ocupacional,Resina,1.50,false,false,true,579.00,Pagina 28,Crizal Easy Pro,Antirreflexo,final,979.00,979.00,-2.00,4.00,0.00,-4.00,2.00,3.50,VISÃO INTERMEDIÁRIA,Essilor Interview
Optilab,Optilab 06 de abril a 31 de julho de 2026,LENTES ESSILOR®,Mista,mista,d98a9d98-6db9-4584-962a-35ed8289a048,"Orma 1,30","LENTES ESSILOR® VISÃO INTERMEDIÁRIA Essilor Interview Orma 1,30",ocupacional,Resina,1.50,false,false,true,579.00,Pagina 28,Crizal Prevencia,Antirreflexo,final,1599.00,1599.00,-2.00,4.00,0.00,-4.00,2.00,3.50,VISÃO INTERMEDIÁRIA,Essilor Interview
Optilab,Optilab 06 de abril a 31 de julho de 2026,LENTES ESSILOR®,Mista,mista,d98a9d98-6db9-4584-962a-35ed8289a048,"Orma 1,30","LENTES ESSILOR® VISÃO INTERMEDIÁRIA Essilor Interview Orma 1,30",ocupacional,Resina,1.50,false,false,true,579.00,Pagina 28,Crizal Rock,Antirreflexo,final,1329.00,1329.00,-2.00,4.00,0.00,-4.00,2.00,3.50,VISÃO INTERMEDIÁRIA,Essilor Interview
Optilab,Optilab 06 de abril a 31 de julho de 2026,LENTES ESSILOR®,Mista,mista,d98a9d98-6db9-4584-962a-35ed8289a048,"Orma 1,30","LENTES ESSILOR® VISÃO INTERMEDIÁRIA Essilor Interview Orma 1,30",ocupacional,Resina,1.50,false,false,true,579.00,Pagina 28,Crizal Sapphire HR,Antirreflexo,final,1599.00,1599.00,-2.00,4.00,0.00,-4.00,2.00,3.50,VISÃO INTERMEDIÁRIA,Essilor Interview
Optilab,Optilab 06 de abril a 31 de julho de 2026,LENTES ESSILOR®,Mista,mista,d98a9d98-6db9-4584-962a-35ed8289a048,"Orma 1,30","LENTES ESSILOR® VISÃO INTERMEDIÁRIA Essilor Interview Orma 1,30",ocupacional,Resina,1.50,false,false,true,579.00,Pagina 28,Optifog,Antirreflexo,final,1219.00,1219.00,-2.00,4.00,0.00,-4.00,2.00,3.50,VISÃO INTERMEDIÁRIA,Essilor Interview
Optilab,Optilab 06 de abril a 31 de julho de 2026,LENTES ESSILOR®,Mista,mista,d98a9d98-6db9-4584-962a-35ed8289a048,"Orma 1,30","LENTES ESSILOR® VISÃO INTERMEDIÁRIA Essilor Interview Orma 1,30",ocupacional,Resina,1.50,false,false,true,579.00,Pagina 28,Trio Easy Clean,Antirreflexo,final,779.00,779.00,-2.00,4.00,0.00,-4.00,2.00,3.50,VISÃO INTERMEDIÁRIA,Essilor Interview
Optilab,Optilab 06 de abril a 31 de julho de 2026,LENTES EYEZEN BOOST®,Visao Simples,visao_simples,e923445c-9e74-43af-95bb-257a1caf63eb,Airwear,LENTES EYEZEN BOOST® 0.4 Airwear,visao_simples,Policarbonato,1.59,false,false,true,1209.00,Pagina 22,Crizal Easy Pro,Antirreflexo,final,1209.00,1209.00,-10.00,6.00,0.00,-6.00,null,null,null,0.4
Optilab,Optilab 06 de abril a 31 de julho de 2026,LENTES EYEZEN BOOST®,Visao Simples,visao_simples,e923445c-9e74-43af-95bb-257a1caf63eb,Airwear,LENTES EYEZEN BOOST® 0.4 Airwear,visao_simples,Policarbonato,1.59,false,false,true,1209.00,Pagina 22,Crizal Prevencia,Antirreflexo,final,1829.00,1829.00,-10.00,6.00,0.00,-6.00,null,null,null,0.4
Optilab,Optilab 06 de abril a 31 de julho de 2026,LENTES EYEZEN BOOST®,Visao Simples,visao_simples,e923445c-9e74-43af-95bb-257a1caf63eb,Airwear,LENTES EYEZEN BOOST® 0.4 Airwear,visao_simples,Policarbonato,1.59,false,false,true,1209.00,Pagina 22,Crizal Rock,Antirreflexo,final,1559.00,1559.00,-10.00,6.00,0.00,-6.00,null,null,null,0.4
Optilab,Optilab 06 de abril a 31 de julho de 2026,LENTES EYEZEN BOOST®,Visao Simples,visao_simples,e923445c-9e74-43af-95bb-257a1caf63eb,Airwear,LENTES EYEZEN BOOST® 0.4 Airwear,visao_simples,Policarbonato,1.59,false,false,true,1209.00,Pagina 22,Crizal Sapphire HR,Antirreflexo,final,1829.00,1829.00,-10.00,6.00,0.00,-6.00,null,null,null,0.4
Optilab,Optilab 06 de abril a 31 de julho de 2026,LENTES EYEZEN BOOST®,Visao Simples,visao_simples,e923445c-9e74-43af-95bb-257a1caf63eb,Airwear,LENTES EYEZEN BOOST® 0.4 Airwear,visao_simples,Policarbonato,1.59,false,false,true,1209.00,Pagina 22,Optifog,Antirreflexo,final,1449.00,1449.00,-10.00,6.00,0.00,-6.00,null,null,null,0.4
Optilab,Optilab 06 de abril a 31 de julho de 2026,LENTES EYEZEN BOOST®,Visao Simples,visao_simples,9a77e5e0-6603-4ed5-91ec-9d1c985c0896,Airwear + Transitions Extractive,LENTES EYEZEN BOOST® 0.4 Airwear + Transitions Extractive,visao_simples,Policarbonato,1.59,false,false,true,2219.00,Pagina 22,Crizal Easy Pro,Antirreflexo,final,2219.00,2219.00,-10.00,6.00,0.00,-6.00,null,null,null,0.4
Optilab,Optilab 06 de abril a 31 de julho de 2026,LENTES EYEZEN BOOST®,Visao Simples,visao_simples,9a77e5e0-6603-4ed5-91ec-9d1c985c0896,Airwear + Transitions Extractive,LENTES EYEZEN BOOST® 0.4 Airwear + Transitions Extractive,visao_simples,Policarbonato,1.59,false,false,true,2219.00,Pagina 22,Crizal Prevencia,Antirreflexo,final,2839.00,2839.00,-10.00,6.00,0.00,-6.00,null,null,null,0.4
Optilab,Optilab 06 de abril a 31 de julho de 2026,LENTES EYEZEN BOOST®,Visao Simples,visao_simples,9a77e5e0-6603-4ed5-91ec-9d1c985c0896,Airwear + Transitions Extractive,LENTES EYEZEN BOOST® 0.4 Airwear + Transitions Extractive,visao_simples,Policarbonato,1.59,false,false,true,2219.00,Pagina 22,Crizal Rock,Antirreflexo,final,2569.00,2569.00,-10.00,6.00,0.00,-6.00,null,null,null,0.4
Optilab,Optilab 06 de abril a 31 de julho de 2026,LENTES EYEZEN BOOST®,Visao Simples,visao_simples,9a77e5e0-6603-4ed5-91ec-9d1c985c0896,Airwear + Transitions Extractive,LENTES EYEZEN BOOST® 0.4 Airwear + Transitions Extractive,visao_simples,Policarbonato,1.59,false,false,true,2219.00,Pagina 22,Crizal Sapphire HR,Antirreflexo,final,2839.00,2839.00,-10.00,6.00,0.00,-6.00,null,null,null,0.4
Optilab,Optilab 06 de abril a 31 de julho de 2026,LENTES EYEZEN BOOST®,Visao Simples,visao_simples,9a77e5e0-6603-4ed5-91ec-9d1c985c0896,Airwear + Transitions Extractive,LENTES EYEZEN BOOST® 0.4 Airwear + Transitions Extractive,visao_simples,Policarbonato,1.59,false,false,true,2219.00,Pagina 22,Optifog,Antirreflexo,final,2459.00,2459.00,-10.00,6.00,0.00,-6.00,null,null,null,0.4
Optilab,Optilab 06 de abril a 31 de julho de 2026,LENTES EYEZEN BOOST®,Visao Simples,visao_simples,1a7d628b-8db6-4005-9b63-c7a6a70254c2,Airwear + Transitions Gen S,LENTES EYEZEN BOOST® 0.4 Airwear + Transitions Gen S,visao_simples,Policarbonato,1.59,false,false,true,2149.00,Pagina 22,Crizal Easy Pro,Antirreflexo,final,2149.00,2149.00,-10.00,6.00,0.00,-6.00,null,null,null,0.4
Optilab,Optilab 06 de abril a 31 de julho de 2026,LENTES EYEZEN BOOST®,Visao Simples,visao_simples,1a7d628b-8db6-4005-9b63-c7a6a70254c2,Airwear + Transitions Gen S,LENTES EYEZEN BOOST® 0.4 Airwear + Transitions Gen S,visao_simples,Policarbonato,1.59,false,false,true,2149.00,Pagina 22,Crizal Prevencia,Antirreflexo,final,2769.00,2769.00,-10.00,6.00,0.00,-6.00,null,null,null,0.4
Optilab,Optilab 06 de abril a 31 de julho de 2026,LENTES EYEZEN BOOST®,Visao Simples,visao_simples,1a7d628b-8db6-4005-9b63-c7a6a70254c2,Airwear + Transitions Gen S,LENTES EYEZEN BOOST® 0.4 Airwear + Transitions Gen S,visao_simples,Policarbonato,1.59,false,false,true,2149.00,Pagina 22,Crizal Rock,Antirreflexo,final,2499.00,2499.00,-10.00,6.00,0.00,-6.00,null,null,null,0.4
Optilab,Optilab 06 de abril a 31 de julho de 2026,LENTES EYEZEN BOOST®,Visao Simples,visao_simples,1a7d628b-8db6-4005-9b63-c7a6a70254c2,Airwear + Transitions Gen S,LENTES EYEZEN BOOST® 0.4 Airwear + Transitions Gen S,visao_simples,Policarbonato,1.59,false,false,true,2149.00,Pagina 22,Crizal Sapphire HR,Antirreflexo,final,2769.00,2769.00,-10.00,6.00,0.00,-6.00,null,null,null,0.4
Optilab,Optilab 06 de abril a 31 de julho de 2026,LENTES EYEZEN BOOST®,Visao Simples,visao_simples,1a7d628b-8db6-4005-9b63-c7a6a70254c2,Airwear + Transitions Gen S,LENTES EYEZEN BOOST® 0.4 Airwear + Transitions Gen S,visao_simples,Policarbonato,1.59,false,false,true,2149.00,Pagina 22,Optifog,Antirreflexo,final,2389.00,2389.00,-10.00,6.00,0.00,-6.00,null,null,null,0.4
Optilab,Optilab 06 de abril a 31 de julho de 2026,LENTES EYEZEN BOOST®,Visao Simples,visao_simples,283a4e7c-6c93-43d6-8857-5687e67a1e3b,Orma,LENTES EYEZEN BOOST® 0.4 Orma,visao_simples,Resina,1.50,false,false,true,989.00,Pagina 22,Crizal Easy Pro,Antirreflexo,final,989.00,989.00,-10.00,6.00,0.00,-6.00,null,null,null,0.4
Optilab,Optilab 06 de abril a 31 de julho de 2026,LENTES EYEZEN BOOST®,Visao Simples,visao_simples,283a4e7c-6c93-43d6-8857-5687e67a1e3b,Orma,LENTES EYEZEN BOOST® 0.4 Orma,visao_simples,Resina,1.50,false,false,true,989.00,Pagina 22,Crizal Prevencia,Antirreflexo,final,1609.00,1609.00,-10.00,6.00,0.00,-6.00,null,null,null,0.4
Optilab,Optilab 06 de abril a 31 de julho de 2026,LENTES EYEZEN BOOST®,Visao Simples,visao_simples,283a4e7c-6c93-43d6-8857-5687e67a1e3b,Orma,LENTES EYEZEN BOOST® 0.4 Orma,visao_simples,Resina,1.50,false,false,true,989.00,Pagina 22,Crizal Rock,Antirreflexo,final,1339.00,1339.00,-10.00,6.00,0.00,-6.00,null,null,null,0.4
Optilab,Optilab 06 de abril a 31 de julho de 2026,LENTES EYEZEN BOOST®,Visao Simples,visao_simples,283a4e7c-6c93-43d6-8857-5687e67a1e3b,Orma,LENTES EYEZEN BOOST® 0.4 Orma,visao_simples,Resina,1.50,false,false,true,989.00,Pagina 22,Crizal Sapphire HR,Antirreflexo,final,1609.00,1609.00,-10.00,6.00,0.00,-6.00,null,null,null,0.4
Optilab,Optilab 06 de abril a 31 de julho de 2026,LENTES EYEZEN BOOST®,Visao Simples,visao_simples,283a4e7c-6c93-43d6-8857-5687e67a1e3b,Orma,LENTES EYEZEN BOOST® 0.4 Orma,visao_simples,Resina,1.50,false,false,true,989.00,Pagina 22,Optifog,Antirreflexo,final,1229.00,1229.00,-10.00,6.00,0.00,-6.00,null,null,null,0.4
Optilab,Optilab 06 de abril a 31 de julho de 2026,LENTES EYEZEN BOOST®,Visao Simples,visao_simples,b61b91b9-b417-4688-bebb-c8c8cac5b516,Orma + Transitions Extractive,LENTES EYEZEN BOOST® 0.4 Orma + Transitions Extractive,visao_simples,Resina,1.50,false,false,true,1999.00,Pagina 22,Crizal Easy Pro,Antirreflexo,final,1999.00,1999.00,-10.00,6.00,0.00,-6.00,null,null,null,0.4
Optilab,Optilab 06 de abril a 31 de julho de 2026,LENTES EYEZEN BOOST®,Visao Simples,visao_simples,b61b91b9-b417-4688-bebb-c8c8cac5b516,Orma + Transitions Extractive,LENTES EYEZEN BOOST® 0.4 Orma + Transitions Extractive,visao_simples,Resina,1.50,false,false,true,1999.00,Pagina 22,Crizal Prevencia,Antirreflexo,final,2619.00,2619.00,-10.00,6.00,0.00,-6.00,null,null,null,0.4
Optilab,Optilab 06 de abril a 31 de julho de 2026,LENTES EYEZEN BOOST®,Visao Simples,visao_simples,b61b91b9-b417-4688-bebb-c8c8cac5b516,Orma + Transitions Extractive,LENTES EYEZEN BOOST® 0.4 Orma + Transitions Extractive,visao_simples,Resina,1.50,false,false,true,1999.00,Pagina 22,Crizal Rock,Antirreflexo,final,2349.00,2349.00,-10.00,6.00,0.00,-6.00,null,null,null,0.4
Optilab,Optilab 06 de abril a 31 de julho de 2026,LENTES EYEZEN BOOST®,Visao Simples,visao_simples,b61b91b9-b417-4688-bebb-c8c8cac5b516,Orma + Transitions Extractive,LENTES EYEZEN BOOST® 0.4 Orma + Transitions Extractive,visao_simples,Resina,1.50,false,false,true,1999.00,Pagina 22,Crizal Sapphire HR,Antirreflexo,final,2619.00,2619.00,-10.00,6.00,0.00,-6.00,null,null,null,0.4
Optilab,Optilab 06 de abril a 31 de julho de 2026,LENTES EYEZEN BOOST®,Visao Simples,visao_simples,b61b91b9-b417-4688-bebb-c8c8cac5b516,Orma + Transitions Extractive,LENTES EYEZEN BOOST® 0.4 Orma + Transitions Extractive,visao_simples,Resina,1.50,false,false,true,1999.00,Pagina 22,Optifog,Antirreflexo,final,2239.00,2239.00,-10.00,6.00,0.00,-6.00,null,null,null,0.4
Optilab,Optilab 06 de abril a 31 de julho de 2026,LENTES EYEZEN BOOST®,Visao Simples,visao_simples,58c4949e-d680-4de3-8145-e43e36652d89,Orma + Transitions Gen S,LENTES EYEZEN BOOST® 0.4 Orma + Transitions Gen S,visao_simples,Resina,1.50,false,false,true,1929.00,Pagina 22,Crizal Easy Pro,Antirreflexo,final,1929.00,1929.00,-10.00,6.00,0.00,-6.00,null,null,null,0.4
Optilab,Optilab 06 de abril a 31 de julho de 2026,LENTES EYEZEN BOOST®,Visao Simples,visao_simples,58c4949e-d680-4de3-8145-e43e36652d89,Orma + Transitions Gen S,LENTES EYEZEN BOOST® 0.4 Orma + Transitions Gen S,visao_simples,Resina,1.50,false,false,true,1929.00,Pagina 22,Crizal Prevencia,Antirreflexo,final,2549.00,2549.00,-10.00,6.00,0.00,-6.00,null,null,null,0.4
Optilab,Optilab 06 de abril a 31 de julho de 2026,LENTES EYEZEN BOOST®,Visao Simples,visao_simples,58c4949e-d680-4de3-8145-e43e36652d89,Orma + Transitions Gen S,LENTES EYEZEN BOOST® 0.4 Orma + Transitions Gen S,visao_simples,Resina,1.50,false,false,true,1929.00,Pagina 22,Crizal Rock,Antirreflexo,final,2279.00,2279.00,-10.00,6.00,0.00,-6.00,null,null,null,0.4
Optilab,Optilab 06 de abril a 31 de julho de 2026,LENTES EYEZEN BOOST®,Visao Simples,visao_simples,58c4949e-d680-4de3-8145-e43e36652d89,Orma + Transitions Gen S,LENTES EYEZEN BOOST® 0.4 Orma + Transitions Gen S,visao_simples,Resina,1.50,false,false,true,1929.00,Pagina 22,Crizal Sapphire HR,Antirreflexo,final,2549.00,2549.00,-10.00,6.00,0.00,-6.00,null,null,null,0.4
Optilab,Optilab 06 de abril a 31 de julho de 2026,LENTES EYEZEN BOOST®,Visao Simples,visao_simples,58c4949e-d680-4de3-8145-e43e36652d89,Orma + Transitions Gen S,LENTES EYEZEN BOOST® 0.4 Orma + Transitions Gen S,visao_simples,Resina,1.50,false,false,true,1929.00,Pagina 22,Optifog,Antirreflexo,final,2169.00,2169.00,-10.00,6.00,0.00,-6.00,null,null,null,0.4
Optilab,Optilab 06 de abril a 31 de julho de 2026,LENTES EYEZEN BOOST®,Visao Simples,visao_simples,8ff86702-5702-4c28-b19c-43365cfce5c5,Stylis 1.67,LENTES EYEZEN BOOST® 0.4 Stylis 1.67,visao_simples,Resina High Index,1.67,false,false,true,2409.00,Pagina 22,Crizal Easy Pro,Antirreflexo,final,2409.00,2409.00,-14.00,9.00,0.00,-6.00,null,null,null,0.4
Optilab,Optilab 06 de abril a 31 de julho de 2026,LENTES EYEZEN BOOST®,Visao Simples,visao_simples,8ff86702-5702-4c28-b19c-43365cfce5c5,Stylis 1.67,LENTES EYEZEN BOOST® 0.4 Stylis 1.67,visao_simples,Resina High Index,1.67,false,false,true,2409.00,Pagina 22,Crizal Prevencia,Antirreflexo,final,3029.00,3029.00,-14.00,9.00,0.00,-6.00,null,null,null,0.4
Optilab,Optilab 06 de abril a 31 de julho de 2026,LENTES EYEZEN BOOST®,Visao Simples,visao_simples,8ff86702-5702-4c28-b19c-43365cfce5c5,Stylis 1.67,LENTES EYEZEN BOOST® 0.4 Stylis 1.67,visao_simples,Resina High Index,1.67,false,false,true,2409.00,Pagina 22,Crizal Rock,Antirreflexo,final,2759.00,2759.00,-14.00,9.00,0.00,-6.00,null,null,null,0.4
Optilab,Optilab 06 de abril a 31 de julho de 2026,LENTES EYEZEN BOOST®,Visao Simples,visao_simples,8ff86702-5702-4c28-b19c-43365cfce5c5,Stylis 1.67,LENTES EYEZEN BOOST® 0.4 Stylis 1.67,visao_simples,Resina High Index,1.67,false,false,true,2409.00,Pagina 22,Crizal Sapphire HR,Antirreflexo,final,3029.00,3029.00,-14.00,9.00,0.00,-6.00,null,null,null,0.4
Optilab,Optilab 06 de abril a 31 de julho de 2026,LENTES EYEZEN BOOST®,Visao Simples,visao_simples,8ff86702-5702-4c28-b19c-43365cfce5c5,Stylis 1.67,LENTES EYEZEN BOOST® 0.4 Stylis 1.67,visao_simples,Resina High Index,1.67,false,false,true,2409.00,Pagina 22,Optifog,Antirreflexo,final,2649.00,2649.00,-14.00,9.00,0.00,-6.00,null,null,null,0.4
Optilab,Optilab 06 de abril a 31 de julho de 2026,LENTES EYEZEN BOOST®,Visao Simples,visao_simples,74523561-666b-425b-b0f1-22cd244067b4,Stylis 1.67 + Transitions Gen S,LENTES EYEZEN BOOST® 0.4 Stylis 1.67 + Transitions Gen S,visao_simples,Resina High Index,1.67,false,false,true,3349.00,Pagina 22,Crizal Easy Pro,Antirreflexo,final,3349.00,3349.00,-14.00,9.00,0.00,-6.00,null,null,null,0.4
Optilab,Optilab 06 de abril a 31 de julho de 2026,LENTES EYEZEN BOOST®,Visao Simples,visao_simples,74523561-666b-425b-b0f1-22cd244067b4,Stylis 1.67 + Transitions Gen S,LENTES EYEZEN BOOST® 0.4 Stylis 1.67 + Transitions Gen S,visao_simples,Resina High Index,1.67,false,false,true,3349.00,Pagina 22,Crizal Prevencia,Antirreflexo,final,3969.00,3969.00,-14.00,9.00,0.00,-6.00,null,null,null,0.4
Optilab,Optilab 06 de abril a 31 de julho de 2026,LENTES EYEZEN BOOST®,Visao Simples,visao_simples,74523561-666b-425b-b0f1-22cd244067b4,Stylis 1.67 + Transitions Gen S,LENTES EYEZEN BOOST® 0.4 Stylis 1.67 + Transitions Gen S,visao_simples,Resina High Index,1.67,false,false,true,3349.00,Pagina 22,Crizal Rock,Antirreflexo,final,3699.00,3699.00,-14.00,9.00,0.00,-6.00,null,null,null,0.4
Optilab,Optilab 06 de abril a 31 de julho de 2026,LENTES EYEZEN BOOST®,Visao Simples,visao_simples,74523561-666b-425b-b0f1-22cd244067b4,Stylis 1.67 + Transitions Gen S,LENTES EYEZEN BOOST® 0.4 Stylis 1.67 + Transitions Gen S,visao_simples,Resina High Index,1.67,false,false,true,3349.00,Pagina 22,Crizal Sapphire HR,Antirreflexo,final,3969.00,3969.00,-14.00,9.00,0.00,-6.00,null,null,null,0.4
Optilab,Optilab 06 de abril a 31 de julho de 2026,LENTES EYEZEN BOOST®,Visao Simples,visao_simples,74523561-666b-425b-b0f1-22cd244067b4,Stylis 1.67 + Transitions Gen S,LENTES EYEZEN BOOST® 0.4 Stylis 1.67 + Transitions Gen S,visao_simples,Resina High Index,1.67,false,false,true,3349.00,Pagina 22,Optifog,Antirreflexo,final,3589.00,3589.00,-14.00,9.00,0.00,-6.00,null,null,null,0.4
Optilab,Optilab 06 de abril a 31 de julho de 2026,LENTES EYEZEN BOOST®,Visao Simples,visao_simples,faab5074-9ba7-4b24-9585-03b2a1670be3,Stylis 1.74,LENTES EYEZEN BOOST® 0.4 Stylis 1.74,visao_simples,Resina High Index,1.74,false,false,true,3809.00,Pagina 22,Crizal Sapphire HR,Antirreflexo,final,3809.00,3809.00,-18.00,13.00,0.00,-6.00,null,null,null,0.4
Optilab,Optilab 06 de abril a 31 de julho de 2026,LENTES EYEZEN BOOST®,Visao Simples,visao_simples,549052d6-9b69-4d2d-b8c3-1566a95fad30,Stylis 1.74 + Transitions Gen S,LENTES EYEZEN BOOST® 0.4 Stylis 1.74 + Transitions Gen S,visao_simples,Resina High Index,1.74,false,false,true,4749.00,Pagina 22,Crizal Sapphire HR,Antirreflexo,final,4749.00,4749.00,-18.00,13.00,0.00,-6.00,null,null,null,0.4
Optilab,Optilab 06 de abril a 31 de julho de 2026,LENTES EYEZEN BOOST®,Visao Simples,visao_simples,d6076019-6b9d-4677-8fa9-d7d61287653f,Airwear,LENTES EYEZEN BOOST® 0.6 Airwear,visao_simples,Policarbonato,1.59,false,false,true,1209.00,Pagina 23,Crizal Easy Pro,Antirreflexo,final,1209.00,1209.00,-10.00,6.00,0.00,-6.00,null,null,null,0.6
Optilab,Optilab 06 de abril a 31 de julho de 2026,LENTES EYEZEN BOOST®,Visao Simples,visao_simples,d6076019-6b9d-4677-8fa9-d7d61287653f,Airwear,LENTES EYEZEN BOOST® 0.6 Airwear,visao_simples,Policarbonato,1.59,false,false,true,1209.00,Pagina 23,Crizal Prevencia,Antirreflexo,final,1829.00,1829.00,-10.00,6.00,0.00,-6.00,null,null,null,0.6
Optilab,Optilab 06 de abril a 31 de julho de 2026,LENTES EYEZEN BOOST®,Visao Simples,visao_simples,d6076019-6b9d-4677-8fa9-d7d61287653f,Airwear,LENTES EYEZEN BOOST® 0.6 Airwear,visao_simples,Policarbonato,1.59,false,false,true,1209.00,Pagina 23,Crizal Rock,Antirreflexo,final,1559.00,1559.00,-10.00,6.00,0.00,-6.00,null,null,null,0.6
Optilab,Optilab 06 de abril a 31 de julho de 2026,LENTES EYEZEN BOOST®,Visao Simples,visao_simples,d6076019-6b9d-4677-8fa9-d7d61287653f,Airwear,LENTES EYEZEN BOOST® 0.6 Airwear,visao_simples,Policarbonato,1.59,false,false,true,1209.00,Pagina 23,Crizal Sapphire HR,Antirreflexo,final,1829.00,1829.00,-10.00,6.00,0.00,-6.00,null,null,null,0.6
Optilab,Optilab 06 de abril a 31 de julho de 2026,LENTES EYEZEN BOOST®,Visao Simples,visao_simples,d6076019-6b9d-4677-8fa9-d7d61287653f,Airwear,LENTES EYEZEN BOOST® 0.6 Airwear,visao_simples,Policarbonato,1.59,false,false,true,1209.00,Pagina 23,Optifog,Antirreflexo,final,1449.00,1449.00,-10.00,6.00,0.00,-6.00,null,null,null,0.6
Optilab,Optilab 06 de abril a 31 de julho de 2026,LENTES EYEZEN BOOST®,Visao Simples,visao_simples,ebed8728-fc0c-49c6-a59e-1cfcde39e0fd,Airwear + Transitions Extractive,LENTES EYEZEN BOOST® 0.6 Airwear + Transitions Extractive,visao_simples,Policarbonato,1.59,false,false,true,2219.00,Pagina 23,Crizal Easy Pro,Antirreflexo,final,2219.00,2219.00,-10.00,6.00,0.00,-6.00,null,null,null,0.6
Optilab,Optilab 06 de abril a 31 de julho de 2026,LENTES EYEZEN BOOST®,Visao Simples,visao_simples,ebed8728-fc0c-49c6-a59e-1cfcde39e0fd,Airwear + Transitions Extractive,LENTES EYEZEN BOOST® 0.6 Airwear + Transitions Extractive,visao_simples,Policarbonato,1.59,false,false,true,2219.00,Pagina 23,Crizal Prevencia,Antirreflexo,final,2839.00,2839.00,-10.00,6.00,0.00,-6.00,null,null,null,0.6
Optilab,Optilab 06 de abril a 31 de julho de 2026,LENTES EYEZEN BOOST®,Visao Simples,visao_simples,ebed8728-fc0c-49c6-a59e-1cfcde39e0fd,Airwear + Transitions Extractive,LENTES EYEZEN BOOST® 0.6 Airwear + Transitions Extractive,visao_simples,Policarbonato,1.59,false,false,true,2219.00,Pagina 23,Crizal Rock,Antirreflexo,final,2569.00,2569.00,-10.00,6.00,0.00,-6.00,null,null,null,0.6
Optilab,Optilab 06 de abril a 31 de julho de 2026,LENTES EYEZEN BOOST®,Visao Simples,visao_simples,ebed8728-fc0c-49c6-a59e-1cfcde39e0fd,Airwear + Transitions Extractive,LENTES EYEZEN BOOST® 0.6 Airwear + Transitions Extractive,visao_simples,Policarbonato,1.59,false,false,true,2219.00,Pagina 23,Crizal Sapphire HR,Antirreflexo,final,2839.00,2839.00,-10.00,6.00,0.00,-6.00,null,null,null,0.6
Optilab,Optilab 06 de abril a 31 de julho de 2026,LENTES EYEZEN BOOST®,Visao Simples,visao_simples,ebed8728-fc0c-49c6-a59e-1cfcde39e0fd,Airwear + Transitions Extractive,LENTES EYEZEN BOOST® 0.6 Airwear + Transitions Extractive,visao_simples,Policarbonato,1.59,false,false,true,2219.00,Pagina 23,Optifog,Antirreflexo,final,2459.00,2459.00,-10.00,6.00,0.00,-6.00,null,null,null,0.6
Optilab,Optilab 06 de abril a 31 de julho de 2026,LENTES EYEZEN BOOST®,Visao Simples,visao_simples,e881a58f-6bd9-4260-9213-0cfb90ffa4bd,Airwear + Transitions Gen S,LENTES EYEZEN BOOST® 0.6 Airwear + Transitions Gen S,visao_simples,Policarbonato,1.59,false,false,true,2149.00,Pagina 23,Crizal Easy Pro,Antirreflexo,final,2149.00,2149.00,-10.00,6.00,0.00,-6.00,null,null,null,0.6
Optilab,Optilab 06 de abril a 31 de julho de 2026,LENTES EYEZEN BOOST®,Visao Simples,visao_simples,e881a58f-6bd9-4260-9213-0cfb90ffa4bd,Airwear + Transitions Gen S,LENTES EYEZEN BOOST® 0.6 Airwear + Transitions Gen S,visao_simples,Policarbonato,1.59,false,false,true,2149.00,Pagina 23,Crizal Prevencia,Antirreflexo,final,2769.00,2769.00,-10.00,6.00,0.00,-6.00,null,null,null,0.6
Optilab,Optilab 06 de abril a 31 de julho de 2026,LENTES EYEZEN BOOST®,Visao Simples,visao_simples,e881a58f-6bd9-4260-9213-0cfb90ffa4bd,Airwear + Transitions Gen S,LENTES EYEZEN BOOST® 0.6 Airwear + Transitions Gen S,visao_simples,Policarbonato,1.59,false,false,true,2149.00,Pagina 23,Crizal Rock,Antirreflexo,final,2499.00,2499.00,-10.00,6.00,0.00,-6.00,null,null,null,0.6
Optilab,Optilab 06 de abril a 31 de julho de 2026,LENTES EYEZEN BOOST®,Visao Simples,visao_simples,e881a58f-6bd9-4260-9213-0cfb90ffa4bd,Airwear + Transitions Gen S,LENTES EYEZEN BOOST® 0.6 Airwear + Transitions Gen S,visao_simples,Policarbonato,1.59,false,false,true,2149.00,Pagina 23,Crizal Sapphire HR,Antirreflexo,final,2769.00,2769.00,-10.00,6.00,0.00,-6.00,null,null,null,0.6
Optilab,Optilab 06 de abril a 31 de julho de 2026,LENTES EYEZEN BOOST®,Visao Simples,visao_simples,e881a58f-6bd9-4260-9213-0cfb90ffa4bd,Airwear + Transitions Gen S,LENTES EYEZEN BOOST® 0.6 Airwear + Transitions Gen S,visao_simples,Policarbonato,1.59,false,false,true,2149.00,Pagina 23,Optifog,Antirreflexo,final,2389.00,2389.00,-10.00,6.00,0.00,-6.00,null,null,null,0.6
Optilab,Optilab 06 de abril a 31 de julho de 2026,LENTES EYEZEN BOOST®,Visao Simples,visao_simples,8cb54d3e-5630-4e9f-b512-9b571834a226,Orma,LENTES EYEZEN BOOST® 0.6 Orma,visao_simples,Resina,1.50,false,false,true,989.00,Pagina 23,Crizal Easy Pro,Antirreflexo,final,989.00,989.00,-10.00,6.00,0.00,-6.00,null,null,null,0.6
Optilab,Optilab 06 de abril a 31 de julho de 2026,LENTES EYEZEN BOOST®,Visao Simples,visao_simples,8cb54d3e-5630-4e9f-b512-9b571834a226,Orma,LENTES EYEZEN BOOST® 0.6 Orma,visao_simples,Resina,1.50,false,false,true,989.00,Pagina 23,Crizal Prevencia,Antirreflexo,final,1609.00,1609.00,-10.00,6.00,0.00,-6.00,null,null,null,0.6
Optilab,Optilab 06 de abril a 31 de julho de 2026,LENTES EYEZEN BOOST®,Visao Simples,visao_simples,8cb54d3e-5630-4e9f-b512-9b571834a226,Orma,LENTES EYEZEN BOOST® 0.6 Orma,visao_simples,Resina,1.50,false,false,true,989.00,Pagina 23,Crizal Rock,Antirreflexo,final,1339.00,1339.00,-10.00,6.00,0.00,-6.00,null,null,null,0.6
Optilab,Optilab 06 de abril a 31 de julho de 2026,LENTES EYEZEN BOOST®,Visao Simples,visao_simples,8cb54d3e-5630-4e9f-b512-9b571834a226,Orma,LENTES EYEZEN BOOST® 0.6 Orma,visao_simples,Resina,1.50,false,false,true,989.00,Pagina 23,Crizal Sapphire HR,Antirreflexo,final,1609.00,1609.00,-10.00,6.00,0.00,-6.00,null,null,null,0.6
Optilab,Optilab 06 de abril a 31 de julho de 2026,LENTES EYEZEN BOOST®,Visao Simples,visao_simples,8cb54d3e-5630-4e9f-b512-9b571834a226,Orma,LENTES EYEZEN BOOST® 0.6 Orma,visao_simples,Resina,1.50,false,false,true,989.00,Pagina 23,Optifog,Antirreflexo,final,1229.00,1229.00,-10.00,6.00,0.00,-6.00,null,null,null,0.6
Optilab,Optilab 06 de abril a 31 de julho de 2026,LENTES EYEZEN BOOST®,Visao Simples,visao_simples,0e991a60-34e0-4989-8cbd-fb998f6cbde8,Orma + Transitions Extractive,LENTES EYEZEN BOOST® 0.6 Orma + Transitions Extractive,visao_simples,Resina,1.50,false,false,true,1999.00,Pagina 23,Crizal Easy Pro,Antirreflexo,final,1999.00,1999.00,-10.00,6.00,0.00,-6.00,null,null,null,0.6
Optilab,Optilab 06 de abril a 31 de julho de 2026,LENTES EYEZEN BOOST®,Visao Simples,visao_simples,0e991a60-34e0-4989-8cbd-fb998f6cbde8,Orma + Transitions Extractive,LENTES EYEZEN BOOST® 0.6 Orma + Transitions Extractive,visao_simples,Resina,1.50,false,false,true,1999.00,Pagina 23,Crizal Prevencia,Antirreflexo,final,2619.00,2619.00,-10.00,6.00,0.00,-6.00,null,null,null,0.6
Optilab,Optilab 06 de abril a 31 de julho de 2026,LENTES EYEZEN BOOST®,Visao Simples,visao_simples,0e991a60-34e0-4989-8cbd-fb998f6cbde8,Orma + Transitions Extractive,LENTES EYEZEN BOOST® 0.6 Orma + Transitions Extractive,visao_simples,Resina,1.50,false,false,true,1999.00,Pagina 23,Crizal Rock,Antirreflexo,final,2349.00,2349.00,-10.00,6.00,0.00,-6.00,null,null,null,0.6
Optilab,Optilab 06 de abril a 31 de julho de 2026,LENTES EYEZEN BOOST®,Visao Simples,visao_simples,0e991a60-34e0-4989-8cbd-fb998f6cbde8,Orma + Transitions Extractive,LENTES EYEZEN BOOST® 0.6 Orma + Transitions Extractive,visao_simples,Resina,1.50,false,false,true,1999.00,Pagina 23,Crizal Sapphire HR,Antirreflexo,final,2619.00,2619.00,-10.00,6.00,0.00,-6.00,null,null,null,0.6
Optilab,Optilab 06 de abril a 31 de julho de 2026,LENTES EYEZEN BOOST®,Visao Simples,visao_simples,0e991a60-34e0-4989-8cbd-fb998f6cbde8,Orma + Transitions Extractive,LENTES EYEZEN BOOST® 0.6 Orma + Transitions Extractive,visao_simples,Resina,1.50,false,false,true,1999.00,Pagina 23,Optifog,Antirreflexo,final,2239.00,2239.00,-10.00,6.00,0.00,-6.00,null,null,null,0.6
Optilab,Optilab 06 de abril a 31 de julho de 2026,LENTES EYEZEN BOOST®,Visao Simples,visao_simples,958949e2-2a5f-40e7-ba39-794b5220e8f6,Orma + Transitions Gen S,LENTES EYEZEN BOOST® 0.6 Orma + Transitions Gen S,visao_simples,Resina,1.50,false,false,true,1929.00,Pagina 23,Crizal Easy Pro,Antirreflexo,final,1929.00,1929.00,-10.00,6.00,0.00,-6.00,null,null,null,0.6
Optilab,Optilab 06 de abril a 31 de julho de 2026,LENTES EYEZEN BOOST®,Visao Simples,visao_simples,958949e2-2a5f-40e7-ba39-794b5220e8f6,Orma + Transitions Gen S,LENTES EYEZEN BOOST® 0.6 Orma + Transitions Gen S,visao_simples,Resina,1.50,false,false,true,1929.00,Pagina 23,Crizal Prevencia,Antirreflexo,final,2549.00,2549.00,-10.00,6.00,0.00,-6.00,null,null,null,0.6
Optilab,Optilab 06 de abril a 31 de julho de 2026,LENTES EYEZEN BOOST®,Visao Simples,visao_simples,958949e2-2a5f-40e7-ba39-794b5220e8f6,Orma + Transitions Gen S,LENTES EYEZEN BOOST® 0.6 Orma + Transitions Gen S,visao_simples,Resina,1.50,false,false,true,1929.00,Pagina 23,Crizal Rock,Antirreflexo,final,2279.00,2279.00,-10.00,6.00,0.00,-6.00,null,null,null,0.6
Optilab,Optilab 06 de abril a 31 de julho de 2026,LENTES EYEZEN BOOST®,Visao Simples,visao_simples,958949e2-2a5f-40e7-ba39-794b5220e8f6,Orma + Transitions Gen S,LENTES EYEZEN BOOST® 0.6 Orma + Transitions Gen S,visao_simples,Resina,1.50,false,false,true,1929.00,Pagina 23,Crizal Sapphire HR,Antirreflexo,final,2549.00,2549.00,-10.00,6.00,0.00,-6.00,null,null,null,0.6
Optilab,Optilab 06 de abril a 31 de julho de 2026,LENTES EYEZEN BOOST®,Visao Simples,visao_simples,958949e2-2a5f-40e7-ba39-794b5220e8f6,Orma + Transitions Gen S,LENTES EYEZEN BOOST® 0.6 Orma + Transitions Gen S,visao_simples,Resina,1.50,false,false,true,1929.00,Pagina 23,Optifog,Antirreflexo,final,2169.00,2169.00,-10.00,6.00,0.00,-6.00,null,null,null,0.6
Optilab,Optilab 06 de abril a 31 de julho de 2026,LENTES EYEZEN BOOST®,Visao Simples,visao_simples,b8d62129-6bfe-43fc-bdb6-533617c0ce37,Stylis 1.67,LENTES EYEZEN BOOST® 0.6 Stylis 1.67,visao_simples,Resina High Index,1.67,false,false,true,2409.00,Pagina 23,Crizal Easy Pro,Antirreflexo,final,2409.00,2409.00,-14.00,9.00,0.00,-6.00,null,null,null,0.6
Optilab,Optilab 06 de abril a 31 de julho de 2026,LENTES EYEZEN BOOST®,Visao Simples,visao_simples,b8d62129-6bfe-43fc-bdb6-533617c0ce37,Stylis 1.67,LENTES EYEZEN BOOST® 0.6 Stylis 1.67,visao_simples,Resina High Index,1.67,false,false,true,2409.00,Pagina 23,Crizal Prevencia,Antirreflexo,final,3029.00,3029.00,-14.00,9.00,0.00,-6.00,null,null,null,0.6
Optilab,Optilab 06 de abril a 31 de julho de 2026,LENTES EYEZEN BOOST®,Visao Simples,visao_simples,b8d62129-6bfe-43fc-bdb6-533617c0ce37,Stylis 1.67,LENTES EYEZEN BOOST® 0.6 Stylis 1.67,visao_simples,Resina High Index,1.67,false,false,true,2409.00,Pagina 23,Crizal Rock,Antirreflexo,final,2759.00,2759.00,-14.00,9.00,0.00,-6.00,null,null,null,0.6
Optilab,Optilab 06 de abril a 31 de julho de 2026,LENTES EYEZEN BOOST®,Visao Simples,visao_simples,b8d62129-6bfe-43fc-bdb6-533617c0ce37,Stylis 1.67,LENTES EYEZEN BOOST® 0.6 Stylis 1.67,visao_simples,Resina High Index,1.67,false,false,true,2409.00,Pagina 23,Crizal Sapphire HR,Antirreflexo,final,3029.00,3029.00,-14.00,9.00,0.00,-6.00,null,null,null,0.6
Optilab,Optilab 06 de abril a 31 de julho de 2026,LENTES EYEZEN BOOST®,Visao Simples,visao_simples,b8d62129-6bfe-43fc-bdb6-533617c0ce37,Stylis 1.67,LENTES EYEZEN BOOST® 0.6 Stylis 1.67,visao_simples,Resina High Index,1.67,false,false,true,2409.00,Pagina 23,Optifog,Antirreflexo,final,2649.00,2649.00,-14.00,9.00,0.00,-6.00,null,null,null,0.6
Optilab,Optilab 06 de abril a 31 de julho de 2026,LENTES EYEZEN BOOST®,Visao Simples,visao_simples,35e8dc8a-d28c-4b8b-a2d9-9303c02aff50,Stylis 1.67 + Transitions Gen S,LENTES EYEZEN BOOST® 0.6 Stylis 1.67 + Transitions Gen S,visao_simples,Resina High Index,1.67,false,false,true,3349.00,Pagina 23,Crizal Easy Pro,Antirreflexo,final,3349.00,3349.00,-14.00,9.00,0.00,-6.00,null,null,null,0.6
Optilab,Optilab 06 de abril a 31 de julho de 2026,LENTES EYEZEN BOOST®,Visao Simples,visao_simples,35e8dc8a-d28c-4b8b-a2d9-9303c02aff50,Stylis 1.67 + Transitions Gen S,LENTES EYEZEN BOOST® 0.6 Stylis 1.67 + Transitions Gen S,visao_simples,Resina High Index,1.67,false,false,true,3349.00,Pagina 23,Crizal Prevencia,Antirreflexo,final,3969.00,3969.00,-14.00,9.00,0.00,-6.00,null,null,null,0.6
Optilab,Optilab 06 de abril a 31 de julho de 2026,LENTES EYEZEN BOOST®,Visao Simples,visao_simples,35e8dc8a-d28c-4b8b-a2d9-9303c02aff50,Stylis 1.67 + Transitions Gen S,LENTES EYEZEN BOOST® 0.6 Stylis 1.67 + Transitions Gen S,visao_simples,Resina High Index,1.67,false,false,true,3349.00,Pagina 23,Crizal Rock,Antirreflexo,final,3699.00,3699.00,-14.00,9.00,0.00,-6.00,null,null,null,0.6
Optilab,Optilab 06 de abril a 31 de julho de 2026,LENTES EYEZEN BOOST®,Visao Simples,visao_simples,35e8dc8a-d28c-4b8b-a2d9-9303c02aff50,Stylis 1.67 + Transitions Gen S,LENTES EYEZEN BOOST® 0.6 Stylis 1.67 + Transitions Gen S,visao_simples,Resina High Index,1.67,false,false,true,3349.00,Pagina 23,Crizal Sapphire HR,Antirreflexo,final,3969.00,3969.00,-14.00,9.00,0.00,-6.00,null,null,null,0.6
Optilab,Optilab 06 de abril a 31 de julho de 2026,LENTES EYEZEN BOOST®,Visao Simples,visao_simples,35e8dc8a-d28c-4b8b-a2d9-9303c02aff50,Stylis 1.67 + Transitions Gen S,LENTES EYEZEN BOOST® 0.6 Stylis 1.67 + Transitions Gen S,visao_simples,Resina High Index,1.67,false,false,true,3349.00,Pagina 23,Optifog,Antirreflexo,final,3589.00,3589.00,-14.00,9.00,0.00,-6.00,null,null,null,0.6
Optilab,Optilab 06 de abril a 31 de julho de 2026,LENTES EYEZEN BOOST®,Visao Simples,visao_simples,76b01365-8078-4282-a1f7-fa706f61e61d,Stylis 1.74,LENTES EYEZEN BOOST® 0.6 Stylis 1.74,visao_simples,Resina High Index,1.74,false,false,true,3809.00,Pagina 23,Crizal Sapphire HR,Antirreflexo,final,3809.00,3809.00,-18.00,13.00,0.00,-6.00,null,null,null,0.6
Optilab,Optilab 06 de abril a 31 de julho de 2026,LENTES EYEZEN BOOST®,Visao Simples,visao_simples,fe9c1980-a944-457d-b98f-6d6a53c71905,Stylis 1.74 + Transitions Gen S,LENTES EYEZEN BOOST® 0.6 Stylis 1.74 + Transitions Gen S,visao_simples,Resina High Index,1.74,false,false,true,4749.00,Pagina 23,Crizal Sapphire HR,Antirreflexo,final,4749.00,4749.00,-18.00,13.00,0.00,-6.00,null,null,null,0.6
Optilab,Optilab 06 de abril a 31 de julho de 2026,LENTES EYEZEN BOOST®,Visao Simples,visao_simples,7e6fa49e-1be8-48b3-9d3c-9ef476ba198e,Airwear,LENTES EYEZEN BOOST® 0.85 Airwear,visao_simples,Policarbonato,1.59,false,false,true,1209.00,Pagina 24,Crizal Easy Pro,Antirreflexo,final,1209.00,1209.00,-10.00,6.00,0.00,-6.00,null,null,null,0.85
Optilab,Optilab 06 de abril a 31 de julho de 2026,LENTES EYEZEN BOOST®,Visao Simples,visao_simples,7e6fa49e-1be8-48b3-9d3c-9ef476ba198e,Airwear,LENTES EYEZEN BOOST® 0.85 Airwear,visao_simples,Policarbonato,1.59,false,false,true,1209.00,Pagina 24,Crizal Prevencia,Antirreflexo,final,1829.00,1829.00,-10.00,6.00,0.00,-6.00,null,null,null,0.85
Optilab,Optilab 06 de abril a 31 de julho de 2026,LENTES EYEZEN BOOST®,Visao Simples,visao_simples,7e6fa49e-1be8-48b3-9d3c-9ef476ba198e,Airwear,LENTES EYEZEN BOOST® 0.85 Airwear,visao_simples,Policarbonato,1.59,false,false,true,1209.00,Pagina 24,Crizal Rock,Antirreflexo,final,1559.00,1559.00,-10.00,6.00,0.00,-6.00,null,null,null,0.85
Optilab,Optilab 06 de abril a 31 de julho de 2026,LENTES EYEZEN BOOST®,Visao Simples,visao_simples,7e6fa49e-1be8-48b3-9d3c-9ef476ba198e,Airwear,LENTES EYEZEN BOOST® 0.85 Airwear,visao_simples,Policarbonato,1.59,false,false,true,1209.00,Pagina 24,Crizal Sapphire HR,Antirreflexo,final,1829.00,1829.00,-10.00,6.00,0.00,-6.00,null,null,null,0.85
Optilab,Optilab 06 de abril a 31 de julho de 2026,LENTES EYEZEN BOOST®,Visao Simples,visao_simples,7e6fa49e-1be8-48b3-9d3c-9ef476ba198e,Airwear,LENTES EYEZEN BOOST® 0.85 Airwear,visao_simples,Policarbonato,1.59,false,false,true,1209.00,Pagina 24,Optifog,Antirreflexo,final,1449.00,1449.00,-10.00,6.00,0.00,-6.00,null,null,null,0.85
Optilab,Optilab 06 de abril a 31 de julho de 2026,LENTES EYEZEN BOOST®,Visao Simples,visao_simples,88d579f5-2548-4504-be5c-dda353beca8a,Airwear + Transitions Extractive,LENTES EYEZEN BOOST® 0.85 Airwear + Transitions Extractive,visao_simples,Policarbonato,1.59,false,false,true,2219.00,Pagina 24,Crizal Easy Pro,Antirreflexo,final,2219.00,2219.00,-10.00,6.00,0.00,-6.00,null,null,null,0.85
Optilab,Optilab 06 de abril a 31 de julho de 2026,LENTES EYEZEN BOOST®,Visao Simples,visao_simples,88d579f5-2548-4504-be5c-dda353beca8a,Airwear + Transitions Extractive,LENTES EYEZEN BOOST® 0.85 Airwear + Transitions Extractive,visao_simples,Policarbonato,1.59,false,false,true,2219.00,Pagina 24,Crizal Prevencia,Antirreflexo,final,2839.00,2839.00,-10.00,6.00,0.00,-6.00,null,null,null,0.85
Optilab,Optilab 06 de abril a 31 de julho de 2026,LENTES EYEZEN BOOST®,Visao Simples,visao_simples,88d579f5-2548-4504-be5c-dda353beca8a,Airwear + Transitions Extractive,LENTES EYEZEN BOOST® 0.85 Airwear + Transitions Extractive,visao_simples,Policarbonato,1.59,false,false,true,2219.00,Pagina 24,Crizal Rock,Antirreflexo,final,2569.00,2569.00,-10.00,6.00,0.00,-6.00,null,null,null,0.85
Optilab,Optilab 06 de abril a 31 de julho de 2026,LENTES EYEZEN BOOST®,Visao Simples,visao_simples,88d579f5-2548-4504-be5c-dda353beca8a,Airwear + Transitions Extractive,LENTES EYEZEN BOOST® 0.85 Airwear + Transitions Extractive,visao_simples,Policarbonato,1.59,false,false,true,2219.00,Pagina 24,Crizal Sapphire HR,Antirreflexo,final,2839.00,2839.00,-10.00,6.00,0.00,-6.00,null,null,null,0.85
Optilab,Optilab 06 de abril a 31 de julho de 2026,LENTES EYEZEN BOOST®,Visao Simples,visao_simples,88d579f5-2548-4504-be5c-dda353beca8a,Airwear + Transitions Extractive,LENTES EYEZEN BOOST® 0.85 Airwear + Transitions Extractive,visao_simples,Policarbonato,1.59,false,false,true,2219.00,Pagina 24,Optifog,Antirreflexo,final,2459.00,2459.00,-10.00,6.00,0.00,-6.00,null,null,null,0.85
Optilab,Optilab 06 de abril a 31 de julho de 2026,LENTES EYEZEN BOOST®,Visao Simples,visao_simples,9d345abc-cb7f-4a63-a910-53b8811763b6,Airwear + Transitions Gen S,LENTES EYEZEN BOOST® 0.85 Airwear + Transitions Gen S,visao_simples,Policarbonato,1.59,false,false,true,2149.00,Pagina 24,Crizal Easy Pro,Antirreflexo,final,2149.00,2149.00,-10.00,6.00,0.00,-6.00,null,null,null,0.85
Optilab,Optilab 06 de abril a 31 de julho de 2026,LENTES EYEZEN BOOST®,Visao Simples,visao_simples,9d345abc-cb7f-4a63-a910-53b8811763b6,Airwear + Transitions Gen S,LENTES EYEZEN BOOST® 0.85 Airwear + Transitions Gen S,visao_simples,Policarbonato,1.59,false,false,true,2149.00,Pagina 24,Crizal Prevencia,Antirreflexo,final,2769.00,2769.00,-10.00,6.00,0.00,-6.00,null,null,null,0.85
Optilab,Optilab 06 de abril a 31 de julho de 2026,LENTES EYEZEN BOOST®,Visao Simples,visao_simples,9d345abc-cb7f-4a63-a910-53b8811763b6,Airwear + Transitions Gen S,LENTES EYEZEN BOOST® 0.85 Airwear + Transitions Gen S,visao_simples,Policarbonato,1.59,false,false,true,2149.00,Pagina 24,Crizal Rock,Antirreflexo,final,2499.00,2499.00,-10.00,6.00,0.00,-6.00,null,null,null,0.85
Optilab,Optilab 06 de abril a 31 de julho de 2026,LENTES EYEZEN BOOST®,Visao Simples,visao_simples,9d345abc-cb7f-4a63-a910-53b8811763b6,Airwear + Transitions Gen S,LENTES EYEZEN BOOST® 0.85 Airwear + Transitions Gen S,visao_simples,Policarbonato,1.59,false,false,true,2149.00,Pagina 24,Crizal Sapphire HR,Antirreflexo,final,2769.00,2769.00,-10.00,6.00,0.00,-6.00,null,null,null,0.85
Optilab,Optilab 06 de abril a 31 de julho de 2026,LENTES EYEZEN BOOST®,Visao Simples,visao_simples,9d345abc-cb7f-4a63-a910-53b8811763b6,Airwear + Transitions Gen S,LENTES EYEZEN BOOST® 0.85 Airwear + Transitions Gen S,visao_simples,Policarbonato,1.59,false,false,true,2149.00,Pagina 24,Optifog,Antirreflexo,final,2389.00,2389.00,-10.00,6.00,0.00,-6.00,null,null,null,0.85
Optilab,Optilab 06 de abril a 31 de julho de 2026,LENTES EYEZEN BOOST®,Visao Simples,visao_simples,22d0ba62-fa9d-41e4-bab4-f7d800b7aba1,Orma,LENTES EYEZEN BOOST® 0.85 Orma,visao_simples,Resina,1.50,false,false,true,989.00,Pagina 24,Crizal Easy Pro,Antirreflexo,final,989.00,989.00,-10.00,6.00,0.00,-6.00,null,null,null,0.85
Optilab,Optilab 06 de abril a 31 de julho de 2026,LENTES EYEZEN BOOST®,Visao Simples,visao_simples,22d0ba62-fa9d-41e4-bab4-f7d800b7aba1,Orma,LENTES EYEZEN BOOST® 0.85 Orma,visao_simples,Resina,1.50,false,false,true,989.00,Pagina 24,Crizal Prevencia,Antirreflexo,final,1609.00,1609.00,-10.00,6.00,0.00,-6.00,null,null,null,0.85
Optilab,Optilab 06 de abril a 31 de julho de 2026,LENTES EYEZEN BOOST®,Visao Simples,visao_simples,22d0ba62-fa9d-41e4-bab4-f7d800b7aba1,Orma,LENTES EYEZEN BOOST® 0.85 Orma,visao_simples,Resina,1.50,false,false,true,989.00,Pagina 24,Crizal Rock,Antirreflexo,final,1339.00,1339.00,-10.00,6.00,0.00,-6.00,null,null,null,0.85
Optilab,Optilab 06 de abril a 31 de julho de 2026,LENTES EYEZEN BOOST®,Visao Simples,visao_simples,22d0ba62-fa9d-41e4-bab4-f7d800b7aba1,Orma,LENTES EYEZEN BOOST® 0.85 Orma,visao_simples,Resina,1.50,false,false,true,989.00,Pagina 24,Crizal Sapphire HR,Antirreflexo,final,1609.00,1609.00,-10.00,6.00,0.00,-6.00,null,null,null,0.85
Optilab,Optilab 06 de abril a 31 de julho de 2026,LENTES EYEZEN BOOST®,Visao Simples,visao_simples,22d0ba62-fa9d-41e4-bab4-f7d800b7aba1,Orma,LENTES EYEZEN BOOST® 0.85 Orma,visao_simples,Resina,1.50,false,false,true,989.00,Pagina 24,Optifog,Antirreflexo,final,1229.00,1229.00,-10.00,6.00,0.00,-6.00,null,null,null,0.85
Optilab,Optilab 06 de abril a 31 de julho de 2026,LENTES EYEZEN BOOST®,Visao Simples,visao_simples,7430aa12-d59b-4a7a-8856-24197943fdb0,Orma + Transitions Extractive,LENTES EYEZEN BOOST® 0.85 Orma + Transitions Extractive,visao_simples,Resina,1.50,false,false,true,1999.00,Pagina 24,Crizal Easy Pro,Antirreflexo,final,1999.00,1999.00,-10.00,6.00,0.00,-6.00,null,null,null,0.85
Optilab,Optilab 06 de abril a 31 de julho de 2026,LENTES EYEZEN BOOST®,Visao Simples,visao_simples,7430aa12-d59b-4a7a-8856-24197943fdb0,Orma + Transitions Extractive,LENTES EYEZEN BOOST® 0.85 Orma + Transitions Extractive,visao_simples,Resina,1.50,false,false,true,1999.00,Pagina 24,Crizal Prevencia,Antirreflexo,final,2619.00,2619.00,-10.00,6.00,0.00,-6.00,null,null,null,0.85
Optilab,Optilab 06 de abril a 31 de julho de 2026,LENTES EYEZEN BOOST®,Visao Simples,visao_simples,7430aa12-d59b-4a7a-8856-24197943fdb0,Orma + Transitions Extractive,LENTES EYEZEN BOOST® 0.85 Orma + Transitions Extractive,visao_simples,Resina,1.50,false,false,true,1999.00,Pagina 24,Crizal Rock,Antirreflexo,final,2349.00,2349.00,-10.00,6.00,0.00,-6.00,null,null,null,0.85
Optilab,Optilab 06 de abril a 31 de julho de 2026,LENTES EYEZEN BOOST®,Visao Simples,visao_simples,7430aa12-d59b-4a7a-8856-24197943fdb0,Orma + Transitions Extractive,LENTES EYEZEN BOOST® 0.85 Orma + Transitions Extractive,visao_simples,Resina,1.50,false,false,true,1999.00,Pagina 24,Crizal Sapphire HR,Antirreflexo,final,2619.00,2619.00,-10.00,6.00,0.00,-6.00,null,null,null,0.85
Optilab,Optilab 06 de abril a 31 de julho de 2026,LENTES EYEZEN BOOST®,Visao Simples,visao_simples,7430aa12-d59b-4a7a-8856-24197943fdb0,Orma + Transitions Extractive,LENTES EYEZEN BOOST® 0.85 Orma + Transitions Extractive,visao_simples,Resina,1.50,false,false,true,1999.00,Pagina 24,Optifog,Antirreflexo,final,2239.00,2239.00,-10.00,6.00,0.00,-6.00,null,null,null,0.85
Optilab,Optilab 06 de abril a 31 de julho de 2026,LENTES EYEZEN BOOST®,Visao Simples,visao_simples,52952e11-9302-4242-a7a5-0ab7e78acfe9,Orma + Transitions Gen S,LENTES EYEZEN BOOST® 0.85 Orma + Transitions Gen S,visao_simples,Resina,1.50,false,false,true,1929.00,Pagina 24,Crizal Easy Pro,Antirreflexo,final,1929.00,1929.00,-10.00,6.00,0.00,-6.00,null,null,null,0.85
Optilab,Optilab 06 de abril a 31 de julho de 2026,LENTES EYEZEN BOOST®,Visao Simples,visao_simples,52952e11-9302-4242-a7a5-0ab7e78acfe9,Orma + Transitions Gen S,LENTES EYEZEN BOOST® 0.85 Orma + Transitions Gen S,visao_simples,Resina,1.50,false,false,true,1929.00,Pagina 24,Crizal Prevencia,Antirreflexo,final,2549.00,2549.00,-10.00,6.00,0.00,-6.00,null,null,null,0.85
Optilab,Optilab 06 de abril a 31 de julho de 2026,LENTES EYEZEN BOOST®,Visao Simples,visao_simples,52952e11-9302-4242-a7a5-0ab7e78acfe9,Orma + Transitions Gen S,LENTES EYEZEN BOOST® 0.85 Orma + Transitions Gen S,visao_simples,Resina,1.50,false,false,true,1929.00,Pagina 24,Crizal Rock,Antirreflexo,final,2279.00,2279.00,-10.00,6.00,0.00,-6.00,null,null,null,0.85
Optilab,Optilab 06 de abril a 31 de julho de 2026,LENTES EYEZEN BOOST®,Visao Simples,visao_simples,52952e11-9302-4242-a7a5-0ab7e78acfe9,Orma + Transitions Gen S,LENTES EYEZEN BOOST® 0.85 Orma + Transitions Gen S,visao_simples,Resina,1.50,false,false,true,1929.00,Pagina 24,Crizal Sapphire HR,Antirreflexo,final,2549.00,2549.00,-10.00,6.00,0.00,-6.00,null,null,null,0.85
Optilab,Optilab 06 de abril a 31 de julho de 2026,LENTES EYEZEN BOOST®,Visao Simples,visao_simples,52952e11-9302-4242-a7a5-0ab7e78acfe9,Orma + Transitions Gen S,LENTES EYEZEN BOOST® 0.85 Orma + Transitions Gen S,visao_simples,Resina,1.50,false,false,true,1929.00,Pagina 24,Optifog,Antirreflexo,final,2169.00,2169.00,-10.00,6.00,0.00,-6.00,null,null,null,0.85
Optilab,Optilab 06 de abril a 31 de julho de 2026,LENTES EYEZEN BOOST®,Visao Simples,visao_simples,df060099-71bb-4e03-90de-f959aa363adb,Stylis 1.67,LENTES EYEZEN BOOST® 0.85 Stylis 1.67,visao_simples,Resina High Index,1.67,false,false,true,2409.00,Pagina 24,Crizal Easy Pro,Antirreflexo,final,2409.00,2409.00,-14.00,9.00,0.00,-6.00,null,null,null,0.85
Optilab,Optilab 06 de abril a 31 de julho de 2026,LENTES EYEZEN BOOST®,Visao Simples,visao_simples,df060099-71bb-4e03-90de-f959aa363adb,Stylis 1.67,LENTES EYEZEN BOOST® 0.85 Stylis 1.67,visao_simples,Resina High Index,1.67,false,false,true,2409.00,Pagina 24,Crizal Prevencia,Antirreflexo,final,3029.00,3029.00,-14.00,9.00,0.00,-6.00,null,null,null,0.85
Optilab,Optilab 06 de abril a 31 de julho de 2026,LENTES EYEZEN BOOST®,Visao Simples,visao_simples,df060099-71bb-4e03-90de-f959aa363adb,Stylis 1.67,LENTES EYEZEN BOOST® 0.85 Stylis 1.67,visao_simples,Resina High Index,1.67,false,false,true,2409.00,Pagina 24,Crizal Rock,Antirreflexo,final,2759.00,2759.00,-14.00,9.00,0.00,-6.00,null,null,null,0.85
Optilab,Optilab 06 de abril a 31 de julho de 2026,LENTES EYEZEN BOOST®,Visao Simples,visao_simples,df060099-71bb-4e03-90de-f959aa363adb,Stylis 1.67,LENTES EYEZEN BOOST® 0.85 Stylis 1.67,visao_simples,Resina High Index,1.67,false,false,true,2409.00,Pagina 24,Crizal Sapphire HR,Antirreflexo,final,3029.00,3029.00,-14.00,9.00,0.00,-6.00,null,null,null,0.85
Optilab,Optilab 06 de abril a 31 de julho de 2026,LENTES EYEZEN BOOST®,Visao Simples,visao_simples,df060099-71bb-4e03-90de-f959aa363adb,Stylis 1.67,LENTES EYEZEN BOOST® 0.85 Stylis 1.67,visao_simples,Resina High Index,1.67,false,false,true,2409.00,Pagina 24,Optifog,Antirreflexo,final,2649.00,2649.00,-14.00,9.00,0.00,-6.00,null,null,null,0.85
Optilab,Optilab 06 de abril a 31 de julho de 2026,LENTES EYEZEN BOOST®,Visao Simples,visao_simples,2512b146-5cbe-4223-8aae-103c20eecc0c,Stylis 1.67 + Transitions Gen S,LENTES EYEZEN BOOST® 0.85 Stylis 1.67 + Transitions Gen S,visao_simples,Resina High Index,1.67,false,false,true,3349.00,Pagina 24,Crizal Easy Pro,Antirreflexo,final,3349.00,3349.00,-14.00,9.00,0.00,-6.00,null,null,null,0.85
Optilab,Optilab 06 de abril a 31 de julho de 2026,LENTES EYEZEN BOOST®,Visao Simples,visao_simples,2512b146-5cbe-4223-8aae-103c20eecc0c,Stylis 1.67 + Transitions Gen S,LENTES EYEZEN BOOST® 0.85 Stylis 1.67 + Transitions Gen S,visao_simples,Resina High Index,1.67,false,false,true,3349.00,Pagina 24,Crizal Prevencia,Antirreflexo,final,3969.00,3969.00,-14.00,9.00,0.00,-6.00,null,null,null,0.85
Optilab,Optilab 06 de abril a 31 de julho de 2026,LENTES EYEZEN BOOST®,Visao Simples,visao_simples,2512b146-5cbe-4223-8aae-103c20eecc0c,Stylis 1.67 + Transitions Gen S,LENTES EYEZEN BOOST® 0.85 Stylis 1.67 + Transitions Gen S,visao_simples,Resina High Index,1.67,false,false,true,3349.00,Pagina 24,Crizal Rock,Antirreflexo,final,3699.00,3699.00,-14.00,9.00,0.00,-6.00,null,null,null,0.85
Optilab,Optilab 06 de abril a 31 de julho de 2026,LENTES EYEZEN BOOST®,Visao Simples,visao_simples,2512b146-5cbe-4223-8aae-103c20eecc0c,Stylis 1.67 + Transitions Gen S,LENTES EYEZEN BOOST® 0.85 Stylis 1.67 + Transitions Gen S,visao_simples,Resina High Index,1.67,false,false,true,3349.00,Pagina 24,Crizal Sapphire HR,Antirreflexo,final,3969.00,3969.00,-14.00,9.00,0.00,-6.00,null,null,null,0.85
Optilab,Optilab 06 de abril a 31 de julho de 2026,LENTES EYEZEN BOOST®,Visao Simples,visao_simples,2512b146-5cbe-4223-8aae-103c20eecc0c,Stylis 1.67 + Transitions Gen S,LENTES EYEZEN BOOST® 0.85 Stylis 1.67 + Transitions Gen S,visao_simples,Resina High Index,1.67,false,false,true,3349.00,Pagina 24,Optifog,Antirreflexo,final,3589.00,3589.00,-14.00,9.00,0.00,-6.00,null,null,null,0.85
Optilab,Optilab 06 de abril a 31 de julho de 2026,LENTES EYEZEN BOOST®,Visao Simples,visao_simples,85b9c9f5-8af7-4043-b698-b900c6121e83,Stylis 1.74,LENTES EYEZEN BOOST® 0.85 Stylis 1.74,visao_simples,Resina High Index,1.74,false,false,true,3809.00,Pagina 24,Crizal Sapphire HR,Antirreflexo,final,3809.00,3809.00,-18.00,13.00,0.00,-6.00,null,null,null,0.85
Optilab,Optilab 06 de abril a 31 de julho de 2026,LENTES EYEZEN BOOST®,Visao Simples,visao_simples,042baeea-ae46-416a-8725-a5f2516c0662,Stylis 1.74 + Transitions Gen S,LENTES EYEZEN BOOST® 0.85 Stylis 1.74 + Transitions Gen S,visao_simples,Resina High Index,1.74,false,false,true,4749.00,Pagina 24,Crizal Sapphire HR,Antirreflexo,final,4749.00,4749.00,-18.00,13.00,0.00,-6.00,null,null,null,0.85
Optilab,Optilab 06 de abril a 31 de julho de 2026,LENTES EYEZEN BOOST®,Visao Simples,visao_simples,0ab18835-00ff-47c3-97b9-69d0b1e44ec7,Airwear,LENTES EYEZEN BOOST® SOLARES / COLORAÇÃO 0.85 Airwear,visao_simples,Policarbonato,1.59,false,false,true,989.00,Pagina 24,Verniz Hc,Revestimento,final,989.00,989.00,-10.00,6.00,0.00,-6.00,null,null,SOLARES / COLORAÇÃO,0.85
Optilab,Optilab 06 de abril a 31 de julho de 2026,LENTES EYEZEN BOOST®,Visao Simples,visao_simples,e20fd859-cfe7-49f0-9e72-0b9aeddfc826,Airwear + Xperio cinza/marrom/verde,LENTES EYEZEN BOOST® SOLARES / COLORAÇÃO 0.85 Airwear + Xperio cinza/marrom/verde,visao_simples,Policarbonato,1.59,false,false,true,1359.00,Pagina 24,Crizal Sapphire HR Face Interna,Antirreflexo,final,2019.00,2019.00,-10.00,6.00,0.00,-6.00,null,null,SOLARES / COLORAÇÃO,0.85
Optilab,Optilab 06 de abril a 31 de julho de 2026,LENTES EYEZEN BOOST®,Visao Simples,visao_simples,e20fd859-cfe7-49f0-9e72-0b9aeddfc826,Airwear + Xperio cinza/marrom/verde,LENTES EYEZEN BOOST® SOLARES / COLORAÇÃO 0.85 Airwear + Xperio cinza/marrom/verde,visao_simples,Policarbonato,1.59,false,false,true,1359.00,Pagina 24,Optifog,Antirreflexo,final,1999.00,1999.00,-10.00,6.00,0.00,-6.00,null,null,SOLARES / COLORAÇÃO,0.85
Optilab,Optilab 06 de abril a 31 de julho de 2026,LENTES EYEZEN BOOST®,Visao Simples,visao_simples,e20fd859-cfe7-49f0-9e72-0b9aeddfc826,Airwear + Xperio cinza/marrom/verde,LENTES EYEZEN BOOST® SOLARES / COLORAÇÃO 0.85 Airwear + Xperio cinza/marrom/verde,visao_simples,Policarbonato,1.59,false,false,true,1359.00,Pagina 24,Verniz Hc,Revestimento,final,1359.00,1359.00,-10.00,6.00,0.00,-6.00,null,null,SOLARES / COLORAÇÃO,0.85
Optilab,Optilab 06 de abril a 31 de julho de 2026,LENTES EYEZEN BOOST®,Visao Simples,visao_simples,350c3779-e646-446a-98dc-3f974da25ad0,Orma,LENTES EYEZEN BOOST® SOLARES / COLORAÇÃO 0.85 Orma,visao_simples,Resina,1.50,false,false,true,769.00,Pagina 24,Verniz Hc,Revestimento,final,769.00,769.00,-10.00,6.00,0.00,-6.00,null,null,SOLARES / COLORAÇÃO,0.85
Optilab,Optilab 06 de abril a 31 de julho de 2026,LENTES EYEZEN BOOST®,Visao Simples,visao_simples,9a12f712-2c3a-48be-95e6-07b130a6a01c,Orma + Coloração especial,LENTES EYEZEN BOOST® SOLARES / COLORAÇÃO 0.85 Orma + Coloração especial,visao_simples,Resina,1.50,false,false,true,879.00,Pagina 24,Verniz Hc,Revestimento,final,879.00,879.00,-10.00,6.00,0.00,-6.00,null,null,SOLARES / COLORAÇÃO,0.85
Optilab,Optilab 06 de abril a 31 de julho de 2026,LENTES EYEZEN BOOST®,Visao Simples,visao_simples,9d589fa3-1b99-4c68-93ba-bd1e3c722441,Orma + Xperio cinza/marrom/verde,LENTES EYEZEN BOOST® SOLARES / COLORAÇÃO 0.85 Orma + Xperio cinza/marrom/verde,visao_simples,Resina,1.50,false,false,true,1139.00,Pagina 24,Crizal Sapphire HR Face Interna,Antirreflexo,final,1799.00,1799.00,-10.00,6.00,0.00,-6.00,null,null,SOLARES / COLORAÇÃO,0.85
Optilab,Optilab 06 de abril a 31 de julho de 2026,LENTES EYEZEN BOOST®,Visao Simples,visao_simples,9d589fa3-1b99-4c68-93ba-bd1e3c722441,Orma + Xperio cinza/marrom/verde,LENTES EYEZEN BOOST® SOLARES / COLORAÇÃO 0.85 Orma + Xperio cinza/marrom/verde,visao_simples,Resina,1.50,false,false,true,1139.00,Pagina 24,Optifog,Antirreflexo,final,1779.00,1779.00,-10.00,6.00,0.00,-6.00,null,null,SOLARES / COLORAÇÃO,0.85
Optilab,Optilab 06 de abril a 31 de julho de 2026,LENTES EYEZEN BOOST®,Visao Simples,visao_simples,9d589fa3-1b99-4c68-93ba-bd1e3c722441,Orma + Xperio cinza/marrom/verde,LENTES EYEZEN BOOST® SOLARES / COLORAÇÃO 0.85 Orma + Xperio cinza/marrom/verde,visao_simples,Resina,1.50,false,false,true,1139.00,Pagina 24,Verniz Hc,Revestimento,final,1139.00,1139.00,-10.00,6.00,0.00,-6.00,null,null,SOLARES / COLORAÇÃO,0.85
Optilab,Optilab 06 de abril a 31 de julho de 2026,LENTES EYEZEN START®,Visao Simples,visao_simples,a39162e0-00ca-4953-b1ac-685cc381132f,Airwear,LENTES EYEZEN START® Airwear,visao_simples,Policarbonato,1.59,false,false,true,1099.00,Pagina 25,Crizal Easy Pro,Antirreflexo,final,1099.00,1099.00,-10.00,6.00,0.00,-6.00,null,null,null,null
Optilab,Optilab 06 de abril a 31 de julho de 2026,LENTES EYEZEN START®,Visao Simples,visao_simples,a39162e0-00ca-4953-b1ac-685cc381132f,Airwear,LENTES EYEZEN START® Airwear,visao_simples,Policarbonato,1.59,false,false,true,1099.00,Pagina 25,Crizal Prevencia,Antirreflexo,final,1719.00,1719.00,-10.00,6.00,0.00,-6.00,null,null,null,null
Optilab,Optilab 06 de abril a 31 de julho de 2026,LENTES EYEZEN START®,Visao Simples,visao_simples,a39162e0-00ca-4953-b1ac-685cc381132f,Airwear,LENTES EYEZEN START® Airwear,visao_simples,Policarbonato,1.59,false,false,true,1099.00,Pagina 25,Crizal Rock,Antirreflexo,final,1449.00,1449.00,-10.00,6.00,0.00,-6.00,null,null,null,null
Optilab,Optilab 06 de abril a 31 de julho de 2026,LENTES EYEZEN START®,Visao Simples,visao_simples,a39162e0-00ca-4953-b1ac-685cc381132f,Airwear,LENTES EYEZEN START® Airwear,visao_simples,Policarbonato,1.59,false,false,true,1099.00,Pagina 25,Crizal Sapphire HR,Antirreflexo,final,1719.00,1719.00,-10.00,6.00,0.00,-6.00,null,null,null,null
Optilab,Optilab 06 de abril a 31 de julho de 2026,LENTES EYEZEN START®,Visao Simples,visao_simples,a39162e0-00ca-4953-b1ac-685cc381132f,Airwear,LENTES EYEZEN START® Airwear,visao_simples,Policarbonato,1.59,false,false,true,1099.00,Pagina 25,Optifog,Antirreflexo,final,1339.00,1339.00,-10.00,6.00,0.00,-6.00,null,null,null,null
Optilab,Optilab 06 de abril a 31 de julho de 2026,LENTES EYEZEN START®,Visao Simples,visao_simples,965b7ca1-17ab-4592-9201-1cc12bdf7bfe,Airwear + Transitions Extractive,LENTES EYEZEN START® Airwear + Transitions Extractive,visao_simples,Policarbonato,1.59,false,false,true,2109.00,Pagina 25,Crizal Easy Pro,Antirreflexo,final,2109.00,2109.00,-10.00,6.00,0.00,-6.00,null,null,null,null
Optilab,Optilab 06 de abril a 31 de julho de 2026,LENTES EYEZEN START®,Visao Simples,visao_simples,965b7ca1-17ab-4592-9201-1cc12bdf7bfe,Airwear + Transitions Extractive,LENTES EYEZEN START® Airwear + Transitions Extractive,visao_simples,Policarbonato,1.59,false,false,true,2109.00,Pagina 25,Crizal Prevencia,Antirreflexo,final,2729.00,2729.00,-10.00,6.00,0.00,-6.00,null,null,null,null
Optilab,Optilab 06 de abril a 31 de julho de 2026,LENTES EYEZEN START®,Visao Simples,visao_simples,965b7ca1-17ab-4592-9201-1cc12bdf7bfe,Airwear + Transitions Extractive,LENTES EYEZEN START® Airwear + Transitions Extractive,visao_simples,Policarbonato,1.59,false,false,true,2109.00,Pagina 25,Crizal Rock,Antirreflexo,final,2459.00,2459.00,-10.00,6.00,0.00,-6.00,null,null,null,null
Optilab,Optilab 06 de abril a 31 de julho de 2026,LENTES EYEZEN START®,Visao Simples,visao_simples,965b7ca1-17ab-4592-9201-1cc12bdf7bfe,Airwear + Transitions Extractive,LENTES EYEZEN START® Airwear + Transitions Extractive,visao_simples,Policarbonato,1.59,false,false,true,2109.00,Pagina 25,Crizal Sapphire HR,Antirreflexo,final,2729.00,2729.00,-10.00,6.00,0.00,-6.00,null,null,null,null
Optilab,Optilab 06 de abril a 31 de julho de 2026,LENTES EYEZEN START®,Visao Simples,visao_simples,965b7ca1-17ab-4592-9201-1cc12bdf7bfe,Airwear + Transitions Extractive,LENTES EYEZEN START® Airwear + Transitions Extractive,visao_simples,Policarbonato,1.59,false,false,true,2109.00,Pagina 25,Optifog,Antirreflexo,final,2349.00,2349.00,-10.00,6.00,0.00,-6.00,null,null,null,null
Optilab,Optilab 06 de abril a 31 de julho de 2026,LENTES EYEZEN START®,Visao Simples,visao_simples,6cbb70f3-d5d4-4477-b0e5-26baaaa83c3c,Airwear + Transitions Gen S,LENTES EYEZEN START® Airwear + Transitions Gen S,visao_simples,Policarbonato,1.59,false,false,true,2039.00,Pagina 25,Crizal Easy Pro,Antirreflexo,final,2039.00,2039.00,-10.00,6.00,0.00,-6.00,null,null,null,null
Optilab,Optilab 06 de abril a 31 de julho de 2026,LENTES EYEZEN START®,Visao Simples,visao_simples,6cbb70f3-d5d4-4477-b0e5-26baaaa83c3c,Airwear + Transitions Gen S,LENTES EYEZEN START® Airwear + Transitions Gen S,visao_simples,Policarbonato,1.59,false,false,true,2039.00,Pagina 25,Crizal Prevencia,Antirreflexo,final,2659.00,2659.00,-10.00,6.00,0.00,-6.00,null,null,null,null
Optilab,Optilab 06 de abril a 31 de julho de 2026,LENTES EYEZEN START®,Visao Simples,visao_simples,6cbb70f3-d5d4-4477-b0e5-26baaaa83c3c,Airwear + Transitions Gen S,LENTES EYEZEN START® Airwear + Transitions Gen S,visao_simples,Policarbonato,1.59,false,false,true,2039.00,Pagina 25,Crizal Rock,Antirreflexo,final,2389.00,2389.00,-10.00,6.00,0.00,-6.00,null,null,null,null
Optilab,Optilab 06 de abril a 31 de julho de 2026,LENTES EYEZEN START®,Visao Simples,visao_simples,6cbb70f3-d5d4-4477-b0e5-26baaaa83c3c,Airwear + Transitions Gen S,LENTES EYEZEN START® Airwear + Transitions Gen S,visao_simples,Policarbonato,1.59,false,false,true,2039.00,Pagina 25,Crizal Sapphire HR,Antirreflexo,final,2659.00,2659.00,-10.00,6.00,0.00,-6.00,null,null,null,null
Optilab,Optilab 06 de abril a 31 de julho de 2026,LENTES EYEZEN START®,Visao Simples,visao_simples,6cbb70f3-d5d4-4477-b0e5-26baaaa83c3c,Airwear + Transitions Gen S,LENTES EYEZEN START® Airwear + Transitions Gen S,visao_simples,Policarbonato,1.59,false,false,true,2039.00,Pagina 25,Optifog,Antirreflexo,final,2279.00,2279.00,-10.00,6.00,0.00,-6.00,null,null,null,null
Optilab,Optilab 06 de abril a 31 de julho de 2026,LENTES EYEZEN START®,Visao Simples,visao_simples,12aa13a9-f81a-411f-bc09-b98884bcf686,Orma,LENTES EYEZEN START® Orma,visao_simples,Resina,1.50,false,false,true,879.00,Pagina 25,Crizal Easy Pro,Antirreflexo,final,879.00,879.00,-10.00,6.00,0.00,-6.00,null,null,null,null
Optilab,Optilab 06 de abril a 31 de julho de 2026,LENTES EYEZEN START®,Visao Simples,visao_simples,12aa13a9-f81a-411f-bc09-b98884bcf686,Orma,LENTES EYEZEN START® Orma,visao_simples,Resina,1.50,false,false,true,879.00,Pagina 25,Crizal Prevencia,Antirreflexo,final,1499.00,1499.00,-10.00,6.00,0.00,-6.00,null,null,null,null
Optilab,Optilab 06 de abril a 31 de julho de 2026,LENTES EYEZEN START®,Visao Simples,visao_simples,12aa13a9-f81a-411f-bc09-b98884bcf686,Orma,LENTES EYEZEN START® Orma,visao_simples,Resina,1.50,false,false,true,879.00,Pagina 25,Crizal Rock,Antirreflexo,final,1229.00,1229.00,-10.00,6.00,0.00,-6.00,null,null,null,null
Optilab,Optilab 06 de abril a 31 de julho de 2026,LENTES EYEZEN START®,Visao Simples,visao_simples,12aa13a9-f81a-411f-bc09-b98884bcf686,Orma,LENTES EYEZEN START® Orma,visao_simples,Resina,1.50,false,false,true,879.00,Pagina 25,Crizal Sapphire HR,Antirreflexo,final,1499.00,1499.00,-10.00,6.00,0.00,-6.00,null,null,null,null
Optilab,Optilab 06 de abril a 31 de julho de 2026,LENTES EYEZEN START®,Visao Simples,visao_simples,12aa13a9-f81a-411f-bc09-b98884bcf686,Orma,LENTES EYEZEN START® Orma,visao_simples,Resina,1.50,false,false,true,879.00,Pagina 25,Optifog,Antirreflexo,final,1119.00,1119.00,-10.00,6.00,0.00,-6.00,null,null,null,null
Optilab,Optilab 06 de abril a 31 de julho de 2026,LENTES EYEZEN START®,Visao Simples,visao_simples,8ef5ac27-d22d-4ee3-968d-a86006e136ce,Orma + Transitions Extractive,LENTES EYEZEN START® Orma + Transitions Extractive,visao_simples,Resina,1.50,false,false,true,1889.00,Pagina 25,Crizal Easy Pro,Antirreflexo,final,1889.00,1889.00,-10.00,6.00,0.00,-6.00,null,null,null,null
Optilab,Optilab 06 de abril a 31 de julho de 2026,LENTES EYEZEN START®,Visao Simples,visao_simples,8ef5ac27-d22d-4ee3-968d-a86006e136ce,Orma + Transitions Extractive,LENTES EYEZEN START® Orma + Transitions Extractive,visao_simples,Resina,1.50,false,false,true,1889.00,Pagina 25,Crizal Prevencia,Antirreflexo,final,2509.00,2509.00,-10.00,6.00,0.00,-6.00,null,null,null,null
Optilab,Optilab 06 de abril a 31 de julho de 2026,LENTES EYEZEN START®,Visao Simples,visao_simples,8ef5ac27-d22d-4ee3-968d-a86006e136ce,Orma + Transitions Extractive,LENTES EYEZEN START® Orma + Transitions Extractive,visao_simples,Resina,1.50,false,false,true,1889.00,Pagina 25,Crizal Rock,Antirreflexo,final,2239.00,2239.00,-10.00,6.00,0.00,-6.00,null,null,null,null
Optilab,Optilab 06 de abril a 31 de julho de 2026,LENTES EYEZEN START®,Visao Simples,visao_simples,8ef5ac27-d22d-4ee3-968d-a86006e136ce,Orma + Transitions Extractive,LENTES EYEZEN START® Orma + Transitions Extractive,visao_simples,Resina,1.50,false,false,true,1889.00,Pagina 25,Crizal Sapphire HR,Antirreflexo,final,2509.00,2509.00,-10.00,6.00,0.00,-6.00,null,null,null,null
Optilab,Optilab 06 de abril a 31 de julho de 2026,LENTES EYEZEN START®,Visao Simples,visao_simples,8ef5ac27-d22d-4ee3-968d-a86006e136ce,Orma + Transitions Extractive,LENTES EYEZEN START® Orma + Transitions Extractive,visao_simples,Resina,1.50,false,false,true,1889.00,Pagina 25,Optifog,Antirreflexo,final,2129.00,2129.00,-10.00,6.00,0.00,-6.00,null,null,null,null
Optilab,Optilab 06 de abril a 31 de julho de 2026,LENTES EYEZEN START®,Visao Simples,visao_simples,020ba057-9def-427f-b13e-ed48afc25d70,Orma + Transitions Gen S,LENTES EYEZEN START® Orma + Transitions Gen S,visao_simples,Resina,1.50,false,false,true,1819.00,Pagina 25,Crizal Easy Pro,Antirreflexo,final,1819.00,1819.00,-10.00,6.00,0.00,-6.00,null,null,null,null
Optilab,Optilab 06 de abril a 31 de julho de 2026,LENTES EYEZEN START®,Visao Simples,visao_simples,020ba057-9def-427f-b13e-ed48afc25d70,Orma + Transitions Gen S,LENTES EYEZEN START® Orma + Transitions Gen S,visao_simples,Resina,1.50,false,false,true,1819.00,Pagina 25,Crizal Prevencia,Antirreflexo,final,2439.00,2439.00,-10.00,6.00,0.00,-6.00,null,null,null,null
Optilab,Optilab 06 de abril a 31 de julho de 2026,LENTES EYEZEN START®,Visao Simples,visao_simples,020ba057-9def-427f-b13e-ed48afc25d70,Orma + Transitions Gen S,LENTES EYEZEN START® Orma + Transitions Gen S,visao_simples,Resina,1.50,false,false,true,1819.00,Pagina 25,Crizal Rock,Antirreflexo,final,2169.00,2169.00,-10.00,6.00,0.00,-6.00,null,null,null,null
Optilab,Optilab 06 de abril a 31 de julho de 2026,LENTES EYEZEN START®,Visao Simples,visao_simples,020ba057-9def-427f-b13e-ed48afc25d70,Orma + Transitions Gen S,LENTES EYEZEN START® Orma + Transitions Gen S,visao_simples,Resina,1.50,false,false,true,1819.00,Pagina 25,Crizal Sapphire HR,Antirreflexo,final,2439.00,2439.00,-10.00,6.00,0.00,-6.00,null,null,null,null
Optilab,Optilab 06 de abril a 31 de julho de 2026,LENTES EYEZEN START®,Visao Simples,visao_simples,020ba057-9def-427f-b13e-ed48afc25d70,Orma + Transitions Gen S,LENTES EYEZEN START® Orma + Transitions Gen S,visao_simples,Resina,1.50,false,false,true,1819.00,Pagina 25,Optifog,Antirreflexo,final,2059.00,2059.00,-10.00,6.00,0.00,-6.00,null,null,null,null
Optilab,Optilab 06 de abril a 31 de julho de 2026,LENTES EYEZEN START®,Visao Simples,visao_simples,05e1b260-6187-4b8f-a316-051c553ab0fb,Airwear,LENTES EYEZEN START® SOLARES / COLORAÇÃO Airwear,visao_simples,Policarbonato,1.59,false,false,true,879.00,Pagina 25,Verniz Hc,Revestimento,final,879.00,879.00,-10.00,6.00,0.00,-6.00,null,null,SOLARES / COLORAÇÃO,null
Optilab,Optilab 06 de abril a 31 de julho de 2026,LENTES EYEZEN START®,Visao Simples,visao_simples,e2a910eb-7db1-4a02-ade1-bcdbc6eed4bf,Airwear + Xperio cinza/marrom/verde,LENTES EYEZEN START® SOLARES / COLORAÇÃO Airwear + Xperio cinza/marrom/verde,visao_simples,Policarbonato,1.59,false,false,true,1249.00,Pagina 25,Crizal Sapphire HR Face Interna,Antirreflexo,final,1909.00,1909.00,-10.00,6.00,0.00,-6.00,null,null,SOLARES / COLORAÇÃO,null
Optilab,Optilab 06 de abril a 31 de julho de 2026,LENTES EYEZEN START®,Visao Simples,visao_simples,e2a910eb-7db1-4a02-ade1-bcdbc6eed4bf,Airwear + Xperio cinza/marrom/verde,LENTES EYEZEN START® SOLARES / COLORAÇÃO Airwear + Xperio cinza/marrom/verde,visao_simples,Policarbonato,1.59,false,false,true,1249.00,Pagina 25,Optifog,Antirreflexo,final,1889.00,1889.00,-10.00,6.00,0.00,-6.00,null,null,SOLARES / COLORAÇÃO,null
Optilab,Optilab 06 de abril a 31 de julho de 2026,LENTES EYEZEN START®,Visao Simples,visao_simples,e2a910eb-7db1-4a02-ade1-bcdbc6eed4bf,Airwear + Xperio cinza/marrom/verde,LENTES EYEZEN START® SOLARES / COLORAÇÃO Airwear + Xperio cinza/marrom/verde,visao_simples,Policarbonato,1.59,false,false,true,1249.00,Pagina 25,Verniz Hc,Revestimento,final,1249.00,1249.00,-10.00,6.00,0.00,-6.00,null,null,SOLARES / COLORAÇÃO,null
Optilab,Optilab 06 de abril a 31 de julho de 2026,LENTES EYEZEN START®,Visao Simples,visao_simples,1a746565-6a05-4b9b-a419-6e69bfed902e,Orma,LENTES EYEZEN START® SOLARES / COLORAÇÃO Orma,visao_simples,Resina,1.50,false,false,true,659.00,Pagina 25,Verniz Hc,Revestimento,final,659.00,659.00,-10.00,6.00,0.00,-6.00,null,null,SOLARES / COLORAÇÃO,null
Optilab,Optilab 06 de abril a 31 de julho de 2026,LENTES EYEZEN START®,Visao Simples,visao_simples,c7c6efb5-5365-412a-b32f-27a23d4d6d8d,Orma + Coloração especial,LENTES EYEZEN START® SOLARES / COLORAÇÃO Orma + Coloração especial,visao_simples,Resina,1.50,false,false,true,769.00,Pagina 25,Verniz Hc,Revestimento,final,769.00,769.00,-10.00,6.00,0.00,-6.00,null,null,SOLARES / COLORAÇÃO,null
Optilab,Optilab 06 de abril a 31 de julho de 2026,LENTES EYEZEN START®,Visao Simples,visao_simples,8e1c4979-0425-4df2-aeeb-38c6c713fb09,Orma + Xperio cinza/marrom/verde,LENTES EYEZEN START® SOLARES / COLORAÇÃO Orma + Xperio cinza/marrom/verde,visao_simples,Resina,1.50,false,false,true,1029.00,Pagina 25,Crizal Sapphire HR Face Interna,Antirreflexo,final,1689.00,1689.00,-10.00,6.00,0.00,-6.00,null,null,SOLARES / COLORAÇÃO,null
Optilab,Optilab 06 de abril a 31 de julho de 2026,LENTES EYEZEN START®,Visao Simples,visao_simples,8e1c4979-0425-4df2-aeeb-38c6c713fb09,Orma + Xperio cinza/marrom/verde,LENTES EYEZEN START® SOLARES / COLORAÇÃO Orma + Xperio cinza/marrom/verde,visao_simples,Resina,1.50,false,false,true,1029.00,Pagina 25,Optifog,Antirreflexo,final,1669.00,1669.00,-10.00,6.00,0.00,-6.00,null,null,SOLARES / COLORAÇÃO,null
Optilab,Optilab 06 de abril a 31 de julho de 2026,LENTES EYEZEN START®,Visao Simples,visao_simples,8e1c4979-0425-4df2-aeeb-38c6c713fb09,Orma + Xperio cinza/marrom/verde,LENTES EYEZEN START® SOLARES / COLORAÇÃO Orma + Xperio cinza/marrom/verde,visao_simples,Resina,1.50,false,false,true,1029.00,Pagina 25,Verniz Hc,Revestimento,final,1029.00,1029.00,-10.00,6.00,0.00,-6.00,null,null,SOLARES / COLORAÇÃO,null
Optilab,Optilab 06 de abril a 31 de julho de 2026,LENTES EYEZEN START®,Visao Simples,visao_simples,11c048d0-76c5-4534-8325-3bfe11e2b3b7,Stylis 1.67,LENTES EYEZEN START® Stylis 1.67,visao_simples,Resina High Index,1.67,false,false,true,2299.00,Pagina 25,Crizal Easy Pro,Antirreflexo,final,2299.00,2299.00,-14.00,9.00,0.00,-6.00,null,null,null,null
Optilab,Optilab 06 de abril a 31 de julho de 2026,LENTES EYEZEN START®,Visao Simples,visao_simples,11c048d0-76c5-4534-8325-3bfe11e2b3b7,Stylis 1.67,LENTES EYEZEN START® Stylis 1.67,visao_simples,Resina High Index,1.67,false,false,true,2299.00,Pagina 25,Crizal Prevencia,Antirreflexo,final,2919.00,2919.00,-14.00,9.00,0.00,-6.00,null,null,null,null
Optilab,Optilab 06 de abril a 31 de julho de 2026,LENTES EYEZEN START®,Visao Simples,visao_simples,11c048d0-76c5-4534-8325-3bfe11e2b3b7,Stylis 1.67,LENTES EYEZEN START® Stylis 1.67,visao_simples,Resina High Index,1.67,false,false,true,2299.00,Pagina 25,Crizal Rock,Antirreflexo,final,2649.00,2649.00,-14.00,9.00,0.00,-6.00,null,null,null,null
Optilab,Optilab 06 de abril a 31 de julho de 2026,LENTES EYEZEN START®,Visao Simples,visao_simples,11c048d0-76c5-4534-8325-3bfe11e2b3b7,Stylis 1.67,LENTES EYEZEN START® Stylis 1.67,visao_simples,Resina High Index,1.67,false,false,true,2299.00,Pagina 25,Crizal Sapphire HR,Antirreflexo,final,2919.00,2919.00,-14.00,9.00,0.00,-6.00,null,null,null,null
Optilab,Optilab 06 de abril a 31 de julho de 2026,LENTES EYEZEN START®,Visao Simples,visao_simples,11c048d0-76c5-4534-8325-3bfe11e2b3b7,Stylis 1.67,LENTES EYEZEN START® Stylis 1.67,visao_simples,Resina High Index,1.67,false,false,true,2299.00,Pagina 25,Optifog,Antirreflexo,final,2539.00,2539.00,-14.00,9.00,0.00,-6.00,null,null,null,null
Optilab,Optilab 06 de abril a 31 de julho de 2026,LENTES EYEZEN START®,Visao Simples,visao_simples,0ee3043a-b063-463c-bcb5-5ad05bfbdfcc,Stylis 1.67 + Transitions Gen S,LENTES EYEZEN START® Stylis 1.67 + Transitions Gen S,visao_simples,Resina High Index,1.67,false,false,true,3239.00,Pagina 25,Crizal Easy Pro,Antirreflexo,final,3239.00,3239.00,-14.00,9.00,0.00,-6.00,null,null,null,null
Optilab,Optilab 06 de abril a 31 de julho de 2026,LENTES EYEZEN START®,Visao Simples,visao_simples,0ee3043a-b063-463c-bcb5-5ad05bfbdfcc,Stylis 1.67 + Transitions Gen S,LENTES EYEZEN START® Stylis 1.67 + Transitions Gen S,visao_simples,Resina High Index,1.67,false,false,true,3239.00,Pagina 25,Crizal Prevencia,Antirreflexo,final,3859.00,3859.00,-14.00,9.00,0.00,-6.00,null,null,null,null
Optilab,Optilab 06 de abril a 31 de julho de 2026,LENTES EYEZEN START®,Visao Simples,visao_simples,0ee3043a-b063-463c-bcb5-5ad05bfbdfcc,Stylis 1.67 + Transitions Gen S,LENTES EYEZEN START® Stylis 1.67 + Transitions Gen S,visao_simples,Resina High Index,1.67,false,false,true,3239.00,Pagina 25,Crizal Rock,Antirreflexo,final,3589.00,3589.00,-14.00,9.00,0.00,-6.00,null,null,null,null
Optilab,Optilab 06 de abril a 31 de julho de 2026,LENTES EYEZEN START®,Visao Simples,visao_simples,0ee3043a-b063-463c-bcb5-5ad05bfbdfcc,Stylis 1.67 + Transitions Gen S,LENTES EYEZEN START® Stylis 1.67 + Transitions Gen S,visao_simples,Resina High Index,1.67,false,false,true,3239.00,Pagina 25,Crizal Sapphire HR,Antirreflexo,final,3859.00,3859.00,-14.00,9.00,0.00,-6.00,null,null,null,null
Optilab,Optilab 06 de abril a 31 de julho de 2026,LENTES EYEZEN START®,Visao Simples,visao_simples,0ee3043a-b063-463c-bcb5-5ad05bfbdfcc,Stylis 1.67 + Transitions Gen S,LENTES EYEZEN START® Stylis 1.67 + Transitions Gen S,visao_simples,Resina High Index,1.67,false,false,true,3239.00,Pagina 25,Optifog,Antirreflexo,final,3479.00,3479.00,-14.00,9.00,0.00,-6.00,null,null,null,null
Optilab,Optilab 06 de abril a 31 de julho de 2026,LENTES EYEZEN START®,Visao Simples,visao_simples,2181eb89-873f-4896-b754-71ba33a1d28c,Stylis 1.74,LENTES EYEZEN START® Stylis 1.74,visao_simples,Resina High Index,1.74,false,false,true,3699.00,Pagina 25,Crizal Sapphire HR,Antirreflexo,final,3699.00,3699.00,-18.00,13.00,0.00,-6.00,null,null,null,null
Optilab,Optilab 06 de abril a 31 de julho de 2026,LENTES EYEZEN START®,Visao Simples,visao_simples,4ff8cd57-b957-4f15-a169-f74d9fcfb31a,Stylis 1.74 + Transitions Gen S,LENTES EYEZEN START® Stylis 1.74 + Transitions Gen S,visao_simples,Resina High Index,1.74,false,false,true,4639.00,Pagina 25,Crizal Sapphire HR,Antirreflexo,final,4639.00,4639.00,-18.00,13.00,0.00,-6.00,null,null,null,null
Optilab,Optilab 06 de abril a 31 de julho de 2026,LENTES KODAK®,Mista,mista,e33ca29b-bab3-4cc5-972e-f3bda26f95f8,1.50,LENTES KODAK® LENTES KODAK SINGLE CRIZAL 1.50,visao_simples,Resina,1.50,false,false,true,239.00,Pagina 35,Crizal Easy Pro,Antirreflexo,final,639.00,639.00,-10.00,6.00,0.00,-6.00,null,null,null,LENTES KODAK SINGLE CRIZAL
Optilab,Optilab 06 de abril a 31 de julho de 2026,LENTES KODAK®,Mista,mista,e33ca29b-bab3-4cc5-972e-f3bda26f95f8,1.50,LENTES KODAK® LENTES KODAK SINGLE CRIZAL 1.50,visao_simples,Resina,1.50,false,false,true,239.00,Pagina 35,Crizal Prevencia,Antirreflexo,final,1259.00,1259.00,-10.00,6.00,0.00,-6.00,null,null,null,LENTES KODAK SINGLE CRIZAL
Optilab,Optilab 06 de abril a 31 de julho de 2026,LENTES KODAK®,Mista,mista,e33ca29b-bab3-4cc5-972e-f3bda26f95f8,1.50,LENTES KODAK® LENTES KODAK SINGLE CRIZAL 1.50,visao_simples,Resina,1.50,false,false,true,239.00,Pagina 35,Crizal Rock,Antirreflexo,final,989.00,989.00,-10.00,6.00,0.00,-6.00,null,null,null,LENTES KODAK SINGLE CRIZAL
Optilab,Optilab 06 de abril a 31 de julho de 2026,LENTES KODAK®,Mista,mista,e33ca29b-bab3-4cc5-972e-f3bda26f95f8,1.50,LENTES KODAK® LENTES KODAK SINGLE CRIZAL 1.50,visao_simples,Resina,1.50,false,false,true,239.00,Pagina 35,Crizal Sapphire HR,Antirreflexo,final,1259.00,1259.00,-10.00,6.00,0.00,-6.00,null,null,null,LENTES KODAK SINGLE CRIZAL
Optilab,Optilab 06 de abril a 31 de julho de 2026,LENTES KODAK®,Mista,mista,e33ca29b-bab3-4cc5-972e-f3bda26f95f8,1.50,LENTES KODAK® LENTES KODAK SINGLE CRIZAL 1.50,visao_simples,Resina,1.50,false,false,true,239.00,Pagina 35,No Reflex,Antirreflexo,final,489.00,489.00,-10.00,6.00,0.00,-6.00,null,null,null,LENTES KODAK SINGLE CRIZAL
Optilab,Optilab 06 de abril a 31 de julho de 2026,LENTES KODAK®,Mista,mista,e33ca29b-bab3-4cc5-972e-f3bda26f95f8,1.50,LENTES KODAK® LENTES KODAK SINGLE CRIZAL 1.50,visao_simples,Resina,1.50,false,false,true,239.00,Pagina 35,Optifog,Antirreflexo,final,879.00,879.00,-10.00,6.00,0.00,-6.00,null,null,null,LENTES KODAK SINGLE CRIZAL
Optilab,Optilab 06 de abril a 31 de julho de 2026,LENTES KODAK®,Mista,mista,e33ca29b-bab3-4cc5-972e-f3bda26f95f8,1.50,LENTES KODAK® LENTES KODAK SINGLE CRIZAL 1.50,visao_simples,Resina,1.50,false,false,true,239.00,Pagina 35,Trio Easy Clean,Antirreflexo,final,439.00,439.00,-10.00,6.00,0.00,-6.00,null,null,null,LENTES KODAK SINGLE CRIZAL
Optilab,Optilab 06 de abril a 31 de julho de 2026,LENTES KODAK®,Mista,mista,e33ca29b-bab3-4cc5-972e-f3bda26f95f8,1.50,LENTES KODAK® LENTES KODAK SINGLE CRIZAL 1.50,visao_simples,Resina,1.50,false,false,true,239.00,Pagina 35,Verniz Hc,Revestimento,final,239.00,239.00,-10.00,6.00,0.00,-6.00,null,null,null,LENTES KODAK SINGLE CRIZAL
Optilab,Optilab 06 de abril a 31 de julho de 2026,LENTES KODAK®,Mista,mista,7834222a-f4c1-4e30-82dd-37db4b555ebc,1.50 + Blue UV Filter,LENTES KODAK® LENTES KODAK SINGLE CRIZAL 1.50 + Blue UV Filter,visao_simples,Resina,1.50,false,false,true,319.00,Pagina 35,Crizal Easy Pro,Antirreflexo,final,719.00,719.00,-10.00,6.00,0.00,-6.00,null,null,null,LENTES KODAK SINGLE CRIZAL
Optilab,Optilab 06 de abril a 31 de julho de 2026,LENTES KODAK®,Mista,mista,7834222a-f4c1-4e30-82dd-37db4b555ebc,1.50 + Blue UV Filter,LENTES KODAK® LENTES KODAK SINGLE CRIZAL 1.50 + Blue UV Filter,visao_simples,Resina,1.50,false,false,true,319.00,Pagina 35,Crizal Prevencia,Antirreflexo,final,1339.00,1339.00,-10.00,6.00,0.00,-6.00,null,null,null,LENTES KODAK SINGLE CRIZAL
Optilab,Optilab 06 de abril a 31 de julho de 2026,LENTES KODAK®,Mista,mista,7834222a-f4c1-4e30-82dd-37db4b555ebc,1.50 + Blue UV Filter,LENTES KODAK® LENTES KODAK SINGLE CRIZAL 1.50 + Blue UV Filter,visao_simples,Resina,1.50,false,false,true,319.00,Pagina 35,Crizal Rock,Antirreflexo,final,1069.00,1069.00,-10.00,6.00,0.00,-6.00,null,null,null,LENTES KODAK SINGLE CRIZAL
Optilab,Optilab 06 de abril a 31 de julho de 2026,LENTES KODAK®,Mista,mista,7834222a-f4c1-4e30-82dd-37db4b555ebc,1.50 + Blue UV Filter,LENTES KODAK® LENTES KODAK SINGLE CRIZAL 1.50 + Blue UV Filter,visao_simples,Resina,1.50,false,false,true,319.00,Pagina 35,Crizal Sapphire HR,Antirreflexo,final,1339.00,1339.00,-10.00,6.00,0.00,-6.00,null,null,null,LENTES KODAK SINGLE CRIZAL
Optilab,Optilab 06 de abril a 31 de julho de 2026,LENTES KODAK®,Mista,mista,7834222a-f4c1-4e30-82dd-37db4b555ebc,1.50 + Blue UV Filter,LENTES KODAK® LENTES KODAK SINGLE CRIZAL 1.50 + Blue UV Filter,visao_simples,Resina,1.50,false,false,true,319.00,Pagina 35,No Reflex,Antirreflexo,final,569.00,569.00,-10.00,6.00,0.00,-6.00,null,null,null,LENTES KODAK SINGLE CRIZAL
Optilab,Optilab 06 de abril a 31 de julho de 2026,LENTES KODAK®,Mista,mista,7834222a-f4c1-4e30-82dd-37db4b555ebc,1.50 + Blue UV Filter,LENTES KODAK® LENTES KODAK SINGLE CRIZAL 1.50 + Blue UV Filter,visao_simples,Resina,1.50,false,false,true,319.00,Pagina 35,Optifog,Antirreflexo,final,959.00,959.00,-10.00,6.00,0.00,-6.00,null,null,null,LENTES KODAK SINGLE CRIZAL
Optilab,Optilab 06 de abril a 31 de julho de 2026,LENTES KODAK®,Mista,mista,7834222a-f4c1-4e30-82dd-37db4b555ebc,1.50 + Blue UV Filter,LENTES KODAK® LENTES KODAK SINGLE CRIZAL 1.50 + Blue UV Filter,visao_simples,Resina,1.50,false,false,true,319.00,Pagina 35,Trio Easy Clean,Antirreflexo,final,519.00,519.00,-10.00,6.00,0.00,-6.00,null,null,null,LENTES KODAK SINGLE CRIZAL
Optilab,Optilab 06 de abril a 31 de julho de 2026,LENTES KODAK®,Mista,mista,7834222a-f4c1-4e30-82dd-37db4b555ebc,1.50 + Blue UV Filter,LENTES KODAK® LENTES KODAK SINGLE CRIZAL 1.50 + Blue UV Filter,visao_simples,Resina,1.50,false,false,true,319.00,Pagina 35,Verniz Hc,Revestimento,final,319.00,319.00,-10.00,6.00,0.00,-6.00,null,null,null,LENTES KODAK SINGLE CRIZAL
Optilab,Optilab 06 de abril a 31 de julho de 2026,LENTES KODAK®,Mista,mista,9aafbb5f-b913-4934-a469-8a3a9dfe3305,1.50 + Transitions Extractive,LENTES KODAK® LENTES KODAK SINGLE CRIZAL 1.50 + Transitions Extractive,visao_simples,Resina,1.50,false,false,true,1099.00,Pagina 35,Crizal Easy Pro,Antirreflexo,final,1499.00,1499.00,-10.00,6.00,0.00,-6.00,null,null,null,LENTES KODAK SINGLE CRIZAL
Optilab,Optilab 06 de abril a 31 de julho de 2026,LENTES KODAK®,Mista,mista,9aafbb5f-b913-4934-a469-8a3a9dfe3305,1.50 + Transitions Extractive,LENTES KODAK® LENTES KODAK SINGLE CRIZAL 1.50 + Transitions Extractive,visao_simples,Resina,1.50,false,false,true,1099.00,Pagina 35,Crizal Prevencia,Antirreflexo,final,2119.00,2119.00,-10.00,6.00,0.00,-6.00,null,null,null,LENTES KODAK SINGLE CRIZAL
Optilab,Optilab 06 de abril a 31 de julho de 2026,LENTES KODAK®,Mista,mista,9aafbb5f-b913-4934-a469-8a3a9dfe3305,1.50 + Transitions Extractive,LENTES KODAK® LENTES KODAK SINGLE CRIZAL 1.50 + Transitions Extractive,visao_simples,Resina,1.50,false,false,true,1099.00,Pagina 35,Crizal Rock,Antirreflexo,final,1849.00,1849.00,-10.00,6.00,0.00,-6.00,null,null,null,LENTES KODAK SINGLE CRIZAL
Optilab,Optilab 06 de abril a 31 de julho de 2026,LENTES KODAK®,Mista,mista,9aafbb5f-b913-4934-a469-8a3a9dfe3305,1.50 + Transitions Extractive,LENTES KODAK® LENTES KODAK SINGLE CRIZAL 1.50 + Transitions Extractive,visao_simples,Resina,1.50,false,false,true,1099.00,Pagina 35,Crizal Sapphire HR,Antirreflexo,final,2119.00,2119.00,-10.00,6.00,0.00,-6.00,null,null,null,LENTES KODAK SINGLE CRIZAL
Optilab,Optilab 06 de abril a 31 de julho de 2026,LENTES KODAK®,Mista,mista,9aafbb5f-b913-4934-a469-8a3a9dfe3305,1.50 + Transitions Extractive,LENTES KODAK® LENTES KODAK SINGLE CRIZAL 1.50 + Transitions Extractive,visao_simples,Resina,1.50,false,false,true,1099.00,Pagina 35,No Reflex,Antirreflexo,final,1349.00,1349.00,-10.00,6.00,0.00,-6.00,null,null,null,LENTES KODAK SINGLE CRIZAL
Optilab,Optilab 06 de abril a 31 de julho de 2026,LENTES KODAK®,Mista,mista,9aafbb5f-b913-4934-a469-8a3a9dfe3305,1.50 + Transitions Extractive,LENTES KODAK® LENTES KODAK SINGLE CRIZAL 1.50 + Transitions Extractive,visao_simples,Resina,1.50,false,false,true,1099.00,Pagina 35,Optifog,Antirreflexo,final,1739.00,1739.00,-10.00,6.00,0.00,-6.00,null,null,null,LENTES KODAK SINGLE CRIZAL
Optilab,Optilab 06 de abril a 31 de julho de 2026,LENTES KODAK®,Mista,mista,9aafbb5f-b913-4934-a469-8a3a9dfe3305,1.50 + Transitions Extractive,LENTES KODAK® LENTES KODAK SINGLE CRIZAL 1.50 + Transitions Extractive,visao_simples,Resina,1.50,false,false,true,1099.00,Pagina 35,Trio Easy Clean,Antirreflexo,final,1299.00,1299.00,-10.00,6.00,0.00,-6.00,null,null,null,LENTES KODAK SINGLE CRIZAL
Optilab,Optilab 06 de abril a 31 de julho de 2026,LENTES KODAK®,Mista,mista,9aafbb5f-b913-4934-a469-8a3a9dfe3305,1.50 + Transitions Extractive,LENTES KODAK® LENTES KODAK SINGLE CRIZAL 1.50 + Transitions Extractive,visao_simples,Resina,1.50,false,false,true,1099.00,Pagina 35,Verniz Hc,Revestimento,final,1099.00,1099.00,-10.00,6.00,0.00,-6.00,null,null,null,LENTES KODAK SINGLE CRIZAL
Optilab,Optilab 06 de abril a 31 de julho de 2026,LENTES KODAK®,Mista,mista,84070711-dbd6-4188-9ff7-06937f8959c8,1.50 + Transitions Gen S,LENTES KODAK® LENTES KODAK SINGLE CRIZAL 1.50 + Transitions Gen S,visao_simples,Resina,1.50,false,false,true,1029.00,Pagina 35,Crizal Easy Pro,Antirreflexo,final,1429.00,1429.00,-10.00,6.00,0.00,-6.00,null,null,null,LENTES KODAK SINGLE CRIZAL
Optilab,Optilab 06 de abril a 31 de julho de 2026,LENTES KODAK®,Mista,mista,84070711-dbd6-4188-9ff7-06937f8959c8,1.50 + Transitions Gen S,LENTES KODAK® LENTES KODAK SINGLE CRIZAL 1.50 + Transitions Gen S,visao_simples,Resina,1.50,false,false,true,1029.00,Pagina 35,Crizal Prevencia,Antirreflexo,final,2049.00,2049.00,-10.00,6.00,0.00,-6.00,null,null,null,LENTES KODAK SINGLE CRIZAL
Optilab,Optilab 06 de abril a 31 de julho de 2026,LENTES KODAK®,Mista,mista,84070711-dbd6-4188-9ff7-06937f8959c8,1.50 + Transitions Gen S,LENTES KODAK® LENTES KODAK SINGLE CRIZAL 1.50 + Transitions Gen S,visao_simples,Resina,1.50,false,false,true,1029.00,Pagina 35,Crizal Rock,Antirreflexo,final,1779.00,1779.00,-10.00,6.00,0.00,-6.00,null,null,null,LENTES KODAK SINGLE CRIZAL
Optilab,Optilab 06 de abril a 31 de julho de 2026,LENTES KODAK®,Mista,mista,84070711-dbd6-4188-9ff7-06937f8959c8,1.50 + Transitions Gen S,LENTES KODAK® LENTES KODAK SINGLE CRIZAL 1.50 + Transitions Gen S,visao_simples,Resina,1.50,false,false,true,1029.00,Pagina 35,Crizal Sapphire HR,Antirreflexo,final,2049.00,2049.00,-10.00,6.00,0.00,-6.00,null,null,null,LENTES KODAK SINGLE CRIZAL
Optilab,Optilab 06 de abril a 31 de julho de 2026,LENTES KODAK®,Mista,mista,84070711-dbd6-4188-9ff7-06937f8959c8,1.50 + Transitions Gen S,LENTES KODAK® LENTES KODAK SINGLE CRIZAL 1.50 + Transitions Gen S,visao_simples,Resina,1.50,false,false,true,1029.00,Pagina 35,No Reflex,Antirreflexo,final,1279.00,1279.00,-10.00,6.00,0.00,-6.00,null,null,null,LENTES KODAK SINGLE CRIZAL
Optilab,Optilab 06 de abril a 31 de julho de 2026,LENTES KODAK®,Mista,mista,84070711-dbd6-4188-9ff7-06937f8959c8,1.50 + Transitions Gen S,LENTES KODAK® LENTES KODAK SINGLE CRIZAL 1.50 + Transitions Gen S,visao_simples,Resina,1.50,false,false,true,1029.00,Pagina 35,Optifog,Antirreflexo,final,1669.00,1669.00,-10.00,6.00,0.00,-6.00,null,null,null,LENTES KODAK SINGLE CRIZAL
Optilab,Optilab 06 de abril a 31 de julho de 2026,LENTES KODAK®,Mista,mista,84070711-dbd6-4188-9ff7-06937f8959c8,1.50 + Transitions Gen S,LENTES KODAK® LENTES KODAK SINGLE CRIZAL 1.50 + Transitions Gen S,visao_simples,Resina,1.50,false,false,true,1029.00,Pagina 35,Trio Easy Clean,Antirreflexo,final,1229.00,1229.00,-10.00,6.00,0.00,-6.00,null,null,null,LENTES KODAK SINGLE CRIZAL
Optilab,Optilab 06 de abril a 31 de julho de 2026,LENTES KODAK®,Mista,mista,84070711-dbd6-4188-9ff7-06937f8959c8,1.50 + Transitions Gen S,LENTES KODAK® LENTES KODAK SINGLE CRIZAL 1.50 + Transitions Gen S,visao_simples,Resina,1.50,false,false,true,1029.00,Pagina 35,Verniz Hc,Revestimento,final,1029.00,1029.00,-10.00,6.00,0.00,-6.00,null,null,null,LENTES KODAK SINGLE CRIZAL
Optilab,Optilab 06 de abril a 31 de julho de 2026,LENTES KODAK®,Mista,mista,2cbe937a-a785-4846-a755-fc6da7cc1099,Poly,LENTES KODAK® LENTES KODAK SINGLE CRIZAL Poly,visao_simples,Policarbonato,1.59,false,false,true,409.00,Pagina 35,Crizal Easy Pro,Antirreflexo,final,809.00,809.00,-10.00,6.00,0.00,-6.00,null,null,null,LENTES KODAK SINGLE CRIZAL
Optilab,Optilab 06 de abril a 31 de julho de 2026,LENTES KODAK®,Mista,mista,2cbe937a-a785-4846-a755-fc6da7cc1099,Poly,LENTES KODAK® LENTES KODAK SINGLE CRIZAL Poly,visao_simples,Policarbonato,1.59,false,false,true,409.00,Pagina 35,Crizal Prevencia,Antirreflexo,final,1429.00,1429.00,-10.00,6.00,0.00,-6.00,null,null,null,LENTES KODAK SINGLE CRIZAL
Optilab,Optilab 06 de abril a 31 de julho de 2026,LENTES KODAK®,Mista,mista,2cbe937a-a785-4846-a755-fc6da7cc1099,Poly,LENTES KODAK® LENTES KODAK SINGLE CRIZAL Poly,visao_simples,Policarbonato,1.59,false,false,true,409.00,Pagina 35,Crizal Rock,Antirreflexo,final,1159.00,1159.00,-10.00,6.00,0.00,-6.00,null,null,null,LENTES KODAK SINGLE CRIZAL
Optilab,Optilab 06 de abril a 31 de julho de 2026,LENTES KODAK®,Mista,mista,2cbe937a-a785-4846-a755-fc6da7cc1099,Poly,LENTES KODAK® LENTES KODAK SINGLE CRIZAL Poly,visao_simples,Policarbonato,1.59,false,false,true,409.00,Pagina 35,Crizal Sapphire HR,Antirreflexo,final,1429.00,1429.00,-10.00,6.00,0.00,-6.00,null,null,null,LENTES KODAK SINGLE CRIZAL
Optilab,Optilab 06 de abril a 31 de julho de 2026,LENTES KODAK®,Mista,mista,2cbe937a-a785-4846-a755-fc6da7cc1099,Poly,LENTES KODAK® LENTES KODAK SINGLE CRIZAL Poly,visao_simples,Policarbonato,1.59,false,false,true,409.00,Pagina 35,No Reflex,Antirreflexo,final,659.00,659.00,-10.00,6.00,0.00,-6.00,null,null,null,LENTES KODAK SINGLE CRIZAL
Optilab,Optilab 06 de abril a 31 de julho de 2026,LENTES KODAK®,Mista,mista,2cbe937a-a785-4846-a755-fc6da7cc1099,Poly,LENTES KODAK® LENTES KODAK SINGLE CRIZAL Poly,visao_simples,Policarbonato,1.59,false,false,true,409.00,Pagina 35,Optifog,Antirreflexo,final,1049.00,1049.00,-10.00,6.00,0.00,-6.00,null,null,null,LENTES KODAK SINGLE CRIZAL
Optilab,Optilab 06 de abril a 31 de julho de 2026,LENTES KODAK®,Mista,mista,2cbe937a-a785-4846-a755-fc6da7cc1099,Poly,LENTES KODAK® LENTES KODAK SINGLE CRIZAL Poly,visao_simples,Policarbonato,1.59,false,false,true,409.00,Pagina 35,Trio Easy Clean,Antirreflexo,final,609.00,609.00,-10.00,6.00,0.00,-6.00,null,null,null,LENTES KODAK SINGLE CRIZAL
Optilab,Optilab 06 de abril a 31 de julho de 2026,LENTES KODAK®,Mista,mista,2cbe937a-a785-4846-a755-fc6da7cc1099,Poly,LENTES KODAK® LENTES KODAK SINGLE CRIZAL Poly,visao_simples,Policarbonato,1.59,false,false,true,409.00,Pagina 35,Verniz Hc,Revestimento,final,409.00,409.00,-10.00,6.00,0.00,-6.00,null,null,null,LENTES KODAK SINGLE CRIZAL
Optilab,Optilab 06 de abril a 31 de julho de 2026,LENTES KODAK®,Mista,mista,d331bdde-2f13-4856-8fde-1ec10ec2cf97,Poly + Transitions Extractive,LENTES KODAK® LENTES KODAK SINGLE CRIZAL Poly + Transitions Extractive,visao_simples,Policarbonato,1.59,false,false,true,1269.00,Pagina 35,Crizal Easy Pro,Antirreflexo,final,1669.00,1669.00,-10.00,6.00,0.00,-6.00,null,null,null,LENTES KODAK SINGLE CRIZAL
Optilab,Optilab 06 de abril a 31 de julho de 2026,LENTES KODAK®,Mista,mista,d331bdde-2f13-4856-8fde-1ec10ec2cf97,Poly + Transitions Extractive,LENTES KODAK® LENTES KODAK SINGLE CRIZAL Poly + Transitions Extractive,visao_simples,Policarbonato,1.59,false,false,true,1269.00,Pagina 35,Crizal Prevencia,Antirreflexo,final,2289.00,2289.00,-10.00,6.00,0.00,-6.00,null,null,null,LENTES KODAK SINGLE CRIZAL
Optilab,Optilab 06 de abril a 31 de julho de 2026,LENTES KODAK®,Mista,mista,d331bdde-2f13-4856-8fde-1ec10ec2cf97,Poly + Transitions Extractive,LENTES KODAK® LENTES KODAK SINGLE CRIZAL Poly + Transitions Extractive,visao_simples,Policarbonato,1.59,false,false,true,1269.00,Pagina 35,Crizal Rock,Antirreflexo,final,2019.00,2019.00,-10.00,6.00,0.00,-6.00,null,null,null,LENTES KODAK SINGLE CRIZAL
Optilab,Optilab 06 de abril a 31 de julho de 2026,LENTES KODAK®,Mista,mista,d331bdde-2f13-4856-8fde-1ec10ec2cf97,Poly + Transitions Extractive,LENTES KODAK® LENTES KODAK SINGLE CRIZAL Poly + Transitions Extractive,visao_simples,Policarbonato,1.59,false,false,true,1269.00,Pagina 35,Crizal Sapphire HR,Antirreflexo,final,2289.00,2289.00,-10.00,6.00,0.00,-6.00,null,null,null,LENTES KODAK SINGLE CRIZAL
Optilab,Optilab 06 de abril a 31 de julho de 2026,LENTES KODAK®,Mista,mista,d331bdde-2f13-4856-8fde-1ec10ec2cf97,Poly + Transitions Extractive,LENTES KODAK® LENTES KODAK SINGLE CRIZAL Poly + Transitions Extractive,visao_simples,Policarbonato,1.59,false,false,true,1269.00,Pagina 35,No Reflex,Antirreflexo,final,1519.00,1519.00,-10.00,6.00,0.00,-6.00,null,null,null,LENTES KODAK SINGLE CRIZAL
Optilab,Optilab 06 de abril a 31 de julho de 2026,LENTES KODAK®,Mista,mista,d331bdde-2f13-4856-8fde-1ec10ec2cf97,Poly + Transitions Extractive,LENTES KODAK® LENTES KODAK SINGLE CRIZAL Poly + Transitions Extractive,visao_simples,Policarbonato,1.59,false,false,true,1269.00,Pagina 35,Optifog,Antirreflexo,final,1909.00,1909.00,-10.00,6.00,0.00,-6.00,null,null,null,LENTES KODAK SINGLE CRIZAL
Optilab,Optilab 06 de abril a 31 de julho de 2026,LENTES KODAK®,Mista,mista,d331bdde-2f13-4856-8fde-1ec10ec2cf97,Poly + Transitions Extractive,LENTES KODAK® LENTES KODAK SINGLE CRIZAL Poly + Transitions Extractive,visao_simples,Policarbonato,1.59,false,false,true,1269.00,Pagina 35,Trio Easy Clean,Antirreflexo,final,1469.00,1469.00,-10.00,6.00,0.00,-6.00,null,null,null,LENTES KODAK SINGLE CRIZAL
Optilab,Optilab 06 de abril a 31 de julho de 2026,LENTES KODAK®,Mista,mista,d331bdde-2f13-4856-8fde-1ec10ec2cf97,Poly + Transitions Extractive,LENTES KODAK® LENTES KODAK SINGLE CRIZAL Poly + Transitions Extractive,visao_simples,Policarbonato,1.59,false,false,true,1269.00,Pagina 35,Verniz Hc,Revestimento,final,1269.00,1269.00,-10.00,6.00,0.00,-6.00,null,null,null,LENTES KODAK SINGLE CRIZAL
Optilab,Optilab 06 de abril a 31 de julho de 2026,LENTES KODAK®,Mista,mista,ec9c3121-46a8-4cef-ac7c-a600934df42e,Poly + Transitions Gen S,LENTES KODAK® LENTES KODAK SINGLE CRIZAL Poly + Transitions Gen S,visao_simples,Policarbonato,1.59,false,false,true,1199.00,Pagina 35,Crizal Easy Pro,Antirreflexo,final,1599.00,1599.00,-10.00,6.00,0.00,-6.00,null,null,null,LENTES KODAK SINGLE CRIZAL
Optilab,Optilab 06 de abril a 31 de julho de 2026,LENTES KODAK®,Mista,mista,ec9c3121-46a8-4cef-ac7c-a600934df42e,Poly + Transitions Gen S,LENTES KODAK® LENTES KODAK SINGLE CRIZAL Poly + Transitions Gen S,visao_simples,Policarbonato,1.59,false,false,true,1199.00,Pagina 35,Crizal Prevencia,Antirreflexo,final,2219.00,2219.00,-10.00,6.00,0.00,-6.00,null,null,null,LENTES KODAK SINGLE CRIZAL
Optilab,Optilab 06 de abril a 31 de julho de 2026,LENTES KODAK®,Mista,mista,ec9c3121-46a8-4cef-ac7c-a600934df42e,Poly + Transitions Gen S,LENTES KODAK® LENTES KODAK SINGLE CRIZAL Poly + Transitions Gen S,visao_simples,Policarbonato,1.59,false,false,true,1199.00,Pagina 35,Crizal Rock,Antirreflexo,final,1949.00,1949.00,-10.00,6.00,0.00,-6.00,null,null,null,LENTES KODAK SINGLE CRIZAL
Optilab,Optilab 06 de abril a 31 de julho de 2026,LENTES KODAK®,Mista,mista,ec9c3121-46a8-4cef-ac7c-a600934df42e,Poly + Transitions Gen S,LENTES KODAK® LENTES KODAK SINGLE CRIZAL Poly + Transitions Gen S,visao_simples,Policarbonato,1.59,false,false,true,1199.00,Pagina 35,Crizal Sapphire HR,Antirreflexo,final,2219.00,2219.00,-10.00,6.00,0.00,-6.00,null,null,null,LENTES KODAK SINGLE CRIZAL
Optilab,Optilab 06 de abril a 31 de julho de 2026,LENTES KODAK®,Mista,mista,ec9c3121-46a8-4cef-ac7c-a600934df42e,Poly + Transitions Gen S,LENTES KODAK® LENTES KODAK SINGLE CRIZAL Poly + Transitions Gen S,visao_simples,Policarbonato,1.59,false,false,true,1199.00,Pagina 35,No Reflex,Antirreflexo,final,1449.00,1449.00,-10.00,6.00,0.00,-6.00,null,null,null,LENTES KODAK SINGLE CRIZAL
Optilab,Optilab 06 de abril a 31 de julho de 2026,LENTES KODAK®,Mista,mista,ec9c3121-46a8-4cef-ac7c-a600934df42e,Poly + Transitions Gen S,LENTES KODAK® LENTES KODAK SINGLE CRIZAL Poly + Transitions Gen S,visao_simples,Policarbonato,1.59,false,false,true,1199.00,Pagina 35,Optifog,Antirreflexo,final,1839.00,1839.00,-10.00,6.00,0.00,-6.00,null,null,null,LENTES KODAK SINGLE CRIZAL
Optilab,Optilab 06 de abril a 31 de julho de 2026,LENTES KODAK®,Mista,mista,ec9c3121-46a8-4cef-ac7c-a600934df42e,Poly + Transitions Gen S,LENTES KODAK® LENTES KODAK SINGLE CRIZAL Poly + Transitions Gen S,visao_simples,Policarbonato,1.59,false,false,true,1199.00,Pagina 35,Trio Easy Clean,Antirreflexo,final,1399.00,1399.00,-10.00,6.00,0.00,-6.00,null,null,null,LENTES KODAK SINGLE CRIZAL
Optilab,Optilab 06 de abril a 31 de julho de 2026,LENTES KODAK®,Mista,mista,ec9c3121-46a8-4cef-ac7c-a600934df42e,Poly + Transitions Gen S,LENTES KODAK® LENTES KODAK SINGLE CRIZAL Poly + Transitions Gen S,visao_simples,Policarbonato,1.59,false,false,true,1199.00,Pagina 35,Verniz Hc,Revestimento,final,1199.00,1199.00,-10.00,6.00,0.00,-6.00,null,null,null,LENTES KODAK SINGLE CRIZAL
Optilab,Optilab 06 de abril a 31 de julho de 2026,LENTES KODAK®,Mista,mista,3bfb6912-8efb-4e36-9d88-dca3e7adfd10,Stylis 1.67,LENTES KODAK® LENTES KODAK SINGLE CRIZAL Stylis 1.67,visao_simples,Resina High Index,1.67,false,false,true,1529.00,Pagina 35,Crizal Easy Pro,Antirreflexo,final,1729.00,1729.00,-14.00,8.00,0.00,-6.00,null,null,null,LENTES KODAK SINGLE CRIZAL
Optilab,Optilab 06 de abril a 31 de julho de 2026,LENTES KODAK®,Mista,mista,3bfb6912-8efb-4e36-9d88-dca3e7adfd10,Stylis 1.67,LENTES KODAK® LENTES KODAK SINGLE CRIZAL Stylis 1.67,visao_simples,Resina High Index,1.67,false,false,true,1529.00,Pagina 35,Crizal Prevencia,Antirreflexo,final,2349.00,2349.00,-14.00,8.00,0.00,-6.00,null,null,null,LENTES KODAK SINGLE CRIZAL
Optilab,Optilab 06 de abril a 31 de julho de 2026,LENTES KODAK®,Mista,mista,3bfb6912-8efb-4e36-9d88-dca3e7adfd10,Stylis 1.67,LENTES KODAK® LENTES KODAK SINGLE CRIZAL Stylis 1.67,visao_simples,Resina High Index,1.67,false,false,true,1529.00,Pagina 35,Crizal Rock,Antirreflexo,final,2079.00,2079.00,-14.00,8.00,0.00,-6.00,null,null,null,LENTES KODAK SINGLE CRIZAL
Optilab,Optilab 06 de abril a 31 de julho de 2026,LENTES KODAK®,Mista,mista,3bfb6912-8efb-4e36-9d88-dca3e7adfd10,Stylis 1.67,LENTES KODAK® LENTES KODAK SINGLE CRIZAL Stylis 1.67,visao_simples,Resina High Index,1.67,false,false,true,1529.00,Pagina 35,Crizal Sapphire HR,Antirreflexo,final,2349.00,2349.00,-14.00,8.00,0.00,-6.00,null,null,null,LENTES KODAK SINGLE CRIZAL
Optilab,Optilab 06 de abril a 31 de julho de 2026,LENTES KODAK®,Mista,mista,3bfb6912-8efb-4e36-9d88-dca3e7adfd10,Stylis 1.67,LENTES KODAK® LENTES KODAK SINGLE CRIZAL Stylis 1.67,visao_simples,Resina High Index,1.67,false,false,true,1529.00,Pagina 35,No Reflex,Antirreflexo,final,1579.00,1579.00,-14.00,8.00,0.00,-6.00,null,null,null,LENTES KODAK SINGLE CRIZAL
Optilab,Optilab 06 de abril a 31 de julho de 2026,LENTES KODAK®,Mista,mista,3bfb6912-8efb-4e36-9d88-dca3e7adfd10,Stylis 1.67,LENTES KODAK® LENTES KODAK SINGLE CRIZAL Stylis 1.67,visao_simples,Resina High Index,1.67,false,false,true,1529.00,Pagina 35,Optifog,Antirreflexo,final,1969.00,1969.00,-14.00,8.00,0.00,-6.00,null,null,null,LENTES KODAK SINGLE CRIZAL
Optilab,Optilab 06 de abril a 31 de julho de 2026,LENTES KODAK®,Mista,mista,3bfb6912-8efb-4e36-9d88-dca3e7adfd10,Stylis 1.67,LENTES KODAK® LENTES KODAK SINGLE CRIZAL Stylis 1.67,visao_simples,Resina High Index,1.67,false,false,true,1529.00,Pagina 35,Trio Easy Clean,Antirreflexo,final,1529.00,1529.00,-14.00,8.00,0.00,-6.00,null,null,null,LENTES KODAK SINGLE CRIZAL
Optilab,Optilab 06 de abril a 31 de julho de 2026,LENTES KODAK®,Mista,mista,b061957f-70b2-457a-b849-cf698e82601d,Stylis 1.67 + Transitions Gen S,LENTES KODAK® LENTES KODAK SINGLE CRIZAL Stylis 1.67 + Transitions Gen S,visao_simples,Resina High Index,1.67,false,false,true,2319.00,Pagina 35,Crizal Easy Pro,Antirreflexo,final,2519.00,2519.00,-14.00,8.00,0.00,-6.00,null,null,null,LENTES KODAK SINGLE CRIZAL
Optilab,Optilab 06 de abril a 31 de julho de 2026,LENTES KODAK®,Mista,mista,b061957f-70b2-457a-b849-cf698e82601d,Stylis 1.67 + Transitions Gen S,LENTES KODAK® LENTES KODAK SINGLE CRIZAL Stylis 1.67 + Transitions Gen S,visao_simples,Resina High Index,1.67,false,false,true,2319.00,Pagina 35,Crizal Prevencia,Antirreflexo,final,3139.00,3139.00,-14.00,8.00,0.00,-6.00,null,null,null,LENTES KODAK SINGLE CRIZAL
Optilab,Optilab 06 de abril a 31 de julho de 2026,LENTES KODAK®,Mista,mista,b061957f-70b2-457a-b849-cf698e82601d,Stylis 1.67 + Transitions Gen S,LENTES KODAK® LENTES KODAK SINGLE CRIZAL Stylis 1.67 + Transitions Gen S,visao_simples,Resina High Index,1.67,false,false,true,2319.00,Pagina 35,Crizal Rock,Antirreflexo,final,2869.00,2869.00,-14.00,8.00,0.00,-6.00,null,null,null,LENTES KODAK SINGLE CRIZAL
Optilab,Optilab 06 de abril a 31 de julho de 2026,LENTES KODAK®,Mista,mista,b061957f-70b2-457a-b849-cf698e82601d,Stylis 1.67 + Transitions Gen S,LENTES KODAK® LENTES KODAK SINGLE CRIZAL Stylis 1.67 + Transitions Gen S,visao_simples,Resina High Index,1.67,false,false,true,2319.00,Pagina 35,Crizal Sapphire HR,Antirreflexo,final,3139.00,3139.00,-14.00,8.00,0.00,-6.00,null,null,null,LENTES KODAK SINGLE CRIZAL
Optilab,Optilab 06 de abril a 31 de julho de 2026,LENTES KODAK®,Mista,mista,b061957f-70b2-457a-b849-cf698e82601d,Stylis 1.67 + Transitions Gen S,LENTES KODAK® LENTES KODAK SINGLE CRIZAL Stylis 1.67 + Transitions Gen S,visao_simples,Resina High Index,1.67,false,false,true,2319.00,Pagina 35,No Reflex,Antirreflexo,final,2369.00,2369.00,-14.00,8.00,0.00,-6.00,null,null,null,LENTES KODAK SINGLE CRIZAL
Optilab,Optilab 06 de abril a 31 de julho de 2026,LENTES KODAK®,Mista,mista,b061957f-70b2-457a-b849-cf698e82601d,Stylis 1.67 + Transitions Gen S,LENTES KODAK® LENTES KODAK SINGLE CRIZAL Stylis 1.67 + Transitions Gen S,visao_simples,Resina High Index,1.67,false,false,true,2319.00,Pagina 35,Optifog,Antirreflexo,final,2759.00,2759.00,-14.00,8.00,0.00,-6.00,null,null,null,LENTES KODAK SINGLE CRIZAL
Optilab,Optilab 06 de abril a 31 de julho de 2026,LENTES KODAK®,Mista,mista,b061957f-70b2-457a-b849-cf698e82601d,Stylis 1.67 + Transitions Gen S,LENTES KODAK® LENTES KODAK SINGLE CRIZAL Stylis 1.67 + Transitions Gen S,visao_simples,Resina High Index,1.67,false,false,true,2319.00,Pagina 35,Trio Easy Clean,Antirreflexo,final,2319.00,2319.00,-14.00,8.00,0.00,-6.00,null,null,null,LENTES KODAK SINGLE CRIZAL
Optilab,Optilab 06 de abril a 31 de julho de 2026,LENTES KODAK®,Mista,mista,3b7f34c3-2628-46c7-9b73-0bdacb61f7ce,Stylis 1.74,LENTES KODAK® LENTES KODAK SINGLE CRIZAL Stylis 1.74,visao_simples,Resina High Index,1.74,false,false,true,3059.00,Pagina 35,Crizal Sapphire HR,Antirreflexo,final,3059.00,3059.00,-14.00,8.00,0.00,-6.00,null,null,null,LENTES KODAK SINGLE CRIZAL
Optilab,Optilab 06 de abril a 31 de julho de 2026,LENTES KODAK®,Mista,mista,49c4916b-c0fa-4869-938e-80b11e6cf416,Stylis 1.74 + Transitions Gen S,LENTES KODAK® LENTES KODAK SINGLE CRIZAL Stylis 1.74 + Transitions Gen S,visao_simples,Resina High Index,1.74,false,false,true,3849.00,Pagina 35,Crizal Sapphire HR,Antirreflexo,final,3849.00,3849.00,-14.00,8.00,0.00,-6.00,null,null,null,LENTES KODAK SINGLE CRIZAL
Optilab,Optilab 06 de abril a 31 de julho de 2026,LENTES KODAK®,Mista,mista,0207e00f-b5a7-419d-ba22-aad94bff72f3,1.50,LENTES KODAK® LENTES KODAK UNIQUE UHD CRIZAL 1.50,multifocal,Resina,1.50,false,false,true,829.00,Pagina 33,Crizal Easy Pro,Antirreflexo,final,1229.00,1229.00,-10.25,5.25,0.00,-6.00,1.00,3.50,null,LENTES KODAK UNIQUE UHD CRIZAL
Optilab,Optilab 06 de abril a 31 de julho de 2026,LENTES KODAK®,Mista,mista,0207e00f-b5a7-419d-ba22-aad94bff72f3,1.50,LENTES KODAK® LENTES KODAK UNIQUE UHD CRIZAL 1.50,multifocal,Resina,1.50,false,false,true,829.00,Pagina 33,Crizal Prevencia,Antirreflexo,final,1849.00,1849.00,-10.25,5.25,0.00,-6.00,1.00,3.50,null,LENTES KODAK UNIQUE UHD CRIZAL
Optilab,Optilab 06 de abril a 31 de julho de 2026,LENTES KODAK®,Mista,mista,0207e00f-b5a7-419d-ba22-aad94bff72f3,1.50,LENTES KODAK® LENTES KODAK UNIQUE UHD CRIZAL 1.50,multifocal,Resina,1.50,false,false,true,829.00,Pagina 33,Crizal Rock,Antirreflexo,final,1579.00,1579.00,-10.25,5.25,0.00,-6.00,1.00,3.50,null,LENTES KODAK UNIQUE UHD CRIZAL
Optilab,Optilab 06 de abril a 31 de julho de 2026,LENTES KODAK®,Mista,mista,0207e00f-b5a7-419d-ba22-aad94bff72f3,1.50,LENTES KODAK® LENTES KODAK UNIQUE UHD CRIZAL 1.50,multifocal,Resina,1.50,false,false,true,829.00,Pagina 33,Crizal Sapphire HR,Antirreflexo,final,1849.00,1849.00,-10.25,5.25,0.00,-6.00,1.00,3.50,null,LENTES KODAK UNIQUE UHD CRIZAL
Optilab,Optilab 06 de abril a 31 de julho de 2026,LENTES KODAK®,Mista,mista,0207e00f-b5a7-419d-ba22-aad94bff72f3,1.50,LENTES KODAK® LENTES KODAK UNIQUE UHD CRIZAL 1.50,multifocal,Resina,1.50,false,false,true,829.00,Pagina 33,No Reflex,Antirreflexo,final,1079.00,1079.00,-10.25,5.25,0.00,-6.00,1.00,3.50,null,LENTES KODAK UNIQUE UHD CRIZAL
Optilab,Optilab 06 de abril a 31 de julho de 2026,LENTES KODAK®,Mista,mista,0207e00f-b5a7-419d-ba22-aad94bff72f3,1.50,LENTES KODAK® LENTES KODAK UNIQUE UHD CRIZAL 1.50,multifocal,Resina,1.50,false,false,true,829.00,Pagina 33,Optifog,Antirreflexo,final,1469.00,1469.00,-10.25,5.25,0.00,-6.00,1.00,3.50,null,LENTES KODAK UNIQUE UHD CRIZAL
Optilab,Optilab 06 de abril a 31 de julho de 2026,LENTES KODAK®,Mista,mista,0207e00f-b5a7-419d-ba22-aad94bff72f3,1.50,LENTES KODAK® LENTES KODAK UNIQUE UHD CRIZAL 1.50,multifocal,Resina,1.50,false,false,true,829.00,Pagina 33,Trio Easy Clean,Antirreflexo,final,1029.00,1029.00,-10.25,5.25,0.00,-6.00,1.00,3.50,null,LENTES KODAK UNIQUE UHD CRIZAL
Optilab,Optilab 06 de abril a 31 de julho de 2026,LENTES KODAK®,Mista,mista,0207e00f-b5a7-419d-ba22-aad94bff72f3,1.50,LENTES KODAK® LENTES KODAK UNIQUE UHD CRIZAL 1.50,multifocal,Resina,1.50,false,false,true,829.00,Pagina 33,Verniz Hc,Revestimento,final,829.00,829.00,-10.25,5.25,0.00,-6.00,1.00,3.50,null,LENTES KODAK UNIQUE UHD CRIZAL
Optilab,Optilab 06 de abril a 31 de julho de 2026,LENTES KODAK®,Mista,mista,1a7bf046-30e2-4fc7-83fd-52456d29371a,1.50 + Transitions Extractive,LENTES KODAK® LENTES KODAK UNIQUE UHD CRIZAL 1.50 + Transitions Extractive,multifocal,Resina,1.50,false,false,true,1839.00,Pagina 33,Crizal Easy Pro,Antirreflexo,final,2239.00,2239.00,-10.25,5.25,0.00,-6.00,1.00,3.50,null,LENTES KODAK UNIQUE UHD CRIZAL
Optilab,Optilab 06 de abril a 31 de julho de 2026,LENTES KODAK®,Mista,mista,1a7bf046-30e2-4fc7-83fd-52456d29371a,1.50 + Transitions Extractive,LENTES KODAK® LENTES KODAK UNIQUE UHD CRIZAL 1.50 + Transitions Extractive,multifocal,Resina,1.50,false,false,true,1839.00,Pagina 33,Crizal Prevencia,Antirreflexo,final,2859.00,2859.00,-10.25,5.25,0.00,-6.00,1.00,3.50,null,LENTES KODAK UNIQUE UHD CRIZAL
Optilab,Optilab 06 de abril a 31 de julho de 2026,LENTES KODAK®,Mista,mista,1a7bf046-30e2-4fc7-83fd-52456d29371a,1.50 + Transitions Extractive,LENTES KODAK® LENTES KODAK UNIQUE UHD CRIZAL 1.50 + Transitions Extractive,multifocal,Resina,1.50,false,false,true,1839.00,Pagina 33,Crizal Rock,Antirreflexo,final,2589.00,2589.00,-10.25,5.25,0.00,-6.00,1.00,3.50,null,LENTES KODAK UNIQUE UHD CRIZAL
Optilab,Optilab 06 de abril a 31 de julho de 2026,LENTES KODAK®,Mista,mista,1a7bf046-30e2-4fc7-83fd-52456d29371a,1.50 + Transitions Extractive,LENTES KODAK® LENTES KODAK UNIQUE UHD CRIZAL 1.50 + Transitions Extractive,multifocal,Resina,1.50,false,false,true,1839.00,Pagina 33,Crizal Sapphire HR,Antirreflexo,final,2859.00,2859.00,-10.25,5.25,0.00,-6.00,1.00,3.50,null,LENTES KODAK UNIQUE UHD CRIZAL
Optilab,Optilab 06 de abril a 31 de julho de 2026,LENTES KODAK®,Mista,mista,1a7bf046-30e2-4fc7-83fd-52456d29371a,1.50 + Transitions Extractive,LENTES KODAK® LENTES KODAK UNIQUE UHD CRIZAL 1.50 + Transitions Extractive,multifocal,Resina,1.50,false,false,true,1839.00,Pagina 33,No Reflex,Antirreflexo,final,2089.00,2089.00,-10.25,5.25,0.00,-6.00,1.00,3.50,null,LENTES KODAK UNIQUE UHD CRIZAL
Optilab,Optilab 06 de abril a 31 de julho de 2026,LENTES KODAK®,Mista,mista,1a7bf046-30e2-4fc7-83fd-52456d29371a,1.50 + Transitions Extractive,LENTES KODAK® LENTES KODAK UNIQUE UHD CRIZAL 1.50 + Transitions Extractive,multifocal,Resina,1.50,false,false,true,1839.00,Pagina 33,Optifog,Antirreflexo,final,2479.00,2479.00,-10.25,5.25,0.00,-6.00,1.00,3.50,null,LENTES KODAK UNIQUE UHD CRIZAL
Optilab,Optilab 06 de abril a 31 de julho de 2026,LENTES KODAK®,Mista,mista,1a7bf046-30e2-4fc7-83fd-52456d29371a,1.50 + Transitions Extractive,LENTES KODAK® LENTES KODAK UNIQUE UHD CRIZAL 1.50 + Transitions Extractive,multifocal,Resina,1.50,false,false,true,1839.00,Pagina 33,Trio Easy Clean,Antirreflexo,final,2039.00,2039.00,-10.25,5.25,0.00,-6.00,1.00,3.50,null,LENTES KODAK UNIQUE UHD CRIZAL
Optilab,Optilab 06 de abril a 31 de julho de 2026,LENTES KODAK®,Mista,mista,1a7bf046-30e2-4fc7-83fd-52456d29371a,1.50 + Transitions Extractive,LENTES KODAK® LENTES KODAK UNIQUE UHD CRIZAL 1.50 + Transitions Extractive,multifocal,Resina,1.50,false,false,true,1839.00,Pagina 33,Verniz Hc,Revestimento,final,1839.00,1839.00,-10.25,5.25,0.00,-6.00,1.00,3.50,null,LENTES KODAK UNIQUE UHD CRIZAL
Optilab,Optilab 06 de abril a 31 de julho de 2026,LENTES KODAK®,Mista,mista,92cf3562-3cad-49be-87b2-139a8c52df5a,1.50 + Transitions Gen S,LENTES KODAK® LENTES KODAK UNIQUE UHD CRIZAL 1.50 + Transitions Gen S,multifocal,Resina,1.50,false,false,true,1769.00,Pagina 33,Crizal Easy Pro,Antirreflexo,final,2169.00,2169.00,-10.25,5.25,0.00,-6.00,1.00,3.50,null,LENTES KODAK UNIQUE UHD CRIZAL
Optilab,Optilab 06 de abril a 31 de julho de 2026,LENTES KODAK®,Mista,mista,92cf3562-3cad-49be-87b2-139a8c52df5a,1.50 + Transitions Gen S,LENTES KODAK® LENTES KODAK UNIQUE UHD CRIZAL 1.50 + Transitions Gen S,multifocal,Resina,1.50,false,false,true,1769.00,Pagina 33,Crizal Prevencia,Antirreflexo,final,2789.00,2789.00,-10.25,5.25,0.00,-6.00,1.00,3.50,null,LENTES KODAK UNIQUE UHD CRIZAL
Optilab,Optilab 06 de abril a 31 de julho de 2026,LENTES KODAK®,Mista,mista,92cf3562-3cad-49be-87b2-139a8c52df5a,1.50 + Transitions Gen S,LENTES KODAK® LENTES KODAK UNIQUE UHD CRIZAL 1.50 + Transitions Gen S,multifocal,Resina,1.50,false,false,true,1769.00,Pagina 33,Crizal Rock,Antirreflexo,final,2519.00,2519.00,-10.25,5.25,0.00,-6.00,1.00,3.50,null,LENTES KODAK UNIQUE UHD CRIZAL
Optilab,Optilab 06 de abril a 31 de julho de 2026,LENTES KODAK®,Mista,mista,92cf3562-3cad-49be-87b2-139a8c52df5a,1.50 + Transitions Gen S,LENTES KODAK® LENTES KODAK UNIQUE UHD CRIZAL 1.50 + Transitions Gen S,multifocal,Resina,1.50,false,false,true,1769.00,Pagina 33,Crizal Sapphire HR,Antirreflexo,final,2789.00,2789.00,-10.25,5.25,0.00,-6.00,1.00,3.50,null,LENTES KODAK UNIQUE UHD CRIZAL
Optilab,Optilab 06 de abril a 31 de julho de 2026,LENTES KODAK®,Mista,mista,92cf3562-3cad-49be-87b2-139a8c52df5a,1.50 + Transitions Gen S,LENTES KODAK® LENTES KODAK UNIQUE UHD CRIZAL 1.50 + Transitions Gen S,multifocal,Resina,1.50,false,false,true,1769.00,Pagina 33,No Reflex,Antirreflexo,final,2019.00,2019.00,-10.25,5.25,0.00,-6.00,1.00,3.50,null,LENTES KODAK UNIQUE UHD CRIZAL
Optilab,Optilab 06 de abril a 31 de julho de 2026,LENTES KODAK®,Mista,mista,92cf3562-3cad-49be-87b2-139a8c52df5a,1.50 + Transitions Gen S,LENTES KODAK® LENTES KODAK UNIQUE UHD CRIZAL 1.50 + Transitions Gen S,multifocal,Resina,1.50,false,false,true,1769.00,Pagina 33,Optifog,Antirreflexo,final,2409.00,2409.00,-10.25,5.25,0.00,-6.00,1.00,3.50,null,LENTES KODAK UNIQUE UHD CRIZAL
Optilab,Optilab 06 de abril a 31 de julho de 2026,LENTES KODAK®,Mista,mista,92cf3562-3cad-49be-87b2-139a8c52df5a,1.50 + Transitions Gen S,LENTES KODAK® LENTES KODAK UNIQUE UHD CRIZAL 1.50 + Transitions Gen S,multifocal,Resina,1.50,false,false,true,1769.00,Pagina 33,Trio Easy Clean,Antirreflexo,final,1969.00,1969.00,-10.25,5.25,0.00,-6.00,1.00,3.50,null,LENTES KODAK UNIQUE UHD CRIZAL
Optilab,Optilab 06 de abril a 31 de julho de 2026,LENTES KODAK®,Mista,mista,92cf3562-3cad-49be-87b2-139a8c52df5a,1.50 + Transitions Gen S,LENTES KODAK® LENTES KODAK UNIQUE UHD CRIZAL 1.50 + Transitions Gen S,multifocal,Resina,1.50,false,false,true,1769.00,Pagina 33,Verniz Hc,Revestimento,final,1769.00,1769.00,-10.25,5.25,0.00,-6.00,1.00,3.50,null,LENTES KODAK UNIQUE UHD CRIZAL
Optilab,Optilab 06 de abril a 31 de julho de 2026,LENTES KODAK®,Mista,mista,df887ef6-d522-4463-80c9-268e03d56354,Poly,LENTES KODAK® LENTES KODAK UNIQUE UHD CRIZAL Poly,multifocal,Policarbonato,1.59,false,false,true,1049.00,Pagina 33,Crizal Easy Pro,Antirreflexo,final,1449.00,1449.00,-10.00,6.50,0.00,-6.00,1.00,3.50,null,LENTES KODAK UNIQUE UHD CRIZAL
Optilab,Optilab 06 de abril a 31 de julho de 2026,LENTES KODAK®,Mista,mista,df887ef6-d522-4463-80c9-268e03d56354,Poly,LENTES KODAK® LENTES KODAK UNIQUE UHD CRIZAL Poly,multifocal,Policarbonato,1.59,false,false,true,1049.00,Pagina 33,Crizal Prevencia,Antirreflexo,final,2069.00,2069.00,-10.00,6.50,0.00,-6.00,1.00,3.50,null,LENTES KODAK UNIQUE UHD CRIZAL
Optilab,Optilab 06 de abril a 31 de julho de 2026,LENTES KODAK®,Mista,mista,df887ef6-d522-4463-80c9-268e03d56354,Poly,LENTES KODAK® LENTES KODAK UNIQUE UHD CRIZAL Poly,multifocal,Policarbonato,1.59,false,false,true,1049.00,Pagina 33,Crizal Rock,Antirreflexo,final,1799.00,1799.00,-10.00,6.50,0.00,-6.00,1.00,3.50,null,LENTES KODAK UNIQUE UHD CRIZAL
Optilab,Optilab 06 de abril a 31 de julho de 2026,LENTES KODAK®,Mista,mista,df887ef6-d522-4463-80c9-268e03d56354,Poly,LENTES KODAK® LENTES KODAK UNIQUE UHD CRIZAL Poly,multifocal,Policarbonato,1.59,false,false,true,1049.00,Pagina 33,Crizal Sapphire HR,Antirreflexo,final,2069.00,2069.00,-10.00,6.50,0.00,-6.00,1.00,3.50,null,LENTES KODAK UNIQUE UHD CRIZAL
Optilab,Optilab 06 de abril a 31 de julho de 2026,LENTES KODAK®,Mista,mista,df887ef6-d522-4463-80c9-268e03d56354,Poly,LENTES KODAK® LENTES KODAK UNIQUE UHD CRIZAL Poly,multifocal,Policarbonato,1.59,false,false,true,1049.00,Pagina 33,No Reflex,Antirreflexo,final,1299.00,1299.00,-10.00,6.50,0.00,-6.00,1.00,3.50,null,LENTES KODAK UNIQUE UHD CRIZAL
Optilab,Optilab 06 de abril a 31 de julho de 2026,LENTES KODAK®,Mista,mista,df887ef6-d522-4463-80c9-268e03d56354,Poly,LENTES KODAK® LENTES KODAK UNIQUE UHD CRIZAL Poly,multifocal,Policarbonato,1.59,false,false,true,1049.00,Pagina 33,Optifog,Antirreflexo,final,1689.00,1689.00,-10.00,6.50,0.00,-6.00,1.00,3.50,null,LENTES KODAK UNIQUE UHD CRIZAL
Optilab,Optilab 06 de abril a 31 de julho de 2026,LENTES KODAK®,Mista,mista,df887ef6-d522-4463-80c9-268e03d56354,Poly,LENTES KODAK® LENTES KODAK UNIQUE UHD CRIZAL Poly,multifocal,Policarbonato,1.59,false,false,true,1049.00,Pagina 33,Trio Easy Clean,Antirreflexo,final,1249.00,1249.00,-10.00,6.50,0.00,-6.00,1.00,3.50,null,LENTES KODAK UNIQUE UHD CRIZAL
Optilab,Optilab 06 de abril a 31 de julho de 2026,LENTES KODAK®,Mista,mista,df887ef6-d522-4463-80c9-268e03d56354,Poly,LENTES KODAK® LENTES KODAK UNIQUE UHD CRIZAL Poly,multifocal,Policarbonato,1.59,false,false,true,1049.00,Pagina 33,Verniz Hc,Revestimento,final,1049.00,1049.00,-10.00,6.50,0.00,-6.00,1.00,3.50,null,LENTES KODAK UNIQUE UHD CRIZAL
Optilab,Optilab 06 de abril a 31 de julho de 2026,LENTES KODAK®,Mista,mista,a13b8f68-6777-41a5-b081-c2bcc9d4df7c,Poly + Transitions Extractive,LENTES KODAK® LENTES KODAK UNIQUE UHD CRIZAL Poly + Transitions Extractive,multifocal,Policarbonato,1.59,false,false,true,2059.00,Pagina 33,Crizal Easy Pro,Antirreflexo,final,2459.00,2459.00,-10.00,6.50,0.00,-6.00,1.00,3.50,null,LENTES KODAK UNIQUE UHD CRIZAL
Optilab,Optilab 06 de abril a 31 de julho de 2026,LENTES KODAK®,Mista,mista,a13b8f68-6777-41a5-b081-c2bcc9d4df7c,Poly + Transitions Extractive,LENTES KODAK® LENTES KODAK UNIQUE UHD CRIZAL Poly + Transitions Extractive,multifocal,Policarbonato,1.59,false,false,true,2059.00,Pagina 33,Crizal Prevencia,Antirreflexo,final,3079.00,3079.00,-10.00,6.50,0.00,-6.00,1.00,3.50,null,LENTES KODAK UNIQUE UHD CRIZAL
Optilab,Optilab 06 de abril a 31 de julho de 2026,LENTES KODAK®,Mista,mista,a13b8f68-6777-41a5-b081-c2bcc9d4df7c,Poly + Transitions Extractive,LENTES KODAK® LENTES KODAK UNIQUE UHD CRIZAL Poly + Transitions Extractive,multifocal,Policarbonato,1.59,false,false,true,2059.00,Pagina 33,Crizal Rock,Antirreflexo,final,2809.00,2809.00,-10.00,6.50,0.00,-6.00,1.00,3.50,null,LENTES KODAK UNIQUE UHD CRIZAL
Optilab,Optilab 06 de abril a 31 de julho de 2026,LENTES KODAK®,Mista,mista,a13b8f68-6777-41a5-b081-c2bcc9d4df7c,Poly + Transitions Extractive,LENTES KODAK® LENTES KODAK UNIQUE UHD CRIZAL Poly + Transitions Extractive,multifocal,Policarbonato,1.59,false,false,true,2059.00,Pagina 33,Crizal Sapphire HR,Antirreflexo,final,3079.00,3079.00,-10.00,6.50,0.00,-6.00,1.00,3.50,null,LENTES KODAK UNIQUE UHD CRIZAL
Optilab,Optilab 06 de abril a 31 de julho de 2026,LENTES KODAK®,Mista,mista,a13b8f68-6777-41a5-b081-c2bcc9d4df7c,Poly + Transitions Extractive,LENTES KODAK® LENTES KODAK UNIQUE UHD CRIZAL Poly + Transitions Extractive,multifocal,Policarbonato,1.59,false,false,true,2059.00,Pagina 33,No Reflex,Antirreflexo,final,2309.00,2309.00,-10.00,6.50,0.00,-6.00,1.00,3.50,null,LENTES KODAK UNIQUE UHD CRIZAL
Optilab,Optilab 06 de abril a 31 de julho de 2026,LENTES KODAK®,Mista,mista,a13b8f68-6777-41a5-b081-c2bcc9d4df7c,Poly + Transitions Extractive,LENTES KODAK® LENTES KODAK UNIQUE UHD CRIZAL Poly + Transitions Extractive,multifocal,Policarbonato,1.59,false,false,true,2059.00,Pagina 33,Optifog,Antirreflexo,final,2699.00,2699.00,-10.00,6.50,0.00,-6.00,1.00,3.50,null,LENTES KODAK UNIQUE UHD CRIZAL
Optilab,Optilab 06 de abril a 31 de julho de 2026,LENTES KODAK®,Mista,mista,a13b8f68-6777-41a5-b081-c2bcc9d4df7c,Poly + Transitions Extractive,LENTES KODAK® LENTES KODAK UNIQUE UHD CRIZAL Poly + Transitions Extractive,multifocal,Policarbonato,1.59,false,false,true,2059.00,Pagina 33,Trio Easy Clean,Antirreflexo,final,2259.00,2259.00,-10.00,6.50,0.00,-6.00,1.00,3.50,null,LENTES KODAK UNIQUE UHD CRIZAL
Optilab,Optilab 06 de abril a 31 de julho de 2026,LENTES KODAK®,Mista,mista,a13b8f68-6777-41a5-b081-c2bcc9d4df7c,Poly + Transitions Extractive,LENTES KODAK® LENTES KODAK UNIQUE UHD CRIZAL Poly + Transitions Extractive,multifocal,Policarbonato,1.59,false,false,true,2059.00,Pagina 33,Verniz Hc,Revestimento,final,2059.00,2059.00,-10.00,6.50,0.00,-6.00,1.00,3.50,null,LENTES KODAK UNIQUE UHD CRIZAL
Optilab,Optilab 06 de abril a 31 de julho de 2026,LENTES KODAK®,Mista,mista,46276268-d28d-4d30-8ec6-32e4c3b808a6,Poly + Transitions Gen S,LENTES KODAK® LENTES KODAK UNIQUE UHD CRIZAL Poly + Transitions Gen S,multifocal,Policarbonato,1.59,false,false,true,1989.00,Pagina 33,Crizal Easy Pro,Antirreflexo,final,2389.00,2389.00,-10.00,6.50,0.00,-6.00,1.00,3.50,null,LENTES KODAK UNIQUE UHD CRIZAL
Optilab,Optilab 06 de abril a 31 de julho de 2026,LENTES KODAK®,Mista,mista,46276268-d28d-4d30-8ec6-32e4c3b808a6,Poly + Transitions Gen S,LENTES KODAK® LENTES KODAK UNIQUE UHD CRIZAL Poly + Transitions Gen S,multifocal,Policarbonato,1.59,false,false,true,1989.00,Pagina 33,Crizal Prevencia,Antirreflexo,final,3009.00,3009.00,-10.00,6.50,0.00,-6.00,1.00,3.50,null,LENTES KODAK UNIQUE UHD CRIZAL
Optilab,Optilab 06 de abril a 31 de julho de 2026,LENTES KODAK®,Mista,mista,46276268-d28d-4d30-8ec6-32e4c3b808a6,Poly + Transitions Gen S,LENTES KODAK® LENTES KODAK UNIQUE UHD CRIZAL Poly + Transitions Gen S,multifocal,Policarbonato,1.59,false,false,true,1989.00,Pagina 33,Crizal Rock,Antirreflexo,final,2739.00,2739.00,-10.00,6.50,0.00,-6.00,1.00,3.50,null,LENTES KODAK UNIQUE UHD CRIZAL
Optilab,Optilab 06 de abril a 31 de julho de 2026,LENTES KODAK®,Mista,mista,46276268-d28d-4d30-8ec6-32e4c3b808a6,Poly + Transitions Gen S,LENTES KODAK® LENTES KODAK UNIQUE UHD CRIZAL Poly + Transitions Gen S,multifocal,Policarbonato,1.59,false,false,true,1989.00,Pagina 33,Crizal Sapphire HR,Antirreflexo,final,3009.00,3009.00,-10.00,6.50,0.00,-6.00,1.00,3.50,null,LENTES KODAK UNIQUE UHD CRIZAL
Optilab,Optilab 06 de abril a 31 de julho de 2026,LENTES KODAK®,Mista,mista,46276268-d28d-4d30-8ec6-32e4c3b808a6,Poly + Transitions Gen S,LENTES KODAK® LENTES KODAK UNIQUE UHD CRIZAL Poly + Transitions Gen S,multifocal,Policarbonato,1.59,false,false,true,1989.00,Pagina 33,No Reflex,Antirreflexo,final,2239.00,2239.00,-10.00,6.50,0.00,-6.00,1.00,3.50,null,LENTES KODAK UNIQUE UHD CRIZAL
Optilab,Optilab 06 de abril a 31 de julho de 2026,LENTES KODAK®,Mista,mista,46276268-d28d-4d30-8ec6-32e4c3b808a6,Poly + Transitions Gen S,LENTES KODAK® LENTES KODAK UNIQUE UHD CRIZAL Poly + Transitions Gen S,multifocal,Policarbonato,1.59,false,false,true,1989.00,Pagina 33,Optifog,Antirreflexo,final,2629.00,2629.00,-10.00,6.50,0.00,-6.00,1.00,3.50,null,LENTES KODAK UNIQUE UHD CRIZAL
Optilab,Optilab 06 de abril a 31 de julho de 2026,LENTES KODAK®,Mista,mista,46276268-d28d-4d30-8ec6-32e4c3b808a6,Poly + Transitions Gen S,LENTES KODAK® LENTES KODAK UNIQUE UHD CRIZAL Poly + Transitions Gen S,multifocal,Policarbonato,1.59,false,false,true,1989.00,Pagina 33,Trio Easy Clean,Antirreflexo,final,2189.00,2189.00,-10.00,6.50,0.00,-6.00,1.00,3.50,null,LENTES KODAK UNIQUE UHD CRIZAL
Optilab,Optilab 06 de abril a 31 de julho de 2026,LENTES KODAK®,Mista,mista,46276268-d28d-4d30-8ec6-32e4c3b808a6,Poly + Transitions Gen S,LENTES KODAK® LENTES KODAK UNIQUE UHD CRIZAL Poly + Transitions Gen S,multifocal,Policarbonato,1.59,false,false,true,1989.00,Pagina 33,Verniz Hc,Revestimento,final,1989.00,1989.00,-10.00,6.50,0.00,-6.00,1.00,3.50,null,LENTES KODAK UNIQUE UHD CRIZAL
Optilab,Optilab 06 de abril a 31 de julho de 2026,LENTES KODAK®,Mista,mista,571636df-9eda-440c-9dd6-51b9c38ca266,Stylis 1.67,LENTES KODAK® LENTES KODAK UNIQUE UHD CRIZAL Stylis 1.67,multifocal,Resina High Index,1.67,false,false,true,2449.00,Pagina 33,Crizal Easy Pro,Antirreflexo,final,2649.00,2649.00,-14.00,8.00,0.00,-6.00,1.00,3.50,null,LENTES KODAK UNIQUE UHD CRIZAL
Optilab,Optilab 06 de abril a 31 de julho de 2026,LENTES KODAK®,Mista,mista,571636df-9eda-440c-9dd6-51b9c38ca266,Stylis 1.67,LENTES KODAK® LENTES KODAK UNIQUE UHD CRIZAL Stylis 1.67,multifocal,Resina High Index,1.67,false,false,true,2449.00,Pagina 33,Crizal Prevencia,Antirreflexo,final,3269.00,3269.00,-14.00,8.00,0.00,-6.00,1.00,3.50,null,LENTES KODAK UNIQUE UHD CRIZAL
Optilab,Optilab 06 de abril a 31 de julho de 2026,LENTES KODAK®,Mista,mista,571636df-9eda-440c-9dd6-51b9c38ca266,Stylis 1.67,LENTES KODAK® LENTES KODAK UNIQUE UHD CRIZAL Stylis 1.67,multifocal,Resina High Index,1.67,false,false,true,2449.00,Pagina 33,Crizal Rock,Antirreflexo,final,2999.00,2999.00,-14.00,8.00,0.00,-6.00,1.00,3.50,null,LENTES KODAK UNIQUE UHD CRIZAL
Optilab,Optilab 06 de abril a 31 de julho de 2026,LENTES KODAK®,Mista,mista,571636df-9eda-440c-9dd6-51b9c38ca266,Stylis 1.67,LENTES KODAK® LENTES KODAK UNIQUE UHD CRIZAL Stylis 1.67,multifocal,Resina High Index,1.67,false,false,true,2449.00,Pagina 33,Crizal Sapphire HR,Antirreflexo,final,3269.00,3269.00,-14.00,8.00,0.00,-6.00,1.00,3.50,null,LENTES KODAK UNIQUE UHD CRIZAL
Optilab,Optilab 06 de abril a 31 de julho de 2026,LENTES KODAK®,Mista,mista,571636df-9eda-440c-9dd6-51b9c38ca266,Stylis 1.67,LENTES KODAK® LENTES KODAK UNIQUE UHD CRIZAL Stylis 1.67,multifocal,Resina High Index,1.67,false,false,true,2449.00,Pagina 33,No Reflex,Antirreflexo,final,2499.00,2499.00,-14.00,8.00,0.00,-6.00,1.00,3.50,null,LENTES KODAK UNIQUE UHD CRIZAL
Optilab,Optilab 06 de abril a 31 de julho de 2026,LENTES KODAK®,Mista,mista,571636df-9eda-440c-9dd6-51b9c38ca266,Stylis 1.67,LENTES KODAK® LENTES KODAK UNIQUE UHD CRIZAL Stylis 1.67,multifocal,Resina High Index,1.67,false,false,true,2449.00,Pagina 33,Optifog,Antirreflexo,final,2889.00,2889.00,-14.00,8.00,0.00,-6.00,1.00,3.50,null,LENTES KODAK UNIQUE UHD CRIZAL
Optilab,Optilab 06 de abril a 31 de julho de 2026,LENTES KODAK®,Mista,mista,571636df-9eda-440c-9dd6-51b9c38ca266,Stylis 1.67,LENTES KODAK® LENTES KODAK UNIQUE UHD CRIZAL Stylis 1.67,multifocal,Resina High Index,1.67,false,false,true,2449.00,Pagina 33,Trio Easy Clean,Antirreflexo,final,2449.00,2449.00,-14.00,8.00,0.00,-6.00,1.00,3.50,null,LENTES KODAK UNIQUE UHD CRIZAL
Optilab,Optilab 06 de abril a 31 de julho de 2026,LENTES KODAK®,Mista,mista,e1555690-421b-4ef6-aafb-ef18e4cc048a,Stylis 1.67 + Transitions Gen S,LENTES KODAK® LENTES KODAK UNIQUE UHD CRIZAL Stylis 1.67 + Transitions Gen S,multifocal,Resina High Index,1.67,false,false,true,3389.00,Pagina 33,Crizal Easy Pro,Antirreflexo,final,3589.00,3589.00,-14.00,8.00,0.00,-6.00,1.00,3.50,null,LENTES KODAK UNIQUE UHD CRIZAL
Optilab,Optilab 06 de abril a 31 de julho de 2026,LENTES KODAK®,Mista,mista,e1555690-421b-4ef6-aafb-ef18e4cc048a,Stylis 1.67 + Transitions Gen S,LENTES KODAK® LENTES KODAK UNIQUE UHD CRIZAL Stylis 1.67 + Transitions Gen S,multifocal,Resina High Index,1.67,false,false,true,3389.00,Pagina 33,Crizal Prevencia,Antirreflexo,final,4209.00,4209.00,-14.00,8.00,0.00,-6.00,1.00,3.50,null,LENTES KODAK UNIQUE UHD CRIZAL
Optilab,Optilab 06 de abril a 31 de julho de 2026,LENTES KODAK®,Mista,mista,e1555690-421b-4ef6-aafb-ef18e4cc048a,Stylis 1.67 + Transitions Gen S,LENTES KODAK® LENTES KODAK UNIQUE UHD CRIZAL Stylis 1.67 + Transitions Gen S,multifocal,Resina High Index,1.67,false,false,true,3389.00,Pagina 33,Crizal Rock,Antirreflexo,final,3939.00,3939.00,-14.00,8.00,0.00,-6.00,1.00,3.50,null,LENTES KODAK UNIQUE UHD CRIZAL
Optilab,Optilab 06 de abril a 31 de julho de 2026,LENTES KODAK®,Mista,mista,e1555690-421b-4ef6-aafb-ef18e4cc048a,Stylis 1.67 + Transitions Gen S,LENTES KODAK® LENTES KODAK UNIQUE UHD CRIZAL Stylis 1.67 + Transitions Gen S,multifocal,Resina High Index,1.67,false,false,true,3389.00,Pagina 33,Crizal Sapphire HR,Antirreflexo,final,4209.00,4209.00,-14.00,8.00,0.00,-6.00,1.00,3.50,null,LENTES KODAK UNIQUE UHD CRIZAL
Optilab,Optilab 06 de abril a 31 de julho de 2026,LENTES KODAK®,Mista,mista,e1555690-421b-4ef6-aafb-ef18e4cc048a,Stylis 1.67 + Transitions Gen S,LENTES KODAK® LENTES KODAK UNIQUE UHD CRIZAL Stylis 1.67 + Transitions Gen S,multifocal,Resina High Index,1.67,false,false,true,3389.00,Pagina 33,No Reflex,Antirreflexo,final,3439.00,3439.00,-14.00,8.00,0.00,-6.00,1.00,3.50,null,LENTES KODAK UNIQUE UHD CRIZAL
Optilab,Optilab 06 de abril a 31 de julho de 2026,LENTES KODAK®,Mista,mista,e1555690-421b-4ef6-aafb-ef18e4cc048a,Stylis 1.67 + Transitions Gen S,LENTES KODAK® LENTES KODAK UNIQUE UHD CRIZAL Stylis 1.67 + Transitions Gen S,multifocal,Resina High Index,1.67,false,false,true,3389.00,Pagina 33,Optifog,Antirreflexo,final,3829.00,3829.00,-14.00,8.00,0.00,-6.00,1.00,3.50,null,LENTES KODAK UNIQUE UHD CRIZAL
Optilab,Optilab 06 de abril a 31 de julho de 2026,LENTES KODAK®,Mista,mista,e1555690-421b-4ef6-aafb-ef18e4cc048a,Stylis 1.67 + Transitions Gen S,LENTES KODAK® LENTES KODAK UNIQUE UHD CRIZAL Stylis 1.67 + Transitions Gen S,multifocal,Resina High Index,1.67,false,false,true,3389.00,Pagina 33,Trio Easy Clean,Antirreflexo,final,3389.00,3389.00,-14.00,8.00,0.00,-6.00,1.00,3.50,null,LENTES KODAK UNIQUE UHD CRIZAL
Optilab,Optilab 06 de abril a 31 de julho de 2026,LENTES KODAK®,Mista,mista,e488d770-280a-4857-bb46-16ad289d5c69,Stylis 1.74,LENTES KODAK® LENTES KODAK UNIQUE UHD CRIZAL Stylis 1.74,multifocal,Resina High Index,1.74,false,false,true,4049.00,Pagina 33,Crizal Sapphire HR,Antirreflexo,final,4049.00,4049.00,-18.00,13.00,0.00,-6.00,1.00,3.50,null,LENTES KODAK UNIQUE UHD CRIZAL
Optilab,Optilab 06 de abril a 31 de julho de 2026,LENTES KODAK®,Mista,mista,a70cb18e-303b-475d-916a-f2433f6e8d3e,Stylis 1.74 + Transitions Gen S,LENTES KODAK® LENTES KODAK UNIQUE UHD CRIZAL Stylis 1.74 + Transitions Gen S,multifocal,Resina High Index,1.74,false,false,true,4989.00,Pagina 33,Crizal Sapphire HR,Antirreflexo,final,4989.00,4989.00,-18.00,13.00,0.00,-6.00,1.00,3.50,null,LENTES KODAK UNIQUE UHD CRIZAL
Optilab,Optilab 06 de abril a 31 de julho de 2026,LENTES KODAK®,Mista,mista,d2284658-33b6-4803-bbcf-8cd04fdc7143,Lentes KODAK Blue 1.56,LENTES KODAK® LENTES PRONTAS Lentes KODAK Blue 1.56,visao_simples,Resina,1.56,true,true,false,219.00,Pagina 35,null,null,null,null,219.00,-6.00,4.00,0.00,-2.00,null,null,LENTES PRONTAS,null
Optilab,Optilab 06 de abril a 31 de julho de 2026,LENTES KODAK®,Mista,mista,a4123999-2daf-475a-9147-8b0f3b0aaa66,Lentes KODAK Blue 1.67,LENTES KODAK® LENTES PRONTAS Lentes KODAK Blue 1.67,visao_simples,Resina,1.67,true,true,false,879.00,Pagina 35,null,null,null,null,879.00,-10.00,6.00,0.00,-2.00,null,null,LENTES PRONTAS,null
Optilab,Optilab 06 de abril a 31 de julho de 2026,LENTES KODAK®,Mista,mista,24ffeaea-eb25-4300-bd7b-639ac304fb75,Lentes KODAK Blue Poly,LENTES KODAK® LENTES PRONTAS Lentes KODAK Blue Poly,visao_simples,Policarbonato,1.59,true,true,false,319.00,Pagina 35,null,null,null,null,319.00,-8.00,4.00,0.00,-2.00,null,null,LENTES PRONTAS,null
Optilab,Optilab 06 de abril a 31 de julho de 2026,LENTES KODAK®,Mista,mista,365ae8dd-f0dd-4c47-b47e-edcecf75b947,Lentes KODAK City 1.50 Transitions Gen 8*,LENTES KODAK® LENTES PRONTAS Lentes KODAK City 1.50 Transitions Gen 8*,visao_simples,Resina,1.50,true,true,false,329.00,Pagina 35,null,null,null,null,329.00,-4.00,4.00,0.00,-2.00,null,null,LENTES PRONTAS,null
Optilab,Optilab 06 de abril a 31 de julho de 2026,LENTES KODAK®,Mista,mista,05f0826b-91d5-4be5-b9b1-28c465e2f30e,Lentes KODAK City 1.56,LENTES KODAK® LENTES PRONTAS Lentes KODAK City 1.56,visao_simples,Resina,1.56,true,false,false,429.00,Pagina 35,null,null,null,null,429.00,-6.00,6.00,0.00,-2.00,null,null,LENTES PRONTAS,null
Optilab,Optilab 06 de abril a 31 de julho de 2026,LENTES KODAK®,Mista,mista,2e6477e8-969c-4c1a-9606-f55f726002ba,Lentes KODAK City 1.67,LENTES KODAK® LENTES PRONTAS Lentes KODAK City 1.67,visao_simples,Resina,1.67,true,false,false,649.00,Pagina 35,null,null,null,null,649.00,-12.00,0.00,0.00,-2.00,null,null,LENTES PRONTAS,null
Optilab,Optilab 06 de abril a 31 de julho de 2026,LENTES KODAK®,Mista,mista,ac29b69a-bacd-4c01-b1ff-16b546ab8223,Lentes KODAK City Poly,LENTES KODAK® LENTES PRONTAS Lentes KODAK City Poly,visao_simples,Policarbonato,1.59,true,false,false,989.00,Pagina 35,null,null,null,null,989.00,-8.00,4.00,0.00,-2.00,null,null,LENTES PRONTAS,null
Optilab,Optilab 06 de abril a 31 de julho de 2026,LENTES KODAK®,Mista,mista,9de872be-e4a8-44ff-839f-eabad7200098,Lentes KODAK Intro 1.56,LENTES KODAK® LENTES PRONTAS Lentes KODAK Intro 1.56,visao_simples,Resina,1.56,true,false,false,109.00,Pagina 35,null,null,null,null,109.00,-6.00,6.00,0.00,-2.00,null,null,LENTES PRONTAS,null
Optilab,Optilab 06 de abril a 31 de julho de 2026,LENTES KODAK®,Mista,mista,539d4459-05dc-4321-b6ca-11c79a5c70ca,Lentes KODAK Intro Poly,LENTES KODAK® LENTES PRONTAS Lentes KODAK Intro Poly,visao_simples,Policarbonato,1.59,true,false,false,209.00,Pagina 35,null,null,null,null,209.00,-8.00,4.00,0.00,-2.00,null,null,LENTES PRONTAS,null
Optilab,Optilab 06 de abril a 31 de julho de 2026,LENTES KODAK®,Mista,mista,a22f8645-284f-44b5-bd2a-85824dd855fb,1.50,LENTES KODAK® MULTIFOCAL DIGITAL LENTES KODAK NETWORK UHD CRIZAL 1.50,multifocal,Resina,1.50,false,false,true,709.00,Pagina 34,Crizal Easy Pro,Antirreflexo,final,1109.00,1109.00,-10.25,5.25,0.00,-6.00,1.00,3.50,MULTIFOCAL DIGITAL,LENTES KODAK NETWORK UHD CRIZAL
Optilab,Optilab 06 de abril a 31 de julho de 2026,LENTES KODAK®,Mista,mista,a22f8645-284f-44b5-bd2a-85824dd855fb,1.50,LENTES KODAK® MULTIFOCAL DIGITAL LENTES KODAK NETWORK UHD CRIZAL 1.50,multifocal,Resina,1.50,false,false,true,709.00,Pagina 34,Crizal Prevencia,Antirreflexo,final,1729.00,1729.00,-10.25,5.25,0.00,-6.00,1.00,3.50,MULTIFOCAL DIGITAL,LENTES KODAK NETWORK UHD CRIZAL
Optilab,Optilab 06 de abril a 31 de julho de 2026,LENTES KODAK®,Mista,mista,a22f8645-284f-44b5-bd2a-85824dd855fb,1.50,LENTES KODAK® MULTIFOCAL DIGITAL LENTES KODAK NETWORK UHD CRIZAL 1.50,multifocal,Resina,1.50,false,false,true,709.00,Pagina 34,Crizal Rock,Antirreflexo,final,1459.00,1459.00,-10.25,5.25,0.00,-6.00,1.00,3.50,MULTIFOCAL DIGITAL,LENTES KODAK NETWORK UHD CRIZAL
Optilab,Optilab 06 de abril a 31 de julho de 2026,LENTES KODAK®,Mista,mista,a22f8645-284f-44b5-bd2a-85824dd855fb,1.50,LENTES KODAK® MULTIFOCAL DIGITAL LENTES KODAK NETWORK UHD CRIZAL 1.50,multifocal,Resina,1.50,false,false,true,709.00,Pagina 34,Crizal Sapphire HR,Antirreflexo,final,1729.00,1729.00,-10.25,5.25,0.00,-6.00,1.00,3.50,MULTIFOCAL DIGITAL,LENTES KODAK NETWORK UHD CRIZAL
Optilab,Optilab 06 de abril a 31 de julho de 2026,LENTES KODAK®,Mista,mista,a22f8645-284f-44b5-bd2a-85824dd855fb,1.50,LENTES KODAK® MULTIFOCAL DIGITAL LENTES KODAK NETWORK UHD CRIZAL 1.50,multifocal,Resina,1.50,false,false,true,709.00,Pagina 34,No Reflex,Antirreflexo,final,959.00,959.00,-10.25,5.25,0.00,-6.00,1.00,3.50,MULTIFOCAL DIGITAL,LENTES KODAK NETWORK UHD CRIZAL
Optilab,Optilab 06 de abril a 31 de julho de 2026,LENTES KODAK®,Mista,mista,a22f8645-284f-44b5-bd2a-85824dd855fb,1.50,LENTES KODAK® MULTIFOCAL DIGITAL LENTES KODAK NETWORK UHD CRIZAL 1.50,multifocal,Resina,1.50,false,false,true,709.00,Pagina 34,Optifog,Antirreflexo,final,1349.00,1349.00,-10.25,5.25,0.00,-6.00,1.00,3.50,MULTIFOCAL DIGITAL,LENTES KODAK NETWORK UHD CRIZAL
Optilab,Optilab 06 de abril a 31 de julho de 2026,LENTES KODAK®,Mista,mista,a22f8645-284f-44b5-bd2a-85824dd855fb,1.50,LENTES KODAK® MULTIFOCAL DIGITAL LENTES KODAK NETWORK UHD CRIZAL 1.50,multifocal,Resina,1.50,false,false,true,709.00,Pagina 34,Trio Easy Clean,Antirreflexo,final,909.00,909.00,-10.25,5.25,0.00,-6.00,1.00,3.50,MULTIFOCAL DIGITAL,LENTES KODAK NETWORK UHD CRIZAL
Optilab,Optilab 06 de abril a 31 de julho de 2026,LENTES KODAK®,Mista,mista,a22f8645-284f-44b5-bd2a-85824dd855fb,1.50,LENTES KODAK® MULTIFOCAL DIGITAL LENTES KODAK NETWORK UHD CRIZAL 1.50,multifocal,Resina,1.50,false,false,true,709.00,Pagina 34,Verniz Hc,Revestimento,final,709.00,709.00,-10.25,5.25,0.00,-6.00,1.00,3.50,MULTIFOCAL DIGITAL,LENTES KODAK NETWORK UHD CRIZAL
Optilab,Optilab 06 de abril a 31 de julho de 2026,LENTES KODAK®,Mista,mista,de56c042-b02b-4eac-a851-9bad231828f0,1.50 + Transitions Extractive,LENTES KODAK® MULTIFOCAL DIGITAL LENTES KODAK NETWORK UHD CRIZAL 1.50 + Transitions Extractive,multifocal,Resina,1.50,false,false,true,1719.00,Pagina 34,Crizal Easy Pro,Antirreflexo,final,2119.00,2119.00,-10.25,5.25,0.00,-6.00,1.00,3.50,MULTIFOCAL DIGITAL,LENTES KODAK NETWORK UHD CRIZAL
Optilab,Optilab 06 de abril a 31 de julho de 2026,LENTES KODAK®,Mista,mista,de56c042-b02b-4eac-a851-9bad231828f0,1.50 + Transitions Extractive,LENTES KODAK® MULTIFOCAL DIGITAL LENTES KODAK NETWORK UHD CRIZAL 1.50 + Transitions Extractive,multifocal,Resina,1.50,false,false,true,1719.00,Pagina 34,Crizal Prevencia,Antirreflexo,final,2739.00,2739.00,-10.25,5.25,0.00,-6.00,1.00,3.50,MULTIFOCAL DIGITAL,LENTES KODAK NETWORK UHD CRIZAL
Optilab,Optilab 06 de abril a 31 de julho de 2026,LENTES KODAK®,Mista,mista,de56c042-b02b-4eac-a851-9bad231828f0,1.50 + Transitions Extractive,LENTES KODAK® MULTIFOCAL DIGITAL LENTES KODAK NETWORK UHD CRIZAL 1.50 + Transitions Extractive,multifocal,Resina,1.50,false,false,true,1719.00,Pagina 34,Crizal Rock,Antirreflexo,final,2469.00,2469.00,-10.25,5.25,0.00,-6.00,1.00,3.50,MULTIFOCAL DIGITAL,LENTES KODAK NETWORK UHD CRIZAL
Optilab,Optilab 06 de abril a 31 de julho de 2026,LENTES KODAK®,Mista,mista,de56c042-b02b-4eac-a851-9bad231828f0,1.50 + Transitions Extractive,LENTES KODAK® MULTIFOCAL DIGITAL LENTES KODAK NETWORK UHD CRIZAL 1.50 + Transitions Extractive,multifocal,Resina,1.50,false,false,true,1719.00,Pagina 34,Crizal Sapphire HR,Antirreflexo,final,2739.00,2739.00,-10.25,5.25,0.00,-6.00,1.00,3.50,MULTIFOCAL DIGITAL,LENTES KODAK NETWORK UHD CRIZAL
Optilab,Optilab 06 de abril a 31 de julho de 2026,LENTES KODAK®,Mista,mista,de56c042-b02b-4eac-a851-9bad231828f0,1.50 + Transitions Extractive,LENTES KODAK® MULTIFOCAL DIGITAL LENTES KODAK NETWORK UHD CRIZAL 1.50 + Transitions Extractive,multifocal,Resina,1.50,false,false,true,1719.00,Pagina 34,No Reflex,Antirreflexo,final,1969.00,1969.00,-10.25,5.25,0.00,-6.00,1.00,3.50,MULTIFOCAL DIGITAL,LENTES KODAK NETWORK UHD CRIZAL
Optilab,Optilab 06 de abril a 31 de julho de 2026,LENTES KODAK®,Mista,mista,de56c042-b02b-4eac-a851-9bad231828f0,1.50 + Transitions Extractive,LENTES KODAK® MULTIFOCAL DIGITAL LENTES KODAK NETWORK UHD CRIZAL 1.50 + Transitions Extractive,multifocal,Resina,1.50,false,false,true,1719.00,Pagina 34,Optifog,Antirreflexo,final,2359.00,2359.00,-10.25,5.25,0.00,-6.00,1.00,3.50,MULTIFOCAL DIGITAL,LENTES KODAK NETWORK UHD CRIZAL
Optilab,Optilab 06 de abril a 31 de julho de 2026,LENTES KODAK®,Mista,mista,de56c042-b02b-4eac-a851-9bad231828f0,1.50 + Transitions Extractive,LENTES KODAK® MULTIFOCAL DIGITAL LENTES KODAK NETWORK UHD CRIZAL 1.50 + Transitions Extractive,multifocal,Resina,1.50,false,false,true,1719.00,Pagina 34,Trio Easy Clean,Antirreflexo,final,1919.00,1919.00,-10.25,5.25,0.00,-6.00,1.00,3.50,MULTIFOCAL DIGITAL,LENTES KODAK NETWORK UHD CRIZAL
Optilab,Optilab 06 de abril a 31 de julho de 2026,LENTES KODAK®,Mista,mista,de56c042-b02b-4eac-a851-9bad231828f0,1.50 + Transitions Extractive,LENTES KODAK® MULTIFOCAL DIGITAL LENTES KODAK NETWORK UHD CRIZAL 1.50 + Transitions Extractive,multifocal,Resina,1.50,false,false,true,1719.00,Pagina 34,Verniz Hc,Revestimento,final,1719.00,1719.00,-10.25,5.25,0.00,-6.00,1.00,3.50,MULTIFOCAL DIGITAL,LENTES KODAK NETWORK UHD CRIZAL
Optilab,Optilab 06 de abril a 31 de julho de 2026,LENTES KODAK®,Mista,mista,aee2dbf6-a6c5-4449-a019-71c2961ea8db,1.50 + Transitions Gen S,LENTES KODAK® MULTIFOCAL DIGITAL LENTES KODAK NETWORK UHD CRIZAL 1.50 + Transitions Gen S,multifocal,Resina,1.50,false,false,true,1649.00,Pagina 34,Crizal Easy Pro,Antirreflexo,final,2049.00,2049.00,-10.25,5.25,0.00,-6.00,1.00,3.50,MULTIFOCAL DIGITAL,LENTES KODAK NETWORK UHD CRIZAL
Optilab,Optilab 06 de abril a 31 de julho de 2026,LENTES KODAK®,Mista,mista,aee2dbf6-a6c5-4449-a019-71c2961ea8db,1.50 + Transitions Gen S,LENTES KODAK® MULTIFOCAL DIGITAL LENTES KODAK NETWORK UHD CRIZAL 1.50 + Transitions Gen S,multifocal,Resina,1.50,false,false,true,1649.00,Pagina 34,Crizal Prevencia,Antirreflexo,final,2669.00,2669.00,-10.25,5.25,0.00,-6.00,1.00,3.50,MULTIFOCAL DIGITAL,LENTES KODAK NETWORK UHD CRIZAL
Optilab,Optilab 06 de abril a 31 de julho de 2026,LENTES KODAK®,Mista,mista,aee2dbf6-a6c5-4449-a019-71c2961ea8db,1.50 + Transitions Gen S,LENTES KODAK® MULTIFOCAL DIGITAL LENTES KODAK NETWORK UHD CRIZAL 1.50 + Transitions Gen S,multifocal,Resina,1.50,false,false,true,1649.00,Pagina 34,Crizal Rock,Antirreflexo,final,2399.00,2399.00,-10.25,5.25,0.00,-6.00,1.00,3.50,MULTIFOCAL DIGITAL,LENTES KODAK NETWORK UHD CRIZAL
Optilab,Optilab 06 de abril a 31 de julho de 2026,LENTES KODAK®,Mista,mista,aee2dbf6-a6c5-4449-a019-71c2961ea8db,1.50 + Transitions Gen S,LENTES KODAK® MULTIFOCAL DIGITAL LENTES KODAK NETWORK UHD CRIZAL 1.50 + Transitions Gen S,multifocal,Resina,1.50,false,false,true,1649.00,Pagina 34,Crizal Sapphire HR,Antirreflexo,final,2669.00,2669.00,-10.25,5.25,0.00,-6.00,1.00,3.50,MULTIFOCAL DIGITAL,LENTES KODAK NETWORK UHD CRIZAL
Optilab,Optilab 06 de abril a 31 de julho de 2026,LENTES KODAK®,Mista,mista,aee2dbf6-a6c5-4449-a019-71c2961ea8db,1.50 + Transitions Gen S,LENTES KODAK® MULTIFOCAL DIGITAL LENTES KODAK NETWORK UHD CRIZAL 1.50 + Transitions Gen S,multifocal,Resina,1.50,false,false,true,1649.00,Pagina 34,No Reflex,Antirreflexo,final,1899.00,1899.00,-10.25,5.25,0.00,-6.00,1.00,3.50,MULTIFOCAL DIGITAL,LENTES KODAK NETWORK UHD CRIZAL
Optilab,Optilab 06 de abril a 31 de julho de 2026,LENTES KODAK®,Mista,mista,aee2dbf6-a6c5-4449-a019-71c2961ea8db,1.50 + Transitions Gen S,LENTES KODAK® MULTIFOCAL DIGITAL LENTES KODAK NETWORK UHD CRIZAL 1.50 + Transitions Gen S,multifocal,Resina,1.50,false,false,true,1649.00,Pagina 34,Optifog,Antirreflexo,final,2289.00,2289.00,-10.25,5.25,0.00,-6.00,1.00,3.50,MULTIFOCAL DIGITAL,LENTES KODAK NETWORK UHD CRIZAL
Optilab,Optilab 06 de abril a 31 de julho de 2026,LENTES KODAK®,Mista,mista,aee2dbf6-a6c5-4449-a019-71c2961ea8db,1.50 + Transitions Gen S,LENTES KODAK® MULTIFOCAL DIGITAL LENTES KODAK NETWORK UHD CRIZAL 1.50 + Transitions Gen S,multifocal,Resina,1.50,false,false,true,1649.00,Pagina 34,Trio Easy Clean,Antirreflexo,final,1849.00,1849.00,-10.25,5.25,0.00,-6.00,1.00,3.50,MULTIFOCAL DIGITAL,LENTES KODAK NETWORK UHD CRIZAL
Optilab,Optilab 06 de abril a 31 de julho de 2026,LENTES KODAK®,Mista,mista,aee2dbf6-a6c5-4449-a019-71c2961ea8db,1.50 + Transitions Gen S,LENTES KODAK® MULTIFOCAL DIGITAL LENTES KODAK NETWORK UHD CRIZAL 1.50 + Transitions Gen S,multifocal,Resina,1.50,false,false,true,1649.00,Pagina 34,Verniz Hc,Revestimento,final,1649.00,1649.00,-10.25,5.25,0.00,-6.00,1.00,3.50,MULTIFOCAL DIGITAL,LENTES KODAK NETWORK UHD CRIZAL
Optilab,Optilab 06 de abril a 31 de julho de 2026,LENTES KODAK®,Mista,mista,fbbb8f82-be62-4eed-9a93-c069500419e8,Poly,LENTES KODAK® MULTIFOCAL DIGITAL LENTES KODAK NETWORK UHD CRIZAL Poly,multifocal,Policarbonato,1.59,false,false,true,929.00,Pagina 34,Crizal Easy Pro,Antirreflexo,final,1329.00,1329.00,-10.00,6.50,0.00,-6.00,1.00,3.50,MULTIFOCAL DIGITAL,LENTES KODAK NETWORK UHD CRIZAL
Optilab,Optilab 06 de abril a 31 de julho de 2026,LENTES KODAK®,Mista,mista,fbbb8f82-be62-4eed-9a93-c069500419e8,Poly,LENTES KODAK® MULTIFOCAL DIGITAL LENTES KODAK NETWORK UHD CRIZAL Poly,multifocal,Policarbonato,1.59,false,false,true,929.00,Pagina 34,Crizal Prevencia,Antirreflexo,final,1949.00,1949.00,-10.00,6.50,0.00,-6.00,1.00,3.50,MULTIFOCAL DIGITAL,LENTES KODAK NETWORK UHD CRIZAL
Optilab,Optilab 06 de abril a 31 de julho de 2026,LENTES KODAK®,Mista,mista,fbbb8f82-be62-4eed-9a93-c069500419e8,Poly,LENTES KODAK® MULTIFOCAL DIGITAL LENTES KODAK NETWORK UHD CRIZAL Poly,multifocal,Policarbonato,1.59,false,false,true,929.00,Pagina 34,Crizal Rock,Antirreflexo,final,1679.00,1679.00,-10.00,6.50,0.00,-6.00,1.00,3.50,MULTIFOCAL DIGITAL,LENTES KODAK NETWORK UHD CRIZAL
Optilab,Optilab 06 de abril a 31 de julho de 2026,LENTES KODAK®,Mista,mista,fbbb8f82-be62-4eed-9a93-c069500419e8,Poly,LENTES KODAK® MULTIFOCAL DIGITAL LENTES KODAK NETWORK UHD CRIZAL Poly,multifocal,Policarbonato,1.59,false,false,true,929.00,Pagina 34,Crizal Sapphire HR,Antirreflexo,final,1949.00,1949.00,-10.00,6.50,0.00,-6.00,1.00,3.50,MULTIFOCAL DIGITAL,LENTES KODAK NETWORK UHD CRIZAL
Optilab,Optilab 06 de abril a 31 de julho de 2026,LENTES KODAK®,Mista,mista,fbbb8f82-be62-4eed-9a93-c069500419e8,Poly,LENTES KODAK® MULTIFOCAL DIGITAL LENTES KODAK NETWORK UHD CRIZAL Poly,multifocal,Policarbonato,1.59,false,false,true,929.00,Pagina 34,No Reflex,Antirreflexo,final,1179.00,1179.00,-10.00,6.50,0.00,-6.00,1.00,3.50,MULTIFOCAL DIGITAL,LENTES KODAK NETWORK UHD CRIZAL
Optilab,Optilab 06 de abril a 31 de julho de 2026,LENTES KODAK®,Mista,mista,fbbb8f82-be62-4eed-9a93-c069500419e8,Poly,LENTES KODAK® MULTIFOCAL DIGITAL LENTES KODAK NETWORK UHD CRIZAL Poly,multifocal,Policarbonato,1.59,false,false,true,929.00,Pagina 34,Optifog,Antirreflexo,final,1569.00,1569.00,-10.00,6.50,0.00,-6.00,1.00,3.50,MULTIFOCAL DIGITAL,LENTES KODAK NETWORK UHD CRIZAL
Optilab,Optilab 06 de abril a 31 de julho de 2026,LENTES KODAK®,Mista,mista,fbbb8f82-be62-4eed-9a93-c069500419e8,Poly,LENTES KODAK® MULTIFOCAL DIGITAL LENTES KODAK NETWORK UHD CRIZAL Poly,multifocal,Policarbonato,1.59,false,false,true,929.00,Pagina 34,Trio Easy Clean,Antirreflexo,final,1129.00,1129.00,-10.00,6.50,0.00,-6.00,1.00,3.50,MULTIFOCAL DIGITAL,LENTES KODAK NETWORK UHD CRIZAL
Optilab,Optilab 06 de abril a 31 de julho de 2026,LENTES KODAK®,Mista,mista,fbbb8f82-be62-4eed-9a93-c069500419e8,Poly,LENTES KODAK® MULTIFOCAL DIGITAL LENTES KODAK NETWORK UHD CRIZAL Poly,multifocal,Policarbonato,1.59,false,false,true,929.00,Pagina 34,Verniz Hc,Revestimento,final,929.00,929.00,-10.00,6.50,0.00,-6.00,1.00,3.50,MULTIFOCAL DIGITAL,LENTES KODAK NETWORK UHD CRIZAL
Optilab,Optilab 06 de abril a 31 de julho de 2026,LENTES KODAK®,Mista,mista,650424c0-0551-46f7-8ffc-ae3a47f07d24,Poly + Transitions Extractive,LENTES KODAK® MULTIFOCAL DIGITAL LENTES KODAK NETWORK UHD CRIZAL Poly + Transitions Extractive,multifocal,Policarbonato,1.59,false,false,true,1939.00,Pagina 34,Crizal Easy Pro,Antirreflexo,final,2339.00,2339.00,-10.00,6.50,0.00,-6.00,1.00,3.50,MULTIFOCAL DIGITAL,LENTES KODAK NETWORK UHD CRIZAL
Optilab,Optilab 06 de abril a 31 de julho de 2026,LENTES KODAK®,Mista,mista,650424c0-0551-46f7-8ffc-ae3a47f07d24,Poly + Transitions Extractive,LENTES KODAK® MULTIFOCAL DIGITAL LENTES KODAK NETWORK UHD CRIZAL Poly + Transitions Extractive,multifocal,Policarbonato,1.59,false,false,true,1939.00,Pagina 34,Crizal Prevencia,Antirreflexo,final,2959.00,2959.00,-10.00,6.50,0.00,-6.00,1.00,3.50,MULTIFOCAL DIGITAL,LENTES KODAK NETWORK UHD CRIZAL
Optilab,Optilab 06 de abril a 31 de julho de 2026,LENTES KODAK®,Mista,mista,650424c0-0551-46f7-8ffc-ae3a47f07d24,Poly + Transitions Extractive,LENTES KODAK® MULTIFOCAL DIGITAL LENTES KODAK NETWORK UHD CRIZAL Poly + Transitions Extractive,multifocal,Policarbonato,1.59,false,false,true,1939.00,Pagina 34,Crizal Rock,Antirreflexo,final,2689.00,2689.00,-10.00,6.50,0.00,-6.00,1.00,3.50,MULTIFOCAL DIGITAL,LENTES KODAK NETWORK UHD CRIZAL
Optilab,Optilab 06 de abril a 31 de julho de 2026,LENTES KODAK®,Mista,mista,650424c0-0551-46f7-8ffc-ae3a47f07d24,Poly + Transitions Extractive,LENTES KODAK® MULTIFOCAL DIGITAL LENTES KODAK NETWORK UHD CRIZAL Poly + Transitions Extractive,multifocal,Policarbonato,1.59,false,false,true,1939.00,Pagina 34,Crizal Sapphire HR,Antirreflexo,final,2959.00,2959.00,-10.00,6.50,0.00,-6.00,1.00,3.50,MULTIFOCAL DIGITAL,LENTES KODAK NETWORK UHD CRIZAL
Optilab,Optilab 06 de abril a 31 de julho de 2026,LENTES KODAK®,Mista,mista,650424c0-0551-46f7-8ffc-ae3a47f07d24,Poly + Transitions Extractive,LENTES KODAK® MULTIFOCAL DIGITAL LENTES KODAK NETWORK UHD CRIZAL Poly + Transitions Extractive,multifocal,Policarbonato,1.59,false,false,true,1939.00,Pagina 34,No Reflex,Antirreflexo,final,2189.00,2189.00,-10.00,6.50,0.00,-6.00,1.00,3.50,MULTIFOCAL DIGITAL,LENTES KODAK NETWORK UHD CRIZAL
Optilab,Optilab 06 de abril a 31 de julho de 2026,LENTES KODAK®,Mista,mista,650424c0-0551-46f7-8ffc-ae3a47f07d24,Poly + Transitions Extractive,LENTES KODAK® MULTIFOCAL DIGITAL LENTES KODAK NETWORK UHD CRIZAL Poly + Transitions Extractive,multifocal,Policarbonato,1.59,false,false,true,1939.00,Pagina 34,Optifog,Antirreflexo,final,2579.00,2579.00,-10.00,6.50,0.00,-6.00,1.00,3.50,MULTIFOCAL DIGITAL,LENTES KODAK NETWORK UHD CRIZAL
Optilab,Optilab 06 de abril a 31 de julho de 2026,LENTES KODAK®,Mista,mista,650424c0-0551-46f7-8ffc-ae3a47f07d24,Poly + Transitions Extractive,LENTES KODAK® MULTIFOCAL DIGITAL LENTES KODAK NETWORK UHD CRIZAL Poly + Transitions Extractive,multifocal,Policarbonato,1.59,false,false,true,1939.00,Pagina 34,Trio Easy Clean,Antirreflexo,final,2139.00,2139.00,-10.00,6.50,0.00,-6.00,1.00,3.50,MULTIFOCAL DIGITAL,LENTES KODAK NETWORK UHD CRIZAL
Optilab,Optilab 06 de abril a 31 de julho de 2026,LENTES KODAK®,Mista,mista,650424c0-0551-46f7-8ffc-ae3a47f07d24,Poly + Transitions Extractive,LENTES KODAK® MULTIFOCAL DIGITAL LENTES KODAK NETWORK UHD CRIZAL Poly + Transitions Extractive,multifocal,Policarbonato,1.59,false,false,true,1939.00,Pagina 34,Verniz Hc,Revestimento,final,1939.00,1939.00,-10.00,6.50,0.00,-6.00,1.00,3.50,MULTIFOCAL DIGITAL,LENTES KODAK NETWORK UHD CRIZAL
Optilab,Optilab 06 de abril a 31 de julho de 2026,LENTES KODAK®,Mista,mista,56b36293-adb5-4318-8f66-c6c2516c4c13,Poly + Transitions Gen S,LENTES KODAK® MULTIFOCAL DIGITAL LENTES KODAK NETWORK UHD CRIZAL Poly + Transitions Gen S,multifocal,Policarbonato,1.59,false,false,true,1869.00,Pagina 34,Crizal Easy Pro,Antirreflexo,final,2269.00,2269.00,-10.00,6.50,0.00,-6.00,1.00,3.50,MULTIFOCAL DIGITAL,LENTES KODAK NETWORK UHD CRIZAL
Optilab,Optilab 06 de abril a 31 de julho de 2026,LENTES KODAK®,Mista,mista,56b36293-adb5-4318-8f66-c6c2516c4c13,Poly + Transitions Gen S,LENTES KODAK® MULTIFOCAL DIGITAL LENTES KODAK NETWORK UHD CRIZAL Poly + Transitions Gen S,multifocal,Policarbonato,1.59,false,false,true,1869.00,Pagina 34,Crizal Prevencia,Antirreflexo,final,2889.00,2889.00,-10.00,6.50,0.00,-6.00,1.00,3.50,MULTIFOCAL DIGITAL,LENTES KODAK NETWORK UHD CRIZAL
Optilab,Optilab 06 de abril a 31 de julho de 2026,LENTES KODAK®,Mista,mista,56b36293-adb5-4318-8f66-c6c2516c4c13,Poly + Transitions Gen S,LENTES KODAK® MULTIFOCAL DIGITAL LENTES KODAK NETWORK UHD CRIZAL Poly + Transitions Gen S,multifocal,Policarbonato,1.59,false,false,true,1869.00,Pagina 34,Crizal Rock,Antirreflexo,final,2619.00,2619.00,-10.00,6.50,0.00,-6.00,1.00,3.50,MULTIFOCAL DIGITAL,LENTES KODAK NETWORK UHD CRIZAL
Optilab,Optilab 06 de abril a 31 de julho de 2026,LENTES KODAK®,Mista,mista,56b36293-adb5-4318-8f66-c6c2516c4c13,Poly + Transitions Gen S,LENTES KODAK® MULTIFOCAL DIGITAL LENTES KODAK NETWORK UHD CRIZAL Poly + Transitions Gen S,multifocal,Policarbonato,1.59,false,false,true,1869.00,Pagina 34,Crizal Sapphire HR,Antirreflexo,final,2889.00,2889.00,-10.00,6.50,0.00,-6.00,1.00,3.50,MULTIFOCAL DIGITAL,LENTES KODAK NETWORK UHD CRIZAL
Optilab,Optilab 06 de abril a 31 de julho de 2026,LENTES KODAK®,Mista,mista,56b36293-adb5-4318-8f66-c6c2516c4c13,Poly + Transitions Gen S,LENTES KODAK® MULTIFOCAL DIGITAL LENTES KODAK NETWORK UHD CRIZAL Poly + Transitions Gen S,multifocal,Policarbonato,1.59,false,false,true,1869.00,Pagina 34,No Reflex,Antirreflexo,final,2119.00,2119.00,-10.00,6.50,0.00,-6.00,1.00,3.50,MULTIFOCAL DIGITAL,LENTES KODAK NETWORK UHD CRIZAL
Optilab,Optilab 06 de abril a 31 de julho de 2026,LENTES KODAK®,Mista,mista,56b36293-adb5-4318-8f66-c6c2516c4c13,Poly + Transitions Gen S,LENTES KODAK® MULTIFOCAL DIGITAL LENTES KODAK NETWORK UHD CRIZAL Poly + Transitions Gen S,multifocal,Policarbonato,1.59,false,false,true,1869.00,Pagina 34,Optifog,Antirreflexo,final,2509.00,2509.00,-10.00,6.50,0.00,-6.00,1.00,3.50,MULTIFOCAL DIGITAL,LENTES KODAK NETWORK UHD CRIZAL
Optilab,Optilab 06 de abril a 31 de julho de 2026,LENTES KODAK®,Mista,mista,56b36293-adb5-4318-8f66-c6c2516c4c13,Poly + Transitions Gen S,LENTES KODAK® MULTIFOCAL DIGITAL LENTES KODAK NETWORK UHD CRIZAL Poly + Transitions Gen S,multifocal,Policarbonato,1.59,false,false,true,1869.00,Pagina 34,Trio Easy Clean,Antirreflexo,final,2069.00,2069.00,-10.00,6.50,0.00,-6.00,1.00,3.50,MULTIFOCAL DIGITAL,LENTES KODAK NETWORK UHD CRIZAL
Optilab,Optilab 06 de abril a 31 de julho de 2026,LENTES KODAK®,Mista,mista,56b36293-adb5-4318-8f66-c6c2516c4c13,Poly + Transitions Gen S,LENTES KODAK® MULTIFOCAL DIGITAL LENTES KODAK NETWORK UHD CRIZAL Poly + Transitions Gen S,multifocal,Policarbonato,1.59,false,false,true,1869.00,Pagina 34,Verniz Hc,Revestimento,final,1869.00,1869.00,-10.00,6.50,0.00,-6.00,1.00,3.50,MULTIFOCAL DIGITAL,LENTES KODAK NETWORK UHD CRIZAL
Optilab,Optilab 06 de abril a 31 de julho de 2026,LENTES KODAK®,Mista,mista,918dab04-9547-4a7e-aae3-4551d122d639,Stylis 1.67,LENTES KODAK® MULTIFOCAL DIGITAL LENTES KODAK NETWORK UHD CRIZAL Stylis 1.67,multifocal,Resina High Index,1.67,false,false,true,2329.00,Pagina 34,Crizal Easy Pro,Antirreflexo,final,2529.00,2529.00,-14.00,8.00,0.00,-6.00,1.00,3.50,MULTIFOCAL DIGITAL,LENTES KODAK NETWORK UHD CRIZAL
Optilab,Optilab 06 de abril a 31 de julho de 2026,LENTES KODAK®,Mista,mista,918dab04-9547-4a7e-aae3-4551d122d639,Stylis 1.67,LENTES KODAK® MULTIFOCAL DIGITAL LENTES KODAK NETWORK UHD CRIZAL Stylis 1.67,multifocal,Resina High Index,1.67,false,false,true,2329.00,Pagina 34,Crizal Prevencia,Antirreflexo,final,3149.00,3149.00,-14.00,8.00,0.00,-6.00,1.00,3.50,MULTIFOCAL DIGITAL,LENTES KODAK NETWORK UHD CRIZAL
Optilab,Optilab 06 de abril a 31 de julho de 2026,LENTES KODAK®,Mista,mista,918dab04-9547-4a7e-aae3-4551d122d639,Stylis 1.67,LENTES KODAK® MULTIFOCAL DIGITAL LENTES KODAK NETWORK UHD CRIZAL Stylis 1.67,multifocal,Resina High Index,1.67,false,false,true,2329.00,Pagina 34,Crizal Rock,Antirreflexo,final,2879.00,2879.00,-14.00,8.00,0.00,-6.00,1.00,3.50,MULTIFOCAL DIGITAL,LENTES KODAK NETWORK UHD CRIZAL
Optilab,Optilab 06 de abril a 31 de julho de 2026,LENTES KODAK®,Mista,mista,918dab04-9547-4a7e-aae3-4551d122d639,Stylis 1.67,LENTES KODAK® MULTIFOCAL DIGITAL LENTES KODAK NETWORK UHD CRIZAL Stylis 1.67,multifocal,Resina High Index,1.67,false,false,true,2329.00,Pagina 34,Crizal Sapphire HR,Antirreflexo,final,3149.00,3149.00,-14.00,8.00,0.00,-6.00,1.00,3.50,MULTIFOCAL DIGITAL,LENTES KODAK NETWORK UHD CRIZAL
Optilab,Optilab 06 de abril a 31 de julho de 2026,LENTES KODAK®,Mista,mista,918dab04-9547-4a7e-aae3-4551d122d639,Stylis 1.67,LENTES KODAK® MULTIFOCAL DIGITAL LENTES KODAK NETWORK UHD CRIZAL Stylis 1.67,multifocal,Resina High Index,1.67,false,false,true,2329.00,Pagina 34,No Reflex,Antirreflexo,final,2379.00,2379.00,-14.00,8.00,0.00,-6.00,1.00,3.50,MULTIFOCAL DIGITAL,LENTES KODAK NETWORK UHD CRIZAL
Optilab,Optilab 06 de abril a 31 de julho de 2026,LENTES KODAK®,Mista,mista,918dab04-9547-4a7e-aae3-4551d122d639,Stylis 1.67,LENTES KODAK® MULTIFOCAL DIGITAL LENTES KODAK NETWORK UHD CRIZAL Stylis 1.67,multifocal,Resina High Index,1.67,false,false,true,2329.00,Pagina 34,Optifog,Antirreflexo,final,2769.00,2769.00,-14.00,8.00,0.00,-6.00,1.00,3.50,MULTIFOCAL DIGITAL,LENTES KODAK NETWORK UHD CRIZAL
Optilab,Optilab 06 de abril a 31 de julho de 2026,LENTES KODAK®,Mista,mista,918dab04-9547-4a7e-aae3-4551d122d639,Stylis 1.67,LENTES KODAK® MULTIFOCAL DIGITAL LENTES KODAK NETWORK UHD CRIZAL Stylis 1.67,multifocal,Resina High Index,1.67,false,false,true,2329.00,Pagina 34,Trio Easy Clean,Antirreflexo,final,2329.00,2329.00,-14.00,8.00,0.00,-6.00,1.00,3.50,MULTIFOCAL DIGITAL,LENTES KODAK NETWORK UHD CRIZAL
Optilab,Optilab 06 de abril a 31 de julho de 2026,LENTES KODAK®,Mista,mista,bd04c8ac-2347-4adb-b903-65cd59528616,Stylis 1.67 + Transitions Gen S,LENTES KODAK® MULTIFOCAL DIGITAL LENTES KODAK NETWORK UHD CRIZAL Stylis 1.67 + Transitions Gen S,multifocal,Resina High Index,1.67,false,false,true,3269.00,Pagina 34,Crizal Easy Pro,Antirreflexo,final,3469.00,3469.00,-14.00,8.00,0.00,-6.00,1.00,3.50,MULTIFOCAL DIGITAL,LENTES KODAK NETWORK UHD CRIZAL
Optilab,Optilab 06 de abril a 31 de julho de 2026,LENTES KODAK®,Mista,mista,bd04c8ac-2347-4adb-b903-65cd59528616,Stylis 1.67 + Transitions Gen S,LENTES KODAK® MULTIFOCAL DIGITAL LENTES KODAK NETWORK UHD CRIZAL Stylis 1.67 + Transitions Gen S,multifocal,Resina High Index,1.67,false,false,true,3269.00,Pagina 34,Crizal Prevencia,Antirreflexo,final,4089.00,4089.00,-14.00,8.00,0.00,-6.00,1.00,3.50,MULTIFOCAL DIGITAL,LENTES KODAK NETWORK UHD CRIZAL
Optilab,Optilab 06 de abril a 31 de julho de 2026,LENTES KODAK®,Mista,mista,bd04c8ac-2347-4adb-b903-65cd59528616,Stylis 1.67 + Transitions Gen S,LENTES KODAK® MULTIFOCAL DIGITAL LENTES KODAK NETWORK UHD CRIZAL Stylis 1.67 + Transitions Gen S,multifocal,Resina High Index,1.67,false,false,true,3269.00,Pagina 34,Crizal Rock,Antirreflexo,final,3819.00,3819.00,-14.00,8.00,0.00,-6.00,1.00,3.50,MULTIFOCAL DIGITAL,LENTES KODAK NETWORK UHD CRIZAL
Optilab,Optilab 06 de abril a 31 de julho de 2026,LENTES KODAK®,Mista,mista,bd04c8ac-2347-4adb-b903-65cd59528616,Stylis 1.67 + Transitions Gen S,LENTES KODAK® MULTIFOCAL DIGITAL LENTES KODAK NETWORK UHD CRIZAL Stylis 1.67 + Transitions Gen S,multifocal,Resina High Index,1.67,false,false,true,3269.00,Pagina 34,Crizal Sapphire HR,Antirreflexo,final,4089.00,4089.00,-14.00,8.00,0.00,-6.00,1.00,3.50,MULTIFOCAL DIGITAL,LENTES KODAK NETWORK UHD CRIZAL
Optilab,Optilab 06 de abril a 31 de julho de 2026,LENTES KODAK®,Mista,mista,bd04c8ac-2347-4adb-b903-65cd59528616,Stylis 1.67 + Transitions Gen S,LENTES KODAK® MULTIFOCAL DIGITAL LENTES KODAK NETWORK UHD CRIZAL Stylis 1.67 + Transitions Gen S,multifocal,Resina High Index,1.67,false,false,true,3269.00,Pagina 34,No Reflex,Antirreflexo,final,3319.00,3319.00,-14.00,8.00,0.00,-6.00,1.00,3.50,MULTIFOCAL DIGITAL,LENTES KODAK NETWORK UHD CRIZAL
Optilab,Optilab 06 de abril a 31 de julho de 2026,LENTES KODAK®,Mista,mista,bd04c8ac-2347-4adb-b903-65cd59528616,Stylis 1.67 + Transitions Gen S,LENTES KODAK® MULTIFOCAL DIGITAL LENTES KODAK NETWORK UHD CRIZAL Stylis 1.67 + Transitions Gen S,multifocal,Resina High Index,1.67,false,false,true,3269.00,Pagina 34,Optifog,Antirreflexo,final,3709.00,3709.00,-14.00,8.00,0.00,-6.00,1.00,3.50,MULTIFOCAL DIGITAL,LENTES KODAK NETWORK UHD CRIZAL
Optilab,Optilab 06 de abril a 31 de julho de 2026,LENTES KODAK®,Mista,mista,bd04c8ac-2347-4adb-b903-65cd59528616,Stylis 1.67 + Transitions Gen S,LENTES KODAK® MULTIFOCAL DIGITAL LENTES KODAK NETWORK UHD CRIZAL Stylis 1.67 + Transitions Gen S,multifocal,Resina High Index,1.67,false,false,true,3269.00,Pagina 34,Trio Easy Clean,Antirreflexo,final,3269.00,3269.00,-14.00,8.00,0.00,-6.00,1.00,3.50,MULTIFOCAL DIGITAL,LENTES KODAK NETWORK UHD CRIZAL
Optilab,Optilab 06 de abril a 31 de julho de 2026,LENTES KODAK®,Mista,mista,269548d5-89e4-43b0-af3c-2e2bac2b0b3e,1.50,LENTES KODAK® MULTIFOCAL DIGITAL LENTES KODAK PRECISE UHD CRIZAL 1.50,multifocal,Resina,1.50,false,false,true,449.00,Pagina 34,Crizal Easy Pro,Antirreflexo,final,849.00,849.00,-10.25,5.25,0.00,-6.00,1.00,3.50,MULTIFOCAL DIGITAL,LENTES KODAK PRECISE UHD CRIZAL
Optilab,Optilab 06 de abril a 31 de julho de 2026,LENTES KODAK®,Mista,mista,269548d5-89e4-43b0-af3c-2e2bac2b0b3e,1.50,LENTES KODAK® MULTIFOCAL DIGITAL LENTES KODAK PRECISE UHD CRIZAL 1.50,multifocal,Resina,1.50,false,false,true,449.00,Pagina 34,Crizal Prevencia,Antirreflexo,final,1469.00,1469.00,-10.25,5.25,0.00,-6.00,1.00,3.50,MULTIFOCAL DIGITAL,LENTES KODAK PRECISE UHD CRIZAL
Optilab,Optilab 06 de abril a 31 de julho de 2026,LENTES KODAK®,Mista,mista,269548d5-89e4-43b0-af3c-2e2bac2b0b3e,1.50,LENTES KODAK® MULTIFOCAL DIGITAL LENTES KODAK PRECISE UHD CRIZAL 1.50,multifocal,Resina,1.50,false,false,true,449.00,Pagina 34,Crizal Rock,Antirreflexo,final,1199.00,1199.00,-10.25,5.25,0.00,-6.00,1.00,3.50,MULTIFOCAL DIGITAL,LENTES KODAK PRECISE UHD CRIZAL
Optilab,Optilab 06 de abril a 31 de julho de 2026,LENTES KODAK®,Mista,mista,269548d5-89e4-43b0-af3c-2e2bac2b0b3e,1.50,LENTES KODAK® MULTIFOCAL DIGITAL LENTES KODAK PRECISE UHD CRIZAL 1.50,multifocal,Resina,1.50,false,false,true,449.00,Pagina 34,Crizal Sapphire HR,Antirreflexo,final,1469.00,1469.00,-10.25,5.25,0.00,-6.00,1.00,3.50,MULTIFOCAL DIGITAL,LENTES KODAK PRECISE UHD CRIZAL
Optilab,Optilab 06 de abril a 31 de julho de 2026,LENTES KODAK®,Mista,mista,269548d5-89e4-43b0-af3c-2e2bac2b0b3e,1.50,LENTES KODAK® MULTIFOCAL DIGITAL LENTES KODAK PRECISE UHD CRIZAL 1.50,multifocal,Resina,1.50,false,false,true,449.00,Pagina 34,No Reflex,Antirreflexo,final,699.00,699.00,-10.25,5.25,0.00,-6.00,1.00,3.50,MULTIFOCAL DIGITAL,LENTES KODAK PRECISE UHD CRIZAL
Optilab,Optilab 06 de abril a 31 de julho de 2026,LENTES KODAK®,Mista,mista,269548d5-89e4-43b0-af3c-2e2bac2b0b3e,1.50,LENTES KODAK® MULTIFOCAL DIGITAL LENTES KODAK PRECISE UHD CRIZAL 1.50,multifocal,Resina,1.50,false,false,true,449.00,Pagina 34,Optifog,Antirreflexo,final,1089.00,1089.00,-10.25,5.25,0.00,-6.00,1.00,3.50,MULTIFOCAL DIGITAL,LENTES KODAK PRECISE UHD CRIZAL
Optilab,Optilab 06 de abril a 31 de julho de 2026,LENTES KODAK®,Mista,mista,269548d5-89e4-43b0-af3c-2e2bac2b0b3e,1.50,LENTES KODAK® MULTIFOCAL DIGITAL LENTES KODAK PRECISE UHD CRIZAL 1.50,multifocal,Resina,1.50,false,false,true,449.00,Pagina 34,Trio Easy Clean,Antirreflexo,final,649.00,649.00,-10.25,5.25,0.00,-6.00,1.00,3.50,MULTIFOCAL DIGITAL,LENTES KODAK PRECISE UHD CRIZAL
Optilab,Optilab 06 de abril a 31 de julho de 2026,LENTES KODAK®,Mista,mista,269548d5-89e4-43b0-af3c-2e2bac2b0b3e,1.50,LENTES KODAK® MULTIFOCAL DIGITAL LENTES KODAK PRECISE UHD CRIZAL 1.50,multifocal,Resina,1.50,false,false,true,449.00,Pagina 34,Verniz Hc,Revestimento,final,449.00,449.00,-10.25,5.25,0.00,-6.00,1.00,3.50,MULTIFOCAL DIGITAL,LENTES KODAK PRECISE UHD CRIZAL
Optilab,Optilab 06 de abril a 31 de julho de 2026,LENTES KODAK®,Mista,mista,336c95a5-f250-4394-943a-a5c7db21c6b3,1.50 + Transitions Gen S,LENTES KODAK® MULTIFOCAL DIGITAL LENTES KODAK PRECISE UHD CRIZAL 1.50 + Transitions Gen S,multifocal,Resina,1.50,false,false,true,1389.00,Pagina 34,Crizal Easy Pro,Antirreflexo,final,1789.00,1789.00,-10.25,5.25,0.00,-6.00,1.00,3.50,MULTIFOCAL DIGITAL,LENTES KODAK PRECISE UHD CRIZAL
Optilab,Optilab 06 de abril a 31 de julho de 2026,LENTES KODAK®,Mista,mista,336c95a5-f250-4394-943a-a5c7db21c6b3,1.50 + Transitions Gen S,LENTES KODAK® MULTIFOCAL DIGITAL LENTES KODAK PRECISE UHD CRIZAL 1.50 + Transitions Gen S,multifocal,Resina,1.50,false,false,true,1389.00,Pagina 34,Crizal Prevencia,Antirreflexo,final,2409.00,2409.00,-10.25,5.25,0.00,-6.00,1.00,3.50,MULTIFOCAL DIGITAL,LENTES KODAK PRECISE UHD CRIZAL
Optilab,Optilab 06 de abril a 31 de julho de 2026,LENTES KODAK®,Mista,mista,336c95a5-f250-4394-943a-a5c7db21c6b3,1.50 + Transitions Gen S,LENTES KODAK® MULTIFOCAL DIGITAL LENTES KODAK PRECISE UHD CRIZAL 1.50 + Transitions Gen S,multifocal,Resina,1.50,false,false,true,1389.00,Pagina 34,Crizal Rock,Antirreflexo,final,2139.00,2139.00,-10.25,5.25,0.00,-6.00,1.00,3.50,MULTIFOCAL DIGITAL,LENTES KODAK PRECISE UHD CRIZAL
Optilab,Optilab 06 de abril a 31 de julho de 2026,LENTES KODAK®,Mista,mista,336c95a5-f250-4394-943a-a5c7db21c6b3,1.50 + Transitions Gen S,LENTES KODAK® MULTIFOCAL DIGITAL LENTES KODAK PRECISE UHD CRIZAL 1.50 + Transitions Gen S,multifocal,Resina,1.50,false,false,true,1389.00,Pagina 34,Crizal Sapphire HR,Antirreflexo,final,2409.00,2409.00,-10.25,5.25,0.00,-6.00,1.00,3.50,MULTIFOCAL DIGITAL,LENTES KODAK PRECISE UHD CRIZAL
Optilab,Optilab 06 de abril a 31 de julho de 2026,LENTES KODAK®,Mista,mista,336c95a5-f250-4394-943a-a5c7db21c6b3,1.50 + Transitions Gen S,LENTES KODAK® MULTIFOCAL DIGITAL LENTES KODAK PRECISE UHD CRIZAL 1.50 + Transitions Gen S,multifocal,Resina,1.50,false,false,true,1389.00,Pagina 34,No Reflex,Antirreflexo,final,1639.00,1639.00,-10.25,5.25,0.00,-6.00,1.00,3.50,MULTIFOCAL DIGITAL,LENTES KODAK PRECISE UHD CRIZAL
Optilab,Optilab 06 de abril a 31 de julho de 2026,LENTES KODAK®,Mista,mista,336c95a5-f250-4394-943a-a5c7db21c6b3,1.50 + Transitions Gen S,LENTES KODAK® MULTIFOCAL DIGITAL LENTES KODAK PRECISE UHD CRIZAL 1.50 + Transitions Gen S,multifocal,Resina,1.50,false,false,true,1389.00,Pagina 34,Optifog,Antirreflexo,final,2029.00,2029.00,-10.25,5.25,0.00,-6.00,1.00,3.50,MULTIFOCAL DIGITAL,LENTES KODAK PRECISE UHD CRIZAL
Optilab,Optilab 06 de abril a 31 de julho de 2026,LENTES KODAK®,Mista,mista,336c95a5-f250-4394-943a-a5c7db21c6b3,1.50 + Transitions Gen S,LENTES KODAK® MULTIFOCAL DIGITAL LENTES KODAK PRECISE UHD CRIZAL 1.50 + Transitions Gen S,multifocal,Resina,1.50,false,false,true,1389.00,Pagina 34,Trio Easy Clean,Antirreflexo,final,1589.00,1589.00,-10.25,5.25,0.00,-6.00,1.00,3.50,MULTIFOCAL DIGITAL,LENTES KODAK PRECISE UHD CRIZAL
Optilab,Optilab 06 de abril a 31 de julho de 2026,LENTES KODAK®,Mista,mista,336c95a5-f250-4394-943a-a5c7db21c6b3,1.50 + Transitions Gen S,LENTES KODAK® MULTIFOCAL DIGITAL LENTES KODAK PRECISE UHD CRIZAL 1.50 + Transitions Gen S,multifocal,Resina,1.50,false,false,true,1389.00,Pagina 34,Verniz Hc,Revestimento,final,1389.00,1389.00,-10.25,5.25,0.00,-6.00,1.00,3.50,MULTIFOCAL DIGITAL,LENTES KODAK PRECISE UHD CRIZAL
Optilab,Optilab 06 de abril a 31 de julho de 2026,LENTES KODAK®,Mista,mista,a609fb33-7d02-4ff2-9389-cb23aa2ec757,Poly,LENTES KODAK® MULTIFOCAL DIGITAL LENTES KODAK PRECISE UHD CRIZAL Poly,multifocal,Policarbonato,1.59,false,false,true,809.00,Pagina 34,Crizal Easy Pro,Antirreflexo,final,1209.00,1209.00,-11.75,6.50,0.00,-6.00,1.00,3.50,MULTIFOCAL DIGITAL,LENTES KODAK PRECISE UHD CRIZAL
Optilab,Optilab 06 de abril a 31 de julho de 2026,LENTES KODAK®,Mista,mista,a609fb33-7d02-4ff2-9389-cb23aa2ec757,Poly,LENTES KODAK® MULTIFOCAL DIGITAL LENTES KODAK PRECISE UHD CRIZAL Poly,multifocal,Policarbonato,1.59,false,false,true,809.00,Pagina 34,Crizal Prevencia,Antirreflexo,final,1829.00,1829.00,-11.75,6.50,0.00,-6.00,1.00,3.50,MULTIFOCAL DIGITAL,LENTES KODAK PRECISE UHD CRIZAL
Optilab,Optilab 06 de abril a 31 de julho de 2026,LENTES KODAK®,Mista,mista,a609fb33-7d02-4ff2-9389-cb23aa2ec757,Poly,LENTES KODAK® MULTIFOCAL DIGITAL LENTES KODAK PRECISE UHD CRIZAL Poly,multifocal,Policarbonato,1.59,false,false,true,809.00,Pagina 34,Crizal Rock,Antirreflexo,final,1559.00,1559.00,-11.75,6.50,0.00,-6.00,1.00,3.50,MULTIFOCAL DIGITAL,LENTES KODAK PRECISE UHD CRIZAL
Optilab,Optilab 06 de abril a 31 de julho de 2026,LENTES KODAK®,Mista,mista,a609fb33-7d02-4ff2-9389-cb23aa2ec757,Poly,LENTES KODAK® MULTIFOCAL DIGITAL LENTES KODAK PRECISE UHD CRIZAL Poly,multifocal,Policarbonato,1.59,false,false,true,809.00,Pagina 34,Crizal Sapphire HR,Antirreflexo,final,1829.00,1829.00,-11.75,6.50,0.00,-6.00,1.00,3.50,MULTIFOCAL DIGITAL,LENTES KODAK PRECISE UHD CRIZAL
Optilab,Optilab 06 de abril a 31 de julho de 2026,LENTES KODAK®,Mista,mista,a609fb33-7d02-4ff2-9389-cb23aa2ec757,Poly,LENTES KODAK® MULTIFOCAL DIGITAL LENTES KODAK PRECISE UHD CRIZAL Poly,multifocal,Policarbonato,1.59,false,false,true,809.00,Pagina 34,No Reflex,Antirreflexo,final,1059.00,1059.00,-11.75,6.50,0.00,-6.00,1.00,3.50,MULTIFOCAL DIGITAL,LENTES KODAK PRECISE UHD CRIZAL
Optilab,Optilab 06 de abril a 31 de julho de 2026,LENTES KODAK®,Mista,mista,a609fb33-7d02-4ff2-9389-cb23aa2ec757,Poly,LENTES KODAK® MULTIFOCAL DIGITAL LENTES KODAK PRECISE UHD CRIZAL Poly,multifocal,Policarbonato,1.59,false,false,true,809.00,Pagina 34,Optifog,Antirreflexo,final,1449.00,1449.00,-11.75,6.50,0.00,-6.00,1.00,3.50,MULTIFOCAL DIGITAL,LENTES KODAK PRECISE UHD CRIZAL
Optilab,Optilab 06 de abril a 31 de julho de 2026,LENTES KODAK®,Mista,mista,a609fb33-7d02-4ff2-9389-cb23aa2ec757,Poly,LENTES KODAK® MULTIFOCAL DIGITAL LENTES KODAK PRECISE UHD CRIZAL Poly,multifocal,Policarbonato,1.59,false,false,true,809.00,Pagina 34,Trio Easy Clean,Antirreflexo,final,1009.00,1009.00,-11.75,6.50,0.00,-6.00,1.00,3.50,MULTIFOCAL DIGITAL,LENTES KODAK PRECISE UHD CRIZAL
Optilab,Optilab 06 de abril a 31 de julho de 2026,LENTES KODAK®,Mista,mista,a609fb33-7d02-4ff2-9389-cb23aa2ec757,Poly,LENTES KODAK® MULTIFOCAL DIGITAL LENTES KODAK PRECISE UHD CRIZAL Poly,multifocal,Policarbonato,1.59,false,false,true,809.00,Pagina 34,Verniz Hc,Revestimento,final,809.00,809.00,-11.75,6.50,0.00,-6.00,1.00,3.50,MULTIFOCAL DIGITAL,LENTES KODAK PRECISE UHD CRIZAL
Optilab,Optilab 06 de abril a 31 de julho de 2026,LENTES KODAK®,Mista,mista,bcc5b51c-ab77-4e5a-9472-73151382be65,Poly + Transitions Gen S,LENTES KODAK® MULTIFOCAL DIGITAL LENTES KODAK PRECISE UHD CRIZAL Poly + Transitions Gen S,multifocal,Policarbonato,1.59,false,false,true,1609.00,Pagina 34,Crizal Easy Pro,Antirreflexo,final,2009.00,2009.00,-11.75,6.50,0.00,-6.00,1.00,3.50,MULTIFOCAL DIGITAL,LENTES KODAK PRECISE UHD CRIZAL
Optilab,Optilab 06 de abril a 31 de julho de 2026,LENTES KODAK®,Mista,mista,bcc5b51c-ab77-4e5a-9472-73151382be65,Poly + Transitions Gen S,LENTES KODAK® MULTIFOCAL DIGITAL LENTES KODAK PRECISE UHD CRIZAL Poly + Transitions Gen S,multifocal,Policarbonato,1.59,false,false,true,1609.00,Pagina 34,Crizal Prevencia,Antirreflexo,final,2629.00,2629.00,-11.75,6.50,0.00,-6.00,1.00,3.50,MULTIFOCAL DIGITAL,LENTES KODAK PRECISE UHD CRIZAL
Optilab,Optilab 06 de abril a 31 de julho de 2026,LENTES KODAK®,Mista,mista,bcc5b51c-ab77-4e5a-9472-73151382be65,Poly + Transitions Gen S,LENTES KODAK® MULTIFOCAL DIGITAL LENTES KODAK PRECISE UHD CRIZAL Poly + Transitions Gen S,multifocal,Policarbonato,1.59,false,false,true,1609.00,Pagina 34,Crizal Rock,Antirreflexo,final,2359.00,2359.00,-11.75,6.50,0.00,-6.00,1.00,3.50,MULTIFOCAL DIGITAL,LENTES KODAK PRECISE UHD CRIZAL
Optilab,Optilab 06 de abril a 31 de julho de 2026,LENTES KODAK®,Mista,mista,bcc5b51c-ab77-4e5a-9472-73151382be65,Poly + Transitions Gen S,LENTES KODAK® MULTIFOCAL DIGITAL LENTES KODAK PRECISE UHD CRIZAL Poly + Transitions Gen S,multifocal,Policarbonato,1.59,false,false,true,1609.00,Pagina 34,Crizal Sapphire HR,Antirreflexo,final,2629.00,2629.00,-11.75,6.50,0.00,-6.00,1.00,3.50,MULTIFOCAL DIGITAL,LENTES KODAK PRECISE UHD CRIZAL
Optilab,Optilab 06 de abril a 31 de julho de 2026,LENTES KODAK®,Mista,mista,bcc5b51c-ab77-4e5a-9472-73151382be65,Poly + Transitions Gen S,LENTES KODAK® MULTIFOCAL DIGITAL LENTES KODAK PRECISE UHD CRIZAL Poly + Transitions Gen S,multifocal,Policarbonato,1.59,false,false,true,1609.00,Pagina 34,No Reflex,Antirreflexo,final,1859.00,1859.00,-11.75,6.50,0.00,-6.00,1.00,3.50,MULTIFOCAL DIGITAL,LENTES KODAK PRECISE UHD CRIZAL
Optilab,Optilab 06 de abril a 31 de julho de 2026,LENTES KODAK®,Mista,mista,bcc5b51c-ab77-4e5a-9472-73151382be65,Poly + Transitions Gen S,LENTES KODAK® MULTIFOCAL DIGITAL LENTES KODAK PRECISE UHD CRIZAL Poly + Transitions Gen S,multifocal,Policarbonato,1.59,false,false,true,1609.00,Pagina 34,Optifog,Antirreflexo,final,2249.00,2249.00,-11.75,6.50,0.00,-6.00,1.00,3.50,MULTIFOCAL DIGITAL,LENTES KODAK PRECISE UHD CRIZAL
Optilab,Optilab 06 de abril a 31 de julho de 2026,LENTES KODAK®,Mista,mista,bcc5b51c-ab77-4e5a-9472-73151382be65,Poly + Transitions Gen S,LENTES KODAK® MULTIFOCAL DIGITAL LENTES KODAK PRECISE UHD CRIZAL Poly + Transitions Gen S,multifocal,Policarbonato,1.59,false,false,true,1609.00,Pagina 34,Trio Easy Clean,Antirreflexo,final,1809.00,1809.00,-11.75,6.50,0.00,-6.00,1.00,3.50,MULTIFOCAL DIGITAL,LENTES KODAK PRECISE UHD CRIZAL
Optilab,Optilab 06 de abril a 31 de julho de 2026,LENTES KODAK®,Mista,mista,bcc5b51c-ab77-4e5a-9472-73151382be65,Poly + Transitions Gen S,LENTES KODAK® MULTIFOCAL DIGITAL LENTES KODAK PRECISE UHD CRIZAL Poly + Transitions Gen S,multifocal,Policarbonato,1.59,false,false,true,1609.00,Pagina 34,Verniz Hc,Revestimento,final,1609.00,1609.00,-11.75,6.50,0.00,-6.00,1.00,3.50,MULTIFOCAL DIGITAL,LENTES KODAK PRECISE UHD CRIZAL
Optilab,Optilab 06 de abril a 31 de julho de 2026,LENTES KODAK®,Mista,mista,9914db3a-4c70-4551-9a1a-72c3b31345ba,Stylis 1.67,LENTES KODAK® MULTIFOCAL DIGITAL LENTES KODAK PRECISE UHD CRIZAL Stylis 1.67,multifocal,Resina High Index,1.67,false,false,true,2209.00,Pagina 34,Crizal Easy Pro,Antirreflexo,final,2409.00,2409.00,-14.00,8.00,0.00,-6.00,1.00,3.50,MULTIFOCAL DIGITAL,LENTES KODAK PRECISE UHD CRIZAL
Optilab,Optilab 06 de abril a 31 de julho de 2026,LENTES KODAK®,Mista,mista,9914db3a-4c70-4551-9a1a-72c3b31345ba,Stylis 1.67,LENTES KODAK® MULTIFOCAL DIGITAL LENTES KODAK PRECISE UHD CRIZAL Stylis 1.67,multifocal,Resina High Index,1.67,false,false,true,2209.00,Pagina 34,Crizal Prevencia,Antirreflexo,final,3029.00,3029.00,-14.00,8.00,0.00,-6.00,1.00,3.50,MULTIFOCAL DIGITAL,LENTES KODAK PRECISE UHD CRIZAL
Optilab,Optilab 06 de abril a 31 de julho de 2026,LENTES KODAK®,Mista,mista,9914db3a-4c70-4551-9a1a-72c3b31345ba,Stylis 1.67,LENTES KODAK® MULTIFOCAL DIGITAL LENTES KODAK PRECISE UHD CRIZAL Stylis 1.67,multifocal,Resina High Index,1.67,false,false,true,2209.00,Pagina 34,Crizal Rock,Antirreflexo,final,2759.00,2759.00,-14.00,8.00,0.00,-6.00,1.00,3.50,MULTIFOCAL DIGITAL,LENTES KODAK PRECISE UHD CRIZAL
Optilab,Optilab 06 de abril a 31 de julho de 2026,LENTES KODAK®,Mista,mista,9914db3a-4c70-4551-9a1a-72c3b31345ba,Stylis 1.67,LENTES KODAK® MULTIFOCAL DIGITAL LENTES KODAK PRECISE UHD CRIZAL Stylis 1.67,multifocal,Resina High Index,1.67,false,false,true,2209.00,Pagina 34,Crizal Sapphire HR,Antirreflexo,final,3029.00,3029.00,-14.00,8.00,0.00,-6.00,1.00,3.50,MULTIFOCAL DIGITAL,LENTES KODAK PRECISE UHD CRIZAL
Optilab,Optilab 06 de abril a 31 de julho de 2026,LENTES KODAK®,Mista,mista,9914db3a-4c70-4551-9a1a-72c3b31345ba,Stylis 1.67,LENTES KODAK® MULTIFOCAL DIGITAL LENTES KODAK PRECISE UHD CRIZAL Stylis 1.67,multifocal,Resina High Index,1.67,false,false,true,2209.00,Pagina 34,No Reflex,Antirreflexo,final,2259.00,2259.00,-14.00,8.00,0.00,-6.00,1.00,3.50,MULTIFOCAL DIGITAL,LENTES KODAK PRECISE UHD CRIZAL
Optilab,Optilab 06 de abril a 31 de julho de 2026,LENTES KODAK®,Mista,mista,9914db3a-4c70-4551-9a1a-72c3b31345ba,Stylis 1.67,LENTES KODAK® MULTIFOCAL DIGITAL LENTES KODAK PRECISE UHD CRIZAL Stylis 1.67,multifocal,Resina High Index,1.67,false,false,true,2209.00,Pagina 34,Optifog,Antirreflexo,final,2649.00,2649.00,-14.00,8.00,0.00,-6.00,1.00,3.50,MULTIFOCAL DIGITAL,LENTES KODAK PRECISE UHD CRIZAL
Optilab,Optilab 06 de abril a 31 de julho de 2026,LENTES KODAK®,Mista,mista,9914db3a-4c70-4551-9a1a-72c3b31345ba,Stylis 1.67,LENTES KODAK® MULTIFOCAL DIGITAL LENTES KODAK PRECISE UHD CRIZAL Stylis 1.67,multifocal,Resina High Index,1.67,false,false,true,2209.00,Pagina 34,Trio Easy Clean,Antirreflexo,final,2209.00,2209.00,-14.00,8.00,0.00,-6.00,1.00,3.50,MULTIFOCAL DIGITAL,LENTES KODAK PRECISE UHD CRIZAL
Optilab,Optilab 06 de abril a 31 de julho de 2026,LENTES KODAK®,Mista,mista,d6894c5e-15b9-424a-bac4-e34cd38ef970,Stylis 1.67 + Transitions Gen S,LENTES KODAK® MULTIFOCAL DIGITAL LENTES KODAK PRECISE UHD CRIZAL Stylis 1.67 + Transitions Gen S,multifocal,Resina High Index,1.67,false,false,true,3009.00,Pagina 34,Crizal Easy Pro,Antirreflexo,final,3209.00,3209.00,-14.00,8.00,0.00,-6.00,1.00,3.50,MULTIFOCAL DIGITAL,LENTES KODAK PRECISE UHD CRIZAL
Optilab,Optilab 06 de abril a 31 de julho de 2026,LENTES KODAK®,Mista,mista,d6894c5e-15b9-424a-bac4-e34cd38ef970,Stylis 1.67 + Transitions Gen S,LENTES KODAK® MULTIFOCAL DIGITAL LENTES KODAK PRECISE UHD CRIZAL Stylis 1.67 + Transitions Gen S,multifocal,Resina High Index,1.67,false,false,true,3009.00,Pagina 34,Crizal Prevencia,Antirreflexo,final,3829.00,3829.00,-14.00,8.00,0.00,-6.00,1.00,3.50,MULTIFOCAL DIGITAL,LENTES KODAK PRECISE UHD CRIZAL
Optilab,Optilab 06 de abril a 31 de julho de 2026,LENTES KODAK®,Mista,mista,d6894c5e-15b9-424a-bac4-e34cd38ef970,Stylis 1.67 + Transitions Gen S,LENTES KODAK® MULTIFOCAL DIGITAL LENTES KODAK PRECISE UHD CRIZAL Stylis 1.67 + Transitions Gen S,multifocal,Resina High Index,1.67,false,false,true,3009.00,Pagina 34,Crizal Rock,Antirreflexo,final,3559.00,3559.00,-14.00,8.00,0.00,-6.00,1.00,3.50,MULTIFOCAL DIGITAL,LENTES KODAK PRECISE UHD CRIZAL
Optilab,Optilab 06 de abril a 31 de julho de 2026,LENTES KODAK®,Mista,mista,d6894c5e-15b9-424a-bac4-e34cd38ef970,Stylis 1.67 + Transitions Gen S,LENTES KODAK® MULTIFOCAL DIGITAL LENTES KODAK PRECISE UHD CRIZAL Stylis 1.67 + Transitions Gen S,multifocal,Resina High Index,1.67,false,false,true,3009.00,Pagina 34,Crizal Sapphire HR,Antirreflexo,final,3829.00,3829.00,-14.00,8.00,0.00,-6.00,1.00,3.50,MULTIFOCAL DIGITAL,LENTES KODAK PRECISE UHD CRIZAL
Optilab,Optilab 06 de abril a 31 de julho de 2026,LENTES KODAK®,Mista,mista,d6894c5e-15b9-424a-bac4-e34cd38ef970,Stylis 1.67 + Transitions Gen S,LENTES KODAK® MULTIFOCAL DIGITAL LENTES KODAK PRECISE UHD CRIZAL Stylis 1.67 + Transitions Gen S,multifocal,Resina High Index,1.67,false,false,true,3009.00,Pagina 34,No Reflex,Antirreflexo,final,3059.00,3059.00,-14.00,8.00,0.00,-6.00,1.00,3.50,MULTIFOCAL DIGITAL,LENTES KODAK PRECISE UHD CRIZAL
Optilab,Optilab 06 de abril a 31 de julho de 2026,LENTES KODAK®,Mista,mista,d6894c5e-15b9-424a-bac4-e34cd38ef970,Stylis 1.67 + Transitions Gen S,LENTES KODAK® MULTIFOCAL DIGITAL LENTES KODAK PRECISE UHD CRIZAL Stylis 1.67 + Transitions Gen S,multifocal,Resina High Index,1.67,false,false,true,3009.00,Pagina 34,Optifog,Antirreflexo,final,3449.00,3449.00,-14.00,8.00,0.00,-6.00,1.00,3.50,MULTIFOCAL DIGITAL,LENTES KODAK PRECISE UHD CRIZAL
Optilab,Optilab 06 de abril a 31 de julho de 2026,LENTES KODAK®,Mista,mista,d6894c5e-15b9-424a-bac4-e34cd38ef970,Stylis 1.67 + Transitions Gen S,LENTES KODAK® MULTIFOCAL DIGITAL LENTES KODAK PRECISE UHD CRIZAL Stylis 1.67 + Transitions Gen S,multifocal,Resina High Index,1.67,false,false,true,3009.00,Pagina 34,Trio Easy Clean,Antirreflexo,final,3009.00,3009.00,-14.00,8.00,0.00,-6.00,1.00,3.50,MULTIFOCAL DIGITAL,LENTES KODAK PRECISE UHD CRIZAL
Optilab,Optilab 06 de abril a 31 de julho de 2026,LENTES KODAK®,Mista,mista,01762d05-3aef-400a-9ee1-10f2fc822532,1.50,LENTES KODAK® MULTIFOCAL DIGITAL LENTES KODAK SOFTWEAR CRIZAL 1.50,ocupacional,Resina,1.50,false,false,true,449.00,Pagina 32,Crizal Easy Pro,Antirreflexo,final,849.00,849.00,-10.00,5.00,0.00,-6.00,0.75,3.50,MULTIFOCAL DIGITAL,LENTES KODAK SOFTWEAR CRIZAL
Optilab,Optilab 06 de abril a 31 de julho de 2026,LENTES KODAK®,Mista,mista,01762d05-3aef-400a-9ee1-10f2fc822532,1.50,LENTES KODAK® MULTIFOCAL DIGITAL LENTES KODAK SOFTWEAR CRIZAL 1.50,ocupacional,Resina,1.50,false,false,true,449.00,Pagina 32,Crizal Prevencia,Antirreflexo,final,1469.00,1469.00,-10.00,5.00,0.00,-6.00,0.75,3.50,MULTIFOCAL DIGITAL,LENTES KODAK SOFTWEAR CRIZAL
Optilab,Optilab 06 de abril a 31 de julho de 2026,LENTES KODAK®,Mista,mista,01762d05-3aef-400a-9ee1-10f2fc822532,1.50,LENTES KODAK® MULTIFOCAL DIGITAL LENTES KODAK SOFTWEAR CRIZAL 1.50,ocupacional,Resina,1.50,false,false,true,449.00,Pagina 32,Crizal Rock,Antirreflexo,final,1199.00,1199.00,-10.00,5.00,0.00,-6.00,0.75,3.50,MULTIFOCAL DIGITAL,LENTES KODAK SOFTWEAR CRIZAL
Optilab,Optilab 06 de abril a 31 de julho de 2026,LENTES KODAK®,Mista,mista,01762d05-3aef-400a-9ee1-10f2fc822532,1.50,LENTES KODAK® MULTIFOCAL DIGITAL LENTES KODAK SOFTWEAR CRIZAL 1.50,ocupacional,Resina,1.50,false,false,true,449.00,Pagina 32,Crizal Sapphire HR,Antirreflexo,final,1469.00,1469.00,-10.00,5.00,0.00,-6.00,0.75,3.50,MULTIFOCAL DIGITAL,LENTES KODAK SOFTWEAR CRIZAL
Optilab,Optilab 06 de abril a 31 de julho de 2026,LENTES KODAK®,Mista,mista,01762d05-3aef-400a-9ee1-10f2fc822532,1.50,LENTES KODAK® MULTIFOCAL DIGITAL LENTES KODAK SOFTWEAR CRIZAL 1.50,ocupacional,Resina,1.50,false,false,true,449.00,Pagina 32,No Reflex,Antirreflexo,final,699.00,699.00,-10.00,5.00,0.00,-6.00,0.75,3.50,MULTIFOCAL DIGITAL,LENTES KODAK SOFTWEAR CRIZAL
Optilab,Optilab 06 de abril a 31 de julho de 2026,LENTES KODAK®,Mista,mista,01762d05-3aef-400a-9ee1-10f2fc822532,1.50,LENTES KODAK® MULTIFOCAL DIGITAL LENTES KODAK SOFTWEAR CRIZAL 1.50,ocupacional,Resina,1.50,false,false,true,449.00,Pagina 32,Optifog,Antirreflexo,final,1089.00,1089.00,-10.00,5.00,0.00,-6.00,0.75,3.50,MULTIFOCAL DIGITAL,LENTES KODAK SOFTWEAR CRIZAL
Optilab,Optilab 06 de abril a 31 de julho de 2026,LENTES KODAK®,Mista,mista,01762d05-3aef-400a-9ee1-10f2fc822532,1.50,LENTES KODAK® MULTIFOCAL DIGITAL LENTES KODAK SOFTWEAR CRIZAL 1.50,ocupacional,Resina,1.50,false,false,true,449.00,Pagina 32,Trio Easy Clean,Antirreflexo,final,649.00,649.00,-10.00,5.00,0.00,-6.00,0.75,3.50,MULTIFOCAL DIGITAL,LENTES KODAK SOFTWEAR CRIZAL
Optilab,Optilab 06 de abril a 31 de julho de 2026,LENTES KODAK®,Mista,mista,01762d05-3aef-400a-9ee1-10f2fc822532,1.50,LENTES KODAK® MULTIFOCAL DIGITAL LENTES KODAK SOFTWEAR CRIZAL 1.50,ocupacional,Resina,1.50,false,false,true,449.00,Pagina 32,Verniz Hc,Revestimento,final,449.00,449.00,-10.00,5.00,0.00,-6.00,0.75,3.50,MULTIFOCAL DIGITAL,LENTES KODAK SOFTWEAR CRIZAL
Optilab,Optilab 06 de abril a 31 de julho de 2026,LENTES KODAK®,Mista,mista,6ab9eb86-6d3e-46b6-94f1-62aee6c71d59,Poly,LENTES KODAK® MULTIFOCAL DIGITAL LENTES KODAK SOFTWEAR CRIZAL Poly,ocupacional,Policarbonato,1.59,false,false,true,669.00,Pagina 32,Crizal Easy Pro,Antirreflexo,final,1069.00,1069.00,-10.00,6.00,0.00,-6.00,0.75,3.50,MULTIFOCAL DIGITAL,LENTES KODAK SOFTWEAR CRIZAL
Optilab,Optilab 06 de abril a 31 de julho de 2026,LENTES KODAK®,Mista,mista,6ab9eb86-6d3e-46b6-94f1-62aee6c71d59,Poly,LENTES KODAK® MULTIFOCAL DIGITAL LENTES KODAK SOFTWEAR CRIZAL Poly,ocupacional,Policarbonato,1.59,false,false,true,669.00,Pagina 32,Crizal Prevencia,Antirreflexo,final,1689.00,1689.00,-10.00,6.00,0.00,-6.00,0.75,3.50,MULTIFOCAL DIGITAL,LENTES KODAK SOFTWEAR CRIZAL
Optilab,Optilab 06 de abril a 31 de julho de 2026,LENTES KODAK®,Mista,mista,6ab9eb86-6d3e-46b6-94f1-62aee6c71d59,Poly,LENTES KODAK® MULTIFOCAL DIGITAL LENTES KODAK SOFTWEAR CRIZAL Poly,ocupacional,Policarbonato,1.59,false,false,true,669.00,Pagina 32,Crizal Rock,Antirreflexo,final,1419.00,1419.00,-10.00,6.00,0.00,-6.00,0.75,3.50,MULTIFOCAL DIGITAL,LENTES KODAK SOFTWEAR CRIZAL
Optilab,Optilab 06 de abril a 31 de julho de 2026,LENTES KODAK®,Mista,mista,6ab9eb86-6d3e-46b6-94f1-62aee6c71d59,Poly,LENTES KODAK® MULTIFOCAL DIGITAL LENTES KODAK SOFTWEAR CRIZAL Poly,ocupacional,Policarbonato,1.59,false,false,true,669.00,Pagina 32,Crizal Sapphire HR,Antirreflexo,final,1689.00,1689.00,-10.00,6.00,0.00,-6.00,0.75,3.50,MULTIFOCAL DIGITAL,LENTES KODAK SOFTWEAR CRIZAL
Optilab,Optilab 06 de abril a 31 de julho de 2026,LENTES KODAK®,Mista,mista,6ab9eb86-6d3e-46b6-94f1-62aee6c71d59,Poly,LENTES KODAK® MULTIFOCAL DIGITAL LENTES KODAK SOFTWEAR CRIZAL Poly,ocupacional,Policarbonato,1.59,false,false,true,669.00,Pagina 32,No Reflex,Antirreflexo,final,919.00,919.00,-10.00,6.00,0.00,-6.00,0.75,3.50,MULTIFOCAL DIGITAL,LENTES KODAK SOFTWEAR CRIZAL
Optilab,Optilab 06 de abril a 31 de julho de 2026,LENTES KODAK®,Mista,mista,6ab9eb86-6d3e-46b6-94f1-62aee6c71d59,Poly,LENTES KODAK® MULTIFOCAL DIGITAL LENTES KODAK SOFTWEAR CRIZAL Poly,ocupacional,Policarbonato,1.59,false,false,true,669.00,Pagina 32,Optifog,Antirreflexo,final,1309.00,1309.00,-10.00,6.00,0.00,-6.00,0.75,3.50,MULTIFOCAL DIGITAL,LENTES KODAK SOFTWEAR CRIZAL
Optilab,Optilab 06 de abril a 31 de julho de 2026,LENTES KODAK®,Mista,mista,6ab9eb86-6d3e-46b6-94f1-62aee6c71d59,Poly,LENTES KODAK® MULTIFOCAL DIGITAL LENTES KODAK SOFTWEAR CRIZAL Poly,ocupacional,Policarbonato,1.59,false,false,true,669.00,Pagina 32,Trio Easy Clean,Antirreflexo,final,869.00,869.00,-10.00,6.00,0.00,-6.00,0.75,3.50,MULTIFOCAL DIGITAL,LENTES KODAK SOFTWEAR CRIZAL
Optilab,Optilab 06 de abril a 31 de julho de 2026,LENTES KODAK®,Mista,mista,6ab9eb86-6d3e-46b6-94f1-62aee6c71d59,Poly,LENTES KODAK® MULTIFOCAL DIGITAL LENTES KODAK SOFTWEAR CRIZAL Poly,ocupacional,Policarbonato,1.59,false,false,true,669.00,Pagina 32,Verniz Hc,Revestimento,final,669.00,669.00,-10.00,6.00,0.00,-6.00,0.75,3.50,MULTIFOCAL DIGITAL,LENTES KODAK SOFTWEAR CRIZAL
Optilab,Optilab 06 de abril a 31 de julho de 2026,LENTES KODAK®,Mista,mista,82ac62a3-e1af-4c51-94a6-bc541176f9a3,Stylis 1.67,LENTES KODAK® MULTIFOCAL DIGITAL LENTES KODAK SOFTWEAR CRIZAL Stylis 1.67,ocupacional,Resina High Index,1.67,false,false,true,2069.00,Pagina 32,Crizal Easy Pro,Antirreflexo,final,2269.00,2269.00,-14.00,8.00,0.00,-6.00,0.75,3.50,MULTIFOCAL DIGITAL,LENTES KODAK SOFTWEAR CRIZAL
Optilab,Optilab 06 de abril a 31 de julho de 2026,LENTES KODAK®,Mista,mista,82ac62a3-e1af-4c51-94a6-bc541176f9a3,Stylis 1.67,LENTES KODAK® MULTIFOCAL DIGITAL LENTES KODAK SOFTWEAR CRIZAL Stylis 1.67,ocupacional,Resina High Index,1.67,false,false,true,2069.00,Pagina 32,Crizal Prevencia,Antirreflexo,final,2889.00,2889.00,-14.00,8.00,0.00,-6.00,0.75,3.50,MULTIFOCAL DIGITAL,LENTES KODAK SOFTWEAR CRIZAL
Optilab,Optilab 06 de abril a 31 de julho de 2026,LENTES KODAK®,Mista,mista,82ac62a3-e1af-4c51-94a6-bc541176f9a3,Stylis 1.67,LENTES KODAK® MULTIFOCAL DIGITAL LENTES KODAK SOFTWEAR CRIZAL Stylis 1.67,ocupacional,Resina High Index,1.67,false,false,true,2069.00,Pagina 32,Crizal Rock,Antirreflexo,final,2619.00,2619.00,-14.00,8.00,0.00,-6.00,0.75,3.50,MULTIFOCAL DIGITAL,LENTES KODAK SOFTWEAR CRIZAL
Optilab,Optilab 06 de abril a 31 de julho de 2026,LENTES KODAK®,Mista,mista,82ac62a3-e1af-4c51-94a6-bc541176f9a3,Stylis 1.67,LENTES KODAK® MULTIFOCAL DIGITAL LENTES KODAK SOFTWEAR CRIZAL Stylis 1.67,ocupacional,Resina High Index,1.67,false,false,true,2069.00,Pagina 32,Crizal Sapphire HR,Antirreflexo,final,2889.00,2889.00,-14.00,8.00,0.00,-6.00,0.75,3.50,MULTIFOCAL DIGITAL,LENTES KODAK SOFTWEAR CRIZAL
Optilab,Optilab 06 de abril a 31 de julho de 2026,LENTES KODAK®,Mista,mista,82ac62a3-e1af-4c51-94a6-bc541176f9a3,Stylis 1.67,LENTES KODAK® MULTIFOCAL DIGITAL LENTES KODAK SOFTWEAR CRIZAL Stylis 1.67,ocupacional,Resina High Index,1.67,false,false,true,2069.00,Pagina 32,No Reflex,Antirreflexo,final,2119.00,2119.00,-14.00,8.00,0.00,-6.00,0.75,3.50,MULTIFOCAL DIGITAL,LENTES KODAK SOFTWEAR CRIZAL
Optilab,Optilab 06 de abril a 31 de julho de 2026,LENTES KODAK®,Mista,mista,82ac62a3-e1af-4c51-94a6-bc541176f9a3,Stylis 1.67,LENTES KODAK® MULTIFOCAL DIGITAL LENTES KODAK SOFTWEAR CRIZAL Stylis 1.67,ocupacional,Resina High Index,1.67,false,false,true,2069.00,Pagina 32,Optifog,Antirreflexo,final,2509.00,2509.00,-14.00,8.00,0.00,-6.00,0.75,3.50,MULTIFOCAL DIGITAL,LENTES KODAK SOFTWEAR CRIZAL
Optilab,Optilab 06 de abril a 31 de julho de 2026,LENTES KODAK®,Mista,mista,82ac62a3-e1af-4c51-94a6-bc541176f9a3,Stylis 1.67,LENTES KODAK® MULTIFOCAL DIGITAL LENTES KODAK SOFTWEAR CRIZAL Stylis 1.67,ocupacional,Resina High Index,1.67,false,false,true,2069.00,Pagina 32,Trio Easy Clean,Antirreflexo,final,2069.00,2069.00,-14.00,8.00,0.00,-6.00,0.75,3.50,MULTIFOCAL DIGITAL,LENTES KODAK SOFTWEAR CRIZAL
Optilab,Optilab 06 de abril a 31 de julho de 2026,LENTES KODAK®,Mista,mista,ce828500-b93e-4253-b488-a304faa85e6b,1.50,LENTES KODAK® MULTIFOCAL TRADICIONAL LENTES KODAK PRECISE CRIZAL 1.50,multifocal,Resina,1.50,false,false,true,449.00,Pagina 33,Crizal Easy Pro,Antirreflexo,final,849.00,849.00,-9.00,6.00,0.00,-6.00,1.00,3.50,MULTIFOCAL TRADICIONAL,LENTES KODAK PRECISE CRIZAL
Optilab,Optilab 06 de abril a 31 de julho de 2026,LENTES KODAK®,Mista,mista,ce828500-b93e-4253-b488-a304faa85e6b,1.50,LENTES KODAK® MULTIFOCAL TRADICIONAL LENTES KODAK PRECISE CRIZAL 1.50,multifocal,Resina,1.50,false,false,true,449.00,Pagina 33,Crizal Prevencia,Antirreflexo,final,1469.00,1469.00,-9.00,6.00,0.00,-6.00,1.00,3.50,MULTIFOCAL TRADICIONAL,LENTES KODAK PRECISE CRIZAL
Optilab,Optilab 06 de abril a 31 de julho de 2026,LENTES KODAK®,Mista,mista,ce828500-b93e-4253-b488-a304faa85e6b,1.50,LENTES KODAK® MULTIFOCAL TRADICIONAL LENTES KODAK PRECISE CRIZAL 1.50,multifocal,Resina,1.50,false,false,true,449.00,Pagina 33,Crizal Rock,Antirreflexo,final,1199.00,1199.00,-9.00,6.00,0.00,-6.00,1.00,3.50,MULTIFOCAL TRADICIONAL,LENTES KODAK PRECISE CRIZAL
Optilab,Optilab 06 de abril a 31 de julho de 2026,LENTES KODAK®,Mista,mista,ce828500-b93e-4253-b488-a304faa85e6b,1.50,LENTES KODAK® MULTIFOCAL TRADICIONAL LENTES KODAK PRECISE CRIZAL 1.50,multifocal,Resina,1.50,false,false,true,449.00,Pagina 33,Crizal Sapphire HR,Antirreflexo,final,1469.00,1469.00,-9.00,6.00,0.00,-6.00,1.00,3.50,MULTIFOCAL TRADICIONAL,LENTES KODAK PRECISE CRIZAL
Optilab,Optilab 06 de abril a 31 de julho de 2026,LENTES KODAK®,Mista,mista,ce828500-b93e-4253-b488-a304faa85e6b,1.50,LENTES KODAK® MULTIFOCAL TRADICIONAL LENTES KODAK PRECISE CRIZAL 1.50,multifocal,Resina,1.50,false,false,true,449.00,Pagina 33,No Reflex,Antirreflexo,final,699.00,699.00,-9.00,6.00,0.00,-6.00,1.00,3.50,MULTIFOCAL TRADICIONAL,LENTES KODAK PRECISE CRIZAL
Optilab,Optilab 06 de abril a 31 de julho de 2026,LENTES KODAK®,Mista,mista,ce828500-b93e-4253-b488-a304faa85e6b,1.50,LENTES KODAK® MULTIFOCAL TRADICIONAL LENTES KODAK PRECISE CRIZAL 1.50,multifocal,Resina,1.50,false,false,true,449.00,Pagina 33,Optifog,Antirreflexo,final,1089.00,1089.00,-9.00,6.00,0.00,-6.00,1.00,3.50,MULTIFOCAL TRADICIONAL,LENTES KODAK PRECISE CRIZAL
Optilab,Optilab 06 de abril a 31 de julho de 2026,LENTES KODAK®,Mista,mista,ce828500-b93e-4253-b488-a304faa85e6b,1.50,LENTES KODAK® MULTIFOCAL TRADICIONAL LENTES KODAK PRECISE CRIZAL 1.50,multifocal,Resina,1.50,false,false,true,449.00,Pagina 33,Trio Easy Clean,Antirreflexo,final,649.00,649.00,-9.00,6.00,0.00,-6.00,1.00,3.50,MULTIFOCAL TRADICIONAL,LENTES KODAK PRECISE CRIZAL
Optilab,Optilab 06 de abril a 31 de julho de 2026,LENTES KODAK®,Mista,mista,ce828500-b93e-4253-b488-a304faa85e6b,1.50,LENTES KODAK® MULTIFOCAL TRADICIONAL LENTES KODAK PRECISE CRIZAL 1.50,multifocal,Resina,1.50,false,false,true,449.00,Pagina 33,Verniz Hc,Revestimento,final,449.00,449.00,-9.00,6.00,0.00,-6.00,1.00,3.50,MULTIFOCAL TRADICIONAL,LENTES KODAK PRECISE CRIZAL
Optilab,Optilab 06 de abril a 31 de julho de 2026,LENTES KODAK®,Mista,mista,2acb83e8-8ddb-4767-a273-cabf85a7b272,1.50 + Transitions Gen S,LENTES KODAK® MULTIFOCAL TRADICIONAL LENTES KODAK PRECISE CRIZAL 1.50 + Transitions Gen S,multifocal,Resina,1.50,false,false,true,1389.00,Pagina 33,Crizal Easy Pro,Antirreflexo,final,1789.00,1789.00,-9.00,6.00,0.00,-6.00,1.00,3.50,MULTIFOCAL TRADICIONAL,LENTES KODAK PRECISE CRIZAL
Optilab,Optilab 06 de abril a 31 de julho de 2026,LENTES KODAK®,Mista,mista,2acb83e8-8ddb-4767-a273-cabf85a7b272,1.50 + Transitions Gen S,LENTES KODAK® MULTIFOCAL TRADICIONAL LENTES KODAK PRECISE CRIZAL 1.50 + Transitions Gen S,multifocal,Resina,1.50,false,false,true,1389.00,Pagina 33,Crizal Prevencia,Antirreflexo,final,2409.00,2409.00,-9.00,6.00,0.00,-6.00,1.00,3.50,MULTIFOCAL TRADICIONAL,LENTES KODAK PRECISE CRIZAL
Optilab,Optilab 06 de abril a 31 de julho de 2026,LENTES KODAK®,Mista,mista,2acb83e8-8ddb-4767-a273-cabf85a7b272,1.50 + Transitions Gen S,LENTES KODAK® MULTIFOCAL TRADICIONAL LENTES KODAK PRECISE CRIZAL 1.50 + Transitions Gen S,multifocal,Resina,1.50,false,false,true,1389.00,Pagina 33,Crizal Rock,Antirreflexo,final,2139.00,2139.00,-9.00,6.00,0.00,-6.00,1.00,3.50,MULTIFOCAL TRADICIONAL,LENTES KODAK PRECISE CRIZAL
Optilab,Optilab 06 de abril a 31 de julho de 2026,LENTES KODAK®,Mista,mista,2acb83e8-8ddb-4767-a273-cabf85a7b272,1.50 + Transitions Gen S,LENTES KODAK® MULTIFOCAL TRADICIONAL LENTES KODAK PRECISE CRIZAL 1.50 + Transitions Gen S,multifocal,Resina,1.50,false,false,true,1389.00,Pagina 33,Crizal Sapphire HR,Antirreflexo,final,2409.00,2409.00,-9.00,6.00,0.00,-6.00,1.00,3.50,MULTIFOCAL TRADICIONAL,LENTES KODAK PRECISE CRIZAL
Optilab,Optilab 06 de abril a 31 de julho de 2026,LENTES KODAK®,Mista,mista,2acb83e8-8ddb-4767-a273-cabf85a7b272,1.50 + Transitions Gen S,LENTES KODAK® MULTIFOCAL TRADICIONAL LENTES KODAK PRECISE CRIZAL 1.50 + Transitions Gen S,multifocal,Resina,1.50,false,false,true,1389.00,Pagina 33,No Reflex,Antirreflexo,final,1639.00,1639.00,-9.00,6.00,0.00,-6.00,1.00,3.50,MULTIFOCAL TRADICIONAL,LENTES KODAK PRECISE CRIZAL
Optilab,Optilab 06 de abril a 31 de julho de 2026,LENTES KODAK®,Mista,mista,2acb83e8-8ddb-4767-a273-cabf85a7b272,1.50 + Transitions Gen S,LENTES KODAK® MULTIFOCAL TRADICIONAL LENTES KODAK PRECISE CRIZAL 1.50 + Transitions Gen S,multifocal,Resina,1.50,false,false,true,1389.00,Pagina 33,Optifog,Antirreflexo,final,2029.00,2029.00,-9.00,6.00,0.00,-6.00,1.00,3.50,MULTIFOCAL TRADICIONAL,LENTES KODAK PRECISE CRIZAL
Optilab,Optilab 06 de abril a 31 de julho de 2026,LENTES KODAK®,Mista,mista,2acb83e8-8ddb-4767-a273-cabf85a7b272,1.50 + Transitions Gen S,LENTES KODAK® MULTIFOCAL TRADICIONAL LENTES KODAK PRECISE CRIZAL 1.50 + Transitions Gen S,multifocal,Resina,1.50,false,false,true,1389.00,Pagina 33,Trio Easy Clean,Antirreflexo,final,1589.00,1589.00,-9.00,6.00,0.00,-6.00,1.00,3.50,MULTIFOCAL TRADICIONAL,LENTES KODAK PRECISE CRIZAL
Optilab,Optilab 06 de abril a 31 de julho de 2026,LENTES KODAK®,Mista,mista,2acb83e8-8ddb-4767-a273-cabf85a7b272,1.50 + Transitions Gen S,LENTES KODAK® MULTIFOCAL TRADICIONAL LENTES KODAK PRECISE CRIZAL 1.50 + Transitions Gen S,multifocal,Resina,1.50,false,false,true,1389.00,Pagina 33,Verniz Hc,Revestimento,final,1389.00,1389.00,-9.00,6.00,0.00,-6.00,1.00,3.50,MULTIFOCAL TRADICIONAL,LENTES KODAK PRECISE CRIZAL
Optilab,Optilab 06 de abril a 31 de julho de 2026,LENTES KODAK®,Mista,mista,a2174f04-e019-48c8-8f0d-11377e1aeee6,Poly,LENTES KODAK® MULTIFOCAL TRADICIONAL LENTES KODAK PRECISE CRIZAL Poly,multifocal,Policarbonato,1.59,false,false,true,809.00,Pagina 33,Crizal Easy Pro,Antirreflexo,final,1209.00,1209.00,-10.00,6.00,0.00,-6.00,1.00,3.50,MULTIFOCAL TRADICIONAL,LENTES KODAK PRECISE CRIZAL
Optilab,Optilab 06 de abril a 31 de julho de 2026,LENTES KODAK®,Mista,mista,a2174f04-e019-48c8-8f0d-11377e1aeee6,Poly,LENTES KODAK® MULTIFOCAL TRADICIONAL LENTES KODAK PRECISE CRIZAL Poly,multifocal,Policarbonato,1.59,false,false,true,809.00,Pagina 33,Crizal Prevencia,Antirreflexo,final,1829.00,1829.00,-10.00,6.00,0.00,-6.00,1.00,3.50,MULTIFOCAL TRADICIONAL,LENTES KODAK PRECISE CRIZAL
Optilab,Optilab 06 de abril a 31 de julho de 2026,LENTES KODAK®,Mista,mista,a2174f04-e019-48c8-8f0d-11377e1aeee6,Poly,LENTES KODAK® MULTIFOCAL TRADICIONAL LENTES KODAK PRECISE CRIZAL Poly,multifocal,Policarbonato,1.59,false,false,true,809.00,Pagina 33,Crizal Rock,Antirreflexo,final,1559.00,1559.00,-10.00,6.00,0.00,-6.00,1.00,3.50,MULTIFOCAL TRADICIONAL,LENTES KODAK PRECISE CRIZAL
Optilab,Optilab 06 de abril a 31 de julho de 2026,LENTES KODAK®,Mista,mista,a2174f04-e019-48c8-8f0d-11377e1aeee6,Poly,LENTES KODAK® MULTIFOCAL TRADICIONAL LENTES KODAK PRECISE CRIZAL Poly,multifocal,Policarbonato,1.59,false,false,true,809.00,Pagina 33,Crizal Sapphire HR,Antirreflexo,final,1829.00,1829.00,-10.00,6.00,0.00,-6.00,1.00,3.50,MULTIFOCAL TRADICIONAL,LENTES KODAK PRECISE CRIZAL
Optilab,Optilab 06 de abril a 31 de julho de 2026,LENTES KODAK®,Mista,mista,a2174f04-e019-48c8-8f0d-11377e1aeee6,Poly,LENTES KODAK® MULTIFOCAL TRADICIONAL LENTES KODAK PRECISE CRIZAL Poly,multifocal,Policarbonato,1.59,false,false,true,809.00,Pagina 33,No Reflex,Antirreflexo,final,1059.00,1059.00,-10.00,6.00,0.00,-6.00,1.00,3.50,MULTIFOCAL TRADICIONAL,LENTES KODAK PRECISE CRIZAL
Optilab,Optilab 06 de abril a 31 de julho de 2026,LENTES KODAK®,Mista,mista,a2174f04-e019-48c8-8f0d-11377e1aeee6,Poly,LENTES KODAK® MULTIFOCAL TRADICIONAL LENTES KODAK PRECISE CRIZAL Poly,multifocal,Policarbonato,1.59,false,false,true,809.00,Pagina 33,Optifog,Antirreflexo,final,1449.00,1449.00,-10.00,6.00,0.00,-6.00,1.00,3.50,MULTIFOCAL TRADICIONAL,LENTES KODAK PRECISE CRIZAL
Optilab,Optilab 06 de abril a 31 de julho de 2026,LENTES KODAK®,Mista,mista,a2174f04-e019-48c8-8f0d-11377e1aeee6,Poly,LENTES KODAK® MULTIFOCAL TRADICIONAL LENTES KODAK PRECISE CRIZAL Poly,multifocal,Policarbonato,1.59,false,false,true,809.00,Pagina 33,Trio Easy Clean,Antirreflexo,final,1009.00,1009.00,-10.00,6.00,0.00,-6.00,1.00,3.50,MULTIFOCAL TRADICIONAL,LENTES KODAK PRECISE CRIZAL
Optilab,Optilab 06 de abril a 31 de julho de 2026,LENTES KODAK®,Mista,mista,a2174f04-e019-48c8-8f0d-11377e1aeee6,Poly,LENTES KODAK® MULTIFOCAL TRADICIONAL LENTES KODAK PRECISE CRIZAL Poly,multifocal,Policarbonato,1.59,false,false,true,809.00,Pagina 33,Verniz Hc,Revestimento,final,809.00,809.00,-10.00,6.00,0.00,-6.00,1.00,3.50,MULTIFOCAL TRADICIONAL,LENTES KODAK PRECISE CRIZAL
Optilab,Optilab 06 de abril a 31 de julho de 2026,LENTES KODAK®,Mista,mista,3b900b90-9f42-415e-b733-58ba0d0ae5db,Poly + Transitions Gen S,LENTES KODAK® MULTIFOCAL TRADICIONAL LENTES KODAK PRECISE CRIZAL Poly + Transitions Gen S,multifocal,Policarbonato,1.59,false,false,true,1609.00,Pagina 33,Crizal Easy Pro,Antirreflexo,final,2009.00,2009.00,-10.00,6.00,0.00,-6.00,1.00,3.50,MULTIFOCAL TRADICIONAL,LENTES KODAK PRECISE CRIZAL
Optilab,Optilab 06 de abril a 31 de julho de 2026,LENTES KODAK®,Mista,mista,3b900b90-9f42-415e-b733-58ba0d0ae5db,Poly + Transitions Gen S,LENTES KODAK® MULTIFOCAL TRADICIONAL LENTES KODAK PRECISE CRIZAL Poly + Transitions Gen S,multifocal,Policarbonato,1.59,false,false,true,1609.00,Pagina 33,Crizal Prevencia,Antirreflexo,final,2629.00,2629.00,-10.00,6.00,0.00,-6.00,1.00,3.50,MULTIFOCAL TRADICIONAL,LENTES KODAK PRECISE CRIZAL
Optilab,Optilab 06 de abril a 31 de julho de 2026,LENTES KODAK®,Mista,mista,3b900b90-9f42-415e-b733-58ba0d0ae5db,Poly + Transitions Gen S,LENTES KODAK® MULTIFOCAL TRADICIONAL LENTES KODAK PRECISE CRIZAL Poly + Transitions Gen S,multifocal,Policarbonato,1.59,false,false,true,1609.00,Pagina 33,Crizal Rock,Antirreflexo,final,2359.00,2359.00,-10.00,6.00,0.00,-6.00,1.00,3.50,MULTIFOCAL TRADICIONAL,LENTES KODAK PRECISE CRIZAL
Optilab,Optilab 06 de abril a 31 de julho de 2026,LENTES KODAK®,Mista,mista,3b900b90-9f42-415e-b733-58ba0d0ae5db,Poly + Transitions Gen S,LENTES KODAK® MULTIFOCAL TRADICIONAL LENTES KODAK PRECISE CRIZAL Poly + Transitions Gen S,multifocal,Policarbonato,1.59,false,false,true,1609.00,Pagina 33,Crizal Sapphire HR,Antirreflexo,final,2629.00,2629.00,-10.00,6.00,0.00,-6.00,1.00,3.50,MULTIFOCAL TRADICIONAL,LENTES KODAK PRECISE CRIZAL
Optilab,Optilab 06 de abril a 31 de julho de 2026,LENTES KODAK®,Mista,mista,3b900b90-9f42-415e-b733-58ba0d0ae5db,Poly + Transitions Gen S,LENTES KODAK® MULTIFOCAL TRADICIONAL LENTES KODAK PRECISE CRIZAL Poly + Transitions Gen S,multifocal,Policarbonato,1.59,false,false,true,1609.00,Pagina 33,No Reflex,Antirreflexo,final,1859.00,1859.00,-10.00,6.00,0.00,-6.00,1.00,3.50,MULTIFOCAL TRADICIONAL,LENTES KODAK PRECISE CRIZAL
Optilab,Optilab 06 de abril a 31 de julho de 2026,LENTES KODAK®,Mista,mista,3b900b90-9f42-415e-b733-58ba0d0ae5db,Poly + Transitions Gen S,LENTES KODAK® MULTIFOCAL TRADICIONAL LENTES KODAK PRECISE CRIZAL Poly + Transitions Gen S,multifocal,Policarbonato,1.59,false,false,true,1609.00,Pagina 33,Optifog,Antirreflexo,final,2249.00,2249.00,-10.00,6.00,0.00,-6.00,1.00,3.50,MULTIFOCAL TRADICIONAL,LENTES KODAK PRECISE CRIZAL
Optilab,Optilab 06 de abril a 31 de julho de 2026,LENTES KODAK®,Mista,mista,3b900b90-9f42-415e-b733-58ba0d0ae5db,Poly + Transitions Gen S,LENTES KODAK® MULTIFOCAL TRADICIONAL LENTES KODAK PRECISE CRIZAL Poly + Transitions Gen S,multifocal,Policarbonato,1.59,false,false,true,1609.00,Pagina 33,Trio Easy Clean,Antirreflexo,final,1809.00,1809.00,-10.00,6.00,0.00,-6.00,1.00,3.50,MULTIFOCAL TRADICIONAL,LENTES KODAK PRECISE CRIZAL
Optilab,Optilab 06 de abril a 31 de julho de 2026,LENTES KODAK®,Mista,mista,3b900b90-9f42-415e-b733-58ba0d0ae5db,Poly + Transitions Gen S,LENTES KODAK® MULTIFOCAL TRADICIONAL LENTES KODAK PRECISE CRIZAL Poly + Transitions Gen S,multifocal,Policarbonato,1.59,false,false,true,1609.00,Pagina 33,Verniz Hc,Revestimento,final,1609.00,1609.00,-10.00,6.00,0.00,-6.00,1.00,3.50,MULTIFOCAL TRADICIONAL,LENTES KODAK PRECISE CRIZAL
Optilab,Optilab 06 de abril a 31 de julho de 2026,LENTES KODAK®,Mista,mista,c91e6536-a324-4ea2-bf97-b4019db99ed8,1.50,LENTES KODAK® SOLARES Lentes KODAK Easy Sun 1.50,multifocal,Resina,1.50,false,false,true,639.00,Pagina 36,Verniz Hc,Revestimento,final,639.00,639.00,-10.00,5.00,0.00,-6.00,1.00,3.50,SOLARES,Lentes KODAK Easy Sun
Optilab,Optilab 06 de abril a 31 de julho de 2026,LENTES KODAK®,Mista,mista,0b5459ac-c39b-4332-b9b7-4a4798cdab2d,1.50 + Coloração especial,LENTES KODAK® SOLARES Lentes KODAK Easy Sun 1.50 + Coloração especial,multifocal,Resina,1.50,false,false,true,749.00,Pagina 36,Verniz Hc,Revestimento,final,749.00,749.00,-10.00,5.00,0.00,-6.00,1.00,3.50,SOLARES,Lentes KODAK Easy Sun
Optilab,Optilab 06 de abril a 31 de julho de 2026,LENTES KODAK®,Mista,mista,7a215891-cbc1-4b86-8e23-4391b6a8ebfa,1.50 + Xperio cinza/marrom/verde,LENTES KODAK® SOLARES Lentes KODAK Easy Sun 1.50 + Xperio cinza/marrom/verde,multifocal,Resina,1.50,false,false,true,1029.00,Pagina 36,Crizal Sapphire HR Face Interna,Antirreflexo,final,1689.00,1689.00,-10.00,5.00,0.00,-6.00,1.00,3.50,SOLARES,Lentes KODAK Easy Sun
Optilab,Optilab 06 de abril a 31 de julho de 2026,LENTES KODAK®,Mista,mista,7a215891-cbc1-4b86-8e23-4391b6a8ebfa,1.50 + Xperio cinza/marrom/verde,LENTES KODAK® SOLARES Lentes KODAK Easy Sun 1.50 + Xperio cinza/marrom/verde,multifocal,Resina,1.50,false,false,true,1029.00,Pagina 36,Optifog,Antirreflexo,final,1669.00,1669.00,-10.00,5.00,0.00,-6.00,1.00,3.50,SOLARES,Lentes KODAK Easy Sun
Optilab,Optilab 06 de abril a 31 de julho de 2026,LENTES KODAK®,Mista,mista,7a215891-cbc1-4b86-8e23-4391b6a8ebfa,1.50 + Xperio cinza/marrom/verde,LENTES KODAK® SOLARES Lentes KODAK Easy Sun 1.50 + Xperio cinza/marrom/verde,multifocal,Resina,1.50,false,false,true,1029.00,Pagina 36,Verniz Hc,Revestimento,final,1029.00,1029.00,-10.00,5.00,0.00,-6.00,1.00,3.50,SOLARES,Lentes KODAK Easy Sun
Optilab,Optilab 06 de abril a 31 de julho de 2026,LENTES KODAK®,Mista,mista,440a03ba-08b7-42db-a300-978a1ead1801,Poly,LENTES KODAK® SOLARES Lentes KODAK Easy Sun Poly,multifocal,Policarbonato,1.59,false,false,true,859.00,Pagina 36,Verniz Hc,Revestimento,final,859.00,859.00,-10.00,6.00,0.00,-6.00,1.00,3.50,SOLARES,Lentes KODAK Easy Sun
Optilab,Optilab 06 de abril a 31 de julho de 2026,LENTES KODAK®,Mista,mista,96fd5ec2-313d-4067-97b5-b5476fe3ec9a,Poly + Coloração especial,LENTES KODAK® SOLARES Lentes KODAK Easy Sun Poly + Coloração especial,multifocal,Policarbonato,1.59,false,false,true,969.00,Pagina 36,Verniz Hc,Revestimento,final,969.00,969.00,-10.00,6.00,0.00,-6.00,1.00,3.50,SOLARES,Lentes KODAK Easy Sun
Optilab,Optilab 06 de abril a 31 de julho de 2026,LENTES KODAK®,Mista,mista,1a323831-b854-49cf-a159-f095cb03c1d8,Poly + Xperio cinza/marrom/verde,LENTES KODAK® SOLARES Lentes KODAK Easy Sun Poly + Xperio cinza/marrom/verde,multifocal,Policarbonato,1.59,false,false,true,1249.00,Pagina 36,Crizal Sapphire HR Face Interna,Antirreflexo,final,1909.00,1909.00,-10.00,6.00,0.00,-6.00,1.00,3.50,SOLARES,Lentes KODAK Easy Sun
Optilab,Optilab 06 de abril a 31 de julho de 2026,LENTES KODAK®,Mista,mista,1a323831-b854-49cf-a159-f095cb03c1d8,Poly + Xperio cinza/marrom/verde,LENTES KODAK® SOLARES Lentes KODAK Easy Sun Poly + Xperio cinza/marrom/verde,multifocal,Policarbonato,1.59,false,false,true,1249.00,Pagina 36,Optifog,Antirreflexo,final,1889.00,1889.00,-10.00,6.00,0.00,-6.00,1.00,3.50,SOLARES,Lentes KODAK Easy Sun
Optilab,Optilab 06 de abril a 31 de julho de 2026,LENTES KODAK®,Mista,mista,1a323831-b854-49cf-a159-f095cb03c1d8,Poly + Xperio cinza/marrom/verde,LENTES KODAK® SOLARES Lentes KODAK Easy Sun Poly + Xperio cinza/marrom/verde,multifocal,Policarbonato,1.59,false,false,true,1249.00,Pagina 36,Verniz Hc,Revestimento,final,1249.00,1249.00,-10.00,6.00,0.00,-6.00,1.00,3.50,SOLARES,Lentes KODAK Easy Sun
Optilab,Optilab 06 de abril a 31 de julho de 2026,LENTES KODAK®,Mista,mista,d50ea6cf-c88e-41a7-8f04-c425cfa2dd2e,1.50,LENTES KODAK® SOLARES Lentes KODAK Single Sun 1.50,visao_simples,Resina,1.50,false,false,true,399.00,Pagina 36,Verniz Hc,Revestimento,final,399.00,399.00,-10.00,5.00,0.00,-6.00,1.00,3.50,SOLARES,Lentes KODAK Single Sun
Optilab,Optilab 06 de abril a 31 de julho de 2026,LENTES KODAK®,Mista,mista,8bed9889-e7af-4804-8850-c72834a31f97,1.50 + Coloração especial,LENTES KODAK® SOLARES Lentes KODAK Single Sun 1.50 + Coloração especial,visao_simples,Resina,1.50,false,false,true,509.00,Pagina 36,Verniz Hc,Revestimento,final,509.00,509.00,-10.00,5.00,0.00,-6.00,1.00,3.50,SOLARES,Lentes KODAK Single Sun
Optilab,Optilab 06 de abril a 31 de julho de 2026,LENTES KODAK®,Mista,mista,3fc4b641-1d4b-401e-96aa-2ce9f58d7b9d,1.50 + Xperio cinza/marrom/verde,LENTES KODAK® SOLARES Lentes KODAK Single Sun 1.50 + Xperio cinza/marrom/verde,visao_simples,Resina,1.50,false,false,true,869.00,Pagina 36,Crizal Sapphire HR Face Interna,Antirreflexo,final,1529.00,1529.00,-10.00,5.00,0.00,-6.00,1.00,3.50,SOLARES,Lentes KODAK Single Sun
Optilab,Optilab 06 de abril a 31 de julho de 2026,LENTES KODAK®,Mista,mista,3fc4b641-1d4b-401e-96aa-2ce9f58d7b9d,1.50 + Xperio cinza/marrom/verde,LENTES KODAK® SOLARES Lentes KODAK Single Sun 1.50 + Xperio cinza/marrom/verde,visao_simples,Resina,1.50,false,false,true,869.00,Pagina 36,Optifog,Antirreflexo,final,1509.00,1509.00,-10.00,5.00,0.00,-6.00,1.00,3.50,SOLARES,Lentes KODAK Single Sun
Optilab,Optilab 06 de abril a 31 de julho de 2026,LENTES KODAK®,Mista,mista,3fc4b641-1d4b-401e-96aa-2ce9f58d7b9d,1.50 + Xperio cinza/marrom/verde,LENTES KODAK® SOLARES Lentes KODAK Single Sun 1.50 + Xperio cinza/marrom/verde,visao_simples,Resina,1.50,false,false,true,869.00,Pagina 36,Verniz Hc,Revestimento,final,869.00,869.00,-10.00,5.00,0.00,-6.00,1.00,3.50,SOLARES,Lentes KODAK Single Sun
Optilab,Optilab 06 de abril a 31 de julho de 2026,LENTES KODAK®,Mista,mista,9edb6327-7080-472b-ac7b-1aec0e30958f,Poly,LENTES KODAK® SOLARES Lentes KODAK Single Sun Poly,visao_simples,Policarbonato,1.59,false,false,true,569.00,Pagina 36,Verniz Hc,Revestimento,final,569.00,569.00,-10.00,6.00,0.00,-6.00,1.00,3.50,SOLARES,Lentes KODAK Single Sun
Optilab,Optilab 06 de abril a 31 de julho de 2026,LENTES KODAK®,Mista,mista,0d9488a7-51bf-49fb-b84d-1e2014ea4bff,Poly + Coloração especial,LENTES KODAK® SOLARES Lentes KODAK Single Sun Poly + Coloração especial,visao_simples,Policarbonato,1.59,false,false,true,679.00,Pagina 36,Verniz Hc,Revestimento,final,679.00,679.00,-10.00,6.00,0.00,-6.00,1.00,3.50,SOLARES,Lentes KODAK Single Sun
Optilab,Optilab 06 de abril a 31 de julho de 2026,LENTES KODAK®,Mista,mista,1f66df19-72bf-488b-9839-78eb9e304716,Poly + Xperio cinza/marrom/verde,LENTES KODAK® SOLARES Lentes KODAK Single Sun Poly + Xperio cinza/marrom/verde,visao_simples,Policarbonato,1.59,false,false,true,699.00,Pagina 36,Crizal Sapphire HR Face Interna,Antirreflexo,final,1359.00,1359.00,-10.00,6.00,0.00,-6.00,1.00,3.50,SOLARES,Lentes KODAK Single Sun
Optilab,Optilab 06 de abril a 31 de julho de 2026,LENTES KODAK®,Mista,mista,1f66df19-72bf-488b-9839-78eb9e304716,Poly + Xperio cinza/marrom/verde,LENTES KODAK® SOLARES Lentes KODAK Single Sun Poly + Xperio cinza/marrom/verde,visao_simples,Policarbonato,1.59,false,false,true,699.00,Pagina 36,Optifog,Antirreflexo,final,1339.00,1339.00,-10.00,6.00,0.00,-6.00,1.00,3.50,SOLARES,Lentes KODAK Single Sun
Optilab,Optilab 06 de abril a 31 de julho de 2026,LENTES KODAK®,Mista,mista,1f66df19-72bf-488b-9839-78eb9e304716,Poly + Xperio cinza/marrom/verde,LENTES KODAK® SOLARES Lentes KODAK Single Sun Poly + Xperio cinza/marrom/verde,visao_simples,Policarbonato,1.59,false,false,true,699.00,Pagina 36,Verniz Hc,Revestimento,final,699.00,699.00,-10.00,6.00,0.00,-6.00,1.00,3.50,SOLARES,Lentes KODAK Single Sun
Optilab,Optilab 06 de abril a 31 de julho de 2026,LENTES KODAK®,Mista,mista,4fe0ecd8-2038-4157-812a-43e230e3a5ea,1.50,LENTES KODAK® UNIQUE INFINITE 1.50,multifocal,Resina,1.50,false,false,true,959.00,Pagina 32,Crizal Easy Pro,Antirreflexo,final,1359.00,1359.00,-10.00,5.25,0.00,-6.00,0.75,3.50,null,UNIQUE INFINITE
Optilab,Optilab 06 de abril a 31 de julho de 2026,LENTES KODAK®,Mista,mista,4fe0ecd8-2038-4157-812a-43e230e3a5ea,1.50,LENTES KODAK® UNIQUE INFINITE 1.50,multifocal,Resina,1.50,false,false,true,959.00,Pagina 32,Crizal Prevencia,Antirreflexo,final,1979.00,1979.00,-10.00,5.25,0.00,-6.00,0.75,3.50,null,UNIQUE INFINITE
Optilab,Optilab 06 de abril a 31 de julho de 2026,LENTES KODAK®,Mista,mista,4fe0ecd8-2038-4157-812a-43e230e3a5ea,1.50,LENTES KODAK® UNIQUE INFINITE 1.50,multifocal,Resina,1.50,false,false,true,959.00,Pagina 32,Crizal Rock,Antirreflexo,final,1709.00,1709.00,-10.00,5.25,0.00,-6.00,0.75,3.50,null,UNIQUE INFINITE
Optilab,Optilab 06 de abril a 31 de julho de 2026,LENTES KODAK®,Mista,mista,4fe0ecd8-2038-4157-812a-43e230e3a5ea,1.50,LENTES KODAK® UNIQUE INFINITE 1.50,multifocal,Resina,1.50,false,false,true,959.00,Pagina 32,Crizal Sapphire HR,Antirreflexo,final,1979.00,1979.00,-10.00,5.25,0.00,-6.00,0.75,3.50,null,UNIQUE INFINITE
Optilab,Optilab 06 de abril a 31 de julho de 2026,LENTES KODAK®,Mista,mista,4fe0ecd8-2038-4157-812a-43e230e3a5ea,1.50,LENTES KODAK® UNIQUE INFINITE 1.50,multifocal,Resina,1.50,false,false,true,959.00,Pagina 32,No Reflex,Antirreflexo,final,1209.00,1209.00,-10.00,5.25,0.00,-6.00,0.75,3.50,null,UNIQUE INFINITE
Optilab,Optilab 06 de abril a 31 de julho de 2026,LENTES KODAK®,Mista,mista,4fe0ecd8-2038-4157-812a-43e230e3a5ea,1.50,LENTES KODAK® UNIQUE INFINITE 1.50,multifocal,Resina,1.50,false,false,true,959.00,Pagina 32,Optifog,Antirreflexo,final,1599.00,1599.00,-10.00,5.25,0.00,-6.00,0.75,3.50,null,UNIQUE INFINITE
Optilab,Optilab 06 de abril a 31 de julho de 2026,LENTES KODAK®,Mista,mista,4fe0ecd8-2038-4157-812a-43e230e3a5ea,1.50,LENTES KODAK® UNIQUE INFINITE 1.50,multifocal,Resina,1.50,false,false,true,959.00,Pagina 32,Trio Easy Clean,Antirreflexo,final,1159.00,1159.00,-10.00,5.25,0.00,-6.00,0.75,3.50,null,UNIQUE INFINITE
Optilab,Optilab 06 de abril a 31 de julho de 2026,LENTES KODAK®,Mista,mista,4fe0ecd8-2038-4157-812a-43e230e3a5ea,1.50,LENTES KODAK® UNIQUE INFINITE 1.50,multifocal,Resina,1.50,false,false,true,959.00,Pagina 32,Verniz Hc,Revestimento,final,959.00,959.00,-10.00,5.25,0.00,-6.00,0.75,3.50,null,UNIQUE INFINITE
Optilab,Optilab 06 de abril a 31 de julho de 2026,LENTES KODAK®,Mista,mista,3b13055e-8caf-40c0-953a-65e0a7200f42,1.50 + Transitions Extractive,LENTES KODAK® UNIQUE INFINITE 1.50 + Transitions Extractive,multifocal,Resina,1.50,false,false,true,1969.00,Pagina 32,Crizal Easy Pro,Antirreflexo,final,2369.00,2369.00,-10.00,5.25,0.00,-6.00,0.75,3.50,null,UNIQUE INFINITE
Optilab,Optilab 06 de abril a 31 de julho de 2026,LENTES KODAK®,Mista,mista,3b13055e-8caf-40c0-953a-65e0a7200f42,1.50 + Transitions Extractive,LENTES KODAK® UNIQUE INFINITE 1.50 + Transitions Extractive,multifocal,Resina,1.50,false,false,true,1969.00,Pagina 32,Crizal Prevencia,Antirreflexo,final,2989.00,2989.00,-10.00,5.25,0.00,-6.00,0.75,3.50,null,UNIQUE INFINITE
Optilab,Optilab 06 de abril a 31 de julho de 2026,LENTES KODAK®,Mista,mista,3b13055e-8caf-40c0-953a-65e0a7200f42,1.50 + Transitions Extractive,LENTES KODAK® UNIQUE INFINITE 1.50 + Transitions Extractive,multifocal,Resina,1.50,false,false,true,1969.00,Pagina 32,Crizal Rock,Antirreflexo,final,2719.00,2719.00,-10.00,5.25,0.00,-6.00,0.75,3.50,null,UNIQUE INFINITE
Optilab,Optilab 06 de abril a 31 de julho de 2026,LENTES KODAK®,Mista,mista,3b13055e-8caf-40c0-953a-65e0a7200f42,1.50 + Transitions Extractive,LENTES KODAK® UNIQUE INFINITE 1.50 + Transitions Extractive,multifocal,Resina,1.50,false,false,true,1969.00,Pagina 32,Crizal Sapphire HR,Antirreflexo,final,2989.00,2989.00,-10.00,5.25,0.00,-6.00,0.75,3.50,null,UNIQUE INFINITE
Optilab,Optilab 06 de abril a 31 de julho de 2026,LENTES KODAK®,Mista,mista,3b13055e-8caf-40c0-953a-65e0a7200f42,1.50 + Transitions Extractive,LENTES KODAK® UNIQUE INFINITE 1.50 + Transitions Extractive,multifocal,Resina,1.50,false,false,true,1969.00,Pagina 32,No Reflex,Antirreflexo,final,2219.00,2219.00,-10.00,5.25,0.00,-6.00,0.75,3.50,null,UNIQUE INFINITE
Optilab,Optilab 06 de abril a 31 de julho de 2026,LENTES KODAK®,Mista,mista,3b13055e-8caf-40c0-953a-65e0a7200f42,1.50 + Transitions Extractive,LENTES KODAK® UNIQUE INFINITE 1.50 + Transitions Extractive,multifocal,Resina,1.50,false,false,true,1969.00,Pagina 32,Optifog,Antirreflexo,final,2609.00,2609.00,-10.00,5.25,0.00,-6.00,0.75,3.50,null,UNIQUE INFINITE
Optilab,Optilab 06 de abril a 31 de julho de 2026,LENTES KODAK®,Mista,mista,3b13055e-8caf-40c0-953a-65e0a7200f42,1.50 + Transitions Extractive,LENTES KODAK® UNIQUE INFINITE 1.50 + Transitions Extractive,multifocal,Resina,1.50,false,false,true,1969.00,Pagina 32,Trio Easy Clean,Antirreflexo,final,2169.00,2169.00,-10.00,5.25,0.00,-6.00,0.75,3.50,null,UNIQUE INFINITE
Optilab,Optilab 06 de abril a 31 de julho de 2026,LENTES KODAK®,Mista,mista,3b13055e-8caf-40c0-953a-65e0a7200f42,1.50 + Transitions Extractive,LENTES KODAK® UNIQUE INFINITE 1.50 + Transitions Extractive,multifocal,Resina,1.50,false,false,true,1969.00,Pagina 32,Verniz Hc,Revestimento,final,1969.00,1969.00,-10.00,5.25,0.00,-6.00,0.75,3.50,null,UNIQUE INFINITE
Optilab,Optilab 06 de abril a 31 de julho de 2026,LENTES KODAK®,Mista,mista,f7fcd315-924e-4bdc-adeb-328914edd875,1.50 + Transitions Gen S,LENTES KODAK® UNIQUE INFINITE 1.50 + Transitions Gen S,multifocal,Resina,1.50,false,false,true,1899.00,Pagina 32,Crizal Easy Pro,Antirreflexo,final,2299.00,2299.00,-10.00,5.25,0.00,-6.00,0.75,3.50,null,UNIQUE INFINITE
Optilab,Optilab 06 de abril a 31 de julho de 2026,LENTES KODAK®,Mista,mista,f7fcd315-924e-4bdc-adeb-328914edd875,1.50 + Transitions Gen S,LENTES KODAK® UNIQUE INFINITE 1.50 + Transitions Gen S,multifocal,Resina,1.50,false,false,true,1899.00,Pagina 32,Crizal Prevencia,Antirreflexo,final,2919.00,2919.00,-10.00,5.25,0.00,-6.00,0.75,3.50,null,UNIQUE INFINITE
Optilab,Optilab 06 de abril a 31 de julho de 2026,LENTES KODAK®,Mista,mista,f7fcd315-924e-4bdc-adeb-328914edd875,1.50 + Transitions Gen S,LENTES KODAK® UNIQUE INFINITE 1.50 + Transitions Gen S,multifocal,Resina,1.50,false,false,true,1899.00,Pagina 32,Crizal Rock,Antirreflexo,final,2649.00,2649.00,-10.00,5.25,0.00,-6.00,0.75,3.50,null,UNIQUE INFINITE
Optilab,Optilab 06 de abril a 31 de julho de 2026,LENTES KODAK®,Mista,mista,f7fcd315-924e-4bdc-adeb-328914edd875,1.50 + Transitions Gen S,LENTES KODAK® UNIQUE INFINITE 1.50 + Transitions Gen S,multifocal,Resina,1.50,false,false,true,1899.00,Pagina 32,Crizal Sapphire HR,Antirreflexo,final,2919.00,2919.00,-10.00,5.25,0.00,-6.00,0.75,3.50,null,UNIQUE INFINITE
Optilab,Optilab 06 de abril a 31 de julho de 2026,LENTES KODAK®,Mista,mista,f7fcd315-924e-4bdc-adeb-328914edd875,1.50 + Transitions Gen S,LENTES KODAK® UNIQUE INFINITE 1.50 + Transitions Gen S,multifocal,Resina,1.50,false,false,true,1899.00,Pagina 32,No Reflex,Antirreflexo,final,2149.00,2149.00,-10.00,5.25,0.00,-6.00,0.75,3.50,null,UNIQUE INFINITE
Optilab,Optilab 06 de abril a 31 de julho de 2026,LENTES KODAK®,Mista,mista,f7fcd315-924e-4bdc-adeb-328914edd875,1.50 + Transitions Gen S,LENTES KODAK® UNIQUE INFINITE 1.50 + Transitions Gen S,multifocal,Resina,1.50,false,false,true,1899.00,Pagina 32,Optifog,Antirreflexo,final,2539.00,2539.00,-10.00,5.25,0.00,-6.00,0.75,3.50,null,UNIQUE INFINITE
Optilab,Optilab 06 de abril a 31 de julho de 2026,LENTES KODAK®,Mista,mista,f7fcd315-924e-4bdc-adeb-328914edd875,1.50 + Transitions Gen S,LENTES KODAK® UNIQUE INFINITE 1.50 + Transitions Gen S,multifocal,Resina,1.50,false,false,true,1899.00,Pagina 32,Trio Easy Clean,Antirreflexo,final,2099.00,2099.00,-10.00,5.25,0.00,-6.00,0.75,3.50,null,UNIQUE INFINITE
Optilab,Optilab 06 de abril a 31 de julho de 2026,LENTES KODAK®,Mista,mista,f7fcd315-924e-4bdc-adeb-328914edd875,1.50 + Transitions Gen S,LENTES KODAK® UNIQUE INFINITE 1.50 + Transitions Gen S,multifocal,Resina,1.50,false,false,true,1899.00,Pagina 32,Verniz Hc,Revestimento,final,1899.00,1899.00,-10.00,5.25,0.00,-6.00,0.75,3.50,null,UNIQUE INFINITE
Optilab,Optilab 06 de abril a 31 de julho de 2026,LENTES KODAK®,Mista,mista,b0f6ece8-10fe-468b-ab80-019d63f6afe2,Poly,LENTES KODAK® UNIQUE INFINITE Poly,multifocal,Policarbonato,1.59,false,false,true,1179.00,Pagina 32,Crizal Easy Pro,Antirreflexo,final,1579.00,1579.00,-10.00,6.50,0.00,-6.00,0.75,3.50,null,UNIQUE INFINITE
Optilab,Optilab 06 de abril a 31 de julho de 2026,LENTES KODAK®,Mista,mista,b0f6ece8-10fe-468b-ab80-019d63f6afe2,Poly,LENTES KODAK® UNIQUE INFINITE Poly,multifocal,Policarbonato,1.59,false,false,true,1179.00,Pagina 32,Crizal Prevencia,Antirreflexo,final,2199.00,2199.00,-10.00,6.50,0.00,-6.00,0.75,3.50,null,UNIQUE INFINITE
Optilab,Optilab 06 de abril a 31 de julho de 2026,LENTES KODAK®,Mista,mista,b0f6ece8-10fe-468b-ab80-019d63f6afe2,Poly,LENTES KODAK® UNIQUE INFINITE Poly,multifocal,Policarbonato,1.59,false,false,true,1179.00,Pagina 32,Crizal Rock,Antirreflexo,final,1929.00,1929.00,-10.00,6.50,0.00,-6.00,0.75,3.50,null,UNIQUE INFINITE
Optilab,Optilab 06 de abril a 31 de julho de 2026,LENTES KODAK®,Mista,mista,b0f6ece8-10fe-468b-ab80-019d63f6afe2,Poly,LENTES KODAK® UNIQUE INFINITE Poly,multifocal,Policarbonato,1.59,false,false,true,1179.00,Pagina 32,Crizal Sapphire HR,Antirreflexo,final,2199.00,2199.00,-10.00,6.50,0.00,-6.00,0.75,3.50,null,UNIQUE INFINITE
Optilab,Optilab 06 de abril a 31 de julho de 2026,LENTES KODAK®,Mista,mista,b0f6ece8-10fe-468b-ab80-019d63f6afe2,Poly,LENTES KODAK® UNIQUE INFINITE Poly,multifocal,Policarbonato,1.59,false,false,true,1179.00,Pagina 32,No Reflex,Antirreflexo,final,1429.00,1429.00,-10.00,6.50,0.00,-6.00,0.75,3.50,null,UNIQUE INFINITE
Optilab,Optilab 06 de abril a 31 de julho de 2026,LENTES KODAK®,Mista,mista,b0f6ece8-10fe-468b-ab80-019d63f6afe2,Poly,LENTES KODAK® UNIQUE INFINITE Poly,multifocal,Policarbonato,1.59,false,false,true,1179.00,Pagina 32,Optifog,Antirreflexo,final,1819.00,1819.00,-10.00,6.50,0.00,-6.00,0.75,3.50,null,UNIQUE INFINITE
Optilab,Optilab 06 de abril a 31 de julho de 2026,LENTES KODAK®,Mista,mista,b0f6ece8-10fe-468b-ab80-019d63f6afe2,Poly,LENTES KODAK® UNIQUE INFINITE Poly,multifocal,Policarbonato,1.59,false,false,true,1179.00,Pagina 32,Trio Easy Clean,Antirreflexo,final,1379.00,1379.00,-10.00,6.50,0.00,-6.00,0.75,3.50,null,UNIQUE INFINITE
Optilab,Optilab 06 de abril a 31 de julho de 2026,LENTES KODAK®,Mista,mista,b0f6ece8-10fe-468b-ab80-019d63f6afe2,Poly,LENTES KODAK® UNIQUE INFINITE Poly,multifocal,Policarbonato,1.59,false,false,true,1179.00,Pagina 32,Verniz Hc,Revestimento,final,1179.00,1179.00,-10.00,6.50,0.00,-6.00,0.75,3.50,null,UNIQUE INFINITE
Optilab,Optilab 06 de abril a 31 de julho de 2026,LENTES KODAK®,Mista,mista,b645f362-5979-433c-b21b-2cb9e847a143,Poly + Transitions Extractive,LENTES KODAK® UNIQUE INFINITE Poly + Transitions Extractive,multifocal,Policarbonato,1.59,false,false,true,2189.00,Pagina 32,Crizal Easy Pro,Antirreflexo,final,2589.00,2589.00,-10.00,6.50,0.00,-6.00,0.75,3.50,null,UNIQUE INFINITE
Optilab,Optilab 06 de abril a 31 de julho de 2026,LENTES KODAK®,Mista,mista,b645f362-5979-433c-b21b-2cb9e847a143,Poly + Transitions Extractive,LENTES KODAK® UNIQUE INFINITE Poly + Transitions Extractive,multifocal,Policarbonato,1.59,false,false,true,2189.00,Pagina 32,Crizal Prevencia,Antirreflexo,final,3209.00,3209.00,-10.00,6.50,0.00,-6.00,0.75,3.50,null,UNIQUE INFINITE
Optilab,Optilab 06 de abril a 31 de julho de 2026,LENTES KODAK®,Mista,mista,b645f362-5979-433c-b21b-2cb9e847a143,Poly + Transitions Extractive,LENTES KODAK® UNIQUE INFINITE Poly + Transitions Extractive,multifocal,Policarbonato,1.59,false,false,true,2189.00,Pagina 32,Crizal Rock,Antirreflexo,final,2939.00,2939.00,-10.00,6.50,0.00,-6.00,0.75,3.50,null,UNIQUE INFINITE
Optilab,Optilab 06 de abril a 31 de julho de 2026,LENTES KODAK®,Mista,mista,b645f362-5979-433c-b21b-2cb9e847a143,Poly + Transitions Extractive,LENTES KODAK® UNIQUE INFINITE Poly + Transitions Extractive,multifocal,Policarbonato,1.59,false,false,true,2189.00,Pagina 32,Crizal Sapphire HR,Antirreflexo,final,3209.00,3209.00,-10.00,6.50,0.00,-6.00,0.75,3.50,null,UNIQUE INFINITE
Optilab,Optilab 06 de abril a 31 de julho de 2026,LENTES KODAK®,Mista,mista,b645f362-5979-433c-b21b-2cb9e847a143,Poly + Transitions Extractive,LENTES KODAK® UNIQUE INFINITE Poly + Transitions Extractive,multifocal,Policarbonato,1.59,false,false,true,2189.00,Pagina 32,No Reflex,Antirreflexo,final,2439.00,2439.00,-10.00,6.50,0.00,-6.00,0.75,3.50,null,UNIQUE INFINITE
Optilab,Optilab 06 de abril a 31 de julho de 2026,LENTES KODAK®,Mista,mista,b645f362-5979-433c-b21b-2cb9e847a143,Poly + Transitions Extractive,LENTES KODAK® UNIQUE INFINITE Poly + Transitions Extractive,multifocal,Policarbonato,1.59,false,false,true,2189.00,Pagina 32,Optifog,Antirreflexo,final,2829.00,2829.00,-10.00,6.50,0.00,-6.00,0.75,3.50,null,UNIQUE INFINITE
Optilab,Optilab 06 de abril a 31 de julho de 2026,LENTES KODAK®,Mista,mista,b645f362-5979-433c-b21b-2cb9e847a143,Poly + Transitions Extractive,LENTES KODAK® UNIQUE INFINITE Poly + Transitions Extractive,multifocal,Policarbonato,1.59,false,false,true,2189.00,Pagina 32,Trio Easy Clean,Antirreflexo,final,2389.00,2389.00,-10.00,6.50,0.00,-6.00,0.75,3.50,null,UNIQUE INFINITE
Optilab,Optilab 06 de abril a 31 de julho de 2026,LENTES KODAK®,Mista,mista,b645f362-5979-433c-b21b-2cb9e847a143,Poly + Transitions Extractive,LENTES KODAK® UNIQUE INFINITE Poly + Transitions Extractive,multifocal,Policarbonato,1.59,false,false,true,2189.00,Pagina 32,Verniz Hc,Revestimento,final,2189.00,2189.00,-10.00,6.50,0.00,-6.00,0.75,3.50,null,UNIQUE INFINITE
Optilab,Optilab 06 de abril a 31 de julho de 2026,LENTES KODAK®,Mista,mista,8357adf4-1396-4e5d-b1d4-de95016be1cd,Poly + Transitions Gen S,LENTES KODAK® UNIQUE INFINITE Poly + Transitions Gen S,multifocal,Policarbonato,1.59,false,false,true,2119.00,Pagina 32,Crizal Easy Pro,Antirreflexo,final,2519.00,2519.00,-10.00,6.50,0.00,-6.00,0.75,3.50,null,UNIQUE INFINITE
Optilab,Optilab 06 de abril a 31 de julho de 2026,LENTES KODAK®,Mista,mista,8357adf4-1396-4e5d-b1d4-de95016be1cd,Poly + Transitions Gen S,LENTES KODAK® UNIQUE INFINITE Poly + Transitions Gen S,multifocal,Policarbonato,1.59,false,false,true,2119.00,Pagina 32,Crizal Prevencia,Antirreflexo,final,3139.00,3139.00,-10.00,6.50,0.00,-6.00,0.75,3.50,null,UNIQUE INFINITE
Optilab,Optilab 06 de abril a 31 de julho de 2026,LENTES KODAK®,Mista,mista,8357adf4-1396-4e5d-b1d4-de95016be1cd,Poly + Transitions Gen S,LENTES KODAK® UNIQUE INFINITE Poly + Transitions Gen S,multifocal,Policarbonato,1.59,false,false,true,2119.00,Pagina 32,Crizal Rock,Antirreflexo,final,2869.00,2869.00,-10.00,6.50,0.00,-6.00,0.75,3.50,null,UNIQUE INFINITE
Optilab,Optilab 06 de abril a 31 de julho de 2026,LENTES KODAK®,Mista,mista,8357adf4-1396-4e5d-b1d4-de95016be1cd,Poly + Transitions Gen S,LENTES KODAK® UNIQUE INFINITE Poly + Transitions Gen S,multifocal,Policarbonato,1.59,false,false,true,2119.00,Pagina 32,Crizal Sapphire HR,Antirreflexo,final,3139.00,3139.00,-10.00,6.50,0.00,-6.00,0.75,3.50,null,UNIQUE INFINITE
Optilab,Optilab 06 de abril a 31 de julho de 2026,LENTES KODAK®,Mista,mista,8357adf4-1396-4e5d-b1d4-de95016be1cd,Poly + Transitions Gen S,LENTES KODAK® UNIQUE INFINITE Poly + Transitions Gen S,multifocal,Policarbonato,1.59,false,false,true,2119.00,Pagina 32,No Reflex,Antirreflexo,final,2369.00,2369.00,-10.00,6.50,0.00,-6.00,0.75,3.50,null,UNIQUE INFINITE
Optilab,Optilab 06 de abril a 31 de julho de 2026,LENTES KODAK®,Mista,mista,8357adf4-1396-4e5d-b1d4-de95016be1cd,Poly + Transitions Gen S,LENTES KODAK® UNIQUE INFINITE Poly + Transitions Gen S,multifocal,Policarbonato,1.59,false,false,true,2119.00,Pagina 32,Optifog,Antirreflexo,final,2759.00,2759.00,-10.00,6.50,0.00,-6.00,0.75,3.50,null,UNIQUE INFINITE
Optilab,Optilab 06 de abril a 31 de julho de 2026,LENTES KODAK®,Mista,mista,8357adf4-1396-4e5d-b1d4-de95016be1cd,Poly + Transitions Gen S,LENTES KODAK® UNIQUE INFINITE Poly + Transitions Gen S,multifocal,Policarbonato,1.59,false,false,true,2119.00,Pagina 32,Trio Easy Clean,Antirreflexo,final,2319.00,2319.00,-10.00,6.50,0.00,-6.00,0.75,3.50,null,UNIQUE INFINITE
Optilab,Optilab 06 de abril a 31 de julho de 2026,LENTES KODAK®,Mista,mista,8357adf4-1396-4e5d-b1d4-de95016be1cd,Poly + Transitions Gen S,LENTES KODAK® UNIQUE INFINITE Poly + Transitions Gen S,multifocal,Policarbonato,1.59,false,false,true,2119.00,Pagina 32,Verniz Hc,Revestimento,final,2119.00,2119.00,-10.00,6.50,0.00,-6.00,0.75,3.50,null,UNIQUE INFINITE
Optilab,Optilab 06 de abril a 31 de julho de 2026,LENTES KODAK®,Mista,mista,047c6c1d-2e05-4aa8-bd51-5ae32ec6a9ea,Stylis 1.67,LENTES KODAK® UNIQUE INFINITE Stylis 1.67,multifocal,Resina High Index,1.67,false,false,true,2379.00,Pagina 32,Crizal Easy Pro,Antirreflexo,final,2779.00,2779.00,-14.00,8.00,0.00,-6.00,0.75,3.50,null,UNIQUE INFINITE
Optilab,Optilab 06 de abril a 31 de julho de 2026,LENTES KODAK®,Mista,mista,047c6c1d-2e05-4aa8-bd51-5ae32ec6a9ea,Stylis 1.67,LENTES KODAK® UNIQUE INFINITE Stylis 1.67,multifocal,Resina High Index,1.67,false,false,true,2379.00,Pagina 32,Crizal Prevencia,Antirreflexo,final,3399.00,3399.00,-14.00,8.00,0.00,-6.00,0.75,3.50,null,UNIQUE INFINITE
Optilab,Optilab 06 de abril a 31 de julho de 2026,LENTES KODAK®,Mista,mista,047c6c1d-2e05-4aa8-bd51-5ae32ec6a9ea,Stylis 1.67,LENTES KODAK® UNIQUE INFINITE Stylis 1.67,multifocal,Resina High Index,1.67,false,false,true,2379.00,Pagina 32,Crizal Rock,Antirreflexo,final,3129.00,3129.00,-14.00,8.00,0.00,-6.00,0.75,3.50,null,UNIQUE INFINITE
Optilab,Optilab 06 de abril a 31 de julho de 2026,LENTES KODAK®,Mista,mista,047c6c1d-2e05-4aa8-bd51-5ae32ec6a9ea,Stylis 1.67,LENTES KODAK® UNIQUE INFINITE Stylis 1.67,multifocal,Resina High Index,1.67,false,false,true,2379.00,Pagina 32,Crizal Sapphire HR,Antirreflexo,final,3399.00,3399.00,-14.00,8.00,0.00,-6.00,0.75,3.50,null,UNIQUE INFINITE
Optilab,Optilab 06 de abril a 31 de julho de 2026,LENTES KODAK®,Mista,mista,047c6c1d-2e05-4aa8-bd51-5ae32ec6a9ea,Stylis 1.67,LENTES KODAK® UNIQUE INFINITE Stylis 1.67,multifocal,Resina High Index,1.67,false,false,true,2379.00,Pagina 32,No Reflex,Antirreflexo,final,2629.00,2629.00,-14.00,8.00,0.00,-6.00,0.75,3.50,null,UNIQUE INFINITE
Optilab,Optilab 06 de abril a 31 de julho de 2026,LENTES KODAK®,Mista,mista,047c6c1d-2e05-4aa8-bd51-5ae32ec6a9ea,Stylis 1.67,LENTES KODAK® UNIQUE INFINITE Stylis 1.67,multifocal,Resina High Index,1.67,false,false,true,2379.00,Pagina 32,Optifog,Antirreflexo,final,3019.00,3019.00,-14.00,8.00,0.00,-6.00,0.75,3.50,null,UNIQUE INFINITE
Optilab,Optilab 06 de abril a 31 de julho de 2026,LENTES KODAK®,Mista,mista,047c6c1d-2e05-4aa8-bd51-5ae32ec6a9ea,Stylis 1.67,LENTES KODAK® UNIQUE INFINITE Stylis 1.67,multifocal,Resina High Index,1.67,false,false,true,2379.00,Pagina 32,Trio Easy Clean,Antirreflexo,final,2579.00,2579.00,-14.00,8.00,0.00,-6.00,0.75,3.50,null,UNIQUE INFINITE
Optilab,Optilab 06 de abril a 31 de julho de 2026,LENTES KODAK®,Mista,mista,047c6c1d-2e05-4aa8-bd51-5ae32ec6a9ea,Stylis 1.67,LENTES KODAK® UNIQUE INFINITE Stylis 1.67,multifocal,Resina High Index,1.67,false,false,true,2379.00,Pagina 32,Verniz Hc,Revestimento,final,2379.00,2379.00,-14.00,8.00,0.00,-6.00,0.75,3.50,null,UNIQUE INFINITE
Optilab,Optilab 06 de abril a 31 de julho de 2026,LENTES KODAK®,Mista,mista,2cd58889-02c7-4b2f-b6c6-7003d33ef476,Stylis 1.67 + Transitions Gen S,LENTES KODAK® UNIQUE INFINITE Stylis 1.67 + Transitions Gen S,multifocal,Resina High Index,1.67,false,false,true,3319.00,Pagina 32,Crizal Easy Pro,Antirreflexo,final,3719.00,3719.00,-14.00,8.00,0.00,-6.00,0.75,3.50,null,UNIQUE INFINITE
Optilab,Optilab 06 de abril a 31 de julho de 2026,LENTES KODAK®,Mista,mista,2cd58889-02c7-4b2f-b6c6-7003d33ef476,Stylis 1.67 + Transitions Gen S,LENTES KODAK® UNIQUE INFINITE Stylis 1.67 + Transitions Gen S,multifocal,Resina High Index,1.67,false,false,true,3319.00,Pagina 32,Crizal Prevencia,Antirreflexo,final,4339.00,4339.00,-14.00,8.00,0.00,-6.00,0.75,3.50,null,UNIQUE INFINITE
Optilab,Optilab 06 de abril a 31 de julho de 2026,LENTES KODAK®,Mista,mista,2cd58889-02c7-4b2f-b6c6-7003d33ef476,Stylis 1.67 + Transitions Gen S,LENTES KODAK® UNIQUE INFINITE Stylis 1.67 + Transitions Gen S,multifocal,Resina High Index,1.67,false,false,true,3319.00,Pagina 32,Crizal Rock,Antirreflexo,final,4069.00,4069.00,-14.00,8.00,0.00,-6.00,0.75,3.50,null,UNIQUE INFINITE
Optilab,Optilab 06 de abril a 31 de julho de 2026,LENTES KODAK®,Mista,mista,2cd58889-02c7-4b2f-b6c6-7003d33ef476,Stylis 1.67 + Transitions Gen S,LENTES KODAK® UNIQUE INFINITE Stylis 1.67 + Transitions Gen S,multifocal,Resina High Index,1.67,false,false,true,3319.00,Pagina 32,Crizal Sapphire HR,Antirreflexo,final,4339.00,4339.00,-14.00,8.00,0.00,-6.00,0.75,3.50,null,UNIQUE INFINITE
Optilab,Optilab 06 de abril a 31 de julho de 2026,LENTES KODAK®,Mista,mista,2cd58889-02c7-4b2f-b6c6-7003d33ef476,Stylis 1.67 + Transitions Gen S,LENTES KODAK® UNIQUE INFINITE Stylis 1.67 + Transitions Gen S,multifocal,Resina High Index,1.67,false,false,true,3319.00,Pagina 32,No Reflex,Antirreflexo,final,3569.00,3569.00,-14.00,8.00,0.00,-6.00,0.75,3.50,null,UNIQUE INFINITE
Optilab,Optilab 06 de abril a 31 de julho de 2026,LENTES KODAK®,Mista,mista,2cd58889-02c7-4b2f-b6c6-7003d33ef476,Stylis 1.67 + Transitions Gen S,LENTES KODAK® UNIQUE INFINITE Stylis 1.67 + Transitions Gen S,multifocal,Resina High Index,1.67,false,false,true,3319.00,Pagina 32,Optifog,Antirreflexo,final,3959.00,3959.00,-14.00,8.00,0.00,-6.00,0.75,3.50,null,UNIQUE INFINITE
Optilab,Optilab 06 de abril a 31 de julho de 2026,LENTES KODAK®,Mista,mista,2cd58889-02c7-4b2f-b6c6-7003d33ef476,Stylis 1.67 + Transitions Gen S,LENTES KODAK® UNIQUE INFINITE Stylis 1.67 + Transitions Gen S,multifocal,Resina High Index,1.67,false,false,true,3319.00,Pagina 32,Trio Easy Clean,Antirreflexo,final,3519.00,3519.00,-14.00,8.00,0.00,-6.00,0.75,3.50,null,UNIQUE INFINITE
Optilab,Optilab 06 de abril a 31 de julho de 2026,LENTES KODAK®,Mista,mista,2cd58889-02c7-4b2f-b6c6-7003d33ef476,Stylis 1.67 + Transitions Gen S,LENTES KODAK® UNIQUE INFINITE Stylis 1.67 + Transitions Gen S,multifocal,Resina High Index,1.67,false,false,true,3319.00,Pagina 32,Verniz Hc,Revestimento,final,3319.00,3319.00,-14.00,8.00,0.00,-6.00,0.75,3.50,null,UNIQUE INFINITE
Optilab,Optilab 06 de abril a 31 de julho de 2026,LENTES KODAK®,Mista,mista,2965e919-c58a-4241-8b77-076cdb2406d0,Stylis 1.74,LENTES KODAK® UNIQUE INFINITE Stylis 1.74,multifocal,Resina High Index,1.74,false,false,true,4179.00,Pagina 32,Crizal Sapphire HR,Antirreflexo,final,4179.00,4179.00,-18.00,13.00,0.00,-6.00,0.75,3.50,null,UNIQUE INFINITE
Optilab,Optilab 06 de abril a 31 de julho de 2026,LENTES KODAK®,Mista,mista,b5db4de6-cfb1-4a14-9b9f-df1a16da8cc7,Stylis 1.74 + Transitions Gen S,LENTES KODAK® UNIQUE INFINITE Stylis 1.74 + Transitions Gen S,multifocal,Resina High Index,1.74,false,false,true,5119.00,Pagina 32,Crizal Sapphire HR,Antirreflexo,final,5119.00,5119.00,-18.00,13.00,0.00,-6.00,0.75,3.50,null,UNIQUE INFINITE
Optilab,Optilab 06 de abril a 31 de julho de 2026,LENTES VS SOLARES PLANAS ACABADAS,Visao Simples,plana_solar,40fcf9fe-c86b-4fc0-8dd3-ed04f9dec9c4,Degradê CR-39,LENTES VS SOLARES PLANAS ACABADAS Degradê CR-39,plana_solar,Resina,1.50,true,false,false,216.00,Pagina 43,null,null,null,null,216.00,null,null,null,null,null,null,null,null
Optilab,Optilab 06 de abril a 31 de julho de 2026,LENTES VS SOLARES PLANAS ACABADAS,Visao Simples,plana_solar,04000cc8-1b44-4b52-bbd1-114899cc8fc0,Degradê Poly,LENTES VS SOLARES PLANAS ACABADAS Degradê Poly,plana_solar,Policarbonato,1.59,true,false,false,216.00,Pagina 43,null,null,null,null,216.00,null,null,null,null,null,null,null,null
Optilab,Optilab 06 de abril a 31 de julho de 2026,LENTES VS SOLARES PLANAS ACABADAS,Visao Simples,plana_solar,4d7fdfc6-1dbc-4e40-a6f6-1e3a1e7f9c6d,Total CR-39,LENTES VS SOLARES PLANAS ACABADAS Total CR-39,plana_solar,Resina,1.50,true,false,false,222.00,Pagina 43,null,null,null,null,222.00,null,null,null,null,null,null,null,null
Optilab,Optilab 06 de abril a 31 de julho de 2026,LENTES VS SOLARES PLANAS ACABADAS,Visao Simples,plana_solar,fd2d15a1-3b9c-4dcd-b1b2-ee1e610ee9a5,Total Poly,LENTES VS SOLARES PLANAS ACABADAS Total Poly,plana_solar,Policarbonato,1.59,true,false,false,222.00,Pagina 43,null,null,null,null,222.00,null,null,null,null,null,null,null,null
Optilab,Optilab 06 de abril a 31 de julho de 2026,LINHA KIDS,Visao Simples,indefinida,04a12bd6-2e67-468a-8f96-e4ee457229f3,Airwear,LINHA KIDS Airwear,indefinida,Policarbonato,1.59,false,false,true,879.00,Pagina 26,Crizal Easy Pro,Antirreflexo,final,879.00,879.00,-10.00,6.00,0.00,-6.00,null,null,null,null
Optilab,Optilab 06 de abril a 31 de julho de 2026,LINHA KIDS,Visao Simples,indefinida,04a12bd6-2e67-468a-8f96-e4ee457229f3,Airwear,LINHA KIDS Airwear,indefinida,Policarbonato,1.59,false,false,true,879.00,Pagina 26,Crizal Prevencia,Antirreflexo,final,1499.00,1499.00,-10.00,6.00,0.00,-6.00,null,null,null,null
Optilab,Optilab 06 de abril a 31 de julho de 2026,LINHA KIDS,Visao Simples,indefinida,04a12bd6-2e67-468a-8f96-e4ee457229f3,Airwear,LINHA KIDS Airwear,indefinida,Policarbonato,1.59,false,false,true,879.00,Pagina 26,Crizal Rock,Antirreflexo,final,1229.00,1229.00,-10.00,6.00,0.00,-6.00,null,null,null,null
Optilab,Optilab 06 de abril a 31 de julho de 2026,LINHA KIDS,Visao Simples,indefinida,04a12bd6-2e67-468a-8f96-e4ee457229f3,Airwear,LINHA KIDS Airwear,indefinida,Policarbonato,1.59,false,false,true,879.00,Pagina 26,Crizal Sapphire HR,Antirreflexo,final,1499.00,1499.00,-10.00,6.00,0.00,-6.00,null,null,null,null
Optilab,Optilab 06 de abril a 31 de julho de 2026,LINHA KIDS,Visao Simples,indefinida,04a12bd6-2e67-468a-8f96-e4ee457229f3,Airwear,LINHA KIDS Airwear,indefinida,Policarbonato,1.59,false,false,true,879.00,Pagina 26,Optifog,Antirreflexo,final,1119.00,1119.00,-10.00,6.00,0.00,-6.00,null,null,null,null
Optilab,Optilab 06 de abril a 31 de julho de 2026,LINHA KIDS,Visao Simples,indefinida,a25a88cb-74a7-41f3-80fd-db3a55debc6d,Airwear + Transitions Gen S,LINHA KIDS Airwear + Transitions Gen S,indefinida,Policarbonato,1.59,false,false,true,1819.00,Pagina 26,Crizal Easy Pro,Antirreflexo,final,1819.00,1819.00,-10.00,6.00,0.00,-6.00,null,null,null,null
Optilab,Optilab 06 de abril a 31 de julho de 2026,LINHA KIDS,Visao Simples,indefinida,a25a88cb-74a7-41f3-80fd-db3a55debc6d,Airwear + Transitions Gen S,LINHA KIDS Airwear + Transitions Gen S,indefinida,Policarbonato,1.59,false,false,true,1819.00,Pagina 26,Crizal Prevencia,Antirreflexo,final,2439.00,2439.00,-10.00,6.00,0.00,-6.00,null,null,null,null
Optilab,Optilab 06 de abril a 31 de julho de 2026,LINHA KIDS,Visao Simples,indefinida,a25a88cb-74a7-41f3-80fd-db3a55debc6d,Airwear + Transitions Gen S,LINHA KIDS Airwear + Transitions Gen S,indefinida,Policarbonato,1.59,false,false,true,1819.00,Pagina 26,Crizal Rock,Antirreflexo,final,2169.00,2169.00,-10.00,6.00,0.00,-6.00,null,null,null,null
Optilab,Optilab 06 de abril a 31 de julho de 2026,LINHA KIDS,Visao Simples,indefinida,a25a88cb-74a7-41f3-80fd-db3a55debc6d,Airwear + Transitions Gen S,LINHA KIDS Airwear + Transitions Gen S,indefinida,Policarbonato,1.59,false,false,true,1819.00,Pagina 26,Crizal Sapphire HR,Antirreflexo,final,2439.00,2439.00,-10.00,6.00,0.00,-6.00,null,null,null,null
Optilab,Optilab 06 de abril a 31 de julho de 2026,LINHA KIDS,Visao Simples,indefinida,a25a88cb-74a7-41f3-80fd-db3a55debc6d,Airwear + Transitions Gen S,LINHA KIDS Airwear + Transitions Gen S,indefinida,Policarbonato,1.59,false,false,true,1819.00,Pagina 26,Optifog,Antirreflexo,final,2059.00,2059.00,-10.00,6.00,0.00,-6.00,null,null,null,null
Optilab,Optilab 06 de abril a 31 de julho de 2026,LINHA KIDS,Visao Simples,indefinida,74bbc47e-5193-4f56-9c5d-a4e351b576c5,Stellest,LINHA KIDS CONTROLE DA MIOPIA INFANTIL Stellest,controle_miopia,Policarbonato,1.50,true,true,false,1999.00,Pagina 26,null,null,null,null,1999.00,0.00,-12.00,0.00,-4.00,null,null,CONTROLE DA MIOPIA INFANTIL,null
Optilab,Optilab 06 de abril a 31 de julho de 2026,LINHA KIDS,Visao Simples,indefinida,2b9c83c5-2ab9-4d0a-8a6d-3267474dea6a,Stellest 2.0,LINHA KIDS CONTROLE DA MIOPIA INFANTIL Stellest 2.0,controle_miopia,Policarbonato,1.50,true,true,false,2299.00,Pagina 26,null,null,null,null,2299.00,0.00,-12.00,0.00,-4.00,null,null,CONTROLE DA MIOPIA INFANTIL,null
Optilab,Optilab 06 de abril a 31 de julho de 2026,LINHA KIDS,Visao Simples,indefinida,2b636f34-e57e-47b5-a180-2ca2a8681536,Stellest Sun,LINHA KIDS CONTROLE DA MIOPIA INFANTIL Stellest Sun,controle_miopia,Policarbonato,1.50,true,true,false,2199.00,Pagina 26,null,null,null,null,2199.00,0.00,-6.00,0.00,-2.00,null,null,CONTROLE DA MIOPIA INFANTIL,null
Optilab,Optilab 06 de abril a 31 de julho de 2026,VARILUX® ACTIVITIES,Mista,mista,00ba7e96-dc90-4720-885f-0e8106f1fa0c,Airwear + Coloração especial,VARILUX® ACTIVITIES COLORAÇÃO Varilux Activities Airwear + Coloração especial,multifocal,Policarbonato,1.59,false,false,true,1589.00,Pagina 20,Verniz Hc,Revestimento,final,1589.00,1589.00,-7.00,6.00,0.00,-6.00,1.00,3.50,COLORAÇÃO,Varilux Activities
Optilab,Optilab 06 de abril a 31 de julho de 2026,VARILUX® ACTIVITIES,Mista,mista,1bb42f64-ff09-435a-81bd-c15adc77a7d0,Airwear + Coloração padrão,VARILUX® ACTIVITIES COLORAÇÃO Varilux Activities Airwear + Coloração padrão,multifocal,Policarbonato,1.59,false,false,true,1479.00,Pagina 20,Verniz Hc,Revestimento,final,1479.00,1479.00,-7.00,6.00,0.00,-6.00,1.00,3.50,COLORAÇÃO,Varilux Activities
Optilab,Optilab 06 de abril a 31 de julho de 2026,VARILUX® ACTIVITIES,Mista,mista,4fbf25f9-df97-4fbd-a69c-5eb9260c461c,Orma + Coloração especial,VARILUX® ACTIVITIES COLORAÇÃO Varilux Activities Orma + Coloração especial,multifocal,Resina,1.50,false,false,true,1289.00,Pagina 20,Verniz Hc,Revestimento,final,1289.00,1289.00,-7.00,6.00,0.00,-6.00,1.00,3.50,COLORAÇÃO,Varilux Activities
Optilab,Optilab 06 de abril a 31 de julho de 2026,VARILUX® ACTIVITIES,Mista,mista,a7f2031f-e41d-4d81-a2f4-0297755a7637,Orma + Coloração padrão,VARILUX® ACTIVITIES COLORAÇÃO Varilux Activities Orma + Coloração padrão,multifocal,Resina,1.50,false,false,true,1179.00,Pagina 20,Verniz Hc,Revestimento,final,1179.00,1179.00,-7.00,6.00,0.00,-6.00,1.00,3.50,COLORAÇÃO,Varilux Activities
Optilab,Optilab 06 de abril a 31 de julho de 2026,VARILUX® ACTIVITIES,Mista,mista,7979c0a4-b3b5-43ba-8428-e23453943081,Airwear,VARILUX® ACTIVITIES DIGITAL Varilux Digitime mid Airwear,ocupacional,Policarbonato,1.59,false,false,true,899.00,Pagina 20,Crizal Easy Pro,Antirreflexo,final,1299.00,1299.00,-10.00,6.00,0.00,-6.00,1.00,3.50,DIGITAL,Varilux Digitime mid
Optilab,Optilab 06 de abril a 31 de julho de 2026,VARILUX® ACTIVITIES,Mista,mista,7979c0a4-b3b5-43ba-8428-e23453943081,Airwear,VARILUX® ACTIVITIES DIGITAL Varilux Digitime mid Airwear,ocupacional,Policarbonato,1.59,false,false,true,899.00,Pagina 20,Crizal Prevencia,Antirreflexo,final,1919.00,1919.00,-10.00,6.00,0.00,-6.00,1.00,3.50,DIGITAL,Varilux Digitime mid
Optilab,Optilab 06 de abril a 31 de julho de 2026,VARILUX® ACTIVITIES,Mista,mista,7979c0a4-b3b5-43ba-8428-e23453943081,Airwear,VARILUX® ACTIVITIES DIGITAL Varilux Digitime mid Airwear,ocupacional,Policarbonato,1.59,false,false,true,899.00,Pagina 20,Crizal Rock,Antirreflexo,final,1649.00,1649.00,-10.00,6.00,0.00,-6.00,1.00,3.50,DIGITAL,Varilux Digitime mid
Optilab,Optilab 06 de abril a 31 de julho de 2026,VARILUX® ACTIVITIES,Mista,mista,7979c0a4-b3b5-43ba-8428-e23453943081,Airwear,VARILUX® ACTIVITIES DIGITAL Varilux Digitime mid Airwear,ocupacional,Policarbonato,1.59,false,false,true,899.00,Pagina 20,Crizal Sapphire HR,Antirreflexo,final,1919.00,1919.00,-10.00,6.00,0.00,-6.00,1.00,3.50,DIGITAL,Varilux Digitime mid
Optilab,Optilab 06 de abril a 31 de julho de 2026,VARILUX® ACTIVITIES,Mista,mista,7979c0a4-b3b5-43ba-8428-e23453943081,Airwear,VARILUX® ACTIVITIES DIGITAL Varilux Digitime mid Airwear,ocupacional,Policarbonato,1.59,false,false,true,899.00,Pagina 20,Optifog,Antirreflexo,final,1539.00,1539.00,-10.00,6.00,0.00,-6.00,1.00,3.50,DIGITAL,Varilux Digitime mid
Optilab,Optilab 06 de abril a 31 de julho de 2026,VARILUX® ACTIVITIES,Mista,mista,7979c0a4-b3b5-43ba-8428-e23453943081,Airwear,VARILUX® ACTIVITIES DIGITAL Varilux Digitime mid Airwear,ocupacional,Policarbonato,1.59,false,false,true,899.00,Pagina 20,Trio Easy Clean,Antirreflexo,final,1099.00,1099.00,-10.00,6.00,0.00,-6.00,1.00,3.50,DIGITAL,Varilux Digitime mid
Optilab,Optilab 06 de abril a 31 de julho de 2026,VARILUX® ACTIVITIES,Mista,mista,d074c287-381b-4ca3-8ad1-059b4e010bd9,Orma,VARILUX® ACTIVITIES DIGITAL Varilux Digitime mid Orma,ocupacional,Resina,1.50,false,false,true,599.00,Pagina 20,Crizal Easy Pro,Antirreflexo,final,999.00,999.00,-10.00,6.00,0.00,-6.00,1.00,3.50,DIGITAL,Varilux Digitime mid
Optilab,Optilab 06 de abril a 31 de julho de 2026,VARILUX® ACTIVITIES,Mista,mista,d074c287-381b-4ca3-8ad1-059b4e010bd9,Orma,VARILUX® ACTIVITIES DIGITAL Varilux Digitime mid Orma,ocupacional,Resina,1.50,false,false,true,599.00,Pagina 20,Crizal Prevencia,Antirreflexo,final,1619.00,1619.00,-10.00,6.00,0.00,-6.00,1.00,3.50,DIGITAL,Varilux Digitime mid
Optilab,Optilab 06 de abril a 31 de julho de 2026,VARILUX® ACTIVITIES,Mista,mista,d074c287-381b-4ca3-8ad1-059b4e010bd9,Orma,VARILUX® ACTIVITIES DIGITAL Varilux Digitime mid Orma,ocupacional,Resina,1.50,false,false,true,599.00,Pagina 20,Crizal Rock,Antirreflexo,final,1349.00,1349.00,-10.00,6.00,0.00,-6.00,1.00,3.50,DIGITAL,Varilux Digitime mid
Optilab,Optilab 06 de abril a 31 de julho de 2026,VARILUX® ACTIVITIES,Mista,mista,d074c287-381b-4ca3-8ad1-059b4e010bd9,Orma,VARILUX® ACTIVITIES DIGITAL Varilux Digitime mid Orma,ocupacional,Resina,1.50,false,false,true,599.00,Pagina 20,Crizal Sapphire HR,Antirreflexo,final,1619.00,1619.00,-10.00,6.00,0.00,-6.00,1.00,3.50,DIGITAL,Varilux Digitime mid
Optilab,Optilab 06 de abril a 31 de julho de 2026,VARILUX® ACTIVITIES,Mista,mista,d074c287-381b-4ca3-8ad1-059b4e010bd9,Orma,VARILUX® ACTIVITIES DIGITAL Varilux Digitime mid Orma,ocupacional,Resina,1.50,false,false,true,599.00,Pagina 20,Optifog,Antirreflexo,final,1239.00,1239.00,-10.00,6.00,0.00,-6.00,1.00,3.50,DIGITAL,Varilux Digitime mid
Optilab,Optilab 06 de abril a 31 de julho de 2026,VARILUX® ACTIVITIES,Mista,mista,d074c287-381b-4ca3-8ad1-059b4e010bd9,Orma,VARILUX® ACTIVITIES DIGITAL Varilux Digitime mid Orma,ocupacional,Resina,1.50,false,false,true,599.00,Pagina 20,Trio Easy Clean,Antirreflexo,final,799.00,799.00,-10.00,6.00,0.00,-6.00,1.00,3.50,DIGITAL,Varilux Digitime mid
Optilab,Optilab 06 de abril a 31 de julho de 2026,VARILUX® ACTIVITIES,Mista,mista,d1a69ccd-ec30-499e-814e-a32f4e6a1ebd,Stylis 1.67,VARILUX® ACTIVITIES DIGITAL Varilux Digitime mid Stylis 1.67,ocupacional,Resina High Index,1.67,false,false,true,3289.00,Pagina 20,Crizal Easy Pro,Antirreflexo,final,3289.00,3289.00,-14.00,9.00,0.00,-6.00,1.00,3.50,DIGITAL,Varilux Digitime mid
Optilab,Optilab 06 de abril a 31 de julho de 2026,VARILUX® ACTIVITIES,Mista,mista,d1a69ccd-ec30-499e-814e-a32f4e6a1ebd,Stylis 1.67,VARILUX® ACTIVITIES DIGITAL Varilux Digitime mid Stylis 1.67,ocupacional,Resina High Index,1.67,false,false,true,3289.00,Pagina 20,Crizal Prevencia,Antirreflexo,final,3909.00,3909.00,-14.00,9.00,0.00,-6.00,1.00,3.50,DIGITAL,Varilux Digitime mid
Optilab,Optilab 06 de abril a 31 de julho de 2026,VARILUX® ACTIVITIES,Mista,mista,d1a69ccd-ec30-499e-814e-a32f4e6a1ebd,Stylis 1.67,VARILUX® ACTIVITIES DIGITAL Varilux Digitime mid Stylis 1.67,ocupacional,Resina High Index,1.67,false,false,true,3289.00,Pagina 20,Crizal Rock,Antirreflexo,final,3639.00,3639.00,-14.00,9.00,0.00,-6.00,1.00,3.50,DIGITAL,Varilux Digitime mid
Optilab,Optilab 06 de abril a 31 de julho de 2026,VARILUX® ACTIVITIES,Mista,mista,d1a69ccd-ec30-499e-814e-a32f4e6a1ebd,Stylis 1.67,VARILUX® ACTIVITIES DIGITAL Varilux Digitime mid Stylis 1.67,ocupacional,Resina High Index,1.67,false,false,true,3289.00,Pagina 20,Crizal Sapphire HR,Antirreflexo,final,3909.00,3909.00,-14.00,9.00,0.00,-6.00,1.00,3.50,DIGITAL,Varilux Digitime mid
Optilab,Optilab 06 de abril a 31 de julho de 2026,VARILUX® ACTIVITIES,Mista,mista,d1a69ccd-ec30-499e-814e-a32f4e6a1ebd,Stylis 1.67,VARILUX® ACTIVITIES DIGITAL Varilux Digitime mid Stylis 1.67,ocupacional,Resina High Index,1.67,false,false,true,3289.00,Pagina 20,Optifog,Antirreflexo,final,3529.00,3529.00,-14.00,9.00,0.00,-6.00,1.00,3.50,DIGITAL,Varilux Digitime mid
Optilab,Optilab 06 de abril a 31 de julho de 2026,VARILUX® ACTIVITIES,Mista,mista,42ff4533-0989-4e60-8b06-771ec00daf2c,Airwear,VARILUX® ACTIVITIES DIGITAL Varilux Digitime near Airwear,ocupacional,Policarbonato,1.59,false,false,true,899.00,Pagina 20,Crizal Easy Pro,Antirreflexo,final,1299.00,1299.00,-10.00,6.00,0.00,-6.00,1.00,3.50,DIGITAL,Varilux Digitime near
Optilab,Optilab 06 de abril a 31 de julho de 2026,VARILUX® ACTIVITIES,Mista,mista,42ff4533-0989-4e60-8b06-771ec00daf2c,Airwear,VARILUX® ACTIVITIES DIGITAL Varilux Digitime near Airwear,ocupacional,Policarbonato,1.59,false,false,true,899.00,Pagina 20,Crizal Prevencia,Antirreflexo,final,1919.00,1919.00,-10.00,6.00,0.00,-6.00,1.00,3.50,DIGITAL,Varilux Digitime near
Optilab,Optilab 06 de abril a 31 de julho de 2026,VARILUX® ACTIVITIES,Mista,mista,42ff4533-0989-4e60-8b06-771ec00daf2c,Airwear,VARILUX® ACTIVITIES DIGITAL Varilux Digitime near Airwear,ocupacional,Policarbonato,1.59,false,false,true,899.00,Pagina 20,Crizal Rock,Antirreflexo,final,1649.00,1649.00,-10.00,6.00,0.00,-6.00,1.00,3.50,DIGITAL,Varilux Digitime near
Optilab,Optilab 06 de abril a 31 de julho de 2026,VARILUX® ACTIVITIES,Mista,mista,42ff4533-0989-4e60-8b06-771ec00daf2c,Airwear,VARILUX® ACTIVITIES DIGITAL Varilux Digitime near Airwear,ocupacional,Policarbonato,1.59,false,false,true,899.00,Pagina 20,Crizal Sapphire HR,Antirreflexo,final,1919.00,1919.00,-10.00,6.00,0.00,-6.00,1.00,3.50,DIGITAL,Varilux Digitime near
Optilab,Optilab 06 de abril a 31 de julho de 2026,VARILUX® ACTIVITIES,Mista,mista,42ff4533-0989-4e60-8b06-771ec00daf2c,Airwear,VARILUX® ACTIVITIES DIGITAL Varilux Digitime near Airwear,ocupacional,Policarbonato,1.59,false,false,true,899.00,Pagina 20,Optifog,Antirreflexo,final,1539.00,1539.00,-10.00,6.00,0.00,-6.00,1.00,3.50,DIGITAL,Varilux Digitime near
Optilab,Optilab 06 de abril a 31 de julho de 2026,VARILUX® ACTIVITIES,Mista,mista,42ff4533-0989-4e60-8b06-771ec00daf2c,Airwear,VARILUX® ACTIVITIES DIGITAL Varilux Digitime near Airwear,ocupacional,Policarbonato,1.59,false,false,true,899.00,Pagina 20,Trio Easy Clean,Antirreflexo,final,1099.00,1099.00,-10.00,6.00,0.00,-6.00,1.00,3.50,DIGITAL,Varilux Digitime near
Optilab,Optilab 06 de abril a 31 de julho de 2026,VARILUX® ACTIVITIES,Mista,mista,97fa441a-8f66-449b-b81d-e16457f3195e,Orma,VARILUX® ACTIVITIES DIGITAL Varilux Digitime near Orma,ocupacional,Resina,1.50,false,false,true,599.00,Pagina 20,Crizal Easy Pro,Antirreflexo,final,999.00,999.00,-10.00,6.00,0.00,-6.00,1.00,3.50,DIGITAL,Varilux Digitime near
Optilab,Optilab 06 de abril a 31 de julho de 2026,VARILUX® ACTIVITIES,Mista,mista,97fa441a-8f66-449b-b81d-e16457f3195e,Orma,VARILUX® ACTIVITIES DIGITAL Varilux Digitime near Orma,ocupacional,Resina,1.50,false,false,true,599.00,Pagina 20,Crizal Prevencia,Antirreflexo,final,1619.00,1619.00,-10.00,6.00,0.00,-6.00,1.00,3.50,DIGITAL,Varilux Digitime near
Optilab,Optilab 06 de abril a 31 de julho de 2026,VARILUX® ACTIVITIES,Mista,mista,97fa441a-8f66-449b-b81d-e16457f3195e,Orma,VARILUX® ACTIVITIES DIGITAL Varilux Digitime near Orma,ocupacional,Resina,1.50,false,false,true,599.00,Pagina 20,Crizal Rock,Antirreflexo,final,1349.00,1349.00,-10.00,6.00,0.00,-6.00,1.00,3.50,DIGITAL,Varilux Digitime near
Optilab,Optilab 06 de abril a 31 de julho de 2026,VARILUX® ACTIVITIES,Mista,mista,97fa441a-8f66-449b-b81d-e16457f3195e,Orma,VARILUX® ACTIVITIES DIGITAL Varilux Digitime near Orma,ocupacional,Resina,1.50,false,false,true,599.00,Pagina 20,Crizal Sapphire HR,Antirreflexo,final,1619.00,1619.00,-10.00,6.00,0.00,-6.00,1.00,3.50,DIGITAL,Varilux Digitime near
Optilab,Optilab 06 de abril a 31 de julho de 2026,VARILUX® ACTIVITIES,Mista,mista,97fa441a-8f66-449b-b81d-e16457f3195e,Orma,VARILUX® ACTIVITIES DIGITAL Varilux Digitime near Orma,ocupacional,Resina,1.50,false,false,true,599.00,Pagina 20,Optifog,Antirreflexo,final,1239.00,1239.00,-10.00,6.00,0.00,-6.00,1.00,3.50,DIGITAL,Varilux Digitime near
Optilab,Optilab 06 de abril a 31 de julho de 2026,VARILUX® ACTIVITIES,Mista,mista,97fa441a-8f66-449b-b81d-e16457f3195e,Orma,VARILUX® ACTIVITIES DIGITAL Varilux Digitime near Orma,ocupacional,Resina,1.50,false,false,true,599.00,Pagina 20,Trio Easy Clean,Antirreflexo,final,799.00,799.00,-10.00,6.00,0.00,-6.00,1.00,3.50,DIGITAL,Varilux Digitime near
Optilab,Optilab 06 de abril a 31 de julho de 2026,VARILUX® ACTIVITIES,Mista,mista,27498827-a672-44e8-8f30-be2a998cd3b4,Stylis 1.67,VARILUX® ACTIVITIES DIGITAL Varilux Digitime near Stylis 1.67,ocupacional,Resina High Index,1.67,false,false,true,3289.00,Pagina 20,Crizal Easy Pro,Antirreflexo,final,3289.00,3289.00,-14.00,9.00,0.00,-6.00,1.00,3.50,DIGITAL,Varilux Digitime near
Optilab,Optilab 06 de abril a 31 de julho de 2026,VARILUX® ACTIVITIES,Mista,mista,27498827-a672-44e8-8f30-be2a998cd3b4,Stylis 1.67,VARILUX® ACTIVITIES DIGITAL Varilux Digitime near Stylis 1.67,ocupacional,Resina High Index,1.67,false,false,true,3289.00,Pagina 20,Crizal Prevencia,Antirreflexo,final,3909.00,3909.00,-14.00,9.00,0.00,-6.00,1.00,3.50,DIGITAL,Varilux Digitime near
Optilab,Optilab 06 de abril a 31 de julho de 2026,VARILUX® ACTIVITIES,Mista,mista,27498827-a672-44e8-8f30-be2a998cd3b4,Stylis 1.67,VARILUX® ACTIVITIES DIGITAL Varilux Digitime near Stylis 1.67,ocupacional,Resina High Index,1.67,false,false,true,3289.00,Pagina 20,Crizal Rock,Antirreflexo,final,3639.00,3639.00,-14.00,9.00,0.00,-6.00,1.00,3.50,DIGITAL,Varilux Digitime near
Optilab,Optilab 06 de abril a 31 de julho de 2026,VARILUX® ACTIVITIES,Mista,mista,27498827-a672-44e8-8f30-be2a998cd3b4,Stylis 1.67,VARILUX® ACTIVITIES DIGITAL Varilux Digitime near Stylis 1.67,ocupacional,Resina High Index,1.67,false,false,true,3289.00,Pagina 20,Crizal Sapphire HR,Antirreflexo,final,3909.00,3909.00,-14.00,9.00,0.00,-6.00,1.00,3.50,DIGITAL,Varilux Digitime near
Optilab,Optilab 06 de abril a 31 de julho de 2026,VARILUX® ACTIVITIES,Mista,mista,27498827-a672-44e8-8f30-be2a998cd3b4,Stylis 1.67,VARILUX® ACTIVITIES DIGITAL Varilux Digitime near Stylis 1.67,ocupacional,Resina High Index,1.67,false,false,true,3289.00,Pagina 20,Optifog,Antirreflexo,final,3529.00,3529.00,-14.00,9.00,0.00,-6.00,1.00,3.50,DIGITAL,Varilux Digitime near
Optilab,Optilab 06 de abril a 31 de julho de 2026,VARILUX® ACTIVITIES,Mista,mista,4b96f1dd-f0da-4781-8ed7-a3cc439b6b20,Airwear + Xperio cinza/marrom,VARILUX® ACTIVITIES DIGITAL Varilux Roadpilot Airwear + Xperio cinza/marrom,ocupacional,Policarbonato,1.59,false,false,true,2379.00,Pagina 20,Crizal Sapphire HR,Antirreflexo,final,2379.00,2379.00,-10.00,6.00,0.00,-6.00,1.00,3.50,DIGITAL,Varilux Roadpilot
Optilab,Optilab 06 de abril a 31 de julho de 2026,VARILUX® ACTIVITIES,Mista,mista,640f85a9-9b54-4aa7-8c43-2028188e897e,Orma DAY & NIGHT,VARILUX® ACTIVITIES DIGITAL Varilux Roadpilot Orma DAY & NIGHT,ocupacional,Resina,1.50,false,false,true,929.00,Pagina 20,Verniz Hc,Revestimento,final,929.00,929.00,-10.00,6.00,0.00,-6.00,1.00,3.50,DIGITAL,Varilux Roadpilot
Optilab,Optilab 06 de abril a 31 de julho de 2026,VARILUX® ACTIVITIES,Mista,mista,1e6462b1-27fb-4bca-8844-82e44b9805cf,Airwear,VARILUX® ACTIVITIES DIGITAL Varilux Sport / Sportwrap Airwear,ocupacional,Policarbonato,1.59,false,false,true,1379.00,Pagina 20,Crizal Easy Pro,Antirreflexo,final,1379.00,1379.00,-8.00,6.00,0.00,-6.00,1.00,3.50,DIGITAL,Varilux Sport / Sportwrap
Optilab,Optilab 06 de abril a 31 de julho de 2026,VARILUX® ACTIVITIES,Mista,mista,1e6462b1-27fb-4bca-8844-82e44b9805cf,Airwear,VARILUX® ACTIVITIES DIGITAL Varilux Sport / Sportwrap Airwear,ocupacional,Policarbonato,1.59,false,false,true,1379.00,Pagina 20,Crizal Prevencia,Antirreflexo,final,1999.00,1999.00,-8.00,6.00,0.00,-6.00,1.00,3.50,DIGITAL,Varilux Sport / Sportwrap
Optilab,Optilab 06 de abril a 31 de julho de 2026,VARILUX® ACTIVITIES,Mista,mista,1e6462b1-27fb-4bca-8844-82e44b9805cf,Airwear,VARILUX® ACTIVITIES DIGITAL Varilux Sport / Sportwrap Airwear,ocupacional,Policarbonato,1.59,false,false,true,1379.00,Pagina 20,Crizal Rock,Antirreflexo,final,1729.00,1729.00,-8.00,6.00,0.00,-6.00,1.00,3.50,DIGITAL,Varilux Sport / Sportwrap
Optilab,Optilab 06 de abril a 31 de julho de 2026,VARILUX® ACTIVITIES,Mista,mista,1e6462b1-27fb-4bca-8844-82e44b9805cf,Airwear,VARILUX® ACTIVITIES DIGITAL Varilux Sport / Sportwrap Airwear,ocupacional,Policarbonato,1.59,false,false,true,1379.00,Pagina 20,Crizal Sapphire HR,Antirreflexo,final,1999.00,1999.00,-8.00,6.00,0.00,-6.00,1.00,3.50,DIGITAL,Varilux Sport / Sportwrap
Optilab,Optilab 06 de abril a 31 de julho de 2026,VARILUX® ACTIVITIES,Mista,mista,1e6462b1-27fb-4bca-8844-82e44b9805cf,Airwear,VARILUX® ACTIVITIES DIGITAL Varilux Sport / Sportwrap Airwear,ocupacional,Policarbonato,1.59,false,false,true,1379.00,Pagina 20,Optifog,Antirreflexo,final,1619.00,1619.00,-8.00,6.00,0.00,-6.00,1.00,3.50,DIGITAL,Varilux Sport / Sportwrap
Optilab,Optilab 06 de abril a 31 de julho de 2026,VARILUX® ACTIVITIES,Mista,mista,02e8267d-9076-43c3-9990-693b00faf354,Airwear + Transitions Gen S,VARILUX® ACTIVITIES DIGITAL Varilux Sport / Sportwrap Airwear + Transitions Gen S,ocupacional,Policarbonato,1.59,false,false,true,2479.00,Pagina 20,Crizal Easy Pro,Antirreflexo,final,2479.00,2479.00,-8.00,6.00,0.00,-6.00,1.00,3.50,DIGITAL,Varilux Sport / Sportwrap
Optilab,Optilab 06 de abril a 31 de julho de 2026,VARILUX® ACTIVITIES,Mista,mista,02e8267d-9076-43c3-9990-693b00faf354,Airwear + Transitions Gen S,VARILUX® ACTIVITIES DIGITAL Varilux Sport / Sportwrap Airwear + Transitions Gen S,ocupacional,Policarbonato,1.59,false,false,true,2479.00,Pagina 20,Crizal Prevencia,Antirreflexo,final,3099.00,3099.00,-8.00,6.00,0.00,-6.00,1.00,3.50,DIGITAL,Varilux Sport / Sportwrap
Optilab,Optilab 06 de abril a 31 de julho de 2026,VARILUX® ACTIVITIES,Mista,mista,02e8267d-9076-43c3-9990-693b00faf354,Airwear + Transitions Gen S,VARILUX® ACTIVITIES DIGITAL Varilux Sport / Sportwrap Airwear + Transitions Gen S,ocupacional,Policarbonato,1.59,false,false,true,2479.00,Pagina 20,Crizal Rock,Antirreflexo,final,2829.00,2829.00,-8.00,6.00,0.00,-6.00,1.00,3.50,DIGITAL,Varilux Sport / Sportwrap
Optilab,Optilab 06 de abril a 31 de julho de 2026,VARILUX® ACTIVITIES,Mista,mista,02e8267d-9076-43c3-9990-693b00faf354,Airwear + Transitions Gen S,VARILUX® ACTIVITIES DIGITAL Varilux Sport / Sportwrap Airwear + Transitions Gen S,ocupacional,Policarbonato,1.59,false,false,true,2479.00,Pagina 20,Crizal Sapphire HR,Antirreflexo,final,3099.00,3099.00,-8.00,6.00,0.00,-6.00,1.00,3.50,DIGITAL,Varilux Sport / Sportwrap
Optilab,Optilab 06 de abril a 31 de julho de 2026,VARILUX® ACTIVITIES,Mista,mista,02e8267d-9076-43c3-9990-693b00faf354,Airwear + Transitions Gen S,VARILUX® ACTIVITIES DIGITAL Varilux Sport / Sportwrap Airwear + Transitions Gen S,ocupacional,Policarbonato,1.59,false,false,true,2479.00,Pagina 20,Optifog,Antirreflexo,final,2719.00,2719.00,-8.00,6.00,0.00,-6.00,1.00,3.50,DIGITAL,Varilux Sport / Sportwrap
Optilab,Optilab 06 de abril a 31 de julho de 2026,VARILUX® ACTIVITIES,Mista,mista,232fa299-ef19-4449-8b97-1c5f042b8a1a,Airwear + Xperio cinza/marrom,VARILUX® ACTIVITIES DIGITAL Varilux Sport / Sportwrap Airwear + Xperio cinza/marrom,ocupacional,Policarbonato,1.59,false,false,true,2309.00,Pagina 20,Crizal Sapphire HR,Antirreflexo,final,2329.00,2329.00,-8.00,6.00,0.00,-6.00,1.00,3.50,DIGITAL,Varilux Sport / Sportwrap
Optilab,Optilab 06 de abril a 31 de julho de 2026,VARILUX® ACTIVITIES,Mista,mista,232fa299-ef19-4449-8b97-1c5f042b8a1a,Airwear + Xperio cinza/marrom,VARILUX® ACTIVITIES DIGITAL Varilux Sport / Sportwrap Airwear + Xperio cinza/marrom,ocupacional,Policarbonato,1.59,false,false,true,2309.00,Pagina 20,Optifog,Antirreflexo,final,2309.00,2309.00,-8.00,6.00,0.00,-6.00,1.00,3.50,DIGITAL,Varilux Sport / Sportwrap
Optilab,Optilab 06 de abril a 31 de julho de 2026,VARILUX® COMFORT,Progressiva,multifocal,c730e3ff-52e6-498b-96dd-935a9930be0c,Airwear,VARILUX® COMFORT DIGITAL Airwear,multifocal,Policarbonato,1.59,false,false,true,1799.00,Pagina 17,Crizal Easy Pro,Antirreflexo,final,2199.00,2199.00,-12.00,7.00,0.00,-6.00,0.75,3.50,DIGITAL,null
Optilab,Optilab 06 de abril a 31 de julho de 2026,VARILUX® COMFORT,Progressiva,multifocal,c730e3ff-52e6-498b-96dd-935a9930be0c,Airwear,VARILUX® COMFORT DIGITAL Airwear,multifocal,Policarbonato,1.59,false,false,true,1799.00,Pagina 17,Crizal Prevencia,Antirreflexo,final,2819.00,2819.00,-12.00,7.00,0.00,-6.00,0.75,3.50,DIGITAL,null
Optilab,Optilab 06 de abril a 31 de julho de 2026,VARILUX® COMFORT,Progressiva,multifocal,c730e3ff-52e6-498b-96dd-935a9930be0c,Airwear,VARILUX® COMFORT DIGITAL Airwear,multifocal,Policarbonato,1.59,false,false,true,1799.00,Pagina 17,Crizal Rock,Antirreflexo,final,2549.00,2549.00,-12.00,7.00,0.00,-6.00,0.75,3.50,DIGITAL,null
Optilab,Optilab 06 de abril a 31 de julho de 2026,VARILUX® COMFORT,Progressiva,multifocal,c730e3ff-52e6-498b-96dd-935a9930be0c,Airwear,VARILUX® COMFORT DIGITAL Airwear,multifocal,Policarbonato,1.59,false,false,true,1799.00,Pagina 17,Crizal Sapphire HR,Antirreflexo,final,2819.00,2819.00,-12.00,7.00,0.00,-6.00,0.75,3.50,DIGITAL,null
Optilab,Optilab 06 de abril a 31 de julho de 2026,VARILUX® COMFORT,Progressiva,multifocal,c730e3ff-52e6-498b-96dd-935a9930be0c,Airwear,VARILUX® COMFORT DIGITAL Airwear,multifocal,Policarbonato,1.59,false,false,true,1799.00,Pagina 17,Optifog,Antirreflexo,final,2439.00,2439.00,-12.00,7.00,0.00,-6.00,0.75,3.50,DIGITAL,null
Optilab,Optilab 06 de abril a 31 de julho de 2026,VARILUX® COMFORT,Progressiva,multifocal,c730e3ff-52e6-498b-96dd-935a9930be0c,Airwear,VARILUX® COMFORT DIGITAL Airwear,multifocal,Policarbonato,1.59,false,false,true,1799.00,Pagina 17,Trio Easy Clean,Antirreflexo,final,1999.00,1999.00,-12.00,7.00,0.00,-6.00,0.75,3.50,DIGITAL,null
Optilab,Optilab 06 de abril a 31 de julho de 2026,VARILUX® COMFORT,Progressiva,multifocal,c730e3ff-52e6-498b-96dd-935a9930be0c,Airwear,VARILUX® COMFORT DIGITAL Airwear,multifocal,Policarbonato,1.59,false,false,true,1799.00,Pagina 17,Verniz Hc,Revestimento,final,1799.00,1799.00,-12.00,7.00,0.00,-6.00,0.75,3.50,DIGITAL,null
Optilab,Optilab 06 de abril a 31 de julho de 2026,VARILUX® COMFORT,Progressiva,multifocal,01cb4357-6168-4334-a151-df06105d3e93,Airwear + Transitions Extractive,VARILUX® COMFORT DIGITAL Airwear + Transitions Extractive,multifocal,Policarbonato,1.59,false,false,true,2929.00,Pagina 17,Crizal Easy Pro,Antirreflexo,final,3329.00,3329.00,-12.00,7.00,0.00,-6.00,0.75,3.50,DIGITAL,null
Optilab,Optilab 06 de abril a 31 de julho de 2026,VARILUX® COMFORT,Progressiva,multifocal,01cb4357-6168-4334-a151-df06105d3e93,Airwear + Transitions Extractive,VARILUX® COMFORT DIGITAL Airwear + Transitions Extractive,multifocal,Policarbonato,1.59,false,false,true,2929.00,Pagina 17,Crizal Prevencia,Antirreflexo,final,3949.00,3949.00,-12.00,7.00,0.00,-6.00,0.75,3.50,DIGITAL,null
Optilab,Optilab 06 de abril a 31 de julho de 2026,VARILUX® COMFORT,Progressiva,multifocal,01cb4357-6168-4334-a151-df06105d3e93,Airwear + Transitions Extractive,VARILUX® COMFORT DIGITAL Airwear + Transitions Extractive,multifocal,Policarbonato,1.59,false,false,true,2929.00,Pagina 17,Crizal Rock,Antirreflexo,final,3679.00,3679.00,-12.00,7.00,0.00,-6.00,0.75,3.50,DIGITAL,null
Optilab,Optilab 06 de abril a 31 de julho de 2026,VARILUX® COMFORT,Progressiva,multifocal,01cb4357-6168-4334-a151-df06105d3e93,Airwear + Transitions Extractive,VARILUX® COMFORT DIGITAL Airwear + Transitions Extractive,multifocal,Policarbonato,1.59,false,false,true,2929.00,Pagina 17,Crizal Sapphire HR,Antirreflexo,final,3949.00,3949.00,-12.00,7.00,0.00,-6.00,0.75,3.50,DIGITAL,null
Optilab,Optilab 06 de abril a 31 de julho de 2026,VARILUX® COMFORT,Progressiva,multifocal,01cb4357-6168-4334-a151-df06105d3e93,Airwear + Transitions Extractive,VARILUX® COMFORT DIGITAL Airwear + Transitions Extractive,multifocal,Policarbonato,1.59,false,false,true,2929.00,Pagina 17,Optifog,Antirreflexo,final,3569.00,3569.00,-12.00,7.00,0.00,-6.00,0.75,3.50,DIGITAL,null
Optilab,Optilab 06 de abril a 31 de julho de 2026,VARILUX® COMFORT,Progressiva,multifocal,01cb4357-6168-4334-a151-df06105d3e93,Airwear + Transitions Extractive,VARILUX® COMFORT DIGITAL Airwear + Transitions Extractive,multifocal,Policarbonato,1.59,false,false,true,2929.00,Pagina 17,Trio Easy Clean,Antirreflexo,final,3129.00,3129.00,-12.00,7.00,0.00,-6.00,0.75,3.50,DIGITAL,null
Optilab,Optilab 06 de abril a 31 de julho de 2026,VARILUX® COMFORT,Progressiva,multifocal,01cb4357-6168-4334-a151-df06105d3e93,Airwear + Transitions Extractive,VARILUX® COMFORT DIGITAL Airwear + Transitions Extractive,multifocal,Policarbonato,1.59,false,false,true,2929.00,Pagina 17,Verniz Hc,Revestimento,final,2929.00,2929.00,-12.00,7.00,0.00,-6.00,0.75,3.50,DIGITAL,null
Optilab,Optilab 06 de abril a 31 de julho de 2026,VARILUX® COMFORT,Progressiva,multifocal,713dc4a0-6172-474e-befa-86fc3a554179,Airwear + Transitions Gen S,VARILUX® COMFORT DIGITAL Airwear + Transitions Gen S,multifocal,Policarbonato,1.59,false,false,true,2899.00,Pagina 17,Crizal Easy Pro,Antirreflexo,final,3299.00,3299.00,-12.00,7.00,0.00,-6.00,0.75,3.50,DIGITAL,null
Optilab,Optilab 06 de abril a 31 de julho de 2026,VARILUX® COMFORT,Progressiva,multifocal,713dc4a0-6172-474e-befa-86fc3a554179,Airwear + Transitions Gen S,VARILUX® COMFORT DIGITAL Airwear + Transitions Gen S,multifocal,Policarbonato,1.59,false,false,true,2899.00,Pagina 17,Crizal Prevencia,Antirreflexo,final,3919.00,3919.00,-12.00,7.00,0.00,-6.00,0.75,3.50,DIGITAL,null
Optilab,Optilab 06 de abril a 31 de julho de 2026,VARILUX® COMFORT,Progressiva,multifocal,713dc4a0-6172-474e-befa-86fc3a554179,Airwear + Transitions Gen S,VARILUX® COMFORT DIGITAL Airwear + Transitions Gen S,multifocal,Policarbonato,1.59,false,false,true,2899.00,Pagina 17,Crizal Rock,Antirreflexo,final,3649.00,3649.00,-12.00,7.00,0.00,-6.00,0.75,3.50,DIGITAL,null
Optilab,Optilab 06 de abril a 31 de julho de 2026,VARILUX® COMFORT,Progressiva,multifocal,713dc4a0-6172-474e-befa-86fc3a554179,Airwear + Transitions Gen S,VARILUX® COMFORT DIGITAL Airwear + Transitions Gen S,multifocal,Policarbonato,1.59,false,false,true,2899.00,Pagina 17,Crizal Sapphire HR,Antirreflexo,final,3919.00,3919.00,-12.00,7.00,0.00,-6.00,0.75,3.50,DIGITAL,null
Optilab,Optilab 06 de abril a 31 de julho de 2026,VARILUX® COMFORT,Progressiva,multifocal,713dc4a0-6172-474e-befa-86fc3a554179,Airwear + Transitions Gen S,VARILUX® COMFORT DIGITAL Airwear + Transitions Gen S,multifocal,Policarbonato,1.59,false,false,true,2899.00,Pagina 17,Optifog,Antirreflexo,final,3539.00,3539.00,-12.00,7.00,0.00,-6.00,0.75,3.50,DIGITAL,null
Optilab,Optilab 06 de abril a 31 de julho de 2026,VARILUX® COMFORT,Progressiva,multifocal,713dc4a0-6172-474e-befa-86fc3a554179,Airwear + Transitions Gen S,VARILUX® COMFORT DIGITAL Airwear + Transitions Gen S,multifocal,Policarbonato,1.59,false,false,true,2899.00,Pagina 17,Trio Easy Clean,Antirreflexo,final,3099.00,3099.00,-12.00,7.00,0.00,-6.00,0.75,3.50,DIGITAL,null
Optilab,Optilab 06 de abril a 31 de julho de 2026,VARILUX® COMFORT,Progressiva,multifocal,713dc4a0-6172-474e-befa-86fc3a554179,Airwear + Transitions Gen S,VARILUX® COMFORT DIGITAL Airwear + Transitions Gen S,multifocal,Policarbonato,1.59,false,false,true,2899.00,Pagina 17,Verniz Hc,Revestimento,final,2899.00,2899.00,-12.00,7.00,0.00,-6.00,0.75,3.50,DIGITAL,null
Optilab,Optilab 06 de abril a 31 de julho de 2026,VARILUX® COMFORT,Progressiva,multifocal,33906a77-dd17-4f5e-928a-d0e2aa8bb7bc,Orma,VARILUX® COMFORT DIGITAL Orma,multifocal,Resina,1.50,false,false,true,1499.00,Pagina 17,Crizal Easy Pro,Antirreflexo,final,1899.00,1899.00,-11.00,7.00,0.00,-6.00,0.75,3.50,DIGITAL,null
Optilab,Optilab 06 de abril a 31 de julho de 2026,VARILUX® COMFORT,Progressiva,multifocal,33906a77-dd17-4f5e-928a-d0e2aa8bb7bc,Orma,VARILUX® COMFORT DIGITAL Orma,multifocal,Resina,1.50,false,false,true,1499.00,Pagina 17,Crizal Prevencia,Antirreflexo,final,2519.00,2519.00,-11.00,7.00,0.00,-6.00,0.75,3.50,DIGITAL,null
Optilab,Optilab 06 de abril a 31 de julho de 2026,VARILUX® COMFORT,Progressiva,multifocal,33906a77-dd17-4f5e-928a-d0e2aa8bb7bc,Orma,VARILUX® COMFORT DIGITAL Orma,multifocal,Resina,1.50,false,false,true,1499.00,Pagina 17,Crizal Rock,Antirreflexo,final,2249.00,2249.00,-11.00,7.00,0.00,-6.00,0.75,3.50,DIGITAL,null
Optilab,Optilab 06 de abril a 31 de julho de 2026,VARILUX® COMFORT,Progressiva,multifocal,33906a77-dd17-4f5e-928a-d0e2aa8bb7bc,Orma,VARILUX® COMFORT DIGITAL Orma,multifocal,Resina,1.50,false,false,true,1499.00,Pagina 17,Crizal Sapphire HR,Antirreflexo,final,2519.00,2519.00,-11.00,7.00,0.00,-6.00,0.75,3.50,DIGITAL,null
Optilab,Optilab 06 de abril a 31 de julho de 2026,VARILUX® COMFORT,Progressiva,multifocal,33906a77-dd17-4f5e-928a-d0e2aa8bb7bc,Orma,VARILUX® COMFORT DIGITAL Orma,multifocal,Resina,1.50,false,false,true,1499.00,Pagina 17,Optifog,Antirreflexo,final,2139.00,2139.00,-11.00,7.00,0.00,-6.00,0.75,3.50,DIGITAL,null
Optilab,Optilab 06 de abril a 31 de julho de 2026,VARILUX® COMFORT,Progressiva,multifocal,33906a77-dd17-4f5e-928a-d0e2aa8bb7bc,Orma,VARILUX® COMFORT DIGITAL Orma,multifocal,Resina,1.50,false,false,true,1499.00,Pagina 17,Trio Easy Clean,Antirreflexo,final,1699.00,1699.00,-11.00,7.00,0.00,-6.00,0.75,3.50,DIGITAL,null
Optilab,Optilab 06 de abril a 31 de julho de 2026,VARILUX® COMFORT,Progressiva,multifocal,33906a77-dd17-4f5e-928a-d0e2aa8bb7bc,Orma,VARILUX® COMFORT DIGITAL Orma,multifocal,Resina,1.50,false,false,true,1499.00,Pagina 17,Verniz Hc,Revestimento,final,1499.00,1499.00,-11.00,7.00,0.00,-6.00,0.75,3.50,DIGITAL,null
Optilab,Optilab 06 de abril a 31 de julho de 2026,VARILUX® COMFORT,Progressiva,multifocal,97cbcbd7-5470-4d69-8df1-cf30b614bfc1,Orma + Blue UV Filter,VARILUX® COMFORT DIGITAL Orma + Blue UV Filter,multifocal,Resina,1.50,false,false,true,1669.00,Pagina 17,Crizal Easy Pro,Antirreflexo,final,2069.00,2069.00,-11.00,7.00,0.00,-6.00,0.75,3.50,DIGITAL,null
Optilab,Optilab 06 de abril a 31 de julho de 2026,VARILUX® COMFORT,Progressiva,multifocal,97cbcbd7-5470-4d69-8df1-cf30b614bfc1,Orma + Blue UV Filter,VARILUX® COMFORT DIGITAL Orma + Blue UV Filter,multifocal,Resina,1.50,false,false,true,1669.00,Pagina 17,Crizal Prevencia,Antirreflexo,final,2689.00,2689.00,-11.00,7.00,0.00,-6.00,0.75,3.50,DIGITAL,null
Optilab,Optilab 06 de abril a 31 de julho de 2026,VARILUX® COMFORT,Progressiva,multifocal,97cbcbd7-5470-4d69-8df1-cf30b614bfc1,Orma + Blue UV Filter,VARILUX® COMFORT DIGITAL Orma + Blue UV Filter,multifocal,Resina,1.50,false,false,true,1669.00,Pagina 17,Crizal Rock,Antirreflexo,final,2419.00,2419.00,-11.00,7.00,0.00,-6.00,0.75,3.50,DIGITAL,null
Optilab,Optilab 06 de abril a 31 de julho de 2026,VARILUX® COMFORT,Progressiva,multifocal,97cbcbd7-5470-4d69-8df1-cf30b614bfc1,Orma + Blue UV Filter,VARILUX® COMFORT DIGITAL Orma + Blue UV Filter,multifocal,Resina,1.50,false,false,true,1669.00,Pagina 17,Crizal Sapphire HR,Antirreflexo,final,2689.00,2689.00,-11.00,7.00,0.00,-6.00,0.75,3.50,DIGITAL,null
Optilab,Optilab 06 de abril a 31 de julho de 2026,VARILUX® COMFORT,Progressiva,multifocal,97cbcbd7-5470-4d69-8df1-cf30b614bfc1,Orma + Blue UV Filter,VARILUX® COMFORT DIGITAL Orma + Blue UV Filter,multifocal,Resina,1.50,false,false,true,1669.00,Pagina 17,Optifog,Antirreflexo,final,2309.00,2309.00,-11.00,7.00,0.00,-6.00,0.75,3.50,DIGITAL,null
Optilab,Optilab 06 de abril a 31 de julho de 2026,VARILUX® COMFORT,Progressiva,multifocal,97cbcbd7-5470-4d69-8df1-cf30b614bfc1,Orma + Blue UV Filter,VARILUX® COMFORT DIGITAL Orma + Blue UV Filter,multifocal,Resina,1.50,false,false,true,1669.00,Pagina 17,Trio Easy Clean,Antirreflexo,final,1869.00,1869.00,-11.00,7.00,0.00,-6.00,0.75,3.50,DIGITAL,null
Optilab,Optilab 06 de abril a 31 de julho de 2026,VARILUX® COMFORT,Progressiva,multifocal,97cbcbd7-5470-4d69-8df1-cf30b614bfc1,Orma + Blue UV Filter,VARILUX® COMFORT DIGITAL Orma + Blue UV Filter,multifocal,Resina,1.50,false,false,true,1669.00,Pagina 17,Verniz Hc,Revestimento,final,1669.00,1669.00,-11.00,7.00,0.00,-6.00,0.75,3.50,DIGITAL,null
Optilab,Optilab 06 de abril a 31 de julho de 2026,VARILUX® COMFORT,Progressiva,multifocal,c6fbe4c7-56ea-4b8e-bb1d-08be7d33179f,Orma + Transitions Extractive,VARILUX® COMFORT DIGITAL Orma + Transitions Extractive,multifocal,Resina,1.50,false,false,true,2629.00,Pagina 17,Crizal Easy Pro,Antirreflexo,final,3029.00,3029.00,-11.00,7.00,0.00,-6.00,0.75,3.50,DIGITAL,null
Optilab,Optilab 06 de abril a 31 de julho de 2026,VARILUX® COMFORT,Progressiva,multifocal,c6fbe4c7-56ea-4b8e-bb1d-08be7d33179f,Orma + Transitions Extractive,VARILUX® COMFORT DIGITAL Orma + Transitions Extractive,multifocal,Resina,1.50,false,false,true,2629.00,Pagina 17,Crizal Prevencia,Antirreflexo,final,3649.00,3649.00,-11.00,7.00,0.00,-6.00,0.75,3.50,DIGITAL,null
Optilab,Optilab 06 de abril a 31 de julho de 2026,VARILUX® COMFORT,Progressiva,multifocal,c6fbe4c7-56ea-4b8e-bb1d-08be7d33179f,Orma + Transitions Extractive,VARILUX® COMFORT DIGITAL Orma + Transitions Extractive,multifocal,Resina,1.50,false,false,true,2629.00,Pagina 17,Crizal Rock,Antirreflexo,final,3379.00,3379.00,-11.00,7.00,0.00,-6.00,0.75,3.50,DIGITAL,null
Optilab,Optilab 06 de abril a 31 de julho de 2026,VARILUX® COMFORT,Progressiva,multifocal,c6fbe4c7-56ea-4b8e-bb1d-08be7d33179f,Orma + Transitions Extractive,VARILUX® COMFORT DIGITAL Orma + Transitions Extractive,multifocal,Resina,1.50,false,false,true,2629.00,Pagina 17,Crizal Sapphire HR,Antirreflexo,final,3649.00,3649.00,-11.00,7.00,0.00,-6.00,0.75,3.50,DIGITAL,null
Optilab,Optilab 06 de abril a 31 de julho de 2026,VARILUX® COMFORT,Progressiva,multifocal,c6fbe4c7-56ea-4b8e-bb1d-08be7d33179f,Orma + Transitions Extractive,VARILUX® COMFORT DIGITAL Orma + Transitions Extractive,multifocal,Resina,1.50,false,false,true,2629.00,Pagina 17,Optifog,Antirreflexo,final,3269.00,3269.00,-11.00,7.00,0.00,-6.00,0.75,3.50,DIGITAL,null
Optilab,Optilab 06 de abril a 31 de julho de 2026,VARILUX® COMFORT,Progressiva,multifocal,c6fbe4c7-56ea-4b8e-bb1d-08be7d33179f,Orma + Transitions Extractive,VARILUX® COMFORT DIGITAL Orma + Transitions Extractive,multifocal,Resina,1.50,false,false,true,2629.00,Pagina 17,Trio Easy Clean,Antirreflexo,final,2829.00,2829.00,-11.00,7.00,0.00,-6.00,0.75,3.50,DIGITAL,null
Optilab,Optilab 06 de abril a 31 de julho de 2026,VARILUX® COMFORT,Progressiva,multifocal,c6fbe4c7-56ea-4b8e-bb1d-08be7d33179f,Orma + Transitions Extractive,VARILUX® COMFORT DIGITAL Orma + Transitions Extractive,multifocal,Resina,1.50,false,false,true,2629.00,Pagina 17,Verniz Hc,Revestimento,final,2629.00,2629.00,-11.00,7.00,0.00,-6.00,0.75,3.50,DIGITAL,null
Optilab,Optilab 06 de abril a 31 de julho de 2026,VARILUX® COMFORT,Progressiva,multifocal,d408b3e0-6b64-4267-998d-5ba19f69a4dc,Orma + Transitions Gen S,VARILUX® COMFORT DIGITAL Orma + Transitions Gen S,multifocal,Resina,1.50,false,false,true,2599.00,Pagina 17,Crizal Easy Pro,Antirreflexo,final,2999.00,2999.00,-11.00,7.00,0.00,-6.00,0.75,3.50,DIGITAL,null
Optilab,Optilab 06 de abril a 31 de julho de 2026,VARILUX® COMFORT,Progressiva,multifocal,d408b3e0-6b64-4267-998d-5ba19f69a4dc,Orma + Transitions Gen S,VARILUX® COMFORT DIGITAL Orma + Transitions Gen S,multifocal,Resina,1.50,false,false,true,2599.00,Pagina 17,Crizal Prevencia,Antirreflexo,final,3619.00,3619.00,-11.00,7.00,0.00,-6.00,0.75,3.50,DIGITAL,null
Optilab,Optilab 06 de abril a 31 de julho de 2026,VARILUX® COMFORT,Progressiva,multifocal,d408b3e0-6b64-4267-998d-5ba19f69a4dc,Orma + Transitions Gen S,VARILUX® COMFORT DIGITAL Orma + Transitions Gen S,multifocal,Resina,1.50,false,false,true,2599.00,Pagina 17,Crizal Rock,Antirreflexo,final,3349.00,3349.00,-11.00,7.00,0.00,-6.00,0.75,3.50,DIGITAL,null
Optilab,Optilab 06 de abril a 31 de julho de 2026,VARILUX® COMFORT,Progressiva,multifocal,d408b3e0-6b64-4267-998d-5ba19f69a4dc,Orma + Transitions Gen S,VARILUX® COMFORT DIGITAL Orma + Transitions Gen S,multifocal,Resina,1.50,false,false,true,2599.00,Pagina 17,Crizal Sapphire HR,Antirreflexo,final,3619.00,3619.00,-11.00,7.00,0.00,-6.00,0.75,3.50,DIGITAL,null
Optilab,Optilab 06 de abril a 31 de julho de 2026,VARILUX® COMFORT,Progressiva,multifocal,d408b3e0-6b64-4267-998d-5ba19f69a4dc,Orma + Transitions Gen S,VARILUX® COMFORT DIGITAL Orma + Transitions Gen S,multifocal,Resina,1.50,false,false,true,2599.00,Pagina 17,Optifog,Antirreflexo,final,3239.00,3239.00,-11.00,7.00,0.00,-6.00,0.75,3.50,DIGITAL,null
Optilab,Optilab 06 de abril a 31 de julho de 2026,VARILUX® COMFORT,Progressiva,multifocal,d408b3e0-6b64-4267-998d-5ba19f69a4dc,Orma + Transitions Gen S,VARILUX® COMFORT DIGITAL Orma + Transitions Gen S,multifocal,Resina,1.50,false,false,true,2599.00,Pagina 17,Trio Easy Clean,Antirreflexo,final,2799.00,2799.00,-11.00,7.00,0.00,-6.00,0.75,3.50,DIGITAL,null
Optilab,Optilab 06 de abril a 31 de julho de 2026,VARILUX® COMFORT,Progressiva,multifocal,d408b3e0-6b64-4267-998d-5ba19f69a4dc,Orma + Transitions Gen S,VARILUX® COMFORT DIGITAL Orma + Transitions Gen S,multifocal,Resina,1.50,false,false,true,2599.00,Pagina 17,Verniz Hc,Revestimento,final,2599.00,2599.00,-11.00,7.00,0.00,-6.00,0.75,3.50,DIGITAL,null
Optilab,Optilab 06 de abril a 31 de julho de 2026,VARILUX® COMFORT,Progressiva,multifocal,c756db8a-873d-44ff-85b4-14d6045e7698,Airwear,VARILUX® COMFORT DIGITAL short Airwear,multifocal,Policarbonato,1.59,false,false,true,1799.00,Pagina 18,Crizal Easy Pro,Antirreflexo,final,2199.00,2199.00,-10.00,6.00,0.00,-6.00,1.00,3.50,DIGITAL,short
Optilab,Optilab 06 de abril a 31 de julho de 2026,VARILUX® COMFORT,Progressiva,multifocal,c756db8a-873d-44ff-85b4-14d6045e7698,Airwear,VARILUX® COMFORT DIGITAL short Airwear,multifocal,Policarbonato,1.59,false,false,true,1799.00,Pagina 18,Crizal Prevencia,Antirreflexo,final,2819.00,2819.00,-10.00,6.00,0.00,-6.00,1.00,3.50,DIGITAL,short
Optilab,Optilab 06 de abril a 31 de julho de 2026,VARILUX® COMFORT,Progressiva,multifocal,c756db8a-873d-44ff-85b4-14d6045e7698,Airwear,VARILUX® COMFORT DIGITAL short Airwear,multifocal,Policarbonato,1.59,false,false,true,1799.00,Pagina 18,Crizal Rock,Antirreflexo,final,2549.00,2549.00,-10.00,6.00,0.00,-6.00,1.00,3.50,DIGITAL,short
Optilab,Optilab 06 de abril a 31 de julho de 2026,VARILUX® COMFORT,Progressiva,multifocal,c756db8a-873d-44ff-85b4-14d6045e7698,Airwear,VARILUX® COMFORT DIGITAL short Airwear,multifocal,Policarbonato,1.59,false,false,true,1799.00,Pagina 18,Crizal Sapphire HR,Antirreflexo,final,2819.00,2819.00,-10.00,6.00,0.00,-6.00,1.00,3.50,DIGITAL,short
Optilab,Optilab 06 de abril a 31 de julho de 2026,VARILUX® COMFORT,Progressiva,multifocal,c756db8a-873d-44ff-85b4-14d6045e7698,Airwear,VARILUX® COMFORT DIGITAL short Airwear,multifocal,Policarbonato,1.59,false,false,true,1799.00,Pagina 18,Optifog,Antirreflexo,final,2439.00,2439.00,-10.00,6.00,0.00,-6.00,1.00,3.50,DIGITAL,short
Optilab,Optilab 06 de abril a 31 de julho de 2026,VARILUX® COMFORT,Progressiva,multifocal,c756db8a-873d-44ff-85b4-14d6045e7698,Airwear,VARILUX® COMFORT DIGITAL short Airwear,multifocal,Policarbonato,1.59,false,false,true,1799.00,Pagina 18,Trio Easy Clean,Antirreflexo,final,1999.00,1999.00,-10.00,6.00,0.00,-6.00,1.00,3.50,DIGITAL,short
Optilab,Optilab 06 de abril a 31 de julho de 2026,VARILUX® COMFORT,Progressiva,multifocal,4ca293e4-3e8b-4270-a20a-ee3f9c38ebbf,Airwear + Transitions Gen S,VARILUX® COMFORT DIGITAL short Airwear + Transitions Gen S,multifocal,Policarbonato,1.59,false,false,true,2899.00,Pagina 18,Crizal Easy Pro,Antirreflexo,final,3299.00,3299.00,-10.00,6.00,0.00,-6.00,1.00,3.50,DIGITAL,short
Optilab,Optilab 06 de abril a 31 de julho de 2026,VARILUX® COMFORT,Progressiva,multifocal,4ca293e4-3e8b-4270-a20a-ee3f9c38ebbf,Airwear + Transitions Gen S,VARILUX® COMFORT DIGITAL short Airwear + Transitions Gen S,multifocal,Policarbonato,1.59,false,false,true,2899.00,Pagina 18,Crizal Prevencia,Antirreflexo,final,3919.00,3919.00,-10.00,6.00,0.00,-6.00,1.00,3.50,DIGITAL,short
Optilab,Optilab 06 de abril a 31 de julho de 2026,VARILUX® COMFORT,Progressiva,multifocal,4ca293e4-3e8b-4270-a20a-ee3f9c38ebbf,Airwear + Transitions Gen S,VARILUX® COMFORT DIGITAL short Airwear + Transitions Gen S,multifocal,Policarbonato,1.59,false,false,true,2899.00,Pagina 18,Crizal Rock,Antirreflexo,final,3649.00,3649.00,-10.00,6.00,0.00,-6.00,1.00,3.50,DIGITAL,short
Optilab,Optilab 06 de abril a 31 de julho de 2026,VARILUX® COMFORT,Progressiva,multifocal,4ca293e4-3e8b-4270-a20a-ee3f9c38ebbf,Airwear + Transitions Gen S,VARILUX® COMFORT DIGITAL short Airwear + Transitions Gen S,multifocal,Policarbonato,1.59,false,false,true,2899.00,Pagina 18,Crizal Sapphire HR,Antirreflexo,final,3919.00,3919.00,-10.00,6.00,0.00,-6.00,1.00,3.50,DIGITAL,short
Optilab,Optilab 06 de abril a 31 de julho de 2026,VARILUX® COMFORT,Progressiva,multifocal,4ca293e4-3e8b-4270-a20a-ee3f9c38ebbf,Airwear + Transitions Gen S,VARILUX® COMFORT DIGITAL short Airwear + Transitions Gen S,multifocal,Policarbonato,1.59,false,false,true,2899.00,Pagina 18,Optifog,Antirreflexo,final,3539.00,3539.00,-10.00,6.00,0.00,-6.00,1.00,3.50,DIGITAL,short
Optilab,Optilab 06 de abril a 31 de julho de 2026,VARILUX® COMFORT,Progressiva,multifocal,4ca293e4-3e8b-4270-a20a-ee3f9c38ebbf,Airwear + Transitions Gen S,VARILUX® COMFORT DIGITAL short Airwear + Transitions Gen S,multifocal,Policarbonato,1.59,false,false,true,2899.00,Pagina 18,Trio Easy Clean,Antirreflexo,final,3099.00,3099.00,-10.00,6.00,0.00,-6.00,1.00,3.50,DIGITAL,short
Optilab,Optilab 06 de abril a 31 de julho de 2026,VARILUX® COMFORT,Progressiva,multifocal,0f029f73-eeef-40f6-b62e-44bd0194fa71,Orma,VARILUX® COMFORT DIGITAL short Orma,multifocal,Resina,1.50,false,false,true,1499.00,Pagina 18,Crizal Easy Pro,Antirreflexo,final,1899.00,1899.00,-10.00,6.00,0.00,-6.00,1.00,3.50,DIGITAL,short
Optilab,Optilab 06 de abril a 31 de julho de 2026,VARILUX® COMFORT,Progressiva,multifocal,0f029f73-eeef-40f6-b62e-44bd0194fa71,Orma,VARILUX® COMFORT DIGITAL short Orma,multifocal,Resina,1.50,false,false,true,1499.00,Pagina 18,Crizal Prevencia,Antirreflexo,final,2519.00,2519.00,-10.00,6.00,0.00,-6.00,1.00,3.50,DIGITAL,short
Optilab,Optilab 06 de abril a 31 de julho de 2026,VARILUX® COMFORT,Progressiva,multifocal,0f029f73-eeef-40f6-b62e-44bd0194fa71,Orma,VARILUX® COMFORT DIGITAL short Orma,multifocal,Resina,1.50,false,false,true,1499.00,Pagina 18,Crizal Rock,Antirreflexo,final,2249.00,2249.00,-10.00,6.00,0.00,-6.00,1.00,3.50,DIGITAL,short
Optilab,Optilab 06 de abril a 31 de julho de 2026,VARILUX® COMFORT,Progressiva,multifocal,0f029f73-eeef-40f6-b62e-44bd0194fa71,Orma,VARILUX® COMFORT DIGITAL short Orma,multifocal,Resina,1.50,false,false,true,1499.00,Pagina 18,Crizal Sapphire HR,Antirreflexo,final,2519.00,2519.00,-10.00,6.00,0.00,-6.00,1.00,3.50,DIGITAL,short
Optilab,Optilab 06 de abril a 31 de julho de 2026,VARILUX® COMFORT,Progressiva,multifocal,0f029f73-eeef-40f6-b62e-44bd0194fa71,Orma,VARILUX® COMFORT DIGITAL short Orma,multifocal,Resina,1.50,false,false,true,1499.00,Pagina 18,Optifog,Antirreflexo,final,2139.00,2139.00,-10.00,6.00,0.00,-6.00,1.00,3.50,DIGITAL,short
Optilab,Optilab 06 de abril a 31 de julho de 2026,VARILUX® COMFORT,Progressiva,multifocal,0f029f73-eeef-40f6-b62e-44bd0194fa71,Orma,VARILUX® COMFORT DIGITAL short Orma,multifocal,Resina,1.50,false,false,true,1499.00,Pagina 18,Trio Easy Clean,Antirreflexo,final,1699.00,1699.00,-10.00,6.00,0.00,-6.00,1.00,3.50,DIGITAL,short
Optilab,Optilab 06 de abril a 31 de julho de 2026,VARILUX® COMFORT,Progressiva,multifocal,db0034ee-d91c-4dae-ad5e-784e64f4fc5f,Orma + Transitions Gen S,VARILUX® COMFORT DIGITAL short Orma + Transitions Gen S,multifocal,Resina,1.50,false,false,true,2599.00,Pagina 18,Crizal Easy Pro,Antirreflexo,final,2999.00,2999.00,-10.00,6.00,0.00,-6.00,1.00,3.50,DIGITAL,short
Optilab,Optilab 06 de abril a 31 de julho de 2026,VARILUX® COMFORT,Progressiva,multifocal,db0034ee-d91c-4dae-ad5e-784e64f4fc5f,Orma + Transitions Gen S,VARILUX® COMFORT DIGITAL short Orma + Transitions Gen S,multifocal,Resina,1.50,false,false,true,2599.00,Pagina 18,Crizal Prevencia,Antirreflexo,final,3619.00,3619.00,-10.00,6.00,0.00,-6.00,1.00,3.50,DIGITAL,short
Optilab,Optilab 06 de abril a 31 de julho de 2026,VARILUX® COMFORT,Progressiva,multifocal,db0034ee-d91c-4dae-ad5e-784e64f4fc5f,Orma + Transitions Gen S,VARILUX® COMFORT DIGITAL short Orma + Transitions Gen S,multifocal,Resina,1.50,false,false,true,2599.00,Pagina 18,Crizal Rock,Antirreflexo,final,3349.00,3349.00,-10.00,6.00,0.00,-6.00,1.00,3.50,DIGITAL,short
Optilab,Optilab 06 de abril a 31 de julho de 2026,VARILUX® COMFORT,Progressiva,multifocal,db0034ee-d91c-4dae-ad5e-784e64f4fc5f,Orma + Transitions Gen S,VARILUX® COMFORT DIGITAL short Orma + Transitions Gen S,multifocal,Resina,1.50,false,false,true,2599.00,Pagina 18,Crizal Sapphire HR,Antirreflexo,final,3619.00,3619.00,-10.00,6.00,0.00,-6.00,1.00,3.50,DIGITAL,short
Optilab,Optilab 06 de abril a 31 de julho de 2026,VARILUX® COMFORT,Progressiva,multifocal,db0034ee-d91c-4dae-ad5e-784e64f4fc5f,Orma + Transitions Gen S,VARILUX® COMFORT DIGITAL short Orma + Transitions Gen S,multifocal,Resina,1.50,false,false,true,2599.00,Pagina 18,Optifog,Antirreflexo,final,3239.00,3239.00,-10.00,6.00,0.00,-6.00,1.00,3.50,DIGITAL,short
Optilab,Optilab 06 de abril a 31 de julho de 2026,VARILUX® COMFORT,Progressiva,multifocal,db0034ee-d91c-4dae-ad5e-784e64f4fc5f,Orma + Transitions Gen S,VARILUX® COMFORT DIGITAL short Orma + Transitions Gen S,multifocal,Resina,1.50,false,false,true,2599.00,Pagina 18,Trio Easy Clean,Antirreflexo,final,2799.00,2799.00,-10.00,6.00,0.00,-6.00,1.00,3.50,DIGITAL,short
Optilab,Optilab 06 de abril a 31 de julho de 2026,VARILUX® COMFORT,Progressiva,multifocal,f19e5975-0207-444a-8d06-1ccaf9c3fff3,Stylis 1.67,VARILUX® COMFORT DIGITAL Stylis 1.67,multifocal,Resina High Index,1.67,false,false,true,4189.00,Pagina 17,Crizal Easy Pro,Antirreflexo,final,4189.00,4189.00,-14.00,10.00,0.00,-6.00,0.75,3.50,DIGITAL,null
Optilab,Optilab 06 de abril a 31 de julho de 2026,VARILUX® COMFORT,Progressiva,multifocal,f19e5975-0207-444a-8d06-1ccaf9c3fff3,Stylis 1.67,VARILUX® COMFORT DIGITAL Stylis 1.67,multifocal,Resina High Index,1.67,false,false,true,4189.00,Pagina 17,Crizal Prevencia,Antirreflexo,final,4809.00,4809.00,-14.00,10.00,0.00,-6.00,0.75,3.50,DIGITAL,null
Optilab,Optilab 06 de abril a 31 de julho de 2026,VARILUX® COMFORT,Progressiva,multifocal,f19e5975-0207-444a-8d06-1ccaf9c3fff3,Stylis 1.67,VARILUX® COMFORT DIGITAL Stylis 1.67,multifocal,Resina High Index,1.67,false,false,true,4189.00,Pagina 17,Crizal Rock,Antirreflexo,final,4539.00,4539.00,-14.00,10.00,0.00,-6.00,0.75,3.50,DIGITAL,null
Optilab,Optilab 06 de abril a 31 de julho de 2026,VARILUX® COMFORT,Progressiva,multifocal,f19e5975-0207-444a-8d06-1ccaf9c3fff3,Stylis 1.67,VARILUX® COMFORT DIGITAL Stylis 1.67,multifocal,Resina High Index,1.67,false,false,true,4189.00,Pagina 17,Crizal Sapphire HR,Antirreflexo,final,4809.00,4809.00,-14.00,10.00,0.00,-6.00,0.75,3.50,DIGITAL,null
Optilab,Optilab 06 de abril a 31 de julho de 2026,VARILUX® COMFORT,Progressiva,multifocal,f19e5975-0207-444a-8d06-1ccaf9c3fff3,Stylis 1.67,VARILUX® COMFORT DIGITAL Stylis 1.67,multifocal,Resina High Index,1.67,false,false,true,4189.00,Pagina 17,Optifog,Antirreflexo,final,4429.00,4429.00,-14.00,10.00,0.00,-6.00,0.75,3.50,DIGITAL,null
Optilab,Optilab 06 de abril a 31 de julho de 2026,VARILUX® COMFORT,Progressiva,multifocal,1e4c6c9f-eefd-4f52-b408-f3ce782375ab,Stylis 1.67 + Transitions Gen S,VARILUX® COMFORT DIGITAL Stylis 1.67 + Transitions Gen S,multifocal,Resina High Index,1.67,false,false,true,5289.00,Pagina 17,Crizal Easy Pro,Antirreflexo,final,5289.00,5289.00,-14.00,10.00,0.00,-6.00,0.75,3.50,DIGITAL,null
Optilab,Optilab 06 de abril a 31 de julho de 2026,VARILUX® COMFORT,Progressiva,multifocal,1e4c6c9f-eefd-4f52-b408-f3ce782375ab,Stylis 1.67 + Transitions Gen S,VARILUX® COMFORT DIGITAL Stylis 1.67 + Transitions Gen S,multifocal,Resina High Index,1.67,false,false,true,5289.00,Pagina 17,Crizal Prevencia,Antirreflexo,final,5909.00,5909.00,-14.00,10.00,0.00,-6.00,0.75,3.50,DIGITAL,null
Optilab,Optilab 06 de abril a 31 de julho de 2026,VARILUX® COMFORT,Progressiva,multifocal,1e4c6c9f-eefd-4f52-b408-f3ce782375ab,Stylis 1.67 + Transitions Gen S,VARILUX® COMFORT DIGITAL Stylis 1.67 + Transitions Gen S,multifocal,Resina High Index,1.67,false,false,true,5289.00,Pagina 17,Crizal Rock,Antirreflexo,final,5639.00,5639.00,-14.00,10.00,0.00,-6.00,0.75,3.50,DIGITAL,null
Optilab,Optilab 06 de abril a 31 de julho de 2026,VARILUX® COMFORT,Progressiva,multifocal,1e4c6c9f-eefd-4f52-b408-f3ce782375ab,Stylis 1.67 + Transitions Gen S,VARILUX® COMFORT DIGITAL Stylis 1.67 + Transitions Gen S,multifocal,Resina High Index,1.67,false,false,true,5289.00,Pagina 17,Crizal Sapphire HR,Antirreflexo,final,5909.00,5909.00,-14.00,10.00,0.00,-6.00,0.75,3.50,DIGITAL,null
Optilab,Optilab 06 de abril a 31 de julho de 2026,VARILUX® COMFORT,Progressiva,multifocal,1e4c6c9f-eefd-4f52-b408-f3ce782375ab,Stylis 1.67 + Transitions Gen S,VARILUX® COMFORT DIGITAL Stylis 1.67 + Transitions Gen S,multifocal,Resina High Index,1.67,false,false,true,5289.00,Pagina 17,Optifog,Antirreflexo,final,5529.00,5529.00,-14.00,10.00,0.00,-6.00,0.75,3.50,DIGITAL,null
Optilab,Optilab 06 de abril a 31 de julho de 2026,VARILUX® COMFORT,Progressiva,multifocal,b12831b5-2c33-4d97-a687-68634e4da9e9,Airwear + Coloração especial,VARILUX® COMFORT SOLARES / COLORAÇÃO Airwear + Coloração especial,multifocal,Policarbonato,1.59,false,false,true,2089.00,Pagina 18,Verniz Hc,Revestimento,final,2089.00,2089.00,-12.00,7.00,0.00,-6.00,1.00,3.50,SOLARES / COLORAÇÃO,null
Optilab,Optilab 06 de abril a 31 de julho de 2026,VARILUX® COMFORT,Progressiva,multifocal,4cfe219f-9443-40e4-9f1d-7c889156f9da,Airwear + Coloração padrão,VARILUX® COMFORT SOLARES / COLORAÇÃO Airwear + Coloração padrão,multifocal,Policarbonato,1.59,false,false,true,1979.00,Pagina 18,Verniz Hc,Revestimento,final,1979.00,1979.00,-12.00,7.00,0.00,-6.00,1.00,3.50,SOLARES / COLORAÇÃO,null
Optilab,Optilab 06 de abril a 31 de julho de 2026,VARILUX® COMFORT,Progressiva,multifocal,377fe822-bd6c-416d-b172-91e8ea70c16b,Airwear + Xperio cinza/marrom,VARILUX® COMFORT SOLARES / COLORAÇÃO Airwear + Xperio cinza/marrom,multifocal,Policarbonato,1.59,false,false,true,2489.00,Pagina 18,Crizal Sapphire HR,Antirreflexo,final,3149.00,3149.00,-12.00,7.00,0.00,-6.00,1.00,3.50,SOLARES / COLORAÇÃO,null
Optilab,Optilab 06 de abril a 31 de julho de 2026,VARILUX® COMFORT,Progressiva,multifocal,377fe822-bd6c-416d-b172-91e8ea70c16b,Airwear + Xperio cinza/marrom,VARILUX® COMFORT SOLARES / COLORAÇÃO Airwear + Xperio cinza/marrom,multifocal,Policarbonato,1.59,false,false,true,2489.00,Pagina 18,Optifog,Antirreflexo,final,3129.00,3129.00,-12.00,7.00,0.00,-6.00,1.00,3.50,SOLARES / COLORAÇÃO,null
Optilab,Optilab 06 de abril a 31 de julho de 2026,VARILUX® COMFORT,Progressiva,multifocal,377fe822-bd6c-416d-b172-91e8ea70c16b,Airwear + Xperio cinza/marrom,VARILUX® COMFORT SOLARES / COLORAÇÃO Airwear + Xperio cinza/marrom,multifocal,Policarbonato,1.59,false,false,true,2489.00,Pagina 18,Verniz Hc,Revestimento,final,2489.00,2489.00,-12.00,7.00,0.00,-6.00,1.00,3.50,SOLARES / COLORAÇÃO,null
Optilab,Optilab 06 de abril a 31 de julho de 2026,VARILUX® COMFORT,Progressiva,multifocal,e147b72a-564d-4e02-9e1e-554fe1433841,Orma + Coloração especial,VARILUX® COMFORT SOLARES / COLORAÇÃO Orma + Coloração especial,multifocal,Resina,1.50,false,false,true,1789.00,Pagina 18,Verniz Hc,Revestimento,final,1789.00,1789.00,-11.00,7.00,0.00,-6.00,1.00,3.50,SOLARES / COLORAÇÃO,null
Optilab,Optilab 06 de abril a 31 de julho de 2026,VARILUX® COMFORT,Progressiva,multifocal,34e055c3-fba0-4c28-9976-acdb07637772,Orma + Coloração padrão,VARILUX® COMFORT SOLARES / COLORAÇÃO Orma + Coloração padrão,multifocal,Resina,1.50,false,false,true,1679.00,Pagina 18,Verniz Hc,Revestimento,final,1679.00,1679.00,-11.00,7.00,0.00,-6.00,1.00,3.50,SOLARES / COLORAÇÃO,null
Optilab,Optilab 06 de abril a 31 de julho de 2026,VARILUX® COMFORT,Progressiva,multifocal,7aa9aa5b-0dfc-48ee-8899-c34164581103,Orma + Xperio cinza/marrom,VARILUX® COMFORT SOLARES / COLORAÇÃO Orma + Xperio cinza/marrom,multifocal,Resina,1.50,false,false,true,2189.00,Pagina 18,Crizal Sapphire HR,Antirreflexo,final,2849.00,2849.00,-11.00,7.00,0.00,-6.00,1.00,3.50,SOLARES / COLORAÇÃO,null
Optilab,Optilab 06 de abril a 31 de julho de 2026,VARILUX® COMFORT,Progressiva,multifocal,7aa9aa5b-0dfc-48ee-8899-c34164581103,Orma + Xperio cinza/marrom,VARILUX® COMFORT SOLARES / COLORAÇÃO Orma + Xperio cinza/marrom,multifocal,Resina,1.50,false,false,true,2189.00,Pagina 18,Optifog,Antirreflexo,final,2829.00,2829.00,-11.00,7.00,0.00,-6.00,1.00,3.50,SOLARES / COLORAÇÃO,null
Optilab,Optilab 06 de abril a 31 de julho de 2026,VARILUX® COMFORT,Progressiva,multifocal,7aa9aa5b-0dfc-48ee-8899-c34164581103,Orma + Xperio cinza/marrom,VARILUX® COMFORT SOLARES / COLORAÇÃO Orma + Xperio cinza/marrom,multifocal,Resina,1.50,false,false,true,2189.00,Pagina 18,Verniz Hc,Revestimento,final,2189.00,2189.00,-11.00,7.00,0.00,-6.00,1.00,3.50,SOLARES / COLORAÇÃO,null
Optilab,Optilab 06 de abril a 31 de julho de 2026,VARILUX® COMFORT,Progressiva,multifocal,668b9003-66d9-4c77-aa44-bd8fff306707,Airwear,VARILUX® COMFORT TRADICIONAL Airwear,multifocal,Policarbonato,1.59,false,false,true,1979.00,Pagina 18,Verniz Hc,Revestimento,final,1979.00,1979.00,-10.00,6.00,0.00,-6.00,1.00,3.50,TRADICIONAL,null
Optilab,Optilab 06 de abril a 31 de julho de 2026,VARILUX® COMFORT,Progressiva,multifocal,ced9caf0-0bad-4438-b26a-083fb0233009,Airwear + Coloração especial,VARILUX® COMFORT TRADICIONAL Airwear + Coloração especial,multifocal,Policarbonato,1.59,false,false,true,2089.00,Pagina 18,Verniz Hc,Revestimento,final,2089.00,2089.00,-10.00,6.00,0.00,-6.00,1.00,3.50,TRADICIONAL,null
Optilab,Optilab 06 de abril a 31 de julho de 2026,VARILUX® COMFORT,Progressiva,multifocal,23d1a36e-3d95-443e-ab8d-96100662c7e3,Orma,VARILUX® COMFORT TRADICIONAL Orma,multifocal,Resina,1.50,false,false,true,1679.00,Pagina 18,Verniz Hc,Revestimento,final,1679.00,1679.00,-10.00,6.00,0.00,-6.00,1.00,3.50,TRADICIONAL,null
Optilab,Optilab 06 de abril a 31 de julho de 2026,VARILUX® COMFORT,Progressiva,multifocal,bb35a0d3-28d9-4e2c-8f31-d4bb7c93266c,Orma + Coloração especial,VARILUX® COMFORT TRADICIONAL Orma + Coloração especial,multifocal,Resina,1.50,false,false,true,1789.00,Pagina 18,Verniz Hc,Revestimento,final,1789.00,1789.00,-10.00,6.00,0.00,-6.00,1.00,3.50,TRADICIONAL,null
Optilab,Optilab 06 de abril a 31 de julho de 2026,VARILUX® LIBERTY,Progressiva,multifocal,a25aa96c-a66b-46c8-b55f-a91a924f06e4,Airwear,VARILUX® LIBERTY DIGITAL Airwear,multifocal,Policarbonato,1.59,false,false,true,1299.00,Pagina 19,Crizal Easy Pro,Antirreflexo,final,1699.00,1699.00,-12.00,7.00,0.00,-6.00,1.00,3.50,DIGITAL,null
Optilab,Optilab 06 de abril a 31 de julho de 2026,VARILUX® LIBERTY,Progressiva,multifocal,a25aa96c-a66b-46c8-b55f-a91a924f06e4,Airwear,VARILUX® LIBERTY DIGITAL Airwear,multifocal,Policarbonato,1.59,false,false,true,1299.00,Pagina 19,Crizal Prevencia,Antirreflexo,final,2319.00,2319.00,-12.00,7.00,0.00,-6.00,1.00,3.50,DIGITAL,null
Optilab,Optilab 06 de abril a 31 de julho de 2026,VARILUX® LIBERTY,Progressiva,multifocal,a25aa96c-a66b-46c8-b55f-a91a924f06e4,Airwear,VARILUX® LIBERTY DIGITAL Airwear,multifocal,Policarbonato,1.59,false,false,true,1299.00,Pagina 19,Crizal Rock,Antirreflexo,final,2049.00,2049.00,-12.00,7.00,0.00,-6.00,1.00,3.50,DIGITAL,null
Optilab,Optilab 06 de abril a 31 de julho de 2026,VARILUX® LIBERTY,Progressiva,multifocal,a25aa96c-a66b-46c8-b55f-a91a924f06e4,Airwear,VARILUX® LIBERTY DIGITAL Airwear,multifocal,Policarbonato,1.59,false,false,true,1299.00,Pagina 19,Crizal Sapphire HR,Antirreflexo,final,2319.00,2319.00,-12.00,7.00,0.00,-6.00,1.00,3.50,DIGITAL,null
Optilab,Optilab 06 de abril a 31 de julho de 2026,VARILUX® LIBERTY,Progressiva,multifocal,a25aa96c-a66b-46c8-b55f-a91a924f06e4,Airwear,VARILUX® LIBERTY DIGITAL Airwear,multifocal,Policarbonato,1.59,false,false,true,1299.00,Pagina 19,Optifog,Antirreflexo,final,1939.00,1939.00,-12.00,7.00,0.00,-6.00,1.00,3.50,DIGITAL,null
Optilab,Optilab 06 de abril a 31 de julho de 2026,VARILUX® LIBERTY,Progressiva,multifocal,a25aa96c-a66b-46c8-b55f-a91a924f06e4,Airwear,VARILUX® LIBERTY DIGITAL Airwear,multifocal,Policarbonato,1.59,false,false,true,1299.00,Pagina 19,Trio Easy Clean,Antirreflexo,final,1499.00,1499.00,-12.00,7.00,0.00,-6.00,1.00,3.50,DIGITAL,null
Optilab,Optilab 06 de abril a 31 de julho de 2026,VARILUX® LIBERTY,Progressiva,multifocal,c50c6975-6bb6-4d1c-8b8b-8c328d7a98d0,Airwear + Transitions Extractive,VARILUX® LIBERTY DIGITAL Airwear + Transitions Extractive,multifocal,Policarbonato,1.59,false,false,true,2429.00,Pagina 19,Crizal Easy Pro,Antirreflexo,final,2829.00,2829.00,-12.00,7.00,0.00,-6.00,1.00,3.50,DIGITAL,null
Optilab,Optilab 06 de abril a 31 de julho de 2026,VARILUX® LIBERTY,Progressiva,multifocal,c50c6975-6bb6-4d1c-8b8b-8c328d7a98d0,Airwear + Transitions Extractive,VARILUX® LIBERTY DIGITAL Airwear + Transitions Extractive,multifocal,Policarbonato,1.59,false,false,true,2429.00,Pagina 19,Crizal Prevencia,Antirreflexo,final,3449.00,3449.00,-12.00,7.00,0.00,-6.00,1.00,3.50,DIGITAL,null
Optilab,Optilab 06 de abril a 31 de julho de 2026,VARILUX® LIBERTY,Progressiva,multifocal,c50c6975-6bb6-4d1c-8b8b-8c328d7a98d0,Airwear + Transitions Extractive,VARILUX® LIBERTY DIGITAL Airwear + Transitions Extractive,multifocal,Policarbonato,1.59,false,false,true,2429.00,Pagina 19,Crizal Rock,Antirreflexo,final,3179.00,3179.00,-12.00,7.00,0.00,-6.00,1.00,3.50,DIGITAL,null
Optilab,Optilab 06 de abril a 31 de julho de 2026,VARILUX® LIBERTY,Progressiva,multifocal,c50c6975-6bb6-4d1c-8b8b-8c328d7a98d0,Airwear + Transitions Extractive,VARILUX® LIBERTY DIGITAL Airwear + Transitions Extractive,multifocal,Policarbonato,1.59,false,false,true,2429.00,Pagina 19,Crizal Sapphire HR,Antirreflexo,final,3449.00,3449.00,-12.00,7.00,0.00,-6.00,1.00,3.50,DIGITAL,null
Optilab,Optilab 06 de abril a 31 de julho de 2026,VARILUX® LIBERTY,Progressiva,multifocal,c50c6975-6bb6-4d1c-8b8b-8c328d7a98d0,Airwear + Transitions Extractive,VARILUX® LIBERTY DIGITAL Airwear + Transitions Extractive,multifocal,Policarbonato,1.59,false,false,true,2429.00,Pagina 19,Optifog,Antirreflexo,final,3069.00,3069.00,-12.00,7.00,0.00,-6.00,1.00,3.50,DIGITAL,null
Optilab,Optilab 06 de abril a 31 de julho de 2026,VARILUX® LIBERTY,Progressiva,multifocal,c50c6975-6bb6-4d1c-8b8b-8c328d7a98d0,Airwear + Transitions Extractive,VARILUX® LIBERTY DIGITAL Airwear + Transitions Extractive,multifocal,Policarbonato,1.59,false,false,true,2429.00,Pagina 19,Trio Easy Clean,Antirreflexo,final,2629.00,2629.00,-12.00,7.00,0.00,-6.00,1.00,3.50,DIGITAL,null
Optilab,Optilab 06 de abril a 31 de julho de 2026,VARILUX® LIBERTY,Progressiva,multifocal,f184b45f-85fd-4be0-8db5-4337dd84fbb0,Airwear + Transitions Gen S,VARILUX® LIBERTY DIGITAL Airwear + Transitions Gen S,multifocal,Policarbonato,1.59,false,false,true,2399.00,Pagina 19,Crizal Easy Pro,Antirreflexo,final,2799.00,2799.00,-12.00,7.00,0.00,-6.00,1.00,3.50,DIGITAL,null
Optilab,Optilab 06 de abril a 31 de julho de 2026,VARILUX® LIBERTY,Progressiva,multifocal,f184b45f-85fd-4be0-8db5-4337dd84fbb0,Airwear + Transitions Gen S,VARILUX® LIBERTY DIGITAL Airwear + Transitions Gen S,multifocal,Policarbonato,1.59,false,false,true,2399.00,Pagina 19,Crizal Prevencia,Antirreflexo,final,3419.00,3419.00,-12.00,7.00,0.00,-6.00,1.00,3.50,DIGITAL,null
Optilab,Optilab 06 de abril a 31 de julho de 2026,VARILUX® LIBERTY,Progressiva,multifocal,f184b45f-85fd-4be0-8db5-4337dd84fbb0,Airwear + Transitions Gen S,VARILUX® LIBERTY DIGITAL Airwear + Transitions Gen S,multifocal,Policarbonato,1.59,false,false,true,2399.00,Pagina 19,Crizal Rock,Antirreflexo,final,3149.00,3149.00,-12.00,7.00,0.00,-6.00,1.00,3.50,DIGITAL,null
Optilab,Optilab 06 de abril a 31 de julho de 2026,VARILUX® LIBERTY,Progressiva,multifocal,f184b45f-85fd-4be0-8db5-4337dd84fbb0,Airwear + Transitions Gen S,VARILUX® LIBERTY DIGITAL Airwear + Transitions Gen S,multifocal,Policarbonato,1.59,false,false,true,2399.00,Pagina 19,Crizal Sapphire HR,Antirreflexo,final,3419.00,3419.00,-12.00,7.00,0.00,-6.00,1.00,3.50,DIGITAL,null
Optilab,Optilab 06 de abril a 31 de julho de 2026,VARILUX® LIBERTY,Progressiva,multifocal,f184b45f-85fd-4be0-8db5-4337dd84fbb0,Airwear + Transitions Gen S,VARILUX® LIBERTY DIGITAL Airwear + Transitions Gen S,multifocal,Policarbonato,1.59,false,false,true,2399.00,Pagina 19,Optifog,Antirreflexo,final,3039.00,3039.00,-12.00,7.00,0.00,-6.00,1.00,3.50,DIGITAL,null
Optilab,Optilab 06 de abril a 31 de julho de 2026,VARILUX® LIBERTY,Progressiva,multifocal,f184b45f-85fd-4be0-8db5-4337dd84fbb0,Airwear + Transitions Gen S,VARILUX® LIBERTY DIGITAL Airwear + Transitions Gen S,multifocal,Policarbonato,1.59,false,false,true,2399.00,Pagina 19,Trio Easy Clean,Antirreflexo,final,2599.00,2599.00,-12.00,7.00,0.00,-6.00,1.00,3.50,DIGITAL,null
Optilab,Optilab 06 de abril a 31 de julho de 2026,VARILUX® LIBERTY,Progressiva,multifocal,3a747c99-80f5-49fb-aee8-414e22306553,Orma,VARILUX® LIBERTY DIGITAL Orma,multifocal,Resina,1.50,false,false,true,999.00,Pagina 19,Crizal Easy Pro,Antirreflexo,final,1399.00,1399.00,-11.00,7.00,0.00,-6.00,1.00,3.50,DIGITAL,null
Optilab,Optilab 06 de abril a 31 de julho de 2026,VARILUX® LIBERTY,Progressiva,multifocal,3a747c99-80f5-49fb-aee8-414e22306553,Orma,VARILUX® LIBERTY DIGITAL Orma,multifocal,Resina,1.50,false,false,true,999.00,Pagina 19,Crizal Prevencia,Antirreflexo,final,2019.00,2019.00,-11.00,7.00,0.00,-6.00,1.00,3.50,DIGITAL,null
Optilab,Optilab 06 de abril a 31 de julho de 2026,VARILUX® LIBERTY,Progressiva,multifocal,3a747c99-80f5-49fb-aee8-414e22306553,Orma,VARILUX® LIBERTY DIGITAL Orma,multifocal,Resina,1.50,false,false,true,999.00,Pagina 19,Crizal Rock,Antirreflexo,final,1749.00,1749.00,-11.00,7.00,0.00,-6.00,1.00,3.50,DIGITAL,null
Optilab,Optilab 06 de abril a 31 de julho de 2026,VARILUX® LIBERTY,Progressiva,multifocal,3a747c99-80f5-49fb-aee8-414e22306553,Orma,VARILUX® LIBERTY DIGITAL Orma,multifocal,Resina,1.50,false,false,true,999.00,Pagina 19,Crizal Sapphire HR,Antirreflexo,final,2019.00,2019.00,-11.00,7.00,0.00,-6.00,1.00,3.50,DIGITAL,null
Optilab,Optilab 06 de abril a 31 de julho de 2026,VARILUX® LIBERTY,Progressiva,multifocal,3a747c99-80f5-49fb-aee8-414e22306553,Orma,VARILUX® LIBERTY DIGITAL Orma,multifocal,Resina,1.50,false,false,true,999.00,Pagina 19,Optifog,Antirreflexo,final,1639.00,1639.00,-11.00,7.00,0.00,-6.00,1.00,3.50,DIGITAL,null
Optilab,Optilab 06 de abril a 31 de julho de 2026,VARILUX® LIBERTY,Progressiva,multifocal,3a747c99-80f5-49fb-aee8-414e22306553,Orma,VARILUX® LIBERTY DIGITAL Orma,multifocal,Resina,1.50,false,false,true,999.00,Pagina 19,Trio Easy Clean,Antirreflexo,final,1199.00,1199.00,-11.00,7.00,0.00,-6.00,1.00,3.50,DIGITAL,null
Optilab,Optilab 06 de abril a 31 de julho de 2026,VARILUX® LIBERTY,Progressiva,multifocal,b659dc1d-9828-4c29-8a52-7126cab24e8e,Orma + Blue UV Filter,VARILUX® LIBERTY DIGITAL Orma + Blue UV Filter,multifocal,Resina,1.50,false,false,true,1169.00,Pagina 19,Crizal Easy Pro,Antirreflexo,final,1569.00,1569.00,-11.00,7.00,0.00,-6.00,1.00,3.50,DIGITAL,null
Optilab,Optilab 06 de abril a 31 de julho de 2026,VARILUX® LIBERTY,Progressiva,multifocal,b659dc1d-9828-4c29-8a52-7126cab24e8e,Orma + Blue UV Filter,VARILUX® LIBERTY DIGITAL Orma + Blue UV Filter,multifocal,Resina,1.50,false,false,true,1169.00,Pagina 19,Crizal Prevencia,Antirreflexo,final,2189.00,2189.00,-11.00,7.00,0.00,-6.00,1.00,3.50,DIGITAL,null
Optilab,Optilab 06 de abril a 31 de julho de 2026,VARILUX® LIBERTY,Progressiva,multifocal,b659dc1d-9828-4c29-8a52-7126cab24e8e,Orma + Blue UV Filter,VARILUX® LIBERTY DIGITAL Orma + Blue UV Filter,multifocal,Resina,1.50,false,false,true,1169.00,Pagina 19,Crizal Rock,Antirreflexo,final,1919.00,1919.00,-11.00,7.00,0.00,-6.00,1.00,3.50,DIGITAL,null
Optilab,Optilab 06 de abril a 31 de julho de 2026,VARILUX® LIBERTY,Progressiva,multifocal,b659dc1d-9828-4c29-8a52-7126cab24e8e,Orma + Blue UV Filter,VARILUX® LIBERTY DIGITAL Orma + Blue UV Filter,multifocal,Resina,1.50,false,false,true,1169.00,Pagina 19,Crizal Sapphire HR,Antirreflexo,final,2189.00,2189.00,-11.00,7.00,0.00,-6.00,1.00,3.50,DIGITAL,null
Optilab,Optilab 06 de abril a 31 de julho de 2026,VARILUX® LIBERTY,Progressiva,multifocal,b659dc1d-9828-4c29-8a52-7126cab24e8e,Orma + Blue UV Filter,VARILUX® LIBERTY DIGITAL Orma + Blue UV Filter,multifocal,Resina,1.50,false,false,true,1169.00,Pagina 19,Optifog,Antirreflexo,final,1809.00,1809.00,-11.00,7.00,0.00,-6.00,1.00,3.50,DIGITAL,null
Optilab,Optilab 06 de abril a 31 de julho de 2026,VARILUX® LIBERTY,Progressiva,multifocal,b659dc1d-9828-4c29-8a52-7126cab24e8e,Orma + Blue UV Filter,VARILUX® LIBERTY DIGITAL Orma + Blue UV Filter,multifocal,Resina,1.50,false,false,true,1169.00,Pagina 19,Trio Easy Clean,Antirreflexo,final,1369.00,1369.00,-11.00,7.00,0.00,-6.00,1.00,3.50,DIGITAL,null
Optilab,Optilab 06 de abril a 31 de julho de 2026,VARILUX® LIBERTY,Progressiva,multifocal,41e1cb13-b326-4528-81f8-a01933a2d9b0,Orma + Transitions Extractive,VARILUX® LIBERTY DIGITAL Orma + Transitions Extractive,multifocal,Resina,1.50,false,false,true,2129.00,Pagina 19,Crizal Easy Pro,Antirreflexo,final,2529.00,2529.00,-11.00,7.00,0.00,-6.00,1.00,3.50,DIGITAL,null
Optilab,Optilab 06 de abril a 31 de julho de 2026,VARILUX® LIBERTY,Progressiva,multifocal,41e1cb13-b326-4528-81f8-a01933a2d9b0,Orma + Transitions Extractive,VARILUX® LIBERTY DIGITAL Orma + Transitions Extractive,multifocal,Resina,1.50,false,false,true,2129.00,Pagina 19,Crizal Prevencia,Antirreflexo,final,3149.00,3149.00,-11.00,7.00,0.00,-6.00,1.00,3.50,DIGITAL,null
Optilab,Optilab 06 de abril a 31 de julho de 2026,VARILUX® LIBERTY,Progressiva,multifocal,41e1cb13-b326-4528-81f8-a01933a2d9b0,Orma + Transitions Extractive,VARILUX® LIBERTY DIGITAL Orma + Transitions Extractive,multifocal,Resina,1.50,false,false,true,2129.00,Pagina 19,Crizal Rock,Antirreflexo,final,2879.00,2879.00,-11.00,7.00,0.00,-6.00,1.00,3.50,DIGITAL,null
Optilab,Optilab 06 de abril a 31 de julho de 2026,VARILUX® LIBERTY,Progressiva,multifocal,41e1cb13-b326-4528-81f8-a01933a2d9b0,Orma + Transitions Extractive,VARILUX® LIBERTY DIGITAL Orma + Transitions Extractive,multifocal,Resina,1.50,false,false,true,2129.00,Pagina 19,Crizal Sapphire HR,Antirreflexo,final,3149.00,3149.00,-11.00,7.00,0.00,-6.00,1.00,3.50,DIGITAL,null
Optilab,Optilab 06 de abril a 31 de julho de 2026,VARILUX® LIBERTY,Progressiva,multifocal,41e1cb13-b326-4528-81f8-a01933a2d9b0,Orma + Transitions Extractive,VARILUX® LIBERTY DIGITAL Orma + Transitions Extractive,multifocal,Resina,1.50,false,false,true,2129.00,Pagina 19,Optifog,Antirreflexo,final,2769.00,2769.00,-11.00,7.00,0.00,-6.00,1.00,3.50,DIGITAL,null
Optilab,Optilab 06 de abril a 31 de julho de 2026,VARILUX® LIBERTY,Progressiva,multifocal,41e1cb13-b326-4528-81f8-a01933a2d9b0,Orma + Transitions Extractive,VARILUX® LIBERTY DIGITAL Orma + Transitions Extractive,multifocal,Resina,1.50,false,false,true,2129.00,Pagina 19,Trio Easy Clean,Antirreflexo,final,2329.00,2329.00,-11.00,7.00,0.00,-6.00,1.00,3.50,DIGITAL,null
Optilab,Optilab 06 de abril a 31 de julho de 2026,VARILUX® LIBERTY,Progressiva,multifocal,8568e1d4-8ab3-4d99-ac23-b2d2640e5d43,Orma + Transitions Gen S,VARILUX® LIBERTY DIGITAL Orma + Transitions Gen S,multifocal,Resina,1.50,false,false,true,2099.00,Pagina 19,Crizal Easy Pro,Antirreflexo,final,2499.00,2499.00,-11.00,7.00,0.00,-6.00,1.00,3.50,DIGITAL,null
Optilab,Optilab 06 de abril a 31 de julho de 2026,VARILUX® LIBERTY,Progressiva,multifocal,8568e1d4-8ab3-4d99-ac23-b2d2640e5d43,Orma + Transitions Gen S,VARILUX® LIBERTY DIGITAL Orma + Transitions Gen S,multifocal,Resina,1.50,false,false,true,2099.00,Pagina 19,Crizal Prevencia,Antirreflexo,final,3119.00,3119.00,-11.00,7.00,0.00,-6.00,1.00,3.50,DIGITAL,null
Optilab,Optilab 06 de abril a 31 de julho de 2026,VARILUX® LIBERTY,Progressiva,multifocal,8568e1d4-8ab3-4d99-ac23-b2d2640e5d43,Orma + Transitions Gen S,VARILUX® LIBERTY DIGITAL Orma + Transitions Gen S,multifocal,Resina,1.50,false,false,true,2099.00,Pagina 19,Crizal Rock,Antirreflexo,final,2849.00,2849.00,-11.00,7.00,0.00,-6.00,1.00,3.50,DIGITAL,null
Optilab,Optilab 06 de abril a 31 de julho de 2026,VARILUX® LIBERTY,Progressiva,multifocal,8568e1d4-8ab3-4d99-ac23-b2d2640e5d43,Orma + Transitions Gen S,VARILUX® LIBERTY DIGITAL Orma + Transitions Gen S,multifocal,Resina,1.50,false,false,true,2099.00,Pagina 19,Crizal Sapphire HR,Antirreflexo,final,3119.00,3119.00,-11.00,7.00,0.00,-6.00,1.00,3.50,DIGITAL,null
Optilab,Optilab 06 de abril a 31 de julho de 2026,VARILUX® LIBERTY,Progressiva,multifocal,8568e1d4-8ab3-4d99-ac23-b2d2640e5d43,Orma + Transitions Gen S,VARILUX® LIBERTY DIGITAL Orma + Transitions Gen S,multifocal,Resina,1.50,false,false,true,2099.00,Pagina 19,Optifog,Antirreflexo,final,2739.00,2739.00,-11.00,7.00,0.00,-6.00,1.00,3.50,DIGITAL,null
Optilab,Optilab 06 de abril a 31 de julho de 2026,VARILUX® LIBERTY,Progressiva,multifocal,8568e1d4-8ab3-4d99-ac23-b2d2640e5d43,Orma + Transitions Gen S,VARILUX® LIBERTY DIGITAL Orma + Transitions Gen S,multifocal,Resina,1.50,false,false,true,2099.00,Pagina 19,Trio Easy Clean,Antirreflexo,final,2299.00,2299.00,-11.00,7.00,0.00,-6.00,1.00,3.50,DIGITAL,null
Optilab,Optilab 06 de abril a 31 de julho de 2026,VARILUX® LIBERTY,Progressiva,multifocal,68be8b7c-b455-44f4-a09e-47b8a77ba531,Airwear,VARILUX® LIBERTY DIGITAL short Airwear,multifocal,Policarbonato,1.59,false,false,true,1299.00,Pagina 19,Crizal Easy Pro,Antirreflexo,final,1699.00,1699.00,-7.00,6.00,0.00,-6.00,1.00,3.50,DIGITAL,short
Optilab,Optilab 06 de abril a 31 de julho de 2026,VARILUX® LIBERTY,Progressiva,multifocal,68be8b7c-b455-44f4-a09e-47b8a77ba531,Airwear,VARILUX® LIBERTY DIGITAL short Airwear,multifocal,Policarbonato,1.59,false,false,true,1299.00,Pagina 19,Crizal Prevencia,Antirreflexo,final,2319.00,2319.00,-7.00,6.00,0.00,-6.00,1.00,3.50,DIGITAL,short
Optilab,Optilab 06 de abril a 31 de julho de 2026,VARILUX® LIBERTY,Progressiva,multifocal,68be8b7c-b455-44f4-a09e-47b8a77ba531,Airwear,VARILUX® LIBERTY DIGITAL short Airwear,multifocal,Policarbonato,1.59,false,false,true,1299.00,Pagina 19,Crizal Rock,Antirreflexo,final,2049.00,2049.00,-7.00,6.00,0.00,-6.00,1.00,3.50,DIGITAL,short
Optilab,Optilab 06 de abril a 31 de julho de 2026,VARILUX® LIBERTY,Progressiva,multifocal,68be8b7c-b455-44f4-a09e-47b8a77ba531,Airwear,VARILUX® LIBERTY DIGITAL short Airwear,multifocal,Policarbonato,1.59,false,false,true,1299.00,Pagina 19,Crizal Sapphire HR,Antirreflexo,final,2319.00,2319.00,-7.00,6.00,0.00,-6.00,1.00,3.50,DIGITAL,short
Optilab,Optilab 06 de abril a 31 de julho de 2026,VARILUX® LIBERTY,Progressiva,multifocal,68be8b7c-b455-44f4-a09e-47b8a77ba531,Airwear,VARILUX® LIBERTY DIGITAL short Airwear,multifocal,Policarbonato,1.59,false,false,true,1299.00,Pagina 19,Optifog,Antirreflexo,final,1939.00,1939.00,-7.00,6.00,0.00,-6.00,1.00,3.50,DIGITAL,short
Optilab,Optilab 06 de abril a 31 de julho de 2026,VARILUX® LIBERTY,Progressiva,multifocal,68be8b7c-b455-44f4-a09e-47b8a77ba531,Airwear,VARILUX® LIBERTY DIGITAL short Airwear,multifocal,Policarbonato,1.59,false,false,true,1299.00,Pagina 19,Trio Easy Clean,Antirreflexo,final,1499.00,1499.00,-7.00,6.00,0.00,-6.00,1.00,3.50,DIGITAL,short
Optilab,Optilab 06 de abril a 31 de julho de 2026,VARILUX® LIBERTY,Progressiva,multifocal,5f402d7e-72d3-4b7f-9e2f-f14061353282,Orma,VARILUX® LIBERTY DIGITAL short Orma,multifocal,Resina,1.50,false,false,true,999.00,Pagina 19,Crizal Easy Pro,Antirreflexo,final,1399.00,1399.00,-7.00,6.00,0.00,-6.00,1.00,3.50,DIGITAL,short
Optilab,Optilab 06 de abril a 31 de julho de 2026,VARILUX® LIBERTY,Progressiva,multifocal,5f402d7e-72d3-4b7f-9e2f-f14061353282,Orma,VARILUX® LIBERTY DIGITAL short Orma,multifocal,Resina,1.50,false,false,true,999.00,Pagina 19,Crizal Prevencia,Antirreflexo,final,2019.00,2019.00,-7.00,6.00,0.00,-6.00,1.00,3.50,DIGITAL,short
Optilab,Optilab 06 de abril a 31 de julho de 2026,VARILUX® LIBERTY,Progressiva,multifocal,5f402d7e-72d3-4b7f-9e2f-f14061353282,Orma,VARILUX® LIBERTY DIGITAL short Orma,multifocal,Resina,1.50,false,false,true,999.00,Pagina 19,Crizal Rock,Antirreflexo,final,1749.00,1749.00,-7.00,6.00,0.00,-6.00,1.00,3.50,DIGITAL,short
Optilab,Optilab 06 de abril a 31 de julho de 2026,VARILUX® LIBERTY,Progressiva,multifocal,5f402d7e-72d3-4b7f-9e2f-f14061353282,Orma,VARILUX® LIBERTY DIGITAL short Orma,multifocal,Resina,1.50,false,false,true,999.00,Pagina 19,Crizal Sapphire HR,Antirreflexo,final,2019.00,2019.00,-7.00,6.00,0.00,-6.00,1.00,3.50,DIGITAL,short
Optilab,Optilab 06 de abril a 31 de julho de 2026,VARILUX® LIBERTY,Progressiva,multifocal,5f402d7e-72d3-4b7f-9e2f-f14061353282,Orma,VARILUX® LIBERTY DIGITAL short Orma,multifocal,Resina,1.50,false,false,true,999.00,Pagina 19,Optifog,Antirreflexo,final,1639.00,1639.00,-7.00,6.00,0.00,-6.00,1.00,3.50,DIGITAL,short
Optilab,Optilab 06 de abril a 31 de julho de 2026,VARILUX® LIBERTY,Progressiva,multifocal,5f402d7e-72d3-4b7f-9e2f-f14061353282,Orma,VARILUX® LIBERTY DIGITAL short Orma,multifocal,Resina,1.50,false,false,true,999.00,Pagina 19,Trio Easy Clean,Antirreflexo,final,1199.00,1199.00,-7.00,6.00,0.00,-6.00,1.00,3.50,DIGITAL,short
Optilab,Optilab 06 de abril a 31 de julho de 2026,VARILUX® LIBERTY,Progressiva,multifocal,34eeb2c1-52c4-49c7-8b28-d98f39d1bbb1,Airwear + Xperio cinza/marrom,VARILUX® LIBERTY SOLARES / COLORAÇÃO Airwear + Xperio cinza/marrom,multifocal,Policarbonato,1.59,false,false,true,1989.00,Pagina 19,Crizal Sapphire HR,Antirreflexo,final,2649.00,2649.00,-12.00,7.00,0.00,-6.00,1.00,3.50,SOLARES / COLORAÇÃO,null
Optilab,Optilab 06 de abril a 31 de julho de 2026,VARILUX® LIBERTY,Progressiva,multifocal,34eeb2c1-52c4-49c7-8b28-d98f39d1bbb1,Airwear + Xperio cinza/marrom,VARILUX® LIBERTY SOLARES / COLORAÇÃO Airwear + Xperio cinza/marrom,multifocal,Policarbonato,1.59,false,false,true,1989.00,Pagina 19,Optifog,Antirreflexo,final,2629.00,2629.00,-12.00,7.00,0.00,-6.00,1.00,3.50,SOLARES / COLORAÇÃO,null
Optilab,Optilab 06 de abril a 31 de julho de 2026,VARILUX® LIBERTY,Progressiva,multifocal,34eeb2c1-52c4-49c7-8b28-d98f39d1bbb1,Airwear + Xperio cinza/marrom,VARILUX® LIBERTY SOLARES / COLORAÇÃO Airwear + Xperio cinza/marrom,multifocal,Policarbonato,1.59,false,false,true,1989.00,Pagina 19,Verniz Hc,Revestimento,final,1989.00,1989.00,-12.00,7.00,0.00,-6.00,1.00,3.50,SOLARES / COLORAÇÃO,null
Optilab,Optilab 06 de abril a 31 de julho de 2026,VARILUX® LIBERTY,Progressiva,multifocal,033914ba-fab9-4593-8447-4edb490049c6,Orma + Xperio cinza/marrom,VARILUX® LIBERTY SOLARES / COLORAÇÃO Orma + Xperio cinza/marrom,multifocal,Resina,1.50,false,false,true,1689.00,Pagina 19,Crizal Sapphire HR,Antirreflexo,final,2349.00,2349.00,-11.00,7.00,0.00,-6.00,1.00,3.50,SOLARES / COLORAÇÃO,null
Optilab,Optilab 06 de abril a 31 de julho de 2026,VARILUX® LIBERTY,Progressiva,multifocal,033914ba-fab9-4593-8447-4edb490049c6,Orma + Xperio cinza/marrom,VARILUX® LIBERTY SOLARES / COLORAÇÃO Orma + Xperio cinza/marrom,multifocal,Resina,1.50,false,false,true,1689.00,Pagina 19,Optifog,Antirreflexo,final,2329.00,2329.00,-11.00,7.00,0.00,-6.00,1.00,3.50,SOLARES / COLORAÇÃO,null
Optilab,Optilab 06 de abril a 31 de julho de 2026,VARILUX® LIBERTY,Progressiva,multifocal,033914ba-fab9-4593-8447-4edb490049c6,Orma + Xperio cinza/marrom,VARILUX® LIBERTY SOLARES / COLORAÇÃO Orma + Xperio cinza/marrom,multifocal,Resina,1.50,false,false,true,1689.00,Pagina 19,Verniz Hc,Revestimento,final,1689.00,1689.00,-11.00,7.00,0.00,-6.00,1.00,3.50,SOLARES / COLORAÇÃO,null
Optilab,Optilab 06 de abril a 31 de julho de 2026,VARILUX® LIBERTY,Progressiva,multifocal,d261c92f-ed20-4344-8e77-2ff172b45286,Airwear,VARILUX® LIBERTY TRADICIONAL Airwear,multifocal,Policarbonato,1.59,false,false,true,1479.00,Pagina 19,null,null,null,null,1479.00,-12.00,7.00,0.00,-6.00,1.00,3.50,TRADICIONAL,null
Optilab,Optilab 06 de abril a 31 de julho de 2026,VARILUX® LIBERTY,Progressiva,multifocal,c87b5a51-e3ad-4028-b06e-6834e3540f2a,Airwear + Coloração especial,VARILUX® LIBERTY TRADICIONAL Airwear + Coloração especial,multifocal,Policarbonato,1.59,false,false,true,1589.00,Pagina 19,null,null,null,null,1589.00,-12.00,7.00,0.00,-6.00,1.00,3.50,TRADICIONAL,null
Optilab,Optilab 06 de abril a 31 de julho de 2026,VARILUX® LIBERTY,Progressiva,multifocal,134a5791-c989-4170-9332-7bb42b84820d,Orma,VARILUX® LIBERTY TRADICIONAL Orma,multifocal,Resina,1.50,false,false,true,1179.00,Pagina 19,null,null,null,null,1179.00,-11.00,7.00,0.00,-6.00,1.00,3.50,TRADICIONAL,null
Optilab,Optilab 06 de abril a 31 de julho de 2026,VARILUX® LIBERTY,Progressiva,multifocal,ead3532a-ade9-4284-92db-e6e89ffbeb31,Orma + Coloração especial,VARILUX® LIBERTY TRADICIONAL Orma + Coloração especial,multifocal,Resina,1.50,false,false,true,1289.00,Pagina 19,null,null,null,null,1289.00,-11.00,7.00,0.00,-6.00,1.00,3.50,TRADICIONAL,null
Optilab,Optilab 06 de abril a 31 de julho de 2026,VARILUX® Physio® Extensee,Progressiva,multifocal,a3eebcf2-c7c5-453f-9950-3c4644283d19,Airwear + Coloração padrão,VARILUX® Physio® Extensee COLORAÇÃO Essilor Fit Eyecode | CVP Airwear + Coloração padrão,multifocal,Policarbonato,1.59,false,false,true,3279.00,Pagina 15,Verniz Hc,Revestimento,final,3279.00,3279.00,-12.00,7.00,0.00,-6.00,1.00,3.50,COLORAÇÃO,Essilor Fit Eyecode | CVP
Optilab,Optilab 06 de abril a 31 de julho de 2026,VARILUX® Physio® Extensee,Progressiva,multifocal,dc40396b-1bdb-4152-9a97-d13db3cf3f52,Orma + Coloração especial,VARILUX® Physio® Extensee COLORAÇÃO Essilor Fit Eyecode | CVP Orma + Coloração especial,multifocal,Resina,1.50,false,false,true,3089.00,Pagina 15,Verniz Hc,Revestimento,final,3089.00,3089.00,-11.00,7.00,0.00,-6.00,1.00,3.50,COLORAÇÃO,Essilor Fit Eyecode | CVP
Optilab,Optilab 06 de abril a 31 de julho de 2026,VARILUX® Physio® Extensee,Progressiva,multifocal,d9116d5b-3bac-4a19-9a60-5e61f723adbf,Orma + Coloração padrão,VARILUX® Physio® Extensee COLORAÇÃO Essilor Fit Eyecode | CVP Orma + Coloração padrão,multifocal,Resina,1.50,false,false,true,2979.00,Pagina 15,Verniz Hc,Revestimento,final,2979.00,2979.00,-11.00,7.00,0.00,-6.00,1.00,3.50,COLORAÇÃO,Essilor Fit Eyecode | CVP
Optilab,Optilab 06 de abril a 31 de julho de 2026,VARILUX® Physio® Extensee,Progressiva,multifocal,f8f5aae5-4b95-40f8-b59d-b865903ddb5f,Airwear + Coloração padrão,VARILUX® Physio® Extensee COLORAÇÃO Essilor Fit Eyecode Airwear + Coloração padrão,multifocal,Policarbonato,1.59,false,false,true,2889.00,Pagina 16,Verniz Hc,Revestimento,final,2889.00,2889.00,-12.00,7.00,0.00,-6.00,1.00,3.50,COLORAÇÃO,Essilor Fit Eyecode
Optilab,Optilab 06 de abril a 31 de julho de 2026,VARILUX® Physio® Extensee,Progressiva,multifocal,ce351434-0405-4829-95e6-2d1257f02ac0,Orma + Coloração especial,VARILUX® Physio® Extensee COLORAÇÃO Essilor Fit Eyecode Orma + Coloração especial,multifocal,Resina,1.50,false,false,true,2699.00,Pagina 16,Verniz Hc,Revestimento,final,2699.00,2699.00,-11.00,7.00,0.00,-6.00,1.00,3.50,COLORAÇÃO,Essilor Fit Eyecode
Optilab,Optilab 06 de abril a 31 de julho de 2026,VARILUX® Physio® Extensee,Progressiva,multifocal,c05d2d96-6510-4731-abd1-0c4c4fccca04,Orma + Coloração padrão,VARILUX® Physio® Extensee COLORAÇÃO Essilor Fit Eyecode Orma + Coloração padrão,multifocal,Resina,1.50,false,false,true,2589.00,Pagina 16,Verniz Hc,Revestimento,final,2589.00,2589.00,-11.00,7.00,0.00,-6.00,1.00,3.50,COLORAÇÃO,Essilor Fit Eyecode
Optilab,Optilab 06 de abril a 31 de julho de 2026,VARILUX® Physio® Extensee,Progressiva,multifocal,29e1899a-0513-4762-8011-40668432ab0e,Airwear,VARILUX® Physio® Extensee Essilor Fit Eyecode | CVP Airwear,multifocal,Policarbonato,1.59,false,false,true,3499.00,Pagina 15,Crizal Easy Pro,Antirreflexo,final,3499.00,3499.00,-12.00,7.00,0.00,-6.00,1.00,3.50,null,Essilor Fit Eyecode | CVP
Optilab,Optilab 06 de abril a 31 de julho de 2026,VARILUX® Physio® Extensee,Progressiva,multifocal,29e1899a-0513-4762-8011-40668432ab0e,Airwear,VARILUX® Physio® Extensee Essilor Fit Eyecode | CVP Airwear,multifocal,Policarbonato,1.59,false,false,true,3499.00,Pagina 15,Crizal Prevencia,Antirreflexo,final,4119.00,4119.00,-12.00,7.00,0.00,-6.00,1.00,3.50,null,Essilor Fit Eyecode | CVP
Optilab,Optilab 06 de abril a 31 de julho de 2026,VARILUX® Physio® Extensee,Progressiva,multifocal,29e1899a-0513-4762-8011-40668432ab0e,Airwear,VARILUX® Physio® Extensee Essilor Fit Eyecode | CVP Airwear,multifocal,Policarbonato,1.59,false,false,true,3499.00,Pagina 15,Crizal Rock,Antirreflexo,final,3849.00,3849.00,-12.00,7.00,0.00,-6.00,1.00,3.50,null,Essilor Fit Eyecode | CVP
Optilab,Optilab 06 de abril a 31 de julho de 2026,VARILUX® Physio® Extensee,Progressiva,multifocal,29e1899a-0513-4762-8011-40668432ab0e,Airwear,VARILUX® Physio® Extensee Essilor Fit Eyecode | CVP Airwear,multifocal,Policarbonato,1.59,false,false,true,3499.00,Pagina 15,Crizal Sapphire HR,Antirreflexo,final,4119.00,4119.00,-12.00,7.00,0.00,-6.00,1.00,3.50,null,Essilor Fit Eyecode | CVP
Optilab,Optilab 06 de abril a 31 de julho de 2026,VARILUX® Physio® Extensee,Progressiva,multifocal,29e1899a-0513-4762-8011-40668432ab0e,Airwear,VARILUX® Physio® Extensee Essilor Fit Eyecode | CVP Airwear,multifocal,Policarbonato,1.59,false,false,true,3499.00,Pagina 15,Optifog,Antirreflexo,final,3739.00,3739.00,-12.00,7.00,0.00,-6.00,1.00,3.50,null,Essilor Fit Eyecode | CVP
Optilab,Optilab 06 de abril a 31 de julho de 2026,VARILUX® Physio® Extensee,Progressiva,multifocal,79853dd4-05c0-4b3f-b33b-406b3816874a,Airwear + Transitions Extractive,VARILUX® Physio® Extensee Essilor Fit Eyecode | CVP Airwear + Transitions Extractive,multifocal,Policarbonato,1.59,false,false,true,4629.00,Pagina 15,Crizal Easy Pro,Antirreflexo,final,4629.00,4629.00,-12.00,7.00,0.00,-6.00,1.00,3.50,null,Essilor Fit Eyecode | CVP
Optilab,Optilab 06 de abril a 31 de julho de 2026,VARILUX® Physio® Extensee,Progressiva,multifocal,79853dd4-05c0-4b3f-b33b-406b3816874a,Airwear + Transitions Extractive,VARILUX® Physio® Extensee Essilor Fit Eyecode | CVP Airwear + Transitions Extractive,multifocal,Policarbonato,1.59,false,false,true,4629.00,Pagina 15,Crizal Prevencia,Antirreflexo,final,5249.00,5249.00,-12.00,7.00,0.00,-6.00,1.00,3.50,null,Essilor Fit Eyecode | CVP
Optilab,Optilab 06 de abril a 31 de julho de 2026,VARILUX® Physio® Extensee,Progressiva,multifocal,79853dd4-05c0-4b3f-b33b-406b3816874a,Airwear + Transitions Extractive,VARILUX® Physio® Extensee Essilor Fit Eyecode | CVP Airwear + Transitions Extractive,multifocal,Policarbonato,1.59,false,false,true,4629.00,Pagina 15,Crizal Rock,Antirreflexo,final,4979.00,4979.00,-12.00,7.00,0.00,-6.00,1.00,3.50,null,Essilor Fit Eyecode | CVP
Optilab,Optilab 06 de abril a 31 de julho de 2026,VARILUX® Physio® Extensee,Progressiva,multifocal,79853dd4-05c0-4b3f-b33b-406b3816874a,Airwear + Transitions Extractive,VARILUX® Physio® Extensee Essilor Fit Eyecode | CVP Airwear + Transitions Extractive,multifocal,Policarbonato,1.59,false,false,true,4629.00,Pagina 15,Crizal Sapphire HR,Antirreflexo,final,5249.00,5249.00,-12.00,7.00,0.00,-6.00,1.00,3.50,null,Essilor Fit Eyecode | CVP
Optilab,Optilab 06 de abril a 31 de julho de 2026,VARILUX® Physio® Extensee,Progressiva,multifocal,79853dd4-05c0-4b3f-b33b-406b3816874a,Airwear + Transitions Extractive,VARILUX® Physio® Extensee Essilor Fit Eyecode | CVP Airwear + Transitions Extractive,multifocal,Policarbonato,1.59,false,false,true,4629.00,Pagina 15,Optifog,Antirreflexo,final,4869.00,4869.00,-12.00,7.00,0.00,-6.00,1.00,3.50,null,Essilor Fit Eyecode | CVP
Optilab,Optilab 06 de abril a 31 de julho de 2026,VARILUX® Physio® Extensee,Progressiva,multifocal,d1ebdf99-d988-4ac1-b996-0e2ea7e3e82a,Airwear + Transitions Gen S,VARILUX® Physio® Extensee Essilor Fit Eyecode | CVP Airwear + Transitions Gen S,multifocal,Policarbonato,1.59,false,false,true,4599.00,Pagina 15,Crizal Easy Pro,Antirreflexo,final,4599.00,4599.00,-12.00,7.00,0.00,-6.00,1.00,3.50,null,Essilor Fit Eyecode | CVP
Optilab,Optilab 06 de abril a 31 de julho de 2026,VARILUX® Physio® Extensee,Progressiva,multifocal,d1ebdf99-d988-4ac1-b996-0e2ea7e3e82a,Airwear + Transitions Gen S,VARILUX® Physio® Extensee Essilor Fit Eyecode | CVP Airwear + Transitions Gen S,multifocal,Policarbonato,1.59,false,false,true,4599.00,Pagina 15,Crizal Prevencia,Antirreflexo,final,5219.00,5219.00,-12.00,7.00,0.00,-6.00,1.00,3.50,null,Essilor Fit Eyecode | CVP
Optilab,Optilab 06 de abril a 31 de julho de 2026,VARILUX® Physio® Extensee,Progressiva,multifocal,d1ebdf99-d988-4ac1-b996-0e2ea7e3e82a,Airwear + Transitions Gen S,VARILUX® Physio® Extensee Essilor Fit Eyecode | CVP Airwear + Transitions Gen S,multifocal,Policarbonato,1.59,false,false,true,4599.00,Pagina 15,Crizal Rock,Antirreflexo,final,4949.00,4949.00,-12.00,7.00,0.00,-6.00,1.00,3.50,null,Essilor Fit Eyecode | CVP
Optilab,Optilab 06 de abril a 31 de julho de 2026,VARILUX® Physio® Extensee,Progressiva,multifocal,d1ebdf99-d988-4ac1-b996-0e2ea7e3e82a,Airwear + Transitions Gen S,VARILUX® Physio® Extensee Essilor Fit Eyecode | CVP Airwear + Transitions Gen S,multifocal,Policarbonato,1.59,false,false,true,4599.00,Pagina 15,Crizal Sapphire HR,Antirreflexo,final,5219.00,5219.00,-12.00,7.00,0.00,-6.00,1.00,3.50,null,Essilor Fit Eyecode | CVP
Optilab,Optilab 06 de abril a 31 de julho de 2026,VARILUX® Physio® Extensee,Progressiva,multifocal,d1ebdf99-d988-4ac1-b996-0e2ea7e3e82a,Airwear + Transitions Gen S,VARILUX® Physio® Extensee Essilor Fit Eyecode | CVP Airwear + Transitions Gen S,multifocal,Policarbonato,1.59,false,false,true,4599.00,Pagina 15,Optifog,Antirreflexo,final,4839.00,4839.00,-12.00,7.00,0.00,-6.00,1.00,3.50,null,Essilor Fit Eyecode | CVP
Optilab,Optilab 06 de abril a 31 de julho de 2026,VARILUX® Physio® Extensee,Progressiva,multifocal,931a2e4c-a83d-467b-a7d1-fe53edc248da,Orma,VARILUX® Physio® Extensee Essilor Fit Eyecode | CVP Orma,multifocal,Resina,1.50,false,false,true,3199.00,Pagina 15,Crizal Easy Pro,Antirreflexo,final,3199.00,3199.00,-11.00,7.00,0.00,-6.00,1.00,3.50,null,Essilor Fit Eyecode | CVP
Optilab,Optilab 06 de abril a 31 de julho de 2026,VARILUX® Physio® Extensee,Progressiva,multifocal,931a2e4c-a83d-467b-a7d1-fe53edc248da,Orma,VARILUX® Physio® Extensee Essilor Fit Eyecode | CVP Orma,multifocal,Resina,1.50,false,false,true,3199.00,Pagina 15,Crizal Prevencia,Antirreflexo,final,3819.00,3819.00,-11.00,7.00,0.00,-6.00,1.00,3.50,null,Essilor Fit Eyecode | CVP
Optilab,Optilab 06 de abril a 31 de julho de 2026,VARILUX® Physio® Extensee,Progressiva,multifocal,931a2e4c-a83d-467b-a7d1-fe53edc248da,Orma,VARILUX® Physio® Extensee Essilor Fit Eyecode | CVP Orma,multifocal,Resina,1.50,false,false,true,3199.00,Pagina 15,Crizal Rock,Antirreflexo,final,3549.00,3549.00,-11.00,7.00,0.00,-6.00,1.00,3.50,null,Essilor Fit Eyecode | CVP
Optilab,Optilab 06 de abril a 31 de julho de 2026,VARILUX® Physio® Extensee,Progressiva,multifocal,931a2e4c-a83d-467b-a7d1-fe53edc248da,Orma,VARILUX® Physio® Extensee Essilor Fit Eyecode | CVP Orma,multifocal,Resina,1.50,false,false,true,3199.00,Pagina 15,Crizal Sapphire HR,Antirreflexo,final,3819.00,3819.00,-11.00,7.00,0.00,-6.00,1.00,3.50,null,Essilor Fit Eyecode | CVP
Optilab,Optilab 06 de abril a 31 de julho de 2026,VARILUX® Physio® Extensee,Progressiva,multifocal,931a2e4c-a83d-467b-a7d1-fe53edc248da,Orma,VARILUX® Physio® Extensee Essilor Fit Eyecode | CVP Orma,multifocal,Resina,1.50,false,false,true,3199.00,Pagina 15,Optifog,Antirreflexo,final,3439.00,3439.00,-11.00,7.00,0.00,-6.00,1.00,3.50,null,Essilor Fit Eyecode | CVP
Optilab,Optilab 06 de abril a 31 de julho de 2026,VARILUX® Physio® Extensee,Progressiva,multifocal,729f82f2-a4a7-4306-9767-d72c45dc0634,Orma + Blue UV Filter,VARILUX® Physio® Extensee Essilor Fit Eyecode | CVP Orma + Blue UV Filter,multifocal,Resina,1.50,false,false,true,3369.00,Pagina 15,Crizal Easy Pro,Antirreflexo,final,3369.00,3369.00,-11.00,7.00,0.00,-6.00,1.00,3.50,null,Essilor Fit Eyecode | CVP
Optilab,Optilab 06 de abril a 31 de julho de 2026,VARILUX® Physio® Extensee,Progressiva,multifocal,729f82f2-a4a7-4306-9767-d72c45dc0634,Orma + Blue UV Filter,VARILUX® Physio® Extensee Essilor Fit Eyecode | CVP Orma + Blue UV Filter,multifocal,Resina,1.50,false,false,true,3369.00,Pagina 15,Crizal Prevencia,Antirreflexo,final,3989.00,3989.00,-11.00,7.00,0.00,-6.00,1.00,3.50,null,Essilor Fit Eyecode | CVP
Optilab,Optilab 06 de abril a 31 de julho de 2026,VARILUX® Physio® Extensee,Progressiva,multifocal,729f82f2-a4a7-4306-9767-d72c45dc0634,Orma + Blue UV Filter,VARILUX® Physio® Extensee Essilor Fit Eyecode | CVP Orma + Blue UV Filter,multifocal,Resina,1.50,false,false,true,3369.00,Pagina 15,Crizal Rock,Antirreflexo,final,3719.00,3719.00,-11.00,7.00,0.00,-6.00,1.00,3.50,null,Essilor Fit Eyecode | CVP
Optilab,Optilab 06 de abril a 31 de julho de 2026,VARILUX® Physio® Extensee,Progressiva,multifocal,729f82f2-a4a7-4306-9767-d72c45dc0634,Orma + Blue UV Filter,VARILUX® Physio® Extensee Essilor Fit Eyecode | CVP Orma + Blue UV Filter,multifocal,Resina,1.50,false,false,true,3369.00,Pagina 15,Crizal Sapphire HR,Antirreflexo,final,3989.00,3989.00,-11.00,7.00,0.00,-6.00,1.00,3.50,null,Essilor Fit Eyecode | CVP
Optilab,Optilab 06 de abril a 31 de julho de 2026,VARILUX® Physio® Extensee,Progressiva,multifocal,729f82f2-a4a7-4306-9767-d72c45dc0634,Orma + Blue UV Filter,VARILUX® Physio® Extensee Essilor Fit Eyecode | CVP Orma + Blue UV Filter,multifocal,Resina,1.50,false,false,true,3369.00,Pagina 15,Optifog,Antirreflexo,final,3609.00,3609.00,-11.00,7.00,0.00,-6.00,1.00,3.50,null,Essilor Fit Eyecode | CVP
Optilab,Optilab 06 de abril a 31 de julho de 2026,VARILUX® Physio® Extensee,Progressiva,multifocal,8bd1c20e-426e-4c12-a104-2207940f0778,Orma + Transitions Gen S,VARILUX® Physio® Extensee Essilor Fit Eyecode | CVP Orma + Transitions Gen S,multifocal,Resina,1.50,false,false,true,4299.00,Pagina 15,Crizal Easy Pro,Antirreflexo,final,4299.00,4299.00,-11.00,7.00,0.00,-6.00,1.00,3.50,null,Essilor Fit Eyecode | CVP
Optilab,Optilab 06 de abril a 31 de julho de 2026,VARILUX® Physio® Extensee,Progressiva,multifocal,8bd1c20e-426e-4c12-a104-2207940f0778,Orma + Transitions Gen S,VARILUX® Physio® Extensee Essilor Fit Eyecode | CVP Orma + Transitions Gen S,multifocal,Resina,1.50,false,false,true,4299.00,Pagina 15,Crizal Prevencia,Antirreflexo,final,4919.00,4919.00,-11.00,7.00,0.00,-6.00,1.00,3.50,null,Essilor Fit Eyecode | CVP
Optilab,Optilab 06 de abril a 31 de julho de 2026,VARILUX® Physio® Extensee,Progressiva,multifocal,8bd1c20e-426e-4c12-a104-2207940f0778,Orma + Transitions Gen S,VARILUX® Physio® Extensee Essilor Fit Eyecode | CVP Orma + Transitions Gen S,multifocal,Resina,1.50,false,false,true,4299.00,Pagina 15,Crizal Rock,Antirreflexo,final,4649.00,4649.00,-11.00,7.00,0.00,-6.00,1.00,3.50,null,Essilor Fit Eyecode | CVP
Optilab,Optilab 06 de abril a 31 de julho de 2026,VARILUX® Physio® Extensee,Progressiva,multifocal,8bd1c20e-426e-4c12-a104-2207940f0778,Orma + Transitions Gen S,VARILUX® Physio® Extensee Essilor Fit Eyecode | CVP Orma + Transitions Gen S,multifocal,Resina,1.50,false,false,true,4299.00,Pagina 15,Crizal Sapphire HR,Antirreflexo,final,4919.00,4919.00,-11.00,7.00,0.00,-6.00,1.00,3.50,null,Essilor Fit Eyecode | CVP
Optilab,Optilab 06 de abril a 31 de julho de 2026,VARILUX® Physio® Extensee,Progressiva,multifocal,8bd1c20e-426e-4c12-a104-2207940f0778,Orma + Transitions Gen S,VARILUX® Physio® Extensee Essilor Fit Eyecode | CVP Orma + Transitions Gen S,multifocal,Resina,1.50,false,false,true,4299.00,Pagina 15,Optifog,Antirreflexo,final,4539.00,4539.00,-11.00,7.00,0.00,-6.00,1.00,3.50,null,Essilor Fit Eyecode | CVP
Optilab,Optilab 06 de abril a 31 de julho de 2026,VARILUX® Physio® Extensee,Progressiva,multifocal,b7c8eca2-97ea-4630-972b-212b897b948c,Stylis 1.67,VARILUX® Physio® Extensee Essilor Fit Eyecode | CVP Stylis 1.67,multifocal,Resina High Index,1.67,false,false,true,5489.00,Pagina 15,Crizal Easy Pro,Antirreflexo,final,5489.00,5489.00,-14.00,10.00,0.00,-6.00,1.00,3.50,null,Essilor Fit Eyecode | CVP
Optilab,Optilab 06 de abril a 31 de julho de 2026,VARILUX® Physio® Extensee,Progressiva,multifocal,b7c8eca2-97ea-4630-972b-212b897b948c,Stylis 1.67,VARILUX® Physio® Extensee Essilor Fit Eyecode | CVP Stylis 1.67,multifocal,Resina High Index,1.67,false,false,true,5489.00,Pagina 15,Crizal Prevencia,Antirreflexo,final,6109.00,6109.00,-14.00,10.00,0.00,-6.00,1.00,3.50,null,Essilor Fit Eyecode | CVP
Optilab,Optilab 06 de abril a 31 de julho de 2026,VARILUX® Physio® Extensee,Progressiva,multifocal,b7c8eca2-97ea-4630-972b-212b897b948c,Stylis 1.67,VARILUX® Physio® Extensee Essilor Fit Eyecode | CVP Stylis 1.67,multifocal,Resina High Index,1.67,false,false,true,5489.00,Pagina 15,Crizal Rock,Antirreflexo,final,5839.00,5839.00,-14.00,10.00,0.00,-6.00,1.00,3.50,null,Essilor Fit Eyecode | CVP
Optilab,Optilab 06 de abril a 31 de julho de 2026,VARILUX® Physio® Extensee,Progressiva,multifocal,b7c8eca2-97ea-4630-972b-212b897b948c,Stylis 1.67,VARILUX® Physio® Extensee Essilor Fit Eyecode | CVP Stylis 1.67,multifocal,Resina High Index,1.67,false,false,true,5489.00,Pagina 15,Crizal Sapphire HR,Antirreflexo,final,6109.00,6109.00,-14.00,10.00,0.00,-6.00,1.00,3.50,null,Essilor Fit Eyecode | CVP
Optilab,Optilab 06 de abril a 31 de julho de 2026,VARILUX® Physio® Extensee,Progressiva,multifocal,b7c8eca2-97ea-4630-972b-212b897b948c,Stylis 1.67,VARILUX® Physio® Extensee Essilor Fit Eyecode | CVP Stylis 1.67,multifocal,Resina High Index,1.67,false,false,true,5489.00,Pagina 15,Optifog,Antirreflexo,final,5729.00,5729.00,-14.00,10.00,0.00,-6.00,1.00,3.50,null,Essilor Fit Eyecode | CVP
Optilab,Optilab 06 de abril a 31 de julho de 2026,VARILUX® Physio® Extensee,Progressiva,multifocal,ecb4e3fa-bb3c-4b7e-8556-0bed335ec7b2,Stylis 1.67 + Transitions Gen S,VARILUX® Physio® Extensee Essilor Fit Eyecode | CVP Stylis 1.67 + Transitions Gen S,multifocal,Resina High Index,1.67,false,false,true,6589.00,Pagina 15,Crizal Easy Pro,Antirreflexo,final,6589.00,6589.00,-14.00,10.00,0.00,-6.00,1.00,3.50,null,Essilor Fit Eyecode | CVP
Optilab,Optilab 06 de abril a 31 de julho de 2026,VARILUX® Physio® Extensee,Progressiva,multifocal,ecb4e3fa-bb3c-4b7e-8556-0bed335ec7b2,Stylis 1.67 + Transitions Gen S,VARILUX® Physio® Extensee Essilor Fit Eyecode | CVP Stylis 1.67 + Transitions Gen S,multifocal,Resina High Index,1.67,false,false,true,6589.00,Pagina 15,Crizal Prevencia,Antirreflexo,final,7209.00,7209.00,-14.00,10.00,0.00,-6.00,1.00,3.50,null,Essilor Fit Eyecode | CVP
Optilab,Optilab 06 de abril a 31 de julho de 2026,VARILUX® Physio® Extensee,Progressiva,multifocal,ecb4e3fa-bb3c-4b7e-8556-0bed335ec7b2,Stylis 1.67 + Transitions Gen S,VARILUX® Physio® Extensee Essilor Fit Eyecode | CVP Stylis 1.67 + Transitions Gen S,multifocal,Resina High Index,1.67,false,false,true,6589.00,Pagina 15,Crizal Rock,Antirreflexo,final,6939.00,6939.00,-14.00,10.00,0.00,-6.00,1.00,3.50,null,Essilor Fit Eyecode | CVP
Optilab,Optilab 06 de abril a 31 de julho de 2026,VARILUX® Physio® Extensee,Progressiva,multifocal,ecb4e3fa-bb3c-4b7e-8556-0bed335ec7b2,Stylis 1.67 + Transitions Gen S,VARILUX® Physio® Extensee Essilor Fit Eyecode | CVP Stylis 1.67 + Transitions Gen S,multifocal,Resina High Index,1.67,false,false,true,6589.00,Pagina 15,Crizal Sapphire HR,Antirreflexo,final,7209.00,7209.00,-14.00,10.00,0.00,-6.00,1.00,3.50,null,Essilor Fit Eyecode | CVP
Optilab,Optilab 06 de abril a 31 de julho de 2026,VARILUX® Physio® Extensee,Progressiva,multifocal,ecb4e3fa-bb3c-4b7e-8556-0bed335ec7b2,Stylis 1.67 + Transitions Gen S,VARILUX® Physio® Extensee Essilor Fit Eyecode | CVP Stylis 1.67 + Transitions Gen S,multifocal,Resina High Index,1.67,false,false,true,6589.00,Pagina 15,Optifog,Antirreflexo,final,6829.00,6829.00,-14.00,10.00,0.00,-6.00,1.00,3.50,null,Essilor Fit Eyecode | CVP
Optilab,Optilab 06 de abril a 31 de julho de 2026,VARILUX® Physio® Extensee,Progressiva,multifocal,d6bb4ffe-e6dc-4499-8801-cdb831321a3b,Stylis 1.74,VARILUX® Physio® Extensee Essilor Fit Eyecode | CVP Stylis 1.74,multifocal,Resina High Index,1.74,false,false,true,7449.00,Pagina 15,Crizal Sapphire HR,Antirreflexo,final,7449.00,7449.00,-14.00,12.00,0.00,-6.00,1.00,3.50,null,Essilor Fit Eyecode | CVP
Optilab,Optilab 06 de abril a 31 de julho de 2026,VARILUX® Physio® Extensee,Progressiva,multifocal,796a9b76-9ca2-4552-b8d8-b681bfd1e01c,Airwear,VARILUX® Physio® Extensee Essilor Fit Eyecode Airwear,multifocal,Policarbonato,1.59,false,false,true,3109.00,Pagina 16,Crizal Easy Pro,Antirreflexo,final,3109.00,3109.00,-12.00,7.00,0.00,-6.00,1.00,3.50,null,Essilor Fit Eyecode
Optilab,Optilab 06 de abril a 31 de julho de 2026,VARILUX® Physio® Extensee,Progressiva,multifocal,796a9b76-9ca2-4552-b8d8-b681bfd1e01c,Airwear,VARILUX® Physio® Extensee Essilor Fit Eyecode Airwear,multifocal,Policarbonato,1.59,false,false,true,3109.00,Pagina 16,Crizal Prevencia,Antirreflexo,final,3729.00,3729.00,-12.00,7.00,0.00,-6.00,1.00,3.50,null,Essilor Fit Eyecode
Optilab,Optilab 06 de abril a 31 de julho de 2026,VARILUX® Physio® Extensee,Progressiva,multifocal,796a9b76-9ca2-4552-b8d8-b681bfd1e01c,Airwear,VARILUX® Physio® Extensee Essilor Fit Eyecode Airwear,multifocal,Policarbonato,1.59,false,false,true,3109.00,Pagina 16,Crizal Rock,Antirreflexo,final,3459.00,3459.00,-12.00,7.00,0.00,-6.00,1.00,3.50,null,Essilor Fit Eyecode
Optilab,Optilab 06 de abril a 31 de julho de 2026,VARILUX® Physio® Extensee,Progressiva,multifocal,796a9b76-9ca2-4552-b8d8-b681bfd1e01c,Airwear,VARILUX® Physio® Extensee Essilor Fit Eyecode Airwear,multifocal,Policarbonato,1.59,false,false,true,3109.00,Pagina 16,Crizal Sapphire HR,Antirreflexo,final,3729.00,3729.00,-12.00,7.00,0.00,-6.00,1.00,3.50,null,Essilor Fit Eyecode
Optilab,Optilab 06 de abril a 31 de julho de 2026,VARILUX® Physio® Extensee,Progressiva,multifocal,796a9b76-9ca2-4552-b8d8-b681bfd1e01c,Airwear,VARILUX® Physio® Extensee Essilor Fit Eyecode Airwear,multifocal,Policarbonato,1.59,false,false,true,3109.00,Pagina 16,Optifog,Antirreflexo,final,3349.00,3349.00,-12.00,7.00,0.00,-6.00,1.00,3.50,null,Essilor Fit Eyecode
Optilab,Optilab 06 de abril a 31 de julho de 2026,VARILUX® Physio® Extensee,Progressiva,multifocal,601f2f8f-40b1-44ed-8fe1-dbaf9f8f3caa,Airwear + Transitions Extractive,VARILUX® Physio® Extensee Essilor Fit Eyecode Airwear + Transitions Extractive,multifocal,Policarbonato,1.59,false,false,true,4239.00,Pagina 16,Crizal Easy Pro,Antirreflexo,final,4239.00,4239.00,-12.00,7.00,0.00,-6.00,1.00,3.50,null,Essilor Fit Eyecode
Optilab,Optilab 06 de abril a 31 de julho de 2026,VARILUX® Physio® Extensee,Progressiva,multifocal,601f2f8f-40b1-44ed-8fe1-dbaf9f8f3caa,Airwear + Transitions Extractive,VARILUX® Physio® Extensee Essilor Fit Eyecode Airwear + Transitions Extractive,multifocal,Policarbonato,1.59,false,false,true,4239.00,Pagina 16,Crizal Prevencia,Antirreflexo,final,4859.00,4859.00,-12.00,7.00,0.00,-6.00,1.00,3.50,null,Essilor Fit Eyecode
Optilab,Optilab 06 de abril a 31 de julho de 2026,VARILUX® Physio® Extensee,Progressiva,multifocal,601f2f8f-40b1-44ed-8fe1-dbaf9f8f3caa,Airwear + Transitions Extractive,VARILUX® Physio® Extensee Essilor Fit Eyecode Airwear + Transitions Extractive,multifocal,Policarbonato,1.59,false,false,true,4239.00,Pagina 16,Crizal Rock,Antirreflexo,final,4589.00,4589.00,-12.00,7.00,0.00,-6.00,1.00,3.50,null,Essilor Fit Eyecode
Optilab,Optilab 06 de abril a 31 de julho de 2026,VARILUX® Physio® Extensee,Progressiva,multifocal,601f2f8f-40b1-44ed-8fe1-dbaf9f8f3caa,Airwear + Transitions Extractive,VARILUX® Physio® Extensee Essilor Fit Eyecode Airwear + Transitions Extractive,multifocal,Policarbonato,1.59,false,false,true,4239.00,Pagina 16,Crizal Sapphire HR,Antirreflexo,final,4859.00,4859.00,-12.00,7.00,0.00,-6.00,1.00,3.50,null,Essilor Fit Eyecode
Optilab,Optilab 06 de abril a 31 de julho de 2026,VARILUX® Physio® Extensee,Progressiva,multifocal,601f2f8f-40b1-44ed-8fe1-dbaf9f8f3caa,Airwear + Transitions Extractive,VARILUX® Physio® Extensee Essilor Fit Eyecode Airwear + Transitions Extractive,multifocal,Policarbonato,1.59,false,false,true,4239.00,Pagina 16,Optifog,Antirreflexo,final,4479.00,4479.00,-12.00,7.00,0.00,-6.00,1.00,3.50,null,Essilor Fit Eyecode
Optilab,Optilab 06 de abril a 31 de julho de 2026,VARILUX® Physio® Extensee,Progressiva,multifocal,ea60cbaa-b950-4da6-b2e1-0c43fad9a5d3,Airwear + Transitions Gen S,VARILUX® Physio® Extensee Essilor Fit Eyecode Airwear + Transitions Gen S,multifocal,Policarbonato,1.59,false,false,true,4209.00,Pagina 16,Crizal Easy Pro,Antirreflexo,final,4209.00,4209.00,-12.00,7.00,0.00,-6.00,1.00,3.50,null,Essilor Fit Eyecode
Optilab,Optilab 06 de abril a 31 de julho de 2026,VARILUX® Physio® Extensee,Progressiva,multifocal,ea60cbaa-b950-4da6-b2e1-0c43fad9a5d3,Airwear + Transitions Gen S,VARILUX® Physio® Extensee Essilor Fit Eyecode Airwear + Transitions Gen S,multifocal,Policarbonato,1.59,false,false,true,4209.00,Pagina 16,Crizal Prevencia,Antirreflexo,final,4829.00,4829.00,-12.00,7.00,0.00,-6.00,1.00,3.50,null,Essilor Fit Eyecode
Optilab,Optilab 06 de abril a 31 de julho de 2026,VARILUX® Physio® Extensee,Progressiva,multifocal,ea60cbaa-b950-4da6-b2e1-0c43fad9a5d3,Airwear + Transitions Gen S,VARILUX® Physio® Extensee Essilor Fit Eyecode Airwear + Transitions Gen S,multifocal,Policarbonato,1.59,false,false,true,4209.00,Pagina 16,Crizal Rock,Antirreflexo,final,4559.00,4559.00,-12.00,7.00,0.00,-6.00,1.00,3.50,null,Essilor Fit Eyecode
Optilab,Optilab 06 de abril a 31 de julho de 2026,VARILUX® Physio® Extensee,Progressiva,multifocal,ea60cbaa-b950-4da6-b2e1-0c43fad9a5d3,Airwear + Transitions Gen S,VARILUX® Physio® Extensee Essilor Fit Eyecode Airwear + Transitions Gen S,multifocal,Policarbonato,1.59,false,false,true,4209.00,Pagina 16,Crizal Sapphire HR,Antirreflexo,final,4829.00,4829.00,-12.00,7.00,0.00,-6.00,1.00,3.50,null,Essilor Fit Eyecode
Optilab,Optilab 06 de abril a 31 de julho de 2026,VARILUX® Physio® Extensee,Progressiva,multifocal,ea60cbaa-b950-4da6-b2e1-0c43fad9a5d3,Airwear + Transitions Gen S,VARILUX® Physio® Extensee Essilor Fit Eyecode Airwear + Transitions Gen S,multifocal,Policarbonato,1.59,false,false,true,4209.00,Pagina 16,Optifog,Antirreflexo,final,4449.00,4449.00,-12.00,7.00,0.00,-6.00,1.00,3.50,null,Essilor Fit Eyecode
Optilab,Optilab 06 de abril a 31 de julho de 2026,VARILUX® Physio® Extensee,Progressiva,multifocal,1267d4b0-2b4c-46dc-affc-74f89511a37c,Orma,VARILUX® Physio® Extensee Essilor Fit Eyecode Orma,multifocal,Resina,1.50,false,false,true,2809.00,Pagina 16,Crizal Easy Pro,Antirreflexo,final,2809.00,2809.00,-11.00,7.00,0.00,-6.00,1.00,3.50,null,Essilor Fit Eyecode
Optilab,Optilab 06 de abril a 31 de julho de 2026,VARILUX® Physio® Extensee,Progressiva,multifocal,1267d4b0-2b4c-46dc-affc-74f89511a37c,Orma,VARILUX® Physio® Extensee Essilor Fit Eyecode Orma,multifocal,Resina,1.50,false,false,true,2809.00,Pagina 16,Crizal Prevencia,Antirreflexo,final,3429.00,3429.00,-11.00,7.00,0.00,-6.00,1.00,3.50,null,Essilor Fit Eyecode
Optilab,Optilab 06 de abril a 31 de julho de 2026,VARILUX® Physio® Extensee,Progressiva,multifocal,1267d4b0-2b4c-46dc-affc-74f89511a37c,Orma,VARILUX® Physio® Extensee Essilor Fit Eyecode Orma,multifocal,Resina,1.50,false,false,true,2809.00,Pagina 16,Crizal Rock,Antirreflexo,final,3159.00,3159.00,-11.00,7.00,0.00,-6.00,1.00,3.50,null,Essilor Fit Eyecode
Optilab,Optilab 06 de abril a 31 de julho de 2026,VARILUX® Physio® Extensee,Progressiva,multifocal,1267d4b0-2b4c-46dc-affc-74f89511a37c,Orma,VARILUX® Physio® Extensee Essilor Fit Eyecode Orma,multifocal,Resina,1.50,false,false,true,2809.00,Pagina 16,Crizal Sapphire HR,Antirreflexo,final,3429.00,3429.00,-11.00,7.00,0.00,-6.00,1.00,3.50,null,Essilor Fit Eyecode
Optilab,Optilab 06 de abril a 31 de julho de 2026,VARILUX® Physio® Extensee,Progressiva,multifocal,1267d4b0-2b4c-46dc-affc-74f89511a37c,Orma,VARILUX® Physio® Extensee Essilor Fit Eyecode Orma,multifocal,Resina,1.50,false,false,true,2809.00,Pagina 16,Optifog,Antirreflexo,final,3049.00,3049.00,-11.00,7.00,0.00,-6.00,1.00,3.50,null,Essilor Fit Eyecode
Optilab,Optilab 06 de abril a 31 de julho de 2026,VARILUX® Physio® Extensee,Progressiva,multifocal,03ab994a-b261-405b-8f1d-71db65a1659f,Orma + Blue UV Filter,VARILUX® Physio® Extensee Essilor Fit Eyecode Orma + Blue UV Filter,multifocal,Resina,1.50,false,false,true,2979.00,Pagina 16,Crizal Easy Pro,Antirreflexo,final,2979.00,2979.00,-11.00,7.00,0.00,-6.00,1.00,3.50,null,Essilor Fit Eyecode
Optilab,Optilab 06 de abril a 31 de julho de 2026,VARILUX® Physio® Extensee,Progressiva,multifocal,03ab994a-b261-405b-8f1d-71db65a1659f,Orma + Blue UV Filter,VARILUX® Physio® Extensee Essilor Fit Eyecode Orma + Blue UV Filter,multifocal,Resina,1.50,false,false,true,2979.00,Pagina 16,Crizal Prevencia,Antirreflexo,final,3599.00,3599.00,-11.00,7.00,0.00,-6.00,1.00,3.50,null,Essilor Fit Eyecode
Optilab,Optilab 06 de abril a 31 de julho de 2026,VARILUX® Physio® Extensee,Progressiva,multifocal,03ab994a-b261-405b-8f1d-71db65a1659f,Orma + Blue UV Filter,VARILUX® Physio® Extensee Essilor Fit Eyecode Orma + Blue UV Filter,multifocal,Resina,1.50,false,false,true,2979.00,Pagina 16,Crizal Rock,Antirreflexo,final,3329.00,3329.00,-11.00,7.00,0.00,-6.00,1.00,3.50,null,Essilor Fit Eyecode
Optilab,Optilab 06 de abril a 31 de julho de 2026,VARILUX® Physio® Extensee,Progressiva,multifocal,03ab994a-b261-405b-8f1d-71db65a1659f,Orma + Blue UV Filter,VARILUX® Physio® Extensee Essilor Fit Eyecode Orma + Blue UV Filter,multifocal,Resina,1.50,false,false,true,2979.00,Pagina 16,Crizal Sapphire HR,Antirreflexo,final,3599.00,3599.00,-11.00,7.00,0.00,-6.00,1.00,3.50,null,Essilor Fit Eyecode
Optilab,Optilab 06 de abril a 31 de julho de 2026,VARILUX® Physio® Extensee,Progressiva,multifocal,03ab994a-b261-405b-8f1d-71db65a1659f,Orma + Blue UV Filter,VARILUX® Physio® Extensee Essilor Fit Eyecode Orma + Blue UV Filter,multifocal,Resina,1.50,false,false,true,2979.00,Pagina 16,Optifog,Antirreflexo,final,3219.00,3219.00,-11.00,7.00,0.00,-6.00,1.00,3.50,null,Essilor Fit Eyecode
Optilab,Optilab 06 de abril a 31 de julho de 2026,VARILUX® Physio® Extensee,Progressiva,multifocal,5da91598-fa94-4331-b2ce-42ceec37031c,Orma + Transitions Gen S,VARILUX® Physio® Extensee Essilor Fit Eyecode Orma + Transitions Gen S,multifocal,Resina,1.50,false,false,true,3909.00,Pagina 16,Crizal Easy Pro,Antirreflexo,final,3909.00,3909.00,-11.00,7.00,0.00,-6.00,1.00,3.50,null,Essilor Fit Eyecode
Optilab,Optilab 06 de abril a 31 de julho de 2026,VARILUX® Physio® Extensee,Progressiva,multifocal,5da91598-fa94-4331-b2ce-42ceec37031c,Orma + Transitions Gen S,VARILUX® Physio® Extensee Essilor Fit Eyecode Orma + Transitions Gen S,multifocal,Resina,1.50,false,false,true,3909.00,Pagina 16,Crizal Prevencia,Antirreflexo,final,4529.00,4529.00,-11.00,7.00,0.00,-6.00,1.00,3.50,null,Essilor Fit Eyecode
Optilab,Optilab 06 de abril a 31 de julho de 2026,VARILUX® Physio® Extensee,Progressiva,multifocal,5da91598-fa94-4331-b2ce-42ceec37031c,Orma + Transitions Gen S,VARILUX® Physio® Extensee Essilor Fit Eyecode Orma + Transitions Gen S,multifocal,Resina,1.50,false,false,true,3909.00,Pagina 16,Crizal Rock,Antirreflexo,final,4259.00,4259.00,-11.00,7.00,0.00,-6.00,1.00,3.50,null,Essilor Fit Eyecode
Optilab,Optilab 06 de abril a 31 de julho de 2026,VARILUX® Physio® Extensee,Progressiva,multifocal,5da91598-fa94-4331-b2ce-42ceec37031c,Orma + Transitions Gen S,VARILUX® Physio® Extensee Essilor Fit Eyecode Orma + Transitions Gen S,multifocal,Resina,1.50,false,false,true,3909.00,Pagina 16,Crizal Sapphire HR,Antirreflexo,final,4529.00,4529.00,-11.00,7.00,0.00,-6.00,1.00,3.50,null,Essilor Fit Eyecode
Optilab,Optilab 06 de abril a 31 de julho de 2026,VARILUX® Physio® Extensee,Progressiva,multifocal,5da91598-fa94-4331-b2ce-42ceec37031c,Orma + Transitions Gen S,VARILUX® Physio® Extensee Essilor Fit Eyecode Orma + Transitions Gen S,multifocal,Resina,1.50,false,false,true,3909.00,Pagina 16,Optifog,Antirreflexo,final,4149.00,4149.00,-11.00,7.00,0.00,-6.00,1.00,3.50,null,Essilor Fit Eyecode
Optilab,Optilab 06 de abril a 31 de julho de 2026,VARILUX® Physio® Extensee,Progressiva,multifocal,5fb63b8f-8440-4272-99b9-b81e54a3bbb0,Stylis 1.67,VARILUX® Physio® Extensee Essilor Fit Eyecode Stylis 1.67,multifocal,Resina High Index,1.67,false,false,true,5099.00,Pagina 16,Crizal Easy Pro,Antirreflexo,final,5099.00,5099.00,-14.00,10.00,0.00,-6.00,1.00,3.50,null,Essilor Fit Eyecode
Optilab,Optilab 06 de abril a 31 de julho de 2026,VARILUX® Physio® Extensee,Progressiva,multifocal,5fb63b8f-8440-4272-99b9-b81e54a3bbb0,Stylis 1.67,VARILUX® Physio® Extensee Essilor Fit Eyecode Stylis 1.67,multifocal,Resina High Index,1.67,false,false,true,5099.00,Pagina 16,Crizal Prevencia,Antirreflexo,final,5719.00,5719.00,-14.00,10.00,0.00,-6.00,1.00,3.50,null,Essilor Fit Eyecode
Optilab,Optilab 06 de abril a 31 de julho de 2026,VARILUX® Physio® Extensee,Progressiva,multifocal,5fb63b8f-8440-4272-99b9-b81e54a3bbb0,Stylis 1.67,VARILUX® Physio® Extensee Essilor Fit Eyecode Stylis 1.67,multifocal,Resina High Index,1.67,false,false,true,5099.00,Pagina 16,Crizal Rock,Antirreflexo,final,5449.00,5449.00,-14.00,10.00,0.00,-6.00,1.00,3.50,null,Essilor Fit Eyecode
Optilab,Optilab 06 de abril a 31 de julho de 2026,VARILUX® Physio® Extensee,Progressiva,multifocal,5fb63b8f-8440-4272-99b9-b81e54a3bbb0,Stylis 1.67,VARILUX® Physio® Extensee Essilor Fit Eyecode Stylis 1.67,multifocal,Resina High Index,1.67,false,false,true,5099.00,Pagina 16,Crizal Sapphire HR,Antirreflexo,final,5719.00,5719.00,-14.00,10.00,0.00,-6.00,1.00,3.50,null,Essilor Fit Eyecode
Optilab,Optilab 06 de abril a 31 de julho de 2026,VARILUX® Physio® Extensee,Progressiva,multifocal,5fb63b8f-8440-4272-99b9-b81e54a3bbb0,Stylis 1.67,VARILUX® Physio® Extensee Essilor Fit Eyecode Stylis 1.67,multifocal,Resina High Index,1.67,false,false,true,5099.00,Pagina 16,Optifog,Antirreflexo,final,5339.00,5339.00,-14.00,10.00,0.00,-6.00,1.00,3.50,null,Essilor Fit Eyecode
Optilab,Optilab 06 de abril a 31 de julho de 2026,VARILUX® Physio® Extensee,Progressiva,multifocal,d172175d-1261-49b0-acd7-fdae516ee3c8,Stylis 1.67 + Transitions Gen S,VARILUX® Physio® Extensee Essilor Fit Eyecode Stylis 1.67 + Transitions Gen S,multifocal,Resina High Index,1.67,false,false,true,6199.00,Pagina 16,Crizal Easy Pro,Antirreflexo,final,6199.00,6199.00,-14.00,10.00,0.00,-6.00,1.00,3.50,null,Essilor Fit Eyecode
Optilab,Optilab 06 de abril a 31 de julho de 2026,VARILUX® Physio® Extensee,Progressiva,multifocal,d172175d-1261-49b0-acd7-fdae516ee3c8,Stylis 1.67 + Transitions Gen S,VARILUX® Physio® Extensee Essilor Fit Eyecode Stylis 1.67 + Transitions Gen S,multifocal,Resina High Index,1.67,false,false,true,6199.00,Pagina 16,Crizal Prevencia,Antirreflexo,final,6819.00,6819.00,-14.00,10.00,0.00,-6.00,1.00,3.50,null,Essilor Fit Eyecode
Optilab,Optilab 06 de abril a 31 de julho de 2026,VARILUX® Physio® Extensee,Progressiva,multifocal,d172175d-1261-49b0-acd7-fdae516ee3c8,Stylis 1.67 + Transitions Gen S,VARILUX® Physio® Extensee Essilor Fit Eyecode Stylis 1.67 + Transitions Gen S,multifocal,Resina High Index,1.67,false,false,true,6199.00,Pagina 16,Crizal Rock,Antirreflexo,final,6549.00,6549.00,-14.00,10.00,0.00,-6.00,1.00,3.50,null,Essilor Fit Eyecode
Optilab,Optilab 06 de abril a 31 de julho de 2026,VARILUX® Physio® Extensee,Progressiva,multifocal,d172175d-1261-49b0-acd7-fdae516ee3c8,Stylis 1.67 + Transitions Gen S,VARILUX® Physio® Extensee Essilor Fit Eyecode Stylis 1.67 + Transitions Gen S,multifocal,Resina High Index,1.67,false,false,true,6199.00,Pagina 16,Crizal Sapphire HR,Antirreflexo,final,6819.00,6819.00,-14.00,10.00,0.00,-6.00,1.00,3.50,null,Essilor Fit Eyecode
Optilab,Optilab 06 de abril a 31 de julho de 2026,VARILUX® Physio® Extensee,Progressiva,multifocal,d172175d-1261-49b0-acd7-fdae516ee3c8,Stylis 1.67 + Transitions Gen S,VARILUX® Physio® Extensee Essilor Fit Eyecode Stylis 1.67 + Transitions Gen S,multifocal,Resina High Index,1.67,false,false,true,6199.00,Pagina 16,Optifog,Antirreflexo,final,6439.00,6439.00,-14.00,10.00,0.00,-6.00,1.00,3.50,null,Essilor Fit Eyecode
Optilab,Optilab 06 de abril a 31 de julho de 2026,VARILUX® Physio® Extensee,Progressiva,multifocal,3c50a27b-04c3-4bc9-804b-18d720e07b85,Stylis 1.74,VARILUX® Physio® Extensee Essilor Fit Eyecode Stylis 1.74,multifocal,Resina High Index,1.74,false,false,true,7059.00,Pagina 16,Crizal Sapphire HR,Antirreflexo,final,7059.00,7059.00,-14.00,12.00,0.00,-6.00,1.00,3.50,null,Essilor Fit Eyecode
Optilab,Optilab 06 de abril a 31 de julho de 2026,VARILUX® XR SERIES,Progressiva,multifocal,c8cb0d66-a935-48af-8c77-2c1f37f60dde,Airwear,VARILUX® XR SERIES DIGITAL XR Design Airwear,multifocal,Policarbonato,1.59,false,false,true,5669.00,Pagina 14,Crizal Easy Pro,Antirreflexo,final,5669.00,5669.00,-10.00,6.00,0.00,-6.00,1.00,3.50,DIGITAL,XR Design
Optilab,Optilab 06 de abril a 31 de julho de 2026,VARILUX® XR SERIES,Progressiva,multifocal,c8cb0d66-a935-48af-8c77-2c1f37f60dde,Airwear,VARILUX® XR SERIES DIGITAL XR Design Airwear,multifocal,Policarbonato,1.59,false,false,true,5669.00,Pagina 14,Crizal Prevencia,Antirreflexo,final,6289.00,6289.00,-10.00,6.00,0.00,-6.00,1.00,3.50,DIGITAL,XR Design
Optilab,Optilab 06 de abril a 31 de julho de 2026,VARILUX® XR SERIES,Progressiva,multifocal,c8cb0d66-a935-48af-8c77-2c1f37f60dde,Airwear,VARILUX® XR SERIES DIGITAL XR Design Airwear,multifocal,Policarbonato,1.59,false,false,true,5669.00,Pagina 14,Crizal Rock,Antirreflexo,final,6019.00,6019.00,-10.00,6.00,0.00,-6.00,1.00,3.50,DIGITAL,XR Design
Optilab,Optilab 06 de abril a 31 de julho de 2026,VARILUX® XR SERIES,Progressiva,multifocal,c8cb0d66-a935-48af-8c77-2c1f37f60dde,Airwear,VARILUX® XR SERIES DIGITAL XR Design Airwear,multifocal,Policarbonato,1.59,false,false,true,5669.00,Pagina 14,Crizal Sapphire HR,Antirreflexo,final,6289.00,6289.00,-10.00,6.00,0.00,-6.00,1.00,3.50,DIGITAL,XR Design
Optilab,Optilab 06 de abril a 31 de julho de 2026,VARILUX® XR SERIES,Progressiva,multifocal,c8cb0d66-a935-48af-8c77-2c1f37f60dde,Airwear,VARILUX® XR SERIES DIGITAL XR Design Airwear,multifocal,Policarbonato,1.59,false,false,true,5669.00,Pagina 14,Optifog,Antirreflexo,final,5909.00,5909.00,-10.00,6.00,0.00,-6.00,1.00,3.50,DIGITAL,XR Design
Optilab,Optilab 06 de abril a 31 de julho de 2026,VARILUX® XR SERIES,Progressiva,multifocal,b98aab68-f142-4d94-9897-5ee341f972a7,Airwear + Transitions Extractive,VARILUX® XR SERIES DIGITAL XR Design Airwear + Transitions Extractive,multifocal,Policarbonato,1.59,false,false,true,7249.00,Pagina 14,Crizal Easy Pro,Antirreflexo,final,7249.00,7249.00,-10.00,6.00,0.00,-6.00,1.00,3.50,DIGITAL,XR Design
Optilab,Optilab 06 de abril a 31 de julho de 2026,VARILUX® XR SERIES,Progressiva,multifocal,b98aab68-f142-4d94-9897-5ee341f972a7,Airwear + Transitions Extractive,VARILUX® XR SERIES DIGITAL XR Design Airwear + Transitions Extractive,multifocal,Policarbonato,1.59,false,false,true,7249.00,Pagina 14,Crizal Prevencia,Antirreflexo,final,7869.00,7869.00,-10.00,6.00,0.00,-6.00,1.00,3.50,DIGITAL,XR Design
Optilab,Optilab 06 de abril a 31 de julho de 2026,VARILUX® XR SERIES,Progressiva,multifocal,b98aab68-f142-4d94-9897-5ee341f972a7,Airwear + Transitions Extractive,VARILUX® XR SERIES DIGITAL XR Design Airwear + Transitions Extractive,multifocal,Policarbonato,1.59,false,false,true,7249.00,Pagina 14,Crizal Rock,Antirreflexo,final,7599.00,7599.00,-10.00,6.00,0.00,-6.00,1.00,3.50,DIGITAL,XR Design
Optilab,Optilab 06 de abril a 31 de julho de 2026,VARILUX® XR SERIES,Progressiva,multifocal,b98aab68-f142-4d94-9897-5ee341f972a7,Airwear + Transitions Extractive,VARILUX® XR SERIES DIGITAL XR Design Airwear + Transitions Extractive,multifocal,Policarbonato,1.59,false,false,true,7249.00,Pagina 14,Crizal Sapphire HR,Antirreflexo,final,7869.00,7869.00,-10.00,6.00,0.00,-6.00,1.00,3.50,DIGITAL,XR Design
Optilab,Optilab 06 de abril a 31 de julho de 2026,VARILUX® XR SERIES,Progressiva,multifocal,b98aab68-f142-4d94-9897-5ee341f972a7,Airwear + Transitions Extractive,VARILUX® XR SERIES DIGITAL XR Design Airwear + Transitions Extractive,multifocal,Policarbonato,1.59,false,false,true,7249.00,Pagina 14,Optifog,Antirreflexo,final,7489.00,7489.00,-10.00,6.00,0.00,-6.00,1.00,3.50,DIGITAL,XR Design
Optilab,Optilab 06 de abril a 31 de julho de 2026,VARILUX® XR SERIES,Progressiva,multifocal,f15ce024-ec0f-4f18-b0eb-e0b22217fba4,Airwear + Transitions Gen S,VARILUX® XR SERIES DIGITAL XR Design Airwear + Transitions Gen S,multifocal,Policarbonato,1.59,false,false,true,7189.00,Pagina 14,Crizal Easy Pro,Antirreflexo,final,7189.00,7189.00,-10.00,6.00,0.00,-6.00,1.00,3.50,DIGITAL,XR Design
Optilab,Optilab 06 de abril a 31 de julho de 2026,VARILUX® XR SERIES,Progressiva,multifocal,f15ce024-ec0f-4f18-b0eb-e0b22217fba4,Airwear + Transitions Gen S,VARILUX® XR SERIES DIGITAL XR Design Airwear + Transitions Gen S,multifocal,Policarbonato,1.59,false,false,true,7189.00,Pagina 14,Crizal Prevencia,Antirreflexo,final,7809.00,7809.00,-10.00,6.00,0.00,-6.00,1.00,3.50,DIGITAL,XR Design
Optilab,Optilab 06 de abril a 31 de julho de 2026,VARILUX® XR SERIES,Progressiva,multifocal,f15ce024-ec0f-4f18-b0eb-e0b22217fba4,Airwear + Transitions Gen S,VARILUX® XR SERIES DIGITAL XR Design Airwear + Transitions Gen S,multifocal,Policarbonato,1.59,false,false,true,7189.00,Pagina 14,Crizal Rock,Antirreflexo,final,7539.00,7539.00,-10.00,6.00,0.00,-6.00,1.00,3.50,DIGITAL,XR Design
Optilab,Optilab 06 de abril a 31 de julho de 2026,VARILUX® XR SERIES,Progressiva,multifocal,f15ce024-ec0f-4f18-b0eb-e0b22217fba4,Airwear + Transitions Gen S,VARILUX® XR SERIES DIGITAL XR Design Airwear + Transitions Gen S,multifocal,Policarbonato,1.59,false,false,true,7189.00,Pagina 14,Crizal Sapphire HR,Antirreflexo,final,7809.00,7809.00,-10.00,6.00,0.00,-6.00,1.00,3.50,DIGITAL,XR Design
Optilab,Optilab 06 de abril a 31 de julho de 2026,VARILUX® XR SERIES,Progressiva,multifocal,f15ce024-ec0f-4f18-b0eb-e0b22217fba4,Airwear + Transitions Gen S,VARILUX® XR SERIES DIGITAL XR Design Airwear + Transitions Gen S,multifocal,Policarbonato,1.59,false,false,true,7189.00,Pagina 14,Optifog,Antirreflexo,final,7429.00,7429.00,-10.00,6.00,0.00,-6.00,1.00,3.50,DIGITAL,XR Design
Optilab,Optilab 06 de abril a 31 de julho de 2026,VARILUX® XR SERIES,Progressiva,multifocal,bbd9a175-d4c4-4404-ace7-c99fcd41b597,Orma,VARILUX® XR SERIES DIGITAL XR Design Orma,multifocal,Resina,1.50,false,false,true,5249.00,Pagina 14,Crizal Easy Pro,Antirreflexo,final,5249.00,5249.00,-10.00,6.00,0.00,-6.00,1.00,3.50,DIGITAL,XR Design
Optilab,Optilab 06 de abril a 31 de julho de 2026,VARILUX® XR SERIES,Progressiva,multifocal,bbd9a175-d4c4-4404-ace7-c99fcd41b597,Orma,VARILUX® XR SERIES DIGITAL XR Design Orma,multifocal,Resina,1.50,false,false,true,5249.00,Pagina 14,Crizal Prevencia,Antirreflexo,final,5869.00,5869.00,-10.00,6.00,0.00,-6.00,1.00,3.50,DIGITAL,XR Design
Optilab,Optilab 06 de abril a 31 de julho de 2026,VARILUX® XR SERIES,Progressiva,multifocal,bbd9a175-d4c4-4404-ace7-c99fcd41b597,Orma,VARILUX® XR SERIES DIGITAL XR Design Orma,multifocal,Resina,1.50,false,false,true,5249.00,Pagina 14,Crizal Rock,Antirreflexo,final,5599.00,5599.00,-10.00,6.00,0.00,-6.00,1.00,3.50,DIGITAL,XR Design
Optilab,Optilab 06 de abril a 31 de julho de 2026,VARILUX® XR SERIES,Progressiva,multifocal,bbd9a175-d4c4-4404-ace7-c99fcd41b597,Orma,VARILUX® XR SERIES DIGITAL XR Design Orma,multifocal,Resina,1.50,false,false,true,5249.00,Pagina 14,Crizal Sapphire HR,Antirreflexo,final,5869.00,5869.00,-10.00,6.00,0.00,-6.00,1.00,3.50,DIGITAL,XR Design
Optilab,Optilab 06 de abril a 31 de julho de 2026,VARILUX® XR SERIES,Progressiva,multifocal,bbd9a175-d4c4-4404-ace7-c99fcd41b597,Orma,VARILUX® XR SERIES DIGITAL XR Design Orma,multifocal,Resina,1.50,false,false,true,5249.00,Pagina 14,Optifog,Antirreflexo,final,5489.00,5489.00,-10.00,6.00,0.00,-6.00,1.00,3.50,DIGITAL,XR Design
Optilab,Optilab 06 de abril a 31 de julho de 2026,VARILUX® XR SERIES,Progressiva,multifocal,c9499fc7-4a86-45f4-9814-ee0d7fcd2b7d,Orma + Transitions Extractive,VARILUX® XR SERIES DIGITAL XR Design Orma + Transitions Extractive,multifocal,Resina,1.50,false,false,true,6829.00,Pagina 14,Crizal Easy Pro,Antirreflexo,final,6829.00,6829.00,-10.00,6.00,0.00,-6.00,1.00,3.50,DIGITAL,XR Design
Optilab,Optilab 06 de abril a 31 de julho de 2026,VARILUX® XR SERIES,Progressiva,multifocal,c9499fc7-4a86-45f4-9814-ee0d7fcd2b7d,Orma + Transitions Extractive,VARILUX® XR SERIES DIGITAL XR Design Orma + Transitions Extractive,multifocal,Resina,1.50,false,false,true,6829.00,Pagina 14,Crizal Prevencia,Antirreflexo,final,7449.00,7449.00,-10.00,6.00,0.00,-6.00,1.00,3.50,DIGITAL,XR Design
Optilab,Optilab 06 de abril a 31 de julho de 2026,VARILUX® XR SERIES,Progressiva,multifocal,c9499fc7-4a86-45f4-9814-ee0d7fcd2b7d,Orma + Transitions Extractive,VARILUX® XR SERIES DIGITAL XR Design Orma + Transitions Extractive,multifocal,Resina,1.50,false,false,true,6829.00,Pagina 14,Crizal Rock,Antirreflexo,final,7179.00,7179.00,-10.00,6.00,0.00,-6.00,1.00,3.50,DIGITAL,XR Design
Optilab,Optilab 06 de abril a 31 de julho de 2026,VARILUX® XR SERIES,Progressiva,multifocal,c9499fc7-4a86-45f4-9814-ee0d7fcd2b7d,Orma + Transitions Extractive,VARILUX® XR SERIES DIGITAL XR Design Orma + Transitions Extractive,multifocal,Resina,1.50,false,false,true,6829.00,Pagina 14,Crizal Sapphire HR,Antirreflexo,final,7449.00,7449.00,-10.00,6.00,0.00,-6.00,1.00,3.50,DIGITAL,XR Design
Optilab,Optilab 06 de abril a 31 de julho de 2026,VARILUX® XR SERIES,Progressiva,multifocal,c9499fc7-4a86-45f4-9814-ee0d7fcd2b7d,Orma + Transitions Extractive,VARILUX® XR SERIES DIGITAL XR Design Orma + Transitions Extractive,multifocal,Resina,1.50,false,false,true,6829.00,Pagina 14,Optifog,Antirreflexo,final,7069.00,7069.00,-10.00,6.00,0.00,-6.00,1.00,3.50,DIGITAL,XR Design
Optilab,Optilab 06 de abril a 31 de julho de 2026,VARILUX® XR SERIES,Progressiva,multifocal,be78b297-124d-4de6-87eb-0d819af5354a,Orma + Transitions Gen S,VARILUX® XR SERIES DIGITAL XR Design Orma + Transitions Gen S,multifocal,Resina,1.50,false,false,true,6769.00,Pagina 14,Crizal Easy Pro,Antirreflexo,final,6769.00,6769.00,-10.00,6.00,0.00,-6.00,1.00,3.50,DIGITAL,XR Design
Optilab,Optilab 06 de abril a 31 de julho de 2026,VARILUX® XR SERIES,Progressiva,multifocal,be78b297-124d-4de6-87eb-0d819af5354a,Orma + Transitions Gen S,VARILUX® XR SERIES DIGITAL XR Design Orma + Transitions Gen S,multifocal,Resina,1.50,false,false,true,6769.00,Pagina 14,Crizal Prevencia,Antirreflexo,final,7389.00,7389.00,-10.00,6.00,0.00,-6.00,1.00,3.50,DIGITAL,XR Design
Optilab,Optilab 06 de abril a 31 de julho de 2026,VARILUX® XR SERIES,Progressiva,multifocal,be78b297-124d-4de6-87eb-0d819af5354a,Orma + Transitions Gen S,VARILUX® XR SERIES DIGITAL XR Design Orma + Transitions Gen S,multifocal,Resina,1.50,false,false,true,6769.00,Pagina 14,Crizal Rock,Antirreflexo,final,7119.00,7119.00,-10.00,6.00,0.00,-6.00,1.00,3.50,DIGITAL,XR Design
Optilab,Optilab 06 de abril a 31 de julho de 2026,VARILUX® XR SERIES,Progressiva,multifocal,be78b297-124d-4de6-87eb-0d819af5354a,Orma + Transitions Gen S,VARILUX® XR SERIES DIGITAL XR Design Orma + Transitions Gen S,multifocal,Resina,1.50,false,false,true,6769.00,Pagina 14,Crizal Sapphire HR,Antirreflexo,final,7389.00,7389.00,-10.00,6.00,0.00,-6.00,1.00,3.50,DIGITAL,XR Design
Optilab,Optilab 06 de abril a 31 de julho de 2026,VARILUX® XR SERIES,Progressiva,multifocal,be78b297-124d-4de6-87eb-0d819af5354a,Orma + Transitions Gen S,VARILUX® XR SERIES DIGITAL XR Design Orma + Transitions Gen S,multifocal,Resina,1.50,false,false,true,6769.00,Pagina 14,Optifog,Antirreflexo,final,7009.00,7009.00,-10.00,6.00,0.00,-6.00,1.00,3.50,DIGITAL,XR Design
Optilab,Optilab 06 de abril a 31 de julho de 2026,VARILUX® XR SERIES,Progressiva,multifocal,f46d14f1-c819-4ec4-bf97-103108839ce7,Stylis 1.67,VARILUX® XR SERIES DIGITAL XR Design Stylis 1.67,multifocal,Resina High Index,1.67,false,false,true,8449.00,Pagina 14,Crizal Easy Pro,Antirreflexo,final,8449.00,8449.00,-12.00,9.00,0.00,-6.00,1.00,3.50,DIGITAL,XR Design
Optilab,Optilab 06 de abril a 31 de julho de 2026,VARILUX® XR SERIES,Progressiva,multifocal,f46d14f1-c819-4ec4-bf97-103108839ce7,Stylis 1.67,VARILUX® XR SERIES DIGITAL XR Design Stylis 1.67,multifocal,Resina High Index,1.67,false,false,true,8449.00,Pagina 14,Crizal Prevencia,Antirreflexo,final,9069.00,9069.00,-12.00,9.00,0.00,-6.00,1.00,3.50,DIGITAL,XR Design
Optilab,Optilab 06 de abril a 31 de julho de 2026,VARILUX® XR SERIES,Progressiva,multifocal,f46d14f1-c819-4ec4-bf97-103108839ce7,Stylis 1.67,VARILUX® XR SERIES DIGITAL XR Design Stylis 1.67,multifocal,Resina High Index,1.67,false,false,true,8449.00,Pagina 14,Crizal Rock,Antirreflexo,final,8799.00,8799.00,-12.00,9.00,0.00,-6.00,1.00,3.50,DIGITAL,XR Design
Optilab,Optilab 06 de abril a 31 de julho de 2026,VARILUX® XR SERIES,Progressiva,multifocal,f46d14f1-c819-4ec4-bf97-103108839ce7,Stylis 1.67,VARILUX® XR SERIES DIGITAL XR Design Stylis 1.67,multifocal,Resina High Index,1.67,false,false,true,8449.00,Pagina 14,Crizal Sapphire HR,Antirreflexo,final,9069.00,9069.00,-12.00,9.00,0.00,-6.00,1.00,3.50,DIGITAL,XR Design
Optilab,Optilab 06 de abril a 31 de julho de 2026,VARILUX® XR SERIES,Progressiva,multifocal,f46d14f1-c819-4ec4-bf97-103108839ce7,Stylis 1.67,VARILUX® XR SERIES DIGITAL XR Design Stylis 1.67,multifocal,Resina High Index,1.67,false,false,true,8449.00,Pagina 14,Optifog,Antirreflexo,final,8689.00,8689.00,-12.00,9.00,0.00,-6.00,1.00,3.50,DIGITAL,XR Design
Optilab,Optilab 06 de abril a 31 de julho de 2026,VARILUX® XR SERIES,Progressiva,multifocal,87dfeaf9-fae5-466c-82e5-78255e3b76d7,Stylis 1.67 + Transitions Extractive,VARILUX® XR SERIES DIGITAL XR Design Stylis 1.67 + Transitions Extractive,multifocal,Resina High Index,1.67,false,false,true,10029.00,Pagina 14,Crizal Easy Pro,Antirreflexo,final,10029.00,10029.00,-12.00,9.00,0.00,-6.00,1.00,3.50,DIGITAL,XR Design
Optilab,Optilab 06 de abril a 31 de julho de 2026,VARILUX® XR SERIES,Progressiva,multifocal,87dfeaf9-fae5-466c-82e5-78255e3b76d7,Stylis 1.67 + Transitions Extractive,VARILUX® XR SERIES DIGITAL XR Design Stylis 1.67 + Transitions Extractive,multifocal,Resina High Index,1.67,false,false,true,10029.00,Pagina 14,Crizal Prevencia,Antirreflexo,final,10649.00,10649.00,-12.00,9.00,0.00,-6.00,1.00,3.50,DIGITAL,XR Design
Optilab,Optilab 06 de abril a 31 de julho de 2026,VARILUX® XR SERIES,Progressiva,multifocal,87dfeaf9-fae5-466c-82e5-78255e3b76d7,Stylis 1.67 + Transitions Extractive,VARILUX® XR SERIES DIGITAL XR Design Stylis 1.67 + Transitions Extractive,multifocal,Resina High Index,1.67,false,false,true,10029.00,Pagina 14,Crizal Rock,Antirreflexo,final,10379.00,10379.00,-12.00,9.00,0.00,-6.00,1.00,3.50,DIGITAL,XR Design
Optilab,Optilab 06 de abril a 31 de julho de 2026,VARILUX® XR SERIES,Progressiva,multifocal,87dfeaf9-fae5-466c-82e5-78255e3b76d7,Stylis 1.67 + Transitions Extractive,VARILUX® XR SERIES DIGITAL XR Design Stylis 1.67 + Transitions Extractive,multifocal,Resina High Index,1.67,false,false,true,10029.00,Pagina 14,Crizal Sapphire HR,Antirreflexo,final,10649.00,10649.00,-12.00,9.00,0.00,-6.00,1.00,3.50,DIGITAL,XR Design
Optilab,Optilab 06 de abril a 31 de julho de 2026,VARILUX® XR SERIES,Progressiva,multifocal,87dfeaf9-fae5-466c-82e5-78255e3b76d7,Stylis 1.67 + Transitions Extractive,VARILUX® XR SERIES DIGITAL XR Design Stylis 1.67 + Transitions Extractive,multifocal,Resina High Index,1.67,false,false,true,10029.00,Pagina 14,Optifog,Antirreflexo,final,10269.00,10269.00,-12.00,9.00,0.00,-6.00,1.00,3.50,DIGITAL,XR Design
Optilab,Optilab 06 de abril a 31 de julho de 2026,VARILUX® XR SERIES,Progressiva,multifocal,12c15300-4f42-4d08-b86a-2d4455308128,Stylis 1.67 + Transitions Gen S,VARILUX® XR SERIES DIGITAL XR Design Stylis 1.67 + Transitions Gen S,multifocal,Resina High Index,1.67,false,false,true,9969.00,Pagina 14,Crizal Easy Pro,Antirreflexo,final,9969.00,9969.00,-12.00,9.00,0.00,-6.00,1.00,3.50,DIGITAL,XR Design
Optilab,Optilab 06 de abril a 31 de julho de 2026,VARILUX® XR SERIES,Progressiva,multifocal,12c15300-4f42-4d08-b86a-2d4455308128,Stylis 1.67 + Transitions Gen S,VARILUX® XR SERIES DIGITAL XR Design Stylis 1.67 + Transitions Gen S,multifocal,Resina High Index,1.67,false,false,true,9969.00,Pagina 14,Crizal Prevencia,Antirreflexo,final,10589.00,10589.00,-12.00,9.00,0.00,-6.00,1.00,3.50,DIGITAL,XR Design
Optilab,Optilab 06 de abril a 31 de julho de 2026,VARILUX® XR SERIES,Progressiva,multifocal,12c15300-4f42-4d08-b86a-2d4455308128,Stylis 1.67 + Transitions Gen S,VARILUX® XR SERIES DIGITAL XR Design Stylis 1.67 + Transitions Gen S,multifocal,Resina High Index,1.67,false,false,true,9969.00,Pagina 14,Crizal Rock,Antirreflexo,final,10319.00,10319.00,-12.00,9.00,0.00,-6.00,1.00,3.50,DIGITAL,XR Design
Optilab,Optilab 06 de abril a 31 de julho de 2026,VARILUX® XR SERIES,Progressiva,multifocal,12c15300-4f42-4d08-b86a-2d4455308128,Stylis 1.67 + Transitions Gen S,VARILUX® XR SERIES DIGITAL XR Design Stylis 1.67 + Transitions Gen S,multifocal,Resina High Index,1.67,false,false,true,9969.00,Pagina 14,Crizal Sapphire HR,Antirreflexo,final,10589.00,10589.00,-12.00,9.00,0.00,-6.00,1.00,3.50,DIGITAL,XR Design
Optilab,Optilab 06 de abril a 31 de julho de 2026,VARILUX® XR SERIES,Progressiva,multifocal,12c15300-4f42-4d08-b86a-2d4455308128,Stylis 1.67 + Transitions Gen S,VARILUX® XR SERIES DIGITAL XR Design Stylis 1.67 + Transitions Gen S,multifocal,Resina High Index,1.67,false,false,true,9969.00,Pagina 14,Optifog,Antirreflexo,final,10209.00,10209.00,-12.00,9.00,0.00,-6.00,1.00,3.50,DIGITAL,XR Design
Optilab,Optilab 06 de abril a 31 de julho de 2026,VARILUX® XR SERIES,Progressiva,multifocal,dccba9f4-dc31-4427-add0-f66b35782e37,Stylis 1.74,VARILUX® XR SERIES DIGITAL XR Design Stylis 1.74,multifocal,Resina High Index,1.74,false,false,true,10939.00,Pagina 14,Crizal Sapphire HR,Antirreflexo,final,10939.00,10939.00,-14.00,13.00,0.00,-6.00,1.00,3.50,DIGITAL,XR Design
Optilab,Optilab 06 de abril a 31 de julho de 2026,VARILUX® XR SERIES,Progressiva,multifocal,cc249042-48f3-431a-83d0-a574cfe97867,Stylis 1.74 + Transitions Gen S,VARILUX® XR SERIES DIGITAL XR Design Stylis 1.74 + Transitions Gen S,multifocal,Resina High Index,1.74,false,false,true,12459.00,Pagina 14,Crizal Sapphire HR,Antirreflexo,final,12459.00,12459.00,-14.00,13.00,0.00,-6.00,1.00,3.50,DIGITAL,XR Design
Optilab,Optilab 06 de abril a 31 de julho de 2026,VARILUX® XR SERIES,Progressiva,multifocal,6ab72580-1c61-4a5a-a067-0d8ec51a8699,Airwear,VARILUX® XR SERIES DIGITAL XR Pro Airwear,multifocal,Policarbonato,1.59,false,false,true,11069.00,Pagina 11,Crizal Prevencia,Antirreflexo,final,11449.00,11449.00,-10.00,6.00,0.00,-6.00,1.00,3.50,DIGITAL,XR Pro
Optilab,Optilab 06 de abril a 31 de julho de 2026,VARILUX® XR SERIES,Progressiva,multifocal,6ab72580-1c61-4a5a-a067-0d8ec51a8699,Airwear,VARILUX® XR SERIES DIGITAL XR Pro Airwear,multifocal,Policarbonato,1.59,false,false,true,11069.00,Pagina 11,Crizal Sapphire HR,Antirreflexo,final,11449.00,11449.00,-10.00,6.00,0.00,-6.00,1.00,3.50,DIGITAL,XR Pro
Optilab,Optilab 06 de abril a 31 de julho de 2026,VARILUX® XR SERIES,Progressiva,multifocal,6ab72580-1c61-4a5a-a067-0d8ec51a8699,Airwear,VARILUX® XR SERIES DIGITAL XR Pro Airwear,multifocal,Policarbonato,1.59,false,false,true,11069.00,Pagina 11,Optifog,Antirreflexo,final,11069.00,11069.00,-10.00,6.00,0.00,-6.00,1.00,3.50,DIGITAL,XR Pro
Optilab,Optilab 06 de abril a 31 de julho de 2026,VARILUX® XR SERIES,Progressiva,multifocal,1bcd8d2b-95ad-426a-85ae-cf01bd59b871,Airwear + Transitions Extractive,VARILUX® XR SERIES DIGITAL XR Pro Airwear + Transitions Extractive,multifocal,Policarbonato,1.59,false,false,true,12649.00,Pagina 11,Crizal Prevencia,Antirreflexo,final,13029.00,13029.00,-10.00,6.00,0.00,-6.00,1.00,3.50,DIGITAL,XR Pro
Optilab,Optilab 06 de abril a 31 de julho de 2026,VARILUX® XR SERIES,Progressiva,multifocal,1bcd8d2b-95ad-426a-85ae-cf01bd59b871,Airwear + Transitions Extractive,VARILUX® XR SERIES DIGITAL XR Pro Airwear + Transitions Extractive,multifocal,Policarbonato,1.59,false,false,true,12649.00,Pagina 11,Crizal Sapphire HR,Antirreflexo,final,13029.00,13029.00,-10.00,6.00,0.00,-6.00,1.00,3.50,DIGITAL,XR Pro
Optilab,Optilab 06 de abril a 31 de julho de 2026,VARILUX® XR SERIES,Progressiva,multifocal,1bcd8d2b-95ad-426a-85ae-cf01bd59b871,Airwear + Transitions Extractive,VARILUX® XR SERIES DIGITAL XR Pro Airwear + Transitions Extractive,multifocal,Policarbonato,1.59,false,false,true,12649.00,Pagina 11,Optifog,Antirreflexo,final,12649.00,12649.00,-10.00,6.00,0.00,-6.00,1.00,3.50,DIGITAL,XR Pro
Optilab,Optilab 06 de abril a 31 de julho de 2026,VARILUX® XR SERIES,Progressiva,multifocal,8aa10de1-2fe1-482e-969e-366a7f75eb22,Airwear + Transitions Gen S,VARILUX® XR SERIES DIGITAL XR Pro Airwear + Transitions Gen S,multifocal,Policarbonato,1.59,false,false,true,12589.00,Pagina 11,Crizal Prevencia,Antirreflexo,final,12969.00,12969.00,-10.00,6.00,0.00,-6.00,1.00,3.50,DIGITAL,XR Pro
Optilab,Optilab 06 de abril a 31 de julho de 2026,VARILUX® XR SERIES,Progressiva,multifocal,8aa10de1-2fe1-482e-969e-366a7f75eb22,Airwear + Transitions Gen S,VARILUX® XR SERIES DIGITAL XR Pro Airwear + Transitions Gen S,multifocal,Policarbonato,1.59,false,false,true,12589.00,Pagina 11,Crizal Sapphire HR,Antirreflexo,final,12969.00,12969.00,-10.00,6.00,0.00,-6.00,1.00,3.50,DIGITAL,XR Pro
Optilab,Optilab 06 de abril a 31 de julho de 2026,VARILUX® XR SERIES,Progressiva,multifocal,8aa10de1-2fe1-482e-969e-366a7f75eb22,Airwear + Transitions Gen S,VARILUX® XR SERIES DIGITAL XR Pro Airwear + Transitions Gen S,multifocal,Policarbonato,1.59,false,false,true,12589.00,Pagina 11,Optifog,Antirreflexo,final,12589.00,12589.00,-10.00,6.00,0.00,-6.00,1.00,3.50,DIGITAL,XR Pro
Optilab,Optilab 06 de abril a 31 de julho de 2026,VARILUX® XR SERIES,Progressiva,multifocal,6276e616-14f2-4d3f-a553-383848a45549,Orma,VARILUX® XR SERIES DIGITAL XR Pro Orma,multifocal,Resina,1.50,false,false,true,10649.00,Pagina 11,Crizal Prevencia,Antirreflexo,final,11029.00,11029.00,-10.00,6.00,0.00,-6.00,1.00,3.50,DIGITAL,XR Pro
Optilab,Optilab 06 de abril a 31 de julho de 2026,VARILUX® XR SERIES,Progressiva,multifocal,6276e616-14f2-4d3f-a553-383848a45549,Orma,VARILUX® XR SERIES DIGITAL XR Pro Orma,multifocal,Resina,1.50,false,false,true,10649.00,Pagina 11,Crizal Sapphire HR,Antirreflexo,final,11029.00,11029.00,-10.00,6.00,0.00,-6.00,1.00,3.50,DIGITAL,XR Pro
Optilab,Optilab 06 de abril a 31 de julho de 2026,VARILUX® XR SERIES,Progressiva,multifocal,6276e616-14f2-4d3f-a553-383848a45549,Orma,VARILUX® XR SERIES DIGITAL XR Pro Orma,multifocal,Resina,1.50,false,false,true,10649.00,Pagina 11,Optifog,Antirreflexo,final,10649.00,10649.00,-10.00,6.00,0.00,-6.00,1.00,3.50,DIGITAL,XR Pro
Optilab,Optilab 06 de abril a 31 de julho de 2026,VARILUX® XR SERIES,Progressiva,multifocal,f0892eed-00f9-4a8d-abcb-793ef3b612f5,Orma + Transitions Extractive,VARILUX® XR SERIES DIGITAL XR Pro Orma + Transitions Extractive,multifocal,Resina,1.50,false,false,true,12229.00,Pagina 11,Crizal Prevencia,Antirreflexo,final,12609.00,12609.00,-10.00,6.00,0.00,-6.00,1.00,3.50,DIGITAL,XR Pro
Optilab,Optilab 06 de abril a 31 de julho de 2026,VARILUX® XR SERIES,Progressiva,multifocal,f0892eed-00f9-4a8d-abcb-793ef3b612f5,Orma + Transitions Extractive,VARILUX® XR SERIES DIGITAL XR Pro Orma + Transitions Extractive,multifocal,Resina,1.50,false,false,true,12229.00,Pagina 11,Crizal Sapphire HR,Antirreflexo,final,12609.00,12609.00,-10.00,6.00,0.00,-6.00,1.00,3.50,DIGITAL,XR Pro
Optilab,Optilab 06 de abril a 31 de julho de 2026,VARILUX® XR SERIES,Progressiva,multifocal,f0892eed-00f9-4a8d-abcb-793ef3b612f5,Orma + Transitions Extractive,VARILUX® XR SERIES DIGITAL XR Pro Orma + Transitions Extractive,multifocal,Resina,1.50,false,false,true,12229.00,Pagina 11,Optifog,Antirreflexo,final,12229.00,12229.00,-10.00,6.00,0.00,-6.00,1.00,3.50,DIGITAL,XR Pro
Optilab,Optilab 06 de abril a 31 de julho de 2026,VARILUX® XR SERIES,Progressiva,multifocal,5d941422-79e6-42c7-9d3b-b89faf6c3223,Orma + Transitions Gen S,VARILUX® XR SERIES DIGITAL XR Pro Orma + Transitions Gen S,multifocal,Resina,1.50,false,false,true,12169.00,Pagina 11,Crizal Prevencia,Antirreflexo,final,12549.00,12549.00,-10.00,6.00,0.00,-6.00,1.00,3.50,DIGITAL,XR Pro
Optilab,Optilab 06 de abril a 31 de julho de 2026,VARILUX® XR SERIES,Progressiva,multifocal,5d941422-79e6-42c7-9d3b-b89faf6c3223,Orma + Transitions Gen S,VARILUX® XR SERIES DIGITAL XR Pro Orma + Transitions Gen S,multifocal,Resina,1.50,false,false,true,12169.00,Pagina 11,Crizal Sapphire HR,Antirreflexo,final,12549.00,12549.00,-10.00,6.00,0.00,-6.00,1.00,3.50,DIGITAL,XR Pro
Optilab,Optilab 06 de abril a 31 de julho de 2026,VARILUX® XR SERIES,Progressiva,multifocal,5d941422-79e6-42c7-9d3b-b89faf6c3223,Orma + Transitions Gen S,VARILUX® XR SERIES DIGITAL XR Pro Orma + Transitions Gen S,multifocal,Resina,1.50,false,false,true,12169.00,Pagina 11,Optifog,Antirreflexo,final,12169.00,12169.00,-10.00,6.00,0.00,-6.00,1.00,3.50,DIGITAL,XR Pro
Optilab,Optilab 06 de abril a 31 de julho de 2026,VARILUX® XR SERIES,Progressiva,multifocal,b95931f5-caff-4638-95c8-fbc23ff66df2,Stylis 1.67,VARILUX® XR SERIES DIGITAL XR Pro Stylis 1.67,multifocal,Resina High Index,1.67,false,false,true,13849.00,Pagina 11,Crizal Prevencia,Antirreflexo,final,14229.00,14229.00,-12.00,9.00,0.00,-6.00,1.00,3.50,DIGITAL,XR Pro
Optilab,Optilab 06 de abril a 31 de julho de 2026,VARILUX® XR SERIES,Progressiva,multifocal,b95931f5-caff-4638-95c8-fbc23ff66df2,Stylis 1.67,VARILUX® XR SERIES DIGITAL XR Pro Stylis 1.67,multifocal,Resina High Index,1.67,false,false,true,13849.00,Pagina 11,Crizal Sapphire HR,Antirreflexo,final,14229.00,14229.00,-12.00,9.00,0.00,-6.00,1.00,3.50,DIGITAL,XR Pro
Optilab,Optilab 06 de abril a 31 de julho de 2026,VARILUX® XR SERIES,Progressiva,multifocal,b95931f5-caff-4638-95c8-fbc23ff66df2,Stylis 1.67,VARILUX® XR SERIES DIGITAL XR Pro Stylis 1.67,multifocal,Resina High Index,1.67,false,false,true,13849.00,Pagina 11,Optifog,Antirreflexo,final,13849.00,13849.00,-12.00,9.00,0.00,-6.00,1.00,3.50,DIGITAL,XR Pro
Optilab,Optilab 06 de abril a 31 de julho de 2026,VARILUX® XR SERIES,Progressiva,multifocal,16b8d8d6-3125-4f16-96f2-6e404e138eda,Stylis 1.67 + Transitions Extractive,VARILUX® XR SERIES DIGITAL XR Pro Stylis 1.67 + Transitions Extractive,multifocal,Resina High Index,1.67,false,false,true,15429.00,Pagina 11,Crizal Prevencia,Antirreflexo,final,15809.00,15809.00,-12.00,9.00,0.00,-6.00,1.00,3.50,DIGITAL,XR Pro
Optilab,Optilab 06 de abril a 31 de julho de 2026,VARILUX® XR SERIES,Progressiva,multifocal,16b8d8d6-3125-4f16-96f2-6e404e138eda,Stylis 1.67 + Transitions Extractive,VARILUX® XR SERIES DIGITAL XR Pro Stylis 1.67 + Transitions Extractive,multifocal,Resina High Index,1.67,false,false,true,15429.00,Pagina 11,Crizal Sapphire HR,Antirreflexo,final,15809.00,15809.00,-12.00,9.00,0.00,-6.00,1.00,3.50,DIGITAL,XR Pro
Optilab,Optilab 06 de abril a 31 de julho de 2026,VARILUX® XR SERIES,Progressiva,multifocal,16b8d8d6-3125-4f16-96f2-6e404e138eda,Stylis 1.67 + Transitions Extractive,VARILUX® XR SERIES DIGITAL XR Pro Stylis 1.67 + Transitions Extractive,multifocal,Resina High Index,1.67,false,false,true,15429.00,Pagina 11,Optifog,Antirreflexo,final,15429.00,15429.00,-12.00,9.00,0.00,-6.00,1.00,3.50,DIGITAL,XR Pro
Optilab,Optilab 06 de abril a 31 de julho de 2026,VARILUX® XR SERIES,Progressiva,multifocal,8e638a71-7ca1-45bb-a947-db641cfd59f1,Stylis 1.67 + Transitions Gen S,VARILUX® XR SERIES DIGITAL XR Pro Stylis 1.67 + Transitions Gen S,multifocal,Resina High Index,1.67,false,false,true,15369.00,Pagina 11,Crizal Prevencia,Antirreflexo,final,15749.00,15749.00,-12.00,9.00,0.00,-6.00,1.00,3.50,DIGITAL,XR Pro
Optilab,Optilab 06 de abril a 31 de julho de 2026,VARILUX® XR SERIES,Progressiva,multifocal,8e638a71-7ca1-45bb-a947-db641cfd59f1,Stylis 1.67 + Transitions Gen S,VARILUX® XR SERIES DIGITAL XR Pro Stylis 1.67 + Transitions Gen S,multifocal,Resina High Index,1.67,false,false,true,15369.00,Pagina 11,Crizal Sapphire HR,Antirreflexo,final,15749.00,15749.00,-12.00,9.00,0.00,-6.00,1.00,3.50,DIGITAL,XR Pro
Optilab,Optilab 06 de abril a 31 de julho de 2026,VARILUX® XR SERIES,Progressiva,multifocal,8e638a71-7ca1-45bb-a947-db641cfd59f1,Stylis 1.67 + Transitions Gen S,VARILUX® XR SERIES DIGITAL XR Pro Stylis 1.67 + Transitions Gen S,multifocal,Resina High Index,1.67,false,false,true,15369.00,Pagina 11,Optifog,Antirreflexo,final,15369.00,15369.00,-12.00,9.00,0.00,-6.00,1.00,3.50,DIGITAL,XR Pro
Optilab,Optilab 06 de abril a 31 de julho de 2026,VARILUX® XR SERIES,Progressiva,multifocal,4504c03c-0db6-425b-b205-b99106d32865,Stylis 1.74,VARILUX® XR SERIES DIGITAL XR Pro Stylis 1.74,multifocal,Resina High Index,1.74,false,false,true,16099.00,Pagina 11,Crizal Sapphire HR,Antirreflexo,final,16099.00,16099.00,-14.00,13.00,0.00,-6.00,1.00,3.50,DIGITAL,XR Pro
Optilab,Optilab 06 de abril a 31 de julho de 2026,VARILUX® XR SERIES,Progressiva,multifocal,4457e47a-f75e-4595-a653-95d061f5b350,Stylis 1.74 + Transitions Gen S,VARILUX® XR SERIES DIGITAL XR Pro Stylis 1.74 + Transitions Gen S,multifocal,Resina High Index,1.74,false,false,true,17619.00,Pagina 11,Crizal Sapphire HR,Antirreflexo,final,17619.00,17619.00,-14.00,13.00,0.00,-6.00,1.00,3.50,DIGITAL,XR Pro
Optilab,Optilab 06 de abril a 31 de julho de 2026,VARILUX® XR SERIES,Progressiva,multifocal,8f7d30e9-35d6-4e45-a02b-d9b8dbe7e416,Airwear,VARILUX® XR SERIES DIGITAL XR Track Airwear,multifocal,Policarbonato,1.59,false,false,true,6589.00,Pagina 12,Crizal Easy Pro,Antirreflexo,final,6589.00,6589.00,-10.00,6.00,0.00,-6.00,1.00,3.50,DIGITAL,XR Track
Optilab,Optilab 06 de abril a 31 de julho de 2026,VARILUX® XR SERIES,Progressiva,multifocal,8f7d30e9-35d6-4e45-a02b-d9b8dbe7e416,Airwear,VARILUX® XR SERIES DIGITAL XR Track Airwear,multifocal,Policarbonato,1.59,false,false,true,6589.00,Pagina 12,Crizal Prevencia,Antirreflexo,final,7209.00,7209.00,-10.00,6.00,0.00,-6.00,1.00,3.50,DIGITAL,XR Track
Optilab,Optilab 06 de abril a 31 de julho de 2026,VARILUX® XR SERIES,Progressiva,multifocal,8f7d30e9-35d6-4e45-a02b-d9b8dbe7e416,Airwear,VARILUX® XR SERIES DIGITAL XR Track Airwear,multifocal,Policarbonato,1.59,false,false,true,6589.00,Pagina 12,Crizal Rock,Antirreflexo,final,6939.00,6939.00,-10.00,6.00,0.00,-6.00,1.00,3.50,DIGITAL,XR Track
Optilab,Optilab 06 de abril a 31 de julho de 2026,VARILUX® XR SERIES,Progressiva,multifocal,8f7d30e9-35d6-4e45-a02b-d9b8dbe7e416,Airwear,VARILUX® XR SERIES DIGITAL XR Track Airwear,multifocal,Policarbonato,1.59,false,false,true,6589.00,Pagina 12,Crizal Sapphire HR,Antirreflexo,final,7209.00,7209.00,-10.00,6.00,0.00,-6.00,1.00,3.50,DIGITAL,XR Track
Optilab,Optilab 06 de abril a 31 de julho de 2026,VARILUX® XR SERIES,Progressiva,multifocal,8f7d30e9-35d6-4e45-a02b-d9b8dbe7e416,Airwear,VARILUX® XR SERIES DIGITAL XR Track Airwear,multifocal,Policarbonato,1.59,false,false,true,6589.00,Pagina 12,Optifog,Antirreflexo,final,6829.00,6829.00,-10.00,6.00,0.00,-6.00,1.00,3.50,DIGITAL,XR Track
Optilab,Optilab 06 de abril a 31 de julho de 2026,VARILUX® XR SERIES,Progressiva,multifocal,df660494-be83-4e77-b957-8c63c8c68f29,Airwear + Transitions Extractive,VARILUX® XR SERIES DIGITAL XR Track Airwear + Transitions Extractive,multifocal,Policarbonato,1.59,false,false,true,8169.00,Pagina 12,Crizal Easy Pro,Antirreflexo,final,8169.00,8169.00,-10.00,6.00,0.00,-6.00,1.00,3.50,DIGITAL,XR Track
Optilab,Optilab 06 de abril a 31 de julho de 2026,VARILUX® XR SERIES,Progressiva,multifocal,df660494-be83-4e77-b957-8c63c8c68f29,Airwear + Transitions Extractive,VARILUX® XR SERIES DIGITAL XR Track Airwear + Transitions Extractive,multifocal,Policarbonato,1.59,false,false,true,8169.00,Pagina 12,Crizal Prevencia,Antirreflexo,final,8789.00,8789.00,-10.00,6.00,0.00,-6.00,1.00,3.50,DIGITAL,XR Track
Optilab,Optilab 06 de abril a 31 de julho de 2026,VARILUX® XR SERIES,Progressiva,multifocal,df660494-be83-4e77-b957-8c63c8c68f29,Airwear + Transitions Extractive,VARILUX® XR SERIES DIGITAL XR Track Airwear + Transitions Extractive,multifocal,Policarbonato,1.59,false,false,true,8169.00,Pagina 12,Crizal Rock,Antirreflexo,final,8519.00,8519.00,-10.00,6.00,0.00,-6.00,1.00,3.50,DIGITAL,XR Track
Optilab,Optilab 06 de abril a 31 de julho de 2026,VARILUX® XR SERIES,Progressiva,multifocal,df660494-be83-4e77-b957-8c63c8c68f29,Airwear + Transitions Extractive,VARILUX® XR SERIES DIGITAL XR Track Airwear + Transitions Extractive,multifocal,Policarbonato,1.59,false,false,true,8169.00,Pagina 12,Crizal Sapphire HR,Antirreflexo,final,8789.00,8789.00,-10.00,6.00,0.00,-6.00,1.00,3.50,DIGITAL,XR Track
Optilab,Optilab 06 de abril a 31 de julho de 2026,VARILUX® XR SERIES,Progressiva,multifocal,df660494-be83-4e77-b957-8c63c8c68f29,Airwear + Transitions Extractive,VARILUX® XR SERIES DIGITAL XR Track Airwear + Transitions Extractive,multifocal,Policarbonato,1.59,false,false,true,8169.00,Pagina 12,Optifog,Antirreflexo,final,8409.00,8409.00,-10.00,6.00,0.00,-6.00,1.00,3.50,DIGITAL,XR Track
Optilab,Optilab 06 de abril a 31 de julho de 2026,VARILUX® XR SERIES,Progressiva,multifocal,33fbe58b-64e4-4550-9adb-6d685a5a86c0,Airwear + Transitions Gen S,VARILUX® XR SERIES DIGITAL XR Track Airwear + Transitions Gen S,multifocal,Policarbonato,1.59,false,false,true,8109.00,Pagina 12,Crizal Easy Pro,Antirreflexo,final,8109.00,8109.00,-10.00,6.00,0.00,-6.00,1.00,3.50,DIGITAL,XR Track
Optilab,Optilab 06 de abril a 31 de julho de 2026,VARILUX® XR SERIES,Progressiva,multifocal,33fbe58b-64e4-4550-9adb-6d685a5a86c0,Airwear + Transitions Gen S,VARILUX® XR SERIES DIGITAL XR Track Airwear + Transitions Gen S,multifocal,Policarbonato,1.59,false,false,true,8109.00,Pagina 12,Crizal Prevencia,Antirreflexo,final,8729.00,8729.00,-10.00,6.00,0.00,-6.00,1.00,3.50,DIGITAL,XR Track
Optilab,Optilab 06 de abril a 31 de julho de 2026,VARILUX® XR SERIES,Progressiva,multifocal,33fbe58b-64e4-4550-9adb-6d685a5a86c0,Airwear + Transitions Gen S,VARILUX® XR SERIES DIGITAL XR Track Airwear + Transitions Gen S,multifocal,Policarbonato,1.59,false,false,true,8109.00,Pagina 12,Crizal Rock,Antirreflexo,final,8459.00,8459.00,-10.00,6.00,0.00,-6.00,1.00,3.50,DIGITAL,XR Track
Optilab,Optilab 06 de abril a 31 de julho de 2026,VARILUX® XR SERIES,Progressiva,multifocal,33fbe58b-64e4-4550-9adb-6d685a5a86c0,Airwear + Transitions Gen S,VARILUX® XR SERIES DIGITAL XR Track Airwear + Transitions Gen S,multifocal,Policarbonato,1.59,false,false,true,8109.00,Pagina 12,Crizal Sapphire HR,Antirreflexo,final,8729.00,8729.00,-10.00,6.00,0.00,-6.00,1.00,3.50,DIGITAL,XR Track
Optilab,Optilab 06 de abril a 31 de julho de 2026,VARILUX® XR SERIES,Progressiva,multifocal,33fbe58b-64e4-4550-9adb-6d685a5a86c0,Airwear + Transitions Gen S,VARILUX® XR SERIES DIGITAL XR Track Airwear + Transitions Gen S,multifocal,Policarbonato,1.59,false,false,true,8109.00,Pagina 12,Optifog,Antirreflexo,final,8349.00,8349.00,-10.00,6.00,0.00,-6.00,1.00,3.50,DIGITAL,XR Track
Optilab,Optilab 06 de abril a 31 de julho de 2026,VARILUX® XR SERIES,Progressiva,multifocal,cafd8c51-1660-4340-95a8-cb248a2021bb,Airwear,VARILUX® XR SERIES DIGITAL XR Track Lite Airwear,multifocal,Policarbonato,1.59,false,false,true,6309.00,Pagina 13,Crizal Easy Pro,Antirreflexo,final,6309.00,6309.00,-10.00,6.00,0.00,-6.00,1.00,3.50,DIGITAL,XR Track Lite
Optilab,Optilab 06 de abril a 31 de julho de 2026,VARILUX® XR SERIES,Progressiva,multifocal,cafd8c51-1660-4340-95a8-cb248a2021bb,Airwear,VARILUX® XR SERIES DIGITAL XR Track Lite Airwear,multifocal,Policarbonato,1.59,false,false,true,6309.00,Pagina 13,Crizal Prevencia,Antirreflexo,final,6929.00,6929.00,-10.00,6.00,0.00,-6.00,1.00,3.50,DIGITAL,XR Track Lite
Optilab,Optilab 06 de abril a 31 de julho de 2026,VARILUX® XR SERIES,Progressiva,multifocal,cafd8c51-1660-4340-95a8-cb248a2021bb,Airwear,VARILUX® XR SERIES DIGITAL XR Track Lite Airwear,multifocal,Policarbonato,1.59,false,false,true,6309.00,Pagina 13,Crizal Rock,Antirreflexo,final,6659.00,6659.00,-10.00,6.00,0.00,-6.00,1.00,3.50,DIGITAL,XR Track Lite
Optilab,Optilab 06 de abril a 31 de julho de 2026,VARILUX® XR SERIES,Progressiva,multifocal,cafd8c51-1660-4340-95a8-cb248a2021bb,Airwear,VARILUX® XR SERIES DIGITAL XR Track Lite Airwear,multifocal,Policarbonato,1.59,false,false,true,6309.00,Pagina 13,Crizal Sapphire HR,Antirreflexo,final,6929.00,6929.00,-10.00,6.00,0.00,-6.00,1.00,3.50,DIGITAL,XR Track Lite
Optilab,Optilab 06 de abril a 31 de julho de 2026,VARILUX® XR SERIES,Progressiva,multifocal,cafd8c51-1660-4340-95a8-cb248a2021bb,Airwear,VARILUX® XR SERIES DIGITAL XR Track Lite Airwear,multifocal,Policarbonato,1.59,false,false,true,6309.00,Pagina 13,Optifog,Antirreflexo,final,6549.00,6549.00,-10.00,6.00,0.00,-6.00,1.00,3.50,DIGITAL,XR Track Lite
Optilab,Optilab 06 de abril a 31 de julho de 2026,VARILUX® XR SERIES,Progressiva,multifocal,beeb2dcf-ae11-4eaa-b510-dc275ce9b946,Airwear + Transitions Extractive,VARILUX® XR SERIES DIGITAL XR Track Lite Airwear + Transitions Extractive,multifocal,Policarbonato,1.59,false,false,true,7889.00,Pagina 13,Crizal Easy Pro,Antirreflexo,final,7889.00,7889.00,-10.00,6.00,0.00,-6.00,1.00,3.50,DIGITAL,XR Track Lite
Optilab,Optilab 06 de abril a 31 de julho de 2026,VARILUX® XR SERIES,Progressiva,multifocal,beeb2dcf-ae11-4eaa-b510-dc275ce9b946,Airwear + Transitions Extractive,VARILUX® XR SERIES DIGITAL XR Track Lite Airwear + Transitions Extractive,multifocal,Policarbonato,1.59,false,false,true,7889.00,Pagina 13,Crizal Prevencia,Antirreflexo,final,8509.00,8509.00,-10.00,6.00,0.00,-6.00,1.00,3.50,DIGITAL,XR Track Lite
Optilab,Optilab 06 de abril a 31 de julho de 2026,VARILUX® XR SERIES,Progressiva,multifocal,beeb2dcf-ae11-4eaa-b510-dc275ce9b946,Airwear + Transitions Extractive,VARILUX® XR SERIES DIGITAL XR Track Lite Airwear + Transitions Extractive,multifocal,Policarbonato,1.59,false,false,true,7889.00,Pagina 13,Crizal Rock,Antirreflexo,final,8239.00,8239.00,-10.00,6.00,0.00,-6.00,1.00,3.50,DIGITAL,XR Track Lite
Optilab,Optilab 06 de abril a 31 de julho de 2026,VARILUX® XR SERIES,Progressiva,multifocal,beeb2dcf-ae11-4eaa-b510-dc275ce9b946,Airwear + Transitions Extractive,VARILUX® XR SERIES DIGITAL XR Track Lite Airwear + Transitions Extractive,multifocal,Policarbonato,1.59,false,false,true,7889.00,Pagina 13,Crizal Sapphire HR,Antirreflexo,final,8509.00,8509.00,-10.00,6.00,0.00,-6.00,1.00,3.50,DIGITAL,XR Track Lite
Optilab,Optilab 06 de abril a 31 de julho de 2026,VARILUX® XR SERIES,Progressiva,multifocal,beeb2dcf-ae11-4eaa-b510-dc275ce9b946,Airwear + Transitions Extractive,VARILUX® XR SERIES DIGITAL XR Track Lite Airwear + Transitions Extractive,multifocal,Policarbonato,1.59,false,false,true,7889.00,Pagina 13,Optifog,Antirreflexo,final,8129.00,8129.00,-10.00,6.00,0.00,-6.00,1.00,3.50,DIGITAL,XR Track Lite
Optilab,Optilab 06 de abril a 31 de julho de 2026,VARILUX® XR SERIES,Progressiva,multifocal,a20dd453-0698-4b05-b5a4-e608481d17e2,Airwear + Transitions Gen S,VARILUX® XR SERIES DIGITAL XR Track Lite Airwear + Transitions Gen S,multifocal,Policarbonato,1.59,false,false,true,7829.00,Pagina 13,Crizal Easy Pro,Antirreflexo,final,7829.00,7829.00,-10.00,6.00,0.00,-6.00,1.00,3.50,DIGITAL,XR Track Lite
Optilab,Optilab 06 de abril a 31 de julho de 2026,VARILUX® XR SERIES,Progressiva,multifocal,a20dd453-0698-4b05-b5a4-e608481d17e2,Airwear + Transitions Gen S,VARILUX® XR SERIES DIGITAL XR Track Lite Airwear + Transitions Gen S,multifocal,Policarbonato,1.59,false,false,true,7829.00,Pagina 13,Crizal Prevencia,Antirreflexo,final,8449.00,8449.00,-10.00,6.00,0.00,-6.00,1.00,3.50,DIGITAL,XR Track Lite
Optilab,Optilab 06 de abril a 31 de julho de 2026,VARILUX® XR SERIES,Progressiva,multifocal,a20dd453-0698-4b05-b5a4-e608481d17e2,Airwear + Transitions Gen S,VARILUX® XR SERIES DIGITAL XR Track Lite Airwear + Transitions Gen S,multifocal,Policarbonato,1.59,false,false,true,7829.00,Pagina 13,Crizal Rock,Antirreflexo,final,8179.00,8179.00,-10.00,6.00,0.00,-6.00,1.00,3.50,DIGITAL,XR Track Lite
Optilab,Optilab 06 de abril a 31 de julho de 2026,VARILUX® XR SERIES,Progressiva,multifocal,a20dd453-0698-4b05-b5a4-e608481d17e2,Airwear + Transitions Gen S,VARILUX® XR SERIES DIGITAL XR Track Lite Airwear + Transitions Gen S,multifocal,Policarbonato,1.59,false,false,true,7829.00,Pagina 13,Crizal Sapphire HR,Antirreflexo,final,8449.00,8449.00,-10.00,6.00,0.00,-6.00,1.00,3.50,DIGITAL,XR Track Lite
Optilab,Optilab 06 de abril a 31 de julho de 2026,VARILUX® XR SERIES,Progressiva,multifocal,a20dd453-0698-4b05-b5a4-e608481d17e2,Airwear + Transitions Gen S,VARILUX® XR SERIES DIGITAL XR Track Lite Airwear + Transitions Gen S,multifocal,Policarbonato,1.59,false,false,true,7829.00,Pagina 13,Optifog,Antirreflexo,final,8069.00,8069.00,-10.00,6.00,0.00,-6.00,1.00,3.50,DIGITAL,XR Track Lite
Optilab,Optilab 06 de abril a 31 de julho de 2026,VARILUX® XR SERIES,Progressiva,multifocal,35e1b154-8fd5-4e63-9098-d9f0066ce120,Orma,VARILUX® XR SERIES DIGITAL XR Track Lite Orma,multifocal,Resina,1.50,false,false,true,5889.00,Pagina 13,Crizal Easy Pro,Antirreflexo,final,5889.00,5889.00,-10.00,6.00,0.00,-6.00,1.00,3.50,DIGITAL,XR Track Lite
Optilab,Optilab 06 de abril a 31 de julho de 2026,VARILUX® XR SERIES,Progressiva,multifocal,35e1b154-8fd5-4e63-9098-d9f0066ce120,Orma,VARILUX® XR SERIES DIGITAL XR Track Lite Orma,multifocal,Resina,1.50,false,false,true,5889.00,Pagina 13,Crizal Prevencia,Antirreflexo,final,6509.00,6509.00,-10.00,6.00,0.00,-6.00,1.00,3.50,DIGITAL,XR Track Lite
Optilab,Optilab 06 de abril a 31 de julho de 2026,VARILUX® XR SERIES,Progressiva,multifocal,35e1b154-8fd5-4e63-9098-d9f0066ce120,Orma,VARILUX® XR SERIES DIGITAL XR Track Lite Orma,multifocal,Resina,1.50,false,false,true,5889.00,Pagina 13,Crizal Rock,Antirreflexo,final,6239.00,6239.00,-10.00,6.00,0.00,-6.00,1.00,3.50,DIGITAL,XR Track Lite
Optilab,Optilab 06 de abril a 31 de julho de 2026,VARILUX® XR SERIES,Progressiva,multifocal,35e1b154-8fd5-4e63-9098-d9f0066ce120,Orma,VARILUX® XR SERIES DIGITAL XR Track Lite Orma,multifocal,Resina,1.50,false,false,true,5889.00,Pagina 13,Crizal Sapphire HR,Antirreflexo,final,6509.00,6509.00,-10.00,6.00,0.00,-6.00,1.00,3.50,DIGITAL,XR Track Lite
Optilab,Optilab 06 de abril a 31 de julho de 2026,VARILUX® XR SERIES,Progressiva,multifocal,35e1b154-8fd5-4e63-9098-d9f0066ce120,Orma,VARILUX® XR SERIES DIGITAL XR Track Lite Orma,multifocal,Resina,1.50,false,false,true,5889.00,Pagina 13,Optifog,Antirreflexo,final,6129.00,6129.00,-10.00,6.00,0.00,-6.00,1.00,3.50,DIGITAL,XR Track Lite
Optilab,Optilab 06 de abril a 31 de julho de 2026,VARILUX® XR SERIES,Progressiva,multifocal,c1850f30-d3db-4cb7-afe7-c163a32ed84a,Orma + Transitions Extractive,VARILUX® XR SERIES DIGITAL XR Track Lite Orma + Transitions Extractive,multifocal,Resina,1.50,false,false,true,7469.00,Pagina 13,Crizal Easy Pro,Antirreflexo,final,7469.00,7469.00,-10.00,6.00,0.00,-6.00,1.00,3.50,DIGITAL,XR Track Lite
Optilab,Optilab 06 de abril a 31 de julho de 2026,VARILUX® XR SERIES,Progressiva,multifocal,c1850f30-d3db-4cb7-afe7-c163a32ed84a,Orma + Transitions Extractive,VARILUX® XR SERIES DIGITAL XR Track Lite Orma + Transitions Extractive,multifocal,Resina,1.50,false,false,true,7469.00,Pagina 13,Crizal Prevencia,Antirreflexo,final,8089.00,8089.00,-10.00,6.00,0.00,-6.00,1.00,3.50,DIGITAL,XR Track Lite
Optilab,Optilab 06 de abril a 31 de julho de 2026,VARILUX® XR SERIES,Progressiva,multifocal,c1850f30-d3db-4cb7-afe7-c163a32ed84a,Orma + Transitions Extractive,VARILUX® XR SERIES DIGITAL XR Track Lite Orma + Transitions Extractive,multifocal,Resina,1.50,false,false,true,7469.00,Pagina 13,Crizal Rock,Antirreflexo,final,7819.00,7819.00,-10.00,6.00,0.00,-6.00,1.00,3.50,DIGITAL,XR Track Lite
Optilab,Optilab 06 de abril a 31 de julho de 2026,VARILUX® XR SERIES,Progressiva,multifocal,c1850f30-d3db-4cb7-afe7-c163a32ed84a,Orma + Transitions Extractive,VARILUX® XR SERIES DIGITAL XR Track Lite Orma + Transitions Extractive,multifocal,Resina,1.50,false,false,true,7469.00,Pagina 13,Crizal Sapphire HR,Antirreflexo,final,8089.00,8089.00,-10.00,6.00,0.00,-6.00,1.00,3.50,DIGITAL,XR Track Lite
Optilab,Optilab 06 de abril a 31 de julho de 2026,VARILUX® XR SERIES,Progressiva,multifocal,c1850f30-d3db-4cb7-afe7-c163a32ed84a,Orma + Transitions Extractive,VARILUX® XR SERIES DIGITAL XR Track Lite Orma + Transitions Extractive,multifocal,Resina,1.50,false,false,true,7469.00,Pagina 13,Optifog,Antirreflexo,final,7709.00,7709.00,-10.00,6.00,0.00,-6.00,1.00,3.50,DIGITAL,XR Track Lite
Optilab,Optilab 06 de abril a 31 de julho de 2026,VARILUX® XR SERIES,Progressiva,multifocal,394acecd-c7b3-4090-abf5-1c5f0ebc48d3,Orma + Transitions Gen S,VARILUX® XR SERIES DIGITAL XR Track Lite Orma + Transitions Gen S,multifocal,Resina,1.50,false,false,true,7409.00,Pagina 13,Crizal Easy Pro,Antirreflexo,final,7409.00,7409.00,-10.00,6.00,0.00,-6.00,1.00,3.50,DIGITAL,XR Track Lite
Optilab,Optilab 06 de abril a 31 de julho de 2026,VARILUX® XR SERIES,Progressiva,multifocal,394acecd-c7b3-4090-abf5-1c5f0ebc48d3,Orma + Transitions Gen S,VARILUX® XR SERIES DIGITAL XR Track Lite Orma + Transitions Gen S,multifocal,Resina,1.50,false,false,true,7409.00,Pagina 13,Crizal Prevencia,Antirreflexo,final,8029.00,8029.00,-10.00,6.00,0.00,-6.00,1.00,3.50,DIGITAL,XR Track Lite
Optilab,Optilab 06 de abril a 31 de julho de 2026,VARILUX® XR SERIES,Progressiva,multifocal,394acecd-c7b3-4090-abf5-1c5f0ebc48d3,Orma + Transitions Gen S,VARILUX® XR SERIES DIGITAL XR Track Lite Orma + Transitions Gen S,multifocal,Resina,1.50,false,false,true,7409.00,Pagina 13,Crizal Rock,Antirreflexo,final,7759.00,7759.00,-10.00,6.00,0.00,-6.00,1.00,3.50,DIGITAL,XR Track Lite
Optilab,Optilab 06 de abril a 31 de julho de 2026,VARILUX® XR SERIES,Progressiva,multifocal,394acecd-c7b3-4090-abf5-1c5f0ebc48d3,Orma + Transitions Gen S,VARILUX® XR SERIES DIGITAL XR Track Lite Orma + Transitions Gen S,multifocal,Resina,1.50,false,false,true,7409.00,Pagina 13,Crizal Sapphire HR,Antirreflexo,final,8029.00,8029.00,-10.00,6.00,0.00,-6.00,1.00,3.50,DIGITAL,XR Track Lite
Optilab,Optilab 06 de abril a 31 de julho de 2026,VARILUX® XR SERIES,Progressiva,multifocal,394acecd-c7b3-4090-abf5-1c5f0ebc48d3,Orma + Transitions Gen S,VARILUX® XR SERIES DIGITAL XR Track Lite Orma + Transitions Gen S,multifocal,Resina,1.50,false,false,true,7409.00,Pagina 13,Optifog,Antirreflexo,final,7649.00,7649.00,-10.00,6.00,0.00,-6.00,1.00,3.50,DIGITAL,XR Track Lite
Optilab,Optilab 06 de abril a 31 de julho de 2026,VARILUX® XR SERIES,Progressiva,multifocal,884e4c07-40ee-4379-9851-c259ae9c6b10,Stylis 1.67,VARILUX® XR SERIES DIGITAL XR Track Lite Stylis 1.67,multifocal,Resina High Index,1.67,false,false,true,9089.00,Pagina 13,Crizal Easy Pro,Antirreflexo,final,9089.00,9089.00,-12.00,9.00,0.00,-6.00,1.00,3.50,DIGITAL,XR Track Lite
Optilab,Optilab 06 de abril a 31 de julho de 2026,VARILUX® XR SERIES,Progressiva,multifocal,884e4c07-40ee-4379-9851-c259ae9c6b10,Stylis 1.67,VARILUX® XR SERIES DIGITAL XR Track Lite Stylis 1.67,multifocal,Resina High Index,1.67,false,false,true,9089.00,Pagina 13,Crizal Prevencia,Antirreflexo,final,9709.00,9709.00,-12.00,9.00,0.00,-6.00,1.00,3.50,DIGITAL,XR Track Lite
Optilab,Optilab 06 de abril a 31 de julho de 2026,VARILUX® XR SERIES,Progressiva,multifocal,884e4c07-40ee-4379-9851-c259ae9c6b10,Stylis 1.67,VARILUX® XR SERIES DIGITAL XR Track Lite Stylis 1.67,multifocal,Resina High Index,1.67,false,false,true,9089.00,Pagina 13,Crizal Rock,Antirreflexo,final,9439.00,9439.00,-12.00,9.00,0.00,-6.00,1.00,3.50,DIGITAL,XR Track Lite
Optilab,Optilab 06 de abril a 31 de julho de 2026,VARILUX® XR SERIES,Progressiva,multifocal,884e4c07-40ee-4379-9851-c259ae9c6b10,Stylis 1.67,VARILUX® XR SERIES DIGITAL XR Track Lite Stylis 1.67,multifocal,Resina High Index,1.67,false,false,true,9089.00,Pagina 13,Crizal Sapphire HR,Antirreflexo,final,9709.00,9709.00,-12.00,9.00,0.00,-6.00,1.00,3.50,DIGITAL,XR Track Lite
Optilab,Optilab 06 de abril a 31 de julho de 2026,VARILUX® XR SERIES,Progressiva,multifocal,884e4c07-40ee-4379-9851-c259ae9c6b10,Stylis 1.67,VARILUX® XR SERIES DIGITAL XR Track Lite Stylis 1.67,multifocal,Resina High Index,1.67,false,false,true,9089.00,Pagina 13,Optifog,Antirreflexo,final,9329.00,9329.00,-12.00,9.00,0.00,-6.00,1.00,3.50,DIGITAL,XR Track Lite
Optilab,Optilab 06 de abril a 31 de julho de 2026,VARILUX® XR SERIES,Progressiva,multifocal,f9e1df4f-103f-4d47-a227-38eb674679e6,Stylis 1.67 + Transitions Extractive,VARILUX® XR SERIES DIGITAL XR Track Lite Stylis 1.67 + Transitions Extractive,multifocal,Resina High Index,1.67,false,false,true,10669.00,Pagina 13,Crizal Easy Pro,Antirreflexo,final,10669.00,10669.00,-12.00,9.00,0.00,-6.00,1.00,3.50,DIGITAL,XR Track Lite
Optilab,Optilab 06 de abril a 31 de julho de 2026,VARILUX® XR SERIES,Progressiva,multifocal,f9e1df4f-103f-4d47-a227-38eb674679e6,Stylis 1.67 + Transitions Extractive,VARILUX® XR SERIES DIGITAL XR Track Lite Stylis 1.67 + Transitions Extractive,multifocal,Resina High Index,1.67,false,false,true,10669.00,Pagina 13,Crizal Prevencia,Antirreflexo,final,11289.00,11289.00,-12.00,9.00,0.00,-6.00,1.00,3.50,DIGITAL,XR Track Lite
Optilab,Optilab 06 de abril a 31 de julho de 2026,VARILUX® XR SERIES,Progressiva,multifocal,f9e1df4f-103f-4d47-a227-38eb674679e6,Stylis 1.67 + Transitions Extractive,VARILUX® XR SERIES DIGITAL XR Track Lite Stylis 1.67 + Transitions Extractive,multifocal,Resina High Index,1.67,false,false,true,10669.00,Pagina 13,Crizal Rock,Antirreflexo,final,11019.00,11019.00,-12.00,9.00,0.00,-6.00,1.00,3.50,DIGITAL,XR Track Lite
Optilab,Optilab 06 de abril a 31 de julho de 2026,VARILUX® XR SERIES,Progressiva,multifocal,f9e1df4f-103f-4d47-a227-38eb674679e6,Stylis 1.67 + Transitions Extractive,VARILUX® XR SERIES DIGITAL XR Track Lite Stylis 1.67 + Transitions Extractive,multifocal,Resina High Index,1.67,false,false,true,10669.00,Pagina 13,Crizal Sapphire HR,Antirreflexo,final,11289.00,11289.00,-12.00,9.00,0.00,-6.00,1.00,3.50,DIGITAL,XR Track Lite
Optilab,Optilab 06 de abril a 31 de julho de 2026,VARILUX® XR SERIES,Progressiva,multifocal,f9e1df4f-103f-4d47-a227-38eb674679e6,Stylis 1.67 + Transitions Extractive,VARILUX® XR SERIES DIGITAL XR Track Lite Stylis 1.67 + Transitions Extractive,multifocal,Resina High Index,1.67,false,false,true,10669.00,Pagina 13,Optifog,Antirreflexo,final,10909.00,10909.00,-12.00,9.00,0.00,-6.00,1.00,3.50,DIGITAL,XR Track Lite
Optilab,Optilab 06 de abril a 31 de julho de 2026,VARILUX® XR SERIES,Progressiva,multifocal,39276684-26cb-42b3-bfdb-c91b6f7f59c2,Stylis 1.67 + Transitions Gen S,VARILUX® XR SERIES DIGITAL XR Track Lite Stylis 1.67 + Transitions Gen S,multifocal,Resina High Index,1.67,false,false,true,10609.00,Pagina 13,Crizal Easy Pro,Antirreflexo,final,10609.00,10609.00,-12.00,9.00,0.00,-6.00,1.00,3.50,DIGITAL,XR Track Lite
Optilab,Optilab 06 de abril a 31 de julho de 2026,VARILUX® XR SERIES,Progressiva,multifocal,39276684-26cb-42b3-bfdb-c91b6f7f59c2,Stylis 1.67 + Transitions Gen S,VARILUX® XR SERIES DIGITAL XR Track Lite Stylis 1.67 + Transitions Gen S,multifocal,Resina High Index,1.67,false,false,true,10609.00,Pagina 13,Crizal Prevencia,Antirreflexo,final,11229.00,11229.00,-12.00,9.00,0.00,-6.00,1.00,3.50,DIGITAL,XR Track Lite
Optilab,Optilab 06 de abril a 31 de julho de 2026,VARILUX® XR SERIES,Progressiva,multifocal,39276684-26cb-42b3-bfdb-c91b6f7f59c2,Stylis 1.67 + Transitions Gen S,VARILUX® XR SERIES DIGITAL XR Track Lite Stylis 1.67 + Transitions Gen S,multifocal,Resina High Index,1.67,false,false,true,10609.00,Pagina 13,Crizal Rock,Antirreflexo,final,10959.00,10959.00,-12.00,9.00,0.00,-6.00,1.00,3.50,DIGITAL,XR Track Lite
Optilab,Optilab 06 de abril a 31 de julho de 2026,VARILUX® XR SERIES,Progressiva,multifocal,39276684-26cb-42b3-bfdb-c91b6f7f59c2,Stylis 1.67 + Transitions Gen S,VARILUX® XR SERIES DIGITAL XR Track Lite Stylis 1.67 + Transitions Gen S,multifocal,Resina High Index,1.67,false,false,true,10609.00,Pagina 13,Crizal Sapphire HR,Antirreflexo,final,11229.00,11229.00,-12.00,9.00,0.00,-6.00,1.00,3.50,DIGITAL,XR Track Lite
Optilab,Optilab 06 de abril a 31 de julho de 2026,VARILUX® XR SERIES,Progressiva,multifocal,39276684-26cb-42b3-bfdb-c91b6f7f59c2,Stylis 1.67 + Transitions Gen S,VARILUX® XR SERIES DIGITAL XR Track Lite Stylis 1.67 + Transitions Gen S,multifocal,Resina High Index,1.67,false,false,true,10609.00,Pagina 13,Optifog,Antirreflexo,final,10849.00,10849.00,-12.00,9.00,0.00,-6.00,1.00,3.50,DIGITAL,XR Track Lite
Optilab,Optilab 06 de abril a 31 de julho de 2026,VARILUX® XR SERIES,Progressiva,multifocal,66773641-de95-4fbd-8f7e-0989d3486238,Stylis 1.74,VARILUX® XR SERIES DIGITAL XR Track Lite Stylis 1.74,multifocal,Resina High Index,1.74,false,false,true,11579.00,Pagina 13,Crizal Sapphire HR,Antirreflexo,final,11579.00,11579.00,-14.00,13.00,0.00,-6.00,1.00,3.50,DIGITAL,XR Track Lite
Optilab,Optilab 06 de abril a 31 de julho de 2026,VARILUX® XR SERIES,Progressiva,multifocal,df57aa2e-071f-42a7-bf85-b0b2275c93fb,Stylis 1.74 + Transitions Gen S,VARILUX® XR SERIES DIGITAL XR Track Lite Stylis 1.74 + Transitions Gen S,multifocal,Resina High Index,1.74,false,false,true,13099.00,Pagina 13,Crizal Sapphire HR,Antirreflexo,final,13099.00,13099.00,-14.00,13.00,0.00,-6.00,1.00,3.50,DIGITAL,XR Track Lite
Optilab,Optilab 06 de abril a 31 de julho de 2026,VARILUX® XR SERIES,Progressiva,multifocal,67e958dc-5a28-4746-803d-829484ba2ae3,Orma,VARILUX® XR SERIES DIGITAL XR Track Orma,multifocal,Resina,1.50,false,false,true,6169.00,Pagina 12,Crizal Easy Pro,Antirreflexo,final,6169.00,6169.00,-10.00,6.00,0.00,-6.00,1.00,3.50,DIGITAL,XR Track
Optilab,Optilab 06 de abril a 31 de julho de 2026,VARILUX® XR SERIES,Progressiva,multifocal,67e958dc-5a28-4746-803d-829484ba2ae3,Orma,VARILUX® XR SERIES DIGITAL XR Track Orma,multifocal,Resina,1.50,false,false,true,6169.00,Pagina 12,Crizal Prevencia,Antirreflexo,final,6789.00,6789.00,-10.00,6.00,0.00,-6.00,1.00,3.50,DIGITAL,XR Track
Optilab,Optilab 06 de abril a 31 de julho de 2026,VARILUX® XR SERIES,Progressiva,multifocal,67e958dc-5a28-4746-803d-829484ba2ae3,Orma,VARILUX® XR SERIES DIGITAL XR Track Orma,multifocal,Resina,1.50,false,false,true,6169.00,Pagina 12,Crizal Rock,Antirreflexo,final,6519.00,6519.00,-10.00,6.00,0.00,-6.00,1.00,3.50,DIGITAL,XR Track
Optilab,Optilab 06 de abril a 31 de julho de 2026,VARILUX® XR SERIES,Progressiva,multifocal,67e958dc-5a28-4746-803d-829484ba2ae3,Orma,VARILUX® XR SERIES DIGITAL XR Track Orma,multifocal,Resina,1.50,false,false,true,6169.00,Pagina 12,Crizal Sapphire HR,Antirreflexo,final,6789.00,6789.00,-10.00,6.00,0.00,-6.00,1.00,3.50,DIGITAL,XR Track
Optilab,Optilab 06 de abril a 31 de julho de 2026,VARILUX® XR SERIES,Progressiva,multifocal,67e958dc-5a28-4746-803d-829484ba2ae3,Orma,VARILUX® XR SERIES DIGITAL XR Track Orma,multifocal,Resina,1.50,false,false,true,6169.00,Pagina 12,Optifog,Antirreflexo,final,6409.00,6409.00,-10.00,6.00,0.00,-6.00,1.00,3.50,DIGITAL,XR Track
Optilab,Optilab 06 de abril a 31 de julho de 2026,VARILUX® XR SERIES,Progressiva,multifocal,cc8e9d7b-115c-4ffe-89db-f7c7afe2346e,Orma + Transitions Extractive,VARILUX® XR SERIES DIGITAL XR Track Orma + Transitions Extractive,multifocal,Resina,1.50,false,false,true,7749.00,Pagina 12,Crizal Easy Pro,Antirreflexo,final,7749.00,7749.00,-10.00,6.00,0.00,-6.00,1.00,3.50,DIGITAL,XR Track
Optilab,Optilab 06 de abril a 31 de julho de 2026,VARILUX® XR SERIES,Progressiva,multifocal,cc8e9d7b-115c-4ffe-89db-f7c7afe2346e,Orma + Transitions Extractive,VARILUX® XR SERIES DIGITAL XR Track Orma + Transitions Extractive,multifocal,Resina,1.50,false,false,true,7749.00,Pagina 12,Crizal Prevencia,Antirreflexo,final,8369.00,8369.00,-10.00,6.00,0.00,-6.00,1.00,3.50,DIGITAL,XR Track
Optilab,Optilab 06 de abril a 31 de julho de 2026,VARILUX® XR SERIES,Progressiva,multifocal,cc8e9d7b-115c-4ffe-89db-f7c7afe2346e,Orma + Transitions Extractive,VARILUX® XR SERIES DIGITAL XR Track Orma + Transitions Extractive,multifocal,Resina,1.50,false,false,true,7749.00,Pagina 12,Crizal Rock,Antirreflexo,final,8099.00,8099.00,-10.00,6.00,0.00,-6.00,1.00,3.50,DIGITAL,XR Track
Optilab,Optilab 06 de abril a 31 de julho de 2026,VARILUX® XR SERIES,Progressiva,multifocal,cc8e9d7b-115c-4ffe-89db-f7c7afe2346e,Orma + Transitions Extractive,VARILUX® XR SERIES DIGITAL XR Track Orma + Transitions Extractive,multifocal,Resina,1.50,false,false,true,7749.00,Pagina 12,Crizal Sapphire HR,Antirreflexo,final,8369.00,8369.00,-10.00,6.00,0.00,-6.00,1.00,3.50,DIGITAL,XR Track
Optilab,Optilab 06 de abril a 31 de julho de 2026,VARILUX® XR SERIES,Progressiva,multifocal,cc8e9d7b-115c-4ffe-89db-f7c7afe2346e,Orma + Transitions Extractive,VARILUX® XR SERIES DIGITAL XR Track Orma + Transitions Extractive,multifocal,Resina,1.50,false,false,true,7749.00,Pagina 12,Optifog,Antirreflexo,final,7989.00,7989.00,-10.00,6.00,0.00,-6.00,1.00,3.50,DIGITAL,XR Track
Optilab,Optilab 06 de abril a 31 de julho de 2026,VARILUX® XR SERIES,Progressiva,multifocal,caa30d7c-a7cd-44bb-ab24-a0654e1ff3b6,Orma + Transitions Gen S,VARILUX® XR SERIES DIGITAL XR Track Orma + Transitions Gen S,multifocal,Resina,1.50,false,false,true,7689.00,Pagina 12,Crizal Easy Pro,Antirreflexo,final,7689.00,7689.00,-10.00,6.00,0.00,-6.00,1.00,3.50,DIGITAL,XR Track
Optilab,Optilab 06 de abril a 31 de julho de 2026,VARILUX® XR SERIES,Progressiva,multifocal,caa30d7c-a7cd-44bb-ab24-a0654e1ff3b6,Orma + Transitions Gen S,VARILUX® XR SERIES DIGITAL XR Track Orma + Transitions Gen S,multifocal,Resina,1.50,false,false,true,7689.00,Pagina 12,Crizal Prevencia,Antirreflexo,final,8309.00,8309.00,-10.00,6.00,0.00,-6.00,1.00,3.50,DIGITAL,XR Track
Optilab,Optilab 06 de abril a 31 de julho de 2026,VARILUX® XR SERIES,Progressiva,multifocal,caa30d7c-a7cd-44bb-ab24-a0654e1ff3b6,Orma + Transitions Gen S,VARILUX® XR SERIES DIGITAL XR Track Orma + Transitions Gen S,multifocal,Resina,1.50,false,false,true,7689.00,Pagina 12,Crizal Rock,Antirreflexo,final,8039.00,8039.00,-10.00,6.00,0.00,-6.00,1.00,3.50,DIGITAL,XR Track
Optilab,Optilab 06 de abril a 31 de julho de 2026,VARILUX® XR SERIES,Progressiva,multifocal,caa30d7c-a7cd-44bb-ab24-a0654e1ff3b6,Orma + Transitions Gen S,VARILUX® XR SERIES DIGITAL XR Track Orma + Transitions Gen S,multifocal,Resina,1.50,false,false,true,7689.00,Pagina 12,Crizal Sapphire HR,Antirreflexo,final,8309.00,8309.00,-10.00,6.00,0.00,-6.00,1.00,3.50,DIGITAL,XR Track
Optilab,Optilab 06 de abril a 31 de julho de 2026,VARILUX® XR SERIES,Progressiva,multifocal,caa30d7c-a7cd-44bb-ab24-a0654e1ff3b6,Orma + Transitions Gen S,VARILUX® XR SERIES DIGITAL XR Track Orma + Transitions Gen S,multifocal,Resina,1.50,false,false,true,7689.00,Pagina 12,Optifog,Antirreflexo,final,7929.00,7929.00,-10.00,6.00,0.00,-6.00,1.00,3.50,DIGITAL,XR Track
Optilab,Optilab 06 de abril a 31 de julho de 2026,VARILUX® XR SERIES,Progressiva,multifocal,7567faaf-b059-4be0-a888-77bc60816806,Stylis 1.67,VARILUX® XR SERIES DIGITAL XR Track Stylis 1.67,multifocal,Resina High Index,1.67,false,false,true,9369.00,Pagina 12,Crizal Easy Pro,Antirreflexo,final,9369.00,9369.00,-12.00,9.00,0.00,-6.00,1.00,3.50,DIGITAL,XR Track
Optilab,Optilab 06 de abril a 31 de julho de 2026,VARILUX® XR SERIES,Progressiva,multifocal,7567faaf-b059-4be0-a888-77bc60816806,Stylis 1.67,VARILUX® XR SERIES DIGITAL XR Track Stylis 1.67,multifocal,Resina High Index,1.67,false,false,true,9369.00,Pagina 12,Crizal Prevencia,Antirreflexo,final,9989.00,9989.00,-12.00,9.00,0.00,-6.00,1.00,3.50,DIGITAL,XR Track
Optilab,Optilab 06 de abril a 31 de julho de 2026,VARILUX® XR SERIES,Progressiva,multifocal,7567faaf-b059-4be0-a888-77bc60816806,Stylis 1.67,VARILUX® XR SERIES DIGITAL XR Track Stylis 1.67,multifocal,Resina High Index,1.67,false,false,true,9369.00,Pagina 12,Crizal Rock,Antirreflexo,final,9719.00,9719.00,-12.00,9.00,0.00,-6.00,1.00,3.50,DIGITAL,XR Track
Optilab,Optilab 06 de abril a 31 de julho de 2026,VARILUX® XR SERIES,Progressiva,multifocal,7567faaf-b059-4be0-a888-77bc60816806,Stylis 1.67,VARILUX® XR SERIES DIGITAL XR Track Stylis 1.67,multifocal,Resina High Index,1.67,false,false,true,9369.00,Pagina 12,Crizal Sapphire HR,Antirreflexo,final,9989.00,9989.00,-12.00,9.00,0.00,-6.00,1.00,3.50,DIGITAL,XR Track
Optilab,Optilab 06 de abril a 31 de julho de 2026,VARILUX® XR SERIES,Progressiva,multifocal,7567faaf-b059-4be0-a888-77bc60816806,Stylis 1.67,VARILUX® XR SERIES DIGITAL XR Track Stylis 1.67,multifocal,Resina High Index,1.67,false,false,true,9369.00,Pagina 12,Optifog,Antirreflexo,final,9609.00,9609.00,-12.00,9.00,0.00,-6.00,1.00,3.50,DIGITAL,XR Track
Optilab,Optilab 06 de abril a 31 de julho de 2026,VARILUX® XR SERIES,Progressiva,multifocal,fc85d864-e67e-44eb-ad88-53d54e0f6c80,Stylis 1.67 + Transitions Extractive,VARILUX® XR SERIES DIGITAL XR Track Stylis 1.67 + Transitions Extractive,multifocal,Resina High Index,1.67,false,false,true,10949.00,Pagina 12,Crizal Easy Pro,Antirreflexo,final,10949.00,10949.00,-12.00,9.00,0.00,-6.00,1.00,3.50,DIGITAL,XR Track
Optilab,Optilab 06 de abril a 31 de julho de 2026,VARILUX® XR SERIES,Progressiva,multifocal,fc85d864-e67e-44eb-ad88-53d54e0f6c80,Stylis 1.67 + Transitions Extractive,VARILUX® XR SERIES DIGITAL XR Track Stylis 1.67 + Transitions Extractive,multifocal,Resina High Index,1.67,false,false,true,10949.00,Pagina 12,Crizal Prevencia,Antirreflexo,final,11569.00,11569.00,-12.00,9.00,0.00,-6.00,1.00,3.50,DIGITAL,XR Track
Optilab,Optilab 06 de abril a 31 de julho de 2026,VARILUX® XR SERIES,Progressiva,multifocal,fc85d864-e67e-44eb-ad88-53d54e0f6c80,Stylis 1.67 + Transitions Extractive,VARILUX® XR SERIES DIGITAL XR Track Stylis 1.67 + Transitions Extractive,multifocal,Resina High Index,1.67,false,false,true,10949.00,Pagina 12,Crizal Rock,Antirreflexo,final,11299.00,11299.00,-12.00,9.00,0.00,-6.00,1.00,3.50,DIGITAL,XR Track
Optilab,Optilab 06 de abril a 31 de julho de 2026,VARILUX® XR SERIES,Progressiva,multifocal,fc85d864-e67e-44eb-ad88-53d54e0f6c80,Stylis 1.67 + Transitions Extractive,VARILUX® XR SERIES DIGITAL XR Track Stylis 1.67 + Transitions Extractive,multifocal,Resina High Index,1.67,false,false,true,10949.00,Pagina 12,Crizal Sapphire HR,Antirreflexo,final,11569.00,11569.00,-12.00,9.00,0.00,-6.00,1.00,3.50,DIGITAL,XR Track
Optilab,Optilab 06 de abril a 31 de julho de 2026,VARILUX® XR SERIES,Progressiva,multifocal,fc85d864-e67e-44eb-ad88-53d54e0f6c80,Stylis 1.67 + Transitions Extractive,VARILUX® XR SERIES DIGITAL XR Track Stylis 1.67 + Transitions Extractive,multifocal,Resina High Index,1.67,false,false,true,10949.00,Pagina 12,Optifog,Antirreflexo,final,11189.00,11189.00,-12.00,9.00,0.00,-6.00,1.00,3.50,DIGITAL,XR Track
Optilab,Optilab 06 de abril a 31 de julho de 2026,VARILUX® XR SERIES,Progressiva,multifocal,07d17f1e-12a5-4755-9dec-a40a41ed9eef,Stylis 1.67 + Transitions Gen S,VARILUX® XR SERIES DIGITAL XR Track Stylis 1.67 + Transitions Gen S,multifocal,Resina High Index,1.67,false,false,true,10889.00,Pagina 12,Crizal Easy Pro,Antirreflexo,final,10889.00,10889.00,-12.00,9.00,0.00,-6.00,1.00,3.50,DIGITAL,XR Track
Optilab,Optilab 06 de abril a 31 de julho de 2026,VARILUX® XR SERIES,Progressiva,multifocal,07d17f1e-12a5-4755-9dec-a40a41ed9eef,Stylis 1.67 + Transitions Gen S,VARILUX® XR SERIES DIGITAL XR Track Stylis 1.67 + Transitions Gen S,multifocal,Resina High Index,1.67,false,false,true,10889.00,Pagina 12,Crizal Prevencia,Antirreflexo,final,11509.00,11509.00,-12.00,9.00,0.00,-6.00,1.00,3.50,DIGITAL,XR Track
Optilab,Optilab 06 de abril a 31 de julho de 2026,VARILUX® XR SERIES,Progressiva,multifocal,07d17f1e-12a5-4755-9dec-a40a41ed9eef,Stylis 1.67 + Transitions Gen S,VARILUX® XR SERIES DIGITAL XR Track Stylis 1.67 + Transitions Gen S,multifocal,Resina High Index,1.67,false,false,true,10889.00,Pagina 12,Crizal Rock,Antirreflexo,final,11239.00,11239.00,-12.00,9.00,0.00,-6.00,1.00,3.50,DIGITAL,XR Track
Optilab,Optilab 06 de abril a 31 de julho de 2026,VARILUX® XR SERIES,Progressiva,multifocal,07d17f1e-12a5-4755-9dec-a40a41ed9eef,Stylis 1.67 + Transitions Gen S,VARILUX® XR SERIES DIGITAL XR Track Stylis 1.67 + Transitions Gen S,multifocal,Resina High Index,1.67,false,false,true,10889.00,Pagina 12,Crizal Sapphire HR,Antirreflexo,final,11509.00,11509.00,-12.00,9.00,0.00,-6.00,1.00,3.50,DIGITAL,XR Track
Optilab,Optilab 06 de abril a 31 de julho de 2026,VARILUX® XR SERIES,Progressiva,multifocal,07d17f1e-12a5-4755-9dec-a40a41ed9eef,Stylis 1.67 + Transitions Gen S,VARILUX® XR SERIES DIGITAL XR Track Stylis 1.67 + Transitions Gen S,multifocal,Resina High Index,1.67,false,false,true,10889.00,Pagina 12,Optifog,Antirreflexo,final,11129.00,11129.00,-12.00,9.00,0.00,-6.00,1.00,3.50,DIGITAL,XR Track
Optilab,Optilab 06 de abril a 31 de julho de 2026,VARILUX® XR SERIES,Progressiva,multifocal,296e5cff-a506-446d-a2e8-5dbf0da2e684,Stylis 1.74,VARILUX® XR SERIES DIGITAL XR Track Stylis 1.74,multifocal,Resina High Index,1.74,false,false,true,11859.00,Pagina 12,Crizal Sapphire HR,Antirreflexo,final,11859.00,11859.00,-14.00,13.00,0.00,-6.00,1.00,3.50,DIGITAL,XR Track
Optilab,Optilab 06 de abril a 31 de julho de 2026,VARILUX® XR SERIES,Progressiva,multifocal,c561dd7d-b0ce-4797-b22a-4af7248aba2c,Stylis 1.74 + Transitions Gen S,VARILUX® XR SERIES DIGITAL XR Track Stylis 1.74 + Transitions Gen S,multifocal,Resina High Index,1.74,false,false,true,13379.00,Pagina 12,Crizal Sapphire HR,Antirreflexo,final,13379.00,13379.00,-14.00,13.00,0.00,-6.00,1.00,3.50,DIGITAL,XR Track
Optilab,Optilab 06 de abril a 31 de julho de 2026,VARILUX® XR SERIES,Progressiva,multifocal,36a4b18b-b5c5-47bd-8e74-c8493868b5a4,Airwear,VARILUX® XR SERIES SOLARES / COLORAÇÃO XR Design Airwear,multifocal,Policarbonato,1.59,false,false,true,5449.00,Pagina 14,Verniz Hc,Revestimento,final,5449.00,5449.00,-10.00,6.00,0.00,-6.00,1.00,3.50,SOLARES / COLORAÇÃO,XR Design
Optilab,Optilab 06 de abril a 31 de julho de 2026,VARILUX® XR SERIES,Progressiva,multifocal,c42c2770-ae4b-4dd4-b247-186cacdbbc36,Airwear + Xperio cinza/marrom,VARILUX® XR SERIES SOLARES / COLORAÇÃO XR Design Airwear + Xperio cinza/marrom,multifocal,Policarbonato,1.59,false,false,true,5959.00,Pagina 14,Crizal Sapphire HR,Antirreflexo,final,6619.00,6619.00,-10.00,6.00,0.00,-6.00,1.00,3.50,SOLARES / COLORAÇÃO,XR Design
Optilab,Optilab 06 de abril a 31 de julho de 2026,VARILUX® XR SERIES,Progressiva,multifocal,c42c2770-ae4b-4dd4-b247-186cacdbbc36,Airwear + Xperio cinza/marrom,VARILUX® XR SERIES SOLARES / COLORAÇÃO XR Design Airwear + Xperio cinza/marrom,multifocal,Policarbonato,1.59,false,false,true,5959.00,Pagina 14,Optifog,Antirreflexo,final,6599.00,6599.00,-10.00,6.00,0.00,-6.00,1.00,3.50,SOLARES / COLORAÇÃO,XR Design
Optilab,Optilab 06 de abril a 31 de julho de 2026,VARILUX® XR SERIES,Progressiva,multifocal,c42c2770-ae4b-4dd4-b247-186cacdbbc36,Airwear + Xperio cinza/marrom,VARILUX® XR SERIES SOLARES / COLORAÇÃO XR Design Airwear + Xperio cinza/marrom,multifocal,Policarbonato,1.59,false,false,true,5959.00,Pagina 14,Verniz Hc,Revestimento,final,5959.00,5959.00,-10.00,6.00,0.00,-6.00,1.00,3.50,SOLARES / COLORAÇÃO,XR Design
Optilab,Optilab 06 de abril a 31 de julho de 2026,VARILUX® XR SERIES,Progressiva,multifocal,f5691c10-9a1c-42e8-8282-7b78cc293503,Orma,VARILUX® XR SERIES SOLARES / COLORAÇÃO XR Design Orma,multifocal,Resina,1.50,false,false,true,5029.00,Pagina 14,Verniz Hc,Revestimento,final,5029.00,5029.00,-10.00,6.00,0.00,-6.00,1.00,3.50,SOLARES / COLORAÇÃO,XR Design
Optilab,Optilab 06 de abril a 31 de julho de 2026,VARILUX® XR SERIES,Progressiva,multifocal,001d3b71-5247-4bde-8b2f-241a3b83c048,Orma + Coloração especial,VARILUX® XR SERIES SOLARES / COLORAÇÃO XR Design Orma + Coloração especial,multifocal,Resina,1.50,false,false,true,5139.00,Pagina 14,Verniz Hc,Revestimento,final,5139.00,5139.00,-10.00,6.00,0.00,-6.00,1.00,3.50,SOLARES / COLORAÇÃO,XR Design
Optilab,Optilab 06 de abril a 31 de julho de 2026,VARILUX® XR SERIES,Progressiva,multifocal,82edb8d7-a839-4203-b826-d5351e2889fb,Orma + Xperio cinza/marrom,VARILUX® XR SERIES SOLARES / COLORAÇÃO XR Design Orma + Xperio cinza/marrom,multifocal,Resina,1.50,false,false,true,5539.00,Pagina 14,Crizal Sapphire HR,Antirreflexo,final,6199.00,6199.00,-10.00,6.00,0.00,-6.00,1.00,3.50,SOLARES / COLORAÇÃO,XR Design
Optilab,Optilab 06 de abril a 31 de julho de 2026,VARILUX® XR SERIES,Progressiva,multifocal,82edb8d7-a839-4203-b826-d5351e2889fb,Orma + Xperio cinza/marrom,VARILUX® XR SERIES SOLARES / COLORAÇÃO XR Design Orma + Xperio cinza/marrom,multifocal,Resina,1.50,false,false,true,5539.00,Pagina 14,Optifog,Antirreflexo,final,6179.00,6179.00,-10.00,6.00,0.00,-6.00,1.00,3.50,SOLARES / COLORAÇÃO,XR Design
Optilab,Optilab 06 de abril a 31 de julho de 2026,VARILUX® XR SERIES,Progressiva,multifocal,82edb8d7-a839-4203-b826-d5351e2889fb,Orma + Xperio cinza/marrom,VARILUX® XR SERIES SOLARES / COLORAÇÃO XR Design Orma + Xperio cinza/marrom,multifocal,Resina,1.50,false,false,true,5539.00,Pagina 14,Verniz Hc,Revestimento,final,5539.00,5539.00,-10.00,6.00,0.00,-6.00,1.00,3.50,SOLARES / COLORAÇÃO,XR Design
Optilab,Optilab 06 de abril a 31 de julho de 2026,VARILUX® XR SERIES,Progressiva,multifocal,f04689a4-af57-494b-9dfc-97b5957e47c4,Airwear,VARILUX® XR SERIES SOLARES / COLORAÇÃO XR Pro Airwear,multifocal,Policarbonato,1.59,false,false,true,10609.00,Pagina 11,Verniz Hc,Revestimento,final,10609.00,10609.00,-10.00,6.00,0.00,-6.00,1.00,3.50,SOLARES / COLORAÇÃO,XR Pro
Optilab,Optilab 06 de abril a 31 de julho de 2026,VARILUX® XR SERIES,Progressiva,multifocal,9be3462d-f211-45e5-b725-e7471896a7ed,Airwear + Xperio cinza/marrom,VARILUX® XR SERIES SOLARES / COLORAÇÃO XR Pro Airwear + Xperio cinza/marrom,multifocal,Policarbonato,1.59,false,false,true,11119.00,Pagina 11,Crizal Sapphire HR,Antirreflexo,final,11779.00,11779.00,-10.00,6.00,0.00,-6.00,1.00,3.50,SOLARES / COLORAÇÃO,XR Pro
Optilab,Optilab 06 de abril a 31 de julho de 2026,VARILUX® XR SERIES,Progressiva,multifocal,9be3462d-f211-45e5-b725-e7471896a7ed,Airwear + Xperio cinza/marrom,VARILUX® XR SERIES SOLARES / COLORAÇÃO XR Pro Airwear + Xperio cinza/marrom,multifocal,Policarbonato,1.59,false,false,true,11119.00,Pagina 11,Optifog,Antirreflexo,final,11759.00,11759.00,-10.00,6.00,0.00,-6.00,1.00,3.50,SOLARES / COLORAÇÃO,XR Pro
Optilab,Optilab 06 de abril a 31 de julho de 2026,VARILUX® XR SERIES,Progressiva,multifocal,9be3462d-f211-45e5-b725-e7471896a7ed,Airwear + Xperio cinza/marrom,VARILUX® XR SERIES SOLARES / COLORAÇÃO XR Pro Airwear + Xperio cinza/marrom,multifocal,Policarbonato,1.59,false,false,true,11119.00,Pagina 11,Verniz Hc,Revestimento,final,11119.00,11119.00,-10.00,6.00,0.00,-6.00,1.00,3.50,SOLARES / COLORAÇÃO,XR Pro
Optilab,Optilab 06 de abril a 31 de julho de 2026,VARILUX® XR SERIES,Progressiva,multifocal,2d950341-eac1-414f-9ccf-988eb9ad77da,Orma,VARILUX® XR SERIES SOLARES / COLORAÇÃO XR Pro Orma,multifocal,Resina,1.50,false,false,true,10189.00,Pagina 11,Verniz Hc,Revestimento,final,10189.00,10189.00,-10.00,6.00,0.00,-6.00,1.00,3.50,SOLARES / COLORAÇÃO,XR Pro
Optilab,Optilab 06 de abril a 31 de julho de 2026,VARILUX® XR SERIES,Progressiva,multifocal,9c209b15-e9de-4677-9e3b-a2a069d3f19f,Orma + Coloração especial,VARILUX® XR SERIES SOLARES / COLORAÇÃO XR Pro Orma + Coloração especial,multifocal,Resina,1.50,false,false,true,10299.00,Pagina 11,Verniz Hc,Revestimento,final,10299.00,10299.00,-10.00,6.00,0.00,-6.00,1.00,3.50,SOLARES / COLORAÇÃO,XR Pro
Optilab,Optilab 06 de abril a 31 de julho de 2026,VARILUX® XR SERIES,Progressiva,multifocal,0f7f1f61-b910-4cc7-804e-9e7b36d6d7b1,Orma + Xperio cinza/marrom,VARILUX® XR SERIES SOLARES / COLORAÇÃO XR Pro Orma + Xperio cinza/marrom,multifocal,Resina,1.50,false,false,true,10699.00,Pagina 11,Crizal Sapphire HR,Antirreflexo,final,11359.00,11359.00,-10.00,6.00,0.00,-6.00,1.00,3.50,SOLARES / COLORAÇÃO,XR Pro
Optilab,Optilab 06 de abril a 31 de julho de 2026,VARILUX® XR SERIES,Progressiva,multifocal,0f7f1f61-b910-4cc7-804e-9e7b36d6d7b1,Orma + Xperio cinza/marrom,VARILUX® XR SERIES SOLARES / COLORAÇÃO XR Pro Orma + Xperio cinza/marrom,multifocal,Resina,1.50,false,false,true,10699.00,Pagina 11,Optifog,Antirreflexo,final,11339.00,11339.00,-10.00,6.00,0.00,-6.00,1.00,3.50,SOLARES / COLORAÇÃO,XR Pro
Optilab,Optilab 06 de abril a 31 de julho de 2026,VARILUX® XR SERIES,Progressiva,multifocal,0f7f1f61-b910-4cc7-804e-9e7b36d6d7b1,Orma + Xperio cinza/marrom,VARILUX® XR SERIES SOLARES / COLORAÇÃO XR Pro Orma + Xperio cinza/marrom,multifocal,Resina,1.50,false,false,true,10699.00,Pagina 11,Verniz Hc,Revestimento,final,10699.00,10699.00,-10.00,6.00,0.00,-6.00,1.00,3.50,SOLARES / COLORAÇÃO,XR Pro
Optilab,Optilab 06 de abril a 31 de julho de 2026,VARILUX® XR SERIES,Progressiva,multifocal,3379318e-e921-4f4a-9592-207acf4b86eb,Airwear,VARILUX® XR SERIES SOLARES / COLORAÇÃO XR Track Airwear,multifocal,Policarbonato,1.59,false,false,true,6369.00,Pagina 12,Verniz Hc,Revestimento,final,6369.00,6369.00,-10.00,6.00,0.00,-6.00,1.00,3.50,SOLARES / COLORAÇÃO,XR Track
Optilab,Optilab 06 de abril a 31 de julho de 2026,VARILUX® XR SERIES,Progressiva,multifocal,2bee0c33-3107-4418-a400-2e7b534be945,Airwear + Xperio cinza/marrom,VARILUX® XR SERIES SOLARES / COLORAÇÃO XR Track Airwear + Xperio cinza/marrom,multifocal,Policarbonato,1.59,false,false,true,6879.00,Pagina 12,Crizal Sapphire HR,Antirreflexo,final,7539.00,7539.00,-10.00,6.00,0.00,-6.00,1.00,3.50,SOLARES / COLORAÇÃO,XR Track
Optilab,Optilab 06 de abril a 31 de julho de 2026,VARILUX® XR SERIES,Progressiva,multifocal,2bee0c33-3107-4418-a400-2e7b534be945,Airwear + Xperio cinza/marrom,VARILUX® XR SERIES SOLARES / COLORAÇÃO XR Track Airwear + Xperio cinza/marrom,multifocal,Policarbonato,1.59,false,false,true,6879.00,Pagina 12,Optifog,Antirreflexo,final,7519.00,7519.00,-10.00,6.00,0.00,-6.00,1.00,3.50,SOLARES / COLORAÇÃO,XR Track
Optilab,Optilab 06 de abril a 31 de julho de 2026,VARILUX® XR SERIES,Progressiva,multifocal,2bee0c33-3107-4418-a400-2e7b534be945,Airwear + Xperio cinza/marrom,VARILUX® XR SERIES SOLARES / COLORAÇÃO XR Track Airwear + Xperio cinza/marrom,multifocal,Policarbonato,1.59,false,false,true,6879.00,Pagina 12,Verniz Hc,Revestimento,final,6879.00,6879.00,-10.00,6.00,0.00,-6.00,1.00,3.50,SOLARES / COLORAÇÃO,XR Track
Optilab,Optilab 06 de abril a 31 de julho de 2026,VARILUX® XR SERIES,Progressiva,multifocal,5d1d0c3c-e21e-4c0c-843b-f8e3e76b9dc2,Airwear,VARILUX® XR SERIES SOLARES / COLORAÇÃO XR Track Lite Airwear,multifocal,Policarbonato,1.59,false,false,true,6089.00,Pagina 13,Verniz Hc,Revestimento,final,6089.00,6089.00,-10.00,6.00,0.00,-6.00,1.00,3.50,SOLARES / COLORAÇÃO,XR Track Lite
Optilab,Optilab 06 de abril a 31 de julho de 2026,VARILUX® XR SERIES,Progressiva,multifocal,01688f96-8483-4d06-9a65-77a4d64ebaf7,Airwear + Xperio cinza/marrom,VARILUX® XR SERIES SOLARES / COLORAÇÃO XR Track Lite Airwear + Xperio cinza/marrom,multifocal,Policarbonato,1.59,false,false,true,6599.00,Pagina 13,Crizal Sapphire HR,Antirreflexo,final,7259.00,7259.00,-10.00,6.00,0.00,-6.00,1.00,3.50,SOLARES / COLORAÇÃO,XR Track Lite
Optilab,Optilab 06 de abril a 31 de julho de 2026,VARILUX® XR SERIES,Progressiva,multifocal,01688f96-8483-4d06-9a65-77a4d64ebaf7,Airwear + Xperio cinza/marrom,VARILUX® XR SERIES SOLARES / COLORAÇÃO XR Track Lite Airwear + Xperio cinza/marrom,multifocal,Policarbonato,1.59,false,false,true,6599.00,Pagina 13,Optifog,Antirreflexo,final,7239.00,7239.00,-10.00,6.00,0.00,-6.00,1.00,3.50,SOLARES / COLORAÇÃO,XR Track Lite
Optilab,Optilab 06 de abril a 31 de julho de 2026,VARILUX® XR SERIES,Progressiva,multifocal,01688f96-8483-4d06-9a65-77a4d64ebaf7,Airwear + Xperio cinza/marrom,VARILUX® XR SERIES SOLARES / COLORAÇÃO XR Track Lite Airwear + Xperio cinza/marrom,multifocal,Policarbonato,1.59,false,false,true,6599.00,Pagina 13,Verniz Hc,Revestimento,final,6599.00,6599.00,-10.00,6.00,0.00,-6.00,1.00,3.50,SOLARES / COLORAÇÃO,XR Track Lite
Optilab,Optilab 06 de abril a 31 de julho de 2026,VARILUX® XR SERIES,Progressiva,multifocal,324d0a14-6be8-4ad7-95f5-f2ba8001b87b,Orma,VARILUX® XR SERIES SOLARES / COLORAÇÃO XR Track Lite Orma,multifocal,Resina,1.50,false,false,true,5669.00,Pagina 13,Verniz Hc,Revestimento,final,5669.00,5669.00,-10.00,6.00,0.00,-6.00,1.00,3.50,SOLARES / COLORAÇÃO,XR Track Lite
Optilab,Optilab 06 de abril a 31 de julho de 2026,VARILUX® XR SERIES,Progressiva,multifocal,4c17fc2d-450f-4426-a78b-17afd97ecfa6,Orma + Coloração especial,VARILUX® XR SERIES SOLARES / COLORAÇÃO XR Track Lite Orma + Coloração especial,multifocal,Resina,1.50,false,false,true,5779.00,Pagina 13,Verniz Hc,Revestimento,final,5779.00,5779.00,-10.00,6.00,0.00,-6.00,1.00,3.50,SOLARES / COLORAÇÃO,XR Track Lite
Optilab,Optilab 06 de abril a 31 de julho de 2026,VARILUX® XR SERIES,Progressiva,multifocal,6562df7e-0283-4811-9fd6-23a8d968160b,Orma + Xperio cinza/marrom,VARILUX® XR SERIES SOLARES / COLORAÇÃO XR Track Lite Orma + Xperio cinza/marrom,multifocal,Resina,1.50,false,false,true,6179.00,Pagina 13,Crizal Sapphire HR,Antirreflexo,final,6839.00,6839.00,-10.00,6.00,0.00,-6.00,1.00,3.50,SOLARES / COLORAÇÃO,XR Track Lite
Optilab,Optilab 06 de abril a 31 de julho de 2026,VARILUX® XR SERIES,Progressiva,multifocal,6562df7e-0283-4811-9fd6-23a8d968160b,Orma + Xperio cinza/marrom,VARILUX® XR SERIES SOLARES / COLORAÇÃO XR Track Lite Orma + Xperio cinza/marrom,multifocal,Resina,1.50,false,false,true,6179.00,Pagina 13,Optifog,Antirreflexo,final,6819.00,6819.00,-10.00,6.00,0.00,-6.00,1.00,3.50,SOLARES / COLORAÇÃO,XR Track Lite
Optilab,Optilab 06 de abril a 31 de julho de 2026,VARILUX® XR SERIES,Progressiva,multifocal,6562df7e-0283-4811-9fd6-23a8d968160b,Orma + Xperio cinza/marrom,VARILUX® XR SERIES SOLARES / COLORAÇÃO XR Track Lite Orma + Xperio cinza/marrom,multifocal,Resina,1.50,false,false,true,6179.00,Pagina 13,Verniz Hc,Revestimento,final,6179.00,6179.00,-10.00,6.00,0.00,-6.00,1.00,3.50,SOLARES / COLORAÇÃO,XR Track Lite
Optilab,Optilab 06 de abril a 31 de julho de 2026,VARILUX® XR SERIES,Progressiva,multifocal,812119f1-dbd3-4ffd-b6c1-489735ff391a,Orma,VARILUX® XR SERIES SOLARES / COLORAÇÃO XR Track Orma,multifocal,Resina,1.50,false,false,true,5949.00,Pagina 12,Verniz Hc,Revestimento,final,5949.00,5949.00,-10.00,6.00,0.00,-6.00,1.00,3.50,SOLARES / COLORAÇÃO,XR Track
Optilab,Optilab 06 de abril a 31 de julho de 2026,VARILUX® XR SERIES,Progressiva,multifocal,64c13e5e-176e-4d94-abd0-ccfff6dd40c5,Orma + Coloração especial,VARILUX® XR SERIES SOLARES / COLORAÇÃO XR Track Orma + Coloração especial,multifocal,Resina,1.50,false,false,true,6059.00,Pagina 12,Verniz Hc,Revestimento,final,6059.00,6059.00,-10.00,6.00,0.00,-6.00,1.00,3.50,SOLARES / COLORAÇÃO,XR Track
Optilab,Optilab 06 de abril a 31 de julho de 2026,VARILUX® XR SERIES,Progressiva,multifocal,4b412b3e-0787-4a2a-9d0f-fdb9fc2a56ba,Orma + Xperio cinza/marrom,VARILUX® XR SERIES SOLARES / COLORAÇÃO XR Track Orma + Xperio cinza/marrom,multifocal,Resina,1.50,false,false,true,6459.00,Pagina 12,Crizal Sapphire HR,Antirreflexo,final,7119.00,7119.00,-10.00,6.00,0.00,-6.00,1.00,3.50,SOLARES / COLORAÇÃO,XR Track
Optilab,Optilab 06 de abril a 31 de julho de 2026,VARILUX® XR SERIES,Progressiva,multifocal,4b412b3e-0787-4a2a-9d0f-fdb9fc2a56ba,Orma + Xperio cinza/marrom,VARILUX® XR SERIES SOLARES / COLORAÇÃO XR Track Orma + Xperio cinza/marrom,multifocal,Resina,1.50,false,false,true,6459.00,Pagina 12,Optifog,Antirreflexo,final,7099.00,7099.00,-10.00,6.00,0.00,-6.00,1.00,3.50,SOLARES / COLORAÇÃO,XR Track
Optilab,Optilab 06 de abril a 31 de julho de 2026,VARILUX® XR SERIES,Progressiva,multifocal,4b412b3e-0787-4a2a-9d0f-fdb9fc2a56ba,Orma + Xperio cinza/marrom,VARILUX® XR SERIES SOLARES / COLORAÇÃO XR Track Orma + Xperio cinza/marrom,multifocal,Resina,1.50,false,false,true,6459.00,Pagina 12,Verniz Hc,Revestimento,final,6459.00,6459.00,-10.00,6.00,0.00,-6.00,1.00,3.50,SOLARES / COLORAÇÃO,XR Track