laboratorio,versao,family_name,family_design,family_clinical_category,offer_id,raw_label,canonical_label,offer_clinical_category,material,indice_refracao,is_atomic_offer,already_includes_treatment,allows_composition,base_price,source_page_reference,treatment_name,treatment_type,price_mode,special_price,final_price,sph_min,sph_max,cyl_min,cyl_max,add_min,add_max,section_name,subsection_name
Optilab,Optilab 06 de abril a 31 de julho de 2026,EYEZEN® START STOCK | LENTES PRONTAS CRIZAL®,Visao Simples,visao_simples,5a15b6a4-df63-4479-a2e0-e2ca0670804b,Airwear Crizal Easy Pro,EYEZEN® START STOCK | LENTES PRONTAS CRIZAL® Airwear Crizal Easy Pro,visao_simples,Policarbonato,1.59,true,true,false,569.00,Pagina 27,null,null,null,null,569.00,-8.00,4.00,0.00,-2.00,null,null,LENTES PRONTAS,null
Optilab,Optilab 06 de abril a 31 de julho de 2026,EYEZEN® START STOCK | LENTES PRONTAS CRIZAL®,Visao Simples,visao_simples,cb38f0b3-493b-4369-a6d7-5d35d3099669,Airwear Crizal Rock,EYEZEN® START STOCK | LENTES PRONTAS CRIZAL® Airwear Crizal Rock,visao_simples,Policarbonato,1.59,true,true,false,819.00,Pagina 27,null,null,null,null,819.00,-5.00,4.00,0.00,-2.00,null,null,LENTES PRONTAS,null
Optilab,Optilab 06 de abril a 31 de julho de 2026,EYEZEN® START STOCK | LENTES PRONTAS CRIZAL®,Visao Simples,visao_simples,28d146be-0495-4f65-8b88-bc32bbaaf071,Airwear Crizal Sapphire HR,EYEZEN® START STOCK | LENTES PRONTAS CRIZAL® Airwear Crizal Sapphire HR,visao_simples,Policarbonato,1.59,true,true,false,929.00,Pagina 27,null,null,null,null,929.00,-5.00,4.00,0.00,-2.00,null,null,LENTES PRONTAS,null
Optilab,Optilab 06 de abril a 31 de julho de 2026,EYEZEN® START STOCK | LENTES PRONTAS CRIZAL®,Visao Simples,visao_simples,7a84c508-f463-46e9-80b1-d232cbec7259,Airwear Crizal Sapphire HR Transitions Gen S Cinza,EYEZEN® START STOCK | LENTES PRONTAS CRIZAL® Airwear Crizal Sapphire HR Transitions Gen S Cinza,visao_simples,Policarbonato,1.59,true,true,false,1349.00,Pagina 27,null,null,null,null,1349.00,-5.00,4.00,0.00,-2.00,null,null,LENTES PRONTAS,null
Optilab,Optilab 06 de abril a 31 de julho de 2026,EYEZEN® START STOCK | LENTES PRONTAS CRIZAL®,Visao Simples,visao_simples,6078dbd0-fc70-4d25-a2b5-ce6aea9539e6,Airwear Transitions Gen S Cinza,EYEZEN® START STOCK | LENTES PRONTAS CRIZAL® Airwear Transitions Gen S Cinza,visao_simples,Policarbonato,1.59,true,false,false,689.00,Pagina 27,null,null,null,null,689.00,-5.00,4.00,0.00,-2.00,null,null,LENTES PRONTAS,null
Optilab,Optilab 06 de abril a 31 de julho de 2026,EYEZEN® START STOCK | LENTES PRONTAS CRIZAL®,Visao Simples,visao_simples,0c29de6e-4bcb-445c-82ca-8e5582808e35,Eyezen Start Stock 1.60 Crizal Sapphire HR,EYEZEN® START STOCK | LENTES PRONTAS CRIZAL® Eyezen Start Stock 1.60 Crizal Sapphire HR,visao_simples,Resina,1.60,true,true,false,1249.00,Pagina 27,null,null,null,null,1249.00,-6.00,3.00,0.00,-2.00,null,null,LENTES PRONTAS,null
Optilab,Optilab 06 de abril a 31 de julho de 2026,EYEZEN® START STOCK | LENTES PRONTAS CRIZAL®,Visao Simples,visao_simples,fa4b8ba3-2af8-4250-8f58-d0e5f8a301dd,Orma Crizal Easy Pro,EYEZEN® START STOCK | LENTES PRONTAS CRIZAL® Orma Crizal Easy Pro,visao_simples,Resina,1.50,true,true,false,439.00,Pagina 27,null,null,null,null,439.00,-4.00,4.00,0.00,-2.00,null,null,LENTES PRONTAS,null
Optilab,Optilab 06 de abril a 31 de julho de 2026,EYEZEN® START STOCK | LENTES PRONTAS CRIZAL®,Visao Simples,visao_simples,33055a5c-7b9f-4365-8bc2-59520b68a4c2,Orma Crizal Easy Pro Transitions Gen S Cinza,EYEZEN® START STOCK | LENTES PRONTAS CRIZAL® Orma Crizal Easy Pro Transitions Gen S Cinza,visao_simples,Resina,1.50,true,true,false,989.00,Pagina 27,null,null,null,null,989.00,-4.00,4.00,0.00,-2.00,null,null,LENTES PRONTAS,null
Optilab,Optilab 06 de abril a 31 de julho de 2026,EYEZEN® START STOCK | LENTES PRONTAS CRIZAL®,Visao Simples,visao_simples,881c4b84-810d-4449-8725-f2e3d943de54,Orma Crizal Prevencia,EYEZEN® START STOCK | LENTES PRONTAS CRIZAL® Orma Crizal Prevencia,visao_simples,Resina,1.50,true,true,false,799.00,Pagina 27,null,null,null,null,799.00,-2.00,2.00,0.00,-1.00,null,null,LENTES PRONTAS,null
Optilab,Optilab 06 de abril a 31 de julho de 2026,EYEZEN® START STOCK | LENTES PRONTAS CRIZAL®,Visao Simples,visao_simples,2f47820a-c999-47dd-94fd-3c4f08cf3787,Orma Crizal Rock,EYEZEN® START STOCK | LENTES PRONTAS CRIZAL® Orma Crizal Rock,visao_simples,Resina,1.50,true,true,false,579.00,Pagina 27,null,null,null,null,579.00,-4.00,4.00,0.00,-2.00,null,null,LENTES PRONTAS,null
Optilab,Optilab 06 de abril a 31 de julho de 2026,EYEZEN® START STOCK | LENTES PRONTAS CRIZAL®,Visao Simples,visao_simples,2a2daa93-3955-4c32-acf7-76660407e478,Orma Crizal Sapphire HR,EYEZEN® START STOCK | LENTES PRONTAS CRIZAL® Orma Crizal Sapphire HR,visao_simples,Resina,1.50,true,true,false,799.00,Pagina 27,null,null,null,null,799.00,-4.00,4.00,0.00,-2.00,null,null,LENTES PRONTAS,null
Optilab,Optilab 06 de abril a 31 de julho de 2026,EYEZEN® START STOCK | LENTES PRONTAS CRIZAL®,Visao Simples,visao_simples,aa1c9b04-d421-438b-bc53-3ea5e41d1adf,Orma Transitions Gen S Cinza,EYEZEN® START STOCK | LENTES PRONTAS CRIZAL® Orma Transitions Gen S Cinza,visao_simples,Resina,1.50,true,false,false,489.00,Pagina 27,null,null,null,null,489.00,-4.00,4.00,0.00,-2.00,null,null,LENTES PRONTAS,null
Optilab,Optilab 06 de abril a 31 de julho de 2026,EYEZEN® START STOCK | LENTES PRONTAS CRIZAL®,Visao Simples,visao_simples,a515c05c-676a-40a5-9705-1e401ebb51e6,Stylis 1.67 Crizal Sapphire HR,EYEZEN® START STOCK | LENTES PRONTAS CRIZAL® Stylis 1.67 Crizal Sapphire HR,visao_simples,Resina High Index,1.67,true,true,false,1479.00,Pagina 27,null,null,null,null,1479.00,-9.00,5.00,0.00,-2.00,null,null,LENTES PRONTAS,null
Optilab,Optilab 06 de abril a 31 de julho de 2026,EYEZEN® START STOCK | LENTES PRONTAS CRIZAL®,Visao Simples,visao_simples,b2b919cc-447b-4b0e-b80f-e56581a539f3,Stylis 1.74 Crizal Sapphire HR,EYEZEN® START STOCK | LENTES PRONTAS CRIZAL® Stylis 1.74 Crizal Sapphire HR,visao_simples,Resina High Index,1.74,true,true,false,2089.00,Pagina 27,null,null,null,null,2089.00,-10.00,-4.00,0.00,-2.00,null,null,LENTES PRONTAS,null
Optilab,Optilab 06 de abril a 31 de julho de 2026,iTop,Mista,mista,00c9260b-29bc-4de7-8a93-328ed8e68af2,1.56,iTop LENTES ACABADAS 1.56,indefinida,Resina,1.56,true,false,false,332.00,Pagina 39,null,null,null,null,332.00,4.00,-4.00,0.00,-2.00,null,null,LENTES ACABADAS,null
Optilab,Optilab 06 de abril a 31 de julho de 2026,iTop,Mista,mista,35c83b01-108d-4663-a2c3-721fddeaea1e,1.56 Cilíndrico Estendido,iTop LENTES ACABADAS 1.56 Cilíndrico Estendido,indefinida,Resina,1.56,true,false,false,405.00,Pagina 39,null,null,null,null,405.00,4.00,-4.00,0.00,-4.00,null,null,LENTES ACABADAS,null
Optilab,Optilab 06 de abril a 31 de julho de 2026,iTop,Mista,mista,3004eef7-0171-46ac-85a3-db87a0872c8f,1.59,iTop LENTES ACABADAS 1.59,indefinida,Policarbonato,1.59,true,false,false,387.00,Pagina 39,null,null,null,null,387.00,4.00,-4.00,0.00,-2.00,null,null,LENTES ACABADAS,null
Optilab,Optilab 06 de abril a 31 de julho de 2026,iTop,Mista,mista,57e00a2e-608f-4bbc-a2b8-0ff827ccf507,1.59 Cilíndrico Estendido,iTop LENTES ACABADAS 1.59 Cilíndrico Estendido,indefinida,Policarbonato,1.59,true,false,false,552.00,Pagina 39,null,null,null,null,552.00,4.00,-4.00,0.00,-4.00,null,null,LENTES ACABADAS,null
Optilab,Optilab 06 de abril a 31 de julho de 2026,iTop,Mista,mista,de38b0f8-4c58-4269-8075-d05ab5eeb8f2,1.67,iTop LENTES ACABADAS 1.67,indefinida,Resina High Index,1.67,true,false,false,932.00,Pagina 39,null,null,null,null,932.00,6.00,-10.00,0.00,-4.00,null,null,LENTES ACABADAS,null
Optilab,Optilab 06 de abril a 31 de julho de 2026,iTop,Mista,mista,3fc2162b-ab56-428e-a768-08aa1e5a016c,Cilíndrico Estendido,iTop LENTES ACABADAS Cilíndrico Estendido,indefinida,null,1.50,true,false,false,552.00,Pagina 39,null,null,null,null,552.00,4.00,-4.00,0.00,-4.00,null,null,LENTES ACABADAS,null
Optilab,Optilab 06 de abril a 31 de julho de 2026,iTop,Mista,mista,e3e48e67-ba3f-4243-8610-cb5c71584852,Cilíndrico Estendido,iTop LENTES ACABADAS Cilíndrico Estendido,indefinida,null,1.50,true,false,false,405.00,Pagina 39,null,null,null,null,405.00,4.00,-4.00,0.00,-4.00,null,null,LENTES ACABADAS,null
Optilab,Optilab 06 de abril a 31 de julho de 2026,iTop,Mista,mista,01f79eec-7661-404e-ba15-bc9d81d8f70f,1.56 UV Led Protection Single Digital,iTop LENTES SURFAÇADAS DIGITAIS 1.56 UV Led Protection Single Digital,visao_simples,Resina,1.56,false,false,true,1118.00,Pagina 39,Trio Easy Clean,Antirreflexo,final,1383.00,1383.00,8.00,-6.00,0.00,-8.00,null,null,LENTES SURFAÇADAS DIGITAIS,null
Optilab,Optilab 06 de abril a 31 de julho de 2026,iTop,Mista,mista,01f79eec-7661-404e-ba15-bc9d81d8f70f,1.56 UV Led Protection Single Digital,iTop LENTES SURFAÇADAS DIGITAIS 1.56 UV Led Protection Single Digital,visao_simples,Resina,1.56,false,false,true,1118.00,Pagina 39,Vert Clair,Antirreflexo,final,1688.00,1688.00,8.00,-6.00,0.00,-8.00,null,null,LENTES SURFAÇADAS DIGITAIS,null
Optilab,Optilab 06 de abril a 31 de julho de 2026,iTop,Mista,mista,73a6ed4a-7461-411e-815a-9f402c1f7b7b,1.67 UV Led Protection Single Digital,iTop LENTES SURFAÇADAS DIGITAIS 1.67 UV Led Protection Single Digital,visao_simples,Resina,1.67,false,false,true,2567.00,Pagina 39,Trio Easy Clean,Antirreflexo,final,2567.00,2567.00,10.00,-10.00,0.00,-8.00,null,null,LENTES SURFAÇADAS DIGITAIS,null
Optilab,Optilab 06 de abril a 31 de julho de 2026,iTop,Mista,mista,73a6ed4a-7461-411e-815a-9f402c1f7b7b,1.67 UV Led Protection Single Digital,iTop LENTES SURFAÇADAS DIGITAIS 1.67 UV Led Protection Single Digital,visao_simples,Resina,1.67,false,false,true,2567.00,Pagina 39,Vert Clair,Antirreflexo,final,2856.00,2856.00,10.00,-10.00,0.00,-8.00,null,null,LENTES SURFAÇADAS DIGITAIS,null
Optilab,Optilab 06 de abril a 31 de julho de 2026,iTop,Mista,mista,f4b255a1-c264-41e0-a91f-1279fe5c8c63,1.74 Digital,iTop LENTES SURFAÇADAS DIGITAIS 1.74 Digital,indefinida,Resina,1.74,false,false,true,2856.00,Pagina 39,Trio Easy Clean,Antirreflexo,final,2856.00,2856.00,25.00,-30.00,0.00,-8.00,null,null,LENTES SURFAÇADAS DIGITAIS,null
Optilab,Optilab 06 de abril a 31 de julho de 2026,iTop,Mista,mista,f4b255a1-c264-41e0-a91f-1279fe5c8c63,1.74 Digital,iTop LENTES SURFAÇADAS DIGITAIS 1.74 Digital,indefinida,Resina,1.74,false,false,true,2856.00,Pagina 39,Vert Clair,Antirreflexo,final,3407.00,3407.00,25.00,-30.00,0.00,-8.00,null,null,LENTES SURFAÇADAS DIGITAIS,null
Optilab,Optilab 06 de abril a 31 de julho de 2026,iTop,Mista,mista,2c68d638-aae9-44ba-802e-8a94488b6550,1.74 Transitions Gen 8 Digital,iTop LENTES SURFAÇADAS DIGITAIS 1.74 Transitions Gen 8 Digital,indefinida,Resina,1.74,false,false,true,5809.00,Pagina 39,Trio Easy Clean,Antirreflexo,final,5809.00,5809.00,25.00,-30.00,0.00,-8.00,null,null,LENTES SURFAÇADAS DIGITAIS,null
Optilab,Optilab 06 de abril a 31 de julho de 2026,iTop,Mista,mista,2c68d638-aae9-44ba-802e-8a94488b6550,1.74 Transitions Gen 8 Digital,iTop LENTES SURFAÇADAS DIGITAIS 1.74 Transitions Gen 8 Digital,indefinida,Resina,1.74,false,false,true,5809.00,Pagina 39,Vert Clair,Antirreflexo,final,6090.00,6090.00,25.00,-30.00,0.00,-8.00,null,null,LENTES SURFAÇADAS DIGITAIS,null
Optilab,Optilab 06 de abril a 31 de julho de 2026,iTop,Mista,mista,e0b3a03a-143b-4eb6-9cc4-b5e0aa3eec09,1.74 UV Led Protection Single Digital,iTop LENTES SURFAÇADAS DIGITAIS 1.74 UV Led Protection Single Digital,visao_simples,Resina,1.74,false,false,true,3249.00,Pagina 39,Trio Easy Clean,Antirreflexo,final,3249.00,3249.00,25.00,-30.00,0.00,-8.00,null,null,LENTES SURFAÇADAS DIGITAIS,null
Optilab,Optilab 06 de abril a 31 de julho de 2026,iTop,Mista,mista,e0b3a03a-143b-4eb6-9cc4-b5e0aa3eec09,1.74 UV Led Protection Single Digital,iTop LENTES SURFAÇADAS DIGITAIS 1.74 UV Led Protection Single Digital,visao_simples,Resina,1.74,false,false,true,3249.00,Pagina 39,Vert Clair,Antirreflexo,final,3853.00,3853.00,25.00,-30.00,0.00,-8.00,null,null,LENTES SURFAÇADAS DIGITAIS,null
Optilab,Optilab 06 de abril a 31 de julho de 2026,iTop,Mista,mista,34d1dbd3-bbe9-41e5-a6cc-bd3668ec9234,1.50 Espelhado,iTop SOLARES / COLORAÇÃO iTop Summer Progressive 1.50 Espelhado,multifocal,Resina,1.50,true,false,false,2640.00,Pagina 41,null,null,null,null,2640.00,-7.00,6.00,0.00,-6.00,0.50,5.00,SOLARES / COLORAÇÃO,iTop Summer Progressive
Optilab,Optilab 06 de abril a 31 de julho de 2026,iTop,Mista,mista,e421b93b-ae75-4571-8e0f-3f2f7d1f65d7,1.50 Espelhado,iTop SOLARES / COLORAÇÃO iTop Summer Single 1.50 Espelhado,visao_simples,Resina,1.50,true,false,false,1506.00,Pagina 41,null,null,null,null,1506.00,-7.00,6.00,0.00,-6.00,null,null,SOLARES / COLORAÇÃO,iTop Summer Single
Optilab,Optilab 06 de abril a 31 de julho de 2026,iTop Visão Simples - Blocos,Mista,mista,f0fcbfe4-3df4-456a-b8a3-89ab8b4da4ab,1.50,iTop Visão Simples - Blocos 1.50,visao_simples,Resina,1.50,false,false,true,998.00,Pagina 40,Trio Easy Clean,Antirreflexo,final,1080.00,1080.00,-9.00,6.00,0.00,0.00,0.50,5.00,null,null
Optilab,Optilab 06 de abril a 31 de julho de 2026,iTop Visão Simples - Blocos,Mista,mista,f0fcbfe4-3df4-456a-b8a3-89ab8b4da4ab,1.50,iTop Visão Simples - Blocos 1.50,visao_simples,Resina,1.50,false,false,true,998.00,Pagina 40,Verniz Hc,Revestimento,final,998.00,998.00,-9.00,6.00,0.00,0.00,0.50,5.00,null,null
Optilab,Optilab 06 de abril a 31 de julho de 2026,iTop Visão Simples - Blocos,Mista,mista,f0fcbfe4-3df4-456a-b8a3-89ab8b4da4ab,1.50,iTop Visão Simples - Blocos 1.50,visao_simples,Resina,1.50,false,false,true,998.00,Pagina 40,Vert Clair,Antirreflexo,final,1300.00,1300.00,-9.00,6.00,0.00,0.00,0.50,5.00,null,null
Optilab,Optilab 06 de abril a 31 de julho de 2026,iTop Visão Simples - Blocos,Mista,mista,8d4f1236-7720-4dc9-bd78-59ac4b24492b,1.50 + Sun Light Photo,iTop Visão Simples - Blocos 1.50 + Sun Light Photo,visao_simples,Resina,1.50,false,false,true,1210.00,Pagina 40,Trio Easy Clean,Antirreflexo,final,1293.00,1293.00,-9.00,6.00,0.00,0.00,0.50,5.00,null,null
Optilab,Optilab 06 de abril a 31 de julho de 2026,iTop Visão Simples - Blocos,Mista,mista,8d4f1236-7720-4dc9-bd78-59ac4b24492b,1.50 + Sun Light Photo,iTop Visão Simples - Blocos 1.50 + Sun Light Photo,visao_simples,Resina,1.50,false,false,true,1210.00,Pagina 40,Verniz Hc,Revestimento,final,1210.00,1210.00,-9.00,6.00,0.00,0.00,0.50,5.00,null,null
Optilab,Optilab 06 de abril a 31 de julho de 2026,iTop Visão Simples - Blocos,Mista,mista,8d4f1236-7720-4dc9-bd78-59ac4b24492b,1.50 + Sun Light Photo,iTop Visão Simples - Blocos 1.50 + Sun Light Photo,visao_simples,Resina,1.50,false,false,true,1210.00,Pagina 40,Vert Clair,Antirreflexo,final,1513.00,1513.00,-9.00,6.00,0.00,0.00,0.50,5.00,null,null
Optilab,Optilab 06 de abril a 31 de julho de 2026,iTop Visão Simples - Blocos,Mista,mista,a044ffa3-17dd-40cc-941e-5e8bc01cc7a7,1.50 + Transitions Gen S,iTop Visão Simples - Blocos 1.50 + Transitions Gen S,visao_simples,Resina,1.50,false,false,true,2278.00,Pagina 40,Trio Easy Clean,Antirreflexo,final,2361.00,2361.00,-9.00,6.00,0.00,0.00,0.50,5.00,null,null
Optilab,Optilab 06 de abril a 31 de julho de 2026,iTop Visão Simples - Blocos,Mista,mista,a044ffa3-17dd-40cc-941e-5e8bc01cc7a7,1.50 + Transitions Gen S,iTop Visão Simples - Blocos 1.50 + Transitions Gen S,visao_simples,Resina,1.50,false,false,true,2278.00,Pagina 40,Verniz Hc,Revestimento,final,2278.00,2278.00,-9.00,6.00,0.00,0.00,0.50,5.00,null,null
Optilab,Optilab 06 de abril a 31 de julho de 2026,iTop Visão Simples - Blocos,Mista,mista,a044ffa3-17dd-40cc-941e-5e8bc01cc7a7,1.50 + Transitions Gen S,iTop Visão Simples - Blocos 1.50 + Transitions Gen S,visao_simples,Resina,1.50,false,false,true,2278.00,Pagina 40,Vert Clair,Antirreflexo,final,2581.00,2581.00,-9.00,6.00,0.00,0.00,0.50,5.00,null,null
Optilab,Optilab 06 de abril a 31 de julho de 2026,iTop Visão Simples - Blocos,Mista,mista,13fbe351-f95a-4196-8cd2-4de484c7323b,1.50 iTop Sun Light Protection Photo,iTop Visão Simples - Blocos 1.50 iTop Sun Light Protection Photo,visao_simples,Resina,1.50,false,false,true,925.00,Pagina 40,Trio Easy Clean,Antirreflexo,final,1006.00,1006.00,-10.00,10.00,0.00,0.00,0.50,5.00,null,null
Optilab,Optilab 06 de abril a 31 de julho de 2026,iTop Visão Simples - Blocos,Mista,mista,13fbe351-f95a-4196-8cd2-4de484c7323b,1.50 iTop Sun Light Protection Photo,iTop Visão Simples - Blocos 1.50 iTop Sun Light Protection Photo,visao_simples,Resina,1.50,false,false,true,925.00,Pagina 40,Verniz Hc,Revestimento,final,925.00,925.00,-10.00,10.00,0.00,0.00,0.50,5.00,null,null
Optilab,Optilab 06 de abril a 31 de julho de 2026,iTop Visão Simples - Blocos,Mista,mista,13fbe351-f95a-4196-8cd2-4de484c7323b,1.50 iTop Sun Light Protection Photo,iTop Visão Simples - Blocos 1.50 iTop Sun Light Protection Photo,visao_simples,Resina,1.50,false,false,true,925.00,Pagina 40,Vert Clair,Antirreflexo,final,1226.00,1226.00,-10.00,10.00,0.00,0.00,0.50,5.00,null,null
Optilab,Optilab 06 de abril a 31 de julho de 2026,iTop Visão Simples - Blocos,Mista,mista,a057967f-b8e6-4f9f-b1f3-3c96fe24836b,1.56 UV Led Protection,iTop Visão Simples - Blocos 1.56 UV Led Protection,visao_simples,Resina,1.56,false,false,true,1813.00,Pagina 40,Trio Easy Clean,Antirreflexo,final,1895.00,1895.00,-8.00,7.00,0.00,0.00,0.50,5.00,null,null
Optilab,Optilab 06 de abril a 31 de julho de 2026,iTop Visão Simples - Blocos,Mista,mista,a057967f-b8e6-4f9f-b1f3-3c96fe24836b,1.56 UV Led Protection,iTop Visão Simples - Blocos 1.56 UV Led Protection,visao_simples,Resina,1.56,false,false,true,1813.00,Pagina 40,Verniz Hc,Revestimento,final,1813.00,1813.00,-8.00,7.00,0.00,0.00,0.50,5.00,null,null
Optilab,Optilab 06 de abril a 31 de julho de 2026,iTop Visão Simples - Blocos,Mista,mista,a057967f-b8e6-4f9f-b1f3-3c96fe24836b,1.56 UV Led Protection,iTop Visão Simples - Blocos 1.56 UV Led Protection,visao_simples,Resina,1.56,false,false,true,1813.00,Pagina 40,Vert Clair,Antirreflexo,final,2115.00,2115.00,-8.00,7.00,0.00,0.00,0.50,5.00,null,null
Optilab,Optilab 06 de abril a 31 de julho de 2026,iTop Visão Simples - Blocos,Mista,mista,5fba6e3c-7db5-4e5b-92c2-85f6106d19b9,1.59,iTop Visão Simples - Blocos 1.59,visao_simples,Resina,1.59,false,false,true,1140.00,Pagina 40,Trio Easy Clean,Antirreflexo,final,1223.00,1223.00,-10.00,8.00,0.00,0.00,0.50,5.00,null,null
Optilab,Optilab 06 de abril a 31 de julho de 2026,iTop Visão Simples - Blocos,Mista,mista,5fba6e3c-7db5-4e5b-92c2-85f6106d19b9,1.59,iTop Visão Simples - Blocos 1.59,visao_simples,Resina,1.59,false,false,true,1140.00,Pagina 40,Verniz Hc,Revestimento,final,1140.00,1140.00,-10.00,8.00,0.00,0.00,0.50,5.00,null,null
Optilab,Optilab 06 de abril a 31 de julho de 2026,iTop Visão Simples - Blocos,Mista,mista,5fba6e3c-7db5-4e5b-92c2-85f6106d19b9,1.59,iTop Visão Simples - Blocos 1.59,visao_simples,Resina,1.59,false,false,true,1140.00,Pagina 40,Vert Clair,Antirreflexo,final,1443.00,1443.00,-10.00,8.00,0.00,0.00,0.50,5.00,null,null
Optilab,Optilab 06 de abril a 31 de julho de 2026,iTop Visão Simples - Blocos,Mista,mista,709d412b-a247-4d2c-a2d4-813f7ad0cb3b,1.59 + Transitions Gen S,iTop Visão Simples - Blocos 1.59 + Transitions Gen S,visao_simples,Resina,1.59,false,false,true,2958.00,Pagina 40,Trio Easy Clean,Antirreflexo,final,3041.00,3041.00,-10.00,8.00,0.00,0.00,0.50,5.00,null,null
Optilab,Optilab 06 de abril a 31 de julho de 2026,iTop Visão Simples - Blocos,Mista,mista,709d412b-a247-4d2c-a2d4-813f7ad0cb3b,1.59 + Transitions Gen S,iTop Visão Simples - Blocos 1.59 + Transitions Gen S,visao_simples,Resina,1.59,false,false,true,2958.00,Pagina 40,Verniz Hc,Revestimento,final,2958.00,2958.00,-10.00,8.00,0.00,0.00,0.50,5.00,null,null
Optilab,Optilab 06 de abril a 31 de julho de 2026,iTop Visão Simples - Blocos,Mista,mista,709d412b-a247-4d2c-a2d4-813f7ad0cb3b,1.59 + Transitions Gen S,iTop Visão Simples - Blocos 1.59 + Transitions Gen S,visao_simples,Resina,1.59,false,false,true,2958.00,Pagina 40,Vert Clair,Antirreflexo,final,3261.00,3261.00,-10.00,8.00,0.00,0.00,0.50,5.00,null,null
Optilab,Optilab 06 de abril a 31 de julho de 2026,iTop Visão Simples - Blocos,Mista,mista,9e5486a7-c66e-447b-8f1d-32cf1dc9251d,1.67,iTop Visão Simples - Blocos 1.67,visao_simples,Resina,1.67,false,false,true,3548.00,Pagina 40,Trio Easy Clean,Antirreflexo,final,3548.00,3548.00,-12.00,9.00,0.00,0.00,0.50,5.00,null,null
Optilab,Optilab 06 de abril a 31 de julho de 2026,iTop Visão Simples - Blocos,Mista,mista,9e5486a7-c66e-447b-8f1d-32cf1dc9251d,1.67,iTop Visão Simples - Blocos 1.67,visao_simples,Resina,1.67,false,false,true,3548.00,Pagina 40,Vert Clair,Antirreflexo,final,3768.00,3768.00,-12.00,9.00,0.00,0.00,0.50,5.00,null,null
Optilab,Optilab 06 de abril a 31 de julho de 2026,iTop Visão Simples - Blocos,Mista,mista,73e6a022-7530-41a8-ba17-f4e570280bdc,1.67 + Transitions Gen S,iTop Visão Simples - Blocos 1.67 + Transitions Gen S,visao_simples,Resina,1.67,false,false,true,7480.00,Pagina 40,Trio Easy Clean,Antirreflexo,final,7480.00,7480.00,-12.00,9.00,0.00,0.00,0.50,5.00,null,null
Optilab,Optilab 06 de abril a 31 de julho de 2026,iTop Visão Simples - Blocos,Mista,mista,73e6a022-7530-41a8-ba17-f4e570280bdc,1.67 + Transitions Gen S,iTop Visão Simples - Blocos 1.67 + Transitions Gen S,visao_simples,Resina,1.67,false,false,true,7480.00,Pagina 40,Vert Clair,Antirreflexo,final,7700.00,7700.00,-12.00,9.00,0.00,0.00,0.50,5.00,null,null
Optilab,Optilab 06 de abril a 31 de julho de 2026,iTop Visão Simples - Blocos,Mista,mista,80988ef6-98fb-46c7-894d-8e5cd6068370,1.67 UV Led Protection,iTop Visão Simples - Blocos 1.67 UV Led Protection,visao_simples,Resina,1.67,false,false,true,3890.00,Pagina 40,Trio Easy Clean,Antirreflexo,final,3890.00,3890.00,-12.00,9.00,0.00,0.00,0.50,5.00,null,null
Optilab,Optilab 06 de abril a 31 de julho de 2026,iTop Visão Simples - Blocos,Mista,mista,80988ef6-98fb-46c7-894d-8e5cd6068370,1.67 UV Led Protection,iTop Visão Simples - Blocos 1.67 UV Led Protection,visao_simples,Resina,1.67,false,false,true,3890.00,Pagina 40,Vert Clair,Antirreflexo,final,4110.00,4110.00,-12.00,9.00,0.00,0.00,0.50,5.00,null,null
Optilab,Optilab 06 de abril a 31 de julho de 2026,iTop Visão Simples - Blocos,Mista,mista,424cea5d-3442-439f-bec2-2df6c770efe2,1.74,iTop Visão Simples - Blocos 1.74,visao_simples,Resina,1.74,false,false,true,5647.00,Pagina 40,Trio Easy Clean,Antirreflexo,final,5647.00,5647.00,-15.00,12.00,0.00,0.00,0.50,5.00,null,null
Optilab,Optilab 06 de abril a 31 de julho de 2026,iTop Visão Simples - Blocos,Mista,mista,424cea5d-3442-439f-bec2-2df6c770efe2,1.74,iTop Visão Simples - Blocos 1.74,visao_simples,Resina,1.74,false,false,true,5647.00,Pagina 40,Vert Clair,Antirreflexo,final,5867.00,5867.00,-15.00,12.00,0.00,0.00,0.50,5.00,null,null
Optilab,Optilab 06 de abril a 31 de julho de 2026,iTop Visão Simples - Blocos,Mista,mista,77864c4a-20ee-4e81-a269-74fd558d7933,1.74 + Transitions Gen S,iTop Visão Simples - Blocos 1.74 + Transitions Gen S,visao_simples,Resina,1.74,false,false,true,9753.00,Pagina 40,Trio Easy Clean,Antirreflexo,final,9753.00,9753.00,-15.00,12.00,0.00,0.00,0.50,5.00,null,null
Optilab,Optilab 06 de abril a 31 de julho de 2026,iTop Visão Simples - Blocos,Mista,mista,77864c4a-20ee-4e81-a269-74fd558d7933,1.74 + Transitions Gen S,iTop Visão Simples - Blocos 1.74 + Transitions Gen S,visao_simples,Resina,1.74,false,false,true,9753.00,Pagina 40,Vert Clair,Antirreflexo,final,9973.00,9973.00,-15.00,12.00,0.00,0.00,0.50,5.00,null,null
Optilab,Optilab 06 de abril a 31 de julho de 2026,iTop Visão Simples - Blocos,Mista,mista,d1c5f915-2026-46d3-a03a-8114898b14f3,1.74 UV Led Protection,iTop Visão Simples - Blocos 1.74 UV Led Protection,visao_simples,Resina,1.74,false,false,true,5963.00,Pagina 40,Trio Easy Clean,Antirreflexo,final,5963.00,5963.00,-12.00,9.00,0.00,0.00,0.50,5.00,null,null
Optilab,Optilab 06 de abril a 31 de julho de 2026,iTop Visão Simples - Blocos,Mista,mista,d1c5f915-2026-46d3-a03a-8114898b14f3,1.74 UV Led Protection,iTop Visão Simples - Blocos 1.74 UV Led Protection,visao_simples,Resina,1.74,false,false,true,5963.00,Pagina 40,Vert Clair,Antirreflexo,final,6183.00,6183.00,-12.00,9.00,0.00,0.00,0.50,5.00,null,null
Optilab,Optilab 06 de abril a 31 de julho de 2026,LENTES BIFOCAIS,Bifocal,bifocal,dee602f8-766d-4a92-b070-b0e72ffd17ce,Flap Top CR-39,LENTES BIFOCAIS Flap Top CR-39,bifocal,Resina,1.50,false,false,true,746.00,Pagina 38,Trio Easy Clean,Antirreflexo,final,746.00,746.00,-8.00,6.00,0.00,-6.00,1.00,3.50,null,null
Optilab,Optilab 06 de abril a 31 de julho de 2026,LENTES BIFOCAIS,Bifocal,bifocal,e658db91-81c4-45af-bdf6-a1e66fcecabf,Flap Top CR-39,LENTES BIFOCAIS Flap Top CR-39,bifocal,Resina,1.50,false,false,true,748.00,Pagina 38,Trio Easy Clean,Antirreflexo,final,746.00,746.00,-8.00,6.00,0.00,-6.00,1.00,3.50,null,null
Optilab,Optilab 06 de abril a 31 de julho de 2026,LENTES BIFOCAIS,Bifocal,bifocal,e658db91-81c4-45af-bdf6-a1e66fcecabf,Flap Top CR-39,LENTES BIFOCAIS Flap Top CR-39,bifocal,Resina,1.50,false,false,true,748.00,Pagina 38,Verniz Hc,Revestimento,final,748.00,748.00,-8.00,6.00,0.00,-6.00,1.00,3.50,null,null
Optilab,Optilab 06 de abril a 31 de julho de 2026,LENTES BIFOCAIS,Bifocal,bifocal,dee602f8-766d-4a92-b070-b0e72ffd17ce,Flap Top CR-39,LENTES BIFOCAIS Flap Top CR-39,bifocal,Resina,1.50,false,false,true,746.00,Pagina 38,Verniz Hc,Revestimento,final,748.00,748.00,-8.00,6.00,0.00,-6.00,1.00,3.50,null,null
Optilab,Optilab 06 de abril a 31 de julho de 2026,LENTES BIFOCAIS,Bifocal,bifocal,dee602f8-766d-4a92-b070-b0e72ffd17ce,Flap Top CR-39,LENTES BIFOCAIS Flap Top CR-39,bifocal,Resina,1.50,false,false,true,746.00,Pagina 38,Vert Clair,Antirreflexo,final,1026.00,1026.00,-8.00,6.00,0.00,-6.00,1.00,3.50,null,null
Optilab,Optilab 06 de abril a 31 de julho de 2026,LENTES BIFOCAIS,Bifocal,bifocal,e658db91-81c4-45af-bdf6-a1e66fcecabf,Flap Top CR-39,LENTES BIFOCAIS Flap Top CR-39,bifocal,Resina,1.50,false,false,true,748.00,Pagina 38,Vert Clair,Antirreflexo,final,1026.00,1026.00,-8.00,6.00,0.00,-6.00,1.00,3.50,null,null
Optilab,Optilab 06 de abril a 31 de julho de 2026,LENTES BIFOCAIS,Bifocal,bifocal,b8a1a6ef-8d8e-4fd6-bf74-054fd04eb331,Flap Top CR-39 + Transitions Gen S,LENTES BIFOCAIS Flap Top CR-39 + Transitions Gen S,bifocal,Resina,1.50,false,false,true,1939.00,Pagina 38,Trio Easy Clean,Antirreflexo,final,1936.00,1936.00,-6.00,7.00,0.00,-6.00,1.00,3.00,null,null
Optilab,Optilab 06 de abril a 31 de julho de 2026,LENTES BIFOCAIS,Bifocal,bifocal,ccf007e9-9824-4df4-90ac-6ee33c459ba4,Flap Top CR-39 + Transitions Gen S,LENTES BIFOCAIS Flap Top CR-39 + Transitions Gen S,bifocal,Resina,1.50,false,false,true,1936.00,Pagina 38,Trio Easy Clean,Antirreflexo,final,1936.00,1936.00,-6.00,7.00,0.00,-6.00,1.00,3.00,null,null
Optilab,Optilab 06 de abril a 31 de julho de 2026,LENTES BIFOCAIS,Bifocal,bifocal,b8a1a6ef-8d8e-4fd6-bf74-054fd04eb331,Flap Top CR-39 + Transitions Gen S,LENTES BIFOCAIS Flap Top CR-39 + Transitions Gen S,bifocal,Resina,1.50,false,false,true,1939.00,Pagina 38,Verniz Hc,Revestimento,final,1939.00,1939.00,-6.00,7.00,0.00,-6.00,1.00,3.00,null,null
Optilab,Optilab 06 de abril a 31 de julho de 2026,LENTES BIFOCAIS,Bifocal,bifocal,ccf007e9-9824-4df4-90ac-6ee33c459ba4,Flap Top CR-39 + Transitions Gen S,LENTES BIFOCAIS Flap Top CR-39 + Transitions Gen S,bifocal,Resina,1.50,false,false,true,1936.00,Pagina 38,Verniz Hc,Revestimento,final,1939.00,1939.00,-6.00,7.00,0.00,-6.00,1.00,3.00,null,null
Optilab,Optilab 06 de abril a 31 de julho de 2026,LENTES BIFOCAIS,Bifocal,bifocal,ccf007e9-9824-4df4-90ac-6ee33c459ba4,Flap Top CR-39 + Transitions Gen S,LENTES BIFOCAIS Flap Top CR-39 + Transitions Gen S,bifocal,Resina,1.50,false,false,true,1936.00,Pagina 38,Vert Clair,Antirreflexo,final,2217.00,2217.00,-6.00,7.00,0.00,-6.00,1.00,3.00,null,null
Optilab,Optilab 06 de abril a 31 de julho de 2026,LENTES BIFOCAIS,Bifocal,bifocal,b8a1a6ef-8d8e-4fd6-bf74-054fd04eb331,Flap Top CR-39 + Transitions Gen S,LENTES BIFOCAIS Flap Top CR-39 + Transitions Gen S,bifocal,Resina,1.50,false,false,true,1939.00,Pagina 38,Vert Clair,Antirreflexo,final,2217.00,2217.00,-6.00,7.00,0.00,-6.00,1.00,3.00,null,null
Optilab,Optilab 06 de abril a 31 de julho de 2026,LENTES BIFOCAIS,Bifocal,bifocal,d45e5bc3-288a-4aa3-9ac1-c2669cc9474c,iTop Hyper Bifocal 1.60,LENTES BIFOCAIS iTop Hyper Bifocal 1.60,bifocal,Resina,1.60,false,false,true,1306.00,Pagina 38,Trio Easy Clean,Antirreflexo,final,1550.00,1550.00,-6.00,10.00,0.00,-6.00,1.00,3.00,null,null
Optilab,Optilab 06 de abril a 31 de julho de 2026,LENTES BIFOCAIS,Bifocal,bifocal,d45e5bc3-288a-4aa3-9ac1-c2669cc9474c,iTop Hyper Bifocal 1.60,LENTES BIFOCAIS iTop Hyper Bifocal 1.60,bifocal,Resina,1.60,false,false,true,1306.00,Pagina 38,Verniz Hc,Revestimento,final,1306.00,1306.00,-6.00,10.00,0.00,-6.00,1.00,3.00,null,null
Optilab,Optilab 06 de abril a 31 de julho de 2026,LENTES BIFOCAIS,Bifocal,bifocal,d45e5bc3-288a-4aa3-9ac1-c2669cc9474c,iTop Hyper Bifocal 1.60,LENTES BIFOCAIS iTop Hyper Bifocal 1.60,bifocal,Resina,1.60,false,false,true,1306.00,Pagina 38,Vert Clair,Antirreflexo,final,1830.00,1830.00,-6.00,10.00,0.00,-6.00,1.00,3.00,null,null
Optilab,Optilab 06 de abril a 31 de julho de 2026,LENTES BIFOCAIS,Bifocal,bifocal,79c47026-cb66-447b-8df8-ea00d41efb7c,iTop Hyper Bifocal 1.67,LENTES BIFOCAIS iTop Hyper Bifocal 1.67,bifocal,Resina,1.67,false,false,true,1446.00,Pagina 38,Trio Easy Clean,Antirreflexo,final,1690.00,1690.00,-6.00,14.00,0.00,-6.00,1.00,3.00,null,null
Optilab,Optilab 06 de abril a 31 de julho de 2026,LENTES BIFOCAIS,Bifocal,bifocal,79c47026-cb66-447b-8df8-ea00d41efb7c,iTop Hyper Bifocal 1.67,LENTES BIFOCAIS iTop Hyper Bifocal 1.67,bifocal,Resina,1.67,false,false,true,1446.00,Pagina 38,Verniz Hc,Revestimento,final,1446.00,1446.00,-6.00,14.00,0.00,-6.00,1.00,3.00,null,null
Optilab,Optilab 06 de abril a 31 de julho de 2026,LENTES BIFOCAIS,Bifocal,bifocal,79c47026-cb66-447b-8df8-ea00d41efb7c,iTop Hyper Bifocal 1.67,LENTES BIFOCAIS iTop Hyper Bifocal 1.67,bifocal,Resina,1.67,false,false,true,1446.00,Pagina 38,Vert Clair,Antirreflexo,final,1970.00,1970.00,-6.00,14.00,0.00,-6.00,1.00,3.00,null,null
Optilab,Optilab 06 de abril a 31 de julho de 2026,LENTES BIFOCAIS,Bifocal,bifocal,c2f5dc5b-409b-40e1-9bbc-023e6f1271cf,iTop Hyper Bifocal Poly,LENTES BIFOCAIS iTop Hyper Bifocal Poly,bifocal,Policarbonato,1.59,false,false,true,1052.00,Pagina 38,Trio Easy Clean,Antirreflexo,final,1296.00,1296.00,-6.00,9.00,0.00,-6.00,1.00,3.00,null,null
Optilab,Optilab 06 de abril a 31 de julho de 2026,LENTES BIFOCAIS,Bifocal,bifocal,c2f5dc5b-409b-40e1-9bbc-023e6f1271cf,iTop Hyper Bifocal Poly,LENTES BIFOCAIS iTop Hyper Bifocal Poly,bifocal,Policarbonato,1.59,false,false,true,1052.00,Pagina 38,Verniz Hc,Revestimento,final,1052.00,1052.00,-6.00,9.00,0.00,-6.00,1.00,3.00,null,null
Optilab,Optilab 06 de abril a 31 de julho de 2026,LENTES BIFOCAIS,Bifocal,bifocal,c2f5dc5b-409b-40e1-9bbc-023e6f1271cf,iTop Hyper Bifocal Poly,LENTES BIFOCAIS iTop Hyper Bifocal Poly,bifocal,Policarbonato,1.59,false,false,true,1052.00,Pagina 38,Vert Clair,Antirreflexo,final,1577.00,1577.00,-6.00,9.00,0.00,-6.00,1.00,3.00,null,null
Optilab,Optilab 06 de abril a 31 de julho de 2026,LENTES BIFOCAIS,Bifocal,bifocal,c7a5a7c3-a88d-4094-b17b-b51e337828e9,Ultex CR-39,LENTES BIFOCAIS Ultex CR-39,bifocal,Resina,1.50,false,false,true,605.00,Pagina 38,Trio Easy Clean,Antirreflexo,final,603.00,603.00,-4.00,8.00,0.00,-6.00,1.00,3.50,null,null
Optilab,Optilab 06 de abril a 31 de julho de 2026,LENTES BIFOCAIS,Bifocal,bifocal,1c297d23-17e8-4c01-a577-c9c58a6ea7a0,Ultex CR-39,LENTES BIFOCAIS Ultex CR-39,bifocal,Resina,1.50,false,false,true,603.00,Pagina 38,Trio Easy Clean,Antirreflexo,final,603.00,603.00,-4.00,8.00,0.00,-6.00,1.00,3.50,null,null
Optilab,Optilab 06 de abril a 31 de julho de 2026,LENTES BIFOCAIS,Bifocal,bifocal,1c297d23-17e8-4c01-a577-c9c58a6ea7a0,Ultex CR-39,LENTES BIFOCAIS Ultex CR-39,bifocal,Resina,1.50,false,false,true,603.00,Pagina 38,Verniz Hc,Revestimento,final,605.00,605.00,-4.00,8.00,0.00,-6.00,1.00,3.50,null,null
Optilab,Optilab 06 de abril a 31 de julho de 2026,LENTES BIFOCAIS,Bifocal,bifocal,c7a5a7c3-a88d-4094-b17b-b51e337828e9,Ultex CR-39,LENTES BIFOCAIS Ultex CR-39,bifocal,Resina,1.50,false,false,true,605.00,Pagina 38,Verniz Hc,Revestimento,final,605.00,605.00,-4.00,8.00,0.00,-6.00,1.00,3.50,null,null
Optilab,Optilab 06 de abril a 31 de julho de 2026,LENTES BIFOCAIS,Bifocal,bifocal,c7a5a7c3-a88d-4094-b17b-b51e337828e9,Ultex CR-39,LENTES BIFOCAIS Ultex CR-39,bifocal,Resina,1.50,false,false,true,605.00,Pagina 38,Vert Clair,Antirreflexo,final,884.00,884.00,-4.00,8.00,0.00,-6.00,1.00,3.50,null,null
Optilab,Optilab 06 de abril a 31 de julho de 2026,LENTES BIFOCAIS,Bifocal,bifocal,1c297d23-17e8-4c01-a577-c9c58a6ea7a0,Ultex CR-39,LENTES BIFOCAIS Ultex CR-39,bifocal,Resina,1.50,false,false,true,603.00,Pagina 38,Vert Clair,Antirreflexo,final,884.00,884.00,-4.00,8.00,0.00,-6.00,1.00,3.50,null,null
Optilab,Optilab 06 de abril a 31 de julho de 2026,LENTES BIFOCAIS,Bifocal,bifocal,b61941dc-ad5b-44b7-bd3f-65ccf300bf5c,Ultex CR-39 + Transitions Gen S,LENTES BIFOCAIS Ultex CR-39 + Transitions Gen S,bifocal,Resina,1.50,false,false,true,1992.00,Pagina 38,Trio Easy Clean,Antirreflexo,final,1989.00,1989.00,-4.00,8.00,0.00,-6.00,1.00,3.00,null,null
Optilab,Optilab 06 de abril a 31 de julho de 2026,LENTES BIFOCAIS,Bifocal,bifocal,c11d9820-2d7b-4862-b4d3-65b196c22211,Ultex CR-39 + Transitions Gen S,LENTES BIFOCAIS Ultex CR-39 + Transitions Gen S,bifocal,Resina,1.50,false,false,true,1989.00,Pagina 38,Trio Easy Clean,Antirreflexo,final,1989.00,1989.00,-4.00,8.00,0.00,-6.00,1.00,3.00,null,null
Optilab,Optilab 06 de abril a 31 de julho de 2026,LENTES BIFOCAIS,Bifocal,bifocal,b61941dc-ad5b-44b7-bd3f-65ccf300bf5c,Ultex CR-39 + Transitions Gen S,LENTES BIFOCAIS Ultex CR-39 + Transitions Gen S,bifocal,Resina,1.50,false,false,true,1992.00,Pagina 38,Verniz Hc,Revestimento,final,1992.00,1992.00,-4.00,8.00,0.00,-6.00,1.00,3.00,null,null
Optilab,Optilab 06 de abril a 31 de julho de 2026,LENTES BIFOCAIS,Bifocal,bifocal,c11d9820-2d7b-4862-b4d3-65b196c22211,Ultex CR-39 + Transitions Gen S,LENTES BIFOCAIS Ultex CR-39 + Transitions Gen S,bifocal,Resina,1.50,false,false,true,1989.00,Pagina 38,Verniz Hc,Revestimento,final,1992.00,1992.00,-4.00,8.00,0.00,-6.00,1.00,3.00,null,null
Optilab,Optilab 06 de abril a 31 de julho de 2026,LENTES BIFOCAIS,Bifocal,bifocal,b61941dc-ad5b-44b7-bd3f-65ccf300bf5c,Ultex CR-39 + Transitions Gen S,LENTES BIFOCAIS Ultex CR-39 + Transitions Gen S,bifocal,Resina,1.50,false,false,true,1992.00,Pagina 38,Vert Clair,Antirreflexo,final,2270.00,2270.00,-4.00,8.00,0.00,-6.00,1.00,3.00,null,null
Optilab,Optilab 06 de abril a 31 de julho de 2026,LENTES BIFOCAIS,Bifocal,bifocal,c11d9820-2d7b-4862-b4d3-65b196c22211,Ultex CR-39 + Transitions Gen S,LENTES BIFOCAIS Ultex CR-39 + Transitions Gen S,bifocal,Resina,1.50,false,false,true,1989.00,Pagina 38,Vert Clair,Antirreflexo,final,2270.00,2270.00,-4.00,8.00,0.00,-6.00,1.00,3.00,null,null
Optilab,Optilab 06 de abril a 31 de julho de 2026,LENTES ESPACE®,Progressiva,mista,cbdc5988-bd4c-4ff9-ad6e-b982b00655e0,1.67,LENTES ESPACE® 1.67,multifocal,Resina,1.67,false,false,true,2561.00,Pagina 37,Crizal Easy Pro,Antirreflexo,final,3242.00,3242.00,-14.00,8.00,0.00,-6.00,1.00,3.50,null,null
Optilab,Optilab 06 de abril a 31 de julho de 2026,LENTES ESPACE®,Progressiva,mista,cbdc5988-bd4c-4ff9-ad6e-b982b00655e0,1.67,LENTES ESPACE® 1.67,multifocal,Resina,1.67,false,false,true,2561.00,Pagina 37,Optifog,Antirreflexo,final,3242.00,3242.00,-14.00,8.00,0.00,-6.00,1.00,3.50,null,null
Optilab,Optilab 06 de abril a 31 de julho de 2026,LENTES ESPACE®,Progressiva,mista,cbdc5988-bd4c-4ff9-ad6e-b982b00655e0,1.67,LENTES ESPACE® 1.67,multifocal,Resina,1.67,false,false,true,2561.00,Pagina 37,Trio Easy Clean,Antirreflexo,final,2950.00,2950.00,-14.00,8.00,0.00,-6.00,1.00,3.50,null,null
Optilab,Optilab 06 de abril a 31 de julho de 2026,LENTES ESPACE®,Progressiva,mista,cbdc5988-bd4c-4ff9-ad6e-b982b00655e0,1.67,LENTES ESPACE® 1.67,multifocal,Resina,1.67,false,false,true,2561.00,Pagina 37,Verniz Hc,Revestimento,final,2561.00,2561.00,-14.00,8.00,0.00,-6.00,1.00,3.50,null,null
Optilab,Optilab 06 de abril a 31 de julho de 2026,LENTES ESPACE®,Progressiva,mista,4eddb892-0c65-4827-b966-395457b1491e,1.67 + Transitions Gen S,LENTES ESPACE® 1.67 + Transitions Gen S,multifocal,Resina,1.67,false,false,true,3406.00,Pagina 37,Crizal Easy Pro,Antirreflexo,final,4087.00,4087.00,-14.00,8.00,0.00,-6.00,1.00,3.50,null,null
Optilab,Optilab 06 de abril a 31 de julho de 2026,LENTES ESPACE®,Progressiva,mista,4eddb892-0c65-4827-b966-395457b1491e,1.67 + Transitions Gen S,LENTES ESPACE® 1.67 + Transitions Gen S,multifocal,Resina,1.67,false,false,true,3406.00,Pagina 37,Optifog,Antirreflexo,final,4087.00,4087.00,-14.00,8.00,0.00,-6.00,1.00,3.50,null,null
Optilab,Optilab 06 de abril a 31 de julho de 2026,LENTES ESPACE®,Progressiva,mista,4eddb892-0c65-4827-b966-395457b1491e,1.67 + Transitions Gen S,LENTES ESPACE® 1.67 + Transitions Gen S,multifocal,Resina,1.67,false,false,true,3406.00,Pagina 37,Trio Easy Clean,Antirreflexo,final,3794.00,3794.00,-14.00,8.00,0.00,-6.00,1.00,3.50,null,null
Optilab,Optilab 06 de abril a 31 de julho de 2026,LENTES ESPACE®,Progressiva,mista,4eddb892-0c65-4827-b966-395457b1491e,1.67 + Transitions Gen S,LENTES ESPACE® 1.67 + Transitions Gen S,multifocal,Resina,1.67,false,false,true,3406.00,Pagina 37,Verniz Hc,Revestimento,final,3406.00,3406.00,-14.00,8.00,0.00,-6.00,1.00,3.50,null,null
Optilab,Optilab 06 de abril a 31 de julho de 2026,LENTES ESPACE®,Progressiva,mista,3f48fbd0-654b-4413-89bd-d0364d9a01c5,1.67,LENTES ESPACE® DIGITAL 1.67,multifocal,Resina,1.67,false,false,true,2381.00,Pagina 37,Crizal Easy Pro,Antirreflexo,final,2561.00,2561.00,-14.00,8.00,0.00,-6.00,1.00,3.50,DIGITAL,null
Optilab,Optilab 06 de abril a 31 de julho de 2026,LENTES ESPACE®,Progressiva,mista,3f48fbd0-654b-4413-89bd-d0364d9a01c5,1.67,LENTES ESPACE® DIGITAL 1.67,multifocal,Resina,1.67,false,false,true,2381.00,Pagina 37,Crizal Prevencia,Antirreflexo,final,3242.00,3242.00,-14.00,8.00,0.00,-6.00,1.00,3.50,DIGITAL,null
Optilab,Optilab 06 de abril a 31 de julho de 2026,LENTES ESPACE®,Progressiva,mista,3f48fbd0-654b-4413-89bd-d0364d9a01c5,1.67,LENTES ESPACE® DIGITAL 1.67,multifocal,Resina,1.67,false,false,true,2381.00,Pagina 37,Crizal Rock,Antirreflexo,final,2950.00,2950.00,-14.00,8.00,0.00,-6.00,1.00,3.50,DIGITAL,null
Optilab,Optilab 06 de abril a 31 de julho de 2026,LENTES ESPACE®,Progressiva,mista,3f48fbd0-654b-4413-89bd-d0364d9a01c5,1.67,LENTES ESPACE® DIGITAL 1.67,multifocal,Resina,1.67,false,false,true,2381.00,Pagina 37,Crizal Sapphire HR,Antirreflexo,final,3242.00,3242.00,-14.00,8.00,0.00,-6.00,1.00,3.50,DIGITAL,null
Optilab,Optilab 06 de abril a 31 de julho de 2026,LENTES ESPACE®,Progressiva,mista,3f48fbd0-654b-4413-89bd-d0364d9a01c5,1.67,LENTES ESPACE® DIGITAL 1.67,multifocal,Resina,1.67,false,false,true,2381.00,Pagina 37,Optifog,Antirreflexo,final,2861.00,2861.00,-14.00,8.00,0.00,-6.00,1.00,3.50,DIGITAL,null
Optilab,Optilab 06 de abril a 31 de julho de 2026,LENTES ESPACE®,Progressiva,mista,3f48fbd0-654b-4413-89bd-d0364d9a01c5,1.67,LENTES ESPACE® DIGITAL 1.67,multifocal,Resina,1.67,false,false,true,2381.00,Pagina 37,Trio Easy Clean,Antirreflexo,final,2381.00,2381.00,-14.00,8.00,0.00,-6.00,1.00,3.50,DIGITAL,null
Optilab,Optilab 06 de abril a 31 de julho de 2026,LENTES ESPACE®,Progressiva,mista,67ef34d0-4eef-4a9e-bd30-4a45143ef281,1.67 + Transitions Gen S,LENTES ESPACE® DIGITAL 1.67 + Transitions Gen S,multifocal,Resina,1.67,false,false,true,3226.00,Pagina 37,Crizal Easy Pro,Antirreflexo,final,3406.00,3406.00,-14.00,8.00,0.00,-6.00,1.00,3.50,DIGITAL,null
Optilab,Optilab 06 de abril a 31 de julho de 2026,LENTES ESPACE®,Progressiva,mista,67ef34d0-4eef-4a9e-bd30-4a45143ef281,1.67 + Transitions Gen S,LENTES ESPACE® DIGITAL 1.67 + Transitions Gen S,multifocal,Resina,1.67,false,false,true,3226.00,Pagina 37,Crizal Prevencia,Antirreflexo,final,4087.00,4087.00,-14.00,8.00,0.00,-6.00,1.00,3.50,DIGITAL,null
Optilab,Optilab 06 de abril a 31 de julho de 2026,LENTES ESPACE®,Progressiva,mista,67ef34d0-4eef-4a9e-bd30-4a45143ef281,1.67 + Transitions Gen S,LENTES ESPACE® DIGITAL 1.67 + Transitions Gen S,multifocal,Resina,1.67,false,false,true,3226.00,Pagina 37,Crizal Rock,Antirreflexo,final,3794.00,3794.00,-14.00,8.00,0.00,-6.00,1.00,3.50,DIGITAL,null
Optilab,Optilab 06 de abril a 31 de julho de 2026,LENTES ESPACE®,Progressiva,mista,67ef34d0-4eef-4a9e-bd30-4a45143ef281,1.67 + Transitions Gen S,LENTES ESPACE® DIGITAL 1.67 + Transitions Gen S,multifocal,Resina,1.67,false,false,true,3226.00,Pagina 37,Crizal Sapphire HR,Antirreflexo,final,4087.00,4087.00,-14.00,8.00,0.00,-6.00,1.00,3.50,DIGITAL,null
Optilab,Optilab 06 de abril a 31 de julho de 2026,LENTES ESPACE®,Progressiva,mista,67ef34d0-4eef-4a9e-bd30-4a45143ef281,1.67 + Transitions Gen S,LENTES ESPACE® DIGITAL 1.67 + Transitions Gen S,multifocal,Resina,1.67,false,false,true,3226.00,Pagina 37,Optifog,Antirreflexo,final,3706.00,3706.00,-14.00,8.00,0.00,-6.00,1.00,3.50,DIGITAL,null
Optilab,Optilab 06 de abril a 31 de julho de 2026,LENTES ESPACE®,Progressiva,mista,67ef34d0-4eef-4a9e-bd30-4a45143ef281,1.67 + Transitions Gen S,LENTES ESPACE® DIGITAL 1.67 + Transitions Gen S,multifocal,Resina,1.67,false,false,true,3226.00,Pagina 37,Trio Easy Clean,Antirreflexo,final,3226.00,3226.00,-14.00,8.00,0.00,-6.00,1.00,3.50,DIGITAL,null
Optilab,Optilab 06 de abril a 31 de julho de 2026,LENTES ESPACE®,Progressiva,mista,29798e4a-3f04-4f93-9a80-4036e5cd9064,Orma,LENTES ESPACE® DIGITAL Orma,multifocal,Resina,1.50,false,false,true,844.00,Pagina 37,Crizal Easy Pro,Antirreflexo,final,1159.00,1159.00,-10.25,5.25,0.00,-6.00,1.00,3.50,DIGITAL,null
Optilab,Optilab 06 de abril a 31 de julho de 2026,LENTES ESPACE®,Progressiva,mista,29798e4a-3f04-4f93-9a80-4036e5cd9064,Orma,LENTES ESPACE® DIGITAL Orma,multifocal,Resina,1.50,false,false,true,844.00,Pagina 37,Crizal Prevencia,Antirreflexo,final,1937.00,1937.00,-10.25,5.25,0.00,-6.00,1.00,3.50,DIGITAL,null
Optilab,Optilab 06 de abril a 31 de julho de 2026,LENTES ESPACE®,Progressiva,mista,29798e4a-3f04-4f93-9a80-4036e5cd9064,Orma,LENTES ESPACE® DIGITAL Orma,multifocal,Resina,1.50,false,false,true,844.00,Pagina 37,Crizal Rock,Antirreflexo,final,1644.00,1644.00,-10.25,5.25,0.00,-6.00,1.00,3.50,DIGITAL,null
Optilab,Optilab 06 de abril a 31 de julho de 2026,LENTES ESPACE®,Progressiva,mista,29798e4a-3f04-4f93-9a80-4036e5cd9064,Orma,LENTES ESPACE® DIGITAL Orma,multifocal,Resina,1.50,false,false,true,844.00,Pagina 37,Crizal Sapphire HR,Antirreflexo,final,1937.00,1937.00,-10.25,5.25,0.00,-6.00,1.00,3.50,DIGITAL,null
Optilab,Optilab 06 de abril a 31 de julho de 2026,LENTES ESPACE®,Progressiva,mista,29798e4a-3f04-4f93-9a80-4036e5cd9064,Orma,LENTES ESPACE® DIGITAL Orma,multifocal,Resina,1.50,false,false,true,844.00,Pagina 37,Optifog,Antirreflexo,final,1547.00,1547.00,-10.25,5.25,0.00,-6.00,1.00,3.50,DIGITAL,null
Optilab,Optilab 06 de abril a 31 de julho de 2026,LENTES ESPACE®,Progressiva,mista,29798e4a-3f04-4f93-9a80-4036e5cd9064,Orma,LENTES ESPACE® DIGITAL Orma,multifocal,Resina,1.50,false,false,true,844.00,Pagina 37,Trio Easy Clean,Antirreflexo,final,947.00,947.00,-10.25,5.25,0.00,-6.00,1.00,3.50,DIGITAL,null
Optilab,Optilab 06 de abril a 31 de julho de 2026,LENTES ESPACE®,Progressiva,mista,29798e4a-3f04-4f93-9a80-4036e5cd9064,Orma,LENTES ESPACE® DIGITAL Orma,multifocal,Resina,1.50,false,false,true,844.00,Pagina 37,Verniz Hc,Revestimento,final,844.00,844.00,-10.25,5.25,0.00,-6.00,1.00,3.50,DIGITAL,null
Optilab,Optilab 06 de abril a 31 de julho de 2026,LENTES ESPACE®,Progressiva,mista,6ac65f90-6911-455a-bcad-76f84c5692c5,Orma + Blue UV Filter,LENTES ESPACE® DIGITAL Orma + Blue UV Filter,multifocal,Resina,1.50,false,false,true,1066.00,Pagina 37,Crizal Easy Pro,Antirreflexo,final,1255.00,1255.00,-10.25,5.25,0.00,-6.00,1.00,3.50,DIGITAL,null
Optilab,Optilab 06 de abril a 31 de julho de 2026,LENTES ESPACE®,Progressiva,mista,6ac65f90-6911-455a-bcad-76f84c5692c5,Orma + Blue UV Filter,LENTES ESPACE® DIGITAL Orma + Blue UV Filter,multifocal,Resina,1.50,false,false,true,1066.00,Pagina 37,Crizal Prevencia,Antirreflexo,final,2040.00,2040.00,-10.25,5.25,0.00,-6.00,1.00,3.50,DIGITAL,null
Optilab,Optilab 06 de abril a 31 de julho de 2026,LENTES ESPACE®,Progressiva,mista,6ac65f90-6911-455a-bcad-76f84c5692c5,Orma + Blue UV Filter,LENTES ESPACE® DIGITAL Orma + Blue UV Filter,multifocal,Resina,1.50,false,false,true,1066.00,Pagina 37,Crizal Rock,Antirreflexo,final,1656.00,1656.00,-10.25,5.25,0.00,-6.00,1.00,3.50,DIGITAL,null
Optilab,Optilab 06 de abril a 31 de julho de 2026,LENTES ESPACE®,Progressiva,mista,6ac65f90-6911-455a-bcad-76f84c5692c5,Orma + Blue UV Filter,LENTES ESPACE® DIGITAL Orma + Blue UV Filter,multifocal,Resina,1.50,false,false,true,1066.00,Pagina 37,Crizal Sapphire HR,Antirreflexo,final,2040.00,2040.00,-10.25,5.25,0.00,-6.00,1.00,3.50,DIGITAL,null
Optilab,Optilab 06 de abril a 31 de julho de 2026,LENTES ESPACE®,Progressiva,mista,6ac65f90-6911-455a-bcad-76f84c5692c5,Orma + Blue UV Filter,LENTES ESPACE® DIGITAL Orma + Blue UV Filter,multifocal,Resina,1.50,false,false,true,1066.00,Pagina 37,Optifog,Antirreflexo,final,1555.00,1555.00,-10.25,5.25,0.00,-6.00,1.00,3.50,DIGITAL,null
Optilab,Optilab 06 de abril a 31 de julho de 2026,LENTES ESPACE®,Progressiva,mista,6ac65f90-6911-455a-bcad-76f84c5692c5,Orma + Blue UV Filter,LENTES ESPACE® DIGITAL Orma + Blue UV Filter,multifocal,Resina,1.50,false,false,true,1066.00,Pagina 37,Trio Easy Clean,Antirreflexo,final,1075.00,1075.00,-10.25,5.25,0.00,-6.00,1.00,3.50,DIGITAL,null
Optilab,Optilab 06 de abril a 31 de julho de 2026,LENTES ESPACE®,Progressiva,mista,6ac65f90-6911-455a-bcad-76f84c5692c5,Orma + Blue UV Filter,LENTES ESPACE® DIGITAL Orma + Blue UV Filter,multifocal,Resina,1.50,false,false,true,1066.00,Pagina 37,Verniz Hc,Revestimento,final,1066.00,1066.00,-10.25,5.25,0.00,-6.00,1.00,3.50,DIGITAL,null
Optilab,Optilab 06 de abril a 31 de julho de 2026,LENTES ESPACE®,Progressiva,mista,398874b0-1feb-4f3b-8c08-67fedf467846,Orma + Transitions Gen S,LENTES ESPACE® DIGITAL Orma + Transitions Gen S,multifocal,Resina,1.50,false,false,true,1718.00,Pagina 37,Crizal Easy Pro,Antirreflexo,final,2033.00,2033.00,-10.25,5.25,0.00,-6.00,1.00,3.50,DIGITAL,null
Optilab,Optilab 06 de abril a 31 de julho de 2026,LENTES ESPACE®,Progressiva,mista,398874b0-1feb-4f3b-8c08-67fedf467846,Orma + Transitions Gen S,LENTES ESPACE® DIGITAL Orma + Transitions Gen S,multifocal,Resina,1.50,false,false,true,1718.00,Pagina 37,Crizal Prevencia,Antirreflexo,final,2914.00,2914.00,-10.25,5.25,0.00,-6.00,1.00,3.50,DIGITAL,null
Optilab,Optilab 06 de abril a 31 de julho de 2026,LENTES ESPACE®,Progressiva,mista,398874b0-1feb-4f3b-8c08-67fedf467846,Orma + Transitions Gen S,LENTES ESPACE® DIGITAL Orma + Transitions Gen S,multifocal,Resina,1.50,false,false,true,1718.00,Pagina 37,Crizal Rock,Antirreflexo,final,2530.00,2530.00,-10.25,5.25,0.00,-6.00,1.00,3.50,DIGITAL,null
Optilab,Optilab 06 de abril a 31 de julho de 2026,LENTES ESPACE®,Progressiva,mista,398874b0-1feb-4f3b-8c08-67fedf467846,Orma + Transitions Gen S,LENTES ESPACE® DIGITAL Orma + Transitions Gen S,multifocal,Resina,1.50,false,false,true,1718.00,Pagina 37,Crizal Sapphire HR,Antirreflexo,final,2914.00,2914.00,-10.25,5.25,0.00,-6.00,1.00,3.50,DIGITAL,null
Optilab,Optilab 06 de abril a 31 de julho de 2026,LENTES ESPACE®,Progressiva,mista,398874b0-1feb-4f3b-8c08-67fedf467846,Orma + Transitions Gen S,LENTES ESPACE® DIGITAL Orma + Transitions Gen S,multifocal,Resina,1.50,false,false,true,1718.00,Pagina 37,Optifog,Antirreflexo,final,2421.00,2421.00,-10.25,5.25,0.00,-6.00,1.00,3.50,DIGITAL,null
Optilab,Optilab 06 de abril a 31 de julho de 2026,LENTES ESPACE®,Progressiva,mista,398874b0-1feb-4f3b-8c08-67fedf467846,Orma + Transitions Gen S,LENTES ESPACE® DIGITAL Orma + Transitions Gen S,multifocal,Resina,1.50,false,false,true,1718.00,Pagina 37,Trio Easy Clean,Antirreflexo,final,1821.00,1821.00,-10.25,5.25,0.00,-6.00,1.00,3.50,DIGITAL,null
Optilab,Optilab 06 de abril a 31 de julho de 2026,LENTES ESPACE®,Progressiva,mista,398874b0-1feb-4f3b-8c08-67fedf467846,Orma + Transitions Gen S,LENTES ESPACE® DIGITAL Orma + Transitions Gen S,multifocal,Resina,1.50,false,false,true,1718.00,Pagina 37,Verniz Hc,Revestimento,final,1718.00,1718.00,-10.25,5.25,0.00,-6.00,1.00,3.50,DIGITAL,null
Optilab,Optilab 06 de abril a 31 de julho de 2026,LENTES ESPACE®,Progressiva,mista,e42ca74f-d967-48f7-ab6f-3304382fd20b,Orma + Xperio,LENTES ESPACE® DIGITAL Orma + Xperio,multifocal,Resina,1.50,false,false,true,1548.00,Pagina 37,Crizal Sapphire HR,Antirreflexo,final,1836.00,1836.00,-10.00,6.00,0.00,-6.00,1.00,3.50,DIGITAL,null
Optilab,Optilab 06 de abril a 31 de julho de 2026,LENTES ESPACE®,Progressiva,mista,e42ca74f-d967-48f7-ab6f-3304382fd20b,Orma + Xperio,LENTES ESPACE® DIGITAL Orma + Xperio,multifocal,Resina,1.50,false,false,true,1548.00,Pagina 37,Optifog,Antirreflexo,final,1850.00,1850.00,-10.00,6.00,0.00,-6.00,1.00,3.50,DIGITAL,null
Optilab,Optilab 06 de abril a 31 de julho de 2026,LENTES ESPACE®,Progressiva,mista,e42ca74f-d967-48f7-ab6f-3304382fd20b,Orma + Xperio,LENTES ESPACE® DIGITAL Orma + Xperio,multifocal,Resina,1.50,false,false,true,1548.00,Pagina 37,Verniz Hc,Revestimento,final,1548.00,1548.00,-10.00,6.00,0.00,-6.00,1.00,3.50,DIGITAL,null
Optilab,Optilab 06 de abril a 31 de julho de 2026,LENTES ESPACE®,Progressiva,mista,3efde111-db31-42c3-8966-e732b78ae6de,Poly,LENTES ESPACE® DIGITAL Poly,multifocal,Policarbonato,1.59,false,false,true,936.00,Pagina 37,Crizal Easy Pro,Antirreflexo,final,1251.00,1251.00,-11.75,6.50,0.00,-6.00,1.00,3.50,DIGITAL,null
Optilab,Optilab 06 de abril a 31 de julho de 2026,LENTES ESPACE®,Progressiva,mista,3efde111-db31-42c3-8966-e732b78ae6de,Poly,LENTES ESPACE® DIGITAL Poly,multifocal,Policarbonato,1.59,false,false,true,936.00,Pagina 37,Crizal Prevencia,Antirreflexo,final,2132.00,2132.00,-11.75,6.50,0.00,-6.00,1.00,3.50,DIGITAL,null
Optilab,Optilab 06 de abril a 31 de julho de 2026,LENTES ESPACE®,Progressiva,mista,3efde111-db31-42c3-8966-e732b78ae6de,Poly,LENTES ESPACE® DIGITAL Poly,multifocal,Policarbonato,1.59,false,false,true,936.00,Pagina 37,Crizal Rock,Antirreflexo,final,1748.00,1748.00,-11.75,6.50,0.00,-6.00,1.00,3.50,DIGITAL,null
Optilab,Optilab 06 de abril a 31 de julho de 2026,LENTES ESPACE®,Progressiva,mista,3efde111-db31-42c3-8966-e732b78ae6de,Poly,LENTES ESPACE® DIGITAL Poly,multifocal,Policarbonato,1.59,false,false,true,936.00,Pagina 37,Crizal Sapphire HR,Antirreflexo,final,2132.00,2132.00,-11.75,6.50,0.00,-6.00,1.00,3.50,DIGITAL,null
Optilab,Optilab 06 de abril a 31 de julho de 2026,LENTES ESPACE®,Progressiva,mista,3efde111-db31-42c3-8966-e732b78ae6de,Poly,LENTES ESPACE® DIGITAL Poly,multifocal,Policarbonato,1.59,false,false,true,936.00,Pagina 37,Optifog,Antirreflexo,final,1639.00,1639.00,-11.75,6.50,0.00,-6.00,1.00,3.50,DIGITAL,null
Optilab,Optilab 06 de abril a 31 de julho de 2026,LENTES ESPACE®,Progressiva,mista,3efde111-db31-42c3-8966-e732b78ae6de,Poly,LENTES ESPACE® DIGITAL Poly,multifocal,Policarbonato,1.59,false,false,true,936.00,Pagina 37,Trio Easy Clean,Antirreflexo,final,1039.00,1039.00,-11.75,6.50,0.00,-6.00,1.00,3.50,DIGITAL,null
Optilab,Optilab 06 de abril a 31 de julho de 2026,LENTES ESPACE®,Progressiva,mista,3efde111-db31-42c3-8966-e732b78ae6de,Poly,LENTES ESPACE® DIGITAL Poly,multifocal,Policarbonato,1.59,false,false,true,936.00,Pagina 37,Verniz Hc,Revestimento,final,936.00,936.00,-11.75,6.50,0.00,-6.00,1.00,3.50,DIGITAL,null
Optilab,Optilab 06 de abril a 31 de julho de 2026,LENTES ESPACE®,Progressiva,mista,5be3dc76-d784-431a-a703-a4b68a097735,Poly + Transitions Gen S,LENTES ESPACE® DIGITAL Poly + Transitions Gen S,multifocal,Policarbonato,1.59,false,false,true,1984.00,Pagina 37,Crizal Easy Pro,Antirreflexo,final,2300.00,2300.00,-11.75,6.50,0.00,-6.00,1.00,3.50,DIGITAL,null
Optilab,Optilab 06 de abril a 31 de julho de 2026,LENTES ESPACE®,Progressiva,mista,5be3dc76-d784-431a-a703-a4b68a097735,Poly + Transitions Gen S,LENTES ESPACE® DIGITAL Poly + Transitions Gen S,multifocal,Policarbonato,1.59,false,false,true,1984.00,Pagina 37,Crizal Prevencia,Antirreflexo,final,3180.00,3180.00,-11.75,6.50,0.00,-6.00,1.00,3.50,DIGITAL,null
Optilab,Optilab 06 de abril a 31 de julho de 2026,LENTES ESPACE®,Progressiva,mista,5be3dc76-d784-431a-a703-a4b68a097735,Poly + Transitions Gen S,LENTES ESPACE® DIGITAL Poly + Transitions Gen S,multifocal,Policarbonato,1.59,false,false,true,1984.00,Pagina 37,Crizal Rock,Antirreflexo,final,2796.00,2796.00,-11.75,6.50,0.00,-6.00,1.00,3.50,DIGITAL,null
Optilab,Optilab 06 de abril a 31 de julho de 2026,LENTES ESPACE®,Progressiva,mista,5be3dc76-d784-431a-a703-a4b68a097735,Poly + Transitions Gen S,LENTES ESPACE® DIGITAL Poly + Transitions Gen S,multifocal,Policarbonato,1.59,false,false,true,1984.00,Pagina 37,Crizal Sapphire HR,Antirreflexo,final,3180.00,3180.00,-11.75,6.50,0.00,-6.00,1.00,3.50,DIGITAL,null
Optilab,Optilab 06 de abril a 31 de julho de 2026,LENTES ESPACE®,Progressiva,mista,5be3dc76-d784-431a-a703-a4b68a097735,Poly + Transitions Gen S,LENTES ESPACE® DIGITAL Poly + Transitions Gen S,multifocal,Policarbonato,1.59,false,false,true,1984.00,Pagina 37,Optifog,Antirreflexo,final,2688.00,2688.00,-11.75,6.50,0.00,-6.00,1.00,3.50,DIGITAL,null
Optilab,Optilab 06 de abril a 31 de julho de 2026,LENTES ESPACE®,Progressiva,mista,5be3dc76-d784-431a-a703-a4b68a097735,Poly + Transitions Gen S,LENTES ESPACE® DIGITAL Poly + Transitions Gen S,multifocal,Policarbonato,1.59,false,false,true,1984.00,Pagina 37,Trio Easy Clean,Antirreflexo,final,2088.00,2088.00,-11.75,6.50,0.00,-6.00,1.00,3.50,DIGITAL,null
Optilab,Optilab 06 de abril a 31 de julho de 2026,LENTES ESPACE®,Progressiva,mista,5be3dc76-d784-431a-a703-a4b68a097735,Poly + Transitions Gen S,LENTES ESPACE® DIGITAL Poly + Transitions Gen S,multifocal,Policarbonato,1.59,false,false,true,1984.00,Pagina 37,Verniz Hc,Revestimento,final,1984.00,1984.00,-11.75,6.50,0.00,-6.00,1.00,3.50,DIGITAL,null
Optilab,Optilab 06 de abril a 31 de julho de 2026,LENTES ESPACE®,Progressiva,mista,e30672d4-51d8-4dd6-8c40-8222d3c851a6,Poly + Xperio,LENTES ESPACE® DIGITAL Poly + Xperio,multifocal,Policarbonato,1.59,false,false,true,1315.00,Pagina 37,Crizal Sapphire HR,Antirreflexo,final,2035.00,2035.00,-10.00,6.50,0.00,-6.00,1.00,3.50,DIGITAL,null
Optilab,Optilab 06 de abril a 31 de julho de 2026,LENTES ESPACE®,Progressiva,mista,e30672d4-51d8-4dd6-8c40-8222d3c851a6,Poly + Xperio,LENTES ESPACE® DIGITAL Poly + Xperio,multifocal,Policarbonato,1.59,false,false,true,1315.00,Pagina 37,Optifog,Antirreflexo,final,2050.00,2050.00,-10.00,6.50,0.00,-6.00,1.00,3.50,DIGITAL,null
Optilab,Optilab 06 de abril a 31 de julho de 2026,LENTES ESPACE®,Progressiva,mista,e30672d4-51d8-4dd6-8c40-8222d3c851a6,Poly + Xperio,LENTES ESPACE® DIGITAL Poly + Xperio,multifocal,Policarbonato,1.59,false,false,true,1315.00,Pagina 37,Verniz Hc,Revestimento,final,1315.00,1315.00,-10.00,6.50,0.00,-6.00,1.00,3.50,DIGITAL,null
Optilab,Optilab 06 de abril a 31 de julho de 2026,LENTES ESPACE®,Progressiva,mista,f8dec5e3-bcdd-454f-935e-4611f10ae22a,Orma,LENTES ESPACE® Orma,multifocal,Resina,1.50,false,false,true,1056.00,Pagina 37,Crizal Easy Pro,Antirreflexo,final,1709.00,1709.00,-10.25,5.25,0.00,-6.00,1.00,3.50,null,null
Optilab,Optilab 06 de abril a 31 de julho de 2026,LENTES ESPACE®,Progressiva,mista,c539ad18-62e0-402c-bbd2-9b0b510b9381,Orma,LENTES ESPACE® Orma,multifocal,Resina,1.50,false,false,true,979.00,Pagina 37,Crizal Easy Pro,Antirreflexo,final,1633.00,1633.00,-11.00,8.00,0.00,-6.00,1.00,3.50,null,null
Optilab,Optilab 06 de abril a 31 de julho de 2026,LENTES ESPACE®,Progressiva,mista,4e97a0ba-0755-425f-982b-a6f119e6cb92,Orma,LENTES ESPACE® Orma,multifocal,Resina,1.50,false,false,true,1159.00,Pagina 37,Crizal Easy Pro,Antirreflexo,final,1937.00,1937.00,-10.25,5.25,0.00,-6.00,1.00,3.50,null,null
Optilab,Optilab 06 de abril a 31 de julho de 2026,LENTES ESPACE®,Progressiva,mista,f8dec5e3-bcdd-454f-935e-4611f10ae22a,Orma,LENTES ESPACE® Orma,multifocal,Resina,1.50,false,false,true,1056.00,Pagina 37,Optifog,Antirreflexo,final,1709.00,1709.00,-10.25,5.25,0.00,-6.00,1.00,3.50,null,null
Optilab,Optilab 06 de abril a 31 de julho de 2026,LENTES ESPACE®,Progressiva,mista,c539ad18-62e0-402c-bbd2-9b0b510b9381,Orma,LENTES ESPACE® Orma,multifocal,Resina,1.50,false,false,true,979.00,Pagina 37,Optifog,Antirreflexo,final,1633.00,1633.00,-11.00,8.00,0.00,-6.00,1.00,3.50,null,null
Optilab,Optilab 06 de abril a 31 de julho de 2026,LENTES ESPACE®,Progressiva,mista,4e97a0ba-0755-425f-982b-a6f119e6cb92,Orma,LENTES ESPACE® Orma,multifocal,Resina,1.50,false,false,true,1159.00,Pagina 37,Optifog,Antirreflexo,final,1937.00,1937.00,-10.25,5.25,0.00,-6.00,1.00,3.50,null,null
Optilab,Optilab 06 de abril a 31 de julho de 2026,LENTES ESPACE®,Progressiva,mista,c539ad18-62e0-402c-bbd2-9b0b510b9381,Orma,LENTES ESPACE® Orma,multifocal,Resina,1.50,false,false,true,979.00,Pagina 37,Trio Easy Clean,Antirreflexo,final,1352.00,1352.00,-11.00,8.00,0.00,-6.00,1.00,3.50,null,null
Optilab,Optilab 06 de abril a 31 de julho de 2026,LENTES ESPACE®,Progressiva,mista,f8dec5e3-bcdd-454f-935e-4611f10ae22a,Orma,LENTES ESPACE® Orma,multifocal,Resina,1.50,false,false,true,1056.00,Pagina 37,Trio Easy Clean,Antirreflexo,final,1428.00,1428.00,-10.25,5.25,0.00,-6.00,1.00,3.50,null,null
Optilab,Optilab 06 de abril a 31 de julho de 2026,LENTES ESPACE®,Progressiva,mista,4e97a0ba-0755-425f-982b-a6f119e6cb92,Orma,LENTES ESPACE® Orma,multifocal,Resina,1.50,false,false,true,1159.00,Pagina 37,Trio Easy Clean,Antirreflexo,final,1644.00,1644.00,-10.25,5.25,0.00,-6.00,1.00,3.50,null,null
Optilab,Optilab 06 de abril a 31 de julho de 2026,LENTES ESPACE®,Progressiva,mista,f8dec5e3-bcdd-454f-935e-4611f10ae22a,Orma,LENTES ESPACE® Orma,multifocal,Resina,1.50,false,false,true,1056.00,Pagina 37,Verniz Hc,Revestimento,final,1056.00,1056.00,-10.25,5.25,0.00,-6.00,1.00,3.50,null,null
Optilab,Optilab 06 de abril a 31 de julho de 2026,LENTES ESPACE®,Progressiva,mista,c539ad18-62e0-402c-bbd2-9b0b510b9381,Orma,LENTES ESPACE® Orma,multifocal,Resina,1.50,false,false,true,979.00,Pagina 37,Verniz Hc,Revestimento,final,979.00,979.00,-11.00,8.00,0.00,-6.00,1.00,3.50,null,null
Optilab,Optilab 06 de abril a 31 de julho de 2026,LENTES ESPACE®,Progressiva,mista,4e97a0ba-0755-425f-982b-a6f119e6cb92,Orma,LENTES ESPACE® Orma,multifocal,Resina,1.50,false,false,true,1159.00,Pagina 37,Verniz Hc,Revestimento,final,1159.00,1159.00,-10.25,5.25,0.00,-6.00,1.00,3.50,null,null
Optilab,Optilab 06 de abril a 31 de julho de 2026,LENTES ESPACE®,Progressiva,mista,563a2268-0f13-456a-89b8-4f8cdd916c57,Orma + Acclimates lII new cinza,LENTES ESPACE® Orma + Acclimates lII new cinza,multifocal,Resina,1.50,false,false,true,1191.00,Pagina 37,Crizal Easy Pro,Antirreflexo,final,2003.00,2003.00,-11.75,6.50,0.00,-6.00,1.00,3.50,null,null
Optilab,Optilab 06 de abril a 31 de julho de 2026,LENTES ESPACE®,Progressiva,mista,e62869f6-d978-4db5-a143-edc1777de1f3,Orma + Acclimates lII new cinza,LENTES ESPACE® Orma + Acclimates lII new cinza,multifocal,Resina,1.50,false,false,true,1577.00,Pagina 37,Crizal Easy Pro,Antirreflexo,final,2231.00,2231.00,-10.00,6.00,0.00,-6.00,1.00,3.50,null,null
Optilab,Optilab 06 de abril a 31 de julho de 2026,LENTES ESPACE®,Progressiva,mista,e62869f6-d978-4db5-a143-edc1777de1f3,Orma + Acclimates lII new cinza,LENTES ESPACE® Orma + Acclimates lII new cinza,multifocal,Resina,1.50,false,false,true,1577.00,Pagina 37,Optifog,Antirreflexo,final,2231.00,2231.00,-10.00,6.00,0.00,-6.00,1.00,3.50,null,null
Optilab,Optilab 06 de abril a 31 de julho de 2026,LENTES ESPACE®,Progressiva,mista,563a2268-0f13-456a-89b8-4f8cdd916c57,Orma + Acclimates lII new cinza,LENTES ESPACE® Orma + Acclimates lII new cinza,multifocal,Resina,1.50,false,false,true,1191.00,Pagina 37,Optifog,Antirreflexo,final,2003.00,2003.00,-11.75,6.50,0.00,-6.00,1.00,3.50,null,null
Optilab,Optilab 06 de abril a 31 de julho de 2026,LENTES ESPACE®,Progressiva,mista,563a2268-0f13-456a-89b8-4f8cdd916c57,Orma + Acclimates lII new cinza,LENTES ESPACE® Orma + Acclimates lII new cinza,multifocal,Resina,1.50,false,false,true,1191.00,Pagina 37,Trio Easy Clean,Antirreflexo,final,1653.00,1653.00,-11.75,6.50,0.00,-6.00,1.00,3.50,null,null
Optilab,Optilab 06 de abril a 31 de julho de 2026,LENTES ESPACE®,Progressiva,mista,e62869f6-d978-4db5-a143-edc1777de1f3,Orma + Acclimates lII new cinza,LENTES ESPACE® Orma + Acclimates lII new cinza,multifocal,Resina,1.50,false,false,true,1577.00,Pagina 37,Trio Easy Clean,Antirreflexo,final,1950.00,1950.00,-10.00,6.00,0.00,-6.00,1.00,3.50,null,null
Optilab,Optilab 06 de abril a 31 de julho de 2026,LENTES ESPACE®,Progressiva,mista,563a2268-0f13-456a-89b8-4f8cdd916c57,Orma + Acclimates lII new cinza,LENTES ESPACE® Orma + Acclimates lII new cinza,multifocal,Resina,1.50,false,false,true,1191.00,Pagina 37,Verniz Hc,Revestimento,final,1191.00,1191.00,-11.75,6.50,0.00,-6.00,1.00,3.50,null,null
Optilab,Optilab 06 de abril a 31 de julho de 2026,LENTES ESPACE®,Progressiva,mista,e62869f6-d978-4db5-a143-edc1777de1f3,Orma + Acclimates lII new cinza,LENTES ESPACE® Orma + Acclimates lII new cinza,multifocal,Resina,1.50,false,false,true,1577.00,Pagina 37,Verniz Hc,Revestimento,final,1577.00,1577.00,-10.00,6.00,0.00,-6.00,1.00,3.50,null,null
Optilab,Optilab 06 de abril a 31 de julho de 2026,LENTES ESPACE®,Progressiva,mista,22f0a697-dd3e-4d3c-9a88-34c3ac4b5909,Orma + Blue UV Filter,LENTES ESPACE® Orma + Blue UV Filter,multifocal,Resina,1.50,false,false,true,1255.00,Pagina 37,Crizal Easy Pro,Antirreflexo,final,2040.00,2040.00,-10.25,5.25,0.00,-6.00,1.00,3.50,null,null
Optilab,Optilab 06 de abril a 31 de julho de 2026,LENTES ESPACE®,Progressiva,mista,22f0a697-dd3e-4d3c-9a88-34c3ac4b5909,Orma + Blue UV Filter,LENTES ESPACE® Orma + Blue UV Filter,multifocal,Resina,1.50,false,false,true,1255.00,Pagina 37,Optifog,Antirreflexo,final,2040.00,2040.00,-10.25,5.25,0.00,-6.00,1.00,3.50,null,null
Optilab,Optilab 06 de abril a 31 de julho de 2026,LENTES ESPACE®,Progressiva,mista,22f0a697-dd3e-4d3c-9a88-34c3ac4b5909,Orma + Blue UV Filter,LENTES ESPACE® Orma + Blue UV Filter,multifocal,Resina,1.50,false,false,true,1255.00,Pagina 37,Trio Easy Clean,Antirreflexo,final,1656.00,1656.00,-10.25,5.25,0.00,-6.00,1.00,3.50,null,null
Optilab,Optilab 06 de abril a 31 de julho de 2026,LENTES ESPACE®,Progressiva,mista,22f0a697-dd3e-4d3c-9a88-34c3ac4b5909,Orma + Blue UV Filter,LENTES ESPACE® Orma + Blue UV Filter,multifocal,Resina,1.50,false,false,true,1255.00,Pagina 37,Verniz Hc,Revestimento,final,1255.00,1255.00,-10.25,5.25,0.00,-6.00,1.00,3.50,null,null
Optilab,Optilab 06 de abril a 31 de julho de 2026,LENTES ESPACE®,Progressiva,mista,8a6b5f40-1d02-4735-b017-62f95b8bf14d,Orma + Transitions Gen S,LENTES ESPACE® Orma + Transitions Gen S,multifocal,Resina,1.50,false,false,true,2033.00,Pagina 37,Crizal Easy Pro,Antirreflexo,final,2914.00,2914.00,-10.25,5.25,0.00,-6.00,1.00,3.50,null,null
Optilab,Optilab 06 de abril a 31 de julho de 2026,LENTES ESPACE®,Progressiva,mista,05f6c5ca-2656-432e-bc89-099412365117,Orma + Transitions Gen S,LENTES ESPACE® Orma + Transitions Gen S,multifocal,Resina,1.50,false,false,true,1973.00,Pagina 37,Crizal Easy Pro,Antirreflexo,final,2627.00,2627.00,-10.00,6.00,0.00,-6.00,1.00,3.50,null,null
Optilab,Optilab 06 de abril a 31 de julho de 2026,LENTES ESPACE®,Progressiva,mista,05f6c5ca-2656-432e-bc89-099412365117,Orma + Transitions Gen S,LENTES ESPACE® Orma + Transitions Gen S,multifocal,Resina,1.50,false,false,true,1973.00,Pagina 37,Optifog,Antirreflexo,final,2627.00,2627.00,-10.00,6.00,0.00,-6.00,1.00,3.50,null,null
Optilab,Optilab 06 de abril a 31 de julho de 2026,LENTES ESPACE®,Progressiva,mista,8a6b5f40-1d02-4735-b017-62f95b8bf14d,Orma + Transitions Gen S,LENTES ESPACE® Orma + Transitions Gen S,multifocal,Resina,1.50,false,false,true,2033.00,Pagina 37,Optifog,Antirreflexo,final,2914.00,2914.00,-10.25,5.25,0.00,-6.00,1.00,3.50,null,null
Optilab,Optilab 06 de abril a 31 de julho de 2026,LENTES ESPACE®,Progressiva,mista,05f6c5ca-2656-432e-bc89-099412365117,Orma + Transitions Gen S,LENTES ESPACE® Orma + Transitions Gen S,multifocal,Resina,1.50,false,false,true,1973.00,Pagina 37,Trio Easy Clean,Antirreflexo,final,2346.00,2346.00,-10.00,6.00,0.00,-6.00,1.00,3.50,null,null
Optilab,Optilab 06 de abril a 31 de julho de 2026,LENTES ESPACE®,Progressiva,mista,8a6b5f40-1d02-4735-b017-62f95b8bf14d,Orma + Transitions Gen S,LENTES ESPACE® Orma + Transitions Gen S,multifocal,Resina,1.50,false,false,true,2033.00,Pagina 37,Trio Easy Clean,Antirreflexo,final,2530.00,2530.00,-10.25,5.25,0.00,-6.00,1.00,3.50,null,null
Optilab,Optilab 06 de abril a 31 de julho de 2026,LENTES ESPACE®,Progressiva,mista,05f6c5ca-2656-432e-bc89-099412365117,Orma + Transitions Gen S,LENTES ESPACE® Orma + Transitions Gen S,multifocal,Resina,1.50,false,false,true,1973.00,Pagina 37,Verniz Hc,Revestimento,final,1973.00,1973.00,-10.00,6.00,0.00,-6.00,1.00,3.50,null,null
Optilab,Optilab 06 de abril a 31 de julho de 2026,LENTES ESPACE®,Progressiva,mista,8a6b5f40-1d02-4735-b017-62f95b8bf14d,Orma + Transitions Gen S,LENTES ESPACE® Orma + Transitions Gen S,multifocal,Resina,1.50,false,false,true,2033.00,Pagina 37,Verniz Hc,Revestimento,final,2033.00,2033.00,-10.25,5.25,0.00,-6.00,1.00,3.50,null,null
Optilab,Optilab 06 de abril a 31 de julho de 2026,LENTES ESPACE®,Progressiva,mista,463a8b29-bf44-49ed-ad88-b7d0368ad924,Orma + Xperio,LENTES ESPACE® Orma + Xperio,multifocal,Resina,1.50,false,false,true,1548.00,Pagina 37,Optifog,Antirreflexo,final,1836.00,1836.00,-10.00,6.00,0.00,-6.00,1.00,3.50,null,null
Optilab,Optilab 06 de abril a 31 de julho de 2026,LENTES ESPACE®,Progressiva,mista,afb50989-8060-4add-948f-58a3904b690b,Poly,LENTES ESPACE® Poly,multifocal,Policarbonato,1.59,false,false,true,1251.00,Pagina 37,Crizal Easy Pro,Antirreflexo,final,2132.00,2132.00,-11.75,6.50,0.00,-6.00,1.00,3.50,null,null
Optilab,Optilab 06 de abril a 31 de julho de 2026,LENTES ESPACE®,Progressiva,mista,6d21ff41-fd07-48c0-bca7-5abcc1ac1c36,Poly,LENTES ESPACE® Poly,multifocal,Policarbonato,1.59,false,false,true,1104.00,Pagina 37,Crizal Easy Pro,Antirreflexo,final,1757.00,1757.00,-10.00,6.00,0.00,-6.00,1.00,3.50,null,null
Optilab,Optilab 06 de abril a 31 de julho de 2026,LENTES ESPACE®,Progressiva,mista,9ec53581-14af-42cc-b8c6-5a24bbf266ac,Poly,LENTES ESPACE® Poly,multifocal,Policarbonato,1.59,false,false,true,2894.00,Pagina 37,Crizal Easy Pro,Antirreflexo,final,3547.00,3547.00,-11.75,6.50,0.00,-6.00,1.00,3.50,null,null
Optilab,Optilab 06 de abril a 31 de julho de 2026,LENTES ESPACE®,Progressiva,mista,6d21ff41-fd07-48c0-bca7-5abcc1ac1c36,Poly,LENTES ESPACE® Poly,multifocal,Policarbonato,1.59,false,false,true,1104.00,Pagina 37,Optifog,Antirreflexo,final,1757.00,1757.00,-10.00,6.00,0.00,-6.00,1.00,3.50,null,null
Optilab,Optilab 06 de abril a 31 de julho de 2026,LENTES ESPACE®,Progressiva,mista,9ec53581-14af-42cc-b8c6-5a24bbf266ac,Poly,LENTES ESPACE® Poly,multifocal,Policarbonato,1.59,false,false,true,2894.00,Pagina 37,Optifog,Antirreflexo,final,3547.00,3547.00,-11.75,6.50,0.00,-6.00,1.00,3.50,null,null
Optilab,Optilab 06 de abril a 31 de julho de 2026,LENTES ESPACE®,Progressiva,mista,afb50989-8060-4add-948f-58a3904b690b,Poly,LENTES ESPACE® Poly,multifocal,Policarbonato,1.59,false,false,true,1251.00,Pagina 37,Optifog,Antirreflexo,final,2132.00,2132.00,-11.75,6.50,0.00,-6.00,1.00,3.50,null,null
Optilab,Optilab 06 de abril a 31 de julho de 2026,LENTES ESPACE®,Progressiva,mista,9ec53581-14af-42cc-b8c6-5a24bbf266ac,Poly,LENTES ESPACE® Poly,multifocal,Policarbonato,1.59,false,false,true,2894.00,Pagina 37,Trio Easy Clean,Antirreflexo,final,3266.00,3266.00,-11.75,6.50,0.00,-6.00,1.00,3.50,null,null
Optilab,Optilab 06 de abril a 31 de julho de 2026,LENTES ESPACE®,Progressiva,mista,6d21ff41-fd07-48c0-bca7-5abcc1ac1c36,Poly,LENTES ESPACE® Poly,multifocal,Policarbonato,1.59,false,false,true,1104.00,Pagina 37,Trio Easy Clean,Antirreflexo,final,1476.00,1476.00,-10.00,6.00,0.00,-6.00,1.00,3.50,null,null
Optilab,Optilab 06 de abril a 31 de julho de 2026,LENTES ESPACE®,Progressiva,mista,afb50989-8060-4add-948f-58a3904b690b,Poly,LENTES ESPACE® Poly,multifocal,Policarbonato,1.59,false,false,true,1251.00,Pagina 37,Trio Easy Clean,Antirreflexo,final,1748.00,1748.00,-11.75,6.50,0.00,-6.00,1.00,3.50,null,null
Optilab,Optilab 06 de abril a 31 de julho de 2026,LENTES ESPACE®,Progressiva,mista,6d21ff41-fd07-48c0-bca7-5abcc1ac1c36,Poly,LENTES ESPACE® Poly,multifocal,Policarbonato,1.59,false,false,true,1104.00,Pagina 37,Verniz Hc,Revestimento,final,1104.00,1104.00,-10.00,6.00,0.00,-6.00,1.00,3.50,null,null
Optilab,Optilab 06 de abril a 31 de julho de 2026,LENTES ESPACE®,Progressiva,mista,afb50989-8060-4add-948f-58a3904b690b,Poly,LENTES ESPACE® Poly,multifocal,Policarbonato,1.59,false,false,true,1251.00,Pagina 37,Verniz Hc,Revestimento,final,1251.00,1251.00,-11.75,6.50,0.00,-6.00,1.00,3.50,null,null
Optilab,Optilab 06 de abril a 31 de julho de 2026,LENTES ESPACE®,Progressiva,mista,9ec53581-14af-42cc-b8c6-5a24bbf266ac,Poly,LENTES ESPACE® Poly,multifocal,Policarbonato,1.59,false,false,true,2894.00,Pagina 37,Verniz Hc,Revestimento,final,2894.00,2894.00,-11.75,6.50,0.00,-6.00,1.00,3.50,null,null
Optilab,Optilab 06 de abril a 31 de julho de 2026,LENTES ESPACE®,Progressiva,mista,ae33242c-66af-4792-beb8-5ab82fa7e3a9,Poly + Transitions Gen S,LENTES ESPACE® Poly + Transitions Gen S,multifocal,Policarbonato,1.59,false,false,true,2300.00,Pagina 37,Crizal Easy Pro,Antirreflexo,final,3180.00,3180.00,-11.75,6.50,0.00,-6.00,1.00,3.50,null,null
Optilab,Optilab 06 de abril a 31 de julho de 2026,LENTES ESPACE®,Progressiva,mista,ae33242c-66af-4792-beb8-5ab82fa7e3a9,Poly + Transitions Gen S,LENTES ESPACE® Poly + Transitions Gen S,multifocal,Policarbonato,1.59,false,false,true,2300.00,Pagina 37,Optifog,Antirreflexo,final,3180.00,3180.00,-11.75,6.50,0.00,-6.00,1.00,3.50,null,null
Optilab,Optilab 06 de abril a 31 de julho de 2026,LENTES ESPACE®,Progressiva,mista,ae33242c-66af-4792-beb8-5ab82fa7e3a9,Poly + Transitions Gen S,LENTES ESPACE® Poly + Transitions Gen S,multifocal,Policarbonato,1.59,false,false,true,2300.00,Pagina 37,Trio Easy Clean,Antirreflexo,final,2796.00,2796.00,-11.75,6.50,0.00,-6.00,1.00,3.50,null,null
Optilab,Optilab 06 de abril a 31 de julho de 2026,LENTES ESPACE®,Progressiva,mista,ae33242c-66af-4792-beb8-5ab82fa7e3a9,Poly + Transitions Gen S,LENTES ESPACE® Poly + Transitions Gen S,multifocal,Policarbonato,1.59,false,false,true,2300.00,Pagina 37,Verniz Hc,Revestimento,final,2300.00,2300.00,-11.75,6.50,0.00,-6.00,1.00,3.50,null,null
Optilab,Optilab 06 de abril a 31 de julho de 2026,LENTES ESPACE®,Progressiva,mista,c9321e9e-3848-4cd8-86ce-2b2ce3c116dd,Poly + Xperio,LENTES ESPACE® Poly + Xperio,multifocal,Policarbonato,1.59,false,false,true,1315.00,Pagina 37,Optifog,Antirreflexo,final,2035.00,2035.00,-10.00,6.50,0.00,-6.00,1.00,3.50,null,null
Optilab,Optilab 06 de abril a 31 de julho de 2026,LENTES ESPACE®,Progressiva,mista,a23d3f03-33c0-41e6-80e8-dd23a1a26117,Orma,LENTES ESPACE® TRADICIONAL Orma,multifocal,Resina,1.50,false,false,true,886.00,Pagina 37,Crizal Easy Pro,Antirreflexo,final,1056.00,1056.00,-10.25,5.25,0.00,-6.00,1.00,3.50,TRADICIONAL,null
Optilab,Optilab 06 de abril a 31 de julho de 2026,LENTES ESPACE®,Progressiva,mista,2bcf80e0-b931-407f-b124-45e443b0bbec,Orma,LENTES ESPACE® TRADICIONAL Orma,multifocal,Resina,1.50,false,false,true,809.00,Pagina 37,Crizal Easy Pro,Antirreflexo,final,979.00,979.00,-11.00,8.00,0.00,-6.00,1.00,3.50,TRADICIONAL,null
Optilab,Optilab 06 de abril a 31 de julho de 2026,LENTES ESPACE®,Progressiva,mista,2bcf80e0-b931-407f-b124-45e443b0bbec,Orma,LENTES ESPACE® TRADICIONAL Orma,multifocal,Resina,1.50,false,false,true,809.00,Pagina 37,Crizal Prevencia,Antirreflexo,final,1633.00,1633.00,-11.00,8.00,0.00,-6.00,1.00,3.50,TRADICIONAL,null
Optilab,Optilab 06 de abril a 31 de julho de 2026,LENTES ESPACE®,Progressiva,mista,a23d3f03-33c0-41e6-80e8-dd23a1a26117,Orma,LENTES ESPACE® TRADICIONAL Orma,multifocal,Resina,1.50,false,false,true,886.00,Pagina 37,Crizal Prevencia,Antirreflexo,final,1709.00,1709.00,-10.25,5.25,0.00,-6.00,1.00,3.50,TRADICIONAL,null
Optilab,Optilab 06 de abril a 31 de julho de 2026,LENTES ESPACE®,Progressiva,mista,a23d3f03-33c0-41e6-80e8-dd23a1a26117,Orma,LENTES ESPACE® TRADICIONAL Orma,multifocal,Resina,1.50,false,false,true,886.00,Pagina 37,Crizal Rock,Antirreflexo,final,1428.00,1428.00,-10.25,5.25,0.00,-6.00,1.00,3.50,TRADICIONAL,null
Optilab,Optilab 06 de abril a 31 de julho de 2026,LENTES ESPACE®,Progressiva,mista,2bcf80e0-b931-407f-b124-45e443b0bbec,Orma,LENTES ESPACE® TRADICIONAL Orma,multifocal,Resina,1.50,false,false,true,809.00,Pagina 37,Crizal Rock,Antirreflexo,final,1352.00,1352.00,-11.00,8.00,0.00,-6.00,1.00,3.50,TRADICIONAL,null
Optilab,Optilab 06 de abril a 31 de julho de 2026,LENTES ESPACE®,Progressiva,mista,2bcf80e0-b931-407f-b124-45e443b0bbec,Orma,LENTES ESPACE® TRADICIONAL Orma,multifocal,Resina,1.50,false,false,true,809.00,Pagina 37,Crizal Sapphire HR,Antirreflexo,final,1633.00,1633.00,-11.00,8.00,0.00,-6.00,1.00,3.50,TRADICIONAL,null
Optilab,Optilab 06 de abril a 31 de julho de 2026,LENTES ESPACE®,Progressiva,mista,a23d3f03-33c0-41e6-80e8-dd23a1a26117,Orma,LENTES ESPACE® TRADICIONAL Orma,multifocal,Resina,1.50,false,false,true,886.00,Pagina 37,Crizal Sapphire HR,Antirreflexo,final,1709.00,1709.00,-10.25,5.25,0.00,-6.00,1.00,3.50,TRADICIONAL,null
Optilab,Optilab 06 de abril a 31 de julho de 2026,LENTES ESPACE®,Progressiva,mista,2bcf80e0-b931-407f-b124-45e443b0bbec,Orma,LENTES ESPACE® TRADICIONAL Orma,multifocal,Resina,1.50,false,false,true,809.00,Pagina 37,Optifog,Antirreflexo,final,1267.00,1267.00,-11.00,8.00,0.00,-6.00,1.00,3.50,TRADICIONAL,null
Optilab,Optilab 06 de abril a 31 de julho de 2026,LENTES ESPACE®,Progressiva,mista,a23d3f03-33c0-41e6-80e8-dd23a1a26117,Orma,LENTES ESPACE® TRADICIONAL Orma,multifocal,Resina,1.50,false,false,true,886.00,Pagina 37,Optifog,Antirreflexo,final,1343.00,1343.00,-10.25,5.25,0.00,-6.00,1.00,3.50,TRADICIONAL,null
Optilab,Optilab 06 de abril a 31 de julho de 2026,LENTES ESPACE®,Progressiva,mista,a23d3f03-33c0-41e6-80e8-dd23a1a26117,Orma,LENTES ESPACE® TRADICIONAL Orma,multifocal,Resina,1.50,false,false,true,886.00,Pagina 37,Trio Easy Clean,Antirreflexo,final,883.00,883.00,-10.25,5.25,0.00,-6.00,1.00,3.50,TRADICIONAL,null
Optilab,Optilab 06 de abril a 31 de julho de 2026,LENTES ESPACE®,Progressiva,mista,2bcf80e0-b931-407f-b124-45e443b0bbec,Orma,LENTES ESPACE® TRADICIONAL Orma,multifocal,Resina,1.50,false,false,true,809.00,Pagina 37,Trio Easy Clean,Antirreflexo,final,807.00,807.00,-11.00,8.00,0.00,-6.00,1.00,3.50,TRADICIONAL,null
Optilab,Optilab 06 de abril a 31 de julho de 2026,LENTES ESPACE®,Progressiva,mista,a23d3f03-33c0-41e6-80e8-dd23a1a26117,Orma,LENTES ESPACE® TRADICIONAL Orma,multifocal,Resina,1.50,false,false,true,886.00,Pagina 37,Verniz Hc,Revestimento,final,886.00,886.00,-10.25,5.25,0.00,-6.00,1.00,3.50,TRADICIONAL,null
Optilab,Optilab 06 de abril a 31 de julho de 2026,LENTES ESPACE®,Progressiva,mista,2bcf80e0-b931-407f-b124-45e443b0bbec,Orma,LENTES ESPACE® TRADICIONAL Orma,multifocal,Resina,1.50,false,false,true,809.00,Pagina 37,Verniz Hc,Revestimento,final,809.00,809.00,-11.00,8.00,0.00,-6.00,1.00,3.50,TRADICIONAL,null
Optilab,Optilab 06 de abril a 31 de julho de 2026,LENTES ESPACE®,Progressiva,mista,c3a7c69f-d0c6-42e5-80f6-56cfe01d8645,Orma + Acclimates III new cinza,LENTES ESPACE® TRADICIONAL Orma + Acclimates III new cinza,multifocal,Resina,1.50,false,false,true,901.00,Pagina 37,Crizal Easy Pro,Antirreflexo,final,1191.00,1191.00,-11.75,6.50,0.00,-6.00,1.00,3.50,TRADICIONAL,null
Optilab,Optilab 06 de abril a 31 de julho de 2026,LENTES ESPACE®,Progressiva,mista,697fe41f-bcc9-4d30-b0fd-fd39a0051947,Orma + Acclimates III new cinza,LENTES ESPACE® TRADICIONAL Orma + Acclimates III new cinza,multifocal,Resina,1.50,false,false,true,1407.00,Pagina 37,Crizal Easy Pro,Antirreflexo,final,1577.00,1577.00,-10.00,6.00,0.00,-6.00,1.00,3.50,TRADICIONAL,null
Optilab,Optilab 06 de abril a 31 de julho de 2026,LENTES ESPACE®,Progressiva,mista,c3a7c69f-d0c6-42e5-80f6-56cfe01d8645,Orma + Acclimates III new cinza,LENTES ESPACE® TRADICIONAL Orma + Acclimates III new cinza,multifocal,Resina,1.50,false,false,true,901.00,Pagina 37,Crizal Prevencia,Antirreflexo,final,2003.00,2003.00,-11.75,6.50,0.00,-6.00,1.00,3.50,TRADICIONAL,null
Optilab,Optilab 06 de abril a 31 de julho de 2026,LENTES ESPACE®,Progressiva,mista,697fe41f-bcc9-4d30-b0fd-fd39a0051947,Orma + Acclimates III new cinza,LENTES ESPACE® TRADICIONAL Orma + Acclimates III new cinza,multifocal,Resina,1.50,false,false,true,1407.00,Pagina 37,Crizal Prevencia,Antirreflexo,final,2231.00,2231.00,-10.00,6.00,0.00,-6.00,1.00,3.50,TRADICIONAL,null
Optilab,Optilab 06 de abril a 31 de julho de 2026,LENTES ESPACE®,Progressiva,mista,697fe41f-bcc9-4d30-b0fd-fd39a0051947,Orma + Acclimates III new cinza,LENTES ESPACE® TRADICIONAL Orma + Acclimates III new cinza,multifocal,Resina,1.50,false,false,true,1407.00,Pagina 37,Crizal Rock,Antirreflexo,final,1950.00,1950.00,-10.00,6.00,0.00,-6.00,1.00,3.50,TRADICIONAL,null
Optilab,Optilab 06 de abril a 31 de julho de 2026,LENTES ESPACE®,Progressiva,mista,c3a7c69f-d0c6-42e5-80f6-56cfe01d8645,Orma + Acclimates III new cinza,LENTES ESPACE® TRADICIONAL Orma + Acclimates III new cinza,multifocal,Resina,1.50,false,false,true,901.00,Pagina 37,Crizal Rock,Antirreflexo,final,1653.00,1653.00,-11.75,6.50,0.00,-6.00,1.00,3.50,TRADICIONAL,null
Optilab,Optilab 06 de abril a 31 de julho de 2026,LENTES ESPACE®,Progressiva,mista,c3a7c69f-d0c6-42e5-80f6-56cfe01d8645,Orma + Acclimates III new cinza,LENTES ESPACE® TRADICIONAL Orma + Acclimates III new cinza,multifocal,Resina,1.50,false,false,true,901.00,Pagina 37,Crizal Sapphire HR,Antirreflexo,final,2003.00,2003.00,-11.75,6.50,0.00,-6.00,1.00,3.50,TRADICIONAL,null
Optilab,Optilab 06 de abril a 31 de julho de 2026,LENTES ESPACE®,Progressiva,mista,697fe41f-bcc9-4d30-b0fd-fd39a0051947,Orma + Acclimates III new cinza,LENTES ESPACE® TRADICIONAL Orma + Acclimates III new cinza,multifocal,Resina,1.50,false,false,true,1407.00,Pagina 37,Crizal Sapphire HR,Antirreflexo,final,2231.00,2231.00,-10.00,6.00,0.00,-6.00,1.00,3.50,TRADICIONAL,null
Optilab,Optilab 06 de abril a 31 de julho de 2026,LENTES ESPACE®,Progressiva,mista,697fe41f-bcc9-4d30-b0fd-fd39a0051947,Orma + Acclimates III new cinza,LENTES ESPACE® TRADICIONAL Orma + Acclimates III new cinza,multifocal,Resina,1.50,false,false,true,1407.00,Pagina 37,Optifog,Antirreflexo,final,1865.00,1865.00,-10.00,6.00,0.00,-6.00,1.00,3.50,TRADICIONAL,null
Optilab,Optilab 06 de abril a 31 de julho de 2026,LENTES ESPACE®,Progressiva,mista,c3a7c69f-d0c6-42e5-80f6-56cfe01d8645,Orma + Acclimates III new cinza,LENTES ESPACE® TRADICIONAL Orma + Acclimates III new cinza,multifocal,Resina,1.50,false,false,true,901.00,Pagina 37,Optifog,Antirreflexo,final,1561.00,1561.00,-11.75,6.50,0.00,-6.00,1.00,3.50,TRADICIONAL,null
Optilab,Optilab 06 de abril a 31 de julho de 2026,LENTES ESPACE®,Progressiva,mista,697fe41f-bcc9-4d30-b0fd-fd39a0051947,Orma + Acclimates III new cinza,LENTES ESPACE® TRADICIONAL Orma + Acclimates III new cinza,multifocal,Resina,1.50,false,false,true,1407.00,Pagina 37,Trio Easy Clean,Antirreflexo,final,1405.00,1405.00,-10.00,6.00,0.00,-6.00,1.00,3.50,TRADICIONAL,null
Optilab,Optilab 06 de abril a 31 de julho de 2026,LENTES ESPACE®,Progressiva,mista,c3a7c69f-d0c6-42e5-80f6-56cfe01d8645,Orma + Acclimates III new cinza,LENTES ESPACE® TRADICIONAL Orma + Acclimates III new cinza,multifocal,Resina,1.50,false,false,true,901.00,Pagina 37,Trio Easy Clean,Antirreflexo,final,989.00,989.00,-11.75,6.50,0.00,-6.00,1.00,3.50,TRADICIONAL,null
Optilab,Optilab 06 de abril a 31 de julho de 2026,LENTES ESPACE®,Progressiva,mista,c3a7c69f-d0c6-42e5-80f6-56cfe01d8645,Orma + Acclimates III new cinza,LENTES ESPACE® TRADICIONAL Orma + Acclimates III new cinza,multifocal,Resina,1.50,false,false,true,901.00,Pagina 37,Verniz Hc,Revestimento,final,901.00,901.00,-11.75,6.50,0.00,-6.00,1.00,3.50,TRADICIONAL,null
Optilab,Optilab 06 de abril a 31 de julho de 2026,LENTES ESPACE®,Progressiva,mista,697fe41f-bcc9-4d30-b0fd-fd39a0051947,Orma + Acclimates III new cinza,LENTES ESPACE® TRADICIONAL Orma + Acclimates III new cinza,multifocal,Resina,1.50,false,false,true,1407.00,Pagina 37,Verniz Hc,Revestimento,final,1407.00,1407.00,-10.00,6.00,0.00,-6.00,1.00,3.50,TRADICIONAL,null
Optilab,Optilab 06 de abril a 31 de julho de 2026,LENTES ESPACE®,Progressiva,mista,11975795-31d4-4f4b-b9e5-6bbe0fe51493,Orma + Transitions Gen S,LENTES ESPACE® TRADICIONAL Orma + Transitions Gen S,multifocal,Resina,1.50,false,false,true,1803.00,Pagina 37,Crizal Easy Pro,Antirreflexo,final,1973.00,1973.00,-10.00,6.00,0.00,-6.00,1.00,3.50,TRADICIONAL,null
Optilab,Optilab 06 de abril a 31 de julho de 2026,LENTES ESPACE®,Progressiva,mista,11975795-31d4-4f4b-b9e5-6bbe0fe51493,Orma + Transitions Gen S,LENTES ESPACE® TRADICIONAL Orma + Transitions Gen S,multifocal,Resina,1.50,false,false,true,1803.00,Pagina 37,Crizal Prevencia,Antirreflexo,final,2627.00,2627.00,-10.00,6.00,0.00,-6.00,1.00,3.50,TRADICIONAL,null
Optilab,Optilab 06 de abril a 31 de julho de 2026,LENTES ESPACE®,Progressiva,mista,11975795-31d4-4f4b-b9e5-6bbe0fe51493,Orma + Transitions Gen S,LENTES ESPACE® TRADICIONAL Orma + Transitions Gen S,multifocal,Resina,1.50,false,false,true,1803.00,Pagina 37,Crizal Rock,Antirreflexo,final,2346.00,2346.00,-10.00,6.00,0.00,-6.00,1.00,3.50,TRADICIONAL,null
Optilab,Optilab 06 de abril a 31 de julho de 2026,LENTES ESPACE®,Progressiva,mista,11975795-31d4-4f4b-b9e5-6bbe0fe51493,Orma + Transitions Gen S,LENTES ESPACE® TRADICIONAL Orma + Transitions Gen S,multifocal,Resina,1.50,false,false,true,1803.00,Pagina 37,Crizal Sapphire HR,Antirreflexo,final,2627.00,2627.00,-10.00,6.00,0.00,-6.00,1.00,3.50,TRADICIONAL,null
Optilab,Optilab 06 de abril a 31 de julho de 2026,LENTES ESPACE®,Progressiva,mista,11975795-31d4-4f4b-b9e5-6bbe0fe51493,Orma + Transitions Gen S,LENTES ESPACE® TRADICIONAL Orma + Transitions Gen S,multifocal,Resina,1.50,false,false,true,1803.00,Pagina 37,Optifog,Antirreflexo,final,2261.00,2261.00,-10.00,6.00,0.00,-6.00,1.00,3.50,TRADICIONAL,null
Optilab,Optilab 06 de abril a 31 de julho de 2026,LENTES ESPACE®,Progressiva,mista,11975795-31d4-4f4b-b9e5-6bbe0fe51493,Orma + Transitions Gen S,LENTES ESPACE® TRADICIONAL Orma + Transitions Gen S,multifocal,Resina,1.50,false,false,true,1803.00,Pagina 37,Trio Easy Clean,Antirreflexo,final,1801.00,1801.00,-10.00,6.00,0.00,-6.00,1.00,3.50,TRADICIONAL,null
Optilab,Optilab 06 de abril a 31 de julho de 2026,LENTES ESPACE®,Progressiva,mista,11975795-31d4-4f4b-b9e5-6bbe0fe51493,Orma + Transitions Gen S,LENTES ESPACE® TRADICIONAL Orma + Transitions Gen S,multifocal,Resina,1.50,false,false,true,1803.00,Pagina 37,Verniz Hc,Revestimento,final,1803.00,1803.00,-10.00,6.00,0.00,-6.00,1.00,3.50,TRADICIONAL,null
Optilab,Optilab 06 de abril a 31 de julho de 2026,LENTES ESPACE®,Progressiva,mista,35e03e10-620e-4297-acca-9f8f5a67017e,Poly,LENTES ESPACE® TRADICIONAL Poly,multifocal,Policarbonato,1.59,false,false,true,933.00,Pagina 37,Crizal Easy Pro,Antirreflexo,final,1104.00,1104.00,-10.00,6.00,0.00,-6.00,1.00,3.50,TRADICIONAL,null
Optilab,Optilab 06 de abril a 31 de julho de 2026,LENTES ESPACE®,Progressiva,mista,f3ab1470-79ef-4bfa-82e5-4d1f25d38b02,Poly,LENTES ESPACE® TRADICIONAL Poly,multifocal,Policarbonato,1.59,false,false,true,1921.00,Pagina 37,Crizal Easy Pro,Antirreflexo,final,2894.00,2894.00,-11.75,6.50,0.00,-6.00,1.00,3.50,TRADICIONAL,null
Optilab,Optilab 06 de abril a 31 de julho de 2026,LENTES ESPACE®,Progressiva,mista,f3ab1470-79ef-4bfa-82e5-4d1f25d38b02,Poly,LENTES ESPACE® TRADICIONAL Poly,multifocal,Policarbonato,1.59,false,false,true,1921.00,Pagina 37,Crizal Prevencia,Antirreflexo,final,3547.00,3547.00,-11.75,6.50,0.00,-6.00,1.00,3.50,TRADICIONAL,null
Optilab,Optilab 06 de abril a 31 de julho de 2026,LENTES ESPACE®,Progressiva,mista,35e03e10-620e-4297-acca-9f8f5a67017e,Poly,LENTES ESPACE® TRADICIONAL Poly,multifocal,Policarbonato,1.59,false,false,true,933.00,Pagina 37,Crizal Prevencia,Antirreflexo,final,1757.00,1757.00,-10.00,6.00,0.00,-6.00,1.00,3.50,TRADICIONAL,null
Optilab,Optilab 06 de abril a 31 de julho de 2026,LENTES ESPACE®,Progressiva,mista,35e03e10-620e-4297-acca-9f8f5a67017e,Poly,LENTES ESPACE® TRADICIONAL Poly,multifocal,Policarbonato,1.59,false,false,true,933.00,Pagina 37,Crizal Rock,Antirreflexo,final,1476.00,1476.00,-10.00,6.00,0.00,-6.00,1.00,3.50,TRADICIONAL,null
Optilab,Optilab 06 de abril a 31 de julho de 2026,LENTES ESPACE®,Progressiva,mista,f3ab1470-79ef-4bfa-82e5-4d1f25d38b02,Poly,LENTES ESPACE® TRADICIONAL Poly,multifocal,Policarbonato,1.59,false,false,true,1921.00,Pagina 37,Crizal Rock,Antirreflexo,final,3266.00,3266.00,-11.75,6.50,0.00,-6.00,1.00,3.50,TRADICIONAL,null
Optilab,Optilab 06 de abril a 31 de julho de 2026,LENTES ESPACE®,Progressiva,mista,f3ab1470-79ef-4bfa-82e5-4d1f25d38b02,Poly,LENTES ESPACE® TRADICIONAL Poly,multifocal,Policarbonato,1.59,false,false,true,1921.00,Pagina 37,Crizal Sapphire HR,Antirreflexo,final,3547.00,3547.00,-11.75,6.50,0.00,-6.00,1.00,3.50,TRADICIONAL,null
Optilab,Optilab 06 de abril a 31 de julho de 2026,LENTES ESPACE®,Progressiva,mista,35e03e10-620e-4297-acca-9f8f5a67017e,Poly,LENTES ESPACE® TRADICIONAL Poly,multifocal,Policarbonato,1.59,false,false,true,933.00,Pagina 37,Crizal Sapphire HR,Antirreflexo,final,1757.00,1757.00,-10.00,6.00,0.00,-6.00,1.00,3.50,TRADICIONAL,null
Optilab,Optilab 06 de abril a 31 de julho de 2026,LENTES ESPACE®,Progressiva,mista,f3ab1470-79ef-4bfa-82e5-4d1f25d38b02,Poly,LENTES ESPACE® TRADICIONAL Poly,multifocal,Policarbonato,1.59,false,false,true,1921.00,Pagina 37,Optifog,Antirreflexo,final,3181.00,3181.00,-11.75,6.50,0.00,-6.00,1.00,3.50,TRADICIONAL,null
Optilab,Optilab 06 de abril a 31 de julho de 2026,LENTES ESPACE®,Progressiva,mista,35e03e10-620e-4297-acca-9f8f5a67017e,Poly,LENTES ESPACE® TRADICIONAL Poly,multifocal,Policarbonato,1.59,false,false,true,933.00,Pagina 37,Optifog,Antirreflexo,final,1391.00,1391.00,-10.00,6.00,0.00,-6.00,1.00,3.50,TRADICIONAL,null
Optilab,Optilab 06 de abril a 31 de julho de 2026,LENTES ESPACE®,Progressiva,mista,35e03e10-620e-4297-acca-9f8f5a67017e,Poly,LENTES ESPACE® TRADICIONAL Poly,multifocal,Policarbonato,1.59,false,false,true,933.00,Pagina 37,Trio Easy Clean,Antirreflexo,final,931.00,931.00,-10.00,6.00,0.00,-6.00,1.00,3.50,TRADICIONAL,null
Optilab,Optilab 06 de abril a 31 de julho de 2026,LENTES ESPACE®,Progressiva,mista,f3ab1470-79ef-4bfa-82e5-4d1f25d38b02,Poly,LENTES ESPACE® TRADICIONAL Poly,multifocal,Policarbonato,1.59,false,false,true,1921.00,Pagina 37,Trio Easy Clean,Antirreflexo,final,2721.00,2721.00,-11.75,6.50,0.00,-6.00,1.00,3.50,TRADICIONAL,null
Optilab,Optilab 06 de abril a 31 de julho de 2026,LENTES ESPACE®,Progressiva,mista,35e03e10-620e-4297-acca-9f8f5a67017e,Poly,LENTES ESPACE® TRADICIONAL Poly,multifocal,Policarbonato,1.59,false,false,true,933.00,Pagina 37,Verniz Hc,Revestimento,final,933.00,933.00,-10.00,6.00,0.00,-6.00,1.00,3.50,TRADICIONAL,null
Optilab,Optilab 06 de abril a 31 de julho de 2026,LENTES ESPACE®,Progressiva,mista,f3ab1470-79ef-4bfa-82e5-4d1f25d38b02,Poly,LENTES ESPACE® TRADICIONAL Poly,multifocal,Policarbonato,1.59,false,false,true,1921.00,Pagina 37,Verniz Hc,Revestimento,final,1921.00,1921.00,-11.75,6.50,0.00,-6.00,1.00,3.50,TRADICIONAL,null
Optilab,Optilab 06 de abril a 31 de julho de 2026,LENTES ESSILOR®,Mista,mista,70d80af1-c4d3-4a8d-b9e4-3c1be192d87d,Airwear,LENTES ESSILOR® Airwear,indefinida,Policarbonato,1.59,false,false,true,619.00,Pagina 29,Crizal Easy Pro,Antirreflexo,final,1259.00,1259.00,-12.00,9.25,0.00,-6.00,null,null,null,null
Optilab,Optilab 06 de abril a 31 de julho de 2026,LENTES ESSILOR®,Mista,mista,70d80af1-c4d3-4a8d-b9e4-3c1be192d87d,Airwear,LENTES ESSILOR® Airwear,indefinida,Policarbonato,1.59,false,false,true,619.00,Pagina 29,Crizal Sapphire HR Face Interna,Antirreflexo,final,1279.00,1279.00,-12.00,9.25,0.00,-6.00,null,null,null,null
Optilab,Optilab 06 de abril a 31 de julho de 2026,LENTES ESSILOR®,Mista,mista,70d80af1-c4d3-4a8d-b9e4-3c1be192d87d,Airwear,LENTES ESSILOR® Airwear,indefinida,Policarbonato,1.59,false,false,true,619.00,Pagina 29,Optifog,Antirreflexo,final,1279.00,1279.00,-12.00,9.25,0.00,-6.00,null,null,null,null
Optilab,Optilab 06 de abril a 31 de julho de 2026,LENTES ESSILOR®,Mista,mista,70d80af1-c4d3-4a8d-b9e4-3c1be192d87d,Airwear,LENTES ESSILOR® Airwear,indefinida,Policarbonato,1.59,false,false,true,619.00,Pagina 29,Trio Easy Clean,Antirreflexo,final,619.00,619.00,-12.00,9.25,0.00,-6.00,null,null,null,null
Optilab,Optilab 06 de abril a 31 de julho de 2026,LENTES ESSILOR®,Mista,mista,fe34f1b3-27dd-4cc4-97d4-c2b2bc442a5d,Airwear,LENTES ESSILOR® LENTES VISÃO SIMPLES SURFAÇADAS Airwear,visao_simples,Policarbonato,1.59,false,false,true,1039.00,Pagina 28,Crizal Easy Pro,Antirreflexo,final,1419.00,1419.00,-12.00,9.25,0.00,-4.00,2.00,3.50,LENTES VISÃO SIMPLES SURFAÇADAS,null
Optilab,Optilab 06 de abril a 31 de julho de 2026,LENTES ESSILOR®,Mista,mista,ac7fb548-7a01-4ecc-8002-7618b4e08c88,Airwear,LENTES ESSILOR® LENTES VISÃO SIMPLES SURFAÇADAS Airwear,visao_simples,Policarbonato,1.59,false,false,true,599.00,Pagina 28,Crizal Easy Pro,Antirreflexo,final,799.00,799.00,-12.00,9.25,0.00,-4.00,null,null,LENTES VISÃO SIMPLES SURFAÇADAS,null
Optilab,Optilab 06 de abril a 31 de julho de 2026,LENTES ESSILOR®,Mista,mista,ac7fb548-7a01-4ecc-8002-7618b4e08c88,Airwear,LENTES ESSILOR® LENTES VISÃO SIMPLES SURFAÇADAS Airwear,visao_simples,Policarbonato,1.59,false,false,true,599.00,Pagina 28,Crizal Prevencia,Antirreflexo,final,1419.00,1419.00,-12.00,9.25,0.00,-4.00,null,null,LENTES VISÃO SIMPLES SURFAÇADAS,null
Optilab,Optilab 06 de abril a 31 de julho de 2026,LENTES ESSILOR®,Mista,mista,ac7fb548-7a01-4ecc-8002-7618b4e08c88,Airwear,LENTES ESSILOR® LENTES VISÃO SIMPLES SURFAÇADAS Airwear,visao_simples,Policarbonato,1.59,false,false,true,599.00,Pagina 28,Crizal Rock,Antirreflexo,final,1149.00,1149.00,-12.00,9.25,0.00,-4.00,null,null,LENTES VISÃO SIMPLES SURFAÇADAS,null
Optilab,Optilab 06 de abril a 31 de julho de 2026,LENTES ESSILOR®,Mista,mista,ac7fb548-7a01-4ecc-8002-7618b4e08c88,Airwear,LENTES ESSILOR® LENTES VISÃO SIMPLES SURFAÇADAS Airwear,visao_simples,Policarbonato,1.59,false,false,true,599.00,Pagina 28,Crizal Sapphire HR,Antirreflexo,final,1419.00,1419.00,-12.00,9.25,0.00,-4.00,null,null,LENTES VISÃO SIMPLES SURFAÇADAS,null
Optilab,Optilab 06 de abril a 31 de julho de 2026,LENTES ESSILOR®,Mista,mista,fe34f1b3-27dd-4cc4-97d4-c2b2bc442a5d,Airwear,LENTES ESSILOR® LENTES VISÃO SIMPLES SURFAÇADAS Airwear,visao_simples,Policarbonato,1.59,false,false,true,1039.00,Pagina 28,No Reflex,Antirreflexo,final,1149.00,1149.00,-12.00,9.25,0.00,-4.00,2.00,3.50,LENTES VISÃO SIMPLES SURFAÇADAS,null
Optilab,Optilab 06 de abril a 31 de julho de 2026,LENTES ESSILOR®,Mista,mista,ac7fb548-7a01-4ecc-8002-7618b4e08c88,Airwear,LENTES ESSILOR® LENTES VISÃO SIMPLES SURFAÇADAS Airwear,visao_simples,Policarbonato,1.59,false,false,true,599.00,Pagina 28,No Reflex,Antirreflexo,final,649.00,649.00,-12.00,9.25,0.00,-4.00,null,null,LENTES VISÃO SIMPLES SURFAÇADAS,null
Optilab,Optilab 06 de abril a 31 de julho de 2026,LENTES ESSILOR®,Mista,mista,fe34f1b3-27dd-4cc4-97d4-c2b2bc442a5d,Airwear,LENTES ESSILOR® LENTES VISÃO SIMPLES SURFAÇADAS Airwear,visao_simples,Policarbonato,1.59,false,false,true,1039.00,Pagina 28,Optifog,Antirreflexo,final,1419.00,1419.00,-12.00,9.25,0.00,-4.00,2.00,3.50,LENTES VISÃO SIMPLES SURFAÇADAS,null
Optilab,Optilab 06 de abril a 31 de julho de 2026,LENTES ESSILOR®,Mista,mista,ac7fb548-7a01-4ecc-8002-7618b4e08c88,Airwear,LENTES ESSILOR® LENTES VISÃO SIMPLES SURFAÇADAS Airwear,visao_simples,Policarbonato,1.59,false,false,true,599.00,Pagina 28,Optifog,Antirreflexo,final,1039.00,1039.00,-12.00,9.25,0.00,-4.00,null,null,LENTES VISÃO SIMPLES SURFAÇADAS,null
Optilab,Optilab 06 de abril a 31 de julho de 2026,LENTES ESSILOR®,Mista,mista,ac7fb548-7a01-4ecc-8002-7618b4e08c88,Airwear,LENTES ESSILOR® LENTES VISÃO SIMPLES SURFAÇADAS Airwear,visao_simples,Policarbonato,1.59,false,false,true,599.00,Pagina 28,Trio Easy Clean,Antirreflexo,final,599.00,599.00,-12.00,9.25,0.00,-4.00,null,null,LENTES VISÃO SIMPLES SURFAÇADAS,null
Optilab,Optilab 06 de abril a 31 de julho de 2026,LENTES ESSILOR®,Mista,mista,fe34f1b3-27dd-4cc4-97d4-c2b2bc442a5d,Airwear,LENTES ESSILOR® LENTES VISÃO SIMPLES SURFAÇADAS Airwear,visao_simples,Policarbonato,1.59,false,false,true,1039.00,Pagina 28,Trio Easy Clean,Antirreflexo,final,799.00,799.00,-12.00,9.25,0.00,-4.00,2.00,3.50,LENTES VISÃO SIMPLES SURFAÇADAS,null
Optilab,Optilab 06 de abril a 31 de julho de 2026,LENTES ESSILOR®,Mista,mista,d553d3db-0486-4c42-89aa-9f9ad98b3a2d,Airwear + Blue UV Filter,LENTES ESSILOR® LENTES VISÃO SIMPLES SURFAÇADAS Airwear + Blue UV Filter,visao_simples,Policarbonato,1.59,false,false,true,1119.00,Pagina 28,Crizal Easy Pro,Antirreflexo,final,1499.00,1499.00,-12.00,9.25,0.00,-4.00,2.00,3.50,LENTES VISÃO SIMPLES SURFAÇADAS,null
Optilab,Optilab 06 de abril a 31 de julho de 2026,LENTES ESSILOR®,Mista,mista,e3aea100-15ec-4d6e-ad58-bb65422f5d11,Airwear + Blue UV Filter,LENTES ESSILOR® LENTES VISÃO SIMPLES SURFAÇADAS Airwear + Blue UV Filter,visao_simples,Policarbonato,1.59,false,false,true,679.00,Pagina 28,Crizal Easy Pro,Antirreflexo,final,879.00,879.00,-12.00,9.25,0.00,-4.00,null,null,LENTES VISÃO SIMPLES SURFAÇADAS,null
Optilab,Optilab 06 de abril a 31 de julho de 2026,LENTES ESSILOR®,Mista,mista,e3aea100-15ec-4d6e-ad58-bb65422f5d11,Airwear + Blue UV Filter,LENTES ESSILOR® LENTES VISÃO SIMPLES SURFAÇADAS Airwear + Blue UV Filter,visao_simples,Policarbonato,1.59,false,false,true,679.00,Pagina 28,Crizal Prevencia,Antirreflexo,final,1499.00,1499.00,-12.00,9.25,0.00,-4.00,null,null,LENTES VISÃO SIMPLES SURFAÇADAS,null
Optilab,Optilab 06 de abril a 31 de julho de 2026,LENTES ESSILOR®,Mista,mista,e3aea100-15ec-4d6e-ad58-bb65422f5d11,Airwear + Blue UV Filter,LENTES ESSILOR® LENTES VISÃO SIMPLES SURFAÇADAS Airwear + Blue UV Filter,visao_simples,Policarbonato,1.59,false,false,true,679.00,Pagina 28,Crizal Rock,Antirreflexo,final,1229.00,1229.00,-12.00,9.25,0.00,-4.00,null,null,LENTES VISÃO SIMPLES SURFAÇADAS,null
Optilab,Optilab 06 de abril a 31 de julho de 2026,LENTES ESSILOR®,Mista,mista,e3aea100-15ec-4d6e-ad58-bb65422f5d11,Airwear + Blue UV Filter,LENTES ESSILOR® LENTES VISÃO SIMPLES SURFAÇADAS Airwear + Blue UV Filter,visao_simples,Policarbonato,1.59,false,false,true,679.00,Pagina 28,Crizal Sapphire HR,Antirreflexo,final,1499.00,1499.00,-12.00,9.25,0.00,-4.00,null,null,LENTES VISÃO SIMPLES SURFAÇADAS,null
Optilab,Optilab 06 de abril a 31 de julho de 2026,LENTES ESSILOR®,Mista,mista,d553d3db-0486-4c42-89aa-9f9ad98b3a2d,Airwear + Blue UV Filter,LENTES ESSILOR® LENTES VISÃO SIMPLES SURFAÇADAS Airwear + Blue UV Filter,visao_simples,Policarbonato,1.59,false,false,true,1119.00,Pagina 28,No Reflex,Antirreflexo,final,1229.00,1229.00,-12.00,9.25,0.00,-4.00,2.00,3.50,LENTES VISÃO SIMPLES SURFAÇADAS,null
Optilab,Optilab 06 de abril a 31 de julho de 2026,LENTES ESSILOR®,Mista,mista,e3aea100-15ec-4d6e-ad58-bb65422f5d11,Airwear + Blue UV Filter,LENTES ESSILOR® LENTES VISÃO SIMPLES SURFAÇADAS Airwear + Blue UV Filter,visao_simples,Policarbonato,1.59,false,false,true,679.00,Pagina 28,No Reflex,Antirreflexo,final,729.00,729.00,-12.00,9.25,0.00,-4.00,null,null,LENTES VISÃO SIMPLES SURFAÇADAS,null
Optilab,Optilab 06 de abril a 31 de julho de 2026,LENTES ESSILOR®,Mista,mista,d553d3db-0486-4c42-89aa-9f9ad98b3a2d,Airwear + Blue UV Filter,LENTES ESSILOR® LENTES VISÃO SIMPLES SURFAÇADAS Airwear + Blue UV Filter,visao_simples,Policarbonato,1.59,false,false,true,1119.00,Pagina 28,Optifog,Antirreflexo,final,1499.00,1499.00,-12.00,9.25,0.00,-4.00,2.00,3.50,LENTES VISÃO SIMPLES SURFAÇADAS,null
Optilab,Optilab 06 de abril a 31 de julho de 2026,LENTES ESSILOR®,Mista,mista,e3aea100-15ec-4d6e-ad58-bb65422f5d11,Airwear + Blue UV Filter,LENTES ESSILOR® LENTES VISÃO SIMPLES SURFAÇADAS Airwear + Blue UV Filter,visao_simples,Policarbonato,1.59,false,false,true,679.00,Pagina 28,Optifog,Antirreflexo,final,1119.00,1119.00,-12.00,9.25,0.00,-4.00,null,null,LENTES VISÃO SIMPLES SURFAÇADAS,null
Optilab,Optilab 06 de abril a 31 de julho de 2026,LENTES ESSILOR®,Mista,mista,d553d3db-0486-4c42-89aa-9f9ad98b3a2d,Airwear + Blue UV Filter,LENTES ESSILOR® LENTES VISÃO SIMPLES SURFAÇADAS Airwear + Blue UV Filter,visao_simples,Policarbonato,1.59,false,false,true,1119.00,Pagina 28,Trio Easy Clean,Antirreflexo,final,879.00,879.00,-12.00,9.25,0.00,-4.00,2.00,3.50,LENTES VISÃO SIMPLES SURFAÇADAS,null
Optilab,Optilab 06 de abril a 31 de julho de 2026,LENTES ESSILOR®,Mista,mista,e3aea100-15ec-4d6e-ad58-bb65422f5d11,Airwear + Blue UV Filter,LENTES ESSILOR® LENTES VISÃO SIMPLES SURFAÇADAS Airwear + Blue UV Filter,visao_simples,Policarbonato,1.59,false,false,true,679.00,Pagina 28,Trio Easy Clean,Antirreflexo,final,679.00,679.00,-12.00,9.25,0.00,-4.00,null,null,LENTES VISÃO SIMPLES SURFAÇADAS,null
Optilab,Optilab 06 de abril a 31 de julho de 2026,LENTES ESSILOR®,Mista,mista,8b3936c9-a5f1-4fbd-a10f-70b84793c5af,Airwear + Transitions Extractive,LENTES ESSILOR® LENTES VISÃO SIMPLES SURFAÇADAS Airwear + Transitions Extractive,visao_simples,Policarbonato,1.59,false,false,true,1259.00,Pagina 28,Crizal Easy Pro,Antirreflexo,final,1659.00,1659.00,-12.00,9.25,0.00,-4.00,null,null,LENTES VISÃO SIMPLES SURFAÇADAS,null
Optilab,Optilab 06 de abril a 31 de julho de 2026,LENTES ESSILOR®,Mista,mista,b359c829-f327-420c-ae82-76892acb2b1f,Airwear + Transitions Extractive,LENTES ESSILOR® LENTES VISÃO SIMPLES SURFAÇADAS Airwear + Transitions Extractive,visao_simples,Policarbonato,1.59,false,false,true,1899.00,Pagina 28,Crizal Easy Pro,Antirreflexo,final,2279.00,2279.00,-12.00,9.25,0.00,-4.00,2.00,3.50,LENTES VISÃO SIMPLES SURFAÇADAS,null
Optilab,Optilab 06 de abril a 31 de julho de 2026,LENTES ESSILOR®,Mista,mista,8b3936c9-a5f1-4fbd-a10f-70b84793c5af,Airwear + Transitions Extractive,LENTES ESSILOR® LENTES VISÃO SIMPLES SURFAÇADAS Airwear + Transitions Extractive,visao_simples,Policarbonato,1.59,false,false,true,1259.00,Pagina 28,Crizal Prevencia,Antirreflexo,final,2279.00,2279.00,-12.00,9.25,0.00,-4.00,null,null,LENTES VISÃO SIMPLES SURFAÇADAS,null
Optilab,Optilab 06 de abril a 31 de julho de 2026,LENTES ESSILOR®,Mista,mista,8b3936c9-a5f1-4fbd-a10f-70b84793c5af,Airwear + Transitions Extractive,LENTES ESSILOR® LENTES VISÃO SIMPLES SURFAÇADAS Airwear + Transitions Extractive,visao_simples,Policarbonato,1.59,false,false,true,1259.00,Pagina 28,Crizal Rock,Antirreflexo,final,2009.00,2009.00,-12.00,9.25,0.00,-4.00,null,null,LENTES VISÃO SIMPLES SURFAÇADAS,null
Optilab,Optilab 06 de abril a 31 de julho de 2026,LENTES ESSILOR®,Mista,mista,8b3936c9-a5f1-4fbd-a10f-70b84793c5af,Airwear + Transitions Extractive,LENTES ESSILOR® LENTES VISÃO SIMPLES SURFAÇADAS Airwear + Transitions Extractive,visao_simples,Policarbonato,1.59,false,false,true,1259.00,Pagina 28,Crizal Sapphire HR,Antirreflexo,final,2279.00,2279.00,-12.00,9.25,0.00,-4.00,null,null,LENTES VISÃO SIMPLES SURFAÇADAS,null
Optilab,Optilab 06 de abril a 31 de julho de 2026,LENTES ESSILOR®,Mista,mista,8b3936c9-a5f1-4fbd-a10f-70b84793c5af,Airwear + Transitions Extractive,LENTES ESSILOR® LENTES VISÃO SIMPLES SURFAÇADAS Airwear + Transitions Extractive,visao_simples,Policarbonato,1.59,false,false,true,1259.00,Pagina 28,No Reflex,Antirreflexo,final,1509.00,1509.00,-12.00,9.25,0.00,-4.00,null,null,LENTES VISÃO SIMPLES SURFAÇADAS,null
Optilab,Optilab 06 de abril a 31 de julho de 2026,LENTES ESSILOR®,Mista,mista,b359c829-f327-420c-ae82-76892acb2b1f,Airwear + Transitions Extractive,LENTES ESSILOR® LENTES VISÃO SIMPLES SURFAÇADAS Airwear + Transitions Extractive,visao_simples,Policarbonato,1.59,false,false,true,1899.00,Pagina 28,No Reflex,Antirreflexo,final,2009.00,2009.00,-12.00,9.25,0.00,-4.00,2.00,3.50,LENTES VISÃO SIMPLES SURFAÇADAS,null
Optilab,Optilab 06 de abril a 31 de julho de 2026,LENTES ESSILOR®,Mista,mista,8b3936c9-a5f1-4fbd-a10f-70b84793c5af,Airwear + Transitions Extractive,LENTES ESSILOR® LENTES VISÃO SIMPLES SURFAÇADAS Airwear + Transitions Extractive,visao_simples,Policarbonato,1.59,false,false,true,1259.00,Pagina 28,Optifog,Antirreflexo,final,1899.00,1899.00,-12.00,9.25,0.00,-4.00,null,null,LENTES VISÃO SIMPLES SURFAÇADAS,null
Optilab,Optilab 06 de abril a 31 de julho de 2026,LENTES ESSILOR®,Mista,mista,b359c829-f327-420c-ae82-76892acb2b1f,Airwear + Transitions Extractive,LENTES ESSILOR® LENTES VISÃO SIMPLES SURFAÇADAS Airwear + Transitions Extractive,visao_simples,Policarbonato,1.59,false,false,true,1899.00,Pagina 28,Optifog,Antirreflexo,final,2279.00,2279.00,-12.00,9.25,0.00,-4.00,2.00,3.50,LENTES VISÃO SIMPLES SURFAÇADAS,null
Optilab,Optilab 06 de abril a 31 de julho de 2026,LENTES ESSILOR®,Mista,mista,8b3936c9-a5f1-4fbd-a10f-70b84793c5af,Airwear + Transitions Extractive,LENTES ESSILOR® LENTES VISÃO SIMPLES SURFAÇADAS Airwear + Transitions Extractive,visao_simples,Policarbonato,1.59,false,false,true,1259.00,Pagina 28,Trio Easy Clean,Antirreflexo,final,1459.00,1459.00,-12.00,9.25,0.00,-4.00,null,null,LENTES VISÃO SIMPLES SURFAÇADAS,null
Optilab,Optilab 06 de abril a 31 de julho de 2026,LENTES ESSILOR®,Mista,mista,b359c829-f327-420c-ae82-76892acb2b1f,Airwear + Transitions Extractive,LENTES ESSILOR® LENTES VISÃO SIMPLES SURFAÇADAS Airwear + Transitions Extractive,visao_simples,Policarbonato,1.59,false,false,true,1899.00,Pagina 28,Trio Easy Clean,Antirreflexo,final,1659.00,1659.00,-12.00,9.25,0.00,-4.00,2.00,3.50,LENTES VISÃO SIMPLES SURFAÇADAS,null
Optilab,Optilab 06 de abril a 31 de julho de 2026,LENTES ESSILOR®,Mista,mista,f3e4212e-6010-4d7b-9930-ec6a5ddf632a,Airwear + Transitions Gen S,LENTES ESSILOR® LENTES VISÃO SIMPLES SURFAÇADAS Airwear + Transitions Gen S,visao_simples,Policarbonato,1.59,false,false,true,1189.00,Pagina 28,Crizal Easy Pro,Antirreflexo,final,1589.00,1589.00,-12.00,9.25,0.00,-4.00,null,null,LENTES VISÃO SIMPLES SURFAÇADAS,null
Optilab,Optilab 06 de abril a 31 de julho de 2026,LENTES ESSILOR®,Mista,mista,ce7a27f7-a864-47de-a799-bb6f4c47a66f,Airwear + Transitions Gen S,LENTES ESSILOR® LENTES VISÃO SIMPLES SURFAÇADAS Airwear + Transitions Gen S,visao_simples,Policarbonato,1.59,false,false,true,1829.00,Pagina 28,Crizal Easy Pro,Antirreflexo,final,2209.00,2209.00,-12.00,9.25,0.00,-4.00,2.00,3.50,LENTES VISÃO SIMPLES SURFAÇADAS,null
Optilab,Optilab 06 de abril a 31 de julho de 2026,LENTES ESSILOR®,Mista,mista,f3e4212e-6010-4d7b-9930-ec6a5ddf632a,Airwear + Transitions Gen S,LENTES ESSILOR® LENTES VISÃO SIMPLES SURFAÇADAS Airwear + Transitions Gen S,visao_simples,Policarbonato,1.59,false,false,true,1189.00,Pagina 28,Crizal Prevencia,Antirreflexo,final,2209.00,2209.00,-12.00,9.25,0.00,-4.00,null,null,LENTES VISÃO SIMPLES SURFAÇADAS,null
Optilab,Optilab 06 de abril a 31 de julho de 2026,LENTES ESSILOR®,Mista,mista,f3e4212e-6010-4d7b-9930-ec6a5ddf632a,Airwear + Transitions Gen S,LENTES ESSILOR® LENTES VISÃO SIMPLES SURFAÇADAS Airwear + Transitions Gen S,visao_simples,Policarbonato,1.59,false,false,true,1189.00,Pagina 28,Crizal Rock,Antirreflexo,final,1939.00,1939.00,-12.00,9.25,0.00,-4.00,null,null,LENTES VISÃO SIMPLES SURFAÇADAS,null
Optilab,Optilab 06 de abril a 31 de julho de 2026,LENTES ESSILOR®,Mista,mista,f3e4212e-6010-4d7b-9930-ec6a5ddf632a,Airwear + Transitions Gen S,LENTES ESSILOR® LENTES VISÃO SIMPLES SURFAÇADAS Airwear + Transitions Gen S,visao_simples,Policarbonato,1.59,false,false,true,1189.00,Pagina 28,Crizal Sapphire HR,Antirreflexo,final,2209.00,2209.00,-12.00,9.25,0.00,-4.00,null,null,LENTES VISÃO SIMPLES SURFAÇADAS,null
Optilab,Optilab 06 de abril a 31 de julho de 2026,LENTES ESSILOR®,Mista,mista,f3e4212e-6010-4d7b-9930-ec6a5ddf632a,Airwear + Transitions Gen S,LENTES ESSILOR® LENTES VISÃO SIMPLES SURFAÇADAS Airwear + Transitions Gen S,visao_simples,Policarbonato,1.59,false,false,true,1189.00,Pagina 28,No Reflex,Antirreflexo,final,1439.00,1439.00,-12.00,9.25,0.00,-4.00,null,null,LENTES VISÃO SIMPLES SURFAÇADAS,null
Optilab,Optilab 06 de abril a 31 de julho de 2026,LENTES ESSILOR®,Mista,mista,ce7a27f7-a864-47de-a799-bb6f4c47a66f,Airwear + Transitions Gen S,LENTES ESSILOR® LENTES VISÃO SIMPLES SURFAÇADAS Airwear + Transitions Gen S,visao_simples,Policarbonato,1.59,false,false,true,1829.00,Pagina 28,No Reflex,Antirreflexo,final,1939.00,1939.00,-12.00,9.25,0.00,-4.00,2.00,3.50,LENTES VISÃO SIMPLES SURFAÇADAS,null
Optilab,Optilab 06 de abril a 31 de julho de 2026,LENTES ESSILOR®,Mista,mista,ce7a27f7-a864-47de-a799-bb6f4c47a66f,Airwear + Transitions Gen S,LENTES ESSILOR® LENTES VISÃO SIMPLES SURFAÇADAS Airwear + Transitions Gen S,visao_simples,Policarbonato,1.59,false,false,true,1829.00,Pagina 28,Optifog,Antirreflexo,final,2209.00,2209.00,-12.00,9.25,0.00,-4.00,2.00,3.50,LENTES VISÃO SIMPLES SURFAÇADAS,null
Optilab,Optilab 06 de abril a 31 de julho de 2026,LENTES ESSILOR®,Mista,mista,f3e4212e-6010-4d7b-9930-ec6a5ddf632a,Airwear + Transitions Gen S,LENTES ESSILOR® LENTES VISÃO SIMPLES SURFAÇADAS Airwear + Transitions Gen S,visao_simples,Policarbonato,1.59,false,false,true,1189.00,Pagina 28,Optifog,Antirreflexo,final,1829.00,1829.00,-12.00,9.25,0.00,-4.00,null,null,LENTES VISÃO SIMPLES SURFAÇADAS,null
Optilab,Optilab 06 de abril a 31 de julho de 2026,LENTES ESSILOR®,Mista,mista,f3e4212e-6010-4d7b-9930-ec6a5ddf632a,Airwear + Transitions Gen S,LENTES ESSILOR® LENTES VISÃO SIMPLES SURFAÇADAS Airwear + Transitions Gen S,visao_simples,Policarbonato,1.59,false,false,true,1189.00,Pagina 28,Trio Easy Clean,Antirreflexo,final,1389.00,1389.00,-12.00,9.25,0.00,-4.00,null,null,LENTES VISÃO SIMPLES SURFAÇADAS,null
Optilab,Optilab 06 de abril a 31 de julho de 2026,LENTES ESSILOR®,Mista,mista,ce7a27f7-a864-47de-a799-bb6f4c47a66f,Airwear + Transitions Gen S,LENTES ESSILOR® LENTES VISÃO SIMPLES SURFAÇADAS Airwear + Transitions Gen S,visao_simples,Policarbonato,1.59,false,false,true,1829.00,Pagina 28,Trio Easy Clean,Antirreflexo,final,1589.00,1589.00,-12.00,9.25,0.00,-4.00,2.00,3.50,LENTES VISÃO SIMPLES SURFAÇADAS,null
Optilab,Optilab 06 de abril a 31 de julho de 2026,LENTES ESSILOR®,Mista,mista,c856c300-fbee-4d3e-bad7-dd5cd12b7671,Orma,LENTES ESSILOR® LENTES VISÃO SIMPLES SURFAÇADAS Orma,visao_simples,Resina,1.50,false,false,true,839.00,Pagina 28,Crizal Easy Pro,Antirreflexo,final,1219.00,1219.00,-10.00,7.50,0.00,-4.00,2.00,3.50,LENTES VISÃO SIMPLES SURFAÇADAS,null
Optilab,Optilab 06 de abril a 31 de julho de 2026,LENTES ESSILOR®,Mista,mista,33ded356-4cb1-4176-bb91-ba5f21078e1b,Orma,LENTES ESSILOR® LENTES VISÃO SIMPLES SURFAÇADAS Orma,visao_simples,Resina,1.50,false,false,true,399.00,Pagina 28,Crizal Easy Pro,Antirreflexo,final,599.00,599.00,-10.00,7.50,0.00,-4.00,null,null,LENTES VISÃO SIMPLES SURFAÇADAS,null
Optilab,Optilab 06 de abril a 31 de julho de 2026,LENTES ESSILOR®,Mista,mista,33ded356-4cb1-4176-bb91-ba5f21078e1b,Orma,LENTES ESSILOR® LENTES VISÃO SIMPLES SURFAÇADAS Orma,visao_simples,Resina,1.50,false,false,true,399.00,Pagina 28,Crizal Prevencia,Antirreflexo,final,1219.00,1219.00,-10.00,7.50,0.00,-4.00,null,null,LENTES VISÃO SIMPLES SURFAÇADAS,null
Optilab,Optilab 06 de abril a 31 de julho de 2026,LENTES ESSILOR®,Mista,mista,33ded356-4cb1-4176-bb91-ba5f21078e1b,Orma,LENTES ESSILOR® LENTES VISÃO SIMPLES SURFAÇADAS Orma,visao_simples,Resina,1.50,false,false,true,399.00,Pagina 28,Crizal Rock,Antirreflexo,final,949.00,949.00,-10.00,7.50,0.00,-4.00,null,null,LENTES VISÃO SIMPLES SURFAÇADAS,null
Optilab,Optilab 06 de abril a 31 de julho de 2026,LENTES ESSILOR®,Mista,mista,33ded356-4cb1-4176-bb91-ba5f21078e1b,Orma,LENTES ESSILOR® LENTES VISÃO SIMPLES SURFAÇADAS Orma,visao_simples,Resina,1.50,false,false,true,399.00,Pagina 28,Crizal Sapphire HR,Antirreflexo,final,1219.00,1219.00,-10.00,7.50,0.00,-4.00,null,null,LENTES VISÃO SIMPLES SURFAÇADAS,null
Optilab,Optilab 06 de abril a 31 de julho de 2026,LENTES ESSILOR®,Mista,mista,c856c300-fbee-4d3e-bad7-dd5cd12b7671,Orma,LENTES ESSILOR® LENTES VISÃO SIMPLES SURFAÇADAS Orma,visao_simples,Resina,1.50,false,false,true,839.00,Pagina 28,No Reflex,Antirreflexo,final,949.00,949.00,-10.00,7.50,0.00,-4.00,2.00,3.50,LENTES VISÃO SIMPLES SURFAÇADAS,null
Optilab,Optilab 06 de abril a 31 de julho de 2026,LENTES ESSILOR®,Mista,mista,33ded356-4cb1-4176-bb91-ba5f21078e1b,Orma,LENTES ESSILOR® LENTES VISÃO SIMPLES SURFAÇADAS Orma,visao_simples,Resina,1.50,false,false,true,399.00,Pagina 28,No Reflex,Antirreflexo,final,449.00,449.00,-10.00,7.50,0.00,-4.00,null,null,LENTES VISÃO SIMPLES SURFAÇADAS,null
Optilab,Optilab 06 de abril a 31 de julho de 2026,LENTES ESSILOR®,Mista,mista,33ded356-4cb1-4176-bb91-ba5f21078e1b,Orma,LENTES ESSILOR® LENTES VISÃO SIMPLES SURFAÇADAS Orma,visao_simples,Resina,1.50,false,false,true,399.00,Pagina 28,Optifog,Antirreflexo,final,839.00,839.00,-10.00,7.50,0.00,-4.00,null,null,LENTES VISÃO SIMPLES SURFAÇADAS,null
Optilab,Optilab 06 de abril a 31 de julho de 2026,LENTES ESSILOR®,Mista,mista,c856c300-fbee-4d3e-bad7-dd5cd12b7671,Orma,LENTES ESSILOR® LENTES VISÃO SIMPLES SURFAÇADAS Orma,visao_simples,Resina,1.50,false,false,true,839.00,Pagina 28,Optifog,Antirreflexo,final,1219.00,1219.00,-10.00,7.50,0.00,-4.00,2.00,3.50,LENTES VISÃO SIMPLES SURFAÇADAS,null
Optilab,Optilab 06 de abril a 31 de julho de 2026,LENTES ESSILOR®,Mista,mista,33ded356-4cb1-4176-bb91-ba5f21078e1b,Orma,LENTES ESSILOR® LENTES VISÃO SIMPLES SURFAÇADAS Orma,visao_simples,Resina,1.50,false,false,true,399.00,Pagina 28,Trio Easy Clean,Antirreflexo,final,399.00,399.00,-10.00,7.50,0.00,-4.00,null,null,LENTES VISÃO SIMPLES SURFAÇADAS,null
Optilab,Optilab 06 de abril a 31 de julho de 2026,LENTES ESSILOR®,Mista,mista,c856c300-fbee-4d3e-bad7-dd5cd12b7671,Orma,LENTES ESSILOR® LENTES VISÃO SIMPLES SURFAÇADAS Orma,visao_simples,Resina,1.50,false,false,true,839.00,Pagina 28,Trio Easy Clean,Antirreflexo,final,599.00,599.00,-10.00,7.50,0.00,-4.00,2.00,3.50,LENTES VISÃO SIMPLES SURFAÇADAS,null
Optilab,Optilab 06 de abril a 31 de julho de 2026,LENTES ESSILOR®,Mista,mista,5cd20d93-4010-4e49-9b86-f07ccc58d29b,Orma + Blue UV Filter,LENTES ESSILOR® LENTES VISÃO SIMPLES SURFAÇADAS Orma + Blue UV Filter,visao_simples,Resina,1.50,false,false,true,479.00,Pagina 28,Crizal Easy Pro,Antirreflexo,final,679.00,679.00,-10.00,6.50,0.00,-4.00,null,null,LENTES VISÃO SIMPLES SURFAÇADAS,null
Optilab,Optilab 06 de abril a 31 de julho de 2026,LENTES ESSILOR®,Mista,mista,56e5b1ff-b7ba-4274-8940-7bd88a0e8697,Orma + Blue UV Filter,LENTES ESSILOR® LENTES VISÃO SIMPLES SURFAÇADAS Orma + Blue UV Filter,visao_simples,Resina,1.50,false,false,true,919.00,Pagina 28,Crizal Easy Pro,Antirreflexo,final,1299.00,1299.00,-10.00,6.50,0.00,-4.00,2.00,3.50,LENTES VISÃO SIMPLES SURFAÇADAS,null
Optilab,Optilab 06 de abril a 31 de julho de 2026,LENTES ESSILOR®,Mista,mista,5cd20d93-4010-4e49-9b86-f07ccc58d29b,Orma + Blue UV Filter,LENTES ESSILOR® LENTES VISÃO SIMPLES SURFAÇADAS Orma + Blue UV Filter,visao_simples,Resina,1.50,false,false,true,479.00,Pagina 28,Crizal Prevencia,Antirreflexo,final,1299.00,1299.00,-10.00,6.50,0.00,-4.00,null,null,LENTES VISÃO SIMPLES SURFAÇADAS,null
Optilab,Optilab 06 de abril a 31 de julho de 2026,LENTES ESSILOR®,Mista,mista,5cd20d93-4010-4e49-9b86-f07ccc58d29b,Orma + Blue UV Filter,LENTES ESSILOR® LENTES VISÃO SIMPLES SURFAÇADAS Orma + Blue UV Filter,visao_simples,Resina,1.50,false,false,true,479.00,Pagina 28,Crizal Rock,Antirreflexo,final,1029.00,1029.00,-10.00,6.50,0.00,-4.00,null,null,LENTES VISÃO SIMPLES SURFAÇADAS,null
Optilab,Optilab 06 de abril a 31 de julho de 2026,LENTES ESSILOR®,Mista,mista,5cd20d93-4010-4e49-9b86-f07ccc58d29b,Orma + Blue UV Filter,LENTES ESSILOR® LENTES VISÃO SIMPLES SURFAÇADAS Orma + Blue UV Filter,visao_simples,Resina,1.50,false,false,true,479.00,Pagina 28,Crizal Sapphire HR,Antirreflexo,final,1299.00,1299.00,-10.00,6.50,0.00,-4.00,null,null,LENTES VISÃO SIMPLES SURFAÇADAS,null
Optilab,Optilab 06 de abril a 31 de julho de 2026,LENTES ESSILOR®,Mista,mista,5cd20d93-4010-4e49-9b86-f07ccc58d29b,Orma + Blue UV Filter,LENTES ESSILOR® LENTES VISÃO SIMPLES SURFAÇADAS Orma + Blue UV Filter,visao_simples,Resina,1.50,false,false,true,479.00,Pagina 28,No Reflex,Antirreflexo,final,529.00,529.00,-10.00,6.50,0.00,-4.00,null,null,LENTES VISÃO SIMPLES SURFAÇADAS,null
Optilab,Optilab 06 de abril a 31 de julho de 2026,LENTES ESSILOR®,Mista,mista,56e5b1ff-b7ba-4274-8940-7bd88a0e8697,Orma + Blue UV Filter,LENTES ESSILOR® LENTES VISÃO SIMPLES SURFAÇADAS Orma + Blue UV Filter,visao_simples,Resina,1.50,false,false,true,919.00,Pagina 28,No Reflex,Antirreflexo,final,1029.00,1029.00,-10.00,6.50,0.00,-4.00,2.00,3.50,LENTES VISÃO SIMPLES SURFAÇADAS,null
Optilab,Optilab 06 de abril a 31 de julho de 2026,LENTES ESSILOR®,Mista,mista,5cd20d93-4010-4e49-9b86-f07ccc58d29b,Orma + Blue UV Filter,LENTES ESSILOR® LENTES VISÃO SIMPLES SURFAÇADAS Orma + Blue UV Filter,visao_simples,Resina,1.50,false,false,true,479.00,Pagina 28,Optifog,Antirreflexo,final,919.00,919.00,-10.00,6.50,0.00,-4.00,null,null,LENTES VISÃO SIMPLES SURFAÇADAS,null
Optilab,Optilab 06 de abril a 31 de julho de 2026,LENTES ESSILOR®,Mista,mista,56e5b1ff-b7ba-4274-8940-7bd88a0e8697,Orma + Blue UV Filter,LENTES ESSILOR® LENTES VISÃO SIMPLES SURFAÇADAS Orma + Blue UV Filter,visao_simples,Resina,1.50,false,false,true,919.00,Pagina 28,Optifog,Antirreflexo,final,1299.00,1299.00,-10.00,6.50,0.00,-4.00,2.00,3.50,LENTES VISÃO SIMPLES SURFAÇADAS,null
Optilab,Optilab 06 de abril a 31 de julho de 2026,LENTES ESSILOR®,Mista,mista,56e5b1ff-b7ba-4274-8940-7bd88a0e8697,Orma + Blue UV Filter,LENTES ESSILOR® LENTES VISÃO SIMPLES SURFAÇADAS Orma + Blue UV Filter,visao_simples,Resina,1.50,false,false,true,919.00,Pagina 28,Trio Easy Clean,Antirreflexo,final,679.00,679.00,-10.00,6.50,0.00,-4.00,2.00,3.50,LENTES VISÃO SIMPLES SURFAÇADAS,null
Optilab,Optilab 06 de abril a 31 de julho de 2026,LENTES ESSILOR®,Mista,mista,5cd20d93-4010-4e49-9b86-f07ccc58d29b,Orma + Blue UV Filter,LENTES ESSILOR® LENTES VISÃO SIMPLES SURFAÇADAS Orma + Blue UV Filter,visao_simples,Resina,1.50,false,false,true,479.00,Pagina 28,Trio Easy Clean,Antirreflexo,final,479.00,479.00,-10.00,6.50,0.00,-4.00,null,null,LENTES VISÃO SIMPLES SURFAÇADAS,null
Optilab,Optilab 06 de abril a 31 de julho de 2026,LENTES ESSILOR®,Mista,mista,2d07d8c0-7dfd-4131-b3af-c188ac265f07,Orma + Transitions Extractive,LENTES ESSILOR® LENTES VISÃO SIMPLES SURFAÇADAS Orma + Transitions Extractive,visao_simples,Resina,1.50,false,false,true,1699.00,Pagina 28,Crizal Easy Pro,Antirreflexo,final,2079.00,2079.00,-10.00,8.25,0.00,-4.00,2.00,3.50,LENTES VISÃO SIMPLES SURFAÇADAS,null
Optilab,Optilab 06 de abril a 31 de julho de 2026,LENTES ESSILOR®,Mista,mista,4cb7779a-b2ab-4015-ab68-b9995800e790,Orma + Transitions Extractive,LENTES ESSILOR® LENTES VISÃO SIMPLES SURFAÇADAS Orma + Transitions Extractive,visao_simples,Resina,1.50,false,false,true,1059.00,Pagina 28,Crizal Easy Pro,Antirreflexo,final,1459.00,1459.00,-10.00,8.25,0.00,-4.00,null,null,LENTES VISÃO SIMPLES SURFAÇADAS,null
Optilab,Optilab 06 de abril a 31 de julho de 2026,LENTES ESSILOR®,Mista,mista,4cb7779a-b2ab-4015-ab68-b9995800e790,Orma + Transitions Extractive,LENTES ESSILOR® LENTES VISÃO SIMPLES SURFAÇADAS Orma + Transitions Extractive,visao_simples,Resina,1.50,false,false,true,1059.00,Pagina 28,Crizal Prevencia,Antirreflexo,final,2079.00,2079.00,-10.00,8.25,0.00,-4.00,null,null,LENTES VISÃO SIMPLES SURFAÇADAS,null
Optilab,Optilab 06 de abril a 31 de julho de 2026,LENTES ESSILOR®,Mista,mista,4cb7779a-b2ab-4015-ab68-b9995800e790,Orma + Transitions Extractive,LENTES ESSILOR® LENTES VISÃO SIMPLES SURFAÇADAS Orma + Transitions Extractive,visao_simples,Resina,1.50,false,false,true,1059.00,Pagina 28,Crizal Rock,Antirreflexo,final,1809.00,1809.00,-10.00,8.25,0.00,-4.00,null,null,LENTES VISÃO SIMPLES SURFAÇADAS,null
Optilab,Optilab 06 de abril a 31 de julho de 2026,LENTES ESSILOR®,Mista,mista,4cb7779a-b2ab-4015-ab68-b9995800e790,Orma + Transitions Extractive,LENTES ESSILOR® LENTES VISÃO SIMPLES SURFAÇADAS Orma + Transitions Extractive,visao_simples,Resina,1.50,false,false,true,1059.00,Pagina 28,Crizal Sapphire HR,Antirreflexo,final,2079.00,2079.00,-10.00,8.25,0.00,-4.00,null,null,LENTES VISÃO SIMPLES SURFAÇADAS,null
Optilab,Optilab 06 de abril a 31 de julho de 2026,LENTES ESSILOR®,Mista,mista,4cb7779a-b2ab-4015-ab68-b9995800e790,Orma + Transitions Extractive,LENTES ESSILOR® LENTES VISÃO SIMPLES SURFAÇADAS Orma + Transitions Extractive,visao_simples,Resina,1.50,false,false,true,1059.00,Pagina 28,No Reflex,Antirreflexo,final,1309.00,1309.00,-10.00,8.25,0.00,-4.00,null,null,LENTES VISÃO SIMPLES SURFAÇADAS,null
Optilab,Optilab 06 de abril a 31 de julho de 2026,LENTES ESSILOR®,Mista,mista,2d07d8c0-7dfd-4131-b3af-c188ac265f07,Orma + Transitions Extractive,LENTES ESSILOR® LENTES VISÃO SIMPLES SURFAÇADAS Orma + Transitions Extractive,visao_simples,Resina,1.50,false,false,true,1699.00,Pagina 28,No Reflex,Antirreflexo,final,1809.00,1809.00,-10.00,8.25,0.00,-4.00,2.00,3.50,LENTES VISÃO SIMPLES SURFAÇADAS,null
Optilab,Optilab 06 de abril a 31 de julho de 2026,LENTES ESSILOR®,Mista,mista,4cb7779a-b2ab-4015-ab68-b9995800e790,Orma + Transitions Extractive,LENTES ESSILOR® LENTES VISÃO SIMPLES SURFAÇADAS Orma + Transitions Extractive,visao_simples,Resina,1.50,false,false,true,1059.00,Pagina 28,Optifog,Antirreflexo,final,1699.00,1699.00,-10.00,8.25,0.00,-4.00,null,null,LENTES VISÃO SIMPLES SURFAÇADAS,null
Optilab,Optilab 06 de abril a 31 de julho de 2026,LENTES ESSILOR®,Mista,mista,2d07d8c0-7dfd-4131-b3af-c188ac265f07,Orma + Transitions Extractive,LENTES ESSILOR® LENTES VISÃO SIMPLES SURFAÇADAS Orma + Transitions Extractive,visao_simples,Resina,1.50,false,false,true,1699.00,Pagina 28,Optifog,Antirreflexo,final,2079.00,2079.00,-10.00,8.25,0.00,-4.00,2.00,3.50,LENTES VISÃO SIMPLES SURFAÇADAS,null
Optilab,Optilab 06 de abril a 31 de julho de 2026,LENTES ESSILOR®,Mista,mista,2d07d8c0-7dfd-4131-b3af-c188ac265f07,Orma + Transitions Extractive,LENTES ESSILOR® LENTES VISÃO SIMPLES SURFAÇADAS Orma + Transitions Extractive,visao_simples,Resina,1.50,false,false,true,1699.00,Pagina 28,Trio Easy Clean,Antirreflexo,final,1459.00,1459.00,-10.00,8.25,0.00,-4.00,2.00,3.50,LENTES VISÃO SIMPLES SURFAÇADAS,null
Optilab,Optilab 06 de abril a 31 de julho de 2026,LENTES ESSILOR®,Mista,mista,4cb7779a-b2ab-4015-ab68-b9995800e790,Orma + Transitions Extractive,LENTES ESSILOR® LENTES VISÃO SIMPLES SURFAÇADAS Orma + Transitions Extractive,visao_simples,Resina,1.50,false,false,true,1059.00,Pagina 28,Trio Easy Clean,Antirreflexo,final,1259.00,1259.00,-10.00,8.25,0.00,-4.00,null,null,LENTES VISÃO SIMPLES SURFAÇADAS,null
Optilab,Optilab 06 de abril a 31 de julho de 2026,LENTES ESSILOR®,Mista,mista,afcbf357-87bd-4c46-9418-c78b29929a22,Orma + Transitions Gen S,LENTES ESSILOR® LENTES VISÃO SIMPLES SURFAÇADAS Orma + Transitions Gen S,visao_simples,Resina,1.50,false,false,true,1629.00,Pagina 28,Crizal Easy Pro,Antirreflexo,final,2009.00,2009.00,-10.00,8.25,0.00,-4.00,2.00,3.50,LENTES VISÃO SIMPLES SURFAÇADAS,null
Optilab,Optilab 06 de abril a 31 de julho de 2026,LENTES ESSILOR®,Mista,mista,7bfaf09e-1470-4341-bb9c-c37567c2c5e5,Orma + Transitions Gen S,LENTES ESSILOR® LENTES VISÃO SIMPLES SURFAÇADAS Orma + Transitions Gen S,visao_simples,Resina,1.50,false,false,true,989.00,Pagina 28,Crizal Easy Pro,Antirreflexo,final,1389.00,1389.00,-10.00,8.25,0.00,-4.00,null,null,LENTES VISÃO SIMPLES SURFAÇADAS,null
Optilab,Optilab 06 de abril a 31 de julho de 2026,LENTES ESSILOR®,Mista,mista,7bfaf09e-1470-4341-bb9c-c37567c2c5e5,Orma + Transitions Gen S,LENTES ESSILOR® LENTES VISÃO SIMPLES SURFAÇADAS Orma + Transitions Gen S,visao_simples,Resina,1.50,false,false,true,989.00,Pagina 28,Crizal Prevencia,Antirreflexo,final,2009.00,2009.00,-10.00,8.25,0.00,-4.00,null,null,LENTES VISÃO SIMPLES SURFAÇADAS,null
Optilab,Optilab 06 de abril a 31 de julho de 2026,LENTES ESSILOR®,Mista,mista,7bfaf09e-1470-4341-bb9c-c37567c2c5e5,Orma + Transitions Gen S,LENTES ESSILOR® LENTES VISÃO SIMPLES SURFAÇADAS Orma + Transitions Gen S,visao_simples,Resina,1.50,false,false,true,989.00,Pagina 28,Crizal Rock,Antirreflexo,final,1739.00,1739.00,-10.00,8.25,0.00,-4.00,null,null,LENTES VISÃO SIMPLES SURFAÇADAS,null
Optilab,Optilab 06 de abril a 31 de julho de 2026,LENTES ESSILOR®,Mista,mista,7bfaf09e-1470-4341-bb9c-c37567c2c5e5,Orma + Transitions Gen S,LENTES ESSILOR® LENTES VISÃO SIMPLES SURFAÇADAS Orma + Transitions Gen S,visao_simples,Resina,1.50,false,false,true,989.00,Pagina 28,Crizal Sapphire HR,Antirreflexo,final,2009.00,2009.00,-10.00,8.25,0.00,-4.00,null,null,LENTES VISÃO SIMPLES SURFAÇADAS,null
Optilab,Optilab 06 de abril a 31 de julho de 2026,LENTES ESSILOR®,Mista,mista,afcbf357-87bd-4c46-9418-c78b29929a22,Orma + Transitions Gen S,LENTES ESSILOR® LENTES VISÃO SIMPLES SURFAÇADAS Orma + Transitions Gen S,visao_simples,Resina,1.50,false,false,true,1629.00,Pagina 28,No Reflex,Antirreflexo,final,1739.00,1739.00,-10.00,8.25,0.00,-4.00,2.00,3.50,LENTES VISÃO SIMPLES SURFAÇADAS,null
Optilab,Optilab 06 de abril a 31 de julho de 2026,LENTES ESSILOR®,Mista,mista,7bfaf09e-1470-4341-bb9c-c37567c2c5e5,Orma + Transitions Gen S,LENTES ESSILOR® LENTES VISÃO SIMPLES SURFAÇADAS Orma + Transitions Gen S,visao_simples,Resina,1.50,false,false,true,989.00,Pagina 28,No Reflex,Antirreflexo,final,1239.00,1239.00,-10.00,8.25,0.00,-4.00,null,null,LENTES VISÃO SIMPLES SURFAÇADAS,null
Optilab,Optilab 06 de abril a 31 de julho de 2026,LENTES ESSILOR®,Mista,mista,7bfaf09e-1470-4341-bb9c-c37567c2c5e5,Orma + Transitions Gen S,LENTES ESSILOR® LENTES VISÃO SIMPLES SURFAÇADAS Orma + Transitions Gen S,visao_simples,Resina,1.50,false,false,true,989.00,Pagina 28,Optifog,Antirreflexo,final,1629.00,1629.00,-10.00,8.25,0.00,-4.00,null,null,LENTES VISÃO SIMPLES SURFAÇADAS,null
Optilab,Optilab 06 de abril a 31 de julho de 2026,LENTES ESSILOR®,Mista,mista,afcbf357-87bd-4c46-9418-c78b29929a22,Orma + Transitions Gen S,LENTES ESSILOR® LENTES VISÃO SIMPLES SURFAÇADAS Orma + Transitions Gen S,visao_simples,Resina,1.50,false,false,true,1629.00,Pagina 28,Optifog,Antirreflexo,final,2009.00,2009.00,-10.00,8.25,0.00,-4.00,2.00,3.50,LENTES VISÃO SIMPLES SURFAÇADAS,null
Optilab,Optilab 06 de abril a 31 de julho de 2026,LENTES ESSILOR®,Mista,mista,7bfaf09e-1470-4341-bb9c-c37567c2c5e5,Orma + Transitions Gen S,LENTES ESSILOR® LENTES VISÃO SIMPLES SURFAÇADAS Orma + Transitions Gen S,visao_simples,Resina,1.50,false,false,true,989.00,Pagina 28,Trio Easy Clean,Antirreflexo,final,1189.00,1189.00,-10.00,8.25,0.00,-4.00,null,null,LENTES VISÃO SIMPLES SURFAÇADAS,null
Optilab,Optilab 06 de abril a 31 de julho de 2026,LENTES ESSILOR®,Mista,mista,afcbf357-87bd-4c46-9418-c78b29929a22,Orma + Transitions Gen S,LENTES ESSILOR® LENTES VISÃO SIMPLES SURFAÇADAS Orma + Transitions Gen S,visao_simples,Resina,1.50,false,false,true,1629.00,Pagina 28,Trio Easy Clean,Antirreflexo,final,1389.00,1389.00,-10.00,8.25,0.00,-4.00,2.00,3.50,LENTES VISÃO SIMPLES SURFAÇADAS,null
Optilab,Optilab 06 de abril a 31 de julho de 2026,LENTES ESSILOR®,Mista,mista,7c9a4ece-fadf-4cfa-a82b-569a3c06f301,Stylis 1.67,LENTES ESSILOR® LENTES VISÃO SIMPLES SURFAÇADAS Stylis 1.67,visao_simples,Resina High Index,1.67,false,false,true,1929.00,Pagina 28,Crizal Easy Pro,Antirreflexo,final,2309.00,2309.00,-14.00,10.00,0.00,-4.00,2.00,3.50,LENTES VISÃO SIMPLES SURFAÇADAS,null
Optilab,Optilab 06 de abril a 31 de julho de 2026,LENTES ESSILOR®,Mista,mista,e324fe76-49f6-4976-b807-027c26a71c42,Stylis 1.67,LENTES ESSILOR® LENTES VISÃO SIMPLES SURFAÇADAS Stylis 1.67,visao_simples,Resina High Index,1.67,false,false,true,1539.00,Pagina 28,Crizal Easy Pro,Antirreflexo,final,1689.00,1689.00,-14.00,10.00,0.00,-4.00,null,null,LENTES VISÃO SIMPLES SURFAÇADAS,null
Optilab,Optilab 06 de abril a 31 de julho de 2026,LENTES ESSILOR®,Mista,mista,e324fe76-49f6-4976-b807-027c26a71c42,Stylis 1.67,LENTES ESSILOR® LENTES VISÃO SIMPLES SURFAÇADAS Stylis 1.67,visao_simples,Resina High Index,1.67,false,false,true,1539.00,Pagina 28,Crizal Prevencia,Antirreflexo,final,2309.00,2309.00,-14.00,10.00,0.00,-4.00,null,null,LENTES VISÃO SIMPLES SURFAÇADAS,null
Optilab,Optilab 06 de abril a 31 de julho de 2026,LENTES ESSILOR®,Mista,mista,e324fe76-49f6-4976-b807-027c26a71c42,Stylis 1.67,LENTES ESSILOR® LENTES VISÃO SIMPLES SURFAÇADAS Stylis 1.67,visao_simples,Resina High Index,1.67,false,false,true,1539.00,Pagina 28,Crizal Rock,Antirreflexo,final,2039.00,2039.00,-14.00,10.00,0.00,-4.00,null,null,LENTES VISÃO SIMPLES SURFAÇADAS,null
Optilab,Optilab 06 de abril a 31 de julho de 2026,LENTES ESSILOR®,Mista,mista,e324fe76-49f6-4976-b807-027c26a71c42,Stylis 1.67,LENTES ESSILOR® LENTES VISÃO SIMPLES SURFAÇADAS Stylis 1.67,visao_simples,Resina High Index,1.67,false,false,true,1539.00,Pagina 28,Crizal Sapphire HR,Antirreflexo,final,2309.00,2309.00,-14.00,10.00,0.00,-4.00,null,null,LENTES VISÃO SIMPLES SURFAÇADAS,null
Optilab,Optilab 06 de abril a 31 de julho de 2026,LENTES ESSILOR®,Mista,mista,7c9a4ece-fadf-4cfa-a82b-569a3c06f301,Stylis 1.67,LENTES ESSILOR® LENTES VISÃO SIMPLES SURFAÇADAS Stylis 1.67,visao_simples,Resina High Index,1.67,false,false,true,1929.00,Pagina 28,No Reflex,Antirreflexo,final,2039.00,2039.00,-14.00,10.00,0.00,-4.00,2.00,3.50,LENTES VISÃO SIMPLES SURFAÇADAS,null
Optilab,Optilab 06 de abril a 31 de julho de 2026,LENTES ESSILOR®,Mista,mista,e324fe76-49f6-4976-b807-027c26a71c42,Stylis 1.67,LENTES ESSILOR® LENTES VISÃO SIMPLES SURFAÇADAS Stylis 1.67,visao_simples,Resina High Index,1.67,false,false,true,1539.00,Pagina 28,No Reflex,Antirreflexo,final,1539.00,1539.00,-14.00,10.00,0.00,-4.00,null,null,LENTES VISÃO SIMPLES SURFAÇADAS,null
Optilab,Optilab 06 de abril a 31 de julho de 2026,LENTES ESSILOR®,Mista,mista,e324fe76-49f6-4976-b807-027c26a71c42,Stylis 1.67,LENTES ESSILOR® LENTES VISÃO SIMPLES SURFAÇADAS Stylis 1.67,visao_simples,Resina High Index,1.67,false,false,true,1539.00,Pagina 28,Optifog,Antirreflexo,final,1929.00,1929.00,-14.00,10.00,0.00,-4.00,null,null,LENTES VISÃO SIMPLES SURFAÇADAS,null
Optilab,Optilab 06 de abril a 31 de julho de 2026,LENTES ESSILOR®,Mista,mista,7c9a4ece-fadf-4cfa-a82b-569a3c06f301,Stylis 1.67,LENTES ESSILOR® LENTES VISÃO SIMPLES SURFAÇADAS Stylis 1.67,visao_simples,Resina High Index,1.67,false,false,true,1929.00,Pagina 28,Optifog,Antirreflexo,final,2309.00,2309.00,-14.00,10.00,0.00,-4.00,2.00,3.50,LENTES VISÃO SIMPLES SURFAÇADAS,null
Optilab,Optilab 06 de abril a 31 de julho de 2026,LENTES ESSILOR®,Mista,mista,7c9a4ece-fadf-4cfa-a82b-569a3c06f301,Stylis 1.67,LENTES ESSILOR® LENTES VISÃO SIMPLES SURFAÇADAS Stylis 1.67,visao_simples,Resina High Index,1.67,false,false,true,1929.00,Pagina 28,Trio Easy Clean,Antirreflexo,final,1689.00,1689.00,-14.00,10.00,0.00,-4.00,2.00,3.50,LENTES VISÃO SIMPLES SURFAÇADAS,null
Optilab,Optilab 06 de abril a 31 de julho de 2026,LENTES ESSILOR®,Mista,mista,5d740fc7-93da-4ec4-b828-70123a9ff8f2,Stylis 1.67 + Transitions Gen S,LENTES ESSILOR® LENTES VISÃO SIMPLES SURFAÇADAS Stylis 1.67 + Transitions Gen S,visao_simples,Resina High Index,1.67,false,false,true,2329.00,Pagina 28,Crizal Easy Pro,Antirreflexo,final,2479.00,2479.00,-14.00,10.00,0.00,-4.00,null,null,LENTES VISÃO SIMPLES SURFAÇADAS,null
Optilab,Optilab 06 de abril a 31 de julho de 2026,LENTES ESSILOR®,Mista,mista,a82db1bc-7358-4be4-bb1c-621835d25ba4,Stylis 1.67 + Transitions Gen S,LENTES ESSILOR® LENTES VISÃO SIMPLES SURFAÇADAS Stylis 1.67 + Transitions Gen S,visao_simples,Resina High Index,1.67,false,false,true,2719.00,Pagina 28,Crizal Easy Pro,Antirreflexo,final,3099.00,3099.00,-14.00,10.00,0.00,-4.00,2.00,3.50,LENTES VISÃO SIMPLES SURFAÇADAS,null
Optilab,Optilab 06 de abril a 31 de julho de 2026,LENTES ESSILOR®,Mista,mista,5d740fc7-93da-4ec4-b828-70123a9ff8f2,Stylis 1.67 + Transitions Gen S,LENTES ESSILOR® LENTES VISÃO SIMPLES SURFAÇADAS Stylis 1.67 + Transitions Gen S,visao_simples,Resina High Index,1.67,false,false,true,2329.00,Pagina 28,Crizal Prevencia,Antirreflexo,final,3099.00,3099.00,-14.00,10.00,0.00,-4.00,null,null,LENTES VISÃO SIMPLES SURFAÇADAS,null
Optilab,Optilab 06 de abril a 31 de julho de 2026,LENTES ESSILOR®,Mista,mista,5d740fc7-93da-4ec4-b828-70123a9ff8f2,Stylis 1.67 + Transitions Gen S,LENTES ESSILOR® LENTES VISÃO SIMPLES SURFAÇADAS Stylis 1.67 + Transitions Gen S,visao_simples,Resina High Index,1.67,false,false,true,2329.00,Pagina 28,Crizal Rock,Antirreflexo,final,2829.00,2829.00,-14.00,10.00,0.00,-4.00,null,null,LENTES VISÃO SIMPLES SURFAÇADAS,null
Optilab,Optilab 06 de abril a 31 de julho de 2026,LENTES ESSILOR®,Mista,mista,5d740fc7-93da-4ec4-b828-70123a9ff8f2,Stylis 1.67 + Transitions Gen S,LENTES ESSILOR® LENTES VISÃO SIMPLES SURFAÇADAS Stylis 1.67 + Transitions Gen S,visao_simples,Resina High Index,1.67,false,false,true,2329.00,Pagina 28,Crizal Sapphire HR,Antirreflexo,final,3099.00,3099.00,-14.00,10.00,0.00,-4.00,null,null,LENTES VISÃO SIMPLES SURFAÇADAS,null
Optilab,Optilab 06 de abril a 31 de julho de 2026,LENTES ESSILOR®,Mista,mista,a82db1bc-7358-4be4-bb1c-621835d25ba4,Stylis 1.67 + Transitions Gen S,LENTES ESSILOR® LENTES VISÃO SIMPLES SURFAÇADAS Stylis 1.67 + Transitions Gen S,visao_simples,Resina High Index,1.67,false,false,true,2719.00,Pagina 28,No Reflex,Antirreflexo,final,2829.00,2829.00,-14.00,10.00,0.00,-4.00,2.00,3.50,LENTES VISÃO SIMPLES SURFAÇADAS,null
Optilab,Optilab 06 de abril a 31 de julho de 2026,LENTES ESSILOR®,Mista,mista,5d740fc7-93da-4ec4-b828-70123a9ff8f2,Stylis 1.67 + Transitions Gen S,LENTES ESSILOR® LENTES VISÃO SIMPLES SURFAÇADAS Stylis 1.67 + Transitions Gen S,visao_simples,Resina High Index,1.67,false,false,true,2329.00,Pagina 28,No Reflex,Antirreflexo,final,2329.00,2329.00,-14.00,10.00,0.00,-4.00,null,null,LENTES VISÃO SIMPLES SURFAÇADAS,null
Optilab,Optilab 06 de abril a 31 de julho de 2026,LENTES ESSILOR®,Mista,mista,5d740fc7-93da-4ec4-b828-70123a9ff8f2,Stylis 1.67 + Transitions Gen S,LENTES ESSILOR® LENTES VISÃO SIMPLES SURFAÇADAS Stylis 1.67 + Transitions Gen S,visao_simples,Resina High Index,1.67,false,false,true,2329.00,Pagina 28,Optifog,Antirreflexo,final,2719.00,2719.00,-14.00,10.00,0.00,-4.00,null,null,LENTES VISÃO SIMPLES SURFAÇADAS,null
Optilab,Optilab 06 de abril a 31 de julho de 2026,LENTES ESSILOR®,Mista,mista,a82db1bc-7358-4be4-bb1c-621835d25ba4,Stylis 1.67 + Transitions Gen S,LENTES ESSILOR® LENTES VISÃO SIMPLES SURFAÇADAS Stylis 1.67 + Transitions Gen S,visao_simples,Resina High Index,1.67,false,false,true,2719.00,Pagina 28,Optifog,Antirreflexo,final,3099.00,3099.00,-14.00,10.00,0.00,-4.00,2.00,3.50,LENTES VISÃO SIMPLES SURFAÇADAS,null
Optilab,Optilab 06 de abril a 31 de julho de 2026,LENTES ESSILOR®,Mista,mista,a82db1bc-7358-4be4-bb1c-621835d25ba4,Stylis 1.67 + Transitions Gen S,LENTES ESSILOR® LENTES VISÃO SIMPLES SURFAÇADAS Stylis 1.67 + Transitions Gen S,visao_simples,Resina High Index,1.67,false,false,true,2719.00,Pagina 28,Trio Easy Clean,Antirreflexo,final,2479.00,2479.00,-14.00,10.00,0.00,-4.00,2.00,3.50,LENTES VISÃO SIMPLES SURFAÇADAS,null
Optilab,Optilab 06 de abril a 31 de julho de 2026,LENTES ESSILOR®,Mista,mista,3ddba871-717f-4b66-8d72-9ab5b8be4e73,Stylis 1.74,LENTES ESSILOR® LENTES VISÃO SIMPLES SURFAÇADAS Stylis 1.74,visao_simples,Resina High Index,1.74,false,false,true,3019.00,Pagina 28,Crizal Sapphire HR,Antirreflexo,final,3019.00,3019.00,-20.00,14.00,0.00,-4.00,null,null,LENTES VISÃO SIMPLES SURFAÇADAS,null
Optilab,Optilab 06 de abril a 31 de julho de 2026,LENTES ESSILOR®,Mista,mista,3ddba871-717f-4b66-8d72-9ab5b8be4e73,Stylis 1.74,LENTES ESSILOR® LENTES VISÃO SIMPLES SURFAÇADAS Stylis 1.74,visao_simples,Resina High Index,1.74,false,false,true,3019.00,Pagina 28,Optifog,Antirreflexo,final,3019.00,3019.00,-20.00,14.00,0.00,-4.00,null,null,LENTES VISÃO SIMPLES SURFAÇADAS,null
Optilab,Optilab 06 de abril a 31 de julho de 2026,LENTES ESSILOR®,Mista,mista,b0782d19-961e-49af-ad1f-234615c1ced7,Stylis 1.74 + Transitions Gen S,LENTES ESSILOR® LENTES VISÃO SIMPLES SURFAÇADAS Stylis 1.74 + Transitions Gen S,visao_simples,Resina High Index,1.74,false,false,true,3809.00,Pagina 28,Crizal Sapphire HR,Antirreflexo,final,3809.00,3809.00,-20.00,14.00,0.00,-4.00,null,null,LENTES VISÃO SIMPLES SURFAÇADAS,null
Optilab,Optilab 06 de abril a 31 de julho de 2026,LENTES ESSILOR®,Mista,mista,b0782d19-961e-49af-ad1f-234615c1ced7,Stylis 1.74 + Transitions Gen S,LENTES ESSILOR® LENTES VISÃO SIMPLES SURFAÇADAS Stylis 1.74 + Transitions Gen S,visao_simples,Resina High Index,1.74,false,false,true,3809.00,Pagina 28,Optifog,Antirreflexo,final,3809.00,3809.00,-20.00,14.00,0.00,-4.00,null,null,LENTES VISÃO SIMPLES SURFAÇADAS,null
Optilab,Optilab 06 de abril a 31 de julho de 2026,LENTES ESSILOR®,Mista,mista,a1d54732-4bf3-46ac-b625-5057469bfe67,Orma,LENTES ESSILOR® Orma,indefinida,Resina,1.50,false,false,true,419.00,Pagina 29,Crizal Easy Pro,Antirreflexo,final,1059.00,1059.00,-10.00,8.00,0.00,-6.00,null,null,null,null
Optilab,Optilab 06 de abril a 31 de julho de 2026,LENTES ESSILOR®,Mista,mista,a1d54732-4bf3-46ac-b625-5057469bfe67,Orma,LENTES ESSILOR® Orma,indefinida,Resina,1.50,false,false,true,419.00,Pagina 29,Crizal Sapphire HR Face Interna,Antirreflexo,final,1079.00,1079.00,-10.00,8.00,0.00,-6.00,null,null,null,null
Optilab,Optilab 06 de abril a 31 de julho de 2026,LENTES ESSILOR®,Mista,mista,a1d54732-4bf3-46ac-b625-5057469bfe67,Orma,LENTES ESSILOR® Orma,indefinida,Resina,1.50,false,false,true,419.00,Pagina 29,Optifog,Antirreflexo,final,1079.00,1079.00,-10.00,8.00,0.00,-6.00,null,null,null,null
Optilab,Optilab 06 de abril a 31 de julho de 2026,LENTES ESSILOR®,Mista,mista,a1d54732-4bf3-46ac-b625-5057469bfe67,Orma,LENTES ESSILOR® Orma,indefinida,Resina,1.50,false,false,true,419.00,Pagina 29,Trio Easy Clean,Antirreflexo,final,419.00,419.00,-10.00,8.00,0.00,-6.00,null,null,null,null
Optilab,Optilab 06 de abril a 31 de julho de 2026,LENTES ESSILOR®,Mista,mista,a40cf44f-5087-4cc6-b0e4-edf7689e42bd,"Orma 0,80 1.599,00","LENTES ESSILOR® Orma 0,80 1.599,00",multifocal,Resina,1.50,false,false,true,979.00,Pagina 28,Crizal Easy Pro,Antirreflexo,final,1599.00,1599.00,-2.00,4.00,0.00,-4.00,2.00,3.50,null,null
Optilab,Optilab 06 de abril a 31 de julho de 2026,LENTES ESSILOR®,Mista,mista,a40cf44f-5087-4cc6-b0e4-edf7689e42bd,"Orma 0,80 1.599,00","LENTES ESSILOR® Orma 0,80 1.599,00",multifocal,Resina,1.50,false,false,true,979.00,Pagina 28,Optifog,Antirreflexo,final,1599.00,1599.00,-2.00,4.00,0.00,-4.00,2.00,3.50,null,null
Optilab,Optilab 06 de abril a 31 de julho de 2026,LENTES ESSILOR®,Mista,mista,a40cf44f-5087-4cc6-b0e4-edf7689e42bd,"Orma 0,80 1.599,00","LENTES ESSILOR® Orma 0,80 1.599,00",multifocal,Resina,1.50,false,false,true,979.00,Pagina 28,Trio Easy Clean,Antirreflexo,final,1329.00,1329.00,-2.00,4.00,0.00,-4.00,2.00,3.50,null,null
Optilab,Optilab 06 de abril a 31 de julho de 2026,LENTES ESSILOR®,Mista,mista,4e453216-f692-48a4-8371-a78e4969ed56,"Orma 1,30 1.599,00","LENTES ESSILOR® Orma 1,30 1.599,00",multifocal,Resina,1.50,false,false,true,979.00,Pagina 28,Crizal Easy Pro,Antirreflexo,final,1599.00,1599.00,-2.00,4.00,0.00,-4.00,2.00,3.50,null,null
Optilab,Optilab 06 de abril a 31 de julho de 2026,LENTES ESSILOR®,Mista,mista,4e453216-f692-48a4-8371-a78e4969ed56,"Orma 1,30 1.599,00","LENTES ESSILOR® Orma 1,30 1.599,00",multifocal,Resina,1.50,false,false,true,979.00,Pagina 28,Optifog,Antirreflexo,final,1599.00,1599.00,-2.00,4.00,0.00,-4.00,2.00,3.50,null,null
Optilab,Optilab 06 de abril a 31 de julho de 2026,LENTES ESSILOR®,Mista,mista,4e453216-f692-48a4-8371-a78e4969ed56,"Orma 1,30 1.599,00","LENTES ESSILOR® Orma 1,30 1.599,00",multifocal,Resina,1.50,false,false,true,979.00,Pagina 28,Trio Easy Clean,Antirreflexo,final,1329.00,1329.00,-2.00,4.00,0.00,-4.00,2.00,3.50,null,null
Optilab,Optilab 06 de abril a 31 de julho de 2026,LENTES ESSILOR®,Mista,mista,44837fa4-d65a-448c-844e-ba71d37c981e,"Orma 0,80","LENTES ESSILOR® VISÃO INTERMEDIÁRIA Essilor Interview Orma 0,80",ocupacional,Resina,1.50,false,false,true,579.00,Pagina 28,Crizal Easy Pro,Antirreflexo,final,979.00,979.00,-2.00,4.00,0.00,-4.00,2.00,3.50,VISÃO INTERMEDIÁRIA,Essilor Interview
Optilab,Optilab 06 de abril a 31 de julho de 2026,LENTES ESSILOR®,Mista,mista,44837fa4-d65a-448c-844e-ba71d37c981e,"Orma 0,80","LENTES ESSILOR® VISÃO INTERMEDIÁRIA Essilor Interview Orma 0,80",ocupacional,Resina,1.50,false,false,true,579.00,Pagina 28,Crizal Prevencia,Antirreflexo,final,1599.00,1599.00,-2.00,4.00,0.00,-4.00,2.00,3.50,VISÃO INTERMEDIÁRIA,Essilor Interview
Optilab,Optilab 06 de abril a 31 de julho de 2026,LENTES ESSILOR®,Mista,mista,44837fa4-d65a-448c-844e-ba71d37c981e,"Orma 0,80","LENTES ESSILOR® VISÃO INTERMEDIÁRIA Essilor Interview Orma 0,80",ocupacional,Resina,1.50,false,false,true,579.00,Pagina 28,Crizal Rock,Antirreflexo,final,1329.00,1329.00,-2.00,4.00,0.00,-4.00,2.00,3.50,VISÃO INTERMEDIÁRIA,Essilor Interview
Optilab,Optilab 06 de abril a 31 de julho de 2026,LENTES ESSILOR®,Mista,mista,44837fa4-d65a-448c-844e-ba71d37c981e,"Orma 0,80","LENTES ESSILOR® VISÃO INTERMEDIÁRIA Essilor Interview Orma 0,80",ocupacional,Resina,1.50,false,false,true,579.00,Pagina 28,Crizal Sapphire HR,Antirreflexo,final,1599.00,1599.00,-2.00,4.00,0.00,-4.00,2.00,3.50,VISÃO INTERMEDIÁRIA,Essilor Interview
Optilab,Optilab 06 de abril a 31 de julho de 2026,LENTES ESSILOR®,Mista,mista,44837fa4-d65a-448c-844e-ba71d37c981e,"Orma 0,80","LENTES ESSILOR® VISÃO INTERMEDIÁRIA Essilor Interview Orma 0,80",ocupacional,Resina,1.50,false,false,true,579.00,Pagina 28,Optifog,Antirreflexo,final,1219.00,1219.00,-2.00,4.00,0.00,-4.00,2.00,3.50,VISÃO INTERMEDIÁRIA,Essilor Interview
Optilab,Optilab 06 de abril a 31 de julho de 2026,LENTES ESSILOR®,Mista,mista,44837fa4-d65a-448c-844e-ba71d37c981e,"Orma 0,80","LENTES ESSILOR® VISÃO INTERMEDIÁRIA Essilor Interview Orma 0,80",ocupacional,Resina,1.50,false,false,true,579.00,Pagina 28,Trio Easy Clean,Antirreflexo,final,779.00,779.00,-2.00,4.00,0.00,-4.00,2.00,3.50,VISÃO INTERMEDIÁRIA,Essilor Interview
Optilab,Optilab 06 de abril a 31 de julho de 2026,LENTES ESSILOR®,Mista,mista,d98a9d98-6db9-4584-962a-35ed8289a048,"Orma 1,30","LENTES ESSILOR® VISÃO INTERMEDIÁRIA Essilor Interview Orma 1,30",ocupacional,Resina,1.50,false,false,true,579.00,Pagina 28,Crizal Easy Pro,Antirreflexo,final,979.00,979.00,-2.00,4.00,0.00,-4.00,2.00,3.50,VISÃO INTERMEDIÁRIA,Essilor Interview
Optilab,Optilab 06 de abril a 31 de julho de 2026,LENTES ESSILOR®,Mista,mista,d98a9d98-6db9-4584-962a-35ed8289a048,"Orma 1,30","LENTES ESSILOR® VISÃO INTERMEDIÁRIA Essilor Interview Orma 1,30",ocupacional,Resina,1.50,false,false,true,579.00,Pagina 28,Crizal Prevencia,Antirreflexo,final,1599.00,1599.00,-2.00,4.00,0.00,-4.00,2.00,3.50,VISÃO INTERMEDIÁRIA,Essilor Interview
Optilab,Optilab 06 de abril a 31 de julho de 2026,LENTES ESSILOR®,Mista,mista,d98a9d98-6db9-4584-962a-35ed8289a048,"Orma 1,30","LENTES ESSILOR® VISÃO INTERMEDIÁRIA Essilor Interview Orma 1,30",ocupacional,Resina,1.50,false,false,true,579.00,Pagina 28,Crizal Rock,Antirreflexo,final,1329.00,1329.00,-2.00,4.00,0.00,-4.00,2.00,3.50,VISÃO INTERMEDIÁRIA,Essilor Interview
Optilab,Optilab 06 de abril a 31 de julho de 2026,LENTES ESSILOR®,Mista,mista,d98a9d98-6db9-4584-962a-35ed8289a048,"Orma 1,30","LENTES ESSILOR® VISÃO INTERMEDIÁRIA Essilor Interview Orma 1,30",ocupacional,Resina,1.50,false,false,true,579.00,Pagina 28,Crizal Sapphire HR,Antirreflexo,final,1599.00,1599.00,-2.00,4.00,0.00,-4.00,2.00,3.50,VISÃO INTERMEDIÁRIA,Essilor Interview
Optilab,Optilab 06 de abril a 31 de julho de 2026,LENTES ESSILOR®,Mista,mista,d98a9d98-6db9-4584-962a-35ed8289a048,"Orma 1,30","LENTES ESSILOR® VISÃO INTERMEDIÁRIA Essilor Interview Orma 1,30",ocupacional,Resina,1.50,false,false,true,579.00,Pagina 28,Optifog,Antirreflexo,final,1219.00,1219.00,-2.00,4.00,0.00,-4.00,2.00,3.50,VISÃO INTERMEDIÁRIA,Essilor Interview
Optilab,Optilab 06 de abril a 31 de julho de 2026,LENTES ESSILOR®,Mista,mista,d98a9d98-6db9-4584-962a-35ed8289a048,"Orma 1,30","LENTES ESSILOR® VISÃO INTERMEDIÁRIA Essilor Interview Orma 1,30",ocupacional,Resina,1.50,false,false,true,579.00,Pagina 28,Trio Easy Clean,Antirreflexo,final,779.00,779.00,-2.00,4.00,0.00,-4.00,2.00,3.50,VISÃO INTERMEDIÁRIA,Essilor Interview
Optilab,Optilab 06 de abril a 31 de julho de 2026,LENTES EYEZEN BOOST®,Visao Simples,visao_simples,94511fa8-cb5c-487a-a287-3c9ffc0ea13e,Airwear,LENTES EYEZEN BOOST® Airwear,visao_simples,Policarbonato,1.59,false,false,true,1209.00,Pagina 24,Crizal Easy Pro,Antirreflexo,final,1209.00,1209.00,-10.00,6.00,0.00,-6.00,null,null,null,null
Optilab,Optilab 06 de abril a 31 de julho de 2026,LENTES EYEZEN BOOST®,Visao Simples,visao_simples,5d62e4b9-46d9-46bb-864a-20e6c7b13b53,Airwear,LENTES EYEZEN BOOST® Airwear,visao_simples,Policarbonato,1.59,false,false,true,1209.00,Pagina 22,Crizal Easy Pro,Antirreflexo,final,1209.00,1209.00,-10.00,6.00,0.00,-6.00,null,null,null,null
Optilab,Optilab 06 de abril a 31 de julho de 2026,LENTES EYEZEN BOOST®,Visao Simples,visao_simples,a9961c89-fe7d-499a-9908-7711f9299e98,Airwear,LENTES EYEZEN BOOST® Airwear,visao_simples,Policarbonato,1.59,false,false,true,1449.00,Pagina 24,Crizal Easy Pro,Antirreflexo,final,1829.00,1829.00,-10.00,6.00,0.00,-6.00,null,null,null,null
Optilab,Optilab 06 de abril a 31 de julho de 2026,LENTES EYEZEN BOOST®,Visao Simples,visao_simples,ccca9d1a-3a32-493e-9d1e-cec7aa8c19cf,Airwear,LENTES EYEZEN BOOST® Airwear,visao_simples,Policarbonato,1.59,false,false,true,1209.00,Pagina 22,Crizal Easy Pro,Antirreflexo,final,1209.00,1209.00,-10.00,6.00,0.00,-6.00,null,null,null,null
Optilab,Optilab 06 de abril a 31 de julho de 2026,LENTES EYEZEN BOOST®,Visao Simples,visao_simples,8f218e73-ab36-40e5-803a-62f40a73d874,Airwear,LENTES EYEZEN BOOST® Airwear,visao_simples,Policarbonato,1.59,false,false,true,1449.00,Pagina 22,Crizal Easy Pro,Antirreflexo,final,1829.00,1829.00,-10.00,6.00,0.00,-6.00,null,null,null,null
Optilab,Optilab 06 de abril a 31 de julho de 2026,LENTES EYEZEN BOOST®,Visao Simples,visao_simples,7990b1c5-0c08-4188-b05e-1f232285a349,Airwear,LENTES EYEZEN BOOST® Airwear,visao_simples,Policarbonato,1.59,false,false,true,1449.00,Pagina 23,Crizal Easy Pro,Antirreflexo,final,1829.00,1829.00,-10.00,6.00,0.00,-6.00,null,null,null,null
Optilab,Optilab 06 de abril a 31 de julho de 2026,LENTES EYEZEN BOOST®,Visao Simples,visao_simples,0d840af1-8c04-4f43-8606-05b65b7e8848,Airwear,LENTES EYEZEN BOOST® Airwear,visao_simples,Policarbonato,1.59,false,false,true,1209.00,Pagina 23,Crizal Easy Pro,Antirreflexo,final,1209.00,1209.00,-10.00,6.00,0.00,-6.00,null,null,null,null
Optilab,Optilab 06 de abril a 31 de julho de 2026,LENTES EYEZEN BOOST®,Visao Simples,visao_simples,0d840af1-8c04-4f43-8606-05b65b7e8848,Airwear,LENTES EYEZEN BOOST® Airwear,visao_simples,Policarbonato,1.59,false,false,true,1209.00,Pagina 23,Crizal Prevencia,Antirreflexo,final,1829.00,1829.00,-10.00,6.00,0.00,-6.00,null,null,null,null
Optilab,Optilab 06 de abril a 31 de julho de 2026,LENTES EYEZEN BOOST®,Visao Simples,visao_simples,5d62e4b9-46d9-46bb-864a-20e6c7b13b53,Airwear,LENTES EYEZEN BOOST® Airwear,visao_simples,Policarbonato,1.59,false,false,true,1209.00,Pagina 22,Crizal Prevencia,Antirreflexo,final,1829.00,1829.00,-10.00,6.00,0.00,-6.00,null,null,null,null
Optilab,Optilab 06 de abril a 31 de julho de 2026,LENTES EYEZEN BOOST®,Visao Simples,visao_simples,ccca9d1a-3a32-493e-9d1e-cec7aa8c19cf,Airwear,LENTES EYEZEN BOOST® Airwear,visao_simples,Policarbonato,1.59,false,false,true,1209.00,Pagina 22,Crizal Prevencia,Antirreflexo,final,1829.00,1829.00,-10.00,6.00,0.00,-6.00,null,null,null,null
Optilab,Optilab 06 de abril a 31 de julho de 2026,LENTES EYEZEN BOOST®,Visao Simples,visao_simples,94511fa8-cb5c-487a-a287-3c9ffc0ea13e,Airwear,LENTES EYEZEN BOOST® Airwear,visao_simples,Policarbonato,1.59,false,false,true,1209.00,Pagina 24,Crizal Prevencia,Antirreflexo,final,1829.00,1829.00,-10.00,6.00,0.00,-6.00,null,null,null,null
Optilab,Optilab 06 de abril a 31 de julho de 2026,LENTES EYEZEN BOOST®,Visao Simples,visao_simples,5d62e4b9-46d9-46bb-864a-20e6c7b13b53,Airwear,LENTES EYEZEN BOOST® Airwear,visao_simples,Policarbonato,1.59,false,false,true,1209.00,Pagina 22,Crizal Rock,Antirreflexo,final,1559.00,1559.00,-10.00,6.00,0.00,-6.00,null,null,null,null
Optilab,Optilab 06 de abril a 31 de julho de 2026,LENTES EYEZEN BOOST®,Visao Simples,visao_simples,0d840af1-8c04-4f43-8606-05b65b7e8848,Airwear,LENTES EYEZEN BOOST® Airwear,visao_simples,Policarbonato,1.59,false,false,true,1209.00,Pagina 23,Crizal Rock,Antirreflexo,final,1559.00,1559.00,-10.00,6.00,0.00,-6.00,null,null,null,null
Optilab,Optilab 06 de abril a 31 de julho de 2026,LENTES EYEZEN BOOST®,Visao Simples,visao_simples,ccca9d1a-3a32-493e-9d1e-cec7aa8c19cf,Airwear,LENTES EYEZEN BOOST® Airwear,visao_simples,Policarbonato,1.59,false,false,true,1209.00,Pagina 22,Crizal Rock,Antirreflexo,final,1559.00,1559.00,-10.00,6.00,0.00,-6.00,null,null,null,null
Optilab,Optilab 06 de abril a 31 de julho de 2026,LENTES EYEZEN BOOST®,Visao Simples,visao_simples,94511fa8-cb5c-487a-a287-3c9ffc0ea13e,Airwear,LENTES EYEZEN BOOST® Airwear,visao_simples,Policarbonato,1.59,false,false,true,1209.00,Pagina 24,Crizal Rock,Antirreflexo,final,1559.00,1559.00,-10.00,6.00,0.00,-6.00,null,null,null,null
Optilab,Optilab 06 de abril a 31 de julho de 2026,LENTES EYEZEN BOOST®,Visao Simples,visao_simples,94511fa8-cb5c-487a-a287-3c9ffc0ea13e,Airwear,LENTES EYEZEN BOOST® Airwear,visao_simples,Policarbonato,1.59,false,false,true,1209.00,Pagina 24,Crizal Sapphire HR,Antirreflexo,final,1829.00,1829.00,-10.00,6.00,0.00,-6.00,null,null,null,null
Optilab,Optilab 06 de abril a 31 de julho de 2026,LENTES EYEZEN BOOST®,Visao Simples,visao_simples,ccca9d1a-3a32-493e-9d1e-cec7aa8c19cf,Airwear,LENTES EYEZEN BOOST® Airwear,visao_simples,Policarbonato,1.59,false,false,true,1209.00,Pagina 22,Crizal Sapphire HR,Antirreflexo,final,1829.00,1829.00,-10.00,6.00,0.00,-6.00,null,null,null,null
Optilab,Optilab 06 de abril a 31 de julho de 2026,LENTES EYEZEN BOOST®,Visao Simples,visao_simples,0d840af1-8c04-4f43-8606-05b65b7e8848,Airwear,LENTES EYEZEN BOOST® Airwear,visao_simples,Policarbonato,1.59,false,false,true,1209.00,Pagina 23,Crizal Sapphire HR,Antirreflexo,final,1829.00,1829.00,-10.00,6.00,0.00,-6.00,null,null,null,null
Optilab,Optilab 06 de abril a 31 de julho de 2026,LENTES EYEZEN BOOST®,Visao Simples,visao_simples,5d62e4b9-46d9-46bb-864a-20e6c7b13b53,Airwear,LENTES EYEZEN BOOST® Airwear,visao_simples,Policarbonato,1.59,false,false,true,1209.00,Pagina 22,Crizal Sapphire HR,Antirreflexo,final,1829.00,1829.00,-10.00,6.00,0.00,-6.00,null,null,null,null
Optilab,Optilab 06 de abril a 31 de julho de 2026,LENTES EYEZEN BOOST®,Visao Simples,visao_simples,8f218e73-ab36-40e5-803a-62f40a73d874,Airwear,LENTES EYEZEN BOOST® Airwear,visao_simples,Policarbonato,1.59,false,false,true,1449.00,Pagina 22,Optifog,Antirreflexo,final,1829.00,1829.00,-10.00,6.00,0.00,-6.00,null,null,null,null
Optilab,Optilab 06 de abril a 31 de julho de 2026,LENTES EYEZEN BOOST®,Visao Simples,visao_simples,5d62e4b9-46d9-46bb-864a-20e6c7b13b53,Airwear,LENTES EYEZEN BOOST® Airwear,visao_simples,Policarbonato,1.59,false,false,true,1209.00,Pagina 22,Optifog,Antirreflexo,final,1449.00,1449.00,-10.00,6.00,0.00,-6.00,null,null,null,null
Optilab,Optilab 06 de abril a 31 de julho de 2026,LENTES EYEZEN BOOST®,Visao Simples,visao_simples,a9961c89-fe7d-499a-9908-7711f9299e98,Airwear,LENTES EYEZEN BOOST® Airwear,visao_simples,Policarbonato,1.59,false,false,true,1449.00,Pagina 24,Optifog,Antirreflexo,final,1829.00,1829.00,-10.00,6.00,0.00,-6.00,null,null,null,null
Optilab,Optilab 06 de abril a 31 de julho de 2026,LENTES EYEZEN BOOST®,Visao Simples,visao_simples,ccca9d1a-3a32-493e-9d1e-cec7aa8c19cf,Airwear,LENTES EYEZEN BOOST® Airwear,visao_simples,Policarbonato,1.59,false,false,true,1209.00,Pagina 22,Optifog,Antirreflexo,final,1449.00,1449.00,-10.00,6.00,0.00,-6.00,null,null,null,null
Optilab,Optilab 06 de abril a 31 de julho de 2026,LENTES EYEZEN BOOST®,Visao Simples,visao_simples,94511fa8-cb5c-487a-a287-3c9ffc0ea13e,Airwear,LENTES EYEZEN BOOST® Airwear,visao_simples,Policarbonato,1.59,false,false,true,1209.00,Pagina 24,Optifog,Antirreflexo,final,1449.00,1449.00,-10.00,6.00,0.00,-6.00,null,null,null,null
Optilab,Optilab 06 de abril a 31 de julho de 2026,LENTES EYEZEN BOOST®,Visao Simples,visao_simples,7990b1c5-0c08-4188-b05e-1f232285a349,Airwear,LENTES EYEZEN BOOST® Airwear,visao_simples,Policarbonato,1.59,false,false,true,1449.00,Pagina 23,Optifog,Antirreflexo,final,1829.00,1829.00,-10.00,6.00,0.00,-6.00,null,null,null,null
Optilab,Optilab 06 de abril a 31 de julho de 2026,LENTES EYEZEN BOOST®,Visao Simples,visao_simples,0d840af1-8c04-4f43-8606-05b65b7e8848,Airwear,LENTES EYEZEN BOOST® Airwear,visao_simples,Policarbonato,1.59,false,false,true,1209.00,Pagina 23,Optifog,Antirreflexo,final,1449.00,1449.00,-10.00,6.00,0.00,-6.00,null,null,null,null
Optilab,Optilab 06 de abril a 31 de julho de 2026,LENTES EYEZEN BOOST®,Visao Simples,visao_simples,7d7a4ff5-4daf-479c-979b-41257c153e5e,Airwear + Transitions Extractive,LENTES EYEZEN BOOST® Airwear + Transitions Extractive,visao_simples,Policarbonato,1.59,false,false,true,2219.00,Pagina 24,Crizal Easy Pro,Antirreflexo,final,2219.00,2219.00,-10.00,6.00,0.00,-6.00,null,null,null,null
Optilab,Optilab 06 de abril a 31 de julho de 2026,LENTES EYEZEN BOOST®,Visao Simples,visao_simples,a52db8ab-5bb7-43f6-948f-2f6ad484d630,Airwear + Transitions Extractive,LENTES EYEZEN BOOST® Airwear + Transitions Extractive,visao_simples,Policarbonato,1.59,false,false,true,2219.00,Pagina 23,Crizal Easy Pro,Antirreflexo,final,2219.00,2219.00,-10.00,6.00,0.00,-6.00,null,null,null,null
Optilab,Optilab 06 de abril a 31 de julho de 2026,LENTES EYEZEN BOOST®,Visao Simples,visao_simples,2a512cd5-f226-4bc3-95c2-40028aceae43,Airwear + Transitions Extractive,LENTES EYEZEN BOOST® Airwear + Transitions Extractive,visao_simples,Policarbonato,1.59,false,false,true,2459.00,Pagina 24,Crizal Easy Pro,Antirreflexo,final,2839.00,2839.00,-10.00,6.00,0.00,-6.00,null,null,null,null
Optilab,Optilab 06 de abril a 31 de julho de 2026,LENTES EYEZEN BOOST®,Visao Simples,visao_simples,1134919f-e275-446a-b92e-37411859f6e4,Airwear + Transitions Extractive,LENTES EYEZEN BOOST® Airwear + Transitions Extractive,visao_simples,Policarbonato,1.59,false,false,true,2459.00,Pagina 22,Crizal Easy Pro,Antirreflexo,final,2839.00,2839.00,-10.00,6.00,0.00,-6.00,null,null,null,null
Optilab,Optilab 06 de abril a 31 de julho de 2026,LENTES EYEZEN BOOST®,Visao Simples,visao_simples,40ffae98-0afe-482f-b3a8-dcbe8983e627,Airwear + Transitions Extractive,LENTES EYEZEN BOOST® Airwear + Transitions Extractive,visao_simples,Policarbonato,1.59,false,false,true,2459.00,Pagina 23,Crizal Easy Pro,Antirreflexo,final,2839.00,2839.00,-10.00,6.00,0.00,-6.00,null,null,null,null
Optilab,Optilab 06 de abril a 31 de julho de 2026,LENTES EYEZEN BOOST®,Visao Simples,visao_simples,a1496b66-440c-4439-88b8-4630cab62a5a,Airwear + Transitions Extractive,LENTES EYEZEN BOOST® Airwear + Transitions Extractive,visao_simples,Policarbonato,1.59,false,false,true,2219.00,Pagina 22,Crizal Easy Pro,Antirreflexo,final,2219.00,2219.00,-10.00,6.00,0.00,-6.00,null,null,null,null
Optilab,Optilab 06 de abril a 31 de julho de 2026,LENTES EYEZEN BOOST®,Visao Simples,visao_simples,cc056c6e-baf5-430e-b1d5-0e7bf6822ffd,Airwear + Transitions Extractive,LENTES EYEZEN BOOST® Airwear + Transitions Extractive,visao_simples,Policarbonato,1.59,false,false,true,2219.00,Pagina 22,Crizal Easy Pro,Antirreflexo,final,2219.00,2219.00,-10.00,6.00,0.00,-6.00,null,null,null,null
Optilab,Optilab 06 de abril a 31 de julho de 2026,LENTES EYEZEN BOOST®,Visao Simples,visao_simples,cc056c6e-baf5-430e-b1d5-0e7bf6822ffd,Airwear + Transitions Extractive,LENTES EYEZEN BOOST® Airwear + Transitions Extractive,visao_simples,Policarbonato,1.59,false,false,true,2219.00,Pagina 22,Crizal Prevencia,Antirreflexo,final,2839.00,2839.00,-10.00,6.00,0.00,-6.00,null,null,null,null
Optilab,Optilab 06 de abril a 31 de julho de 2026,LENTES EYEZEN BOOST®,Visao Simples,visao_simples,a52db8ab-5bb7-43f6-948f-2f6ad484d630,Airwear + Transitions Extractive,LENTES EYEZEN BOOST® Airwear + Transitions Extractive,visao_simples,Policarbonato,1.59,false,false,true,2219.00,Pagina 23,Crizal Prevencia,Antirreflexo,final,2839.00,2839.00,-10.00,6.00,0.00,-6.00,null,null,null,null
Optilab,Optilab 06 de abril a 31 de julho de 2026,LENTES EYEZEN BOOST®,Visao Simples,visao_simples,7d7a4ff5-4daf-479c-979b-41257c153e5e,Airwear + Transitions Extractive,LENTES EYEZEN BOOST® Airwear + Transitions Extractive,visao_simples,Policarbonato,1.59,false,false,true,2219.00,Pagina 24,Crizal Prevencia,Antirreflexo,final,2839.00,2839.00,-10.00,6.00,0.00,-6.00,null,null,null,null
Optilab,Optilab 06 de abril a 31 de julho de 2026,LENTES EYEZEN BOOST®,Visao Simples,visao_simples,a1496b66-440c-4439-88b8-4630cab62a5a,Airwear + Transitions Extractive,LENTES EYEZEN BOOST® Airwear + Transitions Extractive,visao_simples,Policarbonato,1.59,false,false,true,2219.00,Pagina 22,Crizal Prevencia,Antirreflexo,final,2839.00,2839.00,-10.00,6.00,0.00,-6.00,null,null,null,null
Optilab,Optilab 06 de abril a 31 de julho de 2026,LENTES EYEZEN BOOST®,Visao Simples,visao_simples,cc056c6e-baf5-430e-b1d5-0e7bf6822ffd,Airwear + Transitions Extractive,LENTES EYEZEN BOOST® Airwear + Transitions Extractive,visao_simples,Policarbonato,1.59,false,false,true,2219.00,Pagina 22,Crizal Rock,Antirreflexo,final,2569.00,2569.00,-10.00,6.00,0.00,-6.00,null,null,null,null
Optilab,Optilab 06 de abril a 31 de julho de 2026,LENTES EYEZEN BOOST®,Visao Simples,visao_simples,a52db8ab-5bb7-43f6-948f-2f6ad484d630,Airwear + Transitions Extractive,LENTES EYEZEN BOOST® Airwear + Transitions Extractive,visao_simples,Policarbonato,1.59,false,false,true,2219.00,Pagina 23,Crizal Rock,Antirreflexo,final,2569.00,2569.00,-10.00,6.00,0.00,-6.00,null,null,null,null
Optilab,Optilab 06 de abril a 31 de julho de 2026,LENTES EYEZEN BOOST®,Visao Simples,visao_simples,a1496b66-440c-4439-88b8-4630cab62a5a,Airwear + Transitions Extractive,LENTES EYEZEN BOOST® Airwear + Transitions Extractive,visao_simples,Policarbonato,1.59,false,false,true,2219.00,Pagina 22,Crizal Rock,Antirreflexo,final,2569.00,2569.00,-10.00,6.00,0.00,-6.00,null,null,null,null
Optilab,Optilab 06 de abril a 31 de julho de 2026,LENTES EYEZEN BOOST®,Visao Simples,visao_simples,7d7a4ff5-4daf-479c-979b-41257c153e5e,Airwear + Transitions Extractive,LENTES EYEZEN BOOST® Airwear + Transitions Extractive,visao_simples,Policarbonato,1.59,false,false,true,2219.00,Pagina 24,Crizal Rock,Antirreflexo,final,2569.00,2569.00,-10.00,6.00,0.00,-6.00,null,null,null,null
Optilab,Optilab 06 de abril a 31 de julho de 2026,LENTES EYEZEN BOOST®,Visao Simples,visao_simples,a1496b66-440c-4439-88b8-4630cab62a5a,Airwear + Transitions Extractive,LENTES EYEZEN BOOST® Airwear + Transitions Extractive,visao_simples,Policarbonato,1.59,false,false,true,2219.00,Pagina 22,Crizal Sapphire HR,Antirreflexo,final,2839.00,2839.00,-10.00,6.00,0.00,-6.00,null,null,null,null
Optilab,Optilab 06 de abril a 31 de julho de 2026,LENTES EYEZEN BOOST®,Visao Simples,visao_simples,a52db8ab-5bb7-43f6-948f-2f6ad484d630,Airwear + Transitions Extractive,LENTES EYEZEN BOOST® Airwear + Transitions Extractive,visao_simples,Policarbonato,1.59,false,false,true,2219.00,Pagina 23,Crizal Sapphire HR,Antirreflexo,final,2839.00,2839.00,-10.00,6.00,0.00,-6.00,null,null,null,null
Optilab,Optilab 06 de abril a 31 de julho de 2026,LENTES EYEZEN BOOST®,Visao Simples,visao_simples,7d7a4ff5-4daf-479c-979b-41257c153e5e,Airwear + Transitions Extractive,LENTES EYEZEN BOOST® Airwear + Transitions Extractive,visao_simples,Policarbonato,1.59,false,false,true,2219.00,Pagina 24,Crizal Sapphire HR,Antirreflexo,final,2839.00,2839.00,-10.00,6.00,0.00,-6.00,null,null,null,null
Optilab,Optilab 06 de abril a 31 de julho de 2026,LENTES EYEZEN BOOST®,Visao Simples,visao_simples,cc056c6e-baf5-430e-b1d5-0e7bf6822ffd,Airwear + Transitions Extractive,LENTES EYEZEN BOOST® Airwear + Transitions Extractive,visao_simples,Policarbonato,1.59,false,false,true,2219.00,Pagina 22,Crizal Sapphire HR,Antirreflexo,final,2839.00,2839.00,-10.00,6.00,0.00,-6.00,null,null,null,null
Optilab,Optilab 06 de abril a 31 de julho de 2026,LENTES EYEZEN BOOST®,Visao Simples,visao_simples,7d7a4ff5-4daf-479c-979b-41257c153e5e,Airwear + Transitions Extractive,LENTES EYEZEN BOOST® Airwear + Transitions Extractive,visao_simples,Policarbonato,1.59,false,false,true,2219.00,Pagina 24,Optifog,Antirreflexo,final,2459.00,2459.00,-10.00,6.00,0.00,-6.00,null,null,null,null
Optilab,Optilab 06 de abril a 31 de julho de 2026,LENTES EYEZEN BOOST®,Visao Simples,visao_simples,cc056c6e-baf5-430e-b1d5-0e7bf6822ffd,Airwear + Transitions Extractive,LENTES EYEZEN BOOST® Airwear + Transitions Extractive,visao_simples,Policarbonato,1.59,false,false,true,2219.00,Pagina 22,Optifog,Antirreflexo,final,2459.00,2459.00,-10.00,6.00,0.00,-6.00,null,null,null,null
Optilab,Optilab 06 de abril a 31 de julho de 2026,LENTES EYEZEN BOOST®,Visao Simples,visao_simples,40ffae98-0afe-482f-b3a8-dcbe8983e627,Airwear + Transitions Extractive,LENTES EYEZEN BOOST® Airwear + Transitions Extractive,visao_simples,Policarbonato,1.59,false,false,true,2459.00,Pagina 23,Optifog,Antirreflexo,final,2839.00,2839.00,-10.00,6.00,0.00,-6.00,null,null,null,null
Optilab,Optilab 06 de abril a 31 de julho de 2026,LENTES EYEZEN BOOST®,Visao Simples,visao_simples,a52db8ab-5bb7-43f6-948f-2f6ad484d630,Airwear + Transitions Extractive,LENTES EYEZEN BOOST® Airwear + Transitions Extractive,visao_simples,Policarbonato,1.59,false,false,true,2219.00,Pagina 23,Optifog,Antirreflexo,final,2459.00,2459.00,-10.00,6.00,0.00,-6.00,null,null,null,null
Optilab,Optilab 06 de abril a 31 de julho de 2026,LENTES EYEZEN BOOST®,Visao Simples,visao_simples,1134919f-e275-446a-b92e-37411859f6e4,Airwear + Transitions Extractive,LENTES EYEZEN BOOST® Airwear + Transitions Extractive,visao_simples,Policarbonato,1.59,false,false,true,2459.00,Pagina 22,Optifog,Antirreflexo,final,2839.00,2839.00,-10.00,6.00,0.00,-6.00,null,null,null,null
Optilab,Optilab 06 de abril a 31 de julho de 2026,LENTES EYEZEN BOOST®,Visao Simples,visao_simples,2a512cd5-f226-4bc3-95c2-40028aceae43,Airwear + Transitions Extractive,LENTES EYEZEN BOOST® Airwear + Transitions Extractive,visao_simples,Policarbonato,1.59,false,false,true,2459.00,Pagina 24,Optifog,Antirreflexo,final,2839.00,2839.00,-10.00,6.00,0.00,-6.00,null,null,null,null
Optilab,Optilab 06 de abril a 31 de julho de 2026,LENTES EYEZEN BOOST®,Visao Simples,visao_simples,a1496b66-440c-4439-88b8-4630cab62a5a,Airwear + Transitions Extractive,LENTES EYEZEN BOOST® Airwear + Transitions Extractive,visao_simples,Policarbonato,1.59,false,false,true,2219.00,Pagina 22,Optifog,Antirreflexo,final,2459.00,2459.00,-10.00,6.00,0.00,-6.00,null,null,null,null
Optilab,Optilab 06 de abril a 31 de julho de 2026,LENTES EYEZEN BOOST®,Visao Simples,visao_simples,6a846935-0cc8-48f7-a0dc-f5150a2e2a6e,Airwear + Transitions Gen S,LENTES EYEZEN BOOST® Airwear + Transitions Gen S,visao_simples,Policarbonato,1.59,false,false,true,2389.00,Pagina 23,Crizal Easy Pro,Antirreflexo,final,2769.00,2769.00,-10.00,6.00,0.00,-6.00,null,null,null,null
Optilab,Optilab 06 de abril a 31 de julho de 2026,LENTES EYEZEN BOOST®,Visao Simples,visao_simples,ecc54756-2776-4222-8972-691ee3a8ab36,Airwear + Transitions Gen S,LENTES EYEZEN BOOST® Airwear + Transitions Gen S,visao_simples,Policarbonato,1.59,false,false,true,2389.00,Pagina 22,Crizal Easy Pro,Antirreflexo,final,2769.00,2769.00,-10.00,6.00,0.00,-6.00,null,null,null,null
Optilab,Optilab 06 de abril a 31 de julho de 2026,LENTES EYEZEN BOOST®,Visao Simples,visao_simples,2cd90ed6-d242-446a-aca1-9ee42483f2fe,Airwear + Transitions Gen S,LENTES EYEZEN BOOST® Airwear + Transitions Gen S,visao_simples,Policarbonato,1.59,false,false,true,2149.00,Pagina 22,Crizal Easy Pro,Antirreflexo,final,2149.00,2149.00,-10.00,6.00,0.00,-6.00,null,null,null,null
Optilab,Optilab 06 de abril a 31 de julho de 2026,LENTES EYEZEN BOOST®,Visao Simples,visao_simples,66da179c-8ddd-41d8-a389-43c7a09c22b8,Airwear + Transitions Gen S,LENTES EYEZEN BOOST® Airwear + Transitions Gen S,visao_simples,Policarbonato,1.59,false,false,true,2149.00,Pagina 24,Crizal Easy Pro,Antirreflexo,final,2149.00,2149.00,-10.00,6.00,0.00,-6.00,null,null,null,null
Optilab,Optilab 06 de abril a 31 de julho de 2026,LENTES EYEZEN BOOST®,Visao Simples,visao_simples,a1ad0a79-5eb3-4897-ade1-14d2bf40eb63,Airwear + Transitions Gen S,LENTES EYEZEN BOOST® Airwear + Transitions Gen S,visao_simples,Policarbonato,1.59,false,false,true,2149.00,Pagina 23,Crizal Easy Pro,Antirreflexo,final,2149.00,2149.00,-10.00,6.00,0.00,-6.00,null,null,null,null
Optilab,Optilab 06 de abril a 31 de julho de 2026,LENTES EYEZEN BOOST®,Visao Simples,visao_simples,a61e9acc-d719-46ab-8436-0cdcc66bf8f0,Airwear + Transitions Gen S,LENTES EYEZEN BOOST® Airwear + Transitions Gen S,visao_simples,Policarbonato,1.59,false,false,true,2389.00,Pagina 24,Crizal Easy Pro,Antirreflexo,final,2769.00,2769.00,-10.00,6.00,0.00,-6.00,null,null,null,null
Optilab,Optilab 06 de abril a 31 de julho de 2026,LENTES EYEZEN BOOST®,Visao Simples,visao_simples,711c753e-3871-4e1d-bf5c-c7f3053e06b7,Airwear + Transitions Gen S,LENTES EYEZEN BOOST® Airwear + Transitions Gen S,visao_simples,Policarbonato,1.59,false,false,true,2149.00,Pagina 22,Crizal Easy Pro,Antirreflexo,final,2149.00,2149.00,-10.00,6.00,0.00,-6.00,null,null,null,null
Optilab,Optilab 06 de abril a 31 de julho de 2026,LENTES EYEZEN BOOST®,Visao Simples,visao_simples,a1ad0a79-5eb3-4897-ade1-14d2bf40eb63,Airwear + Transitions Gen S,LENTES EYEZEN BOOST® Airwear + Transitions Gen S,visao_simples,Policarbonato,1.59,false,false,true,2149.00,Pagina 23,Crizal Prevencia,Antirreflexo,final,2769.00,2769.00,-10.00,6.00,0.00,-6.00,null,null,null,null
Optilab,Optilab 06 de abril a 31 de julho de 2026,LENTES EYEZEN BOOST®,Visao Simples,visao_simples,2cd90ed6-d242-446a-aca1-9ee42483f2fe,Airwear + Transitions Gen S,LENTES EYEZEN BOOST® Airwear + Transitions Gen S,visao_simples,Policarbonato,1.59,false,false,true,2149.00,Pagina 22,Crizal Prevencia,Antirreflexo,final,2769.00,2769.00,-10.00,6.00,0.00,-6.00,null,null,null,null
Optilab,Optilab 06 de abril a 31 de julho de 2026,LENTES EYEZEN BOOST®,Visao Simples,visao_simples,711c753e-3871-4e1d-bf5c-c7f3053e06b7,Airwear + Transitions Gen S,LENTES EYEZEN BOOST® Airwear + Transitions Gen S,visao_simples,Policarbonato,1.59,false,false,true,2149.00,Pagina 22,Crizal Prevencia,Antirreflexo,final,2769.00,2769.00,-10.00,6.00,0.00,-6.00,null,null,null,null
Optilab,Optilab 06 de abril a 31 de julho de 2026,LENTES EYEZEN BOOST®,Visao Simples,visao_simples,66da179c-8ddd-41d8-a389-43c7a09c22b8,Airwear + Transitions Gen S,LENTES EYEZEN BOOST® Airwear + Transitions Gen S,visao_simples,Policarbonato,1.59,false,false,true,2149.00,Pagina 24,Crizal Prevencia,Antirreflexo,final,2769.00,2769.00,-10.00,6.00,0.00,-6.00,null,null,null,null
Optilab,Optilab 06 de abril a 31 de julho de 2026,LENTES EYEZEN BOOST®,Visao Simples,visao_simples,711c753e-3871-4e1d-bf5c-c7f3053e06b7,Airwear + Transitions Gen S,LENTES EYEZEN BOOST® Airwear + Transitions Gen S,visao_simples,Policarbonato,1.59,false,false,true,2149.00,Pagina 22,Crizal Rock,Antirreflexo,final,2499.00,2499.00,-10.00,6.00,0.00,-6.00,null,null,null,null
Optilab,Optilab 06 de abril a 31 de julho de 2026,LENTES EYEZEN BOOST®,Visao Simples,visao_simples,2cd90ed6-d242-446a-aca1-9ee42483f2fe,Airwear + Transitions Gen S,LENTES EYEZEN BOOST® Airwear + Transitions Gen S,visao_simples,Policarbonato,1.59,false,false,true,2149.00,Pagina 22,Crizal Rock,Antirreflexo,final,2499.00,2499.00,-10.00,6.00,0.00,-6.00,null,null,null,null
Optilab,Optilab 06 de abril a 31 de julho de 2026,LENTES EYEZEN BOOST®,Visao Simples,visao_simples,a1ad0a79-5eb3-4897-ade1-14d2bf40eb63,Airwear + Transitions Gen S,LENTES EYEZEN BOOST® Airwear + Transitions Gen S,visao_simples,Policarbonato,1.59,false,false,true,2149.00,Pagina 23,Crizal Rock,Antirreflexo,final,2499.00,2499.00,-10.00,6.00,0.00,-6.00,null,null,null,null
Optilab,Optilab 06 de abril a 31 de julho de 2026,LENTES EYEZEN BOOST®,Visao Simples,visao_simples,66da179c-8ddd-41d8-a389-43c7a09c22b8,Airwear + Transitions Gen S,LENTES EYEZEN BOOST® Airwear + Transitions Gen S,visao_simples,Policarbonato,1.59,false,false,true,2149.00,Pagina 24,Crizal Rock,Antirreflexo,final,2499.00,2499.00,-10.00,6.00,0.00,-6.00,null,null,null,null
Optilab,Optilab 06 de abril a 31 de julho de 2026,LENTES EYEZEN BOOST®,Visao Simples,visao_simples,66da179c-8ddd-41d8-a389-43c7a09c22b8,Airwear + Transitions Gen S,LENTES EYEZEN BOOST® Airwear + Transitions Gen S,visao_simples,Policarbonato,1.59,false,false,true,2149.00,Pagina 24,Crizal Sapphire HR,Antirreflexo,final,2769.00,2769.00,-10.00,6.00,0.00,-6.00,null,null,null,null
Optilab,Optilab 06 de abril a 31 de julho de 2026,LENTES EYEZEN BOOST®,Visao Simples,visao_simples,a1ad0a79-5eb3-4897-ade1-14d2bf40eb63,Airwear + Transitions Gen S,LENTES EYEZEN BOOST® Airwear + Transitions Gen S,visao_simples,Policarbonato,1.59,false,false,true,2149.00,Pagina 23,Crizal Sapphire HR,Antirreflexo,final,2769.00,2769.00,-10.00,6.00,0.00,-6.00,null,null,null,null
Optilab,Optilab 06 de abril a 31 de julho de 2026,LENTES EYEZEN BOOST®,Visao Simples,visao_simples,2cd90ed6-d242-446a-aca1-9ee42483f2fe,Airwear + Transitions Gen S,LENTES EYEZEN BOOST® Airwear + Transitions Gen S,visao_simples,Policarbonato,1.59,false,false,true,2149.00,Pagina 22,Crizal Sapphire HR,Antirreflexo,final,2769.00,2769.00,-10.00,6.00,0.00,-6.00,null,null,null,null
Optilab,Optilab 06 de abril a 31 de julho de 2026,LENTES EYEZEN BOOST®,Visao Simples,visao_simples,711c753e-3871-4e1d-bf5c-c7f3053e06b7,Airwear + Transitions Gen S,LENTES EYEZEN BOOST® Airwear + Transitions Gen S,visao_simples,Policarbonato,1.59,false,false,true,2149.00,Pagina 22,Crizal Sapphire HR,Antirreflexo,final,2769.00,2769.00,-10.00,6.00,0.00,-6.00,null,null,null,null
Optilab,Optilab 06 de abril a 31 de julho de 2026,LENTES EYEZEN BOOST®,Visao Simples,visao_simples,2cd90ed6-d242-446a-aca1-9ee42483f2fe,Airwear + Transitions Gen S,LENTES EYEZEN BOOST® Airwear + Transitions Gen S,visao_simples,Policarbonato,1.59,false,false,true,2149.00,Pagina 22,Optifog,Antirreflexo,final,2389.00,2389.00,-10.00,6.00,0.00,-6.00,null,null,null,null
Optilab,Optilab 06 de abril a 31 de julho de 2026,LENTES EYEZEN BOOST®,Visao Simples,visao_simples,a1ad0a79-5eb3-4897-ade1-14d2bf40eb63,Airwear + Transitions Gen S,LENTES EYEZEN BOOST® Airwear + Transitions Gen S,visao_simples,Policarbonato,1.59,false,false,true,2149.00,Pagina 23,Optifog,Antirreflexo,final,2389.00,2389.00,-10.00,6.00,0.00,-6.00,null,null,null,null
Optilab,Optilab 06 de abril a 31 de julho de 2026,LENTES EYEZEN BOOST®,Visao Simples,visao_simples,66da179c-8ddd-41d8-a389-43c7a09c22b8,Airwear + Transitions Gen S,LENTES EYEZEN BOOST® Airwear + Transitions Gen S,visao_simples,Policarbonato,1.59,false,false,true,2149.00,Pagina 24,Optifog,Antirreflexo,final,2389.00,2389.00,-10.00,6.00,0.00,-6.00,null,null,null,null
Optilab,Optilab 06 de abril a 31 de julho de 2026,LENTES EYEZEN BOOST®,Visao Simples,visao_simples,711c753e-3871-4e1d-bf5c-c7f3053e06b7,Airwear + Transitions Gen S,LENTES EYEZEN BOOST® Airwear + Transitions Gen S,visao_simples,Policarbonato,1.59,false,false,true,2149.00,Pagina 22,Optifog,Antirreflexo,final,2389.00,2389.00,-10.00,6.00,0.00,-6.00,null,null,null,null
Optilab,Optilab 06 de abril a 31 de julho de 2026,LENTES EYEZEN BOOST®,Visao Simples,visao_simples,6a846935-0cc8-48f7-a0dc-f5150a2e2a6e,Airwear + Transitions Gen S,LENTES EYEZEN BOOST® Airwear + Transitions Gen S,visao_simples,Policarbonato,1.59,false,false,true,2389.00,Pagina 23,Optifog,Antirreflexo,final,2769.00,2769.00,-10.00,6.00,0.00,-6.00,null,null,null,null
Optilab,Optilab 06 de abril a 31 de julho de 2026,LENTES EYEZEN BOOST®,Visao Simples,visao_simples,ecc54756-2776-4222-8972-691ee3a8ab36,Airwear + Transitions Gen S,LENTES EYEZEN BOOST® Airwear + Transitions Gen S,visao_simples,Policarbonato,1.59,false,false,true,2389.00,Pagina 22,Optifog,Antirreflexo,final,2769.00,2769.00,-10.00,6.00,0.00,-6.00,null,null,null,null
Optilab,Optilab 06 de abril a 31 de julho de 2026,LENTES EYEZEN BOOST®,Visao Simples,visao_simples,a61e9acc-d719-46ab-8436-0cdcc66bf8f0,Airwear + Transitions Gen S,LENTES EYEZEN BOOST® Airwear + Transitions Gen S,visao_simples,Policarbonato,1.59,false,false,true,2389.00,Pagina 24,Optifog,Antirreflexo,final,2769.00,2769.00,-10.00,6.00,0.00,-6.00,null,null,null,null
Optilab,Optilab 06 de abril a 31 de julho de 2026,LENTES EYEZEN BOOST®,Visao Simples,visao_simples,e1767a6c-bc58-4b87-a05c-554a45a1dc30,Orma,LENTES EYEZEN BOOST® Orma,visao_simples,Resina,1.50,false,false,true,1229.00,Pagina 23,Crizal Easy Pro,Antirreflexo,final,1609.00,1609.00,-10.00,6.00,0.00,-6.00,null,null,null,null
Optilab,Optilab 06 de abril a 31 de julho de 2026,LENTES EYEZEN BOOST®,Visao Simples,visao_simples,4f67ae26-e884-4398-b5a1-619c693871b3,Orma,LENTES EYEZEN BOOST® Orma,visao_simples,Resina,1.50,false,false,true,989.00,Pagina 22,Crizal Easy Pro,Antirreflexo,final,989.00,989.00,-10.00,6.00,0.00,-6.00,null,null,null,null
Optilab,Optilab 06 de abril a 31 de julho de 2026,LENTES EYEZEN BOOST®,Visao Simples,visao_simples,e1400ee9-4eed-4ef5-af68-16da08a14a61,Orma,LENTES EYEZEN BOOST® Orma,visao_simples,Resina,1.50,false,false,true,1229.00,Pagina 22,Crizal Easy Pro,Antirreflexo,final,1609.00,1609.00,-10.00,6.00,0.00,-6.00,null,null,null,null
Optilab,Optilab 06 de abril a 31 de julho de 2026,LENTES EYEZEN BOOST®,Visao Simples,visao_simples,033c50dc-4532-4be8-9356-3417cb38fb0c,Orma,LENTES EYEZEN BOOST® Orma,visao_simples,Resina,1.50,false,false,true,989.00,Pagina 23,Crizal Easy Pro,Antirreflexo,final,989.00,989.00,-10.00,6.00,0.00,-6.00,null,null,null,null
Optilab,Optilab 06 de abril a 31 de julho de 2026,LENTES EYEZEN BOOST®,Visao Simples,visao_simples,b4d8cfac-42d8-4ec0-9227-78002dc3c1a3,Orma,LENTES EYEZEN BOOST® Orma,visao_simples,Resina,1.50,false,false,true,1229.00,Pagina 24,Crizal Easy Pro,Antirreflexo,final,1609.00,1609.00,-10.00,6.00,0.00,-6.00,null,null,null,null
Optilab,Optilab 06 de abril a 31 de julho de 2026,LENTES EYEZEN BOOST®,Visao Simples,visao_simples,846d843b-a25c-4368-99b5-4a0d66cfffc5,Orma,LENTES EYEZEN BOOST® Orma,visao_simples,Resina,1.50,false,false,true,989.00,Pagina 24,Crizal Easy Pro,Antirreflexo,final,989.00,989.00,-10.00,6.00,0.00,-6.00,null,null,null,null
Optilab,Optilab 06 de abril a 31 de julho de 2026,LENTES EYEZEN BOOST®,Visao Simples,visao_simples,dc59534d-db57-45ab-b803-6ff7408357aa,Orma,LENTES EYEZEN BOOST® Orma,visao_simples,Resina,1.50,false,false,true,989.00,Pagina 22,Crizal Easy Pro,Antirreflexo,final,989.00,989.00,-10.00,6.00,0.00,-6.00,null,null,null,null
Optilab,Optilab 06 de abril a 31 de julho de 2026,LENTES EYEZEN BOOST®,Visao Simples,visao_simples,846d843b-a25c-4368-99b5-4a0d66cfffc5,Orma,LENTES EYEZEN BOOST® Orma,visao_simples,Resina,1.50,false,false,true,989.00,Pagina 24,Crizal Prevencia,Antirreflexo,final,1609.00,1609.00,-10.00,6.00,0.00,-6.00,null,null,null,null
Optilab,Optilab 06 de abril a 31 de julho de 2026,LENTES EYEZEN BOOST®,Visao Simples,visao_simples,dc59534d-db57-45ab-b803-6ff7408357aa,Orma,LENTES EYEZEN BOOST® Orma,visao_simples,Resina,1.50,false,false,true,989.00,Pagina 22,Crizal Prevencia,Antirreflexo,final,1609.00,1609.00,-10.00,6.00,0.00,-6.00,null,null,null,null
Optilab,Optilab 06 de abril a 31 de julho de 2026,LENTES EYEZEN BOOST®,Visao Simples,visao_simples,4f67ae26-e884-4398-b5a1-619c693871b3,Orma,LENTES EYEZEN BOOST® Orma,visao_simples,Resina,1.50,false,false,true,989.00,Pagina 22,Crizal Prevencia,Antirreflexo,final,1609.00,1609.00,-10.00,6.00,0.00,-6.00,null,null,null,null
Optilab,Optilab 06 de abril a 31 de julho de 2026,LENTES EYEZEN BOOST®,Visao Simples,visao_simples,033c50dc-4532-4be8-9356-3417cb38fb0c,Orma,LENTES EYEZEN BOOST® Orma,visao_simples,Resina,1.50,false,false,true,989.00,Pagina 23,Crizal Prevencia,Antirreflexo,final,1609.00,1609.00,-10.00,6.00,0.00,-6.00,null,null,null,null
Optilab,Optilab 06 de abril a 31 de julho de 2026,LENTES EYEZEN BOOST®,Visao Simples,visao_simples,033c50dc-4532-4be8-9356-3417cb38fb0c,Orma,LENTES EYEZEN BOOST® Orma,visao_simples,Resina,1.50,false,false,true,989.00,Pagina 23,Crizal Rock,Antirreflexo,final,1339.00,1339.00,-10.00,6.00,0.00,-6.00,null,null,null,null
Optilab,Optilab 06 de abril a 31 de julho de 2026,LENTES EYEZEN BOOST®,Visao Simples,visao_simples,846d843b-a25c-4368-99b5-4a0d66cfffc5,Orma,LENTES EYEZEN BOOST® Orma,visao_simples,Resina,1.50,false,false,true,989.00,Pagina 24,Crizal Rock,Antirreflexo,final,1339.00,1339.00,-10.00,6.00,0.00,-6.00,null,null,null,null
Optilab,Optilab 06 de abril a 31 de julho de 2026,LENTES EYEZEN BOOST®,Visao Simples,visao_simples,4f67ae26-e884-4398-b5a1-619c693871b3,Orma,LENTES EYEZEN BOOST® Orma,visao_simples,Resina,1.50,false,false,true,989.00,Pagina 22,Crizal Rock,Antirreflexo,final,1339.00,1339.00,-10.00,6.00,0.00,-6.00,null,null,null,null
Optilab,Optilab 06 de abril a 31 de julho de 2026,LENTES EYEZEN BOOST®,Visao Simples,visao_simples,dc59534d-db57-45ab-b803-6ff7408357aa,Orma,LENTES EYEZEN BOOST® Orma,visao_simples,Resina,1.50,false,false,true,989.00,Pagina 22,Crizal Rock,Antirreflexo,final,1339.00,1339.00,-10.00,6.00,0.00,-6.00,null,null,null,null
Optilab,Optilab 06 de abril a 31 de julho de 2026,LENTES EYEZEN BOOST®,Visao Simples,visao_simples,033c50dc-4532-4be8-9356-3417cb38fb0c,Orma,LENTES EYEZEN BOOST® Orma,visao_simples,Resina,1.50,false,false,true,989.00,Pagina 23,Crizal Sapphire HR,Antirreflexo,final,1609.00,1609.00,-10.00,6.00,0.00,-6.00,null,null,null,null
Optilab,Optilab 06 de abril a 31 de julho de 2026,LENTES EYEZEN BOOST®,Visao Simples,visao_simples,4f67ae26-e884-4398-b5a1-619c693871b3,Orma,LENTES EYEZEN BOOST® Orma,visao_simples,Resina,1.50,false,false,true,989.00,Pagina 22,Crizal Sapphire HR,Antirreflexo,final,1609.00,1609.00,-10.00,6.00,0.00,-6.00,null,null,null,null
Optilab,Optilab 06 de abril a 31 de julho de 2026,LENTES EYEZEN BOOST®,Visao Simples,visao_simples,dc59534d-db57-45ab-b803-6ff7408357aa,Orma,LENTES EYEZEN BOOST® Orma,visao_simples,Resina,1.50,false,false,true,989.00,Pagina 22,Crizal Sapphire HR,Antirreflexo,final,1609.00,1609.00,-10.00,6.00,0.00,-6.00,null,null,null,null
Optilab,Optilab 06 de abril a 31 de julho de 2026,LENTES EYEZEN BOOST®,Visao Simples,visao_simples,846d843b-a25c-4368-99b5-4a0d66cfffc5,Orma,LENTES EYEZEN BOOST® Orma,visao_simples,Resina,1.50,false,false,true,989.00,Pagina 24,Crizal Sapphire HR,Antirreflexo,final,1609.00,1609.00,-10.00,6.00,0.00,-6.00,null,null,null,null
Optilab,Optilab 06 de abril a 31 de julho de 2026,LENTES EYEZEN BOOST®,Visao Simples,visao_simples,b4d8cfac-42d8-4ec0-9227-78002dc3c1a3,Orma,LENTES EYEZEN BOOST® Orma,visao_simples,Resina,1.50,false,false,true,1229.00,Pagina 24,Optifog,Antirreflexo,final,1609.00,1609.00,-10.00,6.00,0.00,-6.00,null,null,null,null
Optilab,Optilab 06 de abril a 31 de julho de 2026,LENTES EYEZEN BOOST®,Visao Simples,visao_simples,4f67ae26-e884-4398-b5a1-619c693871b3,Orma,LENTES EYEZEN BOOST® Orma,visao_simples,Resina,1.50,false,false,true,989.00,Pagina 22,Optifog,Antirreflexo,final,1229.00,1229.00,-10.00,6.00,0.00,-6.00,null,null,null,null
Optilab,Optilab 06 de abril a 31 de julho de 2026,LENTES EYEZEN BOOST®,Visao Simples,visao_simples,846d843b-a25c-4368-99b5-4a0d66cfffc5,Orma,LENTES EYEZEN BOOST® Orma,visao_simples,Resina,1.50,false,false,true,989.00,Pagina 24,Optifog,Antirreflexo,final,1229.00,1229.00,-10.00,6.00,0.00,-6.00,null,null,null,null
Optilab,Optilab 06 de abril a 31 de julho de 2026,LENTES EYEZEN BOOST®,Visao Simples,visao_simples,033c50dc-4532-4be8-9356-3417cb38fb0c,Orma,LENTES EYEZEN BOOST® Orma,visao_simples,Resina,1.50,false,false,true,989.00,Pagina 23,Optifog,Antirreflexo,final,1229.00,1229.00,-10.00,6.00,0.00,-6.00,null,null,null,null
Optilab,Optilab 06 de abril a 31 de julho de 2026,LENTES EYEZEN BOOST®,Visao Simples,visao_simples,dc59534d-db57-45ab-b803-6ff7408357aa,Orma,LENTES EYEZEN BOOST® Orma,visao_simples,Resina,1.50,false,false,true,989.00,Pagina 22,Optifog,Antirreflexo,final,1229.00,1229.00,-10.00,6.00,0.00,-6.00,null,null,null,null
Optilab,Optilab 06 de abril a 31 de julho de 2026,LENTES EYEZEN BOOST®,Visao Simples,visao_simples,e1767a6c-bc58-4b87-a05c-554a45a1dc30,Orma,LENTES EYEZEN BOOST® Orma,visao_simples,Resina,1.50,false,false,true,1229.00,Pagina 23,Optifog,Antirreflexo,final,1609.00,1609.00,-10.00,6.00,0.00,-6.00,null,null,null,null
Optilab,Optilab 06 de abril a 31 de julho de 2026,LENTES EYEZEN BOOST®,Visao Simples,visao_simples,e1400ee9-4eed-4ef5-af68-16da08a14a61,Orma,LENTES EYEZEN BOOST® Orma,visao_simples,Resina,1.50,false,false,true,1229.00,Pagina 22,Optifog,Antirreflexo,final,1609.00,1609.00,-10.00,6.00,0.00,-6.00,null,null,null,null
Optilab,Optilab 06 de abril a 31 de julho de 2026,LENTES EYEZEN BOOST®,Visao Simples,visao_simples,dc0dac3f-d71e-4497-96b6-bfc76e162b32,Orma + Transitions Extractive,LENTES EYEZEN BOOST® Orma + Transitions Extractive,visao_simples,Resina,1.50,false,false,true,2239.00,Pagina 22,Crizal Easy Pro,Antirreflexo,final,2619.00,2619.00,-10.00,6.00,0.00,-6.00,null,null,null,null
Optilab,Optilab 06 de abril a 31 de julho de 2026,LENTES EYEZEN BOOST®,Visao Simples,visao_simples,4a4418a1-cb39-4826-babc-325478e73655,Orma + Transitions Extractive,LENTES EYEZEN BOOST® Orma + Transitions Extractive,visao_simples,Resina,1.50,false,false,true,1999.00,Pagina 22,Crizal Easy Pro,Antirreflexo,final,1999.00,1999.00,-10.00,6.00,0.00,-6.00,null,null,null,null
Optilab,Optilab 06 de abril a 31 de julho de 2026,LENTES EYEZEN BOOST®,Visao Simples,visao_simples,fb994c37-8ec7-4273-a444-5d0621e53f2a,Orma + Transitions Extractive,LENTES EYEZEN BOOST® Orma + Transitions Extractive,visao_simples,Resina,1.50,false,false,true,1999.00,Pagina 23,Crizal Easy Pro,Antirreflexo,final,1999.00,1999.00,-10.00,6.00,0.00,-6.00,null,null,null,null
Optilab,Optilab 06 de abril a 31 de julho de 2026,LENTES EYEZEN BOOST®,Visao Simples,visao_simples,67edc2e5-2396-4cc1-a18b-dd95ed645a32,Orma + Transitions Extractive,LENTES EYEZEN BOOST® Orma + Transitions Extractive,visao_simples,Resina,1.50,false,false,true,2239.00,Pagina 23,Crizal Easy Pro,Antirreflexo,final,2619.00,2619.00,-10.00,6.00,0.00,-6.00,null,null,null,null
Optilab,Optilab 06 de abril a 31 de julho de 2026,LENTES EYEZEN BOOST®,Visao Simples,visao_simples,a6c2ced2-c24c-4e52-a494-aac5e920716b,Orma + Transitions Extractive,LENTES EYEZEN BOOST® Orma + Transitions Extractive,visao_simples,Resina,1.50,false,false,true,1999.00,Pagina 22,Crizal Easy Pro,Antirreflexo,final,1999.00,1999.00,-10.00,6.00,0.00,-6.00,null,null,null,null
Optilab,Optilab 06 de abril a 31 de julho de 2026,LENTES EYEZEN BOOST®,Visao Simples,visao_simples,21e7dfcd-73a9-438d-b14a-4197b32b5e74,Orma + Transitions Extractive,LENTES EYEZEN BOOST® Orma + Transitions Extractive,visao_simples,Resina,1.50,false,false,true,1999.00,Pagina 24,Crizal Easy Pro,Antirreflexo,final,1999.00,1999.00,-10.00,6.00,0.00,-6.00,null,null,null,null
Optilab,Optilab 06 de abril a 31 de julho de 2026,LENTES EYEZEN BOOST®,Visao Simples,visao_simples,96b0d2aa-eabc-417b-9535-d7b4dac6200c,Orma + Transitions Extractive,LENTES EYEZEN BOOST® Orma + Transitions Extractive,visao_simples,Resina,1.50,false,false,true,2239.00,Pagina 24,Crizal Easy Pro,Antirreflexo,final,2619.00,2619.00,-10.00,6.00,0.00,-6.00,null,null,null,null
Optilab,Optilab 06 de abril a 31 de julho de 2026,LENTES EYEZEN BOOST®,Visao Simples,visao_simples,4a4418a1-cb39-4826-babc-325478e73655,Orma + Transitions Extractive,LENTES EYEZEN BOOST® Orma + Transitions Extractive,visao_simples,Resina,1.50,false,false,true,1999.00,Pagina 22,Crizal Prevencia,Antirreflexo,final,2619.00,2619.00,-10.00,6.00,0.00,-6.00,null,null,null,null
Optilab,Optilab 06 de abril a 31 de julho de 2026,LENTES EYEZEN BOOST®,Visao Simples,visao_simples,21e7dfcd-73a9-438d-b14a-4197b32b5e74,Orma + Transitions Extractive,LENTES EYEZEN BOOST® Orma + Transitions Extractive,visao_simples,Resina,1.50,false,false,true,1999.00,Pagina 24,Crizal Prevencia,Antirreflexo,final,2619.00,2619.00,-10.00,6.00,0.00,-6.00,null,null,null,null
Optilab,Optilab 06 de abril a 31 de julho de 2026,LENTES EYEZEN BOOST®,Visao Simples,visao_simples,a6c2ced2-c24c-4e52-a494-aac5e920716b,Orma + Transitions Extractive,LENTES EYEZEN BOOST® Orma + Transitions Extractive,visao_simples,Resina,1.50,false,false,true,1999.00,Pagina 22,Crizal Prevencia,Antirreflexo,final,2619.00,2619.00,-10.00,6.00,0.00,-6.00,null,null,null,null
Optilab,Optilab 06 de abril a 31 de julho de 2026,LENTES EYEZEN BOOST®,Visao Simples,visao_simples,fb994c37-8ec7-4273-a444-5d0621e53f2a,Orma + Transitions Extractive,LENTES EYEZEN BOOST® Orma + Transitions Extractive,visao_simples,Resina,1.50,false,false,true,1999.00,Pagina 23,Crizal Prevencia,Antirreflexo,final,2619.00,2619.00,-10.00,6.00,0.00,-6.00,null,null,null,null
Optilab,Optilab 06 de abril a 31 de julho de 2026,LENTES EYEZEN BOOST®,Visao Simples,visao_simples,fb994c37-8ec7-4273-a444-5d0621e53f2a,Orma + Transitions Extractive,LENTES EYEZEN BOOST® Orma + Transitions Extractive,visao_simples,Resina,1.50,false,false,true,1999.00,Pagina 23,Crizal Rock,Antirreflexo,final,2349.00,2349.00,-10.00,6.00,0.00,-6.00,null,null,null,null
Optilab,Optilab 06 de abril a 31 de julho de 2026,LENTES EYEZEN BOOST®,Visao Simples,visao_simples,4a4418a1-cb39-4826-babc-325478e73655,Orma + Transitions Extractive,LENTES EYEZEN BOOST® Orma + Transitions Extractive,visao_simples,Resina,1.50,false,false,true,1999.00,Pagina 22,Crizal Rock,Antirreflexo,final,2349.00,2349.00,-10.00,6.00,0.00,-6.00,null,null,null,null
Optilab,Optilab 06 de abril a 31 de julho de 2026,LENTES EYEZEN BOOST®,Visao Simples,visao_simples,21e7dfcd-73a9-438d-b14a-4197b32b5e74,Orma + Transitions Extractive,LENTES EYEZEN BOOST® Orma + Transitions Extractive,visao_simples,Resina,1.50,false,false,true,1999.00,Pagina 24,Crizal Rock,Antirreflexo,final,2349.00,2349.00,-10.00,6.00,0.00,-6.00,null,null,null,null
Optilab,Optilab 06 de abril a 31 de julho de 2026,LENTES EYEZEN BOOST®,Visao Simples,visao_simples,a6c2ced2-c24c-4e52-a494-aac5e920716b,Orma + Transitions Extractive,LENTES EYEZEN BOOST® Orma + Transitions Extractive,visao_simples,Resina,1.50,false,false,true,1999.00,Pagina 22,Crizal Rock,Antirreflexo,final,2349.00,2349.00,-10.00,6.00,0.00,-6.00,null,null,null,null
Optilab,Optilab 06 de abril a 31 de julho de 2026,LENTES EYEZEN BOOST®,Visao Simples,visao_simples,a6c2ced2-c24c-4e52-a494-aac5e920716b,Orma + Transitions Extractive,LENTES EYEZEN BOOST® Orma + Transitions Extractive,visao_simples,Resina,1.50,false,false,true,1999.00,Pagina 22,Crizal Sapphire HR,Antirreflexo,final,2619.00,2619.00,-10.00,6.00,0.00,-6.00,null,null,null,null
Optilab,Optilab 06 de abril a 31 de julho de 2026,LENTES EYEZEN BOOST®,Visao Simples,visao_simples,21e7dfcd-73a9-438d-b14a-4197b32b5e74,Orma + Transitions Extractive,LENTES EYEZEN BOOST® Orma + Transitions Extractive,visao_simples,Resina,1.50,false,false,true,1999.00,Pagina 24,Crizal Sapphire HR,Antirreflexo,final,2619.00,2619.00,-10.00,6.00,0.00,-6.00,null,null,null,null
Optilab,Optilab 06 de abril a 31 de julho de 2026,LENTES EYEZEN BOOST®,Visao Simples,visao_simples,4a4418a1-cb39-4826-babc-325478e73655,Orma + Transitions Extractive,LENTES EYEZEN BOOST® Orma + Transitions Extractive,visao_simples,Resina,1.50,false,false,true,1999.00,Pagina 22,Crizal Sapphire HR,Antirreflexo,final,2619.00,2619.00,-10.00,6.00,0.00,-6.00,null,null,null,null
Optilab,Optilab 06 de abril a 31 de julho de 2026,LENTES EYEZEN BOOST®,Visao Simples,visao_simples,fb994c37-8ec7-4273-a444-5d0621e53f2a,Orma + Transitions Extractive,LENTES EYEZEN BOOST® Orma + Transitions Extractive,visao_simples,Resina,1.50,false,false,true,1999.00,Pagina 23,Crizal Sapphire HR,Antirreflexo,final,2619.00,2619.00,-10.00,6.00,0.00,-6.00,null,null,null,null
Optilab,Optilab 06 de abril a 31 de julho de 2026,LENTES EYEZEN BOOST®,Visao Simples,visao_simples,96b0d2aa-eabc-417b-9535-d7b4dac6200c,Orma + Transitions Extractive,LENTES EYEZEN BOOST® Orma + Transitions Extractive,visao_simples,Resina,1.50,false,false,true,2239.00,Pagina 24,Optifog,Antirreflexo,final,2619.00,2619.00,-10.00,6.00,0.00,-6.00,null,null,null,null
Optilab,Optilab 06 de abril a 31 de julho de 2026,LENTES EYEZEN BOOST®,Visao Simples,visao_simples,21e7dfcd-73a9-438d-b14a-4197b32b5e74,Orma + Transitions Extractive,LENTES EYEZEN BOOST® Orma + Transitions Extractive,visao_simples,Resina,1.50,false,false,true,1999.00,Pagina 24,Optifog,Antirreflexo,final,2239.00,2239.00,-10.00,6.00,0.00,-6.00,null,null,null,null
Optilab,Optilab 06 de abril a 31 de julho de 2026,LENTES EYEZEN BOOST®,Visao Simples,visao_simples,fb994c37-8ec7-4273-a444-5d0621e53f2a,Orma + Transitions Extractive,LENTES EYEZEN BOOST® Orma + Transitions Extractive,visao_simples,Resina,1.50,false,false,true,1999.00,Pagina 23,Optifog,Antirreflexo,final,2239.00,2239.00,-10.00,6.00,0.00,-6.00,null,null,null,null
Optilab,Optilab 06 de abril a 31 de julho de 2026,LENTES EYEZEN BOOST®,Visao Simples,visao_simples,a6c2ced2-c24c-4e52-a494-aac5e920716b,Orma + Transitions Extractive,LENTES EYEZEN BOOST® Orma + Transitions Extractive,visao_simples,Resina,1.50,false,false,true,1999.00,Pagina 22,Optifog,Antirreflexo,final,2239.00,2239.00,-10.00,6.00,0.00,-6.00,null,null,null,null
Optilab,Optilab 06 de abril a 31 de julho de 2026,LENTES EYEZEN BOOST®,Visao Simples,visao_simples,dc0dac3f-d71e-4497-96b6-bfc76e162b32,Orma + Transitions Extractive,LENTES EYEZEN BOOST® Orma + Transitions Extractive,visao_simples,Resina,1.50,false,false,true,2239.00,Pagina 22,Optifog,Antirreflexo,final,2619.00,2619.00,-10.00,6.00,0.00,-6.00,null,null,null,null
Optilab,Optilab 06 de abril a 31 de julho de 2026,LENTES EYEZEN BOOST®,Visao Simples,visao_simples,4a4418a1-cb39-4826-babc-325478e73655,Orma + Transitions Extractive,LENTES EYEZEN BOOST® Orma + Transitions Extractive,visao_simples,Resina,1.50,false,false,true,1999.00,Pagina 22,Optifog,Antirreflexo,final,2239.00,2239.00,-10.00,6.00,0.00,-6.00,null,null,null,null
Optilab,Optilab 06 de abril a 31 de julho de 2026,LENTES EYEZEN BOOST®,Visao Simples,visao_simples,67edc2e5-2396-4cc1-a18b-dd95ed645a32,Orma + Transitions Extractive,LENTES EYEZEN BOOST® Orma + Transitions Extractive,visao_simples,Resina,1.50,false,false,true,2239.00,Pagina 23,Optifog,Antirreflexo,final,2619.00,2619.00,-10.00,6.00,0.00,-6.00,null,null,null,null
Optilab,Optilab 06 de abril a 31 de julho de 2026,LENTES EYEZEN BOOST®,Visao Simples,visao_simples,ca44e9c1-4128-43ed-9968-47994e769df6,Orma + Transitions Gen S,LENTES EYEZEN BOOST® Orma + Transitions Gen S,visao_simples,Resina,1.50,false,false,true,1929.00,Pagina 22,Crizal Easy Pro,Antirreflexo,final,1929.00,1929.00,-10.00,6.00,0.00,-6.00,null,null,null,null
Optilab,Optilab 06 de abril a 31 de julho de 2026,LENTES EYEZEN BOOST®,Visao Simples,visao_simples,7edc37b2-3fbf-4f7d-b332-f9ecf943bd34,Orma + Transitions Gen S,LENTES EYEZEN BOOST® Orma + Transitions Gen S,visao_simples,Resina,1.50,false,false,true,2169.00,Pagina 24,Crizal Easy Pro,Antirreflexo,final,2549.00,2549.00,-10.00,6.00,0.00,-6.00,null,null,null,null
Optilab,Optilab 06 de abril a 31 de julho de 2026,LENTES EYEZEN BOOST®,Visao Simples,visao_simples,76f70af7-fa85-4f6a-a258-25524f0e9872,Orma + Transitions Gen S,LENTES EYEZEN BOOST® Orma + Transitions Gen S,visao_simples,Resina,1.50,false,false,true,1929.00,Pagina 23,Crizal Easy Pro,Antirreflexo,final,1929.00,1929.00,-10.00,6.00,0.00,-6.00,null,null,null,null
Optilab,Optilab 06 de abril a 31 de julho de 2026,LENTES EYEZEN BOOST®,Visao Simples,visao_simples,e180d777-e17f-4e14-82b6-9ef244249063,Orma + Transitions Gen S,LENTES EYEZEN BOOST® Orma + Transitions Gen S,visao_simples,Resina,1.50,false,false,true,2169.00,Pagina 23,Crizal Easy Pro,Antirreflexo,final,2549.00,2549.00,-10.00,6.00,0.00,-6.00,null,null,null,null
Optilab,Optilab 06 de abril a 31 de julho de 2026,LENTES EYEZEN BOOST®,Visao Simples,visao_simples,1d426bc7-e684-487f-9200-9030831fdcd4,Orma + Transitions Gen S,LENTES EYEZEN BOOST® Orma + Transitions Gen S,visao_simples,Resina,1.50,false,false,true,2169.00,Pagina 22,Crizal Easy Pro,Antirreflexo,final,2549.00,2549.00,-10.00,6.00,0.00,-6.00,null,null,null,null
Optilab,Optilab 06 de abril a 31 de julho de 2026,LENTES EYEZEN BOOST®,Visao Simples,visao_simples,60b030ec-cff8-493b-981a-074d3883f274,Orma + Transitions Gen S,LENTES EYEZEN BOOST® Orma + Transitions Gen S,visao_simples,Resina,1.50,false,false,true,1929.00,Pagina 24,Crizal Easy Pro,Antirreflexo,final,1929.00,1929.00,-10.00,6.00,0.00,-6.00,null,null,null,null
Optilab,Optilab 06 de abril a 31 de julho de 2026,LENTES EYEZEN BOOST®,Visao Simples,visao_simples,b12559ba-b316-4f00-90bd-eef41915fa86,Orma + Transitions Gen S,LENTES EYEZEN BOOST® Orma + Transitions Gen S,visao_simples,Resina,1.50,false,false,true,1929.00,Pagina 22,Crizal Easy Pro,Antirreflexo,final,1929.00,1929.00,-10.00,6.00,0.00,-6.00,null,null,null,null
Optilab,Optilab 06 de abril a 31 de julho de 2026,LENTES EYEZEN BOOST®,Visao Simples,visao_simples,ca44e9c1-4128-43ed-9968-47994e769df6,Orma + Transitions Gen S,LENTES EYEZEN BOOST® Orma + Transitions Gen S,visao_simples,Resina,1.50,false,false,true,1929.00,Pagina 22,Crizal Prevencia,Antirreflexo,final,2549.00,2549.00,-10.00,6.00,0.00,-6.00,null,null,null,null
Optilab,Optilab 06 de abril a 31 de julho de 2026,LENTES EYEZEN BOOST®,Visao Simples,visao_simples,76f70af7-fa85-4f6a-a258-25524f0e9872,Orma + Transitions Gen S,LENTES EYEZEN BOOST® Orma + Transitions Gen S,visao_simples,Resina,1.50,false,false,true,1929.00,Pagina 23,Crizal Prevencia,Antirreflexo,final,2549.00,2549.00,-10.00,6.00,0.00,-6.00,null,null,null,null
Optilab,Optilab 06 de abril a 31 de julho de 2026,LENTES EYEZEN BOOST®,Visao Simples,visao_simples,60b030ec-cff8-493b-981a-074d3883f274,Orma + Transitions Gen S,LENTES EYEZEN BOOST® Orma + Transitions Gen S,visao_simples,Resina,1.50,false,false,true,1929.00,Pagina 24,Crizal Prevencia,Antirreflexo,final,2549.00,2549.00,-10.00,6.00,0.00,-6.00,null,null,null,null
Optilab,Optilab 06 de abril a 31 de julho de 2026,LENTES EYEZEN BOOST®,Visao Simples,visao_simples,b12559ba-b316-4f00-90bd-eef41915fa86,Orma + Transitions Gen S,LENTES EYEZEN BOOST® Orma + Transitions Gen S,visao_simples,Resina,1.50,false,false,true,1929.00,Pagina 22,Crizal Prevencia,Antirreflexo,final,2549.00,2549.00,-10.00,6.00,0.00,-6.00,null,null,null,null
Optilab,Optilab 06 de abril a 31 de julho de 2026,LENTES EYEZEN BOOST®,Visao Simples,visao_simples,60b030ec-cff8-493b-981a-074d3883f274,Orma + Transitions Gen S,LENTES EYEZEN BOOST® Orma + Transitions Gen S,visao_simples,Resina,1.50,false,false,true,1929.00,Pagina 24,Crizal Rock,Antirreflexo,final,2279.00,2279.00,-10.00,6.00,0.00,-6.00,null,null,null,null
Optilab,Optilab 06 de abril a 31 de julho de 2026,LENTES EYEZEN BOOST®,Visao Simples,visao_simples,ca44e9c1-4128-43ed-9968-47994e769df6,Orma + Transitions Gen S,LENTES EYEZEN BOOST® Orma + Transitions Gen S,visao_simples,Resina,1.50,false,false,true,1929.00,Pagina 22,Crizal Rock,Antirreflexo,final,2279.00,2279.00,-10.00,6.00,0.00,-6.00,null,null,null,null
Optilab,Optilab 06 de abril a 31 de julho de 2026,LENTES EYEZEN BOOST®,Visao Simples,visao_simples,b12559ba-b316-4f00-90bd-eef41915fa86,Orma + Transitions Gen S,LENTES EYEZEN BOOST® Orma + Transitions Gen S,visao_simples,Resina,1.50,false,false,true,1929.00,Pagina 22,Crizal Rock,Antirreflexo,final,2279.00,2279.00,-10.00,6.00,0.00,-6.00,null,null,null,null
Optilab,Optilab 06 de abril a 31 de julho de 2026,LENTES EYEZEN BOOST®,Visao Simples,visao_simples,76f70af7-fa85-4f6a-a258-25524f0e9872,Orma + Transitions Gen S,LENTES EYEZEN BOOST® Orma + Transitions Gen S,visao_simples,Resina,1.50,false,false,true,1929.00,Pagina 23,Crizal Rock,Antirreflexo,final,2279.00,2279.00,-10.00,6.00,0.00,-6.00,null,null,null,null
Optilab,Optilab 06 de abril a 31 de julho de 2026,LENTES EYEZEN BOOST®,Visao Simples,visao_simples,76f70af7-fa85-4f6a-a258-25524f0e9872,Orma + Transitions Gen S,LENTES EYEZEN BOOST® Orma + Transitions Gen S,visao_simples,Resina,1.50,false,false,true,1929.00,Pagina 23,Crizal Sapphire HR,Antirreflexo,final,2549.00,2549.00,-10.00,6.00,0.00,-6.00,null,null,null,null
Optilab,Optilab 06 de abril a 31 de julho de 2026,LENTES EYEZEN BOOST®,Visao Simples,visao_simples,60b030ec-cff8-493b-981a-074d3883f274,Orma + Transitions Gen S,LENTES EYEZEN BOOST® Orma + Transitions Gen S,visao_simples,Resina,1.50,false,false,true,1929.00,Pagina 24,Crizal Sapphire HR,Antirreflexo,final,2549.00,2549.00,-10.00,6.00,0.00,-6.00,null,null,null,null
Optilab,Optilab 06 de abril a 31 de julho de 2026,LENTES EYEZEN BOOST®,Visao Simples,visao_simples,ca44e9c1-4128-43ed-9968-47994e769df6,Orma + Transitions Gen S,LENTES EYEZEN BOOST® Orma + Transitions Gen S,visao_simples,Resina,1.50,false,false,true,1929.00,Pagina 22,Crizal Sapphire HR,Antirreflexo,final,2549.00,2549.00,-10.00,6.00,0.00,-6.00,null,null,null,null
Optilab,Optilab 06 de abril a 31 de julho de 2026,LENTES EYEZEN BOOST®,Visao Simples,visao_simples,b12559ba-b316-4f00-90bd-eef41915fa86,Orma + Transitions Gen S,LENTES EYEZEN BOOST® Orma + Transitions Gen S,visao_simples,Resina,1.50,false,false,true,1929.00,Pagina 22,Crizal Sapphire HR,Antirreflexo,final,2549.00,2549.00,-10.00,6.00,0.00,-6.00,null,null,null,null
Optilab,Optilab 06 de abril a 31 de julho de 2026,LENTES EYEZEN BOOST®,Visao Simples,visao_simples,1d426bc7-e684-487f-9200-9030831fdcd4,Orma + Transitions Gen S,LENTES EYEZEN BOOST® Orma + Transitions Gen S,visao_simples,Resina,1.50,false,false,true,2169.00,Pagina 22,Optifog,Antirreflexo,final,2549.00,2549.00,-10.00,6.00,0.00,-6.00,null,null,null,null
Optilab,Optilab 06 de abril a 31 de julho de 2026,LENTES EYEZEN BOOST®,Visao Simples,visao_simples,60b030ec-cff8-493b-981a-074d3883f274,Orma + Transitions Gen S,LENTES EYEZEN BOOST® Orma + Transitions Gen S,visao_simples,Resina,1.50,false,false,true,1929.00,Pagina 24,Optifog,Antirreflexo,final,2169.00,2169.00,-10.00,6.00,0.00,-6.00,null,null,null,null
Optilab,Optilab 06 de abril a 31 de julho de 2026,LENTES EYEZEN BOOST®,Visao Simples,visao_simples,7edc37b2-3fbf-4f7d-b332-f9ecf943bd34,Orma + Transitions Gen S,LENTES EYEZEN BOOST® Orma + Transitions Gen S,visao_simples,Resina,1.50,false,false,true,2169.00,Pagina 24,Optifog,Antirreflexo,final,2549.00,2549.00,-10.00,6.00,0.00,-6.00,null,null,null,null
Optilab,Optilab 06 de abril a 31 de julho de 2026,LENTES EYEZEN BOOST®,Visao Simples,visao_simples,b12559ba-b316-4f00-90bd-eef41915fa86,Orma + Transitions Gen S,LENTES EYEZEN BOOST® Orma + Transitions Gen S,visao_simples,Resina,1.50,false,false,true,1929.00,Pagina 22,Optifog,Antirreflexo,final,2169.00,2169.00,-10.00,6.00,0.00,-6.00,null,null,null,null
Optilab,Optilab 06 de abril a 31 de julho de 2026,LENTES EYEZEN BOOST®,Visao Simples,visao_simples,e180d777-e17f-4e14-82b6-9ef244249063,Orma + Transitions Gen S,LENTES EYEZEN BOOST® Orma + Transitions Gen S,visao_simples,Resina,1.50,false,false,true,2169.00,Pagina 23,Optifog,Antirreflexo,final,2549.00,2549.00,-10.00,6.00,0.00,-6.00,null,null,null,null
Optilab,Optilab 06 de abril a 31 de julho de 2026,LENTES EYEZEN BOOST®,Visao Simples,visao_simples,ca44e9c1-4128-43ed-9968-47994e769df6,Orma + Transitions Gen S,LENTES EYEZEN BOOST® Orma + Transitions Gen S,visao_simples,Resina,1.50,false,false,true,1929.00,Pagina 22,Optifog,Antirreflexo,final,2169.00,2169.00,-10.00,6.00,0.00,-6.00,null,null,null,null
Optilab,Optilab 06 de abril a 31 de julho de 2026,LENTES EYEZEN BOOST®,Visao Simples,visao_simples,76f70af7-fa85-4f6a-a258-25524f0e9872,Orma + Transitions Gen S,LENTES EYEZEN BOOST® Orma + Transitions Gen S,visao_simples,Resina,1.50,false,false,true,1929.00,Pagina 23,Optifog,Antirreflexo,final,2169.00,2169.00,-10.00,6.00,0.00,-6.00,null,null,null,null
Optilab,Optilab 06 de abril a 31 de julho de 2026,LENTES EYEZEN BOOST®,Visao Simples,visao_simples,bda57bee-f3db-4d1c-81ba-fd25764bd132,Airwear,LENTES EYEZEN BOOST® Preços em pares e em reais. As lentes Eyezen com coloração não possuem filtragem de luz azul-violeta. *A marcação de Eyezen Boost com coloração é semelhante a de cada uma de suas versões Airwear,visao_simples,Policarbonato,1.59,false,false,true,989.00,Pagina 24,Verniz Hc,Revestimento,final,989.00,989.00,-10.00,6.00,0.00,-6.00,null,null,null,Preços em pares e em reais. As lentes Eyezen com coloração não possuem filtragem de luz azul-violeta. *A marcação de Eyezen Boost com coloração é semelhante a de cada uma de suas versões
Optilab,Optilab 06 de abril a 31 de julho de 2026,LENTES EYEZEN BOOST®,Visao Simples,visao_simples,fafcbc65-8e39-48fa-8af8-3c2e2c91f2ce,Airwear + Xperio cinza/marrom/verde,LENTES EYEZEN BOOST® Preços em pares e em reais. As lentes Eyezen com coloração não possuem filtragem de luz azul-violeta. *A marcação de Eyezen Boost com coloração é semelhante a de cada uma de suas versões Airwear + Xperio cinza/marrom/verde,visao_simples,Policarbonato,1.59,false,false,true,1359.00,Pagina 24,Crizal Easy Pro,Antirreflexo,final,2019.00,2019.00,-10.00,6.00,0.00,-6.00,null,null,null,Preços em pares e em reais. As lentes Eyezen com coloração não possuem filtragem de luz azul-violeta. *A marcação de Eyezen Boost com coloração é semelhante a de cada uma de suas versões
Optilab,Optilab 06 de abril a 31 de julho de 2026,LENTES EYEZEN BOOST®,Visao Simples,visao_simples,fafcbc65-8e39-48fa-8af8-3c2e2c91f2ce,Airwear + Xperio cinza/marrom/verde,LENTES EYEZEN BOOST® Preços em pares e em reais. As lentes Eyezen com coloração não possuem filtragem de luz azul-violeta. *A marcação de Eyezen Boost com coloração é semelhante a de cada uma de suas versões Airwear + Xperio cinza/marrom/verde,visao_simples,Policarbonato,1.59,false,false,true,1359.00,Pagina 24,Optifog,Antirreflexo,final,1999.00,1999.00,-10.00,6.00,0.00,-6.00,null,null,null,Preços em pares e em reais. As lentes Eyezen com coloração não possuem filtragem de luz azul-violeta. *A marcação de Eyezen Boost com coloração é semelhante a de cada uma de suas versões
Optilab,Optilab 06 de abril a 31 de julho de 2026,LENTES EYEZEN BOOST®,Visao Simples,visao_simples,fafcbc65-8e39-48fa-8af8-3c2e2c91f2ce,Airwear + Xperio cinza/marrom/verde,LENTES EYEZEN BOOST® Preços em pares e em reais. As lentes Eyezen com coloração não possuem filtragem de luz azul-violeta. *A marcação de Eyezen Boost com coloração é semelhante a de cada uma de suas versões Airwear + Xperio cinza/marrom/verde,visao_simples,Policarbonato,1.59,false,false,true,1359.00,Pagina 24,Verniz Hc,Revestimento,final,1359.00,1359.00,-10.00,6.00,0.00,-6.00,null,null,null,Preços em pares e em reais. As lentes Eyezen com coloração não possuem filtragem de luz azul-violeta. *A marcação de Eyezen Boost com coloração é semelhante a de cada uma de suas versões
Optilab,Optilab 06 de abril a 31 de julho de 2026,LENTES EYEZEN BOOST®,Visao Simples,visao_simples,113aea18-c2f5-4da4-8433-f7f042221b8c,Orma,LENTES EYEZEN BOOST® Preços em pares e em reais. As lentes Eyezen com coloração não possuem filtragem de luz azul-violeta. *A marcação de Eyezen Boost com coloração é semelhante a de cada uma de suas versões Orma,visao_simples,Resina,1.50,false,false,true,769.00,Pagina 24,Verniz Hc,Revestimento,final,769.00,769.00,-10.00,6.00,0.00,-6.00,null,null,null,Preços em pares e em reais. As lentes Eyezen com coloração não possuem filtragem de luz azul-violeta. *A marcação de Eyezen Boost com coloração é semelhante a de cada uma de suas versões
Optilab,Optilab 06 de abril a 31 de julho de 2026,LENTES EYEZEN BOOST®,Visao Simples,visao_simples,ec0bed77-0e19-4f56-97f2-4fa7e73df9b0,Orma + Coloração especial,LENTES EYEZEN BOOST® Preços em pares e em reais. As lentes Eyezen com coloração não possuem filtragem de luz azul-violeta. *A marcação de Eyezen Boost com coloração é semelhante a de cada uma de suas versões Orma + Coloração especial,visao_simples,Resina,1.50,false,false,true,879.00,Pagina 24,Verniz Hc,Revestimento,final,879.00,879.00,-10.00,6.00,0.00,-6.00,null,null,null,Preços em pares e em reais. As lentes Eyezen com coloração não possuem filtragem de luz azul-violeta. *A marcação de Eyezen Boost com coloração é semelhante a de cada uma de suas versões
Optilab,Optilab 06 de abril a 31 de julho de 2026,LENTES EYEZEN BOOST®,Visao Simples,visao_simples,dae2f200-1c0d-4085-b217-08b5cc17fc6b,Orma + Xperio cinza/marrom/verde,LENTES EYEZEN BOOST® Preços em pares e em reais. As lentes Eyezen com coloração não possuem filtragem de luz azul-violeta. *A marcação de Eyezen Boost com coloração é semelhante a de cada uma de suas versões Orma + Xperio cinza/marrom/verde,visao_simples,Resina,1.50,false,false,true,1139.00,Pagina 24,Crizal Easy Pro,Antirreflexo,final,1799.00,1799.00,-10.00,6.00,0.00,-6.00,null,null,null,Preços em pares e em reais. As lentes Eyezen com coloração não possuem filtragem de luz azul-violeta. *A marcação de Eyezen Boost com coloração é semelhante a de cada uma de suas versões
Optilab,Optilab 06 de abril a 31 de julho de 2026,LENTES EYEZEN BOOST®,Visao Simples,visao_simples,dae2f200-1c0d-4085-b217-08b5cc17fc6b,Orma + Xperio cinza/marrom/verde,LENTES EYEZEN BOOST® Preços em pares e em reais. As lentes Eyezen com coloração não possuem filtragem de luz azul-violeta. *A marcação de Eyezen Boost com coloração é semelhante a de cada uma de suas versões Orma + Xperio cinza/marrom/verde,visao_simples,Resina,1.50,false,false,true,1139.00,Pagina 24,Optifog,Antirreflexo,final,1779.00,1779.00,-10.00,6.00,0.00,-6.00,null,null,null,Preços em pares e em reais. As lentes Eyezen com coloração não possuem filtragem de luz azul-violeta. *A marcação de Eyezen Boost com coloração é semelhante a de cada uma de suas versões
Optilab,Optilab 06 de abril a 31 de julho de 2026,LENTES EYEZEN BOOST®,Visao Simples,visao_simples,dae2f200-1c0d-4085-b217-08b5cc17fc6b,Orma + Xperio cinza/marrom/verde,LENTES EYEZEN BOOST® Preços em pares e em reais. As lentes Eyezen com coloração não possuem filtragem de luz azul-violeta. *A marcação de Eyezen Boost com coloração é semelhante a de cada uma de suas versões Orma + Xperio cinza/marrom/verde,visao_simples,Resina,1.50,false,false,true,1139.00,Pagina 24,Verniz Hc,Revestimento,final,1139.00,1139.00,-10.00,6.00,0.00,-6.00,null,null,null,Preços em pares e em reais. As lentes Eyezen com coloração não possuem filtragem de luz azul-violeta. *A marcação de Eyezen Boost com coloração é semelhante a de cada uma de suas versões
Optilab,Optilab 06 de abril a 31 de julho de 2026,LENTES EYEZEN BOOST®,Visao Simples,visao_simples,a8c0c7b3-6f56-4fa3-a069-db18fa015fc4,Stylis 1.67,LENTES EYEZEN BOOST® Stylis 1.67,visao_simples,Resina High Index,1.67,false,false,true,2649.00,Pagina 23,Crizal Easy Pro,Antirreflexo,final,3029.00,3029.00,-14.00,9.00,0.00,-6.00,null,null,null,null
Optilab,Optilab 06 de abril a 31 de julho de 2026,LENTES EYEZEN BOOST®,Visao Simples,visao_simples,a088138d-18fd-4049-801f-8be0eb011304,Stylis 1.67,LENTES EYEZEN BOOST® Stylis 1.67,visao_simples,Resina High Index,1.67,false,false,true,2409.00,Pagina 24,Crizal Easy Pro,Antirreflexo,final,2409.00,2409.00,-14.00,9.00,0.00,-6.00,null,null,null,null
Optilab,Optilab 06 de abril a 31 de julho de 2026,LENTES EYEZEN BOOST®,Visao Simples,visao_simples,d6229434-7f42-4576-808f-e4c50ac2a7e0,Stylis 1.67,LENTES EYEZEN BOOST® Stylis 1.67,visao_simples,Resina High Index,1.67,false,false,true,2409.00,Pagina 22,Crizal Easy Pro,Antirreflexo,final,2409.00,2409.00,-14.00,9.00,0.00,-6.00,null,null,null,null
Optilab,Optilab 06 de abril a 31 de julho de 2026,LENTES EYEZEN BOOST®,Visao Simples,visao_simples,ad9975e6-a1ef-4035-bd9b-70dabbe2d203,Stylis 1.67,LENTES EYEZEN BOOST® Stylis 1.67,visao_simples,Resina High Index,1.67,false,false,true,2409.00,Pagina 22,Crizal Easy Pro,Antirreflexo,final,2409.00,2409.00,-14.00,9.00,0.00,-6.00,null,null,null,null
Optilab,Optilab 06 de abril a 31 de julho de 2026,LENTES EYEZEN BOOST®,Visao Simples,visao_simples,5aec840a-6a12-4e0b-adb6-64a103b391fb,Stylis 1.67,LENTES EYEZEN BOOST® Stylis 1.67,visao_simples,Resina High Index,1.67,false,false,true,2409.00,Pagina 23,Crizal Easy Pro,Antirreflexo,final,2409.00,2409.00,-14.00,9.00,0.00,-6.00,null,null,null,null
Optilab,Optilab 06 de abril a 31 de julho de 2026,LENTES EYEZEN BOOST®,Visao Simples,visao_simples,f23d87e3-af96-4040-864b-fab17b7d89de,Stylis 1.67,LENTES EYEZEN BOOST® Stylis 1.67,visao_simples,Resina High Index,1.67,false,false,true,2649.00,Pagina 24,Crizal Easy Pro,Antirreflexo,final,3029.00,3029.00,-14.00,9.00,0.00,-6.00,null,null,null,null
Optilab,Optilab 06 de abril a 31 de julho de 2026,LENTES EYEZEN BOOST®,Visao Simples,visao_simples,2cbe8d60-f1d0-4485-aa36-79ae8f4d5af5,Stylis 1.67,LENTES EYEZEN BOOST® Stylis 1.67,visao_simples,Resina High Index,1.67,false,false,true,2649.00,Pagina 22,Crizal Easy Pro,Antirreflexo,final,3029.00,3029.00,-14.00,9.00,0.00,-6.00,null,null,null,null
Optilab,Optilab 06 de abril a 31 de julho de 2026,LENTES EYEZEN BOOST®,Visao Simples,visao_simples,5aec840a-6a12-4e0b-adb6-64a103b391fb,Stylis 1.67,LENTES EYEZEN BOOST® Stylis 1.67,visao_simples,Resina High Index,1.67,false,false,true,2409.00,Pagina 23,Crizal Prevencia,Antirreflexo,final,3029.00,3029.00,-14.00,9.00,0.00,-6.00,null,null,null,null
Optilab,Optilab 06 de abril a 31 de julho de 2026,LENTES EYEZEN BOOST®,Visao Simples,visao_simples,ad9975e6-a1ef-4035-bd9b-70dabbe2d203,Stylis 1.67,LENTES EYEZEN BOOST® Stylis 1.67,visao_simples,Resina High Index,1.67,false,false,true,2409.00,Pagina 22,Crizal Prevencia,Antirreflexo,final,3029.00,3029.00,-14.00,9.00,0.00,-6.00,null,null,null,null
Optilab,Optilab 06 de abril a 31 de julho de 2026,LENTES EYEZEN BOOST®,Visao Simples,visao_simples,d6229434-7f42-4576-808f-e4c50ac2a7e0,Stylis 1.67,LENTES EYEZEN BOOST® Stylis 1.67,visao_simples,Resina High Index,1.67,false,false,true,2409.00,Pagina 22,Crizal Prevencia,Antirreflexo,final,3029.00,3029.00,-14.00,9.00,0.00,-6.00,null,null,null,null
Optilab,Optilab 06 de abril a 31 de julho de 2026,LENTES EYEZEN BOOST®,Visao Simples,visao_simples,a088138d-18fd-4049-801f-8be0eb011304,Stylis 1.67,LENTES EYEZEN BOOST® Stylis 1.67,visao_simples,Resina High Index,1.67,false,false,true,2409.00,Pagina 24,Crizal Prevencia,Antirreflexo,final,3029.00,3029.00,-14.00,9.00,0.00,-6.00,null,null,null,null
Optilab,Optilab 06 de abril a 31 de julho de 2026,LENTES EYEZEN BOOST®,Visao Simples,visao_simples,ad9975e6-a1ef-4035-bd9b-70dabbe2d203,Stylis 1.67,LENTES EYEZEN BOOST® Stylis 1.67,visao_simples,Resina High Index,1.67,false,false,true,2409.00,Pagina 22,Crizal Rock,Antirreflexo,final,2759.00,2759.00,-14.00,9.00,0.00,-6.00,null,null,null,null
Optilab,Optilab 06 de abril a 31 de julho de 2026,LENTES EYEZEN BOOST®,Visao Simples,visao_simples,5aec840a-6a12-4e0b-adb6-64a103b391fb,Stylis 1.67,LENTES EYEZEN BOOST® Stylis 1.67,visao_simples,Resina High Index,1.67,false,false,true,2409.00,Pagina 23,Crizal Rock,Antirreflexo,final,2759.00,2759.00,-14.00,9.00,0.00,-6.00,null,null,null,null
Optilab,Optilab 06 de abril a 31 de julho de 2026,LENTES EYEZEN BOOST®,Visao Simples,visao_simples,d6229434-7f42-4576-808f-e4c50ac2a7e0,Stylis 1.67,LENTES EYEZEN BOOST® Stylis 1.67,visao_simples,Resina High Index,1.67,false,false,true,2409.00,Pagina 22,Crizal Rock,Antirreflexo,final,2759.00,2759.00,-14.00,9.00,0.00,-6.00,null,null,null,null
Optilab,Optilab 06 de abril a 31 de julho de 2026,LENTES EYEZEN BOOST®,Visao Simples,visao_simples,a088138d-18fd-4049-801f-8be0eb011304,Stylis 1.67,LENTES EYEZEN BOOST® Stylis 1.67,visao_simples,Resina High Index,1.67,false,false,true,2409.00,Pagina 24,Crizal Rock,Antirreflexo,final,2759.00,2759.00,-14.00,9.00,0.00,-6.00,null,null,null,null
Optilab,Optilab 06 de abril a 31 de julho de 2026,LENTES EYEZEN BOOST®,Visao Simples,visao_simples,ad9975e6-a1ef-4035-bd9b-70dabbe2d203,Stylis 1.67,LENTES EYEZEN BOOST® Stylis 1.67,visao_simples,Resina High Index,1.67,false,false,true,2409.00,Pagina 22,Crizal Sapphire HR,Antirreflexo,final,3029.00,3029.00,-14.00,9.00,0.00,-6.00,null,null,null,null
Optilab,Optilab 06 de abril a 31 de julho de 2026,LENTES EYEZEN BOOST®,Visao Simples,visao_simples,a088138d-18fd-4049-801f-8be0eb011304,Stylis 1.67,LENTES EYEZEN BOOST® Stylis 1.67,visao_simples,Resina High Index,1.67,false,false,true,2409.00,Pagina 24,Crizal Sapphire HR,Antirreflexo,final,3029.00,3029.00,-14.00,9.00,0.00,-6.00,null,null,null,null
Optilab,Optilab 06 de abril a 31 de julho de 2026,LENTES EYEZEN BOOST®,Visao Simples,visao_simples,5aec840a-6a12-4e0b-adb6-64a103b391fb,Stylis 1.67,LENTES EYEZEN BOOST® Stylis 1.67,visao_simples,Resina High Index,1.67,false,false,true,2409.00,Pagina 23,Crizal Sapphire HR,Antirreflexo,final,3029.00,3029.00,-14.00,9.00,0.00,-6.00,null,null,null,null
Optilab,Optilab 06 de abril a 31 de julho de 2026,LENTES EYEZEN BOOST®,Visao Simples,visao_simples,d6229434-7f42-4576-808f-e4c50ac2a7e0,Stylis 1.67,LENTES EYEZEN BOOST® Stylis 1.67,visao_simples,Resina High Index,1.67,false,false,true,2409.00,Pagina 22,Crizal Sapphire HR,Antirreflexo,final,3029.00,3029.00,-14.00,9.00,0.00,-6.00,null,null,null,null
Optilab,Optilab 06 de abril a 31 de julho de 2026,LENTES EYEZEN BOOST®,Visao Simples,visao_simples,2cbe8d60-f1d0-4485-aa36-79ae8f4d5af5,Stylis 1.67,LENTES EYEZEN BOOST® Stylis 1.67,visao_simples,Resina High Index,1.67,false,false,true,2649.00,Pagina 22,Optifog,Antirreflexo,final,3029.00,3029.00,-14.00,9.00,0.00,-6.00,null,null,null,null
Optilab,Optilab 06 de abril a 31 de julho de 2026,LENTES EYEZEN BOOST®,Visao Simples,visao_simples,f23d87e3-af96-4040-864b-fab17b7d89de,Stylis 1.67,LENTES EYEZEN BOOST® Stylis 1.67,visao_simples,Resina High Index,1.67,false,false,true,2649.00,Pagina 24,Optifog,Antirreflexo,final,3029.00,3029.00,-14.00,9.00,0.00,-6.00,null,null,null,null
Optilab,Optilab 06 de abril a 31 de julho de 2026,LENTES EYEZEN BOOST®,Visao Simples,visao_simples,a8c0c7b3-6f56-4fa3-a069-db18fa015fc4,Stylis 1.67,LENTES EYEZEN BOOST® Stylis 1.67,visao_simples,Resina High Index,1.67,false,false,true,2649.00,Pagina 23,Optifog,Antirreflexo,final,3029.00,3029.00,-14.00,9.00,0.00,-6.00,null,null,null,null
Optilab,Optilab 06 de abril a 31 de julho de 2026,LENTES EYEZEN BOOST®,Visao Simples,visao_simples,5aec840a-6a12-4e0b-adb6-64a103b391fb,Stylis 1.67,LENTES EYEZEN BOOST® Stylis 1.67,visao_simples,Resina High Index,1.67,false,false,true,2409.00,Pagina 23,Optifog,Antirreflexo,final,2649.00,2649.00,-14.00,9.00,0.00,-6.00,null,null,null,null
Optilab,Optilab 06 de abril a 31 de julho de 2026,LENTES EYEZEN BOOST®,Visao Simples,visao_simples,d6229434-7f42-4576-808f-e4c50ac2a7e0,Stylis 1.67,LENTES EYEZEN BOOST® Stylis 1.67,visao_simples,Resina High Index,1.67,false,false,true,2409.00,Pagina 22,Optifog,Antirreflexo,final,2649.00,2649.00,-14.00,9.00,0.00,-6.00,null,null,null,null
Optilab,Optilab 06 de abril a 31 de julho de 2026,LENTES EYEZEN BOOST®,Visao Simples,visao_simples,a088138d-18fd-4049-801f-8be0eb011304,Stylis 1.67,LENTES EYEZEN BOOST® Stylis 1.67,visao_simples,Resina High Index,1.67,false,false,true,2409.00,Pagina 24,Optifog,Antirreflexo,final,2649.00,2649.00,-14.00,9.00,0.00,-6.00,null,null,null,null
Optilab,Optilab 06 de abril a 31 de julho de 2026,LENTES EYEZEN BOOST®,Visao Simples,visao_simples,ad9975e6-a1ef-4035-bd9b-70dabbe2d203,Stylis 1.67,LENTES EYEZEN BOOST® Stylis 1.67,visao_simples,Resina High Index,1.67,false,false,true,2409.00,Pagina 22,Optifog,Antirreflexo,final,2649.00,2649.00,-14.00,9.00,0.00,-6.00,null,null,null,null
Optilab,Optilab 06 de abril a 31 de julho de 2026,LENTES EYEZEN BOOST®,Visao Simples,visao_simples,3c6126e6-f7bd-4d0d-b0f0-5497f3867a74,Stylis 1.67 + Transitions Gen S,LENTES EYEZEN BOOST® Stylis 1.67 + Transitions Gen S,visao_simples,Resina High Index,1.67,false,false,true,3349.00,Pagina 24,Crizal Easy Pro,Antirreflexo,final,3349.00,3349.00,-14.00,9.00,0.00,-6.00,null,null,null,null
Optilab,Optilab 06 de abril a 31 de julho de 2026,LENTES EYEZEN BOOST®,Visao Simples,visao_simples,17bbb8c8-aab3-4c19-8b0d-4cedafe3bd69,Stylis 1.67 + Transitions Gen S,LENTES EYEZEN BOOST® Stylis 1.67 + Transitions Gen S,visao_simples,Resina High Index,1.67,false,false,true,3349.00,Pagina 22,Crizal Easy Pro,Antirreflexo,final,3349.00,3349.00,-14.00,9.00,0.00,-6.00,null,null,null,null
Optilab,Optilab 06 de abril a 31 de julho de 2026,LENTES EYEZEN BOOST®,Visao Simples,visao_simples,a66d18e4-8cb7-48b5-948e-7893a53ffef4,Stylis 1.67 + Transitions Gen S,LENTES EYEZEN BOOST® Stylis 1.67 + Transitions Gen S,visao_simples,Resina High Index,1.67,false,false,true,3589.00,Pagina 24,Crizal Easy Pro,Antirreflexo,final,3969.00,3969.00,-14.00,9.00,0.00,-6.00,null,null,null,null
Optilab,Optilab 06 de abril a 31 de julho de 2026,LENTES EYEZEN BOOST®,Visao Simples,visao_simples,c509ccac-b8c2-416c-896d-8621cd50fcab,Stylis 1.67 + Transitions Gen S,LENTES EYEZEN BOOST® Stylis 1.67 + Transitions Gen S,visao_simples,Resina High Index,1.67,false,false,true,3589.00,Pagina 22,Crizal Easy Pro,Antirreflexo,final,3969.00,3969.00,-14.00,9.00,0.00,-6.00,null,null,null,null
Optilab,Optilab 06 de abril a 31 de julho de 2026,LENTES EYEZEN BOOST®,Visao Simples,visao_simples,eeaaa4fb-9f8c-40e6-baab-6f08fdb64d84,Stylis 1.67 + Transitions Gen S,LENTES EYEZEN BOOST® Stylis 1.67 + Transitions Gen S,visao_simples,Resina High Index,1.67,false,false,true,3349.00,Pagina 23,Crizal Easy Pro,Antirreflexo,final,3349.00,3349.00,-14.00,9.00,0.00,-6.00,null,null,null,null
Optilab,Optilab 06 de abril a 31 de julho de 2026,LENTES EYEZEN BOOST®,Visao Simples,visao_simples,47fcd11b-56d0-44e3-bcd8-0fa1ad09f32d,Stylis 1.67 + Transitions Gen S,LENTES EYEZEN BOOST® Stylis 1.67 + Transitions Gen S,visao_simples,Resina High Index,1.67,false,false,true,3349.00,Pagina 22,Crizal Easy Pro,Antirreflexo,final,3349.00,3349.00,-14.00,9.00,0.00,-6.00,null,null,null,null
Optilab,Optilab 06 de abril a 31 de julho de 2026,LENTES EYEZEN BOOST®,Visao Simples,visao_simples,7de71313-9675-4a2c-a1c2-26ffcdc27559,Stylis 1.67 + Transitions Gen S,LENTES EYEZEN BOOST® Stylis 1.67 + Transitions Gen S,visao_simples,Resina High Index,1.67,false,false,true,3589.00,Pagina 23,Crizal Easy Pro,Antirreflexo,final,3969.00,3969.00,-14.00,9.00,0.00,-6.00,null,null,null,null
Optilab,Optilab 06 de abril a 31 de julho de 2026,LENTES EYEZEN BOOST®,Visao Simples,visao_simples,eeaaa4fb-9f8c-40e6-baab-6f08fdb64d84,Stylis 1.67 + Transitions Gen S,LENTES EYEZEN BOOST® Stylis 1.67 + Transitions Gen S,visao_simples,Resina High Index,1.67,false,false,true,3349.00,Pagina 23,Crizal Prevencia,Antirreflexo,final,3969.00,3969.00,-14.00,9.00,0.00,-6.00,null,null,null,null
Optilab,Optilab 06 de abril a 31 de julho de 2026,LENTES EYEZEN BOOST®,Visao Simples,visao_simples,47fcd11b-56d0-44e3-bcd8-0fa1ad09f32d,Stylis 1.67 + Transitions Gen S,LENTES EYEZEN BOOST® Stylis 1.67 + Transitions Gen S,visao_simples,Resina High Index,1.67,false,false,true,3349.00,Pagina 22,Crizal Prevencia,Antirreflexo,final,3969.00,3969.00,-14.00,9.00,0.00,-6.00,null,null,null,null
Optilab,Optilab 06 de abril a 31 de julho de 2026,LENTES EYEZEN BOOST®,Visao Simples,visao_simples,3c6126e6-f7bd-4d0d-b0f0-5497f3867a74,Stylis 1.67 + Transitions Gen S,LENTES EYEZEN BOOST® Stylis 1.67 + Transitions Gen S,visao_simples,Resina High Index,1.67,false,false,true,3349.00,Pagina 24,Crizal Prevencia,Antirreflexo,final,3969.00,3969.00,-14.00,9.00,0.00,-6.00,null,null,null,null
Optilab,Optilab 06 de abril a 31 de julho de 2026,LENTES EYEZEN BOOST®,Visao Simples,visao_simples,17bbb8c8-aab3-4c19-8b0d-4cedafe3bd69,Stylis 1.67 + Transitions Gen S,LENTES EYEZEN BOOST® Stylis 1.67 + Transitions Gen S,visao_simples,Resina High Index,1.67,false,false,true,3349.00,Pagina 22,Crizal Prevencia,Antirreflexo,final,3969.00,3969.00,-14.00,9.00,0.00,-6.00,null,null,null,null
Optilab,Optilab 06 de abril a 31 de julho de 2026,LENTES EYEZEN BOOST®,Visao Simples,visao_simples,47fcd11b-56d0-44e3-bcd8-0fa1ad09f32d,Stylis 1.67 + Transitions Gen S,LENTES EYEZEN BOOST® Stylis 1.67 + Transitions Gen S,visao_simples,Resina High Index,1.67,false,false,true,3349.00,Pagina 22,Crizal Rock,Antirreflexo,final,3699.00,3699.00,-14.00,9.00,0.00,-6.00,null,null,null,null
Optilab,Optilab 06 de abril a 31 de julho de 2026,LENTES EYEZEN BOOST®,Visao Simples,visao_simples,3c6126e6-f7bd-4d0d-b0f0-5497f3867a74,Stylis 1.67 + Transitions Gen S,LENTES EYEZEN BOOST® Stylis 1.67 + Transitions Gen S,visao_simples,Resina High Index,1.67,false,false,true,3349.00,Pagina 24,Crizal Rock,Antirreflexo,final,3699.00,3699.00,-14.00,9.00,0.00,-6.00,null,null,null,null
Optilab,Optilab 06 de abril a 31 de julho de 2026,LENTES EYEZEN BOOST®,Visao Simples,visao_simples,eeaaa4fb-9f8c-40e6-baab-6f08fdb64d84,Stylis 1.67 + Transitions Gen S,LENTES EYEZEN BOOST® Stylis 1.67 + Transitions Gen S,visao_simples,Resina High Index,1.67,false,false,true,3349.00,Pagina 23,Crizal Rock,Antirreflexo,final,3699.00,3699.00,-14.00,9.00,0.00,-6.00,null,null,null,null
Optilab,Optilab 06 de abril a 31 de julho de 2026,LENTES EYEZEN BOOST®,Visao Simples,visao_simples,17bbb8c8-aab3-4c19-8b0d-4cedafe3bd69,Stylis 1.67 + Transitions Gen S,LENTES EYEZEN BOOST® Stylis 1.67 + Transitions Gen S,visao_simples,Resina High Index,1.67,false,false,true,3349.00,Pagina 22,Crizal Rock,Antirreflexo,final,3699.00,3699.00,-14.00,9.00,0.00,-6.00,null,null,null,null
Optilab,Optilab 06 de abril a 31 de julho de 2026,LENTES EYEZEN BOOST®,Visao Simples,visao_simples,eeaaa4fb-9f8c-40e6-baab-6f08fdb64d84,Stylis 1.67 + Transitions Gen S,LENTES EYEZEN BOOST® Stylis 1.67 + Transitions Gen S,visao_simples,Resina High Index,1.67,false,false,true,3349.00,Pagina 23,Crizal Sapphire HR,Antirreflexo,final,3969.00,3969.00,-14.00,9.00,0.00,-6.00,null,null,null,null
Optilab,Optilab 06 de abril a 31 de julho de 2026,LENTES EYEZEN BOOST®,Visao Simples,visao_simples,3c6126e6-f7bd-4d0d-b0f0-5497f3867a74,Stylis 1.67 + Transitions Gen S,LENTES EYEZEN BOOST® Stylis 1.67 + Transitions Gen S,visao_simples,Resina High Index,1.67,false,false,true,3349.00,Pagina 24,Crizal Sapphire HR,Antirreflexo,final,3969.00,3969.00,-14.00,9.00,0.00,-6.00,null,null,null,null
Optilab,Optilab 06 de abril a 31 de julho de 2026,LENTES EYEZEN BOOST®,Visao Simples,visao_simples,47fcd11b-56d0-44e3-bcd8-0fa1ad09f32d,Stylis 1.67 + Transitions Gen S,LENTES EYEZEN BOOST® Stylis 1.67 + Transitions Gen S,visao_simples,Resina High Index,1.67,false,false,true,3349.00,Pagina 22,Crizal Sapphire HR,Antirreflexo,final,3969.00,3969.00,-14.00,9.00,0.00,-6.00,null,null,null,null
Optilab,Optilab 06 de abril a 31 de julho de 2026,LENTES EYEZEN BOOST®,Visao Simples,visao_simples,17bbb8c8-aab3-4c19-8b0d-4cedafe3bd69,Stylis 1.67 + Transitions Gen S,LENTES EYEZEN BOOST® Stylis 1.67 + Transitions Gen S,visao_simples,Resina High Index,1.67,false,false,true,3349.00,Pagina 22,Crizal Sapphire HR,Antirreflexo,final,3969.00,3969.00,-14.00,9.00,0.00,-6.00,null,null,null,null
Optilab,Optilab 06 de abril a 31 de julho de 2026,LENTES EYEZEN BOOST®,Visao Simples,visao_simples,c509ccac-b8c2-416c-896d-8621cd50fcab,Stylis 1.67 + Transitions Gen S,LENTES EYEZEN BOOST® Stylis 1.67 + Transitions Gen S,visao_simples,Resina High Index,1.67,false,false,true,3589.00,Pagina 22,Optifog,Antirreflexo,final,3969.00,3969.00,-14.00,9.00,0.00,-6.00,null,null,null,null
Optilab,Optilab 06 de abril a 31 de julho de 2026,LENTES EYEZEN BOOST®,Visao Simples,visao_simples,47fcd11b-56d0-44e3-bcd8-0fa1ad09f32d,Stylis 1.67 + Transitions Gen S,LENTES EYEZEN BOOST® Stylis 1.67 + Transitions Gen S,visao_simples,Resina High Index,1.67,false,false,true,3349.00,Pagina 22,Optifog,Antirreflexo,final,3589.00,3589.00,-14.00,9.00,0.00,-6.00,null,null,null,null
Optilab,Optilab 06 de abril a 31 de julho de 2026,LENTES EYEZEN BOOST®,Visao Simples,visao_simples,17bbb8c8-aab3-4c19-8b0d-4cedafe3bd69,Stylis 1.67 + Transitions Gen S,LENTES EYEZEN BOOST® Stylis 1.67 + Transitions Gen S,visao_simples,Resina High Index,1.67,false,false,true,3349.00,Pagina 22,Optifog,Antirreflexo,final,3589.00,3589.00,-14.00,9.00,0.00,-6.00,null,null,null,null
Optilab,Optilab 06 de abril a 31 de julho de 2026,LENTES EYEZEN BOOST®,Visao Simples,visao_simples,eeaaa4fb-9f8c-40e6-baab-6f08fdb64d84,Stylis 1.67 + Transitions Gen S,LENTES EYEZEN BOOST® Stylis 1.67 + Transitions Gen S,visao_simples,Resina High Index,1.67,false,false,true,3349.00,Pagina 23,Optifog,Antirreflexo,final,3589.00,3589.00,-14.00,9.00,0.00,-6.00,null,null,null,null
Optilab,Optilab 06 de abril a 31 de julho de 2026,LENTES EYEZEN BOOST®,Visao Simples,visao_simples,3c6126e6-f7bd-4d0d-b0f0-5497f3867a74,Stylis 1.67 + Transitions Gen S,LENTES EYEZEN BOOST® Stylis 1.67 + Transitions Gen S,visao_simples,Resina High Index,1.67,false,false,true,3349.00,Pagina 24,Optifog,Antirreflexo,final,3589.00,3589.00,-14.00,9.00,0.00,-6.00,null,null,null,null
Optilab,Optilab 06 de abril a 31 de julho de 2026,LENTES EYEZEN BOOST®,Visao Simples,visao_simples,7de71313-9675-4a2c-a1c2-26ffcdc27559,Stylis 1.67 + Transitions Gen S,LENTES EYEZEN BOOST® Stylis 1.67 + Transitions Gen S,visao_simples,Resina High Index,1.67,false,false,true,3589.00,Pagina 23,Optifog,Antirreflexo,final,3969.00,3969.00,-14.00,9.00,0.00,-6.00,null,null,null,null
Optilab,Optilab 06 de abril a 31 de julho de 2026,LENTES EYEZEN BOOST®,Visao Simples,visao_simples,a66d18e4-8cb7-48b5-948e-7893a53ffef4,Stylis 1.67 + Transitions Gen S,LENTES EYEZEN BOOST® Stylis 1.67 + Transitions Gen S,visao_simples,Resina High Index,1.67,false,false,true,3589.00,Pagina 24,Optifog,Antirreflexo,final,3969.00,3969.00,-14.00,9.00,0.00,-6.00,null,null,null,null
Optilab,Optilab 06 de abril a 31 de julho de 2026,LENTES EYEZEN BOOST®,Visao Simples,visao_simples,ddf04a98-0791-406a-beb7-2f646f9fbfbd,Stylis 1.74,LENTES EYEZEN BOOST® Stylis 1.74,visao_simples,Resina High Index,1.74,false,false,true,3809.00,Pagina 22,Crizal Sapphire HR,Antirreflexo,final,3809.00,3809.00,-18.00,13.00,0.00,-6.00,null,null,null,null
Optilab,Optilab 06 de abril a 31 de julho de 2026,LENTES EYEZEN BOOST®,Visao Simples,visao_simples,257e0a76-06c5-4d15-b402-b152d985f95a,Stylis 1.74,LENTES EYEZEN BOOST® Stylis 1.74,visao_simples,Resina High Index,1.74,false,false,true,3809.00,Pagina 23,Crizal Sapphire HR,Antirreflexo,final,3809.00,3809.00,-18.00,13.00,0.00,-6.00,null,null,null,null
Optilab,Optilab 06 de abril a 31 de julho de 2026,LENTES EYEZEN BOOST®,Visao Simples,visao_simples,5ce0b18c-dc83-4616-bbfd-b2abf19f79fe,Stylis 1.74,LENTES EYEZEN BOOST® Stylis 1.74,visao_simples,Resina High Index,1.74,false,false,true,3809.00,Pagina 22,Crizal Sapphire HR,Antirreflexo,final,3809.00,3809.00,-18.00,13.00,0.00,-6.00,null,null,null,null
Optilab,Optilab 06 de abril a 31 de julho de 2026,LENTES EYEZEN BOOST®,Visao Simples,visao_simples,e38bb9b3-111a-4c79-b4c7-546940fc04b1,Stylis 1.74,LENTES EYEZEN BOOST® Stylis 1.74,visao_simples,Resina High Index,1.74,false,false,true,3809.00,Pagina 24,Crizal Sapphire HR,Antirreflexo,final,3809.00,3809.00,-18.00,13.00,0.00,-6.00,null,null,null,null
Optilab,Optilab 06 de abril a 31 de julho de 2026,LENTES EYEZEN BOOST®,Visao Simples,visao_simples,ddf04a98-0791-406a-beb7-2f646f9fbfbd,Stylis 1.74,LENTES EYEZEN BOOST® Stylis 1.74,visao_simples,Resina High Index,1.74,false,false,true,3809.00,Pagina 22,Optifog,Antirreflexo,final,3809.00,3809.00,-18.00,13.00,0.00,-6.00,null,null,null,null
Optilab,Optilab 06 de abril a 31 de julho de 2026,LENTES EYEZEN BOOST®,Visao Simples,visao_simples,e38bb9b3-111a-4c79-b4c7-546940fc04b1,Stylis 1.74,LENTES EYEZEN BOOST® Stylis 1.74,visao_simples,Resina High Index,1.74,false,false,true,3809.00,Pagina 24,Optifog,Antirreflexo,final,3809.00,3809.00,-18.00,13.00,0.00,-6.00,null,null,null,null
Optilab,Optilab 06 de abril a 31 de julho de 2026,LENTES EYEZEN BOOST®,Visao Simples,visao_simples,257e0a76-06c5-4d15-b402-b152d985f95a,Stylis 1.74,LENTES EYEZEN BOOST® Stylis 1.74,visao_simples,Resina High Index,1.74,false,false,true,3809.00,Pagina 23,Optifog,Antirreflexo,final,3809.00,3809.00,-18.00,13.00,0.00,-6.00,null,null,null,null
Optilab,Optilab 06 de abril a 31 de julho de 2026,LENTES EYEZEN BOOST®,Visao Simples,visao_simples,85e0e5e1-8777-4913-b7a2-4afca169e875,Stylis 1.74 + Transitions Gen S,LENTES EYEZEN BOOST® Stylis 1.74 + Transitions Gen S,visao_simples,Resina High Index,1.74,false,false,true,4749.00,Pagina 22,Crizal Sapphire HR,Antirreflexo,final,4749.00,4749.00,-18.00,13.00,0.00,-6.00,null,null,null,null
Optilab,Optilab 06 de abril a 31 de julho de 2026,LENTES EYEZEN BOOST®,Visao Simples,visao_simples,00341452-367d-4de1-8f4a-82dc5d974f07,Stylis 1.74 + Transitions Gen S,LENTES EYEZEN BOOST® Stylis 1.74 + Transitions Gen S,visao_simples,Resina High Index,1.74,false,false,true,4749.00,Pagina 22,Crizal Sapphire HR,Antirreflexo,final,4749.00,4749.00,-18.00,13.00,0.00,-6.00,null,null,null,null
Optilab,Optilab 06 de abril a 31 de julho de 2026,LENTES EYEZEN BOOST®,Visao Simples,visao_simples,75c196d3-59c5-44d5-97fc-56029f6f3c6f,Stylis 1.74 + Transitions Gen S,LENTES EYEZEN BOOST® Stylis 1.74 + Transitions Gen S,visao_simples,Resina High Index,1.74,false,false,true,4749.00,Pagina 23,Crizal Sapphire HR,Antirreflexo,final,4749.00,4749.00,-18.00,13.00,0.00,-6.00,null,null,null,null
Optilab,Optilab 06 de abril a 31 de julho de 2026,LENTES EYEZEN BOOST®,Visao Simples,visao_simples,5f65e443-48f2-46d8-afc8-4b07f2cf5d91,Stylis 1.74 + Transitions Gen S,LENTES EYEZEN BOOST® Stylis 1.74 + Transitions Gen S,visao_simples,Resina High Index,1.74,false,false,true,4749.00,Pagina 24,Crizal Sapphire HR,Antirreflexo,final,4749.00,4749.00,-18.00,13.00,0.00,-6.00,null,null,null,null
Optilab,Optilab 06 de abril a 31 de julho de 2026,LENTES EYEZEN BOOST®,Visao Simples,visao_simples,75c196d3-59c5-44d5-97fc-56029f6f3c6f,Stylis 1.74 + Transitions Gen S,LENTES EYEZEN BOOST® Stylis 1.74 + Transitions Gen S,visao_simples,Resina High Index,1.74,false,false,true,4749.00,Pagina 23,Optifog,Antirreflexo,final,4749.00,4749.00,-18.00,13.00,0.00,-6.00,null,null,null,null
Optilab,Optilab 06 de abril a 31 de julho de 2026,LENTES EYEZEN BOOST®,Visao Simples,visao_simples,00341452-367d-4de1-8f4a-82dc5d974f07,Stylis 1.74 + Transitions Gen S,LENTES EYEZEN BOOST® Stylis 1.74 + Transitions Gen S,visao_simples,Resina High Index,1.74,false,false,true,4749.00,Pagina 22,Optifog,Antirreflexo,final,4749.00,4749.00,-18.00,13.00,0.00,-6.00,null,null,null,null
Optilab,Optilab 06 de abril a 31 de julho de 2026,LENTES EYEZEN BOOST®,Visao Simples,visao_simples,5f65e443-48f2-46d8-afc8-4b07f2cf5d91,Stylis 1.74 + Transitions Gen S,LENTES EYEZEN BOOST® Stylis 1.74 + Transitions Gen S,visao_simples,Resina High Index,1.74,false,false,true,4749.00,Pagina 24,Optifog,Antirreflexo,final,4749.00,4749.00,-18.00,13.00,0.00,-6.00,null,null,null,null
Optilab,Optilab 06 de abril a 31 de julho de 2026,LENTES EYEZEN BOOST®,Visao Simples,visao_simples,de147fcb-76d6-4e4a-bd50-e9cfb6cc6866,Airwear,LENTES EYEZEN BOOST® VISÃO SIMPLES DIGITAL Airwear,visao_simples,Policarbonato,1.59,false,false,true,989.00,Pagina 24,Optifog,Antirreflexo,final,989.00,989.00,-10.00,6.00,0.00,-6.00,null,null,VISÃO SIMPLES DIGITAL,null
Optilab,Optilab 06 de abril a 31 de julho de 2026,LENTES EYEZEN BOOST®,Visao Simples,visao_simples,33cd1eb9-4b60-4874-a75d-c3bb242f857b,Airwear + Xperio cinza/marrom/verde,LENTES EYEZEN BOOST® VISÃO SIMPLES DIGITAL Airwear + Xperio cinza/marrom/verde,visao_simples,Policarbonato,1.59,false,false,true,1359.00,Pagina 24,Crizal Sapphire HR,Antirreflexo,final,1999.00,1999.00,-10.00,6.00,0.00,-6.00,null,null,VISÃO SIMPLES DIGITAL,null
Optilab,Optilab 06 de abril a 31 de julho de 2026,LENTES EYEZEN BOOST®,Visao Simples,visao_simples,33cd1eb9-4b60-4874-a75d-c3bb242f857b,Airwear + Xperio cinza/marrom/verde,LENTES EYEZEN BOOST® VISÃO SIMPLES DIGITAL Airwear + Xperio cinza/marrom/verde,visao_simples,Policarbonato,1.59,false,false,true,1359.00,Pagina 24,Crizal Sapphire HR Face Interna,Antirreflexo,final,2019.00,2019.00,-10.00,6.00,0.00,-6.00,null,null,VISÃO SIMPLES DIGITAL,null
Optilab,Optilab 06 de abril a 31 de julho de 2026,LENTES EYEZEN BOOST®,Visao Simples,visao_simples,33cd1eb9-4b60-4874-a75d-c3bb242f857b,Airwear + Xperio cinza/marrom/verde,LENTES EYEZEN BOOST® VISÃO SIMPLES DIGITAL Airwear + Xperio cinza/marrom/verde,visao_simples,Policarbonato,1.59,false,false,true,1359.00,Pagina 24,Optifog,Antirreflexo,final,1359.00,1359.00,-10.00,6.00,0.00,-6.00,null,null,VISÃO SIMPLES DIGITAL,null
Optilab,Optilab 06 de abril a 31 de julho de 2026,LENTES EYEZEN BOOST®,Visao Simples,visao_simples,fb08b1ba-4c89-47b5-86fa-43054563c737,Orma,LENTES EYEZEN BOOST® VISÃO SIMPLES DIGITAL Orma,visao_simples,Resina,1.50,false,false,true,769.00,Pagina 24,Optifog,Antirreflexo,final,769.00,769.00,-10.00,6.00,0.00,-6.00,null,null,VISÃO SIMPLES DIGITAL,null
Optilab,Optilab 06 de abril a 31 de julho de 2026,LENTES EYEZEN BOOST®,Visao Simples,visao_simples,625c134d-69e2-4c6f-ab63-4f10e201ee74,Orma + Coloração especial,LENTES EYEZEN BOOST® VISÃO SIMPLES DIGITAL Orma + Coloração especial,visao_simples,Resina,1.50,false,false,true,879.00,Pagina 24,Optifog,Antirreflexo,final,879.00,879.00,-10.00,6.00,0.00,-6.00,null,null,VISÃO SIMPLES DIGITAL,null
Optilab,Optilab 06 de abril a 31 de julho de 2026,LENTES EYEZEN BOOST®,Visao Simples,visao_simples,c99ff049-3659-4e1c-b648-5c5fcfd79041,Orma + Xperio cinza/marrom/verde,LENTES EYEZEN BOOST® VISÃO SIMPLES DIGITAL Orma + Xperio cinza/marrom/verde,visao_simples,Resina,1.50,false,false,true,1139.00,Pagina 24,Crizal Sapphire HR,Antirreflexo,final,1779.00,1779.00,-10.00,6.00,0.00,-6.00,null,null,VISÃO SIMPLES DIGITAL,null
Optilab,Optilab 06 de abril a 31 de julho de 2026,LENTES EYEZEN BOOST®,Visao Simples,visao_simples,c99ff049-3659-4e1c-b648-5c5fcfd79041,Orma + Xperio cinza/marrom/verde,LENTES EYEZEN BOOST® VISÃO SIMPLES DIGITAL Orma + Xperio cinza/marrom/verde,visao_simples,Resina,1.50,false,false,true,1139.00,Pagina 24,Crizal Sapphire HR Face Interna,Antirreflexo,final,1799.00,1799.00,-10.00,6.00,0.00,-6.00,null,null,VISÃO SIMPLES DIGITAL,null
Optilab,Optilab 06 de abril a 31 de julho de 2026,LENTES EYEZEN BOOST®,Visao Simples,visao_simples,c99ff049-3659-4e1c-b648-5c5fcfd79041,Orma + Xperio cinza/marrom/verde,LENTES EYEZEN BOOST® VISÃO SIMPLES DIGITAL Orma + Xperio cinza/marrom/verde,visao_simples,Resina,1.50,false,false,true,1139.00,Pagina 24,Optifog,Antirreflexo,final,1139.00,1139.00,-10.00,6.00,0.00,-6.00,null,null,VISÃO SIMPLES DIGITAL,null
Optilab,Optilab 06 de abril a 31 de julho de 2026,LENTES EYEZEN START®,Visao Simples,visao_simples,202079f2-e284-406a-b9f0-a60de286d84a,Airwear,LENTES EYEZEN START® Airwear,visao_simples,Policarbonato,1.59,false,false,true,1449.00,Pagina 25,Crizal Easy Pro,Antirreflexo,final,1719.00,1719.00,-10.00,6.00,0.00,-6.00,null,null,null,null
Optilab,Optilab 06 de abril a 31 de julho de 2026,LENTES EYEZEN START®,Visao Simples,visao_simples,a39162e0-00ca-4953-b1ac-685cc381132f,Airwear,LENTES EYEZEN START® Airwear,visao_simples,Policarbonato,1.59,false,false,true,1099.00,Pagina 25,Crizal Easy Pro,Antirreflexo,final,1099.00,1099.00,-10.00,6.00,0.00,-6.00,null,null,null,null
Optilab,Optilab 06 de abril a 31 de julho de 2026,LENTES EYEZEN START®,Visao Simples,visao_simples,a39162e0-00ca-4953-b1ac-685cc381132f,Airwear,LENTES EYEZEN START® Airwear,visao_simples,Policarbonato,1.59,false,false,true,1099.00,Pagina 25,Crizal Prevencia,Antirreflexo,final,1719.00,1719.00,-10.00,6.00,0.00,-6.00,null,null,null,null
Optilab,Optilab 06 de abril a 31 de julho de 2026,LENTES EYEZEN START®,Visao Simples,visao_simples,d358e8d5-450a-430d-9b03-2c6f2ebaae36,Airwear,LENTES EYEZEN START® Airwear,visao_simples,Policarbonato,1.59,false,false,true,879.00,Pagina 25,Crizal Rock,Antirreflexo,final,879.00,879.00,-10.00,6.00,0.00,-6.00,null,null,null,null
Optilab,Optilab 06 de abril a 31 de julho de 2026,LENTES EYEZEN START®,Visao Simples,visao_simples,a39162e0-00ca-4953-b1ac-685cc381132f,Airwear,LENTES EYEZEN START® Airwear,visao_simples,Policarbonato,1.59,false,false,true,1099.00,Pagina 25,Crizal Rock,Antirreflexo,final,1449.00,1449.00,-10.00,6.00,0.00,-6.00,null,null,null,null
Optilab,Optilab 06 de abril a 31 de julho de 2026,LENTES EYEZEN START®,Visao Simples,visao_simples,a39162e0-00ca-4953-b1ac-685cc381132f,Airwear,LENTES EYEZEN START® Airwear,visao_simples,Policarbonato,1.59,false,false,true,1099.00,Pagina 25,Crizal Sapphire HR,Antirreflexo,final,1719.00,1719.00,-10.00,6.00,0.00,-6.00,null,null,null,null
Optilab,Optilab 06 de abril a 31 de julho de 2026,LENTES EYEZEN START®,Visao Simples,visao_simples,202079f2-e284-406a-b9f0-a60de286d84a,Airwear,LENTES EYEZEN START® Airwear,visao_simples,Policarbonato,1.59,false,false,true,1449.00,Pagina 25,Optifog,Antirreflexo,final,1719.00,1719.00,-10.00,6.00,0.00,-6.00,null,null,null,null
Optilab,Optilab 06 de abril a 31 de julho de 2026,LENTES EYEZEN START®,Visao Simples,visao_simples,a39162e0-00ca-4953-b1ac-685cc381132f,Airwear,LENTES EYEZEN START® Airwear,visao_simples,Policarbonato,1.59,false,false,true,1099.00,Pagina 25,Optifog,Antirreflexo,final,1339.00,1339.00,-10.00,6.00,0.00,-6.00,null,null,null,null
Optilab,Optilab 06 de abril a 31 de julho de 2026,LENTES EYEZEN START®,Visao Simples,visao_simples,d358e8d5-450a-430d-9b03-2c6f2ebaae36,Airwear,LENTES EYEZEN START® Airwear,visao_simples,Policarbonato,1.59,false,false,true,879.00,Pagina 25,Verniz Hc,Revestimento,final,879.00,879.00,-10.00,6.00,0.00,-6.00,null,null,null,null
Optilab,Optilab 06 de abril a 31 de julho de 2026,LENTES EYEZEN START®,Visao Simples,visao_simples,202079f2-e284-406a-b9f0-a60de286d84a,Airwear,LENTES EYEZEN START® Airwear,visao_simples,Policarbonato,1.59,false,false,true,1449.00,Pagina 25,Verniz Hc,Revestimento,final,1449.00,1449.00,-10.00,6.00,0.00,-6.00,null,null,null,null
Optilab,Optilab 06 de abril a 31 de julho de 2026,LENTES EYEZEN START®,Visao Simples,visao_simples,965b7ca1-17ab-4592-9201-1cc12bdf7bfe,Airwear + Transitions Extractive,LENTES EYEZEN START® Airwear + Transitions Extractive,visao_simples,Policarbonato,1.59,false,false,true,2109.00,Pagina 25,Crizal Easy Pro,Antirreflexo,final,2109.00,2109.00,-10.00,6.00,0.00,-6.00,null,null,null,null
Optilab,Optilab 06 de abril a 31 de julho de 2026,LENTES EYEZEN START®,Visao Simples,visao_simples,d2090ae3-2fb0-4e5d-929b-9d455f41c545,Airwear + Transitions Extractive,LENTES EYEZEN START® Airwear + Transitions Extractive,visao_simples,Policarbonato,1.59,false,false,true,2459.00,Pagina 25,Crizal Easy Pro,Antirreflexo,final,2729.00,2729.00,-10.00,6.00,0.00,-6.00,null,null,null,null
Optilab,Optilab 06 de abril a 31 de julho de 2026,LENTES EYEZEN START®,Visao Simples,visao_simples,965b7ca1-17ab-4592-9201-1cc12bdf7bfe,Airwear + Transitions Extractive,LENTES EYEZEN START® Airwear + Transitions Extractive,visao_simples,Policarbonato,1.59,false,false,true,2109.00,Pagina 25,Crizal Prevencia,Antirreflexo,final,2729.00,2729.00,-10.00,6.00,0.00,-6.00,null,null,null,null
Optilab,Optilab 06 de abril a 31 de julho de 2026,LENTES EYEZEN START®,Visao Simples,visao_simples,965b7ca1-17ab-4592-9201-1cc12bdf7bfe,Airwear + Transitions Extractive,LENTES EYEZEN START® Airwear + Transitions Extractive,visao_simples,Policarbonato,1.59,false,false,true,2109.00,Pagina 25,Crizal Rock,Antirreflexo,final,2459.00,2459.00,-10.00,6.00,0.00,-6.00,null,null,null,null
Optilab,Optilab 06 de abril a 31 de julho de 2026,LENTES EYEZEN START®,Visao Simples,visao_simples,965b7ca1-17ab-4592-9201-1cc12bdf7bfe,Airwear + Transitions Extractive,LENTES EYEZEN START® Airwear + Transitions Extractive,visao_simples,Policarbonato,1.59,false,false,true,2109.00,Pagina 25,Crizal Sapphire HR,Antirreflexo,final,2729.00,2729.00,-10.00,6.00,0.00,-6.00,null,null,null,null
Optilab,Optilab 06 de abril a 31 de julho de 2026,LENTES EYEZEN START®,Visao Simples,visao_simples,965b7ca1-17ab-4592-9201-1cc12bdf7bfe,Airwear + Transitions Extractive,LENTES EYEZEN START® Airwear + Transitions Extractive,visao_simples,Policarbonato,1.59,false,false,true,2109.00,Pagina 25,Optifog,Antirreflexo,final,2349.00,2349.00,-10.00,6.00,0.00,-6.00,null,null,null,null
Optilab,Optilab 06 de abril a 31 de julho de 2026,LENTES EYEZEN START®,Visao Simples,visao_simples,d2090ae3-2fb0-4e5d-929b-9d455f41c545,Airwear + Transitions Extractive,LENTES EYEZEN START® Airwear + Transitions Extractive,visao_simples,Policarbonato,1.59,false,false,true,2459.00,Pagina 25,Optifog,Antirreflexo,final,2729.00,2729.00,-10.00,6.00,0.00,-6.00,null,null,null,null
Optilab,Optilab 06 de abril a 31 de julho de 2026,LENTES EYEZEN START®,Visao Simples,visao_simples,d2090ae3-2fb0-4e5d-929b-9d455f41c545,Airwear + Transitions Extractive,LENTES EYEZEN START® Airwear + Transitions Extractive,visao_simples,Policarbonato,1.59,false,false,true,2459.00,Pagina 25,Verniz Hc,Revestimento,final,2459.00,2459.00,-10.00,6.00,0.00,-6.00,null,null,null,null
Optilab,Optilab 06 de abril a 31 de julho de 2026,LENTES EYEZEN START®,Visao Simples,visao_simples,6cbb70f3-d5d4-4477-b0e5-26baaaa83c3c,Airwear + Transitions Gen S,LENTES EYEZEN START® Airwear + Transitions Gen S,visao_simples,Policarbonato,1.59,false,false,true,2039.00,Pagina 25,Crizal Easy Pro,Antirreflexo,final,2039.00,2039.00,-10.00,6.00,0.00,-6.00,null,null,null,null
Optilab,Optilab 06 de abril a 31 de julho de 2026,LENTES EYEZEN START®,Visao Simples,visao_simples,805833a6-69c4-4e5c-98d5-9bbd7cfaf2a7,Airwear + Transitions Gen S,LENTES EYEZEN START® Airwear + Transitions Gen S,visao_simples,Policarbonato,1.59,false,false,true,2389.00,Pagina 25,Crizal Easy Pro,Antirreflexo,final,2659.00,2659.00,-10.00,6.00,0.00,-6.00,null,null,null,null
Optilab,Optilab 06 de abril a 31 de julho de 2026,LENTES EYEZEN START®,Visao Simples,visao_simples,6cbb70f3-d5d4-4477-b0e5-26baaaa83c3c,Airwear + Transitions Gen S,LENTES EYEZEN START® Airwear + Transitions Gen S,visao_simples,Policarbonato,1.59,false,false,true,2039.00,Pagina 25,Crizal Prevencia,Antirreflexo,final,2659.00,2659.00,-10.00,6.00,0.00,-6.00,null,null,null,null
Optilab,Optilab 06 de abril a 31 de julho de 2026,LENTES EYEZEN START®,Visao Simples,visao_simples,6cbb70f3-d5d4-4477-b0e5-26baaaa83c3c,Airwear + Transitions Gen S,LENTES EYEZEN START® Airwear + Transitions Gen S,visao_simples,Policarbonato,1.59,false,false,true,2039.00,Pagina 25,Crizal Rock,Antirreflexo,final,2389.00,2389.00,-10.00,6.00,0.00,-6.00,null,null,null,null
Optilab,Optilab 06 de abril a 31 de julho de 2026,LENTES EYEZEN START®,Visao Simples,visao_simples,6cbb70f3-d5d4-4477-b0e5-26baaaa83c3c,Airwear + Transitions Gen S,LENTES EYEZEN START® Airwear + Transitions Gen S,visao_simples,Policarbonato,1.59,false,false,true,2039.00,Pagina 25,Crizal Sapphire HR,Antirreflexo,final,2659.00,2659.00,-10.00,6.00,0.00,-6.00,null,null,null,null
Optilab,Optilab 06 de abril a 31 de julho de 2026,LENTES EYEZEN START®,Visao Simples,visao_simples,6cbb70f3-d5d4-4477-b0e5-26baaaa83c3c,Airwear + Transitions Gen S,LENTES EYEZEN START® Airwear + Transitions Gen S,visao_simples,Policarbonato,1.59,false,false,true,2039.00,Pagina 25,Optifog,Antirreflexo,final,2279.00,2279.00,-10.00,6.00,0.00,-6.00,null,null,null,null
Optilab,Optilab 06 de abril a 31 de julho de 2026,LENTES EYEZEN START®,Visao Simples,visao_simples,805833a6-69c4-4e5c-98d5-9bbd7cfaf2a7,Airwear + Transitions Gen S,LENTES EYEZEN START® Airwear + Transitions Gen S,visao_simples,Policarbonato,1.59,false,false,true,2389.00,Pagina 25,Optifog,Antirreflexo,final,2659.00,2659.00,-10.00,6.00,0.00,-6.00,null,null,null,null
Optilab,Optilab 06 de abril a 31 de julho de 2026,LENTES EYEZEN START®,Visao Simples,visao_simples,805833a6-69c4-4e5c-98d5-9bbd7cfaf2a7,Airwear + Transitions Gen S,LENTES EYEZEN START® Airwear + Transitions Gen S,visao_simples,Policarbonato,1.59,false,false,true,2389.00,Pagina 25,Verniz Hc,Revestimento,final,2389.00,2389.00,-10.00,6.00,0.00,-6.00,null,null,null,null
Optilab,Optilab 06 de abril a 31 de julho de 2026,LENTES EYEZEN START®,Visao Simples,visao_simples,8df629bb-c9d7-418d-93af-bf5f26870347,Airwear + Xperio cinza/marrom/verde,LENTES EYEZEN START® Airwear + Xperio cinza/marrom/verde,visao_simples,Policarbonato,1.59,false,false,true,1249.00,Pagina 25,Crizal Easy Pro,Antirreflexo,final,1909.00,1909.00,-10.00,6.00,0.00,-6.00,null,null,null,null
Optilab,Optilab 06 de abril a 31 de julho de 2026,LENTES EYEZEN START®,Visao Simples,visao_simples,8df629bb-c9d7-418d-93af-bf5f26870347,Airwear + Xperio cinza/marrom/verde,LENTES EYEZEN START® Airwear + Xperio cinza/marrom/verde,visao_simples,Policarbonato,1.59,false,false,true,1249.00,Pagina 25,Crizal Prevencia,Antirreflexo,final,1909.00,1909.00,-10.00,6.00,0.00,-6.00,null,null,null,null
Optilab,Optilab 06 de abril a 31 de julho de 2026,LENTES EYEZEN START®,Visao Simples,visao_simples,8df629bb-c9d7-418d-93af-bf5f26870347,Airwear + Xperio cinza/marrom/verde,LENTES EYEZEN START® Airwear + Xperio cinza/marrom/verde,visao_simples,Policarbonato,1.59,false,false,true,1249.00,Pagina 25,Crizal Rock,Antirreflexo,final,1249.00,1249.00,-10.00,6.00,0.00,-6.00,null,null,null,null
Optilab,Optilab 06 de abril a 31 de julho de 2026,LENTES EYEZEN START®,Visao Simples,visao_simples,8df629bb-c9d7-418d-93af-bf5f26870347,Airwear + Xperio cinza/marrom/verde,LENTES EYEZEN START® Airwear + Xperio cinza/marrom/verde,visao_simples,Policarbonato,1.59,false,false,true,1249.00,Pagina 25,Crizal Sapphire HR,Antirreflexo,final,1889.00,1889.00,-10.00,6.00,0.00,-6.00,null,null,null,null
Optilab,Optilab 06 de abril a 31 de julho de 2026,LENTES EYEZEN START®,Visao Simples,visao_simples,8df629bb-c9d7-418d-93af-bf5f26870347,Airwear + Xperio cinza/marrom/verde,LENTES EYEZEN START® Airwear + Xperio cinza/marrom/verde,visao_simples,Policarbonato,1.59,false,false,true,1249.00,Pagina 25,Optifog,Antirreflexo,final,1889.00,1889.00,-10.00,6.00,0.00,-6.00,null,null,null,null
Optilab,Optilab 06 de abril a 31 de julho de 2026,LENTES EYEZEN START®,Visao Simples,visao_simples,8df629bb-c9d7-418d-93af-bf5f26870347,Airwear + Xperio cinza/marrom/verde,LENTES EYEZEN START® Airwear + Xperio cinza/marrom/verde,visao_simples,Policarbonato,1.59,false,false,true,1249.00,Pagina 25,Verniz Hc,Revestimento,final,1249.00,1249.00,-10.00,6.00,0.00,-6.00,null,null,null,null
Optilab,Optilab 06 de abril a 31 de julho de 2026,LENTES EYEZEN START®,Visao Simples,visao_simples,c6ac29c7-592f-4b37-82bc-ef910163b5c4,Orma,LENTES EYEZEN START® Orma,visao_simples,Resina,1.50,false,false,true,1229.00,Pagina 25,Crizal Easy Pro,Antirreflexo,final,1499.00,1499.00,-10.00,6.00,0.00,-6.00,null,null,null,null
Optilab,Optilab 06 de abril a 31 de julho de 2026,LENTES EYEZEN START®,Visao Simples,visao_simples,12aa13a9-f81a-411f-bc09-b98884bcf686,Orma,LENTES EYEZEN START® Orma,visao_simples,Resina,1.50,false,false,true,879.00,Pagina 25,Crizal Easy Pro,Antirreflexo,final,879.00,879.00,-10.00,6.00,0.00,-6.00,null,null,null,null
Optilab,Optilab 06 de abril a 31 de julho de 2026,LENTES EYEZEN START®,Visao Simples,visao_simples,12aa13a9-f81a-411f-bc09-b98884bcf686,Orma,LENTES EYEZEN START® Orma,visao_simples,Resina,1.50,false,false,true,879.00,Pagina 25,Crizal Prevencia,Antirreflexo,final,1499.00,1499.00,-10.00,6.00,0.00,-6.00,null,null,null,null
Optilab,Optilab 06 de abril a 31 de julho de 2026,LENTES EYEZEN START®,Visao Simples,visao_simples,12aa13a9-f81a-411f-bc09-b98884bcf686,Orma,LENTES EYEZEN START® Orma,visao_simples,Resina,1.50,false,false,true,879.00,Pagina 25,Crizal Rock,Antirreflexo,final,1229.00,1229.00,-10.00,6.00,0.00,-6.00,null,null,null,null
Optilab,Optilab 06 de abril a 31 de julho de 2026,LENTES EYEZEN START®,Visao Simples,visao_simples,afa3eb36-5f61-41c5-aa2a-7599846ea5fc,Orma,LENTES EYEZEN START® Orma,visao_simples,Resina,1.50,false,false,true,659.00,Pagina 25,Crizal Rock,Antirreflexo,final,659.00,659.00,-10.00,6.00,0.00,-6.00,null,null,null,null
Optilab,Optilab 06 de abril a 31 de julho de 2026,LENTES EYEZEN START®,Visao Simples,visao_simples,12aa13a9-f81a-411f-bc09-b98884bcf686,Orma,LENTES EYEZEN START® Orma,visao_simples,Resina,1.50,false,false,true,879.00,Pagina 25,Crizal Sapphire HR,Antirreflexo,final,1499.00,1499.00,-10.00,6.00,0.00,-6.00,null,null,null,null
Optilab,Optilab 06 de abril a 31 de julho de 2026,LENTES EYEZEN START®,Visao Simples,visao_simples,c6ac29c7-592f-4b37-82bc-ef910163b5c4,Orma,LENTES EYEZEN START® Orma,visao_simples,Resina,1.50,false,false,true,1229.00,Pagina 25,Optifog,Antirreflexo,final,1499.00,1499.00,-10.00,6.00,0.00,-6.00,null,null,null,null
Optilab,Optilab 06 de abril a 31 de julho de 2026,LENTES EYEZEN START®,Visao Simples,visao_simples,12aa13a9-f81a-411f-bc09-b98884bcf686,Orma,LENTES EYEZEN START® Orma,visao_simples,Resina,1.50,false,false,true,879.00,Pagina 25,Optifog,Antirreflexo,final,1119.00,1119.00,-10.00,6.00,0.00,-6.00,null,null,null,null
Optilab,Optilab 06 de abril a 31 de julho de 2026,LENTES EYEZEN START®,Visao Simples,visao_simples,c6ac29c7-592f-4b37-82bc-ef910163b5c4,Orma,LENTES EYEZEN START® Orma,visao_simples,Resina,1.50,false,false,true,1229.00,Pagina 25,Verniz Hc,Revestimento,final,1229.00,1229.00,-10.00,6.00,0.00,-6.00,null,null,null,null
Optilab,Optilab 06 de abril a 31 de julho de 2026,LENTES EYEZEN START®,Visao Simples,visao_simples,afa3eb36-5f61-41c5-aa2a-7599846ea5fc,Orma,LENTES EYEZEN START® Orma,visao_simples,Resina,1.50,false,false,true,659.00,Pagina 25,Verniz Hc,Revestimento,final,659.00,659.00,-10.00,6.00,0.00,-6.00,null,null,null,null
Optilab,Optilab 06 de abril a 31 de julho de 2026,LENTES EYEZEN START®,Visao Simples,visao_simples,80c03a87-49bc-4c19-ac9b-e4087ebdb56b,Orma + Coloração especial,LENTES EYEZEN START® Orma + Coloração especial,visao_simples,Resina,1.50,false,false,true,769.00,Pagina 25,Crizal Rock,Antirreflexo,final,769.00,769.00,-10.00,6.00,0.00,-6.00,null,null,null,null
Optilab,Optilab 06 de abril a 31 de julho de 2026,LENTES EYEZEN START®,Visao Simples,visao_simples,80c03a87-49bc-4c19-ac9b-e4087ebdb56b,Orma + Coloração especial,LENTES EYEZEN START® Orma + Coloração especial,visao_simples,Resina,1.50,false,false,true,769.00,Pagina 25,Verniz Hc,Revestimento,final,769.00,769.00,-10.00,6.00,0.00,-6.00,null,null,null,null
Optilab,Optilab 06 de abril a 31 de julho de 2026,LENTES EYEZEN START®,Visao Simples,visao_simples,8ef5ac27-d22d-4ee3-968d-a86006e136ce,Orma + Transitions Extractive,LENTES EYEZEN START® Orma + Transitions Extractive,visao_simples,Resina,1.50,false,false,true,1889.00,Pagina 25,Crizal Easy Pro,Antirreflexo,final,1889.00,1889.00,-10.00,6.00,0.00,-6.00,null,null,null,null
Optilab,Optilab 06 de abril a 31 de julho de 2026,LENTES EYEZEN START®,Visao Simples,visao_simples,825aa559-8408-4b23-83a9-ff3c53bdba84,Orma + Transitions Extractive,LENTES EYEZEN START® Orma + Transitions Extractive,visao_simples,Resina,1.50,false,false,true,2239.00,Pagina 25,Crizal Easy Pro,Antirreflexo,final,2509.00,2509.00,-10.00,6.00,0.00,-6.00,null,null,null,null
Optilab,Optilab 06 de abril a 31 de julho de 2026,LENTES EYEZEN START®,Visao Simples,visao_simples,8ef5ac27-d22d-4ee3-968d-a86006e136ce,Orma + Transitions Extractive,LENTES EYEZEN START® Orma + Transitions Extractive,visao_simples,Resina,1.50,false,false,true,1889.00,Pagina 25,Crizal Prevencia,Antirreflexo,final,2509.00,2509.00,-10.00,6.00,0.00,-6.00,null,null,null,null
Optilab,Optilab 06 de abril a 31 de julho de 2026,LENTES EYEZEN START®,Visao Simples,visao_simples,8ef5ac27-d22d-4ee3-968d-a86006e136ce,Orma + Transitions Extractive,LENTES EYEZEN START® Orma + Transitions Extractive,visao_simples,Resina,1.50,false,false,true,1889.00,Pagina 25,Crizal Rock,Antirreflexo,final,2239.00,2239.00,-10.00,6.00,0.00,-6.00,null,null,null,null
Optilab,Optilab 06 de abril a 31 de julho de 2026,LENTES EYEZEN START®,Visao Simples,visao_simples,8ef5ac27-d22d-4ee3-968d-a86006e136ce,Orma + Transitions Extractive,LENTES EYEZEN START® Orma + Transitions Extractive,visao_simples,Resina,1.50,false,false,true,1889.00,Pagina 25,Crizal Sapphire HR,Antirreflexo,final,2509.00,2509.00,-10.00,6.00,0.00,-6.00,null,null,null,null
Optilab,Optilab 06 de abril a 31 de julho de 2026,LENTES EYEZEN START®,Visao Simples,visao_simples,825aa559-8408-4b23-83a9-ff3c53bdba84,Orma + Transitions Extractive,LENTES EYEZEN START® Orma + Transitions Extractive,visao_simples,Resina,1.50,false,false,true,2239.00,Pagina 25,Optifog,Antirreflexo,final,2509.00,2509.00,-10.00,6.00,0.00,-6.00,null,null,null,null
Optilab,Optilab 06 de abril a 31 de julho de 2026,LENTES EYEZEN START®,Visao Simples,visao_simples,8ef5ac27-d22d-4ee3-968d-a86006e136ce,Orma + Transitions Extractive,LENTES EYEZEN START® Orma + Transitions Extractive,visao_simples,Resina,1.50,false,false,true,1889.00,Pagina 25,Optifog,Antirreflexo,final,2129.00,2129.00,-10.00,6.00,0.00,-6.00,null,null,null,null
Optilab,Optilab 06 de abril a 31 de julho de 2026,LENTES EYEZEN START®,Visao Simples,visao_simples,825aa559-8408-4b23-83a9-ff3c53bdba84,Orma + Transitions Extractive,LENTES EYEZEN START® Orma + Transitions Extractive,visao_simples,Resina,1.50,false,false,true,2239.00,Pagina 25,Verniz Hc,Revestimento,final,2239.00,2239.00,-10.00,6.00,0.00,-6.00,null,null,null,null
Optilab,Optilab 06 de abril a 31 de julho de 2026,LENTES EYEZEN START®,Visao Simples,visao_simples,f454b8b2-274a-4e0b-9a32-5554459aaeaa,Orma + Transitions Gen S,LENTES EYEZEN START® Orma + Transitions Gen S,visao_simples,Resina,1.50,false,false,true,2169.00,Pagina 25,Crizal Easy Pro,Antirreflexo,final,2439.00,2439.00,-10.00,6.00,0.00,-6.00,null,null,null,null
Optilab,Optilab 06 de abril a 31 de julho de 2026,LENTES EYEZEN START®,Visao Simples,visao_simples,020ba057-9def-427f-b13e-ed48afc25d70,Orma + Transitions Gen S,LENTES EYEZEN START® Orma + Transitions Gen S,visao_simples,Resina,1.50,false,false,true,1819.00,Pagina 25,Crizal Easy Pro,Antirreflexo,final,1819.00,1819.00,-10.00,6.00,0.00,-6.00,null,null,null,null
Optilab,Optilab 06 de abril a 31 de julho de 2026,LENTES EYEZEN START®,Visao Simples,visao_simples,020ba057-9def-427f-b13e-ed48afc25d70,Orma + Transitions Gen S,LENTES EYEZEN START® Orma + Transitions Gen S,visao_simples,Resina,1.50,false,false,true,1819.00,Pagina 25,Crizal Prevencia,Antirreflexo,final,2439.00,2439.00,-10.00,6.00,0.00,-6.00,null,null,null,null
Optilab,Optilab 06 de abril a 31 de julho de 2026,LENTES EYEZEN START®,Visao Simples,visao_simples,020ba057-9def-427f-b13e-ed48afc25d70,Orma + Transitions Gen S,LENTES EYEZEN START® Orma + Transitions Gen S,visao_simples,Resina,1.50,false,false,true,1819.00,Pagina 25,Crizal Rock,Antirreflexo,final,2169.00,2169.00,-10.00,6.00,0.00,-6.00,null,null,null,null
Optilab,Optilab 06 de abril a 31 de julho de 2026,LENTES EYEZEN START®,Visao Simples,visao_simples,020ba057-9def-427f-b13e-ed48afc25d70,Orma + Transitions Gen S,LENTES EYEZEN START® Orma + Transitions Gen S,visao_simples,Resina,1.50,false,false,true,1819.00,Pagina 25,Crizal Sapphire HR,Antirreflexo,final,2439.00,2439.00,-10.00,6.00,0.00,-6.00,null,null,null,null
Optilab,Optilab 06 de abril a 31 de julho de 2026,LENTES EYEZEN START®,Visao Simples,visao_simples,020ba057-9def-427f-b13e-ed48afc25d70,Orma + Transitions Gen S,LENTES EYEZEN START® Orma + Transitions Gen S,visao_simples,Resina,1.50,false,false,true,1819.00,Pagina 25,Optifog,Antirreflexo,final,2059.00,2059.00,-10.00,6.00,0.00,-6.00,null,null,null,null
Optilab,Optilab 06 de abril a 31 de julho de 2026,LENTES EYEZEN START®,Visao Simples,visao_simples,f454b8b2-274a-4e0b-9a32-5554459aaeaa,Orma + Transitions Gen S,LENTES EYEZEN START® Orma + Transitions Gen S,visao_simples,Resina,1.50,false,false,true,2169.00,Pagina 25,Optifog,Antirreflexo,final,2439.00,2439.00,-10.00,6.00,0.00,-6.00,null,null,null,null
Optilab,Optilab 06 de abril a 31 de julho de 2026,LENTES EYEZEN START®,Visao Simples,visao_simples,f454b8b2-274a-4e0b-9a32-5554459aaeaa,Orma + Transitions Gen S,LENTES EYEZEN START® Orma + Transitions Gen S,visao_simples,Resina,1.50,false,false,true,2169.00,Pagina 25,Verniz Hc,Revestimento,final,2169.00,2169.00,-10.00,6.00,0.00,-6.00,null,null,null,null
Optilab,Optilab 06 de abril a 31 de julho de 2026,LENTES EYEZEN START®,Visao Simples,visao_simples,19cc1509-58b1-447b-abbe-cef3e30c9360,Orma + Xperio cinza/marrom/verde,LENTES EYEZEN START® Orma + Xperio cinza/marrom/verde,visao_simples,Resina,1.50,false,false,true,1029.00,Pagina 25,Crizal Easy Pro,Antirreflexo,final,1689.00,1689.00,-10.00,6.00,0.00,-6.00,null,null,null,null
Optilab,Optilab 06 de abril a 31 de julho de 2026,LENTES EYEZEN START®,Visao Simples,visao_simples,19cc1509-58b1-447b-abbe-cef3e30c9360,Orma + Xperio cinza/marrom/verde,LENTES EYEZEN START® Orma + Xperio cinza/marrom/verde,visao_simples,Resina,1.50,false,false,true,1029.00,Pagina 25,Crizal Prevencia,Antirreflexo,final,1689.00,1689.00,-10.00,6.00,0.00,-6.00,null,null,null,null
Optilab,Optilab 06 de abril a 31 de julho de 2026,LENTES EYEZEN START®,Visao Simples,visao_simples,19cc1509-58b1-447b-abbe-cef3e30c9360,Orma + Xperio cinza/marrom/verde,LENTES EYEZEN START® Orma + Xperio cinza/marrom/verde,visao_simples,Resina,1.50,false,false,true,1029.00,Pagina 25,Crizal Rock,Antirreflexo,final,1029.00,1029.00,-10.00,6.00,0.00,-6.00,null,null,null,null
Optilab,Optilab 06 de abril a 31 de julho de 2026,LENTES EYEZEN START®,Visao Simples,visao_simples,19cc1509-58b1-447b-abbe-cef3e30c9360,Orma + Xperio cinza/marrom/verde,LENTES EYEZEN START® Orma + Xperio cinza/marrom/verde,visao_simples,Resina,1.50,false,false,true,1029.00,Pagina 25,Crizal Sapphire HR,Antirreflexo,final,1669.00,1669.00,-10.00,6.00,0.00,-6.00,null,null,null,null
Optilab,Optilab 06 de abril a 31 de julho de 2026,LENTES EYEZEN START®,Visao Simples,visao_simples,19cc1509-58b1-447b-abbe-cef3e30c9360,Orma + Xperio cinza/marrom/verde,LENTES EYEZEN START® Orma + Xperio cinza/marrom/verde,visao_simples,Resina,1.50,false,false,true,1029.00,Pagina 25,Optifog,Antirreflexo,final,1669.00,1669.00,-10.00,6.00,0.00,-6.00,null,null,null,null
Optilab,Optilab 06 de abril a 31 de julho de 2026,LENTES EYEZEN START®,Visao Simples,visao_simples,19cc1509-58b1-447b-abbe-cef3e30c9360,Orma + Xperio cinza/marrom/verde,LENTES EYEZEN START® Orma + Xperio cinza/marrom/verde,visao_simples,Resina,1.50,false,false,true,1029.00,Pagina 25,Verniz Hc,Revestimento,final,1029.00,1029.00,-10.00,6.00,0.00,-6.00,null,null,null,null
Optilab,Optilab 06 de abril a 31 de julho de 2026,LENTES EYEZEN START®,Visao Simples,visao_simples,76ab3c5d-6fbb-4e5c-b362-c1d90ea65e47,Stylis 1.67,LENTES EYEZEN START® Stylis 1.67,visao_simples,Resina High Index,1.67,false,false,true,2649.00,Pagina 25,Crizal Easy Pro,Antirreflexo,final,2919.00,2919.00,-14.00,9.00,0.00,-6.00,null,null,null,null
Optilab,Optilab 06 de abril a 31 de julho de 2026,LENTES EYEZEN START®,Visao Simples,visao_simples,11c048d0-76c5-4534-8325-3bfe11e2b3b7,Stylis 1.67,LENTES EYEZEN START® Stylis 1.67,visao_simples,Resina High Index,1.67,false,false,true,2299.00,Pagina 25,Crizal Easy Pro,Antirreflexo,final,2299.00,2299.00,-14.00,9.00,0.00,-6.00,null,null,null,null
Optilab,Optilab 06 de abril a 31 de julho de 2026,LENTES EYEZEN START®,Visao Simples,visao_simples,11c048d0-76c5-4534-8325-3bfe11e2b3b7,Stylis 1.67,LENTES EYEZEN START® Stylis 1.67,visao_simples,Resina High Index,1.67,false,false,true,2299.00,Pagina 25,Crizal Prevencia,Antirreflexo,final,2919.00,2919.00,-14.00,9.00,0.00,-6.00,null,null,null,null
Optilab,Optilab 06 de abril a 31 de julho de 2026,LENTES EYEZEN START®,Visao Simples,visao_simples,11c048d0-76c5-4534-8325-3bfe11e2b3b7,Stylis 1.67,LENTES EYEZEN START® Stylis 1.67,visao_simples,Resina High Index,1.67,false,false,true,2299.00,Pagina 25,Crizal Rock,Antirreflexo,final,2649.00,2649.00,-14.00,9.00,0.00,-6.00,null,null,null,null
Optilab,Optilab 06 de abril a 31 de julho de 2026,LENTES EYEZEN START®,Visao Simples,visao_simples,11c048d0-76c5-4534-8325-3bfe11e2b3b7,Stylis 1.67,LENTES EYEZEN START® Stylis 1.67,visao_simples,Resina High Index,1.67,false,false,true,2299.00,Pagina 25,Crizal Sapphire HR,Antirreflexo,final,2919.00,2919.00,-14.00,9.00,0.00,-6.00,null,null,null,null
Optilab,Optilab 06 de abril a 31 de julho de 2026,LENTES EYEZEN START®,Visao Simples,visao_simples,11c048d0-76c5-4534-8325-3bfe11e2b3b7,Stylis 1.67,LENTES EYEZEN START® Stylis 1.67,visao_simples,Resina High Index,1.67,false,false,true,2299.00,Pagina 25,Optifog,Antirreflexo,final,2539.00,2539.00,-14.00,9.00,0.00,-6.00,null,null,null,null
Optilab,Optilab 06 de abril a 31 de julho de 2026,LENTES EYEZEN START®,Visao Simples,visao_simples,76ab3c5d-6fbb-4e5c-b362-c1d90ea65e47,Stylis 1.67,LENTES EYEZEN START® Stylis 1.67,visao_simples,Resina High Index,1.67,false,false,true,2649.00,Pagina 25,Optifog,Antirreflexo,final,2919.00,2919.00,-14.00,9.00,0.00,-6.00,null,null,null,null
Optilab,Optilab 06 de abril a 31 de julho de 2026,LENTES EYEZEN START®,Visao Simples,visao_simples,76ab3c5d-6fbb-4e5c-b362-c1d90ea65e47,Stylis 1.67,LENTES EYEZEN START® Stylis 1.67,visao_simples,Resina High Index,1.67,false,false,true,2649.00,Pagina 25,Verniz Hc,Revestimento,final,2649.00,2649.00,-14.00,9.00,0.00,-6.00,null,null,null,null
Optilab,Optilab 06 de abril a 31 de julho de 2026,LENTES EYEZEN START®,Visao Simples,visao_simples,0ee3043a-b063-463c-bcb5-5ad05bfbdfcc,Stylis 1.67 + Transitions Gen S,LENTES EYEZEN START® Stylis 1.67 + Transitions Gen S,visao_simples,Resina High Index,1.67,false,false,true,3239.00,Pagina 25,Crizal Easy Pro,Antirreflexo,final,3239.00,3239.00,-14.00,9.00,0.00,-6.00,null,null,null,null
Optilab,Optilab 06 de abril a 31 de julho de 2026,LENTES EYEZEN START®,Visao Simples,visao_simples,13461dac-7958-49c0-91ac-7ba7ddde6cc2,Stylis 1.67 + Transitions Gen S,LENTES EYEZEN START® Stylis 1.67 + Transitions Gen S,visao_simples,Resina High Index,1.67,false,false,true,3589.00,Pagina 25,Crizal Easy Pro,Antirreflexo,final,3859.00,3859.00,-14.00,9.00,0.00,-6.00,null,null,null,null
Optilab,Optilab 06 de abril a 31 de julho de 2026,LENTES EYEZEN START®,Visao Simples,visao_simples,0ee3043a-b063-463c-bcb5-5ad05bfbdfcc,Stylis 1.67 + Transitions Gen S,LENTES EYEZEN START® Stylis 1.67 + Transitions Gen S,visao_simples,Resina High Index,1.67,false,false,true,3239.00,Pagina 25,Crizal Prevencia,Antirreflexo,final,3859.00,3859.00,-14.00,9.00,0.00,-6.00,null,null,null,null
Optilab,Optilab 06 de abril a 31 de julho de 2026,LENTES EYEZEN START®,Visao Simples,visao_simples,0ee3043a-b063-463c-bcb5-5ad05bfbdfcc,Stylis 1.67 + Transitions Gen S,LENTES EYEZEN START® Stylis 1.67 + Transitions Gen S,visao_simples,Resina High Index,1.67,false,false,true,3239.00,Pagina 25,Crizal Rock,Antirreflexo,final,3589.00,3589.00,-14.00,9.00,0.00,-6.00,null,null,null,null
Optilab,Optilab 06 de abril a 31 de julho de 2026,LENTES EYEZEN START®,Visao Simples,visao_simples,0ee3043a-b063-463c-bcb5-5ad05bfbdfcc,Stylis 1.67 + Transitions Gen S,LENTES EYEZEN START® Stylis 1.67 + Transitions Gen S,visao_simples,Resina High Index,1.67,false,false,true,3239.00,Pagina 25,Crizal Sapphire HR,Antirreflexo,final,3859.00,3859.00,-14.00,9.00,0.00,-6.00,null,null,null,null
Optilab,Optilab 06 de abril a 31 de julho de 2026,LENTES EYEZEN START®,Visao Simples,visao_simples,0ee3043a-b063-463c-bcb5-5ad05bfbdfcc,Stylis 1.67 + Transitions Gen S,LENTES EYEZEN START® Stylis 1.67 + Transitions Gen S,visao_simples,Resina High Index,1.67,false,false,true,3239.00,Pagina 25,Optifog,Antirreflexo,final,3479.00,3479.00,-14.00,9.00,0.00,-6.00,null,null,null,null
Optilab,Optilab 06 de abril a 31 de julho de 2026,LENTES EYEZEN START®,Visao Simples,visao_simples,13461dac-7958-49c0-91ac-7ba7ddde6cc2,Stylis 1.67 + Transitions Gen S,LENTES EYEZEN START® Stylis 1.67 + Transitions Gen S,visao_simples,Resina High Index,1.67,false,false,true,3589.00,Pagina 25,Optifog,Antirreflexo,final,3859.00,3859.00,-14.00,9.00,0.00,-6.00,null,null,null,null
Optilab,Optilab 06 de abril a 31 de julho de 2026,LENTES EYEZEN START®,Visao Simples,visao_simples,13461dac-7958-49c0-91ac-7ba7ddde6cc2,Stylis 1.67 + Transitions Gen S,LENTES EYEZEN START® Stylis 1.67 + Transitions Gen S,visao_simples,Resina High Index,1.67,false,false,true,3589.00,Pagina 25,Verniz Hc,Revestimento,final,3589.00,3589.00,-14.00,9.00,0.00,-6.00,null,null,null,null
Optilab,Optilab 06 de abril a 31 de julho de 2026,LENTES EYEZEN START®,Visao Simples,visao_simples,ecffde16-9297-4d75-b9df-d09ff6af5843,Stylis 1.74,LENTES EYEZEN START® Stylis 1.74,visao_simples,Resina High Index,1.74,false,false,true,3699.00,Pagina 25,Crizal Sapphire HR,Antirreflexo,final,3699.00,3699.00,-18.00,13.00,0.00,-6.00,null,null,null,null
Optilab,Optilab 06 de abril a 31 de julho de 2026,LENTES EYEZEN START®,Visao Simples,visao_simples,ecffde16-9297-4d75-b9df-d09ff6af5843,Stylis 1.74,LENTES EYEZEN START® Stylis 1.74,visao_simples,Resina High Index,1.74,false,false,true,3699.00,Pagina 25,Optifog,Antirreflexo,final,3699.00,3699.00,-18.00,13.00,0.00,-6.00,null,null,null,null
Optilab,Optilab 06 de abril a 31 de julho de 2026,LENTES EYEZEN START®,Visao Simples,visao_simples,f18b1357-06ad-4759-b34d-bde5e8478a31,Stylis 1.74 + Transitions Gen S,LENTES EYEZEN START® Stylis 1.74 + Transitions Gen S,visao_simples,Resina High Index,1.74,false,false,true,4639.00,Pagina 25,Crizal Sapphire HR,Antirreflexo,final,4639.00,4639.00,-18.00,13.00,0.00,-6.00,null,null,null,null
Optilab,Optilab 06 de abril a 31 de julho de 2026,LENTES EYEZEN START®,Visao Simples,visao_simples,f18b1357-06ad-4759-b34d-bde5e8478a31,Stylis 1.74 + Transitions Gen S,LENTES EYEZEN START® Stylis 1.74 + Transitions Gen S,visao_simples,Resina High Index,1.74,false,false,true,4639.00,Pagina 25,Optifog,Antirreflexo,final,4639.00,4639.00,-18.00,13.00,0.00,-6.00,null,null,null,null
Optilab,Optilab 06 de abril a 31 de julho de 2026,LENTES KODAK®,Mista,mista,1ac1e61d-f8d6-43fd-8913-269d8eea9fb1,1.50,LENTES KODAK® 1.50,multifocal,Resina,1.50,false,false,true,639.00,Pagina 36,null,null,null,null,639.00,-10.00,5.00,0.00,-6.00,1.00,3.50,null,null
Optilab,Optilab 06 de abril a 31 de julho de 2026,LENTES KODAK®,Mista,mista,ec22177d-0b96-410d-bdba-906e7e3e895d,1.50,LENTES KODAK® 1.50,multifocal,Resina,1.50,false,false,true,399.00,Pagina 36,null,null,null,null,399.00,-10.00,5.00,0.00,-6.00,1.00,3.50,null,null
Optilab,Optilab 06 de abril a 31 de julho de 2026,LENTES KODAK®,Mista,mista,a2086ad8-e01c-4a33-9c65-26118bc07c12,1.50 + Coloração especial,LENTES KODAK® 1.50 + Coloração especial,multifocal,Resina,1.50,false,false,true,509.00,Pagina 36,null,null,null,null,509.00,-10.00,5.00,0.00,-6.00,1.00,3.50,null,null
Optilab,Optilab 06 de abril a 31 de julho de 2026,LENTES KODAK®,Mista,mista,bdbc41cd-502e-4ebf-8eeb-f6e958d4f3b5,1.50 + Coloração especial,LENTES KODAK® 1.50 + Coloração especial,multifocal,Resina,1.50,false,false,true,749.00,Pagina 36,null,null,null,null,749.00,-10.00,5.00,0.00,-6.00,1.00,3.50,null,null
Optilab,Optilab 06 de abril a 31 de julho de 2026,LENTES KODAK®,Mista,mista,f1751c13-6b72-4666-ba7e-56e78e6d95a3,1.50 + Xperio cinza/marrom/verde,LENTES KODAK® 1.50 + Xperio cinza/marrom/verde,multifocal,Resina,1.50,false,false,true,1669.00,Pagina 36,Optifog,Antirreflexo,final,1689.00,1689.00,-10.00,5.00,0.00,-6.00,1.00,3.50,null,null
Optilab,Optilab 06 de abril a 31 de julho de 2026,LENTES KODAK®,Mista,mista,2f1e57fb-8cc3-4b9a-b1fc-4669dc7798b4,1.50 + Xperio cinza/marrom/verde,LENTES KODAK® 1.50 + Xperio cinza/marrom/verde,multifocal,Resina,1.50,false,false,true,1509.00,Pagina 36,Optifog,Antirreflexo,final,1529.00,1529.00,-10.00,5.00,0.00,-6.00,1.00,3.50,null,null
Optilab,Optilab 06 de abril a 31 de julho de 2026,LENTES KODAK®,Mista,mista,2f1e57fb-8cc3-4b9a-b1fc-4669dc7798b4,1.50 + Xperio cinza/marrom/verde,LENTES KODAK® 1.50 + Xperio cinza/marrom/verde,multifocal,Resina,1.50,false,false,true,1509.00,Pagina 36,Verniz Hc,Revestimento,final,1509.00,1509.00,-10.00,5.00,0.00,-6.00,1.00,3.50,null,null
Optilab,Optilab 06 de abril a 31 de julho de 2026,LENTES KODAK®,Mista,mista,f1751c13-6b72-4666-ba7e-56e78e6d95a3,1.50 + Xperio cinza/marrom/verde,LENTES KODAK® 1.50 + Xperio cinza/marrom/verde,multifocal,Resina,1.50,false,false,true,1669.00,Pagina 36,Verniz Hc,Revestimento,final,1669.00,1669.00,-10.00,5.00,0.00,-6.00,1.00,3.50,null,null
Optilab,Optilab 06 de abril a 31 de julho de 2026,LENTES KODAK®,Mista,mista,a5e7e443-94cd-4b01-90ee-89ac7e34f1da,1.50,LENTES KODAK® LENTES KODAK SINGLE CRIZAL 1.50,visao_simples,Resina,1.50,false,false,true,879.00,Pagina 35,Crizal Easy Pro,Antirreflexo,final,1259.00,1259.00,-10.00,6.00,0.00,-6.00,null,null,null,LENTES KODAK SINGLE CRIZAL
Optilab,Optilab 06 de abril a 31 de julho de 2026,LENTES KODAK®,Mista,mista,e33ca29b-bab3-4cc5-972e-f3bda26f95f8,1.50,LENTES KODAK® LENTES KODAK SINGLE CRIZAL 1.50,visao_simples,Resina,1.50,false,false,true,239.00,Pagina 35,Crizal Easy Pro,Antirreflexo,final,639.00,639.00,-10.00,6.00,0.00,-6.00,null,null,null,LENTES KODAK SINGLE CRIZAL
Optilab,Optilab 06 de abril a 31 de julho de 2026,LENTES KODAK®,Mista,mista,e33ca29b-bab3-4cc5-972e-f3bda26f95f8,1.50,LENTES KODAK® LENTES KODAK SINGLE CRIZAL 1.50,visao_simples,Resina,1.50,false,false,true,239.00,Pagina 35,Crizal Prevencia,Antirreflexo,final,1259.00,1259.00,-10.00,6.00,0.00,-6.00,null,null,null,LENTES KODAK SINGLE CRIZAL
Optilab,Optilab 06 de abril a 31 de julho de 2026,LENTES KODAK®,Mista,mista,e33ca29b-bab3-4cc5-972e-f3bda26f95f8,1.50,LENTES KODAK® LENTES KODAK SINGLE CRIZAL 1.50,visao_simples,Resina,1.50,false,false,true,239.00,Pagina 35,Crizal Rock,Antirreflexo,final,989.00,989.00,-10.00,6.00,0.00,-6.00,null,null,null,LENTES KODAK SINGLE CRIZAL
Optilab,Optilab 06 de abril a 31 de julho de 2026,LENTES KODAK®,Mista,mista,e33ca29b-bab3-4cc5-972e-f3bda26f95f8,1.50,LENTES KODAK® LENTES KODAK SINGLE CRIZAL 1.50,visao_simples,Resina,1.50,false,false,true,239.00,Pagina 35,Crizal Sapphire HR,Antirreflexo,final,1259.00,1259.00,-10.00,6.00,0.00,-6.00,null,null,null,LENTES KODAK SINGLE CRIZAL
Optilab,Optilab 06 de abril a 31 de julho de 2026,LENTES KODAK®,Mista,mista,a5e7e443-94cd-4b01-90ee-89ac7e34f1da,1.50,LENTES KODAK® LENTES KODAK SINGLE CRIZAL 1.50,visao_simples,Resina,1.50,false,false,true,879.00,Pagina 35,No Reflex,Antirreflexo,final,989.00,989.00,-10.00,6.00,0.00,-6.00,null,null,null,LENTES KODAK SINGLE CRIZAL
Optilab,Optilab 06 de abril a 31 de julho de 2026,LENTES KODAK®,Mista,mista,e33ca29b-bab3-4cc5-972e-f3bda26f95f8,1.50,LENTES KODAK® LENTES KODAK SINGLE CRIZAL 1.50,visao_simples,Resina,1.50,false,false,true,239.00,Pagina 35,No Reflex,Antirreflexo,final,489.00,489.00,-10.00,6.00,0.00,-6.00,null,null,null,LENTES KODAK SINGLE CRIZAL
Optilab,Optilab 06 de abril a 31 de julho de 2026,LENTES KODAK®,Mista,mista,e33ca29b-bab3-4cc5-972e-f3bda26f95f8,1.50,LENTES KODAK® LENTES KODAK SINGLE CRIZAL 1.50,visao_simples,Resina,1.50,false,false,true,239.00,Pagina 35,Optifog,Antirreflexo,final,879.00,879.00,-10.00,6.00,0.00,-6.00,null,null,null,LENTES KODAK SINGLE CRIZAL
Optilab,Optilab 06 de abril a 31 de julho de 2026,LENTES KODAK®,Mista,mista,a5e7e443-94cd-4b01-90ee-89ac7e34f1da,1.50,LENTES KODAK® LENTES KODAK SINGLE CRIZAL 1.50,visao_simples,Resina,1.50,false,false,true,879.00,Pagina 35,Optifog,Antirreflexo,final,1259.00,1259.00,-10.00,6.00,0.00,-6.00,null,null,null,LENTES KODAK SINGLE CRIZAL
Optilab,Optilab 06 de abril a 31 de julho de 2026,LENTES KODAK®,Mista,mista,e33ca29b-bab3-4cc5-972e-f3bda26f95f8,1.50,LENTES KODAK® LENTES KODAK SINGLE CRIZAL 1.50,visao_simples,Resina,1.50,false,false,true,239.00,Pagina 35,Trio Easy Clean,Antirreflexo,final,439.00,439.00,-10.00,6.00,0.00,-6.00,null,null,null,LENTES KODAK SINGLE CRIZAL
Optilab,Optilab 06 de abril a 31 de julho de 2026,LENTES KODAK®,Mista,mista,a5e7e443-94cd-4b01-90ee-89ac7e34f1da,1.50,LENTES KODAK® LENTES KODAK SINGLE CRIZAL 1.50,visao_simples,Resina,1.50,false,false,true,879.00,Pagina 35,Trio Easy Clean,Antirreflexo,final,639.00,639.00,-10.00,6.00,0.00,-6.00,null,null,null,LENTES KODAK SINGLE CRIZAL
Optilab,Optilab 06 de abril a 31 de julho de 2026,LENTES KODAK®,Mista,mista,a5e7e443-94cd-4b01-90ee-89ac7e34f1da,1.50,LENTES KODAK® LENTES KODAK SINGLE CRIZAL 1.50,visao_simples,Resina,1.50,false,false,true,879.00,Pagina 35,Verniz Hc,Revestimento,final,879.00,879.00,-10.00,6.00,0.00,-6.00,null,null,null,LENTES KODAK SINGLE CRIZAL
Optilab,Optilab 06 de abril a 31 de julho de 2026,LENTES KODAK®,Mista,mista,e33ca29b-bab3-4cc5-972e-f3bda26f95f8,1.50,LENTES KODAK® LENTES KODAK SINGLE CRIZAL 1.50,visao_simples,Resina,1.50,false,false,true,239.00,Pagina 35,Verniz Hc,Revestimento,final,239.00,239.00,-10.00,6.00,0.00,-6.00,null,null,null,LENTES KODAK SINGLE CRIZAL
Optilab,Optilab 06 de abril a 31 de julho de 2026,LENTES KODAK®,Mista,mista,7834222a-f4c1-4e30-82dd-37db4b555ebc,1.50 + Blue UV Filter,LENTES KODAK® LENTES KODAK SINGLE CRIZAL 1.50 + Blue UV Filter,visao_simples,Resina,1.50,false,false,true,319.00,Pagina 35,Crizal Easy Pro,Antirreflexo,final,719.00,719.00,-10.00,6.00,0.00,-6.00,null,null,null,LENTES KODAK SINGLE CRIZAL
Optilab,Optilab 06 de abril a 31 de julho de 2026,LENTES KODAK®,Mista,mista,503cf2bd-7a20-4d5e-ada1-ba79f6243228,1.50 + Blue UV Filter,LENTES KODAK® LENTES KODAK SINGLE CRIZAL 1.50 + Blue UV Filter,visao_simples,Resina,1.50,false,false,true,959.00,Pagina 35,Crizal Easy Pro,Antirreflexo,final,1339.00,1339.00,-10.00,6.00,0.00,-6.00,null,null,null,LENTES KODAK SINGLE CRIZAL
Optilab,Optilab 06 de abril a 31 de julho de 2026,LENTES KODAK®,Mista,mista,7834222a-f4c1-4e30-82dd-37db4b555ebc,1.50 + Blue UV Filter,LENTES KODAK® LENTES KODAK SINGLE CRIZAL 1.50 + Blue UV Filter,visao_simples,Resina,1.50,false,false,true,319.00,Pagina 35,Crizal Prevencia,Antirreflexo,final,1339.00,1339.00,-10.00,6.00,0.00,-6.00,null,null,null,LENTES KODAK SINGLE CRIZAL
Optilab,Optilab 06 de abril a 31 de julho de 2026,LENTES KODAK®,Mista,mista,7834222a-f4c1-4e30-82dd-37db4b555ebc,1.50 + Blue UV Filter,LENTES KODAK® LENTES KODAK SINGLE CRIZAL 1.50 + Blue UV Filter,visao_simples,Resina,1.50,false,false,true,319.00,Pagina 35,Crizal Rock,Antirreflexo,final,1069.00,1069.00,-10.00,6.00,0.00,-6.00,null,null,null,LENTES KODAK SINGLE CRIZAL
Optilab,Optilab 06 de abril a 31 de julho de 2026,LENTES KODAK®,Mista,mista,7834222a-f4c1-4e30-82dd-37db4b555ebc,1.50 + Blue UV Filter,LENTES KODAK® LENTES KODAK SINGLE CRIZAL 1.50 + Blue UV Filter,visao_simples,Resina,1.50,false,false,true,319.00,Pagina 35,Crizal Sapphire HR,Antirreflexo,final,1339.00,1339.00,-10.00,6.00,0.00,-6.00,null,null,null,LENTES KODAK SINGLE CRIZAL
Optilab,Optilab 06 de abril a 31 de julho de 2026,LENTES KODAK®,Mista,mista,7834222a-f4c1-4e30-82dd-37db4b555ebc,1.50 + Blue UV Filter,LENTES KODAK® LENTES KODAK SINGLE CRIZAL 1.50 + Blue UV Filter,visao_simples,Resina,1.50,false,false,true,319.00,Pagina 35,No Reflex,Antirreflexo,final,569.00,569.00,-10.00,6.00,0.00,-6.00,null,null,null,LENTES KODAK SINGLE CRIZAL
Optilab,Optilab 06 de abril a 31 de julho de 2026,LENTES KODAK®,Mista,mista,503cf2bd-7a20-4d5e-ada1-ba79f6243228,1.50 + Blue UV Filter,LENTES KODAK® LENTES KODAK SINGLE CRIZAL 1.50 + Blue UV Filter,visao_simples,Resina,1.50,false,false,true,959.00,Pagina 35,No Reflex,Antirreflexo,final,1069.00,1069.00,-10.00,6.00,0.00,-6.00,null,null,null,LENTES KODAK SINGLE CRIZAL
Optilab,Optilab 06 de abril a 31 de julho de 2026,LENTES KODAK®,Mista,mista,7834222a-f4c1-4e30-82dd-37db4b555ebc,1.50 + Blue UV Filter,LENTES KODAK® LENTES KODAK SINGLE CRIZAL 1.50 + Blue UV Filter,visao_simples,Resina,1.50,false,false,true,319.00,Pagina 35,Optifog,Antirreflexo,final,959.00,959.00,-10.00,6.00,0.00,-6.00,null,null,null,LENTES KODAK SINGLE CRIZAL
Optilab,Optilab 06 de abril a 31 de julho de 2026,LENTES KODAK®,Mista,mista,503cf2bd-7a20-4d5e-ada1-ba79f6243228,1.50 + Blue UV Filter,LENTES KODAK® LENTES KODAK SINGLE CRIZAL 1.50 + Blue UV Filter,visao_simples,Resina,1.50,false,false,true,959.00,Pagina 35,Optifog,Antirreflexo,final,1339.00,1339.00,-10.00,6.00,0.00,-6.00,null,null,null,LENTES KODAK SINGLE CRIZAL
Optilab,Optilab 06 de abril a 31 de julho de 2026,LENTES KODAK®,Mista,mista,7834222a-f4c1-4e30-82dd-37db4b555ebc,1.50 + Blue UV Filter,LENTES KODAK® LENTES KODAK SINGLE CRIZAL 1.50 + Blue UV Filter,visao_simples,Resina,1.50,false,false,true,319.00,Pagina 35,Trio Easy Clean,Antirreflexo,final,519.00,519.00,-10.00,6.00,0.00,-6.00,null,null,null,LENTES KODAK SINGLE CRIZAL
Optilab,Optilab 06 de abril a 31 de julho de 2026,LENTES KODAK®,Mista,mista,503cf2bd-7a20-4d5e-ada1-ba79f6243228,1.50 + Blue UV Filter,LENTES KODAK® LENTES KODAK SINGLE CRIZAL 1.50 + Blue UV Filter,visao_simples,Resina,1.50,false,false,true,959.00,Pagina 35,Trio Easy Clean,Antirreflexo,final,719.00,719.00,-10.00,6.00,0.00,-6.00,null,null,null,LENTES KODAK SINGLE CRIZAL
Optilab,Optilab 06 de abril a 31 de julho de 2026,LENTES KODAK®,Mista,mista,7834222a-f4c1-4e30-82dd-37db4b555ebc,1.50 + Blue UV Filter,LENTES KODAK® LENTES KODAK SINGLE CRIZAL 1.50 + Blue UV Filter,visao_simples,Resina,1.50,false,false,true,319.00,Pagina 35,Verniz Hc,Revestimento,final,319.00,319.00,-10.00,6.00,0.00,-6.00,null,null,null,LENTES KODAK SINGLE CRIZAL
Optilab,Optilab 06 de abril a 31 de julho de 2026,LENTES KODAK®,Mista,mista,503cf2bd-7a20-4d5e-ada1-ba79f6243228,1.50 + Blue UV Filter,LENTES KODAK® LENTES KODAK SINGLE CRIZAL 1.50 + Blue UV Filter,visao_simples,Resina,1.50,false,false,true,959.00,Pagina 35,Verniz Hc,Revestimento,final,959.00,959.00,-10.00,6.00,0.00,-6.00,null,null,null,LENTES KODAK SINGLE CRIZAL
Optilab,Optilab 06 de abril a 31 de julho de 2026,LENTES KODAK®,Mista,mista,9aafbb5f-b913-4934-a469-8a3a9dfe3305,1.50 + Transitions Extractive,LENTES KODAK® LENTES KODAK SINGLE CRIZAL 1.50 + Transitions Extractive,visao_simples,Resina,1.50,false,false,true,1099.00,Pagina 35,Crizal Easy Pro,Antirreflexo,final,1499.00,1499.00,-10.00,6.00,0.00,-6.00,null,null,null,LENTES KODAK SINGLE CRIZAL
Optilab,Optilab 06 de abril a 31 de julho de 2026,LENTES KODAK®,Mista,mista,90d6bf6b-4708-4a1a-8613-7edf99d917b8,1.50 + Transitions Extractive,LENTES KODAK® LENTES KODAK SINGLE CRIZAL 1.50 + Transitions Extractive,visao_simples,Resina,1.50,false,false,true,1739.00,Pagina 35,Crizal Easy Pro,Antirreflexo,final,2119.00,2119.00,-10.00,6.00,0.00,-6.00,null,null,null,LENTES KODAK SINGLE CRIZAL
Optilab,Optilab 06 de abril a 31 de julho de 2026,LENTES KODAK®,Mista,mista,9aafbb5f-b913-4934-a469-8a3a9dfe3305,1.50 + Transitions Extractive,LENTES KODAK® LENTES KODAK SINGLE CRIZAL 1.50 + Transitions Extractive,visao_simples,Resina,1.50,false,false,true,1099.00,Pagina 35,Crizal Prevencia,Antirreflexo,final,2119.00,2119.00,-10.00,6.00,0.00,-6.00,null,null,null,LENTES KODAK SINGLE CRIZAL
Optilab,Optilab 06 de abril a 31 de julho de 2026,LENTES KODAK®,Mista,mista,9aafbb5f-b913-4934-a469-8a3a9dfe3305,1.50 + Transitions Extractive,LENTES KODAK® LENTES KODAK SINGLE CRIZAL 1.50 + Transitions Extractive,visao_simples,Resina,1.50,false,false,true,1099.00,Pagina 35,Crizal Rock,Antirreflexo,final,1849.00,1849.00,-10.00,6.00,0.00,-6.00,null,null,null,LENTES KODAK SINGLE CRIZAL
Optilab,Optilab 06 de abril a 31 de julho de 2026,LENTES KODAK®,Mista,mista,9aafbb5f-b913-4934-a469-8a3a9dfe3305,1.50 + Transitions Extractive,LENTES KODAK® LENTES KODAK SINGLE CRIZAL 1.50 + Transitions Extractive,visao_simples,Resina,1.50,false,false,true,1099.00,Pagina 35,Crizal Sapphire HR,Antirreflexo,final,2119.00,2119.00,-10.00,6.00,0.00,-6.00,null,null,null,LENTES KODAK SINGLE CRIZAL
Optilab,Optilab 06 de abril a 31 de julho de 2026,LENTES KODAK®,Mista,mista,90d6bf6b-4708-4a1a-8613-7edf99d917b8,1.50 + Transitions Extractive,LENTES KODAK® LENTES KODAK SINGLE CRIZAL 1.50 + Transitions Extractive,visao_simples,Resina,1.50,false,false,true,1739.00,Pagina 35,No Reflex,Antirreflexo,final,1849.00,1849.00,-10.00,6.00,0.00,-6.00,null,null,null,LENTES KODAK SINGLE CRIZAL
Optilab,Optilab 06 de abril a 31 de julho de 2026,LENTES KODAK®,Mista,mista,9aafbb5f-b913-4934-a469-8a3a9dfe3305,1.50 + Transitions Extractive,LENTES KODAK® LENTES KODAK SINGLE CRIZAL 1.50 + Transitions Extractive,visao_simples,Resina,1.50,false,false,true,1099.00,Pagina 35,No Reflex,Antirreflexo,final,1349.00,1349.00,-10.00,6.00,0.00,-6.00,null,null,null,LENTES KODAK SINGLE CRIZAL
Optilab,Optilab 06 de abril a 31 de julho de 2026,LENTES KODAK®,Mista,mista,90d6bf6b-4708-4a1a-8613-7edf99d917b8,1.50 + Transitions Extractive,LENTES KODAK® LENTES KODAK SINGLE CRIZAL 1.50 + Transitions Extractive,visao_simples,Resina,1.50,false,false,true,1739.00,Pagina 35,Optifog,Antirreflexo,final,2119.00,2119.00,-10.00,6.00,0.00,-6.00,null,null,null,LENTES KODAK SINGLE CRIZAL
Optilab,Optilab 06 de abril a 31 de julho de 2026,LENTES KODAK®,Mista,mista,9aafbb5f-b913-4934-a469-8a3a9dfe3305,1.50 + Transitions Extractive,LENTES KODAK® LENTES KODAK SINGLE CRIZAL 1.50 + Transitions Extractive,visao_simples,Resina,1.50,false,false,true,1099.00,Pagina 35,Optifog,Antirreflexo,final,1739.00,1739.00,-10.00,6.00,0.00,-6.00,null,null,null,LENTES KODAK SINGLE CRIZAL
Optilab,Optilab 06 de abril a 31 de julho de 2026,LENTES KODAK®,Mista,mista,90d6bf6b-4708-4a1a-8613-7edf99d917b8,1.50 + Transitions Extractive,LENTES KODAK® LENTES KODAK SINGLE CRIZAL 1.50 + Transitions Extractive,visao_simples,Resina,1.50,false,false,true,1739.00,Pagina 35,Trio Easy Clean,Antirreflexo,final,1499.00,1499.00,-10.00,6.00,0.00,-6.00,null,null,null,LENTES KODAK SINGLE CRIZAL
Optilab,Optilab 06 de abril a 31 de julho de 2026,LENTES KODAK®,Mista,mista,9aafbb5f-b913-4934-a469-8a3a9dfe3305,1.50 + Transitions Extractive,LENTES KODAK® LENTES KODAK SINGLE CRIZAL 1.50 + Transitions Extractive,visao_simples,Resina,1.50,false,false,true,1099.00,Pagina 35,Trio Easy Clean,Antirreflexo,final,1299.00,1299.00,-10.00,6.00,0.00,-6.00,null,null,null,LENTES KODAK SINGLE CRIZAL
Optilab,Optilab 06 de abril a 31 de julho de 2026,LENTES KODAK®,Mista,mista,9aafbb5f-b913-4934-a469-8a3a9dfe3305,1.50 + Transitions Extractive,LENTES KODAK® LENTES KODAK SINGLE CRIZAL 1.50 + Transitions Extractive,visao_simples,Resina,1.50,false,false,true,1099.00,Pagina 35,Verniz Hc,Revestimento,final,1099.00,1099.00,-10.00,6.00,0.00,-6.00,null,null,null,LENTES KODAK SINGLE CRIZAL
Optilab,Optilab 06 de abril a 31 de julho de 2026,LENTES KODAK®,Mista,mista,90d6bf6b-4708-4a1a-8613-7edf99d917b8,1.50 + Transitions Extractive,LENTES KODAK® LENTES KODAK SINGLE CRIZAL 1.50 + Transitions Extractive,visao_simples,Resina,1.50,false,false,true,1739.00,Pagina 35,Verniz Hc,Revestimento,final,1739.00,1739.00,-10.00,6.00,0.00,-6.00,null,null,null,LENTES KODAK SINGLE CRIZAL
Optilab,Optilab 06 de abril a 31 de julho de 2026,LENTES KODAK®,Mista,mista,ade7d024-ce94-4ead-b0c3-8a6b7099cbab,1.50 + Transitions Gen S,LENTES KODAK® LENTES KODAK SINGLE CRIZAL 1.50 + Transitions Gen S,visao_simples,Resina,1.50,false,false,true,1669.00,Pagina 35,Crizal Easy Pro,Antirreflexo,final,2049.00,2049.00,-10.00,6.00,0.00,-6.00,null,null,null,LENTES KODAK SINGLE CRIZAL
Optilab,Optilab 06 de abril a 31 de julho de 2026,LENTES KODAK®,Mista,mista,84070711-dbd6-4188-9ff7-06937f8959c8,1.50 + Transitions Gen S,LENTES KODAK® LENTES KODAK SINGLE CRIZAL 1.50 + Transitions Gen S,visao_simples,Resina,1.50,false,false,true,1029.00,Pagina 35,Crizal Easy Pro,Antirreflexo,final,1429.00,1429.00,-10.00,6.00,0.00,-6.00,null,null,null,LENTES KODAK SINGLE CRIZAL
Optilab,Optilab 06 de abril a 31 de julho de 2026,LENTES KODAK®,Mista,mista,84070711-dbd6-4188-9ff7-06937f8959c8,1.50 + Transitions Gen S,LENTES KODAK® LENTES KODAK SINGLE CRIZAL 1.50 + Transitions Gen S,visao_simples,Resina,1.50,false,false,true,1029.00,Pagina 35,Crizal Prevencia,Antirreflexo,final,2049.00,2049.00,-10.00,6.00,0.00,-6.00,null,null,null,LENTES KODAK SINGLE CRIZAL
Optilab,Optilab 06 de abril a 31 de julho de 2026,LENTES KODAK®,Mista,mista,84070711-dbd6-4188-9ff7-06937f8959c8,1.50 + Transitions Gen S,LENTES KODAK® LENTES KODAK SINGLE CRIZAL 1.50 + Transitions Gen S,visao_simples,Resina,1.50,false,false,true,1029.00,Pagina 35,Crizal Rock,Antirreflexo,final,1779.00,1779.00,-10.00,6.00,0.00,-6.00,null,null,null,LENTES KODAK SINGLE CRIZAL
Optilab,Optilab 06 de abril a 31 de julho de 2026,LENTES KODAK®,Mista,mista,84070711-dbd6-4188-9ff7-06937f8959c8,1.50 + Transitions Gen S,LENTES KODAK® LENTES KODAK SINGLE CRIZAL 1.50 + Transitions Gen S,visao_simples,Resina,1.50,false,false,true,1029.00,Pagina 35,Crizal Sapphire HR,Antirreflexo,final,2049.00,2049.00,-10.00,6.00,0.00,-6.00,null,null,null,LENTES KODAK SINGLE CRIZAL
Optilab,Optilab 06 de abril a 31 de julho de 2026,LENTES KODAK®,Mista,mista,ade7d024-ce94-4ead-b0c3-8a6b7099cbab,1.50 + Transitions Gen S,LENTES KODAK® LENTES KODAK SINGLE CRIZAL 1.50 + Transitions Gen S,visao_simples,Resina,1.50,false,false,true,1669.00,Pagina 35,No Reflex,Antirreflexo,final,1779.00,1779.00,-10.00,6.00,0.00,-6.00,null,null,null,LENTES KODAK SINGLE CRIZAL
Optilab,Optilab 06 de abril a 31 de julho de 2026,LENTES KODAK®,Mista,mista,84070711-dbd6-4188-9ff7-06937f8959c8,1.50 + Transitions Gen S,LENTES KODAK® LENTES KODAK SINGLE CRIZAL 1.50 + Transitions Gen S,visao_simples,Resina,1.50,false,false,true,1029.00,Pagina 35,No Reflex,Antirreflexo,final,1279.00,1279.00,-10.00,6.00,0.00,-6.00,null,null,null,LENTES KODAK SINGLE CRIZAL
Optilab,Optilab 06 de abril a 31 de julho de 2026,LENTES KODAK®,Mista,mista,84070711-dbd6-4188-9ff7-06937f8959c8,1.50 + Transitions Gen S,LENTES KODAK® LENTES KODAK SINGLE CRIZAL 1.50 + Transitions Gen S,visao_simples,Resina,1.50,false,false,true,1029.00,Pagina 35,Optifog,Antirreflexo,final,1669.00,1669.00,-10.00,6.00,0.00,-6.00,null,null,null,LENTES KODAK SINGLE CRIZAL
Optilab,Optilab 06 de abril a 31 de julho de 2026,LENTES KODAK®,Mista,mista,ade7d024-ce94-4ead-b0c3-8a6b7099cbab,1.50 + Transitions Gen S,LENTES KODAK® LENTES KODAK SINGLE CRIZAL 1.50 + Transitions Gen S,visao_simples,Resina,1.50,false,false,true,1669.00,Pagina 35,Optifog,Antirreflexo,final,2049.00,2049.00,-10.00,6.00,0.00,-6.00,null,null,null,LENTES KODAK SINGLE CRIZAL
Optilab,Optilab 06 de abril a 31 de julho de 2026,LENTES KODAK®,Mista,mista,84070711-dbd6-4188-9ff7-06937f8959c8,1.50 + Transitions Gen S,LENTES KODAK® LENTES KODAK SINGLE CRIZAL 1.50 + Transitions Gen S,visao_simples,Resina,1.50,false,false,true,1029.00,Pagina 35,Trio Easy Clean,Antirreflexo,final,1229.00,1229.00,-10.00,6.00,0.00,-6.00,null,null,null,LENTES KODAK SINGLE CRIZAL
Optilab,Optilab 06 de abril a 31 de julho de 2026,LENTES KODAK®,Mista,mista,ade7d024-ce94-4ead-b0c3-8a6b7099cbab,1.50 + Transitions Gen S,LENTES KODAK® LENTES KODAK SINGLE CRIZAL 1.50 + Transitions Gen S,visao_simples,Resina,1.50,false,false,true,1669.00,Pagina 35,Trio Easy Clean,Antirreflexo,final,1429.00,1429.00,-10.00,6.00,0.00,-6.00,null,null,null,LENTES KODAK SINGLE CRIZAL
Optilab,Optilab 06 de abril a 31 de julho de 2026,LENTES KODAK®,Mista,mista,ade7d024-ce94-4ead-b0c3-8a6b7099cbab,1.50 + Transitions Gen S,LENTES KODAK® LENTES KODAK SINGLE CRIZAL 1.50 + Transitions Gen S,visao_simples,Resina,1.50,false,false,true,1669.00,Pagina 35,Verniz Hc,Revestimento,final,1669.00,1669.00,-10.00,6.00,0.00,-6.00,null,null,null,LENTES KODAK SINGLE CRIZAL
Optilab,Optilab 06 de abril a 31 de julho de 2026,LENTES KODAK®,Mista,mista,84070711-dbd6-4188-9ff7-06937f8959c8,1.50 + Transitions Gen S,LENTES KODAK® LENTES KODAK SINGLE CRIZAL 1.50 + Transitions Gen S,visao_simples,Resina,1.50,false,false,true,1029.00,Pagina 35,Verniz Hc,Revestimento,final,1029.00,1029.00,-10.00,6.00,0.00,-6.00,null,null,null,LENTES KODAK SINGLE CRIZAL
Optilab,Optilab 06 de abril a 31 de julho de 2026,LENTES KODAK®,Mista,mista,cfbe1181-ff77-459b-8b98-d045abae0508,Poly,LENTES KODAK® LENTES KODAK SINGLE CRIZAL Poly,visao_simples,Policarbonato,1.59,false,false,true,1049.00,Pagina 35,Crizal Easy Pro,Antirreflexo,final,1429.00,1429.00,-10.00,6.00,0.00,-6.00,null,null,null,LENTES KODAK SINGLE CRIZAL
Optilab,Optilab 06 de abril a 31 de julho de 2026,LENTES KODAK®,Mista,mista,2cbe937a-a785-4846-a755-fc6da7cc1099,Poly,LENTES KODAK® LENTES KODAK SINGLE CRIZAL Poly,visao_simples,Policarbonato,1.59,false,false,true,409.00,Pagina 35,Crizal Easy Pro,Antirreflexo,final,809.00,809.00,-10.00,6.00,0.00,-6.00,null,null,null,LENTES KODAK SINGLE CRIZAL
Optilab,Optilab 06 de abril a 31 de julho de 2026,LENTES KODAK®,Mista,mista,2cbe937a-a785-4846-a755-fc6da7cc1099,Poly,LENTES KODAK® LENTES KODAK SINGLE CRIZAL Poly,visao_simples,Policarbonato,1.59,false,false,true,409.00,Pagina 35,Crizal Prevencia,Antirreflexo,final,1429.00,1429.00,-10.00,6.00,0.00,-6.00,null,null,null,LENTES KODAK SINGLE CRIZAL
Optilab,Optilab 06 de abril a 31 de julho de 2026,LENTES KODAK®,Mista,mista,2cbe937a-a785-4846-a755-fc6da7cc1099,Poly,LENTES KODAK® LENTES KODAK SINGLE CRIZAL Poly,visao_simples,Policarbonato,1.59,false,false,true,409.00,Pagina 35,Crizal Rock,Antirreflexo,final,1159.00,1159.00,-10.00,6.00,0.00,-6.00,null,null,null,LENTES KODAK SINGLE CRIZAL
Optilab,Optilab 06 de abril a 31 de julho de 2026,LENTES KODAK®,Mista,mista,2cbe937a-a785-4846-a755-fc6da7cc1099,Poly,LENTES KODAK® LENTES KODAK SINGLE CRIZAL Poly,visao_simples,Policarbonato,1.59,false,false,true,409.00,Pagina 35,Crizal Sapphire HR,Antirreflexo,final,1429.00,1429.00,-10.00,6.00,0.00,-6.00,null,null,null,LENTES KODAK SINGLE CRIZAL
Optilab,Optilab 06 de abril a 31 de julho de 2026,LENTES KODAK®,Mista,mista,2cbe937a-a785-4846-a755-fc6da7cc1099,Poly,LENTES KODAK® LENTES KODAK SINGLE CRIZAL Poly,visao_simples,Policarbonato,1.59,false,false,true,409.00,Pagina 35,No Reflex,Antirreflexo,final,659.00,659.00,-10.00,6.00,0.00,-6.00,null,null,null,LENTES KODAK SINGLE CRIZAL
Optilab,Optilab 06 de abril a 31 de julho de 2026,LENTES KODAK®,Mista,mista,cfbe1181-ff77-459b-8b98-d045abae0508,Poly,LENTES KODAK® LENTES KODAK SINGLE CRIZAL Poly,visao_simples,Policarbonato,1.59,false,false,true,1049.00,Pagina 35,No Reflex,Antirreflexo,final,1159.00,1159.00,-10.00,6.00,0.00,-6.00,null,null,null,LENTES KODAK SINGLE CRIZAL
Optilab,Optilab 06 de abril a 31 de julho de 2026,LENTES KODAK®,Mista,mista,2cbe937a-a785-4846-a755-fc6da7cc1099,Poly,LENTES KODAK® LENTES KODAK SINGLE CRIZAL Poly,visao_simples,Policarbonato,1.59,false,false,true,409.00,Pagina 35,Optifog,Antirreflexo,final,1049.00,1049.00,-10.00,6.00,0.00,-6.00,null,null,null,LENTES KODAK SINGLE CRIZAL
Optilab,Optilab 06 de abril a 31 de julho de 2026,LENTES KODAK®,Mista,mista,cfbe1181-ff77-459b-8b98-d045abae0508,Poly,LENTES KODAK® LENTES KODAK SINGLE CRIZAL Poly,visao_simples,Policarbonato,1.59,false,false,true,1049.00,Pagina 35,Optifog,Antirreflexo,final,1429.00,1429.00,-10.00,6.00,0.00,-6.00,null,null,null,LENTES KODAK SINGLE CRIZAL
Optilab,Optilab 06 de abril a 31 de julho de 2026,LENTES KODAK®,Mista,mista,cfbe1181-ff77-459b-8b98-d045abae0508,Poly,LENTES KODAK® LENTES KODAK SINGLE CRIZAL Poly,visao_simples,Policarbonato,1.59,false,false,true,1049.00,Pagina 35,Trio Easy Clean,Antirreflexo,final,809.00,809.00,-10.00,6.00,0.00,-6.00,null,null,null,LENTES KODAK SINGLE CRIZAL
Optilab,Optilab 06 de abril a 31 de julho de 2026,LENTES KODAK®,Mista,mista,2cbe937a-a785-4846-a755-fc6da7cc1099,Poly,LENTES KODAK® LENTES KODAK SINGLE CRIZAL Poly,visao_simples,Policarbonato,1.59,false,false,true,409.00,Pagina 35,Trio Easy Clean,Antirreflexo,final,609.00,609.00,-10.00,6.00,0.00,-6.00,null,null,null,LENTES KODAK SINGLE CRIZAL
Optilab,Optilab 06 de abril a 31 de julho de 2026,LENTES KODAK®,Mista,mista,cfbe1181-ff77-459b-8b98-d045abae0508,Poly,LENTES KODAK® LENTES KODAK SINGLE CRIZAL Poly,visao_simples,Policarbonato,1.59,false,false,true,1049.00,Pagina 35,Verniz Hc,Revestimento,final,1049.00,1049.00,-10.00,6.00,0.00,-6.00,null,null,null,LENTES KODAK SINGLE CRIZAL
Optilab,Optilab 06 de abril a 31 de julho de 2026,LENTES KODAK®,Mista,mista,2cbe937a-a785-4846-a755-fc6da7cc1099,Poly,LENTES KODAK® LENTES KODAK SINGLE CRIZAL Poly,visao_simples,Policarbonato,1.59,false,false,true,409.00,Pagina 35,Verniz Hc,Revestimento,final,409.00,409.00,-10.00,6.00,0.00,-6.00,null,null,null,LENTES KODAK SINGLE CRIZAL
Optilab,Optilab 06 de abril a 31 de julho de 2026,LENTES KODAK®,Mista,mista,d331bdde-2f13-4856-8fde-1ec10ec2cf97,Poly + Transitions Extractive,LENTES KODAK® LENTES KODAK SINGLE CRIZAL Poly + Transitions Extractive,visao_simples,Policarbonato,1.59,false,false,true,1269.00,Pagina 35,Crizal Easy Pro,Antirreflexo,final,1669.00,1669.00,-10.00,6.00,0.00,-6.00,null,null,null,LENTES KODAK SINGLE CRIZAL
Optilab,Optilab 06 de abril a 31 de julho de 2026,LENTES KODAK®,Mista,mista,98f4c84f-adef-483b-92ae-43fda1123cb0,Poly + Transitions Extractive,LENTES KODAK® LENTES KODAK SINGLE CRIZAL Poly + Transitions Extractive,visao_simples,Policarbonato,1.59,false,false,true,1909.00,Pagina 35,Crizal Easy Pro,Antirreflexo,final,2289.00,2289.00,-10.00,6.00,0.00,-6.00,null,null,null,LENTES KODAK SINGLE CRIZAL
Optilab,Optilab 06 de abril a 31 de julho de 2026,LENTES KODAK®,Mista,mista,d331bdde-2f13-4856-8fde-1ec10ec2cf97,Poly + Transitions Extractive,LENTES KODAK® LENTES KODAK SINGLE CRIZAL Poly + Transitions Extractive,visao_simples,Policarbonato,1.59,false,false,true,1269.00,Pagina 35,Crizal Prevencia,Antirreflexo,final,2289.00,2289.00,-10.00,6.00,0.00,-6.00,null,null,null,LENTES KODAK SINGLE CRIZAL
Optilab,Optilab 06 de abril a 31 de julho de 2026,LENTES KODAK®,Mista,mista,d331bdde-2f13-4856-8fde-1ec10ec2cf97,Poly + Transitions Extractive,LENTES KODAK® LENTES KODAK SINGLE CRIZAL Poly + Transitions Extractive,visao_simples,Policarbonato,1.59,false,false,true,1269.00,Pagina 35,Crizal Rock,Antirreflexo,final,2019.00,2019.00,-10.00,6.00,0.00,-6.00,null,null,null,LENTES KODAK SINGLE CRIZAL
Optilab,Optilab 06 de abril a 31 de julho de 2026,LENTES KODAK®,Mista,mista,d331bdde-2f13-4856-8fde-1ec10ec2cf97,Poly + Transitions Extractive,LENTES KODAK® LENTES KODAK SINGLE CRIZAL Poly + Transitions Extractive,visao_simples,Policarbonato,1.59,false,false,true,1269.00,Pagina 35,Crizal Sapphire HR,Antirreflexo,final,2289.00,2289.00,-10.00,6.00,0.00,-6.00,null,null,null,LENTES KODAK SINGLE CRIZAL
Optilab,Optilab 06 de abril a 31 de julho de 2026,LENTES KODAK®,Mista,mista,98f4c84f-adef-483b-92ae-43fda1123cb0,Poly + Transitions Extractive,LENTES KODAK® LENTES KODAK SINGLE CRIZAL Poly + Transitions Extractive,visao_simples,Policarbonato,1.59,false,false,true,1909.00,Pagina 35,No Reflex,Antirreflexo,final,2019.00,2019.00,-10.00,6.00,0.00,-6.00,null,null,null,LENTES KODAK SINGLE CRIZAL
Optilab,Optilab 06 de abril a 31 de julho de 2026,LENTES KODAK®,Mista,mista,d331bdde-2f13-4856-8fde-1ec10ec2cf97,Poly + Transitions Extractive,LENTES KODAK® LENTES KODAK SINGLE CRIZAL Poly + Transitions Extractive,visao_simples,Policarbonato,1.59,false,false,true,1269.00,Pagina 35,No Reflex,Antirreflexo,final,1519.00,1519.00,-10.00,6.00,0.00,-6.00,null,null,null,LENTES KODAK SINGLE CRIZAL
Optilab,Optilab 06 de abril a 31 de julho de 2026,LENTES KODAK®,Mista,mista,98f4c84f-adef-483b-92ae-43fda1123cb0,Poly + Transitions Extractive,LENTES KODAK® LENTES KODAK SINGLE CRIZAL Poly + Transitions Extractive,visao_simples,Policarbonato,1.59,false,false,true,1909.00,Pagina 35,Optifog,Antirreflexo,final,2289.00,2289.00,-10.00,6.00,0.00,-6.00,null,null,null,LENTES KODAK SINGLE CRIZAL
Optilab,Optilab 06 de abril a 31 de julho de 2026,LENTES KODAK®,Mista,mista,d331bdde-2f13-4856-8fde-1ec10ec2cf97,Poly + Transitions Extractive,LENTES KODAK® LENTES KODAK SINGLE CRIZAL Poly + Transitions Extractive,visao_simples,Policarbonato,1.59,false,false,true,1269.00,Pagina 35,Optifog,Antirreflexo,final,1909.00,1909.00,-10.00,6.00,0.00,-6.00,null,null,null,LENTES KODAK SINGLE CRIZAL
Optilab,Optilab 06 de abril a 31 de julho de 2026,LENTES KODAK®,Mista,mista,d331bdde-2f13-4856-8fde-1ec10ec2cf97,Poly + Transitions Extractive,LENTES KODAK® LENTES KODAK SINGLE CRIZAL Poly + Transitions Extractive,visao_simples,Policarbonato,1.59,false,false,true,1269.00,Pagina 35,Trio Easy Clean,Antirreflexo,final,1469.00,1469.00,-10.00,6.00,0.00,-6.00,null,null,null,LENTES KODAK SINGLE CRIZAL
Optilab,Optilab 06 de abril a 31 de julho de 2026,LENTES KODAK®,Mista,mista,98f4c84f-adef-483b-92ae-43fda1123cb0,Poly + Transitions Extractive,LENTES KODAK® LENTES KODAK SINGLE CRIZAL Poly + Transitions Extractive,visao_simples,Policarbonato,1.59,false,false,true,1909.00,Pagina 35,Trio Easy Clean,Antirreflexo,final,1669.00,1669.00,-10.00,6.00,0.00,-6.00,null,null,null,LENTES KODAK SINGLE CRIZAL
Optilab,Optilab 06 de abril a 31 de julho de 2026,LENTES KODAK®,Mista,mista,d331bdde-2f13-4856-8fde-1ec10ec2cf97,Poly + Transitions Extractive,LENTES KODAK® LENTES KODAK SINGLE CRIZAL Poly + Transitions Extractive,visao_simples,Policarbonato,1.59,false,false,true,1269.00,Pagina 35,Verniz Hc,Revestimento,final,1269.00,1269.00,-10.00,6.00,0.00,-6.00,null,null,null,LENTES KODAK SINGLE CRIZAL
Optilab,Optilab 06 de abril a 31 de julho de 2026,LENTES KODAK®,Mista,mista,98f4c84f-adef-483b-92ae-43fda1123cb0,Poly + Transitions Extractive,LENTES KODAK® LENTES KODAK SINGLE CRIZAL Poly + Transitions Extractive,visao_simples,Policarbonato,1.59,false,false,true,1909.00,Pagina 35,Verniz Hc,Revestimento,final,1909.00,1909.00,-10.00,6.00,0.00,-6.00,null,null,null,LENTES KODAK SINGLE CRIZAL
Optilab,Optilab 06 de abril a 31 de julho de 2026,LENTES KODAK®,Mista,mista,ec9c3121-46a8-4cef-ac7c-a600934df42e,Poly + Transitions Gen S,LENTES KODAK® LENTES KODAK SINGLE CRIZAL Poly + Transitions Gen S,visao_simples,Policarbonato,1.59,false,false,true,1199.00,Pagina 35,Crizal Easy Pro,Antirreflexo,final,1599.00,1599.00,-10.00,6.00,0.00,-6.00,null,null,null,LENTES KODAK SINGLE CRIZAL
Optilab,Optilab 06 de abril a 31 de julho de 2026,LENTES KODAK®,Mista,mista,a674ddb0-3a16-48c3-ba80-ebd32ae96ab2,Poly + Transitions Gen S,LENTES KODAK® LENTES KODAK SINGLE CRIZAL Poly + Transitions Gen S,visao_simples,Policarbonato,1.59,false,false,true,1839.00,Pagina 35,Crizal Easy Pro,Antirreflexo,final,2219.00,2219.00,-10.00,6.00,0.00,-6.00,null,null,null,LENTES KODAK SINGLE CRIZAL
Optilab,Optilab 06 de abril a 31 de julho de 2026,LENTES KODAK®,Mista,mista,ec9c3121-46a8-4cef-ac7c-a600934df42e,Poly + Transitions Gen S,LENTES KODAK® LENTES KODAK SINGLE CRIZAL Poly + Transitions Gen S,visao_simples,Policarbonato,1.59,false,false,true,1199.00,Pagina 35,Crizal Prevencia,Antirreflexo,final,2219.00,2219.00,-10.00,6.00,0.00,-6.00,null,null,null,LENTES KODAK SINGLE CRIZAL
Optilab,Optilab 06 de abril a 31 de julho de 2026,LENTES KODAK®,Mista,mista,ec9c3121-46a8-4cef-ac7c-a600934df42e,Poly + Transitions Gen S,LENTES KODAK® LENTES KODAK SINGLE CRIZAL Poly + Transitions Gen S,visao_simples,Policarbonato,1.59,false,false,true,1199.00,Pagina 35,Crizal Rock,Antirreflexo,final,1949.00,1949.00,-10.00,6.00,0.00,-6.00,null,null,null,LENTES KODAK SINGLE CRIZAL
Optilab,Optilab 06 de abril a 31 de julho de 2026,LENTES KODAK®,Mista,mista,ec9c3121-46a8-4cef-ac7c-a600934df42e,Poly + Transitions Gen S,LENTES KODAK® LENTES KODAK SINGLE CRIZAL Poly + Transitions Gen S,visao_simples,Policarbonato,1.59,false,false,true,1199.00,Pagina 35,Crizal Sapphire HR,Antirreflexo,final,2219.00,2219.00,-10.00,6.00,0.00,-6.00,null,null,null,LENTES KODAK SINGLE CRIZAL
Optilab,Optilab 06 de abril a 31 de julho de 2026,LENTES KODAK®,Mista,mista,a674ddb0-3a16-48c3-ba80-ebd32ae96ab2,Poly + Transitions Gen S,LENTES KODAK® LENTES KODAK SINGLE CRIZAL Poly + Transitions Gen S,visao_simples,Policarbonato,1.59,false,false,true,1839.00,Pagina 35,No Reflex,Antirreflexo,final,1949.00,1949.00,-10.00,6.00,0.00,-6.00,null,null,null,LENTES KODAK SINGLE CRIZAL
Optilab,Optilab 06 de abril a 31 de julho de 2026,LENTES KODAK®,Mista,mista,ec9c3121-46a8-4cef-ac7c-a600934df42e,Poly + Transitions Gen S,LENTES KODAK® LENTES KODAK SINGLE CRIZAL Poly + Transitions Gen S,visao_simples,Policarbonato,1.59,false,false,true,1199.00,Pagina 35,No Reflex,Antirreflexo,final,1449.00,1449.00,-10.00,6.00,0.00,-6.00,null,null,null,LENTES KODAK SINGLE CRIZAL
Optilab,Optilab 06 de abril a 31 de julho de 2026,LENTES KODAK®,Mista,mista,ec9c3121-46a8-4cef-ac7c-a600934df42e,Poly + Transitions Gen S,LENTES KODAK® LENTES KODAK SINGLE CRIZAL Poly + Transitions Gen S,visao_simples,Policarbonato,1.59,false,false,true,1199.00,Pagina 35,Optifog,Antirreflexo,final,1839.00,1839.00,-10.00,6.00,0.00,-6.00,null,null,null,LENTES KODAK SINGLE CRIZAL
Optilab,Optilab 06 de abril a 31 de julho de 2026,LENTES KODAK®,Mista,mista,a674ddb0-3a16-48c3-ba80-ebd32ae96ab2,Poly + Transitions Gen S,LENTES KODAK® LENTES KODAK SINGLE CRIZAL Poly + Transitions Gen S,visao_simples,Policarbonato,1.59,false,false,true,1839.00,Pagina 35,Optifog,Antirreflexo,final,2219.00,2219.00,-10.00,6.00,0.00,-6.00,null,null,null,LENTES KODAK SINGLE CRIZAL
Optilab,Optilab 06 de abril a 31 de julho de 2026,LENTES KODAK®,Mista,mista,a674ddb0-3a16-48c3-ba80-ebd32ae96ab2,Poly + Transitions Gen S,LENTES KODAK® LENTES KODAK SINGLE CRIZAL Poly + Transitions Gen S,visao_simples,Policarbonato,1.59,false,false,true,1839.00,Pagina 35,Trio Easy Clean,Antirreflexo,final,1599.00,1599.00,-10.00,6.00,0.00,-6.00,null,null,null,LENTES KODAK SINGLE CRIZAL
Optilab,Optilab 06 de abril a 31 de julho de 2026,LENTES KODAK®,Mista,mista,ec9c3121-46a8-4cef-ac7c-a600934df42e,Poly + Transitions Gen S,LENTES KODAK® LENTES KODAK SINGLE CRIZAL Poly + Transitions Gen S,visao_simples,Policarbonato,1.59,false,false,true,1199.00,Pagina 35,Trio Easy Clean,Antirreflexo,final,1399.00,1399.00,-10.00,6.00,0.00,-6.00,null,null,null,LENTES KODAK SINGLE CRIZAL
Optilab,Optilab 06 de abril a 31 de julho de 2026,LENTES KODAK®,Mista,mista,ec9c3121-46a8-4cef-ac7c-a600934df42e,Poly + Transitions Gen S,LENTES KODAK® LENTES KODAK SINGLE CRIZAL Poly + Transitions Gen S,visao_simples,Policarbonato,1.59,false,false,true,1199.00,Pagina 35,Verniz Hc,Revestimento,final,1199.00,1199.00,-10.00,6.00,0.00,-6.00,null,null,null,LENTES KODAK SINGLE CRIZAL
Optilab,Optilab 06 de abril a 31 de julho de 2026,LENTES KODAK®,Mista,mista,a674ddb0-3a16-48c3-ba80-ebd32ae96ab2,Poly + Transitions Gen S,LENTES KODAK® LENTES KODAK SINGLE CRIZAL Poly + Transitions Gen S,visao_simples,Policarbonato,1.59,false,false,true,1839.00,Pagina 35,Verniz Hc,Revestimento,final,1839.00,1839.00,-10.00,6.00,0.00,-6.00,null,null,null,LENTES KODAK SINGLE CRIZAL
Optilab,Optilab 06 de abril a 31 de julho de 2026,LENTES KODAK®,Mista,mista,3bfb6912-8efb-4e36-9d88-dca3e7adfd10,Stylis 1.67,LENTES KODAK® LENTES KODAK SINGLE CRIZAL Stylis 1.67,visao_simples,Resina High Index,1.67,false,false,true,1529.00,Pagina 35,Crizal Easy Pro,Antirreflexo,final,1729.00,1729.00,-14.00,8.00,0.00,-6.00,null,null,null,LENTES KODAK SINGLE CRIZAL
Optilab,Optilab 06 de abril a 31 de julho de 2026,LENTES KODAK®,Mista,mista,c49307c2-e965-4b59-af8d-221dda2c51cf,Stylis 1.67,LENTES KODAK® LENTES KODAK SINGLE CRIZAL Stylis 1.67,visao_simples,Resina High Index,1.67,false,false,true,1969.00,Pagina 35,Crizal Easy Pro,Antirreflexo,final,2349.00,2349.00,-14.00,8.00,0.00,-6.00,null,null,null,LENTES KODAK SINGLE CRIZAL
Optilab,Optilab 06 de abril a 31 de julho de 2026,LENTES KODAK®,Mista,mista,3bfb6912-8efb-4e36-9d88-dca3e7adfd10,Stylis 1.67,LENTES KODAK® LENTES KODAK SINGLE CRIZAL Stylis 1.67,visao_simples,Resina High Index,1.67,false,false,true,1529.00,Pagina 35,Crizal Prevencia,Antirreflexo,final,2349.00,2349.00,-14.00,8.00,0.00,-6.00,null,null,null,LENTES KODAK SINGLE CRIZAL
Optilab,Optilab 06 de abril a 31 de julho de 2026,LENTES KODAK®,Mista,mista,3bfb6912-8efb-4e36-9d88-dca3e7adfd10,Stylis 1.67,LENTES KODAK® LENTES KODAK SINGLE CRIZAL Stylis 1.67,visao_simples,Resina High Index,1.67,false,false,true,1529.00,Pagina 35,Crizal Rock,Antirreflexo,final,2079.00,2079.00,-14.00,8.00,0.00,-6.00,null,null,null,LENTES KODAK SINGLE CRIZAL
Optilab,Optilab 06 de abril a 31 de julho de 2026,LENTES KODAK®,Mista,mista,3bfb6912-8efb-4e36-9d88-dca3e7adfd10,Stylis 1.67,LENTES KODAK® LENTES KODAK SINGLE CRIZAL Stylis 1.67,visao_simples,Resina High Index,1.67,false,false,true,1529.00,Pagina 35,Crizal Sapphire HR,Antirreflexo,final,2349.00,2349.00,-14.00,8.00,0.00,-6.00,null,null,null,LENTES KODAK SINGLE CRIZAL
Optilab,Optilab 06 de abril a 31 de julho de 2026,LENTES KODAK®,Mista,mista,3bfb6912-8efb-4e36-9d88-dca3e7adfd10,Stylis 1.67,LENTES KODAK® LENTES KODAK SINGLE CRIZAL Stylis 1.67,visao_simples,Resina High Index,1.67,false,false,true,1529.00,Pagina 35,No Reflex,Antirreflexo,final,1579.00,1579.00,-14.00,8.00,0.00,-6.00,null,null,null,LENTES KODAK SINGLE CRIZAL
Optilab,Optilab 06 de abril a 31 de julho de 2026,LENTES KODAK®,Mista,mista,c49307c2-e965-4b59-af8d-221dda2c51cf,Stylis 1.67,LENTES KODAK® LENTES KODAK SINGLE CRIZAL Stylis 1.67,visao_simples,Resina High Index,1.67,false,false,true,1969.00,Pagina 35,No Reflex,Antirreflexo,final,2079.00,2079.00,-14.00,8.00,0.00,-6.00,null,null,null,LENTES KODAK SINGLE CRIZAL
Optilab,Optilab 06 de abril a 31 de julho de 2026,LENTES KODAK®,Mista,mista,c49307c2-e965-4b59-af8d-221dda2c51cf,Stylis 1.67,LENTES KODAK® LENTES KODAK SINGLE CRIZAL Stylis 1.67,visao_simples,Resina High Index,1.67,false,false,true,1969.00,Pagina 35,Optifog,Antirreflexo,final,2349.00,2349.00,-14.00,8.00,0.00,-6.00,null,null,null,LENTES KODAK SINGLE CRIZAL
Optilab,Optilab 06 de abril a 31 de julho de 2026,LENTES KODAK®,Mista,mista,3bfb6912-8efb-4e36-9d88-dca3e7adfd10,Stylis 1.67,LENTES KODAK® LENTES KODAK SINGLE CRIZAL Stylis 1.67,visao_simples,Resina High Index,1.67,false,false,true,1529.00,Pagina 35,Optifog,Antirreflexo,final,1969.00,1969.00,-14.00,8.00,0.00,-6.00,null,null,null,LENTES KODAK SINGLE CRIZAL
Optilab,Optilab 06 de abril a 31 de julho de 2026,LENTES KODAK®,Mista,mista,c49307c2-e965-4b59-af8d-221dda2c51cf,Stylis 1.67,LENTES KODAK® LENTES KODAK SINGLE CRIZAL Stylis 1.67,visao_simples,Resina High Index,1.67,false,false,true,1969.00,Pagina 35,Trio Easy Clean,Antirreflexo,final,1729.00,1729.00,-14.00,8.00,0.00,-6.00,null,null,null,LENTES KODAK SINGLE CRIZAL
Optilab,Optilab 06 de abril a 31 de julho de 2026,LENTES KODAK®,Mista,mista,3bfb6912-8efb-4e36-9d88-dca3e7adfd10,Stylis 1.67,LENTES KODAK® LENTES KODAK SINGLE CRIZAL Stylis 1.67,visao_simples,Resina High Index,1.67,false,false,true,1529.00,Pagina 35,Trio Easy Clean,Antirreflexo,final,1529.00,1529.00,-14.00,8.00,0.00,-6.00,null,null,null,LENTES KODAK SINGLE CRIZAL
Optilab,Optilab 06 de abril a 31 de julho de 2026,LENTES KODAK®,Mista,mista,c49307c2-e965-4b59-af8d-221dda2c51cf,Stylis 1.67,LENTES KODAK® LENTES KODAK SINGLE CRIZAL Stylis 1.67,visao_simples,Resina High Index,1.67,false,false,true,1969.00,Pagina 35,Verniz Hc,Revestimento,final,1969.00,1969.00,-14.00,8.00,0.00,-6.00,null,null,null,LENTES KODAK SINGLE CRIZAL
Optilab,Optilab 06 de abril a 31 de julho de 2026,LENTES KODAK®,Mista,mista,da5d4848-3de6-44c8-8757-f0efdbb79644,Stylis 1.67 + Transitions Gen S,LENTES KODAK® LENTES KODAK SINGLE CRIZAL Stylis 1.67 + Transitions Gen S,visao_simples,Resina High Index,1.67,false,false,true,2759.00,Pagina 35,Crizal Easy Pro,Antirreflexo,final,3139.00,3139.00,-14.00,8.00,0.00,-6.00,null,null,null,LENTES KODAK SINGLE CRIZAL
Optilab,Optilab 06 de abril a 31 de julho de 2026,LENTES KODAK®,Mista,mista,b061957f-70b2-457a-b849-cf698e82601d,Stylis 1.67 + Transitions Gen S,LENTES KODAK® LENTES KODAK SINGLE CRIZAL Stylis 1.67 + Transitions Gen S,visao_simples,Resina High Index,1.67,false,false,true,2319.00,Pagina 35,Crizal Easy Pro,Antirreflexo,final,2519.00,2519.00,-14.00,8.00,0.00,-6.00,null,null,null,LENTES KODAK SINGLE CRIZAL
Optilab,Optilab 06 de abril a 31 de julho de 2026,LENTES KODAK®,Mista,mista,b061957f-70b2-457a-b849-cf698e82601d,Stylis 1.67 + Transitions Gen S,LENTES KODAK® LENTES KODAK SINGLE CRIZAL Stylis 1.67 + Transitions Gen S,visao_simples,Resina High Index,1.67,false,false,true,2319.00,Pagina 35,Crizal Prevencia,Antirreflexo,final,3139.00,3139.00,-14.00,8.00,0.00,-6.00,null,null,null,LENTES KODAK SINGLE CRIZAL
Optilab,Optilab 06 de abril a 31 de julho de 2026,LENTES KODAK®,Mista,mista,b061957f-70b2-457a-b849-cf698e82601d,Stylis 1.67 + Transitions Gen S,LENTES KODAK® LENTES KODAK SINGLE CRIZAL Stylis 1.67 + Transitions Gen S,visao_simples,Resina High Index,1.67,false,false,true,2319.00,Pagina 35,Crizal Rock,Antirreflexo,final,2869.00,2869.00,-14.00,8.00,0.00,-6.00,null,null,null,LENTES KODAK SINGLE CRIZAL
Optilab,Optilab 06 de abril a 31 de julho de 2026,LENTES KODAK®,Mista,mista,b061957f-70b2-457a-b849-cf698e82601d,Stylis 1.67 + Transitions Gen S,LENTES KODAK® LENTES KODAK SINGLE CRIZAL Stylis 1.67 + Transitions Gen S,visao_simples,Resina High Index,1.67,false,false,true,2319.00,Pagina 35,Crizal Sapphire HR,Antirreflexo,final,3139.00,3139.00,-14.00,8.00,0.00,-6.00,null,null,null,LENTES KODAK SINGLE CRIZAL
Optilab,Optilab 06 de abril a 31 de julho de 2026,LENTES KODAK®,Mista,mista,da5d4848-3de6-44c8-8757-f0efdbb79644,Stylis 1.67 + Transitions Gen S,LENTES KODAK® LENTES KODAK SINGLE CRIZAL Stylis 1.67 + Transitions Gen S,visao_simples,Resina High Index,1.67,false,false,true,2759.00,Pagina 35,No Reflex,Antirreflexo,final,2869.00,2869.00,-14.00,8.00,0.00,-6.00,null,null,null,LENTES KODAK SINGLE CRIZAL
Optilab,Optilab 06 de abril a 31 de julho de 2026,LENTES KODAK®,Mista,mista,b061957f-70b2-457a-b849-cf698e82601d,Stylis 1.67 + Transitions Gen S,LENTES KODAK® LENTES KODAK SINGLE CRIZAL Stylis 1.67 + Transitions Gen S,visao_simples,Resina High Index,1.67,false,false,true,2319.00,Pagina 35,No Reflex,Antirreflexo,final,2369.00,2369.00,-14.00,8.00,0.00,-6.00,null,null,null,LENTES KODAK SINGLE CRIZAL
Optilab,Optilab 06 de abril a 31 de julho de 2026,LENTES KODAK®,Mista,mista,da5d4848-3de6-44c8-8757-f0efdbb79644,Stylis 1.67 + Transitions Gen S,LENTES KODAK® LENTES KODAK SINGLE CRIZAL Stylis 1.67 + Transitions Gen S,visao_simples,Resina High Index,1.67,false,false,true,2759.00,Pagina 35,Optifog,Antirreflexo,final,3139.00,3139.00,-14.00,8.00,0.00,-6.00,null,null,null,LENTES KODAK SINGLE CRIZAL
Optilab,Optilab 06 de abril a 31 de julho de 2026,LENTES KODAK®,Mista,mista,b061957f-70b2-457a-b849-cf698e82601d,Stylis 1.67 + Transitions Gen S,LENTES KODAK® LENTES KODAK SINGLE CRIZAL Stylis 1.67 + Transitions Gen S,visao_simples,Resina High Index,1.67,false,false,true,2319.00,Pagina 35,Optifog,Antirreflexo,final,2759.00,2759.00,-14.00,8.00,0.00,-6.00,null,null,null,LENTES KODAK SINGLE CRIZAL
Optilab,Optilab 06 de abril a 31 de julho de 2026,LENTES KODAK®,Mista,mista,b061957f-70b2-457a-b849-cf698e82601d,Stylis 1.67 + Transitions Gen S,LENTES KODAK® LENTES KODAK SINGLE CRIZAL Stylis 1.67 + Transitions Gen S,visao_simples,Resina High Index,1.67,false,false,true,2319.00,Pagina 35,Trio Easy Clean,Antirreflexo,final,2319.00,2319.00,-14.00,8.00,0.00,-6.00,null,null,null,LENTES KODAK SINGLE CRIZAL
Optilab,Optilab 06 de abril a 31 de julho de 2026,LENTES KODAK®,Mista,mista,da5d4848-3de6-44c8-8757-f0efdbb79644,Stylis 1.67 + Transitions Gen S,LENTES KODAK® LENTES KODAK SINGLE CRIZAL Stylis 1.67 + Transitions Gen S,visao_simples,Resina High Index,1.67,false,false,true,2759.00,Pagina 35,Trio Easy Clean,Antirreflexo,final,2519.00,2519.00,-14.00,8.00,0.00,-6.00,null,null,null,LENTES KODAK SINGLE CRIZAL
Optilab,Optilab 06 de abril a 31 de julho de 2026,LENTES KODAK®,Mista,mista,da5d4848-3de6-44c8-8757-f0efdbb79644,Stylis 1.67 + Transitions Gen S,LENTES KODAK® LENTES KODAK SINGLE CRIZAL Stylis 1.67 + Transitions Gen S,visao_simples,Resina High Index,1.67,false,false,true,2759.00,Pagina 35,Verniz Hc,Revestimento,final,2759.00,2759.00,-14.00,8.00,0.00,-6.00,null,null,null,LENTES KODAK SINGLE CRIZAL
Optilab,Optilab 06 de abril a 31 de julho de 2026,LENTES KODAK®,Mista,mista,16aa9a4c-3472-4b46-bf34-520d7c323b88,Stylis 1.74,LENTES KODAK® LENTES KODAK SINGLE CRIZAL Stylis 1.74,visao_simples,Resina High Index,1.74,false,false,true,3059.00,Pagina 35,Crizal Sapphire HR,Antirreflexo,final,3059.00,3059.00,-14.00,8.00,0.00,-6.00,null,null,null,LENTES KODAK SINGLE CRIZAL
Optilab,Optilab 06 de abril a 31 de julho de 2026,LENTES KODAK®,Mista,mista,16aa9a4c-3472-4b46-bf34-520d7c323b88,Stylis 1.74,LENTES KODAK® LENTES KODAK SINGLE CRIZAL Stylis 1.74,visao_simples,Resina High Index,1.74,false,false,true,3059.00,Pagina 35,Optifog,Antirreflexo,final,3059.00,3059.00,-14.00,8.00,0.00,-6.00,null,null,null,LENTES KODAK SINGLE CRIZAL
Optilab,Optilab 06 de abril a 31 de julho de 2026,LENTES KODAK®,Mista,mista,094d9a2c-4712-4c1c-ac5e-348e7de7213b,Stylis 1.74 + Transitions Gen S,LENTES KODAK® LENTES KODAK SINGLE CRIZAL Stylis 1.74 + Transitions Gen S,visao_simples,Resina High Index,1.74,false,false,true,3849.00,Pagina 35,Crizal Sapphire HR,Antirreflexo,final,3849.00,3849.00,-14.00,8.00,0.00,-6.00,null,null,null,LENTES KODAK SINGLE CRIZAL
Optilab,Optilab 06 de abril a 31 de julho de 2026,LENTES KODAK®,Mista,mista,094d9a2c-4712-4c1c-ac5e-348e7de7213b,Stylis 1.74 + Transitions Gen S,LENTES KODAK® LENTES KODAK SINGLE CRIZAL Stylis 1.74 + Transitions Gen S,visao_simples,Resina High Index,1.74,false,false,true,3849.00,Pagina 35,Optifog,Antirreflexo,final,3849.00,3849.00,-14.00,8.00,0.00,-6.00,null,null,null,LENTES KODAK SINGLE CRIZAL
Optilab,Optilab 06 de abril a 31 de julho de 2026,LENTES KODAK®,Mista,mista,de611e79-fbdb-420a-819c-c4b6cd32032b,1.50,LENTES KODAK® LENTES KODAK UNIQUE UHD CRIZAL 1.50,multifocal,Resina,1.50,false,false,true,1469.00,Pagina 33,Crizal Easy Pro,Antirreflexo,final,1849.00,1849.00,-10.25,5.25,0.00,-6.00,1.00,3.50,null,LENTES KODAK UNIQUE UHD CRIZAL
Optilab,Optilab 06 de abril a 31 de julho de 2026,LENTES KODAK®,Mista,mista,0207e00f-b5a7-419d-ba22-aad94bff72f3,1.50,LENTES KODAK® LENTES KODAK UNIQUE UHD CRIZAL 1.50,multifocal,Resina,1.50,false,false,true,829.00,Pagina 33,Crizal Easy Pro,Antirreflexo,final,1229.00,1229.00,-10.25,5.25,0.00,-6.00,1.00,3.50,null,LENTES KODAK UNIQUE UHD CRIZAL
Optilab,Optilab 06 de abril a 31 de julho de 2026,LENTES KODAK®,Mista,mista,0207e00f-b5a7-419d-ba22-aad94bff72f3,1.50,LENTES KODAK® LENTES KODAK UNIQUE UHD CRIZAL 1.50,multifocal,Resina,1.50,false,false,true,829.00,Pagina 33,Crizal Prevencia,Antirreflexo,final,1849.00,1849.00,-10.25,5.25,0.00,-6.00,1.00,3.50,null,LENTES KODAK UNIQUE UHD CRIZAL
Optilab,Optilab 06 de abril a 31 de julho de 2026,LENTES KODAK®,Mista,mista,0207e00f-b5a7-419d-ba22-aad94bff72f3,1.50,LENTES KODAK® LENTES KODAK UNIQUE UHD CRIZAL 1.50,multifocal,Resina,1.50,false,false,true,829.00,Pagina 33,Crizal Rock,Antirreflexo,final,1579.00,1579.00,-10.25,5.25,0.00,-6.00,1.00,3.50,null,LENTES KODAK UNIQUE UHD CRIZAL
Optilab,Optilab 06 de abril a 31 de julho de 2026,LENTES KODAK®,Mista,mista,0207e00f-b5a7-419d-ba22-aad94bff72f3,1.50,LENTES KODAK® LENTES KODAK UNIQUE UHD CRIZAL 1.50,multifocal,Resina,1.50,false,false,true,829.00,Pagina 33,Crizal Sapphire HR,Antirreflexo,final,1849.00,1849.00,-10.25,5.25,0.00,-6.00,1.00,3.50,null,LENTES KODAK UNIQUE UHD CRIZAL
Optilab,Optilab 06 de abril a 31 de julho de 2026,LENTES KODAK®,Mista,mista,0207e00f-b5a7-419d-ba22-aad94bff72f3,1.50,LENTES KODAK® LENTES KODAK UNIQUE UHD CRIZAL 1.50,multifocal,Resina,1.50,false,false,true,829.00,Pagina 33,No Reflex,Antirreflexo,final,1079.00,1079.00,-10.25,5.25,0.00,-6.00,1.00,3.50,null,LENTES KODAK UNIQUE UHD CRIZAL
Optilab,Optilab 06 de abril a 31 de julho de 2026,LENTES KODAK®,Mista,mista,de611e79-fbdb-420a-819c-c4b6cd32032b,1.50,LENTES KODAK® LENTES KODAK UNIQUE UHD CRIZAL 1.50,multifocal,Resina,1.50,false,false,true,1469.00,Pagina 33,No Reflex,Antirreflexo,final,1579.00,1579.00,-10.25,5.25,0.00,-6.00,1.00,3.50,null,LENTES KODAK UNIQUE UHD CRIZAL
Optilab,Optilab 06 de abril a 31 de julho de 2026,LENTES KODAK®,Mista,mista,de611e79-fbdb-420a-819c-c4b6cd32032b,1.50,LENTES KODAK® LENTES KODAK UNIQUE UHD CRIZAL 1.50,multifocal,Resina,1.50,false,false,true,1469.00,Pagina 33,Optifog,Antirreflexo,final,1849.00,1849.00,-10.25,5.25,0.00,-6.00,1.00,3.50,null,LENTES KODAK UNIQUE UHD CRIZAL
Optilab,Optilab 06 de abril a 31 de julho de 2026,LENTES KODAK®,Mista,mista,0207e00f-b5a7-419d-ba22-aad94bff72f3,1.50,LENTES KODAK® LENTES KODAK UNIQUE UHD CRIZAL 1.50,multifocal,Resina,1.50,false,false,true,829.00,Pagina 33,Optifog,Antirreflexo,final,1469.00,1469.00,-10.25,5.25,0.00,-6.00,1.00,3.50,null,LENTES KODAK UNIQUE UHD CRIZAL
Optilab,Optilab 06 de abril a 31 de julho de 2026,LENTES KODAK®,Mista,mista,de611e79-fbdb-420a-819c-c4b6cd32032b,1.50,LENTES KODAK® LENTES KODAK UNIQUE UHD CRIZAL 1.50,multifocal,Resina,1.50,false,false,true,1469.00,Pagina 33,Trio Easy Clean,Antirreflexo,final,1229.00,1229.00,-10.25,5.25,0.00,-6.00,1.00,3.50,null,LENTES KODAK UNIQUE UHD CRIZAL
Optilab,Optilab 06 de abril a 31 de julho de 2026,LENTES KODAK®,Mista,mista,0207e00f-b5a7-419d-ba22-aad94bff72f3,1.50,LENTES KODAK® LENTES KODAK UNIQUE UHD CRIZAL 1.50,multifocal,Resina,1.50,false,false,true,829.00,Pagina 33,Trio Easy Clean,Antirreflexo,final,1029.00,1029.00,-10.25,5.25,0.00,-6.00,1.00,3.50,null,LENTES KODAK UNIQUE UHD CRIZAL
Optilab,Optilab 06 de abril a 31 de julho de 2026,LENTES KODAK®,Mista,mista,de611e79-fbdb-420a-819c-c4b6cd32032b,1.50,LENTES KODAK® LENTES KODAK UNIQUE UHD CRIZAL 1.50,multifocal,Resina,1.50,false,false,true,1469.00,Pagina 33,Verniz Hc,Revestimento,final,1469.00,1469.00,-10.25,5.25,0.00,-6.00,1.00,3.50,null,LENTES KODAK UNIQUE UHD CRIZAL
Optilab,Optilab 06 de abril a 31 de julho de 2026,LENTES KODAK®,Mista,mista,0207e00f-b5a7-419d-ba22-aad94bff72f3,1.50,LENTES KODAK® LENTES KODAK UNIQUE UHD CRIZAL 1.50,multifocal,Resina,1.50,false,false,true,829.00,Pagina 33,Verniz Hc,Revestimento,final,829.00,829.00,-10.25,5.25,0.00,-6.00,1.00,3.50,null,LENTES KODAK UNIQUE UHD CRIZAL
Optilab,Optilab 06 de abril a 31 de julho de 2026,LENTES KODAK®,Mista,mista,b5cddeb7-5f37-4037-a7c4-1754450f6bfa,1.50 + Transitions Extractive,LENTES KODAK® LENTES KODAK UNIQUE UHD CRIZAL 1.50 + Transitions Extractive,multifocal,Resina,1.50,false,false,true,2059.00,Pagina 33,Crizal Easy Pro,Antirreflexo,final,2459.00,2459.00,-10.00,6.50,0.00,-6.00,1.00,3.50,null,LENTES KODAK UNIQUE UHD CRIZAL
Optilab,Optilab 06 de abril a 31 de julho de 2026,LENTES KODAK®,Mista,mista,3e7d556b-59a5-4bb8-bd25-d32414f14185,1.50 + Transitions Extractive,LENTES KODAK® LENTES KODAK UNIQUE UHD CRIZAL 1.50 + Transitions Extractive,multifocal,Resina,1.50,false,false,true,2699.00,Pagina 33,Crizal Easy Pro,Antirreflexo,final,3079.00,3079.00,-10.00,6.50,0.00,-6.00,1.00,3.50,null,LENTES KODAK UNIQUE UHD CRIZAL
Optilab,Optilab 06 de abril a 31 de julho de 2026,LENTES KODAK®,Mista,mista,6b190788-539d-4bc8-b19f-78c76ff80e7e,1.50 + Transitions Extractive,LENTES KODAK® LENTES KODAK UNIQUE UHD CRIZAL 1.50 + Transitions Extractive,multifocal,Resina,1.50,false,false,true,2479.00,Pagina 33,Crizal Easy Pro,Antirreflexo,final,2859.00,2859.00,-10.25,5.25,0.00,-6.00,1.00,3.50,null,LENTES KODAK UNIQUE UHD CRIZAL
Optilab,Optilab 06 de abril a 31 de julho de 2026,LENTES KODAK®,Mista,mista,1a7bf046-30e2-4fc7-83fd-52456d29371a,1.50 + Transitions Extractive,LENTES KODAK® LENTES KODAK UNIQUE UHD CRIZAL 1.50 + Transitions Extractive,multifocal,Resina,1.50,false,false,true,1839.00,Pagina 33,Crizal Easy Pro,Antirreflexo,final,2239.00,2239.00,-10.25,5.25,0.00,-6.00,1.00,3.50,null,LENTES KODAK UNIQUE UHD CRIZAL
Optilab,Optilab 06 de abril a 31 de julho de 2026,LENTES KODAK®,Mista,mista,1a7bf046-30e2-4fc7-83fd-52456d29371a,1.50 + Transitions Extractive,LENTES KODAK® LENTES KODAK UNIQUE UHD CRIZAL 1.50 + Transitions Extractive,multifocal,Resina,1.50,false,false,true,1839.00,Pagina 33,Crizal Prevencia,Antirreflexo,final,2859.00,2859.00,-10.25,5.25,0.00,-6.00,1.00,3.50,null,LENTES KODAK UNIQUE UHD CRIZAL
Optilab,Optilab 06 de abril a 31 de julho de 2026,LENTES KODAK®,Mista,mista,b5cddeb7-5f37-4037-a7c4-1754450f6bfa,1.50 + Transitions Extractive,LENTES KODAK® LENTES KODAK UNIQUE UHD CRIZAL 1.50 + Transitions Extractive,multifocal,Resina,1.50,false,false,true,2059.00,Pagina 33,Crizal Prevencia,Antirreflexo,final,3079.00,3079.00,-10.00,6.50,0.00,-6.00,1.00,3.50,null,LENTES KODAK UNIQUE UHD CRIZAL
Optilab,Optilab 06 de abril a 31 de julho de 2026,LENTES KODAK®,Mista,mista,1a7bf046-30e2-4fc7-83fd-52456d29371a,1.50 + Transitions Extractive,LENTES KODAK® LENTES KODAK UNIQUE UHD CRIZAL 1.50 + Transitions Extractive,multifocal,Resina,1.50,false,false,true,1839.00,Pagina 33,Crizal Rock,Antirreflexo,final,2589.00,2589.00,-10.25,5.25,0.00,-6.00,1.00,3.50,null,LENTES KODAK UNIQUE UHD CRIZAL
Optilab,Optilab 06 de abril a 31 de julho de 2026,LENTES KODAK®,Mista,mista,b5cddeb7-5f37-4037-a7c4-1754450f6bfa,1.50 + Transitions Extractive,LENTES KODAK® LENTES KODAK UNIQUE UHD CRIZAL 1.50 + Transitions Extractive,multifocal,Resina,1.50,false,false,true,2059.00,Pagina 33,Crizal Rock,Antirreflexo,final,2809.00,2809.00,-10.00,6.50,0.00,-6.00,1.00,3.50,null,LENTES KODAK UNIQUE UHD CRIZAL
Optilab,Optilab 06 de abril a 31 de julho de 2026,LENTES KODAK®,Mista,mista,b5cddeb7-5f37-4037-a7c4-1754450f6bfa,1.50 + Transitions Extractive,LENTES KODAK® LENTES KODAK UNIQUE UHD CRIZAL 1.50 + Transitions Extractive,multifocal,Resina,1.50,false,false,true,2059.00,Pagina 33,Crizal Sapphire HR,Antirreflexo,final,3079.00,3079.00,-10.00,6.50,0.00,-6.00,1.00,3.50,null,LENTES KODAK UNIQUE UHD CRIZAL
Optilab,Optilab 06 de abril a 31 de julho de 2026,LENTES KODAK®,Mista,mista,1a7bf046-30e2-4fc7-83fd-52456d29371a,1.50 + Transitions Extractive,LENTES KODAK® LENTES KODAK UNIQUE UHD CRIZAL 1.50 + Transitions Extractive,multifocal,Resina,1.50,false,false,true,1839.00,Pagina 33,Crizal Sapphire HR,Antirreflexo,final,2859.00,2859.00,-10.25,5.25,0.00,-6.00,1.00,3.50,null,LENTES KODAK UNIQUE UHD CRIZAL
Optilab,Optilab 06 de abril a 31 de julho de 2026,LENTES KODAK®,Mista,mista,b5cddeb7-5f37-4037-a7c4-1754450f6bfa,1.50 + Transitions Extractive,LENTES KODAK® LENTES KODAK UNIQUE UHD CRIZAL 1.50 + Transitions Extractive,multifocal,Resina,1.50,false,false,true,2059.00,Pagina 33,No Reflex,Antirreflexo,final,2309.00,2309.00,-10.00,6.50,0.00,-6.00,1.00,3.50,null,LENTES KODAK UNIQUE UHD CRIZAL
Optilab,Optilab 06 de abril a 31 de julho de 2026,LENTES KODAK®,Mista,mista,6b190788-539d-4bc8-b19f-78c76ff80e7e,1.50 + Transitions Extractive,LENTES KODAK® LENTES KODAK UNIQUE UHD CRIZAL 1.50 + Transitions Extractive,multifocal,Resina,1.50,false,false,true,2479.00,Pagina 33,No Reflex,Antirreflexo,final,2589.00,2589.00,-10.25,5.25,0.00,-6.00,1.00,3.50,null,LENTES KODAK UNIQUE UHD CRIZAL
Optilab,Optilab 06 de abril a 31 de julho de 2026,LENTES KODAK®,Mista,mista,3e7d556b-59a5-4bb8-bd25-d32414f14185,1.50 + Transitions Extractive,LENTES KODAK® LENTES KODAK UNIQUE UHD CRIZAL 1.50 + Transitions Extractive,multifocal,Resina,1.50,false,false,true,2699.00,Pagina 33,No Reflex,Antirreflexo,final,2809.00,2809.00,-10.00,6.50,0.00,-6.00,1.00,3.50,null,LENTES KODAK UNIQUE UHD CRIZAL
Optilab,Optilab 06 de abril a 31 de julho de 2026,LENTES KODAK®,Mista,mista,1a7bf046-30e2-4fc7-83fd-52456d29371a,1.50 + Transitions Extractive,LENTES KODAK® LENTES KODAK UNIQUE UHD CRIZAL 1.50 + Transitions Extractive,multifocal,Resina,1.50,false,false,true,1839.00,Pagina 33,No Reflex,Antirreflexo,final,2089.00,2089.00,-10.25,5.25,0.00,-6.00,1.00,3.50,null,LENTES KODAK UNIQUE UHD CRIZAL
Optilab,Optilab 06 de abril a 31 de julho de 2026,LENTES KODAK®,Mista,mista,6b190788-539d-4bc8-b19f-78c76ff80e7e,1.50 + Transitions Extractive,LENTES KODAK® LENTES KODAK UNIQUE UHD CRIZAL 1.50 + Transitions Extractive,multifocal,Resina,1.50,false,false,true,2479.00,Pagina 33,Optifog,Antirreflexo,final,2859.00,2859.00,-10.25,5.25,0.00,-6.00,1.00,3.50,null,LENTES KODAK UNIQUE UHD CRIZAL
Optilab,Optilab 06 de abril a 31 de julho de 2026,LENTES KODAK®,Mista,mista,b5cddeb7-5f37-4037-a7c4-1754450f6bfa,1.50 + Transitions Extractive,LENTES KODAK® LENTES KODAK UNIQUE UHD CRIZAL 1.50 + Transitions Extractive,multifocal,Resina,1.50,false,false,true,2059.00,Pagina 33,Optifog,Antirreflexo,final,2699.00,2699.00,-10.00,6.50,0.00,-6.00,1.00,3.50,null,LENTES KODAK UNIQUE UHD CRIZAL
Optilab,Optilab 06 de abril a 31 de julho de 2026,LENTES KODAK®,Mista,mista,3e7d556b-59a5-4bb8-bd25-d32414f14185,1.50 + Transitions Extractive,LENTES KODAK® LENTES KODAK UNIQUE UHD CRIZAL 1.50 + Transitions Extractive,multifocal,Resina,1.50,false,false,true,2699.00,Pagina 33,Optifog,Antirreflexo,final,3079.00,3079.00,-10.00,6.50,0.00,-6.00,1.00,3.50,null,LENTES KODAK UNIQUE UHD CRIZAL
Optilab,Optilab 06 de abril a 31 de julho de 2026,LENTES KODAK®,Mista,mista,1a7bf046-30e2-4fc7-83fd-52456d29371a,1.50 + Transitions Extractive,LENTES KODAK® LENTES KODAK UNIQUE UHD CRIZAL 1.50 + Transitions Extractive,multifocal,Resina,1.50,false,false,true,1839.00,Pagina 33,Optifog,Antirreflexo,final,2479.00,2479.00,-10.25,5.25,0.00,-6.00,1.00,3.50,null,LENTES KODAK UNIQUE UHD CRIZAL
Optilab,Optilab 06 de abril a 31 de julho de 2026,LENTES KODAK®,Mista,mista,3e7d556b-59a5-4bb8-bd25-d32414f14185,1.50 + Transitions Extractive,LENTES KODAK® LENTES KODAK UNIQUE UHD CRIZAL 1.50 + Transitions Extractive,multifocal,Resina,1.50,false,false,true,2699.00,Pagina 33,Trio Easy Clean,Antirreflexo,final,2459.00,2459.00,-10.00,6.50,0.00,-6.00,1.00,3.50,null,LENTES KODAK UNIQUE UHD CRIZAL
Optilab,Optilab 06 de abril a 31 de julho de 2026,LENTES KODAK®,Mista,mista,6b190788-539d-4bc8-b19f-78c76ff80e7e,1.50 + Transitions Extractive,LENTES KODAK® LENTES KODAK UNIQUE UHD CRIZAL 1.50 + Transitions Extractive,multifocal,Resina,1.50,false,false,true,2479.00,Pagina 33,Trio Easy Clean,Antirreflexo,final,2239.00,2239.00,-10.25,5.25,0.00,-6.00,1.00,3.50,null,LENTES KODAK UNIQUE UHD CRIZAL
Optilab,Optilab 06 de abril a 31 de julho de 2026,LENTES KODAK®,Mista,mista,1a7bf046-30e2-4fc7-83fd-52456d29371a,1.50 + Transitions Extractive,LENTES KODAK® LENTES KODAK UNIQUE UHD CRIZAL 1.50 + Transitions Extractive,multifocal,Resina,1.50,false,false,true,1839.00,Pagina 33,Trio Easy Clean,Antirreflexo,final,2039.00,2039.00,-10.25,5.25,0.00,-6.00,1.00,3.50,null,LENTES KODAK UNIQUE UHD CRIZAL
Optilab,Optilab 06 de abril a 31 de julho de 2026,LENTES KODAK®,Mista,mista,b5cddeb7-5f37-4037-a7c4-1754450f6bfa,1.50 + Transitions Extractive,LENTES KODAK® LENTES KODAK UNIQUE UHD CRIZAL 1.50 + Transitions Extractive,multifocal,Resina,1.50,false,false,true,2059.00,Pagina 33,Trio Easy Clean,Antirreflexo,final,2259.00,2259.00,-10.00,6.50,0.00,-6.00,1.00,3.50,null,LENTES KODAK UNIQUE UHD CRIZAL
Optilab,Optilab 06 de abril a 31 de julho de 2026,LENTES KODAK®,Mista,mista,3e7d556b-59a5-4bb8-bd25-d32414f14185,1.50 + Transitions Extractive,LENTES KODAK® LENTES KODAK UNIQUE UHD CRIZAL 1.50 + Transitions Extractive,multifocal,Resina,1.50,false,false,true,2699.00,Pagina 33,Verniz Hc,Revestimento,final,2699.00,2699.00,-10.00,6.50,0.00,-6.00,1.00,3.50,null,LENTES KODAK UNIQUE UHD CRIZAL
Optilab,Optilab 06 de abril a 31 de julho de 2026,LENTES KODAK®,Mista,mista,b5cddeb7-5f37-4037-a7c4-1754450f6bfa,1.50 + Transitions Extractive,LENTES KODAK® LENTES KODAK UNIQUE UHD CRIZAL 1.50 + Transitions Extractive,multifocal,Resina,1.50,false,false,true,2059.00,Pagina 33,Verniz Hc,Revestimento,final,2059.00,2059.00,-10.00,6.50,0.00,-6.00,1.00,3.50,null,LENTES KODAK UNIQUE UHD CRIZAL
Optilab,Optilab 06 de abril a 31 de julho de 2026,LENTES KODAK®,Mista,mista,6b190788-539d-4bc8-b19f-78c76ff80e7e,1.50 + Transitions Extractive,LENTES KODAK® LENTES KODAK UNIQUE UHD CRIZAL 1.50 + Transitions Extractive,multifocal,Resina,1.50,false,false,true,2479.00,Pagina 33,Verniz Hc,Revestimento,final,2479.00,2479.00,-10.25,5.25,0.00,-6.00,1.00,3.50,null,LENTES KODAK UNIQUE UHD CRIZAL
Optilab,Optilab 06 de abril a 31 de julho de 2026,LENTES KODAK®,Mista,mista,1a7bf046-30e2-4fc7-83fd-52456d29371a,1.50 + Transitions Extractive,LENTES KODAK® LENTES KODAK UNIQUE UHD CRIZAL 1.50 + Transitions Extractive,multifocal,Resina,1.50,false,false,true,1839.00,Pagina 33,Verniz Hc,Revestimento,final,1839.00,1839.00,-10.25,5.25,0.00,-6.00,1.00,3.50,null,LENTES KODAK UNIQUE UHD CRIZAL
Optilab,Optilab 06 de abril a 31 de julho de 2026,LENTES KODAK®,Mista,mista,d0c1a5e9-3d90-4a1f-9c4e-f767fba7c3b2,1.50 + Transitions Gen S,LENTES KODAK® LENTES KODAK UNIQUE UHD CRIZAL 1.50 + Transitions Gen S,multifocal,Resina,1.50,false,false,true,1989.00,Pagina 33,Crizal Easy Pro,Antirreflexo,final,2389.00,2389.00,-10.00,6.50,0.00,-6.00,1.00,3.50,null,LENTES KODAK UNIQUE UHD CRIZAL
Optilab,Optilab 06 de abril a 31 de julho de 2026,LENTES KODAK®,Mista,mista,92cf3562-3cad-49be-87b2-139a8c52df5a,1.50 + Transitions Gen S,LENTES KODAK® LENTES KODAK UNIQUE UHD CRIZAL 1.50 + Transitions Gen S,multifocal,Resina,1.50,false,false,true,1769.00,Pagina 33,Crizal Easy Pro,Antirreflexo,final,2169.00,2169.00,-10.25,5.25,0.00,-6.00,1.00,3.50,null,LENTES KODAK UNIQUE UHD CRIZAL
Optilab,Optilab 06 de abril a 31 de julho de 2026,LENTES KODAK®,Mista,mista,341c6c71-636b-445d-805d-fb92514aab16,1.50 + Transitions Gen S,LENTES KODAK® LENTES KODAK UNIQUE UHD CRIZAL 1.50 + Transitions Gen S,multifocal,Resina,1.50,false,false,true,2409.00,Pagina 33,Crizal Easy Pro,Antirreflexo,final,2789.00,2789.00,-10.25,5.25,0.00,-6.00,1.00,3.50,null,LENTES KODAK UNIQUE UHD CRIZAL
Optilab,Optilab 06 de abril a 31 de julho de 2026,LENTES KODAK®,Mista,mista,7d5ea4d4-7b62-4a4e-8ebe-021021f2ca97,1.50 + Transitions Gen S,LENTES KODAK® LENTES KODAK UNIQUE UHD CRIZAL 1.50 + Transitions Gen S,multifocal,Resina,1.50,false,false,true,2629.00,Pagina 33,Crizal Easy Pro,Antirreflexo,final,3009.00,3009.00,-10.00,6.50,0.00,-6.00,1.00,3.50,null,LENTES KODAK UNIQUE UHD CRIZAL
Optilab,Optilab 06 de abril a 31 de julho de 2026,LENTES KODAK®,Mista,mista,92cf3562-3cad-49be-87b2-139a8c52df5a,1.50 + Transitions Gen S,LENTES KODAK® LENTES KODAK UNIQUE UHD CRIZAL 1.50 + Transitions Gen S,multifocal,Resina,1.50,false,false,true,1769.00,Pagina 33,Crizal Prevencia,Antirreflexo,final,2789.00,2789.00,-10.25,5.25,0.00,-6.00,1.00,3.50,null,LENTES KODAK UNIQUE UHD CRIZAL
Optilab,Optilab 06 de abril a 31 de julho de 2026,LENTES KODAK®,Mista,mista,d0c1a5e9-3d90-4a1f-9c4e-f767fba7c3b2,1.50 + Transitions Gen S,LENTES KODAK® LENTES KODAK UNIQUE UHD CRIZAL 1.50 + Transitions Gen S,multifocal,Resina,1.50,false,false,true,1989.00,Pagina 33,Crizal Prevencia,Antirreflexo,final,3009.00,3009.00,-10.00,6.50,0.00,-6.00,1.00,3.50,null,LENTES KODAK UNIQUE UHD CRIZAL
Optilab,Optilab 06 de abril a 31 de julho de 2026,LENTES KODAK®,Mista,mista,92cf3562-3cad-49be-87b2-139a8c52df5a,1.50 + Transitions Gen S,LENTES KODAK® LENTES KODAK UNIQUE UHD CRIZAL 1.50 + Transitions Gen S,multifocal,Resina,1.50,false,false,true,1769.00,Pagina 33,Crizal Rock,Antirreflexo,final,2519.00,2519.00,-10.25,5.25,0.00,-6.00,1.00,3.50,null,LENTES KODAK UNIQUE UHD CRIZAL
Optilab,Optilab 06 de abril a 31 de julho de 2026,LENTES KODAK®,Mista,mista,d0c1a5e9-3d90-4a1f-9c4e-f767fba7c3b2,1.50 + Transitions Gen S,LENTES KODAK® LENTES KODAK UNIQUE UHD CRIZAL 1.50 + Transitions Gen S,multifocal,Resina,1.50,false,false,true,1989.00,Pagina 33,Crizal Rock,Antirreflexo,final,2739.00,2739.00,-10.00,6.50,0.00,-6.00,1.00,3.50,null,LENTES KODAK UNIQUE UHD CRIZAL
Optilab,Optilab 06 de abril a 31 de julho de 2026,LENTES KODAK®,Mista,mista,92cf3562-3cad-49be-87b2-139a8c52df5a,1.50 + Transitions Gen S,LENTES KODAK® LENTES KODAK UNIQUE UHD CRIZAL 1.50 + Transitions Gen S,multifocal,Resina,1.50,false,false,true,1769.00,Pagina 33,Crizal Sapphire HR,Antirreflexo,final,2789.00,2789.00,-10.25,5.25,0.00,-6.00,1.00,3.50,null,LENTES KODAK UNIQUE UHD CRIZAL
Optilab,Optilab 06 de abril a 31 de julho de 2026,LENTES KODAK®,Mista,mista,d0c1a5e9-3d90-4a1f-9c4e-f767fba7c3b2,1.50 + Transitions Gen S,LENTES KODAK® LENTES KODAK UNIQUE UHD CRIZAL 1.50 + Transitions Gen S,multifocal,Resina,1.50,false,false,true,1989.00,Pagina 33,Crizal Sapphire HR,Antirreflexo,final,3009.00,3009.00,-10.00,6.50,0.00,-6.00,1.00,3.50,null,LENTES KODAK UNIQUE UHD CRIZAL
Optilab,Optilab 06 de abril a 31 de julho de 2026,LENTES KODAK®,Mista,mista,d0c1a5e9-3d90-4a1f-9c4e-f767fba7c3b2,1.50 + Transitions Gen S,LENTES KODAK® LENTES KODAK UNIQUE UHD CRIZAL 1.50 + Transitions Gen S,multifocal,Resina,1.50,false,false,true,1989.00,Pagina 33,No Reflex,Antirreflexo,final,2239.00,2239.00,-10.00,6.50,0.00,-6.00,1.00,3.50,null,LENTES KODAK UNIQUE UHD CRIZAL
Optilab,Optilab 06 de abril a 31 de julho de 2026,LENTES KODAK®,Mista,mista,7d5ea4d4-7b62-4a4e-8ebe-021021f2ca97,1.50 + Transitions Gen S,LENTES KODAK® LENTES KODAK UNIQUE UHD CRIZAL 1.50 + Transitions Gen S,multifocal,Resina,1.50,false,false,true,2629.00,Pagina 33,No Reflex,Antirreflexo,final,2739.00,2739.00,-10.00,6.50,0.00,-6.00,1.00,3.50,null,LENTES KODAK UNIQUE UHD CRIZAL
Optilab,Optilab 06 de abril a 31 de julho de 2026,LENTES KODAK®,Mista,mista,92cf3562-3cad-49be-87b2-139a8c52df5a,1.50 + Transitions Gen S,LENTES KODAK® LENTES KODAK UNIQUE UHD CRIZAL 1.50 + Transitions Gen S,multifocal,Resina,1.50,false,false,true,1769.00,Pagina 33,No Reflex,Antirreflexo,final,2019.00,2019.00,-10.25,5.25,0.00,-6.00,1.00,3.50,null,LENTES KODAK UNIQUE UHD CRIZAL
Optilab,Optilab 06 de abril a 31 de julho de 2026,LENTES KODAK®,Mista,mista,341c6c71-636b-445d-805d-fb92514aab16,1.50 + Transitions Gen S,LENTES KODAK® LENTES KODAK UNIQUE UHD CRIZAL 1.50 + Transitions Gen S,multifocal,Resina,1.50,false,false,true,2409.00,Pagina 33,No Reflex,Antirreflexo,final,2519.00,2519.00,-10.25,5.25,0.00,-6.00,1.00,3.50,null,LENTES KODAK UNIQUE UHD CRIZAL
Optilab,Optilab 06 de abril a 31 de julho de 2026,LENTES KODAK®,Mista,mista,92cf3562-3cad-49be-87b2-139a8c52df5a,1.50 + Transitions Gen S,LENTES KODAK® LENTES KODAK UNIQUE UHD CRIZAL 1.50 + Transitions Gen S,multifocal,Resina,1.50,false,false,true,1769.00,Pagina 33,Optifog,Antirreflexo,final,2409.00,2409.00,-10.25,5.25,0.00,-6.00,1.00,3.50,null,LENTES KODAK UNIQUE UHD CRIZAL
Optilab,Optilab 06 de abril a 31 de julho de 2026,LENTES KODAK®,Mista,mista,d0c1a5e9-3d90-4a1f-9c4e-f767fba7c3b2,1.50 + Transitions Gen S,LENTES KODAK® LENTES KODAK UNIQUE UHD CRIZAL 1.50 + Transitions Gen S,multifocal,Resina,1.50,false,false,true,1989.00,Pagina 33,Optifog,Antirreflexo,final,2629.00,2629.00,-10.00,6.50,0.00,-6.00,1.00,3.50,null,LENTES KODAK UNIQUE UHD CRIZAL
Optilab,Optilab 06 de abril a 31 de julho de 2026,LENTES KODAK®,Mista,mista,341c6c71-636b-445d-805d-fb92514aab16,1.50 + Transitions Gen S,LENTES KODAK® LENTES KODAK UNIQUE UHD CRIZAL 1.50 + Transitions Gen S,multifocal,Resina,1.50,false,false,true,2409.00,Pagina 33,Optifog,Antirreflexo,final,2789.00,2789.00,-10.25,5.25,0.00,-6.00,1.00,3.50,null,LENTES KODAK UNIQUE UHD CRIZAL
Optilab,Optilab 06 de abril a 31 de julho de 2026,LENTES KODAK®,Mista,mista,7d5ea4d4-7b62-4a4e-8ebe-021021f2ca97,1.50 + Transitions Gen S,LENTES KODAK® LENTES KODAK UNIQUE UHD CRIZAL 1.50 + Transitions Gen S,multifocal,Resina,1.50,false,false,true,2629.00,Pagina 33,Optifog,Antirreflexo,final,3009.00,3009.00,-10.00,6.50,0.00,-6.00,1.00,3.50,null,LENTES KODAK UNIQUE UHD CRIZAL
Optilab,Optilab 06 de abril a 31 de julho de 2026,LENTES KODAK®,Mista,mista,7d5ea4d4-7b62-4a4e-8ebe-021021f2ca97,1.50 + Transitions Gen S,LENTES KODAK® LENTES KODAK UNIQUE UHD CRIZAL 1.50 + Transitions Gen S,multifocal,Resina,1.50,false,false,true,2629.00,Pagina 33,Trio Easy Clean,Antirreflexo,final,2389.00,2389.00,-10.00,6.50,0.00,-6.00,1.00,3.50,null,LENTES KODAK UNIQUE UHD CRIZAL
Optilab,Optilab 06 de abril a 31 de julho de 2026,LENTES KODAK®,Mista,mista,341c6c71-636b-445d-805d-fb92514aab16,1.50 + Transitions Gen S,LENTES KODAK® LENTES KODAK UNIQUE UHD CRIZAL 1.50 + Transitions Gen S,multifocal,Resina,1.50,false,false,true,2409.00,Pagina 33,Trio Easy Clean,Antirreflexo,final,2169.00,2169.00,-10.25,5.25,0.00,-6.00,1.00,3.50,null,LENTES KODAK UNIQUE UHD CRIZAL
Optilab,Optilab 06 de abril a 31 de julho de 2026,LENTES KODAK®,Mista,mista,92cf3562-3cad-49be-87b2-139a8c52df5a,1.50 + Transitions Gen S,LENTES KODAK® LENTES KODAK UNIQUE UHD CRIZAL 1.50 + Transitions Gen S,multifocal,Resina,1.50,false,false,true,1769.00,Pagina 33,Trio Easy Clean,Antirreflexo,final,1969.00,1969.00,-10.25,5.25,0.00,-6.00,1.00,3.50,null,LENTES KODAK UNIQUE UHD CRIZAL
Optilab,Optilab 06 de abril a 31 de julho de 2026,LENTES KODAK®,Mista,mista,d0c1a5e9-3d90-4a1f-9c4e-f767fba7c3b2,1.50 + Transitions Gen S,LENTES KODAK® LENTES KODAK UNIQUE UHD CRIZAL 1.50 + Transitions Gen S,multifocal,Resina,1.50,false,false,true,1989.00,Pagina 33,Trio Easy Clean,Antirreflexo,final,2189.00,2189.00,-10.00,6.50,0.00,-6.00,1.00,3.50,null,LENTES KODAK UNIQUE UHD CRIZAL
Optilab,Optilab 06 de abril a 31 de julho de 2026,LENTES KODAK®,Mista,mista,d0c1a5e9-3d90-4a1f-9c4e-f767fba7c3b2,1.50 + Transitions Gen S,LENTES KODAK® LENTES KODAK UNIQUE UHD CRIZAL 1.50 + Transitions Gen S,multifocal,Resina,1.50,false,false,true,1989.00,Pagina 33,Verniz Hc,Revestimento,final,1989.00,1989.00,-10.00,6.50,0.00,-6.00,1.00,3.50,null,LENTES KODAK UNIQUE UHD CRIZAL
Optilab,Optilab 06 de abril a 31 de julho de 2026,LENTES KODAK®,Mista,mista,7d5ea4d4-7b62-4a4e-8ebe-021021f2ca97,1.50 + Transitions Gen S,LENTES KODAK® LENTES KODAK UNIQUE UHD CRIZAL 1.50 + Transitions Gen S,multifocal,Resina,1.50,false,false,true,2629.00,Pagina 33,Verniz Hc,Revestimento,final,2629.00,2629.00,-10.00,6.50,0.00,-6.00,1.00,3.50,null,LENTES KODAK UNIQUE UHD CRIZAL
Optilab,Optilab 06 de abril a 31 de julho de 2026,LENTES KODAK®,Mista,mista,341c6c71-636b-445d-805d-fb92514aab16,1.50 + Transitions Gen S,LENTES KODAK® LENTES KODAK UNIQUE UHD CRIZAL 1.50 + Transitions Gen S,multifocal,Resina,1.50,false,false,true,2409.00,Pagina 33,Verniz Hc,Revestimento,final,2409.00,2409.00,-10.25,5.25,0.00,-6.00,1.00,3.50,null,LENTES KODAK UNIQUE UHD CRIZAL
Optilab,Optilab 06 de abril a 31 de julho de 2026,LENTES KODAK®,Mista,mista,92cf3562-3cad-49be-87b2-139a8c52df5a,1.50 + Transitions Gen S,LENTES KODAK® LENTES KODAK UNIQUE UHD CRIZAL 1.50 + Transitions Gen S,multifocal,Resina,1.50,false,false,true,1769.00,Pagina 33,Verniz Hc,Revestimento,final,1769.00,1769.00,-10.25,5.25,0.00,-6.00,1.00,3.50,null,LENTES KODAK UNIQUE UHD CRIZAL
Optilab,Optilab 06 de abril a 31 de julho de 2026,LENTES KODAK®,Mista,mista,4d832d76-5a62-4159-a9f0-3d71e70e1850,Stylis 1.67,LENTES KODAK® LENTES KODAK UNIQUE UHD CRIZAL Stylis 1.67,multifocal,Resina High Index,1.67,false,false,true,2889.00,Pagina 33,Crizal Easy Pro,Antirreflexo,final,3269.00,3269.00,-14.00,8.00,0.00,-6.00,1.00,3.50,null,LENTES KODAK UNIQUE UHD CRIZAL
Optilab,Optilab 06 de abril a 31 de julho de 2026,LENTES KODAK®,Mista,mista,571636df-9eda-440c-9dd6-51b9c38ca266,Stylis 1.67,LENTES KODAK® LENTES KODAK UNIQUE UHD CRIZAL Stylis 1.67,multifocal,Resina High Index,1.67,false,false,true,2449.00,Pagina 33,Crizal Easy Pro,Antirreflexo,final,2649.00,2649.00,-14.00,8.00,0.00,-6.00,1.00,3.50,null,LENTES KODAK UNIQUE UHD CRIZAL
Optilab,Optilab 06 de abril a 31 de julho de 2026,LENTES KODAK®,Mista,mista,571636df-9eda-440c-9dd6-51b9c38ca266,Stylis 1.67,LENTES KODAK® LENTES KODAK UNIQUE UHD CRIZAL Stylis 1.67,multifocal,Resina High Index,1.67,false,false,true,2449.00,Pagina 33,Crizal Prevencia,Antirreflexo,final,3269.00,3269.00,-14.00,8.00,0.00,-6.00,1.00,3.50,null,LENTES KODAK UNIQUE UHD CRIZAL
Optilab,Optilab 06 de abril a 31 de julho de 2026,LENTES KODAK®,Mista,mista,571636df-9eda-440c-9dd6-51b9c38ca266,Stylis 1.67,LENTES KODAK® LENTES KODAK UNIQUE UHD CRIZAL Stylis 1.67,multifocal,Resina High Index,1.67,false,false,true,2449.00,Pagina 33,Crizal Rock,Antirreflexo,final,2999.00,2999.00,-14.00,8.00,0.00,-6.00,1.00,3.50,null,LENTES KODAK UNIQUE UHD CRIZAL
Optilab,Optilab 06 de abril a 31 de julho de 2026,LENTES KODAK®,Mista,mista,571636df-9eda-440c-9dd6-51b9c38ca266,Stylis 1.67,LENTES KODAK® LENTES KODAK UNIQUE UHD CRIZAL Stylis 1.67,multifocal,Resina High Index,1.67,false,false,true,2449.00,Pagina 33,Crizal Sapphire HR,Antirreflexo,final,3269.00,3269.00,-14.00,8.00,0.00,-6.00,1.00,3.50,null,LENTES KODAK UNIQUE UHD CRIZAL
Optilab,Optilab 06 de abril a 31 de julho de 2026,LENTES KODAK®,Mista,mista,571636df-9eda-440c-9dd6-51b9c38ca266,Stylis 1.67,LENTES KODAK® LENTES KODAK UNIQUE UHD CRIZAL Stylis 1.67,multifocal,Resina High Index,1.67,false,false,true,2449.00,Pagina 33,No Reflex,Antirreflexo,final,2499.00,2499.00,-14.00,8.00,0.00,-6.00,1.00,3.50,null,LENTES KODAK UNIQUE UHD CRIZAL
Optilab,Optilab 06 de abril a 31 de julho de 2026,LENTES KODAK®,Mista,mista,4d832d76-5a62-4159-a9f0-3d71e70e1850,Stylis 1.67,LENTES KODAK® LENTES KODAK UNIQUE UHD CRIZAL Stylis 1.67,multifocal,Resina High Index,1.67,false,false,true,2889.00,Pagina 33,No Reflex,Antirreflexo,final,2999.00,2999.00,-14.00,8.00,0.00,-6.00,1.00,3.50,null,LENTES KODAK UNIQUE UHD CRIZAL
Optilab,Optilab 06 de abril a 31 de julho de 2026,LENTES KODAK®,Mista,mista,571636df-9eda-440c-9dd6-51b9c38ca266,Stylis 1.67,LENTES KODAK® LENTES KODAK UNIQUE UHD CRIZAL Stylis 1.67,multifocal,Resina High Index,1.67,false,false,true,2449.00,Pagina 33,Optifog,Antirreflexo,final,2889.00,2889.00,-14.00,8.00,0.00,-6.00,1.00,3.50,null,LENTES KODAK UNIQUE UHD CRIZAL
Optilab,Optilab 06 de abril a 31 de julho de 2026,LENTES KODAK®,Mista,mista,4d832d76-5a62-4159-a9f0-3d71e70e1850,Stylis 1.67,LENTES KODAK® LENTES KODAK UNIQUE UHD CRIZAL Stylis 1.67,multifocal,Resina High Index,1.67,false,false,true,2889.00,Pagina 33,Optifog,Antirreflexo,final,3269.00,3269.00,-14.00,8.00,0.00,-6.00,1.00,3.50,null,LENTES KODAK UNIQUE UHD CRIZAL
Optilab,Optilab 06 de abril a 31 de julho de 2026,LENTES KODAK®,Mista,mista,4d832d76-5a62-4159-a9f0-3d71e70e1850,Stylis 1.67,LENTES KODAK® LENTES KODAK UNIQUE UHD CRIZAL Stylis 1.67,multifocal,Resina High Index,1.67,false,false,true,2889.00,Pagina 33,Trio Easy Clean,Antirreflexo,final,2649.00,2649.00,-14.00,8.00,0.00,-6.00,1.00,3.50,null,LENTES KODAK UNIQUE UHD CRIZAL
Optilab,Optilab 06 de abril a 31 de julho de 2026,LENTES KODAK®,Mista,mista,571636df-9eda-440c-9dd6-51b9c38ca266,Stylis 1.67,LENTES KODAK® LENTES KODAK UNIQUE UHD CRIZAL Stylis 1.67,multifocal,Resina High Index,1.67,false,false,true,2449.00,Pagina 33,Trio Easy Clean,Antirreflexo,final,2449.00,2449.00,-14.00,8.00,0.00,-6.00,1.00,3.50,null,LENTES KODAK UNIQUE UHD CRIZAL
Optilab,Optilab 06 de abril a 31 de julho de 2026,LENTES KODAK®,Mista,mista,4d832d76-5a62-4159-a9f0-3d71e70e1850,Stylis 1.67,LENTES KODAK® LENTES KODAK UNIQUE UHD CRIZAL Stylis 1.67,multifocal,Resina High Index,1.67,false,false,true,2889.00,Pagina 33,Verniz Hc,Revestimento,final,2889.00,2889.00,-14.00,8.00,0.00,-6.00,1.00,3.50,null,LENTES KODAK UNIQUE UHD CRIZAL
Optilab,Optilab 06 de abril a 31 de julho de 2026,LENTES KODAK®,Mista,mista,e1555690-421b-4ef6-aafb-ef18e4cc048a,Stylis 1.67 + Transitions Gen S,LENTES KODAK® LENTES KODAK UNIQUE UHD CRIZAL Stylis 1.67 + Transitions Gen S,multifocal,Resina High Index,1.67,false,false,true,3389.00,Pagina 33,Crizal Easy Pro,Antirreflexo,final,3589.00,3589.00,-14.00,8.00,0.00,-6.00,1.00,3.50,null,LENTES KODAK UNIQUE UHD CRIZAL
Optilab,Optilab 06 de abril a 31 de julho de 2026,LENTES KODAK®,Mista,mista,ae12e847-879e-483a-8f4f-6d4ade4951cf,Stylis 1.67 + Transitions Gen S,LENTES KODAK® LENTES KODAK UNIQUE UHD CRIZAL Stylis 1.67 + Transitions Gen S,multifocal,Resina High Index,1.67,false,false,true,3829.00,Pagina 33,Crizal Easy Pro,Antirreflexo,final,4209.00,4209.00,-14.00,8.00,0.00,-6.00,1.00,3.50,null,LENTES KODAK UNIQUE UHD CRIZAL
Optilab,Optilab 06 de abril a 31 de julho de 2026,LENTES KODAK®,Mista,mista,e1555690-421b-4ef6-aafb-ef18e4cc048a,Stylis 1.67 + Transitions Gen S,LENTES KODAK® LENTES KODAK UNIQUE UHD CRIZAL Stylis 1.67 + Transitions Gen S,multifocal,Resina High Index,1.67,false,false,true,3389.00,Pagina 33,Crizal Prevencia,Antirreflexo,final,4209.00,4209.00,-14.00,8.00,0.00,-6.00,1.00,3.50,null,LENTES KODAK UNIQUE UHD CRIZAL
Optilab,Optilab 06 de abril a 31 de julho de 2026,LENTES KODAK®,Mista,mista,e1555690-421b-4ef6-aafb-ef18e4cc048a,Stylis 1.67 + Transitions Gen S,LENTES KODAK® LENTES KODAK UNIQUE UHD CRIZAL Stylis 1.67 + Transitions Gen S,multifocal,Resina High Index,1.67,false,false,true,3389.00,Pagina 33,Crizal Rock,Antirreflexo,final,3939.00,3939.00,-14.00,8.00,0.00,-6.00,1.00,3.50,null,LENTES KODAK UNIQUE UHD CRIZAL
Optilab,Optilab 06 de abril a 31 de julho de 2026,LENTES KODAK®,Mista,mista,e1555690-421b-4ef6-aafb-ef18e4cc048a,Stylis 1.67 + Transitions Gen S,LENTES KODAK® LENTES KODAK UNIQUE UHD CRIZAL Stylis 1.67 + Transitions Gen S,multifocal,Resina High Index,1.67,false,false,true,3389.00,Pagina 33,Crizal Sapphire HR,Antirreflexo,final,4209.00,4209.00,-14.00,8.00,0.00,-6.00,1.00,3.50,null,LENTES KODAK UNIQUE UHD CRIZAL
Optilab,Optilab 06 de abril a 31 de julho de 2026,LENTES KODAK®,Mista,mista,e1555690-421b-4ef6-aafb-ef18e4cc048a,Stylis 1.67 + Transitions Gen S,LENTES KODAK® LENTES KODAK UNIQUE UHD CRIZAL Stylis 1.67 + Transitions Gen S,multifocal,Resina High Index,1.67,false,false,true,3389.00,Pagina 33,No Reflex,Antirreflexo,final,3439.00,3439.00,-14.00,8.00,0.00,-6.00,1.00,3.50,null,LENTES KODAK UNIQUE UHD CRIZAL
Optilab,Optilab 06 de abril a 31 de julho de 2026,LENTES KODAK®,Mista,mista,ae12e847-879e-483a-8f4f-6d4ade4951cf,Stylis 1.67 + Transitions Gen S,LENTES KODAK® LENTES KODAK UNIQUE UHD CRIZAL Stylis 1.67 + Transitions Gen S,multifocal,Resina High Index,1.67,false,false,true,3829.00,Pagina 33,No Reflex,Antirreflexo,final,3939.00,3939.00,-14.00,8.00,0.00,-6.00,1.00,3.50,null,LENTES KODAK UNIQUE UHD CRIZAL
Optilab,Optilab 06 de abril a 31 de julho de 2026,LENTES KODAK®,Mista,mista,ae12e847-879e-483a-8f4f-6d4ade4951cf,Stylis 1.67 + Transitions Gen S,LENTES KODAK® LENTES KODAK UNIQUE UHD CRIZAL Stylis 1.67 + Transitions Gen S,multifocal,Resina High Index,1.67,false,false,true,3829.00,Pagina 33,Optifog,Antirreflexo,final,4209.00,4209.00,-14.00,8.00,0.00,-6.00,1.00,3.50,null,LENTES KODAK UNIQUE UHD CRIZAL
Optilab,Optilab 06 de abril a 31 de julho de 2026,LENTES KODAK®,Mista,mista,e1555690-421b-4ef6-aafb-ef18e4cc048a,Stylis 1.67 + Transitions Gen S,LENTES KODAK® LENTES KODAK UNIQUE UHD CRIZAL Stylis 1.67 + Transitions Gen S,multifocal,Resina High Index,1.67,false,false,true,3389.00,Pagina 33,Optifog,Antirreflexo,final,3829.00,3829.00,-14.00,8.00,0.00,-6.00,1.00,3.50,null,LENTES KODAK UNIQUE UHD CRIZAL
Optilab,Optilab 06 de abril a 31 de julho de 2026,LENTES KODAK®,Mista,mista,e1555690-421b-4ef6-aafb-ef18e4cc048a,Stylis 1.67 + Transitions Gen S,LENTES KODAK® LENTES KODAK UNIQUE UHD CRIZAL Stylis 1.67 + Transitions Gen S,multifocal,Resina High Index,1.67,false,false,true,3389.00,Pagina 33,Trio Easy Clean,Antirreflexo,final,3389.00,3389.00,-14.00,8.00,0.00,-6.00,1.00,3.50,null,LENTES KODAK UNIQUE UHD CRIZAL
Optilab,Optilab 06 de abril a 31 de julho de 2026,LENTES KODAK®,Mista,mista,ae12e847-879e-483a-8f4f-6d4ade4951cf,Stylis 1.67 + Transitions Gen S,LENTES KODAK® LENTES KODAK UNIQUE UHD CRIZAL Stylis 1.67 + Transitions Gen S,multifocal,Resina High Index,1.67,false,false,true,3829.00,Pagina 33,Trio Easy Clean,Antirreflexo,final,3589.00,3589.00,-14.00,8.00,0.00,-6.00,1.00,3.50,null,LENTES KODAK UNIQUE UHD CRIZAL
Optilab,Optilab 06 de abril a 31 de julho de 2026,LENTES KODAK®,Mista,mista,ae12e847-879e-483a-8f4f-6d4ade4951cf,Stylis 1.67 + Transitions Gen S,LENTES KODAK® LENTES KODAK UNIQUE UHD CRIZAL Stylis 1.67 + Transitions Gen S,multifocal,Resina High Index,1.67,false,false,true,3829.00,Pagina 33,Verniz Hc,Revestimento,final,3829.00,3829.00,-14.00,8.00,0.00,-6.00,1.00,3.50,null,LENTES KODAK UNIQUE UHD CRIZAL
Optilab,Optilab 06 de abril a 31 de julho de 2026,LENTES KODAK®,Mista,mista,9f0e905f-38f9-4692-b60e-1304b10ee94a,Stylis 1.74,LENTES KODAK® LENTES KODAK UNIQUE UHD CRIZAL Stylis 1.74,multifocal,Resina High Index,1.74,false,false,true,4049.00,Pagina 33,Crizal Sapphire HR,Antirreflexo,final,4049.00,4049.00,-18.00,13.00,0.00,-6.00,1.00,3.50,null,LENTES KODAK UNIQUE UHD CRIZAL
Optilab,Optilab 06 de abril a 31 de julho de 2026,LENTES KODAK®,Mista,mista,9f0e905f-38f9-4692-b60e-1304b10ee94a,Stylis 1.74,LENTES KODAK® LENTES KODAK UNIQUE UHD CRIZAL Stylis 1.74,multifocal,Resina High Index,1.74,false,false,true,4049.00,Pagina 33,Optifog,Antirreflexo,final,4049.00,4049.00,-18.00,13.00,0.00,-6.00,1.00,3.50,null,LENTES KODAK UNIQUE UHD CRIZAL
Optilab,Optilab 06 de abril a 31 de julho de 2026,LENTES KODAK®,Mista,mista,2372c6bb-2ad0-4bce-a045-e44050557817,Stylis 1.74 + Transitions Gen S,LENTES KODAK® LENTES KODAK UNIQUE UHD CRIZAL Stylis 1.74 + Transitions Gen S,multifocal,Resina High Index,1.74,false,false,true,4989.00,Pagina 33,Crizal Sapphire HR,Antirreflexo,final,4989.00,4989.00,-18.00,13.00,0.00,-6.00,1.00,3.50,null,LENTES KODAK UNIQUE UHD CRIZAL
Optilab,Optilab 06 de abril a 31 de julho de 2026,LENTES KODAK®,Mista,mista,2372c6bb-2ad0-4bce-a045-e44050557817,Stylis 1.74 + Transitions Gen S,LENTES KODAK® LENTES KODAK UNIQUE UHD CRIZAL Stylis 1.74 + Transitions Gen S,multifocal,Resina High Index,1.74,false,false,true,4989.00,Pagina 33,Optifog,Antirreflexo,final,4989.00,4989.00,-18.00,13.00,0.00,-6.00,1.00,3.50,null,LENTES KODAK UNIQUE UHD CRIZAL
Optilab,Optilab 06 de abril a 31 de julho de 2026,LENTES KODAK®,Mista,mista,d2284658-33b6-4803-bbcf-8cd04fdc7143,Lentes KODAK Blue 1.56,LENTES KODAK® LENTES PRONTAS Lentes KODAK Blue 1.56,visao_simples,Resina,1.56,true,true,false,219.00,Pagina 35,null,null,null,null,219.00,-6.00,4.00,0.00,-2.00,null,null,LENTES PRONTAS,null
Optilab,Optilab 06 de abril a 31 de julho de 2026,LENTES KODAK®,Mista,mista,a4123999-2daf-475a-9147-8b0f3b0aaa66,Lentes KODAK Blue 1.67,LENTES KODAK® LENTES PRONTAS Lentes KODAK Blue 1.67,visao_simples,Resina,1.67,true,true,false,879.00,Pagina 35,null,null,null,null,879.00,-10.00,6.00,0.00,-2.00,null,null,LENTES PRONTAS,null
Optilab,Optilab 06 de abril a 31 de julho de 2026,LENTES KODAK®,Mista,mista,24ffeaea-eb25-4300-bd7b-639ac304fb75,Lentes KODAK Blue Poly,LENTES KODAK® LENTES PRONTAS Lentes KODAK Blue Poly,visao_simples,Policarbonato,1.59,true,true,false,319.00,Pagina 35,null,null,null,null,319.00,-8.00,4.00,0.00,-2.00,null,null,LENTES PRONTAS,null
Optilab,Optilab 06 de abril a 31 de julho de 2026,LENTES KODAK®,Mista,mista,365ae8dd-f0dd-4c47-b47e-edcecf75b947,Lentes KODAK City 1.50 Transitions Gen 8*,LENTES KODAK® LENTES PRONTAS Lentes KODAK City 1.50 Transitions Gen 8*,visao_simples,Resina,1.50,true,true,false,329.00,Pagina 35,null,null,null,null,329.00,-4.00,4.00,0.00,-2.00,null,null,LENTES PRONTAS,null
Optilab,Optilab 06 de abril a 31 de julho de 2026,LENTES KODAK®,Mista,mista,05f0826b-91d5-4be5-b9b1-28c465e2f30e,Lentes KODAK City 1.56,LENTES KODAK® LENTES PRONTAS Lentes KODAK City 1.56,visao_simples,Resina,1.56,true,false,false,429.00,Pagina 35,null,null,null,null,429.00,-6.00,6.00,0.00,-2.00,null,null,LENTES PRONTAS,null
Optilab,Optilab 06 de abril a 31 de julho de 2026,LENTES KODAK®,Mista,mista,2e6477e8-969c-4c1a-9606-f55f726002ba,Lentes KODAK City 1.67,LENTES KODAK® LENTES PRONTAS Lentes KODAK City 1.67,visao_simples,Resina,1.67,true,false,false,649.00,Pagina 35,null,null,null,null,649.00,-12.00,0.00,0.00,-2.00,null,null,LENTES PRONTAS,null
Optilab,Optilab 06 de abril a 31 de julho de 2026,LENTES KODAK®,Mista,mista,ac29b69a-bacd-4c01-b1ff-16b546ab8223,Lentes KODAK City Poly,LENTES KODAK® LENTES PRONTAS Lentes KODAK City Poly,visao_simples,Policarbonato,1.59,true,false,false,989.00,Pagina 35,null,null,null,null,989.00,-8.00,4.00,0.00,-2.00,null,null,LENTES PRONTAS,null
Optilab,Optilab 06 de abril a 31 de julho de 2026,LENTES KODAK®,Mista,mista,9de872be-e4a8-44ff-839f-eabad7200098,Lentes KODAK Intro 1.56,LENTES KODAK® LENTES PRONTAS Lentes KODAK Intro 1.56,visao_simples,Resina,1.56,true,false,false,109.00,Pagina 35,null,null,null,null,109.00,-6.00,6.00,0.00,-2.00,null,null,LENTES PRONTAS,null
Optilab,Optilab 06 de abril a 31 de julho de 2026,LENTES KODAK®,Mista,mista,539d4459-05dc-4321-b6ca-11c79a5c70ca,Lentes KODAK Intro Poly,LENTES KODAK® LENTES PRONTAS Lentes KODAK Intro Poly,visao_simples,Policarbonato,1.59,true,false,false,209.00,Pagina 35,null,null,null,null,209.00,-8.00,4.00,0.00,-2.00,null,null,LENTES PRONTAS,null
Optilab,Optilab 06 de abril a 31 de julho de 2026,LENTES KODAK®,Mista,mista,a22f8645-284f-44b5-bd2a-85824dd855fb,1.50,LENTES KODAK® MULTIFOCAL DIGITAL LENTES KODAK NETWORK UHD CRIZAL 1.50,multifocal,Resina,1.50,false,false,true,709.00,Pagina 34,Crizal Easy Pro,Antirreflexo,final,1109.00,1109.00,-10.25,5.25,0.00,-6.00,1.00,3.50,MULTIFOCAL DIGITAL,LENTES KODAK NETWORK UHD CRIZAL
Optilab,Optilab 06 de abril a 31 de julho de 2026,LENTES KODAK®,Mista,mista,d6ff05fb-8bb0-4252-8486-44bb72e95c62,1.50,LENTES KODAK® MULTIFOCAL DIGITAL LENTES KODAK NETWORK UHD CRIZAL 1.50,multifocal,Resina,1.50,false,false,true,1349.00,Pagina 34,Crizal Easy Pro,Antirreflexo,final,1729.00,1729.00,-10.25,5.25,0.00,-6.00,1.00,3.50,MULTIFOCAL DIGITAL,LENTES KODAK NETWORK UHD CRIZAL
Optilab,Optilab 06 de abril a 31 de julho de 2026,LENTES KODAK®,Mista,mista,a22f8645-284f-44b5-bd2a-85824dd855fb,1.50,LENTES KODAK® MULTIFOCAL DIGITAL LENTES KODAK NETWORK UHD CRIZAL 1.50,multifocal,Resina,1.50,false,false,true,709.00,Pagina 34,Crizal Prevencia,Antirreflexo,final,1729.00,1729.00,-10.25,5.25,0.00,-6.00,1.00,3.50,MULTIFOCAL DIGITAL,LENTES KODAK NETWORK UHD CRIZAL
Optilab,Optilab 06 de abril a 31 de julho de 2026,LENTES KODAK®,Mista,mista,a22f8645-284f-44b5-bd2a-85824dd855fb,1.50,LENTES KODAK® MULTIFOCAL DIGITAL LENTES KODAK NETWORK UHD CRIZAL 1.50,multifocal,Resina,1.50,false,false,true,709.00,Pagina 34,Crizal Rock,Antirreflexo,final,1459.00,1459.00,-10.25,5.25,0.00,-6.00,1.00,3.50,MULTIFOCAL DIGITAL,LENTES KODAK NETWORK UHD CRIZAL
Optilab,Optilab 06 de abril a 31 de julho de 2026,LENTES KODAK®,Mista,mista,a22f8645-284f-44b5-bd2a-85824dd855fb,1.50,LENTES KODAK® MULTIFOCAL DIGITAL LENTES KODAK NETWORK UHD CRIZAL 1.50,multifocal,Resina,1.50,false,false,true,709.00,Pagina 34,Crizal Sapphire HR,Antirreflexo,final,1729.00,1729.00,-10.25,5.25,0.00,-6.00,1.00,3.50,MULTIFOCAL DIGITAL,LENTES KODAK NETWORK UHD CRIZAL
Optilab,Optilab 06 de abril a 31 de julho de 2026,LENTES KODAK®,Mista,mista,d6ff05fb-8bb0-4252-8486-44bb72e95c62,1.50,LENTES KODAK® MULTIFOCAL DIGITAL LENTES KODAK NETWORK UHD CRIZAL 1.50,multifocal,Resina,1.50,false,false,true,1349.00,Pagina 34,No Reflex,Antirreflexo,final,1459.00,1459.00,-10.25,5.25,0.00,-6.00,1.00,3.50,MULTIFOCAL DIGITAL,LENTES KODAK NETWORK UHD CRIZAL
Optilab,Optilab 06 de abril a 31 de julho de 2026,LENTES KODAK®,Mista,mista,a22f8645-284f-44b5-bd2a-85824dd855fb,1.50,LENTES KODAK® MULTIFOCAL DIGITAL LENTES KODAK NETWORK UHD CRIZAL 1.50,multifocal,Resina,1.50,false,false,true,709.00,Pagina 34,No Reflex,Antirreflexo,final,959.00,959.00,-10.25,5.25,0.00,-6.00,1.00,3.50,MULTIFOCAL DIGITAL,LENTES KODAK NETWORK UHD CRIZAL
Optilab,Optilab 06 de abril a 31 de julho de 2026,LENTES KODAK®,Mista,mista,d6ff05fb-8bb0-4252-8486-44bb72e95c62,1.50,LENTES KODAK® MULTIFOCAL DIGITAL LENTES KODAK NETWORK UHD CRIZAL 1.50,multifocal,Resina,1.50,false,false,true,1349.00,Pagina 34,Optifog,Antirreflexo,final,1729.00,1729.00,-10.25,5.25,0.00,-6.00,1.00,3.50,MULTIFOCAL DIGITAL,LENTES KODAK NETWORK UHD CRIZAL
Optilab,Optilab 06 de abril a 31 de julho de 2026,LENTES KODAK®,Mista,mista,a22f8645-284f-44b5-bd2a-85824dd855fb,1.50,LENTES KODAK® MULTIFOCAL DIGITAL LENTES KODAK NETWORK UHD CRIZAL 1.50,multifocal,Resina,1.50,false,false,true,709.00,Pagina 34,Optifog,Antirreflexo,final,1349.00,1349.00,-10.25,5.25,0.00,-6.00,1.00,3.50,MULTIFOCAL DIGITAL,LENTES KODAK NETWORK UHD CRIZAL
Optilab,Optilab 06 de abril a 31 de julho de 2026,LENTES KODAK®,Mista,mista,d6ff05fb-8bb0-4252-8486-44bb72e95c62,1.50,LENTES KODAK® MULTIFOCAL DIGITAL LENTES KODAK NETWORK UHD CRIZAL 1.50,multifocal,Resina,1.50,false,false,true,1349.00,Pagina 34,Trio Easy Clean,Antirreflexo,final,1109.00,1109.00,-10.25,5.25,0.00,-6.00,1.00,3.50,MULTIFOCAL DIGITAL,LENTES KODAK NETWORK UHD CRIZAL
Optilab,Optilab 06 de abril a 31 de julho de 2026,LENTES KODAK®,Mista,mista,a22f8645-284f-44b5-bd2a-85824dd855fb,1.50,LENTES KODAK® MULTIFOCAL DIGITAL LENTES KODAK NETWORK UHD CRIZAL 1.50,multifocal,Resina,1.50,false,false,true,709.00,Pagina 34,Trio Easy Clean,Antirreflexo,final,909.00,909.00,-10.25,5.25,0.00,-6.00,1.00,3.50,MULTIFOCAL DIGITAL,LENTES KODAK NETWORK UHD CRIZAL
Optilab,Optilab 06 de abril a 31 de julho de 2026,LENTES KODAK®,Mista,mista,a22f8645-284f-44b5-bd2a-85824dd855fb,1.50,LENTES KODAK® MULTIFOCAL DIGITAL LENTES KODAK NETWORK UHD CRIZAL 1.50,multifocal,Resina,1.50,false,false,true,709.00,Pagina 34,Verniz Hc,Revestimento,final,709.00,709.00,-10.25,5.25,0.00,-6.00,1.00,3.50,MULTIFOCAL DIGITAL,LENTES KODAK NETWORK UHD CRIZAL
Optilab,Optilab 06 de abril a 31 de julho de 2026,LENTES KODAK®,Mista,mista,d6ff05fb-8bb0-4252-8486-44bb72e95c62,1.50,LENTES KODAK® MULTIFOCAL DIGITAL LENTES KODAK NETWORK UHD CRIZAL 1.50,multifocal,Resina,1.50,false,false,true,1349.00,Pagina 34,Verniz Hc,Revestimento,final,1349.00,1349.00,-10.25,5.25,0.00,-6.00,1.00,3.50,MULTIFOCAL DIGITAL,LENTES KODAK NETWORK UHD CRIZAL
Optilab,Optilab 06 de abril a 31 de julho de 2026,LENTES KODAK®,Mista,mista,79076943-2e03-4bc7-a5a3-bf522e0a289f,1.50 + Transitions Extractive,LENTES KODAK® MULTIFOCAL DIGITAL LENTES KODAK NETWORK UHD CRIZAL 1.50 + Transitions Extractive,multifocal,Resina,1.50,false,false,true,2359.00,Pagina 34,Crizal Easy Pro,Antirreflexo,final,2739.00,2739.00,-10.25,5.25,0.00,-6.00,1.00,3.50,MULTIFOCAL DIGITAL,LENTES KODAK NETWORK UHD CRIZAL
Optilab,Optilab 06 de abril a 31 de julho de 2026,LENTES KODAK®,Mista,mista,a6efb8ef-4f87-42bc-8a49-319f541cbf6e,1.50 + Transitions Extractive,LENTES KODAK® MULTIFOCAL DIGITAL LENTES KODAK NETWORK UHD CRIZAL 1.50 + Transitions Extractive,multifocal,Resina,1.50,false,false,true,2579.00,Pagina 34,Crizal Easy Pro,Antirreflexo,final,2959.00,2959.00,-10.00,6.50,0.00,-6.00,1.00,3.50,MULTIFOCAL DIGITAL,LENTES KODAK NETWORK UHD CRIZAL
Optilab,Optilab 06 de abril a 31 de julho de 2026,LENTES KODAK®,Mista,mista,de56c042-b02b-4eac-a851-9bad231828f0,1.50 + Transitions Extractive,LENTES KODAK® MULTIFOCAL DIGITAL LENTES KODAK NETWORK UHD CRIZAL 1.50 + Transitions Extractive,multifocal,Resina,1.50,false,false,true,1719.00,Pagina 34,Crizal Easy Pro,Antirreflexo,final,2119.00,2119.00,-10.25,5.25,0.00,-6.00,1.00,3.50,MULTIFOCAL DIGITAL,LENTES KODAK NETWORK UHD CRIZAL
Optilab,Optilab 06 de abril a 31 de julho de 2026,LENTES KODAK®,Mista,mista,5a65f391-0809-4391-b39a-73b4db31b000,1.50 + Transitions Extractive,LENTES KODAK® MULTIFOCAL DIGITAL LENTES KODAK NETWORK UHD CRIZAL 1.50 + Transitions Extractive,multifocal,Resina,1.50,false,false,true,1939.00,Pagina 34,Crizal Easy Pro,Antirreflexo,final,2339.00,2339.00,-10.00,6.50,0.00,-6.00,1.00,3.50,MULTIFOCAL DIGITAL,LENTES KODAK NETWORK UHD CRIZAL
Optilab,Optilab 06 de abril a 31 de julho de 2026,LENTES KODAK®,Mista,mista,5a65f391-0809-4391-b39a-73b4db31b000,1.50 + Transitions Extractive,LENTES KODAK® MULTIFOCAL DIGITAL LENTES KODAK NETWORK UHD CRIZAL 1.50 + Transitions Extractive,multifocal,Resina,1.50,false,false,true,1939.00,Pagina 34,Crizal Prevencia,Antirreflexo,final,2959.00,2959.00,-10.00,6.50,0.00,-6.00,1.00,3.50,MULTIFOCAL DIGITAL,LENTES KODAK NETWORK UHD CRIZAL
Optilab,Optilab 06 de abril a 31 de julho de 2026,LENTES KODAK®,Mista,mista,de56c042-b02b-4eac-a851-9bad231828f0,1.50 + Transitions Extractive,LENTES KODAK® MULTIFOCAL DIGITAL LENTES KODAK NETWORK UHD CRIZAL 1.50 + Transitions Extractive,multifocal,Resina,1.50,false,false,true,1719.00,Pagina 34,Crizal Prevencia,Antirreflexo,final,2739.00,2739.00,-10.25,5.25,0.00,-6.00,1.00,3.50,MULTIFOCAL DIGITAL,LENTES KODAK NETWORK UHD CRIZAL
Optilab,Optilab 06 de abril a 31 de julho de 2026,LENTES KODAK®,Mista,mista,5a65f391-0809-4391-b39a-73b4db31b000,1.50 + Transitions Extractive,LENTES KODAK® MULTIFOCAL DIGITAL LENTES KODAK NETWORK UHD CRIZAL 1.50 + Transitions Extractive,multifocal,Resina,1.50,false,false,true,1939.00,Pagina 34,Crizal Rock,Antirreflexo,final,2689.00,2689.00,-10.00,6.50,0.00,-6.00,1.00,3.50,MULTIFOCAL DIGITAL,LENTES KODAK NETWORK UHD CRIZAL
Optilab,Optilab 06 de abril a 31 de julho de 2026,LENTES KODAK®,Mista,mista,de56c042-b02b-4eac-a851-9bad231828f0,1.50 + Transitions Extractive,LENTES KODAK® MULTIFOCAL DIGITAL LENTES KODAK NETWORK UHD CRIZAL 1.50 + Transitions Extractive,multifocal,Resina,1.50,false,false,true,1719.00,Pagina 34,Crizal Rock,Antirreflexo,final,2469.00,2469.00,-10.25,5.25,0.00,-6.00,1.00,3.50,MULTIFOCAL DIGITAL,LENTES KODAK NETWORK UHD CRIZAL
Optilab,Optilab 06 de abril a 31 de julho de 2026,LENTES KODAK®,Mista,mista,de56c042-b02b-4eac-a851-9bad231828f0,1.50 + Transitions Extractive,LENTES KODAK® MULTIFOCAL DIGITAL LENTES KODAK NETWORK UHD CRIZAL 1.50 + Transitions Extractive,multifocal,Resina,1.50,false,false,true,1719.00,Pagina 34,Crizal Sapphire HR,Antirreflexo,final,2739.00,2739.00,-10.25,5.25,0.00,-6.00,1.00,3.50,MULTIFOCAL DIGITAL,LENTES KODAK NETWORK UHD CRIZAL
Optilab,Optilab 06 de abril a 31 de julho de 2026,LENTES KODAK®,Mista,mista,5a65f391-0809-4391-b39a-73b4db31b000,1.50 + Transitions Extractive,LENTES KODAK® MULTIFOCAL DIGITAL LENTES KODAK NETWORK UHD CRIZAL 1.50 + Transitions Extractive,multifocal,Resina,1.50,false,false,true,1939.00,Pagina 34,Crizal Sapphire HR,Antirreflexo,final,2959.00,2959.00,-10.00,6.50,0.00,-6.00,1.00,3.50,MULTIFOCAL DIGITAL,LENTES KODAK NETWORK UHD CRIZAL
Optilab,Optilab 06 de abril a 31 de julho de 2026,LENTES KODAK®,Mista,mista,a6efb8ef-4f87-42bc-8a49-319f541cbf6e,1.50 + Transitions Extractive,LENTES KODAK® MULTIFOCAL DIGITAL LENTES KODAK NETWORK UHD CRIZAL 1.50 + Transitions Extractive,multifocal,Resina,1.50,false,false,true,2579.00,Pagina 34,No Reflex,Antirreflexo,final,2689.00,2689.00,-10.00,6.50,0.00,-6.00,1.00,3.50,MULTIFOCAL DIGITAL,LENTES KODAK NETWORK UHD CRIZAL
Optilab,Optilab 06 de abril a 31 de julho de 2026,LENTES KODAK®,Mista,mista,de56c042-b02b-4eac-a851-9bad231828f0,1.50 + Transitions Extractive,LENTES KODAK® MULTIFOCAL DIGITAL LENTES KODAK NETWORK UHD CRIZAL 1.50 + Transitions Extractive,multifocal,Resina,1.50,false,false,true,1719.00,Pagina 34,No Reflex,Antirreflexo,final,1969.00,1969.00,-10.25,5.25,0.00,-6.00,1.00,3.50,MULTIFOCAL DIGITAL,LENTES KODAK NETWORK UHD CRIZAL
Optilab,Optilab 06 de abril a 31 de julho de 2026,LENTES KODAK®,Mista,mista,5a65f391-0809-4391-b39a-73b4db31b000,1.50 + Transitions Extractive,LENTES KODAK® MULTIFOCAL DIGITAL LENTES KODAK NETWORK UHD CRIZAL 1.50 + Transitions Extractive,multifocal,Resina,1.50,false,false,true,1939.00,Pagina 34,No Reflex,Antirreflexo,final,2189.00,2189.00,-10.00,6.50,0.00,-6.00,1.00,3.50,MULTIFOCAL DIGITAL,LENTES KODAK NETWORK UHD CRIZAL
Optilab,Optilab 06 de abril a 31 de julho de 2026,LENTES KODAK®,Mista,mista,79076943-2e03-4bc7-a5a3-bf522e0a289f,1.50 + Transitions Extractive,LENTES KODAK® MULTIFOCAL DIGITAL LENTES KODAK NETWORK UHD CRIZAL 1.50 + Transitions Extractive,multifocal,Resina,1.50,false,false,true,2359.00,Pagina 34,No Reflex,Antirreflexo,final,2469.00,2469.00,-10.25,5.25,0.00,-6.00,1.00,3.50,MULTIFOCAL DIGITAL,LENTES KODAK NETWORK UHD CRIZAL
Optilab,Optilab 06 de abril a 31 de julho de 2026,LENTES KODAK®,Mista,mista,79076943-2e03-4bc7-a5a3-bf522e0a289f,1.50 + Transitions Extractive,LENTES KODAK® MULTIFOCAL DIGITAL LENTES KODAK NETWORK UHD CRIZAL 1.50 + Transitions Extractive,multifocal,Resina,1.50,false,false,true,2359.00,Pagina 34,Optifog,Antirreflexo,final,2739.00,2739.00,-10.25,5.25,0.00,-6.00,1.00,3.50,MULTIFOCAL DIGITAL,LENTES KODAK NETWORK UHD CRIZAL
Optilab,Optilab 06 de abril a 31 de julho de 2026,LENTES KODAK®,Mista,mista,de56c042-b02b-4eac-a851-9bad231828f0,1.50 + Transitions Extractive,LENTES KODAK® MULTIFOCAL DIGITAL LENTES KODAK NETWORK UHD CRIZAL 1.50 + Transitions Extractive,multifocal,Resina,1.50,false,false,true,1719.00,Pagina 34,Optifog,Antirreflexo,final,2359.00,2359.00,-10.25,5.25,0.00,-6.00,1.00,3.50,MULTIFOCAL DIGITAL,LENTES KODAK NETWORK UHD CRIZAL
Optilab,Optilab 06 de abril a 31 de julho de 2026,LENTES KODAK®,Mista,mista,a6efb8ef-4f87-42bc-8a49-319f541cbf6e,1.50 + Transitions Extractive,LENTES KODAK® MULTIFOCAL DIGITAL LENTES KODAK NETWORK UHD CRIZAL 1.50 + Transitions Extractive,multifocal,Resina,1.50,false,false,true,2579.00,Pagina 34,Optifog,Antirreflexo,final,2959.00,2959.00,-10.00,6.50,0.00,-6.00,1.00,3.50,MULTIFOCAL DIGITAL,LENTES KODAK NETWORK UHD CRIZAL
Optilab,Optilab 06 de abril a 31 de julho de 2026,LENTES KODAK®,Mista,mista,5a65f391-0809-4391-b39a-73b4db31b000,1.50 + Transitions Extractive,LENTES KODAK® MULTIFOCAL DIGITAL LENTES KODAK NETWORK UHD CRIZAL 1.50 + Transitions Extractive,multifocal,Resina,1.50,false,false,true,1939.00,Pagina 34,Optifog,Antirreflexo,final,2579.00,2579.00,-10.00,6.50,0.00,-6.00,1.00,3.50,MULTIFOCAL DIGITAL,LENTES KODAK NETWORK UHD CRIZAL
Optilab,Optilab 06 de abril a 31 de julho de 2026,LENTES KODAK®,Mista,mista,5a65f391-0809-4391-b39a-73b4db31b000,1.50 + Transitions Extractive,LENTES KODAK® MULTIFOCAL DIGITAL LENTES KODAK NETWORK UHD CRIZAL 1.50 + Transitions Extractive,multifocal,Resina,1.50,false,false,true,1939.00,Pagina 34,Trio Easy Clean,Antirreflexo,final,2139.00,2139.00,-10.00,6.50,0.00,-6.00,1.00,3.50,MULTIFOCAL DIGITAL,LENTES KODAK NETWORK UHD CRIZAL
Optilab,Optilab 06 de abril a 31 de julho de 2026,LENTES KODAK®,Mista,mista,de56c042-b02b-4eac-a851-9bad231828f0,1.50 + Transitions Extractive,LENTES KODAK® MULTIFOCAL DIGITAL LENTES KODAK NETWORK UHD CRIZAL 1.50 + Transitions Extractive,multifocal,Resina,1.50,false,false,true,1719.00,Pagina 34,Trio Easy Clean,Antirreflexo,final,1919.00,1919.00,-10.25,5.25,0.00,-6.00,1.00,3.50,MULTIFOCAL DIGITAL,LENTES KODAK NETWORK UHD CRIZAL
Optilab,Optilab 06 de abril a 31 de julho de 2026,LENTES KODAK®,Mista,mista,79076943-2e03-4bc7-a5a3-bf522e0a289f,1.50 + Transitions Extractive,LENTES KODAK® MULTIFOCAL DIGITAL LENTES KODAK NETWORK UHD CRIZAL 1.50 + Transitions Extractive,multifocal,Resina,1.50,false,false,true,2359.00,Pagina 34,Trio Easy Clean,Antirreflexo,final,2119.00,2119.00,-10.25,5.25,0.00,-6.00,1.00,3.50,MULTIFOCAL DIGITAL,LENTES KODAK NETWORK UHD CRIZAL
Optilab,Optilab 06 de abril a 31 de julho de 2026,LENTES KODAK®,Mista,mista,a6efb8ef-4f87-42bc-8a49-319f541cbf6e,1.50 + Transitions Extractive,LENTES KODAK® MULTIFOCAL DIGITAL LENTES KODAK NETWORK UHD CRIZAL 1.50 + Transitions Extractive,multifocal,Resina,1.50,false,false,true,2579.00,Pagina 34,Trio Easy Clean,Antirreflexo,final,2339.00,2339.00,-10.00,6.50,0.00,-6.00,1.00,3.50,MULTIFOCAL DIGITAL,LENTES KODAK NETWORK UHD CRIZAL
Optilab,Optilab 06 de abril a 31 de julho de 2026,LENTES KODAK®,Mista,mista,de56c042-b02b-4eac-a851-9bad231828f0,1.50 + Transitions Extractive,LENTES KODAK® MULTIFOCAL DIGITAL LENTES KODAK NETWORK UHD CRIZAL 1.50 + Transitions Extractive,multifocal,Resina,1.50,false,false,true,1719.00,Pagina 34,Verniz Hc,Revestimento,final,1719.00,1719.00,-10.25,5.25,0.00,-6.00,1.00,3.50,MULTIFOCAL DIGITAL,LENTES KODAK NETWORK UHD CRIZAL
Optilab,Optilab 06 de abril a 31 de julho de 2026,LENTES KODAK®,Mista,mista,5a65f391-0809-4391-b39a-73b4db31b000,1.50 + Transitions Extractive,LENTES KODAK® MULTIFOCAL DIGITAL LENTES KODAK NETWORK UHD CRIZAL 1.50 + Transitions Extractive,multifocal,Resina,1.50,false,false,true,1939.00,Pagina 34,Verniz Hc,Revestimento,final,1939.00,1939.00,-10.00,6.50,0.00,-6.00,1.00,3.50,MULTIFOCAL DIGITAL,LENTES KODAK NETWORK UHD CRIZAL
Optilab,Optilab 06 de abril a 31 de julho de 2026,LENTES KODAK®,Mista,mista,79076943-2e03-4bc7-a5a3-bf522e0a289f,1.50 + Transitions Extractive,LENTES KODAK® MULTIFOCAL DIGITAL LENTES KODAK NETWORK UHD CRIZAL 1.50 + Transitions Extractive,multifocal,Resina,1.50,false,false,true,2359.00,Pagina 34,Verniz Hc,Revestimento,final,2359.00,2359.00,-10.25,5.25,0.00,-6.00,1.00,3.50,MULTIFOCAL DIGITAL,LENTES KODAK NETWORK UHD CRIZAL
Optilab,Optilab 06 de abril a 31 de julho de 2026,LENTES KODAK®,Mista,mista,a6efb8ef-4f87-42bc-8a49-319f541cbf6e,1.50 + Transitions Extractive,LENTES KODAK® MULTIFOCAL DIGITAL LENTES KODAK NETWORK UHD CRIZAL 1.50 + Transitions Extractive,multifocal,Resina,1.50,false,false,true,2579.00,Pagina 34,Verniz Hc,Revestimento,final,2579.00,2579.00,-10.00,6.50,0.00,-6.00,1.00,3.50,MULTIFOCAL DIGITAL,LENTES KODAK NETWORK UHD CRIZAL
Optilab,Optilab 06 de abril a 31 de julho de 2026,LENTES KODAK®,Mista,mista,13b9a8c6-61f6-4454-a4a9-e277cb623778,1.50 + Transitions Gen S,LENTES KODAK® MULTIFOCAL DIGITAL LENTES KODAK NETWORK UHD CRIZAL 1.50 + Transitions Gen S,multifocal,Resina,1.50,false,false,true,2509.00,Pagina 34,Crizal Easy Pro,Antirreflexo,final,2889.00,2889.00,-10.00,6.50,0.00,-6.00,1.00,3.50,MULTIFOCAL DIGITAL,LENTES KODAK NETWORK UHD CRIZAL
Optilab,Optilab 06 de abril a 31 de julho de 2026,LENTES KODAK®,Mista,mista,ff5ce11c-edac-4ffd-a080-36ed6754d2d2,1.50 + Transitions Gen S,LENTES KODAK® MULTIFOCAL DIGITAL LENTES KODAK NETWORK UHD CRIZAL 1.50 + Transitions Gen S,multifocal,Resina,1.50,false,false,true,1649.00,Pagina 34,Crizal Easy Pro,Antirreflexo,final,2049.00,2049.00,-10.25,5.25,0.00,-6.00,1.00,3.50,MULTIFOCAL DIGITAL,LENTES KODAK NETWORK UHD CRIZAL
Optilab,Optilab 06 de abril a 31 de julho de 2026,LENTES KODAK®,Mista,mista,08232728-f4e7-4543-9fbb-5187eb2b9604,1.50 + Transitions Gen S,LENTES KODAK® MULTIFOCAL DIGITAL LENTES KODAK NETWORK UHD CRIZAL 1.50 + Transitions Gen S,multifocal,Resina,1.50,false,false,true,2289.00,Pagina 34,Crizal Easy Pro,Antirreflexo,final,2669.00,2669.00,-10.25,5.25,0.00,-6.00,1.00,3.50,MULTIFOCAL DIGITAL,LENTES KODAK NETWORK UHD CRIZAL
Optilab,Optilab 06 de abril a 31 de julho de 2026,LENTES KODAK®,Mista,mista,71c68f91-6e01-4743-8020-50025f755d5f,1.50 + Transitions Gen S,LENTES KODAK® MULTIFOCAL DIGITAL LENTES KODAK NETWORK UHD CRIZAL 1.50 + Transitions Gen S,multifocal,Resina,1.50,false,false,true,1869.00,Pagina 34,Crizal Easy Pro,Antirreflexo,final,2269.00,2269.00,-10.00,6.50,0.00,-6.00,1.00,3.50,MULTIFOCAL DIGITAL,LENTES KODAK NETWORK UHD CRIZAL
Optilab,Optilab 06 de abril a 31 de julho de 2026,LENTES KODAK®,Mista,mista,71c68f91-6e01-4743-8020-50025f755d5f,1.50 + Transitions Gen S,LENTES KODAK® MULTIFOCAL DIGITAL LENTES KODAK NETWORK UHD CRIZAL 1.50 + Transitions Gen S,multifocal,Resina,1.50,false,false,true,1869.00,Pagina 34,Crizal Prevencia,Antirreflexo,final,2889.00,2889.00,-10.00,6.50,0.00,-6.00,1.00,3.50,MULTIFOCAL DIGITAL,LENTES KODAK NETWORK UHD CRIZAL
Optilab,Optilab 06 de abril a 31 de julho de 2026,LENTES KODAK®,Mista,mista,ff5ce11c-edac-4ffd-a080-36ed6754d2d2,1.50 + Transitions Gen S,LENTES KODAK® MULTIFOCAL DIGITAL LENTES KODAK NETWORK UHD CRIZAL 1.50 + Transitions Gen S,multifocal,Resina,1.50,false,false,true,1649.00,Pagina 34,Crizal Prevencia,Antirreflexo,final,2669.00,2669.00,-10.25,5.25,0.00,-6.00,1.00,3.50,MULTIFOCAL DIGITAL,LENTES KODAK NETWORK UHD CRIZAL
Optilab,Optilab 06 de abril a 31 de julho de 2026,LENTES KODAK®,Mista,mista,71c68f91-6e01-4743-8020-50025f755d5f,1.50 + Transitions Gen S,LENTES KODAK® MULTIFOCAL DIGITAL LENTES KODAK NETWORK UHD CRIZAL 1.50 + Transitions Gen S,multifocal,Resina,1.50,false,false,true,1869.00,Pagina 34,Crizal Rock,Antirreflexo,final,2619.00,2619.00,-10.00,6.50,0.00,-6.00,1.00,3.50,MULTIFOCAL DIGITAL,LENTES KODAK NETWORK UHD CRIZAL
Optilab,Optilab 06 de abril a 31 de julho de 2026,LENTES KODAK®,Mista,mista,ff5ce11c-edac-4ffd-a080-36ed6754d2d2,1.50 + Transitions Gen S,LENTES KODAK® MULTIFOCAL DIGITAL LENTES KODAK NETWORK UHD CRIZAL 1.50 + Transitions Gen S,multifocal,Resina,1.50,false,false,true,1649.00,Pagina 34,Crizal Rock,Antirreflexo,final,2399.00,2399.00,-10.25,5.25,0.00,-6.00,1.00,3.50,MULTIFOCAL DIGITAL,LENTES KODAK NETWORK UHD CRIZAL
Optilab,Optilab 06 de abril a 31 de julho de 2026,LENTES KODAK®,Mista,mista,71c68f91-6e01-4743-8020-50025f755d5f,1.50 + Transitions Gen S,LENTES KODAK® MULTIFOCAL DIGITAL LENTES KODAK NETWORK UHD CRIZAL 1.50 + Transitions Gen S,multifocal,Resina,1.50,false,false,true,1869.00,Pagina 34,Crizal Sapphire HR,Antirreflexo,final,2889.00,2889.00,-10.00,6.50,0.00,-6.00,1.00,3.50,MULTIFOCAL DIGITAL,LENTES KODAK NETWORK UHD CRIZAL
Optilab,Optilab 06 de abril a 31 de julho de 2026,LENTES KODAK®,Mista,mista,ff5ce11c-edac-4ffd-a080-36ed6754d2d2,1.50 + Transitions Gen S,LENTES KODAK® MULTIFOCAL DIGITAL LENTES KODAK NETWORK UHD CRIZAL 1.50 + Transitions Gen S,multifocal,Resina,1.50,false,false,true,1649.00,Pagina 34,Crizal Sapphire HR,Antirreflexo,final,2669.00,2669.00,-10.25,5.25,0.00,-6.00,1.00,3.50,MULTIFOCAL DIGITAL,LENTES KODAK NETWORK UHD CRIZAL
Optilab,Optilab 06 de abril a 31 de julho de 2026,LENTES KODAK®,Mista,mista,71c68f91-6e01-4743-8020-50025f755d5f,1.50 + Transitions Gen S,LENTES KODAK® MULTIFOCAL DIGITAL LENTES KODAK NETWORK UHD CRIZAL 1.50 + Transitions Gen S,multifocal,Resina,1.50,false,false,true,1869.00,Pagina 34,No Reflex,Antirreflexo,final,2119.00,2119.00,-10.00,6.50,0.00,-6.00,1.00,3.50,MULTIFOCAL DIGITAL,LENTES KODAK NETWORK UHD CRIZAL
Optilab,Optilab 06 de abril a 31 de julho de 2026,LENTES KODAK®,Mista,mista,ff5ce11c-edac-4ffd-a080-36ed6754d2d2,1.50 + Transitions Gen S,LENTES KODAK® MULTIFOCAL DIGITAL LENTES KODAK NETWORK UHD CRIZAL 1.50 + Transitions Gen S,multifocal,Resina,1.50,false,false,true,1649.00,Pagina 34,No Reflex,Antirreflexo,final,1899.00,1899.00,-10.25,5.25,0.00,-6.00,1.00,3.50,MULTIFOCAL DIGITAL,LENTES KODAK NETWORK UHD CRIZAL
Optilab,Optilab 06 de abril a 31 de julho de 2026,LENTES KODAK®,Mista,mista,13b9a8c6-61f6-4454-a4a9-e277cb623778,1.50 + Transitions Gen S,LENTES KODAK® MULTIFOCAL DIGITAL LENTES KODAK NETWORK UHD CRIZAL 1.50 + Transitions Gen S,multifocal,Resina,1.50,false,false,true,2509.00,Pagina 34,No Reflex,Antirreflexo,final,2619.00,2619.00,-10.00,6.50,0.00,-6.00,1.00,3.50,MULTIFOCAL DIGITAL,LENTES KODAK NETWORK UHD CRIZAL
Optilab,Optilab 06 de abril a 31 de julho de 2026,LENTES KODAK®,Mista,mista,08232728-f4e7-4543-9fbb-5187eb2b9604,1.50 + Transitions Gen S,LENTES KODAK® MULTIFOCAL DIGITAL LENTES KODAK NETWORK UHD CRIZAL 1.50 + Transitions Gen S,multifocal,Resina,1.50,false,false,true,2289.00,Pagina 34,No Reflex,Antirreflexo,final,2399.00,2399.00,-10.25,5.25,0.00,-6.00,1.00,3.50,MULTIFOCAL DIGITAL,LENTES KODAK NETWORK UHD CRIZAL
Optilab,Optilab 06 de abril a 31 de julho de 2026,LENTES KODAK®,Mista,mista,13b9a8c6-61f6-4454-a4a9-e277cb623778,1.50 + Transitions Gen S,LENTES KODAK® MULTIFOCAL DIGITAL LENTES KODAK NETWORK UHD CRIZAL 1.50 + Transitions Gen S,multifocal,Resina,1.50,false,false,true,2509.00,Pagina 34,Optifog,Antirreflexo,final,2889.00,2889.00,-10.00,6.50,0.00,-6.00,1.00,3.50,MULTIFOCAL DIGITAL,LENTES KODAK NETWORK UHD CRIZAL
Optilab,Optilab 06 de abril a 31 de julho de 2026,LENTES KODAK®,Mista,mista,08232728-f4e7-4543-9fbb-5187eb2b9604,1.50 + Transitions Gen S,LENTES KODAK® MULTIFOCAL DIGITAL LENTES KODAK NETWORK UHD CRIZAL 1.50 + Transitions Gen S,multifocal,Resina,1.50,false,false,true,2289.00,Pagina 34,Optifog,Antirreflexo,final,2669.00,2669.00,-10.25,5.25,0.00,-6.00,1.00,3.50,MULTIFOCAL DIGITAL,LENTES KODAK NETWORK UHD CRIZAL
Optilab,Optilab 06 de abril a 31 de julho de 2026,LENTES KODAK®,Mista,mista,71c68f91-6e01-4743-8020-50025f755d5f,1.50 + Transitions Gen S,LENTES KODAK® MULTIFOCAL DIGITAL LENTES KODAK NETWORK UHD CRIZAL 1.50 + Transitions Gen S,multifocal,Resina,1.50,false,false,true,1869.00,Pagina 34,Optifog,Antirreflexo,final,2509.00,2509.00,-10.00,6.50,0.00,-6.00,1.00,3.50,MULTIFOCAL DIGITAL,LENTES KODAK NETWORK UHD CRIZAL
Optilab,Optilab 06 de abril a 31 de julho de 2026,LENTES KODAK®,Mista,mista,ff5ce11c-edac-4ffd-a080-36ed6754d2d2,1.50 + Transitions Gen S,LENTES KODAK® MULTIFOCAL DIGITAL LENTES KODAK NETWORK UHD CRIZAL 1.50 + Transitions Gen S,multifocal,Resina,1.50,false,false,true,1649.00,Pagina 34,Optifog,Antirreflexo,final,2289.00,2289.00,-10.25,5.25,0.00,-6.00,1.00,3.50,MULTIFOCAL DIGITAL,LENTES KODAK NETWORK UHD CRIZAL
Optilab,Optilab 06 de abril a 31 de julho de 2026,LENTES KODAK®,Mista,mista,71c68f91-6e01-4743-8020-50025f755d5f,1.50 + Transitions Gen S,LENTES KODAK® MULTIFOCAL DIGITAL LENTES KODAK NETWORK UHD CRIZAL 1.50 + Transitions Gen S,multifocal,Resina,1.50,false,false,true,1869.00,Pagina 34,Trio Easy Clean,Antirreflexo,final,2069.00,2069.00,-10.00,6.50,0.00,-6.00,1.00,3.50,MULTIFOCAL DIGITAL,LENTES KODAK NETWORK UHD CRIZAL
Optilab,Optilab 06 de abril a 31 de julho de 2026,LENTES KODAK®,Mista,mista,ff5ce11c-edac-4ffd-a080-36ed6754d2d2,1.50 + Transitions Gen S,LENTES KODAK® MULTIFOCAL DIGITAL LENTES KODAK NETWORK UHD CRIZAL 1.50 + Transitions Gen S,multifocal,Resina,1.50,false,false,true,1649.00,Pagina 34,Trio Easy Clean,Antirreflexo,final,1849.00,1849.00,-10.25,5.25,0.00,-6.00,1.00,3.50,MULTIFOCAL DIGITAL,LENTES KODAK NETWORK UHD CRIZAL
Optilab,Optilab 06 de abril a 31 de julho de 2026,LENTES KODAK®,Mista,mista,13b9a8c6-61f6-4454-a4a9-e277cb623778,1.50 + Transitions Gen S,LENTES KODAK® MULTIFOCAL DIGITAL LENTES KODAK NETWORK UHD CRIZAL 1.50 + Transitions Gen S,multifocal,Resina,1.50,false,false,true,2509.00,Pagina 34,Trio Easy Clean,Antirreflexo,final,2269.00,2269.00,-10.00,6.50,0.00,-6.00,1.00,3.50,MULTIFOCAL DIGITAL,LENTES KODAK NETWORK UHD CRIZAL
Optilab,Optilab 06 de abril a 31 de julho de 2026,LENTES KODAK®,Mista,mista,08232728-f4e7-4543-9fbb-5187eb2b9604,1.50 + Transitions Gen S,LENTES KODAK® MULTIFOCAL DIGITAL LENTES KODAK NETWORK UHD CRIZAL 1.50 + Transitions Gen S,multifocal,Resina,1.50,false,false,true,2289.00,Pagina 34,Trio Easy Clean,Antirreflexo,final,2049.00,2049.00,-10.25,5.25,0.00,-6.00,1.00,3.50,MULTIFOCAL DIGITAL,LENTES KODAK NETWORK UHD CRIZAL
Optilab,Optilab 06 de abril a 31 de julho de 2026,LENTES KODAK®,Mista,mista,08232728-f4e7-4543-9fbb-5187eb2b9604,1.50 + Transitions Gen S,LENTES KODAK® MULTIFOCAL DIGITAL LENTES KODAK NETWORK UHD CRIZAL 1.50 + Transitions Gen S,multifocal,Resina,1.50,false,false,true,2289.00,Pagina 34,Verniz Hc,Revestimento,final,2289.00,2289.00,-10.25,5.25,0.00,-6.00,1.00,3.50,MULTIFOCAL DIGITAL,LENTES KODAK NETWORK UHD CRIZAL
Optilab,Optilab 06 de abril a 31 de julho de 2026,LENTES KODAK®,Mista,mista,71c68f91-6e01-4743-8020-50025f755d5f,1.50 + Transitions Gen S,LENTES KODAK® MULTIFOCAL DIGITAL LENTES KODAK NETWORK UHD CRIZAL 1.50 + Transitions Gen S,multifocal,Resina,1.50,false,false,true,1869.00,Pagina 34,Verniz Hc,Revestimento,final,1869.00,1869.00,-10.00,6.50,0.00,-6.00,1.00,3.50,MULTIFOCAL DIGITAL,LENTES KODAK NETWORK UHD CRIZAL
Optilab,Optilab 06 de abril a 31 de julho de 2026,LENTES KODAK®,Mista,mista,ff5ce11c-edac-4ffd-a080-36ed6754d2d2,1.50 + Transitions Gen S,LENTES KODAK® MULTIFOCAL DIGITAL LENTES KODAK NETWORK UHD CRIZAL 1.50 + Transitions Gen S,multifocal,Resina,1.50,false,false,true,1649.00,Pagina 34,Verniz Hc,Revestimento,final,1649.00,1649.00,-10.25,5.25,0.00,-6.00,1.00,3.50,MULTIFOCAL DIGITAL,LENTES KODAK NETWORK UHD CRIZAL
Optilab,Optilab 06 de abril a 31 de julho de 2026,LENTES KODAK®,Mista,mista,13b9a8c6-61f6-4454-a4a9-e277cb623778,1.50 + Transitions Gen S,LENTES KODAK® MULTIFOCAL DIGITAL LENTES KODAK NETWORK UHD CRIZAL 1.50 + Transitions Gen S,multifocal,Resina,1.50,false,false,true,2509.00,Pagina 34,Verniz Hc,Revestimento,final,2509.00,2509.00,-10.00,6.50,0.00,-6.00,1.00,3.50,MULTIFOCAL DIGITAL,LENTES KODAK NETWORK UHD CRIZAL
Optilab,Optilab 06 de abril a 31 de julho de 2026,LENTES KODAK®,Mista,mista,fbc16569-dcbb-4e46-9a3c-3e7653f98ef3,Stylis 1.67,LENTES KODAK® MULTIFOCAL DIGITAL LENTES KODAK NETWORK UHD CRIZAL Stylis 1.67,multifocal,Resina High Index,1.67,false,false,true,2769.00,Pagina 34,Crizal Easy Pro,Antirreflexo,final,3149.00,3149.00,-14.00,8.00,0.00,-6.00,1.00,3.50,MULTIFOCAL DIGITAL,LENTES KODAK NETWORK UHD CRIZAL
Optilab,Optilab 06 de abril a 31 de julho de 2026,LENTES KODAK®,Mista,mista,918dab04-9547-4a7e-aae3-4551d122d639,Stylis 1.67,LENTES KODAK® MULTIFOCAL DIGITAL LENTES KODAK NETWORK UHD CRIZAL Stylis 1.67,multifocal,Resina High Index,1.67,false,false,true,2329.00,Pagina 34,Crizal Easy Pro,Antirreflexo,final,2529.00,2529.00,-14.00,8.00,0.00,-6.00,1.00,3.50,MULTIFOCAL DIGITAL,LENTES KODAK NETWORK UHD CRIZAL
Optilab,Optilab 06 de abril a 31 de julho de 2026,LENTES KODAK®,Mista,mista,918dab04-9547-4a7e-aae3-4551d122d639,Stylis 1.67,LENTES KODAK® MULTIFOCAL DIGITAL LENTES KODAK NETWORK UHD CRIZAL Stylis 1.67,multifocal,Resina High Index,1.67,false,false,true,2329.00,Pagina 34,Crizal Prevencia,Antirreflexo,final,3149.00,3149.00,-14.00,8.00,0.00,-6.00,1.00,3.50,MULTIFOCAL DIGITAL,LENTES KODAK NETWORK UHD CRIZAL
Optilab,Optilab 06 de abril a 31 de julho de 2026,LENTES KODAK®,Mista,mista,918dab04-9547-4a7e-aae3-4551d122d639,Stylis 1.67,LENTES KODAK® MULTIFOCAL DIGITAL LENTES KODAK NETWORK UHD CRIZAL Stylis 1.67,multifocal,Resina High Index,1.67,false,false,true,2329.00,Pagina 34,Crizal Rock,Antirreflexo,final,2879.00,2879.00,-14.00,8.00,0.00,-6.00,1.00,3.50,MULTIFOCAL DIGITAL,LENTES KODAK NETWORK UHD CRIZAL
Optilab,Optilab 06 de abril a 31 de julho de 2026,LENTES KODAK®,Mista,mista,918dab04-9547-4a7e-aae3-4551d122d639,Stylis 1.67,LENTES KODAK® MULTIFOCAL DIGITAL LENTES KODAK NETWORK UHD CRIZAL Stylis 1.67,multifocal,Resina High Index,1.67,false,false,true,2329.00,Pagina 34,Crizal Sapphire HR,Antirreflexo,final,3149.00,3149.00,-14.00,8.00,0.00,-6.00,1.00,3.50,MULTIFOCAL DIGITAL,LENTES KODAK NETWORK UHD CRIZAL
Optilab,Optilab 06 de abril a 31 de julho de 2026,LENTES KODAK®,Mista,mista,918dab04-9547-4a7e-aae3-4551d122d639,Stylis 1.67,LENTES KODAK® MULTIFOCAL DIGITAL LENTES KODAK NETWORK UHD CRIZAL Stylis 1.67,multifocal,Resina High Index,1.67,false,false,true,2329.00,Pagina 34,No Reflex,Antirreflexo,final,2379.00,2379.00,-14.00,8.00,0.00,-6.00,1.00,3.50,MULTIFOCAL DIGITAL,LENTES KODAK NETWORK UHD CRIZAL
Optilab,Optilab 06 de abril a 31 de julho de 2026,LENTES KODAK®,Mista,mista,fbc16569-dcbb-4e46-9a3c-3e7653f98ef3,Stylis 1.67,LENTES KODAK® MULTIFOCAL DIGITAL LENTES KODAK NETWORK UHD CRIZAL Stylis 1.67,multifocal,Resina High Index,1.67,false,false,true,2769.00,Pagina 34,No Reflex,Antirreflexo,final,2879.00,2879.00,-14.00,8.00,0.00,-6.00,1.00,3.50,MULTIFOCAL DIGITAL,LENTES KODAK NETWORK UHD CRIZAL
Optilab,Optilab 06 de abril a 31 de julho de 2026,LENTES KODAK®,Mista,mista,918dab04-9547-4a7e-aae3-4551d122d639,Stylis 1.67,LENTES KODAK® MULTIFOCAL DIGITAL LENTES KODAK NETWORK UHD CRIZAL Stylis 1.67,multifocal,Resina High Index,1.67,false,false,true,2329.00,Pagina 34,Optifog,Antirreflexo,final,2769.00,2769.00,-14.00,8.00,0.00,-6.00,1.00,3.50,MULTIFOCAL DIGITAL,LENTES KODAK NETWORK UHD CRIZAL
Optilab,Optilab 06 de abril a 31 de julho de 2026,LENTES KODAK®,Mista,mista,fbc16569-dcbb-4e46-9a3c-3e7653f98ef3,Stylis 1.67,LENTES KODAK® MULTIFOCAL DIGITAL LENTES KODAK NETWORK UHD CRIZAL Stylis 1.67,multifocal,Resina High Index,1.67,false,false,true,2769.00,Pagina 34,Optifog,Antirreflexo,final,3149.00,3149.00,-14.00,8.00,0.00,-6.00,1.00,3.50,MULTIFOCAL DIGITAL,LENTES KODAK NETWORK UHD CRIZAL
Optilab,Optilab 06 de abril a 31 de julho de 2026,LENTES KODAK®,Mista,mista,918dab04-9547-4a7e-aae3-4551d122d639,Stylis 1.67,LENTES KODAK® MULTIFOCAL DIGITAL LENTES KODAK NETWORK UHD CRIZAL Stylis 1.67,multifocal,Resina High Index,1.67,false,false,true,2329.00,Pagina 34,Trio Easy Clean,Antirreflexo,final,2329.00,2329.00,-14.00,8.00,0.00,-6.00,1.00,3.50,MULTIFOCAL DIGITAL,LENTES KODAK NETWORK UHD CRIZAL
Optilab,Optilab 06 de abril a 31 de julho de 2026,LENTES KODAK®,Mista,mista,fbc16569-dcbb-4e46-9a3c-3e7653f98ef3,Stylis 1.67,LENTES KODAK® MULTIFOCAL DIGITAL LENTES KODAK NETWORK UHD CRIZAL Stylis 1.67,multifocal,Resina High Index,1.67,false,false,true,2769.00,Pagina 34,Trio Easy Clean,Antirreflexo,final,2529.00,2529.00,-14.00,8.00,0.00,-6.00,1.00,3.50,MULTIFOCAL DIGITAL,LENTES KODAK NETWORK UHD CRIZAL
Optilab,Optilab 06 de abril a 31 de julho de 2026,LENTES KODAK®,Mista,mista,fbc16569-dcbb-4e46-9a3c-3e7653f98ef3,Stylis 1.67,LENTES KODAK® MULTIFOCAL DIGITAL LENTES KODAK NETWORK UHD CRIZAL Stylis 1.67,multifocal,Resina High Index,1.67,false,false,true,2769.00,Pagina 34,Verniz Hc,Revestimento,final,2769.00,2769.00,-14.00,8.00,0.00,-6.00,1.00,3.50,MULTIFOCAL DIGITAL,LENTES KODAK NETWORK UHD CRIZAL
Optilab,Optilab 06 de abril a 31 de julho de 2026,LENTES KODAK®,Mista,mista,ea43a62f-6e08-4be1-a01d-60157f3c795f,Stylis 1.67 + Transitions Gen S,LENTES KODAK® MULTIFOCAL DIGITAL LENTES KODAK NETWORK UHD CRIZAL Stylis 1.67 + Transitions Gen S,multifocal,Resina High Index,1.67,false,false,true,3709.00,Pagina 34,Crizal Easy Pro,Antirreflexo,final,4089.00,4089.00,-14.00,8.00,0.00,-6.00,1.00,3.50,MULTIFOCAL DIGITAL,LENTES KODAK NETWORK UHD CRIZAL
Optilab,Optilab 06 de abril a 31 de julho de 2026,LENTES KODAK®,Mista,mista,bd04c8ac-2347-4adb-b903-65cd59528616,Stylis 1.67 + Transitions Gen S,LENTES KODAK® MULTIFOCAL DIGITAL LENTES KODAK NETWORK UHD CRIZAL Stylis 1.67 + Transitions Gen S,multifocal,Resina High Index,1.67,false,false,true,3269.00,Pagina 34,Crizal Easy Pro,Antirreflexo,final,3469.00,3469.00,-14.00,8.00,0.00,-6.00,1.00,3.50,MULTIFOCAL DIGITAL,LENTES KODAK NETWORK UHD CRIZAL
Optilab,Optilab 06 de abril a 31 de julho de 2026,LENTES KODAK®,Mista,mista,bd04c8ac-2347-4adb-b903-65cd59528616,Stylis 1.67 + Transitions Gen S,LENTES KODAK® MULTIFOCAL DIGITAL LENTES KODAK NETWORK UHD CRIZAL Stylis 1.67 + Transitions Gen S,multifocal,Resina High Index,1.67,false,false,true,3269.00,Pagina 34,Crizal Prevencia,Antirreflexo,final,4089.00,4089.00,-14.00,8.00,0.00,-6.00,1.00,3.50,MULTIFOCAL DIGITAL,LENTES KODAK NETWORK UHD CRIZAL
Optilab,Optilab 06 de abril a 31 de julho de 2026,LENTES KODAK®,Mista,mista,bd04c8ac-2347-4adb-b903-65cd59528616,Stylis 1.67 + Transitions Gen S,LENTES KODAK® MULTIFOCAL DIGITAL LENTES KODAK NETWORK UHD CRIZAL Stylis 1.67 + Transitions Gen S,multifocal,Resina High Index,1.67,false,false,true,3269.00,Pagina 34,Crizal Rock,Antirreflexo,final,3819.00,3819.00,-14.00,8.00,0.00,-6.00,1.00,3.50,MULTIFOCAL DIGITAL,LENTES KODAK NETWORK UHD CRIZAL
Optilab,Optilab 06 de abril a 31 de julho de 2026,LENTES KODAK®,Mista,mista,bd04c8ac-2347-4adb-b903-65cd59528616,Stylis 1.67 + Transitions Gen S,LENTES KODAK® MULTIFOCAL DIGITAL LENTES KODAK NETWORK UHD CRIZAL Stylis 1.67 + Transitions Gen S,multifocal,Resina High Index,1.67,false,false,true,3269.00,Pagina 34,Crizal Sapphire HR,Antirreflexo,final,4089.00,4089.00,-14.00,8.00,0.00,-6.00,1.00,3.50,MULTIFOCAL DIGITAL,LENTES KODAK NETWORK UHD CRIZAL
Optilab,Optilab 06 de abril a 31 de julho de 2026,LENTES KODAK®,Mista,mista,ea43a62f-6e08-4be1-a01d-60157f3c795f,Stylis 1.67 + Transitions Gen S,LENTES KODAK® MULTIFOCAL DIGITAL LENTES KODAK NETWORK UHD CRIZAL Stylis 1.67 + Transitions Gen S,multifocal,Resina High Index,1.67,false,false,true,3709.00,Pagina 34,No Reflex,Antirreflexo,final,3819.00,3819.00,-14.00,8.00,0.00,-6.00,1.00,3.50,MULTIFOCAL DIGITAL,LENTES KODAK NETWORK UHD CRIZAL
Optilab,Optilab 06 de abril a 31 de julho de 2026,LENTES KODAK®,Mista,mista,bd04c8ac-2347-4adb-b903-65cd59528616,Stylis 1.67 + Transitions Gen S,LENTES KODAK® MULTIFOCAL DIGITAL LENTES KODAK NETWORK UHD CRIZAL Stylis 1.67 + Transitions Gen S,multifocal,Resina High Index,1.67,false,false,true,3269.00,Pagina 34,No Reflex,Antirreflexo,final,3319.00,3319.00,-14.00,8.00,0.00,-6.00,1.00,3.50,MULTIFOCAL DIGITAL,LENTES KODAK NETWORK UHD CRIZAL
Optilab,Optilab 06 de abril a 31 de julho de 2026,LENTES KODAK®,Mista,mista,ea43a62f-6e08-4be1-a01d-60157f3c795f,Stylis 1.67 + Transitions Gen S,LENTES KODAK® MULTIFOCAL DIGITAL LENTES KODAK NETWORK UHD CRIZAL Stylis 1.67 + Transitions Gen S,multifocal,Resina High Index,1.67,false,false,true,3709.00,Pagina 34,Optifog,Antirreflexo,final,4089.00,4089.00,-14.00,8.00,0.00,-6.00,1.00,3.50,MULTIFOCAL DIGITAL,LENTES KODAK NETWORK UHD CRIZAL
Optilab,Optilab 06 de abril a 31 de julho de 2026,LENTES KODAK®,Mista,mista,bd04c8ac-2347-4adb-b903-65cd59528616,Stylis 1.67 + Transitions Gen S,LENTES KODAK® MULTIFOCAL DIGITAL LENTES KODAK NETWORK UHD CRIZAL Stylis 1.67 + Transitions Gen S,multifocal,Resina High Index,1.67,false,false,true,3269.00,Pagina 34,Optifog,Antirreflexo,final,3709.00,3709.00,-14.00,8.00,0.00,-6.00,1.00,3.50,MULTIFOCAL DIGITAL,LENTES KODAK NETWORK UHD CRIZAL
Optilab,Optilab 06 de abril a 31 de julho de 2026,LENTES KODAK®,Mista,mista,ea43a62f-6e08-4be1-a01d-60157f3c795f,Stylis 1.67 + Transitions Gen S,LENTES KODAK® MULTIFOCAL DIGITAL LENTES KODAK NETWORK UHD CRIZAL Stylis 1.67 + Transitions Gen S,multifocal,Resina High Index,1.67,false,false,true,3709.00,Pagina 34,Trio Easy Clean,Antirreflexo,final,3469.00,3469.00,-14.00,8.00,0.00,-6.00,1.00,3.50,MULTIFOCAL DIGITAL,LENTES KODAK NETWORK UHD CRIZAL
Optilab,Optilab 06 de abril a 31 de julho de 2026,LENTES KODAK®,Mista,mista,bd04c8ac-2347-4adb-b903-65cd59528616,Stylis 1.67 + Transitions Gen S,LENTES KODAK® MULTIFOCAL DIGITAL LENTES KODAK NETWORK UHD CRIZAL Stylis 1.67 + Transitions Gen S,multifocal,Resina High Index,1.67,false,false,true,3269.00,Pagina 34,Trio Easy Clean,Antirreflexo,final,3269.00,3269.00,-14.00,8.00,0.00,-6.00,1.00,3.50,MULTIFOCAL DIGITAL,LENTES KODAK NETWORK UHD CRIZAL
Optilab,Optilab 06 de abril a 31 de julho de 2026,LENTES KODAK®,Mista,mista,ea43a62f-6e08-4be1-a01d-60157f3c795f,Stylis 1.67 + Transitions Gen S,LENTES KODAK® MULTIFOCAL DIGITAL LENTES KODAK NETWORK UHD CRIZAL Stylis 1.67 + Transitions Gen S,multifocal,Resina High Index,1.67,false,false,true,3709.00,Pagina 34,Verniz Hc,Revestimento,final,3709.00,3709.00,-14.00,8.00,0.00,-6.00,1.00,3.50,MULTIFOCAL DIGITAL,LENTES KODAK NETWORK UHD CRIZAL
Optilab,Optilab 06 de abril a 31 de julho de 2026,LENTES KODAK®,Mista,mista,86b49f8e-b2d6-41ec-88c8-a7fe1a10b5b1,1.50,LENTES KODAK® MULTIFOCAL DIGITAL LENTES KODAK PRECISE CRIZAL 1.50,multifocal,Resina,1.50,false,false,true,1089.00,Pagina 33,Crizal Easy Pro,Antirreflexo,final,1469.00,1469.00,-9.00,6.00,0.00,-6.00,1.00,3.50,MULTIFOCAL DIGITAL,LENTES KODAK PRECISE CRIZAL
Optilab,Optilab 06 de abril a 31 de julho de 2026,LENTES KODAK®,Mista,mista,67d2fb30-23f5-4364-ab26-c597a36d2fc2,1.50,LENTES KODAK® MULTIFOCAL DIGITAL LENTES KODAK PRECISE CRIZAL 1.50,multifocal,Resina,1.50,false,false,true,449.00,Pagina 33,Crizal Easy Pro,Antirreflexo,final,849.00,849.00,-9.00,6.00,0.00,-6.00,1.00,3.50,MULTIFOCAL DIGITAL,LENTES KODAK PRECISE CRIZAL
Optilab,Optilab 06 de abril a 31 de julho de 2026,LENTES KODAK®,Mista,mista,67d2fb30-23f5-4364-ab26-c597a36d2fc2,1.50,LENTES KODAK® MULTIFOCAL DIGITAL LENTES KODAK PRECISE CRIZAL 1.50,multifocal,Resina,1.50,false,false,true,449.00,Pagina 33,Crizal Prevencia,Antirreflexo,final,1469.00,1469.00,-9.00,6.00,0.00,-6.00,1.00,3.50,MULTIFOCAL DIGITAL,LENTES KODAK PRECISE CRIZAL
Optilab,Optilab 06 de abril a 31 de julho de 2026,LENTES KODAK®,Mista,mista,67d2fb30-23f5-4364-ab26-c597a36d2fc2,1.50,LENTES KODAK® MULTIFOCAL DIGITAL LENTES KODAK PRECISE CRIZAL 1.50,multifocal,Resina,1.50,false,false,true,449.00,Pagina 33,Crizal Rock,Antirreflexo,final,1199.00,1199.00,-9.00,6.00,0.00,-6.00,1.00,3.50,MULTIFOCAL DIGITAL,LENTES KODAK PRECISE CRIZAL
Optilab,Optilab 06 de abril a 31 de julho de 2026,LENTES KODAK®,Mista,mista,67d2fb30-23f5-4364-ab26-c597a36d2fc2,1.50,LENTES KODAK® MULTIFOCAL DIGITAL LENTES KODAK PRECISE CRIZAL 1.50,multifocal,Resina,1.50,false,false,true,449.00,Pagina 33,Crizal Sapphire HR,Antirreflexo,final,1469.00,1469.00,-9.00,6.00,0.00,-6.00,1.00,3.50,MULTIFOCAL DIGITAL,LENTES KODAK PRECISE CRIZAL
Optilab,Optilab 06 de abril a 31 de julho de 2026,LENTES KODAK®,Mista,mista,86b49f8e-b2d6-41ec-88c8-a7fe1a10b5b1,1.50,LENTES KODAK® MULTIFOCAL DIGITAL LENTES KODAK PRECISE CRIZAL 1.50,multifocal,Resina,1.50,false,false,true,1089.00,Pagina 33,No Reflex,Antirreflexo,final,1199.00,1199.00,-9.00,6.00,0.00,-6.00,1.00,3.50,MULTIFOCAL DIGITAL,LENTES KODAK PRECISE CRIZAL
Optilab,Optilab 06 de abril a 31 de julho de 2026,LENTES KODAK®,Mista,mista,67d2fb30-23f5-4364-ab26-c597a36d2fc2,1.50,LENTES KODAK® MULTIFOCAL DIGITAL LENTES KODAK PRECISE CRIZAL 1.50,multifocal,Resina,1.50,false,false,true,449.00,Pagina 33,No Reflex,Antirreflexo,final,699.00,699.00,-9.00,6.00,0.00,-6.00,1.00,3.50,MULTIFOCAL DIGITAL,LENTES KODAK PRECISE CRIZAL
Optilab,Optilab 06 de abril a 31 de julho de 2026,LENTES KODAK®,Mista,mista,67d2fb30-23f5-4364-ab26-c597a36d2fc2,1.50,LENTES KODAK® MULTIFOCAL DIGITAL LENTES KODAK PRECISE CRIZAL 1.50,multifocal,Resina,1.50,false,false,true,449.00,Pagina 33,Optifog,Antirreflexo,final,1089.00,1089.00,-9.00,6.00,0.00,-6.00,1.00,3.50,MULTIFOCAL DIGITAL,LENTES KODAK PRECISE CRIZAL
Optilab,Optilab 06 de abril a 31 de julho de 2026,LENTES KODAK®,Mista,mista,86b49f8e-b2d6-41ec-88c8-a7fe1a10b5b1,1.50,LENTES KODAK® MULTIFOCAL DIGITAL LENTES KODAK PRECISE CRIZAL 1.50,multifocal,Resina,1.50,false,false,true,1089.00,Pagina 33,Optifog,Antirreflexo,final,1469.00,1469.00,-9.00,6.00,0.00,-6.00,1.00,3.50,MULTIFOCAL DIGITAL,LENTES KODAK PRECISE CRIZAL
Optilab,Optilab 06 de abril a 31 de julho de 2026,LENTES KODAK®,Mista,mista,67d2fb30-23f5-4364-ab26-c597a36d2fc2,1.50,LENTES KODAK® MULTIFOCAL DIGITAL LENTES KODAK PRECISE CRIZAL 1.50,multifocal,Resina,1.50,false,false,true,449.00,Pagina 33,Trio Easy Clean,Antirreflexo,final,649.00,649.00,-9.00,6.00,0.00,-6.00,1.00,3.50,MULTIFOCAL DIGITAL,LENTES KODAK PRECISE CRIZAL
Optilab,Optilab 06 de abril a 31 de julho de 2026,LENTES KODAK®,Mista,mista,86b49f8e-b2d6-41ec-88c8-a7fe1a10b5b1,1.50,LENTES KODAK® MULTIFOCAL DIGITAL LENTES KODAK PRECISE CRIZAL 1.50,multifocal,Resina,1.50,false,false,true,1089.00,Pagina 33,Trio Easy Clean,Antirreflexo,final,849.00,849.00,-9.00,6.00,0.00,-6.00,1.00,3.50,MULTIFOCAL DIGITAL,LENTES KODAK PRECISE CRIZAL
Optilab,Optilab 06 de abril a 31 de julho de 2026,LENTES KODAK®,Mista,mista,67d2fb30-23f5-4364-ab26-c597a36d2fc2,1.50,LENTES KODAK® MULTIFOCAL DIGITAL LENTES KODAK PRECISE CRIZAL 1.50,multifocal,Resina,1.50,false,false,true,449.00,Pagina 33,Verniz Hc,Revestimento,final,449.00,449.00,-9.00,6.00,0.00,-6.00,1.00,3.50,MULTIFOCAL DIGITAL,LENTES KODAK PRECISE CRIZAL
Optilab,Optilab 06 de abril a 31 de julho de 2026,LENTES KODAK®,Mista,mista,86b49f8e-b2d6-41ec-88c8-a7fe1a10b5b1,1.50,LENTES KODAK® MULTIFOCAL DIGITAL LENTES KODAK PRECISE CRIZAL 1.50,multifocal,Resina,1.50,false,false,true,1089.00,Pagina 33,Verniz Hc,Revestimento,final,1089.00,1089.00,-9.00,6.00,0.00,-6.00,1.00,3.50,MULTIFOCAL DIGITAL,LENTES KODAK PRECISE CRIZAL
Optilab,Optilab 06 de abril a 31 de julho de 2026,LENTES KODAK®,Mista,mista,83f0325a-d0c4-4783-9ab0-126e8643723a,1.50 + Transitions Gen S,LENTES KODAK® MULTIFOCAL DIGITAL LENTES KODAK PRECISE CRIZAL 1.50 + Transitions Gen S,multifocal,Resina,1.50,false,false,true,2029.00,Pagina 33,Crizal Easy Pro,Antirreflexo,final,2409.00,2409.00,-9.00,6.00,0.00,-6.00,1.00,3.50,MULTIFOCAL DIGITAL,LENTES KODAK PRECISE CRIZAL
Optilab,Optilab 06 de abril a 31 de julho de 2026,LENTES KODAK®,Mista,mista,8a2f382b-2d5f-4126-b42d-7d0d06d79658,1.50 + Transitions Gen S,LENTES KODAK® MULTIFOCAL DIGITAL LENTES KODAK PRECISE CRIZAL 1.50 + Transitions Gen S,multifocal,Resina,1.50,false,false,true,1389.00,Pagina 33,Crizal Easy Pro,Antirreflexo,final,1789.00,1789.00,-9.00,6.00,0.00,-6.00,1.00,3.50,MULTIFOCAL DIGITAL,LENTES KODAK PRECISE CRIZAL
Optilab,Optilab 06 de abril a 31 de julho de 2026,LENTES KODAK®,Mista,mista,8a2f382b-2d5f-4126-b42d-7d0d06d79658,1.50 + Transitions Gen S,LENTES KODAK® MULTIFOCAL DIGITAL LENTES KODAK PRECISE CRIZAL 1.50 + Transitions Gen S,multifocal,Resina,1.50,false,false,true,1389.00,Pagina 33,Crizal Prevencia,Antirreflexo,final,2409.00,2409.00,-9.00,6.00,0.00,-6.00,1.00,3.50,MULTIFOCAL DIGITAL,LENTES KODAK PRECISE CRIZAL
Optilab,Optilab 06 de abril a 31 de julho de 2026,LENTES KODAK®,Mista,mista,8a2f382b-2d5f-4126-b42d-7d0d06d79658,1.50 + Transitions Gen S,LENTES KODAK® MULTIFOCAL DIGITAL LENTES KODAK PRECISE CRIZAL 1.50 + Transitions Gen S,multifocal,Resina,1.50,false,false,true,1389.00,Pagina 33,Crizal Rock,Antirreflexo,final,2139.00,2139.00,-9.00,6.00,0.00,-6.00,1.00,3.50,MULTIFOCAL DIGITAL,LENTES KODAK PRECISE CRIZAL
Optilab,Optilab 06 de abril a 31 de julho de 2026,LENTES KODAK®,Mista,mista,8a2f382b-2d5f-4126-b42d-7d0d06d79658,1.50 + Transitions Gen S,LENTES KODAK® MULTIFOCAL DIGITAL LENTES KODAK PRECISE CRIZAL 1.50 + Transitions Gen S,multifocal,Resina,1.50,false,false,true,1389.00,Pagina 33,Crizal Sapphire HR,Antirreflexo,final,2409.00,2409.00,-9.00,6.00,0.00,-6.00,1.00,3.50,MULTIFOCAL DIGITAL,LENTES KODAK PRECISE CRIZAL
Optilab,Optilab 06 de abril a 31 de julho de 2026,LENTES KODAK®,Mista,mista,83f0325a-d0c4-4783-9ab0-126e8643723a,1.50 + Transitions Gen S,LENTES KODAK® MULTIFOCAL DIGITAL LENTES KODAK PRECISE CRIZAL 1.50 + Transitions Gen S,multifocal,Resina,1.50,false,false,true,2029.00,Pagina 33,No Reflex,Antirreflexo,final,2139.00,2139.00,-9.00,6.00,0.00,-6.00,1.00,3.50,MULTIFOCAL DIGITAL,LENTES KODAK PRECISE CRIZAL
Optilab,Optilab 06 de abril a 31 de julho de 2026,LENTES KODAK®,Mista,mista,8a2f382b-2d5f-4126-b42d-7d0d06d79658,1.50 + Transitions Gen S,LENTES KODAK® MULTIFOCAL DIGITAL LENTES KODAK PRECISE CRIZAL 1.50 + Transitions Gen S,multifocal,Resina,1.50,false,false,true,1389.00,Pagina 33,No Reflex,Antirreflexo,final,1639.00,1639.00,-9.00,6.00,0.00,-6.00,1.00,3.50,MULTIFOCAL DIGITAL,LENTES KODAK PRECISE CRIZAL
Optilab,Optilab 06 de abril a 31 de julho de 2026,LENTES KODAK®,Mista,mista,8a2f382b-2d5f-4126-b42d-7d0d06d79658,1.50 + Transitions Gen S,LENTES KODAK® MULTIFOCAL DIGITAL LENTES KODAK PRECISE CRIZAL 1.50 + Transitions Gen S,multifocal,Resina,1.50,false,false,true,1389.00,Pagina 33,Optifog,Antirreflexo,final,2029.00,2029.00,-9.00,6.00,0.00,-6.00,1.00,3.50,MULTIFOCAL DIGITAL,LENTES KODAK PRECISE CRIZAL
Optilab,Optilab 06 de abril a 31 de julho de 2026,LENTES KODAK®,Mista,mista,83f0325a-d0c4-4783-9ab0-126e8643723a,1.50 + Transitions Gen S,LENTES KODAK® MULTIFOCAL DIGITAL LENTES KODAK PRECISE CRIZAL 1.50 + Transitions Gen S,multifocal,Resina,1.50,false,false,true,2029.00,Pagina 33,Optifog,Antirreflexo,final,2409.00,2409.00,-9.00,6.00,0.00,-6.00,1.00,3.50,MULTIFOCAL DIGITAL,LENTES KODAK PRECISE CRIZAL
Optilab,Optilab 06 de abril a 31 de julho de 2026,LENTES KODAK®,Mista,mista,8a2f382b-2d5f-4126-b42d-7d0d06d79658,1.50 + Transitions Gen S,LENTES KODAK® MULTIFOCAL DIGITAL LENTES KODAK PRECISE CRIZAL 1.50 + Transitions Gen S,multifocal,Resina,1.50,false,false,true,1389.00,Pagina 33,Trio Easy Clean,Antirreflexo,final,1589.00,1589.00,-9.00,6.00,0.00,-6.00,1.00,3.50,MULTIFOCAL DIGITAL,LENTES KODAK PRECISE CRIZAL
Optilab,Optilab 06 de abril a 31 de julho de 2026,LENTES KODAK®,Mista,mista,83f0325a-d0c4-4783-9ab0-126e8643723a,1.50 + Transitions Gen S,LENTES KODAK® MULTIFOCAL DIGITAL LENTES KODAK PRECISE CRIZAL 1.50 + Transitions Gen S,multifocal,Resina,1.50,false,false,true,2029.00,Pagina 33,Trio Easy Clean,Antirreflexo,final,1789.00,1789.00,-9.00,6.00,0.00,-6.00,1.00,3.50,MULTIFOCAL DIGITAL,LENTES KODAK PRECISE CRIZAL
Optilab,Optilab 06 de abril a 31 de julho de 2026,LENTES KODAK®,Mista,mista,83f0325a-d0c4-4783-9ab0-126e8643723a,1.50 + Transitions Gen S,LENTES KODAK® MULTIFOCAL DIGITAL LENTES KODAK PRECISE CRIZAL 1.50 + Transitions Gen S,multifocal,Resina,1.50,false,false,true,2029.00,Pagina 33,Verniz Hc,Revestimento,final,2029.00,2029.00,-9.00,6.00,0.00,-6.00,1.00,3.50,MULTIFOCAL DIGITAL,LENTES KODAK PRECISE CRIZAL
Optilab,Optilab 06 de abril a 31 de julho de 2026,LENTES KODAK®,Mista,mista,8a2f382b-2d5f-4126-b42d-7d0d06d79658,1.50 + Transitions Gen S,LENTES KODAK® MULTIFOCAL DIGITAL LENTES KODAK PRECISE CRIZAL 1.50 + Transitions Gen S,multifocal,Resina,1.50,false,false,true,1389.00,Pagina 33,Verniz Hc,Revestimento,final,1389.00,1389.00,-9.00,6.00,0.00,-6.00,1.00,3.50,MULTIFOCAL DIGITAL,LENTES KODAK PRECISE CRIZAL
Optilab,Optilab 06 de abril a 31 de julho de 2026,LENTES KODAK®,Mista,mista,90f126d7-f1e2-4b0d-b952-5df4ea44384f,Poly,LENTES KODAK® MULTIFOCAL DIGITAL LENTES KODAK PRECISE CRIZAL Poly,multifocal,Policarbonato,1.59,false,false,true,1449.00,Pagina 33,Crizal Easy Pro,Antirreflexo,final,1829.00,1829.00,-10.00,6.00,0.00,-6.00,1.00,3.50,MULTIFOCAL DIGITAL,LENTES KODAK PRECISE CRIZAL
Optilab,Optilab 06 de abril a 31 de julho de 2026,LENTES KODAK®,Mista,mista,5e65a2cf-ddfe-4c1b-9e25-c86eeaba11c5,Poly,LENTES KODAK® MULTIFOCAL DIGITAL LENTES KODAK PRECISE CRIZAL Poly,multifocal,Policarbonato,1.59,false,false,true,809.00,Pagina 33,Crizal Easy Pro,Antirreflexo,final,1209.00,1209.00,-10.00,6.00,0.00,-6.00,1.00,3.50,MULTIFOCAL DIGITAL,LENTES KODAK PRECISE CRIZAL
Optilab,Optilab 06 de abril a 31 de julho de 2026,LENTES KODAK®,Mista,mista,5e65a2cf-ddfe-4c1b-9e25-c86eeaba11c5,Poly,LENTES KODAK® MULTIFOCAL DIGITAL LENTES KODAK PRECISE CRIZAL Poly,multifocal,Policarbonato,1.59,false,false,true,809.00,Pagina 33,Crizal Prevencia,Antirreflexo,final,1829.00,1829.00,-10.00,6.00,0.00,-6.00,1.00,3.50,MULTIFOCAL DIGITAL,LENTES KODAK PRECISE CRIZAL
Optilab,Optilab 06 de abril a 31 de julho de 2026,LENTES KODAK®,Mista,mista,5e65a2cf-ddfe-4c1b-9e25-c86eeaba11c5,Poly,LENTES KODAK® MULTIFOCAL DIGITAL LENTES KODAK PRECISE CRIZAL Poly,multifocal,Policarbonato,1.59,false,false,true,809.00,Pagina 33,Crizal Rock,Antirreflexo,final,1559.00,1559.00,-10.00,6.00,0.00,-6.00,1.00,3.50,MULTIFOCAL DIGITAL,LENTES KODAK PRECISE CRIZAL
Optilab,Optilab 06 de abril a 31 de julho de 2026,LENTES KODAK®,Mista,mista,5e65a2cf-ddfe-4c1b-9e25-c86eeaba11c5,Poly,LENTES KODAK® MULTIFOCAL DIGITAL LENTES KODAK PRECISE CRIZAL Poly,multifocal,Policarbonato,1.59,false,false,true,809.00,Pagina 33,Crizal Sapphire HR,Antirreflexo,final,1829.00,1829.00,-10.00,6.00,0.00,-6.00,1.00,3.50,MULTIFOCAL DIGITAL,LENTES KODAK PRECISE CRIZAL
Optilab,Optilab 06 de abril a 31 de julho de 2026,LENTES KODAK®,Mista,mista,90f126d7-f1e2-4b0d-b952-5df4ea44384f,Poly,LENTES KODAK® MULTIFOCAL DIGITAL LENTES KODAK PRECISE CRIZAL Poly,multifocal,Policarbonato,1.59,false,false,true,1449.00,Pagina 33,No Reflex,Antirreflexo,final,1559.00,1559.00,-10.00,6.00,0.00,-6.00,1.00,3.50,MULTIFOCAL DIGITAL,LENTES KODAK PRECISE CRIZAL
Optilab,Optilab 06 de abril a 31 de julho de 2026,LENTES KODAK®,Mista,mista,5e65a2cf-ddfe-4c1b-9e25-c86eeaba11c5,Poly,LENTES KODAK® MULTIFOCAL DIGITAL LENTES KODAK PRECISE CRIZAL Poly,multifocal,Policarbonato,1.59,false,false,true,809.00,Pagina 33,No Reflex,Antirreflexo,final,1059.00,1059.00,-10.00,6.00,0.00,-6.00,1.00,3.50,MULTIFOCAL DIGITAL,LENTES KODAK PRECISE CRIZAL
Optilab,Optilab 06 de abril a 31 de julho de 2026,LENTES KODAK®,Mista,mista,5e65a2cf-ddfe-4c1b-9e25-c86eeaba11c5,Poly,LENTES KODAK® MULTIFOCAL DIGITAL LENTES KODAK PRECISE CRIZAL Poly,multifocal,Policarbonato,1.59,false,false,true,809.00,Pagina 33,Optifog,Antirreflexo,final,1449.00,1449.00,-10.00,6.00,0.00,-6.00,1.00,3.50,MULTIFOCAL DIGITAL,LENTES KODAK PRECISE CRIZAL
Optilab,Optilab 06 de abril a 31 de julho de 2026,LENTES KODAK®,Mista,mista,90f126d7-f1e2-4b0d-b952-5df4ea44384f,Poly,LENTES KODAK® MULTIFOCAL DIGITAL LENTES KODAK PRECISE CRIZAL Poly,multifocal,Policarbonato,1.59,false,false,true,1449.00,Pagina 33,Optifog,Antirreflexo,final,1829.00,1829.00,-10.00,6.00,0.00,-6.00,1.00,3.50,MULTIFOCAL DIGITAL,LENTES KODAK PRECISE CRIZAL
Optilab,Optilab 06 de abril a 31 de julho de 2026,LENTES KODAK®,Mista,mista,90f126d7-f1e2-4b0d-b952-5df4ea44384f,Poly,LENTES KODAK® MULTIFOCAL DIGITAL LENTES KODAK PRECISE CRIZAL Poly,multifocal,Policarbonato,1.59,false,false,true,1449.00,Pagina 33,Trio Easy Clean,Antirreflexo,final,1209.00,1209.00,-10.00,6.00,0.00,-6.00,1.00,3.50,MULTIFOCAL DIGITAL,LENTES KODAK PRECISE CRIZAL
Optilab,Optilab 06 de abril a 31 de julho de 2026,LENTES KODAK®,Mista,mista,5e65a2cf-ddfe-4c1b-9e25-c86eeaba11c5,Poly,LENTES KODAK® MULTIFOCAL DIGITAL LENTES KODAK PRECISE CRIZAL Poly,multifocal,Policarbonato,1.59,false,false,true,809.00,Pagina 33,Trio Easy Clean,Antirreflexo,final,1009.00,1009.00,-10.00,6.00,0.00,-6.00,1.00,3.50,MULTIFOCAL DIGITAL,LENTES KODAK PRECISE CRIZAL
Optilab,Optilab 06 de abril a 31 de julho de 2026,LENTES KODAK®,Mista,mista,90f126d7-f1e2-4b0d-b952-5df4ea44384f,Poly,LENTES KODAK® MULTIFOCAL DIGITAL LENTES KODAK PRECISE CRIZAL Poly,multifocal,Policarbonato,1.59,false,false,true,1449.00,Pagina 33,Verniz Hc,Revestimento,final,1449.00,1449.00,-10.00,6.00,0.00,-6.00,1.00,3.50,MULTIFOCAL DIGITAL,LENTES KODAK PRECISE CRIZAL
Optilab,Optilab 06 de abril a 31 de julho de 2026,LENTES KODAK®,Mista,mista,5e65a2cf-ddfe-4c1b-9e25-c86eeaba11c5,Poly,LENTES KODAK® MULTIFOCAL DIGITAL LENTES KODAK PRECISE CRIZAL Poly,multifocal,Policarbonato,1.59,false,false,true,809.00,Pagina 33,Verniz Hc,Revestimento,final,809.00,809.00,-10.00,6.00,0.00,-6.00,1.00,3.50,MULTIFOCAL DIGITAL,LENTES KODAK PRECISE CRIZAL
Optilab,Optilab 06 de abril a 31 de julho de 2026,LENTES KODAK®,Mista,mista,89b9b82a-d8b9-47ef-8d12-eddb46075e7c,Poly + Transitions Gen S,LENTES KODAK® MULTIFOCAL DIGITAL LENTES KODAK PRECISE CRIZAL Poly + Transitions Gen S,multifocal,Policarbonato,1.59,false,false,true,2249.00,Pagina 33,Crizal Easy Pro,Antirreflexo,final,2629.00,2629.00,-10.00,6.00,0.00,-6.00,1.00,3.50,MULTIFOCAL DIGITAL,LENTES KODAK PRECISE CRIZAL
Optilab,Optilab 06 de abril a 31 de julho de 2026,LENTES KODAK®,Mista,mista,2eef0ead-c855-4703-9c98-8ca80914690a,Poly + Transitions Gen S,LENTES KODAK® MULTIFOCAL DIGITAL LENTES KODAK PRECISE CRIZAL Poly + Transitions Gen S,multifocal,Policarbonato,1.59,false,false,true,1609.00,Pagina 33,Crizal Easy Pro,Antirreflexo,final,2009.00,2009.00,-10.00,6.00,0.00,-6.00,1.00,3.50,MULTIFOCAL DIGITAL,LENTES KODAK PRECISE CRIZAL
Optilab,Optilab 06 de abril a 31 de julho de 2026,LENTES KODAK®,Mista,mista,2eef0ead-c855-4703-9c98-8ca80914690a,Poly + Transitions Gen S,LENTES KODAK® MULTIFOCAL DIGITAL LENTES KODAK PRECISE CRIZAL Poly + Transitions Gen S,multifocal,Policarbonato,1.59,false,false,true,1609.00,Pagina 33,Crizal Prevencia,Antirreflexo,final,2629.00,2629.00,-10.00,6.00,0.00,-6.00,1.00,3.50,MULTIFOCAL DIGITAL,LENTES KODAK PRECISE CRIZAL
Optilab,Optilab 06 de abril a 31 de julho de 2026,LENTES KODAK®,Mista,mista,2eef0ead-c855-4703-9c98-8ca80914690a,Poly + Transitions Gen S,LENTES KODAK® MULTIFOCAL DIGITAL LENTES KODAK PRECISE CRIZAL Poly + Transitions Gen S,multifocal,Policarbonato,1.59,false,false,true,1609.00,Pagina 33,Crizal Rock,Antirreflexo,final,2359.00,2359.00,-10.00,6.00,0.00,-6.00,1.00,3.50,MULTIFOCAL DIGITAL,LENTES KODAK PRECISE CRIZAL
Optilab,Optilab 06 de abril a 31 de julho de 2026,LENTES KODAK®,Mista,mista,2eef0ead-c855-4703-9c98-8ca80914690a,Poly + Transitions Gen S,LENTES KODAK® MULTIFOCAL DIGITAL LENTES KODAK PRECISE CRIZAL Poly + Transitions Gen S,multifocal,Policarbonato,1.59,false,false,true,1609.00,Pagina 33,Crizal Sapphire HR,Antirreflexo,final,2629.00,2629.00,-10.00,6.00,0.00,-6.00,1.00,3.50,MULTIFOCAL DIGITAL,LENTES KODAK PRECISE CRIZAL
Optilab,Optilab 06 de abril a 31 de julho de 2026,LENTES KODAK®,Mista,mista,2eef0ead-c855-4703-9c98-8ca80914690a,Poly + Transitions Gen S,LENTES KODAK® MULTIFOCAL DIGITAL LENTES KODAK PRECISE CRIZAL Poly + Transitions Gen S,multifocal,Policarbonato,1.59,false,false,true,1609.00,Pagina 33,No Reflex,Antirreflexo,final,1859.00,1859.00,-10.00,6.00,0.00,-6.00,1.00,3.50,MULTIFOCAL DIGITAL,LENTES KODAK PRECISE CRIZAL
Optilab,Optilab 06 de abril a 31 de julho de 2026,LENTES KODAK®,Mista,mista,89b9b82a-d8b9-47ef-8d12-eddb46075e7c,Poly + Transitions Gen S,LENTES KODAK® MULTIFOCAL DIGITAL LENTES KODAK PRECISE CRIZAL Poly + Transitions Gen S,multifocal,Policarbonato,1.59,false,false,true,2249.00,Pagina 33,No Reflex,Antirreflexo,final,2359.00,2359.00,-10.00,6.00,0.00,-6.00,1.00,3.50,MULTIFOCAL DIGITAL,LENTES KODAK PRECISE CRIZAL
Optilab,Optilab 06 de abril a 31 de julho de 2026,LENTES KODAK®,Mista,mista,89b9b82a-d8b9-47ef-8d12-eddb46075e7c,Poly + Transitions Gen S,LENTES KODAK® MULTIFOCAL DIGITAL LENTES KODAK PRECISE CRIZAL Poly + Transitions Gen S,multifocal,Policarbonato,1.59,false,false,true,2249.00,Pagina 33,Optifog,Antirreflexo,final,2629.00,2629.00,-10.00,6.00,0.00,-6.00,1.00,3.50,MULTIFOCAL DIGITAL,LENTES KODAK PRECISE CRIZAL
Optilab,Optilab 06 de abril a 31 de julho de 2026,LENTES KODAK®,Mista,mista,2eef0ead-c855-4703-9c98-8ca80914690a,Poly + Transitions Gen S,LENTES KODAK® MULTIFOCAL DIGITAL LENTES KODAK PRECISE CRIZAL Poly + Transitions Gen S,multifocal,Policarbonato,1.59,false,false,true,1609.00,Pagina 33,Optifog,Antirreflexo,final,2249.00,2249.00,-10.00,6.00,0.00,-6.00,1.00,3.50,MULTIFOCAL DIGITAL,LENTES KODAK PRECISE CRIZAL
Optilab,Optilab 06 de abril a 31 de julho de 2026,LENTES KODAK®,Mista,mista,2eef0ead-c855-4703-9c98-8ca80914690a,Poly + Transitions Gen S,LENTES KODAK® MULTIFOCAL DIGITAL LENTES KODAK PRECISE CRIZAL Poly + Transitions Gen S,multifocal,Policarbonato,1.59,false,false,true,1609.00,Pagina 33,Trio Easy Clean,Antirreflexo,final,1809.00,1809.00,-10.00,6.00,0.00,-6.00,1.00,3.50,MULTIFOCAL DIGITAL,LENTES KODAK PRECISE CRIZAL
Optilab,Optilab 06 de abril a 31 de julho de 2026,LENTES KODAK®,Mista,mista,89b9b82a-d8b9-47ef-8d12-eddb46075e7c,Poly + Transitions Gen S,LENTES KODAK® MULTIFOCAL DIGITAL LENTES KODAK PRECISE CRIZAL Poly + Transitions Gen S,multifocal,Policarbonato,1.59,false,false,true,2249.00,Pagina 33,Trio Easy Clean,Antirreflexo,final,2009.00,2009.00,-10.00,6.00,0.00,-6.00,1.00,3.50,MULTIFOCAL DIGITAL,LENTES KODAK PRECISE CRIZAL
Optilab,Optilab 06 de abril a 31 de julho de 2026,LENTES KODAK®,Mista,mista,2eef0ead-c855-4703-9c98-8ca80914690a,Poly + Transitions Gen S,LENTES KODAK® MULTIFOCAL DIGITAL LENTES KODAK PRECISE CRIZAL Poly + Transitions Gen S,multifocal,Policarbonato,1.59,false,false,true,1609.00,Pagina 33,Verniz Hc,Revestimento,final,1609.00,1609.00,-10.00,6.00,0.00,-6.00,1.00,3.50,MULTIFOCAL DIGITAL,LENTES KODAK PRECISE CRIZAL
Optilab,Optilab 06 de abril a 31 de julho de 2026,LENTES KODAK®,Mista,mista,89b9b82a-d8b9-47ef-8d12-eddb46075e7c,Poly + Transitions Gen S,LENTES KODAK® MULTIFOCAL DIGITAL LENTES KODAK PRECISE CRIZAL Poly + Transitions Gen S,multifocal,Policarbonato,1.59,false,false,true,2249.00,Pagina 33,Verniz Hc,Revestimento,final,2249.00,2249.00,-10.00,6.00,0.00,-6.00,1.00,3.50,MULTIFOCAL DIGITAL,LENTES KODAK PRECISE CRIZAL
Optilab,Optilab 06 de abril a 31 de julho de 2026,LENTES KODAK®,Mista,mista,269548d5-89e4-43b0-af3c-2e2bac2b0b3e,1.50,LENTES KODAK® MULTIFOCAL DIGITAL LENTES KODAK PRECISE UHD CRIZAL 1.50,multifocal,Resina,1.50,false,false,true,449.00,Pagina 34,Crizal Easy Pro,Antirreflexo,final,849.00,849.00,-10.25,5.25,0.00,-6.00,1.00,3.50,MULTIFOCAL DIGITAL,LENTES KODAK PRECISE UHD CRIZAL
Optilab,Optilab 06 de abril a 31 de julho de 2026,LENTES KODAK®,Mista,mista,36a47d4a-1a50-4032-ac8f-5aaa72cb38ee,1.50,LENTES KODAK® MULTIFOCAL DIGITAL LENTES KODAK PRECISE UHD CRIZAL 1.50,multifocal,Resina,1.50,false,false,true,1089.00,Pagina 34,Crizal Easy Pro,Antirreflexo,final,1469.00,1469.00,-10.25,5.25,0.00,-6.00,1.00,3.50,MULTIFOCAL DIGITAL,LENTES KODAK PRECISE UHD CRIZAL
Optilab,Optilab 06 de abril a 31 de julho de 2026,LENTES KODAK®,Mista,mista,269548d5-89e4-43b0-af3c-2e2bac2b0b3e,1.50,LENTES KODAK® MULTIFOCAL DIGITAL LENTES KODAK PRECISE UHD CRIZAL 1.50,multifocal,Resina,1.50,false,false,true,449.00,Pagina 34,Crizal Prevencia,Antirreflexo,final,1469.00,1469.00,-10.25,5.25,0.00,-6.00,1.00,3.50,MULTIFOCAL DIGITAL,LENTES KODAK PRECISE UHD CRIZAL
Optilab,Optilab 06 de abril a 31 de julho de 2026,LENTES KODAK®,Mista,mista,269548d5-89e4-43b0-af3c-2e2bac2b0b3e,1.50,LENTES KODAK® MULTIFOCAL DIGITAL LENTES KODAK PRECISE UHD CRIZAL 1.50,multifocal,Resina,1.50,false,false,true,449.00,Pagina 34,Crizal Rock,Antirreflexo,final,1199.00,1199.00,-10.25,5.25,0.00,-6.00,1.00,3.50,MULTIFOCAL DIGITAL,LENTES KODAK PRECISE UHD CRIZAL
Optilab,Optilab 06 de abril a 31 de julho de 2026,LENTES KODAK®,Mista,mista,269548d5-89e4-43b0-af3c-2e2bac2b0b3e,1.50,LENTES KODAK® MULTIFOCAL DIGITAL LENTES KODAK PRECISE UHD CRIZAL 1.50,multifocal,Resina,1.50,false,false,true,449.00,Pagina 34,Crizal Sapphire HR,Antirreflexo,final,1469.00,1469.00,-10.25,5.25,0.00,-6.00,1.00,3.50,MULTIFOCAL DIGITAL,LENTES KODAK PRECISE UHD CRIZAL
Optilab,Optilab 06 de abril a 31 de julho de 2026,LENTES KODAK®,Mista,mista,269548d5-89e4-43b0-af3c-2e2bac2b0b3e,1.50,LENTES KODAK® MULTIFOCAL DIGITAL LENTES KODAK PRECISE UHD CRIZAL 1.50,multifocal,Resina,1.50,false,false,true,449.00,Pagina 34,No Reflex,Antirreflexo,final,699.00,699.00,-10.25,5.25,0.00,-6.00,1.00,3.50,MULTIFOCAL DIGITAL,LENTES KODAK PRECISE UHD CRIZAL
Optilab,Optilab 06 de abril a 31 de julho de 2026,LENTES KODAK®,Mista,mista,36a47d4a-1a50-4032-ac8f-5aaa72cb38ee,1.50,LENTES KODAK® MULTIFOCAL DIGITAL LENTES KODAK PRECISE UHD CRIZAL 1.50,multifocal,Resina,1.50,false,false,true,1089.00,Pagina 34,No Reflex,Antirreflexo,final,1199.00,1199.00,-10.25,5.25,0.00,-6.00,1.00,3.50,MULTIFOCAL DIGITAL,LENTES KODAK PRECISE UHD CRIZAL
Optilab,Optilab 06 de abril a 31 de julho de 2026,LENTES KODAK®,Mista,mista,269548d5-89e4-43b0-af3c-2e2bac2b0b3e,1.50,LENTES KODAK® MULTIFOCAL DIGITAL LENTES KODAK PRECISE UHD CRIZAL 1.50,multifocal,Resina,1.50,false,false,true,449.00,Pagina 34,Optifog,Antirreflexo,final,1089.00,1089.00,-10.25,5.25,0.00,-6.00,1.00,3.50,MULTIFOCAL DIGITAL,LENTES KODAK PRECISE UHD CRIZAL
Optilab,Optilab 06 de abril a 31 de julho de 2026,LENTES KODAK®,Mista,mista,36a47d4a-1a50-4032-ac8f-5aaa72cb38ee,1.50,LENTES KODAK® MULTIFOCAL DIGITAL LENTES KODAK PRECISE UHD CRIZAL 1.50,multifocal,Resina,1.50,false,false,true,1089.00,Pagina 34,Optifog,Antirreflexo,final,1469.00,1469.00,-10.25,5.25,0.00,-6.00,1.00,3.50,MULTIFOCAL DIGITAL,LENTES KODAK PRECISE UHD CRIZAL
Optilab,Optilab 06 de abril a 31 de julho de 2026,LENTES KODAK®,Mista,mista,269548d5-89e4-43b0-af3c-2e2bac2b0b3e,1.50,LENTES KODAK® MULTIFOCAL DIGITAL LENTES KODAK PRECISE UHD CRIZAL 1.50,multifocal,Resina,1.50,false,false,true,449.00,Pagina 34,Trio Easy Clean,Antirreflexo,final,649.00,649.00,-10.25,5.25,0.00,-6.00,1.00,3.50,MULTIFOCAL DIGITAL,LENTES KODAK PRECISE UHD CRIZAL
Optilab,Optilab 06 de abril a 31 de julho de 2026,LENTES KODAK®,Mista,mista,36a47d4a-1a50-4032-ac8f-5aaa72cb38ee,1.50,LENTES KODAK® MULTIFOCAL DIGITAL LENTES KODAK PRECISE UHD CRIZAL 1.50,multifocal,Resina,1.50,false,false,true,1089.00,Pagina 34,Trio Easy Clean,Antirreflexo,final,849.00,849.00,-10.25,5.25,0.00,-6.00,1.00,3.50,MULTIFOCAL DIGITAL,LENTES KODAK PRECISE UHD CRIZAL
Optilab,Optilab 06 de abril a 31 de julho de 2026,LENTES KODAK®,Mista,mista,269548d5-89e4-43b0-af3c-2e2bac2b0b3e,1.50,LENTES KODAK® MULTIFOCAL DIGITAL LENTES KODAK PRECISE UHD CRIZAL 1.50,multifocal,Resina,1.50,false,false,true,449.00,Pagina 34,Verniz Hc,Revestimento,final,449.00,449.00,-10.25,5.25,0.00,-6.00,1.00,3.50,MULTIFOCAL DIGITAL,LENTES KODAK PRECISE UHD CRIZAL
Optilab,Optilab 06 de abril a 31 de julho de 2026,LENTES KODAK®,Mista,mista,36a47d4a-1a50-4032-ac8f-5aaa72cb38ee,1.50,LENTES KODAK® MULTIFOCAL DIGITAL LENTES KODAK PRECISE UHD CRIZAL 1.50,multifocal,Resina,1.50,false,false,true,1089.00,Pagina 34,Verniz Hc,Revestimento,final,1089.00,1089.00,-10.25,5.25,0.00,-6.00,1.00,3.50,MULTIFOCAL DIGITAL,LENTES KODAK PRECISE UHD CRIZAL
Optilab,Optilab 06 de abril a 31 de julho de 2026,LENTES KODAK®,Mista,mista,299970d1-8c51-4cd7-ac4e-6b23331bd276,1.50 + Transitions Gen S,LENTES KODAK® MULTIFOCAL DIGITAL LENTES KODAK PRECISE UHD CRIZAL 1.50 + Transitions Gen S,multifocal,Resina,1.50,false,false,true,2029.00,Pagina 34,Crizal Easy Pro,Antirreflexo,final,2409.00,2409.00,-10.25,5.25,0.00,-6.00,1.00,3.50,MULTIFOCAL DIGITAL,LENTES KODAK PRECISE UHD CRIZAL
Optilab,Optilab 06 de abril a 31 de julho de 2026,LENTES KODAK®,Mista,mista,336c95a5-f250-4394-943a-a5c7db21c6b3,1.50 + Transitions Gen S,LENTES KODAK® MULTIFOCAL DIGITAL LENTES KODAK PRECISE UHD CRIZAL 1.50 + Transitions Gen S,multifocal,Resina,1.50,false,false,true,1389.00,Pagina 34,Crizal Easy Pro,Antirreflexo,final,1789.00,1789.00,-10.25,5.25,0.00,-6.00,1.00,3.50,MULTIFOCAL DIGITAL,LENTES KODAK PRECISE UHD CRIZAL
Optilab,Optilab 06 de abril a 31 de julho de 2026,LENTES KODAK®,Mista,mista,336c95a5-f250-4394-943a-a5c7db21c6b3,1.50 + Transitions Gen S,LENTES KODAK® MULTIFOCAL DIGITAL LENTES KODAK PRECISE UHD CRIZAL 1.50 + Transitions Gen S,multifocal,Resina,1.50,false,false,true,1389.00,Pagina 34,Crizal Prevencia,Antirreflexo,final,2409.00,2409.00,-10.25,5.25,0.00,-6.00,1.00,3.50,MULTIFOCAL DIGITAL,LENTES KODAK PRECISE UHD CRIZAL
Optilab,Optilab 06 de abril a 31 de julho de 2026,LENTES KODAK®,Mista,mista,336c95a5-f250-4394-943a-a5c7db21c6b3,1.50 + Transitions Gen S,LENTES KODAK® MULTIFOCAL DIGITAL LENTES KODAK PRECISE UHD CRIZAL 1.50 + Transitions Gen S,multifocal,Resina,1.50,false,false,true,1389.00,Pagina 34,Crizal Rock,Antirreflexo,final,2139.00,2139.00,-10.25,5.25,0.00,-6.00,1.00,3.50,MULTIFOCAL DIGITAL,LENTES KODAK PRECISE UHD CRIZAL
Optilab,Optilab 06 de abril a 31 de julho de 2026,LENTES KODAK®,Mista,mista,336c95a5-f250-4394-943a-a5c7db21c6b3,1.50 + Transitions Gen S,LENTES KODAK® MULTIFOCAL DIGITAL LENTES KODAK PRECISE UHD CRIZAL 1.50 + Transitions Gen S,multifocal,Resina,1.50,false,false,true,1389.00,Pagina 34,Crizal Sapphire HR,Antirreflexo,final,2409.00,2409.00,-10.25,5.25,0.00,-6.00,1.00,3.50,MULTIFOCAL DIGITAL,LENTES KODAK PRECISE UHD CRIZAL
Optilab,Optilab 06 de abril a 31 de julho de 2026,LENTES KODAK®,Mista,mista,299970d1-8c51-4cd7-ac4e-6b23331bd276,1.50 + Transitions Gen S,LENTES KODAK® MULTIFOCAL DIGITAL LENTES KODAK PRECISE UHD CRIZAL 1.50 + Transitions Gen S,multifocal,Resina,1.50,false,false,true,2029.00,Pagina 34,No Reflex,Antirreflexo,final,2139.00,2139.00,-10.25,5.25,0.00,-6.00,1.00,3.50,MULTIFOCAL DIGITAL,LENTES KODAK PRECISE UHD CRIZAL
Optilab,Optilab 06 de abril a 31 de julho de 2026,LENTES KODAK®,Mista,mista,336c95a5-f250-4394-943a-a5c7db21c6b3,1.50 + Transitions Gen S,LENTES KODAK® MULTIFOCAL DIGITAL LENTES KODAK PRECISE UHD CRIZAL 1.50 + Transitions Gen S,multifocal,Resina,1.50,false,false,true,1389.00,Pagina 34,No Reflex,Antirreflexo,final,1639.00,1639.00,-10.25,5.25,0.00,-6.00,1.00,3.50,MULTIFOCAL DIGITAL,LENTES KODAK PRECISE UHD CRIZAL
Optilab,Optilab 06 de abril a 31 de julho de 2026,LENTES KODAK®,Mista,mista,336c95a5-f250-4394-943a-a5c7db21c6b3,1.50 + Transitions Gen S,LENTES KODAK® MULTIFOCAL DIGITAL LENTES KODAK PRECISE UHD CRIZAL 1.50 + Transitions Gen S,multifocal,Resina,1.50,false,false,true,1389.00,Pagina 34,Optifog,Antirreflexo,final,2029.00,2029.00,-10.25,5.25,0.00,-6.00,1.00,3.50,MULTIFOCAL DIGITAL,LENTES KODAK PRECISE UHD CRIZAL
Optilab,Optilab 06 de abril a 31 de julho de 2026,LENTES KODAK®,Mista,mista,299970d1-8c51-4cd7-ac4e-6b23331bd276,1.50 + Transitions Gen S,LENTES KODAK® MULTIFOCAL DIGITAL LENTES KODAK PRECISE UHD CRIZAL 1.50 + Transitions Gen S,multifocal,Resina,1.50,false,false,true,2029.00,Pagina 34,Optifog,Antirreflexo,final,2409.00,2409.00,-10.25,5.25,0.00,-6.00,1.00,3.50,MULTIFOCAL DIGITAL,LENTES KODAK PRECISE UHD CRIZAL
Optilab,Optilab 06 de abril a 31 de julho de 2026,LENTES KODAK®,Mista,mista,299970d1-8c51-4cd7-ac4e-6b23331bd276,1.50 + Transitions Gen S,LENTES KODAK® MULTIFOCAL DIGITAL LENTES KODAK PRECISE UHD CRIZAL 1.50 + Transitions Gen S,multifocal,Resina,1.50,false,false,true,2029.00,Pagina 34,Trio Easy Clean,Antirreflexo,final,1789.00,1789.00,-10.25,5.25,0.00,-6.00,1.00,3.50,MULTIFOCAL DIGITAL,LENTES KODAK PRECISE UHD CRIZAL
Optilab,Optilab 06 de abril a 31 de julho de 2026,LENTES KODAK®,Mista,mista,336c95a5-f250-4394-943a-a5c7db21c6b3,1.50 + Transitions Gen S,LENTES KODAK® MULTIFOCAL DIGITAL LENTES KODAK PRECISE UHD CRIZAL 1.50 + Transitions Gen S,multifocal,Resina,1.50,false,false,true,1389.00,Pagina 34,Trio Easy Clean,Antirreflexo,final,1589.00,1589.00,-10.25,5.25,0.00,-6.00,1.00,3.50,MULTIFOCAL DIGITAL,LENTES KODAK PRECISE UHD CRIZAL
Optilab,Optilab 06 de abril a 31 de julho de 2026,LENTES KODAK®,Mista,mista,299970d1-8c51-4cd7-ac4e-6b23331bd276,1.50 + Transitions Gen S,LENTES KODAK® MULTIFOCAL DIGITAL LENTES KODAK PRECISE UHD CRIZAL 1.50 + Transitions Gen S,multifocal,Resina,1.50,false,false,true,2029.00,Pagina 34,Verniz Hc,Revestimento,final,2029.00,2029.00,-10.25,5.25,0.00,-6.00,1.00,3.50,MULTIFOCAL DIGITAL,LENTES KODAK PRECISE UHD CRIZAL
Optilab,Optilab 06 de abril a 31 de julho de 2026,LENTES KODAK®,Mista,mista,336c95a5-f250-4394-943a-a5c7db21c6b3,1.50 + Transitions Gen S,LENTES KODAK® MULTIFOCAL DIGITAL LENTES KODAK PRECISE UHD CRIZAL 1.50 + Transitions Gen S,multifocal,Resina,1.50,false,false,true,1389.00,Pagina 34,Verniz Hc,Revestimento,final,1389.00,1389.00,-10.25,5.25,0.00,-6.00,1.00,3.50,MULTIFOCAL DIGITAL,LENTES KODAK PRECISE UHD CRIZAL
Optilab,Optilab 06 de abril a 31 de julho de 2026,LENTES KODAK®,Mista,mista,a609fb33-7d02-4ff2-9389-cb23aa2ec757,Poly,LENTES KODAK® MULTIFOCAL DIGITAL LENTES KODAK PRECISE UHD CRIZAL Poly,multifocal,Policarbonato,1.59,false,false,true,809.00,Pagina 34,Crizal Easy Pro,Antirreflexo,final,1209.00,1209.00,-11.75,6.50,0.00,-6.00,1.00,3.50,MULTIFOCAL DIGITAL,LENTES KODAK PRECISE UHD CRIZAL
Optilab,Optilab 06 de abril a 31 de julho de 2026,LENTES KODAK®,Mista,mista,1f504de9-58a0-4cc2-af46-46f4258fb3bd,Poly,LENTES KODAK® MULTIFOCAL DIGITAL LENTES KODAK PRECISE UHD CRIZAL Poly,multifocal,Policarbonato,1.59,false,false,true,1449.00,Pagina 34,Crizal Easy Pro,Antirreflexo,final,1829.00,1829.00,-11.75,6.50,0.00,-6.00,1.00,3.50,MULTIFOCAL DIGITAL,LENTES KODAK PRECISE UHD CRIZAL
Optilab,Optilab 06 de abril a 31 de julho de 2026,LENTES KODAK®,Mista,mista,a609fb33-7d02-4ff2-9389-cb23aa2ec757,Poly,LENTES KODAK® MULTIFOCAL DIGITAL LENTES KODAK PRECISE UHD CRIZAL Poly,multifocal,Policarbonato,1.59,false,false,true,809.00,Pagina 34,Crizal Prevencia,Antirreflexo,final,1829.00,1829.00,-11.75,6.50,0.00,-6.00,1.00,3.50,MULTIFOCAL DIGITAL,LENTES KODAK PRECISE UHD CRIZAL
Optilab,Optilab 06 de abril a 31 de julho de 2026,LENTES KODAK®,Mista,mista,a609fb33-7d02-4ff2-9389-cb23aa2ec757,Poly,LENTES KODAK® MULTIFOCAL DIGITAL LENTES KODAK PRECISE UHD CRIZAL Poly,multifocal,Policarbonato,1.59,false,false,true,809.00,Pagina 34,Crizal Rock,Antirreflexo,final,1559.00,1559.00,-11.75,6.50,0.00,-6.00,1.00,3.50,MULTIFOCAL DIGITAL,LENTES KODAK PRECISE UHD CRIZAL
Optilab,Optilab 06 de abril a 31 de julho de 2026,LENTES KODAK®,Mista,mista,a609fb33-7d02-4ff2-9389-cb23aa2ec757,Poly,LENTES KODAK® MULTIFOCAL DIGITAL LENTES KODAK PRECISE UHD CRIZAL Poly,multifocal,Policarbonato,1.59,false,false,true,809.00,Pagina 34,Crizal Sapphire HR,Antirreflexo,final,1829.00,1829.00,-11.75,6.50,0.00,-6.00,1.00,3.50,MULTIFOCAL DIGITAL,LENTES KODAK PRECISE UHD CRIZAL
Optilab,Optilab 06 de abril a 31 de julho de 2026,LENTES KODAK®,Mista,mista,a609fb33-7d02-4ff2-9389-cb23aa2ec757,Poly,LENTES KODAK® MULTIFOCAL DIGITAL LENTES KODAK PRECISE UHD CRIZAL Poly,multifocal,Policarbonato,1.59,false,false,true,809.00,Pagina 34,No Reflex,Antirreflexo,final,1059.00,1059.00,-11.75,6.50,0.00,-6.00,1.00,3.50,MULTIFOCAL DIGITAL,LENTES KODAK PRECISE UHD CRIZAL
Optilab,Optilab 06 de abril a 31 de julho de 2026,LENTES KODAK®,Mista,mista,1f504de9-58a0-4cc2-af46-46f4258fb3bd,Poly,LENTES KODAK® MULTIFOCAL DIGITAL LENTES KODAK PRECISE UHD CRIZAL Poly,multifocal,Policarbonato,1.59,false,false,true,1449.00,Pagina 34,No Reflex,Antirreflexo,final,1559.00,1559.00,-11.75,6.50,0.00,-6.00,1.00,3.50,MULTIFOCAL DIGITAL,LENTES KODAK PRECISE UHD CRIZAL
Optilab,Optilab 06 de abril a 31 de julho de 2026,LENTES KODAK®,Mista,mista,a609fb33-7d02-4ff2-9389-cb23aa2ec757,Poly,LENTES KODAK® MULTIFOCAL DIGITAL LENTES KODAK PRECISE UHD CRIZAL Poly,multifocal,Policarbonato,1.59,false,false,true,809.00,Pagina 34,Optifog,Antirreflexo,final,1449.00,1449.00,-11.75,6.50,0.00,-6.00,1.00,3.50,MULTIFOCAL DIGITAL,LENTES KODAK PRECISE UHD CRIZAL
Optilab,Optilab 06 de abril a 31 de julho de 2026,LENTES KODAK®,Mista,mista,1f504de9-58a0-4cc2-af46-46f4258fb3bd,Poly,LENTES KODAK® MULTIFOCAL DIGITAL LENTES KODAK PRECISE UHD CRIZAL Poly,multifocal,Policarbonato,1.59,false,false,true,1449.00,Pagina 34,Optifog,Antirreflexo,final,1829.00,1829.00,-11.75,6.50,0.00,-6.00,1.00,3.50,MULTIFOCAL DIGITAL,LENTES KODAK PRECISE UHD CRIZAL
Optilab,Optilab 06 de abril a 31 de julho de 2026,LENTES KODAK®,Mista,mista,1f504de9-58a0-4cc2-af46-46f4258fb3bd,Poly,LENTES KODAK® MULTIFOCAL DIGITAL LENTES KODAK PRECISE UHD CRIZAL Poly,multifocal,Policarbonato,1.59,false,false,true,1449.00,Pagina 34,Trio Easy Clean,Antirreflexo,final,1209.00,1209.00,-11.75,6.50,0.00,-6.00,1.00,3.50,MULTIFOCAL DIGITAL,LENTES KODAK PRECISE UHD CRIZAL
Optilab,Optilab 06 de abril a 31 de julho de 2026,LENTES KODAK®,Mista,mista,a609fb33-7d02-4ff2-9389-cb23aa2ec757,Poly,LENTES KODAK® MULTIFOCAL DIGITAL LENTES KODAK PRECISE UHD CRIZAL Poly,multifocal,Policarbonato,1.59,false,false,true,809.00,Pagina 34,Trio Easy Clean,Antirreflexo,final,1009.00,1009.00,-11.75,6.50,0.00,-6.00,1.00,3.50,MULTIFOCAL DIGITAL,LENTES KODAK PRECISE UHD CRIZAL
Optilab,Optilab 06 de abril a 31 de julho de 2026,LENTES KODAK®,Mista,mista,a609fb33-7d02-4ff2-9389-cb23aa2ec757,Poly,LENTES KODAK® MULTIFOCAL DIGITAL LENTES KODAK PRECISE UHD CRIZAL Poly,multifocal,Policarbonato,1.59,false,false,true,809.00,Pagina 34,Verniz Hc,Revestimento,final,809.00,809.00,-11.75,6.50,0.00,-6.00,1.00,3.50,MULTIFOCAL DIGITAL,LENTES KODAK PRECISE UHD CRIZAL
Optilab,Optilab 06 de abril a 31 de julho de 2026,LENTES KODAK®,Mista,mista,1f504de9-58a0-4cc2-af46-46f4258fb3bd,Poly,LENTES KODAK® MULTIFOCAL DIGITAL LENTES KODAK PRECISE UHD CRIZAL Poly,multifocal,Policarbonato,1.59,false,false,true,1449.00,Pagina 34,Verniz Hc,Revestimento,final,1449.00,1449.00,-11.75,6.50,0.00,-6.00,1.00,3.50,MULTIFOCAL DIGITAL,LENTES KODAK PRECISE UHD CRIZAL
Optilab,Optilab 06 de abril a 31 de julho de 2026,LENTES KODAK®,Mista,mista,6282ed3a-7b4d-4c01-93ab-2a17fbe64896,Poly + Transitions Gen S,LENTES KODAK® MULTIFOCAL DIGITAL LENTES KODAK PRECISE UHD CRIZAL Poly + Transitions Gen S,multifocal,Policarbonato,1.59,false,false,true,2249.00,Pagina 34,Crizal Easy Pro,Antirreflexo,final,2629.00,2629.00,-11.75,6.50,0.00,-6.00,1.00,3.50,MULTIFOCAL DIGITAL,LENTES KODAK PRECISE UHD CRIZAL
Optilab,Optilab 06 de abril a 31 de julho de 2026,LENTES KODAK®,Mista,mista,bcc5b51c-ab77-4e5a-9472-73151382be65,Poly + Transitions Gen S,LENTES KODAK® MULTIFOCAL DIGITAL LENTES KODAK PRECISE UHD CRIZAL Poly + Transitions Gen S,multifocal,Policarbonato,1.59,false,false,true,1609.00,Pagina 34,Crizal Easy Pro,Antirreflexo,final,2009.00,2009.00,-11.75,6.50,0.00,-6.00,1.00,3.50,MULTIFOCAL DIGITAL,LENTES KODAK PRECISE UHD CRIZAL
Optilab,Optilab 06 de abril a 31 de julho de 2026,LENTES KODAK®,Mista,mista,bcc5b51c-ab77-4e5a-9472-73151382be65,Poly + Transitions Gen S,LENTES KODAK® MULTIFOCAL DIGITAL LENTES KODAK PRECISE UHD CRIZAL Poly + Transitions Gen S,multifocal,Policarbonato,1.59,false,false,true,1609.00,Pagina 34,Crizal Prevencia,Antirreflexo,final,2629.00,2629.00,-11.75,6.50,0.00,-6.00,1.00,3.50,MULTIFOCAL DIGITAL,LENTES KODAK PRECISE UHD CRIZAL
Optilab,Optilab 06 de abril a 31 de julho de 2026,LENTES KODAK®,Mista,mista,bcc5b51c-ab77-4e5a-9472-73151382be65,Poly + Transitions Gen S,LENTES KODAK® MULTIFOCAL DIGITAL LENTES KODAK PRECISE UHD CRIZAL Poly + Transitions Gen S,multifocal,Policarbonato,1.59,false,false,true,1609.00,Pagina 34,Crizal Rock,Antirreflexo,final,2359.00,2359.00,-11.75,6.50,0.00,-6.00,1.00,3.50,MULTIFOCAL DIGITAL,LENTES KODAK PRECISE UHD CRIZAL
Optilab,Optilab 06 de abril a 31 de julho de 2026,LENTES KODAK®,Mista,mista,bcc5b51c-ab77-4e5a-9472-73151382be65,Poly + Transitions Gen S,LENTES KODAK® MULTIFOCAL DIGITAL LENTES KODAK PRECISE UHD CRIZAL Poly + Transitions Gen S,multifocal,Policarbonato,1.59,false,false,true,1609.00,Pagina 34,Crizal Sapphire HR,Antirreflexo,final,2629.00,2629.00,-11.75,6.50,0.00,-6.00,1.00,3.50,MULTIFOCAL DIGITAL,LENTES KODAK PRECISE UHD CRIZAL
Optilab,Optilab 06 de abril a 31 de julho de 2026,LENTES KODAK®,Mista,mista,bcc5b51c-ab77-4e5a-9472-73151382be65,Poly + Transitions Gen S,LENTES KODAK® MULTIFOCAL DIGITAL LENTES KODAK PRECISE UHD CRIZAL Poly + Transitions Gen S,multifocal,Policarbonato,1.59,false,false,true,1609.00,Pagina 34,No Reflex,Antirreflexo,final,1859.00,1859.00,-11.75,6.50,0.00,-6.00,1.00,3.50,MULTIFOCAL DIGITAL,LENTES KODAK PRECISE UHD CRIZAL
Optilab,Optilab 06 de abril a 31 de julho de 2026,LENTES KODAK®,Mista,mista,6282ed3a-7b4d-4c01-93ab-2a17fbe64896,Poly + Transitions Gen S,LENTES KODAK® MULTIFOCAL DIGITAL LENTES KODAK PRECISE UHD CRIZAL Poly + Transitions Gen S,multifocal,Policarbonato,1.59,false,false,true,2249.00,Pagina 34,No Reflex,Antirreflexo,final,2359.00,2359.00,-11.75,6.50,0.00,-6.00,1.00,3.50,MULTIFOCAL DIGITAL,LENTES KODAK PRECISE UHD CRIZAL
Optilab,Optilab 06 de abril a 31 de julho de 2026,LENTES KODAK®,Mista,mista,6282ed3a-7b4d-4c01-93ab-2a17fbe64896,Poly + Transitions Gen S,LENTES KODAK® MULTIFOCAL DIGITAL LENTES KODAK PRECISE UHD CRIZAL Poly + Transitions Gen S,multifocal,Policarbonato,1.59,false,false,true,2249.00,Pagina 34,Optifog,Antirreflexo,final,2629.00,2629.00,-11.75,6.50,0.00,-6.00,1.00,3.50,MULTIFOCAL DIGITAL,LENTES KODAK PRECISE UHD CRIZAL
Optilab,Optilab 06 de abril a 31 de julho de 2026,LENTES KODAK®,Mista,mista,bcc5b51c-ab77-4e5a-9472-73151382be65,Poly + Transitions Gen S,LENTES KODAK® MULTIFOCAL DIGITAL LENTES KODAK PRECISE UHD CRIZAL Poly + Transitions Gen S,multifocal,Policarbonato,1.59,false,false,true,1609.00,Pagina 34,Optifog,Antirreflexo,final,2249.00,2249.00,-11.75,6.50,0.00,-6.00,1.00,3.50,MULTIFOCAL DIGITAL,LENTES KODAK PRECISE UHD CRIZAL
Optilab,Optilab 06 de abril a 31 de julho de 2026,LENTES KODAK®,Mista,mista,6282ed3a-7b4d-4c01-93ab-2a17fbe64896,Poly + Transitions Gen S,LENTES KODAK® MULTIFOCAL DIGITAL LENTES KODAK PRECISE UHD CRIZAL Poly + Transitions Gen S,multifocal,Policarbonato,1.59,false,false,true,2249.00,Pagina 34,Trio Easy Clean,Antirreflexo,final,2009.00,2009.00,-11.75,6.50,0.00,-6.00,1.00,3.50,MULTIFOCAL DIGITAL,LENTES KODAK PRECISE UHD CRIZAL
Optilab,Optilab 06 de abril a 31 de julho de 2026,LENTES KODAK®,Mista,mista,bcc5b51c-ab77-4e5a-9472-73151382be65,Poly + Transitions Gen S,LENTES KODAK® MULTIFOCAL DIGITAL LENTES KODAK PRECISE UHD CRIZAL Poly + Transitions Gen S,multifocal,Policarbonato,1.59,false,false,true,1609.00,Pagina 34,Trio Easy Clean,Antirreflexo,final,1809.00,1809.00,-11.75,6.50,0.00,-6.00,1.00,3.50,MULTIFOCAL DIGITAL,LENTES KODAK PRECISE UHD CRIZAL
Optilab,Optilab 06 de abril a 31 de julho de 2026,LENTES KODAK®,Mista,mista,bcc5b51c-ab77-4e5a-9472-73151382be65,Poly + Transitions Gen S,LENTES KODAK® MULTIFOCAL DIGITAL LENTES KODAK PRECISE UHD CRIZAL Poly + Transitions Gen S,multifocal,Policarbonato,1.59,false,false,true,1609.00,Pagina 34,Verniz Hc,Revestimento,final,1609.00,1609.00,-11.75,6.50,0.00,-6.00,1.00,3.50,MULTIFOCAL DIGITAL,LENTES KODAK PRECISE UHD CRIZAL
Optilab,Optilab 06 de abril a 31 de julho de 2026,LENTES KODAK®,Mista,mista,6282ed3a-7b4d-4c01-93ab-2a17fbe64896,Poly + Transitions Gen S,LENTES KODAK® MULTIFOCAL DIGITAL LENTES KODAK PRECISE UHD CRIZAL Poly + Transitions Gen S,multifocal,Policarbonato,1.59,false,false,true,2249.00,Pagina 34,Verniz Hc,Revestimento,final,2249.00,2249.00,-11.75,6.50,0.00,-6.00,1.00,3.50,MULTIFOCAL DIGITAL,LENTES KODAK PRECISE UHD CRIZAL
Optilab,Optilab 06 de abril a 31 de julho de 2026,LENTES KODAK®,Mista,mista,9914db3a-4c70-4551-9a1a-72c3b31345ba,Stylis 1.67,LENTES KODAK® MULTIFOCAL DIGITAL LENTES KODAK PRECISE UHD CRIZAL Stylis 1.67,multifocal,Resina High Index,1.67,false,false,true,2209.00,Pagina 34,Crizal Easy Pro,Antirreflexo,final,2409.00,2409.00,-14.00,8.00,0.00,-6.00,1.00,3.50,MULTIFOCAL DIGITAL,LENTES KODAK PRECISE UHD CRIZAL
Optilab,Optilab 06 de abril a 31 de julho de 2026,LENTES KODAK®,Mista,mista,25f2c10f-f26c-4aa2-9732-509a63a5400b,Stylis 1.67,LENTES KODAK® MULTIFOCAL DIGITAL LENTES KODAK PRECISE UHD CRIZAL Stylis 1.67,multifocal,Resina High Index,1.67,false,false,true,2649.00,Pagina 34,Crizal Easy Pro,Antirreflexo,final,3029.00,3029.00,-14.00,8.00,0.00,-6.00,1.00,3.50,MULTIFOCAL DIGITAL,LENTES KODAK PRECISE UHD CRIZAL
Optilab,Optilab 06 de abril a 31 de julho de 2026,LENTES KODAK®,Mista,mista,9914db3a-4c70-4551-9a1a-72c3b31345ba,Stylis 1.67,LENTES KODAK® MULTIFOCAL DIGITAL LENTES KODAK PRECISE UHD CRIZAL Stylis 1.67,multifocal,Resina High Index,1.67,false,false,true,2209.00,Pagina 34,Crizal Prevencia,Antirreflexo,final,3029.00,3029.00,-14.00,8.00,0.00,-6.00,1.00,3.50,MULTIFOCAL DIGITAL,LENTES KODAK PRECISE UHD CRIZAL
Optilab,Optilab 06 de abril a 31 de julho de 2026,LENTES KODAK®,Mista,mista,9914db3a-4c70-4551-9a1a-72c3b31345ba,Stylis 1.67,LENTES KODAK® MULTIFOCAL DIGITAL LENTES KODAK PRECISE UHD CRIZAL Stylis 1.67,multifocal,Resina High Index,1.67,false,false,true,2209.00,Pagina 34,Crizal Rock,Antirreflexo,final,2759.00,2759.00,-14.00,8.00,0.00,-6.00,1.00,3.50,MULTIFOCAL DIGITAL,LENTES KODAK PRECISE UHD CRIZAL
Optilab,Optilab 06 de abril a 31 de julho de 2026,LENTES KODAK®,Mista,mista,9914db3a-4c70-4551-9a1a-72c3b31345ba,Stylis 1.67,LENTES KODAK® MULTIFOCAL DIGITAL LENTES KODAK PRECISE UHD CRIZAL Stylis 1.67,multifocal,Resina High Index,1.67,false,false,true,2209.00,Pagina 34,Crizal Sapphire HR,Antirreflexo,final,3029.00,3029.00,-14.00,8.00,0.00,-6.00,1.00,3.50,MULTIFOCAL DIGITAL,LENTES KODAK PRECISE UHD CRIZAL
Optilab,Optilab 06 de abril a 31 de julho de 2026,LENTES KODAK®,Mista,mista,25f2c10f-f26c-4aa2-9732-509a63a5400b,Stylis 1.67,LENTES KODAK® MULTIFOCAL DIGITAL LENTES KODAK PRECISE UHD CRIZAL Stylis 1.67,multifocal,Resina High Index,1.67,false,false,true,2649.00,Pagina 34,No Reflex,Antirreflexo,final,2759.00,2759.00,-14.00,8.00,0.00,-6.00,1.00,3.50,MULTIFOCAL DIGITAL,LENTES KODAK PRECISE UHD CRIZAL
Optilab,Optilab 06 de abril a 31 de julho de 2026,LENTES KODAK®,Mista,mista,9914db3a-4c70-4551-9a1a-72c3b31345ba,Stylis 1.67,LENTES KODAK® MULTIFOCAL DIGITAL LENTES KODAK PRECISE UHD CRIZAL Stylis 1.67,multifocal,Resina High Index,1.67,false,false,true,2209.00,Pagina 34,No Reflex,Antirreflexo,final,2259.00,2259.00,-14.00,8.00,0.00,-6.00,1.00,3.50,MULTIFOCAL DIGITAL,LENTES KODAK PRECISE UHD CRIZAL
Optilab,Optilab 06 de abril a 31 de julho de 2026,LENTES KODAK®,Mista,mista,9914db3a-4c70-4551-9a1a-72c3b31345ba,Stylis 1.67,LENTES KODAK® MULTIFOCAL DIGITAL LENTES KODAK PRECISE UHD CRIZAL Stylis 1.67,multifocal,Resina High Index,1.67,false,false,true,2209.00,Pagina 34,Optifog,Antirreflexo,final,2649.00,2649.00,-14.00,8.00,0.00,-6.00,1.00,3.50,MULTIFOCAL DIGITAL,LENTES KODAK PRECISE UHD CRIZAL
Optilab,Optilab 06 de abril a 31 de julho de 2026,LENTES KODAK®,Mista,mista,25f2c10f-f26c-4aa2-9732-509a63a5400b,Stylis 1.67,LENTES KODAK® MULTIFOCAL DIGITAL LENTES KODAK PRECISE UHD CRIZAL Stylis 1.67,multifocal,Resina High Index,1.67,false,false,true,2649.00,Pagina 34,Optifog,Antirreflexo,final,3029.00,3029.00,-14.00,8.00,0.00,-6.00,1.00,3.50,MULTIFOCAL DIGITAL,LENTES KODAK PRECISE UHD CRIZAL
Optilab,Optilab 06 de abril a 31 de julho de 2026,LENTES KODAK®,Mista,mista,9914db3a-4c70-4551-9a1a-72c3b31345ba,Stylis 1.67,LENTES KODAK® MULTIFOCAL DIGITAL LENTES KODAK PRECISE UHD CRIZAL Stylis 1.67,multifocal,Resina High Index,1.67,false,false,true,2209.00,Pagina 34,Trio Easy Clean,Antirreflexo,final,2209.00,2209.00,-14.00,8.00,0.00,-6.00,1.00,3.50,MULTIFOCAL DIGITAL,LENTES KODAK PRECISE UHD CRIZAL
Optilab,Optilab 06 de abril a 31 de julho de 2026,LENTES KODAK®,Mista,mista,25f2c10f-f26c-4aa2-9732-509a63a5400b,Stylis 1.67,LENTES KODAK® MULTIFOCAL DIGITAL LENTES KODAK PRECISE UHD CRIZAL Stylis 1.67,multifocal,Resina High Index,1.67,false,false,true,2649.00,Pagina 34,Trio Easy Clean,Antirreflexo,final,2409.00,2409.00,-14.00,8.00,0.00,-6.00,1.00,3.50,MULTIFOCAL DIGITAL,LENTES KODAK PRECISE UHD CRIZAL
Optilab,Optilab 06 de abril a 31 de julho de 2026,LENTES KODAK®,Mista,mista,25f2c10f-f26c-4aa2-9732-509a63a5400b,Stylis 1.67,LENTES KODAK® MULTIFOCAL DIGITAL LENTES KODAK PRECISE UHD CRIZAL Stylis 1.67,multifocal,Resina High Index,1.67,false,false,true,2649.00,Pagina 34,Verniz Hc,Revestimento,final,2649.00,2649.00,-14.00,8.00,0.00,-6.00,1.00,3.50,MULTIFOCAL DIGITAL,LENTES KODAK PRECISE UHD CRIZAL
Optilab,Optilab 06 de abril a 31 de julho de 2026,LENTES KODAK®,Mista,mista,b2b0572d-d6bb-4eed-981b-1942f7823105,Stylis 1.67 + Transitions Gen S,LENTES KODAK® MULTIFOCAL DIGITAL LENTES KODAK PRECISE UHD CRIZAL Stylis 1.67 + Transitions Gen S,multifocal,Resina High Index,1.67,false,false,true,3449.00,Pagina 34,Crizal Easy Pro,Antirreflexo,final,3829.00,3829.00,-14.00,8.00,0.00,-6.00,1.00,3.50,MULTIFOCAL DIGITAL,LENTES KODAK PRECISE UHD CRIZAL
Optilab,Optilab 06 de abril a 31 de julho de 2026,LENTES KODAK®,Mista,mista,d6894c5e-15b9-424a-bac4-e34cd38ef970,Stylis 1.67 + Transitions Gen S,LENTES KODAK® MULTIFOCAL DIGITAL LENTES KODAK PRECISE UHD CRIZAL Stylis 1.67 + Transitions Gen S,multifocal,Resina High Index,1.67,false,false,true,3009.00,Pagina 34,Crizal Easy Pro,Antirreflexo,final,3209.00,3209.00,-14.00,8.00,0.00,-6.00,1.00,3.50,MULTIFOCAL DIGITAL,LENTES KODAK PRECISE UHD CRIZAL
Optilab,Optilab 06 de abril a 31 de julho de 2026,LENTES KODAK®,Mista,mista,d6894c5e-15b9-424a-bac4-e34cd38ef970,Stylis 1.67 + Transitions Gen S,LENTES KODAK® MULTIFOCAL DIGITAL LENTES KODAK PRECISE UHD CRIZAL Stylis 1.67 + Transitions Gen S,multifocal,Resina High Index,1.67,false,false,true,3009.00,Pagina 34,Crizal Prevencia,Antirreflexo,final,3829.00,3829.00,-14.00,8.00,0.00,-6.00,1.00,3.50,MULTIFOCAL DIGITAL,LENTES KODAK PRECISE UHD CRIZAL
Optilab,Optilab 06 de abril a 31 de julho de 2026,LENTES KODAK®,Mista,mista,d6894c5e-15b9-424a-bac4-e34cd38ef970,Stylis 1.67 + Transitions Gen S,LENTES KODAK® MULTIFOCAL DIGITAL LENTES KODAK PRECISE UHD CRIZAL Stylis 1.67 + Transitions Gen S,multifocal,Resina High Index,1.67,false,false,true,3009.00,Pagina 34,Crizal Rock,Antirreflexo,final,3559.00,3559.00,-14.00,8.00,0.00,-6.00,1.00,3.50,MULTIFOCAL DIGITAL,LENTES KODAK PRECISE UHD CRIZAL
Optilab,Optilab 06 de abril a 31 de julho de 2026,LENTES KODAK®,Mista,mista,d6894c5e-15b9-424a-bac4-e34cd38ef970,Stylis 1.67 + Transitions Gen S,LENTES KODAK® MULTIFOCAL DIGITAL LENTES KODAK PRECISE UHD CRIZAL Stylis 1.67 + Transitions Gen S,multifocal,Resina High Index,1.67,false,false,true,3009.00,Pagina 34,Crizal Sapphire HR,Antirreflexo,final,3829.00,3829.00,-14.00,8.00,0.00,-6.00,1.00,3.50,MULTIFOCAL DIGITAL,LENTES KODAK PRECISE UHD CRIZAL
Optilab,Optilab 06 de abril a 31 de julho de 2026,LENTES KODAK®,Mista,mista,d6894c5e-15b9-424a-bac4-e34cd38ef970,Stylis 1.67 + Transitions Gen S,LENTES KODAK® MULTIFOCAL DIGITAL LENTES KODAK PRECISE UHD CRIZAL Stylis 1.67 + Transitions Gen S,multifocal,Resina High Index,1.67,false,false,true,3009.00,Pagina 34,No Reflex,Antirreflexo,final,3059.00,3059.00,-14.00,8.00,0.00,-6.00,1.00,3.50,MULTIFOCAL DIGITAL,LENTES KODAK PRECISE UHD CRIZAL
Optilab,Optilab 06 de abril a 31 de julho de 2026,LENTES KODAK®,Mista,mista,b2b0572d-d6bb-4eed-981b-1942f7823105,Stylis 1.67 + Transitions Gen S,LENTES KODAK® MULTIFOCAL DIGITAL LENTES KODAK PRECISE UHD CRIZAL Stylis 1.67 + Transitions Gen S,multifocal,Resina High Index,1.67,false,false,true,3449.00,Pagina 34,No Reflex,Antirreflexo,final,3559.00,3559.00,-14.00,8.00,0.00,-6.00,1.00,3.50,MULTIFOCAL DIGITAL,LENTES KODAK PRECISE UHD CRIZAL
Optilab,Optilab 06 de abril a 31 de julho de 2026,LENTES KODAK®,Mista,mista,d6894c5e-15b9-424a-bac4-e34cd38ef970,Stylis 1.67 + Transitions Gen S,LENTES KODAK® MULTIFOCAL DIGITAL LENTES KODAK PRECISE UHD CRIZAL Stylis 1.67 + Transitions Gen S,multifocal,Resina High Index,1.67,false,false,true,3009.00,Pagina 34,Optifog,Antirreflexo,final,3449.00,3449.00,-14.00,8.00,0.00,-6.00,1.00,3.50,MULTIFOCAL DIGITAL,LENTES KODAK PRECISE UHD CRIZAL
Optilab,Optilab 06 de abril a 31 de julho de 2026,LENTES KODAK®,Mista,mista,b2b0572d-d6bb-4eed-981b-1942f7823105,Stylis 1.67 + Transitions Gen S,LENTES KODAK® MULTIFOCAL DIGITAL LENTES KODAK PRECISE UHD CRIZAL Stylis 1.67 + Transitions Gen S,multifocal,Resina High Index,1.67,false,false,true,3449.00,Pagina 34,Optifog,Antirreflexo,final,3829.00,3829.00,-14.00,8.00,0.00,-6.00,1.00,3.50,MULTIFOCAL DIGITAL,LENTES KODAK PRECISE UHD CRIZAL
Optilab,Optilab 06 de abril a 31 de julho de 2026,LENTES KODAK®,Mista,mista,b2b0572d-d6bb-4eed-981b-1942f7823105,Stylis 1.67 + Transitions Gen S,LENTES KODAK® MULTIFOCAL DIGITAL LENTES KODAK PRECISE UHD CRIZAL Stylis 1.67 + Transitions Gen S,multifocal,Resina High Index,1.67,false,false,true,3449.00,Pagina 34,Trio Easy Clean,Antirreflexo,final,3209.00,3209.00,-14.00,8.00,0.00,-6.00,1.00,3.50,MULTIFOCAL DIGITAL,LENTES KODAK PRECISE UHD CRIZAL
Optilab,Optilab 06 de abril a 31 de julho de 2026,LENTES KODAK®,Mista,mista,d6894c5e-15b9-424a-bac4-e34cd38ef970,Stylis 1.67 + Transitions Gen S,LENTES KODAK® MULTIFOCAL DIGITAL LENTES KODAK PRECISE UHD CRIZAL Stylis 1.67 + Transitions Gen S,multifocal,Resina High Index,1.67,false,false,true,3009.00,Pagina 34,Trio Easy Clean,Antirreflexo,final,3009.00,3009.00,-14.00,8.00,0.00,-6.00,1.00,3.50,MULTIFOCAL DIGITAL,LENTES KODAK PRECISE UHD CRIZAL
Optilab,Optilab 06 de abril a 31 de julho de 2026,LENTES KODAK®,Mista,mista,b2b0572d-d6bb-4eed-981b-1942f7823105,Stylis 1.67 + Transitions Gen S,LENTES KODAK® MULTIFOCAL DIGITAL LENTES KODAK PRECISE UHD CRIZAL Stylis 1.67 + Transitions Gen S,multifocal,Resina High Index,1.67,false,false,true,3449.00,Pagina 34,Verniz Hc,Revestimento,final,3449.00,3449.00,-14.00,8.00,0.00,-6.00,1.00,3.50,MULTIFOCAL DIGITAL,LENTES KODAK PRECISE UHD CRIZAL
Optilab,Optilab 06 de abril a 31 de julho de 2026,LENTES KODAK®,Mista,mista,ea1f07bd-cea8-4a3b-85c4-0b3cc3d0d608,1.50,LENTES KODAK® MULTIFOCAL DIGITAL LENTES KODAK SOFTWEAR CRIZAL 1.50,ocupacional,Resina,1.50,false,false,true,1089.00,Pagina 32,Crizal Easy Pro,Antirreflexo,final,1469.00,1469.00,-10.00,5.00,0.00,-6.00,0.75,3.50,MULTIFOCAL DIGITAL,LENTES KODAK SOFTWEAR CRIZAL
Optilab,Optilab 06 de abril a 31 de julho de 2026,LENTES KODAK®,Mista,mista,01762d05-3aef-400a-9ee1-10f2fc822532,1.50,LENTES KODAK® MULTIFOCAL DIGITAL LENTES KODAK SOFTWEAR CRIZAL 1.50,ocupacional,Resina,1.50,false,false,true,449.00,Pagina 32,Crizal Easy Pro,Antirreflexo,final,849.00,849.00,-10.00,5.00,0.00,-6.00,0.75,3.50,MULTIFOCAL DIGITAL,LENTES KODAK SOFTWEAR CRIZAL
Optilab,Optilab 06 de abril a 31 de julho de 2026,LENTES KODAK®,Mista,mista,01762d05-3aef-400a-9ee1-10f2fc822532,1.50,LENTES KODAK® MULTIFOCAL DIGITAL LENTES KODAK SOFTWEAR CRIZAL 1.50,ocupacional,Resina,1.50,false,false,true,449.00,Pagina 32,Crizal Prevencia,Antirreflexo,final,1469.00,1469.00,-10.00,5.00,0.00,-6.00,0.75,3.50,MULTIFOCAL DIGITAL,LENTES KODAK SOFTWEAR CRIZAL
Optilab,Optilab 06 de abril a 31 de julho de 2026,LENTES KODAK®,Mista,mista,01762d05-3aef-400a-9ee1-10f2fc822532,1.50,LENTES KODAK® MULTIFOCAL DIGITAL LENTES KODAK SOFTWEAR CRIZAL 1.50,ocupacional,Resina,1.50,false,false,true,449.00,Pagina 32,Crizal Rock,Antirreflexo,final,1199.00,1199.00,-10.00,5.00,0.00,-6.00,0.75,3.50,MULTIFOCAL DIGITAL,LENTES KODAK SOFTWEAR CRIZAL
Optilab,Optilab 06 de abril a 31 de julho de 2026,LENTES KODAK®,Mista,mista,01762d05-3aef-400a-9ee1-10f2fc822532,1.50,LENTES KODAK® MULTIFOCAL DIGITAL LENTES KODAK SOFTWEAR CRIZAL 1.50,ocupacional,Resina,1.50,false,false,true,449.00,Pagina 32,Crizal Sapphire HR,Antirreflexo,final,1469.00,1469.00,-10.00,5.00,0.00,-6.00,0.75,3.50,MULTIFOCAL DIGITAL,LENTES KODAK SOFTWEAR CRIZAL
Optilab,Optilab 06 de abril a 31 de julho de 2026,LENTES KODAK®,Mista,mista,ea1f07bd-cea8-4a3b-85c4-0b3cc3d0d608,1.50,LENTES KODAK® MULTIFOCAL DIGITAL LENTES KODAK SOFTWEAR CRIZAL 1.50,ocupacional,Resina,1.50,false,false,true,1089.00,Pagina 32,No Reflex,Antirreflexo,final,1199.00,1199.00,-10.00,5.00,0.00,-6.00,0.75,3.50,MULTIFOCAL DIGITAL,LENTES KODAK SOFTWEAR CRIZAL
Optilab,Optilab 06 de abril a 31 de julho de 2026,LENTES KODAK®,Mista,mista,01762d05-3aef-400a-9ee1-10f2fc822532,1.50,LENTES KODAK® MULTIFOCAL DIGITAL LENTES KODAK SOFTWEAR CRIZAL 1.50,ocupacional,Resina,1.50,false,false,true,449.00,Pagina 32,No Reflex,Antirreflexo,final,699.00,699.00,-10.00,5.00,0.00,-6.00,0.75,3.50,MULTIFOCAL DIGITAL,LENTES KODAK SOFTWEAR CRIZAL
Optilab,Optilab 06 de abril a 31 de julho de 2026,LENTES KODAK®,Mista,mista,ea1f07bd-cea8-4a3b-85c4-0b3cc3d0d608,1.50,LENTES KODAK® MULTIFOCAL DIGITAL LENTES KODAK SOFTWEAR CRIZAL 1.50,ocupacional,Resina,1.50,false,false,true,1089.00,Pagina 32,Optifog,Antirreflexo,final,1469.00,1469.00,-10.00,5.00,0.00,-6.00,0.75,3.50,MULTIFOCAL DIGITAL,LENTES KODAK SOFTWEAR CRIZAL
Optilab,Optilab 06 de abril a 31 de julho de 2026,LENTES KODAK®,Mista,mista,01762d05-3aef-400a-9ee1-10f2fc822532,1.50,LENTES KODAK® MULTIFOCAL DIGITAL LENTES KODAK SOFTWEAR CRIZAL 1.50,ocupacional,Resina,1.50,false,false,true,449.00,Pagina 32,Optifog,Antirreflexo,final,1089.00,1089.00,-10.00,5.00,0.00,-6.00,0.75,3.50,MULTIFOCAL DIGITAL,LENTES KODAK SOFTWEAR CRIZAL
Optilab,Optilab 06 de abril a 31 de julho de 2026,LENTES KODAK®,Mista,mista,01762d05-3aef-400a-9ee1-10f2fc822532,1.50,LENTES KODAK® MULTIFOCAL DIGITAL LENTES KODAK SOFTWEAR CRIZAL 1.50,ocupacional,Resina,1.50,false,false,true,449.00,Pagina 32,Trio Easy Clean,Antirreflexo,final,649.00,649.00,-10.00,5.00,0.00,-6.00,0.75,3.50,MULTIFOCAL DIGITAL,LENTES KODAK SOFTWEAR CRIZAL
Optilab,Optilab 06 de abril a 31 de julho de 2026,LENTES KODAK®,Mista,mista,ea1f07bd-cea8-4a3b-85c4-0b3cc3d0d608,1.50,LENTES KODAK® MULTIFOCAL DIGITAL LENTES KODAK SOFTWEAR CRIZAL 1.50,ocupacional,Resina,1.50,false,false,true,1089.00,Pagina 32,Trio Easy Clean,Antirreflexo,final,849.00,849.00,-10.00,5.00,0.00,-6.00,0.75,3.50,MULTIFOCAL DIGITAL,LENTES KODAK SOFTWEAR CRIZAL
Optilab,Optilab 06 de abril a 31 de julho de 2026,LENTES KODAK®,Mista,mista,ea1f07bd-cea8-4a3b-85c4-0b3cc3d0d608,1.50,LENTES KODAK® MULTIFOCAL DIGITAL LENTES KODAK SOFTWEAR CRIZAL 1.50,ocupacional,Resina,1.50,false,false,true,1089.00,Pagina 32,Verniz Hc,Revestimento,final,1089.00,1089.00,-10.00,5.00,0.00,-6.00,0.75,3.50,MULTIFOCAL DIGITAL,LENTES KODAK SOFTWEAR CRIZAL
Optilab,Optilab 06 de abril a 31 de julho de 2026,LENTES KODAK®,Mista,mista,01762d05-3aef-400a-9ee1-10f2fc822532,1.50,LENTES KODAK® MULTIFOCAL DIGITAL LENTES KODAK SOFTWEAR CRIZAL 1.50,ocupacional,Resina,1.50,false,false,true,449.00,Pagina 32,Verniz Hc,Revestimento,final,449.00,449.00,-10.00,5.00,0.00,-6.00,0.75,3.50,MULTIFOCAL DIGITAL,LENTES KODAK SOFTWEAR CRIZAL
Optilab,Optilab 06 de abril a 31 de julho de 2026,LENTES KODAK®,Mista,mista,064e340a-79c9-4ba1-9b70-81681b7f2579,Poly,LENTES KODAK® MULTIFOCAL DIGITAL LENTES KODAK SOFTWEAR CRIZAL Poly,ocupacional,Policarbonato,1.59,false,false,true,1309.00,Pagina 32,Crizal Easy Pro,Antirreflexo,final,1689.00,1689.00,-10.00,6.00,0.00,-6.00,0.75,3.50,MULTIFOCAL DIGITAL,LENTES KODAK SOFTWEAR CRIZAL
Optilab,Optilab 06 de abril a 31 de julho de 2026,LENTES KODAK®,Mista,mista,6ab9eb86-6d3e-46b6-94f1-62aee6c71d59,Poly,LENTES KODAK® MULTIFOCAL DIGITAL LENTES KODAK SOFTWEAR CRIZAL Poly,ocupacional,Policarbonato,1.59,false,false,true,669.00,Pagina 32,Crizal Easy Pro,Antirreflexo,final,1069.00,1069.00,-10.00,6.00,0.00,-6.00,0.75,3.50,MULTIFOCAL DIGITAL,LENTES KODAK SOFTWEAR CRIZAL
Optilab,Optilab 06 de abril a 31 de julho de 2026,LENTES KODAK®,Mista,mista,6ab9eb86-6d3e-46b6-94f1-62aee6c71d59,Poly,LENTES KODAK® MULTIFOCAL DIGITAL LENTES KODAK SOFTWEAR CRIZAL Poly,ocupacional,Policarbonato,1.59,false,false,true,669.00,Pagina 32,Crizal Prevencia,Antirreflexo,final,1689.00,1689.00,-10.00,6.00,0.00,-6.00,0.75,3.50,MULTIFOCAL DIGITAL,LENTES KODAK SOFTWEAR CRIZAL
Optilab,Optilab 06 de abril a 31 de julho de 2026,LENTES KODAK®,Mista,mista,6ab9eb86-6d3e-46b6-94f1-62aee6c71d59,Poly,LENTES KODAK® MULTIFOCAL DIGITAL LENTES KODAK SOFTWEAR CRIZAL Poly,ocupacional,Policarbonato,1.59,false,false,true,669.00,Pagina 32,Crizal Rock,Antirreflexo,final,1419.00,1419.00,-10.00,6.00,0.00,-6.00,0.75,3.50,MULTIFOCAL DIGITAL,LENTES KODAK SOFTWEAR CRIZAL
Optilab,Optilab 06 de abril a 31 de julho de 2026,LENTES KODAK®,Mista,mista,6ab9eb86-6d3e-46b6-94f1-62aee6c71d59,Poly,LENTES KODAK® MULTIFOCAL DIGITAL LENTES KODAK SOFTWEAR CRIZAL Poly,ocupacional,Policarbonato,1.59,false,false,true,669.00,Pagina 32,Crizal Sapphire HR,Antirreflexo,final,1689.00,1689.00,-10.00,6.00,0.00,-6.00,0.75,3.50,MULTIFOCAL DIGITAL,LENTES KODAK SOFTWEAR CRIZAL
Optilab,Optilab 06 de abril a 31 de julho de 2026,LENTES KODAK®,Mista,mista,064e340a-79c9-4ba1-9b70-81681b7f2579,Poly,LENTES KODAK® MULTIFOCAL DIGITAL LENTES KODAK SOFTWEAR CRIZAL Poly,ocupacional,Policarbonato,1.59,false,false,true,1309.00,Pagina 32,No Reflex,Antirreflexo,final,1419.00,1419.00,-10.00,6.00,0.00,-6.00,0.75,3.50,MULTIFOCAL DIGITAL,LENTES KODAK SOFTWEAR CRIZAL
Optilab,Optilab 06 de abril a 31 de julho de 2026,LENTES KODAK®,Mista,mista,6ab9eb86-6d3e-46b6-94f1-62aee6c71d59,Poly,LENTES KODAK® MULTIFOCAL DIGITAL LENTES KODAK SOFTWEAR CRIZAL Poly,ocupacional,Policarbonato,1.59,false,false,true,669.00,Pagina 32,No Reflex,Antirreflexo,final,919.00,919.00,-10.00,6.00,0.00,-6.00,0.75,3.50,MULTIFOCAL DIGITAL,LENTES KODAK SOFTWEAR CRIZAL
Optilab,Optilab 06 de abril a 31 de julho de 2026,LENTES KODAK®,Mista,mista,6ab9eb86-6d3e-46b6-94f1-62aee6c71d59,Poly,LENTES KODAK® MULTIFOCAL DIGITAL LENTES KODAK SOFTWEAR CRIZAL Poly,ocupacional,Policarbonato,1.59,false,false,true,669.00,Pagina 32,Optifog,Antirreflexo,final,1309.00,1309.00,-10.00,6.00,0.00,-6.00,0.75,3.50,MULTIFOCAL DIGITAL,LENTES KODAK SOFTWEAR CRIZAL
Optilab,Optilab 06 de abril a 31 de julho de 2026,LENTES KODAK®,Mista,mista,064e340a-79c9-4ba1-9b70-81681b7f2579,Poly,LENTES KODAK® MULTIFOCAL DIGITAL LENTES KODAK SOFTWEAR CRIZAL Poly,ocupacional,Policarbonato,1.59,false,false,true,1309.00,Pagina 32,Optifog,Antirreflexo,final,1689.00,1689.00,-10.00,6.00,0.00,-6.00,0.75,3.50,MULTIFOCAL DIGITAL,LENTES KODAK SOFTWEAR CRIZAL
Optilab,Optilab 06 de abril a 31 de julho de 2026,LENTES KODAK®,Mista,mista,6ab9eb86-6d3e-46b6-94f1-62aee6c71d59,Poly,LENTES KODAK® MULTIFOCAL DIGITAL LENTES KODAK SOFTWEAR CRIZAL Poly,ocupacional,Policarbonato,1.59,false,false,true,669.00,Pagina 32,Trio Easy Clean,Antirreflexo,final,869.00,869.00,-10.00,6.00,0.00,-6.00,0.75,3.50,MULTIFOCAL DIGITAL,LENTES KODAK SOFTWEAR CRIZAL
Optilab,Optilab 06 de abril a 31 de julho de 2026,LENTES KODAK®,Mista,mista,064e340a-79c9-4ba1-9b70-81681b7f2579,Poly,LENTES KODAK® MULTIFOCAL DIGITAL LENTES KODAK SOFTWEAR CRIZAL Poly,ocupacional,Policarbonato,1.59,false,false,true,1309.00,Pagina 32,Trio Easy Clean,Antirreflexo,final,1069.00,1069.00,-10.00,6.00,0.00,-6.00,0.75,3.50,MULTIFOCAL DIGITAL,LENTES KODAK SOFTWEAR CRIZAL
Optilab,Optilab 06 de abril a 31 de julho de 2026,LENTES KODAK®,Mista,mista,064e340a-79c9-4ba1-9b70-81681b7f2579,Poly,LENTES KODAK® MULTIFOCAL DIGITAL LENTES KODAK SOFTWEAR CRIZAL Poly,ocupacional,Policarbonato,1.59,false,false,true,1309.00,Pagina 32,Verniz Hc,Revestimento,final,1309.00,1309.00,-10.00,6.00,0.00,-6.00,0.75,3.50,MULTIFOCAL DIGITAL,LENTES KODAK SOFTWEAR CRIZAL
Optilab,Optilab 06 de abril a 31 de julho de 2026,LENTES KODAK®,Mista,mista,6ab9eb86-6d3e-46b6-94f1-62aee6c71d59,Poly,LENTES KODAK® MULTIFOCAL DIGITAL LENTES KODAK SOFTWEAR CRIZAL Poly,ocupacional,Policarbonato,1.59,false,false,true,669.00,Pagina 32,Verniz Hc,Revestimento,final,669.00,669.00,-10.00,6.00,0.00,-6.00,0.75,3.50,MULTIFOCAL DIGITAL,LENTES KODAK SOFTWEAR CRIZAL
Optilab,Optilab 06 de abril a 31 de julho de 2026,LENTES KODAK®,Mista,mista,82ac62a3-e1af-4c51-94a6-bc541176f9a3,Stylis 1.67,LENTES KODAK® MULTIFOCAL DIGITAL LENTES KODAK SOFTWEAR CRIZAL Stylis 1.67,ocupacional,Resina High Index,1.67,false,false,true,2069.00,Pagina 32,Crizal Easy Pro,Antirreflexo,final,2269.00,2269.00,-14.00,8.00,0.00,-6.00,0.75,3.50,MULTIFOCAL DIGITAL,LENTES KODAK SOFTWEAR CRIZAL
Optilab,Optilab 06 de abril a 31 de julho de 2026,LENTES KODAK®,Mista,mista,95bf515b-2250-46e3-a23d-d861146f1e5e,Stylis 1.67,LENTES KODAK® MULTIFOCAL DIGITAL LENTES KODAK SOFTWEAR CRIZAL Stylis 1.67,ocupacional,Resina High Index,1.67,false,false,true,2509.00,Pagina 32,Crizal Easy Pro,Antirreflexo,final,2889.00,2889.00,-14.00,8.00,0.00,-6.00,0.75,3.50,MULTIFOCAL DIGITAL,LENTES KODAK SOFTWEAR CRIZAL
Optilab,Optilab 06 de abril a 31 de julho de 2026,LENTES KODAK®,Mista,mista,82ac62a3-e1af-4c51-94a6-bc541176f9a3,Stylis 1.67,LENTES KODAK® MULTIFOCAL DIGITAL LENTES KODAK SOFTWEAR CRIZAL Stylis 1.67,ocupacional,Resina High Index,1.67,false,false,true,2069.00,Pagina 32,Crizal Prevencia,Antirreflexo,final,2889.00,2889.00,-14.00,8.00,0.00,-6.00,0.75,3.50,MULTIFOCAL DIGITAL,LENTES KODAK SOFTWEAR CRIZAL
Optilab,Optilab 06 de abril a 31 de julho de 2026,LENTES KODAK®,Mista,mista,82ac62a3-e1af-4c51-94a6-bc541176f9a3,Stylis 1.67,LENTES KODAK® MULTIFOCAL DIGITAL LENTES KODAK SOFTWEAR CRIZAL Stylis 1.67,ocupacional,Resina High Index,1.67,false,false,true,2069.00,Pagina 32,Crizal Rock,Antirreflexo,final,2619.00,2619.00,-14.00,8.00,0.00,-6.00,0.75,3.50,MULTIFOCAL DIGITAL,LENTES KODAK SOFTWEAR CRIZAL
Optilab,Optilab 06 de abril a 31 de julho de 2026,LENTES KODAK®,Mista,mista,82ac62a3-e1af-4c51-94a6-bc541176f9a3,Stylis 1.67,LENTES KODAK® MULTIFOCAL DIGITAL LENTES KODAK SOFTWEAR CRIZAL Stylis 1.67,ocupacional,Resina High Index,1.67,false,false,true,2069.00,Pagina 32,Crizal Sapphire HR,Antirreflexo,final,2889.00,2889.00,-14.00,8.00,0.00,-6.00,0.75,3.50,MULTIFOCAL DIGITAL,LENTES KODAK SOFTWEAR CRIZAL
Optilab,Optilab 06 de abril a 31 de julho de 2026,LENTES KODAK®,Mista,mista,82ac62a3-e1af-4c51-94a6-bc541176f9a3,Stylis 1.67,LENTES KODAK® MULTIFOCAL DIGITAL LENTES KODAK SOFTWEAR CRIZAL Stylis 1.67,ocupacional,Resina High Index,1.67,false,false,true,2069.00,Pagina 32,No Reflex,Antirreflexo,final,2119.00,2119.00,-14.00,8.00,0.00,-6.00,0.75,3.50,MULTIFOCAL DIGITAL,LENTES KODAK SOFTWEAR CRIZAL
Optilab,Optilab 06 de abril a 31 de julho de 2026,LENTES KODAK®,Mista,mista,95bf515b-2250-46e3-a23d-d861146f1e5e,Stylis 1.67,LENTES KODAK® MULTIFOCAL DIGITAL LENTES KODAK SOFTWEAR CRIZAL Stylis 1.67,ocupacional,Resina High Index,1.67,false,false,true,2509.00,Pagina 32,No Reflex,Antirreflexo,final,2619.00,2619.00,-14.00,8.00,0.00,-6.00,0.75,3.50,MULTIFOCAL DIGITAL,LENTES KODAK SOFTWEAR CRIZAL
Optilab,Optilab 06 de abril a 31 de julho de 2026,LENTES KODAK®,Mista,mista,95bf515b-2250-46e3-a23d-d861146f1e5e,Stylis 1.67,LENTES KODAK® MULTIFOCAL DIGITAL LENTES KODAK SOFTWEAR CRIZAL Stylis 1.67,ocupacional,Resina High Index,1.67,false,false,true,2509.00,Pagina 32,Optifog,Antirreflexo,final,2889.00,2889.00,-14.00,8.00,0.00,-6.00,0.75,3.50,MULTIFOCAL DIGITAL,LENTES KODAK SOFTWEAR CRIZAL
Optilab,Optilab 06 de abril a 31 de julho de 2026,LENTES KODAK®,Mista,mista,82ac62a3-e1af-4c51-94a6-bc541176f9a3,Stylis 1.67,LENTES KODAK® MULTIFOCAL DIGITAL LENTES KODAK SOFTWEAR CRIZAL Stylis 1.67,ocupacional,Resina High Index,1.67,false,false,true,2069.00,Pagina 32,Optifog,Antirreflexo,final,2509.00,2509.00,-14.00,8.00,0.00,-6.00,0.75,3.50,MULTIFOCAL DIGITAL,LENTES KODAK SOFTWEAR CRIZAL
Optilab,Optilab 06 de abril a 31 de julho de 2026,LENTES KODAK®,Mista,mista,95bf515b-2250-46e3-a23d-d861146f1e5e,Stylis 1.67,LENTES KODAK® MULTIFOCAL DIGITAL LENTES KODAK SOFTWEAR CRIZAL Stylis 1.67,ocupacional,Resina High Index,1.67,false,false,true,2509.00,Pagina 32,Trio Easy Clean,Antirreflexo,final,2269.00,2269.00,-14.00,8.00,0.00,-6.00,0.75,3.50,MULTIFOCAL DIGITAL,LENTES KODAK SOFTWEAR CRIZAL
Optilab,Optilab 06 de abril a 31 de julho de 2026,LENTES KODAK®,Mista,mista,82ac62a3-e1af-4c51-94a6-bc541176f9a3,Stylis 1.67,LENTES KODAK® MULTIFOCAL DIGITAL LENTES KODAK SOFTWEAR CRIZAL Stylis 1.67,ocupacional,Resina High Index,1.67,false,false,true,2069.00,Pagina 32,Trio Easy Clean,Antirreflexo,final,2069.00,2069.00,-14.00,8.00,0.00,-6.00,0.75,3.50,MULTIFOCAL DIGITAL,LENTES KODAK SOFTWEAR CRIZAL
Optilab,Optilab 06 de abril a 31 de julho de 2026,LENTES KODAK®,Mista,mista,95bf515b-2250-46e3-a23d-d861146f1e5e,Stylis 1.67,LENTES KODAK® MULTIFOCAL DIGITAL LENTES KODAK SOFTWEAR CRIZAL Stylis 1.67,ocupacional,Resina High Index,1.67,false,false,true,2509.00,Pagina 32,Verniz Hc,Revestimento,final,2509.00,2509.00,-14.00,8.00,0.00,-6.00,0.75,3.50,MULTIFOCAL DIGITAL,LENTES KODAK SOFTWEAR CRIZAL
Optilab,Optilab 06 de abril a 31 de julho de 2026,LENTES KODAK®,Mista,mista,ce828500-b93e-4253-b488-a304faa85e6b,1.50,LENTES KODAK® MULTIFOCAL TRADICIONAL LENTES KODAK PRECISE CRIZAL 1.50,multifocal,Resina,1.50,false,false,true,449.00,Pagina 33,Crizal Easy Pro,Antirreflexo,final,849.00,849.00,-9.00,6.00,0.00,-6.00,1.00,3.50,MULTIFOCAL TRADICIONAL,LENTES KODAK PRECISE CRIZAL
Optilab,Optilab 06 de abril a 31 de julho de 2026,LENTES KODAK®,Mista,mista,ce828500-b93e-4253-b488-a304faa85e6b,1.50,LENTES KODAK® MULTIFOCAL TRADICIONAL LENTES KODAK PRECISE CRIZAL 1.50,multifocal,Resina,1.50,false,false,true,449.00,Pagina 33,Crizal Prevencia,Antirreflexo,final,1469.00,1469.00,-9.00,6.00,0.00,-6.00,1.00,3.50,MULTIFOCAL TRADICIONAL,LENTES KODAK PRECISE CRIZAL
Optilab,Optilab 06 de abril a 31 de julho de 2026,LENTES KODAK®,Mista,mista,ce828500-b93e-4253-b488-a304faa85e6b,1.50,LENTES KODAK® MULTIFOCAL TRADICIONAL LENTES KODAK PRECISE CRIZAL 1.50,multifocal,Resina,1.50,false,false,true,449.00,Pagina 33,Crizal Rock,Antirreflexo,final,1199.00,1199.00,-9.00,6.00,0.00,-6.00,1.00,3.50,MULTIFOCAL TRADICIONAL,LENTES KODAK PRECISE CRIZAL
Optilab,Optilab 06 de abril a 31 de julho de 2026,LENTES KODAK®,Mista,mista,ce828500-b93e-4253-b488-a304faa85e6b,1.50,LENTES KODAK® MULTIFOCAL TRADICIONAL LENTES KODAK PRECISE CRIZAL 1.50,multifocal,Resina,1.50,false,false,true,449.00,Pagina 33,Crizal Sapphire HR,Antirreflexo,final,1469.00,1469.00,-9.00,6.00,0.00,-6.00,1.00,3.50,MULTIFOCAL TRADICIONAL,LENTES KODAK PRECISE CRIZAL
Optilab,Optilab 06 de abril a 31 de julho de 2026,LENTES KODAK®,Mista,mista,ce828500-b93e-4253-b488-a304faa85e6b,1.50,LENTES KODAK® MULTIFOCAL TRADICIONAL LENTES KODAK PRECISE CRIZAL 1.50,multifocal,Resina,1.50,false,false,true,449.00,Pagina 33,No Reflex,Antirreflexo,final,699.00,699.00,-9.00,6.00,0.00,-6.00,1.00,3.50,MULTIFOCAL TRADICIONAL,LENTES KODAK PRECISE CRIZAL
Optilab,Optilab 06 de abril a 31 de julho de 2026,LENTES KODAK®,Mista,mista,ce828500-b93e-4253-b488-a304faa85e6b,1.50,LENTES KODAK® MULTIFOCAL TRADICIONAL LENTES KODAK PRECISE CRIZAL 1.50,multifocal,Resina,1.50,false,false,true,449.00,Pagina 33,Optifog,Antirreflexo,final,1089.00,1089.00,-9.00,6.00,0.00,-6.00,1.00,3.50,MULTIFOCAL TRADICIONAL,LENTES KODAK PRECISE CRIZAL
Optilab,Optilab 06 de abril a 31 de julho de 2026,LENTES KODAK®,Mista,mista,ce828500-b93e-4253-b488-a304faa85e6b,1.50,LENTES KODAK® MULTIFOCAL TRADICIONAL LENTES KODAK PRECISE CRIZAL 1.50,multifocal,Resina,1.50,false,false,true,449.00,Pagina 33,Trio Easy Clean,Antirreflexo,final,649.00,649.00,-9.00,6.00,0.00,-6.00,1.00,3.50,MULTIFOCAL TRADICIONAL,LENTES KODAK PRECISE CRIZAL
Optilab,Optilab 06 de abril a 31 de julho de 2026,LENTES KODAK®,Mista,mista,ce828500-b93e-4253-b488-a304faa85e6b,1.50,LENTES KODAK® MULTIFOCAL TRADICIONAL LENTES KODAK PRECISE CRIZAL 1.50,multifocal,Resina,1.50,false,false,true,449.00,Pagina 33,Verniz Hc,Revestimento,final,449.00,449.00,-9.00,6.00,0.00,-6.00,1.00,3.50,MULTIFOCAL TRADICIONAL,LENTES KODAK PRECISE CRIZAL
Optilab,Optilab 06 de abril a 31 de julho de 2026,LENTES KODAK®,Mista,mista,2acb83e8-8ddb-4767-a273-cabf85a7b272,1.50 + Transitions Gen S,LENTES KODAK® MULTIFOCAL TRADICIONAL LENTES KODAK PRECISE CRIZAL 1.50 + Transitions Gen S,multifocal,Resina,1.50,false,false,true,1389.00,Pagina 33,Crizal Easy Pro,Antirreflexo,final,1789.00,1789.00,-9.00,6.00,0.00,-6.00,1.00,3.50,MULTIFOCAL TRADICIONAL,LENTES KODAK PRECISE CRIZAL
Optilab,Optilab 06 de abril a 31 de julho de 2026,LENTES KODAK®,Mista,mista,2acb83e8-8ddb-4767-a273-cabf85a7b272,1.50 + Transitions Gen S,LENTES KODAK® MULTIFOCAL TRADICIONAL LENTES KODAK PRECISE CRIZAL 1.50 + Transitions Gen S,multifocal,Resina,1.50,false,false,true,1389.00,Pagina 33,Crizal Prevencia,Antirreflexo,final,2409.00,2409.00,-9.00,6.00,0.00,-6.00,1.00,3.50,MULTIFOCAL TRADICIONAL,LENTES KODAK PRECISE CRIZAL
Optilab,Optilab 06 de abril a 31 de julho de 2026,LENTES KODAK®,Mista,mista,2acb83e8-8ddb-4767-a273-cabf85a7b272,1.50 + Transitions Gen S,LENTES KODAK® MULTIFOCAL TRADICIONAL LENTES KODAK PRECISE CRIZAL 1.50 + Transitions Gen S,multifocal,Resina,1.50,false,false,true,1389.00,Pagina 33,Crizal Rock,Antirreflexo,final,2139.00,2139.00,-9.00,6.00,0.00,-6.00,1.00,3.50,MULTIFOCAL TRADICIONAL,LENTES KODAK PRECISE CRIZAL
Optilab,Optilab 06 de abril a 31 de julho de 2026,LENTES KODAK®,Mista,mista,2acb83e8-8ddb-4767-a273-cabf85a7b272,1.50 + Transitions Gen S,LENTES KODAK® MULTIFOCAL TRADICIONAL LENTES KODAK PRECISE CRIZAL 1.50 + Transitions Gen S,multifocal,Resina,1.50,false,false,true,1389.00,Pagina 33,Crizal Sapphire HR,Antirreflexo,final,2409.00,2409.00,-9.00,6.00,0.00,-6.00,1.00,3.50,MULTIFOCAL TRADICIONAL,LENTES KODAK PRECISE CRIZAL
Optilab,Optilab 06 de abril a 31 de julho de 2026,LENTES KODAK®,Mista,mista,2acb83e8-8ddb-4767-a273-cabf85a7b272,1.50 + Transitions Gen S,LENTES KODAK® MULTIFOCAL TRADICIONAL LENTES KODAK PRECISE CRIZAL 1.50 + Transitions Gen S,multifocal,Resina,1.50,false,false,true,1389.00,Pagina 33,No Reflex,Antirreflexo,final,1639.00,1639.00,-9.00,6.00,0.00,-6.00,1.00,3.50,MULTIFOCAL TRADICIONAL,LENTES KODAK PRECISE CRIZAL
Optilab,Optilab 06 de abril a 31 de julho de 2026,LENTES KODAK®,Mista,mista,2acb83e8-8ddb-4767-a273-cabf85a7b272,1.50 + Transitions Gen S,LENTES KODAK® MULTIFOCAL TRADICIONAL LENTES KODAK PRECISE CRIZAL 1.50 + Transitions Gen S,multifocal,Resina,1.50,false,false,true,1389.00,Pagina 33,Optifog,Antirreflexo,final,2029.00,2029.00,-9.00,6.00,0.00,-6.00,1.00,3.50,MULTIFOCAL TRADICIONAL,LENTES KODAK PRECISE CRIZAL
Optilab,Optilab 06 de abril a 31 de julho de 2026,LENTES KODAK®,Mista,mista,2acb83e8-8ddb-4767-a273-cabf85a7b272,1.50 + Transitions Gen S,LENTES KODAK® MULTIFOCAL TRADICIONAL LENTES KODAK PRECISE CRIZAL 1.50 + Transitions Gen S,multifocal,Resina,1.50,false,false,true,1389.00,Pagina 33,Trio Easy Clean,Antirreflexo,final,1589.00,1589.00,-9.00,6.00,0.00,-6.00,1.00,3.50,MULTIFOCAL TRADICIONAL,LENTES KODAK PRECISE CRIZAL
Optilab,Optilab 06 de abril a 31 de julho de 2026,LENTES KODAK®,Mista,mista,2acb83e8-8ddb-4767-a273-cabf85a7b272,1.50 + Transitions Gen S,LENTES KODAK® MULTIFOCAL TRADICIONAL LENTES KODAK PRECISE CRIZAL 1.50 + Transitions Gen S,multifocal,Resina,1.50,false,false,true,1389.00,Pagina 33,Verniz Hc,Revestimento,final,1389.00,1389.00,-9.00,6.00,0.00,-6.00,1.00,3.50,MULTIFOCAL TRADICIONAL,LENTES KODAK PRECISE CRIZAL
Optilab,Optilab 06 de abril a 31 de julho de 2026,LENTES KODAK®,Mista,mista,a2174f04-e019-48c8-8f0d-11377e1aeee6,Poly,LENTES KODAK® MULTIFOCAL TRADICIONAL LENTES KODAK PRECISE CRIZAL Poly,multifocal,Policarbonato,1.59,false,false,true,809.00,Pagina 33,Crizal Easy Pro,Antirreflexo,final,1209.00,1209.00,-10.00,6.00,0.00,-6.00,1.00,3.50,MULTIFOCAL TRADICIONAL,LENTES KODAK PRECISE CRIZAL
Optilab,Optilab 06 de abril a 31 de julho de 2026,LENTES KODAK®,Mista,mista,a2174f04-e019-48c8-8f0d-11377e1aeee6,Poly,LENTES KODAK® MULTIFOCAL TRADICIONAL LENTES KODAK PRECISE CRIZAL Poly,multifocal,Policarbonato,1.59,false,false,true,809.00,Pagina 33,Crizal Prevencia,Antirreflexo,final,1829.00,1829.00,-10.00,6.00,0.00,-6.00,1.00,3.50,MULTIFOCAL TRADICIONAL,LENTES KODAK PRECISE CRIZAL
Optilab,Optilab 06 de abril a 31 de julho de 2026,LENTES KODAK®,Mista,mista,a2174f04-e019-48c8-8f0d-11377e1aeee6,Poly,LENTES KODAK® MULTIFOCAL TRADICIONAL LENTES KODAK PRECISE CRIZAL Poly,multifocal,Policarbonato,1.59,false,false,true,809.00,Pagina 33,Crizal Rock,Antirreflexo,final,1559.00,1559.00,-10.00,6.00,0.00,-6.00,1.00,3.50,MULTIFOCAL TRADICIONAL,LENTES KODAK PRECISE CRIZAL
Optilab,Optilab 06 de abril a 31 de julho de 2026,LENTES KODAK®,Mista,mista,a2174f04-e019-48c8-8f0d-11377e1aeee6,Poly,LENTES KODAK® MULTIFOCAL TRADICIONAL LENTES KODAK PRECISE CRIZAL Poly,multifocal,Policarbonato,1.59,false,false,true,809.00,Pagina 33,Crizal Sapphire HR,Antirreflexo,final,1829.00,1829.00,-10.00,6.00,0.00,-6.00,1.00,3.50,MULTIFOCAL TRADICIONAL,LENTES KODAK PRECISE CRIZAL
Optilab,Optilab 06 de abril a 31 de julho de 2026,LENTES KODAK®,Mista,mista,a2174f04-e019-48c8-8f0d-11377e1aeee6,Poly,LENTES KODAK® MULTIFOCAL TRADICIONAL LENTES KODAK PRECISE CRIZAL Poly,multifocal,Policarbonato,1.59,false,false,true,809.00,Pagina 33,No Reflex,Antirreflexo,final,1059.00,1059.00,-10.00,6.00,0.00,-6.00,1.00,3.50,MULTIFOCAL TRADICIONAL,LENTES KODAK PRECISE CRIZAL
Optilab,Optilab 06 de abril a 31 de julho de 2026,LENTES KODAK®,Mista,mista,a2174f04-e019-48c8-8f0d-11377e1aeee6,Poly,LENTES KODAK® MULTIFOCAL TRADICIONAL LENTES KODAK PRECISE CRIZAL Poly,multifocal,Policarbonato,1.59,false,false,true,809.00,Pagina 33,Optifog,Antirreflexo,final,1449.00,1449.00,-10.00,6.00,0.00,-6.00,1.00,3.50,MULTIFOCAL TRADICIONAL,LENTES KODAK PRECISE CRIZAL
Optilab,Optilab 06 de abril a 31 de julho de 2026,LENTES KODAK®,Mista,mista,a2174f04-e019-48c8-8f0d-11377e1aeee6,Poly,LENTES KODAK® MULTIFOCAL TRADICIONAL LENTES KODAK PRECISE CRIZAL Poly,multifocal,Policarbonato,1.59,false,false,true,809.00,Pagina 33,Trio Easy Clean,Antirreflexo,final,1009.00,1009.00,-10.00,6.00,0.00,-6.00,1.00,3.50,MULTIFOCAL TRADICIONAL,LENTES KODAK PRECISE CRIZAL
Optilab,Optilab 06 de abril a 31 de julho de 2026,LENTES KODAK®,Mista,mista,a2174f04-e019-48c8-8f0d-11377e1aeee6,Poly,LENTES KODAK® MULTIFOCAL TRADICIONAL LENTES KODAK PRECISE CRIZAL Poly,multifocal,Policarbonato,1.59,false,false,true,809.00,Pagina 33,Verniz Hc,Revestimento,final,809.00,809.00,-10.00,6.00,0.00,-6.00,1.00,3.50,MULTIFOCAL TRADICIONAL,LENTES KODAK PRECISE CRIZAL
Optilab,Optilab 06 de abril a 31 de julho de 2026,LENTES KODAK®,Mista,mista,3b900b90-9f42-415e-b733-58ba0d0ae5db,Poly + Transitions Gen S,LENTES KODAK® MULTIFOCAL TRADICIONAL LENTES KODAK PRECISE CRIZAL Poly + Transitions Gen S,multifocal,Policarbonato,1.59,false,false,true,1609.00,Pagina 33,Crizal Easy Pro,Antirreflexo,final,2009.00,2009.00,-10.00,6.00,0.00,-6.00,1.00,3.50,MULTIFOCAL TRADICIONAL,LENTES KODAK PRECISE CRIZAL
Optilab,Optilab 06 de abril a 31 de julho de 2026,LENTES KODAK®,Mista,mista,3b900b90-9f42-415e-b733-58ba0d0ae5db,Poly + Transitions Gen S,LENTES KODAK® MULTIFOCAL TRADICIONAL LENTES KODAK PRECISE CRIZAL Poly + Transitions Gen S,multifocal,Policarbonato,1.59,false,false,true,1609.00,Pagina 33,Crizal Prevencia,Antirreflexo,final,2629.00,2629.00,-10.00,6.00,0.00,-6.00,1.00,3.50,MULTIFOCAL TRADICIONAL,LENTES KODAK PRECISE CRIZAL
Optilab,Optilab 06 de abril a 31 de julho de 2026,LENTES KODAK®,Mista,mista,3b900b90-9f42-415e-b733-58ba0d0ae5db,Poly + Transitions Gen S,LENTES KODAK® MULTIFOCAL TRADICIONAL LENTES KODAK PRECISE CRIZAL Poly + Transitions Gen S,multifocal,Policarbonato,1.59,false,false,true,1609.00,Pagina 33,Crizal Rock,Antirreflexo,final,2359.00,2359.00,-10.00,6.00,0.00,-6.00,1.00,3.50,MULTIFOCAL TRADICIONAL,LENTES KODAK PRECISE CRIZAL
Optilab,Optilab 06 de abril a 31 de julho de 2026,LENTES KODAK®,Mista,mista,3b900b90-9f42-415e-b733-58ba0d0ae5db,Poly + Transitions Gen S,LENTES KODAK® MULTIFOCAL TRADICIONAL LENTES KODAK PRECISE CRIZAL Poly + Transitions Gen S,multifocal,Policarbonato,1.59,false,false,true,1609.00,Pagina 33,Crizal Sapphire HR,Antirreflexo,final,2629.00,2629.00,-10.00,6.00,0.00,-6.00,1.00,3.50,MULTIFOCAL TRADICIONAL,LENTES KODAK PRECISE CRIZAL
Optilab,Optilab 06 de abril a 31 de julho de 2026,LENTES KODAK®,Mista,mista,3b900b90-9f42-415e-b733-58ba0d0ae5db,Poly + Transitions Gen S,LENTES KODAK® MULTIFOCAL TRADICIONAL LENTES KODAK PRECISE CRIZAL Poly + Transitions Gen S,multifocal,Policarbonato,1.59,false,false,true,1609.00,Pagina 33,No Reflex,Antirreflexo,final,1859.00,1859.00,-10.00,6.00,0.00,-6.00,1.00,3.50,MULTIFOCAL TRADICIONAL,LENTES KODAK PRECISE CRIZAL
Optilab,Optilab 06 de abril a 31 de julho de 2026,LENTES KODAK®,Mista,mista,3b900b90-9f42-415e-b733-58ba0d0ae5db,Poly + Transitions Gen S,LENTES KODAK® MULTIFOCAL TRADICIONAL LENTES KODAK PRECISE CRIZAL Poly + Transitions Gen S,multifocal,Policarbonato,1.59,false,false,true,1609.00,Pagina 33,Optifog,Antirreflexo,final,2249.00,2249.00,-10.00,6.00,0.00,-6.00,1.00,3.50,MULTIFOCAL TRADICIONAL,LENTES KODAK PRECISE CRIZAL
Optilab,Optilab 06 de abril a 31 de julho de 2026,LENTES KODAK®,Mista,mista,3b900b90-9f42-415e-b733-58ba0d0ae5db,Poly + Transitions Gen S,LENTES KODAK® MULTIFOCAL TRADICIONAL LENTES KODAK PRECISE CRIZAL Poly + Transitions Gen S,multifocal,Policarbonato,1.59,false,false,true,1609.00,Pagina 33,Trio Easy Clean,Antirreflexo,final,1809.00,1809.00,-10.00,6.00,0.00,-6.00,1.00,3.50,MULTIFOCAL TRADICIONAL,LENTES KODAK PRECISE CRIZAL
Optilab,Optilab 06 de abril a 31 de julho de 2026,LENTES KODAK®,Mista,mista,3b900b90-9f42-415e-b733-58ba0d0ae5db,Poly + Transitions Gen S,LENTES KODAK® MULTIFOCAL TRADICIONAL LENTES KODAK PRECISE CRIZAL Poly + Transitions Gen S,multifocal,Policarbonato,1.59,false,false,true,1609.00,Pagina 33,Verniz Hc,Revestimento,final,1609.00,1609.00,-10.00,6.00,0.00,-6.00,1.00,3.50,MULTIFOCAL TRADICIONAL,LENTES KODAK PRECISE CRIZAL
Optilab,Optilab 06 de abril a 31 de julho de 2026,LENTES KODAK®,Mista,mista,8dc4e210-eae7-41d4-9bb4-874e8b9754a3,Poly,LENTES KODAK® Poly,multifocal,Policarbonato,1.59,false,false,true,569.00,Pagina 36,null,null,null,null,569.00,-10.00,6.00,0.00,-6.00,1.00,3.50,null,null
Optilab,Optilab 06 de abril a 31 de julho de 2026,LENTES KODAK®,Mista,mista,b8062969-90b6-414a-bd70-c23525112cd5,Poly,LENTES KODAK® Poly,multifocal,Policarbonato,1.59,false,false,true,859.00,Pagina 36,null,null,null,null,859.00,-10.00,6.00,0.00,-6.00,1.00,3.50,null,null
Optilab,Optilab 06 de abril a 31 de julho de 2026,LENTES KODAK®,Mista,mista,4fcbe7e8-11ba-4def-82e2-9455f1b24206,Poly + Xperio cinza/marrom/verde,LENTES KODAK® Poly + Xperio cinza/marrom/verde,multifocal,Policarbonato,1.59,false,false,true,1339.00,Pagina 36,Optifog,Antirreflexo,final,1359.00,1359.00,-10.00,6.00,0.00,-6.00,1.00,3.50,null,null
Optilab,Optilab 06 de abril a 31 de julho de 2026,LENTES KODAK®,Mista,mista,3a8e982e-7839-4e59-9e33-163038c3b289,Poly + Xperio cinza/marrom/verde,LENTES KODAK® Poly + Xperio cinza/marrom/verde,multifocal,Policarbonato,1.59,false,false,true,1889.00,Pagina 36,Optifog,Antirreflexo,final,1909.00,1909.00,-10.00,6.00,0.00,-6.00,1.00,3.50,null,null
Optilab,Optilab 06 de abril a 31 de julho de 2026,LENTES KODAK®,Mista,mista,3a8e982e-7839-4e59-9e33-163038c3b289,Poly + Xperio cinza/marrom/verde,LENTES KODAK® Poly + Xperio cinza/marrom/verde,multifocal,Policarbonato,1.59,false,false,true,1889.00,Pagina 36,Verniz Hc,Revestimento,final,1889.00,1889.00,-10.00,6.00,0.00,-6.00,1.00,3.50,null,null
Optilab,Optilab 06 de abril a 31 de julho de 2026,LENTES KODAK®,Mista,mista,4fcbe7e8-11ba-4def-82e2-9455f1b24206,Poly + Xperio cinza/marrom/verde,LENTES KODAK® Poly + Xperio cinza/marrom/verde,multifocal,Policarbonato,1.59,false,false,true,1339.00,Pagina 36,Verniz Hc,Revestimento,final,1339.00,1339.00,-10.00,6.00,0.00,-6.00,1.00,3.50,null,null
Optilab,Optilab 06 de abril a 31 de julho de 2026,LENTES KODAK®,Mista,mista,c91e6536-a324-4ea2-bf97-b4019db99ed8,1.50,LENTES KODAK® SOLARES Lentes KODAK Easy Sun 1.50,multifocal,Resina,1.50,false,false,true,639.00,Pagina 36,Verniz Hc,Revestimento,final,639.00,639.00,-10.00,5.00,0.00,-6.00,1.00,3.50,SOLARES,Lentes KODAK Easy Sun
Optilab,Optilab 06 de abril a 31 de julho de 2026,LENTES KODAK®,Mista,mista,0b5459ac-c39b-4332-b9b7-4a4798cdab2d,1.50 + Coloração especial,LENTES KODAK® SOLARES Lentes KODAK Easy Sun 1.50 + Coloração especial,multifocal,Resina,1.50,false,false,true,749.00,Pagina 36,Verniz Hc,Revestimento,final,749.00,749.00,-10.00,5.00,0.00,-6.00,1.00,3.50,SOLARES,Lentes KODAK Easy Sun
Optilab,Optilab 06 de abril a 31 de julho de 2026,LENTES KODAK®,Mista,mista,7a215891-cbc1-4b86-8e23-4391b6a8ebfa,1.50 + Xperio cinza/marrom/verde,LENTES KODAK® SOLARES Lentes KODAK Easy Sun 1.50 + Xperio cinza/marrom/verde,multifocal,Resina,1.50,false,false,true,1029.00,Pagina 36,Crizal Sapphire HR Face Interna,Antirreflexo,final,1689.00,1689.00,-10.00,5.00,0.00,-6.00,1.00,3.50,SOLARES,Lentes KODAK Easy Sun
Optilab,Optilab 06 de abril a 31 de julho de 2026,LENTES KODAK®,Mista,mista,7a215891-cbc1-4b86-8e23-4391b6a8ebfa,1.50 + Xperio cinza/marrom/verde,LENTES KODAK® SOLARES Lentes KODAK Easy Sun 1.50 + Xperio cinza/marrom/verde,multifocal,Resina,1.50,false,false,true,1029.00,Pagina 36,Optifog,Antirreflexo,final,1669.00,1669.00,-10.00,5.00,0.00,-6.00,1.00,3.50,SOLARES,Lentes KODAK Easy Sun
Optilab,Optilab 06 de abril a 31 de julho de 2026,LENTES KODAK®,Mista,mista,7a215891-cbc1-4b86-8e23-4391b6a8ebfa,1.50 + Xperio cinza/marrom/verde,LENTES KODAK® SOLARES Lentes KODAK Easy Sun 1.50 + Xperio cinza/marrom/verde,multifocal,Resina,1.50,false,false,true,1029.00,Pagina 36,Verniz Hc,Revestimento,final,1029.00,1029.00,-10.00,5.00,0.00,-6.00,1.00,3.50,SOLARES,Lentes KODAK Easy Sun
Optilab,Optilab 06 de abril a 31 de julho de 2026,LENTES KODAK®,Mista,mista,440a03ba-08b7-42db-a300-978a1ead1801,Poly,LENTES KODAK® SOLARES Lentes KODAK Easy Sun Poly,multifocal,Policarbonato,1.59,false,false,true,859.00,Pagina 36,Verniz Hc,Revestimento,final,859.00,859.00,-10.00,6.00,0.00,-6.00,1.00,3.50,SOLARES,Lentes KODAK Easy Sun
Optilab,Optilab 06 de abril a 31 de julho de 2026,LENTES KODAK®,Mista,mista,96fd5ec2-313d-4067-97b5-b5476fe3ec9a,Poly + Coloração especial,LENTES KODAK® SOLARES Lentes KODAK Easy Sun Poly + Coloração especial,multifocal,Policarbonato,1.59,false,false,true,969.00,Pagina 36,Verniz Hc,Revestimento,final,969.00,969.00,-10.00,6.00,0.00,-6.00,1.00,3.50,SOLARES,Lentes KODAK Easy Sun
Optilab,Optilab 06 de abril a 31 de julho de 2026,LENTES KODAK®,Mista,mista,1a323831-b854-49cf-a159-f095cb03c1d8,Poly + Xperio cinza/marrom/verde,LENTES KODAK® SOLARES Lentes KODAK Easy Sun Poly + Xperio cinza/marrom/verde,multifocal,Policarbonato,1.59,false,false,true,1249.00,Pagina 36,Crizal Sapphire HR Face Interna,Antirreflexo,final,1909.00,1909.00,-10.00,6.00,0.00,-6.00,1.00,3.50,SOLARES,Lentes KODAK Easy Sun
Optilab,Optilab 06 de abril a 31 de julho de 2026,LENTES KODAK®,Mista,mista,1a323831-b854-49cf-a159-f095cb03c1d8,Poly + Xperio cinza/marrom/verde,LENTES KODAK® SOLARES Lentes KODAK Easy Sun Poly + Xperio cinza/marrom/verde,multifocal,Policarbonato,1.59,false,false,true,1249.00,Pagina 36,Optifog,Antirreflexo,final,1889.00,1889.00,-10.00,6.00,0.00,-6.00,1.00,3.50,SOLARES,Lentes KODAK Easy Sun
Optilab,Optilab 06 de abril a 31 de julho de 2026,LENTES KODAK®,Mista,mista,1a323831-b854-49cf-a159-f095cb03c1d8,Poly + Xperio cinza/marrom/verde,LENTES KODAK® SOLARES Lentes KODAK Easy Sun Poly + Xperio cinza/marrom/verde,multifocal,Policarbonato,1.59,false,false,true,1249.00,Pagina 36,Verniz Hc,Revestimento,final,1249.00,1249.00,-10.00,6.00,0.00,-6.00,1.00,3.50,SOLARES,Lentes KODAK Easy Sun
Optilab,Optilab 06 de abril a 31 de julho de 2026,LENTES KODAK®,Mista,mista,d50ea6cf-c88e-41a7-8f04-c425cfa2dd2e,1.50,LENTES KODAK® SOLARES Lentes KODAK Single Sun 1.50,visao_simples,Resina,1.50,false,false,true,399.00,Pagina 36,Verniz Hc,Revestimento,final,399.00,399.00,-10.00,5.00,0.00,-6.00,1.00,3.50,SOLARES,Lentes KODAK Single Sun
Optilab,Optilab 06 de abril a 31 de julho de 2026,LENTES KODAK®,Mista,mista,8bed9889-e7af-4804-8850-c72834a31f97,1.50 + Coloração especial,LENTES KODAK® SOLARES Lentes KODAK Single Sun 1.50 + Coloração especial,visao_simples,Resina,1.50,false,false,true,509.00,Pagina 36,Verniz Hc,Revestimento,final,509.00,509.00,-10.00,5.00,0.00,-6.00,1.00,3.50,SOLARES,Lentes KODAK Single Sun
Optilab,Optilab 06 de abril a 31 de julho de 2026,LENTES KODAK®,Mista,mista,3fc4b641-1d4b-401e-96aa-2ce9f58d7b9d,1.50 + Xperio cinza/marrom/verde,LENTES KODAK® SOLARES Lentes KODAK Single Sun 1.50 + Xperio cinza/marrom/verde,visao_simples,Resina,1.50,false,false,true,869.00,Pagina 36,Crizal Sapphire HR Face Interna,Antirreflexo,final,1529.00,1529.00,-10.00,5.00,0.00,-6.00,1.00,3.50,SOLARES,Lentes KODAK Single Sun
Optilab,Optilab 06 de abril a 31 de julho de 2026,LENTES KODAK®,Mista,mista,3fc4b641-1d4b-401e-96aa-2ce9f58d7b9d,1.50 + Xperio cinza/marrom/verde,LENTES KODAK® SOLARES Lentes KODAK Single Sun 1.50 + Xperio cinza/marrom/verde,visao_simples,Resina,1.50,false,false,true,869.00,Pagina 36,Optifog,Antirreflexo,final,1509.00,1509.00,-10.00,5.00,0.00,-6.00,1.00,3.50,SOLARES,Lentes KODAK Single Sun
Optilab,Optilab 06 de abril a 31 de julho de 2026,LENTES KODAK®,Mista,mista,3fc4b641-1d4b-401e-96aa-2ce9f58d7b9d,1.50 + Xperio cinza/marrom/verde,LENTES KODAK® SOLARES Lentes KODAK Single Sun 1.50 + Xperio cinza/marrom/verde,visao_simples,Resina,1.50,false,false,true,869.00,Pagina 36,Verniz Hc,Revestimento,final,869.00,869.00,-10.00,5.00,0.00,-6.00,1.00,3.50,SOLARES,Lentes KODAK Single Sun
Optilab,Optilab 06 de abril a 31 de julho de 2026,LENTES KODAK®,Mista,mista,9edb6327-7080-472b-ac7b-1aec0e30958f,Poly,LENTES KODAK® SOLARES Lentes KODAK Single Sun Poly,visao_simples,Policarbonato,1.59,false,false,true,569.00,Pagina 36,Verniz Hc,Revestimento,final,569.00,569.00,-10.00,6.00,0.00,-6.00,1.00,3.50,SOLARES,Lentes KODAK Single Sun
Optilab,Optilab 06 de abril a 31 de julho de 2026,LENTES KODAK®,Mista,mista,0d9488a7-51bf-49fb-b84d-1e2014ea4bff,Poly + Coloração especial,LENTES KODAK® SOLARES Lentes KODAK Single Sun Poly + Coloração especial,visao_simples,Policarbonato,1.59,false,false,true,679.00,Pagina 36,Verniz Hc,Revestimento,final,679.00,679.00,-10.00,6.00,0.00,-6.00,1.00,3.50,SOLARES,Lentes KODAK Single Sun
Optilab,Optilab 06 de abril a 31 de julho de 2026,LENTES KODAK®,Mista,mista,1f66df19-72bf-488b-9839-78eb9e304716,Poly + Xperio cinza/marrom/verde,LENTES KODAK® SOLARES Lentes KODAK Single Sun Poly + Xperio cinza/marrom/verde,visao_simples,Policarbonato,1.59,false,false,true,699.00,Pagina 36,Crizal Sapphire HR Face Interna,Antirreflexo,final,1359.00,1359.00,-10.00,6.00,0.00,-6.00,1.00,3.50,SOLARES,Lentes KODAK Single Sun
Optilab,Optilab 06 de abril a 31 de julho de 2026,LENTES KODAK®,Mista,mista,1f66df19-72bf-488b-9839-78eb9e304716,Poly + Xperio cinza/marrom/verde,LENTES KODAK® SOLARES Lentes KODAK Single Sun Poly + Xperio cinza/marrom/verde,visao_simples,Policarbonato,1.59,false,false,true,699.00,Pagina 36,Optifog,Antirreflexo,final,1339.00,1339.00,-10.00,6.00,0.00,-6.00,1.00,3.50,SOLARES,Lentes KODAK Single Sun
Optilab,Optilab 06 de abril a 31 de julho de 2026,LENTES KODAK®,Mista,mista,1f66df19-72bf-488b-9839-78eb9e304716,Poly + Xperio cinza/marrom/verde,LENTES KODAK® SOLARES Lentes KODAK Single Sun Poly + Xperio cinza/marrom/verde,visao_simples,Policarbonato,1.59,false,false,true,699.00,Pagina 36,Verniz Hc,Revestimento,final,699.00,699.00,-10.00,6.00,0.00,-6.00,1.00,3.50,SOLARES,Lentes KODAK Single Sun
Optilab,Optilab 06 de abril a 31 de julho de 2026,LENTES KODAK®,Mista,mista,52cabe89-32bd-4356-8148-72e1e0117f4e,1.50,LENTES KODAK® UNIQUE INFINITE 1.50,multifocal,Resina,1.50,false,false,true,1599.00,Pagina 32,Crizal Easy Pro,Antirreflexo,final,1979.00,1979.00,-10.00,5.25,0.00,-6.00,0.75,3.50,null,UNIQUE INFINITE
Optilab,Optilab 06 de abril a 31 de julho de 2026,LENTES KODAK®,Mista,mista,4fe0ecd8-2038-4157-812a-43e230e3a5ea,1.50,LENTES KODAK® UNIQUE INFINITE 1.50,multifocal,Resina,1.50,false,false,true,959.00,Pagina 32,Crizal Easy Pro,Antirreflexo,final,1359.00,1359.00,-10.00,5.25,0.00,-6.00,0.75,3.50,null,UNIQUE INFINITE
Optilab,Optilab 06 de abril a 31 de julho de 2026,LENTES KODAK®,Mista,mista,4fe0ecd8-2038-4157-812a-43e230e3a5ea,1.50,LENTES KODAK® UNIQUE INFINITE 1.50,multifocal,Resina,1.50,false,false,true,959.00,Pagina 32,Crizal Prevencia,Antirreflexo,final,1979.00,1979.00,-10.00,5.25,0.00,-6.00,0.75,3.50,null,UNIQUE INFINITE
Optilab,Optilab 06 de abril a 31 de julho de 2026,LENTES KODAK®,Mista,mista,4fe0ecd8-2038-4157-812a-43e230e3a5ea,1.50,LENTES KODAK® UNIQUE INFINITE 1.50,multifocal,Resina,1.50,false,false,true,959.00,Pagina 32,Crizal Rock,Antirreflexo,final,1709.00,1709.00,-10.00,5.25,0.00,-6.00,0.75,3.50,null,UNIQUE INFINITE
Optilab,Optilab 06 de abril a 31 de julho de 2026,LENTES KODAK®,Mista,mista,4fe0ecd8-2038-4157-812a-43e230e3a5ea,1.50,LENTES KODAK® UNIQUE INFINITE 1.50,multifocal,Resina,1.50,false,false,true,959.00,Pagina 32,Crizal Sapphire HR,Antirreflexo,final,1979.00,1979.00,-10.00,5.25,0.00,-6.00,0.75,3.50,null,UNIQUE INFINITE
Optilab,Optilab 06 de abril a 31 de julho de 2026,LENTES KODAK®,Mista,mista,52cabe89-32bd-4356-8148-72e1e0117f4e,1.50,LENTES KODAK® UNIQUE INFINITE 1.50,multifocal,Resina,1.50,false,false,true,1599.00,Pagina 32,No Reflex,Antirreflexo,final,1709.00,1709.00,-10.00,5.25,0.00,-6.00,0.75,3.50,null,UNIQUE INFINITE
Optilab,Optilab 06 de abril a 31 de julho de 2026,LENTES KODAK®,Mista,mista,4fe0ecd8-2038-4157-812a-43e230e3a5ea,1.50,LENTES KODAK® UNIQUE INFINITE 1.50,multifocal,Resina,1.50,false,false,true,959.00,Pagina 32,No Reflex,Antirreflexo,final,1209.00,1209.00,-10.00,5.25,0.00,-6.00,0.75,3.50,null,UNIQUE INFINITE
Optilab,Optilab 06 de abril a 31 de julho de 2026,LENTES KODAK®,Mista,mista,52cabe89-32bd-4356-8148-72e1e0117f4e,1.50,LENTES KODAK® UNIQUE INFINITE 1.50,multifocal,Resina,1.50,false,false,true,1599.00,Pagina 32,Optifog,Antirreflexo,final,1979.00,1979.00,-10.00,5.25,0.00,-6.00,0.75,3.50,null,UNIQUE INFINITE
Optilab,Optilab 06 de abril a 31 de julho de 2026,LENTES KODAK®,Mista,mista,4fe0ecd8-2038-4157-812a-43e230e3a5ea,1.50,LENTES KODAK® UNIQUE INFINITE 1.50,multifocal,Resina,1.50,false,false,true,959.00,Pagina 32,Optifog,Antirreflexo,final,1599.00,1599.00,-10.00,5.25,0.00,-6.00,0.75,3.50,null,UNIQUE INFINITE
Optilab,Optilab 06 de abril a 31 de julho de 2026,LENTES KODAK®,Mista,mista,4fe0ecd8-2038-4157-812a-43e230e3a5ea,1.50,LENTES KODAK® UNIQUE INFINITE 1.50,multifocal,Resina,1.50,false,false,true,959.00,Pagina 32,Trio Easy Clean,Antirreflexo,final,1159.00,1159.00,-10.00,5.25,0.00,-6.00,0.75,3.50,null,UNIQUE INFINITE
Optilab,Optilab 06 de abril a 31 de julho de 2026,LENTES KODAK®,Mista,mista,52cabe89-32bd-4356-8148-72e1e0117f4e,1.50,LENTES KODAK® UNIQUE INFINITE 1.50,multifocal,Resina,1.50,false,false,true,1599.00,Pagina 32,Trio Easy Clean,Antirreflexo,final,1359.00,1359.00,-10.00,5.25,0.00,-6.00,0.75,3.50,null,UNIQUE INFINITE
Optilab,Optilab 06 de abril a 31 de julho de 2026,LENTES KODAK®,Mista,mista,4fe0ecd8-2038-4157-812a-43e230e3a5ea,1.50,LENTES KODAK® UNIQUE INFINITE 1.50,multifocal,Resina,1.50,false,false,true,959.00,Pagina 32,Verniz Hc,Revestimento,final,959.00,959.00,-10.00,5.25,0.00,-6.00,0.75,3.50,null,UNIQUE INFINITE
Optilab,Optilab 06 de abril a 31 de julho de 2026,LENTES KODAK®,Mista,mista,52cabe89-32bd-4356-8148-72e1e0117f4e,1.50,LENTES KODAK® UNIQUE INFINITE 1.50,multifocal,Resina,1.50,false,false,true,1599.00,Pagina 32,Verniz Hc,Revestimento,final,1599.00,1599.00,-10.00,5.25,0.00,-6.00,0.75,3.50,null,UNIQUE INFINITE
Optilab,Optilab 06 de abril a 31 de julho de 2026,LENTES KODAK®,Mista,mista,3b13055e-8caf-40c0-953a-65e0a7200f42,1.50 + Transitions Extractive,LENTES KODAK® UNIQUE INFINITE 1.50 + Transitions Extractive,multifocal,Resina,1.50,false,false,true,1969.00,Pagina 32,Crizal Easy Pro,Antirreflexo,final,2369.00,2369.00,-10.00,5.25,0.00,-6.00,0.75,3.50,null,UNIQUE INFINITE
Optilab,Optilab 06 de abril a 31 de julho de 2026,LENTES KODAK®,Mista,mista,9bb88b8a-43fe-4b58-bb7a-80f22671a96a,1.50 + Transitions Extractive,LENTES KODAK® UNIQUE INFINITE 1.50 + Transitions Extractive,multifocal,Resina,1.50,false,false,true,2609.00,Pagina 32,Crizal Easy Pro,Antirreflexo,final,2989.00,2989.00,-10.00,5.25,0.00,-6.00,0.75,3.50,null,UNIQUE INFINITE
Optilab,Optilab 06 de abril a 31 de julho de 2026,LENTES KODAK®,Mista,mista,3b13055e-8caf-40c0-953a-65e0a7200f42,1.50 + Transitions Extractive,LENTES KODAK® UNIQUE INFINITE 1.50 + Transitions Extractive,multifocal,Resina,1.50,false,false,true,1969.00,Pagina 32,Crizal Prevencia,Antirreflexo,final,2989.00,2989.00,-10.00,5.25,0.00,-6.00,0.75,3.50,null,UNIQUE INFINITE
Optilab,Optilab 06 de abril a 31 de julho de 2026,LENTES KODAK®,Mista,mista,3b13055e-8caf-40c0-953a-65e0a7200f42,1.50 + Transitions Extractive,LENTES KODAK® UNIQUE INFINITE 1.50 + Transitions Extractive,multifocal,Resina,1.50,false,false,true,1969.00,Pagina 32,Crizal Rock,Antirreflexo,final,2719.00,2719.00,-10.00,5.25,0.00,-6.00,0.75,3.50,null,UNIQUE INFINITE
Optilab,Optilab 06 de abril a 31 de julho de 2026,LENTES KODAK®,Mista,mista,3b13055e-8caf-40c0-953a-65e0a7200f42,1.50 + Transitions Extractive,LENTES KODAK® UNIQUE INFINITE 1.50 + Transitions Extractive,multifocal,Resina,1.50,false,false,true,1969.00,Pagina 32,Crizal Sapphire HR,Antirreflexo,final,2989.00,2989.00,-10.00,5.25,0.00,-6.00,0.75,3.50,null,UNIQUE INFINITE
Optilab,Optilab 06 de abril a 31 de julho de 2026,LENTES KODAK®,Mista,mista,9bb88b8a-43fe-4b58-bb7a-80f22671a96a,1.50 + Transitions Extractive,LENTES KODAK® UNIQUE INFINITE 1.50 + Transitions Extractive,multifocal,Resina,1.50,false,false,true,2609.00,Pagina 32,No Reflex,Antirreflexo,final,2719.00,2719.00,-10.00,5.25,0.00,-6.00,0.75,3.50,null,UNIQUE INFINITE
Optilab,Optilab 06 de abril a 31 de julho de 2026,LENTES KODAK®,Mista,mista,3b13055e-8caf-40c0-953a-65e0a7200f42,1.50 + Transitions Extractive,LENTES KODAK® UNIQUE INFINITE 1.50 + Transitions Extractive,multifocal,Resina,1.50,false,false,true,1969.00,Pagina 32,No Reflex,Antirreflexo,final,2219.00,2219.00,-10.00,5.25,0.00,-6.00,0.75,3.50,null,UNIQUE INFINITE
Optilab,Optilab 06 de abril a 31 de julho de 2026,LENTES KODAK®,Mista,mista,3b13055e-8caf-40c0-953a-65e0a7200f42,1.50 + Transitions Extractive,LENTES KODAK® UNIQUE INFINITE 1.50 + Transitions Extractive,multifocal,Resina,1.50,false,false,true,1969.00,Pagina 32,Optifog,Antirreflexo,final,2609.00,2609.00,-10.00,5.25,0.00,-6.00,0.75,3.50,null,UNIQUE INFINITE
Optilab,Optilab 06 de abril a 31 de julho de 2026,LENTES KODAK®,Mista,mista,9bb88b8a-43fe-4b58-bb7a-80f22671a96a,1.50 + Transitions Extractive,LENTES KODAK® UNIQUE INFINITE 1.50 + Transitions Extractive,multifocal,Resina,1.50,false,false,true,2609.00,Pagina 32,Optifog,Antirreflexo,final,2989.00,2989.00,-10.00,5.25,0.00,-6.00,0.75,3.50,null,UNIQUE INFINITE
Optilab,Optilab 06 de abril a 31 de julho de 2026,LENTES KODAK®,Mista,mista,9bb88b8a-43fe-4b58-bb7a-80f22671a96a,1.50 + Transitions Extractive,LENTES KODAK® UNIQUE INFINITE 1.50 + Transitions Extractive,multifocal,Resina,1.50,false,false,true,2609.00,Pagina 32,Trio Easy Clean,Antirreflexo,final,2369.00,2369.00,-10.00,5.25,0.00,-6.00,0.75,3.50,null,UNIQUE INFINITE
Optilab,Optilab 06 de abril a 31 de julho de 2026,LENTES KODAK®,Mista,mista,3b13055e-8caf-40c0-953a-65e0a7200f42,1.50 + Transitions Extractive,LENTES KODAK® UNIQUE INFINITE 1.50 + Transitions Extractive,multifocal,Resina,1.50,false,false,true,1969.00,Pagina 32,Trio Easy Clean,Antirreflexo,final,2169.00,2169.00,-10.00,5.25,0.00,-6.00,0.75,3.50,null,UNIQUE INFINITE
Optilab,Optilab 06 de abril a 31 de julho de 2026,LENTES KODAK®,Mista,mista,9bb88b8a-43fe-4b58-bb7a-80f22671a96a,1.50 + Transitions Extractive,LENTES KODAK® UNIQUE INFINITE 1.50 + Transitions Extractive,multifocal,Resina,1.50,false,false,true,2609.00,Pagina 32,Verniz Hc,Revestimento,final,2609.00,2609.00,-10.00,5.25,0.00,-6.00,0.75,3.50,null,UNIQUE INFINITE
Optilab,Optilab 06 de abril a 31 de julho de 2026,LENTES KODAK®,Mista,mista,3b13055e-8caf-40c0-953a-65e0a7200f42,1.50 + Transitions Extractive,LENTES KODAK® UNIQUE INFINITE 1.50 + Transitions Extractive,multifocal,Resina,1.50,false,false,true,1969.00,Pagina 32,Verniz Hc,Revestimento,final,1969.00,1969.00,-10.00,5.25,0.00,-6.00,0.75,3.50,null,UNIQUE INFINITE
Optilab,Optilab 06 de abril a 31 de julho de 2026,LENTES KODAK®,Mista,mista,27c22d46-91aa-4b4a-a3f5-c96347c841e8,1.50 + Transitions Gen S,LENTES KODAK® UNIQUE INFINITE 1.50 + Transitions Gen S,multifocal,Resina,1.50,false,false,true,2539.00,Pagina 32,Crizal Easy Pro,Antirreflexo,final,2919.00,2919.00,-10.00,5.25,0.00,-6.00,0.75,3.50,null,UNIQUE INFINITE
Optilab,Optilab 06 de abril a 31 de julho de 2026,LENTES KODAK®,Mista,mista,f7fcd315-924e-4bdc-adeb-328914edd875,1.50 + Transitions Gen S,LENTES KODAK® UNIQUE INFINITE 1.50 + Transitions Gen S,multifocal,Resina,1.50,false,false,true,1899.00,Pagina 32,Crizal Easy Pro,Antirreflexo,final,2299.00,2299.00,-10.00,5.25,0.00,-6.00,0.75,3.50,null,UNIQUE INFINITE
Optilab,Optilab 06 de abril a 31 de julho de 2026,LENTES KODAK®,Mista,mista,f7fcd315-924e-4bdc-adeb-328914edd875,1.50 + Transitions Gen S,LENTES KODAK® UNIQUE INFINITE 1.50 + Transitions Gen S,multifocal,Resina,1.50,false,false,true,1899.00,Pagina 32,Crizal Prevencia,Antirreflexo,final,2919.00,2919.00,-10.00,5.25,0.00,-6.00,0.75,3.50,null,UNIQUE INFINITE
Optilab,Optilab 06 de abril a 31 de julho de 2026,LENTES KODAK®,Mista,mista,f7fcd315-924e-4bdc-adeb-328914edd875,1.50 + Transitions Gen S,LENTES KODAK® UNIQUE INFINITE 1.50 + Transitions Gen S,multifocal,Resina,1.50,false,false,true,1899.00,Pagina 32,Crizal Rock,Antirreflexo,final,2649.00,2649.00,-10.00,5.25,0.00,-6.00,0.75,3.50,null,UNIQUE INFINITE
Optilab,Optilab 06 de abril a 31 de julho de 2026,LENTES KODAK®,Mista,mista,f7fcd315-924e-4bdc-adeb-328914edd875,1.50 + Transitions Gen S,LENTES KODAK® UNIQUE INFINITE 1.50 + Transitions Gen S,multifocal,Resina,1.50,false,false,true,1899.00,Pagina 32,Crizal Sapphire HR,Antirreflexo,final,2919.00,2919.00,-10.00,5.25,0.00,-6.00,0.75,3.50,null,UNIQUE INFINITE
Optilab,Optilab 06 de abril a 31 de julho de 2026,LENTES KODAK®,Mista,mista,f7fcd315-924e-4bdc-adeb-328914edd875,1.50 + Transitions Gen S,LENTES KODAK® UNIQUE INFINITE 1.50 + Transitions Gen S,multifocal,Resina,1.50,false,false,true,1899.00,Pagina 32,No Reflex,Antirreflexo,final,2149.00,2149.00,-10.00,5.25,0.00,-6.00,0.75,3.50,null,UNIQUE INFINITE
Optilab,Optilab 06 de abril a 31 de julho de 2026,LENTES KODAK®,Mista,mista,27c22d46-91aa-4b4a-a3f5-c96347c841e8,1.50 + Transitions Gen S,LENTES KODAK® UNIQUE INFINITE 1.50 + Transitions Gen S,multifocal,Resina,1.50,false,false,true,2539.00,Pagina 32,No Reflex,Antirreflexo,final,2649.00,2649.00,-10.00,5.25,0.00,-6.00,0.75,3.50,null,UNIQUE INFINITE
Optilab,Optilab 06 de abril a 31 de julho de 2026,LENTES KODAK®,Mista,mista,27c22d46-91aa-4b4a-a3f5-c96347c841e8,1.50 + Transitions Gen S,LENTES KODAK® UNIQUE INFINITE 1.50 + Transitions Gen S,multifocal,Resina,1.50,false,false,true,2539.00,Pagina 32,Optifog,Antirreflexo,final,2919.00,2919.00,-10.00,5.25,0.00,-6.00,0.75,3.50,null,UNIQUE INFINITE
Optilab,Optilab 06 de abril a 31 de julho de 2026,LENTES KODAK®,Mista,mista,f7fcd315-924e-4bdc-adeb-328914edd875,1.50 + Transitions Gen S,LENTES KODAK® UNIQUE INFINITE 1.50 + Transitions Gen S,multifocal,Resina,1.50,false,false,true,1899.00,Pagina 32,Optifog,Antirreflexo,final,2539.00,2539.00,-10.00,5.25,0.00,-6.00,0.75,3.50,null,UNIQUE INFINITE
Optilab,Optilab 06 de abril a 31 de julho de 2026,LENTES KODAK®,Mista,mista,27c22d46-91aa-4b4a-a3f5-c96347c841e8,1.50 + Transitions Gen S,LENTES KODAK® UNIQUE INFINITE 1.50 + Transitions Gen S,multifocal,Resina,1.50,false,false,true,2539.00,Pagina 32,Trio Easy Clean,Antirreflexo,final,2299.00,2299.00,-10.00,5.25,0.00,-6.00,0.75,3.50,null,UNIQUE INFINITE
Optilab,Optilab 06 de abril a 31 de julho de 2026,LENTES KODAK®,Mista,mista,f7fcd315-924e-4bdc-adeb-328914edd875,1.50 + Transitions Gen S,LENTES KODAK® UNIQUE INFINITE 1.50 + Transitions Gen S,multifocal,Resina,1.50,false,false,true,1899.00,Pagina 32,Trio Easy Clean,Antirreflexo,final,2099.00,2099.00,-10.00,5.25,0.00,-6.00,0.75,3.50,null,UNIQUE INFINITE
Optilab,Optilab 06 de abril a 31 de julho de 2026,LENTES KODAK®,Mista,mista,27c22d46-91aa-4b4a-a3f5-c96347c841e8,1.50 + Transitions Gen S,LENTES KODAK® UNIQUE INFINITE 1.50 + Transitions Gen S,multifocal,Resina,1.50,false,false,true,2539.00,Pagina 32,Verniz Hc,Revestimento,final,2539.00,2539.00,-10.00,5.25,0.00,-6.00,0.75,3.50,null,UNIQUE INFINITE
Optilab,Optilab 06 de abril a 31 de julho de 2026,LENTES KODAK®,Mista,mista,f7fcd315-924e-4bdc-adeb-328914edd875,1.50 + Transitions Gen S,LENTES KODAK® UNIQUE INFINITE 1.50 + Transitions Gen S,multifocal,Resina,1.50,false,false,true,1899.00,Pagina 32,Verniz Hc,Revestimento,final,1899.00,1899.00,-10.00,5.25,0.00,-6.00,0.75,3.50,null,UNIQUE INFINITE
Optilab,Optilab 06 de abril a 31 de julho de 2026,LENTES KODAK®,Mista,mista,b0f6ece8-10fe-468b-ab80-019d63f6afe2,Poly,LENTES KODAK® UNIQUE INFINITE Poly,multifocal,Policarbonato,1.59,false,false,true,1179.00,Pagina 32,Crizal Easy Pro,Antirreflexo,final,1579.00,1579.00,-10.00,6.50,0.00,-6.00,0.75,3.50,null,UNIQUE INFINITE
Optilab,Optilab 06 de abril a 31 de julho de 2026,LENTES KODAK®,Mista,mista,32990b88-dac5-46f6-a986-137ce44199b7,Poly,LENTES KODAK® UNIQUE INFINITE Poly,multifocal,Policarbonato,1.59,false,false,true,1819.00,Pagina 32,Crizal Easy Pro,Antirreflexo,final,2199.00,2199.00,-10.00,6.50,0.00,-6.00,0.75,3.50,null,UNIQUE INFINITE
Optilab,Optilab 06 de abril a 31 de julho de 2026,LENTES KODAK®,Mista,mista,b0f6ece8-10fe-468b-ab80-019d63f6afe2,Poly,LENTES KODAK® UNIQUE INFINITE Poly,multifocal,Policarbonato,1.59,false,false,true,1179.00,Pagina 32,Crizal Prevencia,Antirreflexo,final,2199.00,2199.00,-10.00,6.50,0.00,-6.00,0.75,3.50,null,UNIQUE INFINITE
Optilab,Optilab 06 de abril a 31 de julho de 2026,LENTES KODAK®,Mista,mista,b0f6ece8-10fe-468b-ab80-019d63f6afe2,Poly,LENTES KODAK® UNIQUE INFINITE Poly,multifocal,Policarbonato,1.59,false,false,true,1179.00,Pagina 32,Crizal Rock,Antirreflexo,final,1929.00,1929.00,-10.00,6.50,0.00,-6.00,0.75,3.50,null,UNIQUE INFINITE
Optilab,Optilab 06 de abril a 31 de julho de 2026,LENTES KODAK®,Mista,mista,b0f6ece8-10fe-468b-ab80-019d63f6afe2,Poly,LENTES KODAK® UNIQUE INFINITE Poly,multifocal,Policarbonato,1.59,false,false,true,1179.00,Pagina 32,Crizal Sapphire HR,Antirreflexo,final,2199.00,2199.00,-10.00,6.50,0.00,-6.00,0.75,3.50,null,UNIQUE INFINITE
Optilab,Optilab 06 de abril a 31 de julho de 2026,LENTES KODAK®,Mista,mista,b0f6ece8-10fe-468b-ab80-019d63f6afe2,Poly,LENTES KODAK® UNIQUE INFINITE Poly,multifocal,Policarbonato,1.59,false,false,true,1179.00,Pagina 32,No Reflex,Antirreflexo,final,1429.00,1429.00,-10.00,6.50,0.00,-6.00,0.75,3.50,null,UNIQUE INFINITE
Optilab,Optilab 06 de abril a 31 de julho de 2026,LENTES KODAK®,Mista,mista,32990b88-dac5-46f6-a986-137ce44199b7,Poly,LENTES KODAK® UNIQUE INFINITE Poly,multifocal,Policarbonato,1.59,false,false,true,1819.00,Pagina 32,No Reflex,Antirreflexo,final,1929.00,1929.00,-10.00,6.50,0.00,-6.00,0.75,3.50,null,UNIQUE INFINITE
Optilab,Optilab 06 de abril a 31 de julho de 2026,LENTES KODAK®,Mista,mista,32990b88-dac5-46f6-a986-137ce44199b7,Poly,LENTES KODAK® UNIQUE INFINITE Poly,multifocal,Policarbonato,1.59,false,false,true,1819.00,Pagina 32,Optifog,Antirreflexo,final,2199.00,2199.00,-10.00,6.50,0.00,-6.00,0.75,3.50,null,UNIQUE INFINITE
Optilab,Optilab 06 de abril a 31 de julho de 2026,LENTES KODAK®,Mista,mista,b0f6ece8-10fe-468b-ab80-019d63f6afe2,Poly,LENTES KODAK® UNIQUE INFINITE Poly,multifocal,Policarbonato,1.59,false,false,true,1179.00,Pagina 32,Optifog,Antirreflexo,final,1819.00,1819.00,-10.00,6.50,0.00,-6.00,0.75,3.50,null,UNIQUE INFINITE
Optilab,Optilab 06 de abril a 31 de julho de 2026,LENTES KODAK®,Mista,mista,32990b88-dac5-46f6-a986-137ce44199b7,Poly,LENTES KODAK® UNIQUE INFINITE Poly,multifocal,Policarbonato,1.59,false,false,true,1819.00,Pagina 32,Trio Easy Clean,Antirreflexo,final,1579.00,1579.00,-10.00,6.50,0.00,-6.00,0.75,3.50,null,UNIQUE INFINITE
Optilab,Optilab 06 de abril a 31 de julho de 2026,LENTES KODAK®,Mista,mista,b0f6ece8-10fe-468b-ab80-019d63f6afe2,Poly,LENTES KODAK® UNIQUE INFINITE Poly,multifocal,Policarbonato,1.59,false,false,true,1179.00,Pagina 32,Trio Easy Clean,Antirreflexo,final,1379.00,1379.00,-10.00,6.50,0.00,-6.00,0.75,3.50,null,UNIQUE INFINITE
Optilab,Optilab 06 de abril a 31 de julho de 2026,LENTES KODAK®,Mista,mista,b0f6ece8-10fe-468b-ab80-019d63f6afe2,Poly,LENTES KODAK® UNIQUE INFINITE Poly,multifocal,Policarbonato,1.59,false,false,true,1179.00,Pagina 32,Verniz Hc,Revestimento,final,1179.00,1179.00,-10.00,6.50,0.00,-6.00,0.75,3.50,null,UNIQUE INFINITE
Optilab,Optilab 06 de abril a 31 de julho de 2026,LENTES KODAK®,Mista,mista,32990b88-dac5-46f6-a986-137ce44199b7,Poly,LENTES KODAK® UNIQUE INFINITE Poly,multifocal,Policarbonato,1.59,false,false,true,1819.00,Pagina 32,Verniz Hc,Revestimento,final,1819.00,1819.00,-10.00,6.50,0.00,-6.00,0.75,3.50,null,UNIQUE INFINITE
Optilab,Optilab 06 de abril a 31 de julho de 2026,LENTES KODAK®,Mista,mista,b645f362-5979-433c-b21b-2cb9e847a143,Poly + Transitions Extractive,LENTES KODAK® UNIQUE INFINITE Poly + Transitions Extractive,multifocal,Policarbonato,1.59,false,false,true,2189.00,Pagina 32,Crizal Easy Pro,Antirreflexo,final,2589.00,2589.00,-10.00,6.50,0.00,-6.00,0.75,3.50,null,UNIQUE INFINITE
Optilab,Optilab 06 de abril a 31 de julho de 2026,LENTES KODAK®,Mista,mista,baaa7f92-81e7-4a60-93f6-d629717781ee,Poly + Transitions Extractive,LENTES KODAK® UNIQUE INFINITE Poly + Transitions Extractive,multifocal,Policarbonato,1.59,false,false,true,2829.00,Pagina 32,Crizal Easy Pro,Antirreflexo,final,3209.00,3209.00,-10.00,6.50,0.00,-6.00,0.75,3.50,null,UNIQUE INFINITE
Optilab,Optilab 06 de abril a 31 de julho de 2026,LENTES KODAK®,Mista,mista,b645f362-5979-433c-b21b-2cb9e847a143,Poly + Transitions Extractive,LENTES KODAK® UNIQUE INFINITE Poly + Transitions Extractive,multifocal,Policarbonato,1.59,false,false,true,2189.00,Pagina 32,Crizal Prevencia,Antirreflexo,final,3209.00,3209.00,-10.00,6.50,0.00,-6.00,0.75,3.50,null,UNIQUE INFINITE
Optilab,Optilab 06 de abril a 31 de julho de 2026,LENTES KODAK®,Mista,mista,b645f362-5979-433c-b21b-2cb9e847a143,Poly + Transitions Extractive,LENTES KODAK® UNIQUE INFINITE Poly + Transitions Extractive,multifocal,Policarbonato,1.59,false,false,true,2189.00,Pagina 32,Crizal Rock,Antirreflexo,final,2939.00,2939.00,-10.00,6.50,0.00,-6.00,0.75,3.50,null,UNIQUE INFINITE
Optilab,Optilab 06 de abril a 31 de julho de 2026,LENTES KODAK®,Mista,mista,b645f362-5979-433c-b21b-2cb9e847a143,Poly + Transitions Extractive,LENTES KODAK® UNIQUE INFINITE Poly + Transitions Extractive,multifocal,Policarbonato,1.59,false,false,true,2189.00,Pagina 32,Crizal Sapphire HR,Antirreflexo,final,3209.00,3209.00,-10.00,6.50,0.00,-6.00,0.75,3.50,null,UNIQUE INFINITE
Optilab,Optilab 06 de abril a 31 de julho de 2026,LENTES KODAK®,Mista,mista,baaa7f92-81e7-4a60-93f6-d629717781ee,Poly + Transitions Extractive,LENTES KODAK® UNIQUE INFINITE Poly + Transitions Extractive,multifocal,Policarbonato,1.59,false,false,true,2829.00,Pagina 32,No Reflex,Antirreflexo,final,2939.00,2939.00,-10.00,6.50,0.00,-6.00,0.75,3.50,null,UNIQUE INFINITE
Optilab,Optilab 06 de abril a 31 de julho de 2026,LENTES KODAK®,Mista,mista,b645f362-5979-433c-b21b-2cb9e847a143,Poly + Transitions Extractive,LENTES KODAK® UNIQUE INFINITE Poly + Transitions Extractive,multifocal,Policarbonato,1.59,false,false,true,2189.00,Pagina 32,No Reflex,Antirreflexo,final,2439.00,2439.00,-10.00,6.50,0.00,-6.00,0.75,3.50,null,UNIQUE INFINITE
Optilab,Optilab 06 de abril a 31 de julho de 2026,LENTES KODAK®,Mista,mista,baaa7f92-81e7-4a60-93f6-d629717781ee,Poly + Transitions Extractive,LENTES KODAK® UNIQUE INFINITE Poly + Transitions Extractive,multifocal,Policarbonato,1.59,false,false,true,2829.00,Pagina 32,Optifog,Antirreflexo,final,3209.00,3209.00,-10.00,6.50,0.00,-6.00,0.75,3.50,null,UNIQUE INFINITE
Optilab,Optilab 06 de abril a 31 de julho de 2026,LENTES KODAK®,Mista,mista,b645f362-5979-433c-b21b-2cb9e847a143,Poly + Transitions Extractive,LENTES KODAK® UNIQUE INFINITE Poly + Transitions Extractive,multifocal,Policarbonato,1.59,false,false,true,2189.00,Pagina 32,Optifog,Antirreflexo,final,2829.00,2829.00,-10.00,6.50,0.00,-6.00,0.75,3.50,null,UNIQUE INFINITE
Optilab,Optilab 06 de abril a 31 de julho de 2026,LENTES KODAK®,Mista,mista,b645f362-5979-433c-b21b-2cb9e847a143,Poly + Transitions Extractive,LENTES KODAK® UNIQUE INFINITE Poly + Transitions Extractive,multifocal,Policarbonato,1.59,false,false,true,2189.00,Pagina 32,Trio Easy Clean,Antirreflexo,final,2389.00,2389.00,-10.00,6.50,0.00,-6.00,0.75,3.50,null,UNIQUE INFINITE
Optilab,Optilab 06 de abril a 31 de julho de 2026,LENTES KODAK®,Mista,mista,baaa7f92-81e7-4a60-93f6-d629717781ee,Poly + Transitions Extractive,LENTES KODAK® UNIQUE INFINITE Poly + Transitions Extractive,multifocal,Policarbonato,1.59,false,false,true,2829.00,Pagina 32,Trio Easy Clean,Antirreflexo,final,2589.00,2589.00,-10.00,6.50,0.00,-6.00,0.75,3.50,null,UNIQUE INFINITE
Optilab,Optilab 06 de abril a 31 de julho de 2026,LENTES KODAK®,Mista,mista,baaa7f92-81e7-4a60-93f6-d629717781ee,Poly + Transitions Extractive,LENTES KODAK® UNIQUE INFINITE Poly + Transitions Extractive,multifocal,Policarbonato,1.59,false,false,true,2829.00,Pagina 32,Verniz Hc,Revestimento,final,2829.00,2829.00,-10.00,6.50,0.00,-6.00,0.75,3.50,null,UNIQUE INFINITE
Optilab,Optilab 06 de abril a 31 de julho de 2026,LENTES KODAK®,Mista,mista,b645f362-5979-433c-b21b-2cb9e847a143,Poly + Transitions Extractive,LENTES KODAK® UNIQUE INFINITE Poly + Transitions Extractive,multifocal,Policarbonato,1.59,false,false,true,2189.00,Pagina 32,Verniz Hc,Revestimento,final,2189.00,2189.00,-10.00,6.50,0.00,-6.00,0.75,3.50,null,UNIQUE INFINITE
Optilab,Optilab 06 de abril a 31 de julho de 2026,LENTES KODAK®,Mista,mista,8357adf4-1396-4e5d-b1d4-de95016be1cd,Poly + Transitions Gen S,LENTES KODAK® UNIQUE INFINITE Poly + Transitions Gen S,multifocal,Policarbonato,1.59,false,false,true,2119.00,Pagina 32,Crizal Easy Pro,Antirreflexo,final,2519.00,2519.00,-10.00,6.50,0.00,-6.00,0.75,3.50,null,UNIQUE INFINITE
Optilab,Optilab 06 de abril a 31 de julho de 2026,LENTES KODAK®,Mista,mista,093556c3-781e-463e-9509-5a8f32b7b904,Poly + Transitions Gen S,LENTES KODAK® UNIQUE INFINITE Poly + Transitions Gen S,multifocal,Policarbonato,1.59,false,false,true,2759.00,Pagina 32,Crizal Easy Pro,Antirreflexo,final,3139.00,3139.00,-10.00,6.50,0.00,-6.00,0.75,3.50,null,UNIQUE INFINITE
Optilab,Optilab 06 de abril a 31 de julho de 2026,LENTES KODAK®,Mista,mista,8357adf4-1396-4e5d-b1d4-de95016be1cd,Poly + Transitions Gen S,LENTES KODAK® UNIQUE INFINITE Poly + Transitions Gen S,multifocal,Policarbonato,1.59,false,false,true,2119.00,Pagina 32,Crizal Prevencia,Antirreflexo,final,3139.00,3139.00,-10.00,6.50,0.00,-6.00,0.75,3.50,null,UNIQUE INFINITE
Optilab,Optilab 06 de abril a 31 de julho de 2026,LENTES KODAK®,Mista,mista,8357adf4-1396-4e5d-b1d4-de95016be1cd,Poly + Transitions Gen S,LENTES KODAK® UNIQUE INFINITE Poly + Transitions Gen S,multifocal,Policarbonato,1.59,false,false,true,2119.00,Pagina 32,Crizal Rock,Antirreflexo,final,2869.00,2869.00,-10.00,6.50,0.00,-6.00,0.75,3.50,null,UNIQUE INFINITE
Optilab,Optilab 06 de abril a 31 de julho de 2026,LENTES KODAK®,Mista,mista,8357adf4-1396-4e5d-b1d4-de95016be1cd,Poly + Transitions Gen S,LENTES KODAK® UNIQUE INFINITE Poly + Transitions Gen S,multifocal,Policarbonato,1.59,false,false,true,2119.00,Pagina 32,Crizal Sapphire HR,Antirreflexo,final,3139.00,3139.00,-10.00,6.50,0.00,-6.00,0.75,3.50,null,UNIQUE INFINITE
Optilab,Optilab 06 de abril a 31 de julho de 2026,LENTES KODAK®,Mista,mista,093556c3-781e-463e-9509-5a8f32b7b904,Poly + Transitions Gen S,LENTES KODAK® UNIQUE INFINITE Poly + Transitions Gen S,multifocal,Policarbonato,1.59,false,false,true,2759.00,Pagina 32,No Reflex,Antirreflexo,final,2869.00,2869.00,-10.00,6.50,0.00,-6.00,0.75,3.50,null,UNIQUE INFINITE
Optilab,Optilab 06 de abril a 31 de julho de 2026,LENTES KODAK®,Mista,mista,8357adf4-1396-4e5d-b1d4-de95016be1cd,Poly + Transitions Gen S,LENTES KODAK® UNIQUE INFINITE Poly + Transitions Gen S,multifocal,Policarbonato,1.59,false,false,true,2119.00,Pagina 32,No Reflex,Antirreflexo,final,2369.00,2369.00,-10.00,6.50,0.00,-6.00,0.75,3.50,null,UNIQUE INFINITE
Optilab,Optilab 06 de abril a 31 de julho de 2026,LENTES KODAK®,Mista,mista,8357adf4-1396-4e5d-b1d4-de95016be1cd,Poly + Transitions Gen S,LENTES KODAK® UNIQUE INFINITE Poly + Transitions Gen S,multifocal,Policarbonato,1.59,false,false,true,2119.00,Pagina 32,Optifog,Antirreflexo,final,2759.00,2759.00,-10.00,6.50,0.00,-6.00,0.75,3.50,null,UNIQUE INFINITE
Optilab,Optilab 06 de abril a 31 de julho de 2026,LENTES KODAK®,Mista,mista,093556c3-781e-463e-9509-5a8f32b7b904,Poly + Transitions Gen S,LENTES KODAK® UNIQUE INFINITE Poly + Transitions Gen S,multifocal,Policarbonato,1.59,false,false,true,2759.00,Pagina 32,Optifog,Antirreflexo,final,3139.00,3139.00,-10.00,6.50,0.00,-6.00,0.75,3.50,null,UNIQUE INFINITE
Optilab,Optilab 06 de abril a 31 de julho de 2026,LENTES KODAK®,Mista,mista,093556c3-781e-463e-9509-5a8f32b7b904,Poly + Transitions Gen S,LENTES KODAK® UNIQUE INFINITE Poly + Transitions Gen S,multifocal,Policarbonato,1.59,false,false,true,2759.00,Pagina 32,Trio Easy Clean,Antirreflexo,final,2519.00,2519.00,-10.00,6.50,0.00,-6.00,0.75,3.50,null,UNIQUE INFINITE
Optilab,Optilab 06 de abril a 31 de julho de 2026,LENTES KODAK®,Mista,mista,8357adf4-1396-4e5d-b1d4-de95016be1cd,Poly + Transitions Gen S,LENTES KODAK® UNIQUE INFINITE Poly + Transitions Gen S,multifocal,Policarbonato,1.59,false,false,true,2119.00,Pagina 32,Trio Easy Clean,Antirreflexo,final,2319.00,2319.00,-10.00,6.50,0.00,-6.00,0.75,3.50,null,UNIQUE INFINITE
Optilab,Optilab 06 de abril a 31 de julho de 2026,LENTES KODAK®,Mista,mista,8357adf4-1396-4e5d-b1d4-de95016be1cd,Poly + Transitions Gen S,LENTES KODAK® UNIQUE INFINITE Poly + Transitions Gen S,multifocal,Policarbonato,1.59,false,false,true,2119.00,Pagina 32,Verniz Hc,Revestimento,final,2119.00,2119.00,-10.00,6.50,0.00,-6.00,0.75,3.50,null,UNIQUE INFINITE
Optilab,Optilab 06 de abril a 31 de julho de 2026,LENTES KODAK®,Mista,mista,093556c3-781e-463e-9509-5a8f32b7b904,Poly + Transitions Gen S,LENTES KODAK® UNIQUE INFINITE Poly + Transitions Gen S,multifocal,Policarbonato,1.59,false,false,true,2759.00,Pagina 32,Verniz Hc,Revestimento,final,2759.00,2759.00,-10.00,6.50,0.00,-6.00,0.75,3.50,null,UNIQUE INFINITE
Optilab,Optilab 06 de abril a 31 de julho de 2026,LENTES KODAK®,Mista,mista,24ab272d-2074-41c3-9f49-edf5e392a8e0,Stylis 1.67,LENTES KODAK® UNIQUE INFINITE Stylis 1.67,multifocal,Resina High Index,1.67,false,false,true,3019.00,Pagina 32,Crizal Easy Pro,Antirreflexo,final,3399.00,3399.00,-14.00,8.00,0.00,-6.00,0.75,3.50,null,UNIQUE INFINITE
Optilab,Optilab 06 de abril a 31 de julho de 2026,LENTES KODAK®,Mista,mista,047c6c1d-2e05-4aa8-bd51-5ae32ec6a9ea,Stylis 1.67,LENTES KODAK® UNIQUE INFINITE Stylis 1.67,multifocal,Resina High Index,1.67,false,false,true,2379.00,Pagina 32,Crizal Easy Pro,Antirreflexo,final,2779.00,2779.00,-14.00,8.00,0.00,-6.00,0.75,3.50,null,UNIQUE INFINITE
Optilab,Optilab 06 de abril a 31 de julho de 2026,LENTES KODAK®,Mista,mista,047c6c1d-2e05-4aa8-bd51-5ae32ec6a9ea,Stylis 1.67,LENTES KODAK® UNIQUE INFINITE Stylis 1.67,multifocal,Resina High Index,1.67,false,false,true,2379.00,Pagina 32,Crizal Prevencia,Antirreflexo,final,3399.00,3399.00,-14.00,8.00,0.00,-6.00,0.75,3.50,null,UNIQUE INFINITE
Optilab,Optilab 06 de abril a 31 de julho de 2026,LENTES KODAK®,Mista,mista,047c6c1d-2e05-4aa8-bd51-5ae32ec6a9ea,Stylis 1.67,LENTES KODAK® UNIQUE INFINITE Stylis 1.67,multifocal,Resina High Index,1.67,false,false,true,2379.00,Pagina 32,Crizal Rock,Antirreflexo,final,3129.00,3129.00,-14.00,8.00,0.00,-6.00,0.75,3.50,null,UNIQUE INFINITE
Optilab,Optilab 06 de abril a 31 de julho de 2026,LENTES KODAK®,Mista,mista,047c6c1d-2e05-4aa8-bd51-5ae32ec6a9ea,Stylis 1.67,LENTES KODAK® UNIQUE INFINITE Stylis 1.67,multifocal,Resina High Index,1.67,false,false,true,2379.00,Pagina 32,Crizal Sapphire HR,Antirreflexo,final,3399.00,3399.00,-14.00,8.00,0.00,-6.00,0.75,3.50,null,UNIQUE INFINITE
Optilab,Optilab 06 de abril a 31 de julho de 2026,LENTES KODAK®,Mista,mista,047c6c1d-2e05-4aa8-bd51-5ae32ec6a9ea,Stylis 1.67,LENTES KODAK® UNIQUE INFINITE Stylis 1.67,multifocal,Resina High Index,1.67,false,false,true,2379.00,Pagina 32,No Reflex,Antirreflexo,final,2629.00,2629.00,-14.00,8.00,0.00,-6.00,0.75,3.50,null,UNIQUE INFINITE
Optilab,Optilab 06 de abril a 31 de julho de 2026,LENTES KODAK®,Mista,mista,24ab272d-2074-41c3-9f49-edf5e392a8e0,Stylis 1.67,LENTES KODAK® UNIQUE INFINITE Stylis 1.67,multifocal,Resina High Index,1.67,false,false,true,3019.00,Pagina 32,No Reflex,Antirreflexo,final,3129.00,3129.00,-14.00,8.00,0.00,-6.00,0.75,3.50,null,UNIQUE INFINITE
Optilab,Optilab 06 de abril a 31 de julho de 2026,LENTES KODAK®,Mista,mista,24ab272d-2074-41c3-9f49-edf5e392a8e0,Stylis 1.67,LENTES KODAK® UNIQUE INFINITE Stylis 1.67,multifocal,Resina High Index,1.67,false,false,true,3019.00,Pagina 32,Optifog,Antirreflexo,final,3399.00,3399.00,-14.00,8.00,0.00,-6.00,0.75,3.50,null,UNIQUE INFINITE
Optilab,Optilab 06 de abril a 31 de julho de 2026,LENTES KODAK®,Mista,mista,047c6c1d-2e05-4aa8-bd51-5ae32ec6a9ea,Stylis 1.67,LENTES KODAK® UNIQUE INFINITE Stylis 1.67,multifocal,Resina High Index,1.67,false,false,true,2379.00,Pagina 32,Optifog,Antirreflexo,final,3019.00,3019.00,-14.00,8.00,0.00,-6.00,0.75,3.50,null,UNIQUE INFINITE
Optilab,Optilab 06 de abril a 31 de julho de 2026,LENTES KODAK®,Mista,mista,047c6c1d-2e05-4aa8-bd51-5ae32ec6a9ea,Stylis 1.67,LENTES KODAK® UNIQUE INFINITE Stylis 1.67,multifocal,Resina High Index,1.67,false,false,true,2379.00,Pagina 32,Trio Easy Clean,Antirreflexo,final,2579.00,2579.00,-14.00,8.00,0.00,-6.00,0.75,3.50,null,UNIQUE INFINITE
Optilab,Optilab 06 de abril a 31 de julho de 2026,LENTES KODAK®,Mista,mista,24ab272d-2074-41c3-9f49-edf5e392a8e0,Stylis 1.67,LENTES KODAK® UNIQUE INFINITE Stylis 1.67,multifocal,Resina High Index,1.67,false,false,true,3019.00,Pagina 32,Trio Easy Clean,Antirreflexo,final,2779.00,2779.00,-14.00,8.00,0.00,-6.00,0.75,3.50,null,UNIQUE INFINITE
Optilab,Optilab 06 de abril a 31 de julho de 2026,LENTES KODAK®,Mista,mista,047c6c1d-2e05-4aa8-bd51-5ae32ec6a9ea,Stylis 1.67,LENTES KODAK® UNIQUE INFINITE Stylis 1.67,multifocal,Resina High Index,1.67,false,false,true,2379.00,Pagina 32,Verniz Hc,Revestimento,final,2379.00,2379.00,-14.00,8.00,0.00,-6.00,0.75,3.50,null,UNIQUE INFINITE
Optilab,Optilab 06 de abril a 31 de julho de 2026,LENTES KODAK®,Mista,mista,24ab272d-2074-41c3-9f49-edf5e392a8e0,Stylis 1.67,LENTES KODAK® UNIQUE INFINITE Stylis 1.67,multifocal,Resina High Index,1.67,false,false,true,3019.00,Pagina 32,Verniz Hc,Revestimento,final,3019.00,3019.00,-14.00,8.00,0.00,-6.00,0.75,3.50,null,UNIQUE INFINITE
Optilab,Optilab 06 de abril a 31 de julho de 2026,LENTES KODAK®,Mista,mista,2cd58889-02c7-4b2f-b6c6-7003d33ef476,Stylis 1.67 + Transitions Gen S,LENTES KODAK® UNIQUE INFINITE Stylis 1.67 + Transitions Gen S,multifocal,Resina High Index,1.67,false,false,true,3319.00,Pagina 32,Crizal Easy Pro,Antirreflexo,final,3719.00,3719.00,-14.00,8.00,0.00,-6.00,0.75,3.50,null,UNIQUE INFINITE
Optilab,Optilab 06 de abril a 31 de julho de 2026,LENTES KODAK®,Mista,mista,7de375b7-2005-4f02-b8ac-ed77b293a7d7,Stylis 1.67 + Transitions Gen S,LENTES KODAK® UNIQUE INFINITE Stylis 1.67 + Transitions Gen S,multifocal,Resina High Index,1.67,false,false,true,3959.00,Pagina 32,Crizal Easy Pro,Antirreflexo,final,4339.00,4339.00,-14.00,8.00,0.00,-6.00,0.75,3.50,null,UNIQUE INFINITE
Optilab,Optilab 06 de abril a 31 de julho de 2026,LENTES KODAK®,Mista,mista,2cd58889-02c7-4b2f-b6c6-7003d33ef476,Stylis 1.67 + Transitions Gen S,LENTES KODAK® UNIQUE INFINITE Stylis 1.67 + Transitions Gen S,multifocal,Resina High Index,1.67,false,false,true,3319.00,Pagina 32,Crizal Prevencia,Antirreflexo,final,4339.00,4339.00,-14.00,8.00,0.00,-6.00,0.75,3.50,null,UNIQUE INFINITE
Optilab,Optilab 06 de abril a 31 de julho de 2026,LENTES KODAK®,Mista,mista,2cd58889-02c7-4b2f-b6c6-7003d33ef476,Stylis 1.67 + Transitions Gen S,LENTES KODAK® UNIQUE INFINITE Stylis 1.67 + Transitions Gen S,multifocal,Resina High Index,1.67,false,false,true,3319.00,Pagina 32,Crizal Rock,Antirreflexo,final,4069.00,4069.00,-14.00,8.00,0.00,-6.00,0.75,3.50,null,UNIQUE INFINITE
Optilab,Optilab 06 de abril a 31 de julho de 2026,LENTES KODAK®,Mista,mista,2cd58889-02c7-4b2f-b6c6-7003d33ef476,Stylis 1.67 + Transitions Gen S,LENTES KODAK® UNIQUE INFINITE Stylis 1.67 + Transitions Gen S,multifocal,Resina High Index,1.67,false,false,true,3319.00,Pagina 32,Crizal Sapphire HR,Antirreflexo,final,4339.00,4339.00,-14.00,8.00,0.00,-6.00,0.75,3.50,null,UNIQUE INFINITE
Optilab,Optilab 06 de abril a 31 de julho de 2026,LENTES KODAK®,Mista,mista,7de375b7-2005-4f02-b8ac-ed77b293a7d7,Stylis 1.67 + Transitions Gen S,LENTES KODAK® UNIQUE INFINITE Stylis 1.67 + Transitions Gen S,multifocal,Resina High Index,1.67,false,false,true,3959.00,Pagina 32,No Reflex,Antirreflexo,final,4069.00,4069.00,-14.00,8.00,0.00,-6.00,0.75,3.50,null,UNIQUE INFINITE
Optilab,Optilab 06 de abril a 31 de julho de 2026,LENTES KODAK®,Mista,mista,2cd58889-02c7-4b2f-b6c6-7003d33ef476,Stylis 1.67 + Transitions Gen S,LENTES KODAK® UNIQUE INFINITE Stylis 1.67 + Transitions Gen S,multifocal,Resina High Index,1.67,false,false,true,3319.00,Pagina 32,No Reflex,Antirreflexo,final,3569.00,3569.00,-14.00,8.00,0.00,-6.00,0.75,3.50,null,UNIQUE INFINITE
Optilab,Optilab 06 de abril a 31 de julho de 2026,LENTES KODAK®,Mista,mista,7de375b7-2005-4f02-b8ac-ed77b293a7d7,Stylis 1.67 + Transitions Gen S,LENTES KODAK® UNIQUE INFINITE Stylis 1.67 + Transitions Gen S,multifocal,Resina High Index,1.67,false,false,true,3959.00,Pagina 32,Optifog,Antirreflexo,final,4339.00,4339.00,-14.00,8.00,0.00,-6.00,0.75,3.50,null,UNIQUE INFINITE
Optilab,Optilab 06 de abril a 31 de julho de 2026,LENTES KODAK®,Mista,mista,2cd58889-02c7-4b2f-b6c6-7003d33ef476,Stylis 1.67 + Transitions Gen S,LENTES KODAK® UNIQUE INFINITE Stylis 1.67 + Transitions Gen S,multifocal,Resina High Index,1.67,false,false,true,3319.00,Pagina 32,Optifog,Antirreflexo,final,3959.00,3959.00,-14.00,8.00,0.00,-6.00,0.75,3.50,null,UNIQUE INFINITE
Optilab,Optilab 06 de abril a 31 de julho de 2026,LENTES KODAK®,Mista,mista,2cd58889-02c7-4b2f-b6c6-7003d33ef476,Stylis 1.67 + Transitions Gen S,LENTES KODAK® UNIQUE INFINITE Stylis 1.67 + Transitions Gen S,multifocal,Resina High Index,1.67,false,false,true,3319.00,Pagina 32,Trio Easy Clean,Antirreflexo,final,3519.00,3519.00,-14.00,8.00,0.00,-6.00,0.75,3.50,null,UNIQUE INFINITE
Optilab,Optilab 06 de abril a 31 de julho de 2026,LENTES KODAK®,Mista,mista,7de375b7-2005-4f02-b8ac-ed77b293a7d7,Stylis 1.67 + Transitions Gen S,LENTES KODAK® UNIQUE INFINITE Stylis 1.67 + Transitions Gen S,multifocal,Resina High Index,1.67,false,false,true,3959.00,Pagina 32,Trio Easy Clean,Antirreflexo,final,3719.00,3719.00,-14.00,8.00,0.00,-6.00,0.75,3.50,null,UNIQUE INFINITE
Optilab,Optilab 06 de abril a 31 de julho de 2026,LENTES KODAK®,Mista,mista,7de375b7-2005-4f02-b8ac-ed77b293a7d7,Stylis 1.67 + Transitions Gen S,LENTES KODAK® UNIQUE INFINITE Stylis 1.67 + Transitions Gen S,multifocal,Resina High Index,1.67,false,false,true,3959.00,Pagina 32,Verniz Hc,Revestimento,final,3959.00,3959.00,-14.00,8.00,0.00,-6.00,0.75,3.50,null,UNIQUE INFINITE
Optilab,Optilab 06 de abril a 31 de julho de 2026,LENTES KODAK®,Mista,mista,2cd58889-02c7-4b2f-b6c6-7003d33ef476,Stylis 1.67 + Transitions Gen S,LENTES KODAK® UNIQUE INFINITE Stylis 1.67 + Transitions Gen S,multifocal,Resina High Index,1.67,false,false,true,3319.00,Pagina 32,Verniz Hc,Revestimento,final,3319.00,3319.00,-14.00,8.00,0.00,-6.00,0.75,3.50,null,UNIQUE INFINITE
Optilab,Optilab 06 de abril a 31 de julho de 2026,LENTES KODAK®,Mista,mista,c48738e3-b799-4b31-838a-061e46eca740,Stylis 1.74,LENTES KODAK® UNIQUE INFINITE Stylis 1.74,multifocal,Resina High Index,1.74,false,false,true,4179.00,Pagina 32,Crizal Sapphire HR,Antirreflexo,final,4179.00,4179.00,-18.00,13.00,0.00,-6.00,0.75,3.50,null,UNIQUE INFINITE
Optilab,Optilab 06 de abril a 31 de julho de 2026,LENTES KODAK®,Mista,mista,c48738e3-b799-4b31-838a-061e46eca740,Stylis 1.74,LENTES KODAK® UNIQUE INFINITE Stylis 1.74,multifocal,Resina High Index,1.74,false,false,true,4179.00,Pagina 32,Optifog,Antirreflexo,final,4179.00,4179.00,-18.00,13.00,0.00,-6.00,0.75,3.50,null,UNIQUE INFINITE
Optilab,Optilab 06 de abril a 31 de julho de 2026,LENTES KODAK®,Mista,mista,1a10dcf2-08e3-4314-b3e3-bb72b5480b05,Stylis 1.74 + Transitions Gen S,LENTES KODAK® UNIQUE INFINITE Stylis 1.74 + Transitions Gen S,multifocal,Resina High Index,1.74,false,false,true,5119.00,Pagina 32,Crizal Sapphire HR,Antirreflexo,final,5119.00,5119.00,-18.00,13.00,0.00,-6.00,0.75,3.50,null,UNIQUE INFINITE
Optilab,Optilab 06 de abril a 31 de julho de 2026,LENTES KODAK®,Mista,mista,1a10dcf2-08e3-4314-b3e3-bb72b5480b05,Stylis 1.74 + Transitions Gen S,LENTES KODAK® UNIQUE INFINITE Stylis 1.74 + Transitions Gen S,multifocal,Resina High Index,1.74,false,false,true,5119.00,Pagina 32,Optifog,Antirreflexo,final,5119.00,5119.00,-18.00,13.00,0.00,-6.00,0.75,3.50,null,UNIQUE INFINITE
Optilab,Optilab 06 de abril a 31 de julho de 2026,LENTES VS SOLARES PLANAS ACABADAS,Visao Simples,plana_solar,40fcf9fe-c86b-4fc0-8dd3-ed04f9dec9c4,Degradê CR-39,LENTES VS SOLARES PLANAS ACABADAS Degradê CR-39,plana_solar,Resina,1.50,true,false,false,216.00,Pagina 43,null,null,null,null,216.00,null,null,null,null,null,null,null,null
Optilab,Optilab 06 de abril a 31 de julho de 2026,LENTES VS SOLARES PLANAS ACABADAS,Visao Simples,plana_solar,04000cc8-1b44-4b52-bbd1-114899cc8fc0,Degradê Poly,LENTES VS SOLARES PLANAS ACABADAS Degradê Poly,plana_solar,Policarbonato,1.59,true,false,false,216.00,Pagina 43,null,null,null,null,216.00,null,null,null,null,null,null,null,null
Optilab,Optilab 06 de abril a 31 de julho de 2026,LENTES VS SOLARES PLANAS ACABADAS,Visao Simples,plana_solar,4d7fdfc6-1dbc-4e40-a6f6-1e3a1e7f9c6d,Total CR-39,LENTES VS SOLARES PLANAS ACABADAS Total CR-39,plana_solar,Resina,1.50,true,false,false,222.00,Pagina 43,null,null,null,null,222.00,null,null,null,null,null,null,null,null
Optilab,Optilab 06 de abril a 31 de julho de 2026,LENTES VS SOLARES PLANAS ACABADAS,Visao Simples,plana_solar,fd2d15a1-3b9c-4dcd-b1b2-ee1e610ee9a5,Total Poly,LENTES VS SOLARES PLANAS ACABADAS Total Poly,plana_solar,Policarbonato,1.59,true,false,false,222.00,Pagina 43,null,null,null,null,222.00,null,null,null,null,null,null,null,null
Optilab,Optilab 06 de abril a 31 de julho de 2026,LINHA KIDS,Visao Simples,indefinida,04a12bd6-2e67-468a-8f96-e4ee457229f3,Airwear,LINHA KIDS Airwear,indefinida,Policarbonato,1.59,false,false,true,879.00,Pagina 26,Crizal Easy Pro,Antirreflexo,final,879.00,879.00,-10.00,6.00,0.00,-6.00,null,null,null,null
Optilab,Optilab 06 de abril a 31 de julho de 2026,LINHA KIDS,Visao Simples,indefinida,b69197c1-76c8-44b1-ba6b-98e2a3cbb209,Airwear,LINHA KIDS Airwear,indefinida,Policarbonato,1.59,false,false,true,1229.00,Pagina 26,Crizal Easy Pro,Antirreflexo,final,1499.00,1499.00,-10.00,6.00,0.00,-6.00,null,null,null,null
Optilab,Optilab 06 de abril a 31 de julho de 2026,LINHA KIDS,Visao Simples,indefinida,04a12bd6-2e67-468a-8f96-e4ee457229f3,Airwear,LINHA KIDS Airwear,indefinida,Policarbonato,1.59,false,false,true,879.00,Pagina 26,Crizal Prevencia,Antirreflexo,final,1499.00,1499.00,-10.00,6.00,0.00,-6.00,null,null,null,null
Optilab,Optilab 06 de abril a 31 de julho de 2026,LINHA KIDS,Visao Simples,indefinida,04a12bd6-2e67-468a-8f96-e4ee457229f3,Airwear,LINHA KIDS Airwear,indefinida,Policarbonato,1.59,false,false,true,879.00,Pagina 26,Crizal Rock,Antirreflexo,final,1229.00,1229.00,-10.00,6.00,0.00,-6.00,null,null,null,null
Optilab,Optilab 06 de abril a 31 de julho de 2026,LINHA KIDS,Visao Simples,indefinida,04a12bd6-2e67-468a-8f96-e4ee457229f3,Airwear,LINHA KIDS Airwear,indefinida,Policarbonato,1.59,false,false,true,879.00,Pagina 26,Crizal Sapphire HR,Antirreflexo,final,1499.00,1499.00,-10.00,6.00,0.00,-6.00,null,null,null,null
Optilab,Optilab 06 de abril a 31 de julho de 2026,LINHA KIDS,Visao Simples,indefinida,b69197c1-76c8-44b1-ba6b-98e2a3cbb209,Airwear,LINHA KIDS Airwear,indefinida,Policarbonato,1.59,false,false,true,1229.00,Pagina 26,Optifog,Antirreflexo,final,1499.00,1499.00,-10.00,6.00,0.00,-6.00,null,null,null,null
Optilab,Optilab 06 de abril a 31 de julho de 2026,LINHA KIDS,Visao Simples,indefinida,04a12bd6-2e67-468a-8f96-e4ee457229f3,Airwear,LINHA KIDS Airwear,indefinida,Policarbonato,1.59,false,false,true,879.00,Pagina 26,Optifog,Antirreflexo,final,1119.00,1119.00,-10.00,6.00,0.00,-6.00,null,null,null,null
Optilab,Optilab 06 de abril a 31 de julho de 2026,LINHA KIDS,Visao Simples,indefinida,b69197c1-76c8-44b1-ba6b-98e2a3cbb209,Airwear,LINHA KIDS Airwear,indefinida,Policarbonato,1.59,false,false,true,1229.00,Pagina 26,Verniz Hc,Revestimento,final,1229.00,1229.00,-10.00,6.00,0.00,-6.00,null,null,null,null
Optilab,Optilab 06 de abril a 31 de julho de 2026,LINHA KIDS,Visao Simples,indefinida,a25a88cb-74a7-41f3-80fd-db3a55debc6d,Airwear + Transitions Gen S,LINHA KIDS Airwear + Transitions Gen S,indefinida,Policarbonato,1.59,false,false,true,1819.00,Pagina 26,Crizal Easy Pro,Antirreflexo,final,1819.00,1819.00,-10.00,6.00,0.00,-6.00,null,null,null,null
Optilab,Optilab 06 de abril a 31 de julho de 2026,LINHA KIDS,Visao Simples,indefinida,a359a9ee-8de4-4012-a661-dac37994321b,Airwear + Transitions Gen S,LINHA KIDS Airwear + Transitions Gen S,indefinida,Policarbonato,1.59,false,false,true,2169.00,Pagina 26,Crizal Easy Pro,Antirreflexo,final,2439.00,2439.00,-10.00,6.00,0.00,-6.00,null,null,null,null
Optilab,Optilab 06 de abril a 31 de julho de 2026,LINHA KIDS,Visao Simples,indefinida,a25a88cb-74a7-41f3-80fd-db3a55debc6d,Airwear + Transitions Gen S,LINHA KIDS Airwear + Transitions Gen S,indefinida,Policarbonato,1.59,false,false,true,1819.00,Pagina 26,Crizal Prevencia,Antirreflexo,final,2439.00,2439.00,-10.00,6.00,0.00,-6.00,null,null,null,null
Optilab,Optilab 06 de abril a 31 de julho de 2026,LINHA KIDS,Visao Simples,indefinida,a25a88cb-74a7-41f3-80fd-db3a55debc6d,Airwear + Transitions Gen S,LINHA KIDS Airwear + Transitions Gen S,indefinida,Policarbonato,1.59,false,false,true,1819.00,Pagina 26,Crizal Rock,Antirreflexo,final,2169.00,2169.00,-10.00,6.00,0.00,-6.00,null,null,null,null
Optilab,Optilab 06 de abril a 31 de julho de 2026,LINHA KIDS,Visao Simples,indefinida,a25a88cb-74a7-41f3-80fd-db3a55debc6d,Airwear + Transitions Gen S,LINHA KIDS Airwear + Transitions Gen S,indefinida,Policarbonato,1.59,false,false,true,1819.00,Pagina 26,Crizal Sapphire HR,Antirreflexo,final,2439.00,2439.00,-10.00,6.00,0.00,-6.00,null,null,null,null
Optilab,Optilab 06 de abril a 31 de julho de 2026,LINHA KIDS,Visao Simples,indefinida,a359a9ee-8de4-4012-a661-dac37994321b,Airwear + Transitions Gen S,LINHA KIDS Airwear + Transitions Gen S,indefinida,Policarbonato,1.59,false,false,true,2169.00,Pagina 26,Optifog,Antirreflexo,final,2439.00,2439.00,-10.00,6.00,0.00,-6.00,null,null,null,null
Optilab,Optilab 06 de abril a 31 de julho de 2026,LINHA KIDS,Visao Simples,indefinida,a25a88cb-74a7-41f3-80fd-db3a55debc6d,Airwear + Transitions Gen S,LINHA KIDS Airwear + Transitions Gen S,indefinida,Policarbonato,1.59,false,false,true,1819.00,Pagina 26,Optifog,Antirreflexo,final,2059.00,2059.00,-10.00,6.00,0.00,-6.00,null,null,null,null
Optilab,Optilab 06 de abril a 31 de julho de 2026,LINHA KIDS,Visao Simples,indefinida,a359a9ee-8de4-4012-a661-dac37994321b,Airwear + Transitions Gen S,LINHA KIDS Airwear + Transitions Gen S,indefinida,Policarbonato,1.59,false,false,true,2169.00,Pagina 26,Verniz Hc,Revestimento,final,2169.00,2169.00,-10.00,6.00,0.00,-6.00,null,null,null,null
Optilab,Optilab 06 de abril a 31 de julho de 2026,LINHA KIDS,Visao Simples,indefinida,74bbc47e-5193-4f56-9c5d-a4e351b576c5,Stellest,LINHA KIDS CONTROLE DA MIOPIA INFANTIL Stellest,controle_miopia,Policarbonato,1.50,true,true,false,1999.00,Pagina 26,null,null,null,null,1999.00,0.00,-12.00,0.00,-4.00,null,null,CONTROLE DA MIOPIA INFANTIL,null
Optilab,Optilab 06 de abril a 31 de julho de 2026,LINHA KIDS,Visao Simples,indefinida,2b9c83c5-2ab9-4d0a-8a6d-3267474dea6a,Stellest 2.0,LINHA KIDS CONTROLE DA MIOPIA INFANTIL Stellest 2.0,controle_miopia,Policarbonato,1.50,true,true,false,2299.00,Pagina 26,null,null,null,null,2299.00,0.00,-12.00,0.00,-4.00,null,null,CONTROLE DA MIOPIA INFANTIL,null
Optilab,Optilab 06 de abril a 31 de julho de 2026,LINHA KIDS,Visao Simples,indefinida,2b636f34-e57e-47b5-a180-2ca2a8681536,Stellest Sun,LINHA KIDS CONTROLE DA MIOPIA INFANTIL Stellest Sun,controle_miopia,Policarbonato,1.50,true,true,false,2199.00,Pagina 26,null,null,null,null,2199.00,0.00,-6.00,0.00,-2.00,null,null,CONTROLE DA MIOPIA INFANTIL,null
Optilab,Optilab 06 de abril a 31 de julho de 2026,VARILUX® ACTIVITIES,Mista,mista,00ba7e96-dc90-4720-885f-0e8106f1fa0c,Airwear + Coloração especial,VARILUX® ACTIVITIES COLORAÇÃO Varilux Activities Airwear + Coloração especial,multifocal,Policarbonato,1.59,false,false,true,1589.00,Pagina 20,null,null,null,null,1589.00,-7.00,6.00,0.00,-6.00,1.00,3.50,COLORAÇÃO,Varilux Activities
Optilab,Optilab 06 de abril a 31 de julho de 2026,VARILUX® ACTIVITIES,Mista,mista,1bb42f64-ff09-435a-81bd-c15adc77a7d0,Airwear + Coloração padrão,VARILUX® ACTIVITIES COLORAÇÃO Varilux Activities Airwear + Coloração padrão,multifocal,Policarbonato,1.59,false,false,true,1479.00,Pagina 20,null,null,null,null,1479.00,-7.00,6.00,0.00,-6.00,1.00,3.50,COLORAÇÃO,Varilux Activities
Optilab,Optilab 06 de abril a 31 de julho de 2026,VARILUX® ACTIVITIES,Mista,mista,4fbf25f9-df97-4fbd-a69c-5eb9260c461c,Orma + Coloração especial,VARILUX® ACTIVITIES COLORAÇÃO Varilux Activities Orma + Coloração especial,multifocal,Resina,1.50,false,false,true,1289.00,Pagina 20,null,null,null,null,1289.00,-7.00,6.00,0.00,-6.00,1.00,3.50,COLORAÇÃO,Varilux Activities
Optilab,Optilab 06 de abril a 31 de julho de 2026,VARILUX® ACTIVITIES,Mista,mista,a7f2031f-e41d-4d81-a2f4-0297755a7637,Orma + Coloração padrão,VARILUX® ACTIVITIES COLORAÇÃO Varilux Activities Orma + Coloração padrão,multifocal,Resina,1.50,false,false,true,1179.00,Pagina 20,null,null,null,null,1179.00,-7.00,6.00,0.00,-6.00,1.00,3.50,COLORAÇÃO,Varilux Activities
Optilab,Optilab 06 de abril a 31 de julho de 2026,VARILUX® ACTIVITIES,Mista,mista,7979c0a4-b3b5-43ba-8428-e23453943081,Airwear,VARILUX® ACTIVITIES DIGITAL Varilux Digitime mid Airwear,ocupacional,Policarbonato,1.59,false,false,true,899.00,Pagina 20,Crizal Easy Pro,Antirreflexo,final,1299.00,1299.00,-10.00,6.00,0.00,-6.00,1.00,3.50,DIGITAL,Varilux Digitime mid
Optilab,Optilab 06 de abril a 31 de julho de 2026,VARILUX® ACTIVITIES,Mista,mista,7979c0a4-b3b5-43ba-8428-e23453943081,Airwear,VARILUX® ACTIVITIES DIGITAL Varilux Digitime mid Airwear,ocupacional,Policarbonato,1.59,false,false,true,899.00,Pagina 20,Crizal Prevencia,Antirreflexo,final,1919.00,1919.00,-10.00,6.00,0.00,-6.00,1.00,3.50,DIGITAL,Varilux Digitime mid
Optilab,Optilab 06 de abril a 31 de julho de 2026,VARILUX® ACTIVITIES,Mista,mista,7979c0a4-b3b5-43ba-8428-e23453943081,Airwear,VARILUX® ACTIVITIES DIGITAL Varilux Digitime mid Airwear,ocupacional,Policarbonato,1.59,false,false,true,899.00,Pagina 20,Crizal Rock,Antirreflexo,final,1649.00,1649.00,-10.00,6.00,0.00,-6.00,1.00,3.50,DIGITAL,Varilux Digitime mid
Optilab,Optilab 06 de abril a 31 de julho de 2026,VARILUX® ACTIVITIES,Mista,mista,7979c0a4-b3b5-43ba-8428-e23453943081,Airwear,VARILUX® ACTIVITIES DIGITAL Varilux Digitime mid Airwear,ocupacional,Policarbonato,1.59,false,false,true,899.00,Pagina 20,Crizal Sapphire HR,Antirreflexo,final,1919.00,1919.00,-10.00,6.00,0.00,-6.00,1.00,3.50,DIGITAL,Varilux Digitime mid
Optilab,Optilab 06 de abril a 31 de julho de 2026,VARILUX® ACTIVITIES,Mista,mista,7979c0a4-b3b5-43ba-8428-e23453943081,Airwear,VARILUX® ACTIVITIES DIGITAL Varilux Digitime mid Airwear,ocupacional,Policarbonato,1.59,false,false,true,899.00,Pagina 20,Optifog,Antirreflexo,final,1539.00,1539.00,-10.00,6.00,0.00,-6.00,1.00,3.50,DIGITAL,Varilux Digitime mid
Optilab,Optilab 06 de abril a 31 de julho de 2026,VARILUX® ACTIVITIES,Mista,mista,7979c0a4-b3b5-43ba-8428-e23453943081,Airwear,VARILUX® ACTIVITIES DIGITAL Varilux Digitime mid Airwear,ocupacional,Policarbonato,1.59,false,false,true,899.00,Pagina 20,Trio Easy Clean,Antirreflexo,final,1099.00,1099.00,-10.00,6.00,0.00,-6.00,1.00,3.50,DIGITAL,Varilux Digitime mid
Optilab,Optilab 06 de abril a 31 de julho de 2026,VARILUX® ACTIVITIES,Mista,mista,d074c287-381b-4ca3-8ad1-059b4e010bd9,Orma,VARILUX® ACTIVITIES DIGITAL Varilux Digitime mid Orma,ocupacional,Resina,1.50,false,false,true,599.00,Pagina 20,Crizal Easy Pro,Antirreflexo,final,999.00,999.00,-10.00,6.00,0.00,-6.00,1.00,3.50,DIGITAL,Varilux Digitime mid
Optilab,Optilab 06 de abril a 31 de julho de 2026,VARILUX® ACTIVITIES,Mista,mista,d074c287-381b-4ca3-8ad1-059b4e010bd9,Orma,VARILUX® ACTIVITIES DIGITAL Varilux Digitime mid Orma,ocupacional,Resina,1.50,false,false,true,599.00,Pagina 20,Crizal Prevencia,Antirreflexo,final,1619.00,1619.00,-10.00,6.00,0.00,-6.00,1.00,3.50,DIGITAL,Varilux Digitime mid
Optilab,Optilab 06 de abril a 31 de julho de 2026,VARILUX® ACTIVITIES,Mista,mista,d074c287-381b-4ca3-8ad1-059b4e010bd9,Orma,VARILUX® ACTIVITIES DIGITAL Varilux Digitime mid Orma,ocupacional,Resina,1.50,false,false,true,599.00,Pagina 20,Crizal Rock,Antirreflexo,final,1349.00,1349.00,-10.00,6.00,0.00,-6.00,1.00,3.50,DIGITAL,Varilux Digitime mid
Optilab,Optilab 06 de abril a 31 de julho de 2026,VARILUX® ACTIVITIES,Mista,mista,d074c287-381b-4ca3-8ad1-059b4e010bd9,Orma,VARILUX® ACTIVITIES DIGITAL Varilux Digitime mid Orma,ocupacional,Resina,1.50,false,false,true,599.00,Pagina 20,Crizal Sapphire HR,Antirreflexo,final,1619.00,1619.00,-10.00,6.00,0.00,-6.00,1.00,3.50,DIGITAL,Varilux Digitime mid
Optilab,Optilab 06 de abril a 31 de julho de 2026,VARILUX® ACTIVITIES,Mista,mista,d074c287-381b-4ca3-8ad1-059b4e010bd9,Orma,VARILUX® ACTIVITIES DIGITAL Varilux Digitime mid Orma,ocupacional,Resina,1.50,false,false,true,599.00,Pagina 20,Optifog,Antirreflexo,final,1239.00,1239.00,-10.00,6.00,0.00,-6.00,1.00,3.50,DIGITAL,Varilux Digitime mid
Optilab,Optilab 06 de abril a 31 de julho de 2026,VARILUX® ACTIVITIES,Mista,mista,d074c287-381b-4ca3-8ad1-059b4e010bd9,Orma,VARILUX® ACTIVITIES DIGITAL Varilux Digitime mid Orma,ocupacional,Resina,1.50,false,false,true,599.00,Pagina 20,Trio Easy Clean,Antirreflexo,final,799.00,799.00,-10.00,6.00,0.00,-6.00,1.00,3.50,DIGITAL,Varilux Digitime mid
Optilab,Optilab 06 de abril a 31 de julho de 2026,VARILUX® ACTIVITIES,Mista,mista,d1a69ccd-ec30-499e-814e-a32f4e6a1ebd,Stylis 1.67,VARILUX® ACTIVITIES DIGITAL Varilux Digitime mid Stylis 1.67,ocupacional,Resina High Index,1.67,false,false,true,3289.00,Pagina 20,Crizal Easy Pro,Antirreflexo,final,3289.00,3289.00,-14.00,9.00,0.00,-6.00,1.00,3.50,DIGITAL,Varilux Digitime mid
Optilab,Optilab 06 de abril a 31 de julho de 2026,VARILUX® ACTIVITIES,Mista,mista,530c75b7-0741-4f58-be17-e1b211536c26,Stylis 1.67,VARILUX® ACTIVITIES DIGITAL Varilux Digitime mid Stylis 1.67,ocupacional,Resina High Index,1.67,false,false,true,3529.00,Pagina 20,Crizal Easy Pro,Antirreflexo,final,3289.00,3289.00,-14.00,9.00,0.00,-6.00,1.00,3.50,DIGITAL,Varilux Digitime mid
Optilab,Optilab 06 de abril a 31 de julho de 2026,VARILUX® ACTIVITIES,Mista,mista,d1a69ccd-ec30-499e-814e-a32f4e6a1ebd,Stylis 1.67,VARILUX® ACTIVITIES DIGITAL Varilux Digitime mid Stylis 1.67,ocupacional,Resina High Index,1.67,false,false,true,3289.00,Pagina 20,Crizal Prevencia,Antirreflexo,final,3909.00,3909.00,-14.00,9.00,0.00,-6.00,1.00,3.50,DIGITAL,Varilux Digitime mid
Optilab,Optilab 06 de abril a 31 de julho de 2026,VARILUX® ACTIVITIES,Mista,mista,530c75b7-0741-4f58-be17-e1b211536c26,Stylis 1.67,VARILUX® ACTIVITIES DIGITAL Varilux Digitime mid Stylis 1.67,ocupacional,Resina High Index,1.67,false,false,true,3529.00,Pagina 20,Crizal Prevencia,Antirreflexo,final,3909.00,3909.00,-14.00,9.00,0.00,-6.00,1.00,3.50,DIGITAL,Varilux Digitime mid
Optilab,Optilab 06 de abril a 31 de julho de 2026,VARILUX® ACTIVITIES,Mista,mista,530c75b7-0741-4f58-be17-e1b211536c26,Stylis 1.67,VARILUX® ACTIVITIES DIGITAL Varilux Digitime mid Stylis 1.67,ocupacional,Resina High Index,1.67,false,false,true,3529.00,Pagina 20,Crizal Rock,Antirreflexo,final,3639.00,3639.00,-14.00,9.00,0.00,-6.00,1.00,3.50,DIGITAL,Varilux Digitime mid
Optilab,Optilab 06 de abril a 31 de julho de 2026,VARILUX® ACTIVITIES,Mista,mista,d1a69ccd-ec30-499e-814e-a32f4e6a1ebd,Stylis 1.67,VARILUX® ACTIVITIES DIGITAL Varilux Digitime mid Stylis 1.67,ocupacional,Resina High Index,1.67,false,false,true,3289.00,Pagina 20,Crizal Rock,Antirreflexo,final,3639.00,3639.00,-14.00,9.00,0.00,-6.00,1.00,3.50,DIGITAL,Varilux Digitime mid
Optilab,Optilab 06 de abril a 31 de julho de 2026,VARILUX® ACTIVITIES,Mista,mista,d1a69ccd-ec30-499e-814e-a32f4e6a1ebd,Stylis 1.67,VARILUX® ACTIVITIES DIGITAL Varilux Digitime mid Stylis 1.67,ocupacional,Resina High Index,1.67,false,false,true,3289.00,Pagina 20,Crizal Sapphire HR,Antirreflexo,final,3909.00,3909.00,-14.00,9.00,0.00,-6.00,1.00,3.50,DIGITAL,Varilux Digitime mid
Optilab,Optilab 06 de abril a 31 de julho de 2026,VARILUX® ACTIVITIES,Mista,mista,530c75b7-0741-4f58-be17-e1b211536c26,Stylis 1.67,VARILUX® ACTIVITIES DIGITAL Varilux Digitime mid Stylis 1.67,ocupacional,Resina High Index,1.67,false,false,true,3529.00,Pagina 20,Crizal Sapphire HR,Antirreflexo,final,3909.00,3909.00,-14.00,9.00,0.00,-6.00,1.00,3.50,DIGITAL,Varilux Digitime mid
Optilab,Optilab 06 de abril a 31 de julho de 2026,VARILUX® ACTIVITIES,Mista,mista,d1a69ccd-ec30-499e-814e-a32f4e6a1ebd,Stylis 1.67,VARILUX® ACTIVITIES DIGITAL Varilux Digitime mid Stylis 1.67,ocupacional,Resina High Index,1.67,false,false,true,3289.00,Pagina 20,Optifog,Antirreflexo,final,3529.00,3529.00,-14.00,9.00,0.00,-6.00,1.00,3.50,DIGITAL,Varilux Digitime mid
Optilab,Optilab 06 de abril a 31 de julho de 2026,VARILUX® ACTIVITIES,Mista,mista,530c75b7-0741-4f58-be17-e1b211536c26,Stylis 1.67,VARILUX® ACTIVITIES DIGITAL Varilux Digitime mid Stylis 1.67,ocupacional,Resina High Index,1.67,false,false,true,3529.00,Pagina 20,Optifog,Antirreflexo,final,3529.00,3529.00,-14.00,9.00,0.00,-6.00,1.00,3.50,DIGITAL,Varilux Digitime mid
Optilab,Optilab 06 de abril a 31 de julho de 2026,VARILUX® ACTIVITIES,Mista,mista,42ff4533-0989-4e60-8b06-771ec00daf2c,Airwear,VARILUX® ACTIVITIES DIGITAL Varilux Digitime near Airwear,ocupacional,Policarbonato,1.59,false,false,true,899.00,Pagina 20,Crizal Easy Pro,Antirreflexo,final,1299.00,1299.00,-10.00,6.00,0.00,-6.00,1.00,3.50,DIGITAL,Varilux Digitime near
Optilab,Optilab 06 de abril a 31 de julho de 2026,VARILUX® ACTIVITIES,Mista,mista,42ff4533-0989-4e60-8b06-771ec00daf2c,Airwear,VARILUX® ACTIVITIES DIGITAL Varilux Digitime near Airwear,ocupacional,Policarbonato,1.59,false,false,true,899.00,Pagina 20,Crizal Prevencia,Antirreflexo,final,1919.00,1919.00,-10.00,6.00,0.00,-6.00,1.00,3.50,DIGITAL,Varilux Digitime near
Optilab,Optilab 06 de abril a 31 de julho de 2026,VARILUX® ACTIVITIES,Mista,mista,42ff4533-0989-4e60-8b06-771ec00daf2c,Airwear,VARILUX® ACTIVITIES DIGITAL Varilux Digitime near Airwear,ocupacional,Policarbonato,1.59,false,false,true,899.00,Pagina 20,Crizal Rock,Antirreflexo,final,1649.00,1649.00,-10.00,6.00,0.00,-6.00,1.00,3.50,DIGITAL,Varilux Digitime near
Optilab,Optilab 06 de abril a 31 de julho de 2026,VARILUX® ACTIVITIES,Mista,mista,42ff4533-0989-4e60-8b06-771ec00daf2c,Airwear,VARILUX® ACTIVITIES DIGITAL Varilux Digitime near Airwear,ocupacional,Policarbonato,1.59,false,false,true,899.00,Pagina 20,Crizal Sapphire HR,Antirreflexo,final,1919.00,1919.00,-10.00,6.00,0.00,-6.00,1.00,3.50,DIGITAL,Varilux Digitime near
Optilab,Optilab 06 de abril a 31 de julho de 2026,VARILUX® ACTIVITIES,Mista,mista,42ff4533-0989-4e60-8b06-771ec00daf2c,Airwear,VARILUX® ACTIVITIES DIGITAL Varilux Digitime near Airwear,ocupacional,Policarbonato,1.59,false,false,true,899.00,Pagina 20,Optifog,Antirreflexo,final,1539.00,1539.00,-10.00,6.00,0.00,-6.00,1.00,3.50,DIGITAL,Varilux Digitime near
Optilab,Optilab 06 de abril a 31 de julho de 2026,VARILUX® ACTIVITIES,Mista,mista,42ff4533-0989-4e60-8b06-771ec00daf2c,Airwear,VARILUX® ACTIVITIES DIGITAL Varilux Digitime near Airwear,ocupacional,Policarbonato,1.59,false,false,true,899.00,Pagina 20,Trio Easy Clean,Antirreflexo,final,1099.00,1099.00,-10.00,6.00,0.00,-6.00,1.00,3.50,DIGITAL,Varilux Digitime near
Optilab,Optilab 06 de abril a 31 de julho de 2026,VARILUX® ACTIVITIES,Mista,mista,97fa441a-8f66-449b-b81d-e16457f3195e,Orma,VARILUX® ACTIVITIES DIGITAL Varilux Digitime near Orma,ocupacional,Resina,1.50,false,false,true,599.00,Pagina 20,Crizal Easy Pro,Antirreflexo,final,999.00,999.00,-10.00,6.00,0.00,-6.00,1.00,3.50,DIGITAL,Varilux Digitime near
Optilab,Optilab 06 de abril a 31 de julho de 2026,VARILUX® ACTIVITIES,Mista,mista,97fa441a-8f66-449b-b81d-e16457f3195e,Orma,VARILUX® ACTIVITIES DIGITAL Varilux Digitime near Orma,ocupacional,Resina,1.50,false,false,true,599.00,Pagina 20,Crizal Prevencia,Antirreflexo,final,1619.00,1619.00,-10.00,6.00,0.00,-6.00,1.00,3.50,DIGITAL,Varilux Digitime near
Optilab,Optilab 06 de abril a 31 de julho de 2026,VARILUX® ACTIVITIES,Mista,mista,97fa441a-8f66-449b-b81d-e16457f3195e,Orma,VARILUX® ACTIVITIES DIGITAL Varilux Digitime near Orma,ocupacional,Resina,1.50,false,false,true,599.00,Pagina 20,Crizal Rock,Antirreflexo,final,1349.00,1349.00,-10.00,6.00,0.00,-6.00,1.00,3.50,DIGITAL,Varilux Digitime near
Optilab,Optilab 06 de abril a 31 de julho de 2026,VARILUX® ACTIVITIES,Mista,mista,97fa441a-8f66-449b-b81d-e16457f3195e,Orma,VARILUX® ACTIVITIES DIGITAL Varilux Digitime near Orma,ocupacional,Resina,1.50,false,false,true,599.00,Pagina 20,Crizal Sapphire HR,Antirreflexo,final,1619.00,1619.00,-10.00,6.00,0.00,-6.00,1.00,3.50,DIGITAL,Varilux Digitime near
Optilab,Optilab 06 de abril a 31 de julho de 2026,VARILUX® ACTIVITIES,Mista,mista,97fa441a-8f66-449b-b81d-e16457f3195e,Orma,VARILUX® ACTIVITIES DIGITAL Varilux Digitime near Orma,ocupacional,Resina,1.50,false,false,true,599.00,Pagina 20,Optifog,Antirreflexo,final,1239.00,1239.00,-10.00,6.00,0.00,-6.00,1.00,3.50,DIGITAL,Varilux Digitime near
Optilab,Optilab 06 de abril a 31 de julho de 2026,VARILUX® ACTIVITIES,Mista,mista,97fa441a-8f66-449b-b81d-e16457f3195e,Orma,VARILUX® ACTIVITIES DIGITAL Varilux Digitime near Orma,ocupacional,Resina,1.50,false,false,true,599.00,Pagina 20,Trio Easy Clean,Antirreflexo,final,799.00,799.00,-10.00,6.00,0.00,-6.00,1.00,3.50,DIGITAL,Varilux Digitime near
Optilab,Optilab 06 de abril a 31 de julho de 2026,VARILUX® ACTIVITIES,Mista,mista,27498827-a672-44e8-8f30-be2a998cd3b4,Stylis 1.67,VARILUX® ACTIVITIES DIGITAL Varilux Digitime near Stylis 1.67,ocupacional,Resina High Index,1.67,false,false,true,3289.00,Pagina 20,Crizal Easy Pro,Antirreflexo,final,3289.00,3289.00,-14.00,9.00,0.00,-6.00,1.00,3.50,DIGITAL,Varilux Digitime near
Optilab,Optilab 06 de abril a 31 de julho de 2026,VARILUX® ACTIVITIES,Mista,mista,bc25c50a-e197-46ae-b56e-997f49926a9a,Stylis 1.67,VARILUX® ACTIVITIES DIGITAL Varilux Digitime near Stylis 1.67,ocupacional,Resina High Index,1.67,false,false,true,3529.00,Pagina 20,Crizal Easy Pro,Antirreflexo,final,3289.00,3289.00,-14.00,9.00,0.00,-6.00,1.00,3.50,DIGITAL,Varilux Digitime near
Optilab,Optilab 06 de abril a 31 de julho de 2026,VARILUX® ACTIVITIES,Mista,mista,27498827-a672-44e8-8f30-be2a998cd3b4,Stylis 1.67,VARILUX® ACTIVITIES DIGITAL Varilux Digitime near Stylis 1.67,ocupacional,Resina High Index,1.67,false,false,true,3289.00,Pagina 20,Crizal Prevencia,Antirreflexo,final,3909.00,3909.00,-14.00,9.00,0.00,-6.00,1.00,3.50,DIGITAL,Varilux Digitime near
Optilab,Optilab 06 de abril a 31 de julho de 2026,VARILUX® ACTIVITIES,Mista,mista,bc25c50a-e197-46ae-b56e-997f49926a9a,Stylis 1.67,VARILUX® ACTIVITIES DIGITAL Varilux Digitime near Stylis 1.67,ocupacional,Resina High Index,1.67,false,false,true,3529.00,Pagina 20,Crizal Prevencia,Antirreflexo,final,3909.00,3909.00,-14.00,9.00,0.00,-6.00,1.00,3.50,DIGITAL,Varilux Digitime near
Optilab,Optilab 06 de abril a 31 de julho de 2026,VARILUX® ACTIVITIES,Mista,mista,27498827-a672-44e8-8f30-be2a998cd3b4,Stylis 1.67,VARILUX® ACTIVITIES DIGITAL Varilux Digitime near Stylis 1.67,ocupacional,Resina High Index,1.67,false,false,true,3289.00,Pagina 20,Crizal Rock,Antirreflexo,final,3639.00,3639.00,-14.00,9.00,0.00,-6.00,1.00,3.50,DIGITAL,Varilux Digitime near
Optilab,Optilab 06 de abril a 31 de julho de 2026,VARILUX® ACTIVITIES,Mista,mista,bc25c50a-e197-46ae-b56e-997f49926a9a,Stylis 1.67,VARILUX® ACTIVITIES DIGITAL Varilux Digitime near Stylis 1.67,ocupacional,Resina High Index,1.67,false,false,true,3529.00,Pagina 20,Crizal Rock,Antirreflexo,final,3639.00,3639.00,-14.00,9.00,0.00,-6.00,1.00,3.50,DIGITAL,Varilux Digitime near
Optilab,Optilab 06 de abril a 31 de julho de 2026,VARILUX® ACTIVITIES,Mista,mista,bc25c50a-e197-46ae-b56e-997f49926a9a,Stylis 1.67,VARILUX® ACTIVITIES DIGITAL Varilux Digitime near Stylis 1.67,ocupacional,Resina High Index,1.67,false,false,true,3529.00,Pagina 20,Crizal Sapphire HR,Antirreflexo,final,3909.00,3909.00,-14.00,9.00,0.00,-6.00,1.00,3.50,DIGITAL,Varilux Digitime near
Optilab,Optilab 06 de abril a 31 de julho de 2026,VARILUX® ACTIVITIES,Mista,mista,27498827-a672-44e8-8f30-be2a998cd3b4,Stylis 1.67,VARILUX® ACTIVITIES DIGITAL Varilux Digitime near Stylis 1.67,ocupacional,Resina High Index,1.67,false,false,true,3289.00,Pagina 20,Crizal Sapphire HR,Antirreflexo,final,3909.00,3909.00,-14.00,9.00,0.00,-6.00,1.00,3.50,DIGITAL,Varilux Digitime near
Optilab,Optilab 06 de abril a 31 de julho de 2026,VARILUX® ACTIVITIES,Mista,mista,bc25c50a-e197-46ae-b56e-997f49926a9a,Stylis 1.67,VARILUX® ACTIVITIES DIGITAL Varilux Digitime near Stylis 1.67,ocupacional,Resina High Index,1.67,false,false,true,3529.00,Pagina 20,Optifog,Antirreflexo,final,3529.00,3529.00,-14.00,9.00,0.00,-6.00,1.00,3.50,DIGITAL,Varilux Digitime near
Optilab,Optilab 06 de abril a 31 de julho de 2026,VARILUX® ACTIVITIES,Mista,mista,27498827-a672-44e8-8f30-be2a998cd3b4,Stylis 1.67,VARILUX® ACTIVITIES DIGITAL Varilux Digitime near Stylis 1.67,ocupacional,Resina High Index,1.67,false,false,true,3289.00,Pagina 20,Optifog,Antirreflexo,final,3529.00,3529.00,-14.00,9.00,0.00,-6.00,1.00,3.50,DIGITAL,Varilux Digitime near
Optilab,Optilab 06 de abril a 31 de julho de 2026,VARILUX® ACTIVITIES,Mista,mista,4b96f1dd-f0da-4781-8ed7-a3cc439b6b20,Airwear + Xperio cinza/marrom,VARILUX® ACTIVITIES DIGITAL Varilux Roadpilot Airwear + Xperio cinza/marrom,ocupacional,Policarbonato,1.59,false,false,true,2379.00,Pagina 20,Crizal Sapphire HR,Antirreflexo,final,2379.00,2379.00,-10.00,6.00,0.00,-6.00,1.00,3.50,DIGITAL,Varilux Roadpilot
Optilab,Optilab 06 de abril a 31 de julho de 2026,VARILUX® ACTIVITIES,Mista,mista,c7691bf6-7c95-47ff-84a8-efe6c442bb55,Airwear + Xperio cinza/marrom,VARILUX® ACTIVITIES DIGITAL Varilux Roadpilot Airwear + Xperio cinza/marrom,ocupacional,Policarbonato,1.59,false,false,true,1719.00,Pagina 20,Crizal Sapphire HR,Antirreflexo,final,2379.00,2379.00,-10.00,6.00,0.00,-6.00,1.00,3.50,DIGITAL,Varilux Roadpilot
Optilab,Optilab 06 de abril a 31 de julho de 2026,VARILUX® ACTIVITIES,Mista,mista,640f85a9-9b54-4aa7-8c43-2028188e897e,Orma DAY & NIGHT,VARILUX® ACTIVITIES DIGITAL Varilux Roadpilot Orma DAY & NIGHT,ocupacional,Resina,1.50,false,false,true,929.00,Pagina 20,Verniz Hc,Revestimento,final,929.00,929.00,-10.00,6.00,0.00,-6.00,1.00,3.50,DIGITAL,Varilux Roadpilot
Optilab,Optilab 06 de abril a 31 de julho de 2026,VARILUX® ACTIVITIES,Mista,mista,1e6462b1-27fb-4bca-8844-82e44b9805cf,Airwear,VARILUX® ACTIVITIES DIGITAL Varilux Sport / Sportwrap Airwear,ocupacional,Policarbonato,1.59,false,false,true,1379.00,Pagina 20,Crizal Easy Pro,Antirreflexo,final,1379.00,1379.00,-8.00,6.00,0.00,-6.00,1.00,3.50,DIGITAL,Varilux Sport / Sportwrap
Optilab,Optilab 06 de abril a 31 de julho de 2026,VARILUX® ACTIVITIES,Mista,mista,9bab5deb-12fc-45d3-b10e-17a3b46b696b,Airwear,VARILUX® ACTIVITIES DIGITAL Varilux Sport / Sportwrap Airwear,ocupacional,Policarbonato,1.59,false,false,true,1619.00,Pagina 20,Crizal Easy Pro,Antirreflexo,final,1379.00,1379.00,-8.00,6.00,0.00,-6.00,1.00,3.50,DIGITAL,Varilux Sport / Sportwrap
Optilab,Optilab 06 de abril a 31 de julho de 2026,VARILUX® ACTIVITIES,Mista,mista,1e6462b1-27fb-4bca-8844-82e44b9805cf,Airwear,VARILUX® ACTIVITIES DIGITAL Varilux Sport / Sportwrap Airwear,ocupacional,Policarbonato,1.59,false,false,true,1379.00,Pagina 20,Crizal Prevencia,Antirreflexo,final,1999.00,1999.00,-8.00,6.00,0.00,-6.00,1.00,3.50,DIGITAL,Varilux Sport / Sportwrap
Optilab,Optilab 06 de abril a 31 de julho de 2026,VARILUX® ACTIVITIES,Mista,mista,9bab5deb-12fc-45d3-b10e-17a3b46b696b,Airwear,VARILUX® ACTIVITIES DIGITAL Varilux Sport / Sportwrap Airwear,ocupacional,Policarbonato,1.59,false,false,true,1619.00,Pagina 20,Crizal Prevencia,Antirreflexo,final,1999.00,1999.00,-8.00,6.00,0.00,-6.00,1.00,3.50,DIGITAL,Varilux Sport / Sportwrap
Optilab,Optilab 06 de abril a 31 de julho de 2026,VARILUX® ACTIVITIES,Mista,mista,1e6462b1-27fb-4bca-8844-82e44b9805cf,Airwear,VARILUX® ACTIVITIES DIGITAL Varilux Sport / Sportwrap Airwear,ocupacional,Policarbonato,1.59,false,false,true,1379.00,Pagina 20,Crizal Rock,Antirreflexo,final,1729.00,1729.00,-8.00,6.00,0.00,-6.00,1.00,3.50,DIGITAL,Varilux Sport / Sportwrap
Optilab,Optilab 06 de abril a 31 de julho de 2026,VARILUX® ACTIVITIES,Mista,mista,9bab5deb-12fc-45d3-b10e-17a3b46b696b,Airwear,VARILUX® ACTIVITIES DIGITAL Varilux Sport / Sportwrap Airwear,ocupacional,Policarbonato,1.59,false,false,true,1619.00,Pagina 20,Crizal Rock,Antirreflexo,final,1729.00,1729.00,-8.00,6.00,0.00,-6.00,1.00,3.50,DIGITAL,Varilux Sport / Sportwrap
Optilab,Optilab 06 de abril a 31 de julho de 2026,VARILUX® ACTIVITIES,Mista,mista,1e6462b1-27fb-4bca-8844-82e44b9805cf,Airwear,VARILUX® ACTIVITIES DIGITAL Varilux Sport / Sportwrap Airwear,ocupacional,Policarbonato,1.59,false,false,true,1379.00,Pagina 20,Crizal Sapphire HR,Antirreflexo,final,1999.00,1999.00,-8.00,6.00,0.00,-6.00,1.00,3.50,DIGITAL,Varilux Sport / Sportwrap
Optilab,Optilab 06 de abril a 31 de julho de 2026,VARILUX® ACTIVITIES,Mista,mista,9bab5deb-12fc-45d3-b10e-17a3b46b696b,Airwear,VARILUX® ACTIVITIES DIGITAL Varilux Sport / Sportwrap Airwear,ocupacional,Policarbonato,1.59,false,false,true,1619.00,Pagina 20,Crizal Sapphire HR,Antirreflexo,final,1999.00,1999.00,-8.00,6.00,0.00,-6.00,1.00,3.50,DIGITAL,Varilux Sport / Sportwrap
Optilab,Optilab 06 de abril a 31 de julho de 2026,VARILUX® ACTIVITIES,Mista,mista,9bab5deb-12fc-45d3-b10e-17a3b46b696b,Airwear,VARILUX® ACTIVITIES DIGITAL Varilux Sport / Sportwrap Airwear,ocupacional,Policarbonato,1.59,false,false,true,1619.00,Pagina 20,Optifog,Antirreflexo,final,1619.00,1619.00,-8.00,6.00,0.00,-6.00,1.00,3.50,DIGITAL,Varilux Sport / Sportwrap
Optilab,Optilab 06 de abril a 31 de julho de 2026,VARILUX® ACTIVITIES,Mista,mista,1e6462b1-27fb-4bca-8844-82e44b9805cf,Airwear,VARILUX® ACTIVITIES DIGITAL Varilux Sport / Sportwrap Airwear,ocupacional,Policarbonato,1.59,false,false,true,1379.00,Pagina 20,Optifog,Antirreflexo,final,1619.00,1619.00,-8.00,6.00,0.00,-6.00,1.00,3.50,DIGITAL,Varilux Sport / Sportwrap
Optilab,Optilab 06 de abril a 31 de julho de 2026,VARILUX® ACTIVITIES,Mista,mista,02e8267d-9076-43c3-9990-693b00faf354,Airwear + Transitions Gen S,VARILUX® ACTIVITIES DIGITAL Varilux Sport / Sportwrap Airwear + Transitions Gen S,ocupacional,Policarbonato,1.59,false,false,true,2479.00,Pagina 20,Crizal Easy Pro,Antirreflexo,final,2479.00,2479.00,-8.00,6.00,0.00,-6.00,1.00,3.50,DIGITAL,Varilux Sport / Sportwrap
Optilab,Optilab 06 de abril a 31 de julho de 2026,VARILUX® ACTIVITIES,Mista,mista,3e47685e-97f7-4088-9d2c-26302e8b1bd0,Airwear + Transitions Gen S,VARILUX® ACTIVITIES DIGITAL Varilux Sport / Sportwrap Airwear + Transitions Gen S,ocupacional,Policarbonato,1.59,false,false,true,2719.00,Pagina 20,Crizal Easy Pro,Antirreflexo,final,2479.00,2479.00,-8.00,6.00,0.00,-6.00,1.00,3.50,DIGITAL,Varilux Sport / Sportwrap
Optilab,Optilab 06 de abril a 31 de julho de 2026,VARILUX® ACTIVITIES,Mista,mista,3e47685e-97f7-4088-9d2c-26302e8b1bd0,Airwear + Transitions Gen S,VARILUX® ACTIVITIES DIGITAL Varilux Sport / Sportwrap Airwear + Transitions Gen S,ocupacional,Policarbonato,1.59,false,false,true,2719.00,Pagina 20,Crizal Prevencia,Antirreflexo,final,3099.00,3099.00,-8.00,6.00,0.00,-6.00,1.00,3.50,DIGITAL,Varilux Sport / Sportwrap
Optilab,Optilab 06 de abril a 31 de julho de 2026,VARILUX® ACTIVITIES,Mista,mista,02e8267d-9076-43c3-9990-693b00faf354,Airwear + Transitions Gen S,VARILUX® ACTIVITIES DIGITAL Varilux Sport / Sportwrap Airwear + Transitions Gen S,ocupacional,Policarbonato,1.59,false,false,true,2479.00,Pagina 20,Crizal Prevencia,Antirreflexo,final,3099.00,3099.00,-8.00,6.00,0.00,-6.00,1.00,3.50,DIGITAL,Varilux Sport / Sportwrap
Optilab,Optilab 06 de abril a 31 de julho de 2026,VARILUX® ACTIVITIES,Mista,mista,3e47685e-97f7-4088-9d2c-26302e8b1bd0,Airwear + Transitions Gen S,VARILUX® ACTIVITIES DIGITAL Varilux Sport / Sportwrap Airwear + Transitions Gen S,ocupacional,Policarbonato,1.59,false,false,true,2719.00,Pagina 20,Crizal Rock,Antirreflexo,final,2829.00,2829.00,-8.00,6.00,0.00,-6.00,1.00,3.50,DIGITAL,Varilux Sport / Sportwrap
Optilab,Optilab 06 de abril a 31 de julho de 2026,VARILUX® ACTIVITIES,Mista,mista,02e8267d-9076-43c3-9990-693b00faf354,Airwear + Transitions Gen S,VARILUX® ACTIVITIES DIGITAL Varilux Sport / Sportwrap Airwear + Transitions Gen S,ocupacional,Policarbonato,1.59,false,false,true,2479.00,Pagina 20,Crizal Rock,Antirreflexo,final,2829.00,2829.00,-8.00,6.00,0.00,-6.00,1.00,3.50,DIGITAL,Varilux Sport / Sportwrap
Optilab,Optilab 06 de abril a 31 de julho de 2026,VARILUX® ACTIVITIES,Mista,mista,3e47685e-97f7-4088-9d2c-26302e8b1bd0,Airwear + Transitions Gen S,VARILUX® ACTIVITIES DIGITAL Varilux Sport / Sportwrap Airwear + Transitions Gen S,ocupacional,Policarbonato,1.59,false,false,true,2719.00,Pagina 20,Crizal Sapphire HR,Antirreflexo,final,3099.00,3099.00,-8.00,6.00,0.00,-6.00,1.00,3.50,DIGITAL,Varilux Sport / Sportwrap
Optilab,Optilab 06 de abril a 31 de julho de 2026,VARILUX® ACTIVITIES,Mista,mista,02e8267d-9076-43c3-9990-693b00faf354,Airwear + Transitions Gen S,VARILUX® ACTIVITIES DIGITAL Varilux Sport / Sportwrap Airwear + Transitions Gen S,ocupacional,Policarbonato,1.59,false,false,true,2479.00,Pagina 20,Crizal Sapphire HR,Antirreflexo,final,3099.00,3099.00,-8.00,6.00,0.00,-6.00,1.00,3.50,DIGITAL,Varilux Sport / Sportwrap
Optilab,Optilab 06 de abril a 31 de julho de 2026,VARILUX® ACTIVITIES,Mista,mista,02e8267d-9076-43c3-9990-693b00faf354,Airwear + Transitions Gen S,VARILUX® ACTIVITIES DIGITAL Varilux Sport / Sportwrap Airwear + Transitions Gen S,ocupacional,Policarbonato,1.59,false,false,true,2479.00,Pagina 20,Optifog,Antirreflexo,final,2719.00,2719.00,-8.00,6.00,0.00,-6.00,1.00,3.50,DIGITAL,Varilux Sport / Sportwrap
Optilab,Optilab 06 de abril a 31 de julho de 2026,VARILUX® ACTIVITIES,Mista,mista,3e47685e-97f7-4088-9d2c-26302e8b1bd0,Airwear + Transitions Gen S,VARILUX® ACTIVITIES DIGITAL Varilux Sport / Sportwrap Airwear + Transitions Gen S,ocupacional,Policarbonato,1.59,false,false,true,2719.00,Pagina 20,Optifog,Antirreflexo,final,2719.00,2719.00,-8.00,6.00,0.00,-6.00,1.00,3.50,DIGITAL,Varilux Sport / Sportwrap
Optilab,Optilab 06 de abril a 31 de julho de 2026,VARILUX® ACTIVITIES,Mista,mista,232fa299-ef19-4449-8b97-1c5f042b8a1a,Airwear + Xperio cinza/marrom,VARILUX® ACTIVITIES DIGITAL Varilux Sport / Sportwrap Airwear + Xperio cinza/marrom,ocupacional,Policarbonato,1.59,false,false,true,2309.00,Pagina 20,Crizal Sapphire HR,Antirreflexo,final,2329.00,2329.00,-8.00,6.00,0.00,-6.00,1.00,3.50,DIGITAL,Varilux Sport / Sportwrap
Optilab,Optilab 06 de abril a 31 de julho de 2026,VARILUX® ACTIVITIES,Mista,mista,696bd742-4c9a-4c51-a8f5-8fdb2b90a94e,Airwear + Xperio cinza/marrom,VARILUX® ACTIVITIES DIGITAL Varilux Sport / Sportwrap Airwear + Xperio cinza/marrom,ocupacional,Policarbonato,1.59,false,false,true,1669.00,Pagina 20,Crizal Sapphire HR,Antirreflexo,final,2329.00,2329.00,-8.00,6.00,0.00,-6.00,1.00,3.50,DIGITAL,Varilux Sport / Sportwrap
Optilab,Optilab 06 de abril a 31 de julho de 2026,VARILUX® ACTIVITIES,Mista,mista,232fa299-ef19-4449-8b97-1c5f042b8a1a,Airwear + Xperio cinza/marrom,VARILUX® ACTIVITIES DIGITAL Varilux Sport / Sportwrap Airwear + Xperio cinza/marrom,ocupacional,Policarbonato,1.59,false,false,true,2309.00,Pagina 20,Optifog,Antirreflexo,final,2309.00,2309.00,-8.00,6.00,0.00,-6.00,1.00,3.50,DIGITAL,Varilux Sport / Sportwrap
Optilab,Optilab 06 de abril a 31 de julho de 2026,VARILUX® ACTIVITIES,Mista,mista,696bd742-4c9a-4c51-a8f5-8fdb2b90a94e,Airwear + Xperio cinza/marrom,VARILUX® ACTIVITIES DIGITAL Varilux Sport / Sportwrap Airwear + Xperio cinza/marrom,ocupacional,Policarbonato,1.59,false,false,true,1669.00,Pagina 20,Optifog,Antirreflexo,final,2309.00,2309.00,-8.00,6.00,0.00,-6.00,1.00,3.50,DIGITAL,Varilux Sport / Sportwrap
Optilab,Optilab 06 de abril a 31 de julho de 2026,VARILUX® COMFORT,Progressiva,multifocal,a3d83631-fc19-48bf-afc7-ee7d0411ff39,Airwear + Coloração especial,VARILUX® COMFORT COLORAÇÃO Airwear + Coloração especial,multifocal,Policarbonato,1.59,false,false,true,2089.00,Pagina 18,Verniz Hc,Revestimento,final,2089.00,2089.00,-10.00,6.00,0.00,-6.00,1.00,3.50,COLORAÇÃO,null
Optilab,Optilab 06 de abril a 31 de julho de 2026,VARILUX® COMFORT,Progressiva,multifocal,ee71ad0b-c4e2-487a-808b-4128faf875e0,Airwear + Coloração padrão,VARILUX® COMFORT COLORAÇÃO Airwear + Coloração padrão,multifocal,Policarbonato,1.59,false,false,true,1979.00,Pagina 18,Verniz Hc,Revestimento,final,1979.00,1979.00,-10.00,6.00,0.00,-6.00,1.00,3.50,COLORAÇÃO,null
Optilab,Optilab 06 de abril a 31 de julho de 2026,VARILUX® COMFORT,Progressiva,multifocal,a71f76a6-e039-4c51-a821-3cda10d052d5,Orma + Coloração especial,VARILUX® COMFORT COLORAÇÃO Orma + Coloração especial,multifocal,Resina,1.50,false,false,true,1789.00,Pagina 18,Verniz Hc,Revestimento,final,1789.00,1789.00,-10.00,6.00,0.00,-6.00,1.00,3.50,COLORAÇÃO,null
Optilab,Optilab 06 de abril a 31 de julho de 2026,VARILUX® COMFORT,Progressiva,multifocal,9108259f-66f4-4bbf-b588-37366c4bcbe4,Orma + Coloração padrão,VARILUX® COMFORT COLORAÇÃO Orma + Coloração padrão,multifocal,Resina,1.50,false,false,true,1679.00,Pagina 18,Verniz Hc,Revestimento,final,1679.00,1679.00,-10.00,6.00,0.00,-6.00,1.00,3.50,COLORAÇÃO,null
Optilab,Optilab 06 de abril a 31 de julho de 2026,VARILUX® COMFORT,Progressiva,multifocal,c730e3ff-52e6-498b-96dd-935a9930be0c,Airwear,VARILUX® COMFORT DIGITAL Airwear,multifocal,Policarbonato,1.59,false,false,true,1799.00,Pagina 17,Crizal Easy Pro,Antirreflexo,final,2199.00,2199.00,-12.00,7.00,0.00,-6.00,0.75,3.50,DIGITAL,null
Optilab,Optilab 06 de abril a 31 de julho de 2026,VARILUX® COMFORT,Progressiva,multifocal,65b7abc3-7d07-4a11-9163-ab5425318f78,Airwear,VARILUX® COMFORT DIGITAL Airwear,multifocal,Policarbonato,1.59,false,false,true,2199.00,Pagina 17,Crizal Easy Pro,Antirreflexo,final,2819.00,2819.00,-12.00,7.00,0.00,-6.00,0.75,3.50,DIGITAL,null
Optilab,Optilab 06 de abril a 31 de julho de 2026,VARILUX® COMFORT,Progressiva,multifocal,c730e3ff-52e6-498b-96dd-935a9930be0c,Airwear,VARILUX® COMFORT DIGITAL Airwear,multifocal,Policarbonato,1.59,false,false,true,1799.00,Pagina 17,Crizal Prevencia,Antirreflexo,final,2819.00,2819.00,-12.00,7.00,0.00,-6.00,0.75,3.50,DIGITAL,null
Optilab,Optilab 06 de abril a 31 de julho de 2026,VARILUX® COMFORT,Progressiva,multifocal,c730e3ff-52e6-498b-96dd-935a9930be0c,Airwear,VARILUX® COMFORT DIGITAL Airwear,multifocal,Policarbonato,1.59,false,false,true,1799.00,Pagina 17,Crizal Rock,Antirreflexo,final,2549.00,2549.00,-12.00,7.00,0.00,-6.00,0.75,3.50,DIGITAL,null
Optilab,Optilab 06 de abril a 31 de julho de 2026,VARILUX® COMFORT,Progressiva,multifocal,c730e3ff-52e6-498b-96dd-935a9930be0c,Airwear,VARILUX® COMFORT DIGITAL Airwear,multifocal,Policarbonato,1.59,false,false,true,1799.00,Pagina 17,Crizal Sapphire HR,Antirreflexo,final,2819.00,2819.00,-12.00,7.00,0.00,-6.00,0.75,3.50,DIGITAL,null
Optilab,Optilab 06 de abril a 31 de julho de 2026,VARILUX® COMFORT,Progressiva,multifocal,c730e3ff-52e6-498b-96dd-935a9930be0c,Airwear,VARILUX® COMFORT DIGITAL Airwear,multifocal,Policarbonato,1.59,false,false,true,1799.00,Pagina 17,Optifog,Antirreflexo,final,2439.00,2439.00,-12.00,7.00,0.00,-6.00,0.75,3.50,DIGITAL,null
Optilab,Optilab 06 de abril a 31 de julho de 2026,VARILUX® COMFORT,Progressiva,multifocal,65b7abc3-7d07-4a11-9163-ab5425318f78,Airwear,VARILUX® COMFORT DIGITAL Airwear,multifocal,Policarbonato,1.59,false,false,true,2199.00,Pagina 17,Optifog,Antirreflexo,final,2819.00,2819.00,-12.00,7.00,0.00,-6.00,0.75,3.50,DIGITAL,null
Optilab,Optilab 06 de abril a 31 de julho de 2026,VARILUX® COMFORT,Progressiva,multifocal,c730e3ff-52e6-498b-96dd-935a9930be0c,Airwear,VARILUX® COMFORT DIGITAL Airwear,multifocal,Policarbonato,1.59,false,false,true,1799.00,Pagina 17,Trio Easy Clean,Antirreflexo,final,1999.00,1999.00,-12.00,7.00,0.00,-6.00,0.75,3.50,DIGITAL,null
Optilab,Optilab 06 de abril a 31 de julho de 2026,VARILUX® COMFORT,Progressiva,multifocal,65b7abc3-7d07-4a11-9163-ab5425318f78,Airwear,VARILUX® COMFORT DIGITAL Airwear,multifocal,Policarbonato,1.59,false,false,true,2199.00,Pagina 17,Trio Easy Clean,Antirreflexo,final,2549.00,2549.00,-12.00,7.00,0.00,-6.00,0.75,3.50,DIGITAL,null
Optilab,Optilab 06 de abril a 31 de julho de 2026,VARILUX® COMFORT,Progressiva,multifocal,c730e3ff-52e6-498b-96dd-935a9930be0c,Airwear,VARILUX® COMFORT DIGITAL Airwear,multifocal,Policarbonato,1.59,false,false,true,1799.00,Pagina 17,Verniz Hc,Revestimento,final,1799.00,1799.00,-12.00,7.00,0.00,-6.00,0.75,3.50,DIGITAL,null
Optilab,Optilab 06 de abril a 31 de julho de 2026,VARILUX® COMFORT,Progressiva,multifocal,65b7abc3-7d07-4a11-9163-ab5425318f78,Airwear,VARILUX® COMFORT DIGITAL Airwear,multifocal,Policarbonato,1.59,false,false,true,2199.00,Pagina 17,Verniz Hc,Revestimento,final,2199.00,2199.00,-12.00,7.00,0.00,-6.00,0.75,3.50,DIGITAL,null
Optilab,Optilab 06 de abril a 31 de julho de 2026,VARILUX® COMFORT,Progressiva,multifocal,113fbb2a-2453-4ae1-b108-3ba95d1a0967,Airwear + Transitions Extractive,VARILUX® COMFORT DIGITAL Airwear + Transitions Extractive,multifocal,Policarbonato,1.59,false,false,true,3329.00,Pagina 17,Crizal Easy Pro,Antirreflexo,final,3949.00,3949.00,-12.00,7.00,0.00,-6.00,0.75,3.50,DIGITAL,null
Optilab,Optilab 06 de abril a 31 de julho de 2026,VARILUX® COMFORT,Progressiva,multifocal,01cb4357-6168-4334-a151-df06105d3e93,Airwear + Transitions Extractive,VARILUX® COMFORT DIGITAL Airwear + Transitions Extractive,multifocal,Policarbonato,1.59,false,false,true,2929.00,Pagina 17,Crizal Easy Pro,Antirreflexo,final,3329.00,3329.00,-12.00,7.00,0.00,-6.00,0.75,3.50,DIGITAL,null
Optilab,Optilab 06 de abril a 31 de julho de 2026,VARILUX® COMFORT,Progressiva,multifocal,01cb4357-6168-4334-a151-df06105d3e93,Airwear + Transitions Extractive,VARILUX® COMFORT DIGITAL Airwear + Transitions Extractive,multifocal,Policarbonato,1.59,false,false,true,2929.00,Pagina 17,Crizal Prevencia,Antirreflexo,final,3949.00,3949.00,-12.00,7.00,0.00,-6.00,0.75,3.50,DIGITAL,null
Optilab,Optilab 06 de abril a 31 de julho de 2026,VARILUX® COMFORT,Progressiva,multifocal,01cb4357-6168-4334-a151-df06105d3e93,Airwear + Transitions Extractive,VARILUX® COMFORT DIGITAL Airwear + Transitions Extractive,multifocal,Policarbonato,1.59,false,false,true,2929.00,Pagina 17,Crizal Rock,Antirreflexo,final,3679.00,3679.00,-12.00,7.00,0.00,-6.00,0.75,3.50,DIGITAL,null
Optilab,Optilab 06 de abril a 31 de julho de 2026,VARILUX® COMFORT,Progressiva,multifocal,01cb4357-6168-4334-a151-df06105d3e93,Airwear + Transitions Extractive,VARILUX® COMFORT DIGITAL Airwear + Transitions Extractive,multifocal,Policarbonato,1.59,false,false,true,2929.00,Pagina 17,Crizal Sapphire HR,Antirreflexo,final,3949.00,3949.00,-12.00,7.00,0.00,-6.00,0.75,3.50,DIGITAL,null
Optilab,Optilab 06 de abril a 31 de julho de 2026,VARILUX® COMFORT,Progressiva,multifocal,113fbb2a-2453-4ae1-b108-3ba95d1a0967,Airwear + Transitions Extractive,VARILUX® COMFORT DIGITAL Airwear + Transitions Extractive,multifocal,Policarbonato,1.59,false,false,true,3329.00,Pagina 17,Optifog,Antirreflexo,final,3949.00,3949.00,-12.00,7.00,0.00,-6.00,0.75,3.50,DIGITAL,null
Optilab,Optilab 06 de abril a 31 de julho de 2026,VARILUX® COMFORT,Progressiva,multifocal,01cb4357-6168-4334-a151-df06105d3e93,Airwear + Transitions Extractive,VARILUX® COMFORT DIGITAL Airwear + Transitions Extractive,multifocal,Policarbonato,1.59,false,false,true,2929.00,Pagina 17,Optifog,Antirreflexo,final,3569.00,3569.00,-12.00,7.00,0.00,-6.00,0.75,3.50,DIGITAL,null
Optilab,Optilab 06 de abril a 31 de julho de 2026,VARILUX® COMFORT,Progressiva,multifocal,113fbb2a-2453-4ae1-b108-3ba95d1a0967,Airwear + Transitions Extractive,VARILUX® COMFORT DIGITAL Airwear + Transitions Extractive,multifocal,Policarbonato,1.59,false,false,true,3329.00,Pagina 17,Trio Easy Clean,Antirreflexo,final,3679.00,3679.00,-12.00,7.00,0.00,-6.00,0.75,3.50,DIGITAL,null
Optilab,Optilab 06 de abril a 31 de julho de 2026,VARILUX® COMFORT,Progressiva,multifocal,01cb4357-6168-4334-a151-df06105d3e93,Airwear + Transitions Extractive,VARILUX® COMFORT DIGITAL Airwear + Transitions Extractive,multifocal,Policarbonato,1.59,false,false,true,2929.00,Pagina 17,Trio Easy Clean,Antirreflexo,final,3129.00,3129.00,-12.00,7.00,0.00,-6.00,0.75,3.50,DIGITAL,null
Optilab,Optilab 06 de abril a 31 de julho de 2026,VARILUX® COMFORT,Progressiva,multifocal,01cb4357-6168-4334-a151-df06105d3e93,Airwear + Transitions Extractive,VARILUX® COMFORT DIGITAL Airwear + Transitions Extractive,multifocal,Policarbonato,1.59,false,false,true,2929.00,Pagina 17,Verniz Hc,Revestimento,final,2929.00,2929.00,-12.00,7.00,0.00,-6.00,0.75,3.50,DIGITAL,null
Optilab,Optilab 06 de abril a 31 de julho de 2026,VARILUX® COMFORT,Progressiva,multifocal,113fbb2a-2453-4ae1-b108-3ba95d1a0967,Airwear + Transitions Extractive,VARILUX® COMFORT DIGITAL Airwear + Transitions Extractive,multifocal,Policarbonato,1.59,false,false,true,3329.00,Pagina 17,Verniz Hc,Revestimento,final,3329.00,3329.00,-12.00,7.00,0.00,-6.00,0.75,3.50,DIGITAL,null
Optilab,Optilab 06 de abril a 31 de julho de 2026,VARILUX® COMFORT,Progressiva,multifocal,713dc4a0-6172-474e-befa-86fc3a554179,Airwear + Transitions Gen S,VARILUX® COMFORT DIGITAL Airwear + Transitions Gen S,multifocal,Policarbonato,1.59,false,false,true,2899.00,Pagina 17,Crizal Easy Pro,Antirreflexo,final,3299.00,3299.00,-12.00,7.00,0.00,-6.00,0.75,3.50,DIGITAL,null
Optilab,Optilab 06 de abril a 31 de julho de 2026,VARILUX® COMFORT,Progressiva,multifocal,d48b6109-d558-455d-88f8-ca31e38133b0,Airwear + Transitions Gen S,VARILUX® COMFORT DIGITAL Airwear + Transitions Gen S,multifocal,Policarbonato,1.59,false,false,true,3299.00,Pagina 17,Crizal Easy Pro,Antirreflexo,final,3919.00,3919.00,-12.00,7.00,0.00,-6.00,0.75,3.50,DIGITAL,null
Optilab,Optilab 06 de abril a 31 de julho de 2026,VARILUX® COMFORT,Progressiva,multifocal,713dc4a0-6172-474e-befa-86fc3a554179,Airwear + Transitions Gen S,VARILUX® COMFORT DIGITAL Airwear + Transitions Gen S,multifocal,Policarbonato,1.59,false,false,true,2899.00,Pagina 17,Crizal Prevencia,Antirreflexo,final,3919.00,3919.00,-12.00,7.00,0.00,-6.00,0.75,3.50,DIGITAL,null
Optilab,Optilab 06 de abril a 31 de julho de 2026,VARILUX® COMFORT,Progressiva,multifocal,713dc4a0-6172-474e-befa-86fc3a554179,Airwear + Transitions Gen S,VARILUX® COMFORT DIGITAL Airwear + Transitions Gen S,multifocal,Policarbonato,1.59,false,false,true,2899.00,Pagina 17,Crizal Rock,Antirreflexo,final,3649.00,3649.00,-12.00,7.00,0.00,-6.00,0.75,3.50,DIGITAL,null
Optilab,Optilab 06 de abril a 31 de julho de 2026,VARILUX® COMFORT,Progressiva,multifocal,713dc4a0-6172-474e-befa-86fc3a554179,Airwear + Transitions Gen S,VARILUX® COMFORT DIGITAL Airwear + Transitions Gen S,multifocal,Policarbonato,1.59,false,false,true,2899.00,Pagina 17,Crizal Sapphire HR,Antirreflexo,final,3919.00,3919.00,-12.00,7.00,0.00,-6.00,0.75,3.50,DIGITAL,null
Optilab,Optilab 06 de abril a 31 de julho de 2026,VARILUX® COMFORT,Progressiva,multifocal,713dc4a0-6172-474e-befa-86fc3a554179,Airwear + Transitions Gen S,VARILUX® COMFORT DIGITAL Airwear + Transitions Gen S,multifocal,Policarbonato,1.59,false,false,true,2899.00,Pagina 17,Optifog,Antirreflexo,final,3539.00,3539.00,-12.00,7.00,0.00,-6.00,0.75,3.50,DIGITAL,null
Optilab,Optilab 06 de abril a 31 de julho de 2026,VARILUX® COMFORT,Progressiva,multifocal,d48b6109-d558-455d-88f8-ca31e38133b0,Airwear + Transitions Gen S,VARILUX® COMFORT DIGITAL Airwear + Transitions Gen S,multifocal,Policarbonato,1.59,false,false,true,3299.00,Pagina 17,Optifog,Antirreflexo,final,3919.00,3919.00,-12.00,7.00,0.00,-6.00,0.75,3.50,DIGITAL,null
Optilab,Optilab 06 de abril a 31 de julho de 2026,VARILUX® COMFORT,Progressiva,multifocal,713dc4a0-6172-474e-befa-86fc3a554179,Airwear + Transitions Gen S,VARILUX® COMFORT DIGITAL Airwear + Transitions Gen S,multifocal,Policarbonato,1.59,false,false,true,2899.00,Pagina 17,Trio Easy Clean,Antirreflexo,final,3099.00,3099.00,-12.00,7.00,0.00,-6.00,0.75,3.50,DIGITAL,null
Optilab,Optilab 06 de abril a 31 de julho de 2026,VARILUX® COMFORT,Progressiva,multifocal,d48b6109-d558-455d-88f8-ca31e38133b0,Airwear + Transitions Gen S,VARILUX® COMFORT DIGITAL Airwear + Transitions Gen S,multifocal,Policarbonato,1.59,false,false,true,3299.00,Pagina 17,Trio Easy Clean,Antirreflexo,final,3649.00,3649.00,-12.00,7.00,0.00,-6.00,0.75,3.50,DIGITAL,null
Optilab,Optilab 06 de abril a 31 de julho de 2026,VARILUX® COMFORT,Progressiva,multifocal,713dc4a0-6172-474e-befa-86fc3a554179,Airwear + Transitions Gen S,VARILUX® COMFORT DIGITAL Airwear + Transitions Gen S,multifocal,Policarbonato,1.59,false,false,true,2899.00,Pagina 17,Verniz Hc,Revestimento,final,2899.00,2899.00,-12.00,7.00,0.00,-6.00,0.75,3.50,DIGITAL,null
Optilab,Optilab 06 de abril a 31 de julho de 2026,VARILUX® COMFORT,Progressiva,multifocal,d48b6109-d558-455d-88f8-ca31e38133b0,Airwear + Transitions Gen S,VARILUX® COMFORT DIGITAL Airwear + Transitions Gen S,multifocal,Policarbonato,1.59,false,false,true,3299.00,Pagina 17,Verniz Hc,Revestimento,final,3299.00,3299.00,-12.00,7.00,0.00,-6.00,0.75,3.50,DIGITAL,null
Optilab,Optilab 06 de abril a 31 de julho de 2026,VARILUX® COMFORT,Progressiva,multifocal,9f5f82df-4522-41fc-99a7-4156cd00b8ca,Orma,VARILUX® COMFORT DIGITAL Orma,multifocal,Resina,1.50,false,false,true,1899.00,Pagina 17,Crizal Easy Pro,Antirreflexo,final,2519.00,2519.00,-11.00,7.00,0.00,-6.00,0.75,3.50,DIGITAL,null
Optilab,Optilab 06 de abril a 31 de julho de 2026,VARILUX® COMFORT,Progressiva,multifocal,33906a77-dd17-4f5e-928a-d0e2aa8bb7bc,Orma,VARILUX® COMFORT DIGITAL Orma,multifocal,Resina,1.50,false,false,true,1499.00,Pagina 17,Crizal Easy Pro,Antirreflexo,final,1899.00,1899.00,-11.00,7.00,0.00,-6.00,0.75,3.50,DIGITAL,null
Optilab,Optilab 06 de abril a 31 de julho de 2026,VARILUX® COMFORT,Progressiva,multifocal,33906a77-dd17-4f5e-928a-d0e2aa8bb7bc,Orma,VARILUX® COMFORT DIGITAL Orma,multifocal,Resina,1.50,false,false,true,1499.00,Pagina 17,Crizal Prevencia,Antirreflexo,final,2519.00,2519.00,-11.00,7.00,0.00,-6.00,0.75,3.50,DIGITAL,null
Optilab,Optilab 06 de abril a 31 de julho de 2026,VARILUX® COMFORT,Progressiva,multifocal,33906a77-dd17-4f5e-928a-d0e2aa8bb7bc,Orma,VARILUX® COMFORT DIGITAL Orma,multifocal,Resina,1.50,false,false,true,1499.00,Pagina 17,Crizal Rock,Antirreflexo,final,2249.00,2249.00,-11.00,7.00,0.00,-6.00,0.75,3.50,DIGITAL,null
Optilab,Optilab 06 de abril a 31 de julho de 2026,VARILUX® COMFORT,Progressiva,multifocal,33906a77-dd17-4f5e-928a-d0e2aa8bb7bc,Orma,VARILUX® COMFORT DIGITAL Orma,multifocal,Resina,1.50,false,false,true,1499.00,Pagina 17,Crizal Sapphire HR,Antirreflexo,final,2519.00,2519.00,-11.00,7.00,0.00,-6.00,0.75,3.50,DIGITAL,null
Optilab,Optilab 06 de abril a 31 de julho de 2026,VARILUX® COMFORT,Progressiva,multifocal,33906a77-dd17-4f5e-928a-d0e2aa8bb7bc,Orma,VARILUX® COMFORT DIGITAL Orma,multifocal,Resina,1.50,false,false,true,1499.00,Pagina 17,Optifog,Antirreflexo,final,2139.00,2139.00,-11.00,7.00,0.00,-6.00,0.75,3.50,DIGITAL,null
Optilab,Optilab 06 de abril a 31 de julho de 2026,VARILUX® COMFORT,Progressiva,multifocal,9f5f82df-4522-41fc-99a7-4156cd00b8ca,Orma,VARILUX® COMFORT DIGITAL Orma,multifocal,Resina,1.50,false,false,true,1899.00,Pagina 17,Optifog,Antirreflexo,final,2519.00,2519.00,-11.00,7.00,0.00,-6.00,0.75,3.50,DIGITAL,null
Optilab,Optilab 06 de abril a 31 de julho de 2026,VARILUX® COMFORT,Progressiva,multifocal,9f5f82df-4522-41fc-99a7-4156cd00b8ca,Orma,VARILUX® COMFORT DIGITAL Orma,multifocal,Resina,1.50,false,false,true,1899.00,Pagina 17,Trio Easy Clean,Antirreflexo,final,2249.00,2249.00,-11.00,7.00,0.00,-6.00,0.75,3.50,DIGITAL,null
Optilab,Optilab 06 de abril a 31 de julho de 2026,VARILUX® COMFORT,Progressiva,multifocal,33906a77-dd17-4f5e-928a-d0e2aa8bb7bc,Orma,VARILUX® COMFORT DIGITAL Orma,multifocal,Resina,1.50,false,false,true,1499.00,Pagina 17,Trio Easy Clean,Antirreflexo,final,1699.00,1699.00,-11.00,7.00,0.00,-6.00,0.75,3.50,DIGITAL,null
Optilab,Optilab 06 de abril a 31 de julho de 2026,VARILUX® COMFORT,Progressiva,multifocal,9f5f82df-4522-41fc-99a7-4156cd00b8ca,Orma,VARILUX® COMFORT DIGITAL Orma,multifocal,Resina,1.50,false,false,true,1899.00,Pagina 17,Verniz Hc,Revestimento,final,1899.00,1899.00,-11.00,7.00,0.00,-6.00,0.75,3.50,DIGITAL,null
Optilab,Optilab 06 de abril a 31 de julho de 2026,VARILUX® COMFORT,Progressiva,multifocal,33906a77-dd17-4f5e-928a-d0e2aa8bb7bc,Orma,VARILUX® COMFORT DIGITAL Orma,multifocal,Resina,1.50,false,false,true,1499.00,Pagina 17,Verniz Hc,Revestimento,final,1499.00,1499.00,-11.00,7.00,0.00,-6.00,0.75,3.50,DIGITAL,null
Optilab,Optilab 06 de abril a 31 de julho de 2026,VARILUX® COMFORT,Progressiva,multifocal,a77327c7-6d88-4c20-a53d-6e020f0ef0e6,Orma + Blue UV Filter,VARILUX® COMFORT DIGITAL Orma + Blue UV Filter,multifocal,Resina,1.50,false,false,true,2069.00,Pagina 17,Crizal Easy Pro,Antirreflexo,final,2689.00,2689.00,-11.00,7.00,0.00,-6.00,0.75,3.50,DIGITAL,null
Optilab,Optilab 06 de abril a 31 de julho de 2026,VARILUX® COMFORT,Progressiva,multifocal,97cbcbd7-5470-4d69-8df1-cf30b614bfc1,Orma + Blue UV Filter,VARILUX® COMFORT DIGITAL Orma + Blue UV Filter,multifocal,Resina,1.50,false,false,true,1669.00,Pagina 17,Crizal Easy Pro,Antirreflexo,final,2069.00,2069.00,-11.00,7.00,0.00,-6.00,0.75,3.50,DIGITAL,null
Optilab,Optilab 06 de abril a 31 de julho de 2026,VARILUX® COMFORT,Progressiva,multifocal,97cbcbd7-5470-4d69-8df1-cf30b614bfc1,Orma + Blue UV Filter,VARILUX® COMFORT DIGITAL Orma + Blue UV Filter,multifocal,Resina,1.50,false,false,true,1669.00,Pagina 17,Crizal Prevencia,Antirreflexo,final,2689.00,2689.00,-11.00,7.00,0.00,-6.00,0.75,3.50,DIGITAL,null
Optilab,Optilab 06 de abril a 31 de julho de 2026,VARILUX® COMFORT,Progressiva,multifocal,97cbcbd7-5470-4d69-8df1-cf30b614bfc1,Orma + Blue UV Filter,VARILUX® COMFORT DIGITAL Orma + Blue UV Filter,multifocal,Resina,1.50,false,false,true,1669.00,Pagina 17,Crizal Rock,Antirreflexo,final,2419.00,2419.00,-11.00,7.00,0.00,-6.00,0.75,3.50,DIGITAL,null
Optilab,Optilab 06 de abril a 31 de julho de 2026,VARILUX® COMFORT,Progressiva,multifocal,97cbcbd7-5470-4d69-8df1-cf30b614bfc1,Orma + Blue UV Filter,VARILUX® COMFORT DIGITAL Orma + Blue UV Filter,multifocal,Resina,1.50,false,false,true,1669.00,Pagina 17,Crizal Sapphire HR,Antirreflexo,final,2689.00,2689.00,-11.00,7.00,0.00,-6.00,0.75,3.50,DIGITAL,null
Optilab,Optilab 06 de abril a 31 de julho de 2026,VARILUX® COMFORT,Progressiva,multifocal,a77327c7-6d88-4c20-a53d-6e020f0ef0e6,Orma + Blue UV Filter,VARILUX® COMFORT DIGITAL Orma + Blue UV Filter,multifocal,Resina,1.50,false,false,true,2069.00,Pagina 17,Optifog,Antirreflexo,final,2689.00,2689.00,-11.00,7.00,0.00,-6.00,0.75,3.50,DIGITAL,null
Optilab,Optilab 06 de abril a 31 de julho de 2026,VARILUX® COMFORT,Progressiva,multifocal,97cbcbd7-5470-4d69-8df1-cf30b614bfc1,Orma + Blue UV Filter,VARILUX® COMFORT DIGITAL Orma + Blue UV Filter,multifocal,Resina,1.50,false,false,true,1669.00,Pagina 17,Optifog,Antirreflexo,final,2309.00,2309.00,-11.00,7.00,0.00,-6.00,0.75,3.50,DIGITAL,null
Optilab,Optilab 06 de abril a 31 de julho de 2026,VARILUX® COMFORT,Progressiva,multifocal,a77327c7-6d88-4c20-a53d-6e020f0ef0e6,Orma + Blue UV Filter,VARILUX® COMFORT DIGITAL Orma + Blue UV Filter,multifocal,Resina,1.50,false,false,true,2069.00,Pagina 17,Trio Easy Clean,Antirreflexo,final,2419.00,2419.00,-11.00,7.00,0.00,-6.00,0.75,3.50,DIGITAL,null
Optilab,Optilab 06 de abril a 31 de julho de 2026,VARILUX® COMFORT,Progressiva,multifocal,97cbcbd7-5470-4d69-8df1-cf30b614bfc1,Orma + Blue UV Filter,VARILUX® COMFORT DIGITAL Orma + Blue UV Filter,multifocal,Resina,1.50,false,false,true,1669.00,Pagina 17,Trio Easy Clean,Antirreflexo,final,1869.00,1869.00,-11.00,7.00,0.00,-6.00,0.75,3.50,DIGITAL,null
Optilab,Optilab 06 de abril a 31 de julho de 2026,VARILUX® COMFORT,Progressiva,multifocal,a77327c7-6d88-4c20-a53d-6e020f0ef0e6,Orma + Blue UV Filter,VARILUX® COMFORT DIGITAL Orma + Blue UV Filter,multifocal,Resina,1.50,false,false,true,2069.00,Pagina 17,Verniz Hc,Revestimento,final,2069.00,2069.00,-11.00,7.00,0.00,-6.00,0.75,3.50,DIGITAL,null
Optilab,Optilab 06 de abril a 31 de julho de 2026,VARILUX® COMFORT,Progressiva,multifocal,97cbcbd7-5470-4d69-8df1-cf30b614bfc1,Orma + Blue UV Filter,VARILUX® COMFORT DIGITAL Orma + Blue UV Filter,multifocal,Resina,1.50,false,false,true,1669.00,Pagina 17,Verniz Hc,Revestimento,final,1669.00,1669.00,-11.00,7.00,0.00,-6.00,0.75,3.50,DIGITAL,null
Optilab,Optilab 06 de abril a 31 de julho de 2026,VARILUX® COMFORT,Progressiva,multifocal,ace7bd57-54f6-403a-be9b-398fc344a90e,Orma + Transitions Extractive,VARILUX® COMFORT DIGITAL Orma + Transitions Extractive,multifocal,Resina,1.50,false,false,true,3029.00,Pagina 17,Crizal Easy Pro,Antirreflexo,final,3649.00,3649.00,-11.00,7.00,0.00,-6.00,0.75,3.50,DIGITAL,null
Optilab,Optilab 06 de abril a 31 de julho de 2026,VARILUX® COMFORT,Progressiva,multifocal,c6fbe4c7-56ea-4b8e-bb1d-08be7d33179f,Orma + Transitions Extractive,VARILUX® COMFORT DIGITAL Orma + Transitions Extractive,multifocal,Resina,1.50,false,false,true,2629.00,Pagina 17,Crizal Easy Pro,Antirreflexo,final,3029.00,3029.00,-11.00,7.00,0.00,-6.00,0.75,3.50,DIGITAL,null
Optilab,Optilab 06 de abril a 31 de julho de 2026,VARILUX® COMFORT,Progressiva,multifocal,c6fbe4c7-56ea-4b8e-bb1d-08be7d33179f,Orma + Transitions Extractive,VARILUX® COMFORT DIGITAL Orma + Transitions Extractive,multifocal,Resina,1.50,false,false,true,2629.00,Pagina 17,Crizal Prevencia,Antirreflexo,final,3649.00,3649.00,-11.00,7.00,0.00,-6.00,0.75,3.50,DIGITAL,null
Optilab,Optilab 06 de abril a 31 de julho de 2026,VARILUX® COMFORT,Progressiva,multifocal,c6fbe4c7-56ea-4b8e-bb1d-08be7d33179f,Orma + Transitions Extractive,VARILUX® COMFORT DIGITAL Orma + Transitions Extractive,multifocal,Resina,1.50,false,false,true,2629.00,Pagina 17,Crizal Rock,Antirreflexo,final,3379.00,3379.00,-11.00,7.00,0.00,-6.00,0.75,3.50,DIGITAL,null
Optilab,Optilab 06 de abril a 31 de julho de 2026,VARILUX® COMFORT,Progressiva,multifocal,c6fbe4c7-56ea-4b8e-bb1d-08be7d33179f,Orma + Transitions Extractive,VARILUX® COMFORT DIGITAL Orma + Transitions Extractive,multifocal,Resina,1.50,false,false,true,2629.00,Pagina 17,Crizal Sapphire HR,Antirreflexo,final,3649.00,3649.00,-11.00,7.00,0.00,-6.00,0.75,3.50,DIGITAL,null
Optilab,Optilab 06 de abril a 31 de julho de 2026,VARILUX® COMFORT,Progressiva,multifocal,ace7bd57-54f6-403a-be9b-398fc344a90e,Orma + Transitions Extractive,VARILUX® COMFORT DIGITAL Orma + Transitions Extractive,multifocal,Resina,1.50,false,false,true,3029.00,Pagina 17,Optifog,Antirreflexo,final,3649.00,3649.00,-11.00,7.00,0.00,-6.00,0.75,3.50,DIGITAL,null
Optilab,Optilab 06 de abril a 31 de julho de 2026,VARILUX® COMFORT,Progressiva,multifocal,c6fbe4c7-56ea-4b8e-bb1d-08be7d33179f,Orma + Transitions Extractive,VARILUX® COMFORT DIGITAL Orma + Transitions Extractive,multifocal,Resina,1.50,false,false,true,2629.00,Pagina 17,Optifog,Antirreflexo,final,3269.00,3269.00,-11.00,7.00,0.00,-6.00,0.75,3.50,DIGITAL,null
Optilab,Optilab 06 de abril a 31 de julho de 2026,VARILUX® COMFORT,Progressiva,multifocal,ace7bd57-54f6-403a-be9b-398fc344a90e,Orma + Transitions Extractive,VARILUX® COMFORT DIGITAL Orma + Transitions Extractive,multifocal,Resina,1.50,false,false,true,3029.00,Pagina 17,Trio Easy Clean,Antirreflexo,final,3379.00,3379.00,-11.00,7.00,0.00,-6.00,0.75,3.50,DIGITAL,null
Optilab,Optilab 06 de abril a 31 de julho de 2026,VARILUX® COMFORT,Progressiva,multifocal,c6fbe4c7-56ea-4b8e-bb1d-08be7d33179f,Orma + Transitions Extractive,VARILUX® COMFORT DIGITAL Orma + Transitions Extractive,multifocal,Resina,1.50,false,false,true,2629.00,Pagina 17,Trio Easy Clean,Antirreflexo,final,2829.00,2829.00,-11.00,7.00,0.00,-6.00,0.75,3.50,DIGITAL,null
Optilab,Optilab 06 de abril a 31 de julho de 2026,VARILUX® COMFORT,Progressiva,multifocal,ace7bd57-54f6-403a-be9b-398fc344a90e,Orma + Transitions Extractive,VARILUX® COMFORT DIGITAL Orma + Transitions Extractive,multifocal,Resina,1.50,false,false,true,3029.00,Pagina 17,Verniz Hc,Revestimento,final,3029.00,3029.00,-11.00,7.00,0.00,-6.00,0.75,3.50,DIGITAL,null
Optilab,Optilab 06 de abril a 31 de julho de 2026,VARILUX® COMFORT,Progressiva,multifocal,c6fbe4c7-56ea-4b8e-bb1d-08be7d33179f,Orma + Transitions Extractive,VARILUX® COMFORT DIGITAL Orma + Transitions Extractive,multifocal,Resina,1.50,false,false,true,2629.00,Pagina 17,Verniz Hc,Revestimento,final,2629.00,2629.00,-11.00,7.00,0.00,-6.00,0.75,3.50,DIGITAL,null
Optilab,Optilab 06 de abril a 31 de julho de 2026,VARILUX® COMFORT,Progressiva,multifocal,198ae36d-c4ed-42b0-9b15-33a0c9283fb1,Orma + Transitions Gen S,VARILUX® COMFORT DIGITAL Orma + Transitions Gen S,multifocal,Resina,1.50,false,false,true,2999.00,Pagina 17,Crizal Easy Pro,Antirreflexo,final,3619.00,3619.00,-11.00,7.00,0.00,-6.00,0.75,3.50,DIGITAL,null
Optilab,Optilab 06 de abril a 31 de julho de 2026,VARILUX® COMFORT,Progressiva,multifocal,d408b3e0-6b64-4267-998d-5ba19f69a4dc,Orma + Transitions Gen S,VARILUX® COMFORT DIGITAL Orma + Transitions Gen S,multifocal,Resina,1.50,false,false,true,2599.00,Pagina 17,Crizal Easy Pro,Antirreflexo,final,2999.00,2999.00,-11.00,7.00,0.00,-6.00,0.75,3.50,DIGITAL,null
Optilab,Optilab 06 de abril a 31 de julho de 2026,VARILUX® COMFORT,Progressiva,multifocal,d408b3e0-6b64-4267-998d-5ba19f69a4dc,Orma + Transitions Gen S,VARILUX® COMFORT DIGITAL Orma + Transitions Gen S,multifocal,Resina,1.50,false,false,true,2599.00,Pagina 17,Crizal Prevencia,Antirreflexo,final,3619.00,3619.00,-11.00,7.00,0.00,-6.00,0.75,3.50,DIGITAL,null
Optilab,Optilab 06 de abril a 31 de julho de 2026,VARILUX® COMFORT,Progressiva,multifocal,d408b3e0-6b64-4267-998d-5ba19f69a4dc,Orma + Transitions Gen S,VARILUX® COMFORT DIGITAL Orma + Transitions Gen S,multifocal,Resina,1.50,false,false,true,2599.00,Pagina 17,Crizal Rock,Antirreflexo,final,3349.00,3349.00,-11.00,7.00,0.00,-6.00,0.75,3.50,DIGITAL,null
Optilab,Optilab 06 de abril a 31 de julho de 2026,VARILUX® COMFORT,Progressiva,multifocal,d408b3e0-6b64-4267-998d-5ba19f69a4dc,Orma + Transitions Gen S,VARILUX® COMFORT DIGITAL Orma + Transitions Gen S,multifocal,Resina,1.50,false,false,true,2599.00,Pagina 17,Crizal Sapphire HR,Antirreflexo,final,3619.00,3619.00,-11.00,7.00,0.00,-6.00,0.75,3.50,DIGITAL,null
Optilab,Optilab 06 de abril a 31 de julho de 2026,VARILUX® COMFORT,Progressiva,multifocal,d408b3e0-6b64-4267-998d-5ba19f69a4dc,Orma + Transitions Gen S,VARILUX® COMFORT DIGITAL Orma + Transitions Gen S,multifocal,Resina,1.50,false,false,true,2599.00,Pagina 17,Optifog,Antirreflexo,final,3239.00,3239.00,-11.00,7.00,0.00,-6.00,0.75,3.50,DIGITAL,null
Optilab,Optilab 06 de abril a 31 de julho de 2026,VARILUX® COMFORT,Progressiva,multifocal,198ae36d-c4ed-42b0-9b15-33a0c9283fb1,Orma + Transitions Gen S,VARILUX® COMFORT DIGITAL Orma + Transitions Gen S,multifocal,Resina,1.50,false,false,true,2999.00,Pagina 17,Optifog,Antirreflexo,final,3619.00,3619.00,-11.00,7.00,0.00,-6.00,0.75,3.50,DIGITAL,null
Optilab,Optilab 06 de abril a 31 de julho de 2026,VARILUX® COMFORT,Progressiva,multifocal,198ae36d-c4ed-42b0-9b15-33a0c9283fb1,Orma + Transitions Gen S,VARILUX® COMFORT DIGITAL Orma + Transitions Gen S,multifocal,Resina,1.50,false,false,true,2999.00,Pagina 17,Trio Easy Clean,Antirreflexo,final,3349.00,3349.00,-11.00,7.00,0.00,-6.00,0.75,3.50,DIGITAL,null
Optilab,Optilab 06 de abril a 31 de julho de 2026,VARILUX® COMFORT,Progressiva,multifocal,d408b3e0-6b64-4267-998d-5ba19f69a4dc,Orma + Transitions Gen S,VARILUX® COMFORT DIGITAL Orma + Transitions Gen S,multifocal,Resina,1.50,false,false,true,2599.00,Pagina 17,Trio Easy Clean,Antirreflexo,final,2799.00,2799.00,-11.00,7.00,0.00,-6.00,0.75,3.50,DIGITAL,null
Optilab,Optilab 06 de abril a 31 de julho de 2026,VARILUX® COMFORT,Progressiva,multifocal,d408b3e0-6b64-4267-998d-5ba19f69a4dc,Orma + Transitions Gen S,VARILUX® COMFORT DIGITAL Orma + Transitions Gen S,multifocal,Resina,1.50,false,false,true,2599.00,Pagina 17,Verniz Hc,Revestimento,final,2599.00,2599.00,-11.00,7.00,0.00,-6.00,0.75,3.50,DIGITAL,null
Optilab,Optilab 06 de abril a 31 de julho de 2026,VARILUX® COMFORT,Progressiva,multifocal,198ae36d-c4ed-42b0-9b15-33a0c9283fb1,Orma + Transitions Gen S,VARILUX® COMFORT DIGITAL Orma + Transitions Gen S,multifocal,Resina,1.50,false,false,true,2999.00,Pagina 17,Verniz Hc,Revestimento,final,2999.00,2999.00,-11.00,7.00,0.00,-6.00,0.75,3.50,DIGITAL,null
Optilab,Optilab 06 de abril a 31 de julho de 2026,VARILUX® COMFORT,Progressiva,multifocal,ef019346-edc9-4e38-a53b-d7d3bc948822,Stylis 1.67,VARILUX® COMFORT DIGITAL Stylis 1.67,multifocal,Resina High Index,1.67,false,false,true,4189.00,Pagina 17,Crizal Easy Pro,Antirreflexo,final,4189.00,4189.00,-14.00,10.00,0.00,-6.00,0.75,3.50,DIGITAL,null
Optilab,Optilab 06 de abril a 31 de julho de 2026,VARILUX® COMFORT,Progressiva,multifocal,ef019346-edc9-4e38-a53b-d7d3bc948822,Stylis 1.67,VARILUX® COMFORT DIGITAL Stylis 1.67,multifocal,Resina High Index,1.67,false,false,true,4189.00,Pagina 17,Crizal Prevencia,Antirreflexo,final,4809.00,4809.00,-14.00,10.00,0.00,-6.00,0.75,3.50,DIGITAL,null
Optilab,Optilab 06 de abril a 31 de julho de 2026,VARILUX® COMFORT,Progressiva,multifocal,ef019346-edc9-4e38-a53b-d7d3bc948822,Stylis 1.67,VARILUX® COMFORT DIGITAL Stylis 1.67,multifocal,Resina High Index,1.67,false,false,true,4189.00,Pagina 17,Crizal Rock,Antirreflexo,final,4539.00,4539.00,-14.00,10.00,0.00,-6.00,0.75,3.50,DIGITAL,null
Optilab,Optilab 06 de abril a 31 de julho de 2026,VARILUX® COMFORT,Progressiva,multifocal,ef019346-edc9-4e38-a53b-d7d3bc948822,Stylis 1.67,VARILUX® COMFORT DIGITAL Stylis 1.67,multifocal,Resina High Index,1.67,false,false,true,4189.00,Pagina 17,Crizal Sapphire HR,Antirreflexo,final,4809.00,4809.00,-14.00,10.00,0.00,-6.00,0.75,3.50,DIGITAL,null
Optilab,Optilab 06 de abril a 31 de julho de 2026,VARILUX® COMFORT,Progressiva,multifocal,ef019346-edc9-4e38-a53b-d7d3bc948822,Stylis 1.67,VARILUX® COMFORT DIGITAL Stylis 1.67,multifocal,Resina High Index,1.67,false,false,true,4189.00,Pagina 17,Optifog,Antirreflexo,final,4429.00,4429.00,-14.00,10.00,0.00,-6.00,0.75,3.50,DIGITAL,null
Optilab,Optilab 06 de abril a 31 de julho de 2026,VARILUX® COMFORT,Progressiva,multifocal,ef019346-edc9-4e38-a53b-d7d3bc948822,Stylis 1.67,VARILUX® COMFORT DIGITAL Stylis 1.67,multifocal,Resina High Index,1.67,false,false,true,4189.00,Pagina 17,Trio Easy Clean,Antirreflexo,final,4539.00,4539.00,-14.00,10.00,0.00,-6.00,0.75,3.50,DIGITAL,null
Optilab,Optilab 06 de abril a 31 de julho de 2026,VARILUX® COMFORT,Progressiva,multifocal,ef019346-edc9-4e38-a53b-d7d3bc948822,Stylis 1.67,VARILUX® COMFORT DIGITAL Stylis 1.67,multifocal,Resina High Index,1.67,false,false,true,4189.00,Pagina 17,Verniz Hc,Revestimento,final,4189.00,4189.00,-14.00,10.00,0.00,-6.00,0.75,3.50,DIGITAL,null
Optilab,Optilab 06 de abril a 31 de julho de 2026,VARILUX® COMFORT,Progressiva,multifocal,a9ec5108-abf4-486b-833b-7c9c7fa1e3f7,Stylis 1.67 + Transitions Gen S,VARILUX® COMFORT DIGITAL Stylis 1.67 + Transitions Gen S,multifocal,Resina High Index,1.67,false,false,true,5289.00,Pagina 17,Crizal Easy Pro,Antirreflexo,final,5289.00,5289.00,-14.00,10.00,0.00,-6.00,0.75,3.50,DIGITAL,null
Optilab,Optilab 06 de abril a 31 de julho de 2026,VARILUX® COMFORT,Progressiva,multifocal,a9ec5108-abf4-486b-833b-7c9c7fa1e3f7,Stylis 1.67 + Transitions Gen S,VARILUX® COMFORT DIGITAL Stylis 1.67 + Transitions Gen S,multifocal,Resina High Index,1.67,false,false,true,5289.00,Pagina 17,Crizal Prevencia,Antirreflexo,final,5909.00,5909.00,-14.00,10.00,0.00,-6.00,0.75,3.50,DIGITAL,null
Optilab,Optilab 06 de abril a 31 de julho de 2026,VARILUX® COMFORT,Progressiva,multifocal,a9ec5108-abf4-486b-833b-7c9c7fa1e3f7,Stylis 1.67 + Transitions Gen S,VARILUX® COMFORT DIGITAL Stylis 1.67 + Transitions Gen S,multifocal,Resina High Index,1.67,false,false,true,5289.00,Pagina 17,Crizal Rock,Antirreflexo,final,5639.00,5639.00,-14.00,10.00,0.00,-6.00,0.75,3.50,DIGITAL,null
Optilab,Optilab 06 de abril a 31 de julho de 2026,VARILUX® COMFORT,Progressiva,multifocal,a9ec5108-abf4-486b-833b-7c9c7fa1e3f7,Stylis 1.67 + Transitions Gen S,VARILUX® COMFORT DIGITAL Stylis 1.67 + Transitions Gen S,multifocal,Resina High Index,1.67,false,false,true,5289.00,Pagina 17,Crizal Sapphire HR,Antirreflexo,final,5909.00,5909.00,-14.00,10.00,0.00,-6.00,0.75,3.50,DIGITAL,null
Optilab,Optilab 06 de abril a 31 de julho de 2026,VARILUX® COMFORT,Progressiva,multifocal,a9ec5108-abf4-486b-833b-7c9c7fa1e3f7,Stylis 1.67 + Transitions Gen S,VARILUX® COMFORT DIGITAL Stylis 1.67 + Transitions Gen S,multifocal,Resina High Index,1.67,false,false,true,5289.00,Pagina 17,Optifog,Antirreflexo,final,5529.00,5529.00,-14.00,10.00,0.00,-6.00,0.75,3.50,DIGITAL,null
Optilab,Optilab 06 de abril a 31 de julho de 2026,VARILUX® COMFORT,Progressiva,multifocal,a9ec5108-abf4-486b-833b-7c9c7fa1e3f7,Stylis 1.67 + Transitions Gen S,VARILUX® COMFORT DIGITAL Stylis 1.67 + Transitions Gen S,multifocal,Resina High Index,1.67,false,false,true,5289.00,Pagina 17,Trio Easy Clean,Antirreflexo,final,5639.00,5639.00,-14.00,10.00,0.00,-6.00,0.75,3.50,DIGITAL,null
Optilab,Optilab 06 de abril a 31 de julho de 2026,VARILUX® COMFORT,Progressiva,multifocal,a9ec5108-abf4-486b-833b-7c9c7fa1e3f7,Stylis 1.67 + Transitions Gen S,VARILUX® COMFORT DIGITAL Stylis 1.67 + Transitions Gen S,multifocal,Resina High Index,1.67,false,false,true,5289.00,Pagina 17,Verniz Hc,Revestimento,final,5289.00,5289.00,-14.00,10.00,0.00,-6.00,0.75,3.50,DIGITAL,null
Optilab,Optilab 06 de abril a 31 de julho de 2026,VARILUX® COMFORT,Progressiva,multifocal,b12831b5-2c33-4d97-a687-68634e4da9e9,Airwear + Coloração especial,VARILUX® COMFORT SOLARES / COLORAÇÃO Airwear + Coloração especial,multifocal,Policarbonato,1.59,false,false,true,2089.00,Pagina 18,Verniz Hc,Revestimento,final,2089.00,2089.00,-12.00,7.00,0.00,-6.00,1.00,3.50,SOLARES / COLORAÇÃO,null
Optilab,Optilab 06 de abril a 31 de julho de 2026,VARILUX® COMFORT,Progressiva,multifocal,4cfe219f-9443-40e4-9f1d-7c889156f9da,Airwear + Coloração padrão,VARILUX® COMFORT SOLARES / COLORAÇÃO Airwear + Coloração padrão,multifocal,Policarbonato,1.59,false,false,true,1979.00,Pagina 18,Verniz Hc,Revestimento,final,1979.00,1979.00,-12.00,7.00,0.00,-6.00,1.00,3.50,SOLARES / COLORAÇÃO,null
Optilab,Optilab 06 de abril a 31 de julho de 2026,VARILUX® COMFORT,Progressiva,multifocal,377fe822-bd6c-416d-b172-91e8ea70c16b,Airwear + Xperio cinza/marrom,VARILUX® COMFORT SOLARES / COLORAÇÃO Airwear + Xperio cinza/marrom,multifocal,Policarbonato,1.59,false,false,true,2489.00,Pagina 18,Crizal Sapphire HR,Antirreflexo,final,3149.00,3149.00,-12.00,7.00,0.00,-6.00,1.00,3.50,SOLARES / COLORAÇÃO,null
Optilab,Optilab 06 de abril a 31 de julho de 2026,VARILUX® COMFORT,Progressiva,multifocal,377fe822-bd6c-416d-b172-91e8ea70c16b,Airwear + Xperio cinza/marrom,VARILUX® COMFORT SOLARES / COLORAÇÃO Airwear + Xperio cinza/marrom,multifocal,Policarbonato,1.59,false,false,true,2489.00,Pagina 18,Optifog,Antirreflexo,final,3129.00,3129.00,-12.00,7.00,0.00,-6.00,1.00,3.50,SOLARES / COLORAÇÃO,null
Optilab,Optilab 06 de abril a 31 de julho de 2026,VARILUX® COMFORT,Progressiva,multifocal,377fe822-bd6c-416d-b172-91e8ea70c16b,Airwear + Xperio cinza/marrom,VARILUX® COMFORT SOLARES / COLORAÇÃO Airwear + Xperio cinza/marrom,multifocal,Policarbonato,1.59,false,false,true,2489.00,Pagina 18,Verniz Hc,Revestimento,final,2489.00,2489.00,-12.00,7.00,0.00,-6.00,1.00,3.50,SOLARES / COLORAÇÃO,null
Optilab,Optilab 06 de abril a 31 de julho de 2026,VARILUX® COMFORT,Progressiva,multifocal,e147b72a-564d-4e02-9e1e-554fe1433841,Orma + Coloração especial,VARILUX® COMFORT SOLARES / COLORAÇÃO Orma + Coloração especial,multifocal,Resina,1.50,false,false,true,1789.00,Pagina 18,Verniz Hc,Revestimento,final,1789.00,1789.00,-11.00,7.00,0.00,-6.00,1.00,3.50,SOLARES / COLORAÇÃO,null
Optilab,Optilab 06 de abril a 31 de julho de 2026,VARILUX® COMFORT,Progressiva,multifocal,34e055c3-fba0-4c28-9976-acdb07637772,Orma + Coloração padrão,VARILUX® COMFORT SOLARES / COLORAÇÃO Orma + Coloração padrão,multifocal,Resina,1.50,false,false,true,1679.00,Pagina 18,Verniz Hc,Revestimento,final,1679.00,1679.00,-11.00,7.00,0.00,-6.00,1.00,3.50,SOLARES / COLORAÇÃO,null
Optilab,Optilab 06 de abril a 31 de julho de 2026,VARILUX® COMFORT,Progressiva,multifocal,7aa9aa5b-0dfc-48ee-8899-c34164581103,Orma + Xperio cinza/marrom,VARILUX® COMFORT SOLARES / COLORAÇÃO Orma + Xperio cinza/marrom,multifocal,Resina,1.50,false,false,true,2189.00,Pagina 18,Crizal Sapphire HR,Antirreflexo,final,2849.00,2849.00,-11.00,7.00,0.00,-6.00,1.00,3.50,SOLARES / COLORAÇÃO,null
Optilab,Optilab 06 de abril a 31 de julho de 2026,VARILUX® COMFORT,Progressiva,multifocal,7aa9aa5b-0dfc-48ee-8899-c34164581103,Orma + Xperio cinza/marrom,VARILUX® COMFORT SOLARES / COLORAÇÃO Orma + Xperio cinza/marrom,multifocal,Resina,1.50,false,false,true,2189.00,Pagina 18,Optifog,Antirreflexo,final,2829.00,2829.00,-11.00,7.00,0.00,-6.00,1.00,3.50,SOLARES / COLORAÇÃO,null
Optilab,Optilab 06 de abril a 31 de julho de 2026,VARILUX® COMFORT,Progressiva,multifocal,7aa9aa5b-0dfc-48ee-8899-c34164581103,Orma + Xperio cinza/marrom,VARILUX® COMFORT SOLARES / COLORAÇÃO Orma + Xperio cinza/marrom,multifocal,Resina,1.50,false,false,true,2189.00,Pagina 18,Verniz Hc,Revestimento,final,2189.00,2189.00,-11.00,7.00,0.00,-6.00,1.00,3.50,SOLARES / COLORAÇÃO,null
Optilab,Optilab 06 de abril a 31 de julho de 2026,VARILUX® COMFORT,Progressiva,multifocal,1d945c14-ef33-49e6-bf65-b423cb717c44,Airwear,VARILUX® COMFORT TRADICIONAL Airwear,multifocal,Policarbonato,1.59,false,false,true,1799.00,Pagina 18,Crizal Easy Pro,Antirreflexo,final,2199.00,2199.00,-10.00,6.00,0.00,-6.00,1.00,3.50,TRADICIONAL,null
Optilab,Optilab 06 de abril a 31 de julho de 2026,VARILUX® COMFORT,Progressiva,multifocal,1d945c14-ef33-49e6-bf65-b423cb717c44,Airwear,VARILUX® COMFORT TRADICIONAL Airwear,multifocal,Policarbonato,1.59,false,false,true,1799.00,Pagina 18,Crizal Prevencia,Antirreflexo,final,2819.00,2819.00,-10.00,6.00,0.00,-6.00,1.00,3.50,TRADICIONAL,null
Optilab,Optilab 06 de abril a 31 de julho de 2026,VARILUX® COMFORT,Progressiva,multifocal,1d945c14-ef33-49e6-bf65-b423cb717c44,Airwear,VARILUX® COMFORT TRADICIONAL Airwear,multifocal,Policarbonato,1.59,false,false,true,1799.00,Pagina 18,Crizal Rock,Antirreflexo,final,2549.00,2549.00,-10.00,6.00,0.00,-6.00,1.00,3.50,TRADICIONAL,null
Optilab,Optilab 06 de abril a 31 de julho de 2026,VARILUX® COMFORT,Progressiva,multifocal,1d945c14-ef33-49e6-bf65-b423cb717c44,Airwear,VARILUX® COMFORT TRADICIONAL Airwear,multifocal,Policarbonato,1.59,false,false,true,1799.00,Pagina 18,Crizal Sapphire HR,Antirreflexo,final,2819.00,2819.00,-10.00,6.00,0.00,-6.00,1.00,3.50,TRADICIONAL,null
Optilab,Optilab 06 de abril a 31 de julho de 2026,VARILUX® COMFORT,Progressiva,multifocal,1d945c14-ef33-49e6-bf65-b423cb717c44,Airwear,VARILUX® COMFORT TRADICIONAL Airwear,multifocal,Policarbonato,1.59,false,false,true,1799.00,Pagina 18,Optifog,Antirreflexo,final,2439.00,2439.00,-10.00,6.00,0.00,-6.00,1.00,3.50,TRADICIONAL,null
Optilab,Optilab 06 de abril a 31 de julho de 2026,VARILUX® COMFORT,Progressiva,multifocal,1d945c14-ef33-49e6-bf65-b423cb717c44,Airwear,VARILUX® COMFORT TRADICIONAL Airwear,multifocal,Policarbonato,1.59,false,false,true,1799.00,Pagina 18,Trio Easy Clean,Antirreflexo,final,1999.00,1999.00,-10.00,6.00,0.00,-6.00,1.00,3.50,TRADICIONAL,null
Optilab,Optilab 06 de abril a 31 de julho de 2026,VARILUX® COMFORT,Progressiva,multifocal,7d0d4cca-6de5-4e18-94ee-eef65f077570,Airwear + Transitions Gen S,VARILUX® COMFORT TRADICIONAL Airwear + Transitions Gen S,multifocal,Policarbonato,1.59,false,false,true,2899.00,Pagina 18,Crizal Easy Pro,Antirreflexo,final,3299.00,3299.00,-10.00,6.00,0.00,-6.00,1.00,3.50,TRADICIONAL,null
Optilab,Optilab 06 de abril a 31 de julho de 2026,VARILUX® COMFORT,Progressiva,multifocal,7d0d4cca-6de5-4e18-94ee-eef65f077570,Airwear + Transitions Gen S,VARILUX® COMFORT TRADICIONAL Airwear + Transitions Gen S,multifocal,Policarbonato,1.59,false,false,true,2899.00,Pagina 18,Crizal Prevencia,Antirreflexo,final,3919.00,3919.00,-10.00,6.00,0.00,-6.00,1.00,3.50,TRADICIONAL,null
Optilab,Optilab 06 de abril a 31 de julho de 2026,VARILUX® COMFORT,Progressiva,multifocal,7d0d4cca-6de5-4e18-94ee-eef65f077570,Airwear + Transitions Gen S,VARILUX® COMFORT TRADICIONAL Airwear + Transitions Gen S,multifocal,Policarbonato,1.59,false,false,true,2899.00,Pagina 18,Crizal Rock,Antirreflexo,final,3649.00,3649.00,-10.00,6.00,0.00,-6.00,1.00,3.50,TRADICIONAL,null
Optilab,Optilab 06 de abril a 31 de julho de 2026,VARILUX® COMFORT,Progressiva,multifocal,7d0d4cca-6de5-4e18-94ee-eef65f077570,Airwear + Transitions Gen S,VARILUX® COMFORT TRADICIONAL Airwear + Transitions Gen S,multifocal,Policarbonato,1.59,false,false,true,2899.00,Pagina 18,Crizal Sapphire HR,Antirreflexo,final,3919.00,3919.00,-10.00,6.00,0.00,-6.00,1.00,3.50,TRADICIONAL,null
Optilab,Optilab 06 de abril a 31 de julho de 2026,VARILUX® COMFORT,Progressiva,multifocal,7d0d4cca-6de5-4e18-94ee-eef65f077570,Airwear + Transitions Gen S,VARILUX® COMFORT TRADICIONAL Airwear + Transitions Gen S,multifocal,Policarbonato,1.59,false,false,true,2899.00,Pagina 18,Optifog,Antirreflexo,final,3539.00,3539.00,-10.00,6.00,0.00,-6.00,1.00,3.50,TRADICIONAL,null
Optilab,Optilab 06 de abril a 31 de julho de 2026,VARILUX® COMFORT,Progressiva,multifocal,7d0d4cca-6de5-4e18-94ee-eef65f077570,Airwear + Transitions Gen S,VARILUX® COMFORT TRADICIONAL Airwear + Transitions Gen S,multifocal,Policarbonato,1.59,false,false,true,2899.00,Pagina 18,Trio Easy Clean,Antirreflexo,final,3099.00,3099.00,-10.00,6.00,0.00,-6.00,1.00,3.50,TRADICIONAL,null
Optilab,Optilab 06 de abril a 31 de julho de 2026,VARILUX® COMFORT,Progressiva,multifocal,fae39a86-d88a-4d21-a2fe-5b0256a488f0,Orma,VARILUX® COMFORT TRADICIONAL Orma,multifocal,Resina,1.50,false,false,true,1499.00,Pagina 18,Crizal Easy Pro,Antirreflexo,final,1899.00,1899.00,-10.00,6.00,0.00,-6.00,1.00,3.50,TRADICIONAL,null
Optilab,Optilab 06 de abril a 31 de julho de 2026,VARILUX® COMFORT,Progressiva,multifocal,fae39a86-d88a-4d21-a2fe-5b0256a488f0,Orma,VARILUX® COMFORT TRADICIONAL Orma,multifocal,Resina,1.50,false,false,true,1499.00,Pagina 18,Crizal Prevencia,Antirreflexo,final,2519.00,2519.00,-10.00,6.00,0.00,-6.00,1.00,3.50,TRADICIONAL,null
Optilab,Optilab 06 de abril a 31 de julho de 2026,VARILUX® COMFORT,Progressiva,multifocal,fae39a86-d88a-4d21-a2fe-5b0256a488f0,Orma,VARILUX® COMFORT TRADICIONAL Orma,multifocal,Resina,1.50,false,false,true,1499.00,Pagina 18,Crizal Rock,Antirreflexo,final,2249.00,2249.00,-10.00,6.00,0.00,-6.00,1.00,3.50,TRADICIONAL,null
Optilab,Optilab 06 de abril a 31 de julho de 2026,VARILUX® COMFORT,Progressiva,multifocal,fae39a86-d88a-4d21-a2fe-5b0256a488f0,Orma,VARILUX® COMFORT TRADICIONAL Orma,multifocal,Resina,1.50,false,false,true,1499.00,Pagina 18,Crizal Sapphire HR,Antirreflexo,final,2519.00,2519.00,-10.00,6.00,0.00,-6.00,1.00,3.50,TRADICIONAL,null
Optilab,Optilab 06 de abril a 31 de julho de 2026,VARILUX® COMFORT,Progressiva,multifocal,fae39a86-d88a-4d21-a2fe-5b0256a488f0,Orma,VARILUX® COMFORT TRADICIONAL Orma,multifocal,Resina,1.50,false,false,true,1499.00,Pagina 18,Optifog,Antirreflexo,final,2139.00,2139.00,-10.00,6.00,0.00,-6.00,1.00,3.50,TRADICIONAL,null
Optilab,Optilab 06 de abril a 31 de julho de 2026,VARILUX® COMFORT,Progressiva,multifocal,fae39a86-d88a-4d21-a2fe-5b0256a488f0,Orma,VARILUX® COMFORT TRADICIONAL Orma,multifocal,Resina,1.50,false,false,true,1499.00,Pagina 18,Trio Easy Clean,Antirreflexo,final,1699.00,1699.00,-10.00,6.00,0.00,-6.00,1.00,3.50,TRADICIONAL,null
Optilab,Optilab 06 de abril a 31 de julho de 2026,VARILUX® COMFORT,Progressiva,multifocal,f47db665-5e62-49ce-93a0-31f68f2f1531,Orma + Transitions Gen S,VARILUX® COMFORT TRADICIONAL Orma + Transitions Gen S,multifocal,Resina,1.50,false,false,true,2599.00,Pagina 18,Crizal Easy Pro,Antirreflexo,final,2999.00,2999.00,-10.00,6.00,0.00,-6.00,1.00,3.50,TRADICIONAL,null
Optilab,Optilab 06 de abril a 31 de julho de 2026,VARILUX® COMFORT,Progressiva,multifocal,f47db665-5e62-49ce-93a0-31f68f2f1531,Orma + Transitions Gen S,VARILUX® COMFORT TRADICIONAL Orma + Transitions Gen S,multifocal,Resina,1.50,false,false,true,2599.00,Pagina 18,Crizal Prevencia,Antirreflexo,final,3619.00,3619.00,-10.00,6.00,0.00,-6.00,1.00,3.50,TRADICIONAL,null
Optilab,Optilab 06 de abril a 31 de julho de 2026,VARILUX® COMFORT,Progressiva,multifocal,f47db665-5e62-49ce-93a0-31f68f2f1531,Orma + Transitions Gen S,VARILUX® COMFORT TRADICIONAL Orma + Transitions Gen S,multifocal,Resina,1.50,false,false,true,2599.00,Pagina 18,Crizal Rock,Antirreflexo,final,3349.00,3349.00,-10.00,6.00,0.00,-6.00,1.00,3.50,TRADICIONAL,null
Optilab,Optilab 06 de abril a 31 de julho de 2026,VARILUX® COMFORT,Progressiva,multifocal,f47db665-5e62-49ce-93a0-31f68f2f1531,Orma + Transitions Gen S,VARILUX® COMFORT TRADICIONAL Orma + Transitions Gen S,multifocal,Resina,1.50,false,false,true,2599.00,Pagina 18,Crizal Sapphire HR,Antirreflexo,final,3619.00,3619.00,-10.00,6.00,0.00,-6.00,1.00,3.50,TRADICIONAL,null
Optilab,Optilab 06 de abril a 31 de julho de 2026,VARILUX® COMFORT,Progressiva,multifocal,f47db665-5e62-49ce-93a0-31f68f2f1531,Orma + Transitions Gen S,VARILUX® COMFORT TRADICIONAL Orma + Transitions Gen S,multifocal,Resina,1.50,false,false,true,2599.00,Pagina 18,Optifog,Antirreflexo,final,3239.00,3239.00,-10.00,6.00,0.00,-6.00,1.00,3.50,TRADICIONAL,null
Optilab,Optilab 06 de abril a 31 de julho de 2026,VARILUX® COMFORT,Progressiva,multifocal,f47db665-5e62-49ce-93a0-31f68f2f1531,Orma + Transitions Gen S,VARILUX® COMFORT TRADICIONAL Orma + Transitions Gen S,multifocal,Resina,1.50,false,false,true,2599.00,Pagina 18,Trio Easy Clean,Antirreflexo,final,2799.00,2799.00,-10.00,6.00,0.00,-6.00,1.00,3.50,TRADICIONAL,null
Optilab,Optilab 06 de abril a 31 de julho de 2026,VARILUX® LIBERTY,Progressiva,multifocal,a25aa96c-a66b-46c8-b55f-a91a924f06e4,Airwear,VARILUX® LIBERTY DIGITAL Airwear,multifocal,Policarbonato,1.59,false,false,true,1299.00,Pagina 19,Crizal Easy Pro,Antirreflexo,final,1699.00,1699.00,-12.00,7.00,0.00,-6.00,1.00,3.50,DIGITAL,null
Optilab,Optilab 06 de abril a 31 de julho de 2026,VARILUX® LIBERTY,Progressiva,multifocal,a25aa96c-a66b-46c8-b55f-a91a924f06e4,Airwear,VARILUX® LIBERTY DIGITAL Airwear,multifocal,Policarbonato,1.59,false,false,true,1299.00,Pagina 19,Crizal Prevencia,Antirreflexo,final,2319.00,2319.00,-12.00,7.00,0.00,-6.00,1.00,3.50,DIGITAL,null
Optilab,Optilab 06 de abril a 31 de julho de 2026,VARILUX® LIBERTY,Progressiva,multifocal,a25aa96c-a66b-46c8-b55f-a91a924f06e4,Airwear,VARILUX® LIBERTY DIGITAL Airwear,multifocal,Policarbonato,1.59,false,false,true,1299.00,Pagina 19,Crizal Rock,Antirreflexo,final,2049.00,2049.00,-12.00,7.00,0.00,-6.00,1.00,3.50,DIGITAL,null
Optilab,Optilab 06 de abril a 31 de julho de 2026,VARILUX® LIBERTY,Progressiva,multifocal,a25aa96c-a66b-46c8-b55f-a91a924f06e4,Airwear,VARILUX® LIBERTY DIGITAL Airwear,multifocal,Policarbonato,1.59,false,false,true,1299.00,Pagina 19,Crizal Sapphire HR,Antirreflexo,final,2319.00,2319.00,-12.00,7.00,0.00,-6.00,1.00,3.50,DIGITAL,null
Optilab,Optilab 06 de abril a 31 de julho de 2026,VARILUX® LIBERTY,Progressiva,multifocal,a25aa96c-a66b-46c8-b55f-a91a924f06e4,Airwear,VARILUX® LIBERTY DIGITAL Airwear,multifocal,Policarbonato,1.59,false,false,true,1299.00,Pagina 19,Optifog,Antirreflexo,final,1939.00,1939.00,-12.00,7.00,0.00,-6.00,1.00,3.50,DIGITAL,null
Optilab,Optilab 06 de abril a 31 de julho de 2026,VARILUX® LIBERTY,Progressiva,multifocal,a25aa96c-a66b-46c8-b55f-a91a924f06e4,Airwear,VARILUX® LIBERTY DIGITAL Airwear,multifocal,Policarbonato,1.59,false,false,true,1299.00,Pagina 19,Trio Easy Clean,Antirreflexo,final,1499.00,1499.00,-12.00,7.00,0.00,-6.00,1.00,3.50,DIGITAL,null
Optilab,Optilab 06 de abril a 31 de julho de 2026,VARILUX® LIBERTY,Progressiva,multifocal,c50c6975-6bb6-4d1c-8b8b-8c328d7a98d0,Airwear + Transitions Extractive,VARILUX® LIBERTY DIGITAL Airwear + Transitions Extractive,multifocal,Policarbonato,1.59,false,false,true,2429.00,Pagina 19,Crizal Easy Pro,Antirreflexo,final,2829.00,2829.00,-12.00,7.00,0.00,-6.00,1.00,3.50,DIGITAL,null
Optilab,Optilab 06 de abril a 31 de julho de 2026,VARILUX® LIBERTY,Progressiva,multifocal,c50c6975-6bb6-4d1c-8b8b-8c328d7a98d0,Airwear + Transitions Extractive,VARILUX® LIBERTY DIGITAL Airwear + Transitions Extractive,multifocal,Policarbonato,1.59,false,false,true,2429.00,Pagina 19,Crizal Prevencia,Antirreflexo,final,3449.00,3449.00,-12.00,7.00,0.00,-6.00,1.00,3.50,DIGITAL,null
Optilab,Optilab 06 de abril a 31 de julho de 2026,VARILUX® LIBERTY,Progressiva,multifocal,c50c6975-6bb6-4d1c-8b8b-8c328d7a98d0,Airwear + Transitions Extractive,VARILUX® LIBERTY DIGITAL Airwear + Transitions Extractive,multifocal,Policarbonato,1.59,false,false,true,2429.00,Pagina 19,Crizal Rock,Antirreflexo,final,3179.00,3179.00,-12.00,7.00,0.00,-6.00,1.00,3.50,DIGITAL,null
Optilab,Optilab 06 de abril a 31 de julho de 2026,VARILUX® LIBERTY,Progressiva,multifocal,c50c6975-6bb6-4d1c-8b8b-8c328d7a98d0,Airwear + Transitions Extractive,VARILUX® LIBERTY DIGITAL Airwear + Transitions Extractive,multifocal,Policarbonato,1.59,false,false,true,2429.00,Pagina 19,Crizal Sapphire HR,Antirreflexo,final,3449.00,3449.00,-12.00,7.00,0.00,-6.00,1.00,3.50,DIGITAL,null
Optilab,Optilab 06 de abril a 31 de julho de 2026,VARILUX® LIBERTY,Progressiva,multifocal,c50c6975-6bb6-4d1c-8b8b-8c328d7a98d0,Airwear + Transitions Extractive,VARILUX® LIBERTY DIGITAL Airwear + Transitions Extractive,multifocal,Policarbonato,1.59,false,false,true,2429.00,Pagina 19,Optifog,Antirreflexo,final,3069.00,3069.00,-12.00,7.00,0.00,-6.00,1.00,3.50,DIGITAL,null
Optilab,Optilab 06 de abril a 31 de julho de 2026,VARILUX® LIBERTY,Progressiva,multifocal,c50c6975-6bb6-4d1c-8b8b-8c328d7a98d0,Airwear + Transitions Extractive,VARILUX® LIBERTY DIGITAL Airwear + Transitions Extractive,multifocal,Policarbonato,1.59,false,false,true,2429.00,Pagina 19,Trio Easy Clean,Antirreflexo,final,2629.00,2629.00,-12.00,7.00,0.00,-6.00,1.00,3.50,DIGITAL,null
Optilab,Optilab 06 de abril a 31 de julho de 2026,VARILUX® LIBERTY,Progressiva,multifocal,f184b45f-85fd-4be0-8db5-4337dd84fbb0,Airwear + Transitions Gen S,VARILUX® LIBERTY DIGITAL Airwear + Transitions Gen S,multifocal,Policarbonato,1.59,false,false,true,2399.00,Pagina 19,Crizal Easy Pro,Antirreflexo,final,2799.00,2799.00,-12.00,7.00,0.00,-6.00,1.00,3.50,DIGITAL,null
Optilab,Optilab 06 de abril a 31 de julho de 2026,VARILUX® LIBERTY,Progressiva,multifocal,f184b45f-85fd-4be0-8db5-4337dd84fbb0,Airwear + Transitions Gen S,VARILUX® LIBERTY DIGITAL Airwear + Transitions Gen S,multifocal,Policarbonato,1.59,false,false,true,2399.00,Pagina 19,Crizal Prevencia,Antirreflexo,final,3419.00,3419.00,-12.00,7.00,0.00,-6.00,1.00,3.50,DIGITAL,null
Optilab,Optilab 06 de abril a 31 de julho de 2026,VARILUX® LIBERTY,Progressiva,multifocal,f184b45f-85fd-4be0-8db5-4337dd84fbb0,Airwear + Transitions Gen S,VARILUX® LIBERTY DIGITAL Airwear + Transitions Gen S,multifocal,Policarbonato,1.59,false,false,true,2399.00,Pagina 19,Crizal Rock,Antirreflexo,final,3149.00,3149.00,-12.00,7.00,0.00,-6.00,1.00,3.50,DIGITAL,null
Optilab,Optilab 06 de abril a 31 de julho de 2026,VARILUX® LIBERTY,Progressiva,multifocal,f184b45f-85fd-4be0-8db5-4337dd84fbb0,Airwear + Transitions Gen S,VARILUX® LIBERTY DIGITAL Airwear + Transitions Gen S,multifocal,Policarbonato,1.59,false,false,true,2399.00,Pagina 19,Crizal Sapphire HR,Antirreflexo,final,3419.00,3419.00,-12.00,7.00,0.00,-6.00,1.00,3.50,DIGITAL,null
Optilab,Optilab 06 de abril a 31 de julho de 2026,VARILUX® LIBERTY,Progressiva,multifocal,f184b45f-85fd-4be0-8db5-4337dd84fbb0,Airwear + Transitions Gen S,VARILUX® LIBERTY DIGITAL Airwear + Transitions Gen S,multifocal,Policarbonato,1.59,false,false,true,2399.00,Pagina 19,Optifog,Antirreflexo,final,3039.00,3039.00,-12.00,7.00,0.00,-6.00,1.00,3.50,DIGITAL,null
Optilab,Optilab 06 de abril a 31 de julho de 2026,VARILUX® LIBERTY,Progressiva,multifocal,f184b45f-85fd-4be0-8db5-4337dd84fbb0,Airwear + Transitions Gen S,VARILUX® LIBERTY DIGITAL Airwear + Transitions Gen S,multifocal,Policarbonato,1.59,false,false,true,2399.00,Pagina 19,Trio Easy Clean,Antirreflexo,final,2599.00,2599.00,-12.00,7.00,0.00,-6.00,1.00,3.50,DIGITAL,null
Optilab,Optilab 06 de abril a 31 de julho de 2026,VARILUX® LIBERTY,Progressiva,multifocal,3a747c99-80f5-49fb-aee8-414e22306553,Orma,VARILUX® LIBERTY DIGITAL Orma,multifocal,Resina,1.50,false,false,true,999.00,Pagina 19,Crizal Easy Pro,Antirreflexo,final,1399.00,1399.00,-11.00,7.00,0.00,-6.00,1.00,3.50,DIGITAL,null
Optilab,Optilab 06 de abril a 31 de julho de 2026,VARILUX® LIBERTY,Progressiva,multifocal,3a747c99-80f5-49fb-aee8-414e22306553,Orma,VARILUX® LIBERTY DIGITAL Orma,multifocal,Resina,1.50,false,false,true,999.00,Pagina 19,Crizal Prevencia,Antirreflexo,final,2019.00,2019.00,-11.00,7.00,0.00,-6.00,1.00,3.50,DIGITAL,null
Optilab,Optilab 06 de abril a 31 de julho de 2026,VARILUX® LIBERTY,Progressiva,multifocal,3a747c99-80f5-49fb-aee8-414e22306553,Orma,VARILUX® LIBERTY DIGITAL Orma,multifocal,Resina,1.50,false,false,true,999.00,Pagina 19,Crizal Rock,Antirreflexo,final,1749.00,1749.00,-11.00,7.00,0.00,-6.00,1.00,3.50,DIGITAL,null
Optilab,Optilab 06 de abril a 31 de julho de 2026,VARILUX® LIBERTY,Progressiva,multifocal,3a747c99-80f5-49fb-aee8-414e22306553,Orma,VARILUX® LIBERTY DIGITAL Orma,multifocal,Resina,1.50,false,false,true,999.00,Pagina 19,Crizal Sapphire HR,Antirreflexo,final,2019.00,2019.00,-11.00,7.00,0.00,-6.00,1.00,3.50,DIGITAL,null
Optilab,Optilab 06 de abril a 31 de julho de 2026,VARILUX® LIBERTY,Progressiva,multifocal,3a747c99-80f5-49fb-aee8-414e22306553,Orma,VARILUX® LIBERTY DIGITAL Orma,multifocal,Resina,1.50,false,false,true,999.00,Pagina 19,Optifog,Antirreflexo,final,1639.00,1639.00,-11.00,7.00,0.00,-6.00,1.00,3.50,DIGITAL,null
Optilab,Optilab 06 de abril a 31 de julho de 2026,VARILUX® LIBERTY,Progressiva,multifocal,3a747c99-80f5-49fb-aee8-414e22306553,Orma,VARILUX® LIBERTY DIGITAL Orma,multifocal,Resina,1.50,false,false,true,999.00,Pagina 19,Trio Easy Clean,Antirreflexo,final,1199.00,1199.00,-11.00,7.00,0.00,-6.00,1.00,3.50,DIGITAL,null
Optilab,Optilab 06 de abril a 31 de julho de 2026,VARILUX® LIBERTY,Progressiva,multifocal,b659dc1d-9828-4c29-8a52-7126cab24e8e,Orma + Blue UV Filter,VARILUX® LIBERTY DIGITAL Orma + Blue UV Filter,multifocal,Resina,1.50,false,false,true,1169.00,Pagina 19,Crizal Easy Pro,Antirreflexo,final,1569.00,1569.00,-11.00,7.00,0.00,-6.00,1.00,3.50,DIGITAL,null
Optilab,Optilab 06 de abril a 31 de julho de 2026,VARILUX® LIBERTY,Progressiva,multifocal,b659dc1d-9828-4c29-8a52-7126cab24e8e,Orma + Blue UV Filter,VARILUX® LIBERTY DIGITAL Orma + Blue UV Filter,multifocal,Resina,1.50,false,false,true,1169.00,Pagina 19,Crizal Prevencia,Antirreflexo,final,2189.00,2189.00,-11.00,7.00,0.00,-6.00,1.00,3.50,DIGITAL,null
Optilab,Optilab 06 de abril a 31 de julho de 2026,VARILUX® LIBERTY,Progressiva,multifocal,b659dc1d-9828-4c29-8a52-7126cab24e8e,Orma + Blue UV Filter,VARILUX® LIBERTY DIGITAL Orma + Blue UV Filter,multifocal,Resina,1.50,false,false,true,1169.00,Pagina 19,Crizal Rock,Antirreflexo,final,1919.00,1919.00,-11.00,7.00,0.00,-6.00,1.00,3.50,DIGITAL,null
Optilab,Optilab 06 de abril a 31 de julho de 2026,VARILUX® LIBERTY,Progressiva,multifocal,b659dc1d-9828-4c29-8a52-7126cab24e8e,Orma + Blue UV Filter,VARILUX® LIBERTY DIGITAL Orma + Blue UV Filter,multifocal,Resina,1.50,false,false,true,1169.00,Pagina 19,Crizal Sapphire HR,Antirreflexo,final,2189.00,2189.00,-11.00,7.00,0.00,-6.00,1.00,3.50,DIGITAL,null
Optilab,Optilab 06 de abril a 31 de julho de 2026,VARILUX® LIBERTY,Progressiva,multifocal,b659dc1d-9828-4c29-8a52-7126cab24e8e,Orma + Blue UV Filter,VARILUX® LIBERTY DIGITAL Orma + Blue UV Filter,multifocal,Resina,1.50,false,false,true,1169.00,Pagina 19,Optifog,Antirreflexo,final,1809.00,1809.00,-11.00,7.00,0.00,-6.00,1.00,3.50,DIGITAL,null
Optilab,Optilab 06 de abril a 31 de julho de 2026,VARILUX® LIBERTY,Progressiva,multifocal,b659dc1d-9828-4c29-8a52-7126cab24e8e,Orma + Blue UV Filter,VARILUX® LIBERTY DIGITAL Orma + Blue UV Filter,multifocal,Resina,1.50,false,false,true,1169.00,Pagina 19,Trio Easy Clean,Antirreflexo,final,1369.00,1369.00,-11.00,7.00,0.00,-6.00,1.00,3.50,DIGITAL,null
Optilab,Optilab 06 de abril a 31 de julho de 2026,VARILUX® LIBERTY,Progressiva,multifocal,41e1cb13-b326-4528-81f8-a01933a2d9b0,Orma + Transitions Extractive,VARILUX® LIBERTY DIGITAL Orma + Transitions Extractive,multifocal,Resina,1.50,false,false,true,2129.00,Pagina 19,Crizal Easy Pro,Antirreflexo,final,2529.00,2529.00,-11.00,7.00,0.00,-6.00,1.00,3.50,DIGITAL,null
Optilab,Optilab 06 de abril a 31 de julho de 2026,VARILUX® LIBERTY,Progressiva,multifocal,41e1cb13-b326-4528-81f8-a01933a2d9b0,Orma + Transitions Extractive,VARILUX® LIBERTY DIGITAL Orma + Transitions Extractive,multifocal,Resina,1.50,false,false,true,2129.00,Pagina 19,Crizal Prevencia,Antirreflexo,final,3149.00,3149.00,-11.00,7.00,0.00,-6.00,1.00,3.50,DIGITAL,null
Optilab,Optilab 06 de abril a 31 de julho de 2026,VARILUX® LIBERTY,Progressiva,multifocal,41e1cb13-b326-4528-81f8-a01933a2d9b0,Orma + Transitions Extractive,VARILUX® LIBERTY DIGITAL Orma + Transitions Extractive,multifocal,Resina,1.50,false,false,true,2129.00,Pagina 19,Crizal Rock,Antirreflexo,final,2879.00,2879.00,-11.00,7.00,0.00,-6.00,1.00,3.50,DIGITAL,null
Optilab,Optilab 06 de abril a 31 de julho de 2026,VARILUX® LIBERTY,Progressiva,multifocal,41e1cb13-b326-4528-81f8-a01933a2d9b0,Orma + Transitions Extractive,VARILUX® LIBERTY DIGITAL Orma + Transitions Extractive,multifocal,Resina,1.50,false,false,true,2129.00,Pagina 19,Crizal Sapphire HR,Antirreflexo,final,3149.00,3149.00,-11.00,7.00,0.00,-6.00,1.00,3.50,DIGITAL,null
Optilab,Optilab 06 de abril a 31 de julho de 2026,VARILUX® LIBERTY,Progressiva,multifocal,41e1cb13-b326-4528-81f8-a01933a2d9b0,Orma + Transitions Extractive,VARILUX® LIBERTY DIGITAL Orma + Transitions Extractive,multifocal,Resina,1.50,false,false,true,2129.00,Pagina 19,Optifog,Antirreflexo,final,2769.00,2769.00,-11.00,7.00,0.00,-6.00,1.00,3.50,DIGITAL,null
Optilab,Optilab 06 de abril a 31 de julho de 2026,VARILUX® LIBERTY,Progressiva,multifocal,41e1cb13-b326-4528-81f8-a01933a2d9b0,Orma + Transitions Extractive,VARILUX® LIBERTY DIGITAL Orma + Transitions Extractive,multifocal,Resina,1.50,false,false,true,2129.00,Pagina 19,Trio Easy Clean,Antirreflexo,final,2329.00,2329.00,-11.00,7.00,0.00,-6.00,1.00,3.50,DIGITAL,null
Optilab,Optilab 06 de abril a 31 de julho de 2026,VARILUX® LIBERTY,Progressiva,multifocal,8568e1d4-8ab3-4d99-ac23-b2d2640e5d43,Orma + Transitions Gen S,VARILUX® LIBERTY DIGITAL Orma + Transitions Gen S,multifocal,Resina,1.50,false,false,true,2099.00,Pagina 19,Crizal Easy Pro,Antirreflexo,final,2499.00,2499.00,-11.00,7.00,0.00,-6.00,1.00,3.50,DIGITAL,null
Optilab,Optilab 06 de abril a 31 de julho de 2026,VARILUX® LIBERTY,Progressiva,multifocal,8568e1d4-8ab3-4d99-ac23-b2d2640e5d43,Orma + Transitions Gen S,VARILUX® LIBERTY DIGITAL Orma + Transitions Gen S,multifocal,Resina,1.50,false,false,true,2099.00,Pagina 19,Crizal Prevencia,Antirreflexo,final,3119.00,3119.00,-11.00,7.00,0.00,-6.00,1.00,3.50,DIGITAL,null
Optilab,Optilab 06 de abril a 31 de julho de 2026,VARILUX® LIBERTY,Progressiva,multifocal,8568e1d4-8ab3-4d99-ac23-b2d2640e5d43,Orma + Transitions Gen S,VARILUX® LIBERTY DIGITAL Orma + Transitions Gen S,multifocal,Resina,1.50,false,false,true,2099.00,Pagina 19,Crizal Rock,Antirreflexo,final,2849.00,2849.00,-11.00,7.00,0.00,-6.00,1.00,3.50,DIGITAL,null
Optilab,Optilab 06 de abril a 31 de julho de 2026,VARILUX® LIBERTY,Progressiva,multifocal,8568e1d4-8ab3-4d99-ac23-b2d2640e5d43,Orma + Transitions Gen S,VARILUX® LIBERTY DIGITAL Orma + Transitions Gen S,multifocal,Resina,1.50,false,false,true,2099.00,Pagina 19,Crizal Sapphire HR,Antirreflexo,final,3119.00,3119.00,-11.00,7.00,0.00,-6.00,1.00,3.50,DIGITAL,null
Optilab,Optilab 06 de abril a 31 de julho de 2026,VARILUX® LIBERTY,Progressiva,multifocal,8568e1d4-8ab3-4d99-ac23-b2d2640e5d43,Orma + Transitions Gen S,VARILUX® LIBERTY DIGITAL Orma + Transitions Gen S,multifocal,Resina,1.50,false,false,true,2099.00,Pagina 19,Optifog,Antirreflexo,final,2739.00,2739.00,-11.00,7.00,0.00,-6.00,1.00,3.50,DIGITAL,null
Optilab,Optilab 06 de abril a 31 de julho de 2026,VARILUX® LIBERTY,Progressiva,multifocal,8568e1d4-8ab3-4d99-ac23-b2d2640e5d43,Orma + Transitions Gen S,VARILUX® LIBERTY DIGITAL Orma + Transitions Gen S,multifocal,Resina,1.50,false,false,true,2099.00,Pagina 19,Trio Easy Clean,Antirreflexo,final,2299.00,2299.00,-11.00,7.00,0.00,-6.00,1.00,3.50,DIGITAL,null
Optilab,Optilab 06 de abril a 31 de julho de 2026,VARILUX® LIBERTY,Progressiva,multifocal,b02841d9-28d2-4792-bdd1-f99f780d916c,Airwear + Coloração especial,VARILUX® LIBERTY SOLARES / COLORAÇÃO Airwear + Coloração especial,multifocal,Policarbonato,1.59,false,false,true,1589.00,Pagina 19,Verniz Hc,Revestimento,final,1589.00,1589.00,-12.00,7.00,0.00,-6.00,1.00,3.50,SOLARES / COLORAÇÃO,null
Optilab,Optilab 06 de abril a 31 de julho de 2026,VARILUX® LIBERTY,Progressiva,multifocal,05801213-409d-4f01-a000-896f5cf71186,Airwear + Coloração padrão,VARILUX® LIBERTY SOLARES / COLORAÇÃO Airwear + Coloração padrão,multifocal,Policarbonato,1.59,false,false,true,1479.00,Pagina 19,Verniz Hc,Revestimento,final,1479.00,1479.00,-12.00,7.00,0.00,-6.00,1.00,3.50,SOLARES / COLORAÇÃO,null
Optilab,Optilab 06 de abril a 31 de julho de 2026,VARILUX® LIBERTY,Progressiva,multifocal,34eeb2c1-52c4-49c7-8b28-d98f39d1bbb1,Airwear + Xperio cinza/marrom,VARILUX® LIBERTY SOLARES / COLORAÇÃO Airwear + Xperio cinza/marrom,multifocal,Policarbonato,1.59,false,false,true,1989.00,Pagina 19,Crizal Sapphire HR,Antirreflexo,final,2649.00,2649.00,-12.00,7.00,0.00,-6.00,1.00,3.50,SOLARES / COLORAÇÃO,null
Optilab,Optilab 06 de abril a 31 de julho de 2026,VARILUX® LIBERTY,Progressiva,multifocal,34eeb2c1-52c4-49c7-8b28-d98f39d1bbb1,Airwear + Xperio cinza/marrom,VARILUX® LIBERTY SOLARES / COLORAÇÃO Airwear + Xperio cinza/marrom,multifocal,Policarbonato,1.59,false,false,true,1989.00,Pagina 19,Optifog,Antirreflexo,final,2629.00,2629.00,-12.00,7.00,0.00,-6.00,1.00,3.50,SOLARES / COLORAÇÃO,null
Optilab,Optilab 06 de abril a 31 de julho de 2026,VARILUX® LIBERTY,Progressiva,multifocal,34eeb2c1-52c4-49c7-8b28-d98f39d1bbb1,Airwear + Xperio cinza/marrom,VARILUX® LIBERTY SOLARES / COLORAÇÃO Airwear + Xperio cinza/marrom,multifocal,Policarbonato,1.59,false,false,true,1989.00,Pagina 19,Verniz Hc,Revestimento,final,1989.00,1989.00,-12.00,7.00,0.00,-6.00,1.00,3.50,SOLARES / COLORAÇÃO,null
Optilab,Optilab 06 de abril a 31 de julho de 2026,VARILUX® LIBERTY,Progressiva,multifocal,12d15192-e436-4a73-abad-ab8c7d19d299,Orma + Coloração especial,VARILUX® LIBERTY SOLARES / COLORAÇÃO Orma + Coloração especial,multifocal,Resina,1.50,false,false,true,1289.00,Pagina 19,Verniz Hc,Revestimento,final,1289.00,1289.00,-11.00,7.00,0.00,-6.00,1.00,3.50,SOLARES / COLORAÇÃO,null
Optilab,Optilab 06 de abril a 31 de julho de 2026,VARILUX® LIBERTY,Progressiva,multifocal,2fe2b3f1-68b1-4213-bc84-a2f6b81b0c78,Orma + Coloração padrão,VARILUX® LIBERTY SOLARES / COLORAÇÃO Orma + Coloração padrão,multifocal,Resina,1.50,false,false,true,1179.00,Pagina 19,Verniz Hc,Revestimento,final,1179.00,1179.00,-11.00,7.00,0.00,-6.00,1.00,3.50,SOLARES / COLORAÇÃO,null
Optilab,Optilab 06 de abril a 31 de julho de 2026,VARILUX® LIBERTY,Progressiva,multifocal,033914ba-fab9-4593-8447-4edb490049c6,Orma + Xperio cinza/marrom,VARILUX® LIBERTY SOLARES / COLORAÇÃO Orma + Xperio cinza/marrom,multifocal,Resina,1.50,false,false,true,1689.00,Pagina 19,Crizal Sapphire HR,Antirreflexo,final,2349.00,2349.00,-11.00,7.00,0.00,-6.00,1.00,3.50,SOLARES / COLORAÇÃO,null
Optilab,Optilab 06 de abril a 31 de julho de 2026,VARILUX® LIBERTY,Progressiva,multifocal,033914ba-fab9-4593-8447-4edb490049c6,Orma + Xperio cinza/marrom,VARILUX® LIBERTY SOLARES / COLORAÇÃO Orma + Xperio cinza/marrom,multifocal,Resina,1.50,false,false,true,1689.00,Pagina 19,Optifog,Antirreflexo,final,2329.00,2329.00,-11.00,7.00,0.00,-6.00,1.00,3.50,SOLARES / COLORAÇÃO,null
Optilab,Optilab 06 de abril a 31 de julho de 2026,VARILUX® LIBERTY,Progressiva,multifocal,033914ba-fab9-4593-8447-4edb490049c6,Orma + Xperio cinza/marrom,VARILUX® LIBERTY SOLARES / COLORAÇÃO Orma + Xperio cinza/marrom,multifocal,Resina,1.50,false,false,true,1689.00,Pagina 19,Verniz Hc,Revestimento,final,1689.00,1689.00,-11.00,7.00,0.00,-6.00,1.00,3.50,SOLARES / COLORAÇÃO,null
Optilab,Optilab 06 de abril a 31 de julho de 2026,VARILUX® LIBERTY,Progressiva,multifocal,3a73efff-df26-4968-b263-e1181248bc76,Airwear,VARILUX® LIBERTY TRADICIONAL Airwear,multifocal,Policarbonato,1.59,false,false,true,1299.00,Pagina 19,Crizal Easy Pro,Antirreflexo,final,1699.00,1699.00,-7.00,6.00,0.00,-6.00,1.00,3.50,TRADICIONAL,null
Optilab,Optilab 06 de abril a 31 de julho de 2026,VARILUX® LIBERTY,Progressiva,multifocal,3a73efff-df26-4968-b263-e1181248bc76,Airwear,VARILUX® LIBERTY TRADICIONAL Airwear,multifocal,Policarbonato,1.59,false,false,true,1299.00,Pagina 19,Crizal Prevencia,Antirreflexo,final,2319.00,2319.00,-7.00,6.00,0.00,-6.00,1.00,3.50,TRADICIONAL,null
Optilab,Optilab 06 de abril a 31 de julho de 2026,VARILUX® LIBERTY,Progressiva,multifocal,3a73efff-df26-4968-b263-e1181248bc76,Airwear,VARILUX® LIBERTY TRADICIONAL Airwear,multifocal,Policarbonato,1.59,false,false,true,1299.00,Pagina 19,Crizal Rock,Antirreflexo,final,2049.00,2049.00,-7.00,6.00,0.00,-6.00,1.00,3.50,TRADICIONAL,null
Optilab,Optilab 06 de abril a 31 de julho de 2026,VARILUX® LIBERTY,Progressiva,multifocal,3a73efff-df26-4968-b263-e1181248bc76,Airwear,VARILUX® LIBERTY TRADICIONAL Airwear,multifocal,Policarbonato,1.59,false,false,true,1299.00,Pagina 19,Crizal Sapphire HR,Antirreflexo,final,2319.00,2319.00,-7.00,6.00,0.00,-6.00,1.00,3.50,TRADICIONAL,null
Optilab,Optilab 06 de abril a 31 de julho de 2026,VARILUX® LIBERTY,Progressiva,multifocal,3a73efff-df26-4968-b263-e1181248bc76,Airwear,VARILUX® LIBERTY TRADICIONAL Airwear,multifocal,Policarbonato,1.59,false,false,true,1299.00,Pagina 19,Optifog,Antirreflexo,final,1939.00,1939.00,-7.00,6.00,0.00,-6.00,1.00,3.50,TRADICIONAL,null
Optilab,Optilab 06 de abril a 31 de julho de 2026,VARILUX® LIBERTY,Progressiva,multifocal,3a73efff-df26-4968-b263-e1181248bc76,Airwear,VARILUX® LIBERTY TRADICIONAL Airwear,multifocal,Policarbonato,1.59,false,false,true,1299.00,Pagina 19,Trio Easy Clean,Antirreflexo,final,1499.00,1499.00,-7.00,6.00,0.00,-6.00,1.00,3.50,TRADICIONAL,null
Optilab,Optilab 06 de abril a 31 de julho de 2026,VARILUX® LIBERTY,Progressiva,multifocal,c486a7ce-7287-4745-94fd-d490b9c17572,Orma,VARILUX® LIBERTY TRADICIONAL Orma,multifocal,Resina,1.50,false,false,true,999.00,Pagina 19,Crizal Easy Pro,Antirreflexo,final,1399.00,1399.00,-7.00,6.00,0.00,-6.00,1.00,3.50,TRADICIONAL,null
Optilab,Optilab 06 de abril a 31 de julho de 2026,VARILUX® LIBERTY,Progressiva,multifocal,c486a7ce-7287-4745-94fd-d490b9c17572,Orma,VARILUX® LIBERTY TRADICIONAL Orma,multifocal,Resina,1.50,false,false,true,999.00,Pagina 19,Crizal Prevencia,Antirreflexo,final,2019.00,2019.00,-7.00,6.00,0.00,-6.00,1.00,3.50,TRADICIONAL,null
Optilab,Optilab 06 de abril a 31 de julho de 2026,VARILUX® LIBERTY,Progressiva,multifocal,c486a7ce-7287-4745-94fd-d490b9c17572,Orma,VARILUX® LIBERTY TRADICIONAL Orma,multifocal,Resina,1.50,false,false,true,999.00,Pagina 19,Crizal Rock,Antirreflexo,final,1749.00,1749.00,-7.00,6.00,0.00,-6.00,1.00,3.50,TRADICIONAL,null
Optilab,Optilab 06 de abril a 31 de julho de 2026,VARILUX® LIBERTY,Progressiva,multifocal,c486a7ce-7287-4745-94fd-d490b9c17572,Orma,VARILUX® LIBERTY TRADICIONAL Orma,multifocal,Resina,1.50,false,false,true,999.00,Pagina 19,Crizal Sapphire HR,Antirreflexo,final,2019.00,2019.00,-7.00,6.00,0.00,-6.00,1.00,3.50,TRADICIONAL,null
Optilab,Optilab 06 de abril a 31 de julho de 2026,VARILUX® LIBERTY,Progressiva,multifocal,c486a7ce-7287-4745-94fd-d490b9c17572,Orma,VARILUX® LIBERTY TRADICIONAL Orma,multifocal,Resina,1.50,false,false,true,999.00,Pagina 19,Optifog,Antirreflexo,final,1639.00,1639.00,-7.00,6.00,0.00,-6.00,1.00,3.50,TRADICIONAL,null
Optilab,Optilab 06 de abril a 31 de julho de 2026,VARILUX® LIBERTY,Progressiva,multifocal,c486a7ce-7287-4745-94fd-d490b9c17572,Orma,VARILUX® LIBERTY TRADICIONAL Orma,multifocal,Resina,1.50,false,false,true,999.00,Pagina 19,Trio Easy Clean,Antirreflexo,final,1199.00,1199.00,-7.00,6.00,0.00,-6.00,1.00,3.50,TRADICIONAL,null
Optilab,Optilab 06 de abril a 31 de julho de 2026,VARILUX® Physio® Extensee,Progressiva,multifocal,27b494b8-3369-41e1-91ca-b3eb96369915,Airwear,VARILUX® Physio® Extensee Airwear,multifocal,Policarbonato,1.59,false,false,true,2889.00,Pagina 16,Crizal Easy Pro,Antirreflexo,final,2889.00,2889.00,-12.00,7.00,0.00,-6.00,1.00,3.50,null,null
Optilab,Optilab 06 de abril a 31 de julho de 2026,VARILUX® Physio® Extensee,Progressiva,multifocal,06ce6376-5175-4159-a539-9d51b1623c6b,Airwear,VARILUX® Physio® Extensee Airwear,multifocal,Policarbonato,1.59,false,false,true,3459.00,Pagina 16,Crizal Easy Pro,Antirreflexo,final,3729.00,3729.00,-12.00,7.00,0.00,-6.00,1.00,3.50,null,null
Optilab,Optilab 06 de abril a 31 de julho de 2026,VARILUX® Physio® Extensee,Progressiva,multifocal,49583a6f-fd75-4b3b-9427-e5e9ddbaef13,Airwear,VARILUX® Physio® Extensee Airwear,multifocal,Policarbonato,1.59,false,false,true,3279.00,Pagina 15,Crizal Easy Pro,Antirreflexo,final,3279.00,3279.00,-12.00,7.00,0.00,-6.00,1.00,3.50,null,null
Optilab,Optilab 06 de abril a 31 de julho de 2026,VARILUX® Physio® Extensee,Progressiva,multifocal,5ca8c0e9-e4ad-460c-990b-ab116e15a418,Airwear,VARILUX® Physio® Extensee Airwear,multifocal,Policarbonato,1.59,false,false,true,3849.00,Pagina 15,Crizal Easy Pro,Antirreflexo,final,4119.00,4119.00,-12.00,7.00,0.00,-6.00,1.00,3.50,null,null
Optilab,Optilab 06 de abril a 31 de julho de 2026,VARILUX® Physio® Extensee,Progressiva,multifocal,06ce6376-5175-4159-a539-9d51b1623c6b,Airwear,VARILUX® Physio® Extensee Airwear,multifocal,Policarbonato,1.59,false,false,true,3459.00,Pagina 16,Optifog,Antirreflexo,final,3729.00,3729.00,-12.00,7.00,0.00,-6.00,1.00,3.50,null,null
Optilab,Optilab 06 de abril a 31 de julho de 2026,VARILUX® Physio® Extensee,Progressiva,multifocal,5ca8c0e9-e4ad-460c-990b-ab116e15a418,Airwear,VARILUX® Physio® Extensee Airwear,multifocal,Policarbonato,1.59,false,false,true,3849.00,Pagina 15,Optifog,Antirreflexo,final,4119.00,4119.00,-12.00,7.00,0.00,-6.00,1.00,3.50,null,null
Optilab,Optilab 06 de abril a 31 de julho de 2026,VARILUX® Physio® Extensee,Progressiva,multifocal,06ce6376-5175-4159-a539-9d51b1623c6b,Airwear,VARILUX® Physio® Extensee Airwear,multifocal,Policarbonato,1.59,false,false,true,3459.00,Pagina 16,Verniz Hc,Revestimento,final,3459.00,3459.00,-12.00,7.00,0.00,-6.00,1.00,3.50,null,null
Optilab,Optilab 06 de abril a 31 de julho de 2026,VARILUX® Physio® Extensee,Progressiva,multifocal,5ca8c0e9-e4ad-460c-990b-ab116e15a418,Airwear,VARILUX® Physio® Extensee Airwear,multifocal,Policarbonato,1.59,false,false,true,3849.00,Pagina 15,Verniz Hc,Revestimento,final,3849.00,3849.00,-12.00,7.00,0.00,-6.00,1.00,3.50,null,null
Optilab,Optilab 06 de abril a 31 de julho de 2026,VARILUX® Physio® Extensee,Progressiva,multifocal,6b4545d4-58d5-4a5c-a807-8f93d264d14a,Airwear + Transitions Extractive,VARILUX® Physio® Extensee Airwear + Transitions Extractive,multifocal,Policarbonato,1.59,false,false,true,4979.00,Pagina 15,Crizal Easy Pro,Antirreflexo,final,5249.00,5249.00,-12.00,7.00,0.00,-6.00,1.00,3.50,null,null
Optilab,Optilab 06 de abril a 31 de julho de 2026,VARILUX® Physio® Extensee,Progressiva,multifocal,0a354463-f339-4752-a08f-796da0143134,Airwear + Transitions Extractive,VARILUX® Physio® Extensee Airwear + Transitions Extractive,multifocal,Policarbonato,1.59,false,false,true,4589.00,Pagina 16,Crizal Easy Pro,Antirreflexo,final,4859.00,4859.00,-12.00,7.00,0.00,-6.00,1.00,3.50,null,null
Optilab,Optilab 06 de abril a 31 de julho de 2026,VARILUX® Physio® Extensee,Progressiva,multifocal,6b4545d4-58d5-4a5c-a807-8f93d264d14a,Airwear + Transitions Extractive,VARILUX® Physio® Extensee Airwear + Transitions Extractive,multifocal,Policarbonato,1.59,false,false,true,4979.00,Pagina 15,Optifog,Antirreflexo,final,5249.00,5249.00,-12.00,7.00,0.00,-6.00,1.00,3.50,null,null
Optilab,Optilab 06 de abril a 31 de julho de 2026,VARILUX® Physio® Extensee,Progressiva,multifocal,0a354463-f339-4752-a08f-796da0143134,Airwear + Transitions Extractive,VARILUX® Physio® Extensee Airwear + Transitions Extractive,multifocal,Policarbonato,1.59,false,false,true,4589.00,Pagina 16,Optifog,Antirreflexo,final,4859.00,4859.00,-12.00,7.00,0.00,-6.00,1.00,3.50,null,null
Optilab,Optilab 06 de abril a 31 de julho de 2026,VARILUX® Physio® Extensee,Progressiva,multifocal,6b4545d4-58d5-4a5c-a807-8f93d264d14a,Airwear + Transitions Extractive,VARILUX® Physio® Extensee Airwear + Transitions Extractive,multifocal,Policarbonato,1.59,false,false,true,4979.00,Pagina 15,Verniz Hc,Revestimento,final,4979.00,4979.00,-12.00,7.00,0.00,-6.00,1.00,3.50,null,null
Optilab,Optilab 06 de abril a 31 de julho de 2026,VARILUX® Physio® Extensee,Progressiva,multifocal,0a354463-f339-4752-a08f-796da0143134,Airwear + Transitions Extractive,VARILUX® Physio® Extensee Airwear + Transitions Extractive,multifocal,Policarbonato,1.59,false,false,true,4589.00,Pagina 16,Verniz Hc,Revestimento,final,4589.00,4589.00,-12.00,7.00,0.00,-6.00,1.00,3.50,null,null
Optilab,Optilab 06 de abril a 31 de julho de 2026,VARILUX® Physio® Extensee,Progressiva,multifocal,efcbaf7a-b86b-461d-baea-76fb2f4fb57c,Airwear + Transitions Gen S,VARILUX® Physio® Extensee Airwear + Transitions Gen S,multifocal,Policarbonato,1.59,false,false,true,4949.00,Pagina 15,Crizal Easy Pro,Antirreflexo,final,5219.00,5219.00,-12.00,7.00,0.00,-6.00,1.00,3.50,null,null
Optilab,Optilab 06 de abril a 31 de julho de 2026,VARILUX® Physio® Extensee,Progressiva,multifocal,47a92a09-3c6b-49ed-85db-ea8bf5563039,Airwear + Transitions Gen S,VARILUX® Physio® Extensee Airwear + Transitions Gen S,multifocal,Policarbonato,1.59,false,false,true,4559.00,Pagina 16,Crizal Easy Pro,Antirreflexo,final,4829.00,4829.00,-12.00,7.00,0.00,-6.00,1.00,3.50,null,null
Optilab,Optilab 06 de abril a 31 de julho de 2026,VARILUX® Physio® Extensee,Progressiva,multifocal,47a92a09-3c6b-49ed-85db-ea8bf5563039,Airwear + Transitions Gen S,VARILUX® Physio® Extensee Airwear + Transitions Gen S,multifocal,Policarbonato,1.59,false,false,true,4559.00,Pagina 16,Optifog,Antirreflexo,final,4829.00,4829.00,-12.00,7.00,0.00,-6.00,1.00,3.50,null,null
Optilab,Optilab 06 de abril a 31 de julho de 2026,VARILUX® Physio® Extensee,Progressiva,multifocal,efcbaf7a-b86b-461d-baea-76fb2f4fb57c,Airwear + Transitions Gen S,VARILUX® Physio® Extensee Airwear + Transitions Gen S,multifocal,Policarbonato,1.59,false,false,true,4949.00,Pagina 15,Optifog,Antirreflexo,final,5219.00,5219.00,-12.00,7.00,0.00,-6.00,1.00,3.50,null,null
Optilab,Optilab 06 de abril a 31 de julho de 2026,VARILUX® Physio® Extensee,Progressiva,multifocal,47a92a09-3c6b-49ed-85db-ea8bf5563039,Airwear + Transitions Gen S,VARILUX® Physio® Extensee Airwear + Transitions Gen S,multifocal,Policarbonato,1.59,false,false,true,4559.00,Pagina 16,Verniz Hc,Revestimento,final,4559.00,4559.00,-12.00,7.00,0.00,-6.00,1.00,3.50,null,null
Optilab,Optilab 06 de abril a 31 de julho de 2026,VARILUX® Physio® Extensee,Progressiva,multifocal,efcbaf7a-b86b-461d-baea-76fb2f4fb57c,Airwear + Transitions Gen S,VARILUX® Physio® Extensee Airwear + Transitions Gen S,multifocal,Policarbonato,1.59,false,false,true,4949.00,Pagina 15,Verniz Hc,Revestimento,final,4949.00,4949.00,-12.00,7.00,0.00,-6.00,1.00,3.50,null,null
Optilab,Optilab 06 de abril a 31 de julho de 2026,VARILUX® Physio® Extensee,Progressiva,multifocal,23a51766-708a-4528-ae9e-bed0590a005a,Airwear,VARILUX® Physio® Extensee COLORAÇÃO Essilor Fit Eyecode | CVP Airwear,multifocal,Policarbonato,1.59,false,false,true,3279.00,Pagina 15,Crizal Prevencia,Antirreflexo,final,3279.00,3279.00,-12.00,7.00,0.00,-6.00,1.00,3.50,COLORAÇÃO,Essilor Fit Eyecode | CVP
Optilab,Optilab 06 de abril a 31 de julho de 2026,VARILUX® Physio® Extensee,Progressiva,multifocal,10c32944-a024-4fe1-a27c-c538f54304cf,Orma,VARILUX® Physio® Extensee COLORAÇÃO Essilor Fit Eyecode | CVP Orma,multifocal,Resina,1.50,false,false,true,2979.00,Pagina 15,Crizal Prevencia,Antirreflexo,final,2979.00,2979.00,-11.00,7.00,0.00,-6.00,1.00,3.50,COLORAÇÃO,Essilor Fit Eyecode | CVP
Optilab,Optilab 06 de abril a 31 de julho de 2026,VARILUX® Physio® Extensee,Progressiva,multifocal,82585c66-150c-4482-807e-94963c75e2c2,Orma + Coloração especial,VARILUX® Physio® Extensee COLORAÇÃO Essilor Fit Eyecode | CVP Orma + Coloração especial,multifocal,Resina,1.50,false,false,true,3089.00,Pagina 15,Crizal Prevencia,Antirreflexo,final,3089.00,3089.00,-11.00,7.00,0.00,-6.00,1.00,3.50,COLORAÇÃO,Essilor Fit Eyecode | CVP
Optilab,Optilab 06 de abril a 31 de julho de 2026,VARILUX® Physio® Extensee,Progressiva,multifocal,0bccf499-636d-4a05-b58b-23a163929476,Airwear,VARILUX® Physio® Extensee COLORAÇÃO Essilor Fit Eyecode Airwear,multifocal,Policarbonato,1.59,false,false,true,2889.00,Pagina 16,Crizal Prevencia,Antirreflexo,final,2889.00,2889.00,-12.00,7.00,0.00,-6.00,1.00,3.50,COLORAÇÃO,Essilor Fit Eyecode
Optilab,Optilab 06 de abril a 31 de julho de 2026,VARILUX® Physio® Extensee,Progressiva,multifocal,bceff735-e42f-4031-ad6e-489508a282a1,Orma,VARILUX® Physio® Extensee COLORAÇÃO Essilor Fit Eyecode Orma,multifocal,Resina,1.50,false,false,true,2589.00,Pagina 16,Crizal Prevencia,Antirreflexo,final,2589.00,2589.00,-11.00,7.00,0.00,-6.00,1.00,3.50,COLORAÇÃO,Essilor Fit Eyecode
Optilab,Optilab 06 de abril a 31 de julho de 2026,VARILUX® Physio® Extensee,Progressiva,multifocal,e27a4681-b628-436d-80e1-1fbc8f072212,Orma + Coloração especial,VARILUX® Physio® Extensee COLORAÇÃO Essilor Fit Eyecode Orma + Coloração especial,multifocal,Resina,1.50,false,false,true,2699.00,Pagina 16,Crizal Prevencia,Antirreflexo,final,2699.00,2699.00,-11.00,7.00,0.00,-6.00,1.00,3.50,COLORAÇÃO,Essilor Fit Eyecode
Optilab,Optilab 06 de abril a 31 de julho de 2026,VARILUX® Physio® Extensee,Progressiva,multifocal,29e1899a-0513-4762-8011-40668432ab0e,Airwear,VARILUX® Physio® Extensee Essilor Fit Eyecode | CVP Airwear,multifocal,Policarbonato,1.59,false,false,true,3499.00,Pagina 15,Crizal Easy Pro,Antirreflexo,final,3499.00,3499.00,-12.00,7.00,0.00,-6.00,1.00,3.50,null,Essilor Fit Eyecode | CVP
Optilab,Optilab 06 de abril a 31 de julho de 2026,VARILUX® Physio® Extensee,Progressiva,multifocal,29e1899a-0513-4762-8011-40668432ab0e,Airwear,VARILUX® Physio® Extensee Essilor Fit Eyecode | CVP Airwear,multifocal,Policarbonato,1.59,false,false,true,3499.00,Pagina 15,Crizal Prevencia,Antirreflexo,final,4119.00,4119.00,-12.00,7.00,0.00,-6.00,1.00,3.50,null,Essilor Fit Eyecode | CVP
Optilab,Optilab 06 de abril a 31 de julho de 2026,VARILUX® Physio® Extensee,Progressiva,multifocal,29e1899a-0513-4762-8011-40668432ab0e,Airwear,VARILUX® Physio® Extensee Essilor Fit Eyecode | CVP Airwear,multifocal,Policarbonato,1.59,false,false,true,3499.00,Pagina 15,Crizal Rock,Antirreflexo,final,3849.00,3849.00,-12.00,7.00,0.00,-6.00,1.00,3.50,null,Essilor Fit Eyecode | CVP
Optilab,Optilab 06 de abril a 31 de julho de 2026,VARILUX® Physio® Extensee,Progressiva,multifocal,29e1899a-0513-4762-8011-40668432ab0e,Airwear,VARILUX® Physio® Extensee Essilor Fit Eyecode | CVP Airwear,multifocal,Policarbonato,1.59,false,false,true,3499.00,Pagina 15,Crizal Sapphire HR,Antirreflexo,final,4119.00,4119.00,-12.00,7.00,0.00,-6.00,1.00,3.50,null,Essilor Fit Eyecode | CVP
Optilab,Optilab 06 de abril a 31 de julho de 2026,VARILUX® Physio® Extensee,Progressiva,multifocal,29e1899a-0513-4762-8011-40668432ab0e,Airwear,VARILUX® Physio® Extensee Essilor Fit Eyecode | CVP Airwear,multifocal,Policarbonato,1.59,false,false,true,3499.00,Pagina 15,Optifog,Antirreflexo,final,3739.00,3739.00,-12.00,7.00,0.00,-6.00,1.00,3.50,null,Essilor Fit Eyecode | CVP
Optilab,Optilab 06 de abril a 31 de julho de 2026,VARILUX® Physio® Extensee,Progressiva,multifocal,79853dd4-05c0-4b3f-b33b-406b3816874a,Airwear + Transitions Extractive,VARILUX® Physio® Extensee Essilor Fit Eyecode | CVP Airwear + Transitions Extractive,multifocal,Policarbonato,1.59,false,false,true,4629.00,Pagina 15,Crizal Easy Pro,Antirreflexo,final,4629.00,4629.00,-12.00,7.00,0.00,-6.00,1.00,3.50,null,Essilor Fit Eyecode | CVP
Optilab,Optilab 06 de abril a 31 de julho de 2026,VARILUX® Physio® Extensee,Progressiva,multifocal,79853dd4-05c0-4b3f-b33b-406b3816874a,Airwear + Transitions Extractive,VARILUX® Physio® Extensee Essilor Fit Eyecode | CVP Airwear + Transitions Extractive,multifocal,Policarbonato,1.59,false,false,true,4629.00,Pagina 15,Crizal Prevencia,Antirreflexo,final,5249.00,5249.00,-12.00,7.00,0.00,-6.00,1.00,3.50,null,Essilor Fit Eyecode | CVP
Optilab,Optilab 06 de abril a 31 de julho de 2026,VARILUX® Physio® Extensee,Progressiva,multifocal,79853dd4-05c0-4b3f-b33b-406b3816874a,Airwear + Transitions Extractive,VARILUX® Physio® Extensee Essilor Fit Eyecode | CVP Airwear + Transitions Extractive,multifocal,Policarbonato,1.59,false,false,true,4629.00,Pagina 15,Crizal Rock,Antirreflexo,final,4979.00,4979.00,-12.00,7.00,0.00,-6.00,1.00,3.50,null,Essilor Fit Eyecode | CVP
Optilab,Optilab 06 de abril a 31 de julho de 2026,VARILUX® Physio® Extensee,Progressiva,multifocal,79853dd4-05c0-4b3f-b33b-406b3816874a,Airwear + Transitions Extractive,VARILUX® Physio® Extensee Essilor Fit Eyecode | CVP Airwear + Transitions Extractive,multifocal,Policarbonato,1.59,false,false,true,4629.00,Pagina 15,Crizal Sapphire HR,Antirreflexo,final,5249.00,5249.00,-12.00,7.00,0.00,-6.00,1.00,3.50,null,Essilor Fit Eyecode | CVP
Optilab,Optilab 06 de abril a 31 de julho de 2026,VARILUX® Physio® Extensee,Progressiva,multifocal,79853dd4-05c0-4b3f-b33b-406b3816874a,Airwear + Transitions Extractive,VARILUX® Physio® Extensee Essilor Fit Eyecode | CVP Airwear + Transitions Extractive,multifocal,Policarbonato,1.59,false,false,true,4629.00,Pagina 15,Optifog,Antirreflexo,final,4869.00,4869.00,-12.00,7.00,0.00,-6.00,1.00,3.50,null,Essilor Fit Eyecode | CVP
Optilab,Optilab 06 de abril a 31 de julho de 2026,VARILUX® Physio® Extensee,Progressiva,multifocal,d1ebdf99-d988-4ac1-b996-0e2ea7e3e82a,Airwear + Transitions Gen S,VARILUX® Physio® Extensee Essilor Fit Eyecode | CVP Airwear + Transitions Gen S,multifocal,Policarbonato,1.59,false,false,true,4599.00,Pagina 15,Crizal Easy Pro,Antirreflexo,final,4599.00,4599.00,-12.00,7.00,0.00,-6.00,1.00,3.50,null,Essilor Fit Eyecode | CVP
Optilab,Optilab 06 de abril a 31 de julho de 2026,VARILUX® Physio® Extensee,Progressiva,multifocal,d1ebdf99-d988-4ac1-b996-0e2ea7e3e82a,Airwear + Transitions Gen S,VARILUX® Physio® Extensee Essilor Fit Eyecode | CVP Airwear + Transitions Gen S,multifocal,Policarbonato,1.59,false,false,true,4599.00,Pagina 15,Crizal Prevencia,Antirreflexo,final,5219.00,5219.00,-12.00,7.00,0.00,-6.00,1.00,3.50,null,Essilor Fit Eyecode | CVP
Optilab,Optilab 06 de abril a 31 de julho de 2026,VARILUX® Physio® Extensee,Progressiva,multifocal,d1ebdf99-d988-4ac1-b996-0e2ea7e3e82a,Airwear + Transitions Gen S,VARILUX® Physio® Extensee Essilor Fit Eyecode | CVP Airwear + Transitions Gen S,multifocal,Policarbonato,1.59,false,false,true,4599.00,Pagina 15,Crizal Rock,Antirreflexo,final,4949.00,4949.00,-12.00,7.00,0.00,-6.00,1.00,3.50,null,Essilor Fit Eyecode | CVP
Optilab,Optilab 06 de abril a 31 de julho de 2026,VARILUX® Physio® Extensee,Progressiva,multifocal,d1ebdf99-d988-4ac1-b996-0e2ea7e3e82a,Airwear + Transitions Gen S,VARILUX® Physio® Extensee Essilor Fit Eyecode | CVP Airwear + Transitions Gen S,multifocal,Policarbonato,1.59,false,false,true,4599.00,Pagina 15,Crizal Sapphire HR,Antirreflexo,final,5219.00,5219.00,-12.00,7.00,0.00,-6.00,1.00,3.50,null,Essilor Fit Eyecode | CVP
Optilab,Optilab 06 de abril a 31 de julho de 2026,VARILUX® Physio® Extensee,Progressiva,multifocal,d1ebdf99-d988-4ac1-b996-0e2ea7e3e82a,Airwear + Transitions Gen S,VARILUX® Physio® Extensee Essilor Fit Eyecode | CVP Airwear + Transitions Gen S,multifocal,Policarbonato,1.59,false,false,true,4599.00,Pagina 15,Optifog,Antirreflexo,final,4839.00,4839.00,-12.00,7.00,0.00,-6.00,1.00,3.50,null,Essilor Fit Eyecode | CVP
Optilab,Optilab 06 de abril a 31 de julho de 2026,VARILUX® Physio® Extensee,Progressiva,multifocal,931a2e4c-a83d-467b-a7d1-fe53edc248da,Orma,VARILUX® Physio® Extensee Essilor Fit Eyecode | CVP Orma,multifocal,Resina,1.50,false,false,true,3199.00,Pagina 15,Crizal Easy Pro,Antirreflexo,final,3199.00,3199.00,-11.00,7.00,0.00,-6.00,1.00,3.50,null,Essilor Fit Eyecode | CVP
Optilab,Optilab 06 de abril a 31 de julho de 2026,VARILUX® Physio® Extensee,Progressiva,multifocal,931a2e4c-a83d-467b-a7d1-fe53edc248da,Orma,VARILUX® Physio® Extensee Essilor Fit Eyecode | CVP Orma,multifocal,Resina,1.50,false,false,true,3199.00,Pagina 15,Crizal Prevencia,Antirreflexo,final,3819.00,3819.00,-11.00,7.00,0.00,-6.00,1.00,3.50,null,Essilor Fit Eyecode | CVP
Optilab,Optilab 06 de abril a 31 de julho de 2026,VARILUX® Physio® Extensee,Progressiva,multifocal,931a2e4c-a83d-467b-a7d1-fe53edc248da,Orma,VARILUX® Physio® Extensee Essilor Fit Eyecode | CVP Orma,multifocal,Resina,1.50,false,false,true,3199.00,Pagina 15,Crizal Rock,Antirreflexo,final,3549.00,3549.00,-11.00,7.00,0.00,-6.00,1.00,3.50,null,Essilor Fit Eyecode | CVP
Optilab,Optilab 06 de abril a 31 de julho de 2026,VARILUX® Physio® Extensee,Progressiva,multifocal,931a2e4c-a83d-467b-a7d1-fe53edc248da,Orma,VARILUX® Physio® Extensee Essilor Fit Eyecode | CVP Orma,multifocal,Resina,1.50,false,false,true,3199.00,Pagina 15,Crizal Sapphire HR,Antirreflexo,final,3819.00,3819.00,-11.00,7.00,0.00,-6.00,1.00,3.50,null,Essilor Fit Eyecode | CVP
Optilab,Optilab 06 de abril a 31 de julho de 2026,VARILUX® Physio® Extensee,Progressiva,multifocal,931a2e4c-a83d-467b-a7d1-fe53edc248da,Orma,VARILUX® Physio® Extensee Essilor Fit Eyecode | CVP Orma,multifocal,Resina,1.50,false,false,true,3199.00,Pagina 15,Optifog,Antirreflexo,final,3439.00,3439.00,-11.00,7.00,0.00,-6.00,1.00,3.50,null,Essilor Fit Eyecode | CVP
Optilab,Optilab 06 de abril a 31 de julho de 2026,VARILUX® Physio® Extensee,Progressiva,multifocal,729f82f2-a4a7-4306-9767-d72c45dc0634,Orma + Blue UV Filter,VARILUX® Physio® Extensee Essilor Fit Eyecode | CVP Orma + Blue UV Filter,multifocal,Resina,1.50,false,false,true,3369.00,Pagina 15,Crizal Easy Pro,Antirreflexo,final,3369.00,3369.00,-11.00,7.00,0.00,-6.00,1.00,3.50,null,Essilor Fit Eyecode | CVP
Optilab,Optilab 06 de abril a 31 de julho de 2026,VARILUX® Physio® Extensee,Progressiva,multifocal,729f82f2-a4a7-4306-9767-d72c45dc0634,Orma + Blue UV Filter,VARILUX® Physio® Extensee Essilor Fit Eyecode | CVP Orma + Blue UV Filter,multifocal,Resina,1.50,false,false,true,3369.00,Pagina 15,Crizal Prevencia,Antirreflexo,final,3989.00,3989.00,-11.00,7.00,0.00,-6.00,1.00,3.50,null,Essilor Fit Eyecode | CVP
Optilab,Optilab 06 de abril a 31 de julho de 2026,VARILUX® Physio® Extensee,Progressiva,multifocal,729f82f2-a4a7-4306-9767-d72c45dc0634,Orma + Blue UV Filter,VARILUX® Physio® Extensee Essilor Fit Eyecode | CVP Orma + Blue UV Filter,multifocal,Resina,1.50,false,false,true,3369.00,Pagina 15,Crizal Rock,Antirreflexo,final,3719.00,3719.00,-11.00,7.00,0.00,-6.00,1.00,3.50,null,Essilor Fit Eyecode | CVP
Optilab,Optilab 06 de abril a 31 de julho de 2026,VARILUX® Physio® Extensee,Progressiva,multifocal,729f82f2-a4a7-4306-9767-d72c45dc0634,Orma + Blue UV Filter,VARILUX® Physio® Extensee Essilor Fit Eyecode | CVP Orma + Blue UV Filter,multifocal,Resina,1.50,false,false,true,3369.00,Pagina 15,Crizal Sapphire HR,Antirreflexo,final,3989.00,3989.00,-11.00,7.00,0.00,-6.00,1.00,3.50,null,Essilor Fit Eyecode | CVP
Optilab,Optilab 06 de abril a 31 de julho de 2026,VARILUX® Physio® Extensee,Progressiva,multifocal,729f82f2-a4a7-4306-9767-d72c45dc0634,Orma + Blue UV Filter,VARILUX® Physio® Extensee Essilor Fit Eyecode | CVP Orma + Blue UV Filter,multifocal,Resina,1.50,false,false,true,3369.00,Pagina 15,Optifog,Antirreflexo,final,3609.00,3609.00,-11.00,7.00,0.00,-6.00,1.00,3.50,null,Essilor Fit Eyecode | CVP
Optilab,Optilab 06 de abril a 31 de julho de 2026,VARILUX® Physio® Extensee,Progressiva,multifocal,8bd1c20e-426e-4c12-a104-2207940f0778,Orma + Transitions Gen S,VARILUX® Physio® Extensee Essilor Fit Eyecode | CVP Orma + Transitions Gen S,multifocal,Resina,1.50,false,false,true,4299.00,Pagina 15,Crizal Easy Pro,Antirreflexo,final,4299.00,4299.00,-11.00,7.00,0.00,-6.00,1.00,3.50,null,Essilor Fit Eyecode | CVP
Optilab,Optilab 06 de abril a 31 de julho de 2026,VARILUX® Physio® Extensee,Progressiva,multifocal,8bd1c20e-426e-4c12-a104-2207940f0778,Orma + Transitions Gen S,VARILUX® Physio® Extensee Essilor Fit Eyecode | CVP Orma + Transitions Gen S,multifocal,Resina,1.50,false,false,true,4299.00,Pagina 15,Crizal Prevencia,Antirreflexo,final,4919.00,4919.00,-11.00,7.00,0.00,-6.00,1.00,3.50,null,Essilor Fit Eyecode | CVP
Optilab,Optilab 06 de abril a 31 de julho de 2026,VARILUX® Physio® Extensee,Progressiva,multifocal,8bd1c20e-426e-4c12-a104-2207940f0778,Orma + Transitions Gen S,VARILUX® Physio® Extensee Essilor Fit Eyecode | CVP Orma + Transitions Gen S,multifocal,Resina,1.50,false,false,true,4299.00,Pagina 15,Crizal Rock,Antirreflexo,final,4649.00,4649.00,-11.00,7.00,0.00,-6.00,1.00,3.50,null,Essilor Fit Eyecode | CVP
Optilab,Optilab 06 de abril a 31 de julho de 2026,VARILUX® Physio® Extensee,Progressiva,multifocal,8bd1c20e-426e-4c12-a104-2207940f0778,Orma + Transitions Gen S,VARILUX® Physio® Extensee Essilor Fit Eyecode | CVP Orma + Transitions Gen S,multifocal,Resina,1.50,false,false,true,4299.00,Pagina 15,Crizal Sapphire HR,Antirreflexo,final,4919.00,4919.00,-11.00,7.00,0.00,-6.00,1.00,3.50,null,Essilor Fit Eyecode | CVP
Optilab,Optilab 06 de abril a 31 de julho de 2026,VARILUX® Physio® Extensee,Progressiva,multifocal,8bd1c20e-426e-4c12-a104-2207940f0778,Orma + Transitions Gen S,VARILUX® Physio® Extensee Essilor Fit Eyecode | CVP Orma + Transitions Gen S,multifocal,Resina,1.50,false,false,true,4299.00,Pagina 15,Optifog,Antirreflexo,final,4539.00,4539.00,-11.00,7.00,0.00,-6.00,1.00,3.50,null,Essilor Fit Eyecode | CVP
Optilab,Optilab 06 de abril a 31 de julho de 2026,VARILUX® Physio® Extensee,Progressiva,multifocal,b7c8eca2-97ea-4630-972b-212b897b948c,Stylis 1.67,VARILUX® Physio® Extensee Essilor Fit Eyecode | CVP Stylis 1.67,multifocal,Resina High Index,1.67,false,false,true,5489.00,Pagina 15,Crizal Easy Pro,Antirreflexo,final,5489.00,5489.00,-14.00,10.00,0.00,-6.00,1.00,3.50,null,Essilor Fit Eyecode | CVP
Optilab,Optilab 06 de abril a 31 de julho de 2026,VARILUX® Physio® Extensee,Progressiva,multifocal,b7c8eca2-97ea-4630-972b-212b897b948c,Stylis 1.67,VARILUX® Physio® Extensee Essilor Fit Eyecode | CVP Stylis 1.67,multifocal,Resina High Index,1.67,false,false,true,5489.00,Pagina 15,Crizal Prevencia,Antirreflexo,final,6109.00,6109.00,-14.00,10.00,0.00,-6.00,1.00,3.50,null,Essilor Fit Eyecode | CVP
Optilab,Optilab 06 de abril a 31 de julho de 2026,VARILUX® Physio® Extensee,Progressiva,multifocal,b7c8eca2-97ea-4630-972b-212b897b948c,Stylis 1.67,VARILUX® Physio® Extensee Essilor Fit Eyecode | CVP Stylis 1.67,multifocal,Resina High Index,1.67,false,false,true,5489.00,Pagina 15,Crizal Rock,Antirreflexo,final,5839.00,5839.00,-14.00,10.00,0.00,-6.00,1.00,3.50,null,Essilor Fit Eyecode | CVP
Optilab,Optilab 06 de abril a 31 de julho de 2026,VARILUX® Physio® Extensee,Progressiva,multifocal,b7c8eca2-97ea-4630-972b-212b897b948c,Stylis 1.67,VARILUX® Physio® Extensee Essilor Fit Eyecode | CVP Stylis 1.67,multifocal,Resina High Index,1.67,false,false,true,5489.00,Pagina 15,Crizal Sapphire HR,Antirreflexo,final,6109.00,6109.00,-14.00,10.00,0.00,-6.00,1.00,3.50,null,Essilor Fit Eyecode | CVP
Optilab,Optilab 06 de abril a 31 de julho de 2026,VARILUX® Physio® Extensee,Progressiva,multifocal,b7c8eca2-97ea-4630-972b-212b897b948c,Stylis 1.67,VARILUX® Physio® Extensee Essilor Fit Eyecode | CVP Stylis 1.67,multifocal,Resina High Index,1.67,false,false,true,5489.00,Pagina 15,Optifog,Antirreflexo,final,5729.00,5729.00,-14.00,10.00,0.00,-6.00,1.00,3.50,null,Essilor Fit Eyecode | CVP
Optilab,Optilab 06 de abril a 31 de julho de 2026,VARILUX® Physio® Extensee,Progressiva,multifocal,ecb4e3fa-bb3c-4b7e-8556-0bed335ec7b2,Stylis 1.67 + Transitions Gen S,VARILUX® Physio® Extensee Essilor Fit Eyecode | CVP Stylis 1.67 + Transitions Gen S,multifocal,Resina High Index,1.67,false,false,true,6589.00,Pagina 15,Crizal Easy Pro,Antirreflexo,final,6589.00,6589.00,-14.00,10.00,0.00,-6.00,1.00,3.50,null,Essilor Fit Eyecode | CVP
Optilab,Optilab 06 de abril a 31 de julho de 2026,VARILUX® Physio® Extensee,Progressiva,multifocal,ecb4e3fa-bb3c-4b7e-8556-0bed335ec7b2,Stylis 1.67 + Transitions Gen S,VARILUX® Physio® Extensee Essilor Fit Eyecode | CVP Stylis 1.67 + Transitions Gen S,multifocal,Resina High Index,1.67,false,false,true,6589.00,Pagina 15,Crizal Prevencia,Antirreflexo,final,7209.00,7209.00,-14.00,10.00,0.00,-6.00,1.00,3.50,null,Essilor Fit Eyecode | CVP
Optilab,Optilab 06 de abril a 31 de julho de 2026,VARILUX® Physio® Extensee,Progressiva,multifocal,ecb4e3fa-bb3c-4b7e-8556-0bed335ec7b2,Stylis 1.67 + Transitions Gen S,VARILUX® Physio® Extensee Essilor Fit Eyecode | CVP Stylis 1.67 + Transitions Gen S,multifocal,Resina High Index,1.67,false,false,true,6589.00,Pagina 15,Crizal Rock,Antirreflexo,final,6939.00,6939.00,-14.00,10.00,0.00,-6.00,1.00,3.50,null,Essilor Fit Eyecode | CVP
Optilab,Optilab 06 de abril a 31 de julho de 2026,VARILUX® Physio® Extensee,Progressiva,multifocal,ecb4e3fa-bb3c-4b7e-8556-0bed335ec7b2,Stylis 1.67 + Transitions Gen S,VARILUX® Physio® Extensee Essilor Fit Eyecode | CVP Stylis 1.67 + Transitions Gen S,multifocal,Resina High Index,1.67,false,false,true,6589.00,Pagina 15,Crizal Sapphire HR,Antirreflexo,final,7209.00,7209.00,-14.00,10.00,0.00,-6.00,1.00,3.50,null,Essilor Fit Eyecode | CVP
Optilab,Optilab 06 de abril a 31 de julho de 2026,VARILUX® Physio® Extensee,Progressiva,multifocal,ecb4e3fa-bb3c-4b7e-8556-0bed335ec7b2,Stylis 1.67 + Transitions Gen S,VARILUX® Physio® Extensee Essilor Fit Eyecode | CVP Stylis 1.67 + Transitions Gen S,multifocal,Resina High Index,1.67,false,false,true,6589.00,Pagina 15,Optifog,Antirreflexo,final,6829.00,6829.00,-14.00,10.00,0.00,-6.00,1.00,3.50,null,Essilor Fit Eyecode | CVP
Optilab,Optilab 06 de abril a 31 de julho de 2026,VARILUX® Physio® Extensee,Progressiva,multifocal,d6bb4ffe-e6dc-4499-8801-cdb831321a3b,Stylis 1.74,VARILUX® Physio® Extensee Essilor Fit Eyecode | CVP Stylis 1.74,multifocal,Resina High Index,1.74,false,false,true,7449.00,Pagina 15,Crizal Sapphire HR,Antirreflexo,final,7449.00,7449.00,-14.00,12.00,0.00,-6.00,1.00,3.50,null,Essilor Fit Eyecode | CVP
Optilab,Optilab 06 de abril a 31 de julho de 2026,VARILUX® Physio® Extensee,Progressiva,multifocal,796a9b76-9ca2-4552-b8d8-b681bfd1e01c,Airwear,VARILUX® Physio® Extensee Essilor Fit Eyecode Airwear,multifocal,Policarbonato,1.59,false,false,true,3109.00,Pagina 16,Crizal Easy Pro,Antirreflexo,final,3109.00,3109.00,-12.00,7.00,0.00,-6.00,1.00,3.50,null,Essilor Fit Eyecode
Optilab,Optilab 06 de abril a 31 de julho de 2026,VARILUX® Physio® Extensee,Progressiva,multifocal,796a9b76-9ca2-4552-b8d8-b681bfd1e01c,Airwear,VARILUX® Physio® Extensee Essilor Fit Eyecode Airwear,multifocal,Policarbonato,1.59,false,false,true,3109.00,Pagina 16,Crizal Prevencia,Antirreflexo,final,3729.00,3729.00,-12.00,7.00,0.00,-6.00,1.00,3.50,null,Essilor Fit Eyecode
Optilab,Optilab 06 de abril a 31 de julho de 2026,VARILUX® Physio® Extensee,Progressiva,multifocal,796a9b76-9ca2-4552-b8d8-b681bfd1e01c,Airwear,VARILUX® Physio® Extensee Essilor Fit Eyecode Airwear,multifocal,Policarbonato,1.59,false,false,true,3109.00,Pagina 16,Crizal Rock,Antirreflexo,final,3459.00,3459.00,-12.00,7.00,0.00,-6.00,1.00,3.50,null,Essilor Fit Eyecode
Optilab,Optilab 06 de abril a 31 de julho de 2026,VARILUX® Physio® Extensee,Progressiva,multifocal,796a9b76-9ca2-4552-b8d8-b681bfd1e01c,Airwear,VARILUX® Physio® Extensee Essilor Fit Eyecode Airwear,multifocal,Policarbonato,1.59,false,false,true,3109.00,Pagina 16,Crizal Sapphire HR,Antirreflexo,final,3729.00,3729.00,-12.00,7.00,0.00,-6.00,1.00,3.50,null,Essilor Fit Eyecode
Optilab,Optilab 06 de abril a 31 de julho de 2026,VARILUX® Physio® Extensee,Progressiva,multifocal,796a9b76-9ca2-4552-b8d8-b681bfd1e01c,Airwear,VARILUX® Physio® Extensee Essilor Fit Eyecode Airwear,multifocal,Policarbonato,1.59,false,false,true,3109.00,Pagina 16,Optifog,Antirreflexo,final,3349.00,3349.00,-12.00,7.00,0.00,-6.00,1.00,3.50,null,Essilor Fit Eyecode
Optilab,Optilab 06 de abril a 31 de julho de 2026,VARILUX® Physio® Extensee,Progressiva,multifocal,601f2f8f-40b1-44ed-8fe1-dbaf9f8f3caa,Airwear + Transitions Extractive,VARILUX® Physio® Extensee Essilor Fit Eyecode Airwear + Transitions Extractive,multifocal,Policarbonato,1.59,false,false,true,4239.00,Pagina 16,Crizal Easy Pro,Antirreflexo,final,4239.00,4239.00,-12.00,7.00,0.00,-6.00,1.00,3.50,null,Essilor Fit Eyecode
Optilab,Optilab 06 de abril a 31 de julho de 2026,VARILUX® Physio® Extensee,Progressiva,multifocal,601f2f8f-40b1-44ed-8fe1-dbaf9f8f3caa,Airwear + Transitions Extractive,VARILUX® Physio® Extensee Essilor Fit Eyecode Airwear + Transitions Extractive,multifocal,Policarbonato,1.59,false,false,true,4239.00,Pagina 16,Crizal Prevencia,Antirreflexo,final,4859.00,4859.00,-12.00,7.00,0.00,-6.00,1.00,3.50,null,Essilor Fit Eyecode
Optilab,Optilab 06 de abril a 31 de julho de 2026,VARILUX® Physio® Extensee,Progressiva,multifocal,601f2f8f-40b1-44ed-8fe1-dbaf9f8f3caa,Airwear + Transitions Extractive,VARILUX® Physio® Extensee Essilor Fit Eyecode Airwear + Transitions Extractive,multifocal,Policarbonato,1.59,false,false,true,4239.00,Pagina 16,Crizal Rock,Antirreflexo,final,4589.00,4589.00,-12.00,7.00,0.00,-6.00,1.00,3.50,null,Essilor Fit Eyecode
Optilab,Optilab 06 de abril a 31 de julho de 2026,VARILUX® Physio® Extensee,Progressiva,multifocal,601f2f8f-40b1-44ed-8fe1-dbaf9f8f3caa,Airwear + Transitions Extractive,VARILUX® Physio® Extensee Essilor Fit Eyecode Airwear + Transitions Extractive,multifocal,Policarbonato,1.59,false,false,true,4239.00,Pagina 16,Crizal Sapphire HR,Antirreflexo,final,4859.00,4859.00,-12.00,7.00,0.00,-6.00,1.00,3.50,null,Essilor Fit Eyecode
Optilab,Optilab 06 de abril a 31 de julho de 2026,VARILUX® Physio® Extensee,Progressiva,multifocal,601f2f8f-40b1-44ed-8fe1-dbaf9f8f3caa,Airwear + Transitions Extractive,VARILUX® Physio® Extensee Essilor Fit Eyecode Airwear + Transitions Extractive,multifocal,Policarbonato,1.59,false,false,true,4239.00,Pagina 16,Optifog,Antirreflexo,final,4479.00,4479.00,-12.00,7.00,0.00,-6.00,1.00,3.50,null,Essilor Fit Eyecode
Optilab,Optilab 06 de abril a 31 de julho de 2026,VARILUX® Physio® Extensee,Progressiva,multifocal,ea60cbaa-b950-4da6-b2e1-0c43fad9a5d3,Airwear + Transitions Gen S,VARILUX® Physio® Extensee Essilor Fit Eyecode Airwear + Transitions Gen S,multifocal,Policarbonato,1.59,false,false,true,4209.00,Pagina 16,Crizal Easy Pro,Antirreflexo,final,4209.00,4209.00,-12.00,7.00,0.00,-6.00,1.00,3.50,null,Essilor Fit Eyecode
Optilab,Optilab 06 de abril a 31 de julho de 2026,VARILUX® Physio® Extensee,Progressiva,multifocal,ea60cbaa-b950-4da6-b2e1-0c43fad9a5d3,Airwear + Transitions Gen S,VARILUX® Physio® Extensee Essilor Fit Eyecode Airwear + Transitions Gen S,multifocal,Policarbonato,1.59,false,false,true,4209.00,Pagina 16,Crizal Prevencia,Antirreflexo,final,4829.00,4829.00,-12.00,7.00,0.00,-6.00,1.00,3.50,null,Essilor Fit Eyecode
Optilab,Optilab 06 de abril a 31 de julho de 2026,VARILUX® Physio® Extensee,Progressiva,multifocal,ea60cbaa-b950-4da6-b2e1-0c43fad9a5d3,Airwear + Transitions Gen S,VARILUX® Physio® Extensee Essilor Fit Eyecode Airwear + Transitions Gen S,multifocal,Policarbonato,1.59,false,false,true,4209.00,Pagina 16,Crizal Rock,Antirreflexo,final,4559.00,4559.00,-12.00,7.00,0.00,-6.00,1.00,3.50,null,Essilor Fit Eyecode
Optilab,Optilab 06 de abril a 31 de julho de 2026,VARILUX® Physio® Extensee,Progressiva,multifocal,ea60cbaa-b950-4da6-b2e1-0c43fad9a5d3,Airwear + Transitions Gen S,VARILUX® Physio® Extensee Essilor Fit Eyecode Airwear + Transitions Gen S,multifocal,Policarbonato,1.59,false,false,true,4209.00,Pagina 16,Crizal Sapphire HR,Antirreflexo,final,4829.00,4829.00,-12.00,7.00,0.00,-6.00,1.00,3.50,null,Essilor Fit Eyecode
Optilab,Optilab 06 de abril a 31 de julho de 2026,VARILUX® Physio® Extensee,Progressiva,multifocal,ea60cbaa-b950-4da6-b2e1-0c43fad9a5d3,Airwear + Transitions Gen S,VARILUX® Physio® Extensee Essilor Fit Eyecode Airwear + Transitions Gen S,multifocal,Policarbonato,1.59,false,false,true,4209.00,Pagina 16,Optifog,Antirreflexo,final,4449.00,4449.00,-12.00,7.00,0.00,-6.00,1.00,3.50,null,Essilor Fit Eyecode
Optilab,Optilab 06 de abril a 31 de julho de 2026,VARILUX® Physio® Extensee,Progressiva,multifocal,1267d4b0-2b4c-46dc-affc-74f89511a37c,Orma,VARILUX® Physio® Extensee Essilor Fit Eyecode Orma,multifocal,Resina,1.50,false,false,true,2809.00,Pagina 16,Crizal Easy Pro,Antirreflexo,final,2809.00,2809.00,-11.00,7.00,0.00,-6.00,1.00,3.50,null,Essilor Fit Eyecode
Optilab,Optilab 06 de abril a 31 de julho de 2026,VARILUX® Physio® Extensee,Progressiva,multifocal,1267d4b0-2b4c-46dc-affc-74f89511a37c,Orma,VARILUX® Physio® Extensee Essilor Fit Eyecode Orma,multifocal,Resina,1.50,false,false,true,2809.00,Pagina 16,Crizal Prevencia,Antirreflexo,final,3429.00,3429.00,-11.00,7.00,0.00,-6.00,1.00,3.50,null,Essilor Fit Eyecode
Optilab,Optilab 06 de abril a 31 de julho de 2026,VARILUX® Physio® Extensee,Progressiva,multifocal,1267d4b0-2b4c-46dc-affc-74f89511a37c,Orma,VARILUX® Physio® Extensee Essilor Fit Eyecode Orma,multifocal,Resina,1.50,false,false,true,2809.00,Pagina 16,Crizal Rock,Antirreflexo,final,3159.00,3159.00,-11.00,7.00,0.00,-6.00,1.00,3.50,null,Essilor Fit Eyecode
Optilab,Optilab 06 de abril a 31 de julho de 2026,VARILUX® Physio® Extensee,Progressiva,multifocal,1267d4b0-2b4c-46dc-affc-74f89511a37c,Orma,VARILUX® Physio® Extensee Essilor Fit Eyecode Orma,multifocal,Resina,1.50,false,false,true,2809.00,Pagina 16,Crizal Sapphire HR,Antirreflexo,final,3429.00,3429.00,-11.00,7.00,0.00,-6.00,1.00,3.50,null,Essilor Fit Eyecode
Optilab,Optilab 06 de abril a 31 de julho de 2026,VARILUX® Physio® Extensee,Progressiva,multifocal,1267d4b0-2b4c-46dc-affc-74f89511a37c,Orma,VARILUX® Physio® Extensee Essilor Fit Eyecode Orma,multifocal,Resina,1.50,false,false,true,2809.00,Pagina 16,Optifog,Antirreflexo,final,3049.00,3049.00,-11.00,7.00,0.00,-6.00,1.00,3.50,null,Essilor Fit Eyecode
Optilab,Optilab 06 de abril a 31 de julho de 2026,VARILUX® Physio® Extensee,Progressiva,multifocal,03ab994a-b261-405b-8f1d-71db65a1659f,Orma + Blue UV Filter,VARILUX® Physio® Extensee Essilor Fit Eyecode Orma + Blue UV Filter,multifocal,Resina,1.50,false,false,true,2979.00,Pagina 16,Crizal Easy Pro,Antirreflexo,final,2979.00,2979.00,-11.00,7.00,0.00,-6.00,1.00,3.50,null,Essilor Fit Eyecode
Optilab,Optilab 06 de abril a 31 de julho de 2026,VARILUX® Physio® Extensee,Progressiva,multifocal,03ab994a-b261-405b-8f1d-71db65a1659f,Orma + Blue UV Filter,VARILUX® Physio® Extensee Essilor Fit Eyecode Orma + Blue UV Filter,multifocal,Resina,1.50,false,false,true,2979.00,Pagina 16,Crizal Prevencia,Antirreflexo,final,3599.00,3599.00,-11.00,7.00,0.00,-6.00,1.00,3.50,null,Essilor Fit Eyecode
Optilab,Optilab 06 de abril a 31 de julho de 2026,VARILUX® Physio® Extensee,Progressiva,multifocal,03ab994a-b261-405b-8f1d-71db65a1659f,Orma + Blue UV Filter,VARILUX® Physio® Extensee Essilor Fit Eyecode Orma + Blue UV Filter,multifocal,Resina,1.50,false,false,true,2979.00,Pagina 16,Crizal Rock,Antirreflexo,final,3329.00,3329.00,-11.00,7.00,0.00,-6.00,1.00,3.50,null,Essilor Fit Eyecode
Optilab,Optilab 06 de abril a 31 de julho de 2026,VARILUX® Physio® Extensee,Progressiva,multifocal,03ab994a-b261-405b-8f1d-71db65a1659f,Orma + Blue UV Filter,VARILUX® Physio® Extensee Essilor Fit Eyecode Orma + Blue UV Filter,multifocal,Resina,1.50,false,false,true,2979.00,Pagina 16,Crizal Sapphire HR,Antirreflexo,final,3599.00,3599.00,-11.00,7.00,0.00,-6.00,1.00,3.50,null,Essilor Fit Eyecode
Optilab,Optilab 06 de abril a 31 de julho de 2026,VARILUX® Physio® Extensee,Progressiva,multifocal,03ab994a-b261-405b-8f1d-71db65a1659f,Orma + Blue UV Filter,VARILUX® Physio® Extensee Essilor Fit Eyecode Orma + Blue UV Filter,multifocal,Resina,1.50,false,false,true,2979.00,Pagina 16,Optifog,Antirreflexo,final,3219.00,3219.00,-11.00,7.00,0.00,-6.00,1.00,3.50,null,Essilor Fit Eyecode
Optilab,Optilab 06 de abril a 31 de julho de 2026,VARILUX® Physio® Extensee,Progressiva,multifocal,5da91598-fa94-4331-b2ce-42ceec37031c,Orma + Transitions Gen S,VARILUX® Physio® Extensee Essilor Fit Eyecode Orma + Transitions Gen S,multifocal,Resina,1.50,false,false,true,3909.00,Pagina 16,Crizal Easy Pro,Antirreflexo,final,3909.00,3909.00,-11.00,7.00,0.00,-6.00,1.00,3.50,null,Essilor Fit Eyecode
Optilab,Optilab 06 de abril a 31 de julho de 2026,VARILUX® Physio® Extensee,Progressiva,multifocal,5da91598-fa94-4331-b2ce-42ceec37031c,Orma + Transitions Gen S,VARILUX® Physio® Extensee Essilor Fit Eyecode Orma + Transitions Gen S,multifocal,Resina,1.50,false,false,true,3909.00,Pagina 16,Crizal Prevencia,Antirreflexo,final,4529.00,4529.00,-11.00,7.00,0.00,-6.00,1.00,3.50,null,Essilor Fit Eyecode
Optilab,Optilab 06 de abril a 31 de julho de 2026,VARILUX® Physio® Extensee,Progressiva,multifocal,5da91598-fa94-4331-b2ce-42ceec37031c,Orma + Transitions Gen S,VARILUX® Physio® Extensee Essilor Fit Eyecode Orma + Transitions Gen S,multifocal,Resina,1.50,false,false,true,3909.00,Pagina 16,Crizal Rock,Antirreflexo,final,4259.00,4259.00,-11.00,7.00,0.00,-6.00,1.00,3.50,null,Essilor Fit Eyecode
Optilab,Optilab 06 de abril a 31 de julho de 2026,VARILUX® Physio® Extensee,Progressiva,multifocal,5da91598-fa94-4331-b2ce-42ceec37031c,Orma + Transitions Gen S,VARILUX® Physio® Extensee Essilor Fit Eyecode Orma + Transitions Gen S,multifocal,Resina,1.50,false,false,true,3909.00,Pagina 16,Crizal Sapphire HR,Antirreflexo,final,4529.00,4529.00,-11.00,7.00,0.00,-6.00,1.00,3.50,null,Essilor Fit Eyecode
Optilab,Optilab 06 de abril a 31 de julho de 2026,VARILUX® Physio® Extensee,Progressiva,multifocal,5da91598-fa94-4331-b2ce-42ceec37031c,Orma + Transitions Gen S,VARILUX® Physio® Extensee Essilor Fit Eyecode Orma + Transitions Gen S,multifocal,Resina,1.50,false,false,true,3909.00,Pagina 16,Optifog,Antirreflexo,final,4149.00,4149.00,-11.00,7.00,0.00,-6.00,1.00,3.50,null,Essilor Fit Eyecode
Optilab,Optilab 06 de abril a 31 de julho de 2026,VARILUX® Physio® Extensee,Progressiva,multifocal,5fb63b8f-8440-4272-99b9-b81e54a3bbb0,Stylis 1.67,VARILUX® Physio® Extensee Essilor Fit Eyecode Stylis 1.67,multifocal,Resina High Index,1.67,false,false,true,5099.00,Pagina 16,Crizal Easy Pro,Antirreflexo,final,5099.00,5099.00,-14.00,10.00,0.00,-6.00,1.00,3.50,null,Essilor Fit Eyecode
Optilab,Optilab 06 de abril a 31 de julho de 2026,VARILUX® Physio® Extensee,Progressiva,multifocal,5fb63b8f-8440-4272-99b9-b81e54a3bbb0,Stylis 1.67,VARILUX® Physio® Extensee Essilor Fit Eyecode Stylis 1.67,multifocal,Resina High Index,1.67,false,false,true,5099.00,Pagina 16,Crizal Prevencia,Antirreflexo,final,5719.00,5719.00,-14.00,10.00,0.00,-6.00,1.00,3.50,null,Essilor Fit Eyecode
Optilab,Optilab 06 de abril a 31 de julho de 2026,VARILUX® Physio® Extensee,Progressiva,multifocal,5fb63b8f-8440-4272-99b9-b81e54a3bbb0,Stylis 1.67,VARILUX® Physio® Extensee Essilor Fit Eyecode Stylis 1.67,multifocal,Resina High Index,1.67,false,false,true,5099.00,Pagina 16,Crizal Rock,Antirreflexo,final,5449.00,5449.00,-14.00,10.00,0.00,-6.00,1.00,3.50,null,Essilor Fit Eyecode
Optilab,Optilab 06 de abril a 31 de julho de 2026,VARILUX® Physio® Extensee,Progressiva,multifocal,5fb63b8f-8440-4272-99b9-b81e54a3bbb0,Stylis 1.67,VARILUX® Physio® Extensee Essilor Fit Eyecode Stylis 1.67,multifocal,Resina High Index,1.67,false,false,true,5099.00,Pagina 16,Crizal Sapphire HR,Antirreflexo,final,5719.00,5719.00,-14.00,10.00,0.00,-6.00,1.00,3.50,null,Essilor Fit Eyecode
Optilab,Optilab 06 de abril a 31 de julho de 2026,VARILUX® Physio® Extensee,Progressiva,multifocal,5fb63b8f-8440-4272-99b9-b81e54a3bbb0,Stylis 1.67,VARILUX® Physio® Extensee Essilor Fit Eyecode Stylis 1.67,multifocal,Resina High Index,1.67,false,false,true,5099.00,Pagina 16,Optifog,Antirreflexo,final,5339.00,5339.00,-14.00,10.00,0.00,-6.00,1.00,3.50,null,Essilor Fit Eyecode
Optilab,Optilab 06 de abril a 31 de julho de 2026,VARILUX® Physio® Extensee,Progressiva,multifocal,d172175d-1261-49b0-acd7-fdae516ee3c8,Stylis 1.67 + Transitions Gen S,VARILUX® Physio® Extensee Essilor Fit Eyecode Stylis 1.67 + Transitions Gen S,multifocal,Resina High Index,1.67,false,false,true,6199.00,Pagina 16,Crizal Easy Pro,Antirreflexo,final,6199.00,6199.00,-14.00,10.00,0.00,-6.00,1.00,3.50,null,Essilor Fit Eyecode
Optilab,Optilab 06 de abril a 31 de julho de 2026,VARILUX® Physio® Extensee,Progressiva,multifocal,d172175d-1261-49b0-acd7-fdae516ee3c8,Stylis 1.67 + Transitions Gen S,VARILUX® Physio® Extensee Essilor Fit Eyecode Stylis 1.67 + Transitions Gen S,multifocal,Resina High Index,1.67,false,false,true,6199.00,Pagina 16,Crizal Prevencia,Antirreflexo,final,6819.00,6819.00,-14.00,10.00,0.00,-6.00,1.00,3.50,null,Essilor Fit Eyecode
Optilab,Optilab 06 de abril a 31 de julho de 2026,VARILUX® Physio® Extensee,Progressiva,multifocal,d172175d-1261-49b0-acd7-fdae516ee3c8,Stylis 1.67 + Transitions Gen S,VARILUX® Physio® Extensee Essilor Fit Eyecode Stylis 1.67 + Transitions Gen S,multifocal,Resina High Index,1.67,false,false,true,6199.00,Pagina 16,Crizal Rock,Antirreflexo,final,6549.00,6549.00,-14.00,10.00,0.00,-6.00,1.00,3.50,null,Essilor Fit Eyecode
Optilab,Optilab 06 de abril a 31 de julho de 2026,VARILUX® Physio® Extensee,Progressiva,multifocal,d172175d-1261-49b0-acd7-fdae516ee3c8,Stylis 1.67 + Transitions Gen S,VARILUX® Physio® Extensee Essilor Fit Eyecode Stylis 1.67 + Transitions Gen S,multifocal,Resina High Index,1.67,false,false,true,6199.00,Pagina 16,Crizal Sapphire HR,Antirreflexo,final,6819.00,6819.00,-14.00,10.00,0.00,-6.00,1.00,3.50,null,Essilor Fit Eyecode
Optilab,Optilab 06 de abril a 31 de julho de 2026,VARILUX® Physio® Extensee,Progressiva,multifocal,d172175d-1261-49b0-acd7-fdae516ee3c8,Stylis 1.67 + Transitions Gen S,VARILUX® Physio® Extensee Essilor Fit Eyecode Stylis 1.67 + Transitions Gen S,multifocal,Resina High Index,1.67,false,false,true,6199.00,Pagina 16,Optifog,Antirreflexo,final,6439.00,6439.00,-14.00,10.00,0.00,-6.00,1.00,3.50,null,Essilor Fit Eyecode
Optilab,Optilab 06 de abril a 31 de julho de 2026,VARILUX® Physio® Extensee,Progressiva,multifocal,3c50a27b-04c3-4bc9-804b-18d720e07b85,Stylis 1.74,VARILUX® Physio® Extensee Essilor Fit Eyecode Stylis 1.74,multifocal,Resina High Index,1.74,false,false,true,7059.00,Pagina 16,Crizal Sapphire HR,Antirreflexo,final,7059.00,7059.00,-14.00,12.00,0.00,-6.00,1.00,3.50,null,Essilor Fit Eyecode
Optilab,Optilab 06 de abril a 31 de julho de 2026,VARILUX® Physio® Extensee,Progressiva,multifocal,92c25bfd-3018-4417-804d-fa75845f5176,Orma,VARILUX® Physio® Extensee Orma,multifocal,Resina,1.50,false,false,true,2589.00,Pagina 16,Crizal Easy Pro,Antirreflexo,final,2589.00,2589.00,-11.00,7.00,0.00,-6.00,1.00,3.50,null,null
Optilab,Optilab 06 de abril a 31 de julho de 2026,VARILUX® Physio® Extensee,Progressiva,multifocal,875d110b-1ceb-43ae-9a98-52bc550933df,Orma,VARILUX® Physio® Extensee Orma,multifocal,Resina,1.50,false,false,true,3549.00,Pagina 15,Crizal Easy Pro,Antirreflexo,final,3819.00,3819.00,-11.00,7.00,0.00,-6.00,1.00,3.50,null,null
Optilab,Optilab 06 de abril a 31 de julho de 2026,VARILUX® Physio® Extensee,Progressiva,multifocal,7a12ec41-0e48-47c8-a47f-fb4ba7ac4e72,Orma,VARILUX® Physio® Extensee Orma,multifocal,Resina,1.50,false,false,true,2979.00,Pagina 15,Crizal Easy Pro,Antirreflexo,final,2979.00,2979.00,-11.00,7.00,0.00,-6.00,1.00,3.50,null,null
Optilab,Optilab 06 de abril a 31 de julho de 2026,VARILUX® Physio® Extensee,Progressiva,multifocal,a0ff163b-8088-40c4-8fe2-7aeffb438532,Orma,VARILUX® Physio® Extensee Orma,multifocal,Resina,1.50,false,false,true,3159.00,Pagina 16,Crizal Easy Pro,Antirreflexo,final,3429.00,3429.00,-11.00,7.00,0.00,-6.00,1.00,3.50,null,null
Optilab,Optilab 06 de abril a 31 de julho de 2026,VARILUX® Physio® Extensee,Progressiva,multifocal,875d110b-1ceb-43ae-9a98-52bc550933df,Orma,VARILUX® Physio® Extensee Orma,multifocal,Resina,1.50,false,false,true,3549.00,Pagina 15,Optifog,Antirreflexo,final,3819.00,3819.00,-11.00,7.00,0.00,-6.00,1.00,3.50,null,null
Optilab,Optilab 06 de abril a 31 de julho de 2026,VARILUX® Physio® Extensee,Progressiva,multifocal,a0ff163b-8088-40c4-8fe2-7aeffb438532,Orma,VARILUX® Physio® Extensee Orma,multifocal,Resina,1.50,false,false,true,3159.00,Pagina 16,Optifog,Antirreflexo,final,3429.00,3429.00,-11.00,7.00,0.00,-6.00,1.00,3.50,null,null
Optilab,Optilab 06 de abril a 31 de julho de 2026,VARILUX® Physio® Extensee,Progressiva,multifocal,a0ff163b-8088-40c4-8fe2-7aeffb438532,Orma,VARILUX® Physio® Extensee Orma,multifocal,Resina,1.50,false,false,true,3159.00,Pagina 16,Verniz Hc,Revestimento,final,3159.00,3159.00,-11.00,7.00,0.00,-6.00,1.00,3.50,null,null
Optilab,Optilab 06 de abril a 31 de julho de 2026,VARILUX® Physio® Extensee,Progressiva,multifocal,875d110b-1ceb-43ae-9a98-52bc550933df,Orma,VARILUX® Physio® Extensee Orma,multifocal,Resina,1.50,false,false,true,3549.00,Pagina 15,Verniz Hc,Revestimento,final,3549.00,3549.00,-11.00,7.00,0.00,-6.00,1.00,3.50,null,null
Optilab,Optilab 06 de abril a 31 de julho de 2026,VARILUX® Physio® Extensee,Progressiva,multifocal,d2d88bd4-d1ad-4fc0-a39b-72475abb1d99,Orma + Blue UV Filter,VARILUX® Physio® Extensee Orma + Blue UV Filter,multifocal,Resina,1.50,false,false,true,3719.00,Pagina 15,Crizal Easy Pro,Antirreflexo,final,3989.00,3989.00,-11.00,7.00,0.00,-6.00,1.00,3.50,null,null
Optilab,Optilab 06 de abril a 31 de julho de 2026,VARILUX® Physio® Extensee,Progressiva,multifocal,a6d38c92-fd44-48f5-a7fc-5776e1c4954d,Orma + Blue UV Filter,VARILUX® Physio® Extensee Orma + Blue UV Filter,multifocal,Resina,1.50,false,false,true,3329.00,Pagina 16,Crizal Easy Pro,Antirreflexo,final,3599.00,3599.00,-11.00,7.00,0.00,-6.00,1.00,3.50,null,null
Optilab,Optilab 06 de abril a 31 de julho de 2026,VARILUX® Physio® Extensee,Progressiva,multifocal,d2d88bd4-d1ad-4fc0-a39b-72475abb1d99,Orma + Blue UV Filter,VARILUX® Physio® Extensee Orma + Blue UV Filter,multifocal,Resina,1.50,false,false,true,3719.00,Pagina 15,Optifog,Antirreflexo,final,3989.00,3989.00,-11.00,7.00,0.00,-6.00,1.00,3.50,null,null
Optilab,Optilab 06 de abril a 31 de julho de 2026,VARILUX® Physio® Extensee,Progressiva,multifocal,a6d38c92-fd44-48f5-a7fc-5776e1c4954d,Orma + Blue UV Filter,VARILUX® Physio® Extensee Orma + Blue UV Filter,multifocal,Resina,1.50,false,false,true,3329.00,Pagina 16,Optifog,Antirreflexo,final,3599.00,3599.00,-11.00,7.00,0.00,-6.00,1.00,3.50,null,null
Optilab,Optilab 06 de abril a 31 de julho de 2026,VARILUX® Physio® Extensee,Progressiva,multifocal,d2d88bd4-d1ad-4fc0-a39b-72475abb1d99,Orma + Blue UV Filter,VARILUX® Physio® Extensee Orma + Blue UV Filter,multifocal,Resina,1.50,false,false,true,3719.00,Pagina 15,Verniz Hc,Revestimento,final,3719.00,3719.00,-11.00,7.00,0.00,-6.00,1.00,3.50,null,null
Optilab,Optilab 06 de abril a 31 de julho de 2026,VARILUX® Physio® Extensee,Progressiva,multifocal,a6d38c92-fd44-48f5-a7fc-5776e1c4954d,Orma + Blue UV Filter,VARILUX® Physio® Extensee Orma + Blue UV Filter,multifocal,Resina,1.50,false,false,true,3329.00,Pagina 16,Verniz Hc,Revestimento,final,3329.00,3329.00,-11.00,7.00,0.00,-6.00,1.00,3.50,null,null
Optilab,Optilab 06 de abril a 31 de julho de 2026,VARILUX® Physio® Extensee,Progressiva,multifocal,09d27c61-4d50-4345-ae02-45d5b8b258c2,Orma + Coloração especial,VARILUX® Physio® Extensee Orma + Coloração especial,multifocal,Resina,1.50,false,false,true,3089.00,Pagina 15,Crizal Easy Pro,Antirreflexo,final,3089.00,3089.00,-11.00,7.00,0.00,-6.00,1.00,3.50,null,null
Optilab,Optilab 06 de abril a 31 de julho de 2026,VARILUX® Physio® Extensee,Progressiva,multifocal,21962113-7e21-4ed7-957b-473da9612934,Orma + Coloração especial,VARILUX® Physio® Extensee Orma + Coloração especial,multifocal,Resina,1.50,false,false,true,2699.00,Pagina 16,Crizal Easy Pro,Antirreflexo,final,2699.00,2699.00,-11.00,7.00,0.00,-6.00,1.00,3.50,null,null
Optilab,Optilab 06 de abril a 31 de julho de 2026,VARILUX® Physio® Extensee,Progressiva,multifocal,8fb6ab3b-d9e3-4e42-b72b-636c2191cb0a,Orma + Transitions Gen S,VARILUX® Physio® Extensee Orma + Transitions Gen S,multifocal,Resina,1.50,false,false,true,4259.00,Pagina 16,Crizal Easy Pro,Antirreflexo,final,4529.00,4529.00,-11.00,7.00,0.00,-6.00,1.00,3.50,null,null
Optilab,Optilab 06 de abril a 31 de julho de 2026,VARILUX® Physio® Extensee,Progressiva,multifocal,a68b9656-4ae1-438b-871a-fafc7dc485f7,Orma + Transitions Gen S,VARILUX® Physio® Extensee Orma + Transitions Gen S,multifocal,Resina,1.50,false,false,true,4649.00,Pagina 15,Crizal Easy Pro,Antirreflexo,final,4919.00,4919.00,-11.00,7.00,0.00,-6.00,1.00,3.50,null,null
Optilab,Optilab 06 de abril a 31 de julho de 2026,VARILUX® Physio® Extensee,Progressiva,multifocal,8fb6ab3b-d9e3-4e42-b72b-636c2191cb0a,Orma + Transitions Gen S,VARILUX® Physio® Extensee Orma + Transitions Gen S,multifocal,Resina,1.50,false,false,true,4259.00,Pagina 16,Optifog,Antirreflexo,final,4529.00,4529.00,-11.00,7.00,0.00,-6.00,1.00,3.50,null,null
Optilab,Optilab 06 de abril a 31 de julho de 2026,VARILUX® Physio® Extensee,Progressiva,multifocal,a68b9656-4ae1-438b-871a-fafc7dc485f7,Orma + Transitions Gen S,VARILUX® Physio® Extensee Orma + Transitions Gen S,multifocal,Resina,1.50,false,false,true,4649.00,Pagina 15,Optifog,Antirreflexo,final,4919.00,4919.00,-11.00,7.00,0.00,-6.00,1.00,3.50,null,null
Optilab,Optilab 06 de abril a 31 de julho de 2026,VARILUX® Physio® Extensee,Progressiva,multifocal,a68b9656-4ae1-438b-871a-fafc7dc485f7,Orma + Transitions Gen S,VARILUX® Physio® Extensee Orma + Transitions Gen S,multifocal,Resina,1.50,false,false,true,4649.00,Pagina 15,Verniz Hc,Revestimento,final,4649.00,4649.00,-11.00,7.00,0.00,-6.00,1.00,3.50,null,null
Optilab,Optilab 06 de abril a 31 de julho de 2026,VARILUX® Physio® Extensee,Progressiva,multifocal,8fb6ab3b-d9e3-4e42-b72b-636c2191cb0a,Orma + Transitions Gen S,VARILUX® Physio® Extensee Orma + Transitions Gen S,multifocal,Resina,1.50,false,false,true,4259.00,Pagina 16,Verniz Hc,Revestimento,final,4259.00,4259.00,-11.00,7.00,0.00,-6.00,1.00,3.50,null,null
Optilab,Optilab 06 de abril a 31 de julho de 2026,VARILUX® Physio® Extensee,Progressiva,multifocal,0a5af065-ed89-4f60-87d3-0fa334c7e19d,Stylis 1.67,VARILUX® Physio® Extensee Stylis 1.67,multifocal,Resina High Index,1.67,false,false,true,5839.00,Pagina 15,Crizal Easy Pro,Antirreflexo,final,6109.00,6109.00,-14.00,10.00,0.00,-6.00,1.00,3.50,null,null
Optilab,Optilab 06 de abril a 31 de julho de 2026,VARILUX® Physio® Extensee,Progressiva,multifocal,1d49faa9-fdca-4e77-9f47-bddd3b3f0280,Stylis 1.67,VARILUX® Physio® Extensee Stylis 1.67,multifocal,Resina High Index,1.67,false,false,true,5449.00,Pagina 16,Crizal Easy Pro,Antirreflexo,final,5719.00,5719.00,-14.00,10.00,0.00,-6.00,1.00,3.50,null,null
Optilab,Optilab 06 de abril a 31 de julho de 2026,VARILUX® Physio® Extensee,Progressiva,multifocal,0a5af065-ed89-4f60-87d3-0fa334c7e19d,Stylis 1.67,VARILUX® Physio® Extensee Stylis 1.67,multifocal,Resina High Index,1.67,false,false,true,5839.00,Pagina 15,Optifog,Antirreflexo,final,6109.00,6109.00,-14.00,10.00,0.00,-6.00,1.00,3.50,null,null
Optilab,Optilab 06 de abril a 31 de julho de 2026,VARILUX® Physio® Extensee,Progressiva,multifocal,1d49faa9-fdca-4e77-9f47-bddd3b3f0280,Stylis 1.67,VARILUX® Physio® Extensee Stylis 1.67,multifocal,Resina High Index,1.67,false,false,true,5449.00,Pagina 16,Optifog,Antirreflexo,final,5719.00,5719.00,-14.00,10.00,0.00,-6.00,1.00,3.50,null,null
Optilab,Optilab 06 de abril a 31 de julho de 2026,VARILUX® Physio® Extensee,Progressiva,multifocal,1d49faa9-fdca-4e77-9f47-bddd3b3f0280,Stylis 1.67,VARILUX® Physio® Extensee Stylis 1.67,multifocal,Resina High Index,1.67,false,false,true,5449.00,Pagina 16,Verniz Hc,Revestimento,final,5449.00,5449.00,-14.00,10.00,0.00,-6.00,1.00,3.50,null,null
Optilab,Optilab 06 de abril a 31 de julho de 2026,VARILUX® Physio® Extensee,Progressiva,multifocal,0a5af065-ed89-4f60-87d3-0fa334c7e19d,Stylis 1.67,VARILUX® Physio® Extensee Stylis 1.67,multifocal,Resina High Index,1.67,false,false,true,5839.00,Pagina 15,Verniz Hc,Revestimento,final,5839.00,5839.00,-14.00,10.00,0.00,-6.00,1.00,3.50,null,null
Optilab,Optilab 06 de abril a 31 de julho de 2026,VARILUX® Physio® Extensee,Progressiva,multifocal,cfd44737-a9bf-41ba-9daa-82b3d459caf1,Stylis 1.67 + Transitions Gen S,VARILUX® Physio® Extensee Stylis 1.67 + Transitions Gen S,multifocal,Resina High Index,1.67,false,false,true,6549.00,Pagina 16,Crizal Easy Pro,Antirreflexo,final,6819.00,6819.00,-14.00,10.00,0.00,-6.00,1.00,3.50,null,null
Optilab,Optilab 06 de abril a 31 de julho de 2026,VARILUX® Physio® Extensee,Progressiva,multifocal,c6b3eeea-b714-495b-9aab-e8585c98dc75,Stylis 1.67 + Transitions Gen S,VARILUX® Physio® Extensee Stylis 1.67 + Transitions Gen S,multifocal,Resina High Index,1.67,false,false,true,6939.00,Pagina 15,Crizal Easy Pro,Antirreflexo,final,7209.00,7209.00,-14.00,10.00,0.00,-6.00,1.00,3.50,null,null
Optilab,Optilab 06 de abril a 31 de julho de 2026,VARILUX® Physio® Extensee,Progressiva,multifocal,c6b3eeea-b714-495b-9aab-e8585c98dc75,Stylis 1.67 + Transitions Gen S,VARILUX® Physio® Extensee Stylis 1.67 + Transitions Gen S,multifocal,Resina High Index,1.67,false,false,true,6939.00,Pagina 15,Optifog,Antirreflexo,final,7209.00,7209.00,-14.00,10.00,0.00,-6.00,1.00,3.50,null,null
Optilab,Optilab 06 de abril a 31 de julho de 2026,VARILUX® Physio® Extensee,Progressiva,multifocal,cfd44737-a9bf-41ba-9daa-82b3d459caf1,Stylis 1.67 + Transitions Gen S,VARILUX® Physio® Extensee Stylis 1.67 + Transitions Gen S,multifocal,Resina High Index,1.67,false,false,true,6549.00,Pagina 16,Optifog,Antirreflexo,final,6819.00,6819.00,-14.00,10.00,0.00,-6.00,1.00,3.50,null,null
Optilab,Optilab 06 de abril a 31 de julho de 2026,VARILUX® Physio® Extensee,Progressiva,multifocal,cfd44737-a9bf-41ba-9daa-82b3d459caf1,Stylis 1.67 + Transitions Gen S,VARILUX® Physio® Extensee Stylis 1.67 + Transitions Gen S,multifocal,Resina High Index,1.67,false,false,true,6549.00,Pagina 16,Verniz Hc,Revestimento,final,6549.00,6549.00,-14.00,10.00,0.00,-6.00,1.00,3.50,null,null
Optilab,Optilab 06 de abril a 31 de julho de 2026,VARILUX® Physio® Extensee,Progressiva,multifocal,c6b3eeea-b714-495b-9aab-e8585c98dc75,Stylis 1.67 + Transitions Gen S,VARILUX® Physio® Extensee Stylis 1.67 + Transitions Gen S,multifocal,Resina High Index,1.67,false,false,true,6939.00,Pagina 15,Verniz Hc,Revestimento,final,6939.00,6939.00,-14.00,10.00,0.00,-6.00,1.00,3.50,null,null
Optilab,Optilab 06 de abril a 31 de julho de 2026,VARILUX® Physio® Extensee,Progressiva,multifocal,9d4ca588-8bc7-46d2-b57d-f0c3234be224,Stylis 1.74,VARILUX® Physio® Extensee Stylis 1.74,multifocal,Resina High Index,1.74,false,false,true,7059.00,Pagina 16,Optifog,Antirreflexo,final,7059.00,7059.00,-14.00,12.00,0.00,-6.00,1.00,3.50,null,null
Optilab,Optilab 06 de abril a 31 de julho de 2026,VARILUX® Physio® Extensee,Progressiva,multifocal,952355e9-e575-4f93-bad1-b51d8ee6155c,Stylis 1.74,VARILUX® Physio® Extensee Stylis 1.74,multifocal,Resina High Index,1.74,false,false,true,7449.00,Pagina 15,Optifog,Antirreflexo,final,7449.00,7449.00,-14.00,12.00,0.00,-6.00,1.00,3.50,null,null
Optilab,Optilab 06 de abril a 31 de julho de 2026,VARILUX® XR SERIES,Progressiva,multifocal,b86bdf89-8db1-4f39-a4f7-0143b16f0417,Airwear,VARILUX® XR SERIES DIGITAL Airwear,multifocal,Policarbonato,1.59,false,false,true,11069.00,Pagina 11,Crizal Easy Pro,Antirreflexo,final,11449.00,11449.00,-10.00,6.00,0.00,-6.00,1.00,3.50,DIGITAL,null
Optilab,Optilab 06 de abril a 31 de julho de 2026,VARILUX® XR SERIES,Progressiva,multifocal,4cf8c654-fbbe-460a-980f-f2909d78d15b,Airwear,VARILUX® XR SERIES DIGITAL Airwear,multifocal,Policarbonato,1.59,false,false,true,6939.00,Pagina 12,Crizal Easy Pro,Antirreflexo,final,7209.00,7209.00,-10.00,6.00,0.00,-6.00,1.00,3.50,DIGITAL,null
Optilab,Optilab 06 de abril a 31 de julho de 2026,VARILUX® XR SERIES,Progressiva,multifocal,981058ae-da2d-4a16-b879-4fa1751ae5e9,Airwear,VARILUX® XR SERIES DIGITAL Airwear,multifocal,Policarbonato,1.59,false,false,true,6019.00,Pagina 14,Crizal Easy Pro,Antirreflexo,final,6289.00,6289.00,-10.00,6.00,0.00,-6.00,1.00,3.50,DIGITAL,null
Optilab,Optilab 06 de abril a 31 de julho de 2026,VARILUX® XR SERIES,Progressiva,multifocal,429cfdc6-96bc-4bcd-9da6-17fc1fd2f513,Airwear,VARILUX® XR SERIES DIGITAL Airwear,multifocal,Policarbonato,1.59,false,false,true,6659.00,Pagina 13,Crizal Easy Pro,Antirreflexo,final,6929.00,6929.00,-10.00,6.00,0.00,-6.00,1.00,3.50,DIGITAL,null
Optilab,Optilab 06 de abril a 31 de julho de 2026,VARILUX® XR SERIES,Progressiva,multifocal,429cfdc6-96bc-4bcd-9da6-17fc1fd2f513,Airwear,VARILUX® XR SERIES DIGITAL Airwear,multifocal,Policarbonato,1.59,false,false,true,6659.00,Pagina 13,Optifog,Antirreflexo,final,6929.00,6929.00,-10.00,6.00,0.00,-6.00,1.00,3.50,DIGITAL,null
Optilab,Optilab 06 de abril a 31 de julho de 2026,VARILUX® XR SERIES,Progressiva,multifocal,4cf8c654-fbbe-460a-980f-f2909d78d15b,Airwear,VARILUX® XR SERIES DIGITAL Airwear,multifocal,Policarbonato,1.59,false,false,true,6939.00,Pagina 12,Optifog,Antirreflexo,final,7209.00,7209.00,-10.00,6.00,0.00,-6.00,1.00,3.50,DIGITAL,null
Optilab,Optilab 06 de abril a 31 de julho de 2026,VARILUX® XR SERIES,Progressiva,multifocal,b86bdf89-8db1-4f39-a4f7-0143b16f0417,Airwear,VARILUX® XR SERIES DIGITAL Airwear,multifocal,Policarbonato,1.59,false,false,true,11069.00,Pagina 11,Optifog,Antirreflexo,final,11449.00,11449.00,-10.00,6.00,0.00,-6.00,1.00,3.50,DIGITAL,null
Optilab,Optilab 06 de abril a 31 de julho de 2026,VARILUX® XR SERIES,Progressiva,multifocal,981058ae-da2d-4a16-b879-4fa1751ae5e9,Airwear,VARILUX® XR SERIES DIGITAL Airwear,multifocal,Policarbonato,1.59,false,false,true,6019.00,Pagina 14,Optifog,Antirreflexo,final,6289.00,6289.00,-10.00,6.00,0.00,-6.00,1.00,3.50,DIGITAL,null
Optilab,Optilab 06 de abril a 31 de julho de 2026,VARILUX® XR SERIES,Progressiva,multifocal,981058ae-da2d-4a16-b879-4fa1751ae5e9,Airwear,VARILUX® XR SERIES DIGITAL Airwear,multifocal,Policarbonato,1.59,false,false,true,6019.00,Pagina 14,Verniz Hc,Revestimento,final,6019.00,6019.00,-10.00,6.00,0.00,-6.00,1.00,3.50,DIGITAL,null
Optilab,Optilab 06 de abril a 31 de julho de 2026,VARILUX® XR SERIES,Progressiva,multifocal,429cfdc6-96bc-4bcd-9da6-17fc1fd2f513,Airwear,VARILUX® XR SERIES DIGITAL Airwear,multifocal,Policarbonato,1.59,false,false,true,6659.00,Pagina 13,Verniz Hc,Revestimento,final,6659.00,6659.00,-10.00,6.00,0.00,-6.00,1.00,3.50,DIGITAL,null
Optilab,Optilab 06 de abril a 31 de julho de 2026,VARILUX® XR SERIES,Progressiva,multifocal,c4ac22b3-6bcb-4ef9-a786-bdfeab3eecd4,Airwear,VARILUX® XR SERIES DIGITAL Airwear,multifocal,Policarbonato,1.59,false,false,true,5449.00,Pagina 14,Verniz Hc,Revestimento,final,5449.00,5449.00,-10.00,6.00,0.00,-6.00,1.00,3.50,DIGITAL,null
Optilab,Optilab 06 de abril a 31 de julho de 2026,VARILUX® XR SERIES,Progressiva,multifocal,1e65ecfb-3a4f-4ab0-8cae-fdaed8acb09c,Airwear,VARILUX® XR SERIES DIGITAL Airwear,multifocal,Policarbonato,1.59,false,false,true,6089.00,Pagina 13,Verniz Hc,Revestimento,final,6089.00,6089.00,-10.00,6.00,0.00,-6.00,1.00,3.50,DIGITAL,null
Optilab,Optilab 06 de abril a 31 de julho de 2026,VARILUX® XR SERIES,Progressiva,multifocal,38c36efc-b748-4e7a-be24-dbe0cdd730d4,Airwear,VARILUX® XR SERIES DIGITAL Airwear,multifocal,Policarbonato,1.59,false,false,true,6369.00,Pagina 12,Verniz Hc,Revestimento,final,6369.00,6369.00,-10.00,6.00,0.00,-6.00,1.00,3.50,DIGITAL,null
Optilab,Optilab 06 de abril a 31 de julho de 2026,VARILUX® XR SERIES,Progressiva,multifocal,4cf8c654-fbbe-460a-980f-f2909d78d15b,Airwear,VARILUX® XR SERIES DIGITAL Airwear,multifocal,Policarbonato,1.59,false,false,true,6939.00,Pagina 12,Verniz Hc,Revestimento,final,6939.00,6939.00,-10.00,6.00,0.00,-6.00,1.00,3.50,DIGITAL,null
Optilab,Optilab 06 de abril a 31 de julho de 2026,VARILUX® XR SERIES,Progressiva,multifocal,e9dfbf32-c167-4119-976b-8f80f6c6cce9,Airwear,VARILUX® XR SERIES DIGITAL Airwear,multifocal,Policarbonato,1.59,false,false,true,10609.00,Pagina 11,Verniz Hc,Revestimento,final,10609.00,10609.00,-10.00,6.00,0.00,-6.00,1.00,3.50,DIGITAL,null
Optilab,Optilab 06 de abril a 31 de julho de 2026,VARILUX® XR SERIES,Progressiva,multifocal,d2ef2121-4fe9-43be-8ecf-29678b6104f7,Airwear + Transitions Extractive,VARILUX® XR SERIES DIGITAL Airwear + Transitions Extractive,multifocal,Policarbonato,1.59,false,false,true,7599.00,Pagina 14,Crizal Easy Pro,Antirreflexo,final,7869.00,7869.00,-10.00,6.00,0.00,-6.00,1.00,3.50,DIGITAL,null
Optilab,Optilab 06 de abril a 31 de julho de 2026,VARILUX® XR SERIES,Progressiva,multifocal,b6422dcc-dd8b-4071-a2ef-83131274c573,Airwear + Transitions Extractive,VARILUX® XR SERIES DIGITAL Airwear + Transitions Extractive,multifocal,Policarbonato,1.59,false,false,true,12649.00,Pagina 11,Crizal Easy Pro,Antirreflexo,final,13029.00,13029.00,-10.00,6.00,0.00,-6.00,1.00,3.50,DIGITAL,null
Optilab,Optilab 06 de abril a 31 de julho de 2026,VARILUX® XR SERIES,Progressiva,multifocal,ed9527dd-a2d3-4710-9179-cb77fda21347,Airwear + Transitions Extractive,VARILUX® XR SERIES DIGITAL Airwear + Transitions Extractive,multifocal,Policarbonato,1.59,false,false,true,8239.00,Pagina 13,Crizal Easy Pro,Antirreflexo,final,8509.00,8509.00,-10.00,6.00,0.00,-6.00,1.00,3.50,DIGITAL,null
Optilab,Optilab 06 de abril a 31 de julho de 2026,VARILUX® XR SERIES,Progressiva,multifocal,03832570-ba11-4ccb-8949-be3c45eca567,Airwear + Transitions Extractive,VARILUX® XR SERIES DIGITAL Airwear + Transitions Extractive,multifocal,Policarbonato,1.59,false,false,true,8519.00,Pagina 12,Crizal Easy Pro,Antirreflexo,final,8789.00,8789.00,-10.00,6.00,0.00,-6.00,1.00,3.50,DIGITAL,null
Optilab,Optilab 06 de abril a 31 de julho de 2026,VARILUX® XR SERIES,Progressiva,multifocal,ed9527dd-a2d3-4710-9179-cb77fda21347,Airwear + Transitions Extractive,VARILUX® XR SERIES DIGITAL Airwear + Transitions Extractive,multifocal,Policarbonato,1.59,false,false,true,8239.00,Pagina 13,Optifog,Antirreflexo,final,8509.00,8509.00,-10.00,6.00,0.00,-6.00,1.00,3.50,DIGITAL,null
Optilab,Optilab 06 de abril a 31 de julho de 2026,VARILUX® XR SERIES,Progressiva,multifocal,b6422dcc-dd8b-4071-a2ef-83131274c573,Airwear + Transitions Extractive,VARILUX® XR SERIES DIGITAL Airwear + Transitions Extractive,multifocal,Policarbonato,1.59,false,false,true,12649.00,Pagina 11,Optifog,Antirreflexo,final,13029.00,13029.00,-10.00,6.00,0.00,-6.00,1.00,3.50,DIGITAL,null
Optilab,Optilab 06 de abril a 31 de julho de 2026,VARILUX® XR SERIES,Progressiva,multifocal,d2ef2121-4fe9-43be-8ecf-29678b6104f7,Airwear + Transitions Extractive,VARILUX® XR SERIES DIGITAL Airwear + Transitions Extractive,multifocal,Policarbonato,1.59,false,false,true,7599.00,Pagina 14,Optifog,Antirreflexo,final,7869.00,7869.00,-10.00,6.00,0.00,-6.00,1.00,3.50,DIGITAL,null
Optilab,Optilab 06 de abril a 31 de julho de 2026,VARILUX® XR SERIES,Progressiva,multifocal,03832570-ba11-4ccb-8949-be3c45eca567,Airwear + Transitions Extractive,VARILUX® XR SERIES DIGITAL Airwear + Transitions Extractive,multifocal,Policarbonato,1.59,false,false,true,8519.00,Pagina 12,Optifog,Antirreflexo,final,8789.00,8789.00,-10.00,6.00,0.00,-6.00,1.00,3.50,DIGITAL,null
Optilab,Optilab 06 de abril a 31 de julho de 2026,VARILUX® XR SERIES,Progressiva,multifocal,ed9527dd-a2d3-4710-9179-cb77fda21347,Airwear + Transitions Extractive,VARILUX® XR SERIES DIGITAL Airwear + Transitions Extractive,multifocal,Policarbonato,1.59,false,false,true,8239.00,Pagina 13,Verniz Hc,Revestimento,final,8239.00,8239.00,-10.00,6.00,0.00,-6.00,1.00,3.50,DIGITAL,null
Optilab,Optilab 06 de abril a 31 de julho de 2026,VARILUX® XR SERIES,Progressiva,multifocal,d2ef2121-4fe9-43be-8ecf-29678b6104f7,Airwear + Transitions Extractive,VARILUX® XR SERIES DIGITAL Airwear + Transitions Extractive,multifocal,Policarbonato,1.59,false,false,true,7599.00,Pagina 14,Verniz Hc,Revestimento,final,7599.00,7599.00,-10.00,6.00,0.00,-6.00,1.00,3.50,DIGITAL,null
Optilab,Optilab 06 de abril a 31 de julho de 2026,VARILUX® XR SERIES,Progressiva,multifocal,03832570-ba11-4ccb-8949-be3c45eca567,Airwear + Transitions Extractive,VARILUX® XR SERIES DIGITAL Airwear + Transitions Extractive,multifocal,Policarbonato,1.59,false,false,true,8519.00,Pagina 12,Verniz Hc,Revestimento,final,8519.00,8519.00,-10.00,6.00,0.00,-6.00,1.00,3.50,DIGITAL,null
Optilab,Optilab 06 de abril a 31 de julho de 2026,VARILUX® XR SERIES,Progressiva,multifocal,87fa8906-c896-4f55-89e8-ef6762da3870,Airwear + Transitions Gen S,VARILUX® XR SERIES DIGITAL Airwear + Transitions Gen S,multifocal,Policarbonato,1.59,false,false,true,8459.00,Pagina 12,Crizal Easy Pro,Antirreflexo,final,8729.00,8729.00,-10.00,6.00,0.00,-6.00,1.00,3.50,DIGITAL,null
Optilab,Optilab 06 de abril a 31 de julho de 2026,VARILUX® XR SERIES,Progressiva,multifocal,a2b38960-7ae4-4e5f-b147-f51b8dedd11a,Airwear + Transitions Gen S,VARILUX® XR SERIES DIGITAL Airwear + Transitions Gen S,multifocal,Policarbonato,1.59,false,false,true,12589.00,Pagina 11,Crizal Easy Pro,Antirreflexo,final,12969.00,12969.00,-10.00,6.00,0.00,-6.00,1.00,3.50,DIGITAL,null
Optilab,Optilab 06 de abril a 31 de julho de 2026,VARILUX® XR SERIES,Progressiva,multifocal,dd102c96-cb0b-43a2-a4a0-fabbb98c3b8d,Airwear + Transitions Gen S,VARILUX® XR SERIES DIGITAL Airwear + Transitions Gen S,multifocal,Policarbonato,1.59,false,false,true,7539.00,Pagina 14,Crizal Easy Pro,Antirreflexo,final,7809.00,7809.00,-10.00,6.00,0.00,-6.00,1.00,3.50,DIGITAL,null
Optilab,Optilab 06 de abril a 31 de julho de 2026,VARILUX® XR SERIES,Progressiva,multifocal,97ea220e-1c42-4eda-a81d-0a9254590f46,Airwear + Transitions Gen S,VARILUX® XR SERIES DIGITAL Airwear + Transitions Gen S,multifocal,Policarbonato,1.59,false,false,true,8179.00,Pagina 13,Crizal Easy Pro,Antirreflexo,final,8449.00,8449.00,-10.00,6.00,0.00,-6.00,1.00,3.50,DIGITAL,null
Optilab,Optilab 06 de abril a 31 de julho de 2026,VARILUX® XR SERIES,Progressiva,multifocal,97ea220e-1c42-4eda-a81d-0a9254590f46,Airwear + Transitions Gen S,VARILUX® XR SERIES DIGITAL Airwear + Transitions Gen S,multifocal,Policarbonato,1.59,false,false,true,8179.00,Pagina 13,Optifog,Antirreflexo,final,8449.00,8449.00,-10.00,6.00,0.00,-6.00,1.00,3.50,DIGITAL,null
Optilab,Optilab 06 de abril a 31 de julho de 2026,VARILUX® XR SERIES,Progressiva,multifocal,a2b38960-7ae4-4e5f-b147-f51b8dedd11a,Airwear + Transitions Gen S,VARILUX® XR SERIES DIGITAL Airwear + Transitions Gen S,multifocal,Policarbonato,1.59,false,false,true,12589.00,Pagina 11,Optifog,Antirreflexo,final,12969.00,12969.00,-10.00,6.00,0.00,-6.00,1.00,3.50,DIGITAL,null
Optilab,Optilab 06 de abril a 31 de julho de 2026,VARILUX® XR SERIES,Progressiva,multifocal,dd102c96-cb0b-43a2-a4a0-fabbb98c3b8d,Airwear + Transitions Gen S,VARILUX® XR SERIES DIGITAL Airwear + Transitions Gen S,multifocal,Policarbonato,1.59,false,false,true,7539.00,Pagina 14,Optifog,Antirreflexo,final,7809.00,7809.00,-10.00,6.00,0.00,-6.00,1.00,3.50,DIGITAL,null
Optilab,Optilab 06 de abril a 31 de julho de 2026,VARILUX® XR SERIES,Progressiva,multifocal,87fa8906-c896-4f55-89e8-ef6762da3870,Airwear + Transitions Gen S,VARILUX® XR SERIES DIGITAL Airwear + Transitions Gen S,multifocal,Policarbonato,1.59,false,false,true,8459.00,Pagina 12,Optifog,Antirreflexo,final,8729.00,8729.00,-10.00,6.00,0.00,-6.00,1.00,3.50,DIGITAL,null
Optilab,Optilab 06 de abril a 31 de julho de 2026,VARILUX® XR SERIES,Progressiva,multifocal,dd102c96-cb0b-43a2-a4a0-fabbb98c3b8d,Airwear + Transitions Gen S,VARILUX® XR SERIES DIGITAL Airwear + Transitions Gen S,multifocal,Policarbonato,1.59,false,false,true,7539.00,Pagina 14,Verniz Hc,Revestimento,final,7539.00,7539.00,-10.00,6.00,0.00,-6.00,1.00,3.50,DIGITAL,null
Optilab,Optilab 06 de abril a 31 de julho de 2026,VARILUX® XR SERIES,Progressiva,multifocal,97ea220e-1c42-4eda-a81d-0a9254590f46,Airwear + Transitions Gen S,VARILUX® XR SERIES DIGITAL Airwear + Transitions Gen S,multifocal,Policarbonato,1.59,false,false,true,8179.00,Pagina 13,Verniz Hc,Revestimento,final,8179.00,8179.00,-10.00,6.00,0.00,-6.00,1.00,3.50,DIGITAL,null
Optilab,Optilab 06 de abril a 31 de julho de 2026,VARILUX® XR SERIES,Progressiva,multifocal,87fa8906-c896-4f55-89e8-ef6762da3870,Airwear + Transitions Gen S,VARILUX® XR SERIES DIGITAL Airwear + Transitions Gen S,multifocal,Policarbonato,1.59,false,false,true,8459.00,Pagina 12,Verniz Hc,Revestimento,final,8459.00,8459.00,-10.00,6.00,0.00,-6.00,1.00,3.50,DIGITAL,null
Optilab,Optilab 06 de abril a 31 de julho de 2026,VARILUX® XR SERIES,Progressiva,multifocal,89ca8163-c095-431e-a55c-bf933131b46e,Airwear + Xperio cinza/marrom,VARILUX® XR SERIES DIGITAL Airwear + Xperio cinza/marrom,multifocal,Policarbonato,1.59,false,false,true,5959.00,Pagina 14,Crizal Easy Pro,Antirreflexo,final,6619.00,6619.00,-10.00,6.00,0.00,-6.00,1.00,3.50,DIGITAL,null
Optilab,Optilab 06 de abril a 31 de julho de 2026,VARILUX® XR SERIES,Progressiva,multifocal,eef9a85b-b585-4a6b-add7-68dad23d61c2,Airwear + Xperio cinza/marrom,VARILUX® XR SERIES DIGITAL Airwear + Xperio cinza/marrom,multifocal,Policarbonato,1.59,false,false,true,6879.00,Pagina 12,Crizal Easy Pro,Antirreflexo,final,7539.00,7539.00,-10.00,6.00,0.00,-6.00,1.00,3.50,DIGITAL,null
Optilab,Optilab 06 de abril a 31 de julho de 2026,VARILUX® XR SERIES,Progressiva,multifocal,8e94cea5-070f-4484-8c37-2da1250c2ea2,Airwear + Xperio cinza/marrom,VARILUX® XR SERIES DIGITAL Airwear + Xperio cinza/marrom,multifocal,Policarbonato,1.59,false,false,true,6599.00,Pagina 13,Crizal Easy Pro,Antirreflexo,final,7259.00,7259.00,-10.00,6.00,0.00,-6.00,1.00,3.50,DIGITAL,null
Optilab,Optilab 06 de abril a 31 de julho de 2026,VARILUX® XR SERIES,Progressiva,multifocal,c9dd2227-72ed-48d4-85ae-d3124effd98a,Airwear + Xperio cinza/marrom,VARILUX® XR SERIES DIGITAL Airwear + Xperio cinza/marrom,multifocal,Policarbonato,1.59,false,false,true,11119.00,Pagina 11,Crizal Easy Pro,Antirreflexo,final,11779.00,11779.00,-10.00,6.00,0.00,-6.00,1.00,3.50,DIGITAL,null
Optilab,Optilab 06 de abril a 31 de julho de 2026,VARILUX® XR SERIES,Progressiva,multifocal,8e94cea5-070f-4484-8c37-2da1250c2ea2,Airwear + Xperio cinza/marrom,VARILUX® XR SERIES DIGITAL Airwear + Xperio cinza/marrom,multifocal,Policarbonato,1.59,false,false,true,6599.00,Pagina 13,Optifog,Antirreflexo,final,7239.00,7239.00,-10.00,6.00,0.00,-6.00,1.00,3.50,DIGITAL,null
Optilab,Optilab 06 de abril a 31 de julho de 2026,VARILUX® XR SERIES,Progressiva,multifocal,89ca8163-c095-431e-a55c-bf933131b46e,Airwear + Xperio cinza/marrom,VARILUX® XR SERIES DIGITAL Airwear + Xperio cinza/marrom,multifocal,Policarbonato,1.59,false,false,true,5959.00,Pagina 14,Optifog,Antirreflexo,final,6599.00,6599.00,-10.00,6.00,0.00,-6.00,1.00,3.50,DIGITAL,null
Optilab,Optilab 06 de abril a 31 de julho de 2026,VARILUX® XR SERIES,Progressiva,multifocal,eef9a85b-b585-4a6b-add7-68dad23d61c2,Airwear + Xperio cinza/marrom,VARILUX® XR SERIES DIGITAL Airwear + Xperio cinza/marrom,multifocal,Policarbonato,1.59,false,false,true,6879.00,Pagina 12,Optifog,Antirreflexo,final,7519.00,7519.00,-10.00,6.00,0.00,-6.00,1.00,3.50,DIGITAL,null
Optilab,Optilab 06 de abril a 31 de julho de 2026,VARILUX® XR SERIES,Progressiva,multifocal,c9dd2227-72ed-48d4-85ae-d3124effd98a,Airwear + Xperio cinza/marrom,VARILUX® XR SERIES DIGITAL Airwear + Xperio cinza/marrom,multifocal,Policarbonato,1.59,false,false,true,11119.00,Pagina 11,Optifog,Antirreflexo,final,11759.00,11759.00,-10.00,6.00,0.00,-6.00,1.00,3.50,DIGITAL,null
Optilab,Optilab 06 de abril a 31 de julho de 2026,VARILUX® XR SERIES,Progressiva,multifocal,8e94cea5-070f-4484-8c37-2da1250c2ea2,Airwear + Xperio cinza/marrom,VARILUX® XR SERIES DIGITAL Airwear + Xperio cinza/marrom,multifocal,Policarbonato,1.59,false,false,true,6599.00,Pagina 13,Verniz Hc,Revestimento,final,6599.00,6599.00,-10.00,6.00,0.00,-6.00,1.00,3.50,DIGITAL,null
Optilab,Optilab 06 de abril a 31 de julho de 2026,VARILUX® XR SERIES,Progressiva,multifocal,eef9a85b-b585-4a6b-add7-68dad23d61c2,Airwear + Xperio cinza/marrom,VARILUX® XR SERIES DIGITAL Airwear + Xperio cinza/marrom,multifocal,Policarbonato,1.59,false,false,true,6879.00,Pagina 12,Verniz Hc,Revestimento,final,6879.00,6879.00,-10.00,6.00,0.00,-6.00,1.00,3.50,DIGITAL,null
Optilab,Optilab 06 de abril a 31 de julho de 2026,VARILUX® XR SERIES,Progressiva,multifocal,c9dd2227-72ed-48d4-85ae-d3124effd98a,Airwear + Xperio cinza/marrom,VARILUX® XR SERIES DIGITAL Airwear + Xperio cinza/marrom,multifocal,Policarbonato,1.59,false,false,true,11119.00,Pagina 11,Verniz Hc,Revestimento,final,11119.00,11119.00,-10.00,6.00,0.00,-6.00,1.00,3.50,DIGITAL,null
Optilab,Optilab 06 de abril a 31 de julho de 2026,VARILUX® XR SERIES,Progressiva,multifocal,89ca8163-c095-431e-a55c-bf933131b46e,Airwear + Xperio cinza/marrom,VARILUX® XR SERIES DIGITAL Airwear + Xperio cinza/marrom,multifocal,Policarbonato,1.59,false,false,true,5959.00,Pagina 14,Verniz Hc,Revestimento,final,5959.00,5959.00,-10.00,6.00,0.00,-6.00,1.00,3.50,DIGITAL,null
Optilab,Optilab 06 de abril a 31 de julho de 2026,VARILUX® XR SERIES,Progressiva,multifocal,3c3c7e97-7d77-4bd7-9708-8613ba8f787b,Orma,VARILUX® XR SERIES DIGITAL Orma,multifocal,Resina,1.50,false,false,true,6239.00,Pagina 13,Crizal Easy Pro,Antirreflexo,final,6509.00,6509.00,-10.00,6.00,0.00,-6.00,1.00,3.50,DIGITAL,null
Optilab,Optilab 06 de abril a 31 de julho de 2026,VARILUX® XR SERIES,Progressiva,multifocal,6014ea94-deba-428f-87fb-42ff00455ef3,Orma,VARILUX® XR SERIES DIGITAL Orma,multifocal,Resina,1.50,false,false,true,6519.00,Pagina 12,Crizal Easy Pro,Antirreflexo,final,6789.00,6789.00,-10.00,6.00,0.00,-6.00,1.00,3.50,DIGITAL,null
Optilab,Optilab 06 de abril a 31 de julho de 2026,VARILUX® XR SERIES,Progressiva,multifocal,5b89e686-fee4-42f4-af86-b50d1bd7cde7,Orma,VARILUX® XR SERIES DIGITAL Orma,multifocal,Resina,1.50,false,false,true,5599.00,Pagina 14,Crizal Easy Pro,Antirreflexo,final,5869.00,5869.00,-10.00,6.00,0.00,-6.00,1.00,3.50,DIGITAL,null
Optilab,Optilab 06 de abril a 31 de julho de 2026,VARILUX® XR SERIES,Progressiva,multifocal,0b7307c1-ee19-40c2-86e9-a90fd57717c0,Orma,VARILUX® XR SERIES DIGITAL Orma,multifocal,Resina,1.50,false,false,true,10649.00,Pagina 11,Crizal Easy Pro,Antirreflexo,final,11029.00,11029.00,-10.00,6.00,0.00,-6.00,1.00,3.50,DIGITAL,null
Optilab,Optilab 06 de abril a 31 de julho de 2026,VARILUX® XR SERIES,Progressiva,multifocal,6014ea94-deba-428f-87fb-42ff00455ef3,Orma,VARILUX® XR SERIES DIGITAL Orma,multifocal,Resina,1.50,false,false,true,6519.00,Pagina 12,Optifog,Antirreflexo,final,6789.00,6789.00,-10.00,6.00,0.00,-6.00,1.00,3.50,DIGITAL,null
Optilab,Optilab 06 de abril a 31 de julho de 2026,VARILUX® XR SERIES,Progressiva,multifocal,0b7307c1-ee19-40c2-86e9-a90fd57717c0,Orma,VARILUX® XR SERIES DIGITAL Orma,multifocal,Resina,1.50,false,false,true,10649.00,Pagina 11,Optifog,Antirreflexo,final,11029.00,11029.00,-10.00,6.00,0.00,-6.00,1.00,3.50,DIGITAL,null
Optilab,Optilab 06 de abril a 31 de julho de 2026,VARILUX® XR SERIES,Progressiva,multifocal,3c3c7e97-7d77-4bd7-9708-8613ba8f787b,Orma,VARILUX® XR SERIES DIGITAL Orma,multifocal,Resina,1.50,false,false,true,6239.00,Pagina 13,Optifog,Antirreflexo,final,6509.00,6509.00,-10.00,6.00,0.00,-6.00,1.00,3.50,DIGITAL,null
Optilab,Optilab 06 de abril a 31 de julho de 2026,VARILUX® XR SERIES,Progressiva,multifocal,5b89e686-fee4-42f4-af86-b50d1bd7cde7,Orma,VARILUX® XR SERIES DIGITAL Orma,multifocal,Resina,1.50,false,false,true,5599.00,Pagina 14,Optifog,Antirreflexo,final,5869.00,5869.00,-10.00,6.00,0.00,-6.00,1.00,3.50,DIGITAL,null
Optilab,Optilab 06 de abril a 31 de julho de 2026,VARILUX® XR SERIES,Progressiva,multifocal,eea1b7d2-f9ff-4fb5-9172-4a574578c764,Orma,VARILUX® XR SERIES DIGITAL Orma,multifocal,Resina,1.50,false,false,true,5949.00,Pagina 12,Verniz Hc,Revestimento,final,5949.00,5949.00,-10.00,6.00,0.00,-6.00,1.00,3.50,DIGITAL,null
Optilab,Optilab 06 de abril a 31 de julho de 2026,VARILUX® XR SERIES,Progressiva,multifocal,5b89e686-fee4-42f4-af86-b50d1bd7cde7,Orma,VARILUX® XR SERIES DIGITAL Orma,multifocal,Resina,1.50,false,false,true,5599.00,Pagina 14,Verniz Hc,Revestimento,final,5599.00,5599.00,-10.00,6.00,0.00,-6.00,1.00,3.50,DIGITAL,null
Optilab,Optilab 06 de abril a 31 de julho de 2026,VARILUX® XR SERIES,Progressiva,multifocal,6014ea94-deba-428f-87fb-42ff00455ef3,Orma,VARILUX® XR SERIES DIGITAL Orma,multifocal,Resina,1.50,false,false,true,6519.00,Pagina 12,Verniz Hc,Revestimento,final,6519.00,6519.00,-10.00,6.00,0.00,-6.00,1.00,3.50,DIGITAL,null
Optilab,Optilab 06 de abril a 31 de julho de 2026,VARILUX® XR SERIES,Progressiva,multifocal,271fcc06-ce18-4ee4-865f-61efbc385da8,Orma,VARILUX® XR SERIES DIGITAL Orma,multifocal,Resina,1.50,false,false,true,10189.00,Pagina 11,Verniz Hc,Revestimento,final,10189.00,10189.00,-10.00,6.00,0.00,-6.00,1.00,3.50,DIGITAL,null
Optilab,Optilab 06 de abril a 31 de julho de 2026,VARILUX® XR SERIES,Progressiva,multifocal,6a6c922e-b0e1-46d7-a368-3c408726114c,Orma,VARILUX® XR SERIES DIGITAL Orma,multifocal,Resina,1.50,false,false,true,5669.00,Pagina 13,Verniz Hc,Revestimento,final,5669.00,5669.00,-10.00,6.00,0.00,-6.00,1.00,3.50,DIGITAL,null
Optilab,Optilab 06 de abril a 31 de julho de 2026,VARILUX® XR SERIES,Progressiva,multifocal,3c3c7e97-7d77-4bd7-9708-8613ba8f787b,Orma,VARILUX® XR SERIES DIGITAL Orma,multifocal,Resina,1.50,false,false,true,6239.00,Pagina 13,Verniz Hc,Revestimento,final,6239.00,6239.00,-10.00,6.00,0.00,-6.00,1.00,3.50,DIGITAL,null
Optilab,Optilab 06 de abril a 31 de julho de 2026,VARILUX® XR SERIES,Progressiva,multifocal,6c4c476b-2364-4fec-a6af-811a3a6cee6c,Orma,VARILUX® XR SERIES DIGITAL Orma,multifocal,Resina,1.50,false,false,true,5029.00,Pagina 14,Verniz Hc,Revestimento,final,5029.00,5029.00,-10.00,6.00,0.00,-6.00,1.00,3.50,DIGITAL,null
Optilab,Optilab 06 de abril a 31 de julho de 2026,VARILUX® XR SERIES,Progressiva,multifocal,79b7fdb3-8792-49ea-a279-f5f843027460,Orma + Coloração especial,VARILUX® XR SERIES DIGITAL Orma + Coloração especial,multifocal,Resina,1.50,false,false,true,5139.00,Pagina 14,Verniz Hc,Revestimento,final,5139.00,5139.00,-10.00,6.00,0.00,-6.00,1.00,3.50,DIGITAL,null
Optilab,Optilab 06 de abril a 31 de julho de 2026,VARILUX® XR SERIES,Progressiva,multifocal,7c922f2b-70eb-443b-a6aa-4beb5b43d230,Orma + Coloração especial,VARILUX® XR SERIES DIGITAL Orma + Coloração especial,multifocal,Resina,1.50,false,false,true,6059.00,Pagina 12,Verniz Hc,Revestimento,final,6059.00,6059.00,-10.00,6.00,0.00,-6.00,1.00,3.50,DIGITAL,null
Optilab,Optilab 06 de abril a 31 de julho de 2026,VARILUX® XR SERIES,Progressiva,multifocal,fffec7a3-056e-496d-813d-6fa0fdb4765f,Orma + Coloração especial,VARILUX® XR SERIES DIGITAL Orma + Coloração especial,multifocal,Resina,1.50,false,false,true,5779.00,Pagina 13,Verniz Hc,Revestimento,final,5779.00,5779.00,-10.00,6.00,0.00,-6.00,1.00,3.50,DIGITAL,null
Optilab,Optilab 06 de abril a 31 de julho de 2026,VARILUX® XR SERIES,Progressiva,multifocal,a74e0279-28e0-4a64-980a-a57c01689dfa,Orma + Coloração especial,VARILUX® XR SERIES DIGITAL Orma + Coloração especial,multifocal,Resina,1.50,false,false,true,10299.00,Pagina 11,Verniz Hc,Revestimento,final,10299.00,10299.00,-10.00,6.00,0.00,-6.00,1.00,3.50,DIGITAL,null
Optilab,Optilab 06 de abril a 31 de julho de 2026,VARILUX® XR SERIES,Progressiva,multifocal,c02df56c-b204-4fdd-ab1a-ddad6acef261,Orma + Transitions Extractive,VARILUX® XR SERIES DIGITAL Orma + Transitions Extractive,multifocal,Resina,1.50,false,false,true,8099.00,Pagina 12,Crizal Easy Pro,Antirreflexo,final,8369.00,8369.00,-10.00,6.00,0.00,-6.00,1.00,3.50,DIGITAL,null
Optilab,Optilab 06 de abril a 31 de julho de 2026,VARILUX® XR SERIES,Progressiva,multifocal,76a6d966-45f1-4f2e-8105-119ad9b7030e,Orma + Transitions Extractive,VARILUX® XR SERIES DIGITAL Orma + Transitions Extractive,multifocal,Resina,1.50,false,false,true,7819.00,Pagina 13,Crizal Easy Pro,Antirreflexo,final,8089.00,8089.00,-10.00,6.00,0.00,-6.00,1.00,3.50,DIGITAL,null
Optilab,Optilab 06 de abril a 31 de julho de 2026,VARILUX® XR SERIES,Progressiva,multifocal,dc2d5d30-7837-44d9-9d7a-c08eb06b530e,Orma + Transitions Extractive,VARILUX® XR SERIES DIGITAL Orma + Transitions Extractive,multifocal,Resina,1.50,false,false,true,7179.00,Pagina 14,Crizal Easy Pro,Antirreflexo,final,7449.00,7449.00,-10.00,6.00,0.00,-6.00,1.00,3.50,DIGITAL,null
Optilab,Optilab 06 de abril a 31 de julho de 2026,VARILUX® XR SERIES,Progressiva,multifocal,3fdde375-be3b-418f-b19b-cf1ed1d693d4,Orma + Transitions Extractive,VARILUX® XR SERIES DIGITAL Orma + Transitions Extractive,multifocal,Resina,1.50,false,false,true,12229.00,Pagina 11,Crizal Easy Pro,Antirreflexo,final,12609.00,12609.00,-10.00,6.00,0.00,-6.00,1.00,3.50,DIGITAL,null
Optilab,Optilab 06 de abril a 31 de julho de 2026,VARILUX® XR SERIES,Progressiva,multifocal,c02df56c-b204-4fdd-ab1a-ddad6acef261,Orma + Transitions Extractive,VARILUX® XR SERIES DIGITAL Orma + Transitions Extractive,multifocal,Resina,1.50,false,false,true,8099.00,Pagina 12,Optifog,Antirreflexo,final,8369.00,8369.00,-10.00,6.00,0.00,-6.00,1.00,3.50,DIGITAL,null
Optilab,Optilab 06 de abril a 31 de julho de 2026,VARILUX® XR SERIES,Progressiva,multifocal,dc2d5d30-7837-44d9-9d7a-c08eb06b530e,Orma + Transitions Extractive,VARILUX® XR SERIES DIGITAL Orma + Transitions Extractive,multifocal,Resina,1.50,false,false,true,7179.00,Pagina 14,Optifog,Antirreflexo,final,7449.00,7449.00,-10.00,6.00,0.00,-6.00,1.00,3.50,DIGITAL,null
Optilab,Optilab 06 de abril a 31 de julho de 2026,VARILUX® XR SERIES,Progressiva,multifocal,3fdde375-be3b-418f-b19b-cf1ed1d693d4,Orma + Transitions Extractive,VARILUX® XR SERIES DIGITAL Orma + Transitions Extractive,multifocal,Resina,1.50,false,false,true,12229.00,Pagina 11,Optifog,Antirreflexo,final,12609.00,12609.00,-10.00,6.00,0.00,-6.00,1.00,3.50,DIGITAL,null
Optilab,Optilab 06 de abril a 31 de julho de 2026,VARILUX® XR SERIES,Progressiva,multifocal,76a6d966-45f1-4f2e-8105-119ad9b7030e,Orma + Transitions Extractive,VARILUX® XR SERIES DIGITAL Orma + Transitions Extractive,multifocal,Resina,1.50,false,false,true,7819.00,Pagina 13,Optifog,Antirreflexo,final,8089.00,8089.00,-10.00,6.00,0.00,-6.00,1.00,3.50,DIGITAL,null
Optilab,Optilab 06 de abril a 31 de julho de 2026,VARILUX® XR SERIES,Progressiva,multifocal,76a6d966-45f1-4f2e-8105-119ad9b7030e,Orma + Transitions Extractive,VARILUX® XR SERIES DIGITAL Orma + Transitions Extractive,multifocal,Resina,1.50,false,false,true,7819.00,Pagina 13,Verniz Hc,Revestimento,final,7819.00,7819.00,-10.00,6.00,0.00,-6.00,1.00,3.50,DIGITAL,null
Optilab,Optilab 06 de abril a 31 de julho de 2026,VARILUX® XR SERIES,Progressiva,multifocal,c02df56c-b204-4fdd-ab1a-ddad6acef261,Orma + Transitions Extractive,VARILUX® XR SERIES DIGITAL Orma + Transitions Extractive,multifocal,Resina,1.50,false,false,true,8099.00,Pagina 12,Verniz Hc,Revestimento,final,8099.00,8099.00,-10.00,6.00,0.00,-6.00,1.00,3.50,DIGITAL,null
Optilab,Optilab 06 de abril a 31 de julho de 2026,VARILUX® XR SERIES,Progressiva,multifocal,dc2d5d30-7837-44d9-9d7a-c08eb06b530e,Orma + Transitions Extractive,VARILUX® XR SERIES DIGITAL Orma + Transitions Extractive,multifocal,Resina,1.50,false,false,true,7179.00,Pagina 14,Verniz Hc,Revestimento,final,7179.00,7179.00,-10.00,6.00,0.00,-6.00,1.00,3.50,DIGITAL,null
Optilab,Optilab 06 de abril a 31 de julho de 2026,VARILUX® XR SERIES,Progressiva,multifocal,f3c35660-657a-4c6e-9bcc-e3aaec97d49d,Orma + Transitions Gen S,VARILUX® XR SERIES DIGITAL Orma + Transitions Gen S,multifocal,Resina,1.50,false,false,true,12169.00,Pagina 11,Crizal Easy Pro,Antirreflexo,final,12549.00,12549.00,-10.00,6.00,0.00,-6.00,1.00,3.50,DIGITAL,null
Optilab,Optilab 06 de abril a 31 de julho de 2026,VARILUX® XR SERIES,Progressiva,multifocal,e2064b75-110c-48b7-8971-83779aadad3b,Orma + Transitions Gen S,VARILUX® XR SERIES DIGITAL Orma + Transitions Gen S,multifocal,Resina,1.50,false,false,true,7759.00,Pagina 13,Crizal Easy Pro,Antirreflexo,final,8029.00,8029.00,-10.00,6.00,0.00,-6.00,1.00,3.50,DIGITAL,null
Optilab,Optilab 06 de abril a 31 de julho de 2026,VARILUX® XR SERIES,Progressiva,multifocal,55bf6dbc-0675-479b-bad5-acc4e50ada2c,Orma + Transitions Gen S,VARILUX® XR SERIES DIGITAL Orma + Transitions Gen S,multifocal,Resina,1.50,false,false,true,7119.00,Pagina 14,Crizal Easy Pro,Antirreflexo,final,7389.00,7389.00,-10.00,6.00,0.00,-6.00,1.00,3.50,DIGITAL,null
Optilab,Optilab 06 de abril a 31 de julho de 2026,VARILUX® XR SERIES,Progressiva,multifocal,8b74d25f-f401-4804-b19e-8115bb39fca2,Orma + Transitions Gen S,VARILUX® XR SERIES DIGITAL Orma + Transitions Gen S,multifocal,Resina,1.50,false,false,true,8039.00,Pagina 12,Crizal Easy Pro,Antirreflexo,final,8309.00,8309.00,-10.00,6.00,0.00,-6.00,1.00,3.50,DIGITAL,null
Optilab,Optilab 06 de abril a 31 de julho de 2026,VARILUX® XR SERIES,Progressiva,multifocal,8b74d25f-f401-4804-b19e-8115bb39fca2,Orma + Transitions Gen S,VARILUX® XR SERIES DIGITAL Orma + Transitions Gen S,multifocal,Resina,1.50,false,false,true,8039.00,Pagina 12,Optifog,Antirreflexo,final,8309.00,8309.00,-10.00,6.00,0.00,-6.00,1.00,3.50,DIGITAL,null
Optilab,Optilab 06 de abril a 31 de julho de 2026,VARILUX® XR SERIES,Progressiva,multifocal,e2064b75-110c-48b7-8971-83779aadad3b,Orma + Transitions Gen S,VARILUX® XR SERIES DIGITAL Orma + Transitions Gen S,multifocal,Resina,1.50,false,false,true,7759.00,Pagina 13,Optifog,Antirreflexo,final,8029.00,8029.00,-10.00,6.00,0.00,-6.00,1.00,3.50,DIGITAL,null
Optilab,Optilab 06 de abril a 31 de julho de 2026,VARILUX® XR SERIES,Progressiva,multifocal,f3c35660-657a-4c6e-9bcc-e3aaec97d49d,Orma + Transitions Gen S,VARILUX® XR SERIES DIGITAL Orma + Transitions Gen S,multifocal,Resina,1.50,false,false,true,12169.00,Pagina 11,Optifog,Antirreflexo,final,12549.00,12549.00,-10.00,6.00,0.00,-6.00,1.00,3.50,DIGITAL,null
Optilab,Optilab 06 de abril a 31 de julho de 2026,VARILUX® XR SERIES,Progressiva,multifocal,55bf6dbc-0675-479b-bad5-acc4e50ada2c,Orma + Transitions Gen S,VARILUX® XR SERIES DIGITAL Orma + Transitions Gen S,multifocal,Resina,1.50,false,false,true,7119.00,Pagina 14,Optifog,Antirreflexo,final,7389.00,7389.00,-10.00,6.00,0.00,-6.00,1.00,3.50,DIGITAL,null
Optilab,Optilab 06 de abril a 31 de julho de 2026,VARILUX® XR SERIES,Progressiva,multifocal,8b74d25f-f401-4804-b19e-8115bb39fca2,Orma + Transitions Gen S,VARILUX® XR SERIES DIGITAL Orma + Transitions Gen S,multifocal,Resina,1.50,false,false,true,8039.00,Pagina 12,Verniz Hc,Revestimento,final,8039.00,8039.00,-10.00,6.00,0.00,-6.00,1.00,3.50,DIGITAL,null
Optilab,Optilab 06 de abril a 31 de julho de 2026,VARILUX® XR SERIES,Progressiva,multifocal,e2064b75-110c-48b7-8971-83779aadad3b,Orma + Transitions Gen S,VARILUX® XR SERIES DIGITAL Orma + Transitions Gen S,multifocal,Resina,1.50,false,false,true,7759.00,Pagina 13,Verniz Hc,Revestimento,final,7759.00,7759.00,-10.00,6.00,0.00,-6.00,1.00,3.50,DIGITAL,null
Optilab,Optilab 06 de abril a 31 de julho de 2026,VARILUX® XR SERIES,Progressiva,multifocal,55bf6dbc-0675-479b-bad5-acc4e50ada2c,Orma + Transitions Gen S,VARILUX® XR SERIES DIGITAL Orma + Transitions Gen S,multifocal,Resina,1.50,false,false,true,7119.00,Pagina 14,Verniz Hc,Revestimento,final,7119.00,7119.00,-10.00,6.00,0.00,-6.00,1.00,3.50,DIGITAL,null
Optilab,Optilab 06 de abril a 31 de julho de 2026,VARILUX® XR SERIES,Progressiva,multifocal,359403e1-7986-4dfe-a837-ce4167ff9fed,Orma + Xperio cinza/marrom,VARILUX® XR SERIES DIGITAL Orma + Xperio cinza/marrom,multifocal,Resina,1.50,false,false,true,6459.00,Pagina 12,Crizal Easy Pro,Antirreflexo,final,7119.00,7119.00,-10.00,6.00,0.00,-6.00,1.00,3.50,DIGITAL,null
Optilab,Optilab 06 de abril a 31 de julho de 2026,VARILUX® XR SERIES,Progressiva,multifocal,291cbe2c-13b4-4e88-9686-6aedfeffe00f,Orma + Xperio cinza/marrom,VARILUX® XR SERIES DIGITAL Orma + Xperio cinza/marrom,multifocal,Resina,1.50,false,false,true,6179.00,Pagina 13,Crizal Easy Pro,Antirreflexo,final,6839.00,6839.00,-10.00,6.00,0.00,-6.00,1.00,3.50,DIGITAL,null
Optilab,Optilab 06 de abril a 31 de julho de 2026,VARILUX® XR SERIES,Progressiva,multifocal,3d7c70a1-6dc6-4105-8377-a64dfe40768e,Orma + Xperio cinza/marrom,VARILUX® XR SERIES DIGITAL Orma + Xperio cinza/marrom,multifocal,Resina,1.50,false,false,true,5539.00,Pagina 14,Crizal Easy Pro,Antirreflexo,final,6199.00,6199.00,-10.00,6.00,0.00,-6.00,1.00,3.50,DIGITAL,null
Optilab,Optilab 06 de abril a 31 de julho de 2026,VARILUX® XR SERIES,Progressiva,multifocal,4ab82c05-9b7e-4193-8551-63f6ce781b74,Orma + Xperio cinza/marrom,VARILUX® XR SERIES DIGITAL Orma + Xperio cinza/marrom,multifocal,Resina,1.50,false,false,true,10699.00,Pagina 11,Crizal Easy Pro,Antirreflexo,final,11359.00,11359.00,-10.00,6.00,0.00,-6.00,1.00,3.50,DIGITAL,null
Optilab,Optilab 06 de abril a 31 de julho de 2026,VARILUX® XR SERIES,Progressiva,multifocal,359403e1-7986-4dfe-a837-ce4167ff9fed,Orma + Xperio cinza/marrom,VARILUX® XR SERIES DIGITAL Orma + Xperio cinza/marrom,multifocal,Resina,1.50,false,false,true,6459.00,Pagina 12,Optifog,Antirreflexo,final,7099.00,7099.00,-10.00,6.00,0.00,-6.00,1.00,3.50,DIGITAL,null
Optilab,Optilab 06 de abril a 31 de julho de 2026,VARILUX® XR SERIES,Progressiva,multifocal,3d7c70a1-6dc6-4105-8377-a64dfe40768e,Orma + Xperio cinza/marrom,VARILUX® XR SERIES DIGITAL Orma + Xperio cinza/marrom,multifocal,Resina,1.50,false,false,true,5539.00,Pagina 14,Optifog,Antirreflexo,final,6179.00,6179.00,-10.00,6.00,0.00,-6.00,1.00,3.50,DIGITAL,null
Optilab,Optilab 06 de abril a 31 de julho de 2026,VARILUX® XR SERIES,Progressiva,multifocal,4ab82c05-9b7e-4193-8551-63f6ce781b74,Orma + Xperio cinza/marrom,VARILUX® XR SERIES DIGITAL Orma + Xperio cinza/marrom,multifocal,Resina,1.50,false,false,true,10699.00,Pagina 11,Optifog,Antirreflexo,final,11339.00,11339.00,-10.00,6.00,0.00,-6.00,1.00,3.50,DIGITAL,null
Optilab,Optilab 06 de abril a 31 de julho de 2026,VARILUX® XR SERIES,Progressiva,multifocal,291cbe2c-13b4-4e88-9686-6aedfeffe00f,Orma + Xperio cinza/marrom,VARILUX® XR SERIES DIGITAL Orma + Xperio cinza/marrom,multifocal,Resina,1.50,false,false,true,6179.00,Pagina 13,Optifog,Antirreflexo,final,6819.00,6819.00,-10.00,6.00,0.00,-6.00,1.00,3.50,DIGITAL,null
Optilab,Optilab 06 de abril a 31 de julho de 2026,VARILUX® XR SERIES,Progressiva,multifocal,4ab82c05-9b7e-4193-8551-63f6ce781b74,Orma + Xperio cinza/marrom,VARILUX® XR SERIES DIGITAL Orma + Xperio cinza/marrom,multifocal,Resina,1.50,false,false,true,10699.00,Pagina 11,Verniz Hc,Revestimento,final,10699.00,10699.00,-10.00,6.00,0.00,-6.00,1.00,3.50,DIGITAL,null
Optilab,Optilab 06 de abril a 31 de julho de 2026,VARILUX® XR SERIES,Progressiva,multifocal,291cbe2c-13b4-4e88-9686-6aedfeffe00f,Orma + Xperio cinza/marrom,VARILUX® XR SERIES DIGITAL Orma + Xperio cinza/marrom,multifocal,Resina,1.50,false,false,true,6179.00,Pagina 13,Verniz Hc,Revestimento,final,6179.00,6179.00,-10.00,6.00,0.00,-6.00,1.00,3.50,DIGITAL,null
Optilab,Optilab 06 de abril a 31 de julho de 2026,VARILUX® XR SERIES,Progressiva,multifocal,359403e1-7986-4dfe-a837-ce4167ff9fed,Orma + Xperio cinza/marrom,VARILUX® XR SERIES DIGITAL Orma + Xperio cinza/marrom,multifocal,Resina,1.50,false,false,true,6459.00,Pagina 12,Verniz Hc,Revestimento,final,6459.00,6459.00,-10.00,6.00,0.00,-6.00,1.00,3.50,DIGITAL,null
Optilab,Optilab 06 de abril a 31 de julho de 2026,VARILUX® XR SERIES,Progressiva,multifocal,3d7c70a1-6dc6-4105-8377-a64dfe40768e,Orma + Xperio cinza/marrom,VARILUX® XR SERIES DIGITAL Orma + Xperio cinza/marrom,multifocal,Resina,1.50,false,false,true,5539.00,Pagina 14,Verniz Hc,Revestimento,final,5539.00,5539.00,-10.00,6.00,0.00,-6.00,1.00,3.50,DIGITAL,null
Optilab,Optilab 06 de abril a 31 de julho de 2026,VARILUX® XR SERIES,Progressiva,multifocal,afb1b2a4-f4f1-44c9-9cd0-d34848481c92,Stylis 1.67,VARILUX® XR SERIES DIGITAL Stylis 1.67,multifocal,Resina High Index,1.67,false,false,true,9719.00,Pagina 12,Crizal Easy Pro,Antirreflexo,final,9989.00,9989.00,-12.00,9.00,0.00,-6.00,1.00,3.50,DIGITAL,null
Optilab,Optilab 06 de abril a 31 de julho de 2026,VARILUX® XR SERIES,Progressiva,multifocal,2790c675-d32c-4fb7-af4a-1da00016613a,Stylis 1.67,VARILUX® XR SERIES DIGITAL Stylis 1.67,multifocal,Resina High Index,1.67,false,false,true,9439.00,Pagina 13,Crizal Easy Pro,Antirreflexo,final,9709.00,9709.00,-12.00,9.00,0.00,-6.00,1.00,3.50,DIGITAL,null
Optilab,Optilab 06 de abril a 31 de julho de 2026,VARILUX® XR SERIES,Progressiva,multifocal,b0c9e54d-f39e-4020-b207-695dd2d04cfe,Stylis 1.67,VARILUX® XR SERIES DIGITAL Stylis 1.67,multifocal,Resina High Index,1.67,false,false,true,8799.00,Pagina 14,Crizal Easy Pro,Antirreflexo,final,9069.00,9069.00,-12.00,9.00,0.00,-6.00,1.00,3.50,DIGITAL,null
Optilab,Optilab 06 de abril a 31 de julho de 2026,VARILUX® XR SERIES,Progressiva,multifocal,e6ba54be-ced8-4092-890e-d2c982824481,Stylis 1.67,VARILUX® XR SERIES DIGITAL Stylis 1.67,multifocal,Resina High Index,1.67,false,false,true,13849.00,Pagina 11,Crizal Easy Pro,Antirreflexo,final,14229.00,14229.00,-12.00,9.00,0.00,-6.00,1.00,3.50,DIGITAL,null
Optilab,Optilab 06 de abril a 31 de julho de 2026,VARILUX® XR SERIES,Progressiva,multifocal,b0c9e54d-f39e-4020-b207-695dd2d04cfe,Stylis 1.67,VARILUX® XR SERIES DIGITAL Stylis 1.67,multifocal,Resina High Index,1.67,false,false,true,8799.00,Pagina 14,Optifog,Antirreflexo,final,9069.00,9069.00,-12.00,9.00,0.00,-6.00,1.00,3.50,DIGITAL,null
Optilab,Optilab 06 de abril a 31 de julho de 2026,VARILUX® XR SERIES,Progressiva,multifocal,2790c675-d32c-4fb7-af4a-1da00016613a,Stylis 1.67,VARILUX® XR SERIES DIGITAL Stylis 1.67,multifocal,Resina High Index,1.67,false,false,true,9439.00,Pagina 13,Optifog,Antirreflexo,final,9709.00,9709.00,-12.00,9.00,0.00,-6.00,1.00,3.50,DIGITAL,null
Optilab,Optilab 06 de abril a 31 de julho de 2026,VARILUX® XR SERIES,Progressiva,multifocal,e6ba54be-ced8-4092-890e-d2c982824481,Stylis 1.67,VARILUX® XR SERIES DIGITAL Stylis 1.67,multifocal,Resina High Index,1.67,false,false,true,13849.00,Pagina 11,Optifog,Antirreflexo,final,14229.00,14229.00,-12.00,9.00,0.00,-6.00,1.00,3.50,DIGITAL,null
Optilab,Optilab 06 de abril a 31 de julho de 2026,VARILUX® XR SERIES,Progressiva,multifocal,afb1b2a4-f4f1-44c9-9cd0-d34848481c92,Stylis 1.67,VARILUX® XR SERIES DIGITAL Stylis 1.67,multifocal,Resina High Index,1.67,false,false,true,9719.00,Pagina 12,Optifog,Antirreflexo,final,9989.00,9989.00,-12.00,9.00,0.00,-6.00,1.00,3.50,DIGITAL,null
Optilab,Optilab 06 de abril a 31 de julho de 2026,VARILUX® XR SERIES,Progressiva,multifocal,afb1b2a4-f4f1-44c9-9cd0-d34848481c92,Stylis 1.67,VARILUX® XR SERIES DIGITAL Stylis 1.67,multifocal,Resina High Index,1.67,false,false,true,9719.00,Pagina 12,Verniz Hc,Revestimento,final,9719.00,9719.00,-12.00,9.00,0.00,-6.00,1.00,3.50,DIGITAL,null
Optilab,Optilab 06 de abril a 31 de julho de 2026,VARILUX® XR SERIES,Progressiva,multifocal,2790c675-d32c-4fb7-af4a-1da00016613a,Stylis 1.67,VARILUX® XR SERIES DIGITAL Stylis 1.67,multifocal,Resina High Index,1.67,false,false,true,9439.00,Pagina 13,Verniz Hc,Revestimento,final,9439.00,9439.00,-12.00,9.00,0.00,-6.00,1.00,3.50,DIGITAL,null
Optilab,Optilab 06 de abril a 31 de julho de 2026,VARILUX® XR SERIES,Progressiva,multifocal,b0c9e54d-f39e-4020-b207-695dd2d04cfe,Stylis 1.67,VARILUX® XR SERIES DIGITAL Stylis 1.67,multifocal,Resina High Index,1.67,false,false,true,8799.00,Pagina 14,Verniz Hc,Revestimento,final,8799.00,8799.00,-12.00,9.00,0.00,-6.00,1.00,3.50,DIGITAL,null
Optilab,Optilab 06 de abril a 31 de julho de 2026,VARILUX® XR SERIES,Progressiva,multifocal,bc34a726-2ecb-47c6-9ff7-5daf84ca037e,Stylis 1.67 + Transitions Extractive,VARILUX® XR SERIES DIGITAL Stylis 1.67 + Transitions Extractive,multifocal,Resina High Index,1.67,false,false,true,10379.00,Pagina 14,Crizal Easy Pro,Antirreflexo,final,10649.00,10649.00,-12.00,9.00,0.00,-6.00,1.00,3.50,DIGITAL,null
Optilab,Optilab 06 de abril a 31 de julho de 2026,VARILUX® XR SERIES,Progressiva,multifocal,8af8ed9d-1c42-44f0-9472-93fd0cc165de,Stylis 1.67 + Transitions Extractive,VARILUX® XR SERIES DIGITAL Stylis 1.67 + Transitions Extractive,multifocal,Resina High Index,1.67,false,false,true,11299.00,Pagina 12,Crizal Easy Pro,Antirreflexo,final,11569.00,11569.00,-12.00,9.00,0.00,-6.00,1.00,3.50,DIGITAL,null
Optilab,Optilab 06 de abril a 31 de julho de 2026,VARILUX® XR SERIES,Progressiva,multifocal,1cd407fa-7844-45e2-92dd-a6db5212505c,Stylis 1.67 + Transitions Extractive,VARILUX® XR SERIES DIGITAL Stylis 1.67 + Transitions Extractive,multifocal,Resina High Index,1.67,false,false,true,11019.00,Pagina 13,Crizal Easy Pro,Antirreflexo,final,11289.00,11289.00,-12.00,9.00,0.00,-6.00,1.00,3.50,DIGITAL,null
Optilab,Optilab 06 de abril a 31 de julho de 2026,VARILUX® XR SERIES,Progressiva,multifocal,cc07fb15-632b-40ac-8a6f-41866d647390,Stylis 1.67 + Transitions Extractive,VARILUX® XR SERIES DIGITAL Stylis 1.67 + Transitions Extractive,multifocal,Resina High Index,1.67,false,false,true,15429.00,Pagina 11,Crizal Easy Pro,Antirreflexo,final,15809.00,15809.00,-12.00,9.00,0.00,-6.00,1.00,3.50,DIGITAL,null
Optilab,Optilab 06 de abril a 31 de julho de 2026,VARILUX® XR SERIES,Progressiva,multifocal,8af8ed9d-1c42-44f0-9472-93fd0cc165de,Stylis 1.67 + Transitions Extractive,VARILUX® XR SERIES DIGITAL Stylis 1.67 + Transitions Extractive,multifocal,Resina High Index,1.67,false,false,true,11299.00,Pagina 12,Optifog,Antirreflexo,final,11569.00,11569.00,-12.00,9.00,0.00,-6.00,1.00,3.50,DIGITAL,null
Optilab,Optilab 06 de abril a 31 de julho de 2026,VARILUX® XR SERIES,Progressiva,multifocal,cc07fb15-632b-40ac-8a6f-41866d647390,Stylis 1.67 + Transitions Extractive,VARILUX® XR SERIES DIGITAL Stylis 1.67 + Transitions Extractive,multifocal,Resina High Index,1.67,false,false,true,15429.00,Pagina 11,Optifog,Antirreflexo,final,15809.00,15809.00,-12.00,9.00,0.00,-6.00,1.00,3.50,DIGITAL,null
Optilab,Optilab 06 de abril a 31 de julho de 2026,VARILUX® XR SERIES,Progressiva,multifocal,bc34a726-2ecb-47c6-9ff7-5daf84ca037e,Stylis 1.67 + Transitions Extractive,VARILUX® XR SERIES DIGITAL Stylis 1.67 + Transitions Extractive,multifocal,Resina High Index,1.67,false,false,true,10379.00,Pagina 14,Optifog,Antirreflexo,final,10649.00,10649.00,-12.00,9.00,0.00,-6.00,1.00,3.50,DIGITAL,null
Optilab,Optilab 06 de abril a 31 de julho de 2026,VARILUX® XR SERIES,Progressiva,multifocal,1cd407fa-7844-45e2-92dd-a6db5212505c,Stylis 1.67 + Transitions Extractive,VARILUX® XR SERIES DIGITAL Stylis 1.67 + Transitions Extractive,multifocal,Resina High Index,1.67,false,false,true,11019.00,Pagina 13,Optifog,Antirreflexo,final,11289.00,11289.00,-12.00,9.00,0.00,-6.00,1.00,3.50,DIGITAL,null
Optilab,Optilab 06 de abril a 31 de julho de 2026,VARILUX® XR SERIES,Progressiva,multifocal,bc34a726-2ecb-47c6-9ff7-5daf84ca037e,Stylis 1.67 + Transitions Extractive,VARILUX® XR SERIES DIGITAL Stylis 1.67 + Transitions Extractive,multifocal,Resina High Index,1.67,false,false,true,10379.00,Pagina 14,Verniz Hc,Revestimento,final,10379.00,10379.00,-12.00,9.00,0.00,-6.00,1.00,3.50,DIGITAL,null
Optilab,Optilab 06 de abril a 31 de julho de 2026,VARILUX® XR SERIES,Progressiva,multifocal,1cd407fa-7844-45e2-92dd-a6db5212505c,Stylis 1.67 + Transitions Extractive,VARILUX® XR SERIES DIGITAL Stylis 1.67 + Transitions Extractive,multifocal,Resina High Index,1.67,false,false,true,11019.00,Pagina 13,Verniz Hc,Revestimento,final,11019.00,11019.00,-12.00,9.00,0.00,-6.00,1.00,3.50,DIGITAL,null
Optilab,Optilab 06 de abril a 31 de julho de 2026,VARILUX® XR SERIES,Progressiva,multifocal,8af8ed9d-1c42-44f0-9472-93fd0cc165de,Stylis 1.67 + Transitions Extractive,VARILUX® XR SERIES DIGITAL Stylis 1.67 + Transitions Extractive,multifocal,Resina High Index,1.67,false,false,true,11299.00,Pagina 12,Verniz Hc,Revestimento,final,11299.00,11299.00,-12.00,9.00,0.00,-6.00,1.00,3.50,DIGITAL,null
Optilab,Optilab 06 de abril a 31 de julho de 2026,VARILUX® XR SERIES,Progressiva,multifocal,200fb31c-ba44-4e2d-a2da-bf1387e8ec8f,Stylis 1.67 + Transitions Gen S,VARILUX® XR SERIES DIGITAL Stylis 1.67 + Transitions Gen S,multifocal,Resina High Index,1.67,false,false,true,11239.00,Pagina 12,Crizal Easy Pro,Antirreflexo,final,11509.00,11509.00,-12.00,9.00,0.00,-6.00,1.00,3.50,DIGITAL,null
Optilab,Optilab 06 de abril a 31 de julho de 2026,VARILUX® XR SERIES,Progressiva,multifocal,ba10b654-602b-4e22-b2f1-f78358b30d6b,Stylis 1.67 + Transitions Gen S,VARILUX® XR SERIES DIGITAL Stylis 1.67 + Transitions Gen S,multifocal,Resina High Index,1.67,false,false,true,10959.00,Pagina 13,Crizal Easy Pro,Antirreflexo,final,11229.00,11229.00,-12.00,9.00,0.00,-6.00,1.00,3.50,DIGITAL,null
Optilab,Optilab 06 de abril a 31 de julho de 2026,VARILUX® XR SERIES,Progressiva,multifocal,8e6f5c7f-6b85-4151-80be-6356ca9c352f,Stylis 1.67 + Transitions Gen S,VARILUX® XR SERIES DIGITAL Stylis 1.67 + Transitions Gen S,multifocal,Resina High Index,1.67,false,false,true,15369.00,Pagina 11,Crizal Easy Pro,Antirreflexo,final,15749.00,15749.00,-12.00,9.00,0.00,-6.00,1.00,3.50,DIGITAL,null
Optilab,Optilab 06 de abril a 31 de julho de 2026,VARILUX® XR SERIES,Progressiva,multifocal,658222cb-936d-4d10-acc0-20baead2b565,Stylis 1.67 + Transitions Gen S,VARILUX® XR SERIES DIGITAL Stylis 1.67 + Transitions Gen S,multifocal,Resina High Index,1.67,false,false,true,10319.00,Pagina 14,Crizal Easy Pro,Antirreflexo,final,10589.00,10589.00,-12.00,9.00,0.00,-6.00,1.00,3.50,DIGITAL,null
Optilab,Optilab 06 de abril a 31 de julho de 2026,VARILUX® XR SERIES,Progressiva,multifocal,ba10b654-602b-4e22-b2f1-f78358b30d6b,Stylis 1.67 + Transitions Gen S,VARILUX® XR SERIES DIGITAL Stylis 1.67 + Transitions Gen S,multifocal,Resina High Index,1.67,false,false,true,10959.00,Pagina 13,Optifog,Antirreflexo,final,11229.00,11229.00,-12.00,9.00,0.00,-6.00,1.00,3.50,DIGITAL,null
Optilab,Optilab 06 de abril a 31 de julho de 2026,VARILUX® XR SERIES,Progressiva,multifocal,8e6f5c7f-6b85-4151-80be-6356ca9c352f,Stylis 1.67 + Transitions Gen S,VARILUX® XR SERIES DIGITAL Stylis 1.67 + Transitions Gen S,multifocal,Resina High Index,1.67,false,false,true,15369.00,Pagina 11,Optifog,Antirreflexo,final,15749.00,15749.00,-12.00,9.00,0.00,-6.00,1.00,3.50,DIGITAL,null
Optilab,Optilab 06 de abril a 31 de julho de 2026,VARILUX® XR SERIES,Progressiva,multifocal,658222cb-936d-4d10-acc0-20baead2b565,Stylis 1.67 + Transitions Gen S,VARILUX® XR SERIES DIGITAL Stylis 1.67 + Transitions Gen S,multifocal,Resina High Index,1.67,false,false,true,10319.00,Pagina 14,Optifog,Antirreflexo,final,10589.00,10589.00,-12.00,9.00,0.00,-6.00,1.00,3.50,DIGITAL,null
Optilab,Optilab 06 de abril a 31 de julho de 2026,VARILUX® XR SERIES,Progressiva,multifocal,200fb31c-ba44-4e2d-a2da-bf1387e8ec8f,Stylis 1.67 + Transitions Gen S,VARILUX® XR SERIES DIGITAL Stylis 1.67 + Transitions Gen S,multifocal,Resina High Index,1.67,false,false,true,11239.00,Pagina 12,Optifog,Antirreflexo,final,11509.00,11509.00,-12.00,9.00,0.00,-6.00,1.00,3.50,DIGITAL,null
Optilab,Optilab 06 de abril a 31 de julho de 2026,VARILUX® XR SERIES,Progressiva,multifocal,658222cb-936d-4d10-acc0-20baead2b565,Stylis 1.67 + Transitions Gen S,VARILUX® XR SERIES DIGITAL Stylis 1.67 + Transitions Gen S,multifocal,Resina High Index,1.67,false,false,true,10319.00,Pagina 14,Verniz Hc,Revestimento,final,10319.00,10319.00,-12.00,9.00,0.00,-6.00,1.00,3.50,DIGITAL,null
Optilab,Optilab 06 de abril a 31 de julho de 2026,VARILUX® XR SERIES,Progressiva,multifocal,200fb31c-ba44-4e2d-a2da-bf1387e8ec8f,Stylis 1.67 + Transitions Gen S,VARILUX® XR SERIES DIGITAL Stylis 1.67 + Transitions Gen S,multifocal,Resina High Index,1.67,false,false,true,11239.00,Pagina 12,Verniz Hc,Revestimento,final,11239.00,11239.00,-12.00,9.00,0.00,-6.00,1.00,3.50,DIGITAL,null
Optilab,Optilab 06 de abril a 31 de julho de 2026,VARILUX® XR SERIES,Progressiva,multifocal,ba10b654-602b-4e22-b2f1-f78358b30d6b,Stylis 1.67 + Transitions Gen S,VARILUX® XR SERIES DIGITAL Stylis 1.67 + Transitions Gen S,multifocal,Resina High Index,1.67,false,false,true,10959.00,Pagina 13,Verniz Hc,Revestimento,final,10959.00,10959.00,-12.00,9.00,0.00,-6.00,1.00,3.50,DIGITAL,null
Optilab,Optilab 06 de abril a 31 de julho de 2026,VARILUX® XR SERIES,Progressiva,multifocal,cc60d75a-fe08-493b-9f8b-d594b2f0977d,Stylis 1.74,VARILUX® XR SERIES DIGITAL Stylis 1.74,multifocal,Resina High Index,1.74,false,false,true,16099.00,Pagina 11,Optifog,Antirreflexo,final,16099.00,16099.00,-14.00,13.00,0.00,-6.00,1.00,3.50,DIGITAL,null
Optilab,Optilab 06 de abril a 31 de julho de 2026,VARILUX® XR SERIES,Progressiva,multifocal,2f2e1a3f-aa93-45a1-a865-7e0cc1d63bfb,Stylis 1.74,VARILUX® XR SERIES DIGITAL Stylis 1.74,multifocal,Resina High Index,1.74,false,false,true,11579.00,Pagina 13,Optifog,Antirreflexo,final,11579.00,11579.00,-14.00,13.00,0.00,-6.00,1.00,3.50,DIGITAL,null
Optilab,Optilab 06 de abril a 31 de julho de 2026,VARILUX® XR SERIES,Progressiva,multifocal,27dbfc50-6381-46a3-b699-fd938cd925ee,Stylis 1.74,VARILUX® XR SERIES DIGITAL Stylis 1.74,multifocal,Resina High Index,1.74,false,false,true,10939.00,Pagina 14,Optifog,Antirreflexo,final,10939.00,10939.00,-14.00,13.00,0.00,-6.00,1.00,3.50,DIGITAL,null
Optilab,Optilab 06 de abril a 31 de julho de 2026,VARILUX® XR SERIES,Progressiva,multifocal,e6d9dd31-818b-48e9-b0be-db5a21f9d1f4,Stylis 1.74,VARILUX® XR SERIES DIGITAL Stylis 1.74,multifocal,Resina High Index,1.74,false,false,true,11859.00,Pagina 12,Optifog,Antirreflexo,final,11859.00,11859.00,-14.00,13.00,0.00,-6.00,1.00,3.50,DIGITAL,null
Optilab,Optilab 06 de abril a 31 de julho de 2026,VARILUX® XR SERIES,Progressiva,multifocal,4b13efd8-a3ef-4e78-8254-a32ab3ea4c55,Stylis 1.74 + Transitions Gen S,VARILUX® XR SERIES DIGITAL Stylis 1.74 + Transitions Gen S,multifocal,Resina High Index,1.74,false,false,true,12459.00,Pagina 14,Optifog,Antirreflexo,final,12459.00,12459.00,-14.00,13.00,0.00,-6.00,1.00,3.50,DIGITAL,null
Optilab,Optilab 06 de abril a 31 de julho de 2026,VARILUX® XR SERIES,Progressiva,multifocal,826f0243-248d-4f75-b0d9-4be1f6c6ece9,Stylis 1.74 + Transitions Gen S,VARILUX® XR SERIES DIGITAL Stylis 1.74 + Transitions Gen S,multifocal,Resina High Index,1.74,false,false,true,13379.00,Pagina 12,Optifog,Antirreflexo,final,13379.00,13379.00,-14.00,13.00,0.00,-6.00,1.00,3.50,DIGITAL,null
Optilab,Optilab 06 de abril a 31 de julho de 2026,VARILUX® XR SERIES,Progressiva,multifocal,d35fb11b-429d-4470-893a-14e69be0b432,Stylis 1.74 + Transitions Gen S,VARILUX® XR SERIES DIGITAL Stylis 1.74 + Transitions Gen S,multifocal,Resina High Index,1.74,false,false,true,17619.00,Pagina 11,Optifog,Antirreflexo,final,17619.00,17619.00,-14.00,13.00,0.00,-6.00,1.00,3.50,DIGITAL,null
Optilab,Optilab 06 de abril a 31 de julho de 2026,VARILUX® XR SERIES,Progressiva,multifocal,89932517-96e5-4763-95b3-39708d70e2c3,Stylis 1.74 + Transitions Gen S,VARILUX® XR SERIES DIGITAL Stylis 1.74 + Transitions Gen S,multifocal,Resina High Index,1.74,false,false,true,13099.00,Pagina 13,Optifog,Antirreflexo,final,13099.00,13099.00,-14.00,13.00,0.00,-6.00,1.00,3.50,DIGITAL,null
Optilab,Optilab 06 de abril a 31 de julho de 2026,VARILUX® XR SERIES,Progressiva,multifocal,c8cb0d66-a935-48af-8c77-2c1f37f60dde,Airwear,VARILUX® XR SERIES DIGITAL XR Design Airwear,multifocal,Policarbonato,1.59,false,false,true,5669.00,Pagina 14,Crizal Easy Pro,Antirreflexo,final,5669.00,5669.00,-10.00,6.00,0.00,-6.00,1.00,3.50,DIGITAL,XR Design
Optilab,Optilab 06 de abril a 31 de julho de 2026,VARILUX® XR SERIES,Progressiva,multifocal,c8cb0d66-a935-48af-8c77-2c1f37f60dde,Airwear,VARILUX® XR SERIES DIGITAL XR Design Airwear,multifocal,Policarbonato,1.59,false,false,true,5669.00,Pagina 14,Crizal Prevencia,Antirreflexo,final,6289.00,6289.00,-10.00,6.00,0.00,-6.00,1.00,3.50,DIGITAL,XR Design
Optilab,Optilab 06 de abril a 31 de julho de 2026,VARILUX® XR SERIES,Progressiva,multifocal,c8cb0d66-a935-48af-8c77-2c1f37f60dde,Airwear,VARILUX® XR SERIES DIGITAL XR Design Airwear,multifocal,Policarbonato,1.59,false,false,true,5669.00,Pagina 14,Crizal Rock,Antirreflexo,final,6019.00,6019.00,-10.00,6.00,0.00,-6.00,1.00,3.50,DIGITAL,XR Design
Optilab,Optilab 06 de abril a 31 de julho de 2026,VARILUX® XR SERIES,Progressiva,multifocal,7e163d37-9e5f-428d-8ccb-8e7ea7799a19,Airwear,VARILUX® XR SERIES DIGITAL XR Design Airwear,multifocal,Policarbonato,1.59,false,false,true,5449.00,Pagina 14,Crizal Rock,Antirreflexo,final,5449.00,5449.00,-10.00,6.00,0.00,-6.00,1.00,3.50,DIGITAL,XR Design
Optilab,Optilab 06 de abril a 31 de julho de 2026,VARILUX® XR SERIES,Progressiva,multifocal,c8cb0d66-a935-48af-8c77-2c1f37f60dde,Airwear,VARILUX® XR SERIES DIGITAL XR Design Airwear,multifocal,Policarbonato,1.59,false,false,true,5669.00,Pagina 14,Crizal Sapphire HR,Antirreflexo,final,6289.00,6289.00,-10.00,6.00,0.00,-6.00,1.00,3.50,DIGITAL,XR Design
Optilab,Optilab 06 de abril a 31 de julho de 2026,VARILUX® XR SERIES,Progressiva,multifocal,c8cb0d66-a935-48af-8c77-2c1f37f60dde,Airwear,VARILUX® XR SERIES DIGITAL XR Design Airwear,multifocal,Policarbonato,1.59,false,false,true,5669.00,Pagina 14,Optifog,Antirreflexo,final,5909.00,5909.00,-10.00,6.00,0.00,-6.00,1.00,3.50,DIGITAL,XR Design
Optilab,Optilab 06 de abril a 31 de julho de 2026,VARILUX® XR SERIES,Progressiva,multifocal,b98aab68-f142-4d94-9897-5ee341f972a7,Airwear + Transitions Extractive,VARILUX® XR SERIES DIGITAL XR Design Airwear + Transitions Extractive,multifocal,Policarbonato,1.59,false,false,true,7249.00,Pagina 14,Crizal Easy Pro,Antirreflexo,final,7249.00,7249.00,-10.00,6.00,0.00,-6.00,1.00,3.50,DIGITAL,XR Design
Optilab,Optilab 06 de abril a 31 de julho de 2026,VARILUX® XR SERIES,Progressiva,multifocal,b98aab68-f142-4d94-9897-5ee341f972a7,Airwear + Transitions Extractive,VARILUX® XR SERIES DIGITAL XR Design Airwear + Transitions Extractive,multifocal,Policarbonato,1.59,false,false,true,7249.00,Pagina 14,Crizal Prevencia,Antirreflexo,final,7869.00,7869.00,-10.00,6.00,0.00,-6.00,1.00,3.50,DIGITAL,XR Design
Optilab,Optilab 06 de abril a 31 de julho de 2026,VARILUX® XR SERIES,Progressiva,multifocal,b98aab68-f142-4d94-9897-5ee341f972a7,Airwear + Transitions Extractive,VARILUX® XR SERIES DIGITAL XR Design Airwear + Transitions Extractive,multifocal,Policarbonato,1.59,false,false,true,7249.00,Pagina 14,Crizal Rock,Antirreflexo,final,7599.00,7599.00,-10.00,6.00,0.00,-6.00,1.00,3.50,DIGITAL,XR Design
Optilab,Optilab 06 de abril a 31 de julho de 2026,VARILUX® XR SERIES,Progressiva,multifocal,b98aab68-f142-4d94-9897-5ee341f972a7,Airwear + Transitions Extractive,VARILUX® XR SERIES DIGITAL XR Design Airwear + Transitions Extractive,multifocal,Policarbonato,1.59,false,false,true,7249.00,Pagina 14,Crizal Sapphire HR,Antirreflexo,final,7869.00,7869.00,-10.00,6.00,0.00,-6.00,1.00,3.50,DIGITAL,XR Design
Optilab,Optilab 06 de abril a 31 de julho de 2026,VARILUX® XR SERIES,Progressiva,multifocal,b98aab68-f142-4d94-9897-5ee341f972a7,Airwear + Transitions Extractive,VARILUX® XR SERIES DIGITAL XR Design Airwear + Transitions Extractive,multifocal,Policarbonato,1.59,false,false,true,7249.00,Pagina 14,Optifog,Antirreflexo,final,7489.00,7489.00,-10.00,6.00,0.00,-6.00,1.00,3.50,DIGITAL,XR Design
Optilab,Optilab 06 de abril a 31 de julho de 2026,VARILUX® XR SERIES,Progressiva,multifocal,f15ce024-ec0f-4f18-b0eb-e0b22217fba4,Airwear + Transitions Gen S,VARILUX® XR SERIES DIGITAL XR Design Airwear + Transitions Gen S,multifocal,Policarbonato,1.59,false,false,true,7189.00,Pagina 14,Crizal Easy Pro,Antirreflexo,final,7189.00,7189.00,-10.00,6.00,0.00,-6.00,1.00,3.50,DIGITAL,XR Design
Optilab,Optilab 06 de abril a 31 de julho de 2026,VARILUX® XR SERIES,Progressiva,multifocal,f15ce024-ec0f-4f18-b0eb-e0b22217fba4,Airwear + Transitions Gen S,VARILUX® XR SERIES DIGITAL XR Design Airwear + Transitions Gen S,multifocal,Policarbonato,1.59,false,false,true,7189.00,Pagina 14,Crizal Prevencia,Antirreflexo,final,7809.00,7809.00,-10.00,6.00,0.00,-6.00,1.00,3.50,DIGITAL,XR Design
Optilab,Optilab 06 de abril a 31 de julho de 2026,VARILUX® XR SERIES,Progressiva,multifocal,f15ce024-ec0f-4f18-b0eb-e0b22217fba4,Airwear + Transitions Gen S,VARILUX® XR SERIES DIGITAL XR Design Airwear + Transitions Gen S,multifocal,Policarbonato,1.59,false,false,true,7189.00,Pagina 14,Crizal Rock,Antirreflexo,final,7539.00,7539.00,-10.00,6.00,0.00,-6.00,1.00,3.50,DIGITAL,XR Design
Optilab,Optilab 06 de abril a 31 de julho de 2026,VARILUX® XR SERIES,Progressiva,multifocal,f15ce024-ec0f-4f18-b0eb-e0b22217fba4,Airwear + Transitions Gen S,VARILUX® XR SERIES DIGITAL XR Design Airwear + Transitions Gen S,multifocal,Policarbonato,1.59,false,false,true,7189.00,Pagina 14,Crizal Sapphire HR,Antirreflexo,final,7809.00,7809.00,-10.00,6.00,0.00,-6.00,1.00,3.50,DIGITAL,XR Design
Optilab,Optilab 06 de abril a 31 de julho de 2026,VARILUX® XR SERIES,Progressiva,multifocal,f15ce024-ec0f-4f18-b0eb-e0b22217fba4,Airwear + Transitions Gen S,VARILUX® XR SERIES DIGITAL XR Design Airwear + Transitions Gen S,multifocal,Policarbonato,1.59,false,false,true,7189.00,Pagina 14,Optifog,Antirreflexo,final,7429.00,7429.00,-10.00,6.00,0.00,-6.00,1.00,3.50,DIGITAL,XR Design
Optilab,Optilab 06 de abril a 31 de julho de 2026,VARILUX® XR SERIES,Progressiva,multifocal,8a60639a-0a66-4ed7-9073-2f416634de02,Airwear + Xperio cinza/marrom,VARILUX® XR SERIES DIGITAL XR Design Airwear + Xperio cinza/marrom,multifocal,Policarbonato,1.59,false,false,true,5959.00,Pagina 14,Crizal Prevencia,Antirreflexo,final,6619.00,6619.00,-10.00,6.00,0.00,-6.00,1.00,3.50,DIGITAL,XR Design
Optilab,Optilab 06 de abril a 31 de julho de 2026,VARILUX® XR SERIES,Progressiva,multifocal,8a60639a-0a66-4ed7-9073-2f416634de02,Airwear + Xperio cinza/marrom,VARILUX® XR SERIES DIGITAL XR Design Airwear + Xperio cinza/marrom,multifocal,Policarbonato,1.59,false,false,true,5959.00,Pagina 14,Crizal Rock,Antirreflexo,final,5959.00,5959.00,-10.00,6.00,0.00,-6.00,1.00,3.50,DIGITAL,XR Design
Optilab,Optilab 06 de abril a 31 de julho de 2026,VARILUX® XR SERIES,Progressiva,multifocal,8a60639a-0a66-4ed7-9073-2f416634de02,Airwear + Xperio cinza/marrom,VARILUX® XR SERIES DIGITAL XR Design Airwear + Xperio cinza/marrom,multifocal,Policarbonato,1.59,false,false,true,5959.00,Pagina 14,Crizal Sapphire HR,Antirreflexo,final,6599.00,6599.00,-10.00,6.00,0.00,-6.00,1.00,3.50,DIGITAL,XR Design
Optilab,Optilab 06 de abril a 31 de julho de 2026,VARILUX® XR SERIES,Progressiva,multifocal,bbd9a175-d4c4-4404-ace7-c99fcd41b597,Orma,VARILUX® XR SERIES DIGITAL XR Design Orma,multifocal,Resina,1.50,false,false,true,5249.00,Pagina 14,Crizal Easy Pro,Antirreflexo,final,5249.00,5249.00,-10.00,6.00,0.00,-6.00,1.00,3.50,DIGITAL,XR Design
Optilab,Optilab 06 de abril a 31 de julho de 2026,VARILUX® XR SERIES,Progressiva,multifocal,bbd9a175-d4c4-4404-ace7-c99fcd41b597,Orma,VARILUX® XR SERIES DIGITAL XR Design Orma,multifocal,Resina,1.50,false,false,true,5249.00,Pagina 14,Crizal Prevencia,Antirreflexo,final,5869.00,5869.00,-10.00,6.00,0.00,-6.00,1.00,3.50,DIGITAL,XR Design
Optilab,Optilab 06 de abril a 31 de julho de 2026,VARILUX® XR SERIES,Progressiva,multifocal,bbd9a175-d4c4-4404-ace7-c99fcd41b597,Orma,VARILUX® XR SERIES DIGITAL XR Design Orma,multifocal,Resina,1.50,false,false,true,5249.00,Pagina 14,Crizal Rock,Antirreflexo,final,5599.00,5599.00,-10.00,6.00,0.00,-6.00,1.00,3.50,DIGITAL,XR Design
Optilab,Optilab 06 de abril a 31 de julho de 2026,VARILUX® XR SERIES,Progressiva,multifocal,24f8e0e2-69ef-43c8-bc4a-b5a1c08958e0,Orma,VARILUX® XR SERIES DIGITAL XR Design Orma,multifocal,Resina,1.50,false,false,true,5029.00,Pagina 14,Crizal Rock,Antirreflexo,final,5029.00,5029.00,-10.00,6.00,0.00,-6.00,1.00,3.50,DIGITAL,XR Design
Optilab,Optilab 06 de abril a 31 de julho de 2026,VARILUX® XR SERIES,Progressiva,multifocal,bbd9a175-d4c4-4404-ace7-c99fcd41b597,Orma,VARILUX® XR SERIES DIGITAL XR Design Orma,multifocal,Resina,1.50,false,false,true,5249.00,Pagina 14,Crizal Sapphire HR,Antirreflexo,final,5869.00,5869.00,-10.00,6.00,0.00,-6.00,1.00,3.50,DIGITAL,XR Design
Optilab,Optilab 06 de abril a 31 de julho de 2026,VARILUX® XR SERIES,Progressiva,multifocal,bbd9a175-d4c4-4404-ace7-c99fcd41b597,Orma,VARILUX® XR SERIES DIGITAL XR Design Orma,multifocal,Resina,1.50,false,false,true,5249.00,Pagina 14,Optifog,Antirreflexo,final,5489.00,5489.00,-10.00,6.00,0.00,-6.00,1.00,3.50,DIGITAL,XR Design
Optilab,Optilab 06 de abril a 31 de julho de 2026,VARILUX® XR SERIES,Progressiva,multifocal,114cf4ba-d19c-40ef-a1b5-bdfa3c63ef75,Orma + Coloração especial,VARILUX® XR SERIES DIGITAL XR Design Orma + Coloração especial,multifocal,Resina,1.50,false,false,true,5139.00,Pagina 14,Crizal Rock,Antirreflexo,final,5139.00,5139.00,-10.00,6.00,0.00,-6.00,1.00,3.50,DIGITAL,XR Design
Optilab,Optilab 06 de abril a 31 de julho de 2026,VARILUX® XR SERIES,Progressiva,multifocal,c9499fc7-4a86-45f4-9814-ee0d7fcd2b7d,Orma + Transitions Extractive,VARILUX® XR SERIES DIGITAL XR Design Orma + Transitions Extractive,multifocal,Resina,1.50,false,false,true,6829.00,Pagina 14,Crizal Easy Pro,Antirreflexo,final,6829.00,6829.00,-10.00,6.00,0.00,-6.00,1.00,3.50,DIGITAL,XR Design
Optilab,Optilab 06 de abril a 31 de julho de 2026,VARILUX® XR SERIES,Progressiva,multifocal,c9499fc7-4a86-45f4-9814-ee0d7fcd2b7d,Orma + Transitions Extractive,VARILUX® XR SERIES DIGITAL XR Design Orma + Transitions Extractive,multifocal,Resina,1.50,false,false,true,6829.00,Pagina 14,Crizal Prevencia,Antirreflexo,final,7449.00,7449.00,-10.00,6.00,0.00,-6.00,1.00,3.50,DIGITAL,XR Design
Optilab,Optilab 06 de abril a 31 de julho de 2026,VARILUX® XR SERIES,Progressiva,multifocal,c9499fc7-4a86-45f4-9814-ee0d7fcd2b7d,Orma + Transitions Extractive,VARILUX® XR SERIES DIGITAL XR Design Orma + Transitions Extractive,multifocal,Resina,1.50,false,false,true,6829.00,Pagina 14,Crizal Rock,Antirreflexo,final,7179.00,7179.00,-10.00,6.00,0.00,-6.00,1.00,3.50,DIGITAL,XR Design
Optilab,Optilab 06 de abril a 31 de julho de 2026,VARILUX® XR SERIES,Progressiva,multifocal,c9499fc7-4a86-45f4-9814-ee0d7fcd2b7d,Orma + Transitions Extractive,VARILUX® XR SERIES DIGITAL XR Design Orma + Transitions Extractive,multifocal,Resina,1.50,false,false,true,6829.00,Pagina 14,Crizal Sapphire HR,Antirreflexo,final,7449.00,7449.00,-10.00,6.00,0.00,-6.00,1.00,3.50,DIGITAL,XR Design
Optilab,Optilab 06 de abril a 31 de julho de 2026,VARILUX® XR SERIES,Progressiva,multifocal,c9499fc7-4a86-45f4-9814-ee0d7fcd2b7d,Orma + Transitions Extractive,VARILUX® XR SERIES DIGITAL XR Design Orma + Transitions Extractive,multifocal,Resina,1.50,false,false,true,6829.00,Pagina 14,Optifog,Antirreflexo,final,7069.00,7069.00,-10.00,6.00,0.00,-6.00,1.00,3.50,DIGITAL,XR Design
Optilab,Optilab 06 de abril a 31 de julho de 2026,VARILUX® XR SERIES,Progressiva,multifocal,be78b297-124d-4de6-87eb-0d819af5354a,Orma + Transitions Gen S,VARILUX® XR SERIES DIGITAL XR Design Orma + Transitions Gen S,multifocal,Resina,1.50,false,false,true,6769.00,Pagina 14,Crizal Easy Pro,Antirreflexo,final,6769.00,6769.00,-10.00,6.00,0.00,-6.00,1.00,3.50,DIGITAL,XR Design
Optilab,Optilab 06 de abril a 31 de julho de 2026,VARILUX® XR SERIES,Progressiva,multifocal,be78b297-124d-4de6-87eb-0d819af5354a,Orma + Transitions Gen S,VARILUX® XR SERIES DIGITAL XR Design Orma + Transitions Gen S,multifocal,Resina,1.50,false,false,true,6769.00,Pagina 14,Crizal Prevencia,Antirreflexo,final,7389.00,7389.00,-10.00,6.00,0.00,-6.00,1.00,3.50,DIGITAL,XR Design
Optilab,Optilab 06 de abril a 31 de julho de 2026,VARILUX® XR SERIES,Progressiva,multifocal,be78b297-124d-4de6-87eb-0d819af5354a,Orma + Transitions Gen S,VARILUX® XR SERIES DIGITAL XR Design Orma + Transitions Gen S,multifocal,Resina,1.50,false,false,true,6769.00,Pagina 14,Crizal Rock,Antirreflexo,final,7119.00,7119.00,-10.00,6.00,0.00,-6.00,1.00,3.50,DIGITAL,XR Design
Optilab,Optilab 06 de abril a 31 de julho de 2026,VARILUX® XR SERIES,Progressiva,multifocal,be78b297-124d-4de6-87eb-0d819af5354a,Orma + Transitions Gen S,VARILUX® XR SERIES DIGITAL XR Design Orma + Transitions Gen S,multifocal,Resina,1.50,false,false,true,6769.00,Pagina 14,Crizal Sapphire HR,Antirreflexo,final,7389.00,7389.00,-10.00,6.00,0.00,-6.00,1.00,3.50,DIGITAL,XR Design
Optilab,Optilab 06 de abril a 31 de julho de 2026,VARILUX® XR SERIES,Progressiva,multifocal,be78b297-124d-4de6-87eb-0d819af5354a,Orma + Transitions Gen S,VARILUX® XR SERIES DIGITAL XR Design Orma + Transitions Gen S,multifocal,Resina,1.50,false,false,true,6769.00,Pagina 14,Optifog,Antirreflexo,final,7009.00,7009.00,-10.00,6.00,0.00,-6.00,1.00,3.50,DIGITAL,XR Design
Optilab,Optilab 06 de abril a 31 de julho de 2026,VARILUX® XR SERIES,Progressiva,multifocal,950312da-0691-423f-a29b-958aadbb4a6e,Orma + Xperio cinza/marrom,VARILUX® XR SERIES DIGITAL XR Design Orma + Xperio cinza/marrom,multifocal,Resina,1.50,false,false,true,5539.00,Pagina 14,Crizal Prevencia,Antirreflexo,final,6199.00,6199.00,-10.00,6.00,0.00,-6.00,1.00,3.50,DIGITAL,XR Design
Optilab,Optilab 06 de abril a 31 de julho de 2026,VARILUX® XR SERIES,Progressiva,multifocal,950312da-0691-423f-a29b-958aadbb4a6e,Orma + Xperio cinza/marrom,VARILUX® XR SERIES DIGITAL XR Design Orma + Xperio cinza/marrom,multifocal,Resina,1.50,false,false,true,5539.00,Pagina 14,Crizal Rock,Antirreflexo,final,5539.00,5539.00,-10.00,6.00,0.00,-6.00,1.00,3.50,DIGITAL,XR Design
Optilab,Optilab 06 de abril a 31 de julho de 2026,VARILUX® XR SERIES,Progressiva,multifocal,950312da-0691-423f-a29b-958aadbb4a6e,Orma + Xperio cinza/marrom,VARILUX® XR SERIES DIGITAL XR Design Orma + Xperio cinza/marrom,multifocal,Resina,1.50,false,false,true,5539.00,Pagina 14,Crizal Sapphire HR,Antirreflexo,final,6179.00,6179.00,-10.00,6.00,0.00,-6.00,1.00,3.50,DIGITAL,XR Design
Optilab,Optilab 06 de abril a 31 de julho de 2026,VARILUX® XR SERIES,Progressiva,multifocal,f46d14f1-c819-4ec4-bf97-103108839ce7,Stylis 1.67,VARILUX® XR SERIES DIGITAL XR Design Stylis 1.67,multifocal,Resina High Index,1.67,false,false,true,8449.00,Pagina 14,Crizal Easy Pro,Antirreflexo,final,8449.00,8449.00,-12.00,9.00,0.00,-6.00,1.00,3.50,DIGITAL,XR Design
Optilab,Optilab 06 de abril a 31 de julho de 2026,VARILUX® XR SERIES,Progressiva,multifocal,f46d14f1-c819-4ec4-bf97-103108839ce7,Stylis 1.67,VARILUX® XR SERIES DIGITAL XR Design Stylis 1.67,multifocal,Resina High Index,1.67,false,false,true,8449.00,Pagina 14,Crizal Prevencia,Antirreflexo,final,9069.00,9069.00,-12.00,9.00,0.00,-6.00,1.00,3.50,DIGITAL,XR Design
Optilab,Optilab 06 de abril a 31 de julho de 2026,VARILUX® XR SERIES,Progressiva,multifocal,f46d14f1-c819-4ec4-bf97-103108839ce7,Stylis 1.67,VARILUX® XR SERIES DIGITAL XR Design Stylis 1.67,multifocal,Resina High Index,1.67,false,false,true,8449.00,Pagina 14,Crizal Rock,Antirreflexo,final,8799.00,8799.00,-12.00,9.00,0.00,-6.00,1.00,3.50,DIGITAL,XR Design
Optilab,Optilab 06 de abril a 31 de julho de 2026,VARILUX® XR SERIES,Progressiva,multifocal,f46d14f1-c819-4ec4-bf97-103108839ce7,Stylis 1.67,VARILUX® XR SERIES DIGITAL XR Design Stylis 1.67,multifocal,Resina High Index,1.67,false,false,true,8449.00,Pagina 14,Crizal Sapphire HR,Antirreflexo,final,9069.00,9069.00,-12.00,9.00,0.00,-6.00,1.00,3.50,DIGITAL,XR Design
Optilab,Optilab 06 de abril a 31 de julho de 2026,VARILUX® XR SERIES,Progressiva,multifocal,f46d14f1-c819-4ec4-bf97-103108839ce7,Stylis 1.67,VARILUX® XR SERIES DIGITAL XR Design Stylis 1.67,multifocal,Resina High Index,1.67,false,false,true,8449.00,Pagina 14,Optifog,Antirreflexo,final,8689.00,8689.00,-12.00,9.00,0.00,-6.00,1.00,3.50,DIGITAL,XR Design
Optilab,Optilab 06 de abril a 31 de julho de 2026,VARILUX® XR SERIES,Progressiva,multifocal,87dfeaf9-fae5-466c-82e5-78255e3b76d7,Stylis 1.67 + Transitions Extractive,VARILUX® XR SERIES DIGITAL XR Design Stylis 1.67 + Transitions Extractive,multifocal,Resina High Index,1.67,false,false,true,10029.00,Pagina 14,Crizal Easy Pro,Antirreflexo,final,10029.00,10029.00,-12.00,9.00,0.00,-6.00,1.00,3.50,DIGITAL,XR Design
Optilab,Optilab 06 de abril a 31 de julho de 2026,VARILUX® XR SERIES,Progressiva,multifocal,87dfeaf9-fae5-466c-82e5-78255e3b76d7,Stylis 1.67 + Transitions Extractive,VARILUX® XR SERIES DIGITAL XR Design Stylis 1.67 + Transitions Extractive,multifocal,Resina High Index,1.67,false,false,true,10029.00,Pagina 14,Crizal Prevencia,Antirreflexo,final,10649.00,10649.00,-12.00,9.00,0.00,-6.00,1.00,3.50,DIGITAL,XR Design
Optilab,Optilab 06 de abril a 31 de julho de 2026,VARILUX® XR SERIES,Progressiva,multifocal,87dfeaf9-fae5-466c-82e5-78255e3b76d7,Stylis 1.67 + Transitions Extractive,VARILUX® XR SERIES DIGITAL XR Design Stylis 1.67 + Transitions Extractive,multifocal,Resina High Index,1.67,false,false,true,10029.00,Pagina 14,Crizal Rock,Antirreflexo,final,10379.00,10379.00,-12.00,9.00,0.00,-6.00,1.00,3.50,DIGITAL,XR Design
Optilab,Optilab 06 de abril a 31 de julho de 2026,VARILUX® XR SERIES,Progressiva,multifocal,87dfeaf9-fae5-466c-82e5-78255e3b76d7,Stylis 1.67 + Transitions Extractive,VARILUX® XR SERIES DIGITAL XR Design Stylis 1.67 + Transitions Extractive,multifocal,Resina High Index,1.67,false,false,true,10029.00,Pagina 14,Crizal Sapphire HR,Antirreflexo,final,10649.00,10649.00,-12.00,9.00,0.00,-6.00,1.00,3.50,DIGITAL,XR Design
Optilab,Optilab 06 de abril a 31 de julho de 2026,VARILUX® XR SERIES,Progressiva,multifocal,87dfeaf9-fae5-466c-82e5-78255e3b76d7,Stylis 1.67 + Transitions Extractive,VARILUX® XR SERIES DIGITAL XR Design Stylis 1.67 + Transitions Extractive,multifocal,Resina High Index,1.67,false,false,true,10029.00,Pagina 14,Optifog,Antirreflexo,final,10269.00,10269.00,-12.00,9.00,0.00,-6.00,1.00,3.50,DIGITAL,XR Design
Optilab,Optilab 06 de abril a 31 de julho de 2026,VARILUX® XR SERIES,Progressiva,multifocal,12c15300-4f42-4d08-b86a-2d4455308128,Stylis 1.67 + Transitions Gen S,VARILUX® XR SERIES DIGITAL XR Design Stylis 1.67 + Transitions Gen S,multifocal,Resina High Index,1.67,false,false,true,9969.00,Pagina 14,Crizal Easy Pro,Antirreflexo,final,9969.00,9969.00,-12.00,9.00,0.00,-6.00,1.00,3.50,DIGITAL,XR Design
Optilab,Optilab 06 de abril a 31 de julho de 2026,VARILUX® XR SERIES,Progressiva,multifocal,12c15300-4f42-4d08-b86a-2d4455308128,Stylis 1.67 + Transitions Gen S,VARILUX® XR SERIES DIGITAL XR Design Stylis 1.67 + Transitions Gen S,multifocal,Resina High Index,1.67,false,false,true,9969.00,Pagina 14,Crizal Prevencia,Antirreflexo,final,10589.00,10589.00,-12.00,9.00,0.00,-6.00,1.00,3.50,DIGITAL,XR Design
Optilab,Optilab 06 de abril a 31 de julho de 2026,VARILUX® XR SERIES,Progressiva,multifocal,12c15300-4f42-4d08-b86a-2d4455308128,Stylis 1.67 + Transitions Gen S,VARILUX® XR SERIES DIGITAL XR Design Stylis 1.67 + Transitions Gen S,multifocal,Resina High Index,1.67,false,false,true,9969.00,Pagina 14,Crizal Rock,Antirreflexo,final,10319.00,10319.00,-12.00,9.00,0.00,-6.00,1.00,3.50,DIGITAL,XR Design
Optilab,Optilab 06 de abril a 31 de julho de 2026,VARILUX® XR SERIES,Progressiva,multifocal,12c15300-4f42-4d08-b86a-2d4455308128,Stylis 1.67 + Transitions Gen S,VARILUX® XR SERIES DIGITAL XR Design Stylis 1.67 + Transitions Gen S,multifocal,Resina High Index,1.67,false,false,true,9969.00,Pagina 14,Crizal Sapphire HR,Antirreflexo,final,10589.00,10589.00,-12.00,9.00,0.00,-6.00,1.00,3.50,DIGITAL,XR Design
Optilab,Optilab 06 de abril a 31 de julho de 2026,VARILUX® XR SERIES,Progressiva,multifocal,12c15300-4f42-4d08-b86a-2d4455308128,Stylis 1.67 + Transitions Gen S,VARILUX® XR SERIES DIGITAL XR Design Stylis 1.67 + Transitions Gen S,multifocal,Resina High Index,1.67,false,false,true,9969.00,Pagina 14,Optifog,Antirreflexo,final,10209.00,10209.00,-12.00,9.00,0.00,-6.00,1.00,3.50,DIGITAL,XR Design
Optilab,Optilab 06 de abril a 31 de julho de 2026,VARILUX® XR SERIES,Progressiva,multifocal,dccba9f4-dc31-4427-add0-f66b35782e37,Stylis 1.74,VARILUX® XR SERIES DIGITAL XR Design Stylis 1.74,multifocal,Resina High Index,1.74,false,false,true,10939.00,Pagina 14,Crizal Sapphire HR,Antirreflexo,final,10939.00,10939.00,-14.00,13.00,0.00,-6.00,1.00,3.50,DIGITAL,XR Design
Optilab,Optilab 06 de abril a 31 de julho de 2026,VARILUX® XR SERIES,Progressiva,multifocal,cc249042-48f3-431a-83d0-a574cfe97867,Stylis 1.74 + Transitions Gen S,VARILUX® XR SERIES DIGITAL XR Design Stylis 1.74 + Transitions Gen S,multifocal,Resina High Index,1.74,false,false,true,12459.00,Pagina 14,Crizal Sapphire HR,Antirreflexo,final,12459.00,12459.00,-14.00,13.00,0.00,-6.00,1.00,3.50,DIGITAL,XR Design
Optilab,Optilab 06 de abril a 31 de julho de 2026,VARILUX® XR SERIES,Progressiva,multifocal,6ab72580-1c61-4a5a-a067-0d8ec51a8699,Airwear,VARILUX® XR SERIES DIGITAL XR Pro Airwear,multifocal,Policarbonato,1.59,false,false,true,11069.00,Pagina 11,Crizal Prevencia,Antirreflexo,final,11449.00,11449.00,-10.00,6.00,0.00,-6.00,1.00,3.50,DIGITAL,XR Pro
Optilab,Optilab 06 de abril a 31 de julho de 2026,VARILUX® XR SERIES,Progressiva,multifocal,f33bf60f-21a3-465a-9393-e5f1230c6270,Airwear,VARILUX® XR SERIES DIGITAL XR Pro Airwear,multifocal,Policarbonato,1.59,false,false,true,10609.00,Pagina 11,Crizal Rock,Antirreflexo,final,10609.00,10609.00,-10.00,6.00,0.00,-6.00,1.00,3.50,DIGITAL,XR Pro
Optilab,Optilab 06 de abril a 31 de julho de 2026,VARILUX® XR SERIES,Progressiva,multifocal,6ab72580-1c61-4a5a-a067-0d8ec51a8699,Airwear,VARILUX® XR SERIES DIGITAL XR Pro Airwear,multifocal,Policarbonato,1.59,false,false,true,11069.00,Pagina 11,Crizal Sapphire HR,Antirreflexo,final,11449.00,11449.00,-10.00,6.00,0.00,-6.00,1.00,3.50,DIGITAL,XR Pro
Optilab,Optilab 06 de abril a 31 de julho de 2026,VARILUX® XR SERIES,Progressiva,multifocal,6ab72580-1c61-4a5a-a067-0d8ec51a8699,Airwear,VARILUX® XR SERIES DIGITAL XR Pro Airwear,multifocal,Policarbonato,1.59,false,false,true,11069.00,Pagina 11,Optifog,Antirreflexo,final,11069.00,11069.00,-10.00,6.00,0.00,-6.00,1.00,3.50,DIGITAL,XR Pro
Optilab,Optilab 06 de abril a 31 de julho de 2026,VARILUX® XR SERIES,Progressiva,multifocal,1bcd8d2b-95ad-426a-85ae-cf01bd59b871,Airwear + Transitions Extractive,VARILUX® XR SERIES DIGITAL XR Pro Airwear + Transitions Extractive,multifocal,Policarbonato,1.59,false,false,true,12649.00,Pagina 11,Crizal Prevencia,Antirreflexo,final,13029.00,13029.00,-10.00,6.00,0.00,-6.00,1.00,3.50,DIGITAL,XR Pro
Optilab,Optilab 06 de abril a 31 de julho de 2026,VARILUX® XR SERIES,Progressiva,multifocal,1bcd8d2b-95ad-426a-85ae-cf01bd59b871,Airwear + Transitions Extractive,VARILUX® XR SERIES DIGITAL XR Pro Airwear + Transitions Extractive,multifocal,Policarbonato,1.59,false,false,true,12649.00,Pagina 11,Crizal Sapphire HR,Antirreflexo,final,13029.00,13029.00,-10.00,6.00,0.00,-6.00,1.00,3.50,DIGITAL,XR Pro
Optilab,Optilab 06 de abril a 31 de julho de 2026,VARILUX® XR SERIES,Progressiva,multifocal,1bcd8d2b-95ad-426a-85ae-cf01bd59b871,Airwear + Transitions Extractive,VARILUX® XR SERIES DIGITAL XR Pro Airwear + Transitions Extractive,multifocal,Policarbonato,1.59,false,false,true,12649.00,Pagina 11,Optifog,Antirreflexo,final,12649.00,12649.00,-10.00,6.00,0.00,-6.00,1.00,3.50,DIGITAL,XR Pro
Optilab,Optilab 06 de abril a 31 de julho de 2026,VARILUX® XR SERIES,Progressiva,multifocal,8aa10de1-2fe1-482e-969e-366a7f75eb22,Airwear + Transitions Gen S,VARILUX® XR SERIES DIGITAL XR Pro Airwear + Transitions Gen S,multifocal,Policarbonato,1.59,false,false,true,12589.00,Pagina 11,Crizal Prevencia,Antirreflexo,final,12969.00,12969.00,-10.00,6.00,0.00,-6.00,1.00,3.50,DIGITAL,XR Pro
Optilab,Optilab 06 de abril a 31 de julho de 2026,VARILUX® XR SERIES,Progressiva,multifocal,8aa10de1-2fe1-482e-969e-366a7f75eb22,Airwear + Transitions Gen S,VARILUX® XR SERIES DIGITAL XR Pro Airwear + Transitions Gen S,multifocal,Policarbonato,1.59,false,false,true,12589.00,Pagina 11,Crizal Sapphire HR,Antirreflexo,final,12969.00,12969.00,-10.00,6.00,0.00,-6.00,1.00,3.50,DIGITAL,XR Pro
Optilab,Optilab 06 de abril a 31 de julho de 2026,VARILUX® XR SERIES,Progressiva,multifocal,8aa10de1-2fe1-482e-969e-366a7f75eb22,Airwear + Transitions Gen S,VARILUX® XR SERIES DIGITAL XR Pro Airwear + Transitions Gen S,multifocal,Policarbonato,1.59,false,false,true,12589.00,Pagina 11,Optifog,Antirreflexo,final,12589.00,12589.00,-10.00,6.00,0.00,-6.00,1.00,3.50,DIGITAL,XR Pro
Optilab,Optilab 06 de abril a 31 de julho de 2026,VARILUX® XR SERIES,Progressiva,multifocal,b818ed61-c0f2-4001-932f-0ec9e7a34bd6,Airwear + Xperio cinza/marrom,VARILUX® XR SERIES DIGITAL XR Pro Airwear + Xperio cinza/marrom,multifocal,Policarbonato,1.59,false,false,true,11119.00,Pagina 11,Crizal Prevencia,Antirreflexo,final,11779.00,11779.00,-10.00,6.00,0.00,-6.00,1.00,3.50,DIGITAL,XR Pro
Optilab,Optilab 06 de abril a 31 de julho de 2026,VARILUX® XR SERIES,Progressiva,multifocal,b818ed61-c0f2-4001-932f-0ec9e7a34bd6,Airwear + Xperio cinza/marrom,VARILUX® XR SERIES DIGITAL XR Pro Airwear + Xperio cinza/marrom,multifocal,Policarbonato,1.59,false,false,true,11119.00,Pagina 11,Crizal Rock,Antirreflexo,final,11119.00,11119.00,-10.00,6.00,0.00,-6.00,1.00,3.50,DIGITAL,XR Pro
Optilab,Optilab 06 de abril a 31 de julho de 2026,VARILUX® XR SERIES,Progressiva,multifocal,b818ed61-c0f2-4001-932f-0ec9e7a34bd6,Airwear + Xperio cinza/marrom,VARILUX® XR SERIES DIGITAL XR Pro Airwear + Xperio cinza/marrom,multifocal,Policarbonato,1.59,false,false,true,11119.00,Pagina 11,Crizal Sapphire HR,Antirreflexo,final,11759.00,11759.00,-10.00,6.00,0.00,-6.00,1.00,3.50,DIGITAL,XR Pro
Optilab,Optilab 06 de abril a 31 de julho de 2026,VARILUX® XR SERIES,Progressiva,multifocal,6276e616-14f2-4d3f-a553-383848a45549,Orma,VARILUX® XR SERIES DIGITAL XR Pro Orma,multifocal,Resina,1.50,false,false,true,10649.00,Pagina 11,Crizal Prevencia,Antirreflexo,final,11029.00,11029.00,-10.00,6.00,0.00,-6.00,1.00,3.50,DIGITAL,XR Pro
Optilab,Optilab 06 de abril a 31 de julho de 2026,VARILUX® XR SERIES,Progressiva,multifocal,fc86cdc3-2a26-4b7b-a8ca-652fc4d13f6e,Orma,VARILUX® XR SERIES DIGITAL XR Pro Orma,multifocal,Resina,1.50,false,false,true,10189.00,Pagina 11,Crizal Rock,Antirreflexo,final,10189.00,10189.00,-10.00,6.00,0.00,-6.00,1.00,3.50,DIGITAL,XR Pro
Optilab,Optilab 06 de abril a 31 de julho de 2026,VARILUX® XR SERIES,Progressiva,multifocal,6276e616-14f2-4d3f-a553-383848a45549,Orma,VARILUX® XR SERIES DIGITAL XR Pro Orma,multifocal,Resina,1.50,false,false,true,10649.00,Pagina 11,Crizal Sapphire HR,Antirreflexo,final,11029.00,11029.00,-10.00,6.00,0.00,-6.00,1.00,3.50,DIGITAL,XR Pro
Optilab,Optilab 06 de abril a 31 de julho de 2026,VARILUX® XR SERIES,Progressiva,multifocal,6276e616-14f2-4d3f-a553-383848a45549,Orma,VARILUX® XR SERIES DIGITAL XR Pro Orma,multifocal,Resina,1.50,false,false,true,10649.00,Pagina 11,Optifog,Antirreflexo,final,10649.00,10649.00,-10.00,6.00,0.00,-6.00,1.00,3.50,DIGITAL,XR Pro
Optilab,Optilab 06 de abril a 31 de julho de 2026,VARILUX® XR SERIES,Progressiva,multifocal,9c471a1d-4fc0-444c-8758-f2cf6a5b6edb,Orma + Coloração especial,VARILUX® XR SERIES DIGITAL XR Pro Orma + Coloração especial,multifocal,Resina,1.50,false,false,true,10299.00,Pagina 11,Crizal Rock,Antirreflexo,final,10299.00,10299.00,-10.00,6.00,0.00,-6.00,1.00,3.50,DIGITAL,XR Pro
Optilab,Optilab 06 de abril a 31 de julho de 2026,VARILUX® XR SERIES,Progressiva,multifocal,f0892eed-00f9-4a8d-abcb-793ef3b612f5,Orma + Transitions Extractive,VARILUX® XR SERIES DIGITAL XR Pro Orma + Transitions Extractive,multifocal,Resina,1.50,false,false,true,12229.00,Pagina 11,Crizal Prevencia,Antirreflexo,final,12609.00,12609.00,-10.00,6.00,0.00,-6.00,1.00,3.50,DIGITAL,XR Pro
Optilab,Optilab 06 de abril a 31 de julho de 2026,VARILUX® XR SERIES,Progressiva,multifocal,f0892eed-00f9-4a8d-abcb-793ef3b612f5,Orma + Transitions Extractive,VARILUX® XR SERIES DIGITAL XR Pro Orma + Transitions Extractive,multifocal,Resina,1.50,false,false,true,12229.00,Pagina 11,Crizal Sapphire HR,Antirreflexo,final,12609.00,12609.00,-10.00,6.00,0.00,-6.00,1.00,3.50,DIGITAL,XR Pro
Optilab,Optilab 06 de abril a 31 de julho de 2026,VARILUX® XR SERIES,Progressiva,multifocal,f0892eed-00f9-4a8d-abcb-793ef3b612f5,Orma + Transitions Extractive,VARILUX® XR SERIES DIGITAL XR Pro Orma + Transitions Extractive,multifocal,Resina,1.50,false,false,true,12229.00,Pagina 11,Optifog,Antirreflexo,final,12229.00,12229.00,-10.00,6.00,0.00,-6.00,1.00,3.50,DIGITAL,XR Pro
Optilab,Optilab 06 de abril a 31 de julho de 2026,VARILUX® XR SERIES,Progressiva,multifocal,5d941422-79e6-42c7-9d3b-b89faf6c3223,Orma + Transitions Gen S,VARILUX® XR SERIES DIGITAL XR Pro Orma + Transitions Gen S,multifocal,Resina,1.50,false,false,true,12169.00,Pagina 11,Crizal Prevencia,Antirreflexo,final,12549.00,12549.00,-10.00,6.00,0.00,-6.00,1.00,3.50,DIGITAL,XR Pro
Optilab,Optilab 06 de abril a 31 de julho de 2026,VARILUX® XR SERIES,Progressiva,multifocal,5d941422-79e6-42c7-9d3b-b89faf6c3223,Orma + Transitions Gen S,VARILUX® XR SERIES DIGITAL XR Pro Orma + Transitions Gen S,multifocal,Resina,1.50,false,false,true,12169.00,Pagina 11,Crizal Sapphire HR,Antirreflexo,final,12549.00,12549.00,-10.00,6.00,0.00,-6.00,1.00,3.50,DIGITAL,XR Pro
Optilab,Optilab 06 de abril a 31 de julho de 2026,VARILUX® XR SERIES,Progressiva,multifocal,5d941422-79e6-42c7-9d3b-b89faf6c3223,Orma + Transitions Gen S,VARILUX® XR SERIES DIGITAL XR Pro Orma + Transitions Gen S,multifocal,Resina,1.50,false,false,true,12169.00,Pagina 11,Optifog,Antirreflexo,final,12169.00,12169.00,-10.00,6.00,0.00,-6.00,1.00,3.50,DIGITAL,XR Pro
Optilab,Optilab 06 de abril a 31 de julho de 2026,VARILUX® XR SERIES,Progressiva,multifocal,d5e52dd5-8d2b-4d85-b28d-bedde20e6fc8,Orma + Xperio cinza/marrom,VARILUX® XR SERIES DIGITAL XR Pro Orma + Xperio cinza/marrom,multifocal,Resina,1.50,false,false,true,10699.00,Pagina 11,Crizal Prevencia,Antirreflexo,final,11359.00,11359.00,-10.00,6.00,0.00,-6.00,1.00,3.50,DIGITAL,XR Pro
Optilab,Optilab 06 de abril a 31 de julho de 2026,VARILUX® XR SERIES,Progressiva,multifocal,d5e52dd5-8d2b-4d85-b28d-bedde20e6fc8,Orma + Xperio cinza/marrom,VARILUX® XR SERIES DIGITAL XR Pro Orma + Xperio cinza/marrom,multifocal,Resina,1.50,false,false,true,10699.00,Pagina 11,Crizal Rock,Antirreflexo,final,10699.00,10699.00,-10.00,6.00,0.00,-6.00,1.00,3.50,DIGITAL,XR Pro
Optilab,Optilab 06 de abril a 31 de julho de 2026,VARILUX® XR SERIES,Progressiva,multifocal,d5e52dd5-8d2b-4d85-b28d-bedde20e6fc8,Orma + Xperio cinza/marrom,VARILUX® XR SERIES DIGITAL XR Pro Orma + Xperio cinza/marrom,multifocal,Resina,1.50,false,false,true,10699.00,Pagina 11,Crizal Sapphire HR,Antirreflexo,final,11339.00,11339.00,-10.00,6.00,0.00,-6.00,1.00,3.50,DIGITAL,XR Pro
Optilab,Optilab 06 de abril a 31 de julho de 2026,VARILUX® XR SERIES,Progressiva,multifocal,b95931f5-caff-4638-95c8-fbc23ff66df2,Stylis 1.67,VARILUX® XR SERIES DIGITAL XR Pro Stylis 1.67,multifocal,Resina High Index,1.67,false,false,true,13849.00,Pagina 11,Crizal Prevencia,Antirreflexo,final,14229.00,14229.00,-12.00,9.00,0.00,-6.00,1.00,3.50,DIGITAL,XR Pro
Optilab,Optilab 06 de abril a 31 de julho de 2026,VARILUX® XR SERIES,Progressiva,multifocal,b95931f5-caff-4638-95c8-fbc23ff66df2,Stylis 1.67,VARILUX® XR SERIES DIGITAL XR Pro Stylis 1.67,multifocal,Resina High Index,1.67,false,false,true,13849.00,Pagina 11,Crizal Sapphire HR,Antirreflexo,final,14229.00,14229.00,-12.00,9.00,0.00,-6.00,1.00,3.50,DIGITAL,XR Pro
Optilab,Optilab 06 de abril a 31 de julho de 2026,VARILUX® XR SERIES,Progressiva,multifocal,b95931f5-caff-4638-95c8-fbc23ff66df2,Stylis 1.67,VARILUX® XR SERIES DIGITAL XR Pro Stylis 1.67,multifocal,Resina High Index,1.67,false,false,true,13849.00,Pagina 11,Optifog,Antirreflexo,final,13849.00,13849.00,-12.00,9.00,0.00,-6.00,1.00,3.50,DIGITAL,XR Pro
Optilab,Optilab 06 de abril a 31 de julho de 2026,VARILUX® XR SERIES,Progressiva,multifocal,16b8d8d6-3125-4f16-96f2-6e404e138eda,Stylis 1.67 + Transitions Extractive,VARILUX® XR SERIES DIGITAL XR Pro Stylis 1.67 + Transitions Extractive,multifocal,Resina High Index,1.67,false,false,true,15429.00,Pagina 11,Crizal Prevencia,Antirreflexo,final,15809.00,15809.00,-12.00,9.00,0.00,-6.00,1.00,3.50,DIGITAL,XR Pro
Optilab,Optilab 06 de abril a 31 de julho de 2026,VARILUX® XR SERIES,Progressiva,multifocal,16b8d8d6-3125-4f16-96f2-6e404e138eda,Stylis 1.67 + Transitions Extractive,VARILUX® XR SERIES DIGITAL XR Pro Stylis 1.67 + Transitions Extractive,multifocal,Resina High Index,1.67,false,false,true,15429.00,Pagina 11,Crizal Sapphire HR,Antirreflexo,final,15809.00,15809.00,-12.00,9.00,0.00,-6.00,1.00,3.50,DIGITAL,XR Pro
Optilab,Optilab 06 de abril a 31 de julho de 2026,VARILUX® XR SERIES,Progressiva,multifocal,16b8d8d6-3125-4f16-96f2-6e404e138eda,Stylis 1.67 + Transitions Extractive,VARILUX® XR SERIES DIGITAL XR Pro Stylis 1.67 + Transitions Extractive,multifocal,Resina High Index,1.67,false,false,true,15429.00,Pagina 11,Optifog,Antirreflexo,final,15429.00,15429.00,-12.00,9.00,0.00,-6.00,1.00,3.50,DIGITAL,XR Pro
Optilab,Optilab 06 de abril a 31 de julho de 2026,VARILUX® XR SERIES,Progressiva,multifocal,8e638a71-7ca1-45bb-a947-db641cfd59f1,Stylis 1.67 + Transitions Gen S,VARILUX® XR SERIES DIGITAL XR Pro Stylis 1.67 + Transitions Gen S,multifocal,Resina High Index,1.67,false,false,true,15369.00,Pagina 11,Crizal Prevencia,Antirreflexo,final,15749.00,15749.00,-12.00,9.00,0.00,-6.00,1.00,3.50,DIGITAL,XR Pro
Optilab,Optilab 06 de abril a 31 de julho de 2026,VARILUX® XR SERIES,Progressiva,multifocal,8e638a71-7ca1-45bb-a947-db641cfd59f1,Stylis 1.67 + Transitions Gen S,VARILUX® XR SERIES DIGITAL XR Pro Stylis 1.67 + Transitions Gen S,multifocal,Resina High Index,1.67,false,false,true,15369.00,Pagina 11,Crizal Sapphire HR,Antirreflexo,final,15749.00,15749.00,-12.00,9.00,0.00,-6.00,1.00,3.50,DIGITAL,XR Pro
Optilab,Optilab 06 de abril a 31 de julho de 2026,VARILUX® XR SERIES,Progressiva,multifocal,8e638a71-7ca1-45bb-a947-db641cfd59f1,Stylis 1.67 + Transitions Gen S,VARILUX® XR SERIES DIGITAL XR Pro Stylis 1.67 + Transitions Gen S,multifocal,Resina High Index,1.67,false,false,true,15369.00,Pagina 11,Optifog,Antirreflexo,final,15369.00,15369.00,-12.00,9.00,0.00,-6.00,1.00,3.50,DIGITAL,XR Pro
Optilab,Optilab 06 de abril a 31 de julho de 2026,VARILUX® XR SERIES,Progressiva,multifocal,4504c03c-0db6-425b-b205-b99106d32865,Stylis 1.74,VARILUX® XR SERIES DIGITAL XR Pro Stylis 1.74,multifocal,Resina High Index,1.74,false,false,true,16099.00,Pagina 11,Crizal Sapphire HR,Antirreflexo,final,16099.00,16099.00,-14.00,13.00,0.00,-6.00,1.00,3.50,DIGITAL,XR Pro
Optilab,Optilab 06 de abril a 31 de julho de 2026,VARILUX® XR SERIES,Progressiva,multifocal,4457e47a-f75e-4595-a653-95d061f5b350,Stylis 1.74 + Transitions Gen S,VARILUX® XR SERIES DIGITAL XR Pro Stylis 1.74 + Transitions Gen S,multifocal,Resina High Index,1.74,false,false,true,17619.00,Pagina 11,Crizal Sapphire HR,Antirreflexo,final,17619.00,17619.00,-14.00,13.00,0.00,-6.00,1.00,3.50,DIGITAL,XR Pro
Optilab,Optilab 06 de abril a 31 de julho de 2026,VARILUX® XR SERIES,Progressiva,multifocal,8f7d30e9-35d6-4e45-a02b-d9b8dbe7e416,Airwear,VARILUX® XR SERIES DIGITAL XR Track Airwear,multifocal,Policarbonato,1.59,false,false,true,6589.00,Pagina 12,Crizal Easy Pro,Antirreflexo,final,6589.00,6589.00,-10.00,6.00,0.00,-6.00,1.00,3.50,DIGITAL,XR Track
Optilab,Optilab 06 de abril a 31 de julho de 2026,VARILUX® XR SERIES,Progressiva,multifocal,8f7d30e9-35d6-4e45-a02b-d9b8dbe7e416,Airwear,VARILUX® XR SERIES DIGITAL XR Track Airwear,multifocal,Policarbonato,1.59,false,false,true,6589.00,Pagina 12,Crizal Prevencia,Antirreflexo,final,7209.00,7209.00,-10.00,6.00,0.00,-6.00,1.00,3.50,DIGITAL,XR Track
Optilab,Optilab 06 de abril a 31 de julho de 2026,VARILUX® XR SERIES,Progressiva,multifocal,8f7d30e9-35d6-4e45-a02b-d9b8dbe7e416,Airwear,VARILUX® XR SERIES DIGITAL XR Track Airwear,multifocal,Policarbonato,1.59,false,false,true,6589.00,Pagina 12,Crizal Rock,Antirreflexo,final,6939.00,6939.00,-10.00,6.00,0.00,-6.00,1.00,3.50,DIGITAL,XR Track
Optilab,Optilab 06 de abril a 31 de julho de 2026,VARILUX® XR SERIES,Progressiva,multifocal,9d756637-9425-497e-9f25-c316848a4609,Airwear,VARILUX® XR SERIES DIGITAL XR Track Airwear,multifocal,Policarbonato,1.59,false,false,true,6369.00,Pagina 12,Crizal Rock,Antirreflexo,final,6369.00,6369.00,-10.00,6.00,0.00,-6.00,1.00,3.50,DIGITAL,XR Track
Optilab,Optilab 06 de abril a 31 de julho de 2026,VARILUX® XR SERIES,Progressiva,multifocal,8f7d30e9-35d6-4e45-a02b-d9b8dbe7e416,Airwear,VARILUX® XR SERIES DIGITAL XR Track Airwear,multifocal,Policarbonato,1.59,false,false,true,6589.00,Pagina 12,Crizal Sapphire HR,Antirreflexo,final,7209.00,7209.00,-10.00,6.00,0.00,-6.00,1.00,3.50,DIGITAL,XR Track
Optilab,Optilab 06 de abril a 31 de julho de 2026,VARILUX® XR SERIES,Progressiva,multifocal,8f7d30e9-35d6-4e45-a02b-d9b8dbe7e416,Airwear,VARILUX® XR SERIES DIGITAL XR Track Airwear,multifocal,Policarbonato,1.59,false,false,true,6589.00,Pagina 12,Optifog,Antirreflexo,final,6829.00,6829.00,-10.00,6.00,0.00,-6.00,1.00,3.50,DIGITAL,XR Track
Optilab,Optilab 06 de abril a 31 de julho de 2026,VARILUX® XR SERIES,Progressiva,multifocal,df660494-be83-4e77-b957-8c63c8c68f29,Airwear + Transitions Extractive,VARILUX® XR SERIES DIGITAL XR Track Airwear + Transitions Extractive,multifocal,Policarbonato,1.59,false,false,true,8169.00,Pagina 12,Crizal Easy Pro,Antirreflexo,final,8169.00,8169.00,-10.00,6.00,0.00,-6.00,1.00,3.50,DIGITAL,XR Track
Optilab,Optilab 06 de abril a 31 de julho de 2026,VARILUX® XR SERIES,Progressiva,multifocal,df660494-be83-4e77-b957-8c63c8c68f29,Airwear + Transitions Extractive,VARILUX® XR SERIES DIGITAL XR Track Airwear + Transitions Extractive,multifocal,Policarbonato,1.59,false,false,true,8169.00,Pagina 12,Crizal Prevencia,Antirreflexo,final,8789.00,8789.00,-10.00,6.00,0.00,-6.00,1.00,3.50,DIGITAL,XR Track
Optilab,Optilab 06 de abril a 31 de julho de 2026,VARILUX® XR SERIES,Progressiva,multifocal,df660494-be83-4e77-b957-8c63c8c68f29,Airwear + Transitions Extractive,VARILUX® XR SERIES DIGITAL XR Track Airwear + Transitions Extractive,multifocal,Policarbonato,1.59,false,false,true,8169.00,Pagina 12,Crizal Rock,Antirreflexo,final,8519.00,8519.00,-10.00,6.00,0.00,-6.00,1.00,3.50,DIGITAL,XR Track
Optilab,Optilab 06 de abril a 31 de julho de 2026,VARILUX® XR SERIES,Progressiva,multifocal,df660494-be83-4e77-b957-8c63c8c68f29,Airwear + Transitions Extractive,VARILUX® XR SERIES DIGITAL XR Track Airwear + Transitions Extractive,multifocal,Policarbonato,1.59,false,false,true,8169.00,Pagina 12,Crizal Sapphire HR,Antirreflexo,final,8789.00,8789.00,-10.00,6.00,0.00,-6.00,1.00,3.50,DIGITAL,XR Track
Optilab,Optilab 06 de abril a 31 de julho de 2026,VARILUX® XR SERIES,Progressiva,multifocal,df660494-be83-4e77-b957-8c63c8c68f29,Airwear + Transitions Extractive,VARILUX® XR SERIES DIGITAL XR Track Airwear + Transitions Extractive,multifocal,Policarbonato,1.59,false,false,true,8169.00,Pagina 12,Optifog,Antirreflexo,final,8409.00,8409.00,-10.00,6.00,0.00,-6.00,1.00,3.50,DIGITAL,XR Track
Optilab,Optilab 06 de abril a 31 de julho de 2026,VARILUX® XR SERIES,Progressiva,multifocal,33fbe58b-64e4-4550-9adb-6d685a5a86c0,Airwear + Transitions Gen S,VARILUX® XR SERIES DIGITAL XR Track Airwear + Transitions Gen S,multifocal,Policarbonato,1.59,false,false,true,8109.00,Pagina 12,Crizal Easy Pro,Antirreflexo,final,8109.00,8109.00,-10.00,6.00,0.00,-6.00,1.00,3.50,DIGITAL,XR Track
Optilab,Optilab 06 de abril a 31 de julho de 2026,VARILUX® XR SERIES,Progressiva,multifocal,33fbe58b-64e4-4550-9adb-6d685a5a86c0,Airwear + Transitions Gen S,VARILUX® XR SERIES DIGITAL XR Track Airwear + Transitions Gen S,multifocal,Policarbonato,1.59,false,false,true,8109.00,Pagina 12,Crizal Prevencia,Antirreflexo,final,8729.00,8729.00,-10.00,6.00,0.00,-6.00,1.00,3.50,DIGITAL,XR Track
Optilab,Optilab 06 de abril a 31 de julho de 2026,VARILUX® XR SERIES,Progressiva,multifocal,33fbe58b-64e4-4550-9adb-6d685a5a86c0,Airwear + Transitions Gen S,VARILUX® XR SERIES DIGITAL XR Track Airwear + Transitions Gen S,multifocal,Policarbonato,1.59,false,false,true,8109.00,Pagina 12,Crizal Rock,Antirreflexo,final,8459.00,8459.00,-10.00,6.00,0.00,-6.00,1.00,3.50,DIGITAL,XR Track
Optilab,Optilab 06 de abril a 31 de julho de 2026,VARILUX® XR SERIES,Progressiva,multifocal,33fbe58b-64e4-4550-9adb-6d685a5a86c0,Airwear + Transitions Gen S,VARILUX® XR SERIES DIGITAL XR Track Airwear + Transitions Gen S,multifocal,Policarbonato,1.59,false,false,true,8109.00,Pagina 12,Crizal Sapphire HR,Antirreflexo,final,8729.00,8729.00,-10.00,6.00,0.00,-6.00,1.00,3.50,DIGITAL,XR Track
Optilab,Optilab 06 de abril a 31 de julho de 2026,VARILUX® XR SERIES,Progressiva,multifocal,33fbe58b-64e4-4550-9adb-6d685a5a86c0,Airwear + Transitions Gen S,VARILUX® XR SERIES DIGITAL XR Track Airwear + Transitions Gen S,multifocal,Policarbonato,1.59,false,false,true,8109.00,Pagina 12,Optifog,Antirreflexo,final,8349.00,8349.00,-10.00,6.00,0.00,-6.00,1.00,3.50,DIGITAL,XR Track
Optilab,Optilab 06 de abril a 31 de julho de 2026,VARILUX® XR SERIES,Progressiva,multifocal,186399b5-bb5b-4e57-bb15-3f485104567e,Airwear + Xperio cinza/marrom,VARILUX® XR SERIES DIGITAL XR Track Airwear + Xperio cinza/marrom,multifocal,Policarbonato,1.59,false,false,true,6879.00,Pagina 12,Crizal Prevencia,Antirreflexo,final,7539.00,7539.00,-10.00,6.00,0.00,-6.00,1.00,3.50,DIGITAL,XR Track
Optilab,Optilab 06 de abril a 31 de julho de 2026,VARILUX® XR SERIES,Progressiva,multifocal,186399b5-bb5b-4e57-bb15-3f485104567e,Airwear + Xperio cinza/marrom,VARILUX® XR SERIES DIGITAL XR Track Airwear + Xperio cinza/marrom,multifocal,Policarbonato,1.59,false,false,true,6879.00,Pagina 12,Crizal Rock,Antirreflexo,final,6879.00,6879.00,-10.00,6.00,0.00,-6.00,1.00,3.50,DIGITAL,XR Track
Optilab,Optilab 06 de abril a 31 de julho de 2026,VARILUX® XR SERIES,Progressiva,multifocal,186399b5-bb5b-4e57-bb15-3f485104567e,Airwear + Xperio cinza/marrom,VARILUX® XR SERIES DIGITAL XR Track Airwear + Xperio cinza/marrom,multifocal,Policarbonato,1.59,false,false,true,6879.00,Pagina 12,Crizal Sapphire HR,Antirreflexo,final,7519.00,7519.00,-10.00,6.00,0.00,-6.00,1.00,3.50,DIGITAL,XR Track
Optilab,Optilab 06 de abril a 31 de julho de 2026,VARILUX® XR SERIES,Progressiva,multifocal,cafd8c51-1660-4340-95a8-cb248a2021bb,Airwear,VARILUX® XR SERIES DIGITAL XR Track Lite Airwear,multifocal,Policarbonato,1.59,false,false,true,6309.00,Pagina 13,Crizal Easy Pro,Antirreflexo,final,6309.00,6309.00,-10.00,6.00,0.00,-6.00,1.00,3.50,DIGITAL,XR Track Lite
Optilab,Optilab 06 de abril a 31 de julho de 2026,VARILUX® XR SERIES,Progressiva,multifocal,cafd8c51-1660-4340-95a8-cb248a2021bb,Airwear,VARILUX® XR SERIES DIGITAL XR Track Lite Airwear,multifocal,Policarbonato,1.59,false,false,true,6309.00,Pagina 13,Crizal Prevencia,Antirreflexo,final,6929.00,6929.00,-10.00,6.00,0.00,-6.00,1.00,3.50,DIGITAL,XR Track Lite
Optilab,Optilab 06 de abril a 31 de julho de 2026,VARILUX® XR SERIES,Progressiva,multifocal,ee0c69b3-73e5-4edd-9d8a-494330516b41,Airwear,VARILUX® XR SERIES DIGITAL XR Track Lite Airwear,multifocal,Policarbonato,1.59,false,false,true,6089.00,Pagina 13,Crizal Rock,Antirreflexo,final,6089.00,6089.00,-10.00,6.00,0.00,-6.00,1.00,3.50,DIGITAL,XR Track Lite
Optilab,Optilab 06 de abril a 31 de julho de 2026,VARILUX® XR SERIES,Progressiva,multifocal,cafd8c51-1660-4340-95a8-cb248a2021bb,Airwear,VARILUX® XR SERIES DIGITAL XR Track Lite Airwear,multifocal,Policarbonato,1.59,false,false,true,6309.00,Pagina 13,Crizal Rock,Antirreflexo,final,6659.00,6659.00,-10.00,6.00,0.00,-6.00,1.00,3.50,DIGITAL,XR Track Lite
Optilab,Optilab 06 de abril a 31 de julho de 2026,VARILUX® XR SERIES,Progressiva,multifocal,cafd8c51-1660-4340-95a8-cb248a2021bb,Airwear,VARILUX® XR SERIES DIGITAL XR Track Lite Airwear,multifocal,Policarbonato,1.59,false,false,true,6309.00,Pagina 13,Crizal Sapphire HR,Antirreflexo,final,6929.00,6929.00,-10.00,6.00,0.00,-6.00,1.00,3.50,DIGITAL,XR Track Lite
Optilab,Optilab 06 de abril a 31 de julho de 2026,VARILUX® XR SERIES,Progressiva,multifocal,cafd8c51-1660-4340-95a8-cb248a2021bb,Airwear,VARILUX® XR SERIES DIGITAL XR Track Lite Airwear,multifocal,Policarbonato,1.59,false,false,true,6309.00,Pagina 13,Optifog,Antirreflexo,final,6549.00,6549.00,-10.00,6.00,0.00,-6.00,1.00,3.50,DIGITAL,XR Track Lite
Optilab,Optilab 06 de abril a 31 de julho de 2026,VARILUX® XR SERIES,Progressiva,multifocal,beeb2dcf-ae11-4eaa-b510-dc275ce9b946,Airwear + Transitions Extractive,VARILUX® XR SERIES DIGITAL XR Track Lite Airwear + Transitions Extractive,multifocal,Policarbonato,1.59,false,false,true,7889.00,Pagina 13,Crizal Easy Pro,Antirreflexo,final,7889.00,7889.00,-10.00,6.00,0.00,-6.00,1.00,3.50,DIGITAL,XR Track Lite
Optilab,Optilab 06 de abril a 31 de julho de 2026,VARILUX® XR SERIES,Progressiva,multifocal,beeb2dcf-ae11-4eaa-b510-dc275ce9b946,Airwear + Transitions Extractive,VARILUX® XR SERIES DIGITAL XR Track Lite Airwear + Transitions Extractive,multifocal,Policarbonato,1.59,false,false,true,7889.00,Pagina 13,Crizal Prevencia,Antirreflexo,final,8509.00,8509.00,-10.00,6.00,0.00,-6.00,1.00,3.50,DIGITAL,XR Track Lite
Optilab,Optilab 06 de abril a 31 de julho de 2026,VARILUX® XR SERIES,Progressiva,multifocal,beeb2dcf-ae11-4eaa-b510-dc275ce9b946,Airwear + Transitions Extractive,VARILUX® XR SERIES DIGITAL XR Track Lite Airwear + Transitions Extractive,multifocal,Policarbonato,1.59,false,false,true,7889.00,Pagina 13,Crizal Rock,Antirreflexo,final,8239.00,8239.00,-10.00,6.00,0.00,-6.00,1.00,3.50,DIGITAL,XR Track Lite
Optilab,Optilab 06 de abril a 31 de julho de 2026,VARILUX® XR SERIES,Progressiva,multifocal,beeb2dcf-ae11-4eaa-b510-dc275ce9b946,Airwear + Transitions Extractive,VARILUX® XR SERIES DIGITAL XR Track Lite Airwear + Transitions Extractive,multifocal,Policarbonato,1.59,false,false,true,7889.00,Pagina 13,Crizal Sapphire HR,Antirreflexo,final,8509.00,8509.00,-10.00,6.00,0.00,-6.00,1.00,3.50,DIGITAL,XR Track Lite
Optilab,Optilab 06 de abril a 31 de julho de 2026,VARILUX® XR SERIES,Progressiva,multifocal,beeb2dcf-ae11-4eaa-b510-dc275ce9b946,Airwear + Transitions Extractive,VARILUX® XR SERIES DIGITAL XR Track Lite Airwear + Transitions Extractive,multifocal,Policarbonato,1.59,false,false,true,7889.00,Pagina 13,Optifog,Antirreflexo,final,8129.00,8129.00,-10.00,6.00,0.00,-6.00,1.00,3.50,DIGITAL,XR Track Lite
Optilab,Optilab 06 de abril a 31 de julho de 2026,VARILUX® XR SERIES,Progressiva,multifocal,a20dd453-0698-4b05-b5a4-e608481d17e2,Airwear + Transitions Gen S,VARILUX® XR SERIES DIGITAL XR Track Lite Airwear + Transitions Gen S,multifocal,Policarbonato,1.59,false,false,true,7829.00,Pagina 13,Crizal Easy Pro,Antirreflexo,final,7829.00,7829.00,-10.00,6.00,0.00,-6.00,1.00,3.50,DIGITAL,XR Track Lite
Optilab,Optilab 06 de abril a 31 de julho de 2026,VARILUX® XR SERIES,Progressiva,multifocal,a20dd453-0698-4b05-b5a4-e608481d17e2,Airwear + Transitions Gen S,VARILUX® XR SERIES DIGITAL XR Track Lite Airwear + Transitions Gen S,multifocal,Policarbonato,1.59,false,false,true,7829.00,Pagina 13,Crizal Prevencia,Antirreflexo,final,8449.00,8449.00,-10.00,6.00,0.00,-6.00,1.00,3.50,DIGITAL,XR Track Lite
Optilab,Optilab 06 de abril a 31 de julho de 2026,VARILUX® XR SERIES,Progressiva,multifocal,a20dd453-0698-4b05-b5a4-e608481d17e2,Airwear + Transitions Gen S,VARILUX® XR SERIES DIGITAL XR Track Lite Airwear + Transitions Gen S,multifocal,Policarbonato,1.59,false,false,true,7829.00,Pagina 13,Crizal Rock,Antirreflexo,final,8179.00,8179.00,-10.00,6.00,0.00,-6.00,1.00,3.50,DIGITAL,XR Track Lite
Optilab,Optilab 06 de abril a 31 de julho de 2026,VARILUX® XR SERIES,Progressiva,multifocal,a20dd453-0698-4b05-b5a4-e608481d17e2,Airwear + Transitions Gen S,VARILUX® XR SERIES DIGITAL XR Track Lite Airwear + Transitions Gen S,multifocal,Policarbonato,1.59,false,false,true,7829.00,Pagina 13,Crizal Sapphire HR,Antirreflexo,final,8449.00,8449.00,-10.00,6.00,0.00,-6.00,1.00,3.50,DIGITAL,XR Track Lite
Optilab,Optilab 06 de abril a 31 de julho de 2026,VARILUX® XR SERIES,Progressiva,multifocal,a20dd453-0698-4b05-b5a4-e608481d17e2,Airwear + Transitions Gen S,VARILUX® XR SERIES DIGITAL XR Track Lite Airwear + Transitions Gen S,multifocal,Policarbonato,1.59,false,false,true,7829.00,Pagina 13,Optifog,Antirreflexo,final,8069.00,8069.00,-10.00,6.00,0.00,-6.00,1.00,3.50,DIGITAL,XR Track Lite
Optilab,Optilab 06 de abril a 31 de julho de 2026,VARILUX® XR SERIES,Progressiva,multifocal,cc2feec9-b650-4fd1-acca-082e325fd0b9,Airwear + Xperio cinza/marrom,VARILUX® XR SERIES DIGITAL XR Track Lite Airwear + Xperio cinza/marrom,multifocal,Policarbonato,1.59,false,false,true,6599.00,Pagina 13,Crizal Prevencia,Antirreflexo,final,7259.00,7259.00,-10.00,6.00,0.00,-6.00,1.00,3.50,DIGITAL,XR Track Lite
Optilab,Optilab 06 de abril a 31 de julho de 2026,VARILUX® XR SERIES,Progressiva,multifocal,cc2feec9-b650-4fd1-acca-082e325fd0b9,Airwear + Xperio cinza/marrom,VARILUX® XR SERIES DIGITAL XR Track Lite Airwear + Xperio cinza/marrom,multifocal,Policarbonato,1.59,false,false,true,6599.00,Pagina 13,Crizal Rock,Antirreflexo,final,6599.00,6599.00,-10.00,6.00,0.00,-6.00,1.00,3.50,DIGITAL,XR Track Lite
Optilab,Optilab 06 de abril a 31 de julho de 2026,VARILUX® XR SERIES,Progressiva,multifocal,cc2feec9-b650-4fd1-acca-082e325fd0b9,Airwear + Xperio cinza/marrom,VARILUX® XR SERIES DIGITAL XR Track Lite Airwear + Xperio cinza/marrom,multifocal,Policarbonato,1.59,false,false,true,6599.00,Pagina 13,Crizal Sapphire HR,Antirreflexo,final,7239.00,7239.00,-10.00,6.00,0.00,-6.00,1.00,3.50,DIGITAL,XR Track Lite
Optilab,Optilab 06 de abril a 31 de julho de 2026,VARILUX® XR SERIES,Progressiva,multifocal,35e1b154-8fd5-4e63-9098-d9f0066ce120,Orma,VARILUX® XR SERIES DIGITAL XR Track Lite Orma,multifocal,Resina,1.50,false,false,true,5889.00,Pagina 13,Crizal Easy Pro,Antirreflexo,final,5889.00,5889.00,-10.00,6.00,0.00,-6.00,1.00,3.50,DIGITAL,XR Track Lite
Optilab,Optilab 06 de abril a 31 de julho de 2026,VARILUX® XR SERIES,Progressiva,multifocal,35e1b154-8fd5-4e63-9098-d9f0066ce120,Orma,VARILUX® XR SERIES DIGITAL XR Track Lite Orma,multifocal,Resina,1.50,false,false,true,5889.00,Pagina 13,Crizal Prevencia,Antirreflexo,final,6509.00,6509.00,-10.00,6.00,0.00,-6.00,1.00,3.50,DIGITAL,XR Track Lite
Optilab,Optilab 06 de abril a 31 de julho de 2026,VARILUX® XR SERIES,Progressiva,multifocal,d536b449-2d34-4f4f-a343-b2eddd806a2a,Orma,VARILUX® XR SERIES DIGITAL XR Track Lite Orma,multifocal,Resina,1.50,false,false,true,5669.00,Pagina 13,Crizal Rock,Antirreflexo,final,5669.00,5669.00,-10.00,6.00,0.00,-6.00,1.00,3.50,DIGITAL,XR Track Lite
Optilab,Optilab 06 de abril a 31 de julho de 2026,VARILUX® XR SERIES,Progressiva,multifocal,35e1b154-8fd5-4e63-9098-d9f0066ce120,Orma,VARILUX® XR SERIES DIGITAL XR Track Lite Orma,multifocal,Resina,1.50,false,false,true,5889.00,Pagina 13,Crizal Rock,Antirreflexo,final,6239.00,6239.00,-10.00,6.00,0.00,-6.00,1.00,3.50,DIGITAL,XR Track Lite
Optilab,Optilab 06 de abril a 31 de julho de 2026,VARILUX® XR SERIES,Progressiva,multifocal,35e1b154-8fd5-4e63-9098-d9f0066ce120,Orma,VARILUX® XR SERIES DIGITAL XR Track Lite Orma,multifocal,Resina,1.50,false,false,true,5889.00,Pagina 13,Crizal Sapphire HR,Antirreflexo,final,6509.00,6509.00,-10.00,6.00,0.00,-6.00,1.00,3.50,DIGITAL,XR Track Lite
Optilab,Optilab 06 de abril a 31 de julho de 2026,VARILUX® XR SERIES,Progressiva,multifocal,35e1b154-8fd5-4e63-9098-d9f0066ce120,Orma,VARILUX® XR SERIES DIGITAL XR Track Lite Orma,multifocal,Resina,1.50,false,false,true,5889.00,Pagina 13,Optifog,Antirreflexo,final,6129.00,6129.00,-10.00,6.00,0.00,-6.00,1.00,3.50,DIGITAL,XR Track Lite
Optilab,Optilab 06 de abril a 31 de julho de 2026,VARILUX® XR SERIES,Progressiva,multifocal,e58d0f88-78e4-43cb-99fc-d1a5fd0bb192,Orma + Coloração especial,VARILUX® XR SERIES DIGITAL XR Track Lite Orma + Coloração especial,multifocal,Resina,1.50,false,false,true,5779.00,Pagina 13,Crizal Rock,Antirreflexo,final,5779.00,5779.00,-10.00,6.00,0.00,-6.00,1.00,3.50,DIGITAL,XR Track Lite
Optilab,Optilab 06 de abril a 31 de julho de 2026,VARILUX® XR SERIES,Progressiva,multifocal,c1850f30-d3db-4cb7-afe7-c163a32ed84a,Orma + Transitions Extractive,VARILUX® XR SERIES DIGITAL XR Track Lite Orma + Transitions Extractive,multifocal,Resina,1.50,false,false,true,7469.00,Pagina 13,Crizal Easy Pro,Antirreflexo,final,7469.00,7469.00,-10.00,6.00,0.00,-6.00,1.00,3.50,DIGITAL,XR Track Lite
Optilab,Optilab 06 de abril a 31 de julho de 2026,VARILUX® XR SERIES,Progressiva,multifocal,c1850f30-d3db-4cb7-afe7-c163a32ed84a,Orma + Transitions Extractive,VARILUX® XR SERIES DIGITAL XR Track Lite Orma + Transitions Extractive,multifocal,Resina,1.50,false,false,true,7469.00,Pagina 13,Crizal Prevencia,Antirreflexo,final,8089.00,8089.00,-10.00,6.00,0.00,-6.00,1.00,3.50,DIGITAL,XR Track Lite
Optilab,Optilab 06 de abril a 31 de julho de 2026,VARILUX® XR SERIES,Progressiva,multifocal,c1850f30-d3db-4cb7-afe7-c163a32ed84a,Orma + Transitions Extractive,VARILUX® XR SERIES DIGITAL XR Track Lite Orma + Transitions Extractive,multifocal,Resina,1.50,false,false,true,7469.00,Pagina 13,Crizal Rock,Antirreflexo,final,7819.00,7819.00,-10.00,6.00,0.00,-6.00,1.00,3.50,DIGITAL,XR Track Lite
Optilab,Optilab 06 de abril a 31 de julho de 2026,VARILUX® XR SERIES,Progressiva,multifocal,c1850f30-d3db-4cb7-afe7-c163a32ed84a,Orma + Transitions Extractive,VARILUX® XR SERIES DIGITAL XR Track Lite Orma + Transitions Extractive,multifocal,Resina,1.50,false,false,true,7469.00,Pagina 13,Crizal Sapphire HR,Antirreflexo,final,8089.00,8089.00,-10.00,6.00,0.00,-6.00,1.00,3.50,DIGITAL,XR Track Lite
Optilab,Optilab 06 de abril a 31 de julho de 2026,VARILUX® XR SERIES,Progressiva,multifocal,c1850f30-d3db-4cb7-afe7-c163a32ed84a,Orma + Transitions Extractive,VARILUX® XR SERIES DIGITAL XR Track Lite Orma + Transitions Extractive,multifocal,Resina,1.50,false,false,true,7469.00,Pagina 13,Optifog,Antirreflexo,final,7709.00,7709.00,-10.00,6.00,0.00,-6.00,1.00,3.50,DIGITAL,XR Track Lite
Optilab,Optilab 06 de abril a 31 de julho de 2026,VARILUX® XR SERIES,Progressiva,multifocal,394acecd-c7b3-4090-abf5-1c5f0ebc48d3,Orma + Transitions Gen S,VARILUX® XR SERIES DIGITAL XR Track Lite Orma + Transitions Gen S,multifocal,Resina,1.50,false,false,true,7409.00,Pagina 13,Crizal Easy Pro,Antirreflexo,final,7409.00,7409.00,-10.00,6.00,0.00,-6.00,1.00,3.50,DIGITAL,XR Track Lite
Optilab,Optilab 06 de abril a 31 de julho de 2026,VARILUX® XR SERIES,Progressiva,multifocal,394acecd-c7b3-4090-abf5-1c5f0ebc48d3,Orma + Transitions Gen S,VARILUX® XR SERIES DIGITAL XR Track Lite Orma + Transitions Gen S,multifocal,Resina,1.50,false,false,true,7409.00,Pagina 13,Crizal Prevencia,Antirreflexo,final,8029.00,8029.00,-10.00,6.00,0.00,-6.00,1.00,3.50,DIGITAL,XR Track Lite
Optilab,Optilab 06 de abril a 31 de julho de 2026,VARILUX® XR SERIES,Progressiva,multifocal,394acecd-c7b3-4090-abf5-1c5f0ebc48d3,Orma + Transitions Gen S,VARILUX® XR SERIES DIGITAL XR Track Lite Orma + Transitions Gen S,multifocal,Resina,1.50,false,false,true,7409.00,Pagina 13,Crizal Rock,Antirreflexo,final,7759.00,7759.00,-10.00,6.00,0.00,-6.00,1.00,3.50,DIGITAL,XR Track Lite
Optilab,Optilab 06 de abril a 31 de julho de 2026,VARILUX® XR SERIES,Progressiva,multifocal,394acecd-c7b3-4090-abf5-1c5f0ebc48d3,Orma + Transitions Gen S,VARILUX® XR SERIES DIGITAL XR Track Lite Orma + Transitions Gen S,multifocal,Resina,1.50,false,false,true,7409.00,Pagina 13,Crizal Sapphire HR,Antirreflexo,final,8029.00,8029.00,-10.00,6.00,0.00,-6.00,1.00,3.50,DIGITAL,XR Track Lite
Optilab,Optilab 06 de abril a 31 de julho de 2026,VARILUX® XR SERIES,Progressiva,multifocal,394acecd-c7b3-4090-abf5-1c5f0ebc48d3,Orma + Transitions Gen S,VARILUX® XR SERIES DIGITAL XR Track Lite Orma + Transitions Gen S,multifocal,Resina,1.50,false,false,true,7409.00,Pagina 13,Optifog,Antirreflexo,final,7649.00,7649.00,-10.00,6.00,0.00,-6.00,1.00,3.50,DIGITAL,XR Track Lite
Optilab,Optilab 06 de abril a 31 de julho de 2026,VARILUX® XR SERIES,Progressiva,multifocal,3eb47e27-5fb7-442e-bdc6-2667872eaaea,Orma + Xperio cinza/marrom,VARILUX® XR SERIES DIGITAL XR Track Lite Orma + Xperio cinza/marrom,multifocal,Resina,1.50,false,false,true,6179.00,Pagina 13,Crizal Prevencia,Antirreflexo,final,6839.00,6839.00,-10.00,6.00,0.00,-6.00,1.00,3.50,DIGITAL,XR Track Lite
Optilab,Optilab 06 de abril a 31 de julho de 2026,VARILUX® XR SERIES,Progressiva,multifocal,3eb47e27-5fb7-442e-bdc6-2667872eaaea,Orma + Xperio cinza/marrom,VARILUX® XR SERIES DIGITAL XR Track Lite Orma + Xperio cinza/marrom,multifocal,Resina,1.50,false,false,true,6179.00,Pagina 13,Crizal Rock,Antirreflexo,final,6179.00,6179.00,-10.00,6.00,0.00,-6.00,1.00,3.50,DIGITAL,XR Track Lite
Optilab,Optilab 06 de abril a 31 de julho de 2026,VARILUX® XR SERIES,Progressiva,multifocal,3eb47e27-5fb7-442e-bdc6-2667872eaaea,Orma + Xperio cinza/marrom,VARILUX® XR SERIES DIGITAL XR Track Lite Orma + Xperio cinza/marrom,multifocal,Resina,1.50,false,false,true,6179.00,Pagina 13,Crizal Sapphire HR,Antirreflexo,final,6819.00,6819.00,-10.00,6.00,0.00,-6.00,1.00,3.50,DIGITAL,XR Track Lite
Optilab,Optilab 06 de abril a 31 de julho de 2026,VARILUX® XR SERIES,Progressiva,multifocal,884e4c07-40ee-4379-9851-c259ae9c6b10,Stylis 1.67,VARILUX® XR SERIES DIGITAL XR Track Lite Stylis 1.67,multifocal,Resina High Index,1.67,false,false,true,9089.00,Pagina 13,Crizal Easy Pro,Antirreflexo,final,9089.00,9089.00,-12.00,9.00,0.00,-6.00,1.00,3.50,DIGITAL,XR Track Lite
Optilab,Optilab 06 de abril a 31 de julho de 2026,VARILUX® XR SERIES,Progressiva,multifocal,884e4c07-40ee-4379-9851-c259ae9c6b10,Stylis 1.67,VARILUX® XR SERIES DIGITAL XR Track Lite Stylis 1.67,multifocal,Resina High Index,1.67,false,false,true,9089.00,Pagina 13,Crizal Prevencia,Antirreflexo,final,9709.00,9709.00,-12.00,9.00,0.00,-6.00,1.00,3.50,DIGITAL,XR Track Lite
Optilab,Optilab 06 de abril a 31 de julho de 2026,VARILUX® XR SERIES,Progressiva,multifocal,884e4c07-40ee-4379-9851-c259ae9c6b10,Stylis 1.67,VARILUX® XR SERIES DIGITAL XR Track Lite Stylis 1.67,multifocal,Resina High Index,1.67,false,false,true,9089.00,Pagina 13,Crizal Rock,Antirreflexo,final,9439.00,9439.00,-12.00,9.00,0.00,-6.00,1.00,3.50,DIGITAL,XR Track Lite
Optilab,Optilab 06 de abril a 31 de julho de 2026,VARILUX® XR SERIES,Progressiva,multifocal,884e4c07-40ee-4379-9851-c259ae9c6b10,Stylis 1.67,VARILUX® XR SERIES DIGITAL XR Track Lite Stylis 1.67,multifocal,Resina High Index,1.67,false,false,true,9089.00,Pagina 13,Crizal Sapphire HR,Antirreflexo,final,9709.00,9709.00,-12.00,9.00,0.00,-6.00,1.00,3.50,DIGITAL,XR Track Lite
Optilab,Optilab 06 de abril a 31 de julho de 2026,VARILUX® XR SERIES,Progressiva,multifocal,884e4c07-40ee-4379-9851-c259ae9c6b10,Stylis 1.67,VARILUX® XR SERIES DIGITAL XR Track Lite Stylis 1.67,multifocal,Resina High Index,1.67,false,false,true,9089.00,Pagina 13,Optifog,Antirreflexo,final,9329.00,9329.00,-12.00,9.00,0.00,-6.00,1.00,3.50,DIGITAL,XR Track Lite
Optilab,Optilab 06 de abril a 31 de julho de 2026,VARILUX® XR SERIES,Progressiva,multifocal,f9e1df4f-103f-4d47-a227-38eb674679e6,Stylis 1.67 + Transitions Extractive,VARILUX® XR SERIES DIGITAL XR Track Lite Stylis 1.67 + Transitions Extractive,multifocal,Resina High Index,1.67,false,false,true,10669.00,Pagina 13,Crizal Easy Pro,Antirreflexo,final,10669.00,10669.00,-12.00,9.00,0.00,-6.00,1.00,3.50,DIGITAL,XR Track Lite
Optilab,Optilab 06 de abril a 31 de julho de 2026,VARILUX® XR SERIES,Progressiva,multifocal,f9e1df4f-103f-4d47-a227-38eb674679e6,Stylis 1.67 + Transitions Extractive,VARILUX® XR SERIES DIGITAL XR Track Lite Stylis 1.67 + Transitions Extractive,multifocal,Resina High Index,1.67,false,false,true,10669.00,Pagina 13,Crizal Prevencia,Antirreflexo,final,11289.00,11289.00,-12.00,9.00,0.00,-6.00,1.00,3.50,DIGITAL,XR Track Lite
Optilab,Optilab 06 de abril a 31 de julho de 2026,VARILUX® XR SERIES,Progressiva,multifocal,f9e1df4f-103f-4d47-a227-38eb674679e6,Stylis 1.67 + Transitions Extractive,VARILUX® XR SERIES DIGITAL XR Track Lite Stylis 1.67 + Transitions Extractive,multifocal,Resina High Index,1.67,false,false,true,10669.00,Pagina 13,Crizal Rock,Antirreflexo,final,11019.00,11019.00,-12.00,9.00,0.00,-6.00,1.00,3.50,DIGITAL,XR Track Lite
Optilab,Optilab 06 de abril a 31 de julho de 2026,VARILUX® XR SERIES,Progressiva,multifocal,f9e1df4f-103f-4d47-a227-38eb674679e6,Stylis 1.67 + Transitions Extractive,VARILUX® XR SERIES DIGITAL XR Track Lite Stylis 1.67 + Transitions Extractive,multifocal,Resina High Index,1.67,false,false,true,10669.00,Pagina 13,Crizal Sapphire HR,Antirreflexo,final,11289.00,11289.00,-12.00,9.00,0.00,-6.00,1.00,3.50,DIGITAL,XR Track Lite
Optilab,Optilab 06 de abril a 31 de julho de 2026,VARILUX® XR SERIES,Progressiva,multifocal,f9e1df4f-103f-4d47-a227-38eb674679e6,Stylis 1.67 + Transitions Extractive,VARILUX® XR SERIES DIGITAL XR Track Lite Stylis 1.67 + Transitions Extractive,multifocal,Resina High Index,1.67,false,false,true,10669.00,Pagina 13,Optifog,Antirreflexo,final,10909.00,10909.00,-12.00,9.00,0.00,-6.00,1.00,3.50,DIGITAL,XR Track Lite
Optilab,Optilab 06 de abril a 31 de julho de 2026,VARILUX® XR SERIES,Progressiva,multifocal,39276684-26cb-42b3-bfdb-c91b6f7f59c2,Stylis 1.67 + Transitions Gen S,VARILUX® XR SERIES DIGITAL XR Track Lite Stylis 1.67 + Transitions Gen S,multifocal,Resina High Index,1.67,false,false,true,10609.00,Pagina 13,Crizal Easy Pro,Antirreflexo,final,10609.00,10609.00,-12.00,9.00,0.00,-6.00,1.00,3.50,DIGITAL,XR Track Lite
Optilab,Optilab 06 de abril a 31 de julho de 2026,VARILUX® XR SERIES,Progressiva,multifocal,39276684-26cb-42b3-bfdb-c91b6f7f59c2,Stylis 1.67 + Transitions Gen S,VARILUX® XR SERIES DIGITAL XR Track Lite Stylis 1.67 + Transitions Gen S,multifocal,Resina High Index,1.67,false,false,true,10609.00,Pagina 13,Crizal Prevencia,Antirreflexo,final,11229.00,11229.00,-12.00,9.00,0.00,-6.00,1.00,3.50,DIGITAL,XR Track Lite
Optilab,Optilab 06 de abril a 31 de julho de 2026,VARILUX® XR SERIES,Progressiva,multifocal,39276684-26cb-42b3-bfdb-c91b6f7f59c2,Stylis 1.67 + Transitions Gen S,VARILUX® XR SERIES DIGITAL XR Track Lite Stylis 1.67 + Transitions Gen S,multifocal,Resina High Index,1.67,false,false,true,10609.00,Pagina 13,Crizal Rock,Antirreflexo,final,10959.00,10959.00,-12.00,9.00,0.00,-6.00,1.00,3.50,DIGITAL,XR Track Lite
Optilab,Optilab 06 de abril a 31 de julho de 2026,VARILUX® XR SERIES,Progressiva,multifocal,39276684-26cb-42b3-bfdb-c91b6f7f59c2,Stylis 1.67 + Transitions Gen S,VARILUX® XR SERIES DIGITAL XR Track Lite Stylis 1.67 + Transitions Gen S,multifocal,Resina High Index,1.67,false,false,true,10609.00,Pagina 13,Crizal Sapphire HR,Antirreflexo,final,11229.00,11229.00,-12.00,9.00,0.00,-6.00,1.00,3.50,DIGITAL,XR Track Lite
Optilab,Optilab 06 de abril a 31 de julho de 2026,VARILUX® XR SERIES,Progressiva,multifocal,39276684-26cb-42b3-bfdb-c91b6f7f59c2,Stylis 1.67 + Transitions Gen S,VARILUX® XR SERIES DIGITAL XR Track Lite Stylis 1.67 + Transitions Gen S,multifocal,Resina High Index,1.67,false,false,true,10609.00,Pagina 13,Optifog,Antirreflexo,final,10849.00,10849.00,-12.00,9.00,0.00,-6.00,1.00,3.50,DIGITAL,XR Track Lite
Optilab,Optilab 06 de abril a 31 de julho de 2026,VARILUX® XR SERIES,Progressiva,multifocal,66773641-de95-4fbd-8f7e-0989d3486238,Stylis 1.74,VARILUX® XR SERIES DIGITAL XR Track Lite Stylis 1.74,multifocal,Resina High Index,1.74,false,false,true,11579.00,Pagina 13,Crizal Sapphire HR,Antirreflexo,final,11579.00,11579.00,-14.00,13.00,0.00,-6.00,1.00,3.50,DIGITAL,XR Track Lite
Optilab,Optilab 06 de abril a 31 de julho de 2026,VARILUX® XR SERIES,Progressiva,multifocal,df57aa2e-071f-42a7-bf85-b0b2275c93fb,Stylis 1.74 + Transitions Gen S,VARILUX® XR SERIES DIGITAL XR Track Lite Stylis 1.74 + Transitions Gen S,multifocal,Resina High Index,1.74,false,false,true,13099.00,Pagina 13,Crizal Sapphire HR,Antirreflexo,final,13099.00,13099.00,-14.00,13.00,0.00,-6.00,1.00,3.50,DIGITAL,XR Track Lite
Optilab,Optilab 06 de abril a 31 de julho de 2026,VARILUX® XR SERIES,Progressiva,multifocal,67e958dc-5a28-4746-803d-829484ba2ae3,Orma,VARILUX® XR SERIES DIGITAL XR Track Orma,multifocal,Resina,1.50,false,false,true,6169.00,Pagina 12,Crizal Easy Pro,Antirreflexo,final,6169.00,6169.00,-10.00,6.00,0.00,-6.00,1.00,3.50,DIGITAL,XR Track
Optilab,Optilab 06 de abril a 31 de julho de 2026,VARILUX® XR SERIES,Progressiva,multifocal,67e958dc-5a28-4746-803d-829484ba2ae3,Orma,VARILUX® XR SERIES DIGITAL XR Track Orma,multifocal,Resina,1.50,false,false,true,6169.00,Pagina 12,Crizal Prevencia,Antirreflexo,final,6789.00,6789.00,-10.00,6.00,0.00,-6.00,1.00,3.50,DIGITAL,XR Track
Optilab,Optilab 06 de abril a 31 de julho de 2026,VARILUX® XR SERIES,Progressiva,multifocal,3501d6a7-78ce-45a1-9aa4-3ebc1ba382be,Orma,VARILUX® XR SERIES DIGITAL XR Track Orma,multifocal,Resina,1.50,false,false,true,5949.00,Pagina 12,Crizal Rock,Antirreflexo,final,5949.00,5949.00,-10.00,6.00,0.00,-6.00,1.00,3.50,DIGITAL,XR Track
Optilab,Optilab 06 de abril a 31 de julho de 2026,VARILUX® XR SERIES,Progressiva,multifocal,67e958dc-5a28-4746-803d-829484ba2ae3,Orma,VARILUX® XR SERIES DIGITAL XR Track Orma,multifocal,Resina,1.50,false,false,true,6169.00,Pagina 12,Crizal Rock,Antirreflexo,final,6519.00,6519.00,-10.00,6.00,0.00,-6.00,1.00,3.50,DIGITAL,XR Track
Optilab,Optilab 06 de abril a 31 de julho de 2026,VARILUX® XR SERIES,Progressiva,multifocal,67e958dc-5a28-4746-803d-829484ba2ae3,Orma,VARILUX® XR SERIES DIGITAL XR Track Orma,multifocal,Resina,1.50,false,false,true,6169.00,Pagina 12,Crizal Sapphire HR,Antirreflexo,final,6789.00,6789.00,-10.00,6.00,0.00,-6.00,1.00,3.50,DIGITAL,XR Track
Optilab,Optilab 06 de abril a 31 de julho de 2026,VARILUX® XR SERIES,Progressiva,multifocal,67e958dc-5a28-4746-803d-829484ba2ae3,Orma,VARILUX® XR SERIES DIGITAL XR Track Orma,multifocal,Resina,1.50,false,false,true,6169.00,Pagina 12,Optifog,Antirreflexo,final,6409.00,6409.00,-10.00,6.00,0.00,-6.00,1.00,3.50,DIGITAL,XR Track
Optilab,Optilab 06 de abril a 31 de julho de 2026,VARILUX® XR SERIES,Progressiva,multifocal,44d184b2-0a1d-4808-99cf-bca9fadf737a,Orma + Coloração especial,VARILUX® XR SERIES DIGITAL XR Track Orma + Coloração especial,multifocal,Resina,1.50,false,false,true,6059.00,Pagina 12,Crizal Rock,Antirreflexo,final,6059.00,6059.00,-10.00,6.00,0.00,-6.00,1.00,3.50,DIGITAL,XR Track
Optilab,Optilab 06 de abril a 31 de julho de 2026,VARILUX® XR SERIES,Progressiva,multifocal,cc8e9d7b-115c-4ffe-89db-f7c7afe2346e,Orma + Transitions Extractive,VARILUX® XR SERIES DIGITAL XR Track Orma + Transitions Extractive,multifocal,Resina,1.50,false,false,true,7749.00,Pagina 12,Crizal Easy Pro,Antirreflexo,final,7749.00,7749.00,-10.00,6.00,0.00,-6.00,1.00,3.50,DIGITAL,XR Track
Optilab,Optilab 06 de abril a 31 de julho de 2026,VARILUX® XR SERIES,Progressiva,multifocal,cc8e9d7b-115c-4ffe-89db-f7c7afe2346e,Orma + Transitions Extractive,VARILUX® XR SERIES DIGITAL XR Track Orma + Transitions Extractive,multifocal,Resina,1.50,false,false,true,7749.00,Pagina 12,Crizal Prevencia,Antirreflexo,final,8369.00,8369.00,-10.00,6.00,0.00,-6.00,1.00,3.50,DIGITAL,XR Track
Optilab,Optilab 06 de abril a 31 de julho de 2026,VARILUX® XR SERIES,Progressiva,multifocal,cc8e9d7b-115c-4ffe-89db-f7c7afe2346e,Orma + Transitions Extractive,VARILUX® XR SERIES DIGITAL XR Track Orma + Transitions Extractive,multifocal,Resina,1.50,false,false,true,7749.00,Pagina 12,Crizal Rock,Antirreflexo,final,8099.00,8099.00,-10.00,6.00,0.00,-6.00,1.00,3.50,DIGITAL,XR Track
Optilab,Optilab 06 de abril a 31 de julho de 2026,VARILUX® XR SERIES,Progressiva,multifocal,cc8e9d7b-115c-4ffe-89db-f7c7afe2346e,Orma + Transitions Extractive,VARILUX® XR SERIES DIGITAL XR Track Orma + Transitions Extractive,multifocal,Resina,1.50,false,false,true,7749.00,Pagina 12,Crizal Sapphire HR,Antirreflexo,final,8369.00,8369.00,-10.00,6.00,0.00,-6.00,1.00,3.50,DIGITAL,XR Track
Optilab,Optilab 06 de abril a 31 de julho de 2026,VARILUX® XR SERIES,Progressiva,multifocal,cc8e9d7b-115c-4ffe-89db-f7c7afe2346e,Orma + Transitions Extractive,VARILUX® XR SERIES DIGITAL XR Track Orma + Transitions Extractive,multifocal,Resina,1.50,false,false,true,7749.00,Pagina 12,Optifog,Antirreflexo,final,7989.00,7989.00,-10.00,6.00,0.00,-6.00,1.00,3.50,DIGITAL,XR Track
Optilab,Optilab 06 de abril a 31 de julho de 2026,VARILUX® XR SERIES,Progressiva,multifocal,caa30d7c-a7cd-44bb-ab24-a0654e1ff3b6,Orma + Transitions Gen S,VARILUX® XR SERIES DIGITAL XR Track Orma + Transitions Gen S,multifocal,Resina,1.50,false,false,true,7689.00,Pagina 12,Crizal Easy Pro,Antirreflexo,final,7689.00,7689.00,-10.00,6.00,0.00,-6.00,1.00,3.50,DIGITAL,XR Track
Optilab,Optilab 06 de abril a 31 de julho de 2026,VARILUX® XR SERIES,Progressiva,multifocal,caa30d7c-a7cd-44bb-ab24-a0654e1ff3b6,Orma + Transitions Gen S,VARILUX® XR SERIES DIGITAL XR Track Orma + Transitions Gen S,multifocal,Resina,1.50,false,false,true,7689.00,Pagina 12,Crizal Prevencia,Antirreflexo,final,8309.00,8309.00,-10.00,6.00,0.00,-6.00,1.00,3.50,DIGITAL,XR Track
Optilab,Optilab 06 de abril a 31 de julho de 2026,VARILUX® XR SERIES,Progressiva,multifocal,caa30d7c-a7cd-44bb-ab24-a0654e1ff3b6,Orma + Transitions Gen S,VARILUX® XR SERIES DIGITAL XR Track Orma + Transitions Gen S,multifocal,Resina,1.50,false,false,true,7689.00,Pagina 12,Crizal Rock,Antirreflexo,final,8039.00,8039.00,-10.00,6.00,0.00,-6.00,1.00,3.50,DIGITAL,XR Track
Optilab,Optilab 06 de abril a 31 de julho de 2026,VARILUX® XR SERIES,Progressiva,multifocal,caa30d7c-a7cd-44bb-ab24-a0654e1ff3b6,Orma + Transitions Gen S,VARILUX® XR SERIES DIGITAL XR Track Orma + Transitions Gen S,multifocal,Resina,1.50,false,false,true,7689.00,Pagina 12,Crizal Sapphire HR,Antirreflexo,final,8309.00,8309.00,-10.00,6.00,0.00,-6.00,1.00,3.50,DIGITAL,XR Track
Optilab,Optilab 06 de abril a 31 de julho de 2026,VARILUX® XR SERIES,Progressiva,multifocal,caa30d7c-a7cd-44bb-ab24-a0654e1ff3b6,Orma + Transitions Gen S,VARILUX® XR SERIES DIGITAL XR Track Orma + Transitions Gen S,multifocal,Resina,1.50,false,false,true,7689.00,Pagina 12,Optifog,Antirreflexo,final,7929.00,7929.00,-10.00,6.00,0.00,-6.00,1.00,3.50,DIGITAL,XR Track
Optilab,Optilab 06 de abril a 31 de julho de 2026,VARILUX® XR SERIES,Progressiva,multifocal,37d8e0ab-a084-4af7-9686-3e0705ad07e6,Orma + Xperio cinza/marrom,VARILUX® XR SERIES DIGITAL XR Track Orma + Xperio cinza/marrom,multifocal,Resina,1.50,false,false,true,6459.00,Pagina 12,Crizal Prevencia,Antirreflexo,final,7119.00,7119.00,-10.00,6.00,0.00,-6.00,1.00,3.50,DIGITAL,XR Track
Optilab,Optilab 06 de abril a 31 de julho de 2026,VARILUX® XR SERIES,Progressiva,multifocal,37d8e0ab-a084-4af7-9686-3e0705ad07e6,Orma + Xperio cinza/marrom,VARILUX® XR SERIES DIGITAL XR Track Orma + Xperio cinza/marrom,multifocal,Resina,1.50,false,false,true,6459.00,Pagina 12,Crizal Rock,Antirreflexo,final,6459.00,6459.00,-10.00,6.00,0.00,-6.00,1.00,3.50,DIGITAL,XR Track
Optilab,Optilab 06 de abril a 31 de julho de 2026,VARILUX® XR SERIES,Progressiva,multifocal,37d8e0ab-a084-4af7-9686-3e0705ad07e6,Orma + Xperio cinza/marrom,VARILUX® XR SERIES DIGITAL XR Track Orma + Xperio cinza/marrom,multifocal,Resina,1.50,false,false,true,6459.00,Pagina 12,Crizal Sapphire HR,Antirreflexo,final,7099.00,7099.00,-10.00,6.00,0.00,-6.00,1.00,3.50,DIGITAL,XR Track
Optilab,Optilab 06 de abril a 31 de julho de 2026,VARILUX® XR SERIES,Progressiva,multifocal,7567faaf-b059-4be0-a888-77bc60816806,Stylis 1.67,VARILUX® XR SERIES DIGITAL XR Track Stylis 1.67,multifocal,Resina High Index,1.67,false,false,true,9369.00,Pagina 12,Crizal Easy Pro,Antirreflexo,final,9369.00,9369.00,-12.00,9.00,0.00,-6.00,1.00,3.50,DIGITAL,XR Track
Optilab,Optilab 06 de abril a 31 de julho de 2026,VARILUX® XR SERIES,Progressiva,multifocal,7567faaf-b059-4be0-a888-77bc60816806,Stylis 1.67,VARILUX® XR SERIES DIGITAL XR Track Stylis 1.67,multifocal,Resina High Index,1.67,false,false,true,9369.00,Pagina 12,Crizal Prevencia,Antirreflexo,final,9989.00,9989.00,-12.00,9.00,0.00,-6.00,1.00,3.50,DIGITAL,XR Track
Optilab,Optilab 06 de abril a 31 de julho de 2026,VARILUX® XR SERIES,Progressiva,multifocal,7567faaf-b059-4be0-a888-77bc60816806,Stylis 1.67,VARILUX® XR SERIES DIGITAL XR Track Stylis 1.67,multifocal,Resina High Index,1.67,false,false,true,9369.00,Pagina 12,Crizal Rock,Antirreflexo,final,9719.00,9719.00,-12.00,9.00,0.00,-6.00,1.00,3.50,DIGITAL,XR Track
Optilab,Optilab 06 de abril a 31 de julho de 2026,VARILUX® XR SERIES,Progressiva,multifocal,7567faaf-b059-4be0-a888-77bc60816806,Stylis 1.67,VARILUX® XR SERIES DIGITAL XR Track Stylis 1.67,multifocal,Resina High Index,1.67,false,false,true,9369.00,Pagina 12,Crizal Sapphire HR,Antirreflexo,final,9989.00,9989.00,-12.00,9.00,0.00,-6.00,1.00,3.50,DIGITAL,XR Track
Optilab,Optilab 06 de abril a 31 de julho de 2026,VARILUX® XR SERIES,Progressiva,multifocal,7567faaf-b059-4be0-a888-77bc60816806,Stylis 1.67,VARILUX® XR SERIES DIGITAL XR Track Stylis 1.67,multifocal,Resina High Index,1.67,false,false,true,9369.00,Pagina 12,Optifog,Antirreflexo,final,9609.00,9609.00,-12.00,9.00,0.00,-6.00,1.00,3.50,DIGITAL,XR Track
Optilab,Optilab 06 de abril a 31 de julho de 2026,VARILUX® XR SERIES,Progressiva,multifocal,fc85d864-e67e-44eb-ad88-53d54e0f6c80,Stylis 1.67 + Transitions Extractive,VARILUX® XR SERIES DIGITAL XR Track Stylis 1.67 + Transitions Extractive,multifocal,Resina High Index,1.67,false,false,true,10949.00,Pagina 12,Crizal Easy Pro,Antirreflexo,final,10949.00,10949.00,-12.00,9.00,0.00,-6.00,1.00,3.50,DIGITAL,XR Track
Optilab,Optilab 06 de abril a 31 de julho de 2026,VARILUX® XR SERIES,Progressiva,multifocal,fc85d864-e67e-44eb-ad88-53d54e0f6c80,Stylis 1.67 + Transitions Extractive,VARILUX® XR SERIES DIGITAL XR Track Stylis 1.67 + Transitions Extractive,multifocal,Resina High Index,1.67,false,false,true,10949.00,Pagina 12,Crizal Prevencia,Antirreflexo,final,11569.00,11569.00,-12.00,9.00,0.00,-6.00,1.00,3.50,DIGITAL,XR Track
Optilab,Optilab 06 de abril a 31 de julho de 2026,VARILUX® XR SERIES,Progressiva,multifocal,fc85d864-e67e-44eb-ad88-53d54e0f6c80,Stylis 1.67 + Transitions Extractive,VARILUX® XR SERIES DIGITAL XR Track Stylis 1.67 + Transitions Extractive,multifocal,Resina High Index,1.67,false,false,true,10949.00,Pagina 12,Crizal Rock,Antirreflexo,final,11299.00,11299.00,-12.00,9.00,0.00,-6.00,1.00,3.50,DIGITAL,XR Track
Optilab,Optilab 06 de abril a 31 de julho de 2026,VARILUX® XR SERIES,Progressiva,multifocal,fc85d864-e67e-44eb-ad88-53d54e0f6c80,Stylis 1.67 + Transitions Extractive,VARILUX® XR SERIES DIGITAL XR Track Stylis 1.67 + Transitions Extractive,multifocal,Resina High Index,1.67,false,false,true,10949.00,Pagina 12,Crizal Sapphire HR,Antirreflexo,final,11569.00,11569.00,-12.00,9.00,0.00,-6.00,1.00,3.50,DIGITAL,XR Track
Optilab,Optilab 06 de abril a 31 de julho de 2026,VARILUX® XR SERIES,Progressiva,multifocal,fc85d864-e67e-44eb-ad88-53d54e0f6c80,Stylis 1.67 + Transitions Extractive,VARILUX® XR SERIES DIGITAL XR Track Stylis 1.67 + Transitions Extractive,multifocal,Resina High Index,1.67,false,false,true,10949.00,Pagina 12,Optifog,Antirreflexo,final,11189.00,11189.00,-12.00,9.00,0.00,-6.00,1.00,3.50,DIGITAL,XR Track
Optilab,Optilab 06 de abril a 31 de julho de 2026,VARILUX® XR SERIES,Progressiva,multifocal,07d17f1e-12a5-4755-9dec-a40a41ed9eef,Stylis 1.67 + Transitions Gen S,VARILUX® XR SERIES DIGITAL XR Track Stylis 1.67 + Transitions Gen S,multifocal,Resina High Index,1.67,false,false,true,10889.00,Pagina 12,Crizal Easy Pro,Antirreflexo,final,10889.00,10889.00,-12.00,9.00,0.00,-6.00,1.00,3.50,DIGITAL,XR Track
Optilab,Optilab 06 de abril a 31 de julho de 2026,VARILUX® XR SERIES,Progressiva,multifocal,07d17f1e-12a5-4755-9dec-a40a41ed9eef,Stylis 1.67 + Transitions Gen S,VARILUX® XR SERIES DIGITAL XR Track Stylis 1.67 + Transitions Gen S,multifocal,Resina High Index,1.67,false,false,true,10889.00,Pagina 12,Crizal Prevencia,Antirreflexo,final,11509.00,11509.00,-12.00,9.00,0.00,-6.00,1.00,3.50,DIGITAL,XR Track
Optilab,Optilab 06 de abril a 31 de julho de 2026,VARILUX® XR SERIES,Progressiva,multifocal,07d17f1e-12a5-4755-9dec-a40a41ed9eef,Stylis 1.67 + Transitions Gen S,VARILUX® XR SERIES DIGITAL XR Track Stylis 1.67 + Transitions Gen S,multifocal,Resina High Index,1.67,false,false,true,10889.00,Pagina 12,Crizal Rock,Antirreflexo,final,11239.00,11239.00,-12.00,9.00,0.00,-6.00,1.00,3.50,DIGITAL,XR Track
Optilab,Optilab 06 de abril a 31 de julho de 2026,VARILUX® XR SERIES,Progressiva,multifocal,07d17f1e-12a5-4755-9dec-a40a41ed9eef,Stylis 1.67 + Transitions Gen S,VARILUX® XR SERIES DIGITAL XR Track Stylis 1.67 + Transitions Gen S,multifocal,Resina High Index,1.67,false,false,true,10889.00,Pagina 12,Crizal Sapphire HR,Antirreflexo,final,11509.00,11509.00,-12.00,9.00,0.00,-6.00,1.00,3.50,DIGITAL,XR Track
Optilab,Optilab 06 de abril a 31 de julho de 2026,VARILUX® XR SERIES,Progressiva,multifocal,07d17f1e-12a5-4755-9dec-a40a41ed9eef,Stylis 1.67 + Transitions Gen S,VARILUX® XR SERIES DIGITAL XR Track Stylis 1.67 + Transitions Gen S,multifocal,Resina High Index,1.67,false,false,true,10889.00,Pagina 12,Optifog,Antirreflexo,final,11129.00,11129.00,-12.00,9.00,0.00,-6.00,1.00,3.50,DIGITAL,XR Track
Optilab,Optilab 06 de abril a 31 de julho de 2026,VARILUX® XR SERIES,Progressiva,multifocal,296e5cff-a506-446d-a2e8-5dbf0da2e684,Stylis 1.74,VARILUX® XR SERIES DIGITAL XR Track Stylis 1.74,multifocal,Resina High Index,1.74,false,false,true,11859.00,Pagina 12,Crizal Sapphire HR,Antirreflexo,final,11859.00,11859.00,-14.00,13.00,0.00,-6.00,1.00,3.50,DIGITAL,XR Track
Optilab,Optilab 06 de abril a 31 de julho de 2026,VARILUX® XR SERIES,Progressiva,multifocal,c561dd7d-b0ce-4797-b22a-4af7248aba2c,Stylis 1.74 + Transitions Gen S,VARILUX® XR SERIES DIGITAL XR Track Stylis 1.74 + Transitions Gen S,multifocal,Resina High Index,1.74,false,false,true,13379.00,Pagina 12,Crizal Sapphire HR,Antirreflexo,final,13379.00,13379.00,-14.00,13.00,0.00,-6.00,1.00,3.50,DIGITAL,XR Track